#BLTrackFile NTuple/Z25
#x y z Px Py Pz t PDGid EventID TrackID ParentID Weight
#mm mm mm MeV/c MeV/c MeV/c ns - - - - -
-0.885869 -2.84174 25.4558 -12.4998 -7.24778 71.3294 -1.03844 -13 1 1 0 1
4.3223 3.9158 25.4558 2.3961 -1.69048 81.0027 0.0740605 -13 2 1 0 1
0.566884 -0.348393 25.4558 -5.42158 -2.46834 71.148 1.01628 -13 3 1 0 1
-0.294413 -2.59848 25.4558 -15.8769 -3.61131 76.6235 0.469074 -13 4 1 0 1
-3.65672 1.38046 25.4558 -12.5279 -1.34681 59.1779 0.611693 -13 5 1 0 1
0.162354 -1.4891 25.4558 -8.80823 -1.60026 74.3734 -0.657453 -13 6 1 0 1
-0.900613 -2.18433 25.4558 -1.68168 -6.11019 60.4463 -0.770892 -13 7 1 0 1
-5.09577 -1.84125 25.4558 -10.5843 3.50941 44.4881 0.0545057 -13 8 1 0 1
1.39491 2.25977 25.4558 3.69007 11.28 63.028 1.22427 -13 9 1 0 1
0.290349 -2.73803 25.4558 0.522166 -5.74182 66.4963 0.808884 -13 10 1 0 1
2.2915 2.68844 25.4558 1.89336 9.99575 71.4637 -0.401995 -13 11 1 0 1
-2.43457 -0.949261 25.4558 -8.13881 -7.93065 59.1084 1.80459 -13 12 1 0 1
0.908422 2.92043 25.4558 6.41103 5.07227 38.3235 -0.739705 -13 13 1 0 1
2.99833 -3.69261 25.4558 8.503 -6.10345 67.4382 -1.4094 -13 14 1 0 1
0.955067 -2.28838 25.4558 1.84 -8.08671 66.7771 1.59919 -13 15 1 0 1
5.50139 -4.4254 25.4558 16.4821 -18.5705 55.5025 2.25911 -13 16 1 0 1
-1.79862 1.77806 25.4558 -8.3225 11.6889 62.4653 -0.535688 -13 17 1 0 1
-3.46013 -1.19163 25.4558 -7.11294 -8.70865 50.898 1.52226 -13 18 1 0 1
-3.62146 0.632049 25.4558 -18.7714 6.77204 62.4661 0.245249 -13 19 1 0 1
0.163858 -2.90433 25.4558 -0.798409 -9.25852 63.8134 3.07417 -13 20 1 0 1
-2.90343 -1.59891 25.4558 -6.7073 3.40363 55.6678 -1.06719 -13 22 1 0 1
-6.33821 3.98163 25.4558 -9.36386 7.11996 31.7648 0.649735 -13 23 1 0 1
-4.7509 2.4462 25.4558 -13.7607 8.50249 51.7387 0.819025 -13 24 1 0 1
1.667 -2.86434 25.4558 0.914397 -4.04828 70.4868 0.418698 -13 25 1 0 1
-0.0620036 0.297254 25.4558 -3.07681 2.71303 68.2766 -0.00364173 -13 26 1 0 1
0.411583 -3.04422 25.4558 -0.604025 0.930156 66.371 1.58531 -13 27 1 0 1
1.41918 -3.245 25.4558 -1.78582 -13.8806 72.4615 0.387179 -13 28 1 0 1
-0.845565 -0.0455059 25.4558 -7.08676 7.07425 66.2932 1.14284 -13 30 1 0 1
0.246163 -0.561607 25.4558 -6.79433 2.0981 71.3246 -0.143937 -13 31 1 0 1
-2.32441 0.416783 25.4558 -7.7627 2.05447 60.95 -0.36058 -13 32 1 0 1
-2.15171 -1.75672 25.4558 0.537804 -0.174454 15.9567 1.14952 -13 33 1 0 1
-3.19735 -1.32114 25.4558 -15.8142 0.149948 64.0303 -0.483087 -13 34 1 0 1
-3.82753 -4.0718 25.4558 -23.5411 -13.0394 68.0436 2.32247 -13 35 1 0 1
-0.73934 -0.650562 25.4558 -4.87135 7.65624 65.5321 -0.977962 -13 36 1 0 1
1.96689 -0.581793 25.4558 -4.53887 -8.86604 79.1403 -1.32569 -13 37 1 0 1
-0.876312 -2.06313 25.4558 -2.26343 -12.1229 59.2738 1.5803 -13 38 1 0 1
-1.52655 1.62765 25.4558 -3.96836 5.85116 53.103 0.885463 -13 40 1 0 1
1.37244 4.30197 25.4558 4.40326 12.8302 61.1257 -0.0285145 -13 41 1 0 1
0.0793338 1.35256 25.4558 -4.60321 -2.63935 67.9554 1.37922 -13 42 1 0 1
0.307904 -0.501577 25.4558 -18.7536 -3.62281 77.7084 0.43854 -13 43 1 0 1
-0.0389565 1.53437 25.4558 3.30659 2.18979 56.4007 0.769073 -13 44 1 0 1
0.551891 -1.78862 25.4558 -3.11904 -7.0205 67.6037 0.524037 -13 46 1 0 1
-0.442428 4.67411 25.4558 -1.25651 7.88963 59.1895 1.05266 -13 47 1 0 1
-0.689322 0.148365 25.4558 -7.25525 11.8231 65.736 0.820779 -13 48 1 0 1
0.669874 -0.693167 25.4558 -2.65251 -19.2335 68.1947 -0.426581 -13 49 1 0 1
-1.03768 -0.447089 25.4558 4.24311 1.98691 42.128 -0.53543 -13 50 1 0 1
1.9255 2.9504 25.4558 -1.04152 4.83841 72.6464 -0.175377 -13 51 1 0 1
-3.2073 1.98376 25.4558 -6.93694 9.41625 52.8657 0.206575 -13 52 1 0 1
-0.208321 2.17061 25.4558 3.36117 4.21509 56.657 -2.23225 -13 53 1 0 1
-1.80427 3.46923 25.4558 1.09192 5.6862 41.9384 0.138524 -13 54 1 0 1
-0.295117 -0.174763 25.4558 -8.60718 -5.11308 69.9205 1.02284 -13 55 1 0 1
3.28614 2.1132 25.4558 11.342 8.5803 60.8954 -0.85997 -13 56 1 0 1
0.156282 -0.86906 25.4558 1.7016 2.15491 63.5749 -0.292028 -13 58 1 0 1
0.632135 -2.16578 25.4558 -1.17025 -9.64772 67.355 2.0744 -13 59 1 0 1
0.2966 2.57761 25.4558 3.1483 16.1184 55.5693 0.373526 -13 60 1 0 1
-1.45244 0.322002 25.4558 -6.1018 5.84181 62.3545 -0.73112 -13 61 1 0 1
0.42411 -1.52819 25.4558 -3.01729 1.94121 69.623 -0.437106 -13 62 1 0 1
-0.801656 -1.86141 25.4558 1.5221 -4.70222 33.6345 0.280559 -13 63 1 0 1
-0.370438 -0.463202 25.4558 -1.09304 0.0470905 60.553 0.248564 -13 64 1 0 1
0.72749 1.16246 25.4558 1.09303 0.817205 65.6338 -1.33463 -13 65 1 0 1
0.824951 0.848783 25.4558 -2.08523 1.37013 71.3298 0.562171 -13 66 1 0 1
-0.078229 -2.1564 25.4558 1.54172 -2.20843 61.0449 -0.567042 -13 67 1 0 1
-1.06941 4.94268 25.4558 0.991356 10.9608 53.0068 -0.846008 -13 68 1 0 1
-1.63056 -1.13295 25.4558 -6.07381 -6.02923 62.4265 0.105962 -13 69 1 0 1
1.1733 1.29318 25.4558 -10.0798 -10.9382 79.4032 0.340317 -13 70 1 0 1
-1.64117 2.16592 25.4558 -2.25501 0.332261 60.3539 -1.34852 -13 71 1 0 1
1.83575 4.79101 25.4558 4.72032 11.0352 64.3024 1.22746 -13 72 1 0 1
0.301901 1.8343 25.4558 -8.39393 -1.16538 73.6571 -0.798604 -13 73 1 0 1
-0.3753 2.1209 25.4558 0.758766 9.09471 58.131 0.375553 -13 74 1 0 1
1.61865 2.22626 25.4558 -3.04815 5.84023 74.7071 -2.74618 -13 75 1 0 1
5.25524 0.727187 25.4558 3.21017 2.06113 79.7624 -1.60286 -13 76 1 0 1
-1.84688 2.48408 25.4558 -5.73205 -0.414483 56.0176 2.50383 -13 77 1 0 1
-1.79875 1.14998 25.4558 -6.08428 -0.505426 59.3776 -0.642562 -13 78 1 0 1
0.0804915 -0.461343 25.4558 -0.98441 -3.76036 62.6086 1.5563 -13 79 1 0 1
1.17116 -3.15075 25.4558 -3.08811 -7.52575 71.7316 0.171135 -13 80 1 0 1
1.32938 -0.85776 25.4558 -1.44942 11.4798 69.3534 0.201549 -13 81 1 0 1
-0.297884 -1.1584 25.4558 0.953445 -0.617126 62.5751 1.34127 -13 82 1 0 1
-2.23451 2.77022 25.4558 -12.9215 18.959 65.6292 0.155417 -13 83 1 0 1
-3.96068 0.149235 25.4558 -18.1656 -0.748221 60.1154 0.277908 -13 84 1 0 1
1.66744 0.518492 25.4558 -0.923088 -1.03395 75.5296 1.27349 -13 85 1 0 1
0.952638 1.53755 25.4558 0.133821 -8.43621 67.7774 -0.0492225 -13 86 1 0 1
-2.34738 -1.97252 25.4558 -1.33492 -9.8836 49.1816 0.983759 -13 87 1 0 1
-0.980022 -1.57141 25.4558 -7.83033 -5.72191 67.3114 -0.266046 -13 88 1 0 1
0.444642 -1.993 25.4558 0.868251 -0.713735 61.874 -0.435704 -13 89 1 0 1
-0.0496969 1.65337 25.4558 -1.4128 5.28496 65.4127 -0.0421699 -13 90 1 0 1
-3.14007 -0.349361 25.4558 -12.3276 -3.38266 62.6752 1.01959 -13 91 1 0 1
0.0303042 0.244596 25.4558 5.30608 1.01067 54.8056 0.127424 -13 92 1 0 1
0.00787596 1.42433 25.4558 2.8564 0.550174 59.0022 0.977255 -13 93 1 0 1
-1.0462 5.32524 25.4558 -1.19626 17.5869 52.2386 -1.19453 -13 94 1 0 1
1.21003 0.317206 25.4558 0.26022 4.85654 70.1459 0.210423 -13 95 1 0 1
-0.251462 0.847566 25.4558 -1.27194 10.6221 60.2196 -1.6623 -13 96 1 0 1
-1.83987 -2.79118 25.4558 -1.41411 0.526241 56.6618 -0.888747 -13 97 1 0 1
-0.141876 -2.15968 25.4558 -3.04628 -0.915522 67.0988 0.586971 -13 98 1 0 1
-1.2702 2.50501 25.4558 -5.7921 10.2904 62.3668 0.65495 -13 99 1 0 1
1.50645 -3.15151 25.4558 2.59537 -3.69543 67.0806 -0.717392 -13 100 1 0 1
2.70832 1.06872 25.4558 6.94357 -0.517508 68.1033 -0.516385 -13 101 1 0 1
1.11172 0.939808 25.4558 0.203962 2.34703 67.0405 0.0698178 -13 102 1 0 1
2.65398 -3.05763 25.4558 9.5777 1.25416 61.286 -2.29237 -13 103 1 0 1
1.15938 0.492512 25.4558 1.46763 -3.7266 67.1931 -0.148838 -13 104 1 0 1
-2.06374 -1.7224 25.4558 -5.43243 7.71037 59.6085 -1.30476 -13 105 1 0 1
-3.20357 -1.0044 25.4558 -12.1875 -4.37094 58.4654 0.435143 -13 106 1 0 1
0.384041 -1.30365 25.4558 -4.8552 -6.84228 69.8906 -0.893496 -13 107 1 0 1
1.62079 -0.512177 25.4558 6.08538 8.60113 62.8387 -0.653632 -13 108 1 0 1
-0.00788956 0.0303493 25.4558 -2.31368 2.3451 67.3496 1.15244 -13 109 1 0 1
0.296904 0.204023 25.4558 -8.82974 3.14992 71.9297 -0.101594 -13 110 1 0 1
0.434996 -2.98019 25.4558 -10.3102 -4.71668 76.3092 -0.138966 -13 111 1 0 1
1.06952 1.26309 25.4558 3.02661 -1.06036 56.0902 -1.69501 -13 112 1 0 1
-0.569599 2.18338 25.4558 0.950253 6.65494 54.2878 0.93555 -13 113 1 0 1
1.21831 -2.21276 25.4558 5.06737 -11.2794 61.8875 0.0943797 -13 114 1 0 1
0.311892 1.16679 25.4558 6.72384 1.97539 49.0158 -0.0100689 -13 115 1 0 1
-0.9963 -0.551223 25.4558 -13.1129 -3.16735 71.1415 0.669587 -13 116 1 0 1
-1.22725 -0.529563 25.4558 -2.95496 1.7455 55.0027 -0.197118 -13 117 1 0 1
-0.996646 2.61866 25.4558 3.78734 -2.9013 46.9039 -0.266047 -13 118 1 0 1
2.18648 -0.372085 25.4558 3.95945 2.62849 69.8749 0.656148 -13 119 1 0 1
-3.3159 -0.81241 25.4558 -7.801 -0.00558023 48.8244 -0.0266166 -13 120 1 0 1
0.65002 -4.36119 25.4558 2.22485 -6.73617 60.7137 1.67798 -13 121 1 0 1
0.303548 -2.17008 25.4558 -10.0661 -5.34469 76.228 0.773997 -13 122 1 0 1
0.323094 -3.07989 25.4558 -3.96201 -10.5468 70.2431 0.901084 -13 123 1 0 1
2.58059 -0.238359 25.4558 12.0434 1.74214 57.0847 0.443495 -13 124 1 0 1
-3.29252 -3.86636 25.4558 -11.6922 -16.2972 57.1118 -1.37482 -13 125 1 0 1
1.70937 1.6086 25.4558 -7.31004 -5.41326 78.341 1.0923 -13 126 1 0 1
-0.380973 3.9036 25.4558 -0.747315 9.33816 59.176 -0.950681 -13 127 1 0 1
-1.04656 0.375326 25.4558 -4.93294 -7.71591 63.2353 0.472379 -13 128 1 0 1
2.8951 1.51253 25.4558 12.0267 7.33857 57.7436 -0.329611 -13 129 1 0 1
0.196997 -2.51933 25.4558 5.1056 -0.160383 49.8771 0.736887 -13 130 1 0 1
1.44778 0.574096 25.4558 -0.050134 2.64901 69.0382 -0.325764 -13 131 1 0 1
-1.80429 0.908687 25.4558 -16.6253 1.07463 71.8123 1.43101 -13 132 1 0 1
1.59436 0.475943 25.4558 5.95504 -0.668085 63.7194 -1.19668 -13 133 1 0 1
3.40109 0.470945 25.4558 4.52777 0.972527 75.4803 0.531998 -13 134 1 0 1
1.62514 2.57195 25.4558 -0.0506724 1.77516 69.8282 0.979741 -13 135 1 0 1
1.8494 2.88977 25.4558 9.22141 3.81121 55.3248 0.171625 -13 136 1 0 1
-2.00858 0.754779 25.4558 -8.31052 0.639143 62.1765 1.63401 -13 137 1 0 1
-1.77056 2.56309 25.4558 -4.01771 11.4564 54.6639 0.426029 -13 140 1 0 1
-1.53106 -0.513404 25.4558 -1.01982 4.76168 51.8669 0.00464141 -13 141 1 0 1
2.25529 -0.566196 25.4558 7.76185 6.20393 64.1979 2.03763 -13 142 1 0 1
-1.42428 -0.839504 25.4558 -11.9684 -6.0525 68.4461 -0.739831 -13 143 1 0 1
2.47693 0.467983 25.4558 4.29027 -3.58814 71.6427 3.02281 -13 144 1 0 1
-0.672397 -5.57942 25.4558 -0.612111 -16.962 53.8694 1.80719 -13 145 1 0 1
1.48259 -2.77153 25.4558 3.70995 -4.54479 65.7422 0.329265 -13 146 1 0 1
-0.491569 -0.47043 25.4558 -3.17283 -2.3459 64.9405 -1.10334 -13 147 1 0 1
-0.9294 -3.77832 25.4558 -9.02028 -6.65971 68.9898 0.351793 -13 148 1 0 1
1.29448 2.72187 25.4558 4.88551 7.32017 55.9103 -0.405718 -13 149 1 0 1
0.371458 1.95975 25.4558 -0.516603 11.368 65.0474 -0.0798285 -13 150 1 0 1
-0.284228 -1.80341 25.4558 0.200835 -9.49142 56.4022 1.2748 -13 151 1 0 1
0.24542 -0.234113 25.4558 0.358701 -2.50197 64.2478 2.20068 -13 152 1 0 1
-0.0295898 0.659557 25.4558 -3.5688 -7.47208 67.7659 -0.414721 -13 153 1 0 1
0.367186 -2.29803 25.4558 -12.9992 -12.0913 76.4948 -2.02008 -13 154 1 0 1
-1.61166 0.854869 25.4558 -9.41211 0.135039 65.833 -1.3881 -13 155 1 0 1
1.16532 -2.83526 25.4558 7.70228 -3.7856 45.5924 -0.502255 -13 156 1 0 1
-1.67882 -1.06511 25.4558 -6.51411 1.54832 61.6934 -0.0472813 -13 157 1 0 1
2.41281 2.49785 25.4558 -6.78226 3.01086 79.1688 1.37462 -13 158 1 0 1
-2.57404 2.75554 25.4558 -5.7088 5.38312 56.3906 -0.611222 -13 159 1 0 1
3.58293 -0.201255 25.4558 11.8005 -0.110873 63.0354 0.0256175 -13 160 1 0 1
2.51346 1.91426 25.4558 4.48788 -1.38898 70.3972 1.60324 -13 161 1 0 1
-5.59597 0.0484823 25.4558 -9.02036 -1.11376 35.1928 -0.533709 -13 162 1 0 1
-0.714884 -0.293719 25.4558 -8.65315 8.66357 69.3516 -1.67435 -13 163 1 0 1
1.69247 -0.696121 25.4558 4.11169 -10.4514 65.4196 0.0807791 -13 164 1 0 1
-4.40337 -1.32531 25.4558 -24.2088 -6.70767 65.7076 -0.20028 -13 166 1 0 1
2.08315 2.55529 25.4558 7.78488 10.3366 61.8563 0.617607 -13 167 1 0 1
1.84889 0.929879 25.4558 -10.36 9.4486 78.2187 1.1311 -13 168 1 0 1
2.0516 -0.446582 25.4558 8.06392 -6.32224 57.4419 -0.267113 -13 169 1 0 1
-1.07156 0.136152 25.4558 -8.64755 -2.9129 66.9831 -0.646202 -13 170 1 0 1
3.35917 -4.28656 25.4558 11.8195 -3.66297 40.0726 0.718689 -13 171 1 0 1
-1.61491 2.36237 25.4558 -2.84143 2.84791 56.3581 -0.380287 -13 172 1 0 1
0.534237 -1.99541 25.4558 4.67927 -8.59329 57.8932 0.153062 -13 173 1 0 1
-0.10099 3.85562 25.4558 -3.14753 3.45981 67.5106 0.260486 -13 174 1 0 1
-3.60101 -0.207333 25.4558 -5.29271 -6.60818 47.5015 -0.179165 -13 176 1 0 1
2.47339 -2.24205 25.4558 10.5442 -7.64818 50.372 -0.383474 -13 177 1 0 1
-1.30909 -2.36343 25.4558 -0.37129 -4.15244 52.1935 -0.588389 -13 178 1 0 1
2.49501 -1.35026 25.4558 5.01765 -14.1325 68.6018 -0.739208 -13 179 1 0 1
-0.0222725 -2.28843 25.4558 3.22915 -5.85737 51.9834 1.53583 -13 180 1 0 1
-3.97704 -0.565659 25.4558 -5.25548 -1.29176 36.9182 -1.48172 -13 181 1 0 1
-4.7375 0.301993 25.4558 -6.5445 3.4935 38.0283 -0.916567 -13 182 1 0 1
-0.000299045 0.580357 25.4558 5.97588 10.4294 41.6368 -0.00653368 -13 183 1 0 1
-3.9878 0.948748 25.4558 -13.8469 -3.85896 54.7697 0.0126465 -13 184 1 0 1
-2.38876 0.235914 25.4558 -7.37597 -4.37084 59.562 -0.781416 -13 185 1 0 1
-0.761337 0.657551 25.4558 2.41878 5.24471 42.4269 -0.676333 -13 186 1 0 1
0.987161 -1.89652 25.4558 -1.07995 4.52211 71.029 1.15113 -13 188 1 0 1
0.174155 -0.788155 25.4558 -15.2132 -5.77525 78.505 0.201942 -13 189 1 0 1
-3.42081 1.14258 25.4558 -10.5779 5.5423 58.1378 1.90665 -13 191 1 0 1
2.15697 -1.39265 25.4558 -7.63493 5.77349 79.8482 0.868035 -13 192 1 0 1
-4.51549 1.2762 25.4558 -5.34931 -3.64113 32.9832 -1.04025 -13 193 1 0 1
0.628278 1.74498 25.4558 -1.95197 14.3729 68.5424 -0.239924 -13 194 1 0 1
-0.424856 -0.134527 25.4558 -0.0923264 0.0833672 60.1477 2.25943 -13 195 1 0 1
4.73624 1.87593 25.4558 0.105203 -4.45059 80.597 2.59479 -13 196 1 0 1
-1.80454 2.5167 25.4558 -7.08233 8.6068 62.7244 -0.919639 -13 197 1 0 1
1.79512 0.0483584 25.4558 8.73442 0.859532 49.1705 -0.618285 -13 198 1 0 1
-4.18437 5.87219 25.4558 -11.7163 11.3086 55.426 -1.60694 -13 199 1 0 1
-2.13761 -2.41754 25.4558 -3.96184 -4.53823 50.4478 0.649695 -13 200 1 0 1
-2.10596 -0.22201 25.4558 -14.6113 -6.04417 68.2882 0.328126 -13 201 1 0 1
-3.19144 6.87134 25.4558 -11.0196 18.4996 53.351 -0.84824 -13 202 1 0 1
-0.731196 1.7724 25.4558 -2.92148 1.46017 61.8998 0.268577 -13 203 1 0 1
-1.65989 2.6853 25.4558 -2.11765 0.812505 49.7052 1.40601 -13 205 1 0 1
-1.43859 1.08839 25.4558 -26.5266 1.69707 73.4468 0.220632 -13 206 1 0 1
-3.32268 -2.68338 25.4558 -9.48246 -10.0777 56.0059 -1.07063 -13 207 1 0 1
-3.12126 0.14927 25.4558 -17.6315 1.82762 67.125 -0.277372 -13 208 1 0 1
-2.16905 2.10209 25.4558 1.45114 4.05985 17.8316 0.067483 -13 209 1 0 1
1.79084 -0.33373 25.4558 10.4873 2.79044 46.3461 -0.409861 -13 210 1 0 1
1.58985 4.05729 25.4558 8.04023 5.62381 41.7107 0.556584 -13 211 1 0 1
0.0640285 4.64691 25.4558 -9.19927 20.5059 70.9821 2.10539 -13 212 1 0 1
-4.1667 2.7386 25.4558 -14.0685 6.31467 57.3969 -1.32601 -13 213 1 0 1
0.163695 2.23577 25.4558 -8.39484 4.17085 75.0393 1.04924 -13 214 1 0 1
1.5491 0.771597 25.4558 -1.13074 -9.79831 71.9372 1.75824 -13 215 1 0 1
1.07873 0.0113933 25.4558 -1.61302 0.964002 69.8561 1.16027 -13 216 1 0 1
3.61978 -0.0703327 25.4558 13.2435 6.87499 43.419 -0.9815 -13 217 1 0 1
-2.43851 0.512101 25.4558 -12.6856 1.68395 63.3819 0.19546 -13 218 1 0 1
0.72403 -0.973192 25.4558 -7.66051 -4.2528 77.2176 0.0827634 -13 219 1 0 1
1.37208 1.60398 25.4558 -0.919189 0.447868 72.0213 2.42359 -13 220 1 0 1
0.35549 0.971127 25.4558 6.95902 -1.68219 55.2581 0.988546 -13 221 1 0 1
0.236931 1.72676 25.4558 -5.64665 9.92931 71.8538 -0.742407 -13 222 1 0 1
-3.01444 -1.15545 25.4558 -12.8872 2.42632 60.6095 1.05578 -13 223 1 0 1
-2.45464 -0.823413 25.4558 -9.12681 -0.165138 61.5672 -0.413021 -13 224 1 0 1
-0.669736 2.31856 25.4558 0.761387 10.5583 52.8325 -0.244851 -13 226 1 0 1
-2.21371 2.02257 25.4558 -8.3731 5.33497 61.2226 0.0851005 -13 227 1 0 1
2.45387 0.586226 25.4558 -3.84968 1.40947 78.2068 -1.84244 -13 228 1 0 1
-0.708121 2.20624 25.4558 -12.5152 0.890844 70.9263 0.315941 -13 229 1 0 1
-0.547824 -2.91636 25.4558 3.09918 -7.83717 45.1577 -0.325328 -13 230 1 0 1
3.8622 2.28063 25.4558 11.5364 18.4542 64.2285 1.29535 -13 231 1 0 1
4.50602 3.52624 25.4558 18.6399 12.7283 58.3542 0.919311 -13 232 1 0 1
-2.1795 0.218682 25.4558 -10.9805 -2.34842 64.3523 -1.40242 -13 233 1 0 1
10.3332 9.92496 25.4558 30.2579 31.5744 53.1734 -0.516785 -13 234 1 0 1
2.07301 0.272471 25.4558 -0.0940628 -8.28378 73.2645 0.355143 -13 235 1 0 1
-2.50274 0.337713 25.4558 -11.3692 -6.9804 63.5686 1.34384 -13 236 1 0 1
2.06316 -4.66933 25.4558 9.7169 -10.9539 52.6599 0.836704 -13 237 1 0 1
-0.446198 0.653847 25.4558 -2.44996 1.02617 62.504 0.158453 -13 238 1 0 1
-3.4785 -1.51788 25.4558 -21.4336 3.59622 67.0336 1.35488 -13 239 1 0 1
-0.311025 4.41152 25.4558 4.19108 13.5521 44.2721 -0.311152 -13 240 1 0 1
-0.62076 0.526758 25.4558 3.80212 1.73615 33.0741 0.783983 -13 241 1 0 1
-1.89268 1.41204 25.4558 -4.93867 -2.82154 58.2371 1.90365 -13 242 1 0 1
2.49675 -3.76293 25.4558 6.89738 -9.32963 67.9508 -0.029815 -13 243 1 0 1
1.9005 1.02416 25.4558 -2.60917 4.30689 75.6552 0.758878 -13 244 1 0 1
2.38245 -0.957909 25.4558 3.39096 9.14995 71.3119 -0.607981 -13 245 1 0 1
0.955109 -0.933138 25.4558 -1.67679 6.72409 70.5518 -0.109928 -13 246 1 0 1
-0.0784492 -2.93731 25.4558 -0.287032 -4.50607 60.8169 -0.2382 -13 247 1 0 1
-0.542346 -1.6599 25.4558 -5.89037 -5.90509 67.4078 0.765771 -13 248 1 0 1
4.06983 4.15967 25.4558 13.2002 4.34169 60.4939 -0.848873 -13 249 1 0 1
1.37786 -2.37498 25.4558 0.655687 -11.3746 68.0026 -1.40243 -13 250 1 0 1
1.6937 7.12521 25.4558 5.99655 13.256 61.2888 -0.924459 -13 251 1 0 1
1.53689 1.06733 25.4558 6.8193 -0.191747 63.4104 0.370298 -13 252 1 0 1
1.28682 1.47965 25.4558 -2.69857 14.5931 70.5579 -1.25289 -13 253 1 0 1
0.136336 0.538739 25.4558 4.06467 4.32197 56.2614 -0.403871 -13 254 1 0 1
1.59756 -1.16685 25.4558 -4.83624 3.33228 77.3906 0.0528924 -13 255 1 0 1
-2.33986 0.537929 25.4558 -4.54798 1.81464 51.9367 -0.840829 -13 256 1 0 1
-1.47924 -2.38933 25.4558 0.538241 -11.5816 44.6685 -0.170772 -13 257 1 0 1
-0.116995 0.879037 25.4558 -1.95815 -0.734326 63.1548 0.227546 -13 258 1 0 1
-0.255486 1.28689 25.4558 3.61211 -1.59537 56.8106 -1.07781 -13 259 1 0 1
-0.0332669 0.550802 25.4558 -6.79879 -5.91031 72.058 -0.193039 -13 260 1 0 1
-1.64727 1.97113 25.4558 -6.16484 6.40618 59.7481 -1.02514 -13 261 1 0 1
0.0832603 -0.886161 25.4558 2.33274 -1.10584 63.0017 2.2114 -13 262 1 0 1
1.82753 -1.67671 25.4558 6.58198 -6.0504 62.9191 -1.37323 -13 263 1 0 1
-1.47097 -0.86673 25.4558 -1.59903 -3.43487 50.5127 -0.111582 -13 264 1 0 1
2.15167 0.699633 25.4558 7.4421 7.17578 63.0441 0.80886 -13 265 1 0 1
1.59545 2.17852 25.4558 1.85136 2.2188 70.5124 0.698341 -13 266 1 0 1
-0.766086 3.17291 25.4558 -4.29921 1.34274 63.3443 -0.187765 -13 267 1 0 1
-1.80784 -0.370341 25.4558 -0.355624 3.74551 42.0084 -0.987826 -13 268 1 0 1
0.545586 3.34288 25.4558 -10.9014 2.75319 77.1915 0.590017 -13 269 1 0 1
-1.55184 1.18969 25.4558 -6.57791 -4.57269 63.2613 1.37333 -13 270 1 0 1
3.719 0.422509 25.4558 4.7206 -7.66755 77.3414 -0.716274 -13 271 1 0 1
-0.810692 -1.86625 25.4558 -3.67456 -10.2599 61.5397 1.70274 -13 272 1 0 1
-4.67628 2.12395 25.4558 -11.967 4.90305 52.1669 2.92996 -13 273 1 0 1
1.12531 -1.10614 25.4558 1.78169 3.36673 67.0769 -1.92036 -13 274 1 0 1
1.86513 0.408012 25.4558 6.92212 -4.72321 58.8674 -0.18407 -13 275 1 0 1
0.621682 -1.37167 25.4558 5.71088 -8.22343 57.081 1.29237 -13 277 1 0 1
-3.82124 0.0628303 25.4558 -13.5491 -0.184752 59.8216 1.6761 -13 278 1 0 1
-2.15396 1.80782 25.4558 -13.5562 -7.51898 67.2752 -2.35611 -13 279 1 0 1
0.944909 2.45199 25.4558 3.66638 5.55019 62.0704 0.352654 -13 280 1 0 1
0.468598 -2.01182 25.4558 -3.06276 -2.18173 66.44 -1.18122 -13 281 1 0 1
-1.75231 1.06557 25.4558 -1.44127 7.8015 47.5289 -0.718712 -13 282 1 0 1
0.404497 -3.01634 25.4558 4.91614 -9.39892 49.1464 -1.49017 -13 283 1 0 1
-2.56938 4.36533 25.4558 -5.11103 4.24176 52.6322 -0.238435 -13 284 1 0 1
-4.01628 0.582525 25.4558 -16.5863 7.20641 59.6257 -0.378206 -13 285 1 0 1
-1.8597 -5.53134 25.4558 -11.7947 -2.56467 68.2694 -1.34248 -13 286 1 0 1
-1.75471 1.96738 25.4558 -2.79162 -0.670748 51.5383 -1.49644 -13 287 1 0 1
2.54723 5.28407 25.4558 -3.18765 35.0424 71.1558 -0.165205 -13 288 1 0 1
0.852584 2.44444 25.4558 -8.31785 12.5901 76.8143 0.570278 -13 289 1 0 1
3.81205 0.288926 25.4558 13.8128 -2.02396 43.3715 0.276802 -13 290 1 0 1
2.43596 -0.437888 25.4558 -0.877703 -7.52806 75.1079 0.556206 -13 291 1 0 1
1.31176 0.924685 25.4558 -1.99349 8.51806 72.0584 -0.160317 -13 292 1 0 1
-5.36654 -1.00294 25.4558 -14.0688 7.0556 48.5539 2.17193 -13 293 1 0 1
5.15193 -1.29491 25.4558 14.2056 9.9467 69.1968 1.70295 -13 294 1 0 1
-1.165 -0.140715 25.4558 -6.72107 -2.76791 64.9713 0.189249 -13 295 1 0 1
-3.5012 1.24628 25.4558 -10.6103 3.79292 57.907 -0.16523 -13 296 1 0 1
1.31481 0.0192305 25.4558 7.55691 -4.564 53.6577 2.64883 -13 297 1 0 1
0.926227 1.58475 25.4558 0.438906 -1.28151 67.1349 -1.75804 -13 298 1 0 1
-6.20526 -1.6901 25.4558 -16.0279 4.55051 43.6108 2.85738 -13 299 1 0 1
-2.1558 3.20049 25.4558 -7.33453 5.99272 61.7569 -0.664256 -13 301 1 0 1
-2.13351 -0.26596 25.4558 -9.35283 7.56635 62.4476 0.340995 -13 302 1 0 1
-0.797167 -1.67076 25.4558 -3.16949 3.19997 61.9712 0.111162 -13 303 1 0 1
-0.181514 -0.0820761 25.4558 -3.85353 7.37873 65.2665 0.635011 -13 304 1 0 1
-5.60516 2.04993 25.4558 -10.4651 7.33408 41.5616 1.3166 -13 305 1 0 1
-0.809877 0.709377 25.4558 -5.90783 -3.32838 66.1661 -0.941178 -13 306 1 0 1
0.382159 -0.93635 25.4558 -4.39168 -18.4158 67.1111 -1.19758 -13 307 1 0 1
0.372608 -3.27224 25.4558 -6.88714 -14.5022 71.9934 0.183904 -13 308 1 0 1
-1.4675 0.996299 25.4558 -8.61652 4.42249 64.9604 -0.758595 -13 309 1 0 1
3.53463 -0.712178 25.4558 6.60286 -2.44943 71.9695 -0.298478 -13 310 1 0 1
5.91618 7.06704 25.4558 11.7447 18.1325 22.4333 -1.44511 -13 311 1 0 1
-1.04277 -0.091729 25.4558 -10.84 3.74655 70.2083 -0.0664304 -13 312 1 0 1
-1.33355 2.68759 25.4558 -13.0395 9.64993 70.7033 1.02984 -13 313 1 0 1
2.09668 -2.12011 25.4558 1.85961 -7.43606 68.7742 -0.501087 -13 314 1 0 1
1.71522 -2.21423 25.4558 7.58819 0.609874 61.9678 -1.37074 -13 315 1 0 1
-1.06145 -4.61357 25.4558 -0.151476 -16.1374 50.347 -1.14344 -13 316 1 0 1
-0.981417 -2.03969 25.4558 -5.06975 -11.207 62.8133 0.843895 -13 317 1 0 1
0.467316 -1.63159 25.4558 -2.89232 -1.58413 69.0678 -1.3292 -13 318 1 0 1
0.392144 -0.964023 25.4558 -5.78231 7.48184 69.5027 2.09893 -13 319 1 0 1
2.97903 0.12271 25.4558 6.48355 0.885987 72.0408 0.67498 -13 320 1 0 1
0.660625 0.349251 25.4558 3.45111 -1.17615 56.8734 -1.57986 -13 321 1 0 1
2.25783 0.00362661 25.4558 -11.8572 4.11865 79.2292 1.93941 -13 322 1 0 1
3.22118 -3.71978 25.4558 3.8904 -2.5534 75.7125 0.301603 -13 323 1 0 1
0.400892 1.55953 25.4558 0.0107318 7.163 65.669 -0.601835 -13 324 1 0 1
1.1751 -0.546766 25.4558 -2.15641 -5.31048 72.3336 0.0613342 -13 325 1 0 1
-4.20659 4.18004 25.4558 -17.207 12.4741 57.1297 0.028383 -13 326 1 0 1
-4.61616 -3.03382 25.4558 -11.2458 -13.0071 47.1677 0.264455 -13 327 1 0 1
-2.79459 3.8759 25.4558 -9.20776 -2.29828 58.5162 -1.45184 -13 328 1 0 1
0.00892751 1.10842 25.4558 -3.85389 9.77036 68.358 1.16095 -13 329 1 0 1
3.24618 -2.17306 25.4558 3.26948 -2.18373 76.3895 -0.771427 -13 330 1 0 1
-1.42204 4.29936 25.4558 -13.5433 3.70267 70.625 -1.50349 -13 331 1 0 1
-3.32899 -2.37995 25.4558 -1.87551 -2.05582 29.5758 -1.19913 -13 332 1 0 1
-0.0664358 0.255155 25.4558 3.82322 4.32226 48.525 4.10725 -13 333 1 0 1
-1.80233 -2.28358 25.4558 -7.32699 -7.28379 64.9558 0.389481 -13 334 1 0 1
1.21751 -1.69308 25.4558 3.61237 -8.94104 66.1051 0.393292 -13 335 1 0 1
0.543992 -2.74682 25.4558 -5.07219 -9.62553 68.2319 -0.604321 -13 336 1 0 1
7.07 -4.47003 25.4558 25.3054 -15.3324 58.2329 -2.37842 -13 337 1 0 1
0.623478 0.239355 25.4558 4.04839 -10.0809 53.6958 0.925886 -13 338 1 0 1
-1.29231 -2.54606 25.4558 -0.843932 -5.49303 49.6156 0.400978 -13 339 1 0 1
-0.268445 0.325918 25.4558 -5.23628 5.49012 68.8481 0.258447 -13 340 1 0 1
2.72545 2.04 25.4558 1.6529 -0.751208 77.6545 0.0123493 -13 341 1 0 1
-0.21087 -0.0632313 25.4558 -10.2405 5.26388 72.6579 0.670832 -13 342 1 0 1
-0.196124 0.845657 25.4558 -0.521988 -6.9722 61.8557 -0.321519 -13 343 1 0 1
0.803748 -2.28128 25.4558 6.4166 1.83387 49.4003 -0.288232 -13 344 1 0 1
-0.106807 -1.44147 25.4558 -3.89348 -0.832153 68.6668 -0.801094 -13 345 1 0 1
-3.54479 0.0498815 25.4558 -15.8362 -0.498629 63.1712 0.625249 -13 346 1 0 1
-1.5975 -0.693566 25.4558 -9.67767 -2.44411 66.6679 -0.791821 -13 347 1 0 1
-1.99728 -1.69462 25.4558 -1.6222 6.30779 51.2838 -0.473196 -13 348 1 0 1
1.77792 3.72297 25.4558 7.41422 9.1674 55.9272 0.877461 -13 349 1 0 1
0.513628 -1.8063 25.4558 0.134213 -5.35445 65.216 0.814978 -13 350 1 0 1
-1.85458 1.15132 25.4558 -13.8866 0.141693 68.6197 -1.50311 -13 352 1 0 1
-0.97953 2.50583 25.4558 -5.16556 6.75469 65.2374 -0.193275 -13 353 1 0 1
-1.36278 3.89926 25.4558 -2.10695 6.61188 52.453 0.425994 -13 354 1 0 1
0.0228674 0.621561 25.4558 -10.3393 5.23592 73.1872 -0.431301 -13 355 1 0 1
1.2438 0.392112 25.4558 5.80304 9.40503 59.128 0.307675 -13 356 1 0 1
-1.72989 -0.733409 25.4558 -0.469608 1.90905 41.5682 0.0273393 -13 357 1 0 1
1.64135 0.182025 25.4558 8.10114 8.19046 50.9393 0.619666 -13 358 1 0 1
0.497027 -1.55618 25.4558 3.0959 4.48058 61.9473 0.486012 -13 359 1 0 1
-0.372851 -1.36684 25.4558 -10.7239 -5.32342 74.2055 -0.569356 -13 360 1 0 1
2.69498 -0.875231 25.4558 -0.781435 2.98342 77.2614 -0.0873338 -13 361 1 0 1
-1.58251 1.518 25.4558 -8.02327 -1.40747 65.1618 -2.74993 -13 362 1 0 1
0.997774 -0.0240906 25.4558 -5.72962 6.46906 74.8302 -0.268357 -13 363 1 0 1
0.504929 -1.82181 25.4558 -1.96205 -3.484 64.454 0.276484 -13 364 1 0 1
-0.12658 0.472258 25.4558 4.73054 6.96851 50.2072 -1.88572 -13 365 1 0 1
0.768726 0.013516 25.4558 7.89929 -1.24615 45.1803 2.24663 -13 366 1 0 1
0.222216 1.36001 25.4558 6.95162 -3.2597 41.0059 1.31061 -13 367 1 0 1
-1.12191 0.748596 25.4558 -5.31482 7.68995 64.2711 0.583717 -13 368 1 0 1
-0.645956 -1.95075 25.4558 -1.2389 -0.737252 60.2487 -1.06409 -13 369 1 0 1
-2.88232 1.11636 25.4558 -20.5428 2.71661 69.342 0.899945 -13 370 1 0 1
-0.794059 -2.12628 25.4558 -3.75155 -5.13373 65.7414 2.42486 -13 371 1 0 1
-1.94977 0.342963 25.4558 -1.79794 -9.69651 52.7317 0.839969 -13 372 1 0 1
-3.15044 -1.13152 25.4558 -13.5946 -8.00918 61.3548 0.733751 -13 373 1 0 1
-0.0397711 -1.65089 25.4558 -11.4286 -3.1757 75.4468 0.670601 -13 374 1 0 1
-1.22321 0.243115 25.4558 -20.0903 7.29926 75.9694 -1.35664 -13 375 1 0 1
-1.64357 -2.41981 25.4558 -11.9297 -10.5662 67.7699 0.51086 -13 376 1 0 1
4.22577 -0.338805 25.4558 6.51478 -8.6037 77.9398 1.22969 -13 377 1 0 1
-3.15711 -0.229666 25.4558 -1.89806 -7.48369 32.6382 2.24181 -13 378 1 0 1
0.224621 -2.29661 25.4558 -4.22123 -17.4212 66.2334 0.680645 -13 379 1 0 1
-4.0698 -3.70285 25.4558 -4.79668 -14.8737 38.8517 -0.704137 -13 380 1 0 1
0.850915 -2.03738 25.4558 4.5293 2.37396 59.7421 1.1932 -13 381 1 0 1
2.62958 -2.25472 25.4558 4.21648 -11.0114 72.0758 -0.292772 -13 382 1 0 1
-5.93577 1.12316 25.4558 -16.1863 1.24936 47.0434 1.35969 -13 383 1 0 1
1.87296 2.32914 25.4558 9.95569 1.93367 58.2002 -1.31077 -13 384 1 0 1
-0.372074 0.738059 25.4558 -3.67864 -5.55845 67.0111 1.81759 -13 385 1 0 1
1.72663 1.2533 25.4558 3.26644 2.58825 69.6995 1.97472 -13 386 1 0 1
-0.782048 0.408258 25.4558 -10.4971 -2.57601 70.7067 0.169097 -13 387 1 0 1
-1.38082 -0.239359 25.4558 -0.411997 1.76812 51.3911 -0.725585 -13 388 1 0 1
3.20092 -1.08544 25.4558 13.2261 0.100923 60.9751 1.07986 -13 389 1 0 1
-1.99852 0.698558 25.4558 -7.26319 -0.307592 63.2899 0.791022 -13 390 1 0 1
2.51151 0.923943 25.4558 12.4829 0.702442 51.3632 -0.204732 -13 391 1 0 1
-5.02361 -0.513845 25.4558 -12.6693 -11.5607 47.5382 0.25714 -13 392 1 0 1
-0.585689 4.01013 25.4558 -2.78326 10.2699 60.1471 -0.7641 -13 394 1 0 1
0.380002 1.20882 25.4558 -7.31761 15.0225 73.6735 -1.60884 -13 395 1 0 1
3.07379 2.83261 25.4558 10.3288 3.27769 63.5986 -0.107446 -13 396 1 0 1
0.603902 -2.71085 25.4558 2.60668 -6.12739 59.672 1.30768 -13 397 1 0 1
0.429087 0.292761 25.4558 -1.70863 -2.03701 66.6202 0.909172 -13 398 1 0 1
0.797753 -4.03099 25.4558 -4.23895 -11.9874 70.2467 2.09299 -13 399 1 0 1
-0.0227588 -2.3889 25.4558 -1.43728 6.34472 64.3261 0.0187244 -13 400 1 0 1
2.47264 -0.386834 25.4558 3.38637 0.832891 71.8221 -0.177614 -13 401 1 0 1
-0.422521 2.38331 25.4558 2.04561 7.08874 58.1162 -0.254276 -13 402 1 0 1
0.139607 -3.30302 25.4558 -3.7586 -24.7427 67.127 0.276901 -13 403 1 0 1
1.71587 -1.49489 25.4558 5.19494 -14.9859 64.6009 1.2618 -13 404 1 0 1
-1.07767 0.417317 25.4558 -4.67235 -8.06065 59.6255 -0.534521 -13 406 1 0 1
-1.17995 -2.32326 25.4558 -6.56862 -3.92231 65.2264 1.3314 -13 407 1 0 1
2.1753 1.56385 25.4558 9.90355 7.45803 57.1293 1.84784 -13 408 1 0 1
1.64893 -0.358424 25.4558 5.89758 -1.61148 64.1555 0.367995 -13 409 1 0 1
0.099751 -1.37918 25.4558 -9.96225 -6.24027 75.2408 -2.52281 -13 410 1 0 1
-3.79356 4.33246 25.4558 -4.14174 2.20245 41.1147 0.586687 -13 411 1 0 1
-1.05551 -3.28768 25.4558 -7.58628 -14.4307 63.4756 1.31268 -13 412 1 0 1
0.359518 2.28173 25.4558 -11.7733 5.79603 77.7316 0.139383 -13 413 1 0 1
-4.19076 -1.86857 25.4558 -12.6766 -4.18258 56.6774 1.03765 -13 414 1 0 1
0.691031 1.45854 25.4558 3.59209 8.46197 56.7886 0.387638 -13 415 1 0 1
1.14569 -0.477831 25.4558 5.47066 1.91458 24.6783 4.95195 -13 416 1 0 1
0.119792 -7.02329 25.4558 4.62252 -13.6201 39.1013 -0.0864856 -13 417 1 0 1
0.516887 2.13601 25.4558 -2.74655 2.77448 69.4184 1.52126 -13 418 1 0 1
2.45138 -0.283727 25.4558 8.64063 -0.0501272 63.8419 0.55677 -13 419 1 0 1
1.04078 -0.32799 25.4558 -3.41374 -9.37678 73.1468 -0.389679 -13 421 1 0 1
-1.17243 1.88504 25.4558 -8.73191 9.82516 65.3425 0.439046 -13 422 1 0 1
-5.15758 -5.92032 25.4558 -10.4676 -7.99552 42.5052 -0.183019 -13 423 1 0 1
0.984828 6.50773 25.4558 8.96673 10.5069 46.3379 0.668682 -13 424 1 0 1
-1.1067 -1.12979 25.4558 -4.61523 -1.32893 63.7527 -0.0157308 -13 425 1 0 1
1.19635 -0.924222 25.4558 -5.62734 4.71728 73.5487 -1.37287 -13 426 1 0 1
2.52 -3.21738 25.4558 7.80015 -5.32056 63.0547 -0.48545 -13 427 1 0 1
-1.19122 0.71646 25.4558 -7.63396 11.8572 64.377 0.429133 -13 428 1 0 1
1.64812 -2.00254 25.4558 8.76048 -11.7138 56.5469 -0.0695748 -13 429 1 0 1
-2.06556 2.66433 25.4558 -16.5173 14.001 68.3396 -1.65857 -13 430 1 0 1
1.68247 -0.57245 25.4558 -4.07208 -4.76562 75.7742 1.94027 -13 431 1 0 1
1.34405 -0.140568 25.4558 2.24286 5.8072 67.6818 1.98836 -13 432 1 0 1
0.390876 -0.159108 25.4558 -4.87844 -11.987 69.0082 1.42177 -13 433 1 0 1
0.0930027 -0.304486 25.4558 1.41485 9.43345 59.0765 0.153286 -13 434 1 0 1
4.46198 1.54144 25.4558 14.8753 2.1436 58.3461 1.09641 -13 435 1 0 1
0.876671 -0.544408 25.4558 -0.314194 0.0697013 67.3083 -2.27584 -13 437 1 0 1
-2.48353 -0.162474 25.4558 -3.60835 0.662531 54.2675 1.98196 -13 438 1 0 1
-0.234324 -2.93249 25.4558 -2.7126 -6.48007 62.5252 -1.09284 -13 439 1 0 1
0.797193 0.799377 25.4558 2.77622 5.87238 61.1254 0.247985 -13 440 1 0 1
-0.983513 0.319513 25.4558 -11.4193 0.388564 70.7413 1.3993 -13 441 1 0 1
-1.12108 -2.68309 25.4558 -5.8789 -0.354784 65.045 -0.106078 -13 442 1 0 1
-0.604944 -1.55082 25.4558 1.11567 5.26613 56.2802 1.06554 -13 443 1 0 1
4.65165 -1.3314 25.4558 13.8374 -1.91035 69.2567 1.01013 -13 444 1 0 1
2.2878 1.96207 25.4558 4.46941 -3.03595 69.199 0.098198 -13 445 1 0 1
-0.775573 -3.50458 25.4558 -7.20666 -5.47072 68.5087 -1.52477 -13 446 1 0 1
1.08932 -0.0271655 25.4558 5.95063 1.6086 56.8622 -0.418348 -13 447 1 0 1
0.201246 -0.472886 25.4558 -3.96051 3.8607 70.3342 -1.97305 -13 448 1 0 1
-1.12871 1.0596 25.4558 -0.436926 -0.270181 52.3295 -0.170547 -13 449 1 0 1
3.47753 2.14819 25.4558 -0.117363 1.74598 81.198 0.111711 -13 451 1 0 1
0.0534925 -0.419632 25.4558 -1.44439 -4.74343 67.5331 1.12055 -13 452 1 0 1
0.113404 -1.61661 25.4558 4.16934 -4.08373 59.3581 -0.311741 -13 453 1 0 1
-3.47166 1.33587 25.4558 -5.05689 2.84172 50.2363 1.36876 -13 454 1 0 1
0.771468 0.427314 25.4558 6.33586 -5.17622 54.9878 0.211863 -13 455 1 0 1
1.65013 1.50547 25.4558 4.27482 9.4047 64.3616 -0.60999 -13 456 1 0 1
1.10745 -0.372033 25.4558 8.05321 6.28362 56.5061 0.820241 -13 457 1 0 1
0.753374 -5.56724 25.4558 3.21677 -16.8591 53.1349 -1.07921 -13 458 1 0 1
3.22939 3.34726 25.4558 6.7063 6.62808 74.311 1.71009 -13 459 1 0 1
-0.934737 -1.27069 25.4558 -7.08388 0.213824 64.8854 -0.1312 -13 460 1 0 1
-2.00149 1.06966 25.4558 -9.21183 10.2296 63.8559 0.378494 -13 461 1 0 1
-1.07943 -0.309937 25.4558 -5.17886 0.456893 63.5546 -0.260746 -13 462 1 0 1
1.45172 -1.02179 25.4558 1.54526 -3.08343 68.8746 1.50513 -13 463 1 0 1
1.4159 4.37267 25.4558 4.57157 18.8573 59.5378 -0.121543 -13 464 1 0 1
-3.28942 4.28906 25.4558 -4.02586 10.3557 35.2305 -0.805364 -13 465 1 0 1
0.344717 1.44744 25.4558 2.31765 8.28226 56.672 0.359893 -13 466 1 0 1
0.291561 -1.70123 25.4558 8.20414 -0.356216 34.4419 -0.106398 -13 467 1 0 1
-0.612253 1.67479 25.4558 1.83574 -4.28944 56.1654 -0.80783 -13 468 1 0 1
-2.15768 4.03298 25.4558 -3.09589 12.2658 49.1772 0.484368 -13 469 1 0 1
1.18789 -2.89714 25.4558 2.47572 -6.22617 64.3919 -0.428219 -13 470 1 0 1
-1.47615 3.2153 25.4558 -0.305957 8.77602 48.5591 1.22747 -13 471 1 0 1
-0.281896 -3.57638 25.4558 3.91542 -9.80766 42.0093 1.22404 -13 472 1 0 1
-1.67731 -0.547615 25.4558 -1.85049 -3.38101 54.9787 -0.581472 -13 473 1 0 1
1.40334 -1.74699 25.4558 6.62823 -7.05714 61.4668 -0.583134 -13 474 1 0 1
1.16387 1.03459 25.4558 -0.976606 9.9381 71.9556 1.61415 -13 475 1 0 1
-3.29461 2.19383 25.4558 -12.6856 11.4039 59.2872 0.0375247 -13 476 1 0 1
0.0952685 4.42241 25.4558 -0.234266 11.5393 66.3957 -1.24309 -13 477 1 0 1
-0.82662 -1.99008 25.4558 -4.63201 -5.10446 61.1032 -1.74296 -13 478 1 0 1
-0.404046 0.865986 25.4558 1.84968 -1.54665 47.8102 -0.582386 -13 479 1 0 1
0.64693 0.467771 25.4558 4.52578 5.86477 54.5949 0.352928 -13 480 1 0 1
-0.633668 -1.08796 25.4558 5.7063 -2.7998 32.4702 0.631041 -13 481 1 0 1
-1.3553 -0.184455 25.4558 1.51973 -8.16958 45.7476 0.434899 -13 482 1 0 1
-2.03961 2.98829 25.4558 -13.2853 9.25385 67.3758 0.843054 -13 483 1 0 1
-1.81365 0.780022 25.4558 -12.0369 -1.01042 66.2627 -1.21171 -13 484 1 0 1
-3.93915 -1.50418 25.4558 -12.2924 -10.2604 55.482 1.90513 -13 485 1 0 1
-0.65292 -1.30695 25.4558 -1.55368 -12.5642 57.4952 2.7994 -13 486 1 0 1
2.67201 1.96278 25.4558 5.51623 2.3776 69.0487 0.195554 -13 487 1 0 1
-4.68488 -0.700977 25.4558 -17.0347 -2.18229 58.1527 -0.833952 -13 488 1 0 1
-1.8261 -2.31949 25.4558 -0.231535 5.38807 40.9115 1.39107 -13 489 1 0 1
0.141932 0.680123 25.4558 0.349818 -4.8122 63.0509 -1.75643 -13 490 1 0 1
1.03855 1.49763 25.4558 -1.29859 -3.80896 70.3279 0.924463 -13 491 1 0 1
0.423831 -0.634634 25.4558 1.58154 6.19994 61.2595 1.23965 -13 492 1 0 1
-2.58375 -1.18187 25.4558 -6.1211 -6.30344 58.2309 1.08323 -13 493 1 0 1
-1.49896 1.25405 25.4558 2.11416 -1.83286 34.9678 0.150262 -13 494 1 0 1
-1.08462 5.46078 25.4558 3.54675 4.57759 41.9918 -2.64761 -13 495 1 0 1
-0.892884 -3.2974 25.4558 2.23645 -8.68595 42.742 0.333193 -13 496 1 0 1
-0.616753 -0.987473 25.4558 -5.32429 -2.75723 64.0038 0.334587 -13 497 1 0 1
-0.831971 1.27582 25.4558 -8.05695 7.31925 68.0544 -0.358979 -13 498 1 0 1
-0.712271 2.86184 25.4558 0.893848 3.69659 51.977 -0.774557 -13 499 1 0 1
2.96832 1.11693 25.4558 12.3641 -3.2025 50.9226 -1.08038 -13 500 1 0 1
3.04717 2.63015 25.4558 -0.519468 7.01258 78.4941 -0.224002 -13 501 1 0 1
-2.42676 3.08236 25.4558 -13.7561 5.72947 65.3197 -1.1035 -13 502 1 0 1
-0.913617 -4.16594 25.4558 -8.00256 -6.98344 68.2996 -1.55858 -13 503 1 0 1
-0.442603 -0.132598 25.4558 -5.59103 3.15606 65.7197 0.356871 -13 504 1 0 1
2.91499 0.362407 25.4558 13.308 1.22223 56.1324 -1.07796 -13 505 1 0 1
0.432676 0.392041 25.4558 -13.4114 -2.90932 78.0249 1.33716 -13 506 1 0 1
1.02833 3.30409 25.4558 5.44248 12.0072 48.616 0.503601 -13 507 1 0 1
1.50802 -3.28649 25.4558 6.44978 -8.1727 62.8852 1.02773 -13 508 1 0 1
3.19745 -2.22626 25.4558 5.82043 -8.14031 72.2758 0.0752221 -13 509 1 0 1
-3.4193 2.10047 25.4558 -11.9824 6.24866 59.3235 1.20648 -13 510 1 0 1
-2.89177 -0.382345 25.4558 -18.5759 3.93579 69.0891 2.11246 -13 511 1 0 1
-2.53853 -0.886269 25.4558 -8.80327 -1.63373 57.5925 -0.357819 -13 512 1 0 1
-0.353772 -0.616937 25.4558 2.17462 2.9374 51.2458 1.16193 -13 513 1 0 1
-1.68587 0.314459 25.4558 -4.45635 1.29321 55.9006 -3.43892 -13 514 1 0 1
-2.34282 -0.119596 25.4558 -13.6887 1.38186 64.9148 -1.3985 -13 515 1 0 1
-0.714924 -2.42591 25.4558 -0.713267 1.85177 58.094 -1.90589 -13 516 1 0 1
1.33275 0.832379 25.4558 -1.04809 -3.87395 72.2785 -1.07721 -13 517 1 0 1
-0.570055 -0.516154 25.4558 -3.09166 1.65185 64.77 0.85631 -13 518 1 0 1
0.145224 1.22149 25.4558 -14.4988 2.03038 77.0914 -0.029426 -13 519 1 0 1
-0.689477 0.405891 25.4558 -0.20044 -5.89802 60.2995 2.5594 -13 520 1 0 1
-0.763012 -3.37789 25.4558 -7.77846 -10.823 68.9525 -1.43378 -13 521 1 0 1
2.59158 1.37782 25.4558 -4.37892 5.16908 80.4484 0.953117 -13 522 1 0 1
-1.18625 2.37573 25.4558 -9.61185 4.35271 69.0643 0.904437 -13 523 1 0 1
-0.234527 -4.31143 25.4558 0.0790768 -1.87693 61.7691 0.757955 -13 524 1 0 1
-1.62566 3.41159 25.4558 1.6686 6.57936 38.9235 0.684171 -13 525 1 0 1
-0.965313 -2.34216 25.4558 -12.4729 -0.424393 70.9353 0.0791341 -13 526 1 0 1
-1.85926 2.55515 25.4558 -5.73182 10.0836 58.3125 1.05669 -13 527 1 0 1
-2.65502 1.45992 25.4558 -4.96823 4.29939 53.4701 2.7113 -13 528 1 0 1
3.8789 -0.19669 25.4558 10.2752 -12.3229 70.2497 0.829852 -13 529 1 0 1
0.417378 0.863468 25.4558 -0.355209 3.39926 67.3063 -0.575691 -13 530 1 0 1
-0.445509 0.326299 25.4558 1.44448 4.15986 59.1177 1.01803 -13 531 1 0 1
-4.45811 0.153462 25.4558 -11.5105 6.632 52.0268 1.67649 -13 532 1 0 1
-4.54479 -3.99899 25.4558 -6.34666 -6.01592 25.908 3.32066 -13 533 1 0 1
1.96019 -0.758812 25.4558 3.19324 -0.0908344 70.1485 1.00066 -13 534 1 0 1
0.959256 0.0773883 25.4558 -2.06347 15.0139 68.018 -2.79842 -13 535 1 0 1
0.15161 -1.57347 25.4558 2.52937 1.37132 54.8723 -0.88864 -13 536 1 0 1
1.19518 3.03668 25.4558 6.69558 8.26077 61.9246 0.134952 -13 538 1 0 1
-7.8259 9.51845 25.4558 -33.8037 27.2183 53.9119 1.07432 -13 539 1 0 1
4.5355 -1.28938 25.4558 8.49996 -3.03279 76.7934 1.41345 -13 540 1 0 1
0.0471004 0.99265 25.4558 -6.88266 10.324 69.9353 0.979718 -13 541 1 0 1
0.762076 -0.550032 25.4558 -0.357629 2.17713 67.6558 0.039706 -13 542 1 0 1
1.91341 0.394092 25.4558 6.17973 -6.71147 66.707 -0.491097 -13 543 1 0 1
0.829797 -0.116006 25.4558 2.93127 -2.8082 63.2984 0.451747 -13 544 1 0 1
0.31031 -4.16725 25.4558 -5.2383 -23.7308 68.2115 1.17446 -13 545 1 0 1
-1.20759 -4.87847 25.4558 -0.516862 -11.8521 42.7791 0.504142 -13 546 1 0 1
-1.59789 2.4587 25.4558 -2.6942 11.416 51.3032 -0.684465 -13 547 1 0 1
0.405386 -0.587483 25.4558 0.920042 6.82397 61.4444 2.28912 -13 548 1 0 1
0.204987 -2.78564 25.4558 2.75486 -2.7231 57.6905 2.58828 -13 549 1 0 1
-3.63941 2.63971 25.4558 -19.722 15.6687 64.0373 -2.46498 -13 550 1 0 1
-0.218553 -4.82256 25.4558 4.03402 -2.83291 34.4011 1.24543 -13 551 1 0 1
-3.39845 0.119378 25.4558 -11.0129 -3.29125 58.0342 0.252309 -13 553 1 0 1
-2.58403 -0.0693414 25.4558 -12.9787 -4.43777 63.5566 -0.982935 -13 554 1 0 1
2.17553 0.801718 25.4558 -1.19016 4.01905 73.7549 1.26953 -13 555 1 0 1
-1.7722 2.605 25.4558 -4.88819 7.78966 55.7164 0.515473 -13 556 1 0 1
0.926026 0.609827 25.4558 3.90767 -0.501353 61.2958 2.45426 -13 557 1 0 1
-1.27651 0.333706 25.4558 -4.81789 -3.85423 61.4335 -2.58265 -13 558 1 0 1
-5.42448 0.964249 25.4558 -11.9583 3.82469 42.7756 -1.40166 -13 560 1 0 1
-2.20268 2.5112 25.4558 -14.8514 4.20341 67.4747 1.12742 -13 562 1 0 1
2.44697 0.535124 25.4558 3.71092 -4.54032 70.4754 -0.31289 -13 564 1 0 1
-3.58015 1.00182 25.4558 -10.2592 8.69646 54.0525 1.28668 -13 565 1 0 1
-1.83161 -0.386146 25.4558 -17.1651 -4.30975 70.9515 0.767508 -13 566 1 0 1
-2.29998 -2.5314 25.4558 -4.31968 -4.55173 53.6651 0.215346 -13 567 1 0 1
0.0178594 1.10243 25.4558 -5.04093 8.84277 70.7116 0.20167 -13 568 1 0 1
-0.776775 -1.35171 25.4558 -3.78606 -7.06814 60.8519 1.8157 -13 569 1 0 1
-2.5346 -5.92861 25.4558 -3.51802 -12.7695 46.0548 -2.37971 -13 570 1 0 1
-2.08995 2.70256 25.4558 0.102261 7.05578 18.9132 -0.107067 -13 571 1 0 1
1.50796 0.0190818 25.4558 -2.86443 -7.06904 75.2206 -0.121345 -13 572 1 0 1
-1.4514 1.29534 25.4558 -9.26502 -4.95123 67.8745 1.96482 -13 573 1 0 1
-2.46669 3.55656 25.4558 -9.05011 19.625 56.326 -0.943347 -13 574 1 0 1
0.884691 -0.731246 25.4558 -1.58027 -3.38878 69.4435 0.204426 -13 575 1 0 1
0.143791 2.94945 25.4558 -3.10638 0.173149 68.4612 -0.872942 -13 576 1 0 1
0.354312 -4.33679 25.4558 -1.70527 -5.54419 65.2688 -1.95319 -13 577 1 0 1
-0.56414 2.51866 25.4558 -10.0445 13.2278 71.2084 1.96467 -13 578 1 0 1
1.34967 -3.26749 25.4558 6.25781 -13.8445 61.0647 -0.228255 -13 579 1 0 1
-2.64864 0.277864 25.4558 -14.7501 8.74143 64.7303 1.49739 -13 580 1 0 1
1.90942 1.96695 25.4558 7.53147 2.26127 62.1542 0.0918436 -13 581 1 0 1
1.91803 -1.0826 25.4558 9.54953 2.63415 48.1056 0.00759318 -13 582 1 0 1
1.88603 0.54908 25.4558 2.02543 -1.46858 71.2003 -0.419407 -13 583 1 0 1
2.08395 2.55207 25.4558 5.2849 2.16346 64.3551 -0.737855 -13 584 1 0 1
-0.9382 -0.148734 25.4558 -7.43135 -7.04021 64.0823 -2.03063 -13 585 1 0 1
1.11939 -1.65811 25.4558 -2.32203 -12.2719 70.7154 2.20548 -13 586 1 0 1
-0.671005 1.57849 25.4558 -12.4987 16.0113 71.7805 0.387479 -13 587 1 0 1
1.69049 -1.2629 25.4558 4.21748 1.00295 66.617 -2.10122 -13 588 1 0 1
0.454848 1.49462 25.4558 -3.53598 2.73412 70.0063 -1.22186 -13 589 1 0 1
-1.38319 -1.08057 25.4558 -14.7837 -13.6834 72.2092 -0.838839 -13 590 1 0 1
-0.633549 -1.50384 25.4558 -16.029 -0.278932 76.1836 2.61089 -13 591 1 0 1
-0.30156 0.227517 25.4558 -5.56317 -2.60351 70.8385 -2.58824 -13 592 1 0 1
0.216002 3.46151 25.4558 1.29875 2.61011 64.037 1.96546 -13 593 1 0 1
-2.42714 1.35238 25.4558 -12.5409 0.0384517 61.9869 0.266167 -13 594 1 0 1
0.204031 -1.97633 25.4558 -1.10665 -1.28982 63.8366 0.609261 -13 595 1 0 1
-0.680189 -0.208801 25.4558 -20.6546 -2.48394 77.0854 -0.0432163 -13 597 1 0 1
2.75236 -1.59116 25.4558 -4.53204 -11.283 80.6067 -1.68358 -13 598 1 0 1
-3.39805 -0.587666 25.4558 -4.39558 -2.00106 45.6998 -1.54285 -13 599 1 0 1
-1.68505 -2.41246 25.4558 -0.910949 -8.2555 50.2294 0.585248 -13 600 1 0 1
0.546157 0.202585 25.4558 1.77589 -0.47196 59.4159 1.21732 -13 601 1 0 1
-0.0263313 -1.53348 25.4558 -0.0932801 -4.78224 63.7247 0.671066 -13 602 1 0 1
-3.29828 -0.965208 25.4558 -17.5186 -2.69983 65.5688 -1.22396 -13 603 1 0 1
0.0508484 0.707626 25.4558 7.17196 -1.91253 47.3251 0.19231 -13 604 1 0 1
-1.25575 -6.73942 25.4558 -3.39785 -20.2806 56.8652 0.101373 -13 605 1 0 1
2.4667 -0.514783 25.4558 5.4428 -2.19279 66.7754 2.66572 -13 606 1 0 1
4.14556 0.954713 25.4558 5.92764 15.0311 75.566 -0.706947 -13 607 1 0 1
-2.11396 -1.75911 25.4558 -17.4633 5.31789 70.8576 0.20391 -13 609 1 0 1
-1.24142 -2.01996 25.4558 -8.65599 6.68319 66.7979 -1.6215 -13 610 1 0 1
-1.89063 1.82549 25.4558 -2.82323 -0.602267 53.7095 0.963427 -13 611 1 0 1
2.33006 -0.786135 25.4558 8.86958 4.06873 56.4056 -2.18566 -13 612 1 0 1
1.19144 -2.60208 25.4558 7.2941 -5.57966 37.8785 1.40353 -13 613 1 0 1
-0.478949 0.153109 25.4558 -1.94461 -6.30022 64.0595 -0.246738 -13 614 1 0 1
-1.50766 1.39364 25.4558 -13.3466 -4.7184 72.2812 0.876245 -13 615 1 0 1
2.65432 0.263668 25.4558 -0.155654 6.93211 77.7137 -0.152996 -13 616 1 0 1
-0.309201 -3.19369 25.4558 -2.97293 -8.52399 63.1555 -0.632651 -13 617 1 0 1
-1.63825 4.16281 25.4558 -5.62213 19.0567 56.5054 -0.966514 -13 618 1 0 1
1.61559 2.15588 25.4558 8.13763 11.8023 50.1507 0.779777 -13 619 1 0 1
0.82094 0.990784 25.4558 -9.67052 3.41707 77.219 -2.14507 -13 620 1 0 1
-0.0897101 -4.24516 25.4558 1.03644 -6.30927 59.5652 0.74603 -13 621 1 0 1
0.857371 -7.97147 25.4558 4.52505 -19.3995 55.0423 0.42847 -13 622 1 0 1
-1.38365 -2.61631 25.4558 -3.74735 -2.09975 60.2082 -0.228701 -13 623 1 0 1
0.372383 -0.281188 25.4558 1.52174 -5.86982 64.9071 -0.228862 -13 624 1 0 1
-2.87308 4.8581 25.4558 -8.13104 8.77992 55.2732 -0.773529 -13 625 1 0 1
2.44377 1.2852 25.4558 3.61352 -0.388368 70.7031 2.52331 -13 626 1 0 1
-1.3159 -1.48997 25.4558 -17.6647 7.56705 74.4236 0.648246 -13 627 1 0 1
0.826882 -4.3999 25.4558 -1.8776 -15.8195 70.5896 0.21709 -13 628 1 0 1
-1.16109 2.8564 25.4558 -4.7188 15.9537 63.4462 0.266103 -13 629 1 0 1
-3.12421 1.00022 25.4558 -13.5455 9.39552 61.1004 0.736272 -13 630 1 0 1
-1.26552 0.241913 25.4558 -0.825009 3.07522 58.7817 -0.581211 -13 631 1 0 1
-0.581759 -2.11961 25.4558 -5.52446 -7.24613 66.2771 -1.4349 -13 632 1 0 1
4.67505 2.84321 25.4558 19.6494 7.28657 54.1522 -0.736031 -13 633 1 0 1
-4.02414 5.37616 25.4558 -14.5426 20.3461 55.5898 -0.0418397 -13 634 1 0 1
2.24961 -1.19689 25.4558 10.7269 -0.271556 51.6032 0.269341 -13 635 1 0 1
-1.09742 0.194818 25.4558 -12.8083 10.4702 71.3609 -2.03183 -13 636 1 0 1
2.58732 0.874679 25.4558 3.06984 -0.375622 72.34 0.166152 -13 637 1 0 1
-4.7299 -3.0406 25.4558 -4.95103 -4.39715 22.2489 0.158885 -13 638 1 0 1
1.58777 -2.25547 25.4558 3.31797 -8.86114 65.782 -1.88623 -13 639 1 0 1
-0.117474 1.78733 25.4558 3.40599 4.28764 38.644 -2.08227 -13 640 1 0 1
1.46007 -2.72123 25.4558 4.61195 -13.5272 60.9085 -1.24232 -13 641 1 0 1
-0.228333 -3.30192 25.4558 2.80113 -6.49429 57.3496 0.0376876 -13 642 1 0 1
-0.0386853 -2.52728 25.4558 -6.53069 -11.9982 69.8013 -0.306946 -13 643 1 0 1
-2.63184 -2.05581 25.4558 -5.43109 -9.88833 48.9349 2.31943 -13 644 1 0 1
0.00508813 -2.85243 25.4558 2.32372 -7.67484 56.6732 1.07594 -13 645 1 0 1
-1.03443 1.07026 25.4558 -13.647 3.34064 70.9762 1.4207 -13 646 1 0 1
-1.45161 -1.04358 25.4558 -21.4221 0.218621 75.3817 -1.42744 -13 647 1 0 1
1.70385 -0.0690029 25.4558 4.59441 2.42278 68.145 -0.0510921 -13 649 1 0 1
0.76584 -2.35581 25.4558 -5.9304 -4.76784 73.2893 1.01799 -13 650 1 0 1
0.974716 0.870262 25.4558 -0.608528 2.06528 68.0052 0.548551 -13 651 1 0 1
-0.422738 -0.106905 25.4558 -4.93503 -3.18851 65.6752 1.05246 -13 652 1 0 1
0.701117 -2.40928 25.4558 -2.03145 -4.7158 68.2205 0.676314 -13 653 1 0 1
-1.20471 -1.23312 25.4558 5.47211 -2.5943 39.9773 -0.362339 -13 654 1 0 1
-7.57881 -3.06391 25.4558 -8.94146 -6.68823 18.1811 0.310986 -13 655 1 0 1
-2.56368 1.2998 25.4558 -13.2647 12.2978 62.2632 -0.0637288 -13 656 1 0 1
1.42948 -2.09278 25.4558 5.73023 0.757336 60.886 0.651959 -13 657 1 0 1
-0.169449 -3.80633 25.4558 -6.77669 -7.02956 68.4637 2.26761 -13 659 1 0 1
0.252357 -0.40736 25.4558 -2.56417 0.568633 66.3421 -1.4646 -13 660 1 0 1
0.390091 -0.00257369 25.4558 -11.163 -12.0589 74.8246 1.67365 -13 661 1 0 1
-3.09889 0.557322 25.4558 -10.2533 2.07652 56.6068 -0.231112 -13 662 1 0 1
0.679393 -0.162902 25.4558 4.48736 3.76805 57.4041 0.477588 -13 663 1 0 1
-0.163511 -2.62638 25.4558 -8.46583 -8.54815 69.6428 1.77328 -13 664 1 0 1
0.777933 -0.180963 25.4558 -7.74248 -5.19289 76.3299 0.34138 -13 665 1 0 1
-3.46533 -0.931746 25.4558 -12.5593 0.430524 60.1832 1.01401 -13 666 1 0 1
-0.694026 -0.496039 25.4558 -2.64962 0.0842032 60.0769 -2.1202 -13 667 1 0 1
-3.20126 -1.2359 25.4558 -4.11846 -5.31729 33.3291 0.771544 -13 668 1 0 1
0.208328 -3.41757 25.4558 -0.746115 -13.7073 66.7694 1.41826 -13 669 1 0 1
1.73949 -2.65921 25.4558 0.564127 -9.35518 72.2242 0.0647876 -13 670 1 0 1
2.17866 -3.77384 25.4558 8.29059 -13.4198 61.5237 0.517305 -13 671 1 0 1
2.09501 2.74203 25.4558 6.60946 7.9109 56.0127 1.59272 -13 672 1 0 1
-0.830311 6.66709 25.4558 -2.18018 19.8557 57.2148 0.37319 -13 673 1 0 1
3.30851 1.15324 25.4558 9.28032 4.99282 61.7904 0.88858 -13 674 1 0 1
-1.23191 -2.38729 25.4558 -4.91265 -13.001 61.9993 3.20692 -13 675 1 0 1
2.25478 0.182194 25.4558 10.0269 5.33701 48.6382 -0.13907 -13 676 1 0 1
3.96224 0.100131 25.4558 10.5699 -2.8122 65.9272 1.042 -13 677 1 0 1
-0.0939225 -0.0954364 25.4558 -6.75289 15.8023 70.4378 1.58741 -13 678 1 0 1
-1.92485 2.85608 25.4558 -12.141 13.7465 65.4289 0.0492402 -13 679 1 0 1
-2.68069 1.7371 25.4558 -5.80436 1.76319 55.5639 -0.852188 -13 680 1 0 1
0.539094 1.77148 25.4558 -5.07341 -7.73165 72.8355 -3.1938 -13 681 1 0 1
-3.77254 0.571774 25.4558 -3.38285 -8.23501 27.6885 0.0628528 -13 682 1 0 1
4.94996 -0.165908 25.4558 16.6769 11.2316 60.4179 2.08236 -13 683 1 0 1
-0.934816 -1.95743 25.4558 -3.62973 -5.62356 61.008 -0.170295 -13 684 1 0 1
6.37087 -0.532696 25.4558 19.7773 -9.94628 66.7933 -1.62776 -13 685 1 0 1
1.73604 2.27915 25.4558 2.67198 11.1389 69.2353 0.45947 -13 686 1 0 1
-0.0413004 -0.35189 25.4558 3.51558 3.62541 52.5051 1.72182 -13 687 1 0 1
-0.397566 2.38573 25.4558 -4.41471 3.17829 66.3159 0.0159335 -13 688 1 0 1
1.53315 -1.93432 25.4558 7.10586 -12.7865 59.5178 1.04427 -13 690 1 0 1
0.784259 1.64245 25.4558 0.118779 -0.791628 64.6015 -1.90608 -13 691 1 0 1
-1.03717 2.91888 25.4558 -4.84121 1.62525 61.7973 -0.899444 -13 692 1 0 1
0.0821551 5.73974 25.4558 2.44495 4.10718 50.2084 1.87455 -13 693 1 0 1
0.410622 -4.2207 25.4558 -0.973524 -8.35641 64.632 2.41895 -13 694 1 0 1
-0.557375 1.74056 25.4558 -3.19221 7.77315 64.0199 0.40475 -13 696 1 0 1
0.0899992 -0.208749 25.4558 -8.20094 3.82152 70.5353 0.587849 -13 697 1 0 1
1.18389 -3.77632 25.4558 10.2309 -6.4721 43.1788 -0.661078 -13 699 1 0 1
1.67434 -0.704972 25.4558 -0.451249 -2.70902 72.2625 1.4537 -13 700 1 0 1
1.3008 0.548987 25.4558 1.23159 10.2072 69.7765 1.39716 -13 701 1 0 1
-0.320001 0.141837 25.4558 2.76998 1.96122 44.1799 1.37705 -13 702 1 0 1
0.242656 2.06444 25.4558 -14.4623 5.42175 78.3697 -2.1592 -13 703 1 0 1
0.80616 1.35802 25.4558 5.95436 11.5898 56.2951 -0.414875 -13 704 1 0 1
-1.03505 1.9846 25.4558 0.0421521 3.58801 53.3759 1.47329 -13 705 1 0 1
-2.71398 0.27589 25.4558 -5.2446 1.6032 53.7239 -1.54099 -13 706 1 0 1
0.657847 -1.64252 25.4558 -4.303 6.041 71.9266 3.38035 -13 707 1 0 1
-3.9205 -0.93757 25.4558 -13.2845 -3.45789 57.4427 0.571797 -13 708 1 0 1
-0.824951 -0.242665 25.4558 -4.42301 -6.6926 65.0983 0.143662 -13 709 1 0 1
-1.76801 0.0270352 25.4558 1.96158 -7.14321 40.6809 -0.903728 -13 710 1 0 1
0.152002 1.90917 25.4558 3.37756 -0.325934 50.4293 -0.26668 -13 711 1 0 1
-0.2747 -3.01044 25.4558 -6.3959 -11.1394 67.9866 1.45227 -13 712 1 0 1
1.71842 -0.866989 25.4558 -9.18016 -10.9135 79.914 0.070963 -13 713 1 0 1
-1.36159 1.81824 25.4558 -0.34359 -0.536303 49.348 1.71355 -13 714 1 0 1
-0.292055 0.493617 25.4558 -8.07417 7.64645 70.3058 -1.01041 -13 715 1 0 1
0.29304 2.69443 25.4558 6.17228 7.89617 49.8752 1.28078 -13 716 1 0 1
-1.32277 -0.329778 25.4558 -0.252473 -3.29057 52.8239 1.84964 -13 717 1 0 1
-0.358189 0.992597 25.4558 -9.02767 -1.24993 71.4773 1.00682 -13 718 1 0 1
1.53311 -0.552536 25.4558 0.414905 4.25205 71.7769 -0.0341571 -13 719 1 0 1
-0.229473 2.86018 25.4558 -2.81157 12.3435 64.9883 2.14854 -13 720 1 0 1
2.32307 -2.9841 25.4558 2.93635 -12.2235 70.7308 -0.021414 -13 721 1 0 1
0.630104 -1.54673 25.4558 4.91002 -8.49114 54.599 -1.4698 -13 722 1 0 1
-0.174478 -2.8281 25.4558 -1.26964 -3.96548 61.0126 -1.14267 -13 723 1 0 1
0.995696 3.4119 25.4558 -3.22594 10.8662 71.8209 2.06952 -13 724 1 0 1
-2.3205 3.50487 25.4558 -6.17191 7.57271 54.6522 -0.214536 -13 725 1 0 1
2.43733 -2.93512 25.4558 11.5123 -11.349 52.8206 -0.918884 -13 726 1 0 1
0.114196 0.461426 25.4558 3.83642 2.54789 44.2759 1.99663 -13 727 1 0 1
-0.00235113 5.00119 25.4558 3.205 16.5369 39.8332 -0.264579 -13 728 1 0 1
2.51539 -1.78951 25.4558 -0.614231 -5.72537 76.0636 -1.75781 -13 729 1 0 1
-3.81328 -5.1335 25.4558 -1.9183 -7.28167 33.4305 -0.135286 -13 730 1 0 1
-0.720154 -2.24347 25.4558 -8.33662 -5.42971 69.3424 -1.17525 -13 731 1 0 1
-0.548804 2.20801 25.4558 -5.56612 3.8091 68.9502 2.07355 -13 732 1 0 1
-3.53591 2.02883 25.4558 -5.16677 -1.07815 45.9462 -0.36058 -13 733 1 0 1
1.56459 4.42059 25.4558 1.75676 -3.17929 71.3501 2.31312 -13 734 1 0 1
4.13709 3.46769 25.4558 14.1874 5.2173 44.6152 -1.11891 -13 735 1 0 1
-0.460526 1.95637 25.4558 2.55345 5.86258 46.5124 -0.147102 -13 736 1 0 1
-1.73997 3.04958 25.4558 -5.97953 9.27018 62.1039 2.12677 -13 737 1 0 1
2.08849 -1.00813 25.4558 8.38301 1.87662 58.1877 1.59168 -13 738 1 0 1
0.691639 -1.99992 25.4558 3.28473 -1.17907 59.2253 -1.08668 -13 739 1 0 1
0.0766617 0.362669 25.4558 -7.7992 0.251166 72.5506 0.840367 -13 740 1 0 1
3.28136 -0.0414775 25.4558 6.73814 1.48838 20.2462 1.82061 -13 741 1 0 1
-5.09307 -0.0950269 25.4558 -7.64589 3.3739 41.031 -2.16321 -13 742 1 0 1
-0.312585 -0.067442 25.4558 -6.80617 4.84502 71.4865 1.39105 -13 743 1 0 1
-2.28916 3.06376 25.4558 -5.42217 5.12059 55.1015 0.321506 -13 744 1 0 1
3.81737 3.06669 25.4558 7.13735 10.8711 71.836 2.01607 -13 745 1 0 1
-0.428493 -1.30265 25.4558 -6.27468 -5.71502 67.6495 -1.75786 -13 746 1 0 1
0.589279 -0.84507 25.4558 -1.10399 -2.51214 67.8879 0.23794 -13 747 1 0 1
-3.55481 -0.630537 25.4558 -5.79298 0.717902 48.2417 -1.75537 -13 748 1 0 1
2.15938 -1.67848 25.4558 0.842156 -8.53435 72.6112 1.1864 -13 749 1 0 1
-0.248245 5.22663 25.4558 -1.42476 3.2214 63.9841 0.76674 -13 750 1 0 1
-2.49162 1.29971 25.4558 -5.21006 7.88731 51.8718 0.0717169 -13 751 1 0 1
-0.474421 -0.812822 25.4558 -4.64585 3.44485 67.6111 -0.427844 -13 752 1 0 1
-0.794813 2.22137 25.4558 -2.98336 1.57406 64.092 -0.979186 -13 753 1 0 1
-1.62422 -1.14962 25.4558 -11.2805 -0.673043 69.2356 0.371505 -13 754 1 0 1
2.50427 0.0211889 25.4558 1.16377 -3.2767 75.3251 -1.37052 -13 755 1 0 1
1.37721 -0.213617 25.4558 1.3631 8.40341 67.8634 -0.980686 -13 756 1 0 1
1.86265 -2.44672 25.4558 10.4474 -5.0153 52.3946 -1.06441 -13 757 1 0 1
-0.652975 0.548207 25.4558 3.2635 -7.70214 56.0093 0.410062 -13 758 1 0 1
1.22535 -3.21842 25.4558 2.7219 -15.8831 61.3546 1.20551 -13 759 1 0 1
-0.457229 1.75562 25.4558 1.41534 5.35736 53.9522 0.254357 -13 760 1 0 1
0.248326 -2.78039 25.4558 1.17468 -5.80984 59.2356 0.746131 -13 761 1 0 1
-5.6064 -1.50049 25.4558 -9.64096 0.946844 32.6092 -0.899521 -13 762 1 0 1
2.82877 -0.364982 25.4558 9.40687 7.24074 60.0883 1.32257 -13 763 1 0 1
1.77761 0.318216 25.4558 2.00197 3.61492 70.453 -2.53523 -13 764 1 0 1
-1.34662 -0.936209 25.4558 -4.3081 -6.61128 64.428 -0.496813 -13 765 1 0 1
-1.75539 -4.57549 25.4558 0.985097 -9.98831 23.0123 -1.09303 -13 766 1 0 1
-0.446742 0.0568224 25.4558 -0.484358 -2.78835 58.4637 -0.392027 -13 767 1 0 1
1.93922 -5.01117 25.4558 4.95581 -20.7983 65.2592 0.678908 -13 768 1 0 1
-1.46756 1.29459 25.4558 1.90642 -2.70955 38.755 0.167465 -13 769 1 0 1
-1.15732 2.48104 25.4558 -9.5411 -7.85632 70.063 -0.989235 -13 770 1 0 1
-2.45568 -4.05685 25.4558 -0.966947 -11.9361 36.003 -0.627947 -13 771 1 0 1
0.335795 -0.0618865 25.4558 5.11203 -4.03647 55.4051 -0.126236 -13 772 1 0 1
3.71113 -0.303353 25.4558 4.60321 0.792955 76.7425 0.569505 -13 773 1 0 1
-2.87405 -2.02151 25.4558 -8.17101 -2.65393 57.5397 0.997717 -13 774 1 0 1
3.08782 0.094385 25.4558 12.2477 -5.00767 60.3009 -0.024245 -13 775 1 0 1
-1.99323 1.21619 25.4558 -3.68821 5.46658 54.8566 2.57613 -13 776 1 0 1
-1.1875 -0.647563 25.4558 -8.75912 -7.10574 66.3523 0.0249494 -13 777 1 0 1
-1.51404 0.655468 25.4558 -0.324314 9.79224 46.7114 2.63168 -13 778 1 0 1
-1.17692 -2.22715 25.4558 -8.12296 -9.16431 67.7426 1.74223 -13 779 1 0 1
1.20834 -0.538676 25.4558 4.80591 -0.915071 67.5962 -0.852974 -13 780 1 0 1
0.704057 1.89724 25.4558 1.43458 2.05966 66.6997 -0.0587878 -13 781 1 0 1
-0.610065 -2.40879 25.4558 -3.97255 -9.27338 62.7035 0.562061 -13 782 1 0 1
1.61165 -2.03829 25.4558 7.34267 -4.4582 58.6698 1.03224 -13 783 1 0 1
-3.27403 -3.17364 25.4558 -14.4663 -19.3188 61.7822 -0.816568 -13 784 1 0 1
0.427098 1.87479 25.4558 -11.6306 -6.78042 76.9116 -0.145581 -13 785 1 0 1
1.46643 1.93124 25.4558 8.29316 1.91073 47.0839 -0.985044 -13 787 1 0 1
-3.57212 0.194672 25.4558 -14.0407 -2.39892 59.7822 -0.878429 -13 788 1 0 1
2.95962 1.66119 25.4558 7.04788 -2.8364 70.7996 0.48914 -13 789 1 0 1
0.300939 1.11518 25.4558 0.160653 -4.8224 60.1034 2.05877 -13 790 1 0 1
1.49193 -1.59746 25.4558 3.38651 -13.9027 67.1663 -1.36644 -13 791 1 0 1
-1.14091 -0.571881 25.4558 -6.47368 -1.24494 66.4475 2.24411 -13 792 1 0 1
0.415221 1.0482 25.4558 3.94528 -2.02426 52.9128 1.82976 -13 793 1 0 1
-0.644638 0.0720829 25.4558 -6.00553 5.13024 69.2592 0.339312 -13 794 1 0 1
-2.5838 -2.11914 25.4558 -8.31333 -9.7437 55.2947 -2.3569 -13 795 1 0 1
-3.09478 0.686193 25.4558 -8.13208 1.62308 58.0732 -0.0529873 -13 796 1 0 1
-1.61 1.80183 25.4558 0.289931 -2.3016 47.8055 -0.783232 -13 797 1 0 1
1.02065 2.84589 25.4558 -5.94228 15.6113 73.705 2.05363 -13 798 1 0 1
-0.694601 1.9736 25.4558 -3.19521 4.51595 62.5405 0.961899 -13 799 1 0 1
-3.44559 -0.0971595 25.4558 -11.9134 6.30491 58.2199 1.24563 -13 800 1 0 1
2.25232 3.18361 25.4558 7.34502 1.53707 68.8814 2.28148 -13 801 1 0 1
-0.446872 -0.557489 25.4558 -4.32313 -8.43921 65.7343 -1.22959 -13 802 1 0 1
2.20559 -1.81231 25.4558 -1.25258 4.77481 75.6611 -1.63148 -13 803 1 0 1
2.65007 -0.327174 25.4558 11.3709 0.825057 49.5315 -0.453617 -13 804 1 0 1
-3.18196 -1.37685 25.4558 -1.78118 -1.73473 18.6185 -0.288632 -13 805 1 0 1
0.133293 0.686196 25.4558 2.4974 0.271891 56.6564 1.03829 -13 806 1 0 1
-1.92353 -3.45094 25.4558 -9.08387 -9.43492 65.4802 0.44511 -13 807 1 0 1
-7.62786 1.0602 25.4558 -9.45434 1.87888 22.9123 1.48389 -13 808 1 0 1
-2.39739 0.344 25.4558 -10.9404 0.797272 64.0966 -0.502486 -13 809 1 0 1
0.300825 0.29546 25.4558 -10.0201 -4.14381 76.1878 -0.618831 -13 810 1 0 1
0.622428 -0.00746375 25.4558 -0.854779 4.94388 70.2186 -0.160511 -13 811 1 0 1
-4.26085 -2.49852 25.4558 -5.42849 -2.22435 37.4122 2.00405 -13 812 1 0 1
0.599211 1.32199 25.4558 3.63024 10.1059 56.1765 0.807908 -13 813 1 0 1
-0.382907 -1.4303 25.4558 -1.11348 1.80869 62.6175 0.760706 -13 814 1 0 1
0.510497 1.60073 25.4558 4.31764 7.74347 54.9823 -2.01195 -13 815 1 0 1
2.1554 -0.649394 25.4558 -3.02947 -2.7602 76.782 1.54254 -13 816 1 0 1
-2.40845 1.10845 25.4558 0.0965939 3.64601 40.562 -1.64494 -13 817 1 0 1
-0.727199 -1.36 25.4558 2.55382 -8.97267 48.1854 -0.068292 -13 820 1 0 1
-2.03244 -1.33783 25.4558 -3.50241 3.08609 52.4331 -1.70463 -13 821 1 0 1
1.51677 2.9813 25.4558 -15.5493 2.66344 79.952 0.680313 -13 822 1 0 1
0.329823 1.02517 25.4558 4.72877 -1.21778 57.1604 -0.0483883 -13 823 1 0 1
-1.39535 -0.742618 25.4558 -6.8409 -4.07235 60.7136 0.318391 -13 825 1 0 1
0.131821 0.336894 25.4558 -3.31982 9.10781 66.3209 -1.3505 -13 826 1 0 1
0.00348355 -1.62082 25.4558 -0.10728 -11.9146 62.0228 2.70252 -13 827 1 0 1
-0.6543 2.242 25.4558 -3.1473 2.58399 64.3923 -2.41749 -13 828 1 0 1
2.13525 -4.62375 25.4558 7.58841 -16.4886 47.6483 0.828485 -13 829 1 0 1
-0.100702 -2.14561 25.4558 -1.89647 -10.6891 63.7198 -0.12282 -13 830 1 0 1
1.10082 0.439203 25.4558 1.677 -3.59037 65.704 2.0242 -13 831 1 0 1
-1.41254 -1.36546 25.4558 -1.76966 -6.78243 55.252 0.39825 -13 832 1 0 1
0.113852 -2.77324 25.4558 0.156547 -12.4315 60.1034 0.413312 -13 833 1 0 1
-1.74652 -3.4071 25.4558 -5.65093 -7.68604 59.9924 -0.191359 -13 834 1 0 1
1.24959 -2.2505 25.4558 -9.39082 -15.1521 76.4765 -0.899138 -13 835 1 0 1
2.09238 2.18943 25.4558 4.06376 12.4182 65.2327 -0.0754027 -13 836 1 0 1
3.07032 -5.8321 25.4558 8.85943 -13.0549 65.5985 1.0757 -13 837 1 0 1
2.34443 3.73972 25.4558 3.38189 7.19861 71.4021 -1.28363 -13 838 1 0 1
-1.24915 -3.61845 25.4558 -0.675673 -6.64033 55.1222 -0.373344 -13 839 1 0 1
-2.16015 1.0461 25.4558 -8.17678 1.70738 60.3519 2.46565 -13 840 1 0 1
-2.13399 3.45599 25.4558 -6.01516 6.65546 57.9233 -1.78829 -13 841 1 0 1
0.0596106 -1.20728 25.4558 -7.5815 -2.3049 73.0516 -0.930181 -13 842 1 0 1
0.49973 -0.358331 25.4558 -8.25321 -15.5727 72.8016 0.530456 -13 843 1 0 1
-3.4071 2.51137 25.4558 -11.2607 9.33706 57.128 0.930059 -13 844 1 0 1
0.74996 -1.11658 25.4558 3.84123 0.708074 60.0669 1.02002 -13 845 1 0 1
1.09394 -5.30779 25.4558 5.80331 -8.90581 35.6149 0.482967 -13 846 1 0 1
1.0214 -5.02923 25.4558 5.34574 -4.31983 57.9301 -1.13094 -13 847 1 0 1
-1.62399 2.42718 25.4558 -2.39862 3.3733 55.0504 -0.76939 -13 848 1 0 1
-3.65653 -2.02004 25.4558 -9.62291 -3.52115 52.1035 -1.9647 -13 849 1 0 1
2.77013 -2.69325 25.4558 6.52629 -10.1793 68.0688 -0.838884 -13 850 1 0 1
-2.00985 2.62581 25.4558 -6.16227 5.34831 59.0619 -0.436707 -13 851 1 0 1
3.09824 -0.283243 25.4558 1.3632 0.749963 75.6617 0.552182 -13 852 1 0 1
-1.4698 0.746411 25.4558 -5.68472 2.55689 61.0952 1.12598 -13 853 1 0 1
0.323569 2.07012 25.4558 -5.83883 -1.64507 69.1673 -0.777916 -13 854 1 0 1
-1.91054 2.72817 25.4558 -7.05133 11.2399 60.6576 0.162311 -13 855 1 0 1
-3.57679 2.1955 25.4558 -12.8061 -4.25826 56.8629 0.367607 -13 856 1 0 1
0.94299 -3.511 25.4558 2.90882 -2.25328 66.029 -0.828846 -13 857 1 0 1
-4.66012 1.27519 25.4558 -21.6637 2.84835 61.7255 -2.35507 -13 858 1 0 1
-1.7281 -1.42349 25.4558 -1.3804 -1.16236 54.6556 1.62725 -13 859 1 0 1
-0.648948 0.646306 25.4558 -5.70872 3.76338 67.4475 1.36678 -13 860 1 0 1
0.870671 -0.90096 25.4558 -6.94665 -6.57288 76.6468 -1.77214 -13 861 1 0 1
-0.5039 0.123418 25.4558 -2.97148 4.60533 63.319 -0.0391727 -13 862 1 0 1
-3.52584 -3.24261 25.4558 -13.3471 -8.8226 58.1277 0.240852 -13 863 1 0 1
-0.98309 -0.982077 25.4558 -3.38714 -0.950314 62.4882 -0.566719 -13 864 1 0 1
-1.9182 -2.81476 25.4558 -4.08092 -3.43366 55.0631 1.82277 -13 865 1 0 1
-0.138398 1.65674 25.4558 1.02433 13.175 55.5881 -0.0168595 -13 866 1 0 1
2.85982 3.10283 25.4558 3.40217 8.9832 73.9225 -0.60231 -13 867 1 0 1
1.18064 1.4535 25.4558 -9.49404 0.769871 78.0535 -1.58128 -13 868 1 0 1
-4.81223 -3.96198 25.4558 -17.1928 -14.6735 56.8919 -0.636536 -13 869 1 0 1
-0.413349 -0.118631 25.4558 -1.34406 -5.14402 59.6777 0.796126 -13 870 1 0 1
0.179617 -3.47589 25.4558 -2.14185 -17.3798 64.287 -1.14187 -13 871 1 0 1
-1.12352 -1.41059 25.4558 -7.78713 -1.63813 66.7608 -1.07926 -13 872 1 0 1
1.68424 1.16635 25.4558 1.28467 -0.956361 71.595 -1.02951 -13 873 1 0 1
-0.669419 1.37455 25.4558 -6.17303 7.43804 66.4068 2.62747 -13 874 1 0 1
-1.63186 -0.587637 25.4558 -7.20269 -5.09945 62.4386 0.255079 -13 875 1 0 1
2.87135 2.00026 25.4558 2.76979 5.77908 75.0694 0.0469377 -13 876 1 0 1
0.759874 -0.148027 25.4558 0.702253 13.6543 68.0686 -1.96101 -13 877 1 0 1
1.18778 0.709118 25.4558 -3.25242 12.3848 72.4413 -3.66108 -13 878 1 0 1
-6.12272 2.99625 25.4558 -11.7679 6.44506 42.7268 1.19452 -13 879 1 0 1
1.55748 -1.35209 25.4558 3.7105 -7.89624 68.1952 0.854843 -13 880 1 0 1
-0.262367 -1.68937 25.4558 1.216 -6.22068 56.5371 1.85507 -13 881 1 0 1
4.02189 4.5765 25.4558 8.06622 20.4688 72.6158 -0.518383 -13 882 1 0 1
3.09314 2.58423 25.4558 7.78681 16.021 63.021 -0.317035 -13 883 1 0 1
1.06662 0.162423 25.4558 9.45714 3.49383 35.9283 -0.197506 -13 885 1 0 1
3.01704 2.01871 25.4558 -0.849691 -5.37166 79.5743 2.37449 -13 886 1 0 1
-1.69784 2.46255 25.4558 -13.9369 8.39375 68.8328 0.53945 -13 887 1 0 1
-0.514679 1.92404 25.4558 2.64708 -0.349212 55.6818 0.0567627 -13 888 1 0 1
-1.44361 -1.52093 25.4558 -2.98213 -3.77319 56.8695 -0.609162 -13 889 1 0 1
1.97995 -3.06076 25.4558 3.998 -15.4947 67.2399 -1.12465 -13 890 1 0 1
-1.74987 -0.831438 25.4558 0.506929 -0.325031 34.1135 -1.15267 -13 891 1 0 1
-0.0549958 -2.53277 25.4558 -6.14328 -0.540877 71.4305 0.455439 -13 892 1 0 1
-3.83036 -0.919492 25.4558 -11.1219 1.81968 57.7658 -1.65658 -13 893 1 0 1
3.29842 -1.73078 25.4558 4.82207 -5.01204 76.037 -0.0111215 -13 894 1 0 1
-1.44791 -0.485925 25.4558 -17.3204 19.447 69.5839 1.53157 -13 895 1 0 1
-1.21157 2.6437 25.4558 -9.09606 15.459 67.5002 -1.66739 -13 896 1 0 1
-1.67114 -1.57593 25.4558 -2.81011 -4.444 48.605 -1.77241 -13 897 1 0 1
0.100035 -0.757093 25.4558 1.33866 0.604768 55.9063 -0.696041 -13 898 1 0 1
2.81603 -0.304638 25.4558 11.3801 4.07245 60.5662 -0.284978 -13 899 1 0 1
1.37911 2.31651 25.4558 1.50789 0.957062 68.4375 0.581689 -13 901 1 0 1
2.02814 0.586217 25.4558 10.0831 -3.8092 54.1812 0.554293 -13 902 1 0 1
1.69229 -5.1685 25.4558 -2.72641 -8.12166 74.3054 1.15818 -13 903 1 0 1
0.777869 1.00776 25.4558 3.14587 -3.80655 58.615 1.92913 -13 904 1 0 1
-0.927483 -0.334737 25.4558 -19.1933 2.97684 76.5446 0.134927 -13 905 1 0 1
-4.71397 -1.59667 25.4558 -12.8897 -3.08795 53.2335 1.25683 -13 906 1 0 1
0.242534 3.18679 25.4558 -2.58571 6.57151 67.3001 0.302151 -13 907 1 0 1
-4.01179 -2.7674 25.4558 -5.24151 -7.12818 35.1631 0.167482 -13 908 1 0 1
1.34222 -3.53603 25.4558 -3.67765 -8.31662 72.6593 0.678855 -13 909 1 0 1
-0.00910069 -0.927591 25.4558 -5.7923 -5.46792 70.0984 -0.173199 -13 910 1 0 1
-0.865526 4.52771 25.4558 0.672455 15.737 41.4643 -0.652226 -13 911 1 0 1
0.922389 5.84063 25.4558 2.31773 11.9089 54.4178 -0.817939 -13 912 1 0 1
2.51421 -0.0171429 25.4558 -8.60786 13.7183 78.6055 1.29594 -13 913 1 0 1
-3.73419 -0.932366 25.4558 -21.3577 8.62311 67.5637 0.982478 -13 914 1 0 1
0.601754 -3.22573 25.4558 2.38084 -7.91454 61.1784 -0.873158 -13 915 1 0 1
-0.0883593 -0.416533 25.4558 -22.9295 2.60286 76.8851 4.29889 -13 916 1 0 1
-3.23526 1.34711 25.4558 -2.93342 7.07461 39.4026 -0.250651 -13 917 1 0 1
-1.41674 1.24384 25.4558 -14.3106 5.56545 70.6064 2.01715 -13 918 1 0 1
-1.01798 1.97075 25.4558 -6.01228 2.61834 65.9571 -0.617469 -13 919 1 0 1
0.0994633 -1.606 25.4558 -14.3093 0.408259 78.1876 0.440589 -13 920 1 0 1
0.181653 2.866 25.4558 4.94594 -2.14015 33.7522 0.319268 -13 921 1 0 1
0.796427 -3.15332 25.4558 -14.5094 -12.3609 78.9151 2.43112 -13 922 1 0 1
-2.51613 0.0679087 25.4558 -8.37528 -0.247758 58.1265 -0.172302 -13 923 1 0 1
0.000605038 1.99747 25.4558 -3.72521 2.92479 68.1149 -1.0587 -13 924 1 0 1
-0.978228 1.50201 25.4558 -4.75778 7.96254 61.5312 0.355564 -13 925 1 0 1
0.105244 1.69614 25.4558 -12.0713 3.07528 75.9314 1.3631 -13 926 1 0 1
-0.921842 -2.70402 25.4558 -3.99744 -1.90421 67.6 0.538121 -13 927 1 0 1
-0.941222 -0.847811 25.4558 -1.609 -5.36788 57.3952 -0.249886 -13 928 1 0 1
-0.19361 -0.1316 25.4558 -5.45478 -1.05376 69.9611 1.32276 -13 930 1 0 1
2.06592 1.11614 25.4558 6.52454 -2.70029 62.8057 1.97768 -13 931 1 0 1
-3.8397 -1.25877 25.4558 -8.78144 -6.17252 49.1009 1.86688 -13 932 1 0 1
1.65668 1.39789 25.4558 2.31762 13.124 68.0125 1.01511 -13 933 1 0 1
0.223463 -0.0938542 25.4558 -8.88737 3.93761 73.9804 -0.568001 -13 934 1 0 1
-3.20683 4.27846 25.4558 -11.3518 15.8373 55.4079 0.923794 -13 935 1 0 1
2.33018 -2.41471 25.4558 11.0106 0.16381 60.1565 0.0135163 -13 936 1 0 1
0.576642 -2.75762 25.4558 -6.61962 -2.78762 72.9528 -0.227051 -13 938 1 0 1
-1.68307 -0.373876 25.4558 -5.03371 -0.849669 60.8791 -0.565786 -13 939 1 0 1
-1.21942 -0.27461 25.4558 -3.64857 3.5576 60.0623 -0.0562421 -13 940 1 0 1
-0.18111 -1.34568 25.4558 -2.90726 1.12555 67.2234 0.198568 -13 941 1 0 1
3.73998 -0.343221 25.4558 8.11088 -1.89633 71.7823 0.537859 -13 942 1 0 1
1.5936 -1.5586 25.4558 2.55262 -3.07847 67.6274 1.40266 -13 943 1 0 1
-2.28525 -1.66483 25.4558 -3.37985 2.84822 52.1015 -0.457586 -13 944 1 0 1
1.18413 1.87679 25.4558 -2.02814 16.4378 70.3274 0.87238 -13 945 1 0 1
-2.10244 1.58663 25.4558 -2.07149 4.83764 44.5333 -0.774561 -13 946 1 0 1
1.69476 -1.40623 25.4558 5.25739 1.35019 65.0154 -1.1934 -13 947 1 0 1
-0.501091 -1.10992 25.4558 2.12117 1.58848 48.8156 1.27607 -13 948 1 0 1
-4.32352 -1.12414 25.4558 -9.8973 -3.52642 52.8638 0.387548 -13 949 1 0 1
-1.09808 2.27617 25.4558 -5.08055 5.23703 65.3383 0.0519867 -13 950 1 0 1
6.1562 -3.1404 25.4558 21.0347 -5.70927 51.6961 0.604743 -13 951 1 0 1
1.09493 -0.72285 25.4558 5.04438 -3.08963 59.5776 2.64973 -13 952 1 0 1
0.108919 -0.961616 25.4558 -0.835328 -5.85819 59.2852 0.249673 -13 953 1 0 1
-1.11318 -4.61777 25.4558 -0.866887 -15.3033 54.1273 -0.247608 -13 954 1 0 1
0.622907 1.18824 25.4558 1.66705 -6.54652 60.5585 0.528622 -13 955 1 0 1
-1.80977 2.3807 25.4558 -3.30528 1.08937 53.6319 -0.107453 -13 956 1 0 1
-3.40791 0.230005 25.4558 -10.4171 -6.95053 56.2182 -1.03184 -13 957 1 0 1
1.59288 0.578444 25.4558 -18.3942 -1.33654 78.6278 -0.796113 -13 958 1 0 1
2.80409 -1.05916 25.4558 9.58419 -6.53751 61.4326 0.392312 -13 959 1 0 1
0.224882 1.42975 25.4558 -8.27932 3.19547 73.7116 -2.01666 -13 960 1 0 1
-0.4089 -2.78325 25.4558 2.75592 -5.18203 55.2357 0.176232 -13 961 1 0 1
-0.415795 -0.107171 25.4558 5.077 -0.867244 34.4075 0.682648 -13 962 1 0 1
3.89311 2.60998 25.4558 11.0879 -5.67504 67.444 1.98607 -13 963 1 0 1
-0.993296 0.780023 25.4558 -1.80441 0.183673 61.6255 1.9432 -13 964 1 0 1
-0.79007 -1.24966 25.4558 -5.16686 -8.79759 64.0136 1.41231 -13 965 1 0 1
-3.51685 -1.94948 25.4558 -8.45139 1.55451 52.8344 2.29815 -13 966 1 0 1
0.0838857 -1.28312 25.4558 4.70979 -0.584784 53.9333 0.565885 -13 967 1 0 1
-5.04695 0.0299744 25.4558 -20.3425 -4.74022 59.078 -1.03587 -13 968 1 0 1
-1.00297 -0.666294 25.4558 2.72484 -5.27687 49.6144 0.576582 -13 969 1 0 1
1.6145 -0.847458 25.4558 4.45136 -8.03233 64.252 -0.0672027 -13 970 1 0 1
1.69229 -2.06901 25.4558 4.43076 1.36015 68.4769 -1.13248 -13 971 1 0 1
-4.20042 1.20589 25.4558 -4.03467 7.03243 28.9939 -0.934037 -13 972 1 0 1
-2.79859 -1.69873 25.4558 -1.90189 -1.05232 32.0175 -0.787117 -13 973 1 0 1
-0.97725 1.01052 25.4558 -7.6 5.41871 68.6173 -0.600174 -13 974 1 0 1
-0.718744 -1.16199 25.4558 -10.8622 9.0146 72.7136 1.67835 -13 975 1 0 1
-2.83199 -3.75635 25.4558 -10.0311 -9.75018 58.7947 0.397961 -13 977 1 0 1
-0.842643 0.293448 25.4558 -11.3302 -3.71905 70.4095 -1.3995 -13 979 1 0 1
-6.42853 -0.277168 25.4558 -21.4825 -3.15195 51.4622 -1.3719 -13 980 1 0 1
-1.27839 -0.948612 25.4558 -7.06739 -11.6752 61.5594 -0.65196 -13 981 1 0 1
0.184556 3.71934 25.4558 0.124778 9.54527 63.9009 -0.638505 -13 982 1 0 1
-0.201713 -1.72543 25.4558 -7.92561 6.44252 71.0726 -0.287764 -13 983 1 0 1
8.64022 -4.89379 25.4558 18.407 -7.52686 32.2839 1.28847 -13 984 1 0 1
-1.11404 -0.256436 25.4558 -3.4926 1.35423 59.804 0.914846 -13 985 1 0 1
-2.47884 -2.66287 25.4558 -9.36096 -7.64663 59.8855 -0.269942 -13 986 1 0 1
0.21577 -3.59226 25.4558 0.734385 -16.5113 59.53 0.472935 -13 987 1 0 1
-3.47035 6.09052 25.4558 -3.10615 9.45469 27.1569 -0.0516519 -13 988 1 0 1
0.995358 -2.38102 25.4558 0.556662 -6.59794 69.665 1.1073 -13 989 1 0 1
-0.166722 0.744074 25.4558 -4.97604 -7.93837 69.2834 0.320207 -13 990 1 0 1
-3.47223 3.63679 25.4558 -7.01939 5.68876 50.3373 -2.17526 -13 991 1 0 1
-4.08295 2.45752 25.4558 -3.92108 4.37391 40.195 0.903806 -13 992 1 0 1
-0.992293 -2.51105 25.4558 3.86009 -6.25438 49.4921 1.6755 -13 993 1 0 1
3.23422 -9.68059 25.4558 10.7794 -19.5814 43.5289 -0.724902 -13 994 1 0 1
0.944001 -0.288074 25.4558 2.80998 1.32227 64.1964 -1.76017 -13 995 1 0 1
-1.34542 -0.0702691 25.4558 -9.71773 -1.29407 67.704 0.25088 -13 996 1 0 1
-2.05134 -0.712488 25.4558 -3.30551 -1.64883 49.3624 2.45494 -13 997 1 0 1
1.19685 -0.863766 25.4558 6.21597 -1.33067 56.531 0.0200079 -13 999 1 0 1
-2.44652 -1.24594 25.4558 -3.39469 -3.76655 47.0743 -0.498036 -13 1000 1 0 1
-1.56214 -0.852511 25.4558 -12.7667 -6.13947 70.1617 -0.68064 -13 1001 1 0 1
-1.48283 3.89962 25.4558 -1.92553 10.1565 51.0667 -1.24856 -13 1002 1 0 1
-3.16691 -2.32449 25.4558 -3.6461 0.536217 38.5576 0.0511452 -13 1003 1 0 1
0.242496 -4.41665 25.4558 -0.0316883 -7.48738 66.8824 0.882368 -13 1004 1 0 1
-3.46872 0.0911747 25.4558 -4.54528 -3.56073 33.8415 -0.583172 -13 1005 1 0 1
-1.41755 0.361947 25.4558 -5.78937 -1.19565 62.4519 2.18477 -13 1006 1 0 1
-1.70264 -1.03421 25.4558 -13.5279 -2.81928 69.8314 1.0942 -13 1007 1 0 1
-1.73164 -2.20162 25.4558 -13.8996 -10.0848 70.3977 2.98937 -13 1008 1 0 1
-2.16911 3.77093 25.4558 -7.26004 11.2169 57.6754 -0.10999 -13 1009 1 0 1
-1.89383 -1.65194 25.4558 -17.9932 -10.5889 69.9647 2.09077 -13 1010 1 0 1
-0.426008 -0.0148624 25.4558 5.46873 -2.60251 45.8178 -0.353899 -13 1011 1 0 1
0.106487 2.79134 25.4558 -3.34716 2.16995 69.9761 -0.176755 -13 1012 1 0 1
-1.74853 2.11416 25.4558 -7.35668 -1.80967 63.85 -1.41687 -13 1013 1 0 1
1.24514 0.73875 25.4558 -4.71803 5.86305 75.993 -1.86804 -13 1014 1 0 1
0.418038 -0.0415027 25.4558 -0.0457643 2.45527 66.5062 0.18389 -13 1015 1 0 1
-0.798043 -1.52333 25.4558 -0.856496 -6.77648 58.7912 0.381697 -13 1016 1 0 1
-2.28196 3.2398 25.4558 -14.8818 12.51 67.1151 0.962589 -13 1017 1 0 1
-1.3433 -0.832983 25.4558 -1.56544 6.75428 51.1308 -1.37363 -13 1018 1 0 1
-1.62326 6.13999 25.4558 -7.23082 16.005 58.8218 -0.397601 -13 1019 1 0 1
0.281961 -1.41377 25.4558 0.524515 -1.87078 61.5028 0.439693 -13 1020 1 0 1
0.0623884 0.664713 25.4558 -1.82803 -8.53472 64.0893 0.83654 -13 1021 1 0 1
1.73209 -2.45248 25.4558 2.16668 -7.72533 70.7928 1.1628 -13 1022 1 0 1
1.37728 -1.89522 25.4558 4.83354 -6.39131 61.7105 -1.80893 -13 1023 1 0 1
0.50903 1.90497 25.4558 -12.9335 5.05143 77.6069 0.193376 -13 1024 1 0 1
-1.26053 3.86996 25.4558 1.24758 1.52553 23.2725 -2.70118 -13 1025 1 0 1
2.8544 -1.62625 25.4558 0.410663 -5.00771 78.2557 -0.186683 -13 1026 1 0 1
1.31769 0.56055 25.4558 -4.7286 0.0293556 75.8167 0.0668608 -13 1027 1 0 1
-1.50117 -2.44772 25.4558 -3.42683 -7.81573 61.0765 0.44915 -13 1028 1 0 1
1.15616 0.787695 25.4558 4.97602 5.90678 60.3978 -1.13743 -13 1029 1 0 1
0.754354 1.38592 25.4558 3.5457 5.389 58.6479 -0.819284 -13 1030 1 0 1
-2.32139 -0.658835 25.4558 -25.9828 -2.76652 74.2882 1.14756 -13 1031 1 0 1
-1.23262 0.343285 25.4558 -6.29634 -7.95662 64.2263 1.22812 -13 1032 1 0 1
0.668062 -0.362185 25.4558 4.42438 -3.10378 54.5729 -0.178446 -13 1033 1 0 1
-2.13202 0.699262 25.4558 -8.35543 -0.509103 64.5548 1.24086 -13 1034 1 0 1
-1.23314 1.60146 25.4558 -1.13291 7.95249 53.8272 -0.112489 -13 1035 1 0 1
0.265659 1.7111 25.4558 -4.44826 5.24023 69.8191 -0.85457 -13 1036 1 0 1
-6.15236 5.04197 25.4558 -12.6429 12.5535 40.3754 0.0661963 -13 1037 1 0 1
-1.66802 -1.27346 25.4558 -6.49251 -9.98592 57.1284 -0.474425 -13 1038 1 0 1
-1.57263 -0.139858 25.4558 -3.21662 5.97167 57.613 -1.24498 -13 1039 1 0 1
3.20186 0.111719 25.4558 9.61356 -1.33746 70.0412 1.77093 -13 1040 1 0 1
1.54765 -1.09446 25.4558 3.05816 4.59453 67.599 -0.207668 -13 1041 1 0 1
-0.614254 2.79559 25.4558 3.17985 5.53032 47.0425 -0.350879 -13 1042 1 0 1
2.19333 0.174527 25.4558 7.21473 -2.43186 66.6694 0.666146 -13 1043 1 0 1
2.34425 -2.20902 25.4558 -2.50627 5.19526 78.2326 1.23433 -13 1044 1 0 1
1.02623 4.07682 25.4558 4.04224 16.3094 58.7585 -0.213001 -13 1045 1 0 1
-1.87271 0.455341 25.4558 -13.1147 6.53961 65.0813 2.48289 -13 1046 1 0 1
-0.692102 3.40244 25.4558 -8.78807 6.85961 68.9434 2.11152 -13 1047 1 0 1
-4.99474 0.27521 25.4558 -5.84219 -1.14762 20.1956 0.13714 -13 1048 1 0 1
-4.4553 -2.81615 25.4558 -4.54921 -3.45122 29.3972 0.80084 -13 1049 1 0 1
2.10301 0.86342 25.4558 8.98522 -4.6959 59.6891 0.790671 -13 1050 1 0 1
1.69274 -2.59232 25.4558 5.62771 -4.85376 64.2147 0.299103 -13 1051 1 0 1
-5.32068 1.9771 25.4558 -11.7206 4.79126 49.2782 1.97691 -13 1052 1 0 1
-0.350325 -0.589466 25.4558 -18.6515 -4.6657 76.7973 1.16635 -13 1053 1 0 1
1.85705 -1.70215 25.4558 -0.894915 0.0608844 73.7112 0.490854 -13 1054 1 0 1
1.08478 -1.69605 25.4558 0.342174 -7.07017 68.8927 0.698115 -13 1055 1 0 1
-1.56585 -3.32713 25.4558 -3.96476 -6.23909 59.4111 0.357958 -13 1056 1 0 1
-0.312366 1.83986 25.4558 2.98842 -0.265362 52.5502 -0.56537 -13 1057 1 0 1
-0.128538 0.970318 25.4558 -6.99096 -0.180586 70.6441 0.0962773 -13 1058 1 0 1
-1.01034 0.152205 25.4558 2.11948 -3.67448 45.8314 -1.35872 -13 1059 1 0 1
1.78265 -0.601127 25.4558 5.33406 -3.6298 66.2666 -0.77171 -13 1060 1 0 1
-2.65837 0.297796 25.4558 -3.11894 6.82069 47.2064 -0.828509 -13 1061 1 0 1
-1.64373 -0.284883 25.4558 -1.49219 2.08334 41.354 0.0832661 -13 1062 1 0 1
-1.32337 0.0624172 25.4558 -9.20798 6.9746 68.0073 -0.0885453 -13 1063 1 0 1
6.30128 0.343823 25.4558 18.4385 5.27009 69.9979 -0.271707 -13 1064 1 0 1
1.49784 -2.0987 25.4558 -0.137718 -1.48815 70.1543 1.96372 -13 1066 1 0 1
0.0297404 0.857803 25.4558 -5.74697 9.78735 69.5352 0.184762 -13 1067 1 0 1
-6.15754 -1.00455 25.4558 -10.1093 -0.128291 37.0939 -0.425382 -13 1068 1 0 1
-0.189975 -3.31081 25.4558 -0.57961 -6.72075 59.7819 -0.6769 -13 1069 1 0 1
-1.97863 -1.93504 25.4558 -2.54386 -7.68833 51.9959 0.556971 -13 1070 1 0 1
3.43081 2.28534 25.4558 9.54279 1.85948 68.3408 2.06655 -13 1071 1 0 1
-3.87224 6.1157 25.4558 -6.57319 18.154 48.2711 -0.142386 -13 1072 1 0 1
2.00982 0.959261 25.4558 0.781059 6.04491 72.8421 -0.104251 -13 1073 1 0 1
3.81909 -1.38716 25.4558 11.3481 -1.23407 71.5806 1.17855 -13 1074 1 0 1
-2.41038 -3.0669 25.4558 -9.59238 -2.67042 61.3079 -0.0892213 -13 1075 1 0 1
1.94842 0.780619 25.4558 10.3409 5.65006 55.5963 -0.361693 -13 1076 1 0 1
-4.57289 -0.345094 25.4558 -17.3579 -2.58627 52.3057 -0.550557 -13 1077 1 0 1
-2.91397 2.41007 25.4558 -9.78187 5.33831 60.1696 -0.974887 -13 1078 1 0 1
2.39422 0.0924266 25.4558 5.26882 4.88324 67.5316 0.719594 -13 1079 1 0 1
1.30864 2.81863 25.4558 -10.6176 12.0536 78.6022 0.124572 -13 1080 1 0 1
5.85049 0.636542 25.4558 20.8437 0.688089 61.3996 1.61793 -13 1081 1 0 1
-0.923136 2.01383 25.4558 -3.659 0.416514 63.1858 0.520752 -13 1082 1 0 1
-4.3858 0.965656 25.4558 -3.15232 4.72008 31.3127 -1.20969 -13 1083 1 0 1
0.717601 0.489536 25.4558 -1.74075 1.51002 71.2155 -0.27827 -13 1084 1 0 1
1.5223 5.39681 25.4558 4.41457 9.97828 61.3747 -0.210046 -13 1085 1 0 1
0.848255 0.19598 25.4558 4.23809 1.96584 58.5503 0.123811 -13 1086 1 0 1
1.39014 1.16147 25.4558 -4.20254 -5.24058 75.9792 0.847013 -13 1087 1 0 1
0.0409834 2.14322 25.4558 2.39135 12.0709 58.1543 0.837957 -13 1088 1 0 1
5.96172 3.18137 25.4558 15.4928 13.8469 73.7754 -0.709386 -13 1089 1 0 1
0.148476 3.30682 25.4558 -0.601415 7.12888 65.6165 0.664991 -13 1090 1 0 1
-6.38707 -1.83253 25.4558 -22.7315 -1.66343 55.5077 -1.88101 -13 1091 1 0 1
-2.08766 2.85343 25.4558 -15.0224 3.5515 69.1615 -1.6895 -13 1092 1 0 1
3.06026 -1.28414 25.4558 -1.08501 -8.99608 79.0171 -0.582479 -13 1093 1 0 1
1.78827 -1.81603 25.4558 9.03013 -8.73509 40.8523 -1.07511 -13 1094 1 0 1
1.37446 0.896946 25.4558 5.19981 8.34267 65.382 0.310456 -13 1095 1 0 1
-3.12204 4.26881 25.4558 -8.94112 6.413 54.3845 -0.280486 -13 1096 1 0 1
0.346467 1.18377 25.4558 2.80785 -0.32551 57.8899 0.332456 -13 1097 1 0 1
-1.34426 -2.73382 25.4558 -10.3208 -1.52379 68.0955 0.682556 -13 1098 1 0 1
-2.56564 -2.00933 25.4558 -5.2496 -7.10977 54.7422 -1.8025 -13 1099 1 0 1
-1.20936 -0.27611 25.4558 -11.9584 -6.50759 68.2939 -0.251665 -13 1100 1 0 1
-0.775237 0.884198 25.4558 3.23729 7.3016 45.1889 1.96837 -13 1101 1 0 1
-1.69223 4.46703 25.4558 -2.43601 5.49994 57.6391 -0.31786 -13 1102 1 0 1
1.00391 -1.85115 25.4558 1.57436 -11.8831 67.9746 -0.256817 -13 1103 1 0 1
0.698233 1.57181 25.4558 -6.84696 9.43109 73.8943 -0.222068 -13 1104 1 0 1
0.787559 -0.893247 25.4558 5.16761 -10.3869 62.5357 -1.66198 -13 1105 1 0 1
-3.37238 -3.07357 25.4558 -18.7714 -9.49746 65.8851 1.64897 -13 1106 1 0 1
1.00776 1.61137 25.4558 5.26867 10.159 49.6741 2.30246 -13 1107 1 0 1
0.833861 -1.93059 25.4558 1.97715 -12.6505 63.5201 2.60025 -13 1108 1 0 1
0.44939 0.820851 25.4558 -2.73985 -1.90011 67.2621 2.67835 -13 1109 1 0 1
-0.226088 3.41317 25.4558 7.15151 8.50352 41.5867 2.63324 -13 1110 1 0 1
-0.835906 3.90914 25.4558 -2.59717 5.16945 62.5333 1.67405 -13 1111 1 0 1
-2.27572 2.07395 25.4558 -6.82413 6.0626 58.9596 1.0066 -13 1112 1 0 1
2.43672 -1.01823 25.4558 0.61685 -3.87075 76.3412 0.522044 -13 1113 1 0 1
-4.28707 2.88936 25.4558 -12.782 4.86533 51.5809 3.03409 -13 1114 1 0 1
1.87585 2.22672 25.4558 7.77213 15.0898 59.8384 0.553621 -13 1115 1 0 1
1.89604 0.573142 25.4558 2.40772 14.2945 69.1769 0.9762 -13 1116 1 0 1
0.634833 1.8904 25.4558 -3.4614 5.93198 73.9553 -1.43327 -13 1117 1 0 1
-1.93114 0.381987 25.4558 -4.76296 -6.54552 56.1076 -0.694889 -13 1118 1 0 1
1.3785 2.83588 25.4558 5.80844 7.13263 61.7042 -2.0854 -13 1119 1 0 1
0.273933 0.630577 25.4558 -2.80874 -0.938005 70.333 -0.698769 -13 1120 1 0 1
-0.863871 -4.75084 25.4558 -1.98925 -12.2508 57.9105 -1.38813 -13 1121 1 0 1
1.65745 -0.0118065 25.4558 -2.81205 1.54084 77.4632 0.378674 -13 1122 1 0 1
-2.38604 1.96172 25.4558 -12.1062 3.54057 64.803 3.39555 -13 1123 1 0 1
0.322422 2.49397 25.4558 -0.529587 2.89533 62.9049 1.11348 -13 1124 1 0 1
-1.66928 -1.72912 25.4558 -6.70674 6.86944 60.1662 0.928733 -13 1125 1 0 1
3.23006 -0.918605 25.4558 11.7792 0.712025 52.0422 -1.36823 -13 1126 1 0 1
0.294895 0.466199 25.4558 4.90921 10.3924 55.5156 0.271095 -13 1127 1 0 1
-0.461588 -3.66825 25.4558 3.15452 -2.63516 53.1954 -0.444489 -13 1128 1 0 1
-0.148675 0.901546 25.4558 -7.42876 -7.27076 70.9108 -0.0363351 -13 1129 1 0 1
0.841526 3.00654 25.4558 5.72332 7.22271 42.4546 1.22258 -13 1130 1 0 1
-1.16291 2.16016 25.4558 -6.20852 -3.5266 63.1384 0.64249 -13 1131 1 0 1
-0.511073 2.2939 25.4558 5.34677 4.24974 40.7922 -0.600804 -13 1132 1 0 1
-0.90021 2.62382 25.4558 -8.19311 -3.64468 70.0763 -1.94257 -13 1133 1 0 1
1.0378 0.770135 25.4558 -3.47239 -2.4929 73.6519 -0.290185 -13 1134 1 0 1
2.45339 3.06542 25.4558 4.6426 0.0860438 68.2738 0.399519 -13 1135 1 0 1
0.318868 -2.23713 25.4558 7.85081 -7.5932 49.0486 0.545384 -13 1136 1 0 1
-2.37124 -5.16479 25.4558 -1.67097 -5.9782 40.3353 1.45918 -13 1137 1 0 1
-1.63863 -0.240153 25.4558 -18.8053 1.4438 73.6081 -0.943813 -13 1138 1 0 1
0.785504 -1.2456 25.4558 2.12648 -4.77744 62.1953 0.697297 -13 1139 1 0 1
1.50226 2.93341 25.4558 4.72705 3.82263 66.3574 0.0286719 -13 1140 1 0 1
-1.74856 -3.26177 25.4558 -25.1221 -14.1458 75.8172 -1.06058 -13 1141 1 0 1
-0.661937 2.5153 25.4558 2.33536 7.52685 41.1186 -0.0686753 -13 1142 1 0 1
-0.526417 0.348856 25.4558 0.0243888 2.36596 60.4414 0.209807 -13 1143 1 0 1
-2.07962 -0.141994 25.4558 -5.39128 3.53723 57.3408 2.07372 -13 1144 1 0 1
0.971257 2.22142 25.4558 6.00368 -2.49244 41.3849 -1.05071 -13 1145 1 0 1
0.67627 -4.00976 25.4558 6.18694 -7.50784 49.452 1.62064 -13 1146 1 0 1
-0.460198 0.0221031 25.4558 1.94974 0.662225 52.4844 1.01714 -13 1147 1 0 1
-1.18157 -0.913873 25.4558 -7.08089 -5.82919 65.3963 -0.51067 -13 1148 1 0 1
-0.344532 -1.77422 25.4558 -6.23874 -2.02884 69.532 2.22421 -13 1149 1 0 1
3.04438 -3.25757 25.4558 7.35183 -22.089 64.8399 0.0676502 -13 1150 1 0 1
-4.42847 0.153158 25.4558 -8.74175 -3.04431 48.6346 0.947026 -13 1151 1 0 1
-1.22228 -0.946617 25.4558 -7.01863 -1.46439 63.351 0.693504 -13 1152 1 0 1
1.85933 3.34828 25.4558 8.16957 8.99208 57.1626 -0.686009 -13 1153 1 0 1
0.833604 -2.06572 25.4558 3.96695 -4.52691 57.9248 -0.369195 -13 1155 1 0 1
2.21659 -2.83848 25.4558 8.59136 -0.445131 60.8044 0.882035 -13 1156 1 0 1
-3.51111 -2.68717 25.4558 -9.20379 -10.0387 50.7765 -0.706491 -13 1157 1 0 1
0.61692 -0.207009 25.4558 4.07595 -1.56226 45.8819 -0.049921 -13 1158 1 0 1
-1.14793 -2.23318 25.4558 -5.69861 -5.46922 61.6073 -0.361694 -13 1159 1 0 1
0.419209 0.538853 25.4558 -5.93947 3.33154 72.9106 -0.123072 -13 1160 1 0 1
-0.62191 1.02415 25.4558 -3.68001 2.60235 62.8879 0.555871 -13 1161 1 0 1
0.904599 -3.41791 25.4558 1.3489 -8.33915 64.3846 0.953431 -13 1162 1 0 1
-1.1723 -1.56444 25.4558 -4.87489 -7.7014 62.4247 0.813639 -13 1163 1 0 1
1.19911 -0.842053 25.4558 5.10257 4.9725 63.4541 -0.0176447 -13 1164 1 0 1
-0.330483 -0.981923 25.4558 0.00331647 -2.45688 59.4955 -0.620784 -13 1166 1 0 1
0.752231 0.531314 25.4558 -2.76214 4.56085 70.5303 1.61475 -13 1167 1 0 1
-0.714519 -0.257265 25.4558 0.479959 4.82216 59.0416 -1.006 -13 1168 1 0 1
-0.480546 -0.0718143 25.4558 -4.15934 -0.741253 64.5989 0.516408 -13 1169 1 0 1
4.69212 0.801369 25.4558 18.2705 -0.807354 56.216 0.958602 -13 1170 1 0 1
1.27588 -0.698984 25.4558 9.01716 -1.64576 47.5177 0.563096 -13 1171 1 0 1
-1.44437 -2.19892 25.4558 -0.303214 -12.8001 51.5205 -1.27211 -13 1172 1 0 1
-0.10715 1.56268 25.4558 -8.20774 -2.47387 69.5553 -1.80617 -13 1173 1 0 1
0.477009 3.36984 25.4558 2.20155 13.214 59.0251 0.284276 -13 1174 1 0 1
1.14176 0.917507 25.4558 -3.56203 -1.15941 74.2363 0.0371966 -13 1175 1 0 1
1.99828 0.97462 25.4558 -0.35376 -1.45636 74.1009 1.55685 -13 1176 1 0 1
5.54485 -0.0347413 25.4558 15.2229 0.57285 69.6619 1.32313 -13 1177 1 0 1
2.25882 1.22573 25.4558 0.90771 -0.946742 75.6216 4.26721 -13 1178 1 0 1
-1.43809 -5.06896 25.4558 -3.97077 -10.3227 57.9909 -0.990945 -13 1179 1 0 1
0.353871 -1.34315 25.4558 2.68049 -2.57011 54.9032 0.100938 -13 1180 1 0 1
5.53297 1.88571 25.4558 18.3178 1.84225 65.1835 2.08434 -13 1181 1 0 1
1.08124 -3.01306 25.4558 3.82548 -2.34323 61.158 -0.112987 -13 1182 1 0 1
-0.612454 2.65358 25.4558 -0.84725 -0.0962514 56.5159 0.415686 -13 1183 1 0 1
0.96954 -2.83743 25.4558 4.24831 -3.5469 60.1869 0.78289 -13 1184 1 0 1
8.17933 -0.963336 25.4558 30.5236 -11.9987 53.7922 -0.441679 -13 1185 1 0 1
1.10374 0.755291 25.4558 6.43408 -4.24709 60.6328 0.566051 -13 1186 1 0 1
1.21904 0.298653 25.4558 -6.18725 2.19789 75.837 -0.269305 -13 1187 1 0 1
2.40868 1.87815 25.4558 2.334 5.63143 74.9591 -2.21113 -13 1188 1 0 1
-1.55636 -0.872743 25.4558 -6.26008 -4.34296 63.3232 0.450057 -13 1189 1 0 1
-2.12532 -0.922597 25.4558 -4.43944 -5.48114 54.7565 -1.41766 -13 1190 1 0 1
-3.01114 -3.75515 25.4558 -8.2657 -2.74734 53.4397 -0.277967 -13 1191 1 0 1
-1.5349 0.642985 25.4558 -3.32365 -0.342509 57.1721 -0.633111 -13 1192 1 0 1
-0.233327 -0.189881 25.4558 2.69293 -1.9077 53.828 -0.565656 -13 1193 1 0 1
1.03339 -2.04985 25.4558 -4.75184 1.8632 74.0492 0.477279 -13 1194 1 0 1
3.45258 -0.990396 25.4558 10.7518 1.92032 65.9592 1.03063 -13 1195 1 0 1
2.57483 1.16436 25.4558 4.79435 -0.170793 70.0045 0.178287 -13 1196 1 0 1
2.09591 1.33 25.4558 7.85357 3.31679 60.1016 -1.28075 -13 1197 1 0 1
4.26494 -1.52854 25.4558 3.46517 -15.0479 78.9906 0.771589 -13 1198 1 0 1
-1.5004 -0.174737 25.4558 -9.5618 -8.75759 64.5134 -0.958797 -13 1199 1 0 1
-2.71507 -0.43081 25.4558 -12.0326 10.2308 63.724 -0.146645 -13 1200 1 0 1
1.72971 -0.450385 25.4558 5.34509 0.551425 60.3714 -0.718821 -13 1201 1 0 1
-1.59344 0.856459 25.4558 -0.120161 -3.89373 44.2666 -2.91212 -13 1202 1 0 1
-1.64307 0.976229 25.4558 -12.408 10.8437 68.7454 -2.3 -13 1203 1 0 1
0.788763 0.281078 25.4558 3.35723 2.40086 61.5749 1.47743 -13 1204 1 0 1
1.13985 -0.607638 25.4558 -7.9418 -17.5249 75.6168 0.398528 -13 1205 1 0 1
-0.622905 -1.48961 25.4558 -1.13645 0.682986 59.4367 -1.15219 -13 1206 1 0 1
-3.80459 -1.62 25.4558 -5.49565 -1.39698 31.5215 1.46777 -13 1207 1 0 1
4.50791 -2.59549 25.4558 15.1414 -8.0974 59.1934 0.792644 -13 1208 1 0 1
2.44486 2.10258 25.4558 -12.0124 5.65189 78.0697 -1.75194 -13 1209 1 0 1
-4.45283 -1.90286 25.4558 -20.892 -2.9404 62.9075 1.40776 -13 1210 1 0 1
4.31556 -2.64837 25.4558 2.01981 -0.911699 79.5039 -0.35268 -13 1211 1 0 1
-0.512667 -1.46694 25.4558 -7.82388 -0.030177 70.0106 -1.55758 -13 1212 1 0 1
-4.80938 -0.064992 25.4558 -10.4593 5.9421 47.2586 -1.9819 -13 1213 1 0 1
1.71036 -0.26357 25.4558 -3.37058 5.91867 77.087 1.28012 -13 1214 1 0 1
0.595242 -1.20267 25.4558 -4.8667 -1.9684 71.6645 0.197243 -13 1215 1 0 1
0.0218929 -0.243845 25.4558 0.819585 4.54857 58.3658 -1.45217 -13 1216 1 0 1
4.40482 1.19916 25.4558 16.7383 7.04227 62.1629 1.99701 -13 1217 1 0 1
-0.0560439 6.28051 25.4558 -2.80757 23.0093 62.3891 -0.174375 -13 1218 1 0 1
2.84676 1.33013 25.4558 10.0501 -1.1142 59.4198 1.34538 -13 1219 1 0 1
-0.940118 -1.26862 25.4558 -14.5899 -17.7848 71.08 1.74813 -13 1220 1 0 1
-4.82431 2.54536 25.4558 -12.5045 2.44967 50.4907 -1.51759 -13 1221 1 0 1
-2.36923 4.46064 25.4558 -3.78635 5.00765 48.3363 -1.08528 -13 1222 1 0 1
-0.546959 -4.77569 25.4558 -2.08476 -18.9538 57.4092 1.8544 -13 1223 1 0 1
-2.15043 -1.22729 25.4558 -11.3582 -9.84108 63.4391 0.974345 -13 1224 1 0 1
0.833811 -1.59243 25.4558 -11.9456 6.85328 78.1614 1.17869 -13 1225 1 0 1
0.105436 -3.24968 25.4558 -7.49807 -4.71958 71.1225 -1.30408 -13 1226 1 0 1
0.142099 -0.445307 25.4558 6.93512 5.91698 48.7662 2.07744 -13 1228 1 0 1
0.564891 -2.86658 25.4558 -0.939579 -9.98831 68.5489 -2.40515 -13 1229 1 0 1
1.67375 0.671094 25.4558 -9.80469 5.53128 79.5734 -1.04052 -13 1230 1 0 1
-1.59784 -0.597092 25.4558 -1.94002 -5.95851 56.0261 -2.42731 -13 1231 1 0 1
2.63569 1.00722 25.4558 8.32464 7.64341 55.2908 -0.883918 -13 1232 1 0 1
-2.69583 -0.676723 25.4558 -5.12085 -3.8274 52.1629 0.579992 -13 1233 1 0 1
-3.89164 -1.90165 25.4558 -8.8864 -13.029 47.4927 -1.18301 -13 1234 1 0 1
-0.632857 3.01678 25.4558 -4.34068 -0.118436 64.8586 1.53309 -13 1235 1 0 1
-1.49251 -1.18786 25.4558 -8.5704 -3.21136 65.2473 -0.490376 -13 1236 1 0 1
-1.21091 -1.02047 25.4558 -1.06211 6.76204 58.3741 0.637744 -13 1237 1 0 1
3.1034 -1.11712 25.4558 5.12258 0.0807678 74.5144 0.0882345 -13 1238 1 0 1
0.848023 0.623599 25.4558 0.604106 9.08968 63.4896 1.68255 -13 1239 1 0 1
-1.72701 -1.08194 25.4558 -11.4602 -4.04725 67.1391 1.69888 -13 1240 1 0 1
0.0919067 0.440695 25.4558 -7.67437 -6.15616 72.6368 -3.12764 -13 1241 1 0 1
0.727719 -1.00415 25.4558 2.30532 -0.996107 65.0589 1.00645 -13 1242 1 0 1
-0.589536 -2.48209 25.4558 -1.6923 -5.28103 61.2375 0.706671 -13 1243 1 0 1
4.73417 0.014127 25.4558 11.5191 6.19448 71.592 -0.743138 -13 1244 1 0 1
-0.902632 -1.57794 25.4558 -2.24562 -7.86596 63.5644 1.38331 -13 1245 1 0 1
-5.42306 -3.98966 25.4558 -6.48715 -6.33141 37.5867 -0.0309531 -13 1246 1 0 1
-0.937728 0.584184 25.4558 -10.0931 3.75786 69.3061 -0.480924 -13 1247 1 0 1
-1.26806 4.49161 25.4558 -5.49185 13.7751 58.9559 -0.333756 -13 1248 1 0 1
-1.41744 -0.0367495 25.4558 -7.54865 7.23035 63.7956 0.14219 -13 1249 1 0 1
-0.587911 -2.94948 25.4558 -0.0186285 -12.2207 58.2722 0.517821 -13 1250 1 0 1
6.6592 -0.998799 25.4558 22.7291 -9.02736 57.8374 -0.494124 -13 1251 1 0 1
0.470861 1.41715 25.4558 3.93868 5.77215 59.7413 0.377196 -13 1252 1 0 1
-2.3318 0.280349 25.4558 -9.2265 -2.93736 62.4969 1.22177 -13 1253 1 0 1
1.03707 -0.362766 25.4558 -1.40023 0.697629 71.0771 -0.633439 -13 1254 1 0 1
0.263761 2.39543 25.4558 6.58499 9.73781 48.8913 1.50014 -13 1255 1 0 1
1.66628 2.4957 25.4558 7.20189 11.0685 63.9014 2.24318 -13 1256 1 0 1
0.0189286 5.14258 25.4558 -0.504589 9.44153 63.2178 0.534789 -13 1257 1 0 1
-2.26063 -0.959243 25.4558 -1.10952 -6.23902 50.1575 1.28892 -13 1258 1 0 1
2.00266 2.87036 25.4558 9.92316 6.72645 48.628 0.214109 -13 1259 1 0 1
-5.29334 0.767511 25.4558 -13.0787 4.68285 48.4793 -2.24196 -13 1260 1 0 1
1.85624 -2.24902 25.4558 5.2223 -1.25122 60.9716 -0.046598 -13 1261 1 0 1
-2.79752 1.19871 25.4558 -16.3935 9.48408 65.37 -1.04029 -13 1262 1 0 1
3.48185 1.09872 25.4558 13.7828 10.7542 48.4533 0.327907 -13 1263 1 0 1
0.760683 2.16926 25.4558 4.08826 8.76441 60.9004 0.316591 -13 1264 1 0 1
-3.95104 0.69284 25.4558 -17.5618 2.26313 61.8516 -0.0395654 -13 1265 1 0 1
-1.00021 -0.835827 25.4558 -9.55538 1.63456 70.9763 1.60215 -13 1266 1 0 1
-1.44524 -2.80427 25.4558 1.17042 -6.97435 40.1043 -0.279513 -13 1267 1 0 1
-1.69309 -0.274503 25.4558 -4.20153 -2.77773 61.465 2.40759 -13 1268 1 0 1
-2.13198 0.818099 25.4558 -16.4745 2.49302 68.6292 -0.686906 -13 1269 1 0 1
-0.111923 1.29623 25.4558 -7.77367 -7.825 70.8688 0.720264 -13 1270 1 0 1
-2.51365 -0.966255 25.4558 -9.85182 -7.58696 63.2459 -1.35949 -13 1271 1 0 1
0.258406 3.37864 25.4558 4.66896 8.14077 51.7449 0.955405 -13 1272 1 0 1
-0.553354 -0.480677 25.4558 1.46319 -6.35916 56.8044 -0.905957 -13 1273 1 0 1
0.712278 1.51041 25.4558 -5.8429 13.6985 71.1002 0.307201 -13 1274 1 0 1
-2.45393 -2.03537 25.4558 -6.11685 -5.75053 53.2681 -0.104683 -13 1275 1 0 1
2.57487 0.645047 25.4558 12.5482 7.68897 45.2945 0.930004 -13 1276 1 0 1
-1.93432 -3.26783 25.4558 -6.20361 -1.32841 58.8912 0.846884 -13 1277 1 0 1
-1.29318 -0.554777 25.4558 0.46553 -7.42006 47.0967 -0.916358 -13 1278 1 0 1
-0.443722 3.47609 25.4558 -2.59258 4.79224 63.3277 0.618942 -13 1279 1 0 1
0.758425 -2.72583 25.4558 -1.82928 5.48636 69.6881 0.825883 -13 1280 1 0 1
-0.457305 3.8577 25.4558 3.74888 6.37978 51.5425 -0.329927 -13 1281 1 0 1
2.58021 -2.54607 25.4558 2.24227 -2.19021 73.7094 -0.808463 -13 1282 1 0 1
-3.5789 -0.408252 25.4558 -16.1072 -5.53423 60.1274 0.892677 -13 1283 1 0 1
1.08403 -2.69574 25.4558 6.56526 -2.72277 54.2836 -1.11184 -13 1284 1 0 1
-0.137632 -2.72204 25.4558 -5.3453 -10.4927 67.1378 0.650738 -13 1285 1 0 1
-3.71681 -2.04827 25.4558 -14.0444 0.765742 62.2652 -1.07865 -13 1286 1 0 1
-1.91026 0.787923 25.4558 -1.96234 0.952513 56.4927 -1.74124 -13 1287 1 0 1
0.244955 0.49657 25.4558 5.49579 2.10351 50.2554 -0.0914951 -13 1288 1 0 1
0.0284943 -2.91797 25.4558 2.326 -3.54576 59.2462 -1.70127 -13 1289 1 0 1
-1.71579 4.16736 25.4558 -14.9862 0.319705 70.8455 0.669197 -13 1290 1 0 1
1.80339 -0.308778 25.4558 6.61892 6.60226 63.8747 -1.68321 -13 1291 1 0 1
-2.91131 -3.97787 25.4558 -7.37358 -8.48167 52.9212 0.771408 -13 1292 1 0 1
-2.95211 -0.143396 25.4558 -0.474597 -4.20713 13.9628 -0.850083 -13 1293 1 0 1
0.423424 -1.59178 25.4558 0.366978 3.15157 64.5554 0.0323708 -13 1294 1 0 1
-0.540507 2.01475 25.4558 1.91172 3.68742 41.8103 -0.599832 -13 1295 1 0 1
1.54967 1.7357 25.4558 -4.66443 -9.96719 75.154 1.20945 -13 1296 1 0 1
-0.985664 2.2609 25.4558 -1.25905 8.58508 56.3529 -0.91825 -13 1297 1 0 1
-1.211 1.68705 25.4558 -3.28301 4.25941 57.2104 0.293911 -13 1298 1 0 1
-0.697428 1.72766 25.4558 2.09643 0.187598 31.5835 -1.52447 -13 1299 1 0 1
4.33303 -0.311987 25.4558 10.9961 9.78965 72.8689 0.249833 -13 1300 1 0 1
4.30256 0.811998 25.4558 5.41626 7.28772 78.3252 0.293567 -13 1301 1 0 1
-1.13012 -0.113228 25.4558 -0.991841 -7.79493 53.3952 0.833585 -13 1302 1 0 1
-1.51798 -2.39562 25.4558 -5.35398 -4.73039 60.2577 0.293121 -13 1303 1 0 1
-3.22461 0.855626 25.4558 -4.19896 10.1013 48.9951 0.47474 -13 1304 1 0 1
1.26004 0.977016 25.4558 -2.91881 -4.36213 72.8825 -0.241007 -13 1305 1 0 1
0.171395 1.21574 25.4558 5.47935 -4.25725 52.63 -0.0950086 -13 1306 1 0 1
-1.14277 3.59194 25.4558 0.179925 8.2396 47.5533 -0.491964 -13 1308 1 0 1
0.545387 -0.114674 25.4558 -7.5026 -3.92453 72.8096 -1.67454 -13 1309 1 0 1
0.936139 -0.658985 25.4558 -12.2164 -12.9241 77.9712 -1.80674 -13 1310 1 0 1
0.799483 1.61765 25.4558 -5.49725 18.0777 72.2708 1.40625 -13 1311 1 0 1
-0.183942 -0.647308 25.4558 -5.56609 -8.54443 68.0914 -1.10105 -13 1313 1 0 1
-2.52699 -0.457067 25.4558 -4.11663 -1.59507 46.3262 1.211 -13 1314 1 0 1
-0.548964 -0.0679137 25.4558 -0.244356 -9.52484 56.9868 0.379323 -13 1315 1 0 1
-0.0930503 -3.81521 25.4558 -5.63093 -8.21284 68.1093 -0.465243 -13 1316 1 0 1
-0.0646712 -0.815237 25.4558 -5.98226 3.03889 72.679 -0.590818 -13 1317 1 0 1
-2.43183 1.7663 25.4558 -1.43221 -1.98656 40.6125 -0.945269 -13 1318 1 0 1
-0.232968 -2.19556 25.4558 -1.9688 -17.9941 64.3718 1.71519 -13 1319 1 0 1
-2.16882 -2.68866 25.4558 -2.00612 -9.75595 46.5401 1.02297 -13 1320 1 0 1
-0.790729 -1.91637 25.4558 0.649549 -8.40609 47.2759 -1.09881 -13 1321 1 0 1
0.489795 1.92116 25.4558 6.37544 3.25332 57.814 1.53364 -13 1322 1 0 1
1.54754 1.44935 25.4558 -0.200995 3.99795 74.7961 -0.568848 -13 1323 1 0 1
0.52362 3.12745 25.4558 1.29048 11.697 63.1756 0.798522 -13 1324 1 0 1
-1.5156 -0.964294 25.4558 -9.86625 -9.96475 67.6716 2.28037 -13 1325 1 0 1
-0.87009 2.58646 25.4558 -9.84606 3.72092 69.0399 -2.6103 -13 1326 1 0 1
0.322506 1.78296 25.4558 1.43453 -0.0142439 60.3437 -0.239858 -13 1327 1 0 1
1.84375 -1.8533 25.4558 3.89814 -10.3921 66.8179 -0.258237 -13 1328 1 0 1
-2.66112 -0.141774 25.4558 -2.87427 -2.6468 51.7672 -0.789974 -13 1329 1 0 1
0.797058 1.42997 25.4558 1.91734 -2.52479 61.8501 2.68243 -13 1330 1 0 1
1.64498 0.689148 25.4558 1.25181 -0.518045 72.0305 -0.594793 -13 1331 1 0 1
-3.76022 -2.84963 25.4558 -8.17769 -8.58757 49.5281 0.102827 -13 1332 1 0 1
0.0333637 0.279691 25.4558 -1.51022 7.80108 66.1264 2.28201 -13 1333 1 0 1
-0.535814 -0.412919 25.4558 -5.10538 0.347287 64.5192 -1.41332 -13 1334 1 0 1
-1.3073 -4.51705 25.4558 1.01536 -6.92435 51.1725 -1.50232 -13 1335 1 0 1
-2.61621 -2.27053 25.4558 -5.10271 0.387474 49.3286 -0.317526 -13 1336 1 0 1
3.65277 -0.42024 25.4558 6.07228 -6.15426 73.0546 -0.559356 -13 1338 1 0 1
-1.29795 2.21455 25.4558 -3.3118 10.0149 59.5534 0.52084 -13 1339 1 0 1
-0.0923356 0.603229 25.4558 -9.60487 13.4851 73.7779 -0.348099 -13 1340 1 0 1
-1.88566 -0.721783 25.4558 -11.4328 -9.66663 65.0034 0.305294 -13 1341 1 0 1
-1.07054 1.09919 25.4558 -0.664687 8.3138 53.0653 0.407828 -13 1342 1 0 1
1.09807 0.610397 25.4558 6.79035 5.56829 51.0967 -1.83221 -13 1343 1 0 1
2.05089 0.194492 25.4558 -4.47352 -0.533877 78.5301 0.777011 -13 1344 1 0 1
3.34396 -1.33327 25.4558 13.0691 0.441825 56.2322 0.404922 -13 1345 1 0 1
-1.17624 2.13989 25.4558 0.720781 5.64062 54.9655 1.35847 -13 1346 1 0 1
-1.42995 0.915685 25.4558 -3.96226 -6.65699 60.3983 0.576552 -13 1347 1 0 1
0.197083 -1.48615 25.4558 -11.8677 1.43325 76.532 1.20889 -13 1348 1 0 1
0.420338 0.241311 25.4558 -11.3273 -7.16929 76.482 -1.0425 -13 1349 1 0 1
2.34396 3.78445 25.4558 -3.28434 22.5949 77.1658 -0.565016 -13 1350 1 0 1
-1.13006 -8.7834 25.4558 -0.170308 -8.32315 15.6249 2.67694 -13 1351 1 0 1
-0.0463196 -2.8976 25.4558 -4.64924 -12.9738 68.2033 0.947661 -13 1352 1 0 1
-3.71079 4.50977 25.4558 -9.79987 12.6042 48.6764 -0.402521 -13 1354 1 0 1
-1.21882 1.64199 25.4558 -4.64128 7.1768 64.5326 0.957228 -13 1355 1 0 1
-0.328436 1.07041 25.4558 -4.54617 5.08242 66.3228 0.410736 -13 1356 1 0 1
-0.065901 -0.712498 25.4558 -1.27476 -1.66451 65.0249 -0.208299 -13 1357 1 0 1
-0.892688 -0.138441 25.4558 3.97012 -2.19824 48.5229 -2.04215 -13 1358 1 0 1
-0.0920072 -1.76693 25.4558 4.74464 -1.48553 47.1007 -0.884195 -13 1359 1 0 1
4.49998 1.9789 25.4558 6.12813 10.5906 77.615 -1.55262 -13 1360 1 0 1
-0.462819 -0.436686 25.4558 -1.02862 -10.1439 59.9576 0.0827769 -13 1361 1 0 1
-1.73193 -2.78967 25.4558 -4.60441 -12.0459 56.3541 1.93603 -13 1362 1 0 1
1.95097 -2.91571 25.4558 2.35607 -10.6035 68.6723 -1.10124 -13 1363 1 0 1
-1.24794 -1.8093 25.4558 -5.7997 0.367066 65.6161 1.34445 -13 1364 1 0 1
-1.29553 2.10659 25.4558 -2.08936 -0.360245 61.0524 -1.10579 -13 1365 1 0 1
0.158896 -6.74588 25.4558 -11.4064 -8.77766 76.9946 1.78354 -13 1367 1 0 1
-2.40771 0.518246 25.4558 -6.18845 2.67916 56.4447 0.30008 -13 1368 1 0 1
2.29083 -0.29372 25.4558 6.28499 -5.67025 70.6269 -0.0643535 -13 1369 1 0 1
8.08741 0.89513 25.4558 20.5367 -2.37128 32.9932 0.103116 -13 1370 1 0 1
-0.0443458 1.81326 25.4558 -2.61561 13.9575 64.792 0.228239 -13 1371 1 0 1
-0.721478 -0.661904 25.4558 -14.4379 -7.00852 74.5867 -0.113989 -13 1372 1 0 1
-0.686512 4.20511 25.4558 -0.159015 8.78846 57.9699 0.0266451 -13 1373 1 0 1
1.00958 -0.306292 25.4558 -0.953775 -4.80424 67.3036 0.148622 -13 1374 1 0 1
-0.124966 1.73726 25.4558 -2.917 8.36701 63.4442 -0.755757 -13 1375 1 0 1
-2.39969 0.964433 25.4558 -7.07021 -3.51347 57.4532 -1.69048 -13 1376 1 0 1
1.82837 -0.845455 25.4558 3.59298 2.66799 70.1945 0.899171 -13 1377 1 0 1
-1.61926 0.704507 25.4558 -6.31778 -5.32281 61.9343 1.57366 -13 1378 1 0 1
1.47056 1.85791 25.4558 -5.80889 5.57613 75.6023 -1.51754 -13 1379 1 0 1
-2.60388 1.86639 25.4558 -14.1764 4.15586 66.5802 -0.229598 -13 1380 1 0 1
-4.91694 -1.44953 25.4558 -14.6042 -7.48424 54.5979 1.46287 -13 1381 1 0 1
2.19746 -0.727002 25.4558 5.08949 0.817292 69.9545 -0.569269 -13 1382 1 0 1
0.566012 3.27049 25.4558 6.94935 1.69922 40.1121 1.48169 -13 1383 1 0 1
-1.32386 2.42854 25.4558 -0.639164 11.8693 52.4352 -0.337771 -13 1384 1 0 1
0.627572 -0.198575 25.4558 2.33859 -0.565662 62.4288 0.597983 -13 1385 1 0 1
-0.18189 -0.236302 25.4558 2.13653 -2.04728 55.4726 1.18008 -13 1386 1 0 1
-3.46416 -5.03911 25.4558 -12.7528 -8.10749 56.2433 -0.949757 -13 1387 1 0 1
0.35054 1.84075 25.4558 -5.41083 -1.7657 72.686 1.59715 -13 1388 1 0 1
3.52847 2.70605 25.4558 13.06 0.892035 33.2173 -0.0696458 -13 1390 1 0 1
-1.26952 -1.93532 25.4558 2.42316 -7.31543 51.6212 1.1913 -13 1391 1 0 1
-0.0827927 -3.60653 25.4558 2.27813 -14.922 58.9818 -0.146712 -13 1392 1 0 1
0.39648 -0.661162 25.4558 -1.03139 -3.19929 65.7296 -1.52741 -13 1394 1 0 1
0.378259 -1.20523 25.4558 -0.652686 1.87062 66.4588 -0.0346012 -13 1395 1 0 1
4.29705 -1.05416 25.4558 10.9568 -10.2006 69.4566 -1.95647 -13 1396 1 0 1
1.37206 2.25507 25.4558 -5.05146 3.92222 76.1047 2.70016 -13 1397 1 0 1
-2.25199 -3.24339 25.4558 -3.3542 -3.51476 46.4857 -0.351974 -13 1398 1 0 1
1.69709 4.04954 25.4558 9.20338 3.23369 43.3 -0.494994 -13 1399 1 0 1
1.66118 -4.53091 25.4558 6.31698 -11.9565 60.2334 0.624271 -13 1400 1 0 1
-3.13383 -1.77736 25.4558 -10.1826 -5.26283 57.0092 0.245961 -13 1401 1 0 1
-4.75446 0.0244654 25.4558 -9.46244 8.25134 46.2708 0.273619 -13 1402 1 0 1
-0.321722 -0.491663 25.4558 5.02944 -5.45122 52.2365 1.74867 -13 1403 1 0 1
0.74394 -1.59649 25.4558 2.61443 -6.21359 62.8703 -1.01827 -13 1404 1 0 1
5.9639 0.188714 25.4558 20.4658 0.523009 65.2588 1.15088 -13 1405 1 0 1
1.29012 -0.676292 25.4558 4.45779 4.28933 62.1342 3.21626 -13 1406 1 0 1
-1.44878 -0.133628 25.4558 -3.04969 -1.98857 57.4602 1.68319 -13 1407 1 0 1
0.181346 0.304991 25.4558 -4.20295 3.08711 70.3776 0.435183 -13 1408 1 0 1
-4.80751 0.811624 25.4558 -14.237 5.16388 52.2942 -0.601953 -13 1409 1 0 1
-1.31654 -2.99495 25.4558 0.86553 -11.2072 52.7271 0.119964 -13 1410 1 0 1
-0.647008 1.45013 25.4558 -0.37264 2.74212 58.3296 -1.05083 -13 1411 1 0 1
-7.62796 -4.7732 25.4558 -19.7185 -2.65042 43.4326 1.05652 -13 1412 1 0 1
-0.980583 3.86748 25.4558 -8.43735 4.15162 68.0866 -0.904556 -13 1413 1 0 1
-2.46272 0.830262 25.4558 -3.83608 -8.18971 52.8693 1.8589 -13 1414 1 0 1
0.493926 -1.71691 25.4558 0.428689 -7.39292 62.9022 2.23896 -13 1415 1 0 1
-1.46593 0.62817 25.4558 -9.57288 -6.90111 67.0967 1.06741 -13 1416 1 0 1
3.38182 -0.251442 25.4558 7.68198 1.65393 72.1704 -2.21866 -13 1417 1 0 1
-1.38096 0.522152 25.4558 1.97604 0.432679 32.3017 -0.528854 -13 1419 1 0 1
0.186438 -0.180965 25.4558 -9.74089 -4.18717 76.0261 1.0893 -13 1420 1 0 1
3.24439 -2.10024 25.4558 1.11964 2.23153 79.2976 -0.901781 -13 1422 1 0 1
-2.73136 -1.99698 25.4558 -5.76319 0.0351115 51.8662 -0.208411 -13 1423 1 0 1
-0.281238 -0.204804 25.4558 0.789947 3.79033 59.8892 -1.72372 -13 1424 1 0 1
1.90313 0.0949194 25.4558 2.27977 -5.44221 68.6488 -1.26367 -13 1425 1 0 1
0.120238 -1.37818 25.4558 2.18277 -4.12787 53.8393 -1.83579 -13 1426 1 0 1
-1.64071 1.37383 25.4558 -1.90443 5.66476 46.97 2.6917 -13 1427 1 0 1
0.795223 -2.85064 25.4558 -2.0683 -20.279 66.1764 2.76325 -13 1428 1 0 1
-0.514949 0.118552 25.4558 -12.8684 -2.30097 75.1557 2.10596 -13 1429 1 0 1
2.1099 1.47892 25.4558 2.59467 -3.86005 72.1745 0.468904 -13 1430 1 0 1
0.464216 2.94493 25.4558 -8.35138 -2.3601 74.3868 0.351515 -13 1431 1 0 1
1.27204 -1.82753 25.4558 4.69944 -1.53988 63.4888 1.68593 -13 1432 1 0 1
-1.81959 0.780728 25.4558 -20.9124 10.2854 75.4301 -0.873552 -13 1433 1 0 1
-4.90993 -0.218758 25.4558 -6.648 -2.97985 26.524 2.03528 -13 1434 1 0 1
1.31251 1.64572 25.4558 4.62257 7.6226 62.6719 1.91305 -13 1435 1 0 1
3.48989 -3.52053 25.4558 12.6288 -17.1954 59.326 0.906456 -13 1436 1 0 1
0.0581977 0.805853 25.4558 -0.31855 3.18622 62.6843 -0.088017 -13 1437 1 0 1
-1.02739 0.793953 25.4558 -4.35843 3.5294 61.4796 0.23881 -13 1438 1 0 1
0.0939174 -0.627955 25.4558 -0.0576772 -7.72949 60.8891 -1.71102 -13 1440 1 0 1
1.6317 -0.58234 25.4558 -2.18926 -0.463004 74.7375 0.681457 -13 1441 1 0 1
-0.188901 -0.0374725 25.4558 -0.622349 -2.48033 62.6194 0.0968369 -13 1442 1 0 1
1.81662 0.463928 25.4558 2.03569 -5.39443 70.4093 2.73076 -13 1443 1 0 1
-1.4106 -3.10468 25.4558 -3.06952 -14.9472 52.67 0.975727 -13 1444 1 0 1
1.26528 1.52578 25.4558 4.64835 -0.524928 61.349 -0.388675 -13 1445 1 0 1
-0.346335 -2.31783 25.4558 -16.9571 -2.82352 77.8778 1.93538 -13 1446 1 0 1
-0.103876 0.256142 25.4558 0.563837 3.40253 58.2459 -1.67778 -13 1447 1 0 1
0.471006 2.072 25.4558 -3.26333 7.13597 70.03 -0.59241 -13 1448 1 0 1
2.36162 1.1624 25.4558 8.61721 3.09866 64.0282 -1.15898 -13 1449 1 0 1
0.856222 -1.02355 25.4558 -4.21139 -0.142502 73.1389 -1.15833 -13 1450 1 0 1
3.28273 1.23837 25.4558 5.00799 15.7193 73.5204 -0.224067 -13 1451 1 0 1
1.7148 -1.97237 25.4558 1.05512 -2.85717 72.5623 -1.75103 -13 1452 1 0 1
0.404221 0.185041 25.4558 3.12991 -2.01553 53.2726 -0.610881 -13 1453 1 0 1
4.76613 -3.07306 25.4558 10.6688 -7.51618 30.2491 1.90757 -13 1454 1 0 1
3.67299 1.14838 25.4558 12.4443 4.51813 57.6209 -0.382379 -13 1455 1 0 1
0.399171 0.577761 25.4558 -10.6047 -2.06887 76.0848 0.243974 -13 1456 1 0 1
1.68804 0.737613 25.4558 2.50452 -4.83352 69.7456 0.156007 -13 1457 1 0 1
-0.934838 -1.95061 25.4558 -0.464641 -12.2328 57.0466 2.00863 -13 1458 1 0 1
2.30333 7.83361 25.4558 4.29879 6.52481 23.5281 1.04605 -13 1459 1 0 1
-2.37717 0.546565 25.4558 -14.0576 -0.313369 65.9193 -1.58312 -13 1460 1 0 1
-5.73348 2.26139 25.4558 -17.326 0.197572 51.6782 1.40971 -13 1461 1 0 1
-2.15486 -3.12689 25.4558 -8.26913 -4.47332 63.2805 -0.434719 -13 1462 1 0 1
-1.05941 1.89458 25.4558 -11.5 10.8748 69.0227 2.15902 -13 1463 1 0 1
1.53713 2.59016 25.4558 7.98874 12.1139 50.1717 0.531275 -13 1464 1 0 1
-0.421597 1.7036 25.4558 -9.80979 6.10462 71.3813 -1.67016 -13 1465 1 0 1
-0.816728 1.00554 25.4558 -9.52624 5.60601 68.3964 -1.04629 -13 1466 1 0 1
-1.11874 -1.26731 25.4558 -14.419 -16.2052 71.2743 -0.338597 -13 1467 1 0 1
2.8351 -0.29959 25.4558 4.20757 -10.5784 71.6812 -0.605188 -13 1468 1 0 1
-3.60958 -0.312515 25.4558 -12.0015 -2.49141 57.2585 -1.25428 -13 1469 1 0 1
-2.15619 2.1042 25.4558 -10.118 6.63706 60.9861 0.0437332 -13 1470 1 0 1
2.4071 2.96965 25.4558 -1.04354 14.8507 73.6975 0.263141 -13 1471 1 0 1
3.60041 -1.50112 25.4558 14.3622 -5.14605 46.1162 0.00820672 -13 1472 1 0 1
-3.08124 -0.739287 25.4558 -17.5555 -2.77307 65.3204 0.775493 -13 1473 1 0 1
0.0841632 -1.01225 25.4558 -1.3306 3.94071 65.3247 -0.11201 -13 1474 1 0 1
1.88445 4.16725 25.4558 -1.00344 5.88932 74.3325 -0.0137242 -13 1475 1 0 1
-1.57339 -3.06375 25.4558 -14.1437 -14.0581 70.756 -0.359583 -13 1476 1 0 1
-1.66591 0.205365 25.4558 -4.19671 -9.95937 61.7134 0.432702 -13 1477 1 0 1
0.505243 -2.58469 25.4558 -3.5453 -12.0303 68.9025 -0.19948 -13 1478 1 0 1
-1.66508 -0.363522 25.4558 -10.466 -6.25043 67.659 -1.04092 -13 1479 1 0 1
-1.88518 -0.378901 25.4558 -13.6053 -5.65229 68.2247 0.286155 -13 1480 1 0 1
0.927099 -1.56508 25.4558 -5.19204 3.00836 73.0789 -0.607266 -13 1481 1 0 1
2.41729 3.15983 25.4558 4.74182 1.36259 68.0063 1.23975 -13 1483 1 0 1
2.09994 0.0192947 25.4558 1.92766 -0.411077 73.0263 0.741391 -13 1484 1 0 1
0.894465 0.489053 25.4558 6.3557 4.48522 50.5038 0.0730942 -13 1485 1 0 1
-1.01247 2.05381 25.4558 -3.77197 1.71221 64.5475 0.327092 -13 1486 1 0 1
3.10489 1.67068 25.4558 3.64378 -4.43863 74.3816 0.275686 -13 1487 1 0 1
-0.909261 -0.662097 25.4558 -8.31133 0.104432 67.8766 1.18064 -13 1488 1 0 1
-1.60214 1.22531 25.4558 -4.95994 15.6664 59.013 -2.23752 -13 1489 1 0 1
-0.134363 2.90781 25.4558 -6.75864 9.02115 71.1585 0.54712 -13 1490 1 0 1
-1.77163 1.30229 25.4558 -10.0809 7.07182 64.6218 -0.119927 -13 1491 1 0 1
-0.677072 -1.28244 25.4558 -4.36185 -0.834885 65.6901 1.03631 -13 1492 1 0 1
-4.84941 -0.349095 25.4558 -8.91632 -5.11713 42.9197 0.142367 -13 1493 1 0 1
2.07187 -0.302422 25.4558 -4.87019 -0.445191 79.3417 1.28663 -13 1494 1 0 1
1.60622 -0.606519 25.4558 -15.1044 -15.0746 77.7688 -0.113838 -13 1495 1 0 1
-2.44989 -1.06503 25.4558 -5.98488 -5.54702 56.3779 0.37777 -13 1496 1 0 1
2.97627 3.55379 25.4558 9.40679 3.97927 67.0792 -0.42062 -13 1497 1 0 1
-2.32982 -2.28897 25.4558 -8.06057 -6.17351 58.6795 3.86442 -13 1498 1 0 1
-1.43645 -0.467759 25.4558 -1.88017 -3.1939 57.8466 3.01723 -13 1499 1 0 1
2.40231 5.34473 25.4558 9.70461 18.5759 54.5493 1.35302 -13 1500 1 0 1
0.163575 0.978907 25.4558 -0.121233 1.69883 63.2222 -2.03176 -13 1501 1 0 1
0.987243 -1.89703 25.4558 7.30933 -5.55457 55.7033 -1.6417 -13 1502 1 0 1
2.55549 1.70254 25.4558 2.5837 4.21418 73.9395 1.10234 -13 1504 1 0 1
0.463303 1.49285 25.4558 -3.52326 2.28349 70.8865 2.46163 -13 1505 1 0 1
-1.08726 -2.57146 25.4558 -4.93575 -7.44189 64.2206 -1.78836 -13 1506 1 0 1
1.22886 -0.237465 25.4558 3.84441 3.60099 63.0964 -0.931538 -13 1507 1 0 1
-0.916845 0.416041 25.4558 -1.18988 -4.35883 60.8224 0.642773 -13 1508 1 0 1
0.651863 0.739952 25.4558 7.07029 -0.222608 51.6373 0.393203 -13 1509 1 0 1
-0.507243 -4.21764 25.4558 -18.47 -5.44436 77.4485 -0.0305991 -13 1510 1 0 1
-2.05539 -5.23098 25.4558 -7.40445 -15.4544 60.5713 -0.461492 -13 1511 1 0 1
-1.92389 -4.4807 25.4558 -17.3396 -15.3765 70.4458 0.436239 -13 1512 1 0 1
1.82936 -2.86615 25.4558 -6.63047 -4.13219 77.1717 0.442897 -13 1513 1 0 1
-2.48041 1.27628 25.4558 -22.3181 3.9131 73.4164 -1.4566 -13 1514 1 0 1
1.07214 -3.07145 25.4558 4.53605 -6.80304 60.4862 0.641557 -13 1515 1 0 1
2.23382 0.732729 25.4558 5.80216 6.57632 69.1245 0.107305 -13 1516 1 0 1
-0.079273 1.29832 25.4558 3.57967 -0.180187 54.5842 0.595139 -13 1517 1 0 1
-1.90838 6.61009 25.4558 -2.08244 15.831 50.1019 -0.0130007 -13 1518 1 0 1
-0.246196 1.3459 25.4558 -0.544873 -9.88011 62.9289 -1.44462 -13 1519 1 0 1
0.880777 3.3733 25.4558 2.52563 13.1385 62.7945 0.221367 -13 1520 1 0 1
0.768286 -2.40158 25.4558 4.41569 -0.467558 41.1543 -1.40799 -13 1521 1 0 1
-1.52287 1.53978 25.4558 -2.70997 6.72039 55.627 2.2232 -13 1522 1 0 1
-0.76063 -1.92759 25.4558 -7.46566 -10.8941 66.1056 -0.625795 -13 1523 1 0 1
-4.08936 0.114694 25.4558 -7.99945 -9.85012 46.5374 -0.92017 -13 1524 1 0 1
-0.193494 -1.64666 25.4558 -6.74715 4.05322 72.487 0.777945 -13 1525 1 0 1
-4.34537 1.87552 25.4558 -11.7494 2.77903 58.0679 -0.441228 -13 1526 1 0 1
-0.428435 -4.01924 25.4558 0.908187 -11.01 58.9654 0.434557 -13 1527 1 0 1
-5.69425 2.90621 25.4558 -9.09364 14.0691 35.8629 -0.569272 -13 1528 1 0 1
-1.58499 -3.41609 25.4558 5.40634 -7.70991 40.5436 0.441208 -13 1529 1 0 1
-1.43411 -1.37455 25.4558 -7.43499 -3.63408 66.4332 0.339876 -13 1530 1 0 1
1.37328 -2.60186 25.4558 6.07973 -7.02488 61.3339 -1.36587 -13 1531 1 0 1
1.72034 -1.21506 25.4558 5.72438 -4.01607 63.571 -0.300403 -13 1532 1 0 1
0.520349 1.31838 25.4558 -7.97363 -5.81389 74.0635 0.215838 -13 1533 1 0 1
-0.0709797 3.55062 25.4558 -4.79697 4.09423 69.8879 0.439754 -13 1534 1 0 1
-2.19365 -2.22194 25.4558 -6.95104 -5.23032 60.8641 -1.32198 -13 1535 1 0 1
-0.764518 2.07801 25.4558 -12.9925 10.8888 72.2057 -1.44162 -13 1536 1 0 1
-0.716047 1.40337 25.4558 -9.13293 -0.066546 70.3569 1.03328 -13 1537 1 0 1
0.904268 -0.0172954 25.4558 -2.74538 -3.87896 69.6721 -0.380536 -13 1538 1 0 1
-3.55826 -2.08177 25.4558 -15.2749 0.727588 63.6094 0.593667 -13 1539 1 0 1
0.93496 1.33777 25.4558 -6.72275 16.9604 73.4634 -0.483394 -13 1540 1 0 1
-2.18762 0.864419 25.4558 -10.5779 2.46104 65.4148 -1.5664 -13 1541 1 0 1
0.550361 -5.46883 25.4558 -5.03737 -8.99347 71.1344 -1.5036 -13 1542 1 0 1
-3.45672 -0.307863 25.4558 -12.7575 -15.5706 58.0405 1.51747 -13 1543 1 0 1
-0.81142 1.27706 25.4558 -9.88569 5.59383 68.9945 0.749012 -13 1544 1 0 1
-0.382921 -1.49072 25.4558 -3.41667 -3.41807 65.2041 -0.219992 -13 1546 1 0 1
0.322251 0.765421 25.4558 2.00586 4.28891 58.7035 -0.833335 -13 1547 1 0 1
-0.796683 2.49329 25.4558 -6.41462 12.7911 65.0033 1.98053 -13 1548 1 0 1
-2.03554 0.688806 25.4558 -8.21232 7.97929 58.8193 1.9815 -13 1549 1 0 1
-0.269116 2.44075 25.4558 -2.04812 12.5608 62.7909 1.69884 -13 1550 1 0 1
1.8279 -0.83348 25.4558 -3.91599 3.69731 76.1365 1.28703 -13 1552 1 0 1
1.97473 1.2452 25.4558 8.80359 -0.43322 44.608 0.570826 -13 1554 1 0 1
0.0651967 1.31246 25.4558 -10.6708 1.06867 76.2928 -0.60124 -13 1555 1 0 1
2.38185 -1.29846 25.4558 12.7911 -7.31679 54.0188 0.992073 -13 1556 1 0 1
1.82747 -0.575413 25.4558 -3.235 -12.0154 74.6598 -0.842568 -13 1557 1 0 1
1.99914 -3.28988 25.4558 -5.13798 -7.58206 77.7422 0.201846 -13 1558 1 0 1
1.64362 -0.359802 25.4558 12.2992 2.9438 39.1046 -1.40439 -13 1559 1 0 1
1.07774 -1.51521 25.4558 -7.32512 2.37689 77.0269 1.20586 -13 1560 1 0 1
2.14328 -0.901203 25.4558 2.57481 7.5604 70.9414 -1.69796 -13 1561 1 0 1
-5.23949 -1.62259 25.4558 -12.9674 -2.69785 45.3959 1.21096 -13 1562 1 0 1
0.505047 0.704256 25.4558 6.48548 1.54791 48.6804 1.84408 -13 1563 1 0 1
-0.863795 1.48836 25.4558 -7.93883 14.8492 66.9106 2.34025 -13 1564 1 0 1
-3.76818 -0.187391 25.4558 -4.722 -0.00656867 40.6112 0.202234 -13 1566 1 0 1
-0.0651457 -2.47296 25.4558 -0.854554 -11.5054 63.5645 -0.655831 -13 1567 1 0 1
0.333788 3.11461 25.4558 4.99184 6.59406 40.4362 -0.384014 -13 1568 1 0 1
-0.82097 1.40341 25.4558 -13.1622 7.11387 72.7525 -0.0226097 -13 1569 1 0 1
0.857396 -0.43966 25.4558 7.15199 0.440321 56.4 -1.45638 -13 1570 1 0 1
-5.259 -2.28205 25.4558 -19.1901 -12.7661 56.7291 -0.56712 -13 1571 1 0 1
0.399447 -1.71404 25.4558 -0.565864 7.11607 66.0457 0.966137 -13 1572 1 0 1
0.0969345 -0.260465 25.4558 -5.28946 -4.5398 69.6395 1.935 -13 1573 1 0 1
1.59921 2.26523 25.4558 9.27282 6.20079 51.894 -1.34943 -13 1574 1 0 1
1.67031 3.28909 25.4558 -2.52883 4.08147 73.3919 0.231787 -13 1575 1 0 1
0.383761 -1.399 25.4558 -1.34531 0.287141 63.9854 -0.270563 -13 1576 1 0 1
-0.639336 0.334317 25.4558 -4.33026 6.37077 63.8044 -0.200648 -13 1577 1 0 1
-3.43886 0.710181 25.4558 -17.6178 4.92808 63.9279 0.927843 -13 1578 1 0 1
1.48016 2.62003 25.4558 6.50679 9.17546 60.1835 -0.241706 -13 1579 1 0 1
0.873742 0.192099 25.4558 -1.11798 -5.50242 69.4175 -0.00720547 -13 1580 1 0 1
-0.950271 1.11178 25.4558 2.45942 -0.120175 45.2942 -0.643532 -13 1581 1 0 1
0.455321 0.0439809 25.4558 7.08282 3.06062 40.6206 0.799027 -13 1582 1 0 1
-2.21394 -4.7019 25.4558 0.280421 -6.38066 42.6102 1.01107 -13 1583 1 0 1
-0.0274358 0.0528022 25.4558 -4.46135 -6.75319 67.0565 1.3783 -13 1584 1 0 1
-0.920695 -1.48044 25.4558 -4.28944 -4.6717 61.8614 0.202046 -13 1585 1 0 1
2.48168 -3.12934 25.4558 4.41865 -1.17298 69.7852 1.67413 -13 1586 1 0 1
-2.92879 -0.440666 25.4558 -14.6185 1.11697 65.0335 0.789359 -13 1587 1 0 1
0.327332 -2.02752 25.4558 -10.9536 -7.98981 77.637 1.97156 -13 1588 1 0 1
3.13972 0.401748 25.4558 5.99742 1.84747 72.4594 -0.585084 -13 1589 1 0 1
-3.90138 -1.55437 25.4558 -13.1184 -8.46814 58.514 -1.2749 -13 1590 1 0 1
0.388147 -2.49389 25.4558 -9.47816 -4.26222 74.5962 -1.99108 -13 1591 1 0 1
-0.015907 1.33791 25.4558 -10.4024 11.0357 73.2131 1.08231 -13 1592 1 0 1
4.28448 4.70306 25.4558 10.606 16.0073 69.8191 1.25326 -13 1593 1 0 1
-1.38431 1.58479 25.4558 -1.54307 1.94463 55.2575 1.96785 -13 1594 1 0 1
-4.0969 -1.61705 25.4558 -8.04385 -3.45122 47.6194 -1.01635 -13 1596 1 0 1
3.11671 0.294138 25.4558 0.388939 -1.32949 78.4451 3.06567 -13 1597 1 0 1
1.96268 -0.36946 25.4558 0.983005 8.84533 71.0759 0.185946 -13 1598 1 0 1
1.17334 0.420231 25.4558 8.89853 6.44264 39.4896 -0.644475 -13 1599 1 0 1
0.720604 0.650587 25.4558 -8.03321 1.99378 75.0229 0.769076 -13 1600 1 0 1
-0.186455 1.45849 25.4558 -1.23992 10.2254 62.2326 0.758976 -13 1601 1 0 1
-0.169275 -1.26603 25.4558 -9.26668 -0.0114139 72.0966 -0.767694 -13 1602 1 0 1
0.980117 -4.5736 25.4558 6.12289 -9.58787 55.3685 -0.721706 -13 1603 1 0 1
-2.84356 1.11294 25.4558 -19.0359 4.64923 68.164 0.270104 -13 1604 1 0 1
1.72598 -2.38252 25.4558 -5.17161 -12.9512 76.7108 1.61806 -13 1605 1 0 1
-0.684888 1.80225 25.4558 -16.5072 7.48684 75.8631 0.128769 -13 1606 1 0 1
2.14571 1.70959 25.4558 8.23208 2.24085 64.7191 0.629511 -13 1607 1 0 1
-0.667308 0.85409 25.4558 -4.4796 -2.65387 65.845 1.45843 -13 1608 1 0 1
0.710212 -0.615511 25.4558 6.22622 -0.27935 54.068 0.596873 -13 1609 1 0 1
-1.65611 -4.17765 25.4558 -0.26087 -8.46719 24.4935 2.0139 -13 1611 1 0 1
0.15326 -1.2732 25.4558 -0.432599 0.413872 64.0522 1.48071 -13 1612 1 0 1
1.05399 -3.92543 25.4558 -0.720618 -8.25472 69.5715 0.654865 -13 1613 1 0 1
1.6358 0.131044 25.4558 8.58188 -6.25388 55.5291 -0.571459 -13 1614 1 0 1
-0.885239 -1.07966 25.4558 0.864769 -3.27865 49.1447 0.80313 -13 1615 1 0 1
0.638955 5.22063 25.4558 -11.8944 18.3757 75.906 0.0159631 -13 1616 1 0 1
-5.47542 -5.03437 25.4558 -7.88666 -9.39345 31.0977 -0.900152 -13 1617 1 0 1
-3.65869 -0.125666 25.4558 -14.3122 -5.04581 60.2251 -0.679833 -13 1618 1 0 1
1.36275 -0.180291 25.4558 4.45412 -6.41428 64.0226 -3.25608 -13 1619 1 0 1
0.271483 -0.256522 25.4558 1.90667 -1.75025 55.3537 2.00648 -13 1620 1 0 1
-3.30425 0.751414 25.4558 -3.84114 5.507 52.1059 0.190246 -13 1621 1 0 1
1.22105 0.164514 25.4558 -11.4883 9.97018 79.2574 1.07461 -13 1622 1 0 1
2.61158 -2.04707 25.4558 5.13153 -11.2802 68.9968 1.04309 -13 1623 1 0 1
-1.96652 -0.651468 25.4558 -0.780353 -3.37517 46.7777 -1.70784 -13 1624 1 0 1
0.481753 -0.565078 25.4558 2.69144 1.75213 59.6472 0.341154 -13 1625 1 0 1
-5.86299 -6.39319 25.4558 -9.6908 -18.5784 34.3943 1.80356 -13 1626 1 0 1
0.0922093 -1.33933 25.4558 3.63719 -10.1149 48.864 -0.523209 -13 1627 1 0 1
0.73323 0.085285 25.4558 -8.50512 -9.4096 75.4086 -1.9694 -13 1628 1 0 1
-0.0136137 2.60204 25.4558 -5.09218 4.37267 68.1694 -1.21835 -13 1630 1 0 1
-3.18791 -0.8988 25.4558 -13.5612 -3.05734 62.4941 0.26212 -13 1631 1 0 1
-1.59302 1.37324 25.4558 -1.65799 -3.64633 52.3127 -0.714844 -13 1632 1 0 1
-2.15506 2.43295 25.4558 -10.3011 9.94057 62.3902 -0.1773 -13 1633 1 0 1
-1.00788 -1.91167 25.4558 -2.85966 -8.15781 57.975 0.501844 -13 1634 1 0 1
0.599099 0.279762 25.4558 3.82956 -1.4138 59.3294 0.689145 -13 1635 1 0 1
0.524913 -1.61169 25.4558 -9.41431 -4.6472 75.7374 -0.753038 -13 1636 1 0 1
-0.0940784 1.20381 25.4558 -2.90131 8.60809 64.8518 -0.291083 -13 1637 1 0 1
-0.249836 1.05749 25.4558 3.8162 8.20963 57.8659 1.81207 -13 1638 1 0 1
-1.03651 0.552892 25.4558 1.05777 0.362604 48.9182 2.51037 -13 1639 1 0 1
1.64138 -0.765953 25.4558 10.0284 2.31358 51.8469 1.08504 -13 1640 1 0 1
-0.209724 0.136155 25.4558 -10.9024 0.240924 72.6088 1.53632 -13 1641 1 0 1
-1.37336 1.82428 25.4558 -2.79111 4.1458 58.1325 0.200248 -13 1642 1 0 1
1.60275 3.44639 25.4558 8.09554 14.8716 49.0468 -1.3802 -13 1643 1 0 1
-0.635829 3.02822 25.4558 -13.2992 7.82044 73.5419 -2.21345 -13 1644 1 0 1
-2.18857 -1.33908 25.4558 -17.6252 -10.5093 69.6425 -0.896484 -13 1645 1 0 1
0.289708 1.61457 25.4558 0.0149536 1.09857 63.7701 -2.3615 -13 1646 1 0 1
-4.66961 -2.09898 25.4558 -2.90976 -3.16882 18.8057 -0.00190878 -13 1647 1 0 1
3.15261 -9.18133 25.4558 9.75189 -14.8914 43.5229 0.155583 -13 1648 1 0 1
-1.9437 2.04189 25.4558 -8.29952 5.83529 64.8294 1.71202 -13 1649 1 0 1
-1.95402 0.433096 25.4558 -7.37714 -0.915453 60.4316 -0.692974 -13 1650 1 0 1
-0.45757 1.88579 25.4558 -1.57356 8.00353 59.8471 -1.55011 -13 1651 1 0 1
-2.16477 1.9015 25.4558 -4.75695 6.60049 57.6597 -1.44756 -13 1652 1 0 1
-1.13144 0.611591 25.4558 -1.21087 1.82544 51.7991 0.677372 -13 1653 1 0 1
-2.91432 -3.78979 25.4558 -4.57901 -8.8042 44.2249 -0.790916 -13 1654 1 0 1
-0.0547299 1.95926 25.4558 -3.80314 -1.17132 68.0089 1.35817 -13 1655 1 0 1
1.04674 0.521621 25.4558 -5.17109 11.7599 72.8789 0.302759 -13 1656 1 0 1
-4.8501 1.0355 25.4558 -19.9072 1.80409 59.2975 1.39235 -13 1657 1 0 1
2.34463 0.705901 25.4558 11.8517 -1.75798 44.8058 -1.34102 -13 1658 1 0 1
-0.679225 -4.31639 25.4558 0.450433 -7.41837 59.1172 1.14585 -13 1659 1 0 1
-0.283151 1.82523 25.4558 -3.02878 6.08074 62.199 2.82653 -13 1660 1 0 1
2.16608 -2.18452 25.4558 8.58903 -15.4278 62.4148 2.34 -13 1661 1 0 1
1.2068 0.375399 25.4558 -1.02393 -7.22408 70.8067 0.407036 -13 1662 1 0 1
-1.6345 2.12224 25.4558 -1.59716 1.3683 44.3865 0.137678 -13 1663 1 0 1
0.425661 0.430815 25.4558 0.315534 -0.358391 63.9353 -0.161828 -13 1664 1 0 1
2.50372 1.07644 25.4558 -0.694922 -3.46587 77.5269 -0.838391 -13 1665 1 0 1
1.97851 -2.75448 25.4558 2.0363 -7.1557 68.8619 0.0692899 -13 1666 1 0 1
-2.70249 -2.85983 25.4558 -5.67906 -12.8753 53.2315 1.20928 -13 1667 1 0 1
3.82751 2.38142 25.4558 14.2474 -4.53119 56.3184 -1.09359 -13 1668 1 0 1
2.25254 3.85267 25.4558 8.69734 5.02495 33.7071 -0.819564 -13 1669 1 0 1
-0.908868 -0.656379 25.4558 -1.18784 -10.7855 57.3878 -0.023322 -13 1670 1 0 1
1.35894 1.68054 25.4558 -13.8106 6.39123 78.7464 0.0703429 -13 1671 1 0 1
1.52637 -5.39503 25.4558 7.40747 -15.9998 55.4787 -1.12987 -13 1672 1 0 1
-0.568849 -1.42369 25.4558 1.12513 -6.04177 57.982 0.768901 -13 1673 1 0 1
-1.37616 -2.37843 25.4558 -1.14709 -10.2082 49.6971 0.167744 -13 1674 1 0 1
-3.04583 -2.59586 25.4558 -8.19812 -7.57162 59.7549 -1.78399 -13 1675 1 0 1
-0.429609 -0.545612 25.4558 2.60399 -4.29639 42.9489 2.25379 -13 1677 1 0 1
0.519639 -0.781149 25.4558 3.75386 2.21719 57.2637 -0.369061 -13 1678 1 0 1
0.214667 3.4292 25.4558 2.99313 14.0284 56.81 2.35325 -13 1679 1 0 1
-1.96254 -1.70325 25.4558 -4.10565 -3.5223 52.7689 1.5853 -13 1680 1 0 1
-0.587309 0.274676 25.4558 0.192377 -0.486234 58.0118 -0.515332 -13 1681 1 0 1
0.191732 -2.24561 25.4558 5.99753 -0.794266 48.7474 -0.50195 -13 1682 1 0 1
2.58877 -1.93073 25.4558 7.88671 -7.63718 66.2288 -0.701788 -13 1683 1 0 1
2.34146 0.288938 25.4558 8.92406 2.83131 60.3807 2.06419 -13 1684 1 0 1
1.31731 -1.48219 25.4558 -5.23613 -8.9328 74.5228 -0.240696 -13 1685 1 0 1
-1.76737 2.05133 25.4558 -2.87873 7.00475 55.6455 2.38004 -13 1686 1 0 1
-2.98183 -1.01364 25.4558 -6.94449 -11.1058 55.9086 -0.13246 -13 1687 1 0 1
1.92606 1.80703 25.4558 8.26088 8.76037 57.9717 -1.03122 -13 1688 1 0 1
1.72066 1.69395 25.4558 0.972714 0.333211 72.3582 -1.03111 -13 1690 1 0 1
0.731205 -0.422594 25.4558 -4.08621 -6.49207 70.3486 -0.495979 -13 1691 1 0 1
-1.56644 -0.616199 25.4558 -3.47167 -1.17341 58.5764 -0.152447 -13 1692 1 0 1
-1.30697 -2.21779 25.4558 1.9173 -4.35272 31.3988 -2.23043 -13 1693 1 0 1
0.175568 0.990341 25.4558 3.91466 0.258165 57.7151 0.126039 -13 1694 1 0 1
0.590439 0.839241 25.4558 -2.25807 1.47205 71.2635 0.0475509 -13 1695 1 0 1
-0.102834 -0.597345 25.4558 -19.6771 -4.73928 76.7644 0.990525 -13 1696 1 0 1
1.61279 1.67831 25.4558 9.65621 5.19177 47.3504 -1.21574 -13 1697 1 0 1
-2.47673 2.07381 25.4558 -6.15597 2.2057 54.7142 0.33874 -13 1698 1 0 1
0.540254 -0.478914 25.4558 0.668389 0.595971 66.2128 -2.00625 -13 1699 1 0 1
-0.0400845 2.76015 25.4558 -5.27992 0.0212642 71.265 0.139569 -13 1700 1 0 1
-0.543761 0.142809 25.4558 -10.9284 -4.18162 71.5995 -1.76079 -13 1701 1 0 1
0.704794 -0.561982 25.4558 -3.22469 1.2664 70.4435 0.790361 -13 1702 1 0 1
0.862845 -0.913789 25.4558 0.06462 -6.12575 68.3295 0.224524 -13 1703 1 0 1
-2.91066 -3.27502 25.4558 -7.11987 -8.45955 53.2961 -0.936475 -13 1704 1 0 1
-0.829204 -1.7144 25.4558 -12.2696 -0.30588 72.3767 -0.941402 -13 1705 1 0 1
0.450275 -1.51407 25.4558 -11.0689 -17.5533 75.79 -0.0537343 -13 1706 1 0 1
-0.588382 -2.58672 25.4558 0.611036 -7.88107 54.1036 -1.15727 -13 1707 1 0 1
-0.942895 0.971194 25.4558 -9.75738 8.70175 68.8898 -0.501891 -13 1708 1 0 1
-0.738155 0.674536 25.4558 -1.74842 6.23051 60.5533 -1.20694 -13 1709 1 0 1
-1.49883 1.11384 25.4558 1.53984 13.9121 36.9859 -0.527394 -13 1710 1 0 1
1.14364 1.52315 25.4558 4.84677 9.39365 62.0825 -0.143911 -13 1711 1 0 1
-0.0847878 -3.02326 25.4558 6.75849 -9.23025 44.3108 0.803403 -13 1712 1 0 1
-2.57363 -2.47339 25.4558 -4.7412 -5.85732 56.3933 0.810073 -13 1713 1 0 1
0.290051 1.14437 25.4558 -5.88946 7.01047 73.449 -0.40022 -13 1714 1 0 1
0.374976 0.782913 25.4558 1.51284 -10.2932 62.2677 -0.294082 -13 1715 1 0 1
-2.12783 1.72502 25.4558 -5.62166 6.89937 56.1892 2.72108 -13 1716 1 0 1
-0.0631194 -1.6968 25.4558 2.89699 -4.1204 47.4496 1.45507 -13 1717 1 0 1
4.25976 0.0330498 25.4558 10.3298 -6.03301 71.0094 -0.716899 -13 1718 1 0 1
0.470151 -0.654591 25.4558 -5.61081 -5.20574 70.6019 -0.509057 -13 1719 1 0 1
-0.87754 0.640325 25.4558 -7.35467 6.49094 68.6048 -0.505568 -13 1720 1 0 1
3.8016 0.908161 25.4558 9.60221 7.05397 70.2039 0.331567 -13 1721 1 0 1
2.95671 0.992639 25.4558 8.18313 1.18777 68.6204 0.263692 -13 1722 1 0 1
3.82725 0.890981 25.4558 6.72531 2.26027 76.8793 -1.69254 -13 1723 1 0 1
-2.66632 -2.9555 25.4558 -3.88373 -9.07905 51.1352 0.721233 -13 1724 1 0 1
3.06336 -2.40797 25.4558 13.1066 -4.43398 60.0485 0.49482 -13 1725 1 0 1
-0.198509 -1.78839 25.4558 4.34687 -7.32998 52.3532 0.917318 -13 1726 1 0 1
2.95026 0.194082 25.4558 7.07209 0.670072 69.937 1.66605 -13 1727 1 0 1
-2.44996 1.80122 25.4558 -8.46046 10.5553 59.5966 1.47728 -13 1728 1 0 1
-3.47 -0.18171 25.4558 -12.5462 8.64684 58.2514 2.15976 -13 1729 1 0 1
-0.628249 0.425834 25.4558 2.89759 -0.87076 50.4218 -0.587798 -13 1731 1 0 1
-0.452184 0.674335 25.4558 -6.02757 6.93061 68.3825 0.736449 -13 1732 1 0 1
0.709696 -0.134508 25.4558 2.5137 -2.13627 61.2359 -1.29836 -13 1733 1 0 1
1.28475 -2.01808 25.4558 -2.30372 -4.70266 74.4053 -2.33047 -13 1734 1 0 1
-0.182789 3.71962 25.4558 0.278239 2.28721 61.5993 -1.39358 -13 1735 1 0 1
-0.322491 2.0457 25.4558 -6.15566 5.5812 67.6433 -0.606971 -13 1736 1 0 1
-1.83019 1.64956 25.4558 -0.53818 -1.76392 48.3093 -0.34657 -13 1737 1 0 1
1.30644 2.04914 25.4558 6.80971 9.31679 58.4326 -1.3779 -13 1738 1 0 1
-1.35599 0.914374 25.4558 1.53182 0.800304 42.4319 1.19404 -13 1739 1 0 1
2.85054 -0.332974 25.4558 4.77409 -8.08014 69.2223 -0.688824 -13 1740 1 0 1
-0.468087 1.69798 25.4558 -4.45128 -8.35367 64.5139 0.857698 -13 1741 1 0 1
-1.43602 -3.31118 25.4558 -1.23849 -7.51342 55.9093 1.16669 -13 1742 1 0 1
2.27756 2.34658 25.4558 5.50181 13.6231 65.2497 1.04993 -13 1743 1 0 1
4.07112 0.746013 25.4558 14.1186 -4.45065 57.4909 -0.702394 -13 1744 1 0 1
-0.786024 2.42384 25.4558 -8.52102 9.26301 67.096 2.35794 -13 1745 1 0 1
0.528695 0.220059 25.4558 -3.26014 -8.03148 70.4569 -0.58413 -13 1746 1 0 1
-1.7219 -0.0978016 25.4558 1.32352 4.19575 50.0207 -1.54319 -13 1747 1 0 1
1.05036 0.737402 25.4558 -3.44991 -2.14745 73.4973 0.685455 -13 1749 1 0 1
-0.0616941 2.12055 25.4558 1.18033 4.53044 65.9211 0.0994939 -13 1750 1 0 1
2.22376 3.1064 25.4558 4.43811 19.9407 66.8575 1.81316 -13 1751 1 0 1
-2.10955 1.88408 25.4558 -1.6043 0.965678 44.2163 0.80948 -13 1753 1 0 1
2.16245 -0.883106 25.4558 2.95123 -2.47268 72.0726 0.305006 -13 1754 1 0 1
-0.703973 -3.38372 25.4558 -3.35596 -4.32176 63.818 2.30072 -13 1755 1 0 1
3.06035 -0.470454 25.4558 13.5112 5.50992 61.173 -1.43205 -13 1756 1 0 1
0.995571 0.732762 25.4558 -0.737085 -3.63414 69.0931 0.274662 -13 1757 1 0 1
-1.65141 -0.699963 25.4558 -3.58585 -2.13102 58.3924 -1.36972 -13 1758 1 0 1
0.265231 -1.44469 25.4558 4.05021 -3.19956 47.5257 -2.12593 -13 1759 1 0 1
-3.39507 3.29831 25.4558 -21.2594 2.28079 66.3075 -0.102047 -13 1760 1 0 1
3.46117 -1.0444 25.4558 13.5102 -1.06389 50.2234 -1.63579 -13 1761 1 0 1
2.90079 -1.14222 25.4558 -2.21259 -13.9642 78.4052 0.913963 -13 1762 1 0 1
-2.82592 1.13472 25.4558 -8.97756 12.4021 59.2649 1.57368 -13 1763 1 0 1
-3.60629 -0.58096 25.4558 -7.36363 3.78625 51.8755 -0.368867 -13 1764 1 0 1
-3.3372 -2.61696 25.4558 -7.53205 -13.313 52.9255 0.383314 -13 1765 1 0 1
-1.57888 1.76856 25.4558 -17.8217 11.7322 72.8679 3.20039 -13 1766 1 0 1
-1.49435 1.35233 25.4558 -9.07103 9.72508 65.1429 -0.921097 -13 1767 1 0 1
4.29221 -0.855613 25.4558 8.2397 -9.45931 73.3395 -0.410193 -13 1768 1 0 1
-3.01174 -1.3894 25.4558 -14.3742 -2.03983 63.7886 1.24873 -13 1770 1 0 1
-0.130858 0.873482 25.4558 1.03955 10.63 61.7899 0.522595 -13 1771 1 0 1
-1.00383 1.31695 25.4558 -13.8073 0.871184 72.6305 0.503408 -13 1772 1 0 1
0.0533133 -0.15552 25.4558 -10.9796 -6.76646 74.6282 0.806876 -13 1774 1 0 1
-2.18617 -1.34215 25.4558 -3.04739 3.20886 49.0249 0.571117 -13 1775 1 0 1
3.00306 -1.46895 25.4558 3.90149 -9.40315 73.9331 0.453602 -13 1776 1 0 1
-0.171714 1.43153 25.4558 1.255 11.0732 56.7799 -0.806895 -13 1777 1 0 1
-0.733542 -2.40181 25.4558 1.86202 -1.55752 45.0137 2.36139 -13 1779 1 0 1
2.73758 1.81963 25.4558 1.55913 0.891346 76.5239 -0.18891 -13 1780 1 0 1
-0.181014 -4.43195 25.4558 2.77956 -11.8039 45.8936 1.22387 -13 1781 1 0 1
-2.3824 1.71966 25.4558 -2.14329 -3.93726 37.8343 1.94438 -13 1782 1 0 1
-0.640719 5.51473 25.4558 -2.3405 6.65164 58.535 1.01963 -13 1783 1 0 1
-3.81498 1.40781 25.4558 -9.21385 9.09503 50.833 -0.566711 -13 1784 1 0 1
-0.037426 1.01054 25.4558 4.93318 4.47441 52.7376 1.02482 -13 1785 1 0 1
2.4332 -1.65316 25.4558 8.96226 -11.1955 57.8578 0.336289 -13 1786 1 0 1
-0.430284 1.24282 25.4558 -2.20856 3.27687 59.2755 1.68989 -13 1787 1 0 1
-0.195233 0.22987 25.4558 0.985883 -2.52106 58.2812 0.113607 -13 1788 1 0 1
0.552209 -3.84976 25.4558 5.06361 -5.59446 55.5759 0.164615 -13 1789 1 0 1
3.44808 1.58411 25.4558 3.86704 -5.47497 77.4407 -1.0176 -13 1790 1 0 1
2.2276 -0.20668 25.4558 -11.4164 -9.47114 76.0852 -0.999395 -13 1791 1 0 1
-1.49108 -0.233882 25.4558 -3.79004 3.42512 59.4333 0.711718 -13 1792 1 0 1
-0.834172 3.26296 25.4558 -10.1324 10.2304 69.644 0.648606 -13 1793 1 0 1
-0.263571 -1.19555 25.4558 -9.46735 -5.79578 72.3584 0.00962659 -13 1794 1 0 1
-1.30718 -3.41964 25.4558 -9.10214 2.009 69.3154 -0.781734 -13 1795 1 0 1
-1.2519 0.237811 25.4558 -5.08324 0.0960889 64.3171 -0.0791373 -13 1796 1 0 1
1.16986 -1.49178 25.4558 -8.65612 7.24704 77.9371 0.589115 -13 1797 1 0 1
1.57305 1.07614 25.4558 -3.64906 2.9535 75.3873 0.159342 -13 1798 1 0 1
1.08563 -0.0295511 25.4558 1.40616 3.39495 67.9272 1.05205 -13 1799 1 0 1
-1.15189 0.922317 25.4558 -2.59958 -8.82281 58.8991 0.682762 -13 1800 1 0 1
1.14801 2.36089 25.4558 -16.8692 1.32642 78.2555 -1.023 -13 1801 1 0 1
0.529354 0.0985737 25.4558 -1.69847 5.52466 68.5398 0.964358 -13 1802 1 0 1
3.10739 -1.88411 25.4558 12.0419 -7.73011 60.0247 0.929847 -13 1803 1 0 1
-3.72761 -0.428559 25.4558 0.245162 -0.586223 24.4358 0.719486 -13 1804 1 0 1
0.702695 4.40702 25.4558 -0.829106 11.8532 65.0848 0.0123621 -13 1805 1 0 1
-0.270018 1.00747 25.4558 -4.00189 5.66114 67.3832 1.38308 -13 1806 1 0 1
1.93082 -3.81506 25.4558 2.25611 -0.422409 70.5528 0.919496 -13 1807 1 0 1
-0.740251 -1.25897 25.4558 -4.52149 -8.56012 62.7435 2.09457 -13 1808 1 0 1
-0.51947 -3.53753 25.4558 -4.38001 -6.66996 65.4251 0.590719 -13 1809 1 0 1
1.09231 0.49287 25.4558 5.54748 -1.85332 53.712 -0.1305 -13 1810 1 0 1
-1.46754 1.28611 25.4558 -7.66866 6.40145 64.0314 -0.897189 -13 1811 1 0 1
-1.29614 -4.57238 25.4558 -2.8762 -7.14235 56.4096 1.05432 -13 1812 1 0 1
1.2301 3.90513 25.4558 3.80127 9.94147 60.303 1.3587 -13 1813 1 0 1
0.420324 1.32248 25.4558 -0.387985 14.1397 65.366 -0.595502 -13 1814 1 0 1
-1.19853 3.04114 25.4558 -5.37413 4.57999 65.6463 -0.862757 -13 1815 1 0 1
2.99894 0.306627 25.4558 7.73273 6.29137 66.9024 -0.307373 -13 1816 1 0 1
-0.79408 -3.62215 25.4558 -5.51212 -15.8682 64.0795 1.20286 -13 1817 1 0 1
-1.40387 0.750743 25.4558 -3.06664 1.66234 59.5784 1.9829 -13 1818 1 0 1
-1.35961 -0.613479 25.4558 3.62141 3.28821 37.8644 0.191765 -13 1819 1 0 1
-2.87297 -3.46238 25.4558 -7.75828 -14.6985 51.2386 0.859285 -13 1820 1 0 1
-0.365794 -7.79094 25.4558 -2.19684 -22.1488 60.8272 -0.241163 -13 1821 1 0 1
1.72908 2.82517 25.4558 2.22352 11.6845 67.6402 0.257236 -13 1823 1 0 1
-0.400053 1.16173 25.4558 -10.7745 1.31898 72.6998 -0.00208596 -13 1824 1 0 1
2.88997 -0.321713 25.4558 -7.7571 -2.64023 79.4584 -0.214585 -13 1825 1 0 1
-0.444758 1.57823 25.4558 -5.98844 7.89878 69.6887 -1.06254 -13 1826 1 0 1
3.82729 -1.70978 25.4558 13.2966 -4.92032 50.7397 -0.351777 -13 1827 1 0 1
-2.76937 -1.21816 25.4558 -8.71686 -6.4064 58.4578 0.313117 -13 1828 1 0 1
-2.84512 -3.77197 25.4558 -9.52006 -10.5964 55.586 0.498398 -13 1829 1 0 1
0.294089 -0.758476 25.4558 -5.33486 -3.93089 68.694 -0.200845 -13 1830 1 0 1
2.3636 4.54858 25.4558 5.95447 16.8418 65.2305 0.138141 -13 1831 1 0 1
-1.769 0.937979 25.4558 -7.24566 1.25372 64.5252 1.25552 -13 1832 1 0 1
1.25036 0.970486 25.4558 1.34395 15.3326 65.4593 -1.42138 -13 1833 1 0 1
-0.868396 0.804873 25.4558 -5.33815 4.95271 65.4504 2.81383 -13 1834 1 0 1
-0.847463 -0.0104016 25.4558 -0.497247 3.556 53.4917 1.36728 -13 1835 1 0 1
1.20234 1.41078 25.4558 0.802646 10.6729 67.2603 1.80956 -13 1836 1 0 1
-2.95409 1.14377 25.4558 -18.147 -2.32469 67.931 -0.0570549 -13 1837 1 0 1
2.19472 -1.02299 25.4558 8.95828 -0.271201 56.6207 -1.82855 -13 1838 1 0 1
-1.31844 3.64025 25.4558 -17.0917 3.67905 72.9531 1.05381 -13 1839 1 0 1
-4.72985 -2.31515 25.4558 -3.50926 0.926471 26.6615 -1.38205 -13 1840 1 0 1
-0.180534 -1.67047 25.4558 -5.50008 9.10079 65.4485 -2.50463 -13 1841 1 0 1
-1.04035 -1.41172 25.4558 -5.87259 9.21673 66.0522 0.718859 -13 1842 1 0 1
1.94263 0.617221 25.4558 -0.94081 -2.93826 74.0062 0.151893 -13 1843 1 0 1
-1.4313 1.45522 25.4558 -4.59403 -4.02986 59.8962 1.23422 -13 1844 1 0 1
-0.782974 0.645417 25.4558 3.3809 -2.2118 48.2107 0.500013 -13 1845 1 0 1
-2.67769 -0.814624 25.4558 -15.0575 0.416797 66.2405 1.97116 -13 1846 1 0 1
0.146961 1.34724 25.4558 -11.3881 2.0879 76.0027 -1.26107 -13 1847 1 0 1
1.5643 0.373344 25.4558 7.87975 8.53391 54.0505 1.10244 -13 1848 1 0 1
-1.59952 1.79544 25.4558 -12.5033 10.8645 68.3529 1.24782 -13 1849 1 0 1
-0.337236 -0.0747053 25.4558 0.251446 -3.07493 61.8975 0.904419 -13 1850 1 0 1
-1.20269 2.01851 25.4558 -0.11245 6.54623 53.001 2.38598 -13 1851 1 0 1
2.85012 0.341755 25.4558 1.62891 3.92518 76.7456 0.546299 -13 1852 1 0 1
-0.106869 2.16128 25.4558 -2.10021 9.3587 65.3516 0.624206 -13 1853 1 0 1
-0.397155 -3.35968 25.4558 5.78817 -10.3751 38.627 -1.41246 -13 1854 1 0 1
-7.71868 0.357123 25.4558 -23.6838 -8.28168 47.4031 -0.166317 -13 1855 1 0 1
-0.824251 0.95204 25.4558 -1.5831 2.50103 59.7349 2.14528 -13 1856 1 0 1
-0.474684 2.21554 25.4558 2.8409 0.648203 52.8638 0.310307 -13 1857 1 0 1
0.798942 1.22787 25.4558 11.1298 1.95282 48.6239 1.55292 -13 1858 1 0 1
3.90197 -0.77892 25.4558 8.91881 0.966375 73.1061 1.18345 -13 1859 1 0 1
-4.88504 -1.2616 25.4558 -9.82934 -9.14849 43.0848 0.123233 -13 1860 1 0 1
-4.31688 1.78882 25.4558 -2.7923 0.288766 24.0039 0.522122 -13 1861 1 0 1
-1.43358 1.67992 25.4558 1.87516 -4.26771 50.8069 -2.07639 -13 1862 1 0 1
-1.41344 -5.19692 25.4558 -1.35665 -23.6553 46.0365 -0.630479 -13 1863 1 0 1
-2.97345 -2.35402 25.4558 -16.3771 -9.47497 65.9622 0.851712 -13 1864 1 0 1
0.795873 -0.323444 25.4558 -8.37616 5.16442 76.9701 0.892917 -13 1865 1 0 1
0.55071 0.404919 25.4558 2.19196 -5.20657 61.0411 -0.0533488 -13 1866 1 0 1
-3.73588 -0.450187 25.4558 -15.8448 -5.64636 60.1943 0.704505 -13 1867 1 0 1
-0.948873 2.62159 25.4558 -22.7192 5.75504 74.8672 0.645581 -13 1868 1 0 1
-4.60053 -0.517784 25.4558 -9.082 3.58932 36.214 0.537606 -13 1869 1 0 1
-0.125221 0.144235 25.4558 -1.38297 5.88571 64.8238 1.0708 -13 1870 1 0 1
-3.42123 -1.88688 25.4558 -12.3241 -0.148108 60.9123 1.07171 -13 1871 1 0 1
2.10418 0.264505 25.4558 8.193 2.26349 59.741 0.112489 -13 1872 1 0 1
-0.868906 -0.0614583 25.4558 -14.6359 1.49914 73.7551 0.696064 -13 1873 1 0 1
5.54477 0.233852 25.4558 13.1053 -4.30448 76.8807 -2.13516 -13 1874 1 0 1
0.165237 3.17308 25.4558 2.05713 2.22403 60.2965 2.51287 -13 1875 1 0 1
-1.39536 -3.01966 25.4558 -7.68996 -3.78584 65.0694 0.339446 -13 1876 1 0 1
-0.548197 0.0451905 25.4558 -9.4882 -4.73772 70.3831 1.61589 -13 1877 1 0 1
2.20527 -0.47655 25.4558 5.70251 -11.2905 66.8461 -0.204852 -13 1878 1 0 1
3.29948 -3.40676 25.4558 9.97991 -10.2728 65.0508 -0.984393 -13 1879 1 0 1
-0.845798 -1.39722 25.4558 -5.97447 -4.00921 64.7791 1.63552 -13 1880 1 0 1
-4.75893 -1.59989 25.4558 -7.19617 -5.75209 40.7125 0.412657 -13 1881 1 0 1
-0.817915 0.187405 25.4558 -2.52742 2.77845 60.937 -0.167694 -13 1882 1 0 1
-2.41348 -0.221842 25.4558 -15.037 8.14922 67.2484 0.257477 -13 1883 1 0 1
-2.11023 -1.07283 25.4558 -14.4552 -2.29089 69.252 -0.0749223 -13 1884 1 0 1
0.134244 0.423092 25.4558 5.19694 -6.22241 45.9624 -4.31791e-05 -13 1885 1 0 1
1.01623 -1.44907 25.4558 1.69682 -4.82423 68.6483 1.50448 -13 1886 1 0 1
-6.43095 1.03697 25.4558 -5.80242 5.18673 21.2049 -3.0151 -13 1887 1 0 1
-3.07744 1.52256 25.4558 -9.41698 -5.4357 61.1355 -0.875968 -13 1888 1 0 1
-4.0576 -1.18613 25.4558 -7.34176 5.10347 41.1216 -1.28383 -13 1889 1 0 1
3.97417 -0.0721347 25.4558 13.0373 -6.60236 64.475 -0.971417 -13 1890 1 0 1
0.19615 -0.703025 25.4558 1.55596 1.65783 25.0855 -0.10394 -13 1891 1 0 1
-2.75237 0.673097 25.4558 -3.35511 0.0138579 49.2563 -0.952294 -13 1892 1 0 1
-2.94022 -2.02598 25.4558 -15.253 -5.44309 65.9639 0.822063 -13 1893 1 0 1
-2.39883 -0.542894 25.4558 -16.4004 3.4559 67.5598 0.0263344 -13 1894 1 0 1
0.577673 -2.5 25.4558 -1.34715 -5.80969 66.8993 0.1115 -13 1896 1 0 1
-2.52539 -2.27519 25.4558 -8.78265 -5.32507 60.7709 1.20732 -13 1897 1 0 1
-1.13192 0.5084 25.4558 -4.01575 10.3186 60.7466 0.766531 -13 1898 1 0 1
-0.595832 -0.771374 25.4558 -4.58339 -2.6938 65.3089 -0.445032 -13 1899 1 0 1
-2.87205 -2.11902 25.4558 -9.02881 -7.84046 57.0399 -0.5957 -13 1900 1 0 1
3.81481 -0.626448 25.4558 14.8074 1.08793 50.2972 1.57195 -13 1901 1 0 1
0.291917 0.145564 25.4558 -0.0353175 -0.442978 65.7001 -1.32242 -13 1902 1 0 1
3.07467 0.40137 25.4558 12.4696 -0.26562 54.3315 0.894378 -13 1903 1 0 1
-1.57322 0.34403 25.4558 -6.50246 3.93571 63.5209 0.306407 -13 1904 1 0 1
-0.925785 1.78703 25.4558 -15.8272 3.0592 74.8587 -0.268808 -13 1905 1 0 1
0.511442 2.7686 25.4558 -0.584271 12.2711 65.5674 -0.213417 -13 1906 1 0 1
-0.97013 2.44446 25.4558 -3.50075 13.6615 62.6012 1.81394 -13 1907 1 0 1
-1.00011 0.283515 25.4558 -5.89564 -5.48814 68.3976 -0.658251 -13 1908 1 0 1
3.59825 1.89555 25.4558 14.2612 2.35242 57.5859 2.82237 -13 1909 1 0 1
1.04207 2.93519 25.4558 -0.390625 3.20716 66.3743 -1.09565 -13 1910 1 0 1
-0.386257 -2.55247 25.4558 -8.44211 -1.46506 72.4779 -2.29207 -13 1911 1 0 1
-0.188589 -1.25173 25.4558 -8.37981 1.21754 68.8223 0.333264 -13 1912 1 0 1
3.62874 -4.00557 25.4558 6.18927 -10.5389 75.5609 -1.69112 -13 1913 1 0 1
-2.08922 2.78555 25.4558 -12.2325 13.2743 62.6328 -0.0915971 -13 1914 1 0 1
0.546993 -2.17928 25.4558 -7.19158 -9.3363 72.4294 -0.00289521 -13 1915 1 0 1
-0.595182 -2.27849 25.4558 -5.70948 -3.69601 66.5369 -0.0238859 -13 1916 1 0 1
3.10011 0.283625 25.4558 9.22556 3.47938 64.6737 -0.224624 -13 1917 1 0 1
-0.556675 2.31337 25.4558 -5.97282 -1.91927 66.8911 -0.85703 -13 1918 1 0 1
-2.02026 -0.305928 25.4558 -2.93879 -5.81125 51.2804 -1.46964 -13 1919 1 0 1
-0.0383638 5.36338 25.4558 -0.0978074 15.33 59.1146 -1.407 -13 1920 1 0 1
3.7888 -1.10023 25.4558 -3.67749 1.43454 80.0476 1.34468 -13 1921 1 0 1
-0.657188 0.164646 25.4558 -13.8169 4.28966 72.3011 1.4263 -13 1922 1 0 1
-1.64702 0.645074 25.4558 -4.73551 -5.22107 62.0115 1.46749 -13 1923 1 0 1
-0.256874 0.815706 25.4558 -2.23035 6.87028 64.67 1.84908 -13 1924 1 0 1
-4.87894 -6.82051 25.4558 -6.00875 -15.2619 27.3813 1.22834 -13 1925 1 0 1
-5.6053 0.35639 25.4558 -10.0366 -7.61647 36.0711 -0.743182 -13 1926 1 0 1
-0.254619 -1.94373 25.4558 0.95277 -16.4931 53.8904 0.798442 -13 1927 1 0 1
-1.49185 -1.14101 25.4558 1.01191 -3.59208 36.1557 -1.34781 -13 1928 1 0 1
-0.25281 -1.86465 25.4558 -16.0093 1.07352 77.1837 0.184557 -13 1929 1 0 1
0.283084 1.25923 25.4558 -7.16123 14.7461 69.8982 2.32934 -13 1930 1 0 1
0.110811 3.80838 25.4558 -1.75699 13.1132 63.8244 -2.55411 -13 1931 1 0 1
2.09782 -1.88785 25.4558 3.45091 -6.92408 70.2378 -0.279304 -13 1932 1 0 1
6.36789 -1.16961 25.4558 15.4299 0.352491 77.3055 1.062 -13 1933 1 0 1
-3.13674 -0.901645 25.4558 -7.39191 0.461722 47.6351 -0.327124 -13 1934 1 0 1
1.43036 -1.12266 25.4558 6.84681 -4.61721 63.8746 0.143498 -13 1935 1 0 1
2.20867 1.6152 25.4558 9.62785 2.56942 55.5767 -1.25525 -13 1936 1 0 1
-0.400132 1.89249 25.4558 0.74492 -10.7124 59.2606 -1.29585 -13 1937 1 0 1
4.1021 -1.64764 25.4558 11.9457 -6.70772 70.4628 0.393171 -13 1939 1 0 1
-3.03628 1.29356 25.4558 -12.7439 1.44369 62.9703 -1.0423 -13 1941 1 0 1
0.779584 1.90606 25.4558 -4.87992 9.89745 72.35 1.61335 -13 1942 1 0 1
-0.4513 2.52719 25.4558 -5.87384 7.85969 66.9926 0.743964 -13 1943 1 0 1
3.03388 1.00728 25.4558 9.60159 12.716 63.1725 -0.652768 -13 1944 1 0 1
0.809206 -0.0183822 25.4558 1.82596 2.82222 65.3475 -0.872785 -13 1945 1 0 1
-1.17451 -0.214592 25.4558 -6.84254 -1.2907 62.9892 -0.233163 -13 1946 1 0 1
-0.505862 3.64839 25.4558 0.775672 6.09324 61.1484 0.500146 -13 1947 1 0 1
0.607352 2.33314 25.4558 -4.82567 13.7674 70.6326 0.369703 -13 1948 1 0 1
-2.57842 1.04341 25.4558 -7.12388 3.08479 58.9706 -0.00687772 -13 1950 1 0 1
0.841893 1.33393 25.4558 4.19083 3.72133 61.7443 0.593168 -13 1951 1 0 1
1.84753 0.248738 25.4558 10.1616 -3.69228 57.5642 -1.49008 -13 1952 1 0 1
3.47592 -0.556048 25.4558 13.6725 -3.2717 55.4112 -0.925285 -13 1953 1 0 1
1.04837 -1.39381 25.4558 1.88205 -2.83317 65.6862 -1.73161 -13 1954 1 0 1
-4.63248 -0.979916 25.4558 -14.7144 -3.22674 54.6523 0.0450437 -13 1955 1 0 1
-2.49124 -1.81803 25.4558 -8.01124 -6.05302 53.341 -0.305989 -13 1956 1 0 1
-5.09008 0.0336302 25.4558 -10.9326 8.28495 44.0043 0.0372387 -13 1957 1 0 1
0.750411 0.425718 25.4558 0.783593 -3.88994 67.4038 -2.55679 -13 1958 1 0 1
-2.47463 -0.0473379 25.4558 -1.6302 2.79678 35.8558 -0.325309 -13 1959 1 0 1
1.80813 -2.83287 25.4558 3.62029 -9.6278 67.1126 -1.58528 -13 1960 1 0 1
-3.28995 0.625011 25.4558 -8.62247 -0.441641 55.0274 -2.02999 -13 1961 1 0 1
-3.81417 -5.08365 25.4558 -3.54596 -4.79563 27.1812 1.78644 -13 1962 1 0 1
5.78683 -0.380168 25.4558 1.79604 -1.44293 78.4302 -1.36426 -13 1963 1 0 1
0.636559 -2.91082 25.4558 6.00689 -9.52506 49.1338 -1.23195 -13 1964 1 0 1
-1.20514 -1.18726 25.4558 -7.98726 -15.3058 63.068 0.800126 -13 1965 1 0 1
-0.642919 0.461952 25.4558 3.55585 1.33631 46.1981 0.0716726 -13 1966 1 0 1
-0.583568 -0.12634 25.4558 -6.73386 -4.44343 67.8665 0.353255 -13 1967 1 0 1
-2.19833 2.03308 25.4558 -14.9355 19.4667 65.9288 0.750946 -13 1968 1 0 1
3.0538 5.87182 25.4558 5.6367 -3.60077 72.6453 -0.768167 -13 1969 1 0 1
-0.824842 0.478755 25.4558 -6.04026 -2.36424 64.9 0.317273 -13 1970 1 0 1
0.405178 1.15704 25.4558 -3.25288 13.1337 69.4493 0.795063 -13 1971 1 0 1
-0.595759 0.57837 25.4558 0.604651 5.98924 51.8104 0.0669373 -13 1972 1 0 1
-1.58097 0.526201 25.4558 -12.9486 -0.651665 69.9296 1.57551 -13 1973 1 0 1
0.834523 2.26959 25.4558 5.98547 -5.98795 55.5176 1.65347 -13 1974 1 0 1
0.0567517 -2.9248 25.4558 -3.56983 -4.94498 69.2034 -0.418824 -13 1975 1 0 1
-0.0728853 1.02259 25.4558 -1.87079 7.35369 64.2586 -1.38666 -13 1976 1 0 1
-2.25254 -4.25147 25.4558 -10.0501 -5.52409 62.0206 -0.362215 -13 1977 1 0 1
0.356884 -5.72846 25.4558 3.24736 -12.6965 60.797 -1.71825 -13 1978 1 0 1
-0.964224 -2.15608 25.4558 -21.8296 -10.7896 75.6592 2.1016 -13 1979 1 0 1
-1.05471 0.522111 25.4558 -10.6921 -18.5449 67.6403 1.64716 -13 1980 1 0 1
0.873853 2.72864 25.4558 -10.1913 1.58154 78.1444 -0.454654 -13 1981 1 0 1
-3.37807 0.973405 25.4558 -7.77502 -0.82789 51.3145 -0.911682 -13 1982 1 0 1
3.35711 -0.273006 25.4558 12.0996 3.51338 62.0285 -1.40555 -13 1983 1 0 1
-0.39901 -3.44991 25.4558 -0.588007 -12.536 58.7308 0.09188 -13 1984 1 0 1
4.11884 -2.25338 25.4558 1.6225 -7.62063 79.1614 -0.788383 -13 1985 1 0 1
-0.369029 -0.275108 25.4558 -12.924 -5.9868 74.2859 -0.826079 -13 1986 1 0 1
0.747711 2.55578 25.4558 4.95137 1.67406 58.8092 0.592462 -13 1987 1 0 1
3.01553 1.32357 25.4558 13.084 13.1675 56.8626 0.702296 -13 1988 1 0 1
0.49025 3.43523 25.4558 0.420273 -0.785078 62.1589 -0.336059 -13 1990 1 0 1
-3.56858 0.483532 25.4558 -13.6131 -1.87624 58.012 1.00551 -13 1991 1 0 1
1.33707 0.505094 25.4558 6.47523 -0.559399 58.3037 0.510289 -13 1992 1 0 1
0.502626 -3.57925 25.4558 4.32692 5.87674 45.315 -0.0199186 -13 1993 1 0 1
4.09782 7.4006 25.4558 12.9782 25.3355 54.5282 0.577553 -13 1994 1 0 1
-3.74184 -0.520438 25.4558 -7.23561 0.644832 52.4178 0.967305 -13 1995 1 0 1
-1.34452 0.186671 25.4558 2.13198 2.63156 54.0163 -1.5702 -13 1996 1 0 1
-2.08891 -4.74237 25.4558 -1.75799 -7.96164 49.8396 -2.34803 -13 1997 1 0 1
0.403774 -2.29152 25.4558 5.04975 -2.30931 27.4327 1.47484 -13 1998 1 0 1
-1.53648 1.33277 25.4558 -7.31445 -1.88919 61.8469 -1.30666 -13 1999 1 0 1
-0.406895 1.37355 25.4558 -7.49377 9.15529 68.144 0.235957 -13 2000 1 0 1
-1.20582 -2.25641 25.4558 -9.82303 -9.50069 67.6274 0.671963 -13 2001 1 0 1
-0.297922 -2.70337 25.4558 -8.34887 -4.90901 71.5593 -1.45139 -13 2002 1 0 1
0.584614 -0.280931 25.4558 4.42833 0.959472 43.2552 0.290874 -13 2003 1 0 1
-0.0870167 -1.53131 25.4558 -0.612918 -9.30254 63.2037 -0.861634 -13 2004 1 0 1
-0.689872 -1.61661 25.4558 4.53471 -0.441458 32.3618 1.8748 -13 2005 1 0 1
-2.09892 -1.27846 25.4558 -6.99273 0.908205 61.5262 -1.45196 -13 2006 1 0 1
-0.00223093 0.208505 25.4558 -0.901941 -1.7528 65.573 0.275238 -13 2007 1 0 1
1.41648 -0.456312 25.4558 1.28058 1.23296 69.1417 1.1658 -13 2008 1 0 1
0.352593 0.149279 25.4558 3.92763 -7.61438 53.8742 -1.12884 -13 2009 1 0 1
-0.0566182 2.1048 25.4558 -3.69047 12.6854 65.08 0.562589 -13 2010 1 0 1
1.50137 3.60064 25.4558 3.2709 3.21731 67.2101 -1.52209 -13 2011 1 0 1
1.59541 -0.497155 25.4558 1.06302 -1.85131 69.6204 1.47127 -13 2012 1 0 1
1.79892 1.77017 25.4558 2.68019 9.07115 66.2563 0.179604 -13 2013 1 0 1
-0.19615 2.50103 25.4558 3.9094 9.17288 43.6413 0.767695 -13 2014 1 0 1
-7.22852 -3.69171 25.4558 -21.105 -13.066 47.1956 -0.312835 -13 2017 1 0 1
1.97337 3.99893 25.4558 0.589171 11.2571 70.1403 1.68968 -13 2018 1 0 1
-0.284932 0.428577 25.4558 -2.93309 -0.213495 62.5789 0.0551638 -13 2019 1 0 1
2.63994 1.8935 25.4558 -0.332957 9.84111 76.2182 -2.02034 -13 2020 1 0 1
3.0418 -0.411671 25.4558 10.3295 0.71118 64.9615 -0.372715 -13 2021 1 0 1
9.85185 -10.3064 25.4558 23.8424 -16.8286 33.2967 -1.14934 -13 2022 1 0 1
-0.959903 2.40048 25.4558 -0.756896 -0.0948938 62.4979 -1.15883 -13 2023 1 0 1
-1.61313 4.20246 25.4558 -10.2306 4.84472 67.6145 -0.925338 -13 2024 1 0 1
-1.13433 3.92884 25.4558 -3.39801 6.41313 56.4925 0.455479 -13 2025 1 0 1
-3.18343 -1.97159 25.4558 -14.2862 -5.65287 62.5326 1.7131 -13 2026 1 0 1
-3.05683 -1.1606 25.4558 -1.00932 0.995434 20.9945 2.09946 -13 2027 1 0 1
0.932788 -0.0287616 25.4558 -3.63627 0.256173 73.4265 0.880264 -13 2028 1 0 1
-0.170877 -0.394689 25.4558 -6.49814 2.43377 69.422 1.08121 -13 2029 1 0 1
-4.32349 -1.44343 25.4558 -14.6935 -4.48968 57.4679 0.520601 -13 2030 1 0 1
-0.161624 1.41727 25.4558 -11.5737 8.17682 76.9985 -0.801511 -13 2031 1 0 1
2.17046 -0.0184955 25.4558 3.00866 -2.09331 71.9707 1.41865 -13 2032 1 0 1
0.195038 -1.20117 25.4558 -2.53653 -0.368716 65.7895 -2.22836 -13 2033 1 0 1
-0.948228 -2.80175 25.4558 -2.86976 -6.30125 59.4255 0.938811 -13 2034 1 0 1
-1.5159 1.44358 25.4558 -1.92654 4.34021 52.1536 1.33664 -13 2035 1 0 1
0.551749 2.24163 25.4558 -8.95407 -1.16031 76.0332 -0.817085 -13 2036 1 0 1
-2.92096 -2.89174 25.4558 -12.8293 -12.7073 62.7788 -0.84342 -13 2037 1 0 1
2.67151 0.741163 25.4558 10.8857 -3.65228 54.112 0.251941 -13 2038 1 0 1
-0.474948 1.0354 25.4558 -5.43784 7.45069 66.6842 0.459332 -13 2039 1 0 1
1.61303 0.0444509 25.4558 -8.15583 5.3313 79.9896 1.67511 -13 2040 1 0 1
-1.60399 0.599041 25.4558 -2.12199 6.0007 52.645 -0.421556 -13 2041 1 0 1
-2.48067 5.39391 25.4558 -5.93814 19.3366 54.6738 -0.436315 -13 2042 1 0 1
6.0926 -0.531566 25.4558 18.5408 -3.3945 60.7135 0.782174 -13 2043 1 0 1
-3.86817 -2.98203 25.4558 -8.93615 -4.3094 51.1413 -1.97124 -13 2044 1 0 1
0.424817 0.542144 25.4558 -3.88972 -6.89796 71.476 1.10171 -13 2045 1 0 1
-0.0483493 1.92336 25.4558 -3.11387 2.22957 67.5824 0.967656 -13 2046 1 0 1
-1.91956 -2.55624 25.4558 -15.8866 -11.4432 69.0213 -0.171501 -13 2047 1 0 1
-0.43913 1.04842 25.4558 -11.4918 1.70003 73.2689 0.834855 -13 2048 1 0 1
1.31864 3.6249 25.4558 1.1108 17.9802 65.049 -0.441306 -13 2049 1 0 1
-0.314314 -2.54509 25.4558 -4.86753 -15.5985 67.5139 0.957664 -13 2050 1 0 1
-1.49997 -1.00735 25.4558 2.20055 0.213076 29.0415 0.210177 -13 2052 1 0 1
3.53049 1.34691 25.4558 11.8122 4.7739 64.2941 -0.530954 -13 2053 1 0 1
-0.358539 1.77947 25.4558 0.906505 8.96313 55.4755 -1.14103 -13 2054 1 0 1
-0.671338 -2.99752 25.4558 -0.497987 -16.5179 55.9954 1.80241 -13 2055 1 0 1
-2.08233 0.0889975 25.4558 -11.3771 2.31545 63.9057 -1.001 -13 2056 1 0 1
0.028233 -0.771248 25.4558 1.3861 0.485741 60.372 2.2437 -13 2057 1 0 1
0.488996 -1.7149 25.4558 -0.702154 -4.94566 62.4666 -1.29393 -13 2058 1 0 1
-2.68897 2.96242 25.4558 -7.49282 5.57559 56.6315 -2.62311 -13 2059 1 0 1
-0.211805 4.74732 25.4558 -10.1095 3.68848 71.6978 1.77745 -13 2060 1 0 1
1.54345 0.0532045 25.4558 4.57519 -2.69483 63.6341 0.699798 -13 2061 1 0 1
2.13487 1.85206 25.4558 2.74616 -3.57925 72.6383 2.37746 -13 2062 1 0 1
-2.78447 -5.55188 25.4558 -2.29882 -5.75745 36.9521 -1.60295 -13 2063 1 0 1
-0.230416 0.997679 25.4558 -1.75697 -12.8416 63.8754 0.0301612 -13 2064 1 0 1
1.25409 0.370118 25.4558 4.26603 1.15175 59.8229 -1.65656 -13 2065 1 0 1
-0.616973 3.20369 25.4558 -0.0230883 2.75658 56.1304 -0.0466321 -13 2067 1 0 1
4.22625 1.81119 25.4558 14.1907 -2.66868 64.105 -1.11949 -13 2068 1 0 1
-2.97496 -0.282882 25.4558 -9.62539 -1.68768 57.3215 -0.0523794 -13 2069 1 0 1
0.5973 -1.53022 25.4558 -10.1594 -11.0614 76.2131 0.469017 -13 2070 1 0 1
-2.52721 -0.701611 25.4558 -4.49721 2.52542 51.1003 -1.15062 -13 2071 1 0 1
3.80466 3.92184 25.4558 14.8088 14.3098 51.4843 -1.94683 -13 2072 1 0 1
-1.63149 -1.36279 25.4558 -3.91505 -14.1706 56.2574 1.08019 -13 2073 1 0 1
1.29225 1.45054 25.4558 0.615124 -0.240903 70.503 -0.597548 -13 2074 1 0 1
-2.47831 1.13461 25.4558 -8.26071 -1.06548 55.5642 -1.74811 -13 2075 1 0 1
-0.329589 -1.24982 25.4558 -2.94692 -4.09515 64.835 0.449649 -13 2076 1 0 1
4.01789 -1.13089 25.4558 10.7187 -0.573068 72.4812 0.146344 -13 2077 1 0 1
2.16716 1.38772 25.4558 6.27624 11.5435 63.7891 -0.162746 -13 2078 1 0 1
-0.268608 2.19949 25.4558 -2.67082 -4.77066 62.8924 -0.317589 -13 2079 1 0 1
0.530395 -0.689869 25.4558 -2.52502 2.15982 69.1396 -0.0420055 -13 2080 1 0 1
0.507088 1.81128 25.4558 -3.77122 6.54976 71.512 1.83445 -13 2081 1 0 1
-1.58518 2.294 25.4558 -2.23729 9.01327 54.7335 -0.462437 -13 2082 1 0 1
0.458191 3.14408 25.4558 -0.251937 7.29654 64.6573 2.16583 -13 2083 1 0 1
-1.46229 -1.28432 25.4558 3.01051 -0.305323 29.6904 0.18839 -13 2084 1 0 1
0.07298 3.33683 25.4558 0.434569 14.4035 58.8031 0.160903 -13 2085 1 0 1
0.907247 -0.209185 25.4558 0.309154 -0.0268921 67.9474 0.240074 -13 2086 1 0 1
0.0173682 2.01442 25.4558 0.543573 6.61182 61.9077 0.416441 -13 2087 1 0 1
-0.387949 -1.67959 25.4558 -16.2259 -5.37612 75.4131 -0.710172 -13 2089 1 0 1
-2.31329 -0.0955308 25.4558 0.552963 1.91952 38.1082 -0.771335 -13 2090 1 0 1
-2.43683 -0.743939 25.4558 -13.6564 -2.3379 66.6317 -1.73075 -13 2091 1 0 1
-1.09865 4.13732 25.4558 -3.66855 20.634 58.301 0.316337 -13 2092 1 0 1
1.20176 -7.26573 25.4558 7.11607 -9.43946 41.2374 -0.706058 -13 2093 1 0 1
-0.745539 2.08179 25.4558 -4.25552 -1.56311 61.7358 1.12732 -13 2094 1 0 1
1.73671 0.386749 25.4558 -1.38392 3.49107 74.6644 0.862366 -13 2095 1 0 1
0.792983 0.972318 25.4558 4.41326 5.44612 58.8794 -0.0186724 -13 2096 1 0 1
0.203601 -2.07645 25.4558 -0.455178 -0.498435 59.2511 -0.319704 -13 2097 1 0 1
-1.49973 4.48897 25.4558 -2.65152 16.1844 52.6902 -0.258248 -13 2098 1 0 1
-3.26942 -0.701931 25.4558 -12.6764 1.10157 61.4493 -0.380938 -13 2099 1 0 1
-3.29661 -3.91805 25.4558 -4.78613 -11.4834 46.9991 -0.316295 -13 2100 1 0 1
0.571641 -1.75345 25.4558 6.1288 -9.05545 52.2821 -0.607316 -13 2101 1 0 1
-3.87802 3.03917 25.4558 -3.25403 4.58973 27.39 2.76462 -13 2102 1 0 1
-0.157243 -0.186661 25.4558 -3.44027 -4.30691 66.03 -0.694371 -13 2103 1 0 1
1.21184 1.17707 25.4558 1.27032 3.30069 69.3234 0.302054 -13 2104 1 0 1
2.57753 -1.97693 25.4558 -1.38146 -8.56321 78.394 -1.04485 -13 2105 1 0 1
-1.10035 0.862355 25.4558 -9.76259 8.05085 67.8157 0.0020043 -13 2108 1 0 1
-1.36389 0.787629 25.4558 -1.71514 2.68049 56.3642 -0.747582 -13 2109 1 0 1
0.923568 4.78981 25.4558 2.9758 17.7768 63.6488 -0.0918164 -13 2110 1 0 1
-3.64425 -2.06481 25.4558 -8.45517 -11.502 51.2326 1.3909 -13 2111 1 0 1
-0.0795387 1.20302 25.4558 0.640614 5.08288 60.7961 -0.911 -13 2112 1 0 1
-0.367488 -0.662494 25.4558 -7.54698 3.39279 70.3754 -0.931489 -13 2113 1 0 1
-2.29182 -1.90483 25.4558 -4.88748 -8.62281 54.2162 1.47305 -13 2114 1 0 1
-2.54431 -1.79875 25.4558 -12.0716 -10.3382 61.0633 2.63511 -13 2115 1 0 1
0.347737 0.650416 25.4558 4.42684 -1.28866 60.19 -0.0975815 -13 2116 1 0 1
1.79528 3.18483 25.4558 4.4915 8.41657 66.6507 0.0459698 -13 2117 1 0 1
-0.631971 1.3355 25.4558 -4.06093 1.37732 65.0474 -1.1811 -13 2118 1 0 1
0.545305 3.9326 25.4558 -2.37286 4.52994 67.5951 0.0605005 -13 2119 1 0 1
-0.52813 -1.09646 25.4558 1.84306 -0.777784 56.8082 -2.62104 -13 2120 1 0 1
0.338212 1.65434 25.4558 2.0564 8.6798 58.0628 1.97078 -13 2121 1 0 1
-2.8311 -0.0942326 25.4558 -9.03733 -5.88553 60.6225 1.69802 -13 2122 1 0 1
1.41174 -0.141587 25.4558 -3.55932 -0.539926 76.713 0.639299 -13 2123 1 0 1
-4.87706 4.89308 25.4558 -11.7586 6.8999 46.5038 2.56649 -13 2124 1 0 1
-2.89996 -0.886976 25.4558 -8.0179 -2.29874 54.1482 -0.704556 -13 2125 1 0 1
0.00658595 1.14163 25.4558 -10.917 10.2117 75.0575 -0.487561 -13 2126 1 0 1
1.01776 0.487433 25.4558 4.57347 -4.84988 60.791 -0.611883 -13 2127 1 0 1
0.624155 -3.53107 25.4558 -0.783413 -7.26621 68.2889 2.30891 -13 2128 1 0 1
-0.451372 0.697627 25.4558 -8.24197 6.87295 67.2022 -0.482978 -13 2129 1 0 1
-0.536814 3.36129 25.4558 -2.58589 2.71035 64.2257 -0.168103 -13 2130 1 0 1
-2.6626 -1.70585 25.4558 -9.20671 -4.88795 59.7322 2.04787 -13 2131 1 0 1
2.79643 0.171249 25.4558 1.4219 7.17888 77.054 0.895176 -13 2132 1 0 1
-2.99482 -3.38999 25.4558 -4.6987 5.6926 55.8677 0.430519 -13 2133 1 0 1
-0.834408 -0.259318 25.4558 -6.78596 8.71824 66.7278 -0.380721 -13 2134 1 0 1
7.48789 -3.85356 25.4558 26.2349 -9.79929 63.2337 1.05611 -13 2135 1 0 1
-2.80915 0.089643 25.4558 -11.7225 1.16804 63.0218 0.589422 -13 2136 1 0 1
3.50307 4.24853 25.4558 9.9005 8.05087 66.4481 -1.3419 -13 2137 1 0 1
-2.0792 1.374 25.4558 -11.6916 7.50813 67.1936 -0.970461 -13 2138 1 0 1
2.2614 0.715385 25.4558 3.97873 2.78614 71.5141 1.20918 -13 2139 1 0 1
-4.55844 -0.475788 25.4558 -11.148 3.43014 43.4221 -0.850931 -13 2140 1 0 1
0.988388 -2.32238 25.4558 2.99276 -9.39365 63.8336 1.41731 -13 2141 1 0 1
4.20809 -0.89537 25.4558 5.61947 7.61288 76.9995 0.980645 -13 2142 1 0 1
0.0502327 1.23003 25.4558 3.49733 2.89663 53.0294 -0.869146 -13 2143 1 0 1
-3.70839 -0.789383 25.4558 -12.2425 -2.67232 58.5469 -0.344019 -13 2144 1 0 1
2.94309 -1.1673 25.4558 11.1532 -8.29289 60.538 -0.128631 -13 2146 1 0 1
0.454356 3.61401 25.4558 5.21085 12.636 47.4425 0.644433 -13 2147 1 0 1
-0.741044 1.64812 25.4558 0.228464 5.46155 57.9386 0.375219 -13 2148 1 0 1
-3.89102 1.40075 25.4558 -15.0439 5.71476 60.3863 0.245751 -13 2149 1 0 1
-4.56102 0.0297363 25.4558 -9.95304 2.5028 47.1161 -0.791697 -13 2150 1 0 1
-0.945197 0.772219 25.4558 -7.91286 1.49492 67.9058 -1.54078 -13 2151 1 0 1
-3.06899 -1.03931 25.4558 -13.7564 0.202095 62.613 -0.519949 -13 2152 1 0 1
-3.15143 -3.29368 25.4558 -8.87147 -7.99747 55.9892 -2.11794 -13 2153 1 0 1
2.70619 3.49482 25.4558 12.4403 14.4822 48.585 0.225804 -13 2154 1 0 1
0.196476 -1.69741 25.4558 -0.00411249 2.86236 64.4537 -0.596546 -13 2155 1 0 1
-0.0311517 1.75856 25.4558 -4.7544 2.45784 68.0101 2.35172 -13 2156 1 0 1
1.73577 -0.582891 25.4558 -5.00704 -4.99473 79.1628 1.61564 -13 2157 1 0 1
-3.97038 -1.0543 25.4558 -7.57965 -1.05526 48.0039 0.863075 -13 2158 1 0 1
-4.02337 -2.60974 25.4558 -10.0006 -4.34314 52.6367 1.61118 -13 2159 1 0 1
-2.72104 -1.34106 25.4558 -7.8907 -14.1017 58.0768 1.66392 -13 2160 1 0 1
2.43261 0.72422 25.4558 6.42238 3.34505 68.841 2.18163 -13 2161 1 0 1
0.60905 0.764688 25.4558 -14.3734 -5.54723 79.8021 2.06056 -13 2162 1 0 1
-0.691405 1.70554 25.4558 -1.26451 6.48345 63.021 0.675223 -13 2163 1 0 1
-1.39919 0.693714 25.4558 -5.66501 12.507 63.9869 -0.430253 -13 2165 1 0 1
-2.81856 0.622611 25.4558 -6.20301 2.38741 53.1668 -1.3451 -13 2166 1 0 1
1.32704 0.981308 25.4558 -0.927974 3.15802 70.3607 1.6895 -13 2167 1 0 1
1.28337 -0.402649 25.4558 -7.61746 1.7096 78.0879 -0.773339 -13 2169 1 0 1
1.54949 -9.81357 25.4558 8.11528 -19.6281 32.4396 0.466921 -13 2170 1 0 1
-0.639844 4.7602 25.4558 -2.69229 14.6914 58.1689 2.82984 -13 2171 1 0 1
-3.09324 1.44283 25.4558 -9.68201 5.43318 55.5204 -0.607422 -13 2172 1 0 1
-2.17297 2.76763 25.4558 -16.9508 1.43072 70.2548 -2.81032 -13 2173 1 0 1
-3.28833 -5.89389 25.4558 -3.38214 -5.61401 40.277 -1.62148 -13 2174 1 0 1
0.968664 -0.223913 25.4558 1.14266 11.2866 67.6511 0.430298 -13 2175 1 0 1
-3.51478 -4.04969 25.4558 -3.29682 -3.23298 24.9583 2.45879 -13 2176 1 0 1
-0.755622 -0.217737 25.4558 -14.0834 -1.97556 74.1961 0.62427 -13 2177 1 0 1
1.70272 -0.65821 25.4558 9.85423 -3.01224 44.0607 1.88634 -13 2178 1 0 1
-2.24795 0.185493 25.4558 -15.4385 2.35622 66.9713 1.08162 -13 2179 1 0 1
-1.86578 -4.4486 25.4558 -2.05795 -16.0596 49.962 -0.629257 -13 2180 1 0 1
-0.73048 1.64364 25.4558 -7.55599 14.0355 69.258 0.00242354 -13 2181 1 0 1
-1.96775 -3.62972 25.4558 -2.37962 -4.76042 49.838 0.240398 -13 2182 1 0 1
1.54418 -0.799096 25.4558 2.00067 -4.43088 66.7364 -0.444533 -13 2183 1 0 1
0.725939 1.08701 25.4558 -7.88789 -0.631644 74.9738 -0.596011 -13 2184 1 0 1
2.86435 2.03292 25.4558 -3.84952 -2.69605 79.1178 0.474262 -13 2185 1 0 1
0.70436 0.357971 25.4558 -1.87301 4.60329 70.4683 0.956768 -13 2186 1 0 1
3.1241 -1.18991 25.4558 7.85681 -5.97194 69.592 -0.0659966 -13 2187 1 0 1
-1.70855 -2.17452 25.4558 -20.3441 -9.89165 74.6732 1.53236 -13 2188 1 0 1
-1.13873 -1.77792 25.4558 -2.13512 -13.0178 55.762 1.27448 -13 2189 1 0 1
-0.32381 0.477455 25.4558 -11.8324 8.38509 74.7858 -0.344587 -13 2190 1 0 1
-1.54437 -2.0228 25.4558 -3.04076 -1.19036 53.8683 -1.20491 -13 2191 1 0 1
0.0562575 -2.46595 25.4558 -9.48801 1.02878 74.0692 0.985436 -13 2192 1 0 1
-3.5585 0.342842 25.4558 -4.39794 3.27015 50.2237 0.664301 -13 2193 1 0 1
-1.98505 0.612491 25.4558 -7.83565 1.71346 58.7243 1.08224 -13 2194 1 0 1
0.436897 -1.61272 25.4558 -3.92293 -5.14607 69.9365 1.67753 -13 2195 1 0 1
2.68687 4.1046 25.4558 -1.39101 20.6316 74.4659 0.723127 -13 2196 1 0 1
2.85751 -0.475016 25.4558 2.46973 5.39699 74.9113 1.17288 -13 2197 1 0 1
1.93757 0.839913 25.4558 -2.29385 -2.36735 76.8078 0.683611 -13 2198 1 0 1
0.982102 -3.30909 25.4558 3.12978 -6.11373 64.7862 1.3299 -13 2199 1 0 1
-1.52012 2.15002 25.4558 -6.31051 4.28721 63.4485 0.187137 -13 2200 1 0 1
-0.990374 -1.98354 25.4558 -2.56387 -2.55354 57.6307 1.80071 -13 2201 1 0 1
1.7768 1.24838 25.4558 2.02129 6.87921 70.3912 2.44163 -13 2202 1 0 1
0.578431 -0.00234604 25.4558 1.64554 3.56742 63.9744 1.98465 -13 2203 1 0 1
1.57941 -0.544222 25.4558 1.93344 -7.82295 68.7929 1.44085 -13 2204 1 0 1
1.18171 1.1441 25.4558 -1.55727 15.7484 69.4194 1.14094 -13 2205 1 0 1
-1.32223 3.90224 25.4558 -2.05867 10.2838 52.4036 0.393848 -13 2206 1 0 1
-1.80582 -1.48102 25.4558 -9.78388 -5.32534 66.3239 -0.331916 -13 2207 1 0 1
-5.29708 0.0535012 25.4558 -7.86874 0.843387 33.5374 2.86522 -13 2208 1 0 1
-2.72133 0.961965 25.4558 -9.20433 5.4226 56.9694 1.64075 -13 2209 1 0 1
1.52576 4.96731 25.4558 10.193 6.09029 50.1844 0.582709 -13 2210 1 0 1
-1.58362 0.573659 25.4558 -10.3133 -0.0583616 68.3646 -2.36666 -13 2211 1 0 1
0.717352 -2.22471 25.4558 -5.85379 -5.51606 72.8561 -0.393549 -13 2212 1 0 1
-2.15923 1.26118 25.4558 -6.00154 2.14291 61.9739 1.13997 -13 2213 1 0 1
-1.7496 -0.352145 25.4558 -18.7081 -1.09561 73.6534 1.02482 -13 2214 1 0 1
-6.40624 8.94665 25.4558 -22.0037 21.3718 50.4022 -1.77868 -13 2215 1 0 1
-2.24869 -5.05598 25.4558 -13.2418 -11.7722 64.0781 0.199889 -13 2216 1 0 1
1.17979 3.6909 25.4558 0.950455 11.1379 67.3853 2.65341 -13 2217 1 0 1
-3.25874 -5.32702 25.4558 -8.55992 -7.75702 55.6504 0.326919 -13 2218 1 0 1
-1.78412 3.64113 25.4558 -9.62306 12.8911 64.3782 -1.22165 -13 2219 1 0 1
1.03982 -2.48751 25.4558 1.88173 -0.863497 66.3365 0.376742 -13 2220 1 0 1
-2.33411 -2.45099 25.4558 -8.70052 -4.50965 60.5763 0.584925 -13 2221 1 0 1
-3.42112 -3.01511 25.4558 -4.64409 -1.38322 38.539 0.673209 -13 2223 1 0 1
6.08509 -1.43365 25.4558 16.9749 -3.65474 72.8013 -0.592155 -13 2224 1 0 1
-0.602355 1.3641 25.4558 2.4886 5.22368 44.9232 0.64152 -13 2225 1 0 1
0.376843 2.4703 25.4558 -6.702 3.92458 73.0919 -0.259065 -13 2226 1 0 1
-0.395137 1.80883 25.4558 -3.52827 3.72373 64.0833 -0.143967 -13 2227 1 0 1
0.496853 -3.07316 25.4558 -4.11971 1.5231 68.6377 0.699677 -13 2228 1 0 1
5.11576 1.05505 25.4558 3.54344 -6.19272 78.9086 2.34086 -13 2229 1 0 1
-1.692 -0.986358 25.4558 1.31137 3.83346 45.2506 0.996956 -13 2230 1 0 1
-3.13702 2.40115 25.4558 -11.2264 8.25485 61.678 -0.72809 -13 2231 1 0 1
0.274518 -1.84357 25.4558 4.17263 4.80116 55.5389 -0.127703 -13 2232 1 0 1
-1.7933 -2.37604 25.4558 -10.4709 -9.06059 66.4438 -1.91947 -13 2233 1 0 1
0.147894 -0.697574 25.4558 -1.10175 -4.74295 62.8685 -0.835356 -13 2234 1 0 1
-0.825226 1.88605 25.4558 0.722733 8.49868 49.8967 -1.49529 -13 2235 1 0 1
-1.85065 1.44912 25.4558 -7.99492 -3.58099 60.838 1.69086 -13 2236 1 0 1
1.69276 1.13704 25.4558 -8.68239 3.1963 81.197 3.28372 -13 2237 1 0 1
-0.238394 0.13118 25.4558 -0.783719 3.23468 61.7559 1.32075 -13 2238 1 0 1
1.96645 -3.40525 25.4558 4.1812 -13.7711 65.0402 2.93153 -13 2239 1 0 1
-0.924616 0.132236 25.4558 -12.7125 -7.7564 71.1294 -0.378484 -13 2240 1 0 1
-0.254415 -0.538967 25.4558 -5.28942 3.66275 68.0232 -1.33189 -13 2241 1 0 1
-2.2914 0.223491 25.4558 -13.3954 1.47899 68.1242 1.26785 -13 2242 1 0 1
-0.758467 3.33315 25.4558 -0.73374 12.2086 57.7348 0.126899 -13 2243 1 0 1
-4.18703 1.12332 25.4558 -9.94579 10.5632 51.389 0.268256 -13 2244 1 0 1
1.72342 0.450016 25.4558 3.33598 7.20899 68.5442 1.0905 -13 2245 1 0 1
-1.25198 -2.9849 25.4558 -11.42 1.93226 70.9992 1.23243 -13 2246 1 0 1
2.96561 0.336741 25.4558 -3.68823 -1.17491 81.2914 -1.20491 -13 2247 1 0 1
3.44227 0.927374 25.4558 4.73292 -3.41947 75.9104 -0.586361 -13 2248 1 0 1
2.76625 -2.44464 25.4558 11.3699 -1.52341 59.7887 0.272065 -13 2249 1 0 1
2.24414 3.23216 25.4558 -2.04026 6.28984 77.4119 0.97732 -13 2250 1 0 1
1.87343 -3.19998 25.4558 3.01728 -5.39461 69.2497 0.194096 -13 2251 1 0 1
-0.680223 4.56686 25.4558 -1.5314 11.0361 60.0418 0.152342 -13 2252 1 0 1
2.40615 1.92066 25.4558 8.48694 14.4962 51.1227 2.13289 -13 2253 1 0 1
-3.10834 1.66231 25.4558 -12.6546 6.76168 61.9365 -2.19011 -13 2254 1 0 1
-0.247782 -0.0212071 25.4558 -1.08361 -4.52522 59.4797 0.848492 -13 2256 1 0 1
3.37398 -0.999801 25.4558 12.4768 -5.82742 60.2222 -1.33369 -13 2257 1 0 1
0.320444 -3.24991 25.4558 2.41183 -13.7593 55.9351 0.705798 -13 2258 1 0 1
1.94334 -0.866968 25.4558 8.34092 1.32915 61.3271 0.336786 -13 2259 1 0 1
2.42795 0.883557 25.4558 8.22854 -9.67162 61.6255 0.892149 -13 2260 1 0 1
0.503391 0.474169 25.4558 -14.0723 17.468 76.9025 1.60569 -13 2261 1 0 1
-0.89533 -2.27096 25.4558 0.53912 -8.83259 55.707 1.13349 -13 2262 1 0 1
-1.04341 -3.38597 25.4558 -11.349 -5.3027 69.1523 0.943641 -13 2263 1 0 1
1.05956 -1.0887 25.4558 2.15779 -10.4444 63.5325 0.360469 -13 2264 1 0 1
0.977122 -2.15283 25.4558 1.04949 -6.94613 68.2593 -0.732016 -13 2265 1 0 1
-3.63651 1.09065 25.4558 -10.6943 8.22109 54.7287 1.64918 -13 2266 1 0 1
1.44889 -4.1343 25.4558 4.36946 -5.69427 63.5486 1.58088 -13 2267 1 0 1
-4.26909 4.25497 25.4558 -8.37733 9.01806 44.6398 -1.18203 -13 2268 1 0 1
-1.46163 1.20236 25.4558 -11.3696 -11.9237 68.0104 0.231013 -13 2269 1 0 1
1.75743 -2.89767 25.4558 -5.25737 -6.4224 77.0675 -0.342549 -13 2270 1 0 1
0.262081 2.68766 25.4558 -0.790338 5.66943 68.8707 -0.87475 -13 2271 1 0 1
-1.26508 1.65418 25.4558 -22.0736 1.84741 77.7481 -0.407112 -13 2272 1 0 1
0.240869 1.49577 25.4558 1.43079 4.35058 59.4113 -0.775313 -13 2273 1 0 1
-0.441669 0.666415 25.4558 -13.862 -4.69452 74.6029 -1.09546 -13 2274 1 0 1
-2.61352 -2.75269 25.4558 -1.97578 -10.9339 47.632 0.00217787 -13 2275 1 0 1
1.79266 1.14991 25.4558 5.42609 -3.2435 66.5796 -0.395033 -13 2276 1 0 1
-3.52125 -2.86783 25.4558 -11.0888 -2.02318 55.938 -1.33435 -13 2277 1 0 1
0.23774 1.25731 25.4558 -4.60453 1.89922 70.2993 1.07811 -13 2278 1 0 1
1.04718 -1.69529 25.4558 -7.51522 9.52289 75.8067 0.872202 -13 2279 1 0 1
-0.971867 -1.24728 25.4558 -4.19033 -5.05301 59.9619 -0.277492 -13 2280 1 0 1
1.04041 -1.32708 25.4558 2.92956 -5.04603 61.2319 -2.72307 -13 2281 1 0 1
-2.1137 0.450853 25.4558 -14.153 1.84606 66.2066 0.878654 -13 2282 1 0 1
-5.19304 3.93645 25.4558 -7.37347 6.16626 40.4186 1.68016 -13 2283 1 0 1
-0.765774 1.61608 25.4558 -9.90438 0.993963 71.0032 -1.29696 -13 2284 1 0 1
-4.92649 -0.516117 25.4558 -7.63058 1.82414 36.3354 0.575094 -13 2285 1 0 1
-2.05919 -0.255782 25.4558 -3.52584 -1.35851 52.147 -0.294684 -13 2286 1 0 1
-3.10432 -0.314694 25.4558 -7.60059 1.47912 54.8475 -1.76529 -13 2287 1 0 1
0.575346 -1.53 25.4558 -7.88287e-05 -4.29209 66.9196 0.536772 -13 2288 1 0 1
-0.226365 1.90644 25.4558 1.38516 -1.10845 60.6588 2.00955 -13 2289 1 0 1
0.126928 -2.13161 25.4558 -9.60829 -16.6066 72.5922 0.510667 -13 2290 1 0 1
-2.58647 -3.20271 25.4558 -3.6721 -13.8517 49.9204 0.656528 -13 2291 1 0 1
2.20446 -0.776161 25.4558 1.43042 1.63889 70.9856 -0.179802 -13 2292 1 0 1
2.27199 -0.286362 25.4558 9.91104 -9.39018 56.9606 -0.360094 -13 2293 1 0 1
-1.18637 -0.314698 25.4558 -3.74559 7.12193 64.066 1.16537 -13 2294 1 0 1
0.511825 -2.97639 25.4558 -4.76738 -3.82948 71.7161 2.17954 -13 2295 1 0 1
-0.0588032 -4.23743 25.4558 -5.22249 -18.292 67.2598 0.225181 -13 2296 1 0 1
-2.98528 1.16868 25.4558 -5.45666 -1.80586 45.3947 -2.81017 -13 2297 1 0 1
-2.90991 -1.42073 25.4558 -19.9089 -8.02348 69.1708 -0.930246 -13 2299 1 0 1
-1.24494 -1.53819 25.4558 -12.205 -1.06446 70.6603 1.23035 -13 2300 1 0 1
-1.26115 -3.43574 25.4558 -4.19997 -4.522 57.4709 -0.407305 -13 2301 1 0 1
-1.97843 0.681104 25.4558 -0.768184 1.79398 47.9512 -1.05632 -13 2302 1 0 1
-3.97124 -1.4946 25.4558 -13.3066 -11.0208 55.2757 0.351671 -13 2303 1 0 1
0.608411 1.05409 25.4558 0.909565 0.727286 65.4814 -0.134206 -13 2304 1 0 1
-4.12096 0.459314 25.4558 -9.07439 4.56662 49.8877 -0.533917 -13 2305 1 0 1
-0.511679 -1.76048 25.4558 -7.20923 -1.71714 69.8383 2.82361 -13 2306 1 0 1
0.104026 -2.27428 25.4558 -6.62602 5.80828 70.8918 0.546933 -13 2307 1 0 1
-2.01215 -4.26221 25.4558 -12.3727 -4.93765 67.8451 1.12788 -13 2308 1 0 1
-0.479299 -2.4398 25.4558 -2.50715 -7.41227 61.6525 -0.234599 -13 2309 1 0 1
-3.34032 1.74435 25.4558 -13.6654 3.82105 61.0113 -0.139842 -13 2310 1 0 1
0.976519 1.9626 25.4558 -15.039 13.2048 76.8757 -0.39978 -13 2312 1 0 1
1.17572 1.81803 25.4558 7.46149 7.07769 46.2831 -1.55991 -13 2313 1 0 1
0.70767 2.80971 25.4558 -11.3149 16.7131 75.9692 -1.20218 -13 2314 1 0 1
2.87975 -3.25653 25.4558 3.89721 0.504642 73.7256 1.69837 -13 2315 1 0 1
0.473757 -3.4612 25.4558 3.98098 -9.8835 58.318 0.090887 -13 2316 1 0 1
0.123464 -0.346033 25.4558 2.94642 1.97979 56.2279 0.401789 -13 2318 1 0 1
-2.30374 -0.326003 25.4558 -0.747498 -8.11334 40.9344 -0.731371 -13 2319 1 0 1
1.44545 -3.73909 25.4558 3.49031 -7.01911 66.6029 2.58716 -13 2320 1 0 1
0.205 0.00997469 25.4558 -9.9323 -1.58285 75.8714 0.438792 -13 2321 1 0 1
-1.37419 2.80972 25.4558 -13.8784 12.3203 69.7369 -2.36218 -13 2322 1 0 1
4.61212 0.710212 25.4558 17.0918 3.28599 52.3294 -0.818806 -13 2323 1 0 1
0.768733 -0.692611 25.4558 -4.17008 -1.17502 70.7369 1.05648 -13 2324 1 0 1
0.244138 -0.143321 25.4558 -3.34824 -0.245529 67.5088 -0.11943 -13 2325 1 0 1
2.69147 5.56827 25.4558 11.8577 9.45382 41.0587 2.4888 -13 2326 1 0 1
0.00656574 1.77674 25.4558 6.69431 3.40895 54.2121 -0.434035 -13 2327 1 0 1
3.90967 0.0555041 25.4558 11.4878 -3.81824 68.1963 1.33625 -13 2328 1 0 1
-2.48806 0.851889 25.4558 -4.62654 -1.26195 51.0932 -0.283598 -13 2329 1 0 1
0.784383 -1.7131 25.4558 -7.07341 -8.99792 74.4334 2.44596 -13 2330 1 0 1
0.675489 -3.28596 25.4558 0.0508345 6.72443 65.9041 -1.40002 -13 2331 1 0 1
-1.15467 4.61582 25.4558 -0.39649 12.7707 47.5932 -2.07024 -13 2332 1 0 1
-0.730652 -1.45703 25.4558 2.14932 0.945917 54.9889 -0.00693124 -13 2334 1 0 1
-3.87677 0.678644 25.4558 -8.21363 -2.55017 50.6856 0.352627 -13 2335 1 0 1
-1.86141 -0.529285 25.4558 -7.36431 10.2582 61.185 0.690667 -13 2336 1 0 1
0.58363 0.369524 25.4558 2.88122 -0.441469 61.4789 -1.45109 -13 2337 1 0 1
-1.89356 -0.505885 25.4558 -5.9014 10.3187 57.5883 0.227427 -13 2338 1 0 1
-3.92004 4.38015 25.4558 -6.48759 12.588 41.4631 -2.44942 -13 2339 1 0 1
2.41814 -0.876577 25.4558 -3.1075 -7.76388 79.286 0.659293 -13 2340 1 0 1
-0.288274 -1.49482 25.4558 -4.17754 -9.4974 63.4273 2.05403 -13 2341 1 0 1
1.13482 2.27436 25.4558 6.56176 12.0354 52.3766 -0.0743949 -13 2343 1 0 1
-1.0291 -2.12738 25.4558 -17.9238 1.96596 75.5641 -0.123993 -13 2344 1 0 1
-1.24285 0.230141 25.4558 -4.48816 7.68535 59.3991 1.20094 -13 2345 1 0 1
-0.0233118 -1.77334 25.4558 -1.16996 3.97912 65.0357 -0.481071 -13 2346 1 0 1
-0.779053 1.94842 25.4558 1.92306 -2.38752 52.7132 2.17226 -13 2348 1 0 1
-5.9654 1.03607 25.4558 -8.40579 1.11449 29.0321 1.74901 -13 2349 1 0 1
-0.811268 -1.08727 25.4558 2.68287 -0.44412 55.5072 -0.2263 -13 2350 1 0 1
0.525373 -3.00098 25.4558 -3.89712 -5.72563 69.548 -1.24551 -13 2351 1 0 1
0.00418317 0.884156 25.4558 -5.14434 7.01426 66.2664 0.336138 -13 2352 1 0 1
-5.54845 1.39727 25.4558 -17.2094 -6.09014 53.5777 -0.777386 -13 2353 1 0 1
-2.59245 1.06245 25.4558 -7.73066 8.17747 55.7125 1.84804 -13 2354 1 0 1
0.107011 -1.05825 25.4558 -4.39728 -12.4857 67.6644 -1.05455 -13 2355 1 0 1
-0.0499701 2.52688 25.4558 -5.32355 14.3569 68.2966 2.21782 -13 2356 1 0 1
-2.3634 1.19042 25.4558 -7.35867 6.76866 55.6701 -1.22504 -13 2357 1 0 1
-0.156818 0.382798 25.4558 2.1226 3.61389 58.8917 -1.11091 -13 2358 1 0 1
0.0975029 -2.84596 25.4558 6.88635 -7.79458 40.9689 0.300337 -13 2359 1 0 1
-0.8391 -1.20951 25.4558 -13.6908 -2.90831 72.9268 -0.70334 -13 2360 1 0 1
-2.15971 -2.9466 25.4558 -5.88915 -7.54481 59.776 0.321162 -13 2361 1 0 1
-4.66778 -1.22141 25.4558 -10.9235 -0.705046 48.4566 -0.261685 -13 2362 1 0 1
-0.959229 -0.361472 25.4558 -8.65042 3.78213 67.9337 -0.875407 -13 2363 1 0 1
0.852293 -1.27712 25.4558 -5.05232 -1.21173 75.3793 1.5878 -13 2364 1 0 1
1.4084 -2.70984 25.4558 0.824569 -2.48758 68.3383 2.72735 -13 2365 1 0 1
1.81527 3.20748 25.4558 -0.295317 6.60654 74.6097 0.736041 -13 2366 1 0 1
-0.903963 -0.493661 25.4558 -10.7705 3.30963 70.6292 -0.177437 -13 2367 1 0 1
2.39036 0.51576 25.4558 4.11434 1.60538 71.0337 0.334873 -13 2368 1 0 1
-1.82746 0.0894406 25.4558 -4.31528 2.79281 59.2609 -0.1398 -13 2369 1 0 1
4.47365 -3.44426 25.4558 13.129 0.644516 69.7158 0.321814 -13 2370 1 0 1
0.650644 2.60306 25.4558 2.88034 6.32776 63.62 -1.01717 -13 2371 1 0 1
-0.997472 -0.125933 25.4558 -13.0125 6.12053 74.3725 3.06125 -13 2372 1 0 1
0.726167 4.17872 25.4558 -4.45818 13.2742 68.9404 0.961916 -13 2373 1 0 1
-1.14493 0.0704915 25.4558 -16.7197 -0.542325 73.0844 1.807 -13 2374 1 0 1
-1.30086 -3.01998 25.4558 -0.924876 -9.33966 49.7507 -0.00172707 -13 2375 1 0 1
1.02445 2.24946 25.4558 3.40246 4.39719 62.8661 -0.835839 -13 2376 1 0 1
-0.339562 0.906661 25.4558 -4.41957 -3.00664 68.8406 1.05971 -13 2377 1 0 1
3.84992 2.9793 25.4558 6.11458 14.4616 74.0853 1.05453 -13 2378 1 0 1
1.60929 -2.52475 25.4558 -0.804502 -15.16 68.5045 2.62345 -13 2379 1 0 1
-0.383402 -0.891677 25.4558 -7.90968 -4.43385 70.1891 -0.33453 -13 2380 1 0 1
-4.42494 0.807075 25.4558 -9.79522 6.99023 47.2648 -0.310338 -13 2381 1 0 1
-2.71394 -0.514008 25.4558 -4.94665 -0.389848 53.574 -0.040401 -13 2382 1 0 1
0.204104 4.52726 25.4558 -1.09213 15.875 60.1296 -1.16761 -13 2383 1 0 1
-0.0697791 3.73324 25.4558 -6.66946 9.01869 70.5931 0.547565 -13 2384 1 0 1
-1.74294 -4.63959 25.4558 -0.810471 -4.0991 49.2748 0.752006 -13 2385 1 0 1
0.367896 -2.6906 25.4558 3.10032 -3.48485 39.5696 -1.56996 -13 2386 1 0 1
0.480596 -1.33795 25.4558 -7.22961 -3.18075 74.237 2.58335 -13 2387 1 0 1
-0.811886 1.16882 25.4558 -18.0109 6.21198 75.1947 0.0599487 -13 2388 1 0 1
-0.30573 -0.125678 25.4558 -2.11474 -6.31297 61.0482 -2.11099 -13 2389 1 0 1
2.14707 -0.159893 25.4558 5.10934 -1.54774 66.3832 -1.65821 -13 2390 1 0 1
3.3834 -1.54104 25.4558 13.4854 -9.6241 52.7055 0.632508 -13 2391 1 0 1
-5.27965 -2.46402 25.4558 -27.0079 -0.68676 62.8937 -0.356164 -13 2392 1 0 1
-0.0316487 -1.68902 25.4558 -5.35065 -1.95268 69.2574 -0.572019 -13 2393 1 0 1
1.53506 0.292056 25.4558 4.16093 4.58611 66.8233 0.936549 -13 2394 1 0 1
2.08149 0.951885 25.4558 2.46958 5.05834 70.1301 1.08416 -13 2395 1 0 1
-0.545022 -1.70036 25.4558 -1.11595 1.44826 59.9141 2.56905 -13 2396 1 0 1
2.09579 0.776267 25.4558 -1.31626 -2.51172 74.6572 -0.918709 -13 2397 1 0 1
-6.06914 4.36581 25.4558 -11.7199 -0.782851 45.1742 0.19857 -13 2398 1 0 1
1.18654 -0.404287 25.4558 4.56949 1.14209 56.7509 0.638967 -13 2399 1 0 1
-3.495 -0.668515 25.4558 -9.90883 -2.66647 56.8185 0.527851 -13 2400 1 0 1
-1.53193 -1.5904 25.4558 0.212188 -2.70531 43.3633 -1.39275 -13 2401 1 0 1
-5.24174 1.73899 25.4558 -16.8133 9.32239 54.4227 2.3548 -13 2402 1 0 1
0.102841 0.742062 25.4558 5.63356 7.21729 53.4366 -0.580273 -13 2403 1 0 1
3.28661 4.15636 25.4558 6.99933 15.845 68.8115 0.883243 -13 2404 1 0 1
0.319758 -1.46081 25.4558 -2.01545 -7.16213 66.3978 1.35593 -13 2405 1 0 1
-0.0172181 -1.09547 25.4558 4.6868 -1.98747 48.7639 -0.947218 -13 2406 1 0 1
-2.00265 2.13753 25.4558 -5.85142 2.97262 59.4261 2.28828 -13 2407 1 0 1
-1.08391 -0.133394 25.4558 -2.97507 -6.36249 60.2984 -0.0291032 -13 2408 1 0 1
0.821086 -2.38862 25.4558 0.155508 -5.33779 67.2288 1.46559 -13 2409 1 0 1
2.59541 0.5033 25.4558 7.2116 9.37722 67.5437 -1.35445 -13 2410 1 0 1
-1.52644 -0.378239 25.4558 -5.15855 1.38244 61.1513 -0.423895 -13 2411 1 0 1
-1.92666 -1.3216 25.4558 -10.7316 -8.85289 65.7175 1.39364 -13 2412 1 0 1
-1.11246 -1.00948 25.4558 -17.4461 -4.6045 74.9525 2.74729 -13 2413 1 0 1
1.58485 -1.42336 25.4558 -11.1853 -3.02609 78.4874 -3.12731 -13 2414 1 0 1
2.7459 4.01557 25.4558 8.20247 3.21729 69.7934 -0.0198297 -13 2415 1 0 1
-0.0201194 1.48785 25.4558 -8.98164 4.75277 73.5897 0.934969 -13 2416 1 0 1
-1.56718 -5.69598 25.4558 -2.52235 -15.4444 48.253 3.26043 -13 2417 1 0 1
-2.32739 0.239653 25.4558 -12.7124 -4.14127 65.4713 1.01897 -13 2418 1 0 1
-1.73435 4.13161 25.4558 -2.83419 10.8922 51.034 -0.431757 -13 2419 1 0 1
-0.658864 -1.17314 25.4558 -11.2576 -8.66406 71.3897 -2.96819 -13 2420 1 0 1
2.94773 3.60604 25.4558 -4.9301 16.5334 77.5608 -0.283133 -13 2421 1 0 1
0.119076 2.25261 25.4558 2.48105 11.5288 58.6044 -0.244323 -13 2422 1 0 1
-8.16704 -4.84637 25.4558 -14.0494 -11.5632 29.3889 -0.465729 -13 2423 1 0 1
1.85103 1.12602 25.4558 -7.97368 8.34643 78.0516 -1.03065 -13 2424 1 0 1
-2.77065 3.64224 25.4558 -1.82715 7.62308 41.2163 1.74101 -13 2425 1 0 1
2.87451 0.24719 25.4558 7.61679 5.61174 66.4385 0.145969 -13 2426 1 0 1
-3.30031 1.17534 25.4558 -8.24466 -4.14747 51.0616 0.0770633 -13 2427 1 0 1
-1.07394 -1.33541 25.4558 0.639967 -1.81068 46.2463 -0.623345 -13 2428 1 0 1
2.24612 -2.01273 25.4558 -2.01477 7.77325 77.4714 -1.78858 -13 2429 1 0 1
2.75566 -3.74403 25.4558 12.3829 -11.5058 46.0179 -0.439311 -13 2430 1 0 1
-0.914405 3.73504 25.4558 -10.1319 3.05398 70.3185 2.55123 -13 2431 1 0 1
-1.13347 6.82468 25.4558 3.06562 11.051 29.3212 1.34331 -13 2432 1 0 1
2.6126 -2.36815 25.4558 11.6689 -12.0213 53.2044 -0.994462 -13 2433 1 0 1
0.268373 2.13202 25.4558 2.09929 1.82141 58.981 -0.451889 -13 2434 1 0 1
-3.06039 -5.4102 25.4558 -11.7194 -21.5382 58.2198 1.09618 -13 2435 1 0 1
0.439818 -2.67742 25.4558 -0.745813 -2.67002 63.5471 0.394158 -13 2436 1 0 1
1.40196 0.803626 25.4558 -0.723253 -4.05832 69.13 -0.199566 -13 2437 1 0 1
-0.720474 -0.749624 25.4558 2.94033 -3.21372 47.2717 0.129508 -13 2438 1 0 1
-0.605874 1.26268 25.4558 -10.311 -2.65955 72.5007 0.397062 -13 2439 1 0 1
-4.54114 -5.28047 25.4558 -19.1129 -10.5527 61.4551 0.97577 -13 2440 1 0 1
-2.00874 3.70678 25.4558 -3.58189 3.40742 51.2993 -0.971559 -13 2441 1 0 1
-1.14555 -1.19397 25.4558 0.774968 5.14599 45.84 -0.155885 -13 2442 1 0 1
-1.23905 2.18993 25.4558 -1.94321 10.2662 53.1399 0.709091 -13 2443 1 0 1
0.484986 -1.499 25.4558 -6.43001 -12.0737 70.6159 0.711083 -13 2444 1 0 1
0.937251 2.08755 25.4558 0.308158 6.91721 68.9438 0.567933 -13 2445 1 0 1
1.1154 0.525932 25.4558 -1.2796 3.03709 68.7913 -2.01581 -13 2446 1 0 1
0.466916 1.57218 25.4558 -4.37085 7.36457 71.6096 -0.879214 -13 2447 1 0 1
-2.52282 -1.87245 25.4558 -14.5663 -5.08275 64.7737 -0.784658 -13 2448 1 0 1
-1.36395 -5.07534 25.4558 -5.54859 -10.8224 64.8023 1.22677 -13 2449 1 0 1
2.0243 -0.80327 25.4558 7.81877 -1.4487 62.8159 1.27934 -13 2450 1 0 1
-1.94273 -2.19341 25.4558 -10.0037 -6.7134 63.6408 2.43359 -13 2451 1 0 1
-0.758353 -1.055 25.4558 -0.970875 -9.06728 59.6403 2.63374 -13 2452 1 0 1
0.62654 0.347849 25.4558 1.11271 5.54423 64.841 1.07839 -13 2453 1 0 1
-2.40004 -0.912021 25.4558 -6.61889 -12.8764 59.488 -0.244804 -13 2454 1 0 1
-1.49888 2.80134 25.4558 -2.07588 4.28415 56.4909 -0.304628 -13 2455 1 0 1
3.21459 1.60689 25.4558 4.19101 0.903744 74.5446 -1.018 -13 2456 1 0 1
-3.26268 -2.21589 25.4558 -5.89884 -4.5564 46.7374 -0.596679 -13 2457 1 0 1
-1.70381 -2.94003 25.4558 -5.61835 -11.8157 57.0195 0.310826 -13 2458 1 0 1
-0.623321 -0.998124 25.4558 -4.09043 1.31337 65.0951 2.14841 -13 2459 1 0 1
0.315407 0.851731 25.4558 0.711793 -2.23783 65.0077 0.465193 -13 2460 1 0 1
-0.80912 -3.1403 25.4558 -6.99229 -2.41216 65.7948 -0.992414 -13 2461 1 0 1
-2.75778 3.09344 25.4558 -5.86268 18.1298 50.5069 -0.396072 -13 2462 1 0 1
-3.47871 2.44206 25.4558 -4.28365 11.6462 34.9112 -1.38896 -13 2463 1 0 1
-2.14747 -1.12903 25.4558 -1.46816 -3.03717 50.9111 0.0585887 -13 2464 1 0 1
-1.06562 6.41096 25.4558 -3.39258 24.7294 56.2789 0.252399 -13 2465 1 0 1
-1.82399 -1.62924 25.4558 -2.32585 -5.9242 50.2905 0.536616 -13 2466 1 0 1
-4.31505 -0.174124 25.4558 -3.19705 4.14346 23.2223 -0.106704 -13 2467 1 0 1
0.84644 -2.7608 25.4558 -0.029125 -2.46869 69.0138 0.453583 -13 2468 1 0 1
-1.37914 1.5244 25.4558 1.38145 2.17518 41.7176 0.242884 -13 2469 1 0 1
-3.89948 1.72684 25.4558 -10.3909 3.65859 51.3165 0.0906312 -13 2470 1 0 1
0.9806 1.77527 25.4558 -9.16439 5.20104 76.5822 -1.8139 -13 2471 1 0 1
-1.7513 -3.28988 25.4558 -12.1216 -12.4281 66.802 1.8468 -13 2472 1 0 1
-1.318 1.494 25.4558 2.99438 -1.36259 46.0104 -0.011728 -13 2473 1 0 1
-1.77418 0.672246 25.4558 -0.182503 5.62375 28.8567 2.66153 -13 2474 1 0 1
2.69934 0.176153 25.4558 10.6997 0.883368 61.6043 0.351841 -13 2475 1 0 1
-3.17634 -2.77606 25.4558 -8.47719 -11.0164 53.5133 0.0260331 -13 2476 1 0 1
0.591967 -1.28084 25.4558 1.63334 -1.33833 64.301 -0.754741 -13 2477 1 0 1
-0.854863 2.38697 25.4558 -3.19586 -0.242223 63.9668 -0.577188 -13 2478 1 0 1
-0.103496 0.845411 25.4558 -5.82905 4.6312 71.9012 -1.40485 -13 2479 1 0 1
-3.10068 1.68899 25.4558 -4.74033 2.64614 40.2717 -1.48707 -13 2480 1 0 1
1.94602 -1.71577 25.4558 -4.61549 5.15739 77.1643 0.901394 -13 2481 1 0 1
1.88496 6.685 25.4558 5.52132 15.3414 62.2808 1.24955 -13 2483 1 0 1
-1.90292 -3.27582 25.4558 -13.9509 -11.4723 67.4673 1.09959 -13 2485 1 0 1
1.25519 -0.194706 25.4558 8.67331 6.26765 58.2153 -1.82439 -13 2486 1 0 1
0.999541 -0.9374 25.4558 -9.26708 -3.7703 78.3203 -0.654765 -13 2487 1 0 1
1.53806 -0.445664 25.4558 -3.80858 -1.42081 75.7278 -0.959286 -13 2488 1 0 1
0.693343 -8.07572 25.4558 2.09481 -28.2295 42.3233 -0.0773597 -13 2489 1 0 1
-0.774284 -1.31804 25.4558 -3.72551 -3.64536 64.0562 -1.65728 -13 2490 1 0 1
-0.954079 3.44362 25.4558 -5.85332 7.94851 65.2884 1.52909 -13 2491 1 0 1
0.926625 -1.73357 25.4558 -0.290568 -4.30109 69.5772 1.23496 -13 2492 1 0 1
-1.3702 2.55508 25.4558 -16.6392 12.4581 74.1234 -0.899669 -13 2493 1 0 1
-1.00237 -1.82891 25.4558 0.33066 -4.79198 56.0316 -1.82141 -13 2494 1 0 1
0.380274 -1.29805 25.4558 -3.51137 1.33168 70.2649 2.21179 -13 2495 1 0 1
-0.0308661 -0.558143 25.4558 5.27764 -0.668026 42.0983 1.07626 -13 2496 1 0 1
2.13438 0.325231 25.4558 -4.77228 -5.7191 79.1226 0.583026 -13 2497 1 0 1
2.82634 2.85184 25.4558 6.24468 7.25912 71.6916 -1.01197 -13 2498 1 0 1
0.153925 -0.318921 25.4558 -4.52893 -1.33226 70.378 0.656073 -13 2499 1 0 1
2.08531 2.07668 25.4558 -2.52666 0.333823 77.7961 1.13205 -13 2500 1 0 1
2.44729 -0.550151 25.4558 0.555465 6.18074 75.8727 -0.131463 -13 2501 1 0 1
-2.48169 2.78173 25.4558 -9.67072 6.58209 60.5938 0.242848 -13 2502 1 0 1
1.63389 2.6102 25.4558 3.54175 8.08091 66.6783 -2.12677 -13 2503 1 0 1
-1.26417 -2.97463 25.4558 -6.3034 -1.85486 64.1995 0.544042 -13 2504 1 0 1
-1.81171 -4.72303 25.4558 -2.4455 -13.8321 47.4907 -0.337762 -13 2505 1 0 1
-0.240692 3.01479 25.4558 1.96064 12.5916 51.2946 1.64028 -13 2506 1 0 1
2.1703 -4.41299 25.4558 10.5005 -12.517 47.2426 -0.928056 -13 2507 1 0 1
0.709231 1.18418 25.4558 5.23296 6.89673 56.6523 -0.982136 -13 2508 1 0 1
-3.92713 2.00621 25.4558 -6.15409 8.74707 40.9867 1.02684 -13 2509 1 0 1
1.28158 -0.23258 25.4558 1.09215 -2.9743 69.2801 -0.396252 -13 2510 1 0 1
-5.25221 2.14821 25.4558 -18.7128 4.35554 54.8294 -0.0508779 -13 2511 1 0 1
-0.187613 -0.765256 25.4558 1.56028 -12.8034 53.8374 0.363305 -13 2512 1 0 1
0.995374 1.04281 25.4558 5.96885 -6.47989 54.3613 0.164894 -13 2513 1 0 1
1.93367 -0.696618 25.4558 1.93105 -3.96037 72.8779 0.115107 -13 2514 1 0 1
1.68019 -0.044101 25.4558 3.64099 -4.70422 68.1434 1.98822 -13 2515 1 0 1
-0.574593 0.878387 25.4558 -4.11127 7.26118 65.4778 1.06501 -13 2516 1 0 1
-0.349404 -4.379 25.4558 -8.07368 -8.80375 70.347 1.28527 -13 2517 1 0 1
-0.686387 -5.27225 25.4558 -1.4677 -13.7938 60.5914 -0.247632 -13 2518 1 0 1
1.42451 -0.827258 25.4558 -4.50714 -6.26174 76.0446 -0.613684 -13 2519 1 0 1
-0.155157 -0.296262 25.4558 -3.97625 4.088 67.0751 -1.4433 -13 2520 1 0 1
-1.61261 -0.393012 25.4558 -8.20581 -4.12554 64.8661 0.451637 -13 2521 1 0 1
-1.48322 -0.905927 25.4558 -0.218503 2.20281 55.9464 0.316345 -13 2522 1 0 1
2.02248 0.517006 25.4558 2.20422 1.47743 70.1194 0.302212 -13 2523 1 0 1
-0.240303 2.14165 25.4558 -10.2562 10.2947 71.4739 0.649418 -13 2524 1 0 1
1.30936 0.780352 25.4558 -0.454795 6.39568 70.483 0.424755 -13 2525 1 0 1
-1.41141 -1.49332 25.4558 -2.0105 1.1897 55.6685 1.33451 -13 2526 1 0 1
-0.635167 -1.8387 25.4558 -4.95173 0.682142 65.9393 -1.54888 -13 2527 1 0 1
-2.88914 2.3556 25.4558 -5.82125 5.37045 53.8457 0.100774 -13 2528 1 0 1
2.49665 -0.306869 25.4558 5.21888 -1.32605 70.1136 -1.15387 -13 2529 1 0 1
-3.85177 -2.23099 25.4558 -6.89011 -2.64099 49.3223 2.14789 -13 2530 1 0 1
0.0416133 -1.26589 25.4558 -2.79249 -15.3256 64.6952 -0.575264 -13 2531 1 0 1
1.72004 -1.47017 25.4558 1.45946 -8.09734 68.1286 -1.70998 -13 2532 1 0 1
2.38966 3.30132 25.4558 8.23775 -0.112751 57.1944 -1.46854 -13 2533 1 0 1
0.0719427 1.93766 25.4558 -4.04181 5.23486 69.3916 2.58404 -13 2534 1 0 1
-3.27651 1.11907 25.4558 -9.15557 1.98 55.0256 0.172841 -13 2535 1 0 1
2.08614 4.35314 25.4558 12.0147 11.0407 47.0427 -0.0970885 -13 2536 1 0 1
-2.62885 -0.351411 25.4558 -2.86061 -3.66376 46.1409 0.0354686 -13 2537 1 0 1
1.108 2.9307 25.4558 -0.517374 5.00526 70.4124 0.226298 -13 2538 1 0 1
-0.742831 1.07209 25.4558 -7.03729 2.29252 67.9156 1.59185 -13 2539 1 0 1
2.67638 1.1789 25.4558 5.75433 -0.365885 69.4269 2.98087 -13 2542 1 0 1
-0.756242 -1.62104 25.4558 -5.80521 -11.4411 65.9166 -0.13123 -13 2543 1 0 1
-2.32171 -2.17697 25.4558 -6.17993 -4.61021 61.7159 0.317923 -13 2544 1 0 1
-0.0618755 0.886099 25.4558 -1.8982 6.58989 68.5549 0.382716 -13 2546 1 0 1
0.882717 1.02739 25.4558 0.523769 -1.97896 69.7929 0.573668 -13 2547 1 0 1
1.47846 4.43434 25.4558 4.47035 15.3112 61.4084 -0.42443 -13 2549 1 0 1
9.43824 4.56353 25.4558 22.741 8.01278 30.3196 1.37683 -13 2550 1 0 1
-1.36045 1.78155 25.4558 0.650202 7.99326 45.9481 0.406282 -13 2551 1 0 1
1.31895 -0.645914 25.4558 7.91908 -4.50555 55.4308 0.10421 -13 2552 1 0 1
-3.23227 -2.88915 25.4558 -3.04 -3.62458 42.8636 -0.760079 -13 2553 1 0 1
1.06613 -2.60552 25.4558 5.75749 -4.61981 56.0881 -0.69339 -13 2554 1 0 1
2.48807 0.905804 25.4558 -2.18918 12.2585 76.3137 0.837201 -13 2555 1 0 1
0.152753 2.78317 25.4558 3.45217 7.52368 53.4239 1.57755 -13 2556 1 0 1
-1.90361 1.88517 25.4558 -6.51683 3.67785 59.3072 -1.14248 -13 2557 1 0 1
-0.806804 2.83648 25.4558 -1.94288 10.658 58.0309 1.00088 -13 2558 1 0 1
2.51425 -0.28928 25.4558 -12.7472 8.9956 78.7295 0.534371 -13 2559 1 0 1
-2.35858 -0.824065 25.4558 -4.61287 1.09964 53.5552 -0.127831 -13 2560 1 0 1
-0.658881 0.541594 25.4558 -11.9452 2.34366 71.0262 -1.42937 -13 2561 1 0 1
1.04224 -0.445992 25.4558 -5.18787 -8.31902 73.7124 0.991689 -13 2562 1 0 1
0.386058 -1.24037 25.4558 -12.3322 14.0103 75.9176 2.0269 -13 2563 1 0 1
1.73445 2.20032 25.4558 -4.60836 14.101 75.8468 2.11042 -13 2564 1 0 1
-0.252123 -1.17788 25.4558 2.27683 -10.2223 57.3865 -0.491162 -13 2565 1 0 1
2.40184 -1.8055 25.4558 6.53409 -3.09324 67.228 -0.569528 -13 2566 1 0 1
-1.16215 0.854639 25.4558 -4.04164 6.50663 61.9758 1.22596 -13 2568 1 0 1
3.68315 4.06866 25.4558 12.3423 7.71134 59.5746 -0.87239 -13 2569 1 0 1
-0.180276 -2.23524 25.4558 -6.79328 -4.74483 67.0612 -0.959331 -13 2570 1 0 1
0.631901 -1.19322 25.4558 -0.488804 -0.112975 67.3867 1.72681 -13 2571 1 0 1
-0.582612 -2.26172 25.4558 -12.3479 -3.51422 72.6872 -0.149932 -13 2572 1 0 1
-5.13717 4.23449 25.4558 -8.47534 1.56512 30.2461 0.593044 -13 2573 1 0 1
-0.892722 -0.6557 25.4558 3.08838 -0.363483 41.6771 1.89328 -13 2574 1 0 1
-4.16559 -1.02237 25.4558 -18.2 -5.85264 61.042 -2.29926 -13 2575 1 0 1
0.247083 -0.45221 25.4558 -7.49278 -4.90843 73.7221 1.47404 -13 2577 1 0 1
-2.08299 -2.00124 25.4558 -6.76426 6.09363 60.2136 -0.147152 -13 2578 1 0 1
1.59553 3.89696 25.4558 7.15429 2.14514 39.5732 2.58734 -13 2579 1 0 1
3.27033 3.28914 25.4558 7.49479 4.16713 72.4341 0.742722 -13 2580 1 0 1
-1.76399 -4.67178 25.4558 0.945794 -5.61464 27.0131 -2.46044 -13 2582 1 0 1
0.447931 3.01424 25.4558 -1.253 -3.92006 66.8753 0.875219 -13 2583 1 0 1
-6.91141 0.960947 25.4558 -26.2643 0.989102 54.2972 -0.943043 -13 2584 1 0 1
-1.61961 -2.05228 25.4558 -5.5225 -7.66424 57.7026 0.236335 -13 2585 1 0 1
-1.42107 -2.77425 25.4558 -5.60691 -7.41427 59.2002 -0.635341 -13 2586 1 0 1
-1.37426 -0.215229 25.4558 -0.340149 -0.447673 54.5248 -2.28349 -13 2587 1 0 1
1.65514 5.10218 25.4558 8.85905 9.10134 37.6908 0.218367 -13 2588 1 0 1
-2.98637 1.15442 25.4558 -2.51796 -9.33137 44.2527 -0.126049 -13 2589 1 0 1
0.284661 -1.97851 25.4558 -0.802957 -13.8759 63.5696 -0.471889 -13 2590 1 0 1
0.0207913 0.709353 25.4558 -2.68699 9.81783 61.319 -2.04198 -13 2591 1 0 1
0.374578 1.67111 25.4558 1.59723 -4.40264 63.1134 -0.248389 -13 2592 1 0 1
-0.325746 1.22557 25.4558 -2.93206 -3.9454 66.7949 0.163634 -13 2593 1 0 1
-2.15294 -1.123 25.4558 -16.2588 -1.14815 68.2337 2.30683 -13 2594 1 0 1
5.17944 1.01272 25.4558 9.65825 9.81539 77.667 -0.966337 -13 2595 1 0 1
-3.56315 4.0051 25.4558 -17.5174 4.87087 66.0982 1.62748 -13 2596 1 0 1
-2.14958 1.41474 25.4558 -2.93623 2.64296 49.6689 -0.699842 -13 2597 1 0 1
-0.381061 -2.63965 25.4558 2.82861 -5.63682 37.975 -0.734437 -13 2598 1 0 1
1.19517 -5.26319 25.4558 4.66826 -17.7904 58.4225 0.730708 -13 2599 1 0 1
1.3213 2.07915 25.4558 0.130201 -3.77822 68.2914 0.3036 -13 2600 1 0 1
1.57365 2.26568 25.4558 2.697 6.31723 65.049 -0.351239 -13 2601 1 0 1
-1.72799 0.610047 25.4558 -14.1026 -6.10329 70.0131 0.700187 -13 2602 1 0 1
-0.27721 -4.64797 25.4558 4.07708 -11.4306 43.4138 0.636139 -13 2603 1 0 1
-1.38337 2.86007 25.4558 -6.58873 -1.87189 65.2632 -0.844641 -13 2604 1 0 1
0.780309 -3.96319 25.4558 3.39409 -3.66662 60.5102 2.45346 -13 2605 1 0 1
-3.02799 1.51574 25.4558 -13.199 2.09913 62.32 0.739307 -13 2606 1 0 1
0.0345007 -5.08474 25.4558 0.17941 -16.8796 60.3766 1.87006 -13 2607 1 0 1
-0.771797 -1.86969 25.4558 -10.671 -4.67337 69.714 2.22611 -13 2608 1 0 1
2.65303 -0.00813844 25.4558 2.4342 -3.6964 74.6495 0.137401 -13 2609 1 0 1
2.35822 1.23844 25.4558 6.24584 4.42382 64.3717 -0.267801 -13 2610 1 0 1
0.156258 -1.6471 25.4558 -1.9542 -9.04248 66.4679 -0.236053 -13 2611 1 0 1
-0.687723 0.642169 25.4558 -3.09856 -9.89408 62.9829 0.704616 -13 2612 1 0 1
2.33909 -2.43537 25.4558 5.66704 -5.96526 68.8162 0.744919 -13 2613 1 0 1
0.509859 -0.39768 25.4558 6.33434 -3.17911 46.5059 1.49105 -13 2614 1 0 1
-0.0509866 1.6474 25.4558 -2.50656 1.33005 65.0693 -0.0154753 -13 2615 1 0 1
0.153151 3.41455 25.4558 2.34223 10.1463 51.3924 -0.0473261 -13 2616 1 0 1
-3.42313 1.52798 25.4558 -22.5972 -1.66633 68.3349 -0.591404 -13 2617 1 0 1
-0.320047 -7.67369 25.4558 4.84741 -10.9133 33.4196 -3.49732 -13 2618 1 0 1
-4.7636 -3.54436 25.4558 -5.5274 -9.46562 34.2744 0.617579 -13 2619 1 0 1
0.675568 -7.96507 25.4558 5.03531 -21.2373 29.8024 -1.08728 -13 2621 1 0 1
3.09194 -2.57457 25.4558 11.3908 -8.88835 53.2012 1.58789 -13 2622 1 0 1
-2.73172 0.146447 25.4558 -13.2628 -1.74345 64.4742 1.96894 -13 2623 1 0 1
-5.57335 0.169972 25.4558 -11.5156 -5.37895 42.7459 -0.583629 -13 2624 1 0 1
-3.06505 -2.11816 25.4558 -17.1512 -8.81145 65.0468 -0.731119 -13 2625 1 0 1
6.61661 7.5287 25.4558 24.0406 21.1478 53.3637 -0.927 -13 2626 1 0 1
5.01566 0.35562 25.4558 16.9663 3.69729 64.6506 0.747084 -13 2627 1 0 1
-4.453 0.419312 25.4558 -22.8303 7.99149 64.1761 -0.469826 -13 2628 1 0 1
-2.49745 0.596766 25.4558 -15.9916 1.62958 67.4322 1.8201 -13 2629 1 0 1
-2.86079 4.92144 25.4558 -5.65859 16.4031 52.2818 -1.0009 -13 2630 1 0 1
1.92099 -0.270794 25.4558 -7.51199 -0.861425 80.393 0.723945 -13 2631 1 0 1
-2.04387 3.7946 25.4558 -3.92944 15.6418 52.2364 -0.387085 -13 2633 1 0 1
-2.5472 0.113675 25.4558 -10.5775 2.62211 62.6098 1.45615 -13 2634 1 0 1
-2.49466 0.207129 25.4558 -5.61173 -0.905057 48.6872 0.627639 -13 2635 1 0 1
1.7071 1.77353 25.4558 5.292 14.6242 62.9041 -0.563911 -13 2636 1 0 1
-1.00553 -1.08128 25.4558 -9.74701 -7.77186 67.5054 -2.16588 -13 2637 1 0 1
1.93633 2.97495 25.4558 -6.83362 16.2983 78.782 1.83503 -13 2638 1 0 1
-0.728711 4.73192 25.4558 -0.177346 22.496 50.0218 0.244402 -13 2640 1 0 1
-2.23634 -2.02562 25.4558 -1.65487 -3.4901 50.7635 -0.0162053 -13 2641 1 0 1
-0.918117 -2.5961 25.4558 -7.52711 -6.79811 66.1737 -0.400313 -13 2642 1 0 1
0.679945 -1.40577 25.4558 -11.9047 -6.10921 76.7815 0.0940447 -13 2643 1 0 1
-1.70754 -1.44482 25.4558 -7.34853 -6.72338 64.0874 1.19957 -13 2644 1 0 1
1.24124 2.11026 25.4558 0.320265 7.37576 72.1065 0.525894 -13 2645 1 0 1
-2.02485 -1.01114 25.4558 -2.60124 -0.74317 47.6557 -2.07619 -13 2646 1 0 1
8.80789 -3.83598 25.4558 27.901 -16.9302 56.0556 0.644067 -13 2647 1 0 1
0.264996 -0.638708 25.4558 -3.84601 0.895832 70.3478 0.0519544 -13 2648 1 0 1
1.82776 3.3039 25.4558 -3.11384 6.83767 75.8554 -0.34086 -13 2649 1 0 1
-1.99352 -1.56154 25.4558 -8.7725 -2.00649 63.5289 -0.0114107 -13 2650 1 0 1
-4.20233 -1.15285 25.4558 -17.214 -2.88921 60.3275 -0.808809 -13 2651 1 0 1
-2.43564 4.53677 25.4558 -2.65524 12.3206 45.3142 0.333666 -13 2652 1 0 1
2.52031 -0.841497 25.4558 0.68096 -3.11607 77.1353 -1.47344 -13 2654 1 0 1
-0.852733 -0.294793 25.4558 0.217533 3.66037 51.9248 -1.02198 -13 2655 1 0 1
1.25328 0.0132652 25.4558 -2.17748 2.82677 71.1879 -0.994204 -13 2656 1 0 1
-2.15807 -3.70434 25.4558 -14.7253 -5.99543 65.8059 -2.21184 -13 2657 1 0 1
-2.54572 0.344342 25.4558 -3.96024 7.17389 44.9513 0.599717 -13 2658 1 0 1
1.34235 0.421245 25.4558 6.3937 5.85309 59.5048 1.53308 -13 2660 1 0 1
-0.638251 0.347361 25.4558 -5.71486 10.991 68.9861 2.58666 -13 2661 1 0 1
-0.620363 -0.765126 25.4558 -5.50622 2.49258 64.4725 -0.732682 -13 2662 1 0 1
-1.70302 0.0226808 25.4558 -2.35242 -0.579877 50.3737 1.24257 -13 2663 1 0 1
0.100213 -4.43087 25.4558 3.28449 -17.5625 51.2432 2.62511 -13 2664 1 0 1
-1.19695 -0.459813 25.4558 -0.627651 -7.41939 56.154 1.43411 -13 2665 1 0 1
-2.34527 -2.61278 25.4558 -3.75966 -4.37346 54.07 -1.30949 -13 2666 1 0 1
1.65263 -0.113867 25.4558 -6.8258 -0.579503 77.4336 -0.317009 -13 2667 1 0 1
0.223193 -1.59231 25.4558 -6.90463 -5.46518 74.0823 -1.69673 -13 2668 1 0 1
-3.18171 0.85877 25.4558 -10.6416 4.41863 60.1461 1.07012 -13 2670 1 0 1
0.0969257 -2.86267 25.4558 0.150828 -12.6489 59.5625 0.863854 -13 2671 1 0 1
-0.610109 0.322661 25.4558 -10.6117 -8.3204 72.0301 0.208785 -13 2672 1 0 1
4.90075 5.21684 25.4558 12.0677 0.193949 70.3911 1.10097 -13 2673 1 0 1
0.983282 1.21609 25.4558 -3.52066 -3.53353 72.49 -1.57025 -13 2674 1 0 1
-2.66797 1.18354 25.4558 -22.897 0.394351 71.3273 -1.37807 -13 2675 1 0 1
-0.416533 0.876596 25.4558 -2.08745 -4.85045 58.2624 2.09268 -13 2676 1 0 1
-0.214454 2.89048 25.4558 3.59608 5.89718 56.9094 0.833508 -13 2677 1 0 1
2.02806 -2.01829 25.4558 2.44264 -8.8752 70.0416 -0.90609 -13 2678 1 0 1
-1.64014 2.39359 25.4558 -11.0124 8.01702 64.9267 -0.622494 -13 2679 1 0 1
-0.346819 2.41495 25.4558 -8.05824 14.6432 66.7287 -0.956324 -13 2680 1 0 1
-0.924864 1.04735 25.4558 -7.24338 -0.159528 65.6864 0.234104 -13 2681 1 0 1
0.67214 -1.5279 25.4558 5.7102 -2.09969 31.1143 -0.630228 -13 2682 1 0 1
2.53778 -2.88105 25.4558 0.421946 -3.2227 76.2087 -0.644616 -13 2683 1 0 1
-1.57982 0.208668 25.4558 -4.59931 3.56477 61.392 -0.0840859 -13 2684 1 0 1
0.875448 -0.860781 25.4558 6.00412 0.399208 57.8311 -1.16962 -13 2685 1 0 1
-3.34662 1.99037 25.4558 -13.7599 1.98765 61.536 0.0947936 -13 2686 1 0 1
-0.725724 -2.02977 25.4558 -2.50287 -3.25123 59.8835 0.549976 -13 2687 1 0 1
-4.81641 1.3652 25.4558 -8.93628 -1.29722 42.8265 -0.504853 -13 2688 1 0 1
-0.818241 2.86421 25.4558 -6.64307 9.53737 67.731 1.19778 -13 2689 1 0 1
1.5088 -2.51063 25.4558 1.47479 -3.96881 70.4682 1.52911 -13 2690 1 0 1
0.929117 -2.71325 25.4558 5.94513 -5.85873 57.7366 -1.47918 -13 2691 1 0 1
-2.32494 1.32055 25.4558 -5.89512 6.57331 57.1974 -0.668022 -13 2692 1 0 1
0.569333 -2.57637 25.4558 -0.762402 -20.7298 59.3495 0.140418 -13 2693 1 0 1
-0.568342 -2.63019 25.4558 4.52845 -4.07912 41.7777 -0.251902 -13 2694 1 0 1
-0.218231 1.13611 25.4558 -0.950258 10.0297 58.4498 -1.43375 -13 2695 1 0 1
-4.28632 -1.87018 25.4558 -10.2613 -11.9887 49.0764 2.42164 -13 2696 1 0 1
4.7768 -1.31278 25.4558 17.5318 -9.25813 49.397 1.25869 -13 2697 1 0 1
1.71017 3.18478 25.4558 3.77838 12.5695 68.0552 -1.91338 -13 2698 1 0 1
-5.37475 0.410252 25.4558 -11.3985 1.55855 41.8926 -0.134526 -13 2699 1 0 1
-2.37236 -3.73527 25.4558 -8.83118 -7.17568 62.2839 -1.41329 -13 2700 1 0 1
-3.78842 -0.664932 25.4558 -14.3857 -1.05832 60.9382 0.668412 -13 2701 1 0 1
-3.27939 -1.25883 25.4558 -5.50186 -7.84277 44.8671 -0.332895 -13 2702 1 0 1
0.684232 0.613252 25.4558 -4.45572 1.13023 71.624 1.88087 -13 2703 1 0 1
-2.41671 0.590582 25.4558 -9.44766 8.64122 60.8214 -0.437344 -13 2704 1 0 1
0.603856 -3.96169 25.4558 2.20835 -12.3349 62.5503 -0.161037 -13 2705 1 0 1
-3.68898 4.42254 25.4558 -10.2566 8.37013 54.0676 2.82351 -13 2706 1 0 1
-2.03232 1.07609 25.4558 -8.4988 5.56844 60.2606 -0.202323 -13 2707 1 0 1
1.11741 2.4759 25.4558 -2.09617 -6.81187 70.4542 -1.85926 -13 2708 1 0 1
0.721905 -0.538154 25.4558 -6.01289 12.2243 72.9944 0.51732 -13 2709 1 0 1
-2.75782 0.750935 25.4558 -12.1469 9.25994 63.0627 -0.779792 -13 2710 1 0 1
0.308723 -2.13073 25.4558 -11.2836 -5.23148 76.715 0.188843 -13 2711 1 0 1
3.43028 -5.80481 25.4558 6.43068 -16.6081 71.0761 -1.94992 -13 2712 1 0 1
-0.197305 -3.55488 25.4558 -15.0618 -11.9324 76.1359 -1.95143 -13 2713 1 0 1
-4.36234 -1.13099 25.4558 -17.1849 -11.8481 55.7476 -0.287774 -13 2714 1 0 1
-2.36948 -1.20903 25.4558 -12.0739 -3.98213 67.0575 -0.468333 -13 2715 1 0 1
-5.17739 2.33913 25.4558 -9.31093 5.09845 44.9742 1.91417 -13 2716 1 0 1
0.702571 2.40761 25.4558 -0.0106737 3.78279 66.8129 1.2712 -13 2717 1 0 1
1.5791 0.818617 25.4558 9.06212 1.20748 55.2346 1.33275 -13 2718 1 0 1
2.76537 1.2347 25.4558 -4.53247 -6.94328 80.5435 -0.0428276 -13 2719 1 0 1
-1.8849 3.97399 25.4558 -3.66357 13.3295 47.8185 0.286247 -13 2720 1 0 1
0.734825 -1.72625 25.4558 6.21597 -6.15427 56.5395 -2.15472 -13 2721 1 0 1
2.48643 -4.00522 25.4558 4.5671 -3.57961 70.3958 -0.743458 -13 2722 1 0 1
-1.41363 1.62885 25.4558 -9.17722 2.2741 68.6331 0.33374 -13 2723 1 0 1
-0.0186874 -3.5674 25.4558 5.07203 -7.91859 40.8957 0.95326 -13 2724 1 0 1
-0.82998 0.152896 25.4558 -5.46235 -4.62627 65.8397 -0.718843 -13 2725 1 0 1
1.97974 -0.418262 25.4558 5.86313 6.5494 65.893 -0.938978 -13 2726 1 0 1
-1.28328 -1.82734 25.4558 1.25594 -9.03323 29.0721 0.405914 -13 2727 1 0 1
-1.66449 -1.451 25.4558 -4.77294 -12.8483 55.8409 0.45454 -13 2729 1 0 1
3.1902 1.92573 25.4558 10.7619 13.7083 60.1897 0.450559 -13 2730 1 0 1
0.2284 1.30452 25.4558 3.29989 4.4284 53.6751 0.82994 -13 2731 1 0 1
-3.34768 -1.25539 25.4558 -15.8106 -8.44332 61.9447 0.0584968 -13 2732 1 0 1
-4.67694 -2.98063 25.4558 -16.3922 -14.9474 55.9838 -1.28711 -13 2733 1 0 1
1.04374 -2.06477 25.4558 -10.4044 -7.15618 79.2015 -0.477409 -13 2734 1 0 1
3.62078 -1.73178 25.4558 13.4506 -2.72973 60.0184 -0.470518 -13 2735 1 0 1
0.406581 -3.07783 25.4558 -0.484653 -3.97208 65.0819 -0.0774241 -13 2736 1 0 1
0.932554 -2.87215 25.4558 -4.45293 -6.50397 73.3188 0.453846 -13 2737 1 0 1
0.674014 1.31558 25.4558 -0.195396 1.02524 67.4335 0.710981 -13 2738 1 0 1
-1.4747 -3.70579 25.4558 -4.50953 -18.9082 57.3713 0.380279 -13 2739 1 0 1
2.65529 -2.9952 25.4558 1.96087 -10.8872 73.3218 1.60351 -13 2740 1 0 1
0.266662 -2.05032 25.4558 4.78974 1.947 57.5224 0.393174 -13 2741 1 0 1
0.411621 -1.79898 25.4558 -0.693969 -0.0967445 65.5693 -0.197384 -13 2742 1 0 1
1.11172 2.89709 25.4558 2.98719 3.51306 66.3912 1.37479 -13 2743 1 0 1
-1.57595 1.85335 25.4558 -10.1557 18.2885 62.8885 -0.507802 -13 2744 1 0 1
2.14479 -1.31391 25.4558 8.47677 -12.0803 59.0519 0.170859 -13 2745 1 0 1
-8.03344 10.3581 25.4558 -16.6525 19.4412 34.3118 -2.3372 -13 2746 1 0 1
0.775858 0.383863 25.4558 4.16324 -0.841885 59.2271 0.128898 -13 2747 1 0 1
1.39241 1.41719 25.4558 -3.71443 12.1083 73.5232 -0.803061 -13 2748 1 0 1
2.44182 1.61681 25.4558 -7.52754 14.1246 78.6878 0.124763 -13 2749 1 0 1
-4.04166 5.31044 25.4558 -23.7102 11.9609 65.1689 0.318234 -13 2750 1 0 1
-5.05723 -1.77304 25.4558 -18.0396 -0.987859 57.7389 -0.257356 -13 2751 1 0 1
-3.09636 0.926685 25.4558 -9.84013 -3.06712 57.9518 -0.163378 -13 2752 1 0 1
-1.74052 0.983815 25.4558 -1.21964 1.71865 52.2402 0.192464 -13 2753 1 0 1
-1.74684 -1.25836 25.4558 -0.899549 -6.00866 47.2134 0.0542191 -13 2754 1 0 1
1.77182 1.82749 25.4558 7.59972 2.52824 45.0387 -1.62072 -13 2755 1 0 1
-0.0713373 -2.0487 25.4558 -10.4585 -0.421124 73.5242 -2.36202 -13 2756 1 0 1
-0.509256 2.00782 25.4558 -2.21709 -6.48454 62.3723 0.608314 -13 2757 1 0 1
0.481562 -1.74805 25.4558 2.76293 -6.95291 60.2502 -0.153349 -13 2758 1 0 1
1.37441 1.11175 25.4558 1.13753 7.11471 67.7652 1.02157 -13 2759 1 0 1
-2.37989 1.11404 25.4558 1.88355 4.07388 22.9983 1.80899 -13 2760 1 0 1
-2.34619 -0.674264 25.4558 -7.53024 1.62004 59.2641 -0.00074006 -13 2761 1 0 1
-1.21089 0.14806 25.4558 -10.4795 -0.00774862 67.7127 1.93339 -13 2762 1 0 1
1.02109 -0.895931 25.4558 8.9527 -5.40232 49.9029 -0.724568 -13 2763 1 0 1
0.367874 2.81814 25.4558 -16.0451 5.78241 79.5975 -1.38004 -13 2764 1 0 1
-4.06197 -4.66493 25.4558 -14.4779 -13.3395 57.6325 -0.35396 -13 2765 1 0 1
0.383247 4.13733 25.4558 -9.56627 2.0915 74.9328 -1.79743 -13 2766 1 0 1
0.710299 0.0674361 25.4558 5.6713 -3.72371 55.2886 0.635749 -13 2767 1 0 1
-2.09773 1.13763 25.4558 -0.9753 5.31652 49.2603 -2.68342 -13 2768 1 0 1
-0.0279461 -0.969523 25.4558 -2.06172 7.94612 65.5504 -0.088132 -13 2769 1 0 1
-2.5156 -1.31599 25.4558 -9.53569 2.10113 64.8236 2.35825 -13 2770 1 0 1
5.7547 4.8981 25.4558 18.3947 18.3377 51.6235 2.09823 -13 2771 1 0 1
-0.795137 -1.04613 25.4558 0.972358 3.45282 57.8506 0.710751 -13 2772 1 0 1
-1.57204 -1.77364 25.4558 -13.3362 -9.48293 67.9051 0.474291 -13 2773 1 0 1
-0.168644 0.270621 25.4558 -6.45947 -7.39084 69.7204 1.37749 -13 2774 1 0 1
-1.73675 1.64675 25.4558 -4.46848 2.35497 57.3235 -0.0825902 -13 2775 1 0 1
-2.29873 0.816093 25.4558 -8.53419 -3.8427 63.3694 2.5433 -13 2776 1 0 1
6.82605 2.60746 25.4558 21.1318 10.6435 56.2697 0.467777 -13 2777 1 0 1
2.27111 -1.11572 25.4558 4.62441 -2.30542 70.2083 0.573331 -13 2778 1 0 1
-0.187913 1.44462 25.4558 -4.50597 10.564 64.3257 0.230149 -13 2780 1 0 1
-0.484317 0.310997 25.4558 -4.85714 4.33848 67.913 -0.616473 -13 2781 1 0 1
-0.608234 -2.53451 25.4558 -2.82967 -6.11775 63.6289 1.58817 -13 2782 1 0 1
-0.97097 -0.92818 25.4558 -10.1015 2.83515 70.3852 -0.351181 -13 2783 1 0 1
-5.06125 1.82254 25.4558 -6.09462 -3.83755 29.1445 0.612035 -13 2784 1 0 1
-0.149558 -2.72953 25.4558 -9.37614 -6.26876 71.4758 1.47732 -13 2785 1 0 1
-1.20176 0.148531 25.4558 -1.70196 0.16117 58.5252 -0.920949 -13 2786 1 0 1
-1.6701 -2.41282 25.4558 -9.57291 -1.57358 66.2695 0.550676 -13 2787 1 0 1
-0.838575 -4.11574 25.4558 -1.14148 -12.6382 55.1635 0.742646 -13 2788 1 0 1
1.40796 2.95678 25.4558 6.12947 0.712461 62.4673 -0.699834 -13 2789 1 0 1
-3.27077 -5.18528 25.4558 -7.60895 -6.69163 50.3021 0.391785 -13 2790 1 0 1
0.637136 -3.47324 25.4558 1.21843 -6.51231 64.3503 -1.09791 -13 2791 1 0 1
-1.1257 -0.359531 25.4558 -6.81245 9.27023 64.8464 -1.24165 -13 2792 1 0 1
1.36892 -2.85631 25.4558 4.14031 -9.38505 64.4778 0.159161 -13 2793 1 0 1
1.54899 3.72867 25.4558 -0.318084 9.88046 72.8849 -0.0169068 -13 2794 1 0 1
0.602446 -4.62674 25.4558 3.74121 -11.0077 60.3327 -0.552335 -13 2795 1 0 1
-2.75517 0.0275416 25.4558 -0.597455 -1.42735 25.0309 0.246744 -13 2796 1 0 1
-0.357221 0.483864 25.4558 -7.70289 5.49934 69.9284 -0.0367892 -13 2797 1 0 1
0.750714 -2.30437 25.4558 -8.52135 -5.02391 75.1492 -0.0385481 -13 2798 1 0 1
-0.402407 1.77817 25.4558 2.1233 2.42151 52.8056 1.21001 -13 2799 1 0 1
-1.93239 -0.68441 25.4558 -0.7747 1.95118 50.8264 -0.186072 -13 2800 1 0 1
-0.531585 1.10871 25.4558 -10.6438 -8.21676 73.1547 0.223684 -13 2801 1 0 1
-0.22655 1.05727 25.4558 -8.40638 6.97843 72.254 -1.54927 -13 2802 1 0 1
2.97959 -0.00609466 25.4558 -2.66273 7.60333 80.1514 1.34633 -13 2804 1 0 1
0.565731 -0.16171 25.4558 -7.17691 -8.75847 72.8854 1.71895 -13 2805 1 0 1
3.49187 1.37063 25.4558 14.9352 0.996877 56.9306 0.817843 -13 2806 1 0 1
0.907802 4.7991 25.4558 -1.42716 22.7251 66.1623 0.546772 -13 2807 1 0 1
1.42062 -1.45198 25.4558 -1.67038 -4.25355 70.3104 0.0248737 -13 2808 1 0 1
-1.41512 3.68933 25.4558 2.90711 14.0253 48.0229 -0.452076 -13 2809 1 0 1
0.187563 2.24855 25.4558 -7.48342 11.289 71.184 1.05745 -13 2810 1 0 1
-0.465955 -3.68515 25.4558 3.17198 -12.6634 51.8654 -0.263846 -13 2811 1 0 1
3.19552 2.04943 25.4558 10.5397 1.67005 67.8042 0.279784 -13 2812 1 0 1
0.225164 -1.0968 25.4558 4.77224 5.34838 49.7638 -0.392784 -13 2813 1 0 1
-2.74368 -0.907553 25.4558 -7.65576 -1.53282 58.6454 1.94841 -13 2814 1 0 1
0.226419 -1.42113 25.4558 -3.66378 -4.52506 67.4994 1.81497 -13 2815 1 0 1
-1.51924 2.22971 25.4558 -8.68005 -4.42824 65.4526 1.94439 -13 2816 1 0 1
2.93882 2.47537 25.4558 7.99528 6.6998 67.6905 -0.75773 -13 2817 1 0 1
5.22309 -2.4779 25.4558 15.0393 3.60509 68.6808 0.629461 -13 2818 1 0 1
2.21463 1.64675 25.4558 -0.194113 7.14201 75.4236 0.26727 -13 2820 1 0 1
0.84544 -0.982713 25.4558 -5.67089 7.59099 74.2926 2.54568 -13 2821 1 0 1
-1.47783 0.330121 25.4558 -4.26299 12.3449 58.1862 -1.72952 -13 2822 1 0 1
2.79889 0.839671 25.4558 0.413311 14.0699 75.8006 1.16847 -13 2823 1 0 1
2.92689 -3.55768 25.4558 9.32498 -10.8422 61.5782 -1.2264 -13 2824 1 0 1
2.52879 2.70606 25.4558 9.43296 7.09396 60.8183 0.774079 -13 2825 1 0 1
-0.126787 -3.68683 25.4558 1.64766 -3.47654 21.9259 -1.34288 -13 2826 1 0 1
3.48866 0.213409 25.4558 7.81056 0.497269 71.5486 0.840256 -13 2827 1 0 1
-1.06108 -2.16025 25.4558 -7.26183 -6.92141 68.2147 1.1345 -13 2828 1 0 1
4.42452 2.69863 25.4558 17.7078 9.89159 56.889 -2.40622 -13 2829 1 0 1
2.95735 -0.919254 25.4558 7.70346 -12.353 69.5487 0.183825 -13 2830 1 0 1
0.410764 -1.86746 25.4558 -14.1014 2.65731 78.8685 -0.0908741 -13 2831 1 0 1
0.134833 -0.179856 25.4558 1.34944 0.136669 62.7387 1.43645 -13 2832 1 0 1
-1.32341 2.56195 25.4558 -12.1237 -1.43682 68.4627 -0.321413 -13 2833 1 0 1
1.40178 -1.3599 25.4558 -0.888587 -0.896954 71.8613 -0.899979 -13 2834 1 0 1
0.944692 0.42865 25.4558 -0.433805 3.843 68.5842 1.64559 -13 2835 1 0 1
-2.93157 1.0059 25.4558 -2.96092 0.127251 45.1794 -1.15077 -13 2836 1 0 1
-0.569571 4.64313 25.4558 -3.94708 9.4416 63.3012 -0.160665 -13 2837 1 0 1
5.14757 0.445323 25.4558 2.70051 -1.76996 79.6247 2.46418 -13 2838 1 0 1
1.12582 -1.94376 25.4558 0.695497 2.39347 65.8885 -1.0035 -13 2839 1 0 1
3.80937 0.949297 25.4558 14.7892 -5.86207 36.9837 0.503022 -13 2840 1 0 1
-0.458757 -0.40138 25.4558 3.63341 4.78868 51.0173 -0.1315 -13 2841 1 0 1
-1.24354 -1.94303 25.4558 -0.156605 0.619419 54.6963 -0.393252 -13 2842 1 0 1
-4.2256 -4.17079 25.4558 -17.4234 -3.7008 58.8277 1.2809 -13 2843 1 0 1
6.22574 0.358751 25.4558 18.8832 -2.66617 70.1875 2.60757 -13 2844 1 0 1
-1.83192 -4.34703 25.4558 1.68972 -2.00798 31.6407 0.482884 -13 2845 1 0 1
-0.380201 -2.16606 25.4558 -1.63621 6.69847 64.2976 -0.27529 -13 2846 1 0 1
0.716555 0.219422 25.4558 0.921306 1.76325 64.6133 0.709564 -13 2847 1 0 1
-3.74309 0.569753 25.4558 -6.96411 -4.10344 48.5019 -0.188293 -13 2848 1 0 1
-1.94351 0.126196 25.4558 -5.71739 5.39166 58.3187 -1.65089 -13 2849 1 0 1
1.99301 0.506201 25.4558 9.97266 1.54371 45.4078 -0.749796 -13 2850 1 0 1
2.97995 -0.929804 25.4558 0.0223163 1.88731 77.2834 -1.77406 -13 2851 1 0 1
3.9846 -2.33175 25.4558 12.7573 -0.947837 65.9618 -0.821099 -13 2852 1 0 1
-1.21002 -1.97654 25.4558 -9.61575 -10.3972 66.7737 1.86894 -13 2853 1 0 1
0.776156 0.757647 25.4558 -2.49759 6.35806 71.5418 -1.80763 -13 2854 1 0 1
2.41759 -0.333171 25.4558 -2.85219 -4.37949 80.3071 0.921477 -13 2855 1 0 1
0.189149 1.73301 25.4558 -0.640355 1.61377 65.2849 -0.795754 -13 2857 1 0 1
-1.22851 -0.619313 25.4558 -2.14316 -1.97172 55.7906 -1.16778 -13 2858 1 0 1
1.67435 1.18716 25.4558 7.19917 5.16371 56.7695 0.753015 -13 2859 1 0 1
0.682647 0.8954 25.4558 0.463761 1.59079 64.2536 -2.53 -13 2860 1 0 1
3.30168 0.153383 25.4558 1.04708 8.80304 77.8197 1.53325 -13 2861 1 0 1
-1.23349 -0.317946 25.4558 -2.93299 -3.89169 60.9518 0.439202 -13 2862 1 0 1
0.106666 1.50043 25.4558 -2.7722 4.83835 67.0752 -0.775906 -13 2863 1 0 1
0.596375 -0.504214 25.4558 1.72428 -6.85729 59.6531 -1.16394 -13 2864 1 0 1
-0.917387 -0.187953 25.4558 3.76283 -0.540084 44.0919 -1.53352 -13 2865 1 0 1
-4.63716 -0.626447 25.4558 -13.2398 5.6663 47.9578 -0.953877 -13 2866 1 0 1
-3.72202 0.14011 25.4558 -5.17955 4.51931 38.6883 -1.71887 -13 2867 1 0 1
1.74868 -2.06765 25.4558 5.60266 -3.39531 65.4891 1.83271 -13 2868 1 0 1
1.75229 2.08816 25.4558 7.01407 5.29739 60.9172 0.965083 -13 2869 1 0 1
2.51438 -2.34907 25.4558 6.38703 -11.0352 65.6794 -1.18187 -13 2870 1 0 1
-0.0863794 -0.285397 25.4558 -2.52162 2.40406 66.6815 -0.708442 -13 2871 1 0 1
-0.0595224 2.92083 25.4558 0.138849 6.99697 60.829 0.400344 -13 2872 1 0 1
1.34018 4.80832 25.4558 0.45766 10.2176 69.9589 -1.94107 -13 2873 1 0 1
-1.07123 4.66451 25.4558 1.75114 14.4231 49.8608 -0.570954 -13 2875 1 0 1
-4.43073 -4.90225 25.4558 -19.4363 -15.9166 59.6386 -0.595219 -13 2876 1 0 1
-0.125894 -0.162824 25.4558 -14.9101 2.51038 76.793 2.02185 -13 2877 1 0 1
-2.34552 2.4835 25.4558 -0.719801 1.93267 31.3757 -1.7612 -13 2878 1 0 1
-5.5157 -0.176032 25.4558 -11.9979 1.44183 44.0597 -0.167848 -13 2879 1 0 1
-2.6696 -1.67347 25.4558 -9.0269 6.19619 57.865 1.12367 -13 2880 1 0 1
1.32624 -1.40589 25.4558 5.99663 -5.86073 61.4159 2.39256 -13 2881 1 0 1
-1.40323 1.76345 25.4558 -6.41139 7.54685 61.2499 0.485115 -13 2882 1 0 1
-0.635694 -1.41679 25.4558 -10.9157 -7.10956 70.9179 0.214463 -13 2883 1 0 1
-2.74235 1.11913 25.4558 -7.77069 7.26936 57.2235 0.88723 -13 2884 1 0 1
-2.2821 -1.89377 25.4558 -4.36228 -0.742243 53.5687 2.39077 -13 2885 1 0 1
6.05563 1.66522 25.4558 21.5115 9.02965 56.4722 -1.09737 -13 2886 1 0 1
-2.04116 0.3571 25.4558 -1.50279 -4.01959 49.7991 -2.25802 -13 2887 1 0 1
1.54521 4.21248 25.4558 7.3303 14.5831 49.489 -2.45029 -13 2888 1 0 1
0.47676 -0.751338 25.4558 -4.39839 -7.44697 71.3753 -1.02875 -13 2889 1 0 1
-1.5521 1.08802 25.4558 -6.92926 9.46388 61.2989 -0.999546 -13 2890 1 0 1
0.733822 1.77542 25.4558 -5.26964 10.3849 73.6589 2.23648 -13 2891 1 0 1
-0.35979 2.5877 25.4558 1.9071 14.2278 52.6953 -0.00319842 -13 2892 1 0 1
-2.68029 -0.651815 25.4558 0.305002 2.289 19.1836 -2.16635 -13 2893 1 0 1
2.55454 -0.332895 25.4558 10.9904 5.8182 58.347 1.75871 -13 2894 1 0 1
-0.316597 -2.30989 25.4558 3.0042 -2.7152 34.3962 0.135558 -13 2895 1 0 1
-2.80929 -1.01109 25.4558 -9.14595 6.7121 60.0381 -0.0483492 -13 2896 1 0 1
0.0868961 0.684366 25.4558 -3.80336 4.23737 67.3583 0.925776 -13 2897 1 0 1
-1.51539 -1.50039 25.4558 -5.40761 -10.0831 61.3115 -0.440464 -13 2898 1 0 1
-2.58107 4.45563 25.4558 -7.22721 7.47894 55.3301 -0.126041 -13 2899 1 0 1
4.36061 -2.94986 25.4558 13.3848 -11.89 65.7034 1.53609 -13 2900 1 0 1
1.26668 -0.534849 25.4558 -6.91581 -2.94839 76.6689 -0.390394 -13 2901 1 0 1
-1.13944 -0.752814 25.4558 -6.26937 9.09512 64.5318 2.38304 -13 2902 1 0 1
-0.199256 2.11872 25.4558 -5.90172 8.43436 68.2054 -1.66656 -13 2904 1 0 1
0.376872 0.77534 25.4558 -5.26903 -0.406228 72.2415 0.75506 -13 2905 1 0 1
-2.92332 -0.708965 25.4558 -4.17615 -3.14503 42.9982 2.25425 -13 2906 1 0 1
1.70235 0.601363 25.4558 -4.85478 -0.269637 77.9655 0.27873 -13 2907 1 0 1
-3.37242 -1.50226 25.4558 -6.52862 -12.0198 51.4696 0.131242 -13 2908 1 0 1
-0.684 0.347491 25.4558 -6.31768 -2.59604 64.1953 1.76944 -13 2909 1 0 1
1.79744 -1.51124 25.4558 -9.18348 3.20351 79.6301 -0.691354 -13 2910 1 0 1
-1.6043 1.27246 25.4558 -13.033 8.4167 68.1504 2.99195 -13 2911 1 0 1
0.780835 -2.5046 25.4558 5.82638 -2.79231 57.233 -0.023068 -13 2912 1 0 1
1.80135 0.590893 25.4558 -1.30621 12.4274 75.5541 -2.15952 -13 2913 1 0 1
-4.77203 0.407753 25.4558 -12.6195 4.84451 48.6602 -0.0264567 -13 2914 1 0 1
4.77803 -0.341815 25.4558 13.3967 -4.23939 69.2124 0.761459 -13 2915 1 0 1
1.18369 0.138723 25.4558 1.85601 -8.15425 65.5773 0.325772 -13 2916 1 0 1
0.155415 1.53248 25.4558 1.37541 5.72866 64.5512 3.26606 -13 2917 1 0 1
1.26537 -1.19482 25.4558 4.8591 1.60642 60.786 -0.319526 -13 2918 1 0 1
2.00931 1.26938 25.4558 2.93591 5.03754 69.2895 0.237752 -13 2919 1 0 1
-0.52666 0.520292 25.4558 -9.04677 8.41936 69.2066 0.668813 -13 2920 1 0 1
0.207246 -1.21586 25.4558 -8.18023 5.69397 72.8956 0.441341 -13 2921 1 0 1
3.54115 -0.82852 25.4558 9.04625 -0.0302046 68.6058 0.452199 -13 2922 1 0 1
2.29149 3.66623 25.4558 5.11468 11.3031 65.2617 -3.10507 -13 2923 1 0 1
-0.33116 -0.362858 25.4558 -7.46659 -1.24469 69.2146 -0.313441 -13 2924 1 0 1
-0.111903 0.579007 25.4558 -7.02717 8.47112 72.2771 -0.459295 -13 2926 1 0 1
1.74877 0.0656019 25.4558 8.75387 0.921623 43.5155 0.249678 -13 2927 1 0 1
-0.773917 4.06116 25.4558 -0.253256 12.9227 53.8411 -1.81645 -13 2928 1 0 1
-2.34688 0.26073 25.4558 0.710526 3.90802 32.829 0.290104 -13 2929 1 0 1
-2.31994 2.56832 25.4558 -17.1228 15.5453 68.0435 -1.88314 -13 2930 1 0 1
-2.31522 1.32703 25.4558 -6.58299 11.1955 57.32 1.07384 -13 2931 1 0 1
-1.17983 1.25421 25.4558 0.44998 -1.42292 55.5255 -1.26633 -13 2932 1 0 1
-2.46618 -1.97988 25.4558 -11.4822 -0.456309 63.485 0.424204 -13 2933 1 0 1
1.15877 1.43911 25.4558 3.3312 -6.41849 62.6027 1.77999 -13 2934 1 0 1
-0.00616984 -2.20667 25.4558 0.977394 -1.32452 60.5029 -0.0977041 -13 2935 1 0 1
1.37493 1.52143 25.4558 -2.03416 2.84175 74.4608 -0.70536 -13 2936 1 0 1
-0.822635 -3.91944 25.4558 1.19149 -2.53404 51.1205 -1.99134 -13 2937 1 0 1
1.47775 -1.12026 25.4558 8.05815 -1.64829 44.0902 1.63664 -13 2938 1 0 1
3.57869 0.533575 25.4558 1.4911 10.7779 78.1304 -0.381249 -13 2939 1 0 1
0.660497 1.95386 25.4558 3.76431 5.90137 63.1546 -0.36765 -13 2940 1 0 1
-5.29994 3.49238 25.4558 -27.459 7.37537 64.2643 -0.624222 -13 2941 1 0 1
-0.0848431 1.28848 25.4558 1.28575 2.02009 54.9926 -1.42323 -13 2942 1 0 1
-1.22095 5.2057 25.4558 -3.42339 14.9563 55.8854 -0.400959 -13 2943 1 0 1
0.388145 -1.54101 25.4558 2.15861 -1.69365 61.5942 1.54311 -13 2944 1 0 1
-2.20807 3.66504 25.4558 -4.02848 -3.25375 55.9821 3.47569 -13 2945 1 0 1
5.00813 -0.13574 25.4558 21.5837 2.41118 37.6708 -1.01584 -13 2946 1 0 1
-2.20195 -0.596463 25.4558 -8.35722 12.0643 59.3149 -2.00138 -13 2947 1 0 1
-2.44846 1.51067 25.4558 -2.1058 3.52892 45.3157 -0.176825 -13 2948 1 0 1
-0.213998 -0.541537 25.4558 -6.77376 -12.2918 67.954 0.714306 -13 2949 1 0 1
-3.41989 -3.14078 25.4558 -6.45321 -3.43464 53.7712 -0.563488 -13 2950 1 0 1
-0.718041 4.30745 25.4558 1.35266 0.713179 56.3788 -0.681068 -13 2951 1 0 1
-2.15623 0.342863 25.4558 -8.9641 4.24935 62.4262 0.303321 -13 2952 1 0 1
0.276302 0.903702 25.4558 -0.800369 5.13454 67.4555 0.0502088 -13 2953 1 0 1
-1.11566 3.50944 25.4558 -0.779968 1.23882 58.1086 -1.71175 -13 2955 1 0 1
-0.318483 1.9375 25.4558 -5.54791 3.66528 70.3946 -0.335131 -13 2956 1 0 1
0.105173 -0.984406 25.4558 -5.74762 3.77241 69.4633 1.32215 -13 2957 1 0 1
-0.319298 5.3925 25.4558 -2.77161 11.2924 59.1719 1.63092 -13 2958 1 0 1
4.16204 -0.282392 25.4558 6.40658 -4.61509 77.7158 -1.0376 -13 2959 1 0 1
-1.15168 3.27941 25.4558 -6.38536 5.34277 63.4512 0.544503 -13 2960 1 0 1
-0.186686 -2.02841 25.4558 -1.15226 -9.51857 63.8182 2.4332 -13 2961 1 0 1
1.68886 -0.992106 25.4558 7.92604 -0.49024 52.6393 1.6817 -13 2962 1 0 1
-1.55461 -8.12325 25.4558 0.468947 -20.4717 43.8364 -0.982007 -13 2964 1 0 1
2.17246 -4.06919 25.4558 5.26638 -7.25789 41.1344 2.09212 -13 2965 1 0 1
2.61267 0.376492 25.4558 6.96304 -0.329523 67.9209 -1.66243 -13 2966 1 0 1
-0.974091 -3.94783 25.4558 -5.00134 -27.2373 56.8608 -0.0261541 -13 2967 1 0 1
0.532916 -3.43905 25.4558 -4.00991 -6.41276 71.3608 1.38176 -13 2968 1 0 1
-1.75233 -0.709929 25.4558 -11.3492 -5.74383 67.6979 1.65393 -13 2969 1 0 1
4.22326 -1.41121 25.4558 12.9403 -7.36363 66.0599 -0.427055 -13 2970 1 0 1
-0.34052 0.518058 25.4558 -9.45919 -2.54301 72.7447 -1.02632 -13 2971 1 0 1
1.91998 -0.337613 25.4558 4.42187 -3.40074 69.4349 1.39957 -13 2972 1 0 1
2.35973 0.173595 25.4558 -9.55115 -1.41588 78.2674 0.978793 -13 2973 1 0 1
-0.643814 2.23743 25.4558 -7.24797 -6.27697 68.5635 0.679542 -13 2975 1 0 1
0.0464671 -0.563262 25.4558 -2.0545 -6.69434 64.2853 0.827544 -13 2976 1 0 1
1.9906 -1.13038 25.4558 7.87876 -13.2128 62.6477 0.949079 -13 2977 1 0 1
-3.53441 4.29394 25.4558 -7.02527 6.03167 50.6768 1.63391 -13 2978 1 0 1
0.210656 -3.94482 25.4558 1.94015 -10.7275 59.3593 -0.768297 -13 2979 1 0 1
-3.21107 0.0668606 25.4558 -8.09382 0.263734 52.012 -0.417068 -13 2980 1 0 1
-0.404354 1.2522 25.4558 2.58149 -0.902459 56.0478 2.38769 -13 2981 1 0 1
0.724646 -0.724763 25.4558 0.0653528 -2.41504 67.0393 -1.10739 -13 2982 1 0 1
0.312129 0.880761 25.4558 0.508349 3.87136 62.3338 -1.40963 -13 2983 1 0 1
-1.45433 -1.79273 25.4558 -17.3425 -0.128194 74.327 0.941516 -13 2984 1 0 1
-0.479477 -0.350837 25.4558 4.16356 -3.78775 48.6539 -0.771107 -13 2985 1 0 1
1.81278 -1.04194 25.4558 9.51015 2.06791 55.2492 1.01743 -13 2986 1 0 1
-0.321016 1.91555 25.4558 -11.4627 15.3095 72.0882 -0.287462 -13 2987 1 0 1
1.71846 -5.57851 25.4558 10.8334 -9.66053 49.7852 0.395352 -13 2988 1 0 1
1.6915 -0.0904007 25.4558 3.47187 -1.57158 68.821 -0.510299 -13 2989 1 0 1
-2.22097 0.178871 25.4558 -9.11548 -5.49811 62.3979 -0.763229 -13 2990 1 0 1
1.30544 0.952388 25.4558 -0.783546 0.319866 71.5562 0.107298 -13 2991 1 0 1
-1.81189 -1.96934 25.4558 -15.4585 1.72239 69.152 -0.140836 -13 2992 1 0 1
-0.127988 0.533347 25.4558 -9.27276 -1.21509 73.9532 -1.35531 -13 2993 1 0 1
-0.76395 1.51172 25.4558 -2.01381 0.958618 62.8101 1.0555 -13 2994 1 0 1
2.25126 -1.66788 25.4558 -2.93807 -8.04037 76.8072 -0.990827 -13 2995 1 0 1
-0.73655 -2.95962 25.4558 -1.32634 -6.64638 58.0554 -0.924877 -13 2996 1 0 1
-1.98114 -0.162403 25.4558 -15.139 -1.07043 69.8696 -1.15206 -13 2998 1 0 1
0.615694 0.895307 25.4558 0.272842 2.71064 66.0092 -0.165399 -13 2999 1 0 1
1.77719 1.36223 25.4558 -0.781413 3.03398 73.5352 2.07191 -13 3000 1 0 1
-1.35569 2.37458 25.4558 -9.08486 -3.33831 67.3129 0.232595 -13 3001 1 0 1
-0.563333 1.80149 25.4558 -17.5918 9.02476 76.6299 0.776324 -13 3002 1 0 1
-8.84433 3.68211 25.4558 -18.3445 5.57629 33.4798 -0.369122 -13 3003 1 0 1
-0.704897 2.75268 25.4558 -8.57332 17.0616 64.7731 1.75658 -13 3004 1 0 1
-0.494919 -0.908725 25.4558 -5.65038 -1.39051 67.606 -0.690324 -13 3005 1 0 1
-2.27634 1.33774 25.4558 -11.8162 10.7277 64.4981 1.99375 -13 3006 1 0 1
-2.03138 -0.290178 25.4558 -16.0326 8.16137 69.1533 -0.646167 -13 3007 1 0 1
2.6205 0.416078 25.4558 12.0564 -4.32105 49.7631 -0.964022 -13 3008 1 0 1
1.57455 -0.998903 25.4558 0.0749471 -2.57782 73.0009 -2.02892 -13 3009 1 0 1
-4.4073 -4.45589 25.4558 -11.0172 -7.51791 49.1089 0.314086 -13 3010 1 0 1
-0.0113464 -1.40777 25.4558 -1.00778 -2.81818 62.942 -1.81296 -13 3011 1 0 1
-1.09011 -4.02907 25.4558 -2.96948 -11.3034 54.7002 2.76695 -13 3012 1 0 1
1.5885 -3.10459 25.4558 7.3588 -8.27076 56.3211 0.336929 -13 3013 1 0 1
1.8905 -1.1394 25.4558 0.0579389 -3.55941 73.7939 -0.708712 -13 3014 1 0 1
4.79096 -3.24106 25.4558 10.0723 -8.02822 75.2214 1.65974 -13 3015 1 0 1
-3.43874 -2.57347 25.4558 -6.98815 -3.31052 50.8712 1.65096 -13 3016 1 0 1
0.234051 2.73231 25.4558 -6.72658 2.54166 70.5419 -0.202182 -13 3017 1 0 1
-2.14576 1.20625 25.4558 -7.0472 10.7436 56.8381 2.41933 -13 3018 1 0 1
3.03974 0.548685 25.4558 6.7095 1.95319 69.9247 1.90776 -13 3020 1 0 1
2.38528 -1.54461 25.4558 6.33525 11.1035 68.2205 -0.5611 -13 3021 1 0 1
0.399255 2.25995 25.4558 3.46295 3.98296 56.3625 -0.670749 -13 3022 1 0 1
-0.520763 4.52425 25.4558 -1.20529 8.46325 61.0383 -0.0796026 -13 3023 1 0 1
-1.23909 0.900919 25.4558 2.65066 0.45912 35.2623 2.35292 -13 3024 1 0 1
0.00376772 -0.978895 25.4558 3.48911 -6.15123 35.5522 1.06762 -13 3025 1 0 1
0.59601 0.0192232 25.4558 3.60598 8.62641 60.8686 -1.01435 -13 3026 1 0 1
-2.56324 1.99741 25.4558 -14.7919 8.75189 64.0807 1.80164 -13 3027 1 0 1
-3.26938 2.59317 25.4558 -3.57067 4.93301 40.2622 -2.53461 -13 3028 1 0 1
3.68961 -0.364346 25.4558 10.6092 -8.64429 67.7033 -1.0837 -13 3029 1 0 1
-1.44566 3.07523 25.4558 -1.90802 5.15955 50.1303 0.314853 -13 3030 1 0 1
1.66406 -5.23793 25.4558 10.598 -7.00819 40.7091 0.0429003 -13 3031 1 0 1
-2.18547 1.62521 25.4558 -9.6933 1.51051 65.181 0.39057 -13 3032 1 0 1
-1.82448 -2.55217 25.4558 -8.4563 -7.04269 63.7172 -2.67906 -13 3033 1 0 1
2.23057 -3.99816 25.4558 9.50154 -9.14025 51.5933 0.522661 -13 3034 1 0 1
0.0186576 -0.347975 25.4558 -0.471355 -2.33167 63.1392 3.09036 -13 3035 1 0 1
-4.1696 -2.32915 25.4558 -15.8369 -6.96001 59.1354 0.285149 -13 3036 1 0 1
-1.29419 -1.20053 25.4558 -6.9137 -0.666753 63.8282 1.27274 -13 3037 1 0 1
-0.945599 -2.17649 25.4558 -4.7776 -0.941084 64.688 0.0672419 -13 3038 1 0 1
-0.187447 2.92094 25.4558 0.631933 6.87964 60.3892 -0.574957 -13 3039 1 0 1
1.14315 4.82225 25.4558 1.85583 0.592685 66.0122 -0.244923 -13 3040 1 0 1
1.20199 0.247845 25.4558 6.69932 2.31107 49.3161 -0.517589 -13 3041 1 0 1
0.647744 0.125462 25.4558 -14.3981 -4.23161 79.8569 0.580608 -13 3042 1 0 1
1.99435 -2.68988 25.4558 7.08291 2.17932 58.8524 0.0569864 -13 3043 1 0 1
-2.48378 -4.92622 25.4558 -6.75132 -12.2614 57.1399 0.538299 -13 3044 1 0 1
2.87518 -4.12655 25.4558 9.73203 -13.4232 62.8163 -1.68566 -13 3045 1 0 1
1.95601 -1.45531 25.4558 -1.35267 -7.28332 74.6784 -1.46779 -13 3046 1 0 1
-0.437663 -2.6482 25.4558 0.506957 -5.27187 61.233 0.0990509 -13 3047 1 0 1
0.343339 -4.81335 25.4558 3.21399 -6.70861 61.2515 -0.051557 -13 3048 1 0 1
2.21763 2.64689 25.4558 -0.516406 2.86973 76.1698 -1.36479 -13 3050 1 0 1
-1.32629 1.01945 25.4558 -2.06941 4.04052 59.5 -0.425643 -13 3051 1 0 1
1.31631 -2.19739 25.4558 -0.642666 4.04174 71.6869 -1.04716 -13 3052 1 0 1
2.30205 0.760262 25.4558 9.74269 1.41811 59.8204 -0.648559 -13 3053 1 0 1
1.20114 0.194041 25.4558 -0.115373 10.4214 65.7819 0.242201 -13 3054 1 0 1
0.294499 2.53607 25.4558 -0.367767 3.00446 64.6423 2.12128 -13 3055 1 0 1
-4.71811 -3.00894 25.4558 -17.8637 -15.286 55.6154 -0.528764 -13 3056 1 0 1
-0.814675 -2.67807 25.4558 -9.80117 -9.07475 68.564 -1.11174 -13 3057 1 0 1
-0.422819 1.15275 25.4558 2.05532 2.77329 55.7266 -0.29602 -13 3058 1 0 1
1.06055 0.324643 25.4558 1.39903 -10.4663 65.0264 0.0837458 -13 3059 1 0 1
-3.98516 -2.77051 25.4558 -8.23584 -3.71655 49.6698 0.435719 -13 3060 1 0 1
-0.00304039 0.200831 25.4558 -0.540592 4.14101 63.089 1.8817 -13 3061 1 0 1
-0.65878 -0.0246411 25.4558 -6.99232 -4.97018 68.2453 -0.408319 -13 3063 1 0 1
1.42602 -2.73713 25.4558 0.0837309 -20.4656 69.3846 -0.687923 -13 3064 1 0 1
0.590978 4.54759 25.4558 -0.514782 14.6025 65.5184 2.44559 -13 3065 1 0 1
-0.0864438 1.72293 25.4558 -1.71095 -2.34435 63.9141 1.83889 -13 3066 1 0 1
-1.53339 0.55395 25.4558 -12.3894 6.465 68.91 1.7535 -13 3067 1 0 1
-2.82843 0.0842625 25.4558 -10.2669 -2.90815 59.3123 1.46932 -13 3068 1 0 1
2.33898 1.12569 25.4558 8.58305 -6.99564 41.988 0.800742 -13 3069 1 0 1
-1.54236 -0.645831 25.4558 -10.1141 5.88989 66.0575 1.54214 -13 3070 1 0 1
0.336939 2.47607 25.4558 -15.0553 3.21365 78.7323 0.474061 -13 3072 1 0 1
-3.39873 1.77641 25.4558 -19.4692 6.08337 65.1194 -1.02217 -13 3073 1 0 1
1.83745 1.60233 25.4558 2.72863 10.4706 68.6782 0.127501 -13 3074 1 0 1
0.532011 -0.775469 25.4558 -9.08692 3.93907 77.0374 0.786855 -13 3075 1 0 1
1.18628 1.44633 25.4558 -3.1716 7.90303 73.0757 0.297023 -13 3076 1 0 1
2.42093 0.153 25.4558 -1.59743 -6.54916 77.2082 0.217845 -13 3077 1 0 1
1.71723 3.21618 25.4558 7.79552 7.75404 45.5554 -0.908111 -13 3078 1 0 1
2.07392 0.628651 25.4558 -1.05183 10.2836 74.1862 -1.67172 -13 3079 1 0 1
1.42875 1.49409 25.4558 5.98007 6.86831 60.4962 -1.41892 -13 3080 1 0 1
-3.6102 -0.0176395 25.4558 -10.5842 -0.466282 56.6357 1.09191 -13 3081 1 0 1
1.29239 -1.36538 25.4558 0.38386 -11.6859 66.7942 0.673106 -13 3082 1 0 1
1.6297 0.0068148 25.4558 8.1316 -1.01634 61.1433 -1.50558 -13 3083 1 0 1
2.3277 -0.529559 25.4558 7.21812 -1.26293 69.2278 0.145222 -13 3084 1 0 1
2.8629 -1.0942 25.4558 6.9197 -8.54087 66.7834 -0.380781 -13 3085 1 0 1
-3.71673 -1.58639 25.4558 -6.72288 0.462571 43.9052 0.111195 -13 3086 1 0 1
2.37678 -0.996178 25.4558 3.09821 -8.77626 68.6133 0.425389 -13 3087 1 0 1
-2.52194 -4.89683 25.4558 -5.74567 -17.1994 50.7342 -0.709897 -13 3088 1 0 1
0.339638 -0.25146 25.4558 -2.54659 8.10398 68.3047 0.438035 -13 3089 1 0 1
-3.90692 -1.6719 25.4558 -11.8666 0.434003 57.2563 0.777903 -13 3090 1 0 1
1.76339 -1.66367 25.4558 -3.26652 -17.1197 73.9732 -0.673244 -13 3091 1 0 1
-0.846849 2.03225 25.4558 -11.8944 16.0451 69.9002 0.33385 -13 3092 1 0 1
0.0150089 1.4004 25.4558 4.52758 6.35713 46.458 0.360054 -13 3093 1 0 1
-1.54133 -1.22055 25.4558 -10.1039 -5.75347 67.2195 -1.17567 -13 3094 1 0 1
2.32516 3.12979 25.4558 1.75401 6.13649 72.2214 2.34938 -13 3095 1 0 1
1.82403 -3.35203 25.4558 0.922768 -14.4782 69.4592 -0.540575 -13 3096 1 0 1
4.05689 -0.14982 25.4558 7.22763 15.7433 73.7217 -0.151204 -13 3097 1 0 1
-0.204965 -1.2357 25.4558 -4.85082 -1.04427 69.8769 -2.17311 -13 3099 1 0 1
-0.735156 0.129802 25.4558 -0.723577 0.201744 57.2869 -0.132871 -13 3100 1 0 1
-0.979418 1.61561 25.4558 -7.89376 7.01107 68.3766 1.42752 -13 3101 1 0 1
0.832593 1.4324 25.4558 3.61617 5.82877 60.8927 -0.495391 -13 3102 1 0 1
-1.4943 -1.1295 25.4558 -12.9447 -11.7988 69.0147 0.86419 -13 3103 1 0 1
-1.66192 1.369 25.4558 -3.38882 -0.813067 56.64 1.31395 -13 3104 1 0 1
0.199246 -0.526367 25.4558 -7.99967 -2.85286 72.8741 0.102377 -13 3105 1 0 1
3.05621 -0.884572 25.4558 3.22491 1.93929 75.2892 0.394813 -13 3106 1 0 1
0.899876 -0.655193 25.4558 -5.69626 6.31535 74.7029 1.58542 -13 3107 1 0 1
-1.39995 0.392858 25.4558 -4.27968 7.90305 61.7234 -0.0994533 -13 3108 1 0 1
-2.74129 -1.57789 25.4558 -2.42518 0.766941 44.0841 0.713039 -13 3109 1 0 1
-4.21769 -0.17006 25.4558 -17.8986 -2.99557 62.8351 0.198714 -13 3110 1 0 1
2.1215 -3.58672 25.4558 9.66602 -11.0008 38.3026 0.479573 -13 3111 1 0 1
-0.279972 -0.968809 25.4558 -11.5146 -4.26171 75.074 0.363667 -13 3112 1 0 1
2.3083 -0.787559 25.4558 -0.611667 -10.6597 74.8567 0.958581 -13 3113 1 0 1
-2.06595 2.32859 25.4558 -5.50468 9.18418 61.6906 -0.801201 -13 3114 1 0 1
2.36381 -1.90736 25.4558 -2.81726 -3.93174 76.9619 0.914026 -13 3115 1 0 1
2.11542 -0.583159 25.4558 -1.51297 -0.553472 76.9807 -0.59737 -13 3116 1 0 1
-0.395647 1.649 25.4558 -13.2594 12.975 74.7913 -0.194699 -13 3117 1 0 1
-0.151435 3.79023 25.4558 -9.75781 4.17485 73.4098 -0.454998 -13 3118 1 0 1
-0.15108 0.445668 25.4558 -9.05574 -5.70045 71.9971 0.723336 -13 3119 1 0 1
-0.581302 0.0334613 25.4558 -10.8032 -4.99076 72.0794 -2.23954 -13 3120 1 0 1
1.37964 -0.931188 25.4558 -7.11213 -6.84965 76.7797 0.0918593 -13 3122 1 0 1
-6.16527 -9.50255 25.4558 -19.9796 -25.1179 46.6626 -2.4483 -13 3123 1 0 1
-4.29273 3.71953 25.4558 -17.4246 -1.3038 60.766 0.613252 -13 3124 1 0 1
-0.20188 -2.58288 25.4558 -3.85411 -8.02208 65.7734 1.48224 -13 3125 1 0 1
4.01517 3.17064 25.4558 13.6556 7.06576 58.3616 1.99581 -13 3126 1 0 1
-1.14363 0.806527 25.4558 -2.20513 -0.266019 57.9965 1.36006 -13 3127 1 0 1
1.4237 1.26724 25.4558 0.704544 0.366302 70.3442 2.23389 -13 3128 1 0 1
-1.29369 4.48742 25.4558 0.330412 3.46604 26.1845 3.02559 -13 3129 1 0 1
2.20214 0.233811 25.4558 5.62372 2.08684 67.1389 2.13452 -13 3130 1 0 1
-1.38158 0.0950151 25.4558 -4.6783 6.30665 62.5957 -0.630225 -13 3131 1 0 1
-0.56755 -2.44197 25.4558 -7.56733 -11.1885 67.8704 0.439135 -13 3132 1 0 1
-1.28524 -4.35359 25.4558 -1.10292 -11.3033 53.4472 0.669361 -13 3133 1 0 1
2.15261 -3.13188 25.4558 9.68976 -12.0033 53.1383 1.55179 -13 3134 1 0 1
2.50205 -2.84729 25.4558 11.5471 -4.65511 50.479 -0.12831 -13 3135 1 0 1
-1.10477 -0.0610492 25.4558 0.45268 2.06581 54.2954 0.981103 -13 3136 1 0 1
-0.329494 -3.97063 25.4558 2.25355 -14.8111 42.6817 1.38151 -13 3137 1 0 1
1.17951 -2.03868 25.4558 6.86214 1.36533 44.4712 1.08639 -13 3138 1 0 1
1.61917 0.796348 25.4558 6.65843 4.57576 59.9318 -0.248788 -13 3139 1 0 1
3.66935 -3.33707 25.4558 10.4768 -9.54943 68.2141 0.262898 -13 3140 1 0 1
1.85601 -1.48142 25.4558 8.36037 0.734405 61.117 -2.26035 -13 3141 1 0 1
2.12651 -2.54914 25.4558 -2.16331 -1.01646 77.1781 1.46836 -13 3142 1 0 1
-1.65106 0.696854 25.4558 -6.92269 7.35454 59.984 1.3924 -13 3143 1 0 1
0.665065 3.85924 25.4558 5.17959 8.0403 57.2085 -0.587066 -13 3144 1 0 1
0.734503 2.49719 25.4558 -1.41932 12.1379 67.9022 1.0047 -13 3146 1 0 1
-1.60416 -2.47677 25.4558 -19.3357 -0.696902 73.2383 -1.98519 -13 3147 1 0 1
1.64917 2.04637 25.4558 0.63138 7.45509 67.2794 1.17994 -13 3148 1 0 1
-3.95351 -5.65512 25.4558 -5.26952 -12.5109 32.2517 1.59763 -13 3149 1 0 1
1.35544 3.10827 25.4558 -2.99574 9.95178 72.4596 -0.196297 -13 3150 1 0 1
-0.981432 -3.4401 25.4558 -3.819 -14.4362 62.1595 0.761152 -13 3151 1 0 1
-3.51339 3.58461 25.4558 -17.0285 5.62661 63.0792 1.60876 -13 3152 1 0 1
1.40378 -0.595188 25.4558 -2.55016 -4.76202 74.4714 -2.1524 -13 3153 1 0 1
0.0929327 0.107383 25.4558 -13.7936 1.22393 77.6944 0.0859164 -13 3154 1 0 1
2.22652 0.194327 25.4558 10.6089 -2.33461 60.7488 -1.53042 -13 3155 1 0 1
0.0970213 -0.675546 25.4558 -9.58106 0.36315 72.6575 2.43784 -13 3156 1 0 1
1.81115 0.583005 25.4558 9.78288 -5.5433 48.9447 -1.17433 -13 3157 1 0 1
3.52773 -0.318848 25.4558 12.3141 -0.662809 66.3497 0.798119 -13 3158 1 0 1
-0.302354 0.347137 25.4558 -4.23461 -8.00599 66.1801 1.1907 -13 3160 1 0 1
-1.54322 -3.3582 25.4558 -3.69108 -15.6284 57.2491 1.56682 -13 3161 1 0 1
0.919305 1.79428 25.4558 -13.801 3.17642 79.3644 1.31641 -13 3162 1 0 1
2.24894 -0.991154 25.4558 -1.44548 0.181967 76.797 0.062527 -13 3163 1 0 1
0.808035 -1.1497 25.4558 4.32754 6.38318 60.0915 -0.697641 -13 3164 1 0 1
0.67738 3.68294 25.4558 5.05957 11.7315 58.4517 2.35653 -13 3165 1 0 1
-0.876908 -1.70245 25.4558 -2.93503 -5.44263 61.5234 0.097661 -13 3166 1 0 1
1.93025 2.56914 25.4558 -6.11342 1.16431 80.1355 1.9363 -13 3167 1 0 1
0.261997 -2.82049 25.4558 4.24102 1.41147 58.4491 1.36902 -13 3168 1 0 1
3.16909 -0.0178102 25.4558 10.1021 -1.53639 65.7473 0.563691 -13 3169 1 0 1
-2.32348 -0.873027 25.4558 -7.61371 0.594193 59.8726 -2.34353 -13 3170 1 0 1
1.10668 0.0463543 25.4558 4.23791 7.01327 60.0274 -0.354524 -13 3171 1 0 1
-1.90779 -0.341179 25.4558 -7.16766 -5.4772 61.5221 -1.62348 -13 3172 1 0 1
0.928048 0.564036 25.4558 10.549 -3.85865 43.4565 1.36863 -13 3173 1 0 1
0.577225 0.918899 25.4558 -3.90811 -1.4791 72.2004 0.203242 -13 3174 1 0 1
1.15338 1.05867 25.4558 3.16783 7.57308 66.7484 -2.56013 -13 3175 1 0 1
3.68681 1.26862 25.4558 6.77286 -0.584707 73.4631 0.764681 -13 3176 1 0 1
-2.77196 -0.185737 25.4558 -10.0381 -2.28041 60.9159 -0.845002 -13 3177 1 0 1
-0.246322 -1.36359 25.4558 -10.1209 -13.9637 72.1316 -1.58548 -13 3178 1 0 1
1.09383 -0.827508 25.4558 -8.86319 -10.3294 78.2391 0.166155 -13 3179 1 0 1
1.42495 1.87276 25.4558 -10.5297 -2.85027 78.7723 -0.150855 -13 3180 1 0 1
1.46271 2.71457 25.4558 -10.1932 9.84429 79.0379 1.53247 -13 3181 1 0 1
-0.842997 0.540994 25.4558 3.00862 3.39989 41.5162 2.00301 -13 3182 1 0 1
1.33216 -0.0226201 25.4558 -5.1188 -4.82649 76.1201 -0.940389 -13 3183 1 0 1
0.103969 0.271654 25.4558 3.21697 1.81677 25.9208 1.0282 -13 3184 1 0 1
-1.68772 0.0370467 25.4558 -14.3261 -0.569266 68.7023 -2.29784 -13 3185 1 0 1
2.81233 1.79736 25.4558 7.44918 5.94731 65.8925 2.19795 -13 3186 1 0 1
-1.64289 -0.99875 25.4558 -1.42943 -0.827222 54.2231 0.975864 -13 3187 1 0 1
-3.37873 1.74094 25.4558 -10.2064 3.60668 56.1216 0.716497 -13 3188 1 0 1
0.365538 -1.84501 25.4558 -9.99328 -9.73078 75.8831 0.526673 -13 3189 1 0 1
1.01449 -2.629 25.4558 -11.6296 -8.93001 78.2737 0.887693 -13 3190 1 0 1
-3.75742 -0.414556 25.4558 -4.97137 -1.37237 41.3657 0.644833 -13 3191 1 0 1
2.82827 -3.8186 25.4558 6.83987 -2.18579 69.5396 -0.583653 -13 3192 1 0 1
-1.19396 -1.26274 25.4558 -3.35167 -5.41153 59.216 -0.512394 -13 3193 1 0 1
-5.87475 -4.22579 25.4558 -25.014 -9.4753 57.7377 0.36311 -13 3194 1 0 1
-2.29334 0.617598 25.4558 -8.74886 4.12581 60.1052 -0.243725 -13 3195 1 0 1
1.61374 0.894776 25.4558 -4.64027 4.75545 77.0088 -0.435569 -13 3196 1 0 1
-2.14619 -0.143595 25.4558 -7.43796 -6.17114 58.6805 0.587098 -13 3197 1 0 1
0.230099 -2.25044 25.4558 -7.95339 3.44349 72.8074 -0.502972 -13 3198 1 0 1
0.874707 -4.77749 25.4558 0.463123 -11.0534 65.6262 -1.2629 -13 3199 1 0 1
-1.3279 -2.92824 25.4558 -0.184239 -4.26711 46.5827 1.07388 -13 3200 1 0 1
-0.878906 -0.464917 25.4558 -0.845159 -6.4673 56.3186 -0.537219 -13 3201 1 0 1
0.049051 -2.02672 25.4558 3.03438 -9.73643 55.9875 -0.360682 -13 3202 1 0 1
-3.15666 -1.40219 25.4558 -4.10743 -2.23316 47.3641 -1.64248 -13 3203 1 0 1
-1.18051 0.816068 25.4558 -0.833609 -4.15225 53.1379 0.806742 -13 3204 1 0 1
0.455851 1.25145 25.4558 3.38286 2.63907 60.5023 0.188381 -13 3205 1 0 1
-2.15113 0.55916 25.4558 -12.1489 2.44285 67.9232 0.753111 -13 3206 1 0 1
0.530314 -1.7685 25.4558 -12.5721 -12.6927 77.4021 -1.48386 -13 3207 1 0 1
-3.76688 -1.07033 25.4558 -8.35436 3.43518 50.252 -0.747021 -13 3208 1 0 1
-2.51821 -1.17073 25.4558 -2.0404 -9.52951 36.6382 1.66422 -13 3209 1 0 1
0.306402 1.23588 25.4558 1.80939 -2.8481 60.384 0.93618 -13 3211 1 0 1
-2.61337 0.100596 25.4558 -20.9641 -3.21129 71.3121 -3.00472 -13 3212 1 0 1
1.33132 -5.14151 25.4558 0.0766074 -13.0037 69.7835 0.351562 -13 3213 1 0 1
-0.620788 0.463749 25.4558 -3.01539 -3.14455 66.054 -0.461466 -13 3214 1 0 1
-0.446358 3.35534 25.4558 -12.2501 17.8634 70.9984 0.394851 -13 3215 1 0 1
-1.02304 2.12141 25.4558 0.737395 1.39359 52.7072 0.978098 -13 3216 1 0 1
-0.746234 -1.04036 25.4558 -15.3004 2.44408 75.1233 0.304984 -13 3217 1 0 1
-1.03262 -2.43607 25.4558 -1.46245 -14.3022 55.6826 0.932395 -13 3218 1 0 1
1.79727 3.72464 25.4558 10.89 13.5948 47.9366 0.867762 -13 3219 1 0 1
-1.01697 -0.55254 25.4558 -6.37112 11.1758 66.0433 -1.93568 -13 3220 1 0 1
-2.28931 -1.49574 25.4558 -8.72642 -2.90532 58.9564 -0.457602 -13 3221 1 0 1
0.682857 1.10885 25.4558 -2.68521 -2.1356 69.605 -0.0318605 -13 3222 1 0 1
-0.368076 -0.395295 25.4558 -5.39058 3.36067 68.4267 0.35258 -13 3223 1 0 1
-1.22064 2.24559 25.4558 -6.1712 -0.392065 65.1538 0.315348 -13 3224 1 0 1
-2.1792 -0.544371 25.4558 -9.43888 -8.17847 63.133 1.96773 -13 3225 1 0 1
-2.95258 0.464513 25.4558 -8.08846 -0.660786 55.4176 0.0856602 -13 3226 1 0 1
0.545547 -0.00809501 25.4558 7.77034 2.56029 39.8878 -1.5997 -13 3227 1 0 1
3.86764 0.652704 25.4558 12.31 4.40056 65.6433 -0.0433987 -13 3228 1 0 1
0.555773 3.5464 25.4558 -5.30418 14.7836 69.0427 -1.80685 -13 3229 1 0 1
0.379702 1.64722 25.4558 2.79594 4.69401 55.376 -2.04564 -13 3230 1 0 1
3.13346 -1.37667 25.4558 8.41771 -2.05742 70.0654 0.0525394 -13 3231 1 0 1
-2.05676 0.553038 25.4558 2.22955 0.39181 37.1165 1.5426 -13 3232 1 0 1
-0.647966 -2.13869 25.4558 0.844204 -5.73554 51.9344 -0.941915 -13 3233 1 0 1
-1.04366 0.771204 25.4558 -11.6077 1.59706 70.2661 2.16354 -13 3234 1 0 1
6.65647 0.240579 25.4558 19.0735 -5.28272 67.8543 -0.747015 -13 3235 1 0 1
-2.13553 0.0101569 25.4558 -5.75696 -4.65508 58.6873 1.41643 -13 3236 1 0 1
1.81453 0.832253 25.4558 3.95091 7.68367 66.1636 0.385011 -13 3237 1 0 1
1.54679 1.59858 25.4558 6.42591 10.0182 52.9646 0.459643 -13 3238 1 0 1
-1.31086 1.43921 25.4558 -4.54457 3.48957 59.5402 0.00516726 -13 3239 1 0 1
-1.13259 -7.01501 25.4558 -8.62439 -15.1758 67.6663 -0.569757 -13 3240 1 0 1
-1.96364 -2.88204 25.4558 -8.42858 -9.03712 59.5481 0.774186 -13 3241 1 0 1
-1.11904 2.39192 25.4558 -13.4667 2.64232 73.9784 -0.175818 -13 3242 1 0 1
1.85656 -0.295947 25.4558 7.55483 5.07784 60.6014 0.583339 -13 3243 1 0 1
-2.175 -1.89664 25.4558 -8.84705 -3.86104 62.7168 -0.225161 -13 3244 1 0 1
-3.32549 0.169947 25.4558 -3.71682 1.09889 28.4793 -2.44763 -13 3245 1 0 1
1.01452 -3.0982 25.4558 -4.98768 -5.73526 74.2964 -0.150269 -13 3246 1 0 1
-1.4065 -1.91349 25.4558 0.761422 -12.911 48.0813 0.978566 -13 3247 1 0 1
2.2088 -1.57154 25.4558 -0.138803 -10.3516 72.2699 0.237125 -13 3248 1 0 1
-1.89361 2.59265 25.4558 -4.11233 11.3191 55.5986 1.40968 -13 3249 1 0 1
-0.507105 -1.69117 25.4558 -13.4716 -0.825976 74.7844 -0.418066 -13 3250 1 0 1
-8.06229 1.26008 25.4558 -3.0875 0.406528 5.32033 2.00888 -13 3251 1 0 1
0.0268666 -0.921723 25.4558 -5.10801 -9.25997 69.5129 1.06614 -13 3252 1 0 1
-4.29007 -2.34346 25.4558 -13.2762 -5.01289 54.881 0.263794 -13 3253 1 0 1
1.48382 -1.55795 25.4558 1.55861 -2.87555 67.37 0.433039 -13 3254 1 0 1
0.696665 -2.01258 25.4558 0.643758 -4.09508 65.7865 2.91545 -13 3255 1 0 1
3.64989 -2.51819 25.4558 13.7401 -9.69145 57.0054 -1.71633 -13 3256 1 0 1
2.97005 -0.0480649 25.4558 6.29582 0.850706 71.8322 -1.729 -13 3257 1 0 1
2.04751 1.34505 25.4558 8.66659 0.188691 55.9194 0.131169 -13 3258 1 0 1
-0.402826 2.47875 25.4558 -5.49834 4.7241 67.2974 -0.40378 -13 3259 1 0 1
-2.62804 -3.27364 25.4558 -2.62117 -1.40665 35.7981 2.21935 -13 3260 1 0 1
-1.49778 -3.92826 25.4558 -1.31616 -15.9528 56.9102 1.28944 -13 3261 1 0 1
-0.211016 -0.357766 25.4558 -10.1826 1.46395 72.4912 2.7043 -13 3262 1 0 1
-0.654483 -1.30279 25.4558 -5.50417 -5.19234 64.994 -0.99219 -13 3263 1 0 1
2.37259 0.561949 25.4558 2.90443 7.0192 70.4706 0.280854 -13 3264 1 0 1
3.4229 1.15361 25.4558 14.0198 6.54149 60.816 0.258557 -13 3265 1 0 1
-2.44776 0.772575 25.4558 -9.78821 -5.78155 62.9303 0.661589 -13 3266 1 0 1
-0.487256 -1.17063 25.4558 -7.79991 9.30105 68.3082 -1.77145 -13 3267 1 0 1
0.457517 -6.58206 25.4558 6.91494 -12.5272 43.235 1.6497 -13 3268 1 0 1
1.03235 -1.67621 25.4558 -0.211688 -6.89232 68.4768 0.979027 -13 3269 1 0 1
-0.988097 -2.73088 25.4558 -1.23385 -9.37749 52.4175 0.624792 -13 3270 1 0 1
0.101732 0.395097 25.4558 4.20041 -4.56083 53.8681 0.924377 -13 3271 1 0 1
-0.800848 -0.066346 25.4558 -1.72707 -4.47231 57.9487 -0.172132 -13 3272 1 0 1
1.87793 -4.24065 25.4558 4.51745 -5.33248 68.6622 0.933536 -13 3273 1 0 1
-0.678392 -0.723081 25.4558 -0.586232 -1.25747 60.1016 1.37386 -13 3274 1 0 1
-3.4797 -2.90419 25.4558 -4.64387 -7.81328 47.4538 -1.47686 -13 3275 1 0 1
-1.41676 -0.37001 25.4558 -5.66852 -9.53194 61.7047 1.03964 -13 3276 1 0 1
-0.407948 -0.980313 25.4558 -6.53914 1.74808 66.1829 -1.06 -13 3277 1 0 1
-0.444271 1.86514 25.4558 3.49694 0.449697 51.9215 -2.35815 -13 3278 1 0 1
-0.147727 -1.16665 25.4558 -0.880731 0.115142 62.2486 -2.48064 -13 3279 1 0 1
0.553897 -1.10738 25.4558 -2.75638 -3.50326 69.1732 -0.113685 -13 3280 1 0 1
-1.40328 -2.49689 25.4558 -0.161646 -1.52627 55.0251 0.212299 -13 3281 1 0 1
-0.86737 -2.73585 25.4558 -8.82502 -5.6525 68.6548 0.220054 -13 3282 1 0 1
1.07206 2.12225 25.4558 4.27207 18.779 60.998 1.00783 -13 3283 1 0 1
-3.82352 0.381533 25.4558 -13.9008 5.5466 60.3927 -0.944708 -13 3284 1 0 1
-0.42154 1.52847 25.4558 0.257018 3.02463 63.1729 2.40261 -13 3285 1 0 1
3.00494 -2.67294 25.4558 5.10082 -8.44347 71.5883 -1.17308 -13 3286 1 0 1
1.03064 -0.288189 25.4558 8.31405 1.43611 50.3524 -1.51488 -13 3287 1 0 1
2.64611 -2.70344 25.4558 8.97408 -9.63474 64.0381 -0.128301 -13 3288 1 0 1
0.456019 0.643874 25.4558 -13.6635 -0.503372 78.207 -0.977519 -13 3289 1 0 1
0.0649295 -1.48396 25.4558 5.08181 -6.69835 45.9419 1.54389 -13 3290 1 0 1
2.79564 2.03146 25.4558 11.4858 4.21214 47.5607 0.518705 -13 3291 1 0 1
-2.58248 6.56034 25.4558 -3.05323 16.7858 41.8206 1.0325 -13 3292 1 0 1
-1.20128 -0.19725 25.4558 -7.50957 -7.68597 63.7955 -1.96335 -13 3294 1 0 1
3.13551 -0.479359 25.4558 7.11354 -4.81416 70.9207 2.33805 -13 3295 1 0 1
-0.733462 0.241417 25.4558 -5.18768 7.28544 63.6377 2.33302 -13 3296 1 0 1
1.84908 1.13972 25.4558 7.19356 1.63231 61.3724 0.916016 -13 3297 1 0 1
-1.8945 -1.99339 25.4558 -9.41192 -1.91564 65.3403 -0.112249 -13 3298 1 0 1
-0.234271 1.44927 25.4558 -6.38456 7.98564 69.7714 0.67197 -13 3299 1 0 1
0.660321 -1.42696 25.4558 1.98497 -7.3409 61.6628 0.275676 -13 3300 1 0 1
-2.44705 1.22806 25.4558 -8.22645 2.22353 58.8327 1.4134 -13 3301 1 0 1
-1.02713 -0.270747 25.4558 -2.8925 -4.17372 60.9924 0.203764 -13 3302 1 0 1
-0.102797 2.33974 25.4558 2.59577 -1.8258 59.8643 -0.0837004 -13 3303 1 0 1
-1.78231 2.45966 25.4558 -3.05253 5.11888 57.4559 -1.59838 -13 3304 1 0 1
0.624368 -1.32266 25.4558 -5.76959 -5.70905 73.013 -2.43893 -13 3305 1 0 1
-0.327638 -1.2245 25.4558 2.38509 -8.67746 53.6388 0.602483 -13 3306 1 0 1
4.25337 1.55082 25.4558 4.1775 -3.82856 79.1692 -0.745124 -13 3307 1 0 1
-0.478836 -0.475735 25.4558 -5.85276 2.60028 67.9079 0.583651 -13 3308 1 0 1
-3.61428 2.03789 25.4558 -7.51966 -2.83596 45.2879 -2.40329 -13 3309 1 0 1
1.45578 1.2803 25.4558 2.38764 9.19013 66.4595 0.453559 -13 3310 1 0 1
-2.09493 -1.94258 25.4558 -12.8455 -2.30768 67.8108 1.46084 -13 3311 1 0 1
2.13653 0.279208 25.4558 -1.17881 10.4115 75.4199 0.398743 -13 3312 1 0 1
1.29216 -0.248963 25.4558 9.48585 3.78877 55.3412 1.4695 -13 3313 1 0 1
0.0736693 1.9674 25.4558 6.85073 3.84803 40.6175 -1.30848 -13 3314 1 0 1
-1.57276 0.0278129 25.4558 -6.10007 2.00154 62.2256 -0.204622 -13 3315 1 0 1
-2.60493 0.824763 25.4558 -6.10044 3.2859 52.4571 1.5475 -13 3317 1 0 1
3.7735 -0.756001 25.4558 11.223 -1.05412 67.4828 -0.907007 -13 3318 1 0 1
0.252064 -3.174 25.4558 -3.19174 -15.2446 67.0316 -1.0918 -13 3319 1 0 1
-1.12559 1.78335 25.4558 -3.59443 0.741394 60.4909 -0.244027 -13 3320 1 0 1
0.681951 2.9128 25.4558 2.9034 5.50646 61.1327 -1.14555 -13 3321 1 0 1
-0.844041 -2.41546 25.4558 -9.46308 -2.7696 67.6719 1.89362 -13 3322 1 0 1
0.896627 -1.35928 25.4558 -3.22923 -5.89997 72.2898 2.31536 -13 3323 1 0 1
0.279057 0.50729 25.4558 -16.2027 1.19273 77.1005 1.1109 -13 3324 1 0 1
-0.261209 2.07606 25.4558 -1.09925 1.96802 65.9621 -0.653311 -13 3325 1 0 1
2.24178 -1.23939 25.4558 6.10255 -6.06635 69.4709 -0.855693 -13 3326 1 0 1
-0.359751 0.783303 25.4558 -2.1319 0.171397 64.9617 0.919439 -13 3327 1 0 1
2.32413 -3.63098 25.4558 0.357605 -9.02506 73.8672 0.885121 -13 3328 1 0 1
-1.73619 -0.533449 25.4558 -12.1062 -3.67659 66.8577 -0.0140045 -13 3329 1 0 1
-2.13142 -3.06063 25.4558 -4.7411 -3.91359 56.4257 0.551149 -13 3330 1 0 1
0.122898 -0.90174 25.4558 -0.496042 -12.4672 62.3358 0.834174 -13 3331 1 0 1
0.0392398 -2.43072 25.4558 -0.603024 -8.43326 60.5781 1.09545 -13 3332 1 0 1
-1.80178 -1.11797 25.4558 -12.9867 10.0662 66.7549 0.918342 -13 3333 1 0 1
-0.75467 1.52588 25.4558 3.30895 -3.15428 51.2205 -1.92468 -13 3334 1 0 1
-4.80786 1.44678 25.4558 -11.155 -1.94312 50.3005 2.62879 -13 3335 1 0 1
1.54861 -2.23512 25.4558 2.69531 1.8924 69.9471 0.425612 -13 3336 1 0 1
0.437286 2.2945 25.4558 4.18811 5.78285 58.173 -1.16201 -13 3337 1 0 1
-0.0671528 0.830506 25.4558 -1.34667 9.51891 62.927 -2.02929 -13 3338 1 0 1
-0.973889 -2.44582 25.4558 2.85105 -3.23516 48.1811 -1.74344 -13 3339 1 0 1
2.64148 -2.67543 25.4558 11.9791 3.00919 58.1939 -0.475492 -13 3340 1 0 1
-3.15847 -1.03073 25.4558 -7.75916 1.82006 53.6619 -0.271892 -13 3341 1 0 1
-0.526376 -0.547568 25.4558 -9.93549 -1.04287 72.479 0.078613 -13 3342 1 0 1
1.14604 0.275294 25.4558 0.680061 -6.85081 70.6179 1.4558 -13 3343 1 0 1
-1.0453 -2.07551 25.4558 -6.04903 -0.698932 63.2375 -1.80873 -13 3344 1 0 1
-0.877392 -0.178319 25.4558 -12.321 -7.91709 72.7739 1.09101 -13 3346 1 0 1
-6.69269 -0.578888 25.4558 -21.295 -2.74724 52.3802 -0.469626 -13 3347 1 0 1
-0.418401 -0.397845 25.4558 -0.035628 -3.58497 61.0089 -1.44656 -13 3348 1 0 1
-2.78268 0.185511 25.4558 -10.3985 -3.24025 59.2973 2.04252 -13 3349 1 0 1
0.339972 3.63045 25.4558 -0.511873 2.8012 65.2238 -1.17139 -13 3350 1 0 1
1.45375 -1.40288 25.4558 -0.233841 -2.71206 71.4656 -0.391942 -13 3351 1 0 1
2.09196 -2.60903 25.4558 7.45527 -1.22487 64.4533 -1.67486 -13 3352 1 0 1
0.106789 3.54962 25.4558 -4.25195 8.70384 69.2273 -1.06219 -13 3353 1 0 1
0.297359 3.30595 25.4558 -0.651782 5.1423 66.4443 -0.752738 -13 3354 1 0 1
1.88984 0.225538 25.4558 -9.05782 -5.48434 79.2943 -0.98506 -13 3355 1 0 1
-3.87917 -1.33802 25.4558 -13.3514 -11.7647 56.873 -1.09868 -13 3356 1 0 1
-1.99182 0.517411 25.4558 -4.52171 1.2827 56.5337 -0.0268847 -13 3357 1 0 1
2.21899 4.49855 25.4558 2.65972 18.0885 70.598 1.38327 -13 3358 1 0 1
2.67352 -11.0842 25.4558 6.67092 -21.1487 34.197 0.0322818 -13 3359 1 0 1
-0.916301 0.836905 25.4558 0.474316 2.7364 55.1915 -0.929063 -13 3360 1 0 1
0.337963 -2.62267 25.4558 3.50314 -6.46007 56.5254 -0.684666 -13 3361 1 0 1
3.88622 0.263426 25.4558 9.8661 2.9375 68.9678 0.236397 -13 3362 1 0 1
2.84907 -5.30925 25.4558 9.7663 -13.7334 55.4635 0.626378 -13 3363 1 0 1
1.19257 0.558878 25.4558 1.23327 -0.740239 68.4083 1.64712 -13 3364 1 0 1
3.5941 0.410017 25.4558 10.158 10.1263 64.2652 0.194029 -13 3365 1 0 1
-0.798441 -0.991128 25.4558 -11.1807 -1.12104 71.5902 0.740457 -13 3366 1 0 1
-0.492129 -0.915576 25.4558 2.52402 -1.04519 51.8521 -1.39709 -13 3367 1 0 1
0.146866 1.25482 25.4558 -10.1725 8.91465 74.0113 -1.24743 -13 3368 1 0 1
-1.70162 1.40649 25.4558 -16.8676 8.12101 73.0506 0.441227 -13 3369 1 0 1
0.561364 3.31607 25.4558 -0.0695085 15.2293 63.4074 0.557603 -13 3370 1 0 1
0.603286 4.25098 25.4558 4.84388 10.8409 43.2253 0.00987846 -13 3371 1 0 1
4.20324 -5.97011 25.4558 13.454 -9.78024 62.3439 0.866681 -13 3372 1 0 1
0.485166 0.769685 25.4558 2.24715 -7.81831 60.0628 -1.29327 -13 3373 1 0 1
-1.37834 0.0567557 25.4558 -12.8133 -1.50359 71.8143 -0.820523 -13 3374 1 0 1
1.83284 0.0868775 25.4558 4.57186 -7.86732 65.3 1.22368 -13 3375 1 0 1
-0.624322 -3.61882 25.4558 2.87147 -17.4649 53.1255 -2.98319 -13 3376 1 0 1
-2.52213 -6.19266 25.4558 -17.8824 -22.2499 66.4578 -0.553812 -13 3377 1 0 1
1.23542 0.64876 25.4558 -12.8666 11.5726 77.5116 1.93477 -13 3378 1 0 1
1.58944 -1.61314 25.4558 0.0922961 -7.79654 68.1641 -1.20299 -13 3379 1 0 1
0.388661 -3.82022 25.4558 -3.51435 -10.6134 69.3274 -1.3872 -13 3380 1 0 1
-1.36365 0.192879 25.4558 1.77025 4.29166 45.987 -0.698819 -13 3381 1 0 1
0.404994 0.647775 25.4558 -0.933653 2.55061 65.3609 -0.942724 -13 3382 1 0 1
-0.518802 -3.87987 25.4558 -2.4003 -8.72633 59.9682 0.319788 -13 3383 1 0 1
2.42812 -1.13174 25.4558 -3.77014 -2.17169 79.8289 0.98495 -13 3384 1 0 1
0.710033 -0.505553 25.4558 2.70566 -1.31417 62.06 3.47216 -13 3386 1 0 1
0.609198 -1.72603 25.4558 -2.63994 -15.1563 67.475 -2.07222 -13 3387 1 0 1
-2.85757 3.43176 25.4558 -16.4306 2.46505 66.8016 0.0145983 -13 3388 1 0 1
-1.2411 -1.66977 25.4558 0.103904 2.51919 33.38 -0.88491 -13 3389 1 0 1
-0.720623 -2.82381 25.4558 1.12173 -9.22043 51.1184 -0.765822 -13 3390 1 0 1
-1.86732 -1.32592 25.4558 -3.97939 -4.60409 55.012 1.39678 -13 3391 1 0 1
1.35949 3.05707 25.4558 5.71971 0.479095 64.1143 2.51858 -13 3392 1 0 1
2.97246 1.24622 25.4558 6.9605 7.14383 68.2361 1.56203 -13 3393 1 0 1
-1.13936 0.800946 25.4558 3.11742 5.65416 39.4154 0.669229 -13 3394 1 0 1
-1.34126 1.16987 25.4558 -8.36867 2.33223 65.1556 -0.440669 -13 3395 1 0 1
-0.605123 4.44569 25.4558 -0.648475 5.55456 55.31 1.66481 -13 3396 1 0 1
0.909529 -3.13515 25.4558 -0.676032 0.348016 71.0585 0.501483 -13 3397 1 0 1
0.901727 0.442544 25.4558 4.71206 0.563984 62.9607 -0.817349 -13 3398 1 0 1
0.392941 2.78726 25.4558 1.32735 4.06018 57.3194 -1.3543 -13 3399 1 0 1
1.29069 2.47863 25.4558 -3.12605 5.61331 74.8073 0.285535 -13 3400 1 0 1
-2.75215 -0.244833 25.4558 -0.994199 -1.47965 41.6402 -1.36037 -13 3401 1 0 1
1.05552 -0.890504 25.4558 5.52558 -5.18491 53.8344 1.12667 -13 3402 1 0 1
1.97734 3.43544 25.4558 -0.349438 12.1679 73.3779 1.1463 -13 3403 1 0 1
0.814038 -4.22898 25.4558 8.01543 -8.84506 43.9274 0.0900231 -13 3404 1 0 1
4.11115 4.72983 25.4558 15.8842 11.1808 52.7493 0.352292 -13 3405 1 0 1
-0.049539 0.86839 25.4558 -0.824895 5.15081 64.1576 0.268252 -13 3406 1 0 1
0.436822 2.10493 25.4558 -10.3664 14.4273 74.0637 -0.909656 -13 3407 1 0 1
0.99361 3.0398 25.4558 0.878301 3.97683 67.3424 0.40871 -13 3408 1 0 1
1.96568 0.315144 25.4558 3.36986 3.72543 68.6562 0.163757 -13 3409 1 0 1
4.15405 -5.05865 25.4558 14.476 -11.915 57.9614 -1.53319 -13 3410 1 0 1
-0.910367 0.789643 25.4558 -4.6878 9.61059 61.2504 2.20227 -13 3411 1 0 1
2.52115 -3.3069 25.4558 -6.17379 -2.4422 80.1416 0.519775 -13 3412 1 0 1
-0.515537 -1.42831 25.4558 -1.69275 -7.96232 62.555 0.121985 -13 3413 1 0 1
-1.51998 1.30105 25.4558 -21.5934 7.46207 74.7072 0.275741 -13 3414 1 0 1
-7.40189 0.873206 25.4558 -18.0521 3.62327 41.9983 1.27729 -13 3415 1 0 1
4.67036 2.01929 25.4558 15.4461 5.27684 60.9645 -0.501682 -13 3416 1 0 1
-3.18571 -2.11219 25.4558 -7.95161 -5.69985 54.9841 -1.29327 -13 3417 1 0 1
-0.677772 2.36896 25.4558 -2.04816 -9.11778 59.88 -0.994147 -13 3418 1 0 1
0.830731 -2.11978 25.4558 5.8908 -6.83592 58.7691 0.201257 -13 3419 1 0 1
1.76247 0.977976 25.4558 1.59657 7.91711 70.038 1.64842 -13 3420 1 0 1
-2.13834 -0.0156982 25.4558 -0.838751 -7.03637 50.0287 0.960448 -13 3421 1 0 1
-0.998827 -2.4089 25.4558 2.72037 1.10665 39.4113 0.761427 -13 3423 1 0 1
-3.07115 -1.01358 25.4558 -11.7349 -8.45163 58.6534 3.09523 -13 3424 1 0 1
-1.09673 0.296564 25.4558 -6.96104 -3.86933 66.9632 1.45798 -13 3425 1 0 1
4.03364 -1.17155 25.4558 12.9689 -3.16923 64.1861 0.463312 -13 3426 1 0 1
-0.566379 2.47743 25.4558 -1.52611 3.6158 59.9637 0.403823 -13 3427 1 0 1
-2.06191 0.378525 25.4558 -5.65709 2.13185 55.7612 0.204578 -13 3428 1 0 1
2.24481 2.16707 25.4558 11.5586 6.6549 56.5183 1.24516 -13 3429 1 0 1
-1.23856 3.36422 25.4558 -5.41862 0.411032 61.2128 0.442709 -13 3430 1 0 1
-5.9358 4.18011 25.4558 -3.55937 2.01915 13.5594 -0.251859 -13 3431 1 0 1
-2.73087 1.66211 25.4558 -16.7979 -0.648642 68.4056 1.7158 -13 3432 1 0 1
0.659851 -0.901932 25.4558 4.93821 -7.93481 60.3214 -0.263373 -13 3433 1 0 1
2.94214 3.35591 25.4558 6.90305 5.71536 68.0059 1.89649 -13 3434 1 0 1
-3.97894 -0.58959 25.4558 -13.8459 8.20984 55.9074 -0.277041 -13 3435 1 0 1
0.0939595 0.972812 25.4558 -7.52893 1.27758 72.8373 1.53592 -13 3436 1 0 1
-1.96568 2.0355 25.4558 -14.1868 3.21573 68.8981 -0.80476 -13 3437 1 0 1
-0.763494 2.76977 25.4558 -3.88074 8.09451 65.0527 2.25674 -13 3438 1 0 1
-2.88523 -3.22253 25.4558 -3.9631 -10.7908 45.8974 -1.83329 -13 3439 1 0 1
0.792126 -0.200799 25.4558 6.03312 -3.9337 58.0822 -0.26001 -13 3440 1 0 1
-3.30305 1.18283 25.4558 -11.2447 -0.850028 59.9524 1.78275 -13 3441 1 0 1
-0.534109 -2.23794 25.4558 -1.07802 -2.9882 59.6866 -1.56245 -13 3442 1 0 1
-5.44712 -3.80811 25.4558 -16.809 -4.12093 55.3477 -1.71202 -13 3444 1 0 1
1.33438 -4.23336 25.4558 6.89432 -12.9976 58.6055 3.2519 -13 3445 1 0 1
0.828249 -0.311857 25.4558 6.269 10.3779 56.2964 0.513034 -13 3446 1 0 1
0.434338 1.93026 25.4558 -0.741112 4.51698 66.1572 2.06059 -13 3447 1 0 1
-1.36217 0.291899 25.4558 1.13726 -1.25361 43.2448 2.3026 -13 3448 1 0 1
1.47364 4.46138 25.4558 -3.80761 13.359 73.7429 1.1364 -13 3449 1 0 1
-1.02607 0.287404 25.4558 -10.3301 -0.428197 70.3308 -1.09594 -13 3451 1 0 1
0.577597 2.59356 25.4558 5.30255 3.6297 50.3764 -0.606911 -13 3452 1 0 1
-2.3289 0.0276232 25.4558 -3.09276 5.07179 50.8085 -1.62429 -13 3453 1 0 1
-0.106308 0.871366 25.4558 -2.00667 -13.1432 64.5275 -0.692715 -13 3454 1 0 1
-0.32589 -5.60692 25.4558 -0.137215 -22.652 55.8872 0.331735 -13 3455 1 0 1
0.0728006 -2.13632 25.4558 -6.88444 -14.0455 69.7153 -0.36453 -13 3456 1 0 1
-1.17389 -0.284614 25.4558 -3.71249 -3.62552 60.7882 0.275353 -13 3457 1 0 1
2.52623 1.03503 25.4558 6.4417 -3.17698 66.884 1.87408 -13 3458 1 0 1
-1.12328 1.03783 25.4558 -11.8227 8.03196 70.3379 1.53645 -13 3459 1 0 1
-0.394946 1.46303 25.4558 -1.7814 3.50747 59.4304 -1.16899 -13 3460 1 0 1
-1.25726 -1.13781 25.4558 -18.5536 -3.80542 75.2348 1.30844 -13 3461 1 0 1
2.54272 -1.93655 25.4558 11.8652 -2.19193 47.0683 -0.330295 -13 3462 1 0 1
0.416963 -1.8234 25.4558 -3.47894 -2.60499 67.462 0.815216 -13 3463 1 0 1
1.24807 0.170595 25.4558 7.93105 -2.28495 57.5392 -1.39293 -13 3464 1 0 1
1.68785 -3.44954 25.4558 5.29353 -1.56057 61.0849 1.22364 -13 3465 1 0 1
-1.58031 0.151309 25.4558 0.663925 0.76231 32.3134 -1.02875 -13 3466 1 0 1
1.85783 1.99995 25.4558 -7.37394 8.96726 79.5834 -0.572586 -13 3467 1 0 1
-0.329645 -0.41676 25.4558 -0.892508 -1.35807 61.2723 -2.30104 -13 3468 1 0 1
3.3051 -2.11074 25.4558 14.8568 -2.17106 56.41 2.13128 -13 3470 1 0 1
-4.65067 0.663857 25.4558 -8.39121 3.92531 43.6685 0.25384 -13 3471 1 0 1
0.685317 1.52599 25.4558 5.63007 -0.643409 45.5856 1.73759 -13 3472 1 0 1
-2.00755 0.380246 25.4558 -8.88945 5.78036 62.7309 -0.268973 -13 3473 1 0 1
5.21743 4.83661 25.4558 17.7018 10.231 58.8232 1.1841 -13 3474 1 0 1
-2.48327 -2.85748 25.4558 -2.99863 -5.80548 50.6153 -0.113 -13 3475 1 0 1
-0.862324 -0.673648 25.4558 3.14195 1.05201 40.7945 -0.185 -13 3477 1 0 1
1.21266 -0.480362 25.4558 5.71591 3.01216 61.0346 -0.91763 -13 3478 1 0 1
0.154369 0.900942 25.4558 -0.507895 3.51045 65.9719 0.897434 -13 3480 1 0 1
1.61722 3.23217 25.4558 6.75809 9.20723 61.5508 2.0436 -13 3481 1 0 1
3.33102 -6.50273 25.4558 12.7491 -14.0102 53.8691 -0.016408 -13 3482 1 0 1
-2.99802 -2.35804 25.4558 -10.9208 -12.2532 59.9559 -0.953984 -13 3483 1 0 1
-0.450163 -1.09436 25.4558 3.52407 -0.00632674 43.6375 0.788133 -13 3484 1 0 1
-0.693954 1.34378 25.4558 -10.3477 12.7045 71.044 0.795219 -13 3485 1 0 1
0.489927 0.550251 25.4558 -2.2714 6.69973 69.6856 -0.326682 -13 3486 1 0 1
-5.29876 2.23568 25.4558 -9.18762 2.29144 38.5239 -0.52483 -13 3487 1 0 1
1.84907 -1.21729 25.4558 -3.32934 -2.35826 77.8804 -1.23149 -13 3488 1 0 1
-3.60967 -2.54683 25.4558 -11.0785 -9.61558 55.751 0.00866557 -13 3489 1 0 1
0.429299 -1.83377 25.4558 -12.4335 9.18997 76.613 -1.14199 -13 3491 1 0 1
-1.83041 -0.127836 25.4558 -11.301 -4.74461 67.2601 -1.36169 -13 3492 1 0 1
-0.332076 -3.51693 25.4558 -2.56934 -2.28478 62.9121 -0.710305 -13 3493 1 0 1
-2.97441 3.47229 25.4558 -10.1621 7.30327 59.6673 -0.0546583 -13 3494 1 0 1
-0.496857 1.23549 25.4558 -3.79248 -5.61257 65.5092 0.188589 -13 3495 1 0 1
2.33153 0.154345 25.4558 3.59299 1.97277 73.3005 -2.24599 -13 3496 1 0 1
-1.08979 1.30636 25.4558 -4.13865 6.29133 62.5488 -1.24491 -13 3497 1 0 1
2.4553 2.29561 25.4558 11.395 2.13875 48.8767 -0.50294 -13 3498 1 0 1
2.2918 -3.1269 25.4558 8.65952 -4.21712 65.007 -0.793758 -13 3499 1 0 1
0.809989 -0.796122 25.4558 4.30609 -0.248784 59.3005 -0.0309283 -13 3500 1 0 1
2.20764 1.60595 25.4558 -0.652506 7.64169 75.1717 0.70977 -13 3501 1 0 1
0.649963 2.89656 25.4558 6.05598 2.12103 54.7938 -2.69705 -13 3502 1 0 1
-0.95851 1.3916 25.4558 0.859388 15.2935 57.2649 -0.726277 -13 3503 1 0 1
0.227898 -2.2765 25.4558 -1.64156 -5.36202 66.3067 0.0750893 -13 3504 1 0 1
-0.369585 0.385558 25.4558 -15.3118 4.87487 75.8616 -2.25945 -13 3505 1 0 1
0.387724 3.85657 25.4558 -5.70584 21.1467 68.9592 -0.666085 -13 3506 1 0 1
1.65512 -1.38677 25.4558 2.71466 -6.04064 66.6892 -0.192525 -13 3507 1 0 1
0.662174 1.32928 25.4558 3.15785 5.94904 62.4211 -0.573762 -13 3508 1 0 1
0.592387 0.149413 25.4558 -5.08447 -4.63537 72.9512 2.37001 -13 3509 1 0 1
1.14417 2.47385 25.4558 2.30942 2.67169 65.5912 1.30834 -13 3510 1 0 1
0.776752 0.0620172 25.4558 1.27552 0.305569 64.7909 0.961663 -13 3511 1 0 1
-1.00832 -1.97763 25.4558 0.158402 -1.73072 59.2865 -0.178209 -13 3512 1 0 1
-0.223316 3.63583 25.4558 -2.8643 12.741 65.3848 1.05282 -13 3513 1 0 1
-2.5025 0.842068 25.4558 -12.2191 5.68957 63.5287 0.928886 -13 3514 1 0 1
-1.61362 0.424104 25.4558 -6.83261 3.52328 62.3307 0.892983 -13 3515 1 0 1
-1.78631 -1.85273 25.4558 -5.0377 -15.3763 55.7817 -0.784147 -13 3517 1 0 1
3.17073 -1.30955 25.4558 5.93911 -4.65337 71.6738 0.269084 -13 3518 1 0 1
1.97069 1.2269 25.4558 6.59587 -2.73426 64.683 -0.770237 -13 3520 1 0 1
-1.00278 1.34913 25.4558 -2.4871 -2.59054 58.8894 -0.579877 -13 3521 1 0 1
-4.38387 -3.49281 25.4558 -14.8903 -14.7306 54.2364 -0.688031 -13 3522 1 0 1
-1.23795 -2.58444 25.4558 -0.916557 -2.28224 54.3005 -0.293764 -13 3523 1 0 1
2.57646 2.38565 25.4558 6.70031 8.6551 67.8262 -0.0623891 -13 3524 1 0 1
-0.0179791 0.285164 25.4558 -3.19465 -9.68708 66.1549 4.09129 -13 3525 1 0 1
-2.38743 2.00108 25.4558 -13.2077 5.0855 65.0833 2.01539 -13 3526 1 0 1
-3.1488 -1.57678 25.4558 -5.71953 7.48987 48.9332 2.78839 -13 3527 1 0 1
-0.916146 2.26431 25.4558 -9.4429 11.2422 68.678 -0.781348 -13 3528 1 0 1
-4.33867 0.295983 25.4558 -9.77571 -3.25974 47.3994 0.358004 -13 3529 1 0 1
2.27479 -1.38201 25.4558 3.87831 -6.57647 68.7334 0.0340076 -13 3530 1 0 1
5.15156 4.49638 25.4558 16.6725 19.1374 63.105 -1.80523 -13 3531 1 0 1
0.690657 -0.353892 25.4558 5.92686 3.10619 49.7887 -0.0753696 -13 3532 1 0 1
0.0810518 0.916273 25.4558 -4.30242 5.75102 69.2451 1.24636 -13 3533 1 0 1
1.42747 -2.42457 25.4558 4.04152 -7.96036 63.1706 -2.02272 -13 3534 1 0 1
-3.66091 -2.68375 25.4558 -8.61626 -11.3923 48.2386 -0.577284 -13 3535 1 0 1
1.21621 -3.28626 25.4558 -0.0302423 -4.02769 69.0183 -1.94877 -13 3536 1 0 1
-2.09705 0.995533 25.4558 -5.48909 -3.5091 60.2981 -0.601775 -13 3537 1 0 1
-1.28385 -1.32199 25.4558 -11.4377 -12.7216 68.7096 -0.757872 -13 3538 1 0 1
-3.55392 -1.00299 25.4558 -12.8438 -2.12093 58.1529 -1.10271 -13 3539 1 0 1
-1.81075 3.87833 25.4558 -0.528848 12.5356 41.8654 2.45415 -13 3540 1 0 1
-0.0898946 2.74133 25.4558 1.97655 11.721 54.0737 -0.86987 -13 3541 1 0 1
0.990451 2.24765 25.4558 10.02 3.75785 40.3544 0.0207602 -13 3542 1 0 1
-0.621026 -0.90371 25.4558 0.595707 0.0769899 56.8294 -2.18872 -13 3543 1 0 1
-3.325 0.674529 25.4558 -6.56739 0.452961 53.5936 -0.0679033 -13 3544 1 0 1
-2.68876 4.33292 25.4558 -10.8992 15.5978 58.4761 1.79074 -13 3545 1 0 1
-0.0665139 0.305979 25.4558 4.50733 2.51231 57.2766 -1.7879 -13 3546 1 0 1
-1.55197 -2.2531 25.4558 -6.21896 -11.1121 60.1267 1.20822 -13 3547 1 0 1
0.256122 -2.57095 25.4558 3.5372 -6.0245 51.7857 0.989534 -13 3548 1 0 1
2.16871 0.38801 25.4558 8.82848 4.94405 59.5887 -0.734446 -13 3549 1 0 1
2.15361 -1.67129 25.4558 5.45735 -0.880815 70.5271 0.734094 -13 3550 1 0 1
-0.579142 -1.04229 25.4558 1.42572 -4.21721 55.5579 -2.02958 -13 3551 1 0 1
-2.28828 0.353822 25.4558 -14.1939 8.57619 68.6708 -1.60495 -13 3552 1 0 1
1.74411 -4.30317 25.4558 -3.9422 -10.1196 77.0128 0.822369 -13 3553 1 0 1
0.410827 -2.91128 25.4558 -2.95004 -10.2706 68.636 -0.387039 -13 3554 1 0 1
-2.91003 -2.17306 25.4558 -10.5753 2.00633 62.0281 -1.54573 -13 3555 1 0 1
1.73582 -0.729678 25.4558 4.04888 5.33059 69.0441 -1.36148 -13 3556 1 0 1
-3.74758 -4.45943 25.4558 -7.25334 -9.78873 44.2773 1.59615 -13 3557 1 0 1
-1.64876 -2.09998 25.4558 -1.55738 -0.094282 54.3628 1.74028 -13 3558 1 0 1
0.344679 -2.81883 25.4558 -6.37889 -13.9743 69.2275 2.18762 -13 3559 1 0 1
-2.1759 4.41958 25.4558 -14.6423 14.3645 68.0086 0.884432 -13 3560 1 0 1
0.801137 2.40735 25.4558 -16.2718 3.09009 78.1088 -0.665861 -13 3561 1 0 1
1.67647 -2.61232 25.4558 1.59712 2.91876 68.9122 1.19184 -13 3562 1 0 1
-1.24319 0.0410921 25.4558 -2.5649 2.94686 53.1667 0.668315 -13 3563 1 0 1
1.93764 0.635164 25.4558 4.56819 -6.02293 67.4134 -0.82234 -13 3564 1 0 1
-0.246092 -0.640965 25.4558 -5.24181 -5.13417 69.3205 1.73145 -13 3565 1 0 1
-1.36464 2.38604 25.4558 -10.2329 4.11129 68.2249 1.50391 -13 3566 1 0 1
-7.74913 1.77153 25.4558 -25.6275 6.32792 48.9585 0.0106376 -13 3567 1 0 1
1.17263 1.68057 25.4558 5.84105 2.53696 59.8851 -0.0947521 -13 3568 1 0 1
3.04872 0.346473 25.4558 3.26667 -1.35901 76.0594 -1.53832 -13 3569 1 0 1
-1.9089 4.75824 25.4558 -12.8428 11.2195 67.552 0.5937 -13 3570 1 0 1
0.16564 -0.498889 25.4558 -4.4869 -0.501979 69.7862 0.512448 -13 3571 1 0 1
-0.000226721 0.279962 25.4558 -19.012 3.27811 78.1074 0.458802 -13 3572 1 0 1
1.88593 -7.31273 25.4558 9.98886 -17.8927 47.9875 0.620886 -13 3574 1 0 1
-1.61845 -4.44132 25.4558 -3.04585 -11.4881 49.8567 1.72799 -13 3575 1 0 1
-1.32103 1.89874 25.4558 -11.47 -0.111525 68.5583 1.11962 -13 3576 1 0 1
1.19582 4.11173 25.4558 9.22563 16.0386 56.1764 -1.94836 -13 3577 1 0 1
-0.321568 -0.488253 25.4558 -6.97605 2.46345 68.3084 0.0346915 -13 3578 1 0 1
-1.51083 0.465483 25.4558 1.53371 -1.95278 39.187 0.523039 -13 3579 1 0 1
3.64963 2.18857 25.4558 10.761 8.27076 69.708 0.918966 -13 3580 1 0 1
2.91841 -0.2174 25.4558 -1.05575 -13.426 79.6898 -0.598681 -13 3581 1 0 1
-0.17545 0.748083 25.4558 3.37676 -5.46868 56.1719 0.475485 -13 3582 1 0 1
0.956109 1.81498 25.4558 -4.31754 4.23546 72.4625 0.760598 -13 3583 1 0 1
-0.793096 0.302495 25.4558 -4.44543 5.20171 62.4093 -0.69148 -13 3584 1 0 1
0.0448968 0.0996146 25.4558 -3.32292 -3.33703 68.2256 1.71723 -13 3585 1 0 1
2.16344 2.79586 25.4558 -4.66616 12.3484 77.538 -1.19481 -13 3586 1 0 1
-1.51248 0.672642 25.4558 -14.1324 -11.9084 71.238 0.438971 -13 3587 1 0 1
-0.440172 3.61822 25.4558 1.29617 4.37113 52.4513 -1.45181 -13 3588 1 0 1
-1.38479 0.189255 25.4558 -5.51908 -4.61754 62.8853 2.38839 -13 3589 1 0 1
-2.35958 -0.0319791 25.4558 -12.6367 -13.213 65.1205 0.772267 -13 3590 1 0 1
-0.467371 -0.113371 25.4558 -8.36923 -1.16283 72.1209 -0.318563 -13 3591 1 0 1
0.30505 -2.19747 25.4558 -13.2836 -11.7543 77.9805 -0.745909 -13 3592 1 0 1
-1.0363 -1.82277 25.4558 -0.0367796 -3.34509 45.0065 1.12214 -13 3593 1 0 1
4.06101 2.60302 25.4558 15.8378 -0.027064 62.3942 0.441611 -13 3594 1 0 1
1.69102 4.70309 25.4558 7.10383 1.85822 51.0127 0.478056 -13 3595 1 0 1
-2.23469 0.536987 25.4558 -8.24064 -6.58358 60.508 1.2189 -13 3596 1 0 1
-1.29695 0.523897 25.4558 3.01466 3.10952 40.5843 0.733011 -13 3597 1 0 1
1.66187 1.93583 25.4558 1.75711 9.69032 69.0099 1.48621 -13 3598 1 0 1
2.28839 -1.13475 25.4558 2.09179 -1.00979 71.9322 2.05012 -13 3599 1 0 1
-2.28853 0.303469 25.4558 -4.28189 -1.15088 56.0457 0.290687 -13 3600 1 0 1
0.54322 0.506137 25.4558 -3.05016 -1.75462 70.9436 -0.87074 -13 3601 1 0 1
-4.49105 -6.30564 25.4558 -12.251 -7.0618 50.2874 -0.0841821 -13 3602 1 0 1
2.07706 -1.39649 25.4558 7.91451 -6.03033 63.3967 0.0417594 -13 3603 1 0 1
2.66787 1.54058 25.4558 7.31126 14.2707 67.4746 -0.506687 -13 3604 1 0 1
0.178557 -3.98707 25.4558 -9.7963 -16.0135 73.0615 1.49021 -13 3605 1 0 1
0.412891 -5.01838 25.4558 0.384474 -7.84236 62.7213 0.525365 -13 3606 1 0 1
3.02926 1.16903 25.4558 9.00683 -8.71368 63.7552 2.52153 -13 3607 1 0 1
-1.61182 3.67284 25.4558 -9.21682 7.66427 62.2048 -0.289223 -13 3608 1 0 1
2.35637 -0.959473 25.4558 -2.6124 7.17677 75.132 -1.74654 -13 3609 1 0 1
2.90218 2.24785 25.4558 8.35558 4.10968 67.0152 1.15531 -13 3610 1 0 1
-0.349746 -2.04906 25.4558 4.44268 -8.9157 49.0306 0.17043 -13 3611 1 0 1
1.39742 2.0009 25.4558 2.07899 11.9934 64.8032 0.199033 -13 3612 1 0 1
-0.0683082 -0.246573 25.4558 -8.35016 13.4858 72.7066 0.718247 -13 3613 1 0 1
1.27281 -3.48958 25.4558 0.954434 -8.11413 70.2695 -0.544038 -13 3614 1 0 1
3.55725 1.77174 25.4558 5.46276 -2.85952 75.4915 0.947527 -13 3615 1 0 1
2.13958 1.16465 25.4558 -1.68815 -10.6348 74.7002 -0.654514 -13 3616 1 0 1
2.57176 -2.00908 25.4558 8.0279 0.283949 64.2033 2.87975 -13 3617 1 0 1
0.110085 -2.73352 25.4558 -2.70741 -9.80904 67.8433 -0.0244979 -13 3618 1 0 1
2.73673 -0.426999 25.4558 10.7733 3.9048 62.637 -0.674066 -13 3619 1 0 1
0.062878 2.05837 25.4558 4.89741 5.47344 58.3661 -1.59913 -13 3620 1 0 1
-1.60037 1.06895 25.4558 -8.0227 2.35021 64.6097 0.1609 -13 3621 1 0 1
-1.18815 2.48011 25.4558 -12.27 4.29551 70.6357 -0.126963 -13 3622 1 0 1
-2.91939 4.33781 25.4558 -4.37466 14.9966 49.9446 -0.681682 -13 3623 1 0 1
1.31385 -0.423977 25.4558 4.26299 -0.21464 61.0648 1.71388 -13 3624 1 0 1
0.598958 -1.31558 25.4558 -16.5153 6.46854 76.8781 0.572263 -13 3625 1 0 1
2.42553 -1.95803 25.4558 8.31593 0.190217 65.7474 -1.48259 -13 3626 1 0 1
0.0233558 -3.31629 25.4558 5.17786 -1.28153 53.6703 0.183807 -13 3627 1 0 1
-1.15298 -2.11082 25.4558 0.399038 -4.76117 46.2438 1.39959 -13 3628 1 0 1
2.23346 0.901425 25.4558 0.542983 2.20594 75.2024 0.70422 -13 3629 1 0 1
-4.85234 0.824442 25.4558 -8.40444 1.23226 41.905 -0.188328 -13 3631 1 0 1
0.266212 -0.600451 25.4558 3.94481 -4.94681 49.2536 0.646685 -13 3632 1 0 1
2.26127 -0.858368 25.4558 3.90259 -3.72183 71.6713 0.607607 -13 3634 1 0 1
2.8033 -1.19491 25.4558 0.442253 7.83909 74.981 1.30805 -13 3635 1 0 1
-2.41367 -0.781333 25.4558 -11.9333 2.18062 64.5349 -2.34233 -13 3639 1 0 1
-5.03848 -0.119467 25.4558 -20.0366 -6.8119 59.0725 1.53051 -13 3640 1 0 1
-0.150794 1.82436 25.4558 4.97667 7.60387 51.4793 0.944797 -13 3641 1 0 1
1.46583 -2.42676 25.4558 0.335733 -11.354 69.1347 0.124598 -13 3642 1 0 1
-3.96825 -1.83715 25.4558 -22.973 2.13823 66.5385 0.512289 -13 3643 1 0 1
2.0054 -1.83142 25.4558 9.89629 -2.57683 53.6319 -0.96471 -13 3644 1 0 1
1.58931 0.201067 25.4558 4.17915 -2.70633 65.8434 -0.854304 -13 3645 1 0 1
-4.93242 1.2452 25.4558 -17.2359 13.2815 55.2226 1.62798 -13 3647 1 0 1
-2.29236 -1.16815 25.4558 -12.4258 -8.11953 67.4745 0.388568 -13 3648 1 0 1
-1.5765 1.11925 25.4558 -2.64265 3.63447 58.2052 1.07517 -13 3649 1 0 1
-1.52058 -3.36741 25.4558 -11.3091 -9.95941 67.519 0.810138 -13 3650 1 0 1
-1.44111 2.35015 25.4558 1.97656 3.71704 43.4977 -0.196047 -13 3651 1 0 1
-4.56511 -1.78613 25.4558 -21.8757 -0.299745 62.1079 -0.562836 -13 3652 1 0 1
0.465736 0.0892266 25.4558 0.962908 5.35847 66.7217 -1.2371 -13 3653 1 0 1
-3.70033 -1.354 25.4558 -8.67271 8.0023 48.2862 -1.13704 -13 3654 1 0 1
-0.788816 1.41276 25.4558 2.85243 -4.40744 54.2559 -0.468227 -13 3655 1 0 1
0.966431 2.22049 25.4558 6.05417 11.4214 57.78 -1.53438 -13 3656 1 0 1
-1.10098 -0.589509 25.4558 -1.06108 0.478124 55.9808 -0.790316 -13 3657 1 0 1
0.567194 3.06126 25.4558 -5.22364 6.63394 71.2075 1.1835 -13 3658 1 0 1
-0.0861383 -5.14147 25.4558 -0.64791 -5.2041 61.409 0.632756 -13 3659 1 0 1
1.36029 2.59454 25.4558 2.64173 4.31882 67.7999 1.09077 -13 3660 1 0 1
-3.20062 1.24747 25.4558 -10.2514 4.97317 57.1459 0.662223 -13 3661 1 0 1
0.965748 1.07497 25.4558 4.27073 -3.09413 64.9224 0.692197 -13 3662 1 0 1
0.125751 3.51721 25.4558 -0.907565 12.2228 62.9938 1.2268 -13 3663 1 0 1
-2.32798 -4.03296 25.4558 -12.0863 -10.726 62.4627 -1.34234 -13 3664 1 0 1
0.489104 -0.680038 25.4558 2.85888 -9.47062 57.2772 -0.311013 -13 3665 1 0 1
0.662851 -3.62393 25.4558 6.83381 -6.19583 36.5978 -0.0602818 -13 3666 1 0 1
-2.65871 3.12883 25.4558 -8.91733 4.51606 58.1905 0.106468 -13 3667 1 0 1
-0.853627 0.0972575 25.4558 -1.75538 0.850557 60.3044 0.395227 -13 3668 1 0 1
0.0404747 -0.660427 25.4558 -9.74526 -0.104067 72.3542 -0.037898 -13 3669 1 0 1
0.486319 0.168981 25.4558 -1.56779 10.7727 65.0947 1.51895 -13 3670 1 0 1
-1.60873 -3.45236 25.4558 -9.94339 -16.1424 65.2152 1.13861 -13 3671 1 0 1
-0.528257 -1.27654 25.4558 -8.15567 -1.54571 69.2359 0.350584 -13 3672 1 0 1
-1.84583 -0.519838 25.4558 -9.49618 1.94017 62.6186 -0.583017 -13 3673 1 0 1
-1.60579 -2.03857 25.4558 -11.0165 -9.72558 66.7371 0.875487 -13 3674 1 0 1
-1.22891 -0.85837 25.4558 -2.36623 4.87607 61.6178 -0.956829 -13 3675 1 0 1
-3.23783 3.23631 25.4558 -16.7606 7.04792 66.0231 -0.534515 -13 3676 1 0 1
-2.76602 -0.661845 25.4558 -14.8159 -3.13024 66.2663 -0.344148 -13 3677 1 0 1
-0.820781 -0.572297 25.4558 -4.10834 1.67425 64.8058 0.00319501 -13 3678 1 0 1
-0.218712 -0.980423 25.4558 -0.934271 -10.1645 64.1278 1.17201 -13 3679 1 0 1
-2.71058 -3.66658 25.4558 -11.0978 -18.781 56.8278 -1.21429 -13 3680 1 0 1
-3.00734 3.86264 25.4558 -11.9031 6.07421 62.5668 1.52882 -13 3681 1 0 1
-0.787948 1.08786 25.4558 -10.8192 -0.853494 71.494 0.286481 -13 3682 1 0 1
-1.11306 -3.31871 25.4558 -7.77307 -7.54084 66.3932 -0.11868 -13 3683 1 0 1
-1.94954 -0.375044 25.4558 -7.83277 -5.36053 63.0431 2.09721 -13 3684 1 0 1
1.12607 -2.13521 25.4558 -0.699076 -0.0538483 68.5938 0.555204 -13 3685 1 0 1
-1.88929 -0.526049 25.4558 -9.32283 -6.00296 64.8073 -0.413896 -13 3686 1 0 1
-3.17578 -0.846988 25.4558 -10.2299 -3.07949 56.1972 -1.44164 -13 3687 1 0 1
-1.0993 3.91501 25.4558 3.34291 9.1981 33.8238 0.334338 -13 3689 1 0 1
1.10027 1.77387 25.4558 1.07867 -5.3239 65.4791 1.98313 -13 3690 1 0 1
-3.91948 -0.755155 25.4558 -3.93671 -1.9635 37.0009 0.158273 -13 3691 1 0 1
-2.7324 0.42565 25.4558 -9.34548 11.4261 56.3067 1.50848 -13 3692 1 0 1
3.3265 -1.08165 25.4558 8.22281 1.49958 70.451 0.0395417 -13 3693 1 0 1
-1.51422 -1.13737 25.4558 -6.66848 -1.79278 60.9862 1.22472 -13 3694 1 0 1
-0.79686 -2.45908 25.4558 -6.47185 -10.8012 65.2608 2.15657 -13 3695 1 0 1
1.81052 -1.90137 25.4558 -7.6465 -19.1418 76.2845 0.237875 -13 3696 1 0 1
5.51445 -1.91983 25.4558 10.5579 -2.64856 81.6078 -0.744433 -13 3697 1 0 1
1.55512 -1.2849 25.4558 2.22843 0.0200177 71.5721 1.0214 -13 3698 1 0 1
0.665181 -0.401311 25.4558 5.08659 -0.934324 62.7509 -1.49582 -13 3699 1 0 1
-0.614756 0.521427 25.4558 1.82666 -2.73009 52.8182 0.0943542 -13 3700 1 0 1
2.01288 -0.334318 25.4558 10.8496 4.53588 47.6858 0.337052 -13 3701 1 0 1
-2.13185 0.722707 25.4558 -5.62955 3.38472 59.1934 0.771094 -13 3702 1 0 1
0.359471 1.26959 25.4558 -2.19323 5.71508 69.0236 0.899363 -13 3703 1 0 1
0.460571 -1.36802 25.4558 -9.84862 -8.74407 75.6784 -0.882153 -13 3705 1 0 1
4.67507 1.20385 25.4558 6.03401 -6.73383 79.6919 -1.56485 -13 3706 1 0 1
-1.79843 0.667365 25.4558 -6.93175 4.81389 60.8174 2.03058 -13 3707 1 0 1
0.413334 -0.226457 25.4558 2.16529 2.40024 63.1484 3.68347 -13 3708 1 0 1
3.53134 -4.17891 25.4558 9.11217 -17.9188 67.1027 0.680479 -13 3709 1 0 1
3.36685 -0.961284 25.4558 3.5725 -5.68396 75.4347 1.55514 -13 3711 1 0 1
-0.929546 1.72731 25.4558 -6.77907 6.19624 66.5231 -0.499968 -13 3712 1 0 1
3.41553 -1.35341 25.4558 10.5809 -8.93998 68.053 -0.32847 -13 3713 1 0 1
0.00240504 -1.4575 25.4558 0.428299 -7.46257 62.2403 1.37045 -13 3714 1 0 1
1.58475 -1.8695 25.4558 6.98199 -7.09916 57.1068 -0.424474 -13 3715 1 0 1
-3.93421 2.82817 25.4558 -8.12575 1.76219 50.3104 0.156505 -13 3716 1 0 1
-1.79968 -0.434547 25.4558 -9.63102 -11.3222 63.355 2.43541 -13 3717 1 0 1
-0.240767 -0.77183 25.4558 2.23127 -9.02203 53.9164 -2.23148 -13 3718 1 0 1
-1.46631 -1.16433 25.4558 -4.09949 -3.11211 61.3319 1.79797 -13 3719 1 0 1
0.661236 2.39735 25.4558 -1.28053 10.5262 68.4614 2.70733 -13 3720 1 0 1
-1.74171 1.27 25.4558 -2.47594 2.06794 50.9881 2.6847 -13 3721 1 0 1
0.351673 1.92154 25.4558 2.54897 -2.32676 60.8475 -0.337894 -13 3722 1 0 1
-1.30348 0.104786 25.4558 -17.9347 10.3888 74.1041 0.523699 -13 3723 1 0 1
2.84992 -1.02986 25.4558 11.9968 -7.11736 56.5491 -0.0445443 -13 3724 1 0 1
1.20749 0.448027 25.4558 4.64058 0.519354 61.9071 0.0425306 -13 3725 1 0 1
-0.798324 0.380917 25.4558 -5.57625 -2.66127 66.7965 1.11954 -13 3726 1 0 1
-2.94686 -4.66305 25.4558 -12.0645 -1.64495 59.3787 -0.343091 -13 3727 1 0 1
0.491578 -1.7814 25.4558 -3.14472 -1.33581 70.3455 -0.904617 -13 3728 1 0 1
-0.633851 1.26276 25.4558 -6.90332 1.99576 68.5917 1.53007 -13 3729 1 0 1
0.911438 -3.82905 25.4558 -12.3822 -17.2895 76.0187 0.392302 -13 3730 1 0 1
0.183129 -4.11613 25.4558 1.7561 -12.8743 54.969 -0.677408 -13 3731 1 0 1
0.220582 0.657659 25.4558 5.02331 -4.02736 45.5521 -0.303357 -13 3732 1 0 1
0.901491 0.431134 25.4558 2.48111 0.848098 62.9748 1.25451 -13 3733 1 0 1
-1.05878 -2.32636 25.4558 -6.44032 -5.80378 63.7532 0.467583 -13 3734 1 0 1
2.2647 0.924515 25.4558 4.59895 -5.81041 68.4798 -0.498658 -13 3735 1 0 1
-1.88611 1.1892 25.4558 -7.40252 1.87249 59.4578 -0.268267 -13 3736 1 0 1
0.793412 -2.78409 25.4558 -14.6768 -4.87113 78.1322 -0.780726 -13 3738 1 0 1
2.32839 0.249992 25.4558 -3.54411 -5.09015 78.5526 2.48743 -13 3739 1 0 1
-3.40632 1.76863 25.4558 -6.08295 -2.91232 49.1198 0.190052 -13 3740 1 0 1
-0.813168 -2.148 25.4558 -12.9656 -8.49079 73.7681 -0.172956 -13 3741 1 0 1
0.424329 -3.04877 25.4558 0.250395 -13.1375 63.0303 0.617751 -13 3742 1 0 1
-1.40519 0.104908 25.4558 -9.15655 6.78532 65.275 1.20064 -13 3743 1 0 1
3.12275 -0.428341 25.4558 10.3512 2.86507 58.8858 -0.116001 -13 3744 1 0 1
-4.38816 2.33854 25.4558 -1.92505 2.95486 27.4051 1.76641 -13 3745 1 0 1
-2.58446 -1.81329 25.4558 -9.12178 -7.351 61.9897 -1.09819 -13 3746 1 0 1
-1.37235 -0.374777 25.4558 0.966538 -2.20529 50.1782 -1.92413 -13 3747 1 0 1
1.70141 -1.38411 25.4558 3.70376 0.401107 67.9917 -0.560015 -13 3748 1 0 1
-0.262401 2.67871 25.4558 0.0968769 1.14764 58.6235 -0.158698 -13 3749 1 0 1
-0.709418 -0.446467 25.4558 -2.38466 7.19572 60.638 -0.587474 -13 3750 1 0 1
-2.04442 -1.51725 25.4558 -5.74137 -4.97451 60.9174 0.313434 -13 3751 1 0 1
-4.56267 -2.22666 25.4558 -17.5314 -10.8336 56.7985 1.26006 -13 3752 1 0 1
-2.07267 0.997561 25.4558 -24.1574 4.67294 75.3881 0.706526 -13 3753 1 0 1
-2.60062 0.49972 25.4558 -19.7481 8.55903 70.3511 0.213068 -13 3754 1 0 1
0.0334967 -0.620101 25.4558 -7.00256 1.9536 69.2948 -0.95222 -13 3755 1 0 1
3.45948 2.51983 25.4558 -0.788856 7.8744 79.123 0.95425 -13 3756 1 0 1
3.76107 -2.88752 25.4558 13.3904 -2.36796 60.4832 -1.66098 -13 3757 1 0 1
-2.86164 0.515061 25.4558 -4.72346 1.66393 53.801 1.4821 -13 3758 1 0 1
1.90405 0.778171 25.4558 4.90902 4.45201 67.3314 -1.20128 -13 3759 1 0 1
-0.711089 2.3916 25.4558 3.20896 -0.420159 47.9139 1.19607 -13 3760 1 0 1
-0.91194 -1.43979 25.4558 -7.52399 -1.86958 67.6586 -0.659156 -13 3761 1 0 1
1.29447 3.48951 25.4558 -2.16404 11.7889 71.6555 0.551961 -13 3762 1 0 1
0.269918 -3.03163 25.4558 0.383175 -6.88503 64.6675 -1.2016 -13 3763 1 0 1
0.0044727 -0.896818 25.4558 -4.57953 9.0873 67.7966 0.137569 -13 3764 1 0 1
-1.92145 4.60183 25.4558 -8.64475 20.5982 61.5611 1.78101 -13 3765 1 0 1
0.67468 -0.654726 25.4558 5.28079 -8.64464 57.9258 0.103559 -13 3766 1 0 1
-3.09449 0.728863 25.4558 -18.1668 -7.27527 66.2459 -0.195922 -13 3767 1 0 1
0.847959 -4.00474 25.4558 5.80273 -3.06105 43.6514 -0.699248 -13 3768 1 0 1
-2.64958 -0.415456 25.4558 -4.01133 1.25077 51.3331 -1.44882 -13 3769 1 0 1
-1.28635 1.04555 25.4558 -3.16477 7.00258 62.0457 -2.35051 -13 3770 1 0 1
0.436626 0.655336 25.4558 3.15983 5.22009 60.6995 0.633489 -13 3771 1 0 1
0.0382455 -1.44247 25.4558 5.89939 -0.49816 54.1387 -0.379482 -13 3772 1 0 1
-2.40125 -4.59488 25.4558 -6.09206 -13.3686 56.0985 -0.780409 -13 3774 1 0 1
-3.20625 -2.75618 25.4558 -7.40872 -4.27999 55.9659 -0.263651 -13 3775 1 0 1
-0.0510235 -0.554166 25.4558 3.90297 -0.696413 49.5648 1.47036 -13 3776 1 0 1
-2.76066 -0.596401 25.4558 -12.0151 -5.7106 60.8883 1.40936 -13 3777 1 0 1
-0.651775 0.673117 25.4558 -11.6187 5.9611 72.4155 -0.552235 -13 3778 1 0 1
-0.378177 -1.39752 25.4558 1.41339 3.67056 54.3697 0.140029 -13 3779 1 0 1
0.930126 -1.7378 25.4558 6.22045 -8.25596 53.4584 0.812122 -13 3780 1 0 1
-1.28774 0.329136 25.4558 -3.43739 4.73725 58.4286 -0.915962 -13 3781 1 0 1
0.147218 -0.980808 25.4558 -3.72255 4.46725 68.5321 0.352851 -13 3782 1 0 1
0.168718 0.0812756 25.4558 -3.39118 -9.53265 67.0608 -0.86004 -13 3783 1 0 1
0.570625 0.491352 25.4558 3.01286 3.93126 64.4497 -1.55597 -13 3784 1 0 1
-0.838728 -1.27785 25.4558 -4.95939 0.987499 64.1068 -1.10506 -13 3785 1 0 1
-1.4974 -3.05425 25.4558 -9.78125 -5.94107 67.1472 -1.30839 -13 3786 1 0 1
1.02264 3.91737 25.4558 -2.95865 9.4943 73.2897 1.67037 -13 3787 1 0 1
1.42898 0.23011 25.4558 2.97433 2.81462 63.0645 1.0122 -13 3788 1 0 1
-1.44225 -0.422049 25.4558 -11.7856 1.16909 70.2549 0.819259 -13 3789 1 0 1
-1.68604 2.76198 25.4558 -7.486 11.4145 62.0773 2.3753 -13 3791 1 0 1
-2.58054 -2.02407 25.4558 -0.992158 -5.32213 30.5592 0.206759 -13 3792 1 0 1
-3.52317 1.78503 25.4558 -15.0527 2.14002 63.2095 0.850622 -13 3794 1 0 1
-4.25467 -0.970359 25.4558 -12.0011 3.31197 55.2435 0.846031 -13 3795 1 0 1
-2.96591 -2.65827 25.4558 -11.5058 -9.39478 59.0491 1.05995 -13 3796 1 0 1
0.526492 -0.286457 25.4558 2.11741 1.96079 60.5733 1.21873 -13 3797 1 0 1
3.00814 -1.12535 25.4558 -5.70279 14.178 77.5092 1.76174 -13 3798 1 0 1
-1.48139 -0.866542 25.4558 -8.00484 -7.14689 67.0721 -0.0622685 -13 3799 1 0 1
3.90656 -5.95216 25.4558 14.4127 -13.6461 40.9869 0.621031 -13 3800 1 0 1
2.2643 -0.57279 25.4558 -1.57507 1.91085 76.384 0.835497 -13 3801 1 0 1
-1.87277 0.955509 25.4558 -3.55401 4.56338 52.5134 0.526507 -13 3802 1 0 1
-0.322266 2.11254 25.4558 -8.27608 -2.26292 71.2305 -1.43766 -13 3803 1 0 1
-4.43512 1.2887 25.4558 -4.98268 -0.627589 26.6573 2.28726 -13 3804 1 0 1
-0.160393 2.25789 25.4558 -0.43504 6.11485 62.0933 -1.12723 -13 3805 1 0 1
-1.34762 3.1903 25.4558 2.97718 0.538718 44.4182 0.242003 -13 3806 1 0 1
-1.68666 0.0805538 25.4558 -11.6315 -5.5184 68.8077 -0.0736313 -13 3807 1 0 1
1.92515 -2.13691 25.4558 7.67847 -4.73028 59.4584 2.81209 -13 3808 1 0 1
-1.08001 0.687334 25.4558 -9.86984 0.336578 69.9547 -1.39106 -13 3809 1 0 1
-2.47329 0.150271 25.4558 -4.62405 6.91224 53.3154 -0.168645 -13 3810 1 0 1
1.15113 -2.20607 25.4558 1.37789 -7.27966 68.2296 -0.271003 -13 3811 1 0 1
2.18737 -2.2919 25.4558 3.05172 -13.7371 69.9748 0.713431 -13 3812 1 0 1
2.15363 1.9697 25.4558 8.78854 1.90068 55.2971 2.40819 -13 3813 1 0 1
-2.50571 2.23787 25.4558 -9.51854 1.4132 58.6936 -0.81816 -13 3814 1 0 1
-1.79903 0.722073 25.4558 -20.5786 5.95025 74.2093 0.0671988 -13 3815 1 0 1
-0.306287 -3.44273 25.4558 3.51826 -7.37667 43.5505 -0.751255 -13 3816 1 0 1
-0.569615 -2.2718 25.4558 -2.73567 -8.07366 62.3562 -0.449748 -13 3817 1 0 1
1.26979 -0.609598 25.4558 2.47919 1.52182 67.7924 0.0980513 -13 3818 1 0 1
-1.60144 -0.299801 25.4558 -2.7782 1.11193 56.547 0.761078 -13 3819 1 0 1
2.62204 -1.94367 25.4558 5.77494 -3.2163 69.2434 0.596758 -13 3820 1 0 1
2.21098 3.43389 25.4558 7.29259 11.0164 57.3572 2.26018 -13 3821 1 0 1
1.19832 -1.03368 25.4558 0.461494 -6.91261 69.9189 -0.99547 -13 3822 1 0 1
-2.82537 0.302844 25.4558 -18.5352 0.258796 68.2969 -0.966759 -13 3823 1 0 1
0.184739 0.0106504 25.4558 1.76322 -0.189708 59.6549 2.00373 -13 3824 1 0 1
0.0516791 0.449926 25.4558 -0.546387 -0.519731 63.5339 0.845994 -13 3825 1 0 1
-2.63468 -3.94924 25.4558 -7.91544 -8.92436 57.282 0.295426 -13 3826 1 0 1
-1.36028 1.65692 25.4558 1.68049 -2.07881 39.7696 0.374139 -13 3827 1 0 1
-0.304453 -0.479172 25.4558 1.843 -0.158109 52.6516 1.63929 -13 3828 1 0 1
1.03902 0.469836 25.4558 3.52985 4.81877 64.7066 -1.85747 -13 3829 1 0 1
0.980159 1.78105 25.4558 5.72321 12.0437 60.4884 -0.776784 -13 3830 1 0 1
-0.627225 -1.8496 25.4558 1.63589 -9.96962 44.5105 0.732954 -13 3831 1 0 1
-1.3341 -0.139398 25.4558 -2.15982 0.0367228 53.5715 0.153156 -13 3832 1 0 1
0.264043 -2.16052 25.4558 0.696354 -6.02106 61.2217 -1.98384 -13 3833 1 0 1
0.131725 5.26726 25.4558 -7.48933 12.2766 69.5096 0.239795 -13 3834 1 0 1
1.36079 2.49426 25.4558 -0.880811 1.40277 71.6397 0.471673 -13 3835 1 0 1
2.85161 -0.184833 25.4558 -3.55286 -7.9749 80.183 2.3859 -13 3836 1 0 1
0.664079 -0.723509 25.4558 3.98151 -8.00185 58.0129 -1.10022 -13 3837 1 0 1
-0.553088 0.542586 25.4558 1.10339 -0.796686 50.3921 1.25327 -13 3838 1 0 1
0.0340851 -0.70751 25.4558 7.07263 -1.88607 36.4533 2.26436 -13 3840 1 0 1
-3.67434 1.52941 25.4558 -8.38512 12.7028 51.9132 1.59621 -13 3841 1 0 1
-1.00252 -2.14145 25.4558 -5.79226 0.742273 64.7145 -0.761434 -13 3842 1 0 1
0.333752 0.900578 25.4558 3.73557 4.11519 52.7264 1.76547 -13 3843 1 0 1
-5.58824 -0.91784 25.4558 -19.7162 -1.16898 56.0037 0.736144 -13 3844 1 0 1
-0.916137 -1.25508 25.4558 -12.598 -7.39939 71.5544 -0.509514 -13 3845 1 0 1
-0.169652 -2.30574 25.4558 -9.29769 -10.9194 72.3888 -0.736156 -13 3846 1 0 1
-5.49465 -3.23388 25.4558 -8.63864 -7.60952 37.202 0.340686 -13 3847 1 0 1
0.753127 -0.905896 25.4558 6.86666 0.857569 52.0175 -0.0826433 -13 3848 1 0 1
-3.69621 -1.81287 25.4558 -17.0044 -2.34838 62.3856 1.29245 -13 3849 1 0 1
0.85721 3.0529 25.4558 0.517332 22.5664 63.888 0.4215 -13 3850 1 0 1
0.939145 -2.18316 25.4558 7.4334 -0.0140162 50.1569 0.192678 -13 3851 1 0 1
0.551473 3.77563 25.4558 5.83075 7.6321 37.2683 0.513755 -13 3852 1 0 1
-1.57989 1.24469 25.4558 -10.6781 -3.93026 64.1721 1.44407 -13 3853 1 0 1
-1.60119 -0.200856 25.4558 -1.24581 0.590131 44.0791 -1.34805 -13 3854 1 0 1
0.0859051 -0.624731 25.4558 -1.01606 -11.2585 61.0488 -0.344608 -13 3855 1 0 1
-0.554807 -2.01966 25.4558 -0.840235 1.78645 58.628 -1.75891 -13 3856 1 0 1
0.676521 -0.392517 25.4558 2.86569 -3.46611 60.3918 -1.15732 -13 3857 1 0 1
0.569835 2.27753 25.4558 1.47271 4.50519 59.9006 -1.27927 -13 3858 1 0 1
0.665549 -4.74576 25.4558 0.0723656 -5.04198 65.7944 -1.0662 -13 3859 1 0 1
0.264101 -2.5856 25.4558 -4.39193 -4.97277 72.7478 -0.569042 -13 3860 1 0 1
1.23165 4.86186 25.4558 2.56381 5.88661 65.411 1.03432 -13 3861 1 0 1
-0.0169472 1.81513 25.4558 0.161648 -1.49434 58.807 0.595573 -13 3862 1 0 1
-1.42443 -1.70984 25.4558 -1.41853 -3.5221 56.0656 0.459624 -13 3863 1 0 1
-1.74655 -2.74294 25.4558 0.193424 -0.304827 23.2793 -0.316939 -13 3864 1 0 1
1.96683 -0.401346 25.4558 1.58949 -3.10817 73.5904 -0.269574 -13 3865 1 0 1
-3.77183 -0.232329 25.4558 -10.3376 4.99675 54.9454 -0.528984 -13 3866 1 0 1
1.00809 -7.28325 25.4558 3.27939 -12.2536 61.435 0.831705 -13 3867 1 0 1
-3.32488 0.181286 25.4558 -4.88191 0.478814 49.9187 0.270283 -13 3868 1 0 1
1.78829 -3.14467 25.4558 -1.01421 -3.0897 75.1981 -0.460032 -13 3869 1 0 1
2.4503 -2.80614 25.4558 -4.40594 -10.2071 79.1895 1.56583 -13 3870 1 0 1
-2.40573 -1.64123 25.4558 -8.10753 -0.421891 57.4804 -0.457696 -13 3871 1 0 1
0.149527 3.79259 25.4558 -9.01543 9.64891 73.7973 1.74781 -13 3872 1 0 1
-0.449178 -0.0540683 25.4558 -11.7258 -1.83042 72.8446 1.90826 -13 3873 1 0 1
-2.97981 0.966066 25.4558 -14.0029 -1.75942 66.3223 1.68996 -13 3874 1 0 1
-2.04493 3.93911 25.4558 0.495467 6.35279 36.3295 -0.289827 -13 3875 1 0 1
2.7896 0.0559806 25.4558 10.2637 0.937466 62.3344 1.30265 -13 3876 1 0 1
-3.53915 1.06292 25.4558 -8.52172 0.95814 51.248 -1.48956 -13 3877 1 0 1
6.0412 1.98711 25.4558 19.4443 1.75689 48.8694 1.11425 -13 3878 1 0 1
-1.4904 -2.12565 25.4558 -3.85634 -10.0648 55.5737 1.08559 -13 3879 1 0 1
-2.04341 -0.319683 25.4558 -10.3735 -6.47028 66.2335 1.28498 -13 3880 1 0 1
2.4124 -0.697284 25.4558 2.78861 -4.36887 73.2276 0.926551 -13 3881 1 0 1
-3.63376 -1.04638 25.4558 -13.0094 -6.89033 59.7058 1.32601 -13 3882 1 0 1
2.4712 -3.38304 25.4558 6.83138 -13.8869 58.704 1.41372 -13 3883 1 0 1
1.01221 -0.0852616 25.4558 -3.44167 4.49898 72.8711 -0.0332365 -13 3884 1 0 1
0.926804 -0.0117525 25.4558 -8.48288 -7.71229 76.3664 -2.25096 -13 3886 1 0 1
-2.08579 2.40068 25.4558 -10.4559 10.9058 62.9826 1.27524 -13 3887 1 0 1
-2.32288 -1.60046 25.4558 -2.16914 -5.51836 48.1547 1.14095 -13 3888 1 0 1
-0.90328 -0.518565 25.4558 -5.60623 0.339992 65.0177 1.82767 -13 3889 1 0 1
-3.8678 -2.09246 25.4558 -5.26997 -11.1151 42.9352 0.0985031 -13 3890 1 0 1
0.60984 -1.90874 25.4558 -0.791247 -4.62945 67.7638 2.76271 -13 3891 1 0 1
-2.80245 -1.14298 25.4558 -9.29266 -10.2527 57.4693 0.947702 -13 3892 1 0 1
-0.221478 1.26661 25.4558 -7.73019 5.90818 71.9272 -0.315959 -13 3893 1 0 1
-5.74201 2.94254 25.4558 -11.1686 5.80268 43.5108 1.41576 -13 3894 1 0 1
1.1901 0.146643 25.4558 -0.684257 1.69364 71.7212 0.539226 -13 3895 1 0 1
0.813786 -1.78501 25.4558 -1.12701 -6.12809 67.0139 -0.661416 -13 3896 1 0 1
-1.35674 3.73047 25.4558 -4.95591 13.3501 57.3737 0.812417 -13 3897 1 0 1
3.18905 -0.193421 25.4558 12.087 -1.36997 63.3574 1.93779 -13 3898 1 0 1
-5.75863 4.29484 25.4558 -15.471 9.57369 46.3575 1.22264 -13 3899 1 0 1
-0.204311 1.42368 25.4558 -8.3096 -0.0288911 72.0967 -0.178654 -13 3900 1 0 1
0.457837 -4.83682 25.4558 6.44525 -14.1833 44.7523 -1.42672 -13 3901 1 0 1
0.990001 1.75493 25.4558 -4.54967 3.33452 72.3203 0.594932 -13 3902 1 0 1
-0.852794 0.941917 25.4558 1.51232 15.8897 45.239 -0.82481 -13 3903 1 0 1
-2.18826 -0.473013 25.4558 -7.11828 -6.27147 52.0283 2.34927 -13 3904 1 0 1
0.984452 -1.59971 25.4558 -9.52075 3.5301 78.0534 0.201285 -13 3905 1 0 1
0.868963 -2.14203 25.4558 0.452987 -2.28271 67.0763 -0.909268 -13 3907 1 0 1
-0.0916863 -1.84094 25.4558 1.68171 -4.14722 55.4547 0.932599 -13 3908 1 0 1
-0.321061 -0.431022 25.4558 -10.8059 0.584919 73.7491 0.654493 -13 3909 1 0 1
0.198815 -0.465825 25.4558 -5.68516 -0.759855 70.8599 0.253251 -13 3910 1 0 1
-3.45239 1.08903 25.4558 -16.3221 -7.37558 60.6586 0.565642 -13 3911 1 0 1
-0.0797958 4.30782 25.4558 -1.56966 3.59941 65.9081 -0.0962121 -13 3912 1 0 1
-2.22773 -2.31631 25.4558 -2.94931 -7.41409 45.0769 1.27006 -13 3913 1 0 1
-1.23497 0.451554 25.4558 -2.07265 -6.32619 56.1975 1.55313 -13 3914 1 0 1
0.34147 1.97014 25.4558 -1.10122 -2.44115 64.2696 0.167779 -13 3915 1 0 1
-1.41983 1.52381 25.4558 -4.40161 3.97261 60.2463 -0.88812 -13 3916 1 0 1
-0.522251 -0.152389 25.4558 -4.94673 7.89965 64.4504 -0.149703 -13 3917 1 0 1
2.33434 -1.11619 25.4558 2.59759 -4.77568 73.672 -0.913578 -13 3918 1 0 1
0.486475 1.24022 25.4558 -9.66811 7.35098 76.0092 0.588267 -13 3919 1 0 1
1.34447 -0.401097 25.4558 2.28278 0.736993 67.0918 0.602434 -13 3920 1 0 1
-0.846531 -0.59137 25.4558 -15.0939 -2.38339 74.6262 0.178176 -13 3921 1 0 1
-1.23268 0.338807 25.4558 1.40709 -0.714902 33.8076 -0.169249 -13 3922 1 0 1
-4.3104 0.0128216 25.4558 -15.2296 0.416959 56.4625 1.47957 -13 3923 1 0 1
2.95912 -0.165686 25.4558 9.10115 -6.57274 61.2496 -1.54827 -13 3924 1 0 1
-2.47882 3.81098 25.4558 -12.1949 8.31208 60.9675 1.59251 -13 3925 1 0 1
1.79756 0.762611 25.4558 6.34487 -11.8744 60.8666 0.202716 -13 3926 1 0 1
-4.18992 -0.183742 25.4558 -11.5939 -6.583 54.173 1.76421 -13 3927 1 0 1
-0.502331 -2.67796 25.4558 -8.56906 -7.08879 68.6174 1.22215 -13 3928 1 0 1
-0.917219 -0.33921 25.4558 0.622624 -2.84321 55.6176 -0.368586 -13 3929 1 0 1
3.45268 -3.98471 25.4558 -3.19425 -14.3122 78.0794 -0.777009 -13 3930 1 0 1
0.60997 -1.23793 25.4558 0.637763 -9.80589 66.8364 -2.48725 -13 3931 1 0 1
-1.0031 -2.37715 25.4558 1.04637 0.791814 46.2091 2.16234 -13 3932 1 0 1
-3.62269 -3.57278 25.4558 -8.76566 -12.5394 49.6941 2.92961 -13 3933 1 0 1
-1.96462 1.58248 25.4558 -9.66568 1.19969 64.2765 -0.798231 -13 3935 1 0 1
-2.59604 -0.465323 25.4558 -3.75643 -8.23898 47.209 0.395444 -13 3936 1 0 1
-1.03493 -0.82705 25.4558 -2.84913 0.901915 61.2012 1.10842 -13 3937 1 0 1
2.43951 -0.602254 25.4558 10.2206 -6.37922 56.8876 -0.78109 -13 3938 1 0 1
2.7878 2.67622 25.4558 10.0808 12.6491 61.6056 0.993307 -13 3939 1 0 1
-1.16337 -2.44734 25.4558 -12.825 1.87419 72.1227 -0.225738 -13 3940 1 0 1
-3.07875 1.89728 25.4558 -6.36748 3.23477 50.7968 0.483683 -13 3941 1 0 1
1.48412 -1.13656 25.4558 1.40694 2.71609 69.5406 2.34419 -13 3942 1 0 1
2.04175 0.0507429 25.4558 2.92987 -7.55269 68.6212 -0.930205 -13 3943 1 0 1
-5.9771 0.8749 25.4558 -13.9919 0.404352 43.2254 -0.0027265 -13 3944 1 0 1
1.46447 -1.28425 25.4558 -14.7574 -16.205 76.8273 0.843593 -13 3945 1 0 1
-0.620833 -1.00473 25.4558 -7.84746 4.64952 70.6907 -1.94519 -13 3946 1 0 1
-2.36081 1.95923 25.4558 -4.64107 7.4526 55.7651 0.56812 -13 3947 1 0 1
-3.73465 -0.859509 25.4558 -15.417 0.446978 62.1797 0.770395 -13 3948 1 0 1
-0.620341 -4.38512 25.4558 -0.218634 -12.0914 57.7423 -0.763323 -13 3949 1 0 1
2.50447 -1.07823 25.4558 12.0903 -4.09909 54.8877 0.466473 -13 3950 1 0 1
-2.00547 -1.87309 25.4558 -9.69318 -11.6187 63.57 0.321752 -13 3951 1 0 1
7.72578 0.446707 25.4558 28.6143 -8.16033 57.0926 0.0849995 -13 3952 1 0 1
-0.439719 3.30615 25.4558 -1.34761 10.9741 62.4744 1.26432 -13 3953 1 0 1
-0.964463 -2.3117 25.4558 -2.1818 -2.1782 60.8682 1.92373 -13 3955 1 0 1
2.32857 -0.16099 25.4558 5.51615 4.10043 66.9619 -0.321823 -13 3956 1 0 1
1.95128 0.685974 25.4558 -4.54055 10.8975 77.6849 -1.72001 -13 3958 1 0 1
-0.378247 0.700037 25.4558 4.17439 5.18136 46.8673 0.227697 -13 3959 1 0 1
2.828 1.1542 25.4558 4.31472 5.89276 73.0963 -1.35175 -13 3960 1 0 1
-4.3957 2.03574 25.4558 -13.8718 0.206357 56.4282 -0.878099 -13 3961 1 0 1
-4.18924 -1.6423 25.4558 -27.841 -3.21779 70.4069 -1.60861 -13 3963 1 0 1
-0.400703 3.28321 25.4558 -6.39289 2.39241 70.2859 -0.157986 -13 3964 1 0 1
2.56771 0.948521 25.4558 4.16603 1.57151 71.7866 -0.927628 -13 3965 1 0 1
-2.58602 2.32822 25.4558 -11.4569 6.28288 63.0976 -0.476356 -13 3966 1 0 1
2.45938 -1.14903 25.4558 7.3594 -8.4289 67.2334 -0.218186 -13 3967 1 0 1
0.892235 0.0904682 25.4558 3.48692 6.2925 63.2528 0.945941 -13 3968 1 0 1
-0.465295 0.0877767 25.4558 -0.954346 -1.07383 61.9493 1.84401 -13 3969 1 0 1
0.179272 -3.27294 25.4558 1.14382 -3.16984 61.7423 0.407319 -13 3970 1 0 1
-1.10466 -1.10822 25.4558 2.26603 -3.16664 48.6136 0.904985 -13 3971 1 0 1
-1.78838 -0.42575 25.4558 -3.23444 8.17087 56.1423 0.607662 -13 3972 1 0 1
-2.11823 -1.0783 25.4558 -3.51398 -4.92431 48.7482 -0.821735 -13 3973 1 0 1
0.509638 -1.53231 25.4558 -13.2564 -0.994551 77.611 1.20612 -13 3974 1 0 1
2.6141 -1.99283 25.4558 -5.67187 8.26156 79.6017 0.805616 -13 3975 1 0 1
2.34931 1.77072 25.4558 -3.10081 3.97165 79.1106 -0.463709 -13 3976 1 0 1
0.149592 -0.282985 25.4558 -0.780899 5.61202 62.1027 -0.284247 -13 3977 1 0 1
-2.69705 -1.58627 25.4558 -10.8622 -7.00088 59.8391 -0.323566 -13 3978 1 0 1
0.735073 -1.82359 25.4558 -3.55492 -14.5253 69.6548 -0.0338568 -13 3979 1 0 1
-1.97264 4.54651 25.4558 -12.9622 5.56486 67.4695 0.171378 -13 3980 1 0 1
-2.58454 -0.81521 25.4558 -7.41834 -2.66033 61.2221 -2.52109 -13 3981 1 0 1
0.280208 -2.503 25.4558 0.931266 -2.29564 69.4222 1.42784 -13 3982 1 0 1
-0.748192 -0.762029 25.4558 -1.76005 -2.31679 59.8952 -0.556557 -13 3984 1 0 1
5.2433 -0.252765 25.4558 15.8266 5.36736 69.7618 -0.665127 -13 3985 1 0 1
2.06374 -1.85158 25.4558 7.81902 -11.6891 57.4982 -1.9137 -13 3986 1 0 1
-1.98024 -0.864027 25.4558 -5.39715 -4.44064 60.2672 0.529178 -13 3987 1 0 1
2.01812 -2.8833 25.4558 2.94251 -11.8761 72.0169 -1.41719 -13 3988 1 0 1
1.37423 0.210344 25.4558 5.62624 2.96298 55.0381 0.899312 -13 3989 1 0 1
-2.36609 2.24143 25.4558 -10.3602 3.02588 64.452 2.64406 -13 3990 1 0 1
-0.0920586 2.3132 25.4558 0.552827 4.4977 60.2333 -1.88344 -13 3991 1 0 1
2.50066 -0.254988 25.4558 10.6717 3.63106 58.7215 -0.126327 -13 3992 1 0 1
2.03368 -4.29975 25.4558 10.1756 -13.8041 54.4217 -1.89054 -13 3993 1 0 1
1.25605 -0.849743 25.4558 -3.4428 -5.34706 73.4335 -0.0182549 -13 3994 1 0 1
0.271586 3.15753 25.4558 -3.88446 8.4003 65.7446 1.53197 -13 3995 1 0 1
0.204937 5.17276 25.4558 -2.12185 15.8529 66.5236 -0.0875163 -13 3996 1 0 1
-1.03237 0.832007 25.4558 -2.70072 -2.60505 57.8051 0.396608 -13 3997 1 0 1
2.60153 1.90141 25.4558 -2.98183 -7.77374 78.516 1.20908 -13 3998 1 0 1
-0.427654 -1.36561 25.4558 -2.31282 -10.3151 60.5977 0.786078 -13 3999 1 0 1
-4.57484 -2.68053 25.4558 -12.1493 -6.73249 54.9543 -0.254676 -13 4000 1 0 1
-5.4368 -2.83958 25.4558 -9.48203 -4.80443 39.9615 -0.462921 -13 4001 1 0 1
-1.43025 -2.16926 25.4558 2.32941 -2.8527 46.8335 -0.347817 -13 4002 1 0 1
-1.52272 0.409515 25.4558 -5.92755 6.98578 63.3434 -0.129398 -13 4003 1 0 1
-1.83097 0.576239 25.4558 -12.818 3.52731 67.6235 0.109102 -13 4004 1 0 1
-1.90584 1.0493 25.4558 -10.3962 -5.17533 64.9301 0.812068 -13 4005 1 0 1
-0.0289864 -1.87233 25.4558 0.948776 -12.8863 56.1783 0.386971 -13 4006 1 0 1
2.68276 1.11999 25.4558 -4.73107 2.52143 78.2603 2.02935 -13 4007 1 0 1
-3.42082 -1.78016 25.4558 -5.41446 -6.41 44.8225 -1.09873 -13 4008 1 0 1
-0.648498 1.69656 25.4558 -0.0786672 9.1905 55.3982 -1.42363 -13 4009 1 0 1
1.38705 -0.00471055 25.4558 5.39292 6.91697 59.8417 0.192962 -13 4010 1 0 1
-0.961883 -1.46621 25.4558 -4.2881 -5.96799 63.0398 1.19519 -13 4011 1 0 1
0.223838 0.546907 25.4558 -7.78333 2.60999 71.8891 -2.07868 -13 4012 1 0 1
-3.93075 -2.69564 25.4558 -11.5575 -0.820616 53.025 0.622704 -13 4013 1 0 1
-1.86299 1.61547 25.4558 -16.2477 3.97999 70.9276 -1.10073 -13 4014 1 0 1
-0.606195 0.794152 25.4558 -3.95978 6.10534 65.1699 2.02275 -13 4015 1 0 1
1.26669 0.0652014 25.4558 3.37507 -2.35181 67.7587 -0.0630349 -13 4016 1 0 1
-1.44971 1.75626 25.4558 -7.63839 3.41324 64.0112 0.257622 -13 4017 1 0 1
-4.36195 -1.30173 25.4558 -17.835 4.14384 61.2299 1.52029 -13 4018 1 0 1
0.695259 2.31236 25.4558 2.76616 12.154 63.7182 -0.227518 -13 4019 1 0 1
0.577061 -2.68007 25.4558 4.18835 -4.66436 56.3787 0.247896 -13 4020 1 0 1
0.162086 0.644676 25.4558 -12.2654 7.30725 74.9973 0.379229 -13 4021 1 0 1
6.32796 -1.49052 25.4558 13.8746 -9.74045 78.5096 -0.443286 -13 4022 1 0 1
-0.570006 -2.808 25.4558 2.68575 -4.1536 50.0452 0.116841 -13 4023 1 0 1
-2.57948 -2.50762 25.4558 -15.0517 -6.36931 66.5745 1.24453 -13 4024 1 0 1
0.117719 3.20995 25.4558 -7.65747 8.60632 71.4796 -2.12146 -13 4025 1 0 1
-0.761375 1.45871 25.4558 -3.3345 2.98481 63.5906 -0.892779 -13 4026 1 0 1
-1.37344 -0.383322 25.4558 -5.676 4.40048 61.7763 0.518996 -13 4027 1 0 1
2.26616 -0.173581 25.4558 -2.4031 4.93898 77.9393 1.87834 -13 4028 1 0 1
-0.732118 -0.396602 25.4558 -2.77338 -1.73038 58.6605 0.340173 -13 4029 1 0 1
-3.57027 -5.26721 25.4558 -9.04417 -14.4083 51.0729 0.827538 -13 4030 1 0 1
-1.88141 -1.30684 25.4558 -10.3719 -1.06381 64.518 -0.829 -13 4031 1 0 1
4.15174 -2.88542 25.4558 15.7711 -5.78306 52.6666 1.83047 -13 4032 1 0 1
0.204535 -1.19662 25.4558 -3.16134 -2.09548 68.1512 -2.52268 -13 4033 1 0 1
-2.21633 -1.94568 25.4558 -16.013 -9.32589 67.9966 0.508258 -13 4034 1 0 1
1.08689 1.85597 25.4558 -2.4045 2.42955 73.5425 0.00838545 -13 4035 1 0 1
0.0924411 -0.821333 25.4558 -1.19877 1.88474 64.7929 2.65365 -13 4036 1 0 1
-1.04987 3.39513 25.4558 -10.1953 5.26697 70.1703 -0.734166 -13 4037 1 0 1
-0.491845 -0.0991339 25.4558 1.65063 -1.15238 51.3311 -0.378509 -13 4038 1 0 1
-2.559 -3.22518 25.4558 -5.0534 -6.34625 49.8024 -1.57791 -13 4039 1 0 1
-2.27812 1.43819 25.4558 -1.47211 1.66632 50.7029 1.11421 -13 4040 1 0 1
-2.00848 3.50045 25.4558 -7.20998 7.45898 60.1444 3.03745 -13 4041 1 0 1
2.04318 1.66682 25.4558 1.41121 15.8228 70.5595 -0.261085 -13 4042 1 0 1
0.216498 -1.85094 25.4558 -1.59255 -6.7999 63.3911 -0.199383 -13 4043 1 0 1
2.47985 -1.12551 25.4558 7.96588 3.48907 63.4188 2.69118 -13 4044 1 0 1
1.56505 -0.0401039 25.4558 -10.4729 5.69165 77.9199 -1.65082 -13 4045 1 0 1
-2.39945 -1.32092 25.4558 -10.5112 -8.67404 61.5416 -0.371129 -13 4046 1 0 1
-7.84812 -2.15537 25.4558 -13.1771 -7.44295 28.974 -0.724492 -13 4047 1 0 1
-1.82582 0.912828 25.4558 4.13745 -0.389203 34.4471 0.256261 -13 4048 1 0 1
2.25605 1.5397 25.4558 -1.54094 4.82819 75.2567 1.29205 -13 4049 1 0 1
-0.288342 -1.61481 25.4558 -6.68528 -4.20537 69.444 -0.134488 -13 4050 1 0 1
1.2471 -0.0486534 25.4558 -0.269815 1.29714 71.3395 0.77607 -13 4051 1 0 1
0.926876 -4.84437 25.4558 1.7913 -14.7472 65.3857 0.493598 -13 4052 1 0 1
-1.02627 1.63959 25.4558 -0.547909 8.75259 53.3792 0.740071 -13 4053 1 0 1
-2.82931 -4.16474 25.4558 -15.335 -13.1305 64.9697 -0.486855 -13 4054 1 0 1
-1.66543 -0.510183 25.4558 -5.85023 -7.22245 59.5214 1.24364 -13 4055 1 0 1
1.45849 -2.4169 25.4558 1.39215 -12.6963 67.3178 1.52555 -13 4056 1 0 1
0.436934 -0.696972 25.4558 5.18257 4.54909 55.8045 -0.218187 -13 4057 1 0 1
-1.52354 1.23996 25.4558 -15.2696 -7.36766 69.7944 0.665932 -13 4058 1 0 1
-1.21775 1.50954 25.4558 -7.25114 -2.9019 62.7083 0.491085 -13 4059 1 0 1
0.586902 -2.74831 25.4558 0.446846 -3.71717 62.9824 1.36102 -13 4060 1 0 1
-0.427152 -0.109744 25.4558 2.31198 -5.96295 56.3226 -0.619216 -13 4062 1 0 1
-1.25504 -1.50668 25.4558 -0.93415 -7.90377 51.581 -0.526296 -13 4063 1 0 1
-0.131773 1.87402 25.4558 -1.76283 -8.94282 67.2162 -0.86948 -13 4064 1 0 1
1.86098 -0.181049 25.4558 2.45801 1.00776 67.5058 0.197919 -13 4065 1 0 1
0.625939 -2.82688 25.4558 -2.84001 -4.30911 69.8362 0.718135 -13 4066 1 0 1
1.73225 0.885963 25.4558 2.94621 7.67983 68.1168 3.92139 -13 4067 1 0 1
1.96795 2.4674 25.4558 2.25298 14.2171 70.7809 -1.52385 -13 4068 1 0 1
-0.0717539 -0.92004 25.4558 -3.2099 -9.33321 66.1 0.382293 -13 4069 1 0 1
1.68167 -1.3226 25.4558 -2.11494 14.8236 70.9597 -0.863302 -13 4070 1 0 1
-0.192178 -0.642858 25.4558 -1.48658 5.53336 67.3987 -1.96095 -13 4071 1 0 1
-4.00118 -4.76978 25.4558 -4.30904 -13.2577 33.4683 1.78827 -13 4072 1 0 1
-1.45688 0.169669 25.4558 -11.9004 6.0175 69.0443 1.59788 -13 4073 1 0 1
-0.583536 1.46174 25.4558 0.11929 -4.95123 56.0824 -2.02687 -13 4074 1 0 1
-2.04748 2.70189 25.4558 0.900787 7.95903 32.8191 -1.26669 -13 4075 1 0 1
-5.84975 5.42661 25.4558 -9.67119 10.7087 32.3089 -0.342242 -13 4076 1 0 1
-0.257019 -2.36806 25.4558 4.34873 -8.39073 44.2728 -1.25091 -13 4077 1 0 1
-2.74529 -1.75128 25.4558 -15.6632 -9.99025 67.2748 1.46476 -13 4078 1 0 1
-1.28628 1.06709 25.4558 0.305069 0.066394 51.9496 -0.268604 -13 4079 1 0 1
1.90876 -0.751757 25.4558 -2.50954 -11.2784 75.7299 -1.99421 -13 4080 1 0 1
-1.32498 0.717 25.4558 -2.62563 -0.969316 59.9109 0.451115 -13 4081 1 0 1
0.151335 0.436852 25.4558 -5.45239 3.9487 69.6459 -0.0221064 -13 4082 1 0 1
-1.02763 3.20715 25.4558 -7.79796 6.15311 66.9521 0.950291 -13 4083 1 0 1
-2.4613 0.402134 25.4558 -8.18039 -3.85276 57.4838 0.650115 -13 4084 1 0 1
3.3323 -4.48711 25.4558 12.6417 -1.23446 50.5596 -2.00645 -13 4085 1 0 1
-1.7153 -2.38873 25.4558 -3.99763 -6.63831 59.4854 -3.01643 -13 4086 1 0 1
2.43165 1.80914 25.4558 11.1765 8.41404 48.7011 0.497787 -13 4087 1 0 1
0.432981 1.35147 25.4558 -0.18005 4.50702 64.0048 1.48162 -13 4088 1 0 1
-1.71699 -0.726333 25.4558 -1.6642 6.49993 51.7516 -0.126252 -13 4089 1 0 1
0.308203 -1.10608 25.4558 -6.17352 -5.91496 74.0216 -0.654565 -13 4090 1 0 1
-0.836288 -2.25758 25.4558 -10.3104 -5.80048 68.9933 -1.32586 -13 4091 1 0 1
-1.16978 -3.64381 25.4558 -3.50447 -13.6228 61.1939 -0.434234 -13 4092 1 0 1
1.79662 -2.67688 25.4558 -6.60642 -8.15113 77.4693 -0.638978 -13 4093 1 0 1
-3.29814 -0.0393661 25.4558 -12.6615 2.04048 59.2423 -1.35231 -13 4094 1 0 1
-1.86425 2.97454 25.4558 -5.26163 13.2269 60.1148 0.627614 -13 4095 1 0 1
0.350585 1.31073 25.4558 -7.79812 15.7942 72.7532 0.16431 -13 4096 1 0 1
3.01025 -2.28879 25.4558 5.07971 -15.5946 71.0381 -0.466071 -13 4097 1 0 1
3.30363 -0.158369 25.4558 3.74131 7.67979 77.3327 -1.32464 -13 4098 1 0 1
-1.24172 -0.859637 25.4558 -6.01285 -2.78435 66.1664 0.536051 -13 4099 1 0 1
2.79724 0.0693471 25.4558 11.3404 -5.0963 64.21 -1.76725 -13 4100 1 0 1
1.88216 0.189699 25.4558 -2.15258 -2.26833 74.9905 -0.0205562 -13 4101 1 0 1
-0.855245 3.05865 25.4558 -12.829 7.0562 73.0547 -1.64532 -13 4103 1 0 1
-0.743236 1.53682 25.4558 -14.413 11.977 73.2566 -1.11184 -13 4105 1 0 1
0.0167414 3.77039 25.4558 -7.82773 20.1057 71.8868 -1.84994 -13 4106 1 0 1
-0.221438 4.1604 25.4558 -5.22864 9.96595 67.202 1.13538 -13 4107 1 0 1
2.5096 0.780485 25.4558 10.536 1.37561 54.7869 1.18878 -13 4108 1 0 1
1.21649 1.53298 25.4558 -2.61759 5.16861 72.5001 0.580878 -13 4109 1 0 1
0.174103 -2.88008 25.4558 -0.294528 0.879999 65.2059 1.4692 -13 4110 1 0 1
-0.395224 -1.82439 25.4558 -12.4375 -5.44558 73.8381 1.20925 -13 4111 1 0 1
-2.13169 0.910131 25.4558 -3.76371 4.83868 47.5649 -0.301228 -13 4112 1 0 1
-4.23789 -0.128569 25.4558 -10.671 0.160711 52.5067 1.37385 -13 4113 1 0 1
1.2439 -0.774159 25.4558 6.75283 1.35609 30.8095 -1.08519 -13 4114 1 0 1
-3.99947 -1.32457 25.4558 -20.4102 -3.33779 64.3369 2.09601 -13 4115 1 0 1
-0.393792 0.88647 25.4558 -12.4465 3.45879 73.5593 1.32079 -13 4116 1 0 1
0.346202 1.97624 25.4558 -25.6739 7.00975 75.3652 0.476483 -13 4117 1 0 1
2.34026 -1.57381 25.4558 4.38332 -5.13857 71.3384 2.80977 -13 4118 1 0 1
-0.450048 0.629913 25.4558 -15.2428 -5.24808 75.6935 0.148298 -13 4119 1 0 1
7.27629 -2.70044 25.4558 22.8373 -2.31362 68.8936 -1.14053 -13 4120 1 0 1
-2.66952 0.468554 25.4558 -10.5013 -5.15227 58.6912 -0.300836 -13 4122 1 0 1
0.123805 1.49557 25.4558 4.15089 9.86252 57.3407 -1.48879 -13 4123 1 0 1
-1.48404 -2.14659 25.4558 -1.06836 -5.7094 48.9251 -0.280148 -13 4124 1 0 1
-1.16106 1.78489 25.4558 -11.4493 4.84236 68.437 -1.22329 -13 4125 1 0 1
0.479565 1.34945 25.4558 -2.03239 7.88421 69.29 -1.34369 -13 4126 1 0 1
-3.24212 -3.40909 25.4558 -4.79467 -13.3092 44.9943 -0.434048 -13 4127 1 0 1
3.67868 1.24426 25.4558 15.3524 0.360684 43.0101 -2.98675 -13 4128 1 0 1
0.913739 0.409789 25.4558 6.50411 3.81001 47.4628 0.833347 -13 4130 1 0 1
-3.5991 -0.82699 25.4558 -12.7149 2.41239 57.5351 0.28527 -13 4131 1 0 1
3.9619 -3.22463 25.4558 15.6458 -12.2524 39.18 -1.84926 -13 4133 1 0 1
-0.155004 0.267862 25.4558 2.07736 -0.665984 59.4084 1.29527 -13 4134 1 0 1
1.58757 3.31129 25.4558 -3.6715 11.6318 74.5169 -0.405086 -13 4135 1 0 1
-3.77241 -0.707159 25.4558 -8.72351 2.34474 44.8294 -2.38706 -13 4136 1 0 1
-6.90008 -8.09801 25.4558 -17.1426 -16.3592 41.192 -0.153389 -13 4137 1 0 1
-0.122871 -2.76973 25.4558 0.516956 -14.3787 52.8158 0.29632 -13 4138 1 0 1
-0.706018 -1.70085 25.4558 -1.41563 -7.27472 57.0768 0.0344477 -13 4139 1 0 1
0.958087 -0.781745 25.4558 -9.42945 -0.137143 77.637 -0.0872413 -13 4140 1 0 1
0.0145159 -0.907508 25.4558 -5.7164 2.74339 69.8793 -2.89979 -13 4141 1 0 1
-1.34805 -6.34887 25.4558 -0.32418 -8.11514 41.982 -0.828431 -13 4142 1 0 1
-2.29068 -3.37379 25.4558 -6.04193 -10.1939 53.75 -1.34425 -13 4143 1 0 1
-1.18493 -0.353638 25.4558 -5.07959 4.14236 63.0711 1.36876 -13 4144 1 0 1
2.34246 -2.35598 25.4558 4.53128 -6.9805 70.6471 0.521388 -13 4145 1 0 1
0.0384432 4.2102 25.4558 5.18984 13.1814 41.9919 1.88157 -13 4146 1 0 1
-0.992278 -2.72904 25.4558 -8.70481 -4.28326 67.8347 -0.692368 -13 4147 1 0 1
2.29893 -0.247345 25.4558 -0.573781 -4.59456 76.8252 -0.593135 -13 4148 1 0 1
1.59372 -1.44791 25.4558 3.05885 -5.03694 67.4848 -0.102295 -13 4149 1 0 1
-0.0728612 1.43839 25.4558 1.14554 2.00576 58.7113 -0.244418 -13 4150 1 0 1
-1.54105 -0.445392 25.4558 -0.475272 3.44973 51.2677 1.39707 -13 4151 1 0 1
-1.10666 -0.511777 25.4558 -8.32043 -0.859106 67.6535 1.46538 -13 4152 1 0 1
-2.15958 1.78591 25.4558 -6.43034 -4.55687 55.4397 -0.635814 -13 4153 1 0 1
1.36045 -0.503748 25.4558 10.542 4.07392 50.9437 -0.568489 -13 4154 1 0 1
-1.04341 -2.3456 25.4558 -9.42015 -12.7797 66.318 -2.12722 -13 4155 1 0 1
1.396 -0.13985 25.4558 -0.901155 -1.70627 70.8357 -0.0974196 -13 4156 1 0 1
3.86565 0.637336 25.4558 8.98723 7.87792 70.9635 1.50351 -13 4157 1 0 1
-1.51669 -2.19692 25.4558 -6.56243 -4.14575 62.5748 0.513008 -13 4158 1 0 1
-1.68446 -0.551551 25.4558 -1.16395 1.83388 48.2769 -0.0735622 -13 4159 1 0 1
1.1492 -1.5627 25.4558 0.0804788 -1.08783 69.5894 0.671451 -13 4160 1 0 1
-1.23793 -5.01312 25.4558 -4.93555 -10.2945 59.7035 1.55579 -13 4161 1 0 1
3.02502 0.902903 25.4558 8.48231 6.64526 70.0279 -0.872357 -13 4162 1 0 1
1.52201 0.557904 25.4558 -6.47225 0.573735 77.7327 -0.599445 -13 4163 1 0 1
2.67923 -0.0798618 25.4558 12.0623 0.639809 49.569 -0.175801 -13 4164 1 0 1
2.56829 -0.576888 25.4558 12.5232 2.70303 57.4699 -1.33242 -13 4165 1 0 1
-1.1044 0.556473 25.4558 -0.648436 2.56805 57.3372 0.695946 -13 4166 1 0 1
2.20439 0.517993 25.4558 6.07377 7.22041 64.5475 2.19746 -13 4167 1 0 1
-0.678931 -3.32217 25.4558 -2.82225 -11.8301 62.3158 -0.187065 -13 4168 1 0 1
0.677048 -0.561485 25.4558 5.20069 0.161187 60.0137 0.848104 -13 4170 1 0 1
0.00942054 0.368662 25.4558 -2.75012 -6.56165 66.2849 -1.89544 -13 4171 1 0 1
-0.645651 -1.11263 25.4558 -4.0429 2.57506 62.6827 0.276865 -13 4172 1 0 1
0.61311 4.24517 25.4558 -2.89389 15.9368 68.5019 0.16218 -13 4173 1 0 1
-0.975461 0.451937 25.4558 -1.89394 5.67642 56.1139 0.449738 -13 4174 1 0 1
-2.59825 -1.42823 25.4558 -9.0887 -8.04128 59.8438 0.511777 -13 4175 1 0 1
-0.443472 0.974119 25.4558 -2.64971 3.75045 66.6587 -1.90122 -13 4176 1 0 1
1.13234 -0.0745072 25.4558 6.66551 -2.22759 54.0179 -1.42758 -13 4177 1 0 1
-4.22296 -2.90781 25.4558 -12.2668 -9.75373 52.217 1.21905 -13 4178 1 0 1
-0.884715 -4.14909 25.4558 -10.5839 -9.80393 68.5455 -1.27574 -13 4179 1 0 1
1.37427 -0.967322 25.4558 4.05064 -0.0691336 64.9667 0.420471 -13 4180 1 0 1
2.91619 -1.05981 25.4558 -0.796608 3.89942 77.9472 0.198171 -13 4181 1 0 1
0.420637 1.88715 25.4558 -0.370558 9.19927 66.7825 -2.78425 -13 4182 1 0 1
2.07925 0.0614957 25.4558 4.31105 7.19464 68.6977 1.17896 -13 4183 1 0 1
0.463539 0.3444 25.4558 -4.51702 2.79035 70.3446 -2.76184 -13 4184 1 0 1
-0.179228 -0.826218 25.4558 -3.67967 -0.488091 66.4787 0.171518 -13 4185 1 0 1
-0.04621 4.60214 25.4558 -4.99846 14.0168 66.5819 -0.650319 -13 4186 1 0 1
1.83203 -2.13033 25.4558 4.44251 -0.305651 68.524 0.0445644 -13 4187 1 0 1
3.48264 -0.393035 25.4558 13.6071 3.653 48.9045 1.22838 -13 4188 1 0 1
1.89546 3.64046 25.4558 -5.06617 6.26811 78.4139 -0.959457 -13 4189 1 0 1
-1.58762 -2.40786 25.4558 -1.31039 -5.81335 55.52 1.73527 -13 4190 1 0 1
-2.60936 -3.92979 25.4558 -4.35621 -11.7435 50.4697 -0.530386 -13 4191 1 0 1
3.48849 -1.57103 25.4558 0.754214 -16.952 79.1328 -0.807153 -13 4192 1 0 1
-0.4633 -1.49862 25.4558 -8.1135 -6.00604 69.6759 0.62571 -13 4193 1 0 1
-3.76813 3.44562 25.4558 -7.61682 12.1722 46.1144 0.470855 -13 4194 1 0 1
-3.16813 -0.672277 25.4558 -4.70251 -10.5941 48.898 -0.14053 -13 4195 1 0 1
2.63454 -0.0778383 25.4558 -7.65345 -0.133526 80.2506 -0.344081 -13 4196 1 0 1
-0.297979 -2.67711 25.4558 -4.09488 -4.09869 68.9519 2.50052 -13 4197 1 0 1
1.1411 1.39214 25.4558 -5.04703 1.57838 74.1367 0.53677 -13 4198 1 0 1
1.70452 -1.19856 25.4558 7.97136 -2.15639 57.4684 -0.0496727 -13 4199 1 0 1
1.72562 -4.78543 25.4558 -5.69673 -2.21532 77.6187 1.06447 -13 4200 1 0 1
-2.88616 -0.055788 25.4558 -6.29913 2.45697 49.3806 1.10998 -13 4201 1 0 1
-1.92135 -1.12699 25.4558 -5.65406 6.07008 56.5246 1.40865 -13 4202 1 0 1
-4.81401 3.25474 25.4558 -19.4363 13.4859 60.2709 0.316563 -13 4203 1 0 1
-1.95505 1.93903 25.4558 -7.75057 -1.68215 63.7432 -1.43626 -13 4204 1 0 1
-3.36184 0.510621 25.4558 -13.591 -3.05504 60.1569 -0.743744 -13 4205 1 0 1
-2.139 -0.472188 25.4558 -16.6248 -3.96665 69.4991 2.4633 -13 4206 1 0 1
0.519427 2.48923 25.4558 -3.52278 8.87759 70.2954 -0.197396 -13 4207 1 0 1
-0.423645 0.200841 25.4558 -5.36235 -0.642997 68.2086 -0.183353 -13 4208 1 0 1
-1.08525 -1.38919 25.4558 -10.5141 -4.6309 67.9635 -1.76545 -13 4210 1 0 1
-0.172705 -1.94076 25.4558 -7.5935 -4.37058 72.194 -1.09121 -13 4211 1 0 1
-0.088688 -0.722901 25.4558 -6.21177 11.5065 70.9925 -0.0768199 -13 4212 1 0 1
-0.0393899 -0.896525 25.4558 -5.25077 -13.3 68.7512 0.354442 -13 4213 1 0 1
-2.05159 0.997707 25.4558 -2.07979 6.81787 48.7667 0.8543 -13 4214 1 0 1
-3.87403 4.15844 25.4558 -13.2218 1.86381 57.5782 0.115965 -13 4215 1 0 1
1.52978 -0.596603 25.4558 6.58975 1.3662 58.7766 0.93397 -13 4216 1 0 1
1.81733 1.07587 25.4558 9.22312 -0.497509 43.7252 0.777973 -13 4217 1 0 1
-3.78461 3.95599 25.4558 -6.54243 2.10187 42.5264 0.236983 -13 4218 1 0 1
0.264832 1.87533 25.4558 -2.15368 8.3525 65.7718 -1.2808 -13 4219 1 0 1
1.71346 -2.27966 25.4558 -0.0765104 -0.446735 72.3117 0.623914 -13 4220 1 0 1
-0.582117 -0.495266 25.4558 -7.39315 -3.93829 68.7857 -1.16791 -13 4221 1 0 1
-1.3285 -6.37573 25.4558 -5.38511 -22.2726 54.8829 -0.709541 -13 4222 1 0 1
-0.706721 -1.57318 25.4558 -14.2435 4.24987 74.3952 -0.702068 -13 4223 1 0 1
2.31989 -0.981392 25.4558 5.0609 -3.04027 66.7687 2.34817 -13 4224 1 0 1
-0.699137 0.561875 25.4558 -9.87795 9.31014 72.1625 1.8514 -13 4225 1 0 1
-1.11901 -1.11539 25.4558 -8.27477 -5.16475 64.7359 0.283175 -13 4226 1 0 1
0.888762 0.87522 25.4558 0.377054 3.46377 67.186 4.25341 -13 4227 1 0 1
-3.15509 1.89198 25.4558 -6.73776 7.87132 50.7223 -1.48593 -13 4228 1 0 1
0.74925 1.71859 25.4558 -1.02622 -3.40867 68.5081 0.304678 -13 4229 1 0 1
-0.720673 0.368912 25.4558 -2.79391 5.47474 60.6486 -0.452587 -13 4230 1 0 1
0.927837 1.79665 25.4558 -0.902785 22.5473 65.4204 -0.544897 -13 4231 1 0 1
-1.96381 1.44863 25.4558 0.507213 0.62299 34.0016 0.55538 -13 4232 1 0 1
-1.61979 2.20053 25.4558 -9.09154 6.25086 65.383 0.592423 -13 4233 1 0 1
2.45303 0.343753 25.4558 4.02434 -5.66023 72.4004 -0.457547 -13 4234 1 0 1
-3.38188 -5.42154 25.4558 -8.84896 -17.3653 48.0021 0.357765 -13 4235 1 0 1
-1.98612 -2.48598 25.4558 -12.0972 1.8575 65.4371 0.982801 -13 4236 1 0 1
-2.9155 -2.09386 25.4558 -13.4682 -4.93485 63.7941 -0.181518 -13 4237 1 0 1
1.04047 -0.979311 25.4558 1.9452 8.40485 64.1215 0.41078 -13 4238 1 0 1
0.247505 1.09951 25.4558 -8.02369 -7.31368 73.4066 -0.358839 -13 4239 1 0 1
-2.129 -1.26555 25.4558 -10.4426 -3.62735 63.9731 1.6135 -13 4240 1 0 1
2.9298 -0.626714 25.4558 -6.22678 -6.63367 80.1817 0.795381 -13 4241 1 0 1
2.6514 -2.8849 25.4558 -3.82352 -20.5649 76.7965 0.8084 -13 4242 1 0 1
-0.458751 -4.15751 25.4558 -1.71816 -9.58419 60.9719 0.605343 -13 4243 1 0 1
-2.96671 1.68458 25.4558 -8.06226 -11.2695 53.5139 -0.900143 -13 4244 1 0 1
-4.44117 -3.10941 25.4558 -9.67584 -4.24836 47.4191 -0.984453 -13 4245 1 0 1
0.846815 -3.15171 25.4558 -5.04007 -6.12707 72.238 -0.435719 -13 4246 1 0 1
-0.966128 3.86266 25.4558 -9.37666 12.7363 68.1627 1.40393 -13 4247 1 0 1
-2.72463 0.0727179 25.4558 -16.4685 -7.01073 68.718 0.975041 -13 4248 1 0 1
-2.93912 -2.2092 25.4558 -7.27038 -2.31935 49.8514 0.499129 -13 4249 1 0 1
-0.168769 -1.98649 25.4558 5.17211 -1.81277 46.3057 1.12387 -13 4250 1 0 1
0.050612 -0.139304 25.4558 -2.24209 -9.71573 62.5583 -1.37398 -13 4251 1 0 1
0.275073 1.8888 25.4558 -0.476898 1.20473 65.6935 -0.517835 -13 4252 1 0 1
-0.000191485 -0.580001 25.4558 -5.96835 -13.1635 69.8788 -0.303702 -13 4253 1 0 1
3.83881 1.18505 25.4558 -2.72997 10.0627 79.1428 -0.822338 -13 4254 1 0 1
-2.16743 2.51029 25.4558 -0.840167 -6.45939 57.0553 0.564382 -13 4255 1 0 1
1.4301 -1.1223 25.4558 4.48612 -9.72422 64.7928 0.358097 -13 4256 1 0 1
-0.484096 -0.616027 25.4558 -1.01617 -1.90316 60.8392 2.27455 -13 4257 1 0 1
-0.0252118 -1.48199 25.4558 2.28052 -6.98525 60.0761 -1.16444 -13 4258 1 0 1
3.49748 2.19161 25.4558 5.5013 0.0446049 76.8985 2.09929 -13 4259 1 0 1
0.449081 -3.70481 25.4558 -4.34381 -8.18018 70.0562 1.49661 -13 4260 1 0 1
-3.16771 -1.0589 25.4558 -1.73409 -8.26464 35.5133 0.144734 -13 4261 1 0 1
2.10399 -0.946794 25.4558 -0.824638 9.99689 74.7579 0.229696 -13 4262 1 0 1
-1.73702 4.98107 25.4558 -5.93373 8.55461 62.8221 -0.724796 -13 4263 1 0 1
-3.12514 -0.787963 25.4558 -12.7526 -8.65664 63.712 -0.777146 -13 4264 1 0 1
1.30751 -1.2306 25.4558 -14.0071 2.92394 78.2261 -0.703905 -13 4265 1 0 1
-0.524349 2.00829 25.4558 -7.86249 18.9519 65.3944 0.912544 -13 4266 1 0 1
1.81704 0.274544 25.4558 -4.69967 5.0901 77.6621 1.89612 -13 4267 1 0 1
-2.55332 -1.48597 25.4558 -6.194 0.908244 54.9654 -0.202056 -13 4268 1 0 1
-4.66236 -0.849903 25.4558 -13.5176 -9.0922 51.4219 -1.38407 -13 4269 1 0 1
-0.239286 1.15267 25.4558 -2.26638 8.61701 64.0904 0.266461 -13 4270 1 0 1
0.671063 0.358205 25.4558 3.77916 0.162822 59.1402 -1.97108 -13 4271 1 0 1
3.16529 2.10681 25.4558 9.73361 -3.84818 65.5369 0.557552 -13 4272 1 0 1
-1.45338 2.04377 25.4558 -7.47319 2.72218 64.6961 -0.433325 -13 4273 1 0 1
-2.29577 -4.35758 25.4558 -2.22181 -15.178 49.1408 0.827294 -13 4275 1 0 1
-3.04475 1.97499 25.4558 -6.48422 4.83327 53.4964 -0.285782 -13 4276 1 0 1
1.30239 -1.07382 25.4558 -9.19421 -1.50314 79.7327 0.8352 -13 4277 1 0 1
-3.01381 -4.98111 25.4558 -13.3586 -4.80632 61.5681 -0.648149 -13 4278 1 0 1
1.19195 1.39809 25.4558 -2.44709 7.89769 71.8921 1.15337 -13 4279 1 0 1
-0.796886 -0.344777 25.4558 -1.01215 -7.29852 56.311 -0.298097 -13 4280 1 0 1
-2.28059 0.0358266 25.4558 -5.83645 -14.0628 54.3857 -0.983324 -13 4281 1 0 1
-1.80014 1.34826 25.4558 -5.76646 -0.211409 59.0081 0.0202842 -13 4282 1 0 1
0.477105 -2.58358 25.4558 -9.13571 -6.31663 76.9597 -1.71711 -13 4283 1 0 1
0.595416 1.36152 25.4558 -5.89811 4.41453 70.6446 0.364815 -13 4284 1 0 1
-0.636008 1.33968 25.4558 0.094328 -0.327165 57.2137 0.364268 -13 4285 1 0 1
2.72963 -1.158 25.4558 5.33888 -6.3516 66.3212 0.207996 -13 4286 1 0 1
-1.26065 1.97341 25.4558 -2.6072 4.80222 58.4157 1.1036 -13 4287 1 0 1
-2.11018 3.10004 25.4558 -4.49153 14.7075 53.1282 -0.11364 -13 4288 1 0 1
2.74596 -0.298365 25.4558 4.3111 1.63569 72.2485 0.0231323 -13 4290 1 0 1
-0.870998 -2.18806 25.4558 -7.46626 -4.96941 71.421 1.02155 -13 4291 1 0 1
1.8164 0.857808 25.4558 -5.21372 1.87472 76.6697 1.96905 -13 4292 1 0 1
-1.22778 -2.87655 25.4558 -14.6852 -10.4419 73.0435 -0.707753 -13 4293 1 0 1
-1.05312 0.663131 25.4558 -10.0085 -5.90377 68.4688 0.0575051 -13 4294 1 0 1
-1.53526 -0.130066 25.4558 -7.06264 -5.463 61.5988 -1.95645 -13 4295 1 0 1
-1.18236 2.26187 25.4558 -10.7284 3.86025 70.8739 0.599269 -13 4296 1 0 1
-2.33989 0.481366 25.4558 -4.99225 3.89044 53.1571 0.177683 -13 4297 1 0 1
-0.925919 -0.48193 25.4558 -6.61787 -4.43028 65.6456 0.016858 -13 4298 1 0 1
-0.696455 1.04278 25.4558 2.58615 1.64841 46.6365 -0.399299 -13 4299 1 0 1
0.5486 -2.36547 25.4558 -10.2483 -6.59905 77.1565 2.84281 -13 4300 1 0 1
2.04318 1.4546 25.4558 9.07305 7.16052 48.7384 2.0176 -13 4301 1 0 1
-0.324577 0.77978 25.4558 2.97201 2.45179 49.2745 0.465811 -13 4302 1 0 1
-1.63238 -0.117839 25.4558 -8.23562 3.95159 63.3944 0.489636 -13 4303 1 0 1
0.549373 -1.50234 25.4558 1.18567 -0.0743126 66.7834 -2.76327 -13 4304 1 0 1
-0.575686 -2.01263 25.4558 5.14451 -1.17616 39.6355 -0.530492 -13 4305 1 0 1
-1.03402 2.08865 25.4558 -5.94752 10.7273 63.3602 -0.0994711 -13 4306 1 0 1
-1.20031 -1.38011 25.4558 -6.6016 -0.687865 64.5328 1.52136 -13 4307 1 0 1
0.268425 0.310303 25.4558 -7.59561 9.74928 72.3087 2.78024 -13 4308 1 0 1
2.50424 1.72064 25.4558 5.08661 -0.675647 70.4131 -0.80203 -13 4309 1 0 1
-0.173518 3.22139 25.4558 2.02881 4.3261 58.3148 0.127971 -13 4310 1 0 1
3.6569 0.312868 25.4558 11.3535 -1.70524 35.6773 -1.4922 -13 4311 1 0 1
-2.01299 0.903814 25.4558 -21.2743 3.64291 73.2482 0.441222 -13 4312 1 0 1
0.718953 -0.624011 25.4558 0.66157 -2.73147 64.3115 -0.551013 -13 4313 1 0 1
0.0239264 -2.7386 25.4558 0.786943 -9.15703 59.154 0.529495 -13 4314 1 0 1
-4.73713 0.802246 25.4558 -9.52893 5.49154 46.1486 0.723783 -13 4315 1 0 1
0.176055 1.57468 25.4558 1.23794 0.173564 61.9585 -0.902935 -13 4316 1 0 1
1.45207 2.18713 25.4558 2.27215 11.4972 66.3059 1.37108 -13 4317 1 0 1
-1.32643 -3.87783 25.4558 -0.239015 -16.5477 45.626 0.397951 -13 4318 1 0 1
1.21376 0.460786 25.4558 -1.43904 5.70252 74.1296 -0.354339 -13 4319 1 0 1
3.5713 1.78677 25.4558 9.52394 13.6229 67.5413 -0.146961 -13 4320 1 0 1
0.257094 3.12813 25.4558 -6.37917 2.17983 70.2726 0.939086 -13 4321 1 0 1
1.25846 0.14494 25.4558 -2.14212 2.10362 71.8945 -1.0725 -13 4322 1 0 1
1.44369 -1.73438 25.4558 0.0317455 -4.61272 70.1957 -1.23018 -13 4323 1 0 1
-0.876934 3.22322 25.4558 1.85174 1.03516 21.1764 -0.450277 -13 4324 1 0 1
1.40051 -1.86861 25.4558 2.52624 -12.6261 65.8305 1.04842 -13 4325 1 0 1
1.09378 -0.184314 25.4558 0.930134 -9.40409 66.3212 -0.386616 -13 4326 1 0 1
0.716198 4.38064 25.4558 4.6688 7.45548 36.7462 -0.739375 -13 4327 1 0 1
-0.85257 1.8978 25.4558 -19.8698 2.65658 76.7531 -0.854612 -13 4328 1 0 1
5.76373 -0.436469 25.4558 17.9122 -11.7513 64.6442 -2.01611 -13 4329 1 0 1
-0.207435 2.06281 25.4558 -6.04756 0.166029 68.6009 -1.1993 -13 4330 1 0 1
-1.7825 3.48131 25.4558 -4.44546 7.28916 54.9477 -0.158331 -13 4331 1 0 1
-3.29725 -0.714761 25.4558 -8.12153 6.47374 53.4975 0.5899 -13 4332 1 0 1
1.06041 1.81504 25.4558 3.65442 -3.97861 61.4277 -1.79727 -13 4333 1 0 1
-2.36641 1.90657 25.4558 -2.36935 1.27064 51.0166 -1.31249 -13 4334 1 0 1
-3.06881 1.70995 25.4558 -7.56757 0.354685 55.9951 -0.222188 -13 4335 1 0 1
3.35183 2.09158 25.4558 -9.43197 17.2049 77.0227 -1.43201 -13 4336 1 0 1
-0.531237 -0.72145 25.4558 0.744388 -6.63098 59.7483 -0.413809 -13 4337 1 0 1
-1.2007 -2.53172 25.4558 1.43839 0.459746 47.2359 -1.229 -13 4338 1 0 1
-0.941336 -0.524197 25.4558 -1.1327 -5.58535 55.3858 -0.176255 -13 4339 1 0 1
2.61758 0.856215 25.4558 4.82965 -0.569707 72.8346 0.774764 -13 4340 1 0 1
0.0729142 0.204671 25.4558 -6.93917 -7.0616 73.0042 0.79698 -13 4341 1 0 1
-1.51306 2.06387 25.4558 -5.52446 8.53799 57.5583 -1.08368 -13 4342 1 0 1
1.11042 0.137828 25.4558 0.926593 0.0165333 66.1567 1.26259 -13 4343 1 0 1
1.00034 1.04952 25.4558 -7.91603 4.34489 74.6122 -1.78049 -13 4344 1 0 1
0.556017 1.00921 25.4558 -3.81445 -6.10185 70.2173 0.529161 -13 4345 1 0 1
-4.85329 -2.92978 25.4558 -14.5413 -1.01054 54.3652 -1.48885 -13 4346 1 0 1
-0.444445 1.59466 25.4558 2.4906 -0.223445 13.5013 1.36857 -13 4347 1 0 1
-0.51955 0.810187 25.4558 -1.82806 0.605121 61.0159 3.15454 -13 4348 1 0 1
-1.18818 1.57032 25.4558 -5.89591 11.6216 62.3976 1.11545 -13 4349 1 0 1
-2.78511 3.75691 25.4558 -5.02473 9.43919 52.9792 0.498179 -13 4350 1 0 1
1.05416 -0.43666 25.4558 -0.164681 3.09956 67.0175 0.350994 -13 4351 1 0 1
-0.162225 -1.12396 25.4558 2.33096 -0.139588 56.4658 0.829495 -13 4352 1 0 1
-1.49044 1.4384 25.4558 0.854048 0.12978 46.8218 0.665372 -13 4353 1 0 1
-4.21147 -3.5922 25.4558 -13.1927 -5.61921 55.2911 0.812152 -13 4354 1 0 1
1.96751 0.5771 25.4558 -1.08477 3.7706 75.5528 -0.191852 -13 4355 1 0 1
-1.10177 0.567015 25.4558 -8.7801 -1.91474 67.4193 0.315727 -13 4356 1 0 1
0.158971 -0.804779 25.4558 -10.3024 -5.56686 76.5172 -1.01065 -13 4357 1 0 1
-1.97121 -3.01517 25.4558 -12.4747 -8.4091 67.0639 -1.06909 -13 4358 1 0 1
0.14647 -1.15093 25.4558 -4.48749 1.88297 69.3503 1.56921 -13 4359 1 0 1
-2.0843 -2.29788 25.4558 -6.13477 -5.56717 54.7439 -1.26475 -13 4360 1 0 1
0.902855 -3.1309 25.4558 -7.86153 -15.1329 74.5682 1.43514 -13 4361 1 0 1
1.18862 -1.54372 25.4558 -0.554108 7.44229 67.3155 0.506333 -13 4362 1 0 1
0.310427 -0.826585 25.4558 0.509697 -9.79693 59.2201 0.695348 -13 4363 1 0 1
-0.355321 2.63106 25.4558 0.351709 9.60093 56.2858 1.07152 -13 4364 1 0 1
-8.24307 -5.08977 25.4558 -20.9022 -10.602 41.3563 2.27349 -13 4365 1 0 1
2.14267 -0.39515 25.4558 10.0563 -5.31048 53.2683 2.54794 -13 4366 1 0 1
1.79146 -1.66542 25.4558 3.3191 -0.599494 69.8967 -0.299198 -13 4367 1 0 1
-1.52797 -3.81788 25.4558 -0.328999 -11.72 46.5542 1.59983 -13 4368 1 0 1
0.348443 -0.735611 25.4558 -3.2065 1.00126 69.3219 -1.30158 -13 4369 1 0 1
0.052368 -1.70144 25.4558 1.03777 -10.209 58.23 -2.12886 -13 4370 1 0 1
0.0838294 2.85794 25.4558 -5.23458 10.53 70.457 1.06616 -13 4371 1 0 1
0.125093 -2.39315 25.4558 3.14068 -3.20768 54.4324 -1.81308 -13 4372 1 0 1
-2.88947 -3.04561 25.4558 -9.02466 -0.570918 58.8128 -2.38756 -13 4373 1 0 1
-1.68942 -6.57538 25.4558 3.57165 -20.7166 34.3122 1.96569 -13 4374 1 0 1
-0.670358 0.205516 25.4558 -4.06739 -10.8505 65.5289 -0.367826 -13 4375 1 0 1
-0.747881 1.43135 25.4558 -6.00474 9.63589 67.6954 1.23603 -13 4376 1 0 1
-2.25362 0.83762 25.4558 -7.92826 -10.2036 60.0384 2.11926 -13 4377 1 0 1
-6.04635 5.8541 25.4558 -20.5988 21.4405 49.6618 1.66801 -13 4378 1 0 1
2.06993 -0.0935257 25.4558 9.45841 4.33536 58.123 -0.0922404 -13 4379 1 0 1
2.47049 0.66975 25.4558 3.38944 1.59482 72.2543 -0.794918 -13 4380 1 0 1
1.21945 -0.66695 25.4558 0.21847 7.39668 67.9632 0.940039 -13 4381 1 0 1
-2.59014 -2.81657 25.4558 -7.47178 -2.80958 57.5067 -1.62707 -13 4382 1 0 1
1.43957 1.08198 25.4558 3.64887 2.28717 62.6242 0.385189 -13 4383 1 0 1
6.00732 -0.116522 25.4558 8.75683 1.49393 78.9184 0.568093 -13 4384 1 0 1
0.746793 0.190721 25.4558 -1.60079 0.367103 68.2181 1.16882 -13 4385 1 0 1
-1.56211 1.07654 25.4558 -8.42787 -1.15942 63.933 1.33343 -13 4386 1 0 1
-2.42349 2.19481 25.4558 -17.4995 18.5791 66.4134 0.242171 -13 4387 1 0 1
-1.39036 -3.17278 25.4558 -5.63368 -15.5682 60.5839 1.01369 -13 4388 1 0 1
-2.11168 0.873416 25.4558 -0.79312 -4.57615 45.5189 0.311983 -13 4389 1 0 1
-3.67086 -0.912067 25.4558 -3.96373 -1.28657 39.7674 0.892803 -13 4390 1 0 1
-1.19369 2.19894 25.4558 -8.53059 7.50504 67.1006 -1.38621 -13 4391 1 0 1
-1.1375 -2.53726 25.4558 1.25351 -10.6738 51.9452 1.97616 -13 4392 1 0 1
0.95486 1.14253 25.4558 -2.73852 6.61413 71.2115 -0.957007 -13 4393 1 0 1
-0.542776 1.56424 25.4558 -1.92189 12.3904 58.0425 -1.49786 -13 4394 1 0 1
-3.82181 1.50772 25.4558 -16.8895 -5.09512 62.1583 0.550862 -13 4395 1 0 1
-2.49317 -0.0225927 25.4558 -8.00936 3.37502 60.0168 0.218023 -13 4396 1 0 1
-0.580149 3.71113 25.4558 -5.21067 7.11587 69.6641 -0.101437 -13 4397 1 0 1
-0.138023 0.743698 25.4558 0.0825733 -0.479785 60.713 1.18492 -13 4398 1 0 1
-1.73855 -2.21634 25.4558 -1.03011 -9.70878 47.2782 0.209179 -13 4399 1 0 1
-0.100455 -1.41978 25.4558 -2.44363 9.51102 65.6133 1.72784 -13 4400 1 0 1
-0.181487 -1.52104 25.4558 -8.68107 -9.99094 72.5331 -1.24933 -13 4401 1 0 1
-3.90304 -1.87757 25.4558 -10.7132 -1.12161 52.6278 -1.34984 -13 4402 1 0 1
1.43628 0.724558 25.4558 7.13825 -2.84477 62.8072 1.94223 -13 4403 1 0 1
-2.62239 -2.2178 25.4558 -3.66284 0.769164 47.765 -0.390855 -13 4404 1 0 1
0.321043 1.65222 25.4558 2.46431 1.57406 56.3239 1.55259 -13 4405 1 0 1
1.08914 0.404197 25.4558 1.1932 -8.13273 68.4607 1.72429 -13 4406 1 0 1
-11.2121 -8.07049 25.4558 -34.8256 -14.2415 41.3104 -0.226102 -13 4407 1 0 1
-1.92215 0.752597 25.4558 -1.57417 4.18813 51.2877 1.9996 -13 4408 1 0 1
5.28767 3.4626 25.4558 15.5286 6.36535 65.1354 -0.175253 -13 4409 1 0 1
-2.34211 -0.0415689 25.4558 -4.90287 4.74584 50.6385 -0.212659 -13 4410 1 0 1
-1.84341 1.98649 25.4558 -3.06961 7.75308 53.9232 -0.216127 -13 4411 1 0 1
0.496779 -2.58148 25.4558 -0.230964 0.282969 67.289 0.506666 -13 4412 1 0 1
-0.0245807 -0.162342 25.4558 -4.12775 -2.99666 69.476 1.46867 -13 4413 1 0 1
3.57908 -0.825478 25.4558 1.38516 -0.654172 81.4092 -0.352166 -13 4414 1 0 1
0.845639 0.629699 25.4558 1.35418 -1.3347 66.6942 -0.365835 -13 4415 1 0 1
0.301919 -3.9679 25.4558 7.84464 -8.22997 45.2175 -1.46301 -13 4416 1 0 1
4.09829 3.3157 25.4558 16.0776 -0.259244 54.1864 0.896205 -13 4417 1 0 1
-4.45946 -0.0408246 25.4558 -11.5739 -0.875413 54.6156 -1.66003 -13 4418 1 0 1
-1.76604 1.02099 25.4558 -15.5929 5.85592 71.275 -1.04911 -13 4419 1 0 1
0.505865 -2.88264 25.4558 -6.22564 -1.96206 72.516 0.0494828 -13 4420 1 0 1
0.389672 1.14293 25.4558 -0.483654 -0.850972 64.8184 -1.72587 -13 4421 1 0 1
-1.83372 -0.293698 25.4558 -1.33925 0.388428 50.3836 1.12876 -13 4422 1 0 1
0.14503 -0.680512 25.4558 4.0469 -5.76784 46.1496 -0.848668 -13 4423 1 0 1
-1.68583 -2.68958 25.4558 -0.918488 -5.50661 40.4407 2.02191 -13 4424 1 0 1
-3.92157 1.21036 25.4558 -12.6557 6.49941 54.283 1.28995 -13 4425 1 0 1
-1.85671 -0.398767 25.4558 -10.0413 -1.21566 65.9411 -1.10322 -13 4426 1 0 1
0.173234 -4.90063 25.4558 3.5489 -9.17078 53.8836 2.03248 -13 4428 1 0 1
-0.492994 -1.14497 25.4558 -3.676 -3.27386 66.1717 0.98483 -13 4429 1 0 1
-3.47484 -2.52436 25.4558 -10.1495 -9.85693 55.5898 -2.13473 -13 4430 1 0 1
-2.42807 3.523 25.4558 -13.9292 2.24894 66.7806 -0.0819752 -13 4431 1 0 1
2.40939 -2.09236 25.4558 9.91142 0.00377227 59.6011 -0.771824 -13 4432 1 0 1
-1.21955 -1.03776 25.4558 -3.07624 -7.25129 61.5037 -1.37086 -13 4433 1 0 1
-2.13834 -1.46979 25.4558 -10.8358 -4.92495 64.9567 0.829199 -13 4434 1 0 1
1.45701 0.766017 25.4558 5.20209 -6.61498 64.3841 1.58051 -13 4435 1 0 1
-4.08802 -2.2886 25.4558 -20.5427 -14.2645 61.804 0.826018 -13 4436 1 0 1
0.268649 1.91773 25.4558 5.44725 3.5264 29.1198 2.11431 -13 4437 1 0 1
0.25822 1.25398 25.4558 1.36192 6.56132 61.0097 -0.0623507 -13 4438 1 0 1
-0.801462 -2.18535 25.4558 -10.8809 -10.2282 69.6071 -0.493018 -13 4439 1 0 1
-2.02391 0.752319 25.4558 -10.1353 -4.09257 64.9454 1.10096 -13 4440 1 0 1
2.71701 2.15735 25.4558 7.59985 0.293981 65.1956 0.153803 -13 4441 1 0 1
1.84491 -0.0572957 25.4558 7.01843 8.5933 54.3364 1.8504 -13 4442 1 0 1
-0.861398 -0.374179 25.4558 -4.06432 1.53522 62.9238 0.981869 -13 4443 1 0 1
-0.571999 1.70973 25.4558 -1.69234 0.501396 60.8969 -0.148639 -13 4444 1 0 1
1.40526 0.933729 25.4558 -4.16059 10.4163 73.391 -0.0979908 -13 4445 1 0 1
0.0180386 1.4309 25.4558 4.48876 5.65111 48.9213 -0.511684 -13 4446 1 0 1
-4.20417 0.952617 25.4558 -4.37436 6.50232 31.0213 0.125254 -13 4447 1 0 1
-3.65106 2.94886 25.4558 -4.58626 9.29 34.8651 2.42678 -13 4448 1 0 1
-1.8987 -0.732006 25.4558 -1.35702 -0.34438 44.5168 0.575884 -13 4449 1 0 1
-0.623489 -2.44622 25.4558 -8.59203 -6.91927 69.6363 1.52721 -13 4450 1 0 1
-0.107645 0.0486353 25.4558 -4.86114 -1.05251 68.3362 0.465433 -13 4451 1 0 1
-1.2459 -2.33361 25.4558 0.43129 -4.34387 47.8701 -0.836001 -13 4452 1 0 1
-4.05151 1.53994 25.4558 -9.47406 6.16952 54.8419 0.771889 -13 4453 1 0 1
-1.29866 0.505961 25.4558 -3.0433 10.5578 52.5335 0.134861 -13 4454 1 0 1
-4.39049 -1.31876 25.4558 -13.1308 -0.308463 54.111 -0.213254 -13 4455 1 0 1
0.601029 -2.42381 25.4558 -0.969543 -2.26929 65.8806 0.567408 -13 4456 1 0 1
-0.0956277 2.93643 25.4558 -5.94395 7.64277 70.897 1.35384 -13 4457 1 0 1
-1.83363 -4.03211 25.4558 -3.94911 -10.0792 55.7094 0.881361 -13 4458 1 0 1
1.14578 0.290535 25.4558 4.2629 2.55613 63.2743 -1.2057 -13 4460 1 0 1
2.25398 -2.23104 25.4558 -2.1611 -1.54734 76.4748 2.00743 -13 4461 1 0 1
-1.30211 1.34544 25.4558 -9.72421 2.79759 67.9851 1.54396 -13 4462 1 0 1
-1.1485 -4.02848 25.4558 -1.8663 -0.544129 55.8828 0.182938 -13 4463 1 0 1
1.02921 3.51875 25.4558 -0.976484 7.94033 68.9679 -0.140836 -13 4464 1 0 1
-1.24272 -3.63719 25.4558 -2.27659 -10.5705 58.3802 -1.43681 -13 4465 1 0 1
4.33924 0.915771 25.4558 4.446 -7.08978 78.8994 -1.1749 -13 4466 1 0 1
-4.01544 0.248263 25.4558 -21.9931 5.23523 66.073 -0.260014 -13 4467 1 0 1
0.319294 2.0989 25.4558 -5.36966 5.9557 71.6986 -0.473553 -13 4468 1 0 1
1.66603 0.212254 25.4558 -0.552149 -5.6805 72.542 0.714207 -13 4469 1 0 1
0.474723 -0.791363 25.4558 3.92277 -1.754 32.5667 -0.77998 -13 4470 1 0 1
1.04139 -1.10192 25.4558 4.38392 -7.82506 60.1001 -0.259164 -13 4471 1 0 1
-1.70181 -0.965911 25.4558 -9.10762 -1.77462 64.8587 0.232957 -13 4473 1 0 1
0.419575 0.643814 25.4558 0.787281 1.97612 63.4956 0.257706 -13 4474 1 0 1
2.64069 -5.02857 25.4558 9.70802 -19.7305 55.4741 0.730311 -13 4475 1 0 1
-1.39573 0.309088 25.4558 -4.75589 -1.16181 57.5914 -1.19792 -13 4476 1 0 1
-0.558416 -3.13229 25.4558 1.91065 1.12786 56.367 0.505853 -13 4477 1 0 1
-0.134623 -0.692052 25.4558 1.68725 -0.176174 50.6578 1.97082 -13 4478 1 0 1
0.712415 0.939299 25.4558 0.468913 -2.58863 64.6829 -1.43823 -13 4479 1 0 1
-1.06413 2.29785 25.4558 -7.37419 15.3013 63.1158 -0.252567 -13 4480 1 0 1
-0.011875 -3.99546 25.4558 1.17486 -10.1325 56.1597 0.851654 -13 4481 1 0 1
0.935161 -2.12499 25.4558 -4.17517 -1.85357 71.2304 0.458359 -13 4482 1 0 1
2.35045 1.42686 25.4558 -4.25099 8.03635 79.0764 -1.74207 -13 4483 1 0 1
-4.73325 1.9611 25.4558 -6.11559 6.38942 30.5539 0.241414 -13 4484 1 0 1
-3.85388 -2.1188 25.4558 -4.75174 3.88735 36.0956 2.80199 -13 4485 1 0 1
-0.683229 -1.28656 25.4558 2.93035 5.36876 45.8741 -0.364632 -13 4486 1 0 1
1.20603 0.0873601 25.4558 5.62472 0.476579 61.2667 -0.481562 -13 4487 1 0 1
-1.83339 0.286937 25.4558 -12.6612 -4.30481 68.2064 -1.04825 -13 4488 1 0 1
0.911503 -0.769167 25.4558 7.26464 -0.819034 56.1004 2.16631 -13 4489 1 0 1
-2.50347 -0.099633 25.4558 0.435872 2.28788 41.0728 -2.02442 -13 4490 1 0 1
-0.15937 -3.96257 25.4558 -5.71226 -16.7363 67.5528 0.775975 -13 4491 1 0 1
1.42011 1.91883 25.4558 -1.85432 -3.43526 72.6562 0.0554236 -13 4492 1 0 1
0.142103 -0.435804 25.4558 -10.0142 -10.2335 75.384 -0.960639 -13 4493 1 0 1
-1.26119 -0.852183 25.4558 -1.287 0.275494 56.7905 0.172566 -13 4494 1 0 1
1.55043 2.65325 25.4558 3.40822 13.6239 66.4196 -0.163462 -13 4495 1 0 1
-1.12172 -1.42921 25.4558 -3.40948 -2.5841 63.9397 -1.49875 -13 4496 1 0 1
1.58983 -0.624447 25.4558 -7.85768 9.75109 78.3882 0.736837 -13 4497 1 0 1
3.6043 -4.50065 25.4558 4.27675 -0.278661 75.6499 1.87583 -13 4498 1 0 1
-1.24293 1.29459 25.4558 -9.27506 5.63461 69.3822 0.206553 -13 4499 1 0 1
-1.53667 0.903018 25.4558 -5.88399 1.97115 61.6345 -0.270066 -13 4500 1 0 1
1.12067 1.43499 25.4558 -0.183346 -0.778033 68.107 0.840353 -13 4501 1 0 1
5.29311 -0.66075 25.4558 18.4593 -2.52477 49.0813 0.0805211 -13 4503 1 0 1
-1.32965 2.36946 25.4558 -0.847973 12.3144 51.3829 0.746962 -13 4504 1 0 1
-1.47275 4.00742 25.4558 0.800566 8.82357 28.4459 0.743069 -13 4505 1 0 1
0.854494 0.912236 25.4558 6.7415 -7.56821 57.2313 -0.369872 -13 4506 1 0 1
1.05918 0.296571 25.4558 3.20795 9.0159 61.4315 -1.62786 -13 4507 1 0 1
-1.63375 -0.0100518 25.4558 -7.98253 4.30689 63.6944 0.295188 -13 4508 1 0 1
0.62339 1.18232 25.4558 -4.88639 7.98045 72.3012 -2.11814 -13 4509 1 0 1
2.60188 0.26 25.4558 4.14311 2.69192 71.3273 -1.13495 -13 4510 1 0 1
-2.13612 -0.538649 25.4558 -14.0131 -4.65724 67.3219 -0.551234 -13 4511 1 0 1
1.44283 -0.435985 25.4558 3.70854 5.14323 67.0169 -0.36731 -13 4512 1 0 1
-0.825539 -0.0255155 25.4558 -1.75843 0.859821 57.8188 2.50024 -13 4513 1 0 1
0.136826 1.8281 25.4558 0.160932 0.824679 63.8786 -0.273208 -13 4514 1 0 1
1.08581 0.108786 25.4558 4.40278 5.77491 61.5566 -2.29515 -13 4515 1 0 1
-1.53314 -1.76844 25.4558 -7.1049 -8.90616 62.2617 1.5296 -13 4516 1 0 1
-0.331131 -3.42987 25.4558 -0.801111 -15.5053 58.3382 1.38848 -13 4517 1 0 1
1.11959 1.08912 25.4558 4.36831 2.70092 58.8249 -0.681793 -13 4518 1 0 1
1.18048 0.517005 25.4558 5.27301 -2.28126 56.2312 0.763022 -13 4519 1 0 1
0.308012 2.04506 25.4558 0.4726 1.45437 62.4762 -1.22746 -13 4520 1 0 1
1.32522 1.64062 25.4558 -8.52428 1.73088 80.1973 0.445452 -13 4521 1 0 1
0.300205 -4.59931 25.4558 4.87216 -13.2101 26.5828 1.47902 -13 4522 1 0 1
-1.53278 1.23498 25.4558 -6.92361 11.7925 63.8951 3.11336 -13 4523 1 0 1
1.1075 1.8793 25.4558 -0.971135 -4.1082 68.1913 0.386455 -13 4524 1 0 1
3.9461 4.05661 25.4558 13.962 12.9576 56.1045 1.76067 -13 4525 1 0 1
-2.08613 0.687504 25.4558 -10.4537 -5.4831 64.5105 -0.0511526 -13 4526 1 0 1
-1.04627 -0.494291 25.4558 -5.66415 0.171572 64.7391 1.69853 -13 4527 1 0 1
0.241481 -0.0160667 25.4558 4.89488 -3.51121 56.5727 1.87156 -13 4528 1 0 1
-1.2817 2.63182 25.4558 -2.5774 1.88368 54.5783 1.84627 -13 4529 1 0 1
1.30815 0.0115969 25.4558 2.49104 -4.23084 67.8854 0.802315 -13 4530 1 0 1
0.55543 -1.06991 25.4558 4.1635 -2.16011 58.261 -2.33718 -13 4531 1 0 1
-1.11388 1.02856 25.4558 0.142605 12.6214 50.4154 0.54295 -13 4532 1 0 1
-4.26503 2.19642 25.4558 -9.71079 2.60898 46.6998 -1.93449 -13 4533 1 0 1
-3.98768 -2.95318 25.4558 -9.51126 1.6298 52.5221 0.0893367 -13 4534 1 0 1
1.32124 1.97082 25.4558 6.50288 7.54193 59.9006 0.321112 -13 4535 1 0 1
-0.418326 5.34553 25.4558 -0.576755 11.319 62.4322 -0.0703146 -13 4536 1 0 1
-0.684532 1.19696 25.4558 -7.82077 -9.22334 67.6554 -1.86477 -13 4537 1 0 1
-1.48793 1.55186 25.4558 -6.31001 -4.30523 62.2168 -2.19488 -13 4538 1 0 1
-1.28545 -0.536185 25.4558 -7.8385 0.418871 67.593 -0.300866 -13 4539 1 0 1
1.73561 -1.4387 25.4558 -2.47003 -8.72403 72.4532 1.09926 -13 4540 1 0 1
0.402032 4.73229 25.4558 -7.32927 14.3699 72.0051 -1.09184 -13 4541 1 0 1
-1.28522 0.750338 25.4558 -7.94085 -5.59679 64.5784 -1.91672 -13 4542 1 0 1
0.795406 -0.804093 25.4558 0.949639 -6.23574 65.1647 0.00793965 -13 4543 1 0 1
1.23532 -1.95628 25.4558 -4.82307 -3.4418 74.7302 -0.447892 -13 4544 1 0 1
-0.885293 2.68824 25.4558 -10.6011 2.74353 70.9206 0.807298 -13 4545 1 0 1
-1.99056 3.26397 25.4558 0.383395 2.95205 34.2185 0.633163 -13 4546 1 0 1
1.7739 1.75016 25.4558 1.04376 0.758582 74.1147 -0.0963251 -13 4547 1 0 1
2.18829 -1.36798 25.4558 3.83948 0.162727 70.327 2.08587 -13 4548 1 0 1
0.427827 -0.712548 25.4558 -1.156 4.38253 65.3879 -1.17453 -13 4549 1 0 1
1.43666 1.75208 25.4558 -9.46795 11.8214 77.2313 -0.675571 -13 4550 1 0 1
3.9248 -1.26292 25.4558 9.80659 -15.1533 70.2624 -0.935684 -13 4551 1 0 1
-1.4998 -2.67325 25.4558 -7.21632 0.618317 63.7877 0.109122 -13 4552 1 0 1
-0.78364 3.88505 25.4558 -6.2397 16.4706 63.0578 -1.21544 -13 4553 1 0 1
-1.87285 2.05991 25.4558 -2.65138 6.67282 53.1129 -0.316711 -13 4554 1 0 1
-2.55025 2.55493 25.4558 -13.2559 16.1352 60.3694 0.459456 -13 4555 1 0 1
-0.940957 0.174569 25.4558 -10.3344 -0.304072 70.6578 1.44502 -13 4556 1 0 1
-2.5476 0.370866 25.4558 -10.1049 0.758294 62.1233 -1.67482 -13 4558 1 0 1
2.02517 5.6458 25.4558 6.36145 22.966 61.6754 2.44712 -13 4559 1 0 1
-2.12865 -0.0722911 25.4558 -13.0117 -4.06614 64.2774 0.237045 -13 4560 1 0 1
-2.67151 4.93049 25.4558 -8.05555 11.2319 55.0774 0.219711 -13 4561 1 0 1
0.913875 -2.34171 25.4558 6.69399 -9.01252 39.095 1.34575 -13 4562 1 0 1
-1.5598 -6.27688 25.4558 -9.23558 -21.9164 62.3249 1.87034 -13 4563 1 0 1
1.82619 -2.04387 25.4558 6.4293 5.41339 65.9537 2.02009 -13 4565 1 0 1
4.1942 0.40723 25.4558 12.1671 0.938294 66.9484 0.297089 -13 4566 1 0 1
3.5171 1.82117 25.4558 12.3647 9.73265 60.6375 -0.527741 -13 4567 1 0 1
-2.86541 -2.58491 25.4558 -8.78876 -8.05523 56.3124 0.803376 -13 4568 1 0 1
-3.70697 3.97718 25.4558 -14.3491 11.5005 59.544 0.165695 -13 4570 1 0 1
0.359936 -0.582354 25.4558 0.798153 5.55752 63.9248 -0.478184 -13 4571 1 0 1
0.542581 -1.90221 25.4558 -14.3958 -5.25002 77.8994 1.71897 -13 4572 1 0 1
3.63167 -2.25917 25.4558 13.8395 -7.98048 44.4952 -2.92381 -13 4573 1 0 1
-1.40396 -0.82441 25.4558 -8.12998 -2.6771 63.2924 0.448976 -13 4574 1 0 1
0.30616 -6.14534 25.4558 -1.45737 -13.1709 65.8608 0.193358 -13 4575 1 0 1
2.99217 -4.11367 25.4558 11.4095 -10.1333 53.477 0.271401 -13 4576 1 0 1
-2.00001 -0.975563 25.4558 -3.56378 -1.64637 54.085 -1.01755 -13 4578 1 0 1
-3.06537 3.32121 25.4558 -8.83924 -0.469097 55.3782 -1.16785 -13 4579 1 0 1
2.32145 2.36744 25.4558 -2.27891 -1.10522 77.7251 -0.140854 -13 4580 1 0 1
-3.46607 0.307744 25.4558 -13.1476 -0.066963 61.1849 2.28212 -13 4581 1 0 1
-2.03437 -1.11189 25.4558 -4.41095 -0.327495 56.6123 -0.996922 -13 4582 1 0 1
-4.60805 1.34888 25.4558 -8.77709 2.31677 35.9104 0.173376 -13 4583 1 0 1
-2.2812 -0.328152 25.4558 -4.80722 5.38219 56.9906 -1.00247 -13 4585 1 0 1
0.354329 0.293569 25.4558 2.25767 4.23864 62.1451 0.044478 -13 4586 1 0 1
-0.593146 -3.61537 25.4558 -1.82015 -16.2954 57.1104 1.20294 -13 4587 1 0 1
-6.07228 -1.85552 25.4558 -13.5254 -10.9065 38.0428 0.331027 -13 4588 1 0 1
1.11852 0.351386 25.4558 5.89209 4.49486 58.6642 -0.206626 -13 4590 1 0 1
-0.312766 2.44824 25.4558 0.768983 9.25748 53.3368 -1.38045 -13 4591 1 0 1
-1.4568 -0.130211 25.4558 -5.1444 4.28979 61.7026 0.0781381 -13 4592 1 0 1
-3.18723 3.29181 25.4558 -7.7896 8.22827 50.5169 0.732659 -13 4593 1 0 1
-0.882464 -1.5667 25.4558 -4.22269 -0.637132 64.3129 -0.712058 -13 4594 1 0 1
0.542791 0.201594 25.4558 -0.478883 -1.66705 65.8007 -0.371171 -13 4595 1 0 1
3.33663 -2.10334 25.4558 14.0043 -7.77608 49.3512 1.50935 -13 4596 1 0 1
-1.67286 -0.124544 25.4558 -1.98735 0.660622 47.1812 0.559375 -13 4597 1 0 1
1.20513 1.59218 25.4558 7.49747 7.28561 54.6198 0.396343 -13 4598 1 0 1
1.57221 -0.0640789 25.4558 -5.5163 10.1729 75.6282 0.522137 -13 4599 1 0 1
-3.39202 0.895076 25.4558 -16.7716 3.97788 64.3849 -0.364308 -13 4600 1 0 1
-2.28011 1.24285 25.4558 -9.22723 9.79272 64.2442 1.71941 -13 4601 1 0 1
0.376447 -1.12699 25.4558 -7.26179 -5.69769 74.4229 0.831107 -13 4602 1 0 1
0.827902 -1.46472 25.4558 2.77138 -12.9896 63.5928 -0.384899 -13 4603 1 0 1
-4.28029 -1.15643 25.4558 -9.66256 -1.19807 49.6865 0.353855 -13 4604 1 0 1
-2.5685 -0.262248 25.4558 -9.58822 -2.94632 59.21 1.91119 -13 4605 1 0 1
-0.0610553 -1.59093 25.4558 2.48637 6.18653 54.5388 0.00267257 -13 4606 1 0 1
0.407882 1.73246 25.4558 -6.36222 -3.47106 72.6802 -0.140814 -13 4607 1 0 1
-2.14828 -2.21808 25.4558 -12.8576 2.67062 65.0248 1.29541 -13 4608 1 0 1
-1.98294 -1.86401 25.4558 -1.01094 -3.57415 53.6976 0.512663 -13 4609 1 0 1
3.25145 1.81488 25.4558 7.32065 10.5109 71.1801 0.1795 -13 4610 1 0 1
1.29757 0.0342976 25.4558 4.6896 -2.33651 61.7584 1.87646 -13 4611 1 0 1
-1.92674 -2.08844 25.4558 -7.64758 -3.08619 60.6459 -1.38436 -13 4612 1 0 1
0.305467 2.78956 25.4558 -8.2109 -1.03302 74.2071 0.26932 -13 4613 1 0 1
-1.60222 0.602889 25.4558 0.434395 1.94731 45.3761 0.0334563 -13 4614 1 0 1
0.280922 1.19415 25.4558 -5.25117 11.0648 69.8269 -1.85612 -13 4615 1 0 1
0.169535 3.10208 25.4558 -8.12922 5.94589 71.7689 -0.942184 -13 4616 1 0 1
-3.23693 0.99513 25.4558 -4.90549 8.33416 50.5682 1.91452 -13 4617 1 0 1
-2.37565 -1.52104 25.4558 -8.64718 -10.608 58.5375 -0.90588 -13 4618 1 0 1
0.576453 -2.46957 25.4558 1.70447 -11.3938 62.4097 1.01601 -13 4619 1 0 1
-0.535633 -0.528307 25.4558 0.692748 -9.53628 53.7078 -2.17288 -13 4620 1 0 1
-2.06476 1.38612 25.4558 -4.19979 3.6274 51.8069 0.346866 -13 4621 1 0 1
-0.518554 -2.75867 25.4558 -8.14828 -12.5167 68.9871 0.629049 -13 4622 1 0 1
-2.34199 1.34413 25.4558 -17.8054 3.82941 70.7666 0.299972 -13 4623 1 0 1
-3.06789 4.59417 25.4558 -11.8703 10.3241 60.4489 0.627035 -13 4624 1 0 1
-1.39401 1.37917 25.4558 -5.65931 4.10952 62.1769 0.686007 -13 4625 1 0 1
-0.0236331 -1.44889 25.4558 -1.99403 -9.09668 64.8054 1.49473 -13 4626 1 0 1
1.78365 -2.78493 25.4558 8.69433 -2.54166 62.1844 0.985498 -13 4627 1 0 1
-0.047542 -0.375647 25.4558 3.30981 0.64981 53.0652 -0.754253 -13 4628 1 0 1
-0.569128 -1.66046 25.4558 -1.66401 -7.14131 59.0292 0.85052 -13 4629 1 0 1
3.69218 -0.725927 25.4558 7.54528 -5.93806 72.0185 0.536962 -13 4630 1 0 1
0.748742 1.57916 25.4558 -4.56935 5.05827 68.5885 -0.113606 -13 4631 1 0 1
-0.728613 0.589507 25.4558 -6.16998 -2.80056 63.1945 0.187685 -13 4632 1 0 1
4.69337 2.43375 25.4558 15.6529 9.42781 63.8397 1.5305 -13 4633 1 0 1
0.17572 -0.92195 25.4558 -10.3681 4.81869 75.0623 -1.46031 -13 4634 1 0 1
1.74082 -3.19813 25.4558 10.9017 -11.0216 54.3758 2.69698 -13 4635 1 0 1
-1.99575 2.20453 25.4558 -4.00306 12.0882 52.4194 1.66652 -13 4636 1 0 1
0.60314 0.130556 25.4558 1.62711 0.793705 63.5035 1.27783 -13 4637 1 0 1
0.899089 -1.41773 25.4558 2.44411 6.4742 65.2947 -0.521659 -13 4638 1 0 1
1.70284 -0.122673 25.4558 5.79864 1.66919 62.1611 1.66341 -13 4639 1 0 1
-1.49766 2.0625 25.4558 -5.79362 5.6409 64.3359 0.493492 -13 4640 1 0 1
-4.31139 -0.85492 25.4558 -8.39871 -2.09804 45.0518 -1.24903 -13 4641 1 0 1
-4.34719 -1.66202 25.4558 -6.95957 -1.31884 36.5706 -0.012564 -13 4642 1 0 1
-3.11717 -3.49054 25.4558 -7.6028 -8.03009 55.2646 0.767683 -13 4643 1 0 1
2.54227 0.187638 25.4558 8.99491 5.1993 63.4028 1.46904 -13 4644 1 0 1
0.92316 0.0214308 25.4558 -8.69822 1.7394 77.1895 0.917211 -13 4645 1 0 1
1.57829 -0.436761 25.4558 2.234 -7.10613 70.5168 -2.38393 -13 4646 1 0 1
-0.0758608 0.657056 25.4558 -6.50946 3.77202 70.6307 -0.871667 -13 4647 1 0 1
3.34671 -5.88633 25.4558 11.9407 -10.6457 60.7921 0.794178 -13 4648 1 0 1
-0.231486 -1.61559 25.4558 -9.13717 3.90433 73.4125 -0.187621 -13 4649 1 0 1
-2.71827 5.21681 25.4558 -6.841 14.8518 55.1455 -0.359595 -13 4650 1 0 1
0.324101 -0.33517 25.4558 0.427776 -5.165 64.5399 -2.32315 -13 4651 1 0 1
1.32772 1.94103 25.4558 1.65887 10.0396 69.3358 -0.613964 -13 4652 1 0 1
-1.894 1.6729 25.4558 0.219081 9.94142 28.9079 0.675267 -13 4653 1 0 1
3.42899 4.91379 25.4558 11.9283 2.79539 47.8159 -0.635503 -13 4654 1 0 1
-1.55172 1.23964 25.4558 -6.33487 -3.30706 60.901 -1.56828 -13 4655 1 0 1
3.30685 -0.240756 25.4558 12.1882 -4.81184 61.5363 -0.107362 -13 4656 1 0 1
0.839604 2.42076 25.4558 4.69116 8.5118 49.4327 2.13562 -13 4658 1 0 1
1.76091 0.417063 25.4558 8.00802 -2.68516 62.6668 1.39442 -13 4659 1 0 1
-0.138865 0.0677134 25.4558 1.97176 -1.10409 48.4038 0.200562 -13 4660 1 0 1
-0.887352 3.52519 25.4558 -2.45128 5.45229 61.6769 -0.0919492 -13 4661 1 0 1
-1.11066 -2.46691 25.4558 -17.0695 -17.3505 73.3317 -1.33148 -13 4662 1 0 1
2.44538 1.85932 25.4558 0.219533 4.86145 75.3603 0.411407 -13 4663 1 0 1
1.88511 -1.06963 25.4558 0.0788029 -6.49662 75.7663 -0.397445 -13 4664 1 0 1
0.579801 -5.92085 25.4558 4.80591 -9.49523 23.9835 1.10962 -13 4665 1 0 1
-1.4396 -1.51769 25.4558 0.764297 -4.31023 43.5232 -1.01132 -13 4666 1 0 1
-2.42551 -1.9906 25.4558 -1.64527 -5.16465 35.9216 0.615945 -13 4667 1 0 1
-4.9975 1.72814 25.4558 -29.4403 4.54864 66.5928 0.638417 -13 4668 1 0 1
-3.58417 -0.190977 25.4558 -1.737 -1.7992 30.3738 0.929038 -13 4669 1 0 1
3.5167 4.81991 25.4558 12.4539 10.3428 50.2453 -0.508249 -13 4670 1 0 1
-1.2657 0.68784 25.4558 -0.446274 0.591259 55.6438 1.02482 -13 4671 1 0 1
-3.08702 -1.69402 25.4558 -10.6304 -2.54601 59.3506 0.0643811 -13 4672 1 0 1
-3.37002 -2.60649 25.4558 -11.3196 4.65013 61.1075 -0.594247 -13 4673 1 0 1
-0.491192 0.543512 25.4558 -14.1284 -9.28501 75.4699 -0.24174 -13 4674 1 0 1
-1.99695 -0.204245 25.4558 -1.64425 -9.09998 45.9175 1.90027 -13 4675 1 0 1
-3.46474 1.25774 25.4558 -9.16231 5.8332 53.8307 0.941531 -13 4676 1 0 1
0.257079 3.1369 25.4558 3.39208 12.541 58.6833 -0.0244701 -13 4677 1 0 1
-0.039009 -0.491965 25.4558 -4.89686 0.460034 70.7988 2.18835 -13 4678 1 0 1
0.940481 1.04102 25.4558 3.17386 0.628203 60.9451 -1.92819 -13 4679 1 0 1
0.610425 1.48441 25.4558 -6.5286 3.80871 74.2944 0.145885 -13 4680 1 0 1
2.86179 0.326994 25.4558 6.57169 -1.15982 70.5441 1.13502 -13 4681 1 0 1
1.99091 1.11156 25.4558 1.2676 -7.43513 72.2745 0.596912 -13 4682 1 0 1
2.34414 2.64786 25.4558 6.03937 -1.89328 68.1671 -1.24534 -13 4683 1 0 1
2.76625 3.07651 25.4558 11.2928 -3.95136 50.3594 2.62368 -13 4684 1 0 1
1.30898 -1.5587 25.4558 3.71924 -7.09863 66.1807 -2.00871 -13 4685 1 0 1
-0.630576 2.32124 25.4558 -4.39393 5.49412 64.8642 0.578308 -13 4686 1 0 1
-4.95775 2.89153 25.4558 -13.6039 -0.277862 52.152 -0.609845 -13 4687 1 0 1
-1.46237 -2.18814 25.4558 -6.83936 -11.0674 59.8627 1.54397 -13 4688 1 0 1
-0.698595 1.93363 25.4558 1.74125 -2.44541 53.8229 -1.98561 -13 4689 1 0 1
0.0818181 1.4443 25.4558 -7.96932 8.19157 72.8998 -0.0283739 -13 4690 1 0 1
2.34928 -2.01279 25.4558 5.63098 -0.258561 68.9403 -0.233847 -13 4691 1 0 1
-3.16531 2.72265 25.4558 -2.52909 1.04616 30.7437 0.062174 -13 4692 1 0 1
-2.5229 0.317621 25.4558 -8.89212 8.83318 59.5301 0.494678 -13 4693 1 0 1
-0.614964 0.853333 25.4558 -9.18788 4.24894 70.4254 2.17265 -13 4694 1 0 1
2.32955 1.77098 25.4558 -1.60479 4.84218 76.9824 0.0387948 -13 4695 1 0 1
-0.945049 0.277245 25.4558 -2.37624 -8.4443 59.2911 0.441077 -13 4696 1 0 1
2.19941 -2.58267 25.4558 7.43563 -2.47904 64.1163 -0.108688 -13 4697 1 0 1
1.65285 -0.116981 25.4558 6.22072 -1.90968 63.3891 -0.290601 -13 4698 1 0 1
-1.59506 -0.587856 25.4558 -1.32299 -8.29855 49.5906 1.55952 -13 4700 1 0 1
1.51401 -0.827397 25.4558 3.22658 3.43528 67.4465 -1.75007 -13 4701 1 0 1
-2.11332 -6.06705 25.4558 -11.2565 -19.1391 63.2338 0.285194 -13 4702 1 0 1
-0.0867968 -1.18262 25.4558 -3.02111 -1.05445 66.6223 -0.105135 -13 4703 1 0 1
1.43272 -0.767291 25.4558 6.97827 2.08009 56.8583 0.365822 -13 4704 1 0 1
-3.11976 -5.05447 25.4558 -11.8558 -15.1365 57.229 0.0377963 -13 4705 1 0 1
1.71042 1.84068 25.4558 6.40114 2.67498 64.0515 -2.04056 -13 4706 1 0 1
1.85764 -1.39179 25.4558 5.579 2.85661 66.3641 -0.00911023 -13 4707 1 0 1
-0.878415 -0.342263 25.4558 -1.83158 4.59324 58.7579 0.202713 -13 4708 1 0 1
-1.69703 -0.792492 25.4558 -11.4008 -4.99205 66.3379 1.40394 -13 4709 1 0 1
-0.7663 3.99276 25.4558 -9.83426 -7.02348 71.3365 -0.0888722 -13 4710 1 0 1
1.03152 0.364078 25.4558 9.56507 -0.801372 47.2081 0.320773 -13 4711 1 0 1
-0.765416 -0.797099 25.4558 2.39684 -7.1451 50.7726 -1.05144 -13 4712 1 0 1
-3.15682 -0.595997 25.4558 -10.1827 -4.80397 56.822 0.236263 -13 4713 1 0 1
-0.731482 1.64854 25.4558 -4.80921 12.4873 64.8204 1.71031 -13 4714 1 0 1
-0.266742 -2.95962 25.4558 0.371912 -8.01191 52.7888 3.8916 -13 4715 1 0 1
-3.60606 -1.02749 25.4558 -13.9165 2.33961 59.4106 0.154181 -13 4716 1 0 1
-1.32878 0.169837 25.4558 -14.3734 -5.40217 71.602 -0.0879786 -13 4717 1 0 1
-5.45642 0.0488418 25.4558 -10.0953 -0.180267 33.774 -0.414827 -13 4718 1 0 1
0.0496506 -2.41893 25.4558 -2.2335 -5.34741 65.1832 1.67554 -13 4719 1 0 1
-1.18557 0.00300036 25.4558 -1.31067 1.0651 54.5182 -0.589809 -13 4720 1 0 1
0.913242 -0.934845 25.4558 8.82538 -1.59022 41.4918 0.140912 -13 4721 1 0 1
3.27807 1.88921 25.4558 8.78508 6.43158 67.9505 -1.20513 -13 4722 1 0 1
0.284422 -0.201346 25.4558 -13.0714 -1.84545 76.6628 -2.40094 -13 4723 1 0 1
-1.07782 -1.6781 25.4558 -11.0292 -4.49657 70.5775 1.1379 -13 4724 1 0 1
0.656407 0.882455 25.4558 -11.2348 6.73665 78.476 0.14715 -13 4725 1 0 1
0.0574625 -0.281097 25.4558 -8.20138 9.10659 72.8556 -0.0556096 -13 4726 1 0 1
-0.838068 1.37283 25.4558 -3.4092 1.3751 62.7653 1.3748 -13 4727 1 0 1
-0.474137 1.70586 25.4558 3.8779 -0.90232 34.6906 -1.58312 -13 4728 1 0 1
-3.38918 -1.00538 25.4558 -4.26362 -5.74106 45.9939 -1.57585 -13 4729 1 0 1
2.39215 -1.91269 25.4558 7.11306 -10.1347 69.4534 -0.419397 -13 4730 1 0 1
-2.49988 -0.732846 25.4558 -4.35841 0.166928 48.9676 -1.83938 -13 4731 1 0 1
1.88006 1.0146 25.4558 1.16518 -0.836167 72.8159 0.674129 -13 4732 1 0 1
2.49087 2.13719 25.4558 -0.00147214 12.9673 74.2894 -0.637446 -13 4733 1 0 1
-2.30687 -1.20182 25.4558 -3.6476 -14.7253 52.7616 1.34971 -13 4734 1 0 1
0.684143 0.92068 25.4558 -1.90173 0.576116 71.213 -0.621029 -13 4735 1 0 1
-0.50878 3.94329 25.4558 -4.18997 10.0478 66.5322 0.990804 -13 4736 1 0 1
1.76721 4.39838 25.4558 0.936878 2.32616 71.8188 -0.282866 -13 4737 1 0 1
-1.35061 -4.62988 25.4558 -5.01573 -17.4742 58.8711 -1.10397 -13 4738 1 0 1
-1.00374 -0.311525 25.4558 -12.3143 8.4082 69.8656 0.2009 -13 4739 1 0 1
2.75345 0.839338 25.4558 14.8173 1.72757 61.7038 2.05894 -13 4740 1 0 1
3.50144 -0.868667 25.4558 12.2225 2.15779 57.2712 -0.416495 -13 4741 1 0 1
-0.226866 -1.33491 25.4558 -7.85179 -0.766956 71.9679 -1.06182 -13 4742 1 0 1
3.21209 0.703426 25.4558 13.0752 3.19274 54.8598 -0.417581 -13 4743 1 0 1
-1.2726 -3.00054 25.4558 -11.3901 -3.76316 66.8802 0.720934 -13 4744 1 0 1
0.0379375 -4.59777 25.4558 -0.745553 -8.0647 61.1501 1.14219 -13 4745 1 0 1
-2.96823 -2.06263 25.4558 -8.10774 -2.86842 54.343 0.482533 -13 4746 1 0 1
1.20349 2.21573 25.4558 -6.42784 -3.88666 75.7688 -1.02027 -13 4748 1 0 1
-0.295861 -1.16389 25.4558 -2.02865 -15.4065 65.5522 2.07671 -13 4749 1 0 1
-2.1325 -1.84573 25.4558 -6.35525 -2.2871 58.4751 -0.421548 -13 4750 1 0 1
-1.41279 1.12387 25.4558 -2.89896 -3.37233 58.7763 -0.116611 -13 4751 1 0 1
1.86837 -2.58542 25.4558 1.08588 -1.12104 68.8698 0.948845 -13 4752 1 0 1
2.27407 1.26808 25.4558 3.27234 -5.27565 72.8067 1.74215 -13 4753 1 0 1
1.29316 -0.944791 25.4558 1.25674 6.79265 63.7577 0.126972 -13 4754 1 0 1
2.67289 1.31577 25.4558 2.9155 6.51416 74.345 0.601567 -13 4755 1 0 1
1.30281 -0.532964 25.4558 4.14378 -5.16122 56.5827 0.0829755 -13 4756 1 0 1
0.762982 -2.72871 25.4558 3.99809 -7.05196 61.6272 1.24336 -13 4757 1 0 1
0.658988 3.79226 25.4558 -0.190963 12.0235 65.7102 1.38194 -13 4758 1 0 1
0.296521 -0.530596 25.4558 -1.5134 5.08529 67.8994 -0.892007 -13 4760 1 0 1
-0.559897 1.71197 25.4558 0.354615 4.19158 56.4612 -1.77625 -13 4761 1 0 1
-3.91232 -7.08966 25.4558 -11.8724 -17.4351 52.5507 0.524633 -13 4762 1 0 1
-2.20523 -3.26898 25.4558 -17.6818 -8.84305 69.7306 0.0423913 -13 4763 1 0 1
1.87308 3.14205 25.4558 -1.46249 5.91355 75.877 1.02331 -13 4764 1 0 1
0.462907 -1.5507 25.4558 -0.259696 1.78924 64.6106 -0.25801 -13 4765 1 0 1
2.53438 0.655994 25.4558 9.23644 6.08184 63.1118 0.485721 -13 4766 1 0 1
0.274677 1.79797 25.4558 -1.095 4.06784 66.2675 -0.1548 -13 4767 1 0 1
0.833046 0.207273 25.4558 3.47975 -7.31557 59.5887 0.179521 -13 4768 1 0 1
0.927808 3.61322 25.4558 -0.574114 4.17696 69.1661 -1.07331 -13 4769 1 0 1
-3.86712 -0.313675 25.4558 -9.05397 0.752126 51.3006 0.587373 -13 4770 1 0 1
-3.55005 0.806627 25.4558 -9.80747 6.89018 49.2169 0.0422551 -13 4771 1 0 1
-1.22668 -2.52108 25.4558 -9.7425 1.70032 69.1204 0.217315 -13 4772 1 0 1
1.61596 0.0513968 25.4558 2.26616 -1.70154 67.0183 1.6021 -13 4773 1 0 1
2.32241 -2.94401 25.4558 9.90418 -12.0242 56.6326 1.25798 -13 4774 1 0 1
1.18388 0.526516 25.4558 8.11104 -2.45545 53.5609 -1.02691 -13 4775 1 0 1
2.8164 -2.93215 25.4558 10.3466 -14.6611 63.0378 -0.660887 -13 4776 1 0 1
-2.36893 0.350248 25.4558 -7.07821 -0.0142049 59.3369 1.4575 -13 4777 1 0 1
-3.3145 0.432444 25.4558 -4.11253 7.60458 45.7645 -1.15093 -13 4778 1 0 1
-1.32629 -0.373406 25.4558 -7.04505 -3.21836 64.8706 1.0799 -13 4780 1 0 1
-0.8033 -0.187898 25.4558 0.0293084 1.07595 58.7593 -2.45552 -13 4781 1 0 1
-0.60538 -1.05026 25.4558 -19.4587 -2.97391 77.8274 0.238446 -13 4782 1 0 1
-0.568676 2.82108 25.4558 -4.04116 7.38973 63.0707 0.874636 -13 4783 1 0 1
0.437323 0.785833 25.4558 5.37697 2.1497 53.198 4.01759 -13 4784 1 0 1
-4.4246 -2.02153 25.4558 -14.7725 -9.91204 54.829 0.385356 -13 4785 1 0 1
0.383214 -1.75108 25.4558 -10.8653 -3.54629 76.2281 0.794077 -13 4786 1 0 1
2.28177 -1.37564 25.4558 -11.9532 5.61262 78.7691 -0.660734 -13 4787 1 0 1
-1.6957 -1.59293 25.4558 -3.00238 -12.6056 50.8991 -0.548129 -13 4788 1 0 1
1.40899 -3.39083 25.4558 7.18514 -5.16945 54.7826 0.347768 -13 4789 1 0 1
2.92229 2.0462 25.4558 6.15475 13.4649 67.6711 1.92862 -13 4790 1 0 1
-2.38219 -2.32042 25.4558 -10.2385 -2.38084 60.5523 0.272316 -13 4791 1 0 1
2.24819 2.84568 25.4558 -1.16318 10.8155 75.8231 0.224827 -13 4792 1 0 1
1.13646 0.41273 25.4558 2.86473 5.92768 65.1424 0.218744 -13 4793 1 0 1
2.74673 2.54782 25.4558 5.63367 0.0398678 71.2549 1.64657 -13 4794 1 0 1
-4.8016 -1.8968 25.4558 -21.1338 -12.5968 59.5634 0.76718 -13 4795 1 0 1
-1.1143 1.81194 25.4558 -5.92642 0.0535543 64.6245 0.646898 -13 4796 1 0 1
-5.50919 0.301267 25.4558 -11.9801 -1.04854 41.816 -0.144034 -13 4797 1 0 1
-0.413357 3.16452 25.4558 -2.97865 -3.0083 66.2842 0.384389 -13 4798 1 0 1
0.432469 -0.438198 25.4558 0.420287 6.29212 63.7103 -0.584249 -13 4799 1 0 1
0.97826 -1.44599 25.4558 -2.77971 -4.61052 71.9693 0.623981 -13 4800 1 0 1
-0.433786 -2.17881 25.4558 -4.6473 -2.70554 64.3388 1.87155 -13 4801 1 0 1
1.09715 -1.77609 25.4558 -7.85989 -0.543332 76.2977 0.228823 -13 4802 1 0 1
2.02242 1.86217 25.4558 6.45984 3.25686 61.2385 -0.934177 -13 4803 1 0 1
-3.224 -0.221626 25.4558 -12.8712 -0.786663 58.854 1.08728 -13 4804 1 0 1
1.29016 0.140175 25.4558 -8.22773 -2.59962 78.0621 0.313314 -13 4805 1 0 1
-3.8777 0.835472 25.4558 -15.9552 9.46663 60.8216 1.60681 -13 4806 1 0 1
1.30161 -1.37877 25.4558 1.3751 -2.03488 66.9446 -0.234895 -13 4807 1 0 1
-3.28727 2.41222 25.4558 -0.213204 -0.323007 14.8227 -0.719732 -13 4808 1 0 1
4.85929 0.703372 25.4558 15.4995 -5.57948 66.5907 0.696785 -13 4809 1 0 1
-1.29707 2.01155 25.4558 -3.97747 2.66519 55.7427 0.0720324 -13 4810 1 0 1
-0.8799 1.20528 25.4558 -9.49045 11.1266 67.0237 0.372758 -13 4811 1 0 1
-3.92308 2.9309 25.4558 -14.6471 6.49886 57.8816 -1.00136 -13 4812 1 0 1
-1.6273 1.95691 25.4558 -0.172416 9.09807 48.4929 -1.1873 -13 4813 1 0 1
0.978459 1.96104 25.4558 3.14458 16.4363 56.6797 1.06458 -13 4814 1 0 1
2.79317 0.753973 25.4558 6.86307 -6.50191 70.3123 0.412508 -13 4815 1 0 1
0.339907 0.442823 25.4558 -4.53292 -7.25345 67.7202 0.908159 -13 4816 1 0 1
3.2549 -1.7519 25.4558 6.45935 -0.593587 73.4949 1.1712 -13 4817 1 0 1
-0.946259 -0.547985 25.4558 3.70299 2.26675 50.4551 -0.380613 -13 4818 1 0 1
-2.02086 -3.71273 25.4558 0.92261 -8.21462 43.882 -0.788708 -13 4819 1 0 1
3.65688 -2.13669 25.4558 8.86398 -1.38853 71.2724 0.528489 -13 4820 1 0 1
-3.98147 1.55806 25.4558 -4.12426 -2.79668 41.7802 1.84917 -13 4821 1 0 1
-3.28263 1.28629 25.4558 -13.6081 0.780797 60.8979 -2.11713 -13 4822 1 0 1
0.29775 -1.08836 25.4558 -3.33163 -0.792799 70.4037 -0.0792793 -13 4823 1 0 1
1.54317 -6.34543 25.4558 8.23465 -17.7753 41.7857 -1.12919 -13 4824 1 0 1
16.8132 -3.94787 25.4558 47.8908 -9.47773 40.2396 -0.0108725 -13 4825 1 0 1
-2.11807 -0.557561 25.4558 -5.41975 -6.18812 55.083 2.26661 -13 4826 1 0 1
3.70719 -0.00673678 25.4558 -1.05782 -2.7929 79.5761 1.42844 -13 4827 1 0 1
-1.32639 -1.64752 25.4558 -17.7303 -14.032 72.3624 1.09058 -13 4828 1 0 1
-2.25811 -0.541385 25.4558 -11.8689 0.296831 64.8292 0.397394 -13 4829 1 0 1
-2.41105 -0.514543 25.4558 -8.87919 -10.5581 60.8829 1.36297 -13 4830 1 0 1
-0.158447 0.553696 25.4558 -0.0458573 5.86115 61.6972 0.134153 -13 4831 1 0 1
-2.22092 -5.90269 25.4558 0.0172713 -3.37652 15.8992 0.690195 -13 4832 1 0 1
-1.03867 0.363272 25.4558 -1.64047 2.62102 57.9962 0.418241 -13 4833 1 0 1
-1.39641 -1.30875 25.4558 -3.60684 -7.95862 56.8077 -0.642507 -13 4834 1 0 1
1.34689 1.92675 25.4558 4.03654 4.98857 64.8112 2.7837 -13 4835 1 0 1
1.01711 -2.60846 25.4558 -4.78918 -10.3381 71.8521 1.1628 -13 4836 1 0 1
-0.119226 -0.766673 25.4558 0.737924 -3.3556 60.2121 -1.36868 -13 4837 1 0 1
-5.84103 -4.51718 25.4558 -16.3347 -8.65836 49.6036 -0.922156 -13 4838 1 0 1
3.99839 0.949606 25.4558 5.20872 7.1224 77.6781 1.0317 -13 4839 1 0 1
-1.11531 -1.91342 25.4558 -2.9755 -10.5426 57.9383 0.455509 -13 4840 1 0 1
0.435994 -4.02553 25.4558 -3.11425 -21.81 66.6321 -0.11463 -13 4841 1 0 1
0.830877 -0.336118 25.4558 0.077864 -2.81635 67.2242 0.910609 -13 4842 1 0 1
-0.864886 2.75817 25.4558 -9.36813 20.307 66.1048 1.44632 -13 4843 1 0 1
0.698529 3.60723 25.4558 -2.59777 19.6142 67.6722 -0.29472 -13 4844 1 0 1
-4.12442 -1.01674 25.4558 -25.3666 -8.39807 66.9975 0.0858403 -13 4845 1 0 1
0.306412 2.82066 25.4558 7.69699 14.1876 42.6129 -0.328811 -13 4846 1 0 1
0.243575 0.905622 25.4558 -8.91075 8.98964 75.587 -0.527791 -13 4847 1 0 1
-2.32973 5.0864 25.4558 -16.6957 7.32476 69.9163 -0.210258 -13 4848 1 0 1
-1.60461 -1.56351 25.4558 2.90342 0.174149 44.8172 0.154169 -13 4849 1 0 1
-1.43016 1.10763 25.4558 -1.14157 -1.53352 53.53 1.38965 -13 4850 1 0 1
-1.90387 -2.47213 25.4558 -0.97299 1.74165 46.4017 0.0389413 -13 4851 1 0 1
1.76223 -0.407733 25.4558 4.33958 1.05602 68.0423 0.700757 -13 4852 1 0 1
1.7021 1.59959 25.4558 -4.54607 4.51913 76.9654 0.776436 -13 4853 1 0 1
1.72113 -14.2099 25.4558 3.59469 -39.239 37.7064 -0.93087 -13 4855 1 0 1
1.92899 0.113565 25.4558 -3.17436 6.17899 75.7734 1.74609 -13 4856 1 0 1
2.14471 1.46145 25.4558 10.1449 6.07648 54.7414 0.733441 -13 4857 1 0 1
0.053533 -1.0732 25.4558 1.50961 2.07984 57.797 0.446758 -13 4858 1 0 1
3.81086 0.662464 25.4558 14.1945 3.60525 59.7619 0.440204 -13 4859 1 0 1
3.09481 -2.17314 25.4558 11.6954 -6.81144 53.0594 0.0288195 -13 4860 1 0 1
3.13555 -0.38785 25.4558 11.253 -0.552539 62.5561 0.134034 -13 4862 1 0 1
-0.0734311 -0.072714 25.4558 -3.4274 2.83628 69.4765 0.687585 -13 4863 1 0 1
3.24121 2.91859 25.4558 11.3863 10.0676 59.1499 -0.733556 -13 4864 1 0 1
-1.06355 -0.535138 25.4558 -16.4388 -10.4449 74.8216 1.12783 -13 4866 1 0 1
-0.777748 -2.37775 25.4558 1.6811 4.68035 54.2575 -0.504817 -13 4867 1 0 1
-2.51459 3.0689 25.4558 -11.6192 14.9936 63.4966 -2.24015 -13 4868 1 0 1
-2.08581 -0.138936 25.4558 -4.48084 0.611127 53.4717 0.371453 -13 4869 1 0 1
-1.67481 -2.05927 25.4558 -9.81649 -10.4083 66.8913 0.496487 -13 4870 1 0 1
-1.55355 -0.372839 25.4558 -20.3044 -0.395626 76.0932 -0.912072 -13 4871 1 0 1
1.40576 1.67893 25.4558 -4.24109 2.13544 75.1024 -0.36036 -13 4872 1 0 1
0.304285 1.36807 25.4558 -7.31624 4.07097 72.2081 0.787165 -13 4873 1 0 1
-3.321 -0.42968 25.4558 -10.1672 -2.97706 59.4683 -1.12801 -13 4874 1 0 1
-1.90071 -0.474352 25.4558 -10.6194 0.222028 66.8591 -0.48184 -13 4875 1 0 1
2.79494 0.0792851 25.4558 5.6244 -0.364198 68.3287 0.539192 -13 4877 1 0 1
0.789033 4.53989 25.4558 -10.5226 7.48455 76.8593 -2.3414 -13 4878 1 0 1
0.309757 -0.869302 25.4558 4.94501 -4.89523 52.7843 1.43895 -13 4879 1 0 1
-1.98598 -4.37 25.4558 -4.49064 -12.5118 53.5329 -0.750884 -13 4880 1 0 1
-0.167237 2.76754 25.4558 -1.64178 0.283618 64.4205 -0.234957 -13 4881 1 0 1
1.9714 -1.72604 25.4558 5.39578 -7.98996 62.1682 -0.39901 -13 4882 1 0 1
0.612913 0.871283 25.4558 0.108635 6.39245 66.1532 0.437306 -13 4883 1 0 1
-0.403788 0.356257 25.4558 -2.36617 -4.11998 59.8641 0.309998 -13 4884 1 0 1
-1.29449 2.48019 25.4558 -5.87702 4.58847 62.2518 0.897884 -13 4885 1 0 1
-1.05286 -2.82008 25.4558 -2.75386 -3.31652 60.9945 -0.809826 -13 4886 1 0 1
2.63934 -0.56021 25.4558 -4.3244 -1.34181 79.2602 -1.20138 -13 4887 1 0 1
1.78963 -2.85835 25.4558 -3.90243 -14.6268 76.2308 2.06645 -13 4888 1 0 1
-0.158026 1.02973 25.4558 4.77439 2.5703 52.5259 -0.898438 -13 4889 1 0 1
-2.01863 -1.25216 25.4558 -2.41767 0.715673 51.6014 -0.425216 -13 4890 1 0 1
2.78135 -2.41148 25.4558 2.73732 -0.313063 73.7975 0.607117 -13 4891 1 0 1
0.758312 3.73286 25.4558 4.58104 14.738 57.3948 0.448768 -13 4892 1 0 1
-0.905939 5.08023 25.4558 -6.8262 9.16717 66.6488 0.602639 -13 4893 1 0 1
-1.55729 -1.26452 25.4558 -7.03877 -4.15755 64.5486 0.694511 -13 4894 1 0 1
1.07554 -0.93852 25.4558 2.47599 -3.09562 65.9543 0.417228 -13 4895 1 0 1
-0.824454 -3.13713 25.4558 -7.78321 -11.0233 66.7308 0.763203 -13 4896 1 0 1
4.14724 0.0280792 25.4558 4.52174 -6.3907 78.1604 -0.328653 -13 4897 1 0 1
-3.91983 2.14019 25.4558 -16.2771 4.28583 60.2265 -1.81841 -13 4898 1 0 1
2.01761 -1.43312 25.4558 10.5793 -3.1391 54.8103 -0.598409 -13 4899 1 0 1
-2.58564 -1.77987 25.4558 -14.1444 -1.54074 65.5034 -0.558191 -13 4900 1 0 1
-1.70432 1.57857 25.4558 1.28954 1.84279 31.6626 0.56841 -13 4901 1 0 1
4.82066 1.47542 25.4558 7.89146 0.434829 78.3874 -2.83404 -13 4902 1 0 1
0.989357 0.75497 25.4558 6.5987 5.07045 50.1005 -0.0744261 -13 4903 1 0 1
-3.30806 1.96178 25.4558 -9.03767 6.86979 56.5766 1.53357 -13 4904 1 0 1
-0.20156 5.06796 25.4558 -2.39231 10.5142 64.1775 1.00085 -13 4905 1 0 1
-1.27802 0.0911417 25.4558 -0.809797 -6.70202 45.4648 2.01519 -13 4906 1 0 1
1.62342 2.12238 25.4558 9.4095 11.3288 48.1062 0.453562 -13 4907 1 0 1
-1.25466 0.55629 25.4558 -10.205 1.79709 70.8416 1.58044 -13 4908 1 0 1
0.554947 -0.862895 25.4558 -3.39911 5.75845 70.2445 -0.093417 -13 4909 1 0 1
-2.56281 -0.223377 25.4558 -4.70275 5.99207 50.2009 0.416586 -13 4910 1 0 1
-0.741653 0.105382 25.4558 -0.367022 4.03006 53.2156 1.26832 -13 4911 1 0 1
2.32698 -2.26358 25.4558 -0.67906 -5.47488 75.85 -0.342052 -13 4912 1 0 1
0.753526 3.34578 25.4558 1.04313 9.65845 67.6508 -0.705672 -13 4913 1 0 1
-1.65223 -1.28813 25.4558 -8.8718 -7.81124 67.5892 2.02429 -13 4914 1 0 1
2.56417 3.27539 25.4558 11.88 8.44728 44.5341 0.419594 -13 4915 1 0 1
5.29974 1.4363 25.4558 13.0953 4.29507 72.9637 -0.892359 -13 4916 1 0 1
2.58437 4.35801 25.4558 -0.572921 16.6346 75.4146 -1.8927 -13 4917 1 0 1
1.57464 -6.5101 25.4558 2.22802 -11.8172 67.5631 -1.70669 -13 4918 1 0 1
-5.07405 -8.29662 25.4558 -4.0065 -10.795 19.519 -3.04694 -13 4919 1 0 1
0.0581271 -0.552055 25.4558 1.28253 1.69361 60.58 0.943075 -13 4921 1 0 1
-2.4079 -0.0897261 25.4558 -4.08767 6.56207 54.7179 0.590721 -13 4922 1 0 1
2.34773 -2.56468 25.4558 -2.70099 -2.974 76.1986 1.30099 -13 4923 1 0 1
-0.741052 -0.771369 25.4558 -11.299 -3.59007 71.5856 -0.827314 -13 4924 1 0 1
0.502149 -0.809008 25.4558 1.49827 -1.34343 66.7832 -0.5348 -13 4925 1 0 1
1.21047 1.23078 25.4558 -2.20823 9.61937 70.9534 0.415914 -13 4926 1 0 1
-0.492749 3.36369 25.4558 -7.88472 5.8911 69.3564 0.869726 -13 4927 1 0 1
1.1967 4.19286 25.4558 2.56714 16.3718 60.4075 1.07065 -13 4928 1 0 1
3.90232 0.161971 25.4558 6.48902 -7.2126 77.1731 -0.306066 -13 4929 1 0 1
0.20963 -2.05471 25.4558 -1.56583 4.77439 63.8288 0.275263 -13 4930 1 0 1
-4.22498 -2.43336 25.4558 -17.424 -3.80196 61.1712 -0.65811 -13 4931 1 0 1
-0.474317 -2.28721 25.4558 -4.23249 -6.90295 65.9611 1.76983 -13 4932 1 0 1
-2.31102 0.0664988 25.4558 -16.4538 -1.36911 68.641 0.257731 -13 4933 1 0 1
-0.651595 2.54472 25.4558 -6.0956 1.90958 66.5043 0.500646 -13 4934 1 0 1
2.302 2.16635 25.4558 11.3891 3.25425 42.7937 0.485374 -13 4935 1 0 1
-2.14697 -0.400941 25.4558 -16.9467 -0.158312 70.8373 -1.4096 -13 4936 1 0 1
-0.789564 -0.794189 25.4558 -5.85996 7.43236 66.1426 0.167032 -13 4937 1 0 1
-2.27367 0.828624 25.4558 -4.71024 7.36033 54.2676 1.35321 -13 4938 1 0 1
-4.34732 -4.60507 25.4558 -17.335 -3.97832 59.7012 1.25865 -13 4939 1 0 1
0.316824 0.339497 25.4558 1.41516 0.365108 62.9041 0.900675 -13 4940 1 0 1
2.18533 0.293226 25.4558 10.3129 -1.11615 61.2364 -0.816131 -13 4941 1 0 1
-3.19312 5.07215 25.4558 -5.56152 11.9797 47.3473 0.270662 -13 4942 1 0 1
2.13263 0.208489 25.4558 -10.5436 9.74646 78.6013 -0.118374 -13 4943 1 0 1
-0.152017 0.305709 25.4558 -4.96426 0.133881 72.327 1.51309 -13 4944 1 0 1
-0.441238 -0.306331 25.4558 -7.6657 -2.14018 69.3348 -0.346682 -13 4945 1 0 1
-2.24304 -2.87708 25.4558 -5.15949 -8.26078 59.546 0.322307 -13 4946 1 0 1
0.646884 -1.09832 25.4558 -2.17246 -9.0869 65.046 0.492 -13 4947 1 0 1
-1.26535 0.0865865 25.4558 0.412382 -2.99243 50.4999 -1.13016 -13 4948 1 0 1
-0.11934 2.65468 25.4558 -4.61981 5.62003 68.8878 -1.05158 -13 4949 1 0 1
2.47473 2.16505 25.4558 -8.95515 13.4881 77.9768 -0.442349 -13 4950 1 0 1
1.37192 1.25766 25.4558 8.72241 -0.355673 47.8626 1.91509 -13 4951 1 0 1
-2.34138 -1.17906 25.4558 -12.0714 -5.09898 60.0512 -0.518476 -13 4953 1 0 1
1.35737 1.04075 25.4558 8.07675 5.49547 42.8428 -0.273832 -13 4954 1 0 1
-1.03798 0.489315 25.4558 0.648698 2.38807 57.7394 0.225353 -13 4955 1 0 1
-4.34589 0.520731 25.4558 -20.3 3.08383 61.7111 1.35217 -13 4956 1 0 1
5.24409 -0.783104 25.4558 16.1424 -6.78477 68.4136 0.470442 -13 4957 1 0 1
-2.91464 -0.516274 25.4558 -8.50984 -11.0615 55.9693 -1.63127 -13 4958 1 0 1
1.10517 0.749901 25.4558 -0.386075 9.26069 68.7283 0.713156 -13 4959 1 0 1
2.39589 -0.852086 25.4558 6.16088 6.51168 66.9982 0.779018 -13 4960 1 0 1
2.90534 0.650461 25.4558 8.73722 -4.98032 67.2772 1.42531 -13 4961 1 0 1
-0.924775 1.36969 25.4558 -9.04527 3.42838 68.5329 0.156057 -13 4962 1 0 1
1.82762 -1.00325 25.4558 -0.847226 -6.75912 73.2964 -0.577868 -13 4963 1 0 1
2.02318 -0.133629 25.4558 0.381643 2.56327 70.0272 0.194962 -13 4964 1 0 1
3.32463 0.12821 25.4558 5.77752 -0.578012 75.1664 -0.245263 -13 4965 1 0 1
-3.37528 1.15573 25.4558 -9.24896 10.7776 59.5294 1.09811 -13 4966 1 0 1
4.39394 -0.427955 25.4558 4.81385 2.24536 78.4903 -0.849335 -13 4967 1 0 1
-1.87234 -0.951104 25.4558 -4.50658 -5.08339 58.8833 0.466137 -13 4968 1 0 1
2.88677 -1.15338 25.4558 -0.128277 -15.389 77.8078 0.10172 -13 4969 1 0 1
-3.91971 4.73972 25.4558 -9.47652 10.1071 50.1765 0.522575 -13 4970 1 0 1
2.26018 -1.32487 25.4558 -3.49063 -1.51174 78.8928 2.58745 -13 4971 1 0 1
-0.4307 2.19257 25.4558 -6.76617 -9.44203 70.3548 1.62334 -13 4972 1 0 1
0.0477022 2.29022 25.4558 -1.84257 4.10491 64.8404 -2.15766 -13 4973 1 0 1
1.31204 -1.42765 25.4558 -2.54851 -10.4712 74.2841 1.13663 -13 4974 1 0 1
0.75037 -1.75133 25.4558 -7.5073 -7.42047 75.5114 -0.7951 -13 4975 1 0 1
2.68651 3.54065 25.4558 0.154935 13.3323 74.548 1.17297 -13 4976 1 0 1
0.0666632 5.52106 25.4558 2.59552 12.749 63.1318 0.522004 -13 4977 1 0 1
-1.57375 -1.58442 25.4558 -4.85142 -14.4891 59.6885 1.20808 -13 4978 1 0 1
-2.61816 4.24116 25.4558 -5.31172 9.03677 52.338 -0.0173642 -13 4979 1 0 1
2.33125 1.03571 25.4558 6.42863 -0.0318014 68.3494 1.17888 -13 4980 1 0 1
-2.82395 -3.28093 25.4558 -18.9764 2.26566 68.65 0.269854 -13 4981 1 0 1
1.82859 -1.7798 25.4558 3.75995 -3.7582 66.166 1.51732 -13 4982 1 0 1
1.51825 3.81367 25.4558 -2.0383 -4.64638 73.0832 1.051 -13 4983 1 0 1
-4.53387 -2.32908 25.4558 -8.41455 1.71172 46.959 -0.429694 -13 4984 1 0 1
0.53711 3.40027 25.4558 1.671 12.3601 59.5676 1.23299 -13 4985 1 0 1
-0.454986 2.1635 25.4558 -8.77668 3.29172 69.1472 0.467567 -13 4986 1 0 1
-1.12238 1.36333 25.4558 -3.50128 7.76007 59.4321 1.42953 -13 4987 1 0 1
0.211133 4.14117 25.4558 0.89954 4.52663 58.616 -0.618225 -13 4988 1 0 1
1.97531 4.98212 25.4558 6.41837 11.8544 59.4331 1.56308 -13 4989 1 0 1
-0.234349 0.223651 25.4558 2.78999 -0.700015 32.8374 3.6727 -13 4990 1 0 1
0.0854954 -0.549971 25.4558 6.28102 -1.9444 46.551 0.52009 -13 4991 1 0 1
-1.28301 -3.88606 25.4558 -12.6751 -9.06412 68.3093 2.81849 -13 4992 1 0 1
-1.34286 4.62355 25.4558 -3.40426 17.8058 55.3064 0.402925 -13 4993 1 0 1
0.937506 -2.54107 25.4558 7.59858 -3.90673 50.5277 -1.85183 -13 4994 1 0 1
0.16674 1.41966 25.4558 -3.00449 7.12 67.2348 -0.626684 -13 4995 1 0 1
-0.72369 -5.48874 25.4558 -0.0220511 -17.3668 50.404 0.564315 -13 4996 1 0 1
-2.02891 1.17926 25.4558 -7.64459 0.359847 62.9167 1.14031 -13 4997 1 0 1
2.62976 -2.51985 25.4558 7.73028 -12.1203 62.7309 -0.0272215 -13 4998 1 0 1
-0.985045 -1.17491 25.4558 0.714377 5.74693 55.7023 -0.438254 -13 4999 1 0 1
