#BLTrackFile out_1774989582_3833184
#x y z Px Py Pz t PDGid EventID TrackID ParentID Weight
0.306436 5.96734 65.4502 2.96921 5.53233 75.6457 -0.668896 -13 1 1 0 1 
4.60206 14.152 65.45 6.48199 14.3411 81.1798 1.72907 -13 2 1 0 1 
-4.17531 12.4003 65.4504 -5.435 12.4696 86.3021 -0.171517 -13 3 1 0 1 
14.939 -0.171938 65.3482 17.3283 -0.0270374 73.9498 -0.13494 -13 4 1 0 1 
7.84919 -1.25691 65.4498 8.91361 -0.406392 88.8862 2.2102 -13 5 1 0 1 
0.674617 -1.3136 65.4502 -0.405895 2.06039 90.1248 0.0117839 -13 6 1 0 1 
-0.830814 -7.36433 65.4502 0.402299 -10.3887 84.1303 0.99031 -13 7 1 0 1 
7.52647 -8.09932 65.4498 7.08489 -12.7182 92.8234 1.48579 -13 8 1 0 1 
2.48062 17.709 65.4501 5.4615 11.2945 63.4469 -0.400737 -13 9 1 0 1 
5.02323 7.60746 65.4499 3.68925 6.53962 94.6894 0.461187 -13 10 1 0 1 
0.480391 -3.70911 65.4502 3.0687 -5.41924 76.945 1.4669 -13 11 1 0 1 
7.20562 4.35437 65.4498 8.5588 6.13316 81.4344 1.2225 -13 12 1 0 1 
5.32079 6.14229 65.4499 4.75418 4.9741 91.2182 0.306698 -13 13 1 0 1 
-2.46766 4.71709 65.4503 0.141451 5.76961 77.7209 0.520829 -13 14 1 0 1 
-30.8121 7.61468 65.4517 -19.74 4.49064 58.371 0.610606 -13 15 1 0 1 
15.7601 0.892031 65.3426 15.3922 0.542809 99.0729 0.537258 -13 16 1 0 1 
3.96146 -8.30588 65.45 2.62551 -11.1792 93.4978 -0.696501 -13 17 1 0 1 
6.93942 11.7524 65.4498 6.66558 13.5823 87.2612 0.495599 -13 18 1 0 1 
-2.59044 7.46993 65.4503 -6.49382 9.79787 96.7968 -0.244686 -13 19 1 0 1 
10.7994 3.8395 65.4497 10.4744 4.05103 93.7849 2.18258 -13 20 1 0 1 
-11.5413 -5.14608 65.4508 -12.7967 -1.75958 86.5766 1.33844 -13 21 1 0 1 
9.13815 8.06216 65.4497 10.282 11.7204 86.8089 0.985622 -13 22 1 0 1 
4.60051 7.02606 65.45 4.02921 9.96276 90.6593 0.42424 -13 23 1 0 1 
3.55477 5.56779 65.45 2.18475 5.36404 93.5111 -0.309015 -13 24 1 0 1 
-3.94147 2.79408 65.4504 -0.443753 3.55857 71.917 -0.101267 -13 25 1 0 1 
-0.75195 -0.828854 65.4502 -2.81922 -0.221227 94.2599 2.40346 -13 26 1 0 1 
10.2244 8.95911 65.4497 12.3111 7.63085 81.1965 -0.342315 -13 27 1 0 1 
-10.3123 -45.1929 65.4507 -9.42741 -41.6421 71.5583 1.08898 -13 28 1 0 1 
1.45322 0.37726 65.4501 -1.85912 2.64923 98.5658 0.853929 -13 29 1 0 1 
-1.39964 3.83465 65.4503 2.53689 2.05825 69.7689 -0.153796 -13 30 1 0 1 
3.31382 16.5001 65.45 4.12124 16.8795 86.7081 0.324516 -13 31 1 0 1 
-9.03937 2.74371 65.4506 -8.0598 3.38946 82.0935 0.564325 -13 32 1 0 1 
8.05772 -1.46789 65.4498 7.3442 -0.159951 95.0423 0.478889 -13 33 1 0 1 
-17.5462 -3.65385 65.4511 -19.1483 -5.88167 84.858 -0.642423 -13 34 1 0 1 
-3.38932 4.00778 65.4504 -2.52764 5.54357 85.6039 1.51788 -13 35 1 0 1 
4.42757 0.143975 65.45 4.34561 -1.15122 91.3578 0.241484 -13 36 1 0 1 
-12.4687 6.13053 65.4508 -11.5065 3.53803 79.1587 1.27744 -13 37 1 0 1 
0.0911733 -7.63529 65.4502 -3.5631 -9.85833 97.8402 0.0842193 -13 38 1 0 1 
0.269782 -10.9082 65.4502 1.41183 -11.5509 85.3344 0.763875 -13 39 1 0 1 
2.02383 -11.2737 65.4501 5.94178 -10.7194 68.6888 -0.0151876 -13 40 1 0 1 
-15.5495 1.35427 65.451 -13.518 -0.0911306 77.7391 0.815101 -13 41 1 0 1 
19.0149 -1.72715 65.3204 21.4542 -2.59378 90.1445 0.332278 -13 42 1 0 1 
-1.83986 1.45762 65.4503 -0.21866 2.48662 79.6426 0.284243 -13 43 1 0 1 
11.4204 -13.9925 65.4496 11.1456 -16.5288 92.2581 1.15704 -13 44 1 0 1 
-8.33619 2.93081 65.4506 -9.43464 2.46676 86.3247 1.41708 -13 45 1 0 1 
-0.20813 -1.70884 65.4502 -3.71157 -1.04288 96.409 0.408007 -13 46 1 0 1 
9.83879 10.1023 65.4497 9.41217 8.7816 94.3893 0.841618 -13 47 1 0 1 
1.34761 4.80609 65.4501 2.3952 7.42654 85.888 0.421052 -13 48 1 0 1 
14.0523 -2.90378 65.4495 15.2884 -3.32391 83.2065 0.979084 -13 49 1 0 1 
6.76693 -8.88974 65.4499 8.67493 -8.9049 75.8625 0.405167 -13 50 1 0 1 
-3.76444 -5.5447 65.4504 -6.30213 -5.97512 94.2672 0.395043 -13 51 1 0 1 
0.235179 1.19421 65.4502 1.482 1.88432 83.6522 0.926991 -13 52 1 0 1 
4.96352 -3.04191 65.4499 6.4834 -4.61914 86.476 0.380427 -13 53 1 0 1 
-8.31831 -0.68357 65.4506 -11.1059 -1.18892 91.4452 0.653148 -13 54 1 0 1 
0.867631 -0.853572 65.4501 -3.0349 -1.65682 97.9238 0.926145 -13 55 1 0 1 
7.89161 4.74021 65.4498 10.2637 3.30827 77.2278 -0.245533 -13 56 1 0 1 
-6.68863 8.63909 65.4505 -5.5846 10.1022 81.9836 0.552606 -13 57 1 0 1 
-1.65217 -11.9021 65.4503 -1.90008 -10.4873 85.0775 -0.520437 -13 58 1 0 1 
-5.53486 6.09802 65.4505 -5.71632 4.45097 85.4486 0.510496 -13 59 1 0 1 
-14.6135 4.43411 65.4509 -12.2793 2.22146 78.1302 0.0335133 -13 60 1 0 1 
4.98644 -2.3142 65.4499 6.84246 -2.27859 82.0234 -0.902784 -13 61 1 0 1 
1.45879 -11.103 65.4501 0.80101 -11.0114 91.2505 -0.346039 -13 62 1 0 1 
-3.25265 9.64734 65.4503 -4.59649 10.9248 88.8145 0.0423929 -13 63 1 0 1 
3.6798 4.70541 65.45 2.66614 2.37363 90.3707 -0.296464 -13 64 1 0 1 
6.10358 -3.8387 65.4499 2.98421 -6.8787 99.6519 -0.00907243 -13 65 1 0 1 
-2.53614 -1.38518 65.4503 -1.24745 -4.68302 84.0512 1.54166 -13 66 1 0 1 
-14.7694 -13.7926 65.4509 -15.8882 -14.1385 86.1174 0.305576 -13 67 1 0 1 
-5.06243 3.41947 65.4504 -2.96404 3.14409 78.8839 1.04457 -13 68 1 0 1 
-0.145459 4.16053 65.4502 -1.37796 2.7631 91.3381 0.281672 -13 69 1 0 1 
1.82597 6.95648 65.4501 3.00575 9.4884 85.7908 0.987535 -13 70 1 0 1 
-1.64074 7.4363 65.4503 -2.23133 6.77231 88.54 -0.272844 -13 71 1 0 1 
18.3877 3.87038 65.3247 20.0407 2.87811 72.5946 -0.471168 -13 72 1 0 1 
-9.8891 -4.8193 65.4507 -6.65151 -4.95275 76.5054 1.45108 -13 73 1 0 1 
2.55414 -8.78274 65.4501 1.47814 -10.3627 93.329 0.0913453 -13 74 1 0 1 
8.00648 12.8918 65.4498 5.77955 13.5144 97.8579 0.942243 -13 75 1 0 1 
2.71515 -12.3379 65.4501 3.2474 -14.3704 86.0066 0.262575 -13 76 1 0 1 
6.69227 12.9408 65.4499 8.75024 13.5212 77.311 -0.0107493 -13 77 1 0 1 
2.04212 -6.01803 65.4501 0.97409 -6.77916 93.8465 0.976118 -13 78 1 0 1 
-4.37694 -2.49233 65.4504 -6.52346 0.979703 92.2114 1.5968 -13 79 1 0 1 
-14.109 -5.85816 65.4509 -12.3594 -6.28022 77.1774 1.10038 -13 80 1 0 1 
-2.20099 -6.65096 65.4503 -3.69606 -10.744 91.1974 0.495476 -13 81 1 0 1 
4.1433 5.23325 65.45 1.80974 6.1796 97.8047 1.62993 -13 82 1 0 1 
-2.49148 -10.6535 65.4503 -2.37852 -13.672 83.5882 1.10911 -13 83 1 0 1 
-0.560569 7.55219 65.4502 1.76749 7.61405 76.7441 0.756181 -13 84 1 0 1 
-8.56116 2.16324 65.4506 -4.91757 0.766912 72.7484 0.33606 -13 85 1 0 1 
1.77252 2.38154 65.4501 -0.568241 -0.313368 95.2347 0.544715 -13 86 1 0 1 
-7.987 -0.0992667 65.4506 -9.78714 1.92138 89.1929 0.3805 -13 87 1 0 1 
-10.955 -0.546659 65.4507 -16.5117 -3.98674 94.6469 -0.316967 -13 88 1 0 1 
4.5199 -4.7862 65.45 6.14893 -6.76079 82.3742 -0.167629 -13 89 1 0 1 
-1.24031 -1.96164 65.4502 -1.09238 1.9847 88.3203 0.921545 -13 90 1 0 1 
0.573625 -14.9406 65.4502 2.04584 -10.8784 77.3363 0.307884 -13 91 1 0 1 
0.451807 0.166495 65.4502 -0.956737 2.01053 93.3858 0.0395967 -13 92 1 0 1 
10.4311 -20.3589 65.4497 12.5276 -16.3603 69.1418 -0.555123 -13 93 1 0 1 
-1.97401 8.18536 65.4503 -0.606732 5.4713 80.984 -0.510188 -13 94 1 0 1 
-1.52673 -7.92834 65.4503 2.22792 -9.85762 72.9735 0.27707 -13 95 1 0 1 
5.65809 -3.75665 65.4499 5.47237 -6.07754 91.1303 -0.360246 -13 96 1 0 1 
-1.34309 5.30743 65.4503 -1.53449 6.54346 86.9943 1.03639 -13 97 1 0 1 
13.5576 4.09672 65.4495 14.5318 0.730087 88.1106 0.0991588 -13 98 1 0 1 
2.55723 9.47645 65.4501 4.08478 11.4987 81.0137 -0.17987 -13 99 1 0 1 
2.82772 3.56948 65.45 4.28398 4.23876 81.3498 0.451773 -13 100 1 0 1 
-2.35452 5.74484 65.4503 -0.434073 7.13034 80.7939 0.50857 -13 101 1 0 1 
1.75532 -12.6654 65.4501 3.7366 -11.7399 78.3166 1.08027 -13 102 1 0 1 
7.65129 -6.28279 65.4498 8.50698 -6.67949 88.7754 0.752212 -13 103 1 0 1 
-7.12189 2.28017 65.4505 -10.471 -0.371048 93.1707 1.29115 -13 104 1 0 1 
18.7845 2.74241 65.3219 20.5324 2.53877 75.6203 0.884405 -13 105 1 0 1 
-1.53543 -19.7057 65.4503 -1.19274 -19.8348 80.8722 2.0704 -13 106 1 0 1 
9.82737 -5.46872 65.4497 11.3464 -5.86663 84.6085 0.573942 -13 107 1 0 1 
-9.10066 18.376 65.4506 -6.40494 16.4238 77.7608 1.29348 -13 108 1 0 1 
3.77669 -10.2904 65.45 6.41281 -8.49689 80.4079 0.783897 -13 109 1 0 1 
-8.2609 -5.22562 65.4506 -12.7711 -0.106944 93.8642 1.0804 -13 110 1 0 1 
-9.68102 -20.9768 65.4507 -10.7423 -19.7227 84.6963 -0.260935 -13 111 1 0 1 
-21.3296 2.20737 65.4512 -21.0193 1.84431 79.0571 -0.912737 -13 112 1 0 1 
-1.09456 -9.43286 65.4502 -0.903802 -9.46097 89.013 0.309318 -13 113 1 0 1 
-10.3301 -10.5133 65.4507 -12.9104 -11.9448 89.9691 1.30645 -13 114 1 0 1 
-6.39076 -9.03632 65.4505 -3.90221 -8.53646 75.7955 0.625329 -13 115 1 0 1 
-7.71458 -11.1412 65.4506 -9.50106 -9.70289 89.6445 0.827893 -13 116 1 0 1 
-2.55992 12.3124 65.4503 -1.47466 11.1115 80.7724 1.0296 -13 117 1 0 1 
-1.25848 4.19181 65.4503 -0.271122 4.56869 81.8827 1.84189 -13 118 1 0 1 
-11.1092 -1.25618 65.4507 -12.8436 -0.762968 87.3216 -1.20064 -13 119 1 0 1 
9.18855 -1.62694 65.4497 8.16048 -4.36203 94.1977 0.505056 -13 120 1 0 1 
-4.45666 8.13727 65.4504 -2.38589 5.88012 77.7332 1.57055 -13 121 1 0 1 
0.247932 -8.10733 65.4502 -3.14582 -11.6425 97.2947 -0.340887 -13 122 1 0 1 
-12.5076 -1.59127 65.4508 -15.8066 2.6305 90.2214 1.68419 -13 123 1 0 1 
-0.846983 -1.42923 65.4502 -1.56196 -4.15623 89.7895 -0.5783 -13 124 1 0 1 
4.80753 -3.11765 65.4499 5.4515 0.126762 90.3037 1.33027 -13 125 1 0 1 
-7.77412 13.886 65.4506 -6.66747 13.7951 77.5432 0.188066 -13 126 1 0 1 
3.89081 7.75013 65.45 3.04263 11.9642 92.095 -0.395663 -13 127 1 0 1 
4.82582 -0.973213 65.4499 5.47184 -2.0584 85.8106 0.988165 -13 128 1 0 1 
-7.63101 7.10688 65.4506 -10.6175 7.48097 92.3973 0.348106 -13 129 1 0 1 
-0.97557 7.70237 65.4502 1.71423 9.21665 76.1605 0.420693 -13 130 1 0 1 
10.1772 7.89915 65.4497 12.4573 6.69131 74.3529 1.10744 -13 131 1 0 1 
-7.59328 -1.68695 65.4506 -9.78911 -2.52259 91.1797 1.25384 -13 132 1 0 1 
-4.4646 -8.9641 65.4504 -1.77763 -8.254 76.5979 -2.0661 -13 133 1 0 1 
-6.52604 -5.83868 65.4505 -8.32248 -6.4824 89.8851 -0.906846 -13 134 1 0 1 
-1.91083 4.13388 65.4503 0.641973 4.57021 74.6315 0.109336 -13 135 1 0 1 
-6.25371 -5.17216 65.4505 -3.41174 -5.1984 74.8463 1.19055 -13 136 1 0 1 
4.03977 7.95028 65.45 3.38807 6.02499 93.6163 0.9412 -13 137 1 0 1 
-8.94904 8.20866 65.4506 -11.2191 7.70005 92.6254 0.314192 -13 138 1 0 1 
-3.88594 10.3013 65.4504 -1.31264 8.06024 72.9264 1.18145 -13 139 1 0 1 
-0.477955 -7.54586 65.4502 -2.48751 -9.32677 93.47 0.485555 -13 140 1 0 1 
-8.00582 1.3905 65.4506 -9.81383 -2.07559 88.6156 0.62636 -13 141 1 0 1 
9.92179 -1.41164 65.4497 12.117 0.455858 82.1616 0.878671 -13 142 1 0 1 
3.06708 1.96352 65.45 1.77222 2.76148 93.8192 0.897235 -13 143 1 0 1 
-8.00212 -9.34692 65.4506 -10.6628 -10.5184 89.8153 0.296827 -13 144 1 0 1 
0.845684 2.07335 65.4501 0.788026 3.61281 91.8702 0.93483 -13 145 1 0 1 
0.126042 1.01097 65.4502 -2.25983 0.0749946 94.4295 0.600807 -13 146 1 0 1 
-11.4601 3.00105 65.4508 -10.3178 1.96122 82.3982 0.405653 -13 147 1 0 1 
-10.5589 9.38058 65.4507 -7.31301 10.5924 75.5694 0.155348 -13 148 1 0 1 
-19.1519 -17.3882 65.4511 -20.5006 -16.387 83.4791 0.954338 -13 149 1 0 1 
11.6921 3.16951 65.4496 11.0426 6.56627 94.0147 0.930551 -13 150 1 0 1 
-2.73874 -1.99972 65.4503 -4.91128 -1.4943 91.1225 1.11552 -13 151 1 0 1 
-6.57527 9.08841 65.4505 -6.81437 10.5644 85.6641 1.34214 -13 152 1 0 1 
17.3366 15.4421 65.3318 18.9211 15.8846 84.9526 -0.455346 -13 153 1 0 1 
6.04279 8.27889 65.4499 6.09311 6.22999 92.5871 1.31412 -13 154 1 0 1 
0.196025 2.13923 65.4502 -1.65275 3.08528 93.1858 0.863369 -13 155 1 0 1 
-8.48786 -5.373 65.4506 -6.717 -4.90893 80.7392 -0.189297 -13 156 1 0 1 
-3.0431 -5.86797 65.4503 -3.00613 -4.62828 86.0329 0.625971 -13 157 1 0 1 
1.09892 -15.3564 65.4501 -1.39869 -18.0313 92.6082 0.515815 -13 158 1 0 1 
-7.32372 -9.76482 65.4506 -5.01407 -9.61814 78.071 0.714875 -13 159 1 0 1 
-6.63032 -7.45187 65.4505 -7.22353 -11.5687 87.2837 1.03381 -13 160 1 0 1 
2.65696 -6.62069 65.4501 3.24789 -6.3101 85.7177 1.09229 -13 161 1 0 1 
1.72174 -8.4144 65.4501 1.83463 -9.22713 88.8071 0.668593 -13 162 1 0 1 
17.9039 -5.43337 65.328 20.2249 -6.06296 87.672 1.6505 -13 163 1 0 1 
9.36082 -19.7316 65.4497 9.69759 -17.4016 87.5952 0.542218 -13 164 1 0 1 
6.5913 -5.73536 65.4499 7.82093 -2.07043 86.5796 1.11329 -13 165 1 0 1 
-4.01842 2.77351 65.4504 -2.79207 5.21821 83.9647 -0.208227 -13 166 1 0 1 
8.93562 -6.54815 65.4497 9.46276 -5.26716 91.6069 0.86156 -13 167 1 0 1 
6.72971 2.59664 65.4499 6.3832 2.81602 90.6884 1.87215 -13 168 1 0 1 
2.94718 -2.71876 65.45 2.04248 -3.44786 91.5571 -0.273474 -13 169 1 0 1 
-1.67757 -0.860153 65.4503 1.99677 -2.14644 76.9727 0.410305 -13 170 1 0 1 
-13.4485 -0.1181 65.4509 -15.6753 -0.44796 86.9469 -0.507079 -13 171 1 0 1 
2.71958 4.55239 65.4501 2.82615 3.63448 86.6912 0.211351 -13 172 1 0 1 
18.0309 8.35852 65.3271 20.072 10.7899 82.7656 0.248315 -13 173 1 0 1 
-2.00328 -7.52397 65.4503 -0.856238 -9.49634 83.4998 -0.339691 -13 174 1 0 1 
4.20715 0.359312 65.45 2.40175 -1.86745 94.5155 -0.294556 -13 175 1 0 1 
7.14778 9.81425 65.4498 10.6825 10.0391 77.6221 0.60842 -13 176 1 0 1 
4.09301 -4.21724 65.45 2.17659 -5.05898 95.0445 0.434452 -13 177 1 0 1 
0.904464 -6.78291 65.4501 2.40392 -8.35378 83.4261 -0.886302 -13 178 1 0 1 
10.8883 5.49956 65.4496 12.3752 4.53639 64.536 1.27046 -13 179 1 0 1 
-19.2214 2.52445 65.4511 -20.004 -0.297873 83.232 0.366222 -13 180 1 0 1 
10.9308 -9.34099 65.4496 11.8508 -9.31435 90.1291 0.0551496 -13 181 1 0 1 
2.29885 9.87005 65.4501 1.84016 12.5134 90.3749 0.458467 -13 182 1 0 1 
-6.0758 6.67986 65.4505 -3.41215 8.32644 74.9088 0.318762 -13 183 1 0 1 
12.1157 4.0705 65.4496 11.8231 4.81579 97.8394 1.85302 -13 184 1 0 1 
2.46837 0.0436122 65.4501 0.0639087 -1.47802 96.0969 1.09544 -13 185 1 0 1 
0.00565883 16.6014 65.4502 2.71827 10.7234 72.6117 1.34056 -13 186 1 0 1 
-5.59419 -2.15288 65.4505 -7.92709 -3.00713 93.3644 1.64774 -13 187 1 0 1 
-2.99038 -4.65103 65.4503 -2.36273 -5.68688 84.4393 -0.420489 -13 188 1 0 1 
8.99388 5.8328 65.4497 10.6142 4.42843 74.9143 -0.32757 -13 189 1 0 1 
7.32531 -6.43855 65.4498 7.91013 -9.58063 86.8761 -0.483491 -13 190 1 0 1 
-9.73596 -11.4871 65.4507 -8.81715 -6.96432 80.2838 -0.0538924 -13 191 1 0 1 
9.26067 2.43405 65.4497 10.5055 4.23216 88.0385 0.539937 -13 192 1 0 1 
2.73767 4.50796 65.4501 0.307945 3.37084 97.7962 0.489634 -13 193 1 0 1 
-5.0912 8.31433 65.4504 -4.92369 6.75488 85.0146 1.1852 -13 194 1 0 1 
-2.16516 -0.408229 65.4503 -2.4078 -2.71958 90.2723 -0.388594 -13 195 1 0 1 
4.5713 -5.75629 65.45 3.28198 -4.83969 94.6338 0.590655 -13 196 1 0 1 
5.79236 -4.82751 65.4499 7.03465 -0.60626 86.6813 0.38277 -13 197 1 0 1 
-9.19323 12.8139 65.4506 -8.98209 11.7604 82.1266 0.370921 -13 198 1 0 1 
-21.7422 10.5707 65.4513 -18.6569 8.8978 73.6392 -0.845219 -13 199 1 0 1 
7.57296 4.33009 65.4498 8.24615 5.99551 88.593 1.37507 -13 200 1 0 1 
-14.6185 -15.7728 65.4509 -14.6716 -17.7187 81.7421 1.07755 -13 201 1 0 1 
-1.48835 5.24046 65.4503 -4.57085 9.17228 95.0052 -0.441433 -13 202 1 0 1 
12.177 -9.12848 65.4496 11.4926 -10.1594 93.4324 0.90927 -13 203 1 0 1 
-1.21307 -3.6265 65.4502 -2.44224 -3.78461 92.5039 -0.1109 -13 204 1 0 1 
-3.36189 -4.99568 65.4504 -4.69785 -8.4327 89.39 -0.701346 -13 205 1 0 1 
0.262254 -6.82292 65.4502 0.968683 -8.52762 84.7664 0.150935 -13 206 1 0 1 
3.4078 -0.739307 65.45 4.73877 3.46631 84.6709 -0.11084 -13 207 1 0 1 
-7.97087 -11.413 65.4506 -4.44328 -10.5962 74.0702 -0.051808 -13 208 1 0 1 
-11.9832 8.94635 65.4508 -11.8662 9.59149 84.3507 0.857155 -13 209 1 0 1 
11.1552 6.55527 65.4496 13.4247 2.72051 80.028 0.867642 -13 210 1 0 1 
6.32977 -3.68983 65.4499 8.57976 -6.03222 74.9085 1.25533 -13 211 1 0 1 
0.535376 10.4571 65.4502 -1.02114 10.4851 91.2832 0.064914 -13 212 1 0 1 
-0.264539 -13.4052 65.4502 0.56298 -13.8343 84.1528 -0.188365 -13 213 1 0 1 
7.91428 -11.9226 65.4498 6.74856 -14.4232 94.9761 0.664074 -13 214 1 0 1 
10.9497 -0.74629 65.4496 12.0874 -3.24529 90.2348 0.744072 -13 215 1 0 1 
-0.766339 4.79215 65.4502 0.0207281 5.74353 85.3942 -0.456491 -13 216 1 0 1 
8.14842 -5.75064 65.4498 6.0757 -9.86749 99.3894 0.241382 -13 217 1 0 1 
18.265 -7.67106 65.3255 20.2041 -7.43023 78.285 0.481021 -13 218 1 0 1 
-8.88719 -4.15506 65.4506 -12.2048 -7.95807 92.0683 -0.376729 -13 219 1 0 1 
-1.93879 2.08548 65.4503 0.532358 -0.478716 77.8509 0.773313 -13 220 1 0 1 
0.076565 -3.30132 65.4502 0.440539 -3.17357 89.1745 1.25037 -13 221 1 0 1 
21.2338 -0.537403 65.3052 23.3602 0.0482112 85.2115 1.95185 -13 222 1 0 1 
14.5398 -3.64997 65.4495 14.1938 -1.56917 55.6005 -0.240886 -13 223 1 0 1 
-2.61748 -9.34591 65.4503 -3.17534 -10.305 86.8003 0.69558 -13 224 1 0 1 
-8.07385 -1.40743 65.4506 -7.51859 -1.44354 82.2372 0.918625 -13 225 1 0 1 
-2.38875 3.32742 65.4503 -8.34827 2.05988 99.5974 0.781186 -13 226 1 0 1 
3.70163 -7.10985 65.45 1.81613 -9.95438 95.8948 0.872415 -13 227 1 0 1 
0.106536 2.09173 65.4502 -2.80757 2.38264 96.3104 -1.0679 -13 228 1 0 1 
-0.303699 2.53151 65.4502 1.14802 1.92667 77.3528 0.694179 -13 229 1 0 1 
-3.7492 0.470205 65.4504 -2.58391 -0.494552 80.9651 0.802717 -13 230 1 0 1 
6.92419 -1.76071 65.4498 5.00955 -0.197369 98.201 -0.256252 -13 231 1 0 1 
15.3241 -4.63892 65.3456 18.4493 -3.14402 82.8605 0.615022 -13 232 1 0 1 
-3.58913 2.9527 65.4504 -4.12222 1.37325 88.2299 0.95661 -13 233 1 0 1 
-1.15184 0.432114 65.4502 -2.95379 -1.09666 92.2013 1.79429 -13 234 1 0 1 
-2.92512 3.67555 65.4503 -4.78446 3.71399 91.9489 -1.10306 -13 235 1 0 1 
-1.43654 0.25889 65.4503 0.459964 0.896839 84.0522 0.53772 -13 236 1 0 1 
-18.5722 1.63889 65.4511 -17.1302 -1.5675 79.197 -0.200012 -13 237 1 0 1 
0.523754 -2.05961 65.4502 1.22776 0.767635 84.6963 -0.101944 -13 238 1 0 1 
7.14339 9.19343 65.4498 8.431 8.03437 84.8187 -0.243036 -13 239 1 0 1 
9.08876 4.71567 65.4497 11.9204 2.98227 68.6884 1.50099 -13 240 1 0 1 
11.0788 2.39112 65.4496 12.9522 1.92459 87.0525 0.78452 -13 241 1 0 1 
5.30046 -5.24983 65.4499 8.42268 -4.88871 77.2809 0.290547 -13 242 1 0 1 
5.58142 -9.00912 65.4499 5.71746 -11.6747 91.7683 0.865121 -13 243 1 0 1 
4.22207 -0.179188 65.45 3.67474 -0.738158 91.7231 0.703544 -13 244 1 0 1 
-0.617106 -6.62066 65.4502 -1.12626 -8.67748 90.0955 0.210075 -13 245 1 0 1 
3.54427 1.17136 65.45 0.852588 -0.111915 97.6563 0.309024 -13 246 1 0 1 
8.93217 -5.83594 65.4497 9.94818 -6.39631 84.3965 0.271038 -13 247 1 0 1 
3.93303 0.255426 65.45 6.33133 -1.24351 83.1124 -0.691743 -13 248 1 0 1 
-1.17771 -7.02208 65.4502 -5.43262 -6.98774 98.246 1.72408 -13 249 1 0 1 
13.5709 -5.23214 65.4495 15.0383 -4.72028 85.0895 -0.608304 -13 250 1 0 1 
-0.916232 9.45929 65.4502 -2.1679 12.8946 91.2072 -0.0536116 -13 251 1 0 1 
-5.49022 4.14742 65.4505 -3.99263 3.77679 84.1518 0.523115 -13 252 1 0 1 
3.9909 3.79791 65.45 2.97183 1.00215 93.1132 0.594372 -13 253 1 0 1 
-9.39382 -7.43926 65.4507 -14.3884 -7.08307 95.6872 -0.0646318 -13 254 1 0 1 
-16.5698 7.25717 65.451 -10.2098 3.80139 62.8208 -0.236095 -13 255 1 0 1 
1.34544 17.4014 65.4501 0.028989 15.2866 90.6534 -0.249246 -13 256 1 0 1 
4.00404 7.59503 65.45 3.02245 11.6301 92.0636 0.670621 -13 257 1 0 1 
-3.34636 2.73406 65.4504 -8.82569 -0.718138 99.5617 0.564431 -13 258 1 0 1 
-1.54102 -6.17277 65.4503 -5.90037 -5.34338 98.8788 0.251417 -13 259 1 0 1 
5.86391 -0.0748512 65.4499 3.05862 -0.653721 98.7854 0.0825183 -13 260 1 0 1 
-6.82028 -11.4567 65.4505 -8.11087 -10.3693 89.8302 -0.841202 -13 261 1 0 1 
-15.54 -11.0293 65.451 -16.9553 -11.2045 85.5211 0.233519 -13 262 1 0 1 
4.39746 5.78165 65.45 6.0814 6.99253 82.5277 0.995597 -13 263 1 0 1 
-4.50998 -2.98865 65.4504 -6.88511 -4.60614 91.6023 0.534744 -13 264 1 0 1 
-6.70258 -5.00686 65.4505 -8.89758 -6.14342 91.5088 0.314861 -13 265 1 0 1 
8.01662 -10.8921 65.4498 6.4356 -15.0065 95.5991 -0.361799 -13 266 1 0 1 
-18.9262 1.01704 65.4511 -15.2598 0.488663 75.0635 0.923806 -13 267 1 0 1 
3.24025 -16.1782 65.45 3.74117 -18.7883 85.5343 0.641941 -13 268 1 0 1 
-1.38312 1.30115 65.4503 -2.76966 1.48032 91.946 -0.221535 -13 269 1 0 1 
1.50539 -4.14246 65.4501 1.41665 -2.02342 90.9948 0.3395 -13 270 1 0 1 
1.20433 7.36024 65.4501 0.958402 8.07616 86.2361 0.495403 -13 271 1 0 1 
7.36765 -8.49346 65.4498 6.84974 -13.6987 88.1259 1.21001 -13 272 1 0 1 
1.78368 -6.98951 65.4501 3.55315 -5.80636 82.3067 0.231524 -13 273 1 0 1 
23.8792 3.43701 65.2872 25.132 0.444876 72.8557 1.12412 -13 274 1 0 1 
-6.73338 4.46377 65.4505 -9.52187 7.85119 92.8829 -0.759631 -13 275 1 0 1 
8.26689 4.4412 65.4498 8.93337 5.54242 89.4754 1.65694 -13 276 1 0 1 
4.77364 -2.95652 65.45 5.36103 -5.63373 92.081 0.677361 -13 277 1 0 1 
6.2331 -2.53475 65.4499 7.23356 -3.88722 87.3776 0.976888 -13 278 1 0 1 
1.63348 -1.33768 65.4501 3.6321 -2.75152 82.096 1.35768 -13 279 1 0 1 
3.54338 7.61039 65.45 0.655606 8.00888 97.8353 0.30896 -13 280 1 0 1 
5.12595 0.778374 65.4499 7.13649 3.64156 72.9213 -0.0230166 -13 281 1 0 1 
-9.41978 5.17801 65.4507 -13.7304 6.41352 94.2788 -0.649635 -13 282 1 0 1 
20.2002 -5.58117 65.3123 21.3001 -6.80534 96.2888 0.526363 -13 283 1 0 1 
-4.37817 1.14196 65.4504 -4.85926 3.89976 88.9906 -0.137884 -13 284 1 0 1 
-0.453559 8.86609 65.4502 -0.573619 8.72815 88.2708 0.842509 -13 285 1 0 1 
-12.7847 11.1878 65.4508 -10.1501 9.79685 74.8802 0.704044 -13 286 1 0 1 
-3.81046 -9.77781 65.4504 -5.97626 -11.938 93.4461 0.234117 -13 287 1 0 1 
-3.01264 7.03213 65.4503 -6.14676 10.6236 94.6745 -0.210122 -13 288 1 0 1 
-9.13451 -3.57033 65.4506 -8.86619 -5.51817 84.9248 0.798492 -13 289 1 0 1 
6.28416 11.3735 65.4499 5.76091 12.1228 91.5205 1.86619 -13 290 1 0 1 
-0.0505282 10.9827 65.4502 0.647528 13.2991 83.9464 0.635045 -13 291 1 0 1 
4.38986 -10.6763 65.45 3.58596 -14.9493 93.3106 0.22984 -13 292 1 0 1 
2.1925 2.17104 65.4501 0.898339 6.06683 92.5637 0.260649 -13 293 1 0 1 
-2.6789 1.20738 65.4503 -2.69158 2.43132 88.0728 -0.532288 -13 294 1 0 1 
1.2755 -3.99813 65.4501 0.0145273 -6.36229 92.0433 -1.13902 -13 295 1 0 1 
-11.8362 -0.850391 65.4508 -14.0914 -0.926646 89.3578 1.00375 -13 296 1 0 1 
3.43166 15.3912 65.45 3.3052 20.3849 86.4467 -0.508497 -13 297 1 0 1 
0.76883 4.77807 65.4502 -1.17952 4.17185 93.2367 -0.756178 -13 298 1 0 1 
-6.51828 2.52812 65.4505 -7.255 4.5637 86.1302 0.694116 -13 299 1 0 1 
10.5678 5.72818 65.4497 11.2356 3.50789 88.2576 1.90281 -13 300 1 0 1 
-3.1157 -8.7141 65.4503 -5.1394 -8.44301 93.6554 1.33784 -13 301 1 0 1 
4.18442 8.14372 65.45 6.21089 11.8416 80.0421 1.36431 -13 302 1 0 1 
-4.8376 -3.31391 65.4504 -2.80422 -3.92622 77.1748 1.77602 -13 303 1 0 1 
-3.73211 0.357196 65.4504 -4.87668 -0.987186 90.4003 0.341449 -13 304 1 0 1 
4.26202 -6.44951 65.45 4.39951 -4.97551 90.6554 1.29553 -13 305 1 0 1 
6.10967 2.82237 65.4499 4.77749 7.83621 96.5979 1.22226 -13 306 1 0 1 
-4.7813 -0.521048 65.4504 -8.81823 -3.01687 95.9409 0.787808 -13 307 1 0 1 
-8.20665 14.4484 65.4506 -9.59439 17.5885 88.1552 1.24784 -13 308 1 0 1 
-1.7971 4.48317 65.4503 1.34654 4.29015 74.0182 0.353012 -13 309 1 0 1 
-9.31528 -17.0346 65.4506 -11.9993 -18.8823 90.1383 -0.299167 -13 310 1 0 1 
-10.5181 -1.79262 65.4507 -18.1488 -2.02502 100.273 0.100728 -13 311 1 0 1 
-5.10598 12.0115 65.4504 -2.50735 10.0847 75.869 1.01621 -13 312 1 0 1 
-3.63074 -8.57498 65.4504 -4.41543 -10.6576 87.8072 0.795671 -13 313 1 0 1 
8.96041 5.07449 65.4497 8.89788 7.84564 90.5105 1.06203 -13 314 1 0 1 
8.37931 19.0732 65.4498 9.94822 14.3387 62.0758 1.45986 -13 315 1 0 1 
8.07687 -0.914033 65.4498 10.0415 3.70566 80.5778 -0.0999478 -13 316 1 0 1 
3.90812 -2.57348 65.45 4.17122 -2.24361 91.1837 -0.779998 -13 317 1 0 1 
-1.58072 -5.72459 65.4503 -1.09868 -3.574 84.6685 1.55575 -13 318 1 0 1 
3.27625 -4.66417 65.45 3.48559 -7.16944 89.1237 -0.547738 -13 319 1 0 1 
11.9289 -4.25719 65.4496 13.8728 -2.17675 80.4397 0.647902 -13 320 1 0 1 
-3.68292 8.91137 65.4504 -1.69282 3.14329 80.6232 2.51038 -13 321 1 0 1 
8.43543 -0.586247 65.4498 8.19836 -0.0436711 91.8297 0.664584 -13 322 1 0 1 
1.39564 -3.85025 65.4501 -2.1094 -5.06465 99.0139 0.335898 -13 323 1 0 1 
2.94523 2.92702 65.45 3.75053 2.63863 83.5921 -0.192354 -13 324 1 0 1 
5.95579 8.11341 65.4499 5.37875 10.9295 93.3545 1.53786 -13 325 1 0 1 
-10.3558 -1.05791 65.4507 -9.31796 -1.60346 80.6288 0.900103 -13 326 1 0 1 
7.97292 -19.2367 65.4498 9.40389 -23.6814 84.5636 0.0992927 -13 327 1 0 1 
6.26361 7.84323 65.4499 5.65223 9.20922 91.8655 1.40058 -13 328 1 0 1 
3.05547 3.73575 65.45 1.38513 5.53479 92.3739 0.868209 -13 329 1 0 1 
-4.3687 1.38721 65.4504 -5.17863 1.83652 87.3062 0.740954 -13 330 1 0 1 
-1.21884 -7.92908 65.4502 -2.04636 -10.9715 89.7866 0.00146216 -13 331 1 0 1 
-12.0969 28.5404 65.4508 -12.4116 30.6888 81.1186 0.296323 -13 332 1 0 1 
2.45935 -8.96291 65.4501 -1.24398 -11.9322 98.0888 0.484231 -13 333 1 0 1 
8.63587 10.2952 65.4498 8.47053 11.3667 92.1817 1.53256 -13 334 1 0 1 
-3.66166 2.35117 65.4504 -5.43968 6.43699 92.471 1.01968 -13 335 1 0 1 
-2.88651 2.88533 65.4503 -6.00692 0.73282 94.3305 -0.23952 -13 336 1 0 1 
9.39654 -13.1389 65.4497 10.2126 -17.0832 86.2094 0.717821 -13 337 1 0 1 
0.891178 16.0527 65.4501 0.41404 17.9221 85.8625 1.06043 -13 338 1 0 1 
18.7288 -19.0178 65.3223 20.5906 -20.6818 87.006 0.305116 -13 339 1 0 1 
14.3215 11.9587 65.4495 17.3639 8.07139 73.3499 0.099255 -13 340 1 0 1 
-2.17825 9.79404 65.4503 -2.13117 8.48916 87.9678 0.647006 -13 341 1 0 1 
-4.58212 9.52 65.4504 -5.03597 12.0367 86.9292 0.518032 -13 342 1 0 1 
3.73265 0.70768 65.45 1.58526 2.51251 96.7918 0.711895 -13 343 1 0 1 
10.2164 -13.0274 65.4497 8.38127 -16.39 97.6183 -0.0509941 -13 344 1 0 1 
-4.13105 -2.5327 65.4504 -5.02241 -1.43823 87.9067 -0.732494 -13 345 1 0 1 
-3.52007 -13.2813 65.4504 -3.45203 -17.9258 85.7764 0.650965 -13 346 1 0 1 
3.79421 1.41481 65.45 2.14404 1.5011 94.7144 0.480995 -13 347 1 0 1 
-8.37242 13.2654 65.4506 -14.1616 16.7114 98.1495 1.78886 -13 348 1 0 1 
0.712622 -8.53467 65.4502 -1.04142 -8.09895 94.9872 0.0899112 -13 349 1 0 1 
-3.3937 7.58063 65.4504 -5.7396 5.49533 92.6997 0.495237 -13 350 1 0 1 
-3.25115 8.42815 65.4503 -3.57418 11.9905 86.1821 1.98612 -13 351 1 0 1 
-0.0233887 6.18865 65.4502 2.73936 1.32186 76.2317 1.45678 -13 352 1 0 1 
2.77217 4.88375 65.4501 0.698117 5.93158 95.8573 -0.0763128 -13 353 1 0 1 
4.18654 -1.25979 65.45 4.09149 -4.48974 87.556 -0.115714 -13 354 1 0 1 
8.96866 14.1112 65.4497 8.69846 14.2933 90.8155 -0.774438 -13 355 1 0 1 
-5.34161 -1.73716 65.4505 -5.67332 2.10254 87.9925 -0.48973 -13 356 1 0 1 
2.43819 -2.77356 65.4501 3.14019 -0.98327 87.0817 0.488441 -13 357 1 0 1 
4.62814 -6.18229 65.45 1.51633 -10.4092 98.131 1.39777 -13 358 1 0 1 
6.08676 5.79835 65.4499 8.18385 5.41345 77.4495 1.90593 -13 359 1 0 1 
13.3574 1.60629 65.4495 15.2248 1.26738 84.979 -0.228453 -13 360 1 0 1 
2.22553 2.09921 65.4501 0.143616 3.92977 94.7417 0.534591 -13 361 1 0 1 
-5.97529 9.55846 65.4505 -6.9145 8.07729 86.6756 0.855156 -13 362 1 0 1 
-5.71112 3.41909 65.4505 -6.78254 4.34176 89.8163 -0.531312 -13 363 1 0 1 
-3.02926 11.8191 65.4503 -1.42034 12.1174 76.9647 -0.291295 -13 364 1 0 1 
14.2767 -8.08705 65.4495 12.0925 -7.92129 98.4972 0.124451 -13 365 1 0 1 
-3.09188 -8.78693 65.4503 -2.60663 -10.2451 86.3769 -0.47245 -13 366 1 0 1 
-8.82592 -15.2396 65.4506 -9.46737 -15.9942 85.7491 -0.488712 -13 367 1 0 1 
0.514105 3.0682 65.4502 1.44272 4.58235 87.1053 0.837758 -13 368 1 0 1 
5.69932 -8.39103 65.4499 6.46004 -9.87139 84.7755 0.752928 -13 369 1 0 1 
7.51574 0.0758966 65.4498 5.71035 -0.181024 97.5975 0.342874 -13 370 1 0 1 
3.43812 -3.16118 65.45 4.4229 -4.34269 89.1725 0.682262 -13 371 1 0 1 
8.83337 7.56332 65.4498 8.57924 0.227017 91.2717 0.287886 -13 372 1 0 1 
-10.7861 -2.19743 65.4507 -11.5241 -1.41817 84.0709 -0.717409 -13 373 1 0 1 
-3.02368 0.912381 65.4503 -3.67201 5.0671 88.5376 0.192523 -13 374 1 0 1 
3.03101 10.3836 65.45 -0.920257 12.753 98.1882 -1.00755 -13 375 1 0 1 
2.76474 7.55991 65.4501 2.62701 7.31334 90.3943 -0.279724 -13 376 1 0 1 
-17.0976 16.3291 65.451 -17.9499 19.8409 84.2023 0.721718 -13 377 1 0 1 
8.60347 -4.38638 65.4498 4.61705 -6.80572 98.3263 -0.484668 -13 378 1 0 1 
-1.25838 1.19915 65.4503 -5.12238 2.46179 96.5015 -0.285759 -13 379 1 0 1 
13.3873 -14.9889 65.4495 14.8895 -15.0634 84.1953 -0.192299 -13 380 1 0 1 
8.19146 -7.96519 65.4498 9.4468 -10.4333 85.0196 0.409078 -13 381 1 0 1 
-5.50486 2.62819 65.4505 -9.84318 -0.0399362 97.5259 0.537336 -13 382 1 0 1 
2.75029 7.99525 65.4501 4.6582 4.45733 82.1072 1.04591 -13 383 1 0 1 
5.00302 -4.68949 65.4499 5.13271 -4.42678 88.707 0.252428 -13 384 1 0 1 
1.08414 14.2642 65.4501 1.68567 17.8432 82.0282 1.06185 -13 385 1 0 1 
-0.284302 -5.96376 65.4502 -0.687219 -5.34416 88.7 2.07902 -13 386 1 0 1 
-1.04538 3.63086 65.4502 -1.97628 5.85922 91.1856 0.80882 -13 387 1 0 1 
-2.20036 1.61704 65.4503 -4.91055 3.57505 92.9731 0.545749 -13 388 1 0 1 
6.60057 1.37727 65.4499 8.7032 -0.136741 79.2909 0.109386 -13 389 1 0 1 
-1.70719 2.31404 65.4503 -5.65756 2.25609 97.1074 2.17549 -13 390 1 0 1 
6.70427 7.57314 65.4499 5.968 6.59932 91.4343 1.33125 -13 391 1 0 1 
0.561314 10.7746 65.4502 2.74459 6.60592 76.8097 -1.0096 -13 392 1 0 1 
-5.37534 12.5136 65.4505 -7.01187 17.6918 89.9 0.652143 -13 393 1 0 1 
2.94594 -8.82794 65.45 5.98321 -6.53381 71.3521 0.188956 -13 394 1 0 1 
4.77467 -12.5512 65.45 5.46506 -11.4725 86.1583 -0.221602 -13 395 1 0 1 
13.599 24.8187 65.4495 14.0258 24.391 85.183 1.11651 -13 396 1 0 1 
-11.1495 6.11999 65.4507 -4.61764 7.57063 62.0695 -0.469391 -13 397 1 0 1 
-1.915 -2.37822 65.4503 -2.95575 -2.19107 88.5437 0.920335 -13 398 1 0 1 
-14.4049 14.1676 65.4509 -14.2452 17.3126 81.9712 0.837273 -13 399 1 0 1 
19.2711 4.92148 65.3186 21.7166 6.71138 85.8998 1.08899 -13 400 1 0 1 
-6.42036 0.971701 65.4505 -7.6221 5.74196 88.1575 0.308422 -13 401 1 0 1 
-8.22896 19.1934 65.4506 -6.0046 18.9117 78.1847 -0.431795 -13 402 1 0 1 
6.37438 0.468222 65.4499 8.22826 3.84938 83.3596 0.433384 -13 403 1 0 1 
-9.09693 -9.5521 65.4506 -4.92049 -4.91131 70.1951 0.453285 -13 404 1 0 1 
6.35155 -5.06851 65.4499 8.07253 -6.7083 84.7912 0.179107 -13 405 1 0 1 
16.9952 -1.76555 65.3342 17.5602 -0.447664 99.019 2.0384 -13 406 1 0 1 
2.40314 10.6872 65.4501 4.45384 9.34468 78.8727 2.13491 -13 407 1 0 1 
-6.86462 -14.3895 65.4505 -6.85445 -16.9217 84.4651 0.610207 -13 408 1 0 1 
-0.935681 -5.56687 65.4502 -0.372818 -3.46138 84.2887 0.121538 -13 409 1 0 1 
12.1865 4.99329 65.4496 12.4221 2.08586 91.7127 0.683201 -13 410 1 0 1 
7.78407 3.92725 65.4498 8.59552 2.52581 90.327 0.0172577 -13 411 1 0 1 
4.31608 13.3779 65.45 4.98746 16.2407 83.7948 0.718032 -13 412 1 0 1 
0.899393 -13.1416 65.4501 -1.28074 -13.834 93.0173 1.69536 -13 413 1 0 1 
4.52865 -6.73696 65.45 6.68787 -4.136 83.2588 1.26463 -13 414 1 0 1 
-7.40857 26.5379 65.4506 -5.49738 27.1842 74.4844 1.58387 -13 415 1 0 1 
0.176461 -5.23983 65.4502 -1.48181 -6.73752 92.6088 0.29401 -13 416 1 0 1 
-14.4016 0.119188 65.4509 -17.111 0.347388 87.8152 0.534038 -13 417 1 0 1 
-5.08178 7.48089 65.4504 -6.47646 9.59417 89.1571 0.0594594 -13 418 1 0 1 
4.50511 -9.4281 65.45 7.03741 -8.7937 78.9638 0.41309 -13 419 1 0 1 
2.71328 -3.67656 65.4501 5.89525 -3.54247 67.9227 1.18083 -13 420 1 0 1 
-6.91552 -5.06275 65.4505 -10.7547 -8.12219 92.7591 0.570036 -13 421 1 0 1 
1.27849 1.65891 65.4501 1.85644 3.00255 88.4436 1.39695 -13 422 1 0 1 
-3.55952 -4.45095 65.4504 -2.60797 -6.89774 84.7414 -0.172508 -13 423 1 0 1 
3.32975 -1.88744 65.45 0.705119 -5.37107 97.6002 -0.213926 -13 424 1 0 1 
8.49175 -1.43391 65.4498 10.4577 -0.220553 85.3477 1.87863 -13 425 1 0 1 
2.26619 3.39263 65.4501 5.14613 4.24576 75.8906 0.840503 -13 426 1 0 1 
-6.47376 -0.767646 65.4505 -4.22671 2.07971 78.8154 0.821054 -13 427 1 0 1 
4.94419 17.8852 65.4499 6.99239 18.5415 79.2675 -0.855617 -13 428 1 0 1 
10.5164 13.4548 65.4497 11.6856 14.0218 85.288 0.717067 -13 429 1 0 1 
1.07588 -2.23162 65.4501 3.23369 0.0417945 82.6756 0.431878 -13 430 1 0 1 
6.3146 18.576 65.4499 8.35339 16.365 75.9061 2.16488 -13 431 1 0 1 
0.999165 -12.1005 65.4501 -0.463917 -10.1409 91.6263 0.1804 -13 432 1 0 1 
-25.0046 1.2644 65.4514 -16.4737 -1.2982 62.1986 -1.13768 -13 433 1 0 1 
2.5353 3.81438 65.4501 4.53525 2.47523 82.2233 0.161905 -13 434 1 0 1 
-10.7141 8.46246 65.4507 -10.881 6.77401 83.8021 -0.414371 -13 435 1 0 1 
-5.97848 5.57402 65.4505 -12.4145 4.76105 97.7952 1.18605 -13 436 1 0 1 
-11.8937 -20.9099 65.4508 -11.353 -20.7262 80.6814 0.264786 -13 437 1 0 1 
-3.45946 -14.8445 65.4504 -4.03312 -17.8238 86.4951 0.472017 -13 438 1 0 1 
-9.2858 2.29458 65.4506 -9.73454 2.90203 84.4995 0.514439 -13 439 1 0 1 
4.86709 -8.15959 65.4499 5.65796 -7.70522 84.1451 0.279052 -13 440 1 0 1 
-12.4571 -0.126662 65.4508 -9.92605 -1.10268 79.5317 0.673716 -13 441 1 0 1 
5.86651 -0.275569 65.4499 6.55043 -3.39634 85.3475 1.22751 -13 442 1 0 1 
-3.4007 1.35709 65.4504 -6.57531 0.891848 95.6317 1.19496 -13 443 1 0 1 
-16.0764 4.37089 65.451 -18.1758 2.13966 87.9835 1.6596 -13 444 1 0 1 
12.958 -0.236048 65.4495 12.7116 0.154291 94.408 1.97373 -13 445 1 0 1 
-22.4776 -23.4874 65.4513 -23.9436 -24.5694 80.8333 0.860812 -13 446 1 0 1 
0.0339144 5.51565 65.4502 -2.92078 6.81838 96.6951 0.0560883 -13 447 1 0 1 
10.7493 8.61837 65.4497 10.4006 11.852 95.1231 -0.122142 -13 448 1 0 1 
8.56396 -3.91498 65.4498 10.9254 -5.51517 80.489 0.699395 -13 449 1 0 1 
0.751304 -2.83353 65.4502 0.00977494 -4.50683 87.4911 1.29728 -13 450 1 0 1 
5.56836 -0.925976 65.4499 6.37075 -1.10175 85.5909 -0.813108 -13 451 1 0 1 
-1.14331 1.87212 65.4502 1.5464 -0.577376 79.2279 1.31607 -13 452 1 0 1 
-6.91835 -3.33623 65.4505 -6.29229 -0.600593 85.4625 0.730817 -13 453 1 0 1 
-5.80581 -10.4743 65.4505 -1.90612 -7.3142 71.7667 1.45112 -13 454 1 0 1 
-1.70288 -9.21918 65.4503 -0.259241 -7.3376 82.0268 0.412414 -13 455 1 0 1 
0.281481 -2.96801 65.4502 1.38756 -3.59324 82.2311 -0.0567054 -13 456 1 0 1 
-10.8176 11.8704 65.4507 -10.0424 9.60913 82.4324 1.22142 -13 457 1 0 1 
6.92377 -10.0822 65.4498 5.78163 -11.1201 92.7965 0.352551 -13 458 1 0 1 
-6.05719 -6.59808 65.4505 -4.36018 -8.35801 81.4855 0.539025 -13 459 1 0 1 
-3.96586 1.58249 65.4504 -2.25943 -0.780179 80.3998 0.777662 -13 460 1 0 1 
-6.48741 3.94227 65.4505 -8.30173 4.54339 89.4783 0.72489 -13 461 1 0 1 
3.4268 -2.64457 65.45 -0.0590009 -2.66569 98.3337 0.884814 -13 462 1 0 1 
18.5242 -12.2329 65.3237 19.8213 -15.2575 92.5293 0.075393 -13 463 1 0 1 
-7.15972 -5.53433 65.4505 -10.6326 -6.89328 92.0478 1.12353 -13 464 1 0 1 
-27.1407 3.34368 65.4515 -32.2599 7.22474 88.549 -0.54546 -13 465 1 0 1 
7.29301 -0.961972 65.4498 9.60005 -3.42649 81.4284 1.1246 -13 466 1 0 1 
18.4361 4.23086 65.3243 20.079 4.00553 82.8099 -0.495156 -13 467 1 0 1 
-2.65297 -10.5248 65.4503 -4.942 -12.0757 91.4284 0.633973 -13 468 1 0 1 
8.06489 -2.49974 65.4498 9.00252 -0.927679 85.2043 -0.0223943 -13 469 1 0 1 
-5.13515 -18.5439 65.4504 -6.1305 -22.4609 85.263 1.69504 -13 470 1 0 1 
6.51207 -3.94186 65.4499 3.62372 -7.77315 98.6594 0.512901 -13 471 1 0 1 
-4.65236 1.60406 65.4504 -6.39964 0.326029 90.8185 0.78672 -13 472 1 0 1 
-10.4823 4.88258 65.4507 -15.8491 8.46005 95.7875 0.480485 -13 473 1 0 1 
-15.9962 15.0738 65.451 -14.5756 14.5027 79.2575 0.511205 -13 474 1 0 1 
7.72255 -3.93241 65.4498 9.20915 -2.82504 81.455 0.768288 -13 475 1 0 1 
3.62426 8.73908 65.45 5.27614 8.09869 81.3824 1.06826 -13 476 1 0 1 
11.2613 -0.45182 65.4496 11.2335 -2.39124 93.5736 0.525497 -13 477 1 0 1 
6.41287 5.50272 65.4499 6.63375 3.03722 87.8884 0.834757 -13 478 1 0 1 
5.23545 13.2202 65.4499 6.34049 15.1937 83.418 0.0712168 -13 479 1 0 1 
-11.9481 -0.809146 65.4508 -14.8522 -2.69158 92.1666 1.80278 -13 480 1 0 1 
-4.99385 -2.16882 65.4504 -6.5473 -2.53072 91.746 0.384905 -13 481 1 0 1 
-8.68335 18.2182 65.4506 -13.6151 21.7599 93.9323 1.53894 -13 482 1 0 1 
5.15721 11.6541 65.4499 4.95413 12.7516 91.7883 -0.505939 -13 483 1 0 1 
8.57562 -7.78371 65.4498 9.17033 -11.7556 87.4001 1.05431 -13 484 1 0 1 
-2.34726 -7.14627 65.4503 -5.30975 -5.52796 95.0833 0.405732 -13 485 1 0 1 
8.45847 -8.29319 65.4498 10.6811 -6.38518 66.1479 0.247415 -13 486 1 0 1 
-0.890343 24.1899 65.4502 1.52465 22.968 72.8063 0.205091 -13 487 1 0 1 
0.0868284 4.91461 65.4502 -2.59061 6.44523 96.96 0.727714 -13 488 1 0 1 
-2.44134 2.37384 65.4503 0.0182091 5.36959 76.2592 0.0234658 -13 489 1 0 1 
-10.3588 3.63018 65.4507 -15.8648 3.80703 95.3645 1.70657 -13 490 1 0 1 
8.26363 -2.63634 65.4498 10.3971 -1.72631 73.8236 2.5022 -13 491 1 0 1 
17.6982 -13.6719 65.3294 19.5375 -15.2076 89.2737 0.917955 -13 492 1 0 1 
2.0607 1.5057 65.4501 3.25842 -1.79656 86.0245 0.773919 -13 493 1 0 1 
-6.98733 -11.3991 65.4505 -2.32548 -7.88554 74.7118 1.12808 -13 494 1 0 1 
8.54099 -4.21196 65.4498 8.66182 -5.72032 91.5717 2.30493 -13 495 1 0 1 
2.4216 -4.24365 65.4501 2.95762 -2.62689 84.8 -0.173427 -13 496 1 0 1 
-9.24694 -14.5228 65.4506 -6.03939 -15.528 73.5517 0.501961 -13 497 1 0 1 
2.05301 5.55632 65.4501 -2.25243 8.64125 100.038 0.405557 -13 498 1 0 1 
-1.1324 10.4259 65.4502 -3.82279 8.9016 95.156 1.48693 -13 499 1 0 1 
-9.58322 1.87533 65.4507 -10.4379 1.70442 85.3351 0.420665 -13 500 1 0 1 
2.43705 1.22098 65.4501 4.02922 2.56971 82.3577 0.30005 -13 501 1 0 1 
-3.93315 23.2008 65.4504 -3.09102 20.558 80.9609 0.968281 -13 502 1 0 1 
4.81276 -8.44346 65.4499 7.51183 -8.2687 78.4476 0.604284 -13 503 1 0 1 
2.84998 -13.9038 65.45 4.2042 -15.7547 82.1582 0.8799 -13 504 1 0 1 
0.409381 9.12545 65.4502 -0.98195 9.85209 92.3639 0.0990935 -13 505 1 0 1 
5.92725 4.07541 65.4499 2.98135 5.57255 97.7372 0.145861 -13 506 1 0 1 
15.3174 -1.51541 65.3456 17.3066 -3.2157 81.6372 -1.0127 -13 507 1 0 1 
5.51156 -6.73721 65.4499 5.18649 -8.35046 93.6266 0.971568 -13 508 1 0 1 
0.290598 -2.71027 65.4502 3.77804 -3.72616 70.2646 0.724426 -13 509 1 0 1 
-1.80644 -0.91954 65.4503 -2.47272 2.0516 89.1423 -1.51115 -13 510 1 0 1 
4.24597 0.280422 65.45 2.5731 -1.212 94.9001 0.148427 -13 511 1 0 1 
10.034 -4.98742 65.4497 12.0427 -6.2055 84.4472 1.46927 -13 512 1 0 1 
1.91599 4.76775 65.4501 0.747126 8.92284 92.811 0.588152 -13 513 1 0 1 
-1.71849 4.4746 65.4503 1.58367 3.85406 67.9212 1.42916 -13 514 1 0 1 
-0.0682025 2.39654 65.4502 -4.73478 6.28941 100.352 0.888567 -13 515 1 0 1 
-0.205757 2.93636 65.4502 1.15062 2.54802 82.3933 -0.00520527 -13 516 1 0 1 
3.25009 -6.92858 65.45 7.3461 -6.53377 70.0491 0.596625 -13 517 1 0 1 
-1.7953 0.816824 65.4503 -3.31853 -1.50653 94.9408 1.58465 -13 518 1 0 1 
-30.4923 7.89486 65.4517 -28.3125 9.53778 75.2589 0.804415 -13 519 1 0 1 
1.85908 -6.29968 65.4501 3.92739 -7.54005 82.3867 0.876866 -13 520 1 0 1 
-1.1867 5.67838 65.4502 -1.06216 5.83262 84.4748 0.702901 -13 521 1 0 1 
6.92527 2.98834 65.4498 8.16122 0.260197 82.3521 0.139874 -13 522 1 0 1 
-5.40943 5.57085 65.4505 -6.26376 8.46103 88.9052 0.145146 -13 523 1 0 1 
-0.557705 4.84657 65.4502 -1.56267 3.71184 90.1014 0.155924 -13 524 1 0 1 
-6.63059 0.506127 65.4505 -4.24031 0.515572 76.9404 0.118103 -13 525 1 0 1 
9.65134 7.82305 65.4497 11.5088 11.0013 83.7281 0.257541 -13 526 1 0 1 
-2.72209 5.32388 65.4503 -0.735253 5.75533 77.6796 0.825647 -13 527 1 0 1 
8.45451 7.5293 65.4498 11.2757 7.92873 74.9092 1.82565 -13 528 1 0 1 
13.8421 2.86389 65.4495 15.4749 2.15561 82.4538 -0.624096 -13 529 1 0 1 
5.44699 -2.04746 65.4499 3.37173 -5.72584 97.0321 1.74348 -13 530 1 0 1 
5.59309 4.23495 65.4499 3.38455 6.273 97.7538 0.448587 -13 531 1 0 1 
-2.0111 10.5216 65.4503 -4.39811 11.0205 92.4475 1.30889 -13 532 1 0 1 
-2.23427 -3.82039 65.4503 -4.78818 -0.890642 92.6615 0.623839 -13 533 1 0 1 
-8.50925 -9.08331 65.4506 -8.60929 -9.29915 85.0357 -0.0509355 -13 534 1 0 1 
-10.3736 0.0470159 65.4507 -12.964 4.91657 91.349 1.10634 -13 535 1 0 1 
5.33229 -9.33529 65.4499 5.38251 -9.07 91.0792 0.743807 -13 536 1 0 1 
-5.34939 11.309 65.4505 -6.00375 13.0819 87.7699 -0.150691 -13 537 1 0 1 
-10.5045 11.0355 65.4507 -8.77374 9.29176 78.4235 -0.940022 -13 538 1 0 1 
-15.5089 11.2359 65.451 -18.1941 12.4391 87.4867 -0.330321 -13 539 1 0 1 
-0.710406 -2.3499 65.4502 0.75561 -0.692385 84.1878 0.109993 -13 540 1 0 1 
-18.6883 2.65077 65.4511 -19.4397 2.80456 83.5735 0.273517 -13 541 1 0 1 
-12.3364 3.63675 65.4508 -13.0404 2.46797 84.2842 -0.367814 -13 542 1 0 1 
15.6064 -0.23007 65.3436 17.5908 0.427851 88.9901 0.393982 -13 543 1 0 1 
5.61383 -7.56329 65.4499 6.66107 -8.9778 88.8323 0.563594 -13 544 1 0 1 
10.1362 -6.39553 65.4497 10.4008 -5.73776 91.8299 1.40949 -13 545 1 0 1 
3.00866 -3.80024 65.45 3.57643 -0.56806 89.6784 -1.02834 -13 546 1 0 1 
-12.3304 14.0528 65.4508 -11.9506 12.9255 80.2438 1.78976 -13 547 1 0 1 
-2.08289 0.653079 65.4503 -4.16139 4.37882 93.8412 -1.26207 -13 548 1 0 1 
-5.77006 1.3159 65.4505 -3.09126 2.51447 78.6516 0.277291 -13 549 1 0 1 
-1.52188 -10.3743 65.4503 -3.99763 -11.0158 93.083 0.803859 -13 550 1 0 1 
-5.17983 10.3627 65.4504 -1.04695 10.0821 71.6877 0.910055 -13 551 1 0 1 
-5.10609 -7.91612 65.4504 -5.8732 -7.09325 88.2059 0.482415 -13 552 1 0 1 
-0.806461 9.55881 65.4502 -2.04081 15.5023 90.0596 0.911751 -13 553 1 0 1 
4.55833 -5.41463 65.45 6.00476 -4.89033 78.071 -0.375548 -13 554 1 0 1 
-2.12144 -12.5701 65.4503 -4.21013 -14.1734 91.8836 0.609993 -13 555 1 0 1 
4.29431 6.76583 65.45 3.66081 9.28029 92.5978 -0.168807 -13 556 1 0 1 
4.67296 -1.14651 65.45 4.31124 -2.91655 93.7658 0.797724 -13 557 1 0 1 
-5.49627 3.25793 65.4505 -9.58343 2.06154 96.477 -0.788521 -13 558 1 0 1 
13.8463 -7.31308 65.4495 15.785 -9.36708 80.9718 0.651916 -13 559 1 0 1 
-8.37733 -5.19211 65.4506 -6.11961 -1.96445 79.075 0.571375 -13 560 1 0 1 
5.44213 3.39277 65.4499 6.32151 1.50731 86.5564 0.984746 -13 561 1 0 1 
3.26043 1.93702 65.45 3.52508 -2.72232 88.633 -0.509841 -13 562 1 0 1 
-9.70309 1.28176 65.4507 -10.8843 -0.679842 88.0115 -0.494688 -13 563 1 0 1 
2.59865 7.73856 65.4501 2.13552 7.77583 92.6665 -0.884816 -13 564 1 0 1 
-0.189272 -7.60491 65.4502 -0.590889 -8.64428 89.9566 -0.620392 -13 565 1 0 1 
-9.65163 -3.97625 65.4507 -11.3867 -7.20944 88.8396 0.10618 -13 566 1 0 1 
15.9922 1.19026 65.341 17.8272 -0.593576 90.8273 -1.63157 -13 567 1 0 1 
-3.39689 3.31961 65.4504 -4.98625 6.30973 91.582 -0.126687 -13 568 1 0 1 
-4.76423 1.16066 65.4504 -6.12529 3.77624 91.0687 0.422087 -13 569 1 0 1 
14.4087 -0.524314 65.4495 14.9076 -3.55253 94.8681 -0.121041 -13 570 1 0 1 
4.87326 -9.09126 65.4499 3.90764 -11.5981 92.0857 -0.566349 -13 571 1 0 1 
9.10989 6.9783 65.4497 9.60871 9.56208 90.1876 -0.878255 -13 572 1 0 1 
6.70865 6.99513 65.4499 7.47912 6.43643 89.2984 0.961082 -13 573 1 0 1 
1.42663 9.63729 65.4501 3.67025 10.0894 76.5102 0.491089 -13 574 1 0 1 
5.93393 -5.50173 65.4499 6.01531 -7.6714 87.8315 1.6036 -13 575 1 0 1 
5.94715 -11.8933 65.4499 4.86725 -14.3827 95.31 1.17681 -13 576 1 0 1 
-0.971291 -11.7259 65.4502 -0.467713 -9.00599 86.0305 0.519439 -13 577 1 0 1 
6.35525 8.43202 65.4499 6.96213 8.8285 91.1241 0.999689 -13 578 1 0 1 
8.09185 -12.5322 65.4498 11.0749 -14.0377 81.5111 0.463411 -13 579 1 0 1 
7.83077 4.29985 65.4498 9.46485 3.2134 88.1761 0.969949 -13 580 1 0 1 
5.93136 -11.2192 65.4499 8.0879 -14.5698 80.8939 0.196357 -13 581 1 0 1 
3.56363 12.2903 65.45 1.22058 16.5049 95.6098 -0.704039 -13 582 1 0 1 
-7.47108 -8.73067 65.4506 -6.28228 -11.8506 83.0875 -0.51267 -13 583 1 0 1 
-0.228069 -6.56551 65.4502 2.66485 -7.33386 75.5975 0.00888414 -13 584 1 0 1 
-4.00921 -10.901 65.4504 -6.66629 -14.7827 93.0461 0.319563 -13 585 1 0 1 
-6.20462 -9.56572 65.4505 -5.32568 -11.9169 79.5916 0.834093 -13 586 1 0 1 
1.55698 -7.68825 65.4501 -1.82386 -5.25494 98.1284 0.618026 -13 587 1 0 1 
-3.93567 -23.3834 65.4504 -1.81273 -22.834 75.7393 0.909473 -13 588 1 0 1 
0.776665 4.6065 65.4501 -1.4993 7.72328 93.2814 1.48842 -13 589 1 0 1 
-21.2206 -9.26424 65.4512 -7.77644 -4.68008 42.7835 0.750644 -13 590 1 0 1 
-3.88926 -5.44539 65.4504 -7.8662 -7.63163 95.5808 1.06269 -13 591 1 0 1 
7.35551 -5.40176 65.4498 7.5651 -9.11146 88.9591 0.802937 -13 592 1 0 1 
2.30589 9.28627 65.4501 4.21621 9.69289 78.5091 1.16979 -13 593 1 0 1 
15.7548 -7.52394 65.3426 18.0872 -7.96037 79.7943 2.05753 -13 594 1 0 1 
3.27907 -4.8562 65.45 4.80871 -3.28399 83.1746 0.865414 -13 595 1 0 1 
5.0968 11.328 65.4499 4.937 10.6043 90.3656 0.576073 -13 596 1 0 1 
15.1759 -1.15795 65.3466 15.9628 -3.69963 96.3619 0.821444 -13 597 1 0 1 
6.51403 0.851315 65.4499 9.16672 1.00622 78.7346 0.19275 -13 598 1 0 1 
17.1532 5.71919 65.3331 19.4487 7.78344 81.6002 0.832606 -13 599 1 0 1 
11.5897 -4.91376 65.4496 10.4936 -5.50512 97.3803 0.476765 -13 600 1 0 1 
10.0985 12.1375 65.4497 10.9746 9.29363 83.3447 -0.114923 -13 601 1 0 1 
-0.47205 -5.1174 65.4502 -2.70078 -5.39908 93.9344 0.225758 -13 602 1 0 1 
3.50678 1.20745 65.45 2.79838 1.99624 92.9412 -1.13118 -13 603 1 0 1 
15.7371 -1.01084 65.3428 17.8904 -0.543792 82.3169 -0.636503 -13 604 1 0 1 
8.44139 1.25978 65.4498 9.96902 3.26248 86.4433 0.168693 -13 605 1 0 1 
4.17157 5.6833 65.45 4.7742 6.69691 81.664 0.885094 -13 606 1 0 1 
-5.55592 -8.3667 65.4505 -5.32728 -10.3893 84.6857 -0.815342 -13 607 1 0 1 
0.367833 0.161565 65.4502 2.78988 1.8432 78.1172 0.571826 -13 608 1 0 1 
25.5718 0.199054 65.2756 27.2309 -1.86698 83.7414 1.03315 -13 609 1 0 1 
10.8301 -2.65944 65.4497 11.8789 -5.99318 77.6915 2.39353 -13 610 1 0 1 
-9.48199 4.1202 65.4507 -15.3664 7.7014 96.7411 -0.457075 -13 611 1 0 1 
1.25102 8.31642 65.4501 2.31258 8.65183 85.6602 1.88019 -13 612 1 0 1 
-16.1513 -21.7875 65.451 -10.1783 -16.3802 66.2161 0.0812917 -13 613 1 0 1 
-4.22408 -8.05887 65.4504 -8.27105 -6.23516 95.0211 -0.0456544 -13 614 1 0 1 
1.91992 -3.45523 65.4501 3.88796 -3.17803 83.8431 0.895078 -13 615 1 0 1 
-7.26376 -14.4777 65.4505 -7.65405 -11.6831 86.2678 0.221536 -13 616 1 0 1 
11.6131 5.51495 65.4496 13.2523 7.82311 86.2951 -0.0811495 -13 617 1 0 1 
-1.61774 7.88008 65.4503 -1.81785 6.45653 89.2799 0.0136277 -13 618 1 0 1 
2.92179 0.700382 65.45 4.02081 1.11671 79.4318 0.632186 -13 619 1 0 1 
-8.44733 -17.8704 65.4506 -9.32028 -14.0669 83.3273 0.205606 -13 620 1 0 1 
-0.377515 0.985423 65.4502 -0.851329 1.66087 87.8556 0.266816 -13 621 1 0 1 
3.48786 1.4671 65.45 1.76088 5.12563 94.5392 1.15261 -13 622 1 0 1 
1.72227 -0.67879 65.4501 4.5105 -2.54537 79.7399 -0.418564 -13 623 1 0 1 
10.8575 -2.11325 65.4497 11.2569 -3.80492 89.8331 -1.77323 -13 624 1 0 1 
-8.12415 -15.3942 65.4506 -7.34648 -15.4897 81.9537 1.4661 -13 625 1 0 1 
-3.73313 -5.00259 65.4504 -4.66347 -3.5894 90.4305 1.41557 -13 626 1 0 1 
-6.99882 3.71117 65.4505 -11.396 1.87627 96.5601 -0.735335 -13 627 1 0 1 
11.6632 12.3903 65.4496 14.1233 9.12559 81.0138 0.493662 -13 628 1 0 1 
15.737 -3.61402 65.3428 17.913 -3.75983 90.956 0.599692 -13 629 1 0 1 
-1.81681 -5.70326 65.4503 -2.61696 -10.3167 90.1801 -0.300835 -13 630 1 0 1 
7.70756 14.8159 65.4498 7.86502 17.7972 90.7867 0.791483 -13 631 1 0 1 
-1.61593 8.80791 65.4503 -3.82492 9.82667 94.1064 1.24718 -13 632 1 0 1 
-3.44579 -1.58145 65.4504 -1.44524 -0.935477 81.2936 0.312943 -13 633 1 0 1 
8.07629 15.9791 65.4498 10.1139 14.5937 77.4771 -0.502282 -13 634 1 0 1 
1.31727 7.66224 65.4501 3.61894 7.16464 80.6052 1.26272 -13 635 1 0 1 
-7.79323 12.7506 65.4506 -10.3972 11.6148 91.1451 0.967085 -13 636 1 0 1 
-6.10101 -4.5522 65.4505 -2.75676 -5.7163 76.8401 0.521819 -13 637 1 0 1 
-3.13993 3.75913 65.4503 -4.1177 3.8733 88.9839 -0.0503891 -13 638 1 0 1 
4.71901 -9.87029 65.45 4.88642 -7.86402 88.0404 0.348325 -13 639 1 0 1 
7.7129 -4.90357 65.4498 7.91598 -7.68534 90.8658 1.2485 -13 640 1 0 1 
-1.82423 -8.30398 65.4503 0.273089 -6.58501 81.3447 0.239309 -13 641 1 0 1 
7.41424 -16.9442 65.4498 6.46752 -20.259 91.7107 1.74278 -13 642 1 0 1 
3.73568 10.0336 65.45 3.79314 9.09385 87.7884 0.0760989 -13 643 1 0 1 
-0.721932 -2.96946 65.4502 1.01602 -2.09476 80.2746 0.63795 -13 644 1 0 1 
-4.64741 4.81848 65.4504 -2.17375 2.5307 77.2512 0.980828 -13 645 1 0 1 
10.1147 0.531276 65.4497 12.6597 2.43256 69.2416 1.05792 -13 646 1 0 1 
-5.81371 -6.0396 65.4505 -9.00213 -9.0712 94.5761 0.58712 -13 647 1 0 1 
-0.426043 2.42147 65.4502 -1.86046 0.440141 93.8098 1.19144 -13 648 1 0 1 
10.502 -0.626043 65.4497 12.0127 -3.10409 87.553 -0.540583 -13 649 1 0 1 
0.814954 -3.1096 65.4501 3.12792 -2.73943 78.5286 -0.719936 -13 650 1 0 1 
5.19777 -5.64684 65.4499 5.82938 -4.85518 89.7567 -1.24193 -13 651 1 0 1 
7.74159 -4.72865 65.4498 6.81901 -6.75855 96.7662 1.1344 -13 652 1 0 1 
14.9729 -10.7948 65.348 16.5974 -11.4702 90.4729 0.312327 -13 653 1 0 1 
0.0440307 -11.7099 65.4502 2.05598 -12.9632 80.2051 -1.16199 -13 654 1 0 1 
-6.30772 4.94186 65.4505 -8.73042 6.06464 94.0886 -0.232688 -13 655 1 0 1 
7.76958 7.43277 65.4498 6.35739 9.87126 97.3265 0.375626 -13 656 1 0 1 
-4.31843 9.14918 65.4504 -1.87445 9.51949 74.8044 1.77031 -13 657 1 0 1 
2.57604 -7.26823 65.4501 2.35106 -9.90144 88.6182 0.296756 -13 658 1 0 1 
4.60863 -12.1726 65.45 4.62819 -8.5679 89.6637 -1.44975 -13 659 1 0 1 
-11.3641 -3.56935 65.4508 -14.7888 -2.85965 90.6714 -0.629169 -13 660 1 0 1 
-8.28767 -4.11626 65.4506 -10.8912 -5.5017 89.7714 0.970354 -13 661 1 0 1 
4.86397 14.2699 65.4499 4.30233 18.0358 89.853 1.19163 -13 662 1 0 1 
-0.643293 7.63101 65.4502 -2.40271 8.72092 91.9441 1.3891 -13 663 1 0 1 
12.8508 3.71271 65.4496 11.0713 5.48499 100.124 0.555522 -13 664 1 0 1 
-12.1944 -21.1117 65.4508 -8.71738 -17.2621 71.2667 2.58483 -13 665 1 0 1 
12.7895 -6.18887 65.4496 14.9008 -7.1584 72.983 0.36197 -13 666 1 0 1 
-17.5674 21.0328 65.4511 -15.4384 18.152 75.7302 1.20956 -13 667 1 0 1 
-6.12562 -2.13471 65.4505 -6.55335 -1.11129 86.9639 1.63593 -13 668 1 0 1 
-9.24724 7.00988 65.4506 -6.75313 8.75557 77.1721 0.0344575 -13 669 1 0 1 
-0.668941 -7.32999 65.4502 -4.05487 -8.30113 96.4164 0.245519 -13 670 1 0 1 
11.1587 -4.36688 65.4496 13.0006 -5.21446 87.2778 1.94377 -13 671 1 0 1 
13.7196 -2.85302 65.4495 13.2381 -2.40913 99.4184 0.918993 -13 672 1 0 1 
-0.231716 4.08002 65.4502 3.02421 4.02966 74.6684 -0.580411 -13 673 1 0 1 
5.10212 -2.89575 65.4499 5.93341 -1.58025 85.1422 1.54717 -13 674 1 0 1 
2.85346 0.566503 65.45 2.63929 0.265902 90.2209 0.779456 -13 675 1 0 1 
3.27407 -11.0096 65.45 2.68954 -11.4432 89.7529 1.75164 -13 676 1 0 1 
-8.88961 2.83881 65.4506 -13.1011 4.23103 94.0512 -0.290012 -13 677 1 0 1 
-4.65356 -9.7655 65.4504 -5.06227 -12.0955 88.0805 0.836453 -13 678 1 0 1 
-4.60866 -9.50346 65.4504 -4.09324 -7.70634 84.4151 0.913173 -13 679 1 0 1 
4.99629 3.28084 65.4499 7.82473 3.44851 80.9817 0.416333 -13 680 1 0 1 
-20.863 7.81566 65.4512 -21.1449 6.3676 80.8999 1.71676 -13 681 1 0 1 
-4.95126 4.53361 65.4504 -6.53083 5.32271 90.1556 0.794508 -13 682 1 0 1 
3.86182 -21.1467 65.45 3.34231 -22.4375 88.2478 0.039939 -13 683 1 0 1 
9.11602 3.37284 65.4497 11.4095 5.36987 84.8316 0.598197 -13 684 1 0 1 
10.0155 -12.64 65.4497 10.7311 -15.2073 88.9531 1.48524 -13 685 1 0 1 
1.77824 2.14192 65.4501 3.33547 1.28975 81.8742 0.781791 -13 686 1 0 1 
-0.717735 -4.26525 65.4502 -1.68452 -2.45573 90.0633 0.455771 -13 687 1 0 1 
10.6263 0.406998 65.4497 10.5511 -0.901429 90.7832 -0.674367 -13 688 1 0 1 
5.49991 -1.708 65.4499 6.07718 -2.80671 90.4483 -0.231732 -13 689 1 0 1 
-3.70001 0.968292 65.4504 -10.1659 4.28226 100.282 0.0429504 -13 690 1 0 1 
11.6947 3.24309 65.4496 12.392 4.35453 76.8465 0.612591 -13 691 1 0 1 
6.67312 -5.53147 65.4499 8.59028 -3.03735 81.7353 1.34231 -13 692 1 0 1 
4.56375 0.906596 65.45 4.66111 2.6004 87.996 0.407156 -13 693 1 0 1 
-6.19386 -6.20839 65.4505 -9.40182 -6.59052 93.3348 2.06096 -13 694 1 0 1 
-8.27657 1.91298 65.4506 -11.2159 3.18483 92.8114 1.39651 -13 695 1 0 1 
5.59791 5.45004 65.4499 6.4442 8.17147 86.29 0.0539621 -13 696 1 0 1 
-0.961722 7.33907 65.4502 -0.389695 7.7695 82.3348 -0.0900422 -13 697 1 0 1 
-4.66342 1.93367 65.4504 -5.59695 3.80702 90.6318 0.616364 -13 698 1 0 1 
0.935458 -0.889155 65.4501 0.517201 -0.380335 92.0902 0.0313702 -13 699 1 0 1 
6.0564 -5.21968 65.4499 5.56443 -5.44565 89.3931 1.51161 -13 700 1 0 1 
13.0709 -14.5882 65.4495 14.1625 -18.0078 87.4427 1.47006 -13 701 1 0 1 
-1.82006 4.96126 65.4503 -4.38659 6.9922 95.166 0.580815 -13 702 1 0 1 
-6.00258 -3.475 65.4505 -4.90341 -1.93837 82.2161 0.537297 -13 703 1 0 1 
5.36379 -3.01635 65.4499 6.11853 -2.89016 90.2437 1.01307 -13 704 1 0 1 
-6.23403 -1.59219 65.4505 -3.90496 -2.77267 79.7506 1.29928 -13 705 1 0 1 
-17.8593 33.6397 65.4511 -17.3776 35.2396 78.3307 1.24651 -13 706 1 0 1 
-6.60098 5.71222 65.4505 -9.59251 7.2577 93.5896 -0.35455 -13 707 1 0 1 
6.71617 -3.627 65.4499 4.06541 -3.23087 99.4731 0.286696 -13 708 1 0 1 
9.1682 -9.93005 65.4497 10.461 -9.80965 86.4837 -0.601804 -13 709 1 0 1 
8.37099 -0.366233 65.4498 7.11092 -3.41586 98.4335 1.19518 -13 710 1 0 1 
10.3772 14.4162 65.4497 12.5878 14.0935 75.7515 0.180626 -13 711 1 0 1 
-1.79776 -18.1235 65.4503 -2.49225 -17.0951 87.8782 0.340374 -13 712 1 0 1 
3.55258 3.53626 65.45 2.6675 5.28624 92.4716 0.539314 -13 713 1 0 1 
5.51769 -0.7315 65.4499 6.76721 0.424838 83.6307 0.622073 -13 714 1 0 1 
-12.8214 5.25372 65.4508 -10.8569 3.04814 78.2403 1.01245 -13 715 1 0 1 
-7.01178 -18.2873 65.4505 -6.55327 -21.2441 81.6396 -0.404649 -13 716 1 0 1 
-1.4879 0.901132 65.4503 -0.39166 0.246403 85.3302 0.455733 -13 717 1 0 1 
1.19438 -5.42187 65.4501 2.53731 -4.87478 85.1812 0.12296 -13 718 1 0 1 
-12.9379 2.78631 65.4508 -16.6701 4.10734 92.4743 0.963967 -13 719 1 0 1 
3.04159 1.16837 65.45 0.960886 0.781125 93.0612 1.25395 -13 720 1 0 1 
-3.0525 -4.29484 65.4503 -4.26384 -3.16619 90.3543 0.252847 -13 721 1 0 1 
-4.87348 -7.0785 65.4504 -8.55487 -6.8986 94.1585 0.894326 -13 722 1 0 1 
2.82247 10.4564 65.45 2.55238 8.38468 88.6772 -0.985157 -13 723 1 0 1 
-7.74556 3.12417 65.4506 -7.69808 5.34903 84.7643 0.583748 -13 724 1 0 1 
-2.79748 -6.8773 65.4503 -3.05032 -7.62189 85.9108 0.538923 -13 725 1 0 1 
7.95416 16.3105 65.4498 8.1684 18.0047 85.5389 -0.35961 -13 726 1 0 1 
-5.6064 -6.62084 65.4505 -8.45367 -6.50425 91.6074 0.712911 -13 727 1 0 1 
16.0238 2.99924 65.3408 18.0544 1.68417 86.0587 0.572973 -13 728 1 0 1 
-16.5121 -0.929673 65.451 -15.5105 -1.65539 78.9809 0.364516 -13 729 1 0 1 
-8.55337 0.438825 65.4506 -12.6266 -2.85552 93.3128 0.411499 -13 730 1 0 1 
4.1621 3.05657 65.45 4.04315 -0.620067 90.4703 0.0901326 -13 731 1 0 1 
8.15789 7.92265 65.4498 6.62627 9.97001 97.5681 0.1343 -13 732 1 0 1 
-12.7712 4.92336 65.4508 -14.0603 8.72916 86.4113 0.569631 -13 733 1 0 1 
-3.61797 3.58314 65.4504 -4.00447 5.90092 87.844 -0.391356 -13 734 1 0 1 
12.5087 6.24269 65.4496 13.7268 7.63498 85.7191 2.58011 -13 735 1 0 1 
-5.86019 -6.98815 65.4505 -8.29003 -6.75119 92.4921 -0.132534 -13 736 1 0 1 
1.41398 -6.75078 65.4501 1.2237 -8.95783 88.6196 -0.412426 -13 737 1 0 1 
11.7141 -5.04373 65.4496 11.0689 -4.61533 92.8641 -0.102779 -13 738 1 0 1 
-3.16627 -5.89752 65.4503 -0.0874702 -2.07889 76.8297 0.83915 -13 739 1 0 1 
-4.50312 -8.50112 65.4504 -9.00873 -13.0018 95.3964 1.16617 -13 740 1 0 1 
-7.51636 -9.68979 65.4506 -5.75658 -9.82616 81.2516 2.57579 -13 741 1 0 1 
-9.42476 -5.84316 65.4507 -12.6095 -3.13973 90.0105 1.07387 -13 742 1 0 1 
12.4213 2.58761 65.4496 12.8113 3.77997 90.0557 1.0656 -13 743 1 0 1 
-4.9916 -2.18203 65.4504 -5.40915 -3.0525 86.1124 0.721404 -13 744 1 0 1 
-0.400909 12.4727 65.4502 -1.2166 15.4292 90.5013 1.6086 -13 745 1 0 1 
-2.80677 -5.26703 65.4503 -3.55482 -7.00204 87.8892 -0.102503 -13 746 1 0 1 
-3.39027 -1.01072 65.4504 -7.27401 -0.76528 96.6166 1.23755 -13 747 1 0 1 
0.498566 -10.5009 65.4502 1.70959 -14.5548 83.3597 -0.328036 -13 748 1 0 1 
20.7437 -5.31606 65.3086 23.4765 -5.8232 90.0745 1.33653 -13 749 1 0 1 
-1.05337 0.387966 65.4502 -2.45876 -2.26176 92.4328 0.604344 -13 750 1 0 1 
-11.0452 5.61599 65.4507 -9.95874 6.96602 80.2314 1.26807 -13 751 1 0 1 
6.02937 -6.16689 65.4499 10.1343 -3.47564 75.1927 1.73923 -13 752 1 0 1 
-2.82864 -3.9956 65.4503 0.0810911 -3.32328 78.3605 0.789219 -13 753 1 0 1 
4.18751 -12.2498 65.45 1.91736 -16.4344 95.5019 1.30901 -13 754 1 0 1 
6.01996 -3.52373 65.4499 6.87013 -3.52832 86.1849 0.354271 -13 755 1 0 1 
-9.88345 -2.16318 65.4507 -10.725 -2.96854 85.3727 0.776712 -13 756 1 0 1 
-6.76867 7.90281 65.4505 -8.30979 9.66221 90.4974 -0.483011 -13 757 1 0 1 
-7.58809 11.2521 65.4506 -4.46245 7.72098 72.2507 0.056673 -13 758 1 0 1 
2.73185 5.23333 65.4501 3.67474 8.2302 87.7524 -0.553911 -13 759 1 0 1 
3.64991 -0.855899 65.45 3.20093 -2.47359 92.5308 0.449771 -13 760 1 0 1 
7.35003 -10.207 65.4498 8.80936 -9.41328 87.3617 -0.138841 -13 761 1 0 1 
0.904704 6.12117 65.4501 -3.70844 4.85071 99.8685 1.11803 -13 762 1 0 1 
2.38207 4.3345 65.4501 1.24845 4.0802 93.1417 0.743345 -13 763 1 0 1 
0.416941 0.305215 65.4502 -0.384333 -2.29443 93.5635 0.206196 -13 764 1 0 1 
4.45886 -10.3047 65.45 5.52527 -9.60071 88.1292 -0.160992 -13 765 1 0 1 
9.65003 0.528187 65.4497 12.453 0.185104 78.876 -0.129249 -13 766 1 0 1 
-5.97446 -4.95474 65.4505 -4.62797 -4.70178 82.3694 0.50414 -13 767 1 0 1 
-2.3387 12.7043 65.4503 -5.8804 14.9152 95.2077 2.26611 -13 768 1 0 1 
-3.98032 -2.46549 65.4504 -2.28305 -1.78563 81.2552 1.0858 -13 769 1 0 1 
5.28135 -6.57412 65.4499 7.38941 -8.7023 81.8058 0.151086 -13 770 1 0 1 
14.3035 -0.316887 65.4495 15.7779 -3.2772 74.3859 1.07842 -13 771 1 0 1 
1.19685 14.086 65.4501 0.637627 16.1476 85.9593 0.794735 -13 772 1 0 1 
5.83923 -1.15445 65.4499 7.54327 0.959752 83.0254 0.710261 -13 773 1 0 1 
9.89018 -3.0356 65.4497 10.6778 -3.60112 91.7449 0.512606 -13 774 1 0 1 
-8.81719 -2.94914 65.4506 -15.2456 -4.56225 97.2078 1.1394 -13 775 1 0 1 
3.38247 -9.7398 65.45 1.98816 -7.24273 93.5288 0.164279 -13 776 1 0 1 
3.80836 7.15093 65.45 6.48903 7.55072 69.0029 0.779251 -13 777 1 0 1 
3.17383 7.33785 65.45 6.10343 6.97857 74.9269 -0.171395 -13 778 1 0 1 
-0.685893 -7.55431 65.4502 -1.98444 -9.74957 89.6137 -0.0533219 -13 779 1 0 1 
13.1783 8.95885 65.4495 15.5845 10.1149 83.8142 0.284167 -13 780 1 0 1 
-5.29017 10.0265 65.4505 -5.83143 11.3239 85.6062 1.09606 -13 781 1 0 1 
2.81701 0.556722 65.45 0.635713 4.42367 95.7759 -0.405816 -13 782 1 0 1 
-5.33373 -1.69672 65.4505 -4.91383 0.976615 85.0018 0.762279 -13 783 1 0 1 
8.95013 9.28623 65.4497 9.71122 12.4669 88.4622 0.521987 -13 784 1 0 1 
-3.9305 -4.73847 65.4504 -5.56898 -6.52315 90.1685 0.547276 -13 785 1 0 1 
0.37299 6.56625 65.4502 1.17509 8.0106 84.9012 0.795238 -13 786 1 0 1 
-6.19736 2.6628 65.4505 -5.87753 3.56556 85.326 -0.0356054 -13 787 1 0 1 
-6.0269 -4.67189 65.4505 -8.54453 -4.30097 92.8998 -0.655575 -13 788 1 0 1 
-8.06947 7.51271 65.4506 -10.1487 5.14768 89.5212 1.11863 -13 789 1 0 1 
0.977949 -1.90703 65.4501 0.637279 -0.251816 87.9654 0.704815 -13 790 1 0 1 
-7.05048 -2.4763 65.4505 -9.27069 -1.8066 92.1976 1.52917 -13 791 1 0 1 
-4.24709 -21.9578 65.4504 -5.19595 -25.6054 85.4497 1.13652 -13 792 1 0 1 
5.00822 2.05446 65.4499 6.00522 1.39462 84.3284 0.893034 -13 793 1 0 1 
4.52965 -14.7795 65.45 6.32622 -11.3993 75.6321 -1.20855 -13 794 1 0 1 
-7.43982 12.6938 65.4506 -5.09332 10.523 76.7635 0.99302 -13 795 1 0 1 
17.7955 1.23362 65.3287 20.1345 2.85572 93.3739 0.579844 -13 796 1 0 1 
-25.5353 2.73347 65.4515 -27.6115 3.35206 83.4502 0.983881 -13 797 1 0 1 
-0.0786398 -2.95346 65.4502 -4.712 -0.0459446 100.341 0.897387 -13 798 1 0 1 
-4.71391 1.83716 65.4504 -6.14985 5.29204 89.3746 1.23263 -13 799 1 0 1 
-15.1231 1.36281 65.4509 -11.661 4.11787 71.9227 0.55762 -13 800 1 0 1 
-3.84387 -3.18169 65.4504 -4.02628 -0.863574 86.1368 1.21029 -13 801 1 0 1 
3.37296 -9.51773 65.45 3.51758 -11.8293 90.2864 0.873696 -13 802 1 0 1 
16.6713 -14.0924 65.3364 19.1005 -13.5859 84.643 2.26449 -13 803 1 0 1 
-1.82176 -8.82668 65.4503 -3.49903 -12.0403 91.108 0.3726 -13 804 1 0 1 
12.0691 7.08372 65.4496 12.2908 9.78516 91.0125 -0.540016 -13 805 1 0 1 
1.59305 1.22654 65.4501 2.66847 2.04162 88.5115 -0.59914 -13 806 1 0 1 
11.6195 2.75334 65.4496 11.551 3.28196 93.3126 0.712398 -13 807 1 0 1 
4.12944 -8.61699 65.45 8.16541 -7.52784 65.0225 2.2042 -13 808 1 0 1 
-1.90072 10.6485 65.4503 0.43583 12.6266 78.135 0.884827 -13 809 1 0 1 
1.40601 -4.10632 65.4501 -1.10088 -5.02376 96.3247 -0.3298 -13 810 1 0 1 
-2.50116 2.24413 65.4503 -2.41745 4.49211 88.7816 0.817754 -13 811 1 0 1 
-5.68342 2.45312 65.4505 -6.58405 3.3142 88.7386 0.153311 -13 812 1 0 1 
11.1175 6.26236 65.4496 9.0228 6.73507 99.2096 1.16947 -13 813 1 0 1 
-0.0121448 0.913957 65.4502 1.5778 -0.38185 83.3496 0.824918 -13 814 1 0 1 
-12.9769 17.8547 65.4508 -11.4022 17.831 77.9278 0.331353 -13 815 1 0 1 
5.18871 -3.00225 65.4499 0.884956 -4.41269 100.255 -0.00536525 -13 816 1 0 1 
1.50824 -5.02449 65.4501 -2.15546 -3.46231 100.567 0.574377 -13 817 1 0 1 
-15.1644 -4.7103 65.4509 -17.1493 -5.24202 86.9725 1.11925 -13 818 1 0 1 
-1.12201 7.78724 65.4502 -7.24648 10.5383 98.0361 0.204 -13 819 1 0 1 
4.60697 -23.9558 65.45 5.21118 -26.0292 80.6942 0.661489 -13 820 1 0 1 
9.76007 -1.10985 65.4497 13.0189 -2.68512 80.6684 -0.496499 -13 821 1 0 1 
-26.5018 17.7453 65.4515 -26.9932 15.9828 80.6716 0.322696 -13 822 1 0 1 
14.0063 -2.74349 65.4495 15.6653 -1.83932 87.7694 1.15461 -13 823 1 0 1 
0.678843 5.69676 65.4502 0.0706879 5.31271 89.6308 0.584377 -13 824 1 0 1 
6.48719 -0.725233 65.4499 8.44169 0.533563 79.5301 1.67147 -13 825 1 0 1 
-8.82276 7.48892 65.4506 -5.98175 9.05751 74.4534 0.841831 -13 826 1 0 1 
-14.389 -15.8909 65.4509 -13.7796 -14.1969 81.2363 -0.236825 -13 827 1 0 1 
-11.214 -9.64772 65.4507 -10.0436 -6.59618 80.5993 -0.995394 -13 828 1 0 1 
0.308321 10.8811 65.4502 2.08715 13.5683 79.9785 -0.548195 -13 829 1 0 1 
7.43264 -5.10505 65.4498 8.80908 -2.54328 86.7277 0.0709829 -13 830 1 0 1 
-0.635192 -2.14662 65.4502 -4.93817 0.564744 98.9507 1.07945 -13 831 1 0 1 
-1.98006 2.95744 65.4503 -1.05159 3.54777 82.3991 1.50668 -13 832 1 0 1 
-18.1397 6.59533 65.4511 -15.8652 3.43134 78.1879 0.294891 -13 833 1 0 1 
-8.06942 -2.22402 65.4506 -7.61533 -5.39439 84.7645 1.39437 -13 834 1 0 1 
5.57566 9.16329 65.4499 6.36348 9.00221 84.2055 0.114654 -13 835 1 0 1 
-7.6233 7.79548 65.4506 -12.5881 9.09114 95.7177 0.915798 -13 836 1 0 1 
-1.06055 -5.65218 65.4502 4.43843 -3.21308 61.854 -0.515814 -13 837 1 0 1 
10.0214 -10.7554 65.4497 9.98982 -13.713 93.2212 1.00698 -13 838 1 0 1 
2.09623 10.4423 65.4501 3.31091 7.25894 86.0381 -0.399188 -13 839 1 0 1 
1.12513 -12.7081 65.4501 2.25928 -13.7788 86.778 0.479101 -13 840 1 0 1 
2.68649 -3.25027 65.4501 3.84636 -4.1964 83.7476 0.821184 -13 841 1 0 1 
-11.9591 6.74372 65.4508 -8.97011 9.4127 77.8925 2.24463 -13 842 1 0 1 
8.52592 -5.28463 65.4498 7.35532 -4.14738 93.6401 -0.359993 -13 843 1 0 1 
-2.3696 1.10155 65.4503 -4.14363 2.81711 91.3312 1.49003 -13 844 1 0 1 
-1.81428 -18.762 65.4503 1.86919 -16.9416 65.8265 0.395257 -13 845 1 0 1 
1.9978 -9.87188 65.4501 -2.98745 -10.9447 99.7513 1.46814 -13 846 1 0 1 
1.58451 10.3841 65.4501 3.88027 11.7735 76.1731 -0.767985 -13 847 1 0 1 
-1.69543 -4.99604 65.4503 -0.762729 -4.12813 84.5298 0.73431 -13 848 1 0 1 
20.8562 -16.7994 65.3078 22.3593 -17.5081 91.396 0.444148 -13 849 1 0 1 
-4.59906 -4.52476 65.4504 -6.02909 -4.97306 90.95 0.20368 -13 850 1 0 1 
-1.24651 5.73582 65.4502 -0.723787 6.09456 87.5371 0.856325 -13 851 1 0 1 
-6.73415 16.0565 65.4505 -2.72879 12.8846 70.9306 0.468551 -13 852 1 0 1 
-8.97764 -7.93492 65.4506 -10.3514 -10.7187 85.5373 1.34526 -13 853 1 0 1 
8.45067 0.518805 65.4498 9.88239 1.36616 89.8806 1.9268 -13 854 1 0 1 
-9.07704 11.6838 65.4506 -13.2182 18.1622 91.8437 1.00587 -13 855 1 0 1 
-1.42929 5.58101 65.4503 1.27954 7.45636 75.5817 0.410906 -13 856 1 0 1 
0.0517119 0.529247 65.4502 0.823679 -0.301048 82.6125 0.98609 -13 857 1 0 1 
3.76063 8.90241 65.45 1.33515 11.4859 97.0597 0.763439 -13 858 1 0 1 
-1.89384 10.0461 65.4503 -2.78552 11.016 89.6856 -0.451412 -13 859 1 0 1 
-0.217576 -7.39824 65.4502 3.42625 -7.18827 68.1652 2.6327 -13 860 1 0 1 
1.93501 -4.71809 65.4501 0.237346 -4.44052 95.0845 0.687242 -13 861 1 0 1 
-1.33621 6.79043 65.4503 -1.06321 8.14868 86.3683 -0.0370301 -13 862 1 0 1 
3.51765 -7.36399 65.45 3.77703 -6.93228 84.5436 0.419646 -13 863 1 0 1 
2.41855 -3.32248 65.4501 2.35106 -6.12396 89.5787 1.97954 -13 864 1 0 1 
-1.60961 7.46744 65.4503 -0.465262 7.59439 84.8886 0.474517 -13 865 1 0 1 
-5.64679 -9.23984 65.4505 -6.72057 -14.2934 88.8821 0.4688 -13 866 1 0 1 
6.78432 -7.34932 65.4499 6.13823 -8.53042 92.6908 -0.350596 -13 867 1 0 1 
2.56895 -1.76323 65.4501 0.917413 -2.32104 95.5424 0.625368 -13 868 1 0 1 
2.38992 -2.63454 65.4501 4.61606 -3.60505 78.93 0.138447 -13 869 1 0 1 
3.82057 9.94899 65.45 5.58457 9.44224 78.5722 0.935293 -13 870 1 0 1 
-5.08793 1.07443 65.4504 -5.1845 0.584484 85.3017 1.45061 -13 871 1 0 1 
-8.49455 -3.85484 65.4506 -6.46074 -4.41148 80.6821 -0.604789 -13 872 1 0 1 
-1.34021 6.03163 65.4503 -2.37033 7.3827 91.9434 0.589342 -13 873 1 0 1 
-17.7372 -17.2578 65.4511 -16.302 -16.9577 77.2626 1.21285 -13 874 1 0 1 
11.1619 1.97585 65.4496 13.8673 4.49054 69.8879 0.621223 -13 875 1 0 1 
2.13195 -12.7049 65.4501 3.30685 -14.7032 82.6492 0.320304 -13 876 1 0 1 
11.8248 -10.8629 65.4496 10.0608 -14.7139 99.3265 -0.867834 -13 877 1 0 1 
-5.03652 -2.80968 65.4504 -7.35454 -2.43931 91.6815 0.79193 -13 878 1 0 1 
-13.6002 3.65781 65.4509 -10.6046 1.16635 75.0815 -1.02772 -13 879 1 0 1 
2.82482 -7.88549 65.45 1.89648 -8.51279 93.6883 0.188098 -13 880 1 0 1 
-16.3922 6.0979 65.451 -14.2659 3.55361 79.9461 -0.318091 -13 881 1 0 1 
3.56625 -0.10257 65.45 6.08039 0.0205623 78.5888 0.337952 -13 882 1 0 1 
-2.49836 6.71942 65.4503 -0.496369 9.36218 84.0523 2.80292 -13 883 1 0 1 
-8.78586 -5.21202 65.4506 -14.1105 -4.84834 95.0237 -0.419819 -13 884 1 0 1 
9.57277 -0.865113 65.4497 9.55667 -2.2447 94.3455 0.62988 -13 885 1 0 1 
7.55864 1.10324 65.4498 7.6591 1.18108 93.0313 1.04819 -13 886 1 0 1 
-10.8054 -3.79712 65.4507 -11.2649 -4.9466 85.0582 0.599089 -13 887 1 0 1 
-27.8691 -9.32951 65.4516 -23.6385 -6.565 70.6768 0.435412 -13 888 1 0 1 
3.45994 -1.396 65.45 4.16316 -0.660474 88.6776 -0.637229 -13 889 1 0 1 
-3.5073 10.4417 65.4504 -2.49426 13.9042 80.7485 -0.561403 -13 890 1 0 1 
5.32198 6.53677 65.4499 5.2015 8.28334 92.0058 2.70381 -13 891 1 0 1 
0.892766 -3.92896 65.4501 0.0652567 -4.60883 91.2823 -0.0161455 -13 892 1 0 1 
6.9873 -0.376288 65.4498 7.14803 -1.18148 89.7009 1.20287 -13 893 1 0 1 
10.0689 9.73452 65.4497 12.9868 8.94392 75.6176 0.519658 -13 894 1 0 1 
-13.6478 -8.37444 65.4509 -13.6574 -10.0396 83.0677 0.0244321 -13 895 1 0 1 
-4.30152 -1.41552 65.4504 -4.75233 -2.38091 89.1064 1.2934 -13 896 1 0 1 
7.84702 -5.06816 65.4498 6.30918 -6.48015 94.3849 1.90338 -13 897 1 0 1 
2.23354 5.29649 65.4501 3.66633 3.87438 78.134 -0.0765015 -13 898 1 0 1 
-0.795664 -5.84696 65.4502 -1.45672 -4.99605 90.5638 1.17684 -13 899 1 0 1 
-3.52269 -1.25965 65.4504 -9.85897 -0.636835 100.342 0.391261 -13 900 1 0 1 
3.013 -1.36549 65.45 4.2791 2.326 82.9205 -0.548951 -13 901 1 0 1 
-3.65415 -5.90155 65.4504 -0.976818 -4.5555 76.1644 0.981165 -13 902 1 0 1 
-2.26558 1.09112 65.4503 -1.99355 0.976922 86.2704 0.7352 -13 903 1 0 1 
-0.647731 -4.64773 65.4502 -2.35833 -4.45496 93.9639 0.291064 -13 904 1 0 1 
-14.1948 -0.215208 65.4509 -19.3402 -1.44921 92.7751 1.28735 -13 905 1 0 1 
6.10973 9.64473 65.4499 6.12948 10.2822 90.9257 0.261025 -13 906 1 0 1 
33.2737 -6.73278 65.223 33.962 -6.75012 73.4276 1.33248 -13 907 1 0 1 
-11.8801 3.64398 65.4508 -19.4239 4.82715 98.9868 0.0965684 -13 908 1 0 1 
0.668539 -12.0487 65.4502 2.81838 -10.1698 78.684 1.42537 -13 909 1 0 1 
0.714357 -6.11127 65.4502 4.1487 -3.44984 78.3828 0.00477725 -13 910 1 0 1 
-8.65045 14.4901 65.4506 -6.83047 11.1774 77.146 0.122737 -13 911 1 0 1 
-5.26096 1.25695 65.4504 -6.25076 3.3848 88.9296 0.124418 -13 912 1 0 1 
11.2821 -0.484229 65.4496 12.9031 0.228534 82.6751 0.797838 -13 913 1 0 1 
3.39836 4.61236 65.45 4.04222 1.18879 83.8552 0.46886 -13 914 1 0 1 
1.91761 -2.05202 65.4501 2.21552 -3.10639 89.922 1.70577 -13 915 1 0 1 
8.48715 -7.04614 65.4498 9.17387 -9.00753 85.1804 0.495221 -13 916 1 0 1 
4.82333 -4.96203 65.4499 6.65532 -2.14484 84.0203 0.151816 -13 917 1 0 1 
9.78073 -2.14614 65.4497 11.1503 -2.64648 86.8979 2.4276 -13 918 1 0 1 
-5.68667 -4.58163 65.4505 -5.53351 -3.09596 85.8828 0.81752 -13 919 1 0 1 
-6.69674 -0.834843 65.4505 -8.07426 -0.452305 89.8843 1.22898 -13 920 1 0 1 
-3.4439 7.76799 65.4504 -5.18926 9.63798 91.1799 1.98532 -13 921 1 0 1 
-10.07 -2.44931 65.4507 -13.1394 -5.80213 89.8504 -1.01272 -13 922 1 0 1 
2.85363 4.77679 65.45 -0.158067 6.06083 97.3556 0.65287 -13 923 1 0 1 
-16.0803 -11.6823 65.451 -15.7062 -11.9206 79.749 1.40569 -13 924 1 0 1 
-6.61657 18.9202 65.4505 -13.9268 21.6309 94.973 -0.549073 -13 925 1 0 1 
5.6435 10.5333 65.4499 5.3346 8.81244 94.2086 0.234676 -13 926 1 0 1 
12.4035 -2.31762 65.4496 12.6546 -0.602269 92.354 1.41074 -13 927 1 0 1 
10.9074 -1.37385 65.4496 11.6841 -3.71144 91.5697 -1.58666 -13 928 1 0 1 
-2.6857 -9.42725 65.4503 -3.91049 -10.7622 90.4088 -0.751729 -13 929 1 0 1 
-10.1048 1.33721 65.4507 -16.9945 3.01086 98.3325 -0.412372 -13 930 1 0 1 
-11.4187 2.20223 65.4508 -10.5865 2.8208 83.0024 1.10071 -13 931 1 0 1 
-21.3966 -6.76079 65.4512 -22.4548 -9.44015 82.319 -0.236462 -13 932 1 0 1 
-0.399969 -5.74548 65.4502 -0.317955 -2.30559 89.5769 -0.140184 -13 933 1 0 1 
-19.1958 3.66318 65.4511 -19.5752 3.78721 81.5796 1.5579 -13 934 1 0 1 
-13.8815 -5.97202 65.4509 -9.70133 -5.86902 71.5654 1.13138 -13 935 1 0 1 
-2.93643 2.34864 65.4503 -3.12334 3.97941 87.9229 -0.072124 -13 936 1 0 1 
1.2973 -4.07212 65.4501 -2.53676 -0.157963 99.7439 0.715002 -13 937 1 0 1 
3.70228 7.6929 65.45 3.87297 9.2331 90.0962 0.173402 -13 938 1 0 1 
-10.6152 -0.282807 65.4507 -12.538 -0.751977 88.7502 1.61588 -13 939 1 0 1 
-6.65978 -4.24856 65.4505 -6.355 -4.66359 86.7559 1.268 -13 940 1 0 1 
5.88487 -0.742048 65.4499 2.28867 -2.72969 99.0188 0.351277 -13 941 1 0 1 
1.88247 -6.7007 65.4501 -1.45725 -6.35892 97.3106 -0.513808 -13 942 1 0 1 
5.99544 -1.61449 65.4499 6.61536 -0.96351 84.4628 0.393567 -13 943 1 0 1 
3.34916 -4.30954 65.45 3.70091 -6.70708 85.5046 -0.395132 -13 944 1 0 1 
7.04184 3.08929 65.4498 6.67169 8.60404 92.3386 0.552044 -13 945 1 0 1 
9.29031 2.28805 65.4497 8.14986 3.97479 94.3276 -0.309558 -13 946 1 0 1 
-1.74022 -10.0417 65.4503 -1.37891 -11.6973 86.875 0.949618 -13 947 1 0 1 
9.16723 -12.5581 65.4497 5.81184 -17.2951 98.5746 1.4364 -13 948 1 0 1 
18.9107 12.8148 65.3211 20.2347 10.8051 89.4949 0.651066 -13 949 1 0 1 
12.8676 14.0905 65.4496 14.1899 14.8749 80.3082 0.0673148 -13 950 1 0 1 
2.29496 -9.09288 65.4501 1.95534 -9.95938 88.1892 0.746828 -13 951 1 0 1 
-4.66841 -15.0978 65.4504 -5.28777 -14.1003 85.6553 1.19442 -13 952 1 0 1 
-6.41142 4.45864 65.4505 -4.69869 6.07635 81.551 0.617685 -13 953 1 0 1 
7.35673 7.03617 65.4498 8.42707 9.53753 87.1628 0.603989 -13 954 1 0 1 
1.38033 6.32747 65.4501 -2.83156 8.81297 99.5238 -1.53274 -13 955 1 0 1 
13.3369 -9.88038 65.4495 12.9623 -14.7763 93.9243 1.52181 -13 956 1 0 1 
2.39258 -6.20765 65.4501 3.38078 -7.25337 85.316 -0.408307 -13 957 1 0 1 
6.70649 -4.68506 65.4499 8.10112 -2.14291 82.442 0.0665342 -13 958 1 0 1 
12.1412 -9.34125 65.4496 12.3843 -13.0781 94.5235 -1.56474 -13 959 1 0 1 
-11.7312 -11.4413 65.4508 -12.0035 -13.4004 83.3429 0.574006 -13 960 1 0 1 
5.38522 -13.4331 65.4499 4.03889 -16.1705 93.0654 -0.381683 -13 961 1 0 1 
-2.17295 -3.9072 65.4503 -2.46803 0.169152 87.1001 0.551946 -13 962 1 0 1 
-0.894934 -2.10518 65.4502 -1.34667 -0.253746 89.2943 -0.819242 -13 963 1 0 1 
-1.37412 -7.45368 65.4503 -1.91021 -9.21569 88.487 1.18723 -13 964 1 0 1 
-4.88799 4.29078 65.4504 -5.83866 5.57181 89.2689 0.364168 -13 965 1 0 1 
3.48386 8.10088 65.45 2.43794 8.25989 93.9595 1.68025 -13 966 1 0 1 
-12.8336 -4.01544 65.4508 -13.5978 -1.99553 85.8999 0.790112 -13 967 1 0 1 
2.09676 12.1393 65.4501 3.25029 12.7986 77.0456 -0.702647 -13 968 1 0 1 
-3.42827 -2.18977 65.4504 -3.44692 -0.191816 86.2869 -0.300887 -13 969 1 0 1 
5.06596 -4.52605 65.4499 -0.253568 -6.59375 101.603 0.442336 -13 970 1 0 1 
-2.91034 -0.504527 65.4503 -4.22358 0.77454 90.5309 -1.01629 -13 971 1 0 1 
4.72863 -4.20812 65.45 2.13642 -7.07919 98.0981 -0.828427 -13 972 1 0 1 
8.08421 -15.2255 65.4498 9.78808 -18.2172 79.6915 0.854398 -13 973 1 0 1 
-3.47827 4.8215 65.4504 -8.27064 4.75239 98.5508 0.440647 -13 974 1 0 1 
-11.1638 -0.32756 65.4507 -13.3083 0.152923 88.1223 0.709401 -13 975 1 0 1 
5.22295 -1.09473 65.4499 3.6229 -2.08326 95.6474 0.328841 -13 976 1 0 1 
-2.4039 -4.51401 65.4503 -3.588 -3.3102 90.144 0.442471 -13 977 1 0 1 
10.8781 0.596242 65.4496 11.7574 1.11498 88.6893 0.526711 -13 978 1 0 1 
3.90272 -2.39319 65.45 3.21659 -3.21392 91.3862 -1.13832 -13 979 1 0 1 
16.8954 -9.95783 65.3348 18.564 -10.5663 83.2333 1.74359 -13 980 1 0 1 
6.09413 0.244689 65.4499 4.84865 0.396181 94.7207 -0.108469 -13 981 1 0 1 
-2.06294 5.95 65.4503 -4.60028 7.14726 94.2032 -0.0285004 -13 982 1 0 1 
-6.07919 -10.5762 65.4505 -8.91834 -13.3223 89.4299 -0.737703 -13 983 1 0 1 
2.6274 10.295 65.4501 4.59828 8.7963 79.5305 -0.0885254 -13 984 1 0 1 
5.2189 22.9396 65.4499 6.94138 18.2746 66.4907 1.03628 -13 985 1 0 1 
-4.46747 -5.20744 65.4504 -6.94806 -6.14063 93.0632 -0.233995 -13 986 1 0 1 
-27.0383 6.42188 65.4515 -20.9264 4.64248 68.9515 0.257593 -13 987 1 0 1 
5.79972 -7.07745 65.4499 7.87863 -4.91912 78.418 1.84007 -13 988 1 0 1 
-5.96831 -4.58429 65.4505 -4.76463 -5.81438 84.0724 0.249628 -13 989 1 0 1 
18.8534 -14.6556 65.3215 20.6453 -10.6475 75.7157 0.796397 -13 990 1 0 1 
0.188375 1.41762 65.4502 0.870638 2.65302 85.7701 1.57588 -13 991 1 0 1 
1.98819 -2.57549 65.4501 0.330749 -4.22957 93.1394 0.380755 -13 992 1 0 1 
-9.32504 -3.03457 65.4506 -10.5619 -2.59444 89.6244 -0.353841 -13 993 1 0 1 
4.12331 10.8839 65.45 5.33844 13.6813 83.4785 -0.376142 -13 994 1 0 1 
2.91953 0.872289 65.45 1.53873 -0.13746 91.0314 -0.966807 -13 995 1 0 1 
6.8013 -1.1432 65.4499 3.63931 -2.92422 100.277 -0.415641 -13 996 1 0 1 
-1.82313 -6.13588 65.4503 -2.15409 -5.76988 87.0633 1.08358 -13 997 1 0 1 
-0.170926 5.63995 65.4502 2.63308 4.24816 77.8677 0.8533 -13 998 1 0 1 
-0.563432 6.85785 65.4502 -1.08675 12.4941 90.7639 -0.823275 -13 999 1 0 1 
9.3456 -11.7374 65.4497 10.8641 -9.49331 83.1061 0.694614 -13 1000 1 0 1 
16.9255 -15.4441 65.3346 18.7995 -14.5361 73.7903 1.28742 -13 1001 1 0 1 
-11.8042 -12.2647 65.4508 -20.2166 -15.5863 97.4426 0.147703 -13 1002 1 0 1 
6.25538 -1.00253 65.4499 1.74094 -4.23322 98.8991 -0.149657 -13 1003 1 0 1 
5.97681 -3.80443 65.4499 6.39315 -2.38865 88.8545 -0.254609 -13 1004 1 0 1 
4.69708 12.3404 65.45 5.19566 12.5291 86.8254 1.35252 -13 1005 1 0 1 
-1.4844 6.13143 65.4503 -1.25959 2.54714 86.81 0.28014 -13 1006 1 0 1 
-0.636369 -0.217339 65.4502 0.356994 -2.49848 87.0935 0.541183 -13 1007 1 0 1 
-0.912435 -2.82096 65.4502 -1.60734 -0.172912 88.8982 0.569647 -13 1008 1 0 1 
-20.0548 -11.5208 65.4512 -18.8613 -12.3748 78.8183 -0.342344 -13 1009 1 0 1 
4.02459 9.92184 65.45 4.92404 10.6604 88.9292 1.57776 -13 1010 1 0 1 
19.064 -4.41712 65.32 20.2062 -4.09983 97.0608 1.07449 -13 1011 1 0 1 
2.48828 -15.4219 65.4501 5.48129 -12.777 68.3979 1.48508 -13 1012 1 0 1 
9.08032 0.888386 65.4497 9.23273 2.14816 89.9871 0.951198 -13 1013 1 0 1 
4.81425 5.56372 65.4499 -0.470361 2.03022 100.732 0.274654 -13 1014 1 0 1 
5.85991 -7.0736 65.4499 5.45804 -8.93106 92.4257 0.662477 -13 1015 1 0 1 
-0.148024 4.53262 65.4502 -1.72712 4.74852 92.6115 -0.128954 -13 1016 1 0 1 
-4.51559 12.7735 65.4504 -6.09582 12.2443 90.0225 0.0416555 -13 1017 1 0 1 
-6.87939 -0.0152715 65.4505 -5.36453 -0.188206 78.6454 -0.0433386 -13 1018 1 0 1 
-6.08844 -2.89621 65.4505 -10.6281 -4.2053 95.5749 -0.427945 -13 1019 1 0 1 
-8.13485 -14.9212 65.4506 -7.11699 -13.73 79.9009 0.785168 -13 1020 1 0 1 
2.95764 -8.80326 65.45 4.31274 -7.3349 83.9159 -0.567567 -13 1021 1 0 1 
3.40086 -11.4708 65.45 5.44713 -11.0613 83.8705 -0.315929 -13 1022 1 0 1 
-4.10286 14.4225 65.4504 -4.30278 13.7682 85.0519 1.80677 -13 1023 1 0 1 
5.64568 7.50781 65.4499 7.88164 7.47568 87.1563 0.136034 -13 1024 1 0 1 
5.60152 -22.1773 65.4499 5.3846 -23.5893 86.5392 0.100354 -13 1025 1 0 1 
-6.71861 -8.45452 65.4505 -10.5978 -9.62068 94.8005 -1.01949 -13 1026 1 0 1 
-1.64338 -4.48122 65.4503 -1.21272 -9.62546 83.1186 0.459969 -13 1027 1 0 1 
-22.7577 0.66073 65.4513 -24.3151 2.13006 83.8752 0.307098 -13 1028 1 0 1 
-16.381 -3.22666 65.451 -14.2769 -1.35695 75.8075 -0.900959 -13 1029 1 0 1 
-13.1871 -7.96135 65.4508 -13.9154 -8.60604 84.3648 0.859806 -13 1030 1 0 1 
-3.98044 -10.4472 65.4504 -8.13597 -9.87154 97.5964 0.693503 -13 1031 1 0 1 
14.5593 -2.85659 65.4495 15.6444 -3.69262 93.1235 0.629023 -13 1032 1 0 1 
1.3226 9.78782 65.4501 0.596922 13.4009 90.2236 1.16192 -13 1033 1 0 1 
6.94323 -3.76274 65.4498 6.84041 -3.94528 88.7749 1.65162 -13 1034 1 0 1 
11.7044 -2.26065 65.4496 13.2891 -3.53906 69.6117 -0.577192 -13 1035 1 0 1 
1.06967 -22.6583 65.4501 1.97853 -20.5465 81.7278 0.427431 -13 1036 1 0 1 
7.41976 -14.506 65.4498 8.20104 -12.3737 84.4203 -0.437923 -13 1037 1 0 1 
1.91902 -5.68237 65.4501 1.44129 -6.30592 91.0719 1.40242 -13 1038 1 0 1 
1.32663 27.8316 65.4501 0.262488 28.6211 89.5855 -0.0867566 -13 1039 1 0 1 
-3.0456 -5.16432 65.4503 -4.73764 -5.73652 90.1686 -0.967468 -13 1040 1 0 1 
-6.14877 -8.52328 65.4505 -12.3826 -8.61169 100.029 0.98142 -13 1041 1 0 1 
1.06269 16.4552 65.4501 -0.526816 16.7884 92.8251 1.44369 -13 1042 1 0 1 
9.96037 -0.443078 65.4497 9.12169 0.914065 95.9748 -0.255319 -13 1043 1 0 1 
1.00533 2.94577 65.4501 1.32188 -0.574203 87.8271 -0.291434 -13 1044 1 0 1 
1.8392 -2.69924 65.4501 1.89065 -4.69843 89.2975 1.16059 -13 1045 1 0 1 
-25.743 -3.31314 65.4515 -26.1856 -2.76773 79.9256 -0.244427 -13 1046 1 0 1 
-1.07425 2.43108 65.4502 -1.61569 1.57173 91.1118 0.981256 -13 1047 1 0 1 
7.04899 -0.486648 65.4498 8.58928 -0.932668 80.888 0.928217 -13 1048 1 0 1 
1.52533 -2.80119 65.4501 3.45681 -3.141 79.5247 -0.57641 -13 1049 1 0 1 
-6.13765 -8.49022 65.4505 -8.52466 -9.80789 90.7486 1.00664 -13 1050 1 0 1 
-5.36428 5.16513 65.4505 -11.2484 8.95585 98.8868 1.58672 -13 1051 1 0 1 
7.56171 2.69815 65.4498 10.9614 0.679666 66.1054 0.165589 -13 1052 1 0 1 
-6.90481 0.574592 65.4505 -8.14471 -2.05124 89.751 1.03732 -13 1053 1 0 1 
2.64574 -1.29031 65.4501 3.74957 -3.53725 83.0779 1.36291 -13 1054 1 0 1 
6.4864 -5.60352 65.4499 7.66226 -7.36845 86.5108 0.41129 -13 1055 1 0 1 
6.64521 -5.27924 65.4499 4.26942 -3.86018 97.8533 -0.364091 -13 1056 1 0 1 
1.3323 -0.134854 65.4501 1.06832 -0.568255 91.2963 0.556869 -13 1057 1 0 1 
-3.03938 -5.93878 65.4503 -2.35648 -5.46486 83.0225 1.29535 -13 1058 1 0 1 
-8.14528 3.21622 65.4506 -9.66112 4.54447 90.82 0.709818 -13 1059 1 0 1 
-8.09644 9.85957 65.4506 -10.2223 12.5719 90.8644 0.363578 -13 1060 1 0 1 
9.15602 2.6214 65.4497 9.18423 1.2527 90.248 1.38217 -13 1061 1 0 1 
1.51694 15.5465 65.4501 -0.0118267 17.2784 90.7829 1.49857 -13 1062 1 0 1 
5.94819 3.02331 65.4499 8.92142 2.43181 69.1233 1.61842 -13 1063 1 0 1 
22.6091 -2.31524 65.2958 23.955 -2.54767 77.7702 0.555993 -13 1064 1 0 1 
12.389 8.02727 65.4496 13.5831 7.30426 70.0922 0.462055 -13 1065 1 0 1 
-0.264613 5.92028 65.4502 0.226637 4.27194 86.475 0.588282 -13 1066 1 0 1 
-16.3621 2.73741 65.451 -16.8405 1.66855 82.9275 -0.0822561 -13 1067 1 0 1 
-7.15843 4.9767 65.4505 -8.94037 2.70917 91.5938 -1.15585 -13 1068 1 0 1 
5.70433 -4.43992 65.4499 6.7562 -5.7002 82.4275 0.922613 -13 1069 1 0 1 
-5.89021 -7.55257 65.4505 -8.79494 -11.5994 92.8465 -0.637399 -13 1070 1 0 1 
-0.302343 14.7833 65.4502 2.06564 12.9655 75.7259 1.18036 -13 1071 1 0 1 
-7.56169 1.33 65.4506 -6.9439 4.46341 83.6831 0.21531 -13 1072 1 0 1 
-5.2597 -1.43378 65.4504 -5.60806 -0.49511 85.6532 0.0592857 -13 1073 1 0 1 
7.7473 5.99706 65.4498 4.2854 9.05004 99.0405 0.31948 -13 1074 1 0 1 
8.15227 4.88562 65.4498 9.19763 7.27896 89.5818 0.495442 -13 1075 1 0 1 
3.79555 9.94301 65.45 4.91335 8.90963 85.7647 -0.358532 -13 1076 1 0 1 
-5.8019 -13.3931 65.4505 -5.93754 -14.3955 84.8943 0.685369 -13 1077 1 0 1 
2.87815 -4.86564 65.45 3.50322 -6.78769 84.2622 0.311872 -13 1078 1 0 1 
-0.544335 0.176021 65.4502 -0.140657 -0.34315 86.2839 -0.413765 -13 1079 1 0 1 
1.73553 0.106142 65.4501 2.33454 -2.25957 88.571 0.462001 -13 1080 1 0 1 
3.07279 9.81086 65.45 1.87967 12.6733 94.9582 0.460743 -13 1081 1 0 1 
-5.48768 -0.180469 65.4505 -3.55239 -2.997 81.2501 -0.764023 -13 1082 1 0 1 
-5.58612 -1.50835 65.4505 -6.10186 -1.0499 89.2933 -0.857032 -13 1083 1 0 1 
7.22598 -2.40707 65.4498 9.48029 -4.56796 84.922 0.51039 -13 1084 1 0 1 
1.31002 -5.46403 65.4501 0.498756 -9.29542 91.8935 0.893035 -13 1085 1 0 1 
11.7305 -19.5935 65.4496 9.19093 -27.5588 97.7494 0.439834 -13 1086 1 0 1 
-7.65141 5.0179 65.4506 -11.7494 5.32572 92.8718 1.12203 -13 1087 1 0 1 
3.57305 1.77586 65.45 -0.27923 -1.0363 99.3743 -0.601047 -13 1088 1 0 1 
16.6335 -2.72938 65.3366 17.6528 -6.53389 95.9746 0.292303 -13 1089 1 0 1 
-1.42597 1.22494 65.4503 -1.17362 2.3906 88.5811 1.16045 -13 1090 1 0 1 
6.61322 -17.8894 65.4499 8.74787 -17.8371 81.445 -0.785848 -13 1091 1 0 1 
-5.87544 -8.59633 65.4505 -11.3155 -12.2035 97.9685 0.468326 -13 1092 1 0 1 
-0.799858 -1.15488 65.4502 -3.47655 -5.01585 95.4172 1.81789 -13 1093 1 0 1 
6.86915 15.0214 65.4498 3.04601 17.664 97.4643 1.98805 -13 1094 1 0 1 
2.20345 2.1152 65.4501 1.83443 4.23393 90.4902 0.652654 -13 1095 1 0 1 
-4.11594 -4.56077 65.4504 -0.528233 -6.93033 75.2277 0.13248 -13 1096 1 0 1 
-3.00092 10.9635 65.4503 -2.81322 11.5495 85.5861 1.82175 -13 1097 1 0 1 
-3.92423 5.39031 65.4504 -9.3826 10.051 99.8244 0.642695 -13 1098 1 0 1 
-12.4064 -9.88733 65.4508 -12.411 -9.68711 82.4117 0.875755 -13 1099 1 0 1 
2.30427 3.36567 65.4501 1.18247 3.96924 92.3173 1.29421 -13 1100 1 0 1 
21.327 0.450688 65.3046 23.9591 0.481462 79.8001 0.219906 -13 1101 1 0 1 
1.4247 -5.65815 65.4501 3.40511 -6.45013 78.0431 -0.524999 -13 1102 1 0 1 
2.47598 -3.50766 65.4501 2.93195 -4.10735 88.1463 0.850355 -13 1103 1 0 1 
2.92917 -12.5801 65.45 4.11038 -9.3896 84.6317 0.582184 -13 1104 1 0 1 
8.17379 20.8129 65.4498 8.54426 22.1193 83.1283 0.440973 -13 1105 1 0 1 
-15.6475 10.0668 65.451 -15.3266 11.7823 80.2894 0.299338 -13 1106 1 0 1 
1.37146 -7.1262 65.4501 2.46714 -6.68229 81.9851 1.09631 -13 1107 1 0 1 
14.092 -4.88384 65.4495 16.2994 -1.95676 77.0316 0.315139 -13 1108 1 0 1 
3.96583 -0.328658 65.45 3.9586 0.0611721 88.6554 0.493537 -13 1109 1 0 1 
-0.280801 2.28693 65.4502 1.17416 3.29667 83.068 0.292084 -13 1110 1 0 1 
9.57647 6.88637 65.4497 11.0635 5.9095 87.1278 2.29203 -13 1111 1 0 1 
0.606046 -6.43372 65.4502 2.53415 -7.44941 82.2361 -0.807145 -13 1112 1 0 1 
12.1062 6.42226 65.4496 14.1336 5.25215 84.9346 1.25846 -13 1113 1 0 1 
14.2916 -8.7545 65.4495 16.1894 -8.88866 81.0144 1.6352 -13 1114 1 0 1 
9.01329 2.2003 65.4497 9.24575 -2.00629 92.6676 1.05271 -13 1115 1 0 1 
-2.7494 -2.23067 65.4503 -3.35066 0.688854 87.6526 -0.65588 -13 1116 1 0 1 
-16.2693 -11.4571 65.451 -17.6851 -15.6277 84.6221 0.0677538 -13 1117 1 0 1 
4.43262 2.03621 65.45 3.10268 3.71113 96.5338 0.692492 -13 1118 1 0 1 
9.82746 1.25835 65.4497 11.3065 -0.377916 88.1285 -0.486739 -13 1119 1 0 1 
-8.16723 -2.92956 65.4506 -11.5198 -2.76932 91.8737 0.929261 -13 1120 1 0 1 
-0.569302 -0.141589 65.4502 -1.69753 0.0277398 89.8894 0.661494 -13 1121 1 0 1 
-4.12144 8.10324 65.4504 -2.82043 8.88721 80.5014 -1.0827 -13 1122 1 0 1 
6.87904 3.80487 65.4498 8.42772 3.3375 82.9806 -0.248046 -13 1123 1 0 1 
-2.67534 -3.6272 65.4503 0.049004 -5.52454 78.0145 -0.750102 -13 1124 1 0 1 
-8.53307 -9.9051 65.4506 -8.6795 -8.99175 84.2684 0.399174 -13 1125 1 0 1 
-3.50478 -10.6335 65.4504 -3.59878 -11.5733 85.6225 -0.423768 -13 1126 1 0 1 
-18.5955 0.944687 65.4511 -23.094 3.57171 90.1822 0.797465 -13 1127 1 0 1 
4.5651 7.1487 65.45 4.73334 5.34405 87.5458 0.177209 -13 1128 1 0 1 
-8.76656 -7.98769 65.4506 -9.09226 -10.9393 84.6748 1.39461 -13 1129 1 0 1 
7.77125 13.4085 65.4498 7.96364 13.6868 90.8247 0.76442 -13 1130 1 0 1 
0.79673 -2.77824 65.4501 -3.90232 -4.16162 98.3136 0.578551 -13 1131 1 0 1 
-3.51661 0.222389 65.4504 -6.12183 1.96539 95.1263 0.488308 -13 1132 1 0 1 
7.77583 -11.7593 65.4498 8.92179 -14.0851 87.2715 -0.108617 -13 1133 1 0 1 
7.30478 -0.906767 65.4498 7.34521 -0.220915 91.1897 0.523221 -13 1134 1 0 1 
12.5359 -13.4688 65.4496 14.2703 -12.7185 73.4777 0.0819256 -13 1135 1 0 1 
2.4059 -2.76921 65.4501 1.47877 -2.61354 89.6646 0.931997 -13 1136 1 0 1 
-12.8963 -13.5298 65.4508 -6.39989 -12.0588 63.6526 1.16392 -13 1137 1 0 1 
21.4024 -7.96731 65.3041 23.2749 -8.39883 91.2886 0.141832 -13 1138 1 0 1 
-6.83452 -5.93883 65.4505 -9.91102 -4.54184 93.3777 1.05266 -13 1139 1 0 1 
-0.507636 -14.7725 65.4502 1.39756 -18.8307 82.2322 0.326126 -13 1140 1 0 1 
16.2711 -13.864 65.3391 17.9116 -13.725 75.0831 0.556258 -13 1141 1 0 1 
6.1609 -5.67963 65.4499 6.56089 -8.31973 90.6198 1.13224 -13 1142 1 0 1 
-0.487582 7.44304 65.4502 1.32522 5.5779 81.739 -0.222878 -13 1143 1 0 1 
7.85449 -0.742227 65.4498 10.3941 -1.83745 72.1945 0.395205 -13 1144 1 0 1 
-16.2905 14.9737 65.451 -12.423 12.6862 71.0737 0.359905 -13 1145 1 0 1 
1.77863 -9.19172 65.4501 1.01383 -7.93488 92.8813 1.35864 -13 1146 1 0 1 
5.71313 -3.74471 65.4499 5.4187 -4.8076 91.4324 0.524954 -13 1147 1 0 1 
-5.13517 -0.364062 65.4504 -6.50919 -1.19924 91.1894 -1.15819 -13 1148 1 0 1 
0.7437 1.74374 65.4502 0.831245 0.0585332 88.862 1.28682 -13 1149 1 0 1 
23.103 -4.66266 65.2925 24.2021 -6.33826 67.4699 0.242092 -13 1150 1 0 1 
3.87616 -16.2019 65.45 4.39784 -18.2357 85.873 1.33412 -13 1151 1 0 1 
15.1359 -3.57889 65.3469 16.6693 -7.44579 90.6126 -0.666834 -13 1152 1 0 1 
-3.81735 20.37 65.4504 -2.20869 17.8901 77.4145 0.6083 -13 1153 1 0 1 
-2.29939 8.01964 65.4503 -1.38411 8.52225 87.6182 0.414865 -13 1154 1 0 1 
-0.379414 -2.5206 65.4502 -2.30593 -2.80668 90.9543 0.332678 -13 1155 1 0 1 
11.8022 -11.0605 65.4496 13.3667 -9.95432 82.9373 0.579508 -13 1156 1 0 1 
-0.743916 6.86891 65.4502 -3.17828 11.7136 95.0313 0.720312 -13 1157 1 0 1 
12.6542 3.34372 65.4496 14.5576 5.90813 72.8022 -0.595343 -13 1158 1 0 1 
8.76891 -1.07656 65.4498 7.94891 -2.96707 94.4157 0.8386 -13 1159 1 0 1 
18.3348 -3.93559 65.325 19.6601 -4.57406 90.5245 1.00858 -13 1160 1 0 1 
10.648 -3.29282 65.4497 11.1806 -2.09781 89.9395 0.125179 -13 1161 1 0 1 
-0.703601 6.29532 65.4502 0.428475 4.82017 82.125 1.06831 -13 1162 1 0 1 
-10.1383 -11.4641 65.4507 -6.32411 -12.6005 71.5448 -0.156731 -13 1163 1 0 1 
6.15482 1.00495 65.4499 6.21396 -1.27027 93.2805 1.23464 -13 1164 1 0 1 
-22.4118 8.30193 65.4513 -19.3484 7.36173 74.5353 1.04182 -13 1165 1 0 1 
-0.61576 5.32637 65.4502 -4.10814 4.77929 97.3766 1.2591 -13 1166 1 0 1 
-16.841 -9.22951 65.451 -15.3218 -11.1235 78.1028 1.12485 -13 1167 1 0 1 
6.81627 -4.87503 65.4499 6.56097 -4.93649 92.426 -0.0669463 -13 1168 1 0 1 
8.36954 -0.644696 65.4498 11.1952 -2.93035 78.0101 0.391318 -13 1169 1 0 1 
-1.1187 2.58508 65.4502 -4.50544 0.982214 96.7514 1.56437 -13 1170 1 0 1 
-5.53403 -9.66276 65.4505 -6.14997 -12.9981 87.6688 -0.217413 -13 1171 1 0 1 
5.62439 2.07055 65.4499 6.23384 3.3854 86.365 0.0777003 -13 1172 1 0 1 
-2.14117 -8.7415 65.4503 -4.53005 -12.2044 92.9828 1.2748 -13 1173 1 0 1 
-16.0797 -18.9777 65.451 -20.9858 -24.7069 90.5232 0.0686749 -13 1174 1 0 1 
1.36233 -0.194793 65.4501 1.91272 0.409835 86.6963 1.00681 -13 1175 1 0 1 
-4.95772 2.95494 65.4504 -2.63648 1.28912 80.1027 -0.119124 -13 1176 1 0 1 
1.9046 10.3669 65.4501 3.82667 10.6595 77.6395 -0.373842 -13 1177 1 0 1 
-2.88794 -8.96881 65.4503 -0.0953971 -8.25433 77.1017 0.365151 -13 1178 1 0 1 
1.63534 -8.02075 65.4501 2.97316 -8.82401 83.7441 1.7885 -13 1179 1 0 1 
-3.31225 7.65116 65.4504 -7.20375 11.6651 94.229 0.0842335 -13 1180 1 0 1 
14.5874 13.3482 65.4495 16.7695 14.2703 80.3157 0.587303 -13 1181 1 0 1 
10.5183 4.65322 65.4497 13.717 11.2093 80.1274 0.859947 -13 1182 1 0 1 
3.48495 -7.76743 65.45 5.83687 -5.33132 74.4992 1.12725 -13 1183 1 0 1 
4.6557 -4.74288 65.45 4.62603 -2.45732 90.1285 0.581057 -13 1184 1 0 1 
-21.2081 -11.2991 65.4512 -18.6925 -12.568 74.5003 1.37237 -13 1185 1 0 1 
-12.2551 -5.94265 65.4508 -11.8607 -5.02876 83.6143 1.14104 -13 1186 1 0 1 
7.4216 3.89561 65.4498 6.68696 0.78563 94.4524 -0.155784 -13 1187 1 0 1 
3.02877 11.0989 65.45 4.58553 12.0648 80.1851 -0.307204 -13 1188 1 0 1 
0.818109 -7.88724 65.4501 1.40872 -6.31232 86.5969 0.676713 -13 1189 1 0 1 
-12.5282 -17.5393 65.4508 -14.0143 -22.5425 85.1166 0.780207 -13 1190 1 0 1 
0.448806 -0.747549 65.4502 -0.433623 0.547528 89.8864 1.05502 -13 1191 1 0 1 
5.47433 0.552622 65.4499 5.26926 -2.54942 92.1558 0.498373 -13 1192 1 0 1 
-17.2789 -1.21675 65.451 -21.5367 -1.63 90.1015 -0.00603982 -13 1193 1 0 1 
-4.50526 14.8529 65.4504 -2.02081 14.9746 74.9797 0.524328 -13 1194 1 0 1 
-0.720968 3.12594 65.4502 2.06398 2.64147 79.2783 0.550615 -13 1195 1 0 1 
21.5035 11.4197 65.3034 22.975 11.8427 81.5534 1.407 -13 1196 1 0 1 
-2.4001 -4.2577 65.4503 -1.43886 -4.42393 83.1806 0.24717 -13 1197 1 0 1 
9.99599 -0.360385 65.4497 10.2507 -2.46398 89.2531 0.737756 -13 1198 1 0 1 
-4.83363 10.984 65.4504 -5.88269 11.5318 88.4226 -0.249799 -13 1199 1 0 1 
6.87008 -1.91882 65.4498 7.95145 -0.981058 89.4501 2.21647 -13 1200 1 0 1 
-12.8995 -0.529809 65.4508 -13.8944 -1.50496 85.7052 0.800934 -13 1201 1 0 1 
2.1557 2.665 65.4501 -0.19045 2.60876 95.1154 0.331582 -13 1202 1 0 1 
-13.0355 -12.4127 65.4508 -9.98329 -11.5763 77.3448 0.882446 -13 1203 1 0 1 
12.0802 -4.24537 65.4496 13.1611 -5.06784 80.4491 0.037353 -13 1204 1 0 1 
-3.05008 -13.706 65.4503 -6.47052 -15.0677 96.4836 -1.14895 -13 1205 1 0 1 
-11.2169 -13.5256 65.4507 -11.1696 -12.6139 83.4769 0.558266 -13 1206 1 0 1 
-1.75806 1.08358 65.4503 -3.49248 2.84283 91.7598 0.269119 -13 1207 1 0 1 
6.95918 -6.68178 65.4498 6.54288 -13.7377 90.9072 1.27248 -13 1208 1 0 1 
-7.73049 9.25597 65.4506 -6.92129 7.22127 81.4739 -0.0102823 -13 1209 1 0 1 
10.8786 4.02908 65.4496 12.0102 0.89347 84.7648 -0.097928 -13 1210 1 0 1 
-22.3436 2.7056 65.4513 -23.3307 2.40957 83.2571 0.376402 -13 1211 1 0 1 
2.16896 -4.45351 65.4501 2.33672 -6.91505 88.1104 -0.703794 -13 1212 1 0 1 
2.95971 7.3949 65.45 1.04736 11.2925 94.9455 2.03528 -13 1213 1 0 1 
7.32174 5.22757 65.4498 8.11561 3.28304 87.5761 0.438713 -13 1214 1 0 1 
2.71685 0.155449 65.4501 1.58224 -0.40746 91.5184 1.64175 -13 1215 1 0 1 
-14.2963 -5.12254 65.4509 -15.0997 -2.63631 84.2548 0.793957 -13 1216 1 0 1 
18.7631 -22.4109 65.3221 19.8727 -19.9631 72.7852 1.14932 -13 1217 1 0 1 
-13.1097 -11.9373 65.4508 -19.7987 -13.7807 95.3775 0.724835 -13 1218 1 0 1 
2.52883 -4.50752 65.4501 2.72012 -4.82644 86.1423 -0.232905 -13 1219 1 0 1 
2.55563 -12.2323 65.4501 3.18213 -11.1866 87.8059 -0.13556 -13 1220 1 0 1 
-15.475 3.49351 65.451 -12.5483 1.48272 74.8912 0.63167 -13 1221 1 0 1 
3.27838 -5.67033 65.45 3.19235 -7.18106 86.8023 -0.666234 -13 1222 1 0 1 
17.8502 -1.96942 65.3283 18.8632 -4.07279 93.9532 -0.315823 -13 1223 1 0 1 
-8.71696 -6.419 65.4506 -5.43249 -7.48795 75.9352 0.372405 -13 1224 1 0 1 
5.73497 -6.24614 65.4499 7.30032 -5.53686 85.419 0.416792 -13 1225 1 0 1 
7.05179 -6.3495 65.4498 8.95461 -6.57174 76.3161 1.02136 -13 1226 1 0 1 
4.66692 11.2664 65.45 7.38654 7.97904 79.4575 1.20673 -13 1227 1 0 1 
-9.69335 -16.715 65.4507 -8.95174 -14.6989 78.703 -0.0172673 -13 1228 1 0 1 
-4.85235 -20.9775 65.4504 -9.06419 -21.9245 94.8527 -0.276051 -13 1229 1 0 1 
7.62429 -4.39344 65.4498 7.39732 -4.76555 89.2504 0.598767 -13 1230 1 0 1 
8.92713 6.10792 65.4497 11.3294 5.72566 77.8107 0.502886 -13 1231 1 0 1 
-15.8668 1.2432 65.451 -15.7179 1.19039 82.6164 0.98758 -13 1232 1 0 1 
-7.32285 3.73708 65.4506 -9.21897 5.11528 88.8983 0.184349 -13 1233 1 0 1 
-21.2403 12.4541 65.4512 -16.1859 7.20253 70.3872 0.791224 -13 1234 1 0 1 
1.63211 -1.45253 65.4501 0.785673 0.435193 94.0583 -2.63534 -13 1235 1 0 1 
5.78335 -5.67131 65.4499 6.74303 -4.82708 87.6947 1.37518 -13 1236 1 0 1 
8.2208 5.22562 65.4498 8.57726 5.11441 91.2051 0.533768 -13 1237 1 0 1 
9.56678 -0.267998 65.4497 12.8542 -0.178184 75.4222 0.308921 -13 1238 1 0 1 
12.0023 10.4961 65.4496 14.4087 10.9739 76.0462 0.541327 -13 1239 1 0 1 
3.24363 -0.180305 65.45 4.06232 -0.956521 86.5518 -0.162352 -13 1240 1 0 1 
-6.98507 1.01794 65.4505 -4.16875 -3.36357 75.4332 0.423313 -13 1241 1 0 1 
-5.94394 21.0066 65.4505 -4.06758 19.8401 77.7348 0.0984814 -13 1242 1 0 1 
-22.0858 33.0941 65.4513 -21.3158 33.2557 76.4473 -0.657882 -13 1243 1 0 1 
14.0797 -8.00328 65.4495 15.0654 -9.82443 86.6177 0.0174205 -13 1244 1 0 1 
13.574 5.90324 65.4495 15.7537 5.55057 79.9897 0.592845 -13 1245 1 0 1 
0.671181 4.40577 65.4502 -1.99529 8.30497 96.3979 0.397737 -13 1246 1 0 1 
-4.25063 5.97703 65.4504 -6.48951 5.64911 92.3107 0.696809 -13 1247 1 0 1 
-6.45986 3.57973 65.4505 -4.85125 3.46507 81.0743 0.304618 -13 1248 1 0 1 
-2.79423 -10.453 65.4503 -4.74232 -10.6267 92.0506 0.506997 -13 1249 1 0 1 
-4.41158 11.2723 65.4504 -1.55694 10.4383 78.5511 1.092 -13 1250 1 0 1 
-1.72226 19.2995 65.4503 2.10881 17.3674 70.272 0.0966579 -13 1251 1 0 1 
-7.68879 -12.0991 65.4506 -14.2937 -13.8352 98.3848 0.0708335 -13 1252 1 0 1 
13.7353 -0.877701 65.4495 13.9075 2.13257 97.7271 0.359539 -13 1253 1 0 1 
-0.953426 4.49331 65.4502 -3.6007 6.45542 94.305 1.02112 -13 1254 1 0 1 
2.78736 6.7415 65.4501 -0.194604 12.1158 95.4208 0.722354 -13 1255 1 0 1 
8.28905 6.43665 65.4498 9.80125 9.96224 89.0337 -0.294014 -13 1256 1 0 1 
4.70429 4.34014 65.45 4.12733 4.45104 91.2195 2.17507 -13 1257 1 0 1 
-1.20491 -9.94225 65.4502 -1.97595 -9.98554 93.4359 0.277951 -13 1258 1 0 1 
6.44319 7.79765 65.4499 8.96329 5.40903 76.6891 1.10833 -13 1259 1 0 1 
-2.68277 -10.3897 65.4503 -6.14281 -13.4669 95.7247 1.50795 -13 1260 1 0 1 
2.79576 13.1152 65.45 -0.648668 13.9726 97.8266 1.1566 -13 1261 1 0 1 
10.8414 2.46532 65.4497 9.77614 3.97736 96.6849 0.82252 -13 1262 1 0 1 
15.43 11.3198 65.3449 17.2312 10.2742 86.8197 0.45663 -13 1263 1 0 1 
10.4934 -7.26361 65.4497 11.1616 -5.9463 90.4381 0.38505 -13 1264 1 0 1 
14.0063 9.32152 65.4495 13.1964 10.1671 98.9383 1.76294 -13 1265 1 0 1 
3.37341 20.5996 65.45 4.84093 23.2741 80.1233 0.489196 -13 1266 1 0 1 
-17.9572 15.8867 65.4511 -18.4545 18.094 82.2207 0.620059 -13 1267 1 0 1 
1.02472 -1.16762 65.4501 -1.24829 -1.64389 95.7751 1.5966 -13 1268 1 0 1 
-14.4156 -8.20813 65.4509 -16.9142 -8.29937 86.032 0.506131 -13 1269 1 0 1 
-2.67411 -0.857356 65.4503 -6.21888 -1.18166 95.2464 -2.59405e-05 -13 1270 1 0 1 
-12.6372 -6.51295 65.4508 -11.688 -6.80459 81.3495 2.47197 -13 1271 1 0 1 
6.41827 -7.65985 65.4499 3.97319 -5.97413 97.1815 1.44349 -13 1272 1 0 1 
-7.86092 -1.56562 65.4506 -10.9222 0.989246 90.7351 0.955332 -13 1273 1 0 1 
-3.8985 8.3397 65.4504 -2.83092 6.4969 83.7607 0.247434 -13 1274 1 0 1 
-9.13526 3.8814 65.4506 -10.966 2.7819 87.9538 1.34357 -13 1275 1 0 1 
-3.91097 7.5185 65.4504 -5.41082 8.82957 90.8851 0.723188 -13 1276 1 0 1 
-6.8164 -12.4974 65.4505 -6.05332 -14.852 83.8182 1.48554 -13 1277 1 0 1 
-4.46216 -1.38176 65.4504 -1.02301 -1.70019 73.3527 1.20038 -13 1278 1 0 1 
4.61062 -7.47619 65.45 5.88512 -7.63318 85.0101 0.830627 -13 1279 1 0 1 
-7.87859 -4.91842 65.4506 -11.9746 -5.66188 94.0296 0.195357 -13 1280 1 0 1 
13.0944 -0.864108 65.4495 14.2987 0.316146 88.2998 1.26719 -13 1281 1 0 1 
-1.71635 -0.517229 65.4503 -1.67036 0.473707 86.7731 -0.62515 -13 1282 1 0 1 
-11.2736 -11.5345 65.4507 -8.48681 -7.17951 75.6609 -0.616759 -13 1283 1 0 1 
-5.45837 5.1187 65.4505 -5.21878 7.42557 86.069 0.403102 -13 1284 1 0 1 
-8.55335 5.16665 65.4506 -7.06916 4.33571 80.5799 1.05696 -13 1285 1 0 1 
12.6686 -9.28938 65.4496 12.1705 -11.4779 93.0043 0.105924 -13 1286 1 0 1 
-1.25525 -2.29719 65.4503 -0.765937 -4.01127 89.0786 0.130813 -13 1287 1 0 1 
6.96962 5.41021 65.4498 8.2698 7.55329 86.8572 0.792968 -13 1288 1 0 1 
-11.079 4.09906 65.4507 -14.8752 1.72994 91.6248 0.498016 -13 1289 1 0 1 
-11.5134 -3.71854 65.4508 -10.0116 -0.783833 80.2579 2.05537 -13 1290 1 0 1 
-23.1828 -11.338 65.4513 -19.0435 -8.62609 71.9884 1.46977 -13 1291 1 0 1 
-7.45606 -0.310064 65.4506 -8.45987 0.858774 87.1192 -0.955557 -13 1292 1 0 1 
-3.03942 -9.24028 65.4503 -5.22507 -13.0653 90.6908 0.605237 -13 1293 1 0 1 
-19.3416 -18.9593 65.4511 -18.856 -19.8721 80.0914 0.240312 -13 1294 1 0 1 
-9.43302 -7.74968 65.4507 -12.2391 -6.1222 89.0831 1.31574 -13 1295 1 0 1 
-9.72084 16.0185 65.4507 -6.76902 14.848 75.3319 -0.890988 -13 1296 1 0 1 
-9.74088 7.9491 65.4507 -11.3984 9.26689 88.031 -0.438002 -13 1297 1 0 1 
0.170303 4.80822 65.4502 2.1503 7.45458 83.0913 0.361543 -13 1298 1 0 1 
2.36654 9.30501 65.4501 -0.892266 9.50412 97.0726 -0.174591 -13 1299 1 0 1 
1.40511 -10.3511 65.4501 -0.680095 -11.0761 94.9779 -0.311424 -13 1300 1 0 1 
6.7542 -4.7337 65.4499 7.1845 -3.36142 86.0308 1.55525 -13 1301 1 0 1 
9.75211 -6.38307 65.4497 9.88072 -5.98209 94.1998 -0.114067 -13 1302 1 0 1 
8.00531 4.03771 65.4498 6.52702 4.15145 96.4722 -0.0740292 -13 1303 1 0 1 
-3.50017 -14.4071 65.4504 -7.20815 -14.9316 95.4761 0.126136 -13 1304 1 0 1 
13.6173 -2.47907 65.4495 15.2568 -2.93196 80.6595 0.0293901 -13 1305 1 0 1 
-3.03976 1.80995 65.4503 -2.87126 2.39462 84.2786 -0.420119 -13 1306 1 0 1 
1.9685 2.88083 65.4501 3.42516 2.2967 82.3372 1.00066 -13 1307 1 0 1 
-4.25201 23.7695 65.4504 0.340055 20.6675 68.1588 0.370086 -13 1308 1 0 1 
3.31643 -9.65507 65.45 3.56965 -12.1141 87.8032 1.04421 -13 1309 1 0 1 
13.2518 5.60025 65.4495 13.8614 7.35968 93.0188 0.224593 -13 1310 1 0 1 
-0.349076 -8.48969 65.4502 0.350914 -5.35653 85.2936 1.34142 -13 1311 1 0 1 
-3.85662 -2.36197 65.4504 -6.21457 1.29286 90.5789 0.14427 -13 1312 1 0 1 
14.1294 20.1466 65.4495 12.916 24.8625 95.0912 0.523636 -13 1313 1 0 1 
8.84381 0.0949822 65.4498 10.5806 0.560476 75.3799 0.747736 -13 1314 1 0 1 
-9.86144 0.164165 65.4507 -15.5282 -2.95252 95.9856 -0.343291 -13 1315 1 0 1 
-7.83949 3.32249 65.4506 -8.51848 5.89974 85.8136 1.23605 -13 1316 1 0 1 
-7.23873 -6.79404 65.4505 -11.3122 -7.05774 95.0393 0.266283 -13 1317 1 0 1 
-3.12656 0.44921 65.4503 -1.23235 0.602004 78.6091 0.0765486 -13 1318 1 0 1 
5.96007 6.98117 65.4499 3.03343 9.33777 98.7699 0.385514 -13 1319 1 0 1 
-8.92739 1.28442 65.4506 -10.9035 1.55079 88.8848 1.31687 -13 1320 1 0 1 
-1.45925 6.34842 65.4503 -4.65255 12.3266 97.9241 1.60071 -13 1321 1 0 1 
4.39509 2.76061 65.45 4.15348 -1.01188 89.2265 -0.126958 -13 1322 1 0 1 
-2.99223 -1.762 65.4503 -3.07816 -3.51082 86.1259 0.640827 -13 1323 1 0 1 
-7.71216 0.465441 65.4506 -9.88537 -0.345596 89.9611 0.53115 -13 1324 1 0 1 
9.32937 7.72434 65.4497 10.6378 9.51768 84.437 -0.0637558 -13 1325 1 0 1 
-7.84502 -5.77059 65.4506 -6.02268 -7.94376 81.2733 0.30147 -13 1326 1 0 1 
-11.2688 5.14167 65.4507 -10.7374 5.93274 82.0846 1.16967 -13 1327 1 0 1 
14.0423 -0.545627 65.4495 14.3492 -0.656251 89.4778 0.449983 -13 1328 1 0 1 
-4.84508 -2.31131 65.4504 -3.99291 -5.37456 84.1231 0.423125 -13 1329 1 0 1 
1.96001 10.8311 65.4501 3.34 11.5865 83.9911 0.940841 -13 1330 1 0 1 
-14.0228 1.01456 65.4509 -16.6402 0.529668 89.7586 -0.00860613 -13 1331 1 0 1 
-17.0204 9.0017 65.451 -15.6415 12.998 80.2023 0.258024 -13 1332 1 0 1 
3.03597 -5.28904 65.45 4.6308 -5.44878 83.2729 1.85202 -13 1333 1 0 1 
7.09402 -4.03996 65.4498 7.02763 -6.14346 87.8071 -0.373275 -13 1334 1 0 1 
0.941773 -8.7356 65.4501 0.212501 -7.48846 92.619 -0.396744 -13 1335 1 0 1 
-1.36047 -10.3186 65.4503 -3.59972 -11.6987 93.3062 1.31484 -13 1336 1 0 1 
13.4794 14.5962 65.4495 15.1258 13.4122 81.4963 1.55913 -13 1337 1 0 1 
-10.1975 -7.38175 65.4507 -10.8553 -9.11452 86.5106 -1.59175 -13 1338 1 0 1 
8.34252 5.53002 65.4498 10.573 5.51944 81.3613 -0.144575 -13 1339 1 0 1 
7.6642 7.52521 65.4498 10.4974 5.04518 72.0633 0.482263 -13 1340 1 0 1 
6.87216 8.19439 65.4498 6.18259 6.61452 92.1219 0.619458 -13 1341 1 0 1 
8.371 -7.12076 65.4498 9.50982 -6.99824 84.6027 0.315782 -13 1342 1 0 1 
6.38088 -19.829 65.4499 4.60743 -22.8068 93.3568 0.758447 -13 1343 1 0 1 
4.11694 17.8132 65.45 3.92082 18.0434 88.3768 1.01293 -13 1344 1 0 1 
9.88492 2.45855 65.4497 12.9685 1.5428 75.0088 -0.274163 -13 1345 1 0 1 
7.92723 10.165 65.4498 9.68965 10.2397 82.8248 0.664761 -13 1346 1 0 1 
-10.2903 4.1577 65.4507 -12.0351 1.38803 88.9917 0.540223 -13 1347 1 0 1 
10.4549 -4.75 65.4497 10.4485 -4.53196 93.8824 -0.104259 -13 1348 1 0 1 
12.6 1.75946 65.4496 13.2302 3.43642 91.1577 -0.200931 -13 1349 1 0 1 
-2.42763 -4.25491 65.4503 -2.8297 -2.64634 88.7713 0.192655 -13 1350 1 0 1 
1.41741 5.02066 65.4501 4.58498 5.99526 69.1572 -1.64438 -13 1351 1 0 1 
4.55762 -3.70246 65.45 3.77797 -1.82582 92.7807 0.394389 -13 1352 1 0 1 
6.73345 7.9662 65.4499 8.36304 8.51176 80.338 0.770674 -13 1353 1 0 1 
-4.5683 21.5343 65.4504 -5.17295 24.2265 87.0333 1.10303 -13 1354 1 0 1 
-13.5952 5.23192 65.4509 -14.7275 5.59283 86.733 0.572085 -13 1355 1 0 1 
1.25644 9.98679 65.4501 4.2989 9.51986 67.7413 -0.328801 -13 1356 1 0 1 
-3.91594 -11.652 65.4504 -3.33274 -11.4775 83.8751 -0.157329 -13 1357 1 0 1 
0.248656 3.61294 65.4502 1.61481 4.14914 81.6069 0.946366 -13 1358 1 0 1 
-6.30456 -14.7483 65.4505 -8.18247 -14.8465 89.3846 -0.13013 -13 1359 1 0 1 
-4.24927 -6.7467 65.4504 -9.01038 -7.30861 98.8395 1.3282 -13 1360 1 0 1 
-10.8248 3.27066 65.4507 -10.2772 2.46329 82.6994 0.485605 -13 1361 1 0 1 
9.08536 -1.43655 65.4497 9.40635 -3.92774 93.4234 0.133275 -13 1362 1 0 1 
10.7212 2.21424 65.4497 11.8302 4.11248 85.5695 0.253568 -13 1363 1 0 1 
-6.91797 -5.37493 65.4505 -6.79567 -5.52425 84.8813 1.43169 -13 1364 1 0 1 
-4.4118 12.0601 65.4504 -1.49561 11.0969 75.709 1.0938 -13 1365 1 0 1 
-2.22129 12.7914 65.4503 -0.630732 14.7237 81.3951 0.162363 -13 1366 1 0 1 
0.407396 3.97492 65.4502 -0.262294 2.09856 89.9729 0.17967 -13 1367 1 0 1 
19.3989 -3.90337 65.3178 21.1231 -3.61623 79.5556 0.10881 -13 1368 1 0 1 
3.71846 -1.5527 65.45 2.25836 2.01357 94.5474 -1.00434 -13 1369 1 0 1 
-15.9255 9.22153 65.451 -13.001 10.8584 73.8952 -0.0641471 -13 1370 1 0 1 
6.76559 -1.81767 65.4499 6.59976 -5.86939 88.3504 -0.0829494 -13 1371 1 0 1 
6.62633 7.83812 65.4499 4.54018 8.78907 97.4914 0.818284 -13 1372 1 0 1 
-3.14023 6.26184 65.4503 -1.03194 6.26564 78.9933 0.0198665 -13 1373 1 0 1 
-0.308077 3.24231 65.4502 -0.565045 3.19283 86.524 1.85509 -13 1374 1 0 1 
-0.012784 5.79851 65.4502 -0.356537 6.34488 88.8399 0.88502 -13 1375 1 0 1 
-0.880383 -3.29131 65.4502 -0.92863 -4.89279 87.2063 -0.38689 -13 1376 1 0 1 
-7.35693 4.5875 65.4506 -7.24074 2.0269 85.6917 -0.432829 -13 1377 1 0 1 
-7.16131 -8.64087 65.4505 -9.95206 -9.32107 89.6963 -0.743644 -13 1378 1 0 1 
5.02972 -4.36711 65.4499 8.16654 -2.28494 67.1219 1.09541 -13 1379 1 0 1 
-5.47977 -10.6926 65.4505 -5.25841 -14.4108 84.694 0.331272 -13 1380 1 0 1 
-6.26066 0.420227 65.4505 -13.5703 -0.685497 100.712 2.05216 -13 1381 1 0 1 
1.97798 -8.15591 65.4501 1.72118 -8.52982 89.0129 0.871283 -13 1382 1 0 1 
7.54218 1.63824 65.4498 7.01172 4.68895 91.6348 -0.27634 -13 1383 1 0 1 
-20.9688 -44.947 65.4512 -13.4475 -34.5777 58.7338 0.175615 -13 1384 1 0 1 
14.8364 2.56496 65.3489 16.8762 5.96922 86.939 1.57732 -13 1385 1 0 1 
-0.790562 -5.37433 65.4502 2.5762 -3.32852 73.5618 0.480211 -13 1386 1 0 1 
7.85254 21.6268 65.4498 8.4202 24.5568 82.7732 1.59588 -13 1387 1 0 1 
-7.06278 11.0066 65.4505 -9.87945 9.18989 93.9603 0.533266 -13 1388 1 0 1 
-4.97146 -6.91825 65.4504 -7.61755 -8.86493 90.6051 0.427018 -13 1389 1 0 1 
-16.1111 10.5116 65.451 -19.1502 11.4126 87.8359 1.31051 -13 1390 1 0 1 
2.79926 -9.9907 65.45 -0.640096 -15.7627 98.6482 0.477183 -13 1391 1 0 1 
11.4286 9.2259 65.4496 11.8413 9.59402 91.0632 -0.0383633 -13 1392 1 0 1 
4.55124 -8.72576 65.45 5.71362 -8.36341 80.8273 0.32017 -13 1393 1 0 1 
1.05547 -6.90266 65.4501 -3.15763 -6.01937 99.6826 1.35943 -13 1394 1 0 1 
-4.19631 -3.09063 65.4504 -6.12841 -4.75115 91.9292 0.675086 -13 1395 1 0 1 
1.30955 9.39593 65.4501 5.07238 4.65187 73.3574 -0.32335 -13 1396 1 0 1 
-9.8537 2.89457 65.4507 -10.4422 1.55157 87.2231 0.138396 -13 1397 1 0 1 
0.0462049 9.13407 65.4502 -2.50478 15.4037 94.6177 0.47422 -13 1398 1 0 1 
9.29474 -6.42086 65.4497 7.98608 -5.82491 96.8783 -0.490675 -13 1399 1 0 1 
3.59574 11.1225 65.45 2.73593 16.299 90.7254 0.79792 -13 1400 1 0 1 
-3.02064 7.78393 65.4503 -2.54759 6.62588 84.4352 1.13075 -13 1401 1 0 1 
-5.14893 -5.24802 65.4504 -5.80729 -4.72405 87.0567 0.962924 -13 1402 1 0 1 
10.7167 6.10524 65.4497 12.9643 3.92482 80.2544 1.06715 -13 1403 1 0 1 
-12.4694 5.07993 65.4508 -15.7886 7.15171 89.5987 0.563221 -13 1404 1 0 1 
-1.86987 -12.3792 65.4503 -1.50466 -11.6072 88.4234 0.136472 -13 1405 1 0 1 
-7.36298 -4.20231 65.4506 -6.43761 -2.43376 82.6662 0.297758 -13 1406 1 0 1 
-1.19401 -2.93433 65.4502 -1.40682 -1.5165 87.7051 1.8559 -13 1407 1 0 1 
-4.89301 -0.0414475 65.4504 -3.6192 1.29104 84.8574 2.03002 -13 1408 1 0 1 
-7.9566 -2.21327 65.4506 -8.93835 -3.49791 86.0565 -0.536624 -13 1409 1 0 1 
4.94731 13.6536 65.4499 5.72307 14.8207 85.0645 0.262168 -13 1410 1 0 1 
-5.82042 5.95032 65.4505 -8.70262 3.3286 93.2333 1.91414 -13 1411 1 0 1 
8.74678 7.41059 65.4498 10.2242 7.37555 82.4775 1.09273 -13 1412 1 0 1 
-0.137016 0.398217 65.4502 0.984864 1.65369 82.5296 0.530565 -13 1413 1 0 1 
8.53046 3.78951 65.4498 7.36311 1.37772 95.1973 0.633694 -13 1414 1 0 1 
-1.87607 6.59747 65.4503 -2.62479 8.14535 88.3168 0.26643 -13 1415 1 0 1 
-0.422038 9.29097 65.4502 1.27337 9.38164 82.2044 0.359656 -13 1416 1 0 1 
-2.07847 -2.65589 65.4503 -1.05378 -3.08471 83.3931 -0.817523 -13 1417 1 0 1 
-1.94826 -2.31491 65.4503 -6.62481 1.17986 98.9981 0.6426 -13 1418 1 0 1 
4.72013 2.12254 65.45 5.91355 3.1722 82.1824 -0.119243 -13 1419 1 0 1 
3.05702 -5.40445 65.45 0.640102 -5.26193 96.7842 0.259981 -13 1420 1 0 1 
-1.75609 17.1748 65.4503 0.494567 14.9499 77.321 -0.501399 -13 1421 1 0 1 
0.511446 6.2325 65.4502 0.121152 6.75567 89.4983 0.590032 -13 1422 1 0 1 
0.975168 -4.62598 65.4501 2.46444 -5.72115 81.1598 -0.322276 -13 1423 1 0 1 
-9.96029 2.2592 65.4507 -10.8445 4.8999 86.3696 0.356231 -13 1424 1 0 1 
14.4261 4.10077 65.4495 14.291 3.6782 89.1294 -0.164621 -13 1425 1 0 1 
5.23335 11.6488 65.4499 6.19872 12.6151 86.9554 1.28727 -13 1426 1 0 1 
-4.58558 4.15182 65.4504 -6.0308 9.25556 90.1035 -1.75215 -13 1427 1 0 1 
16.5702 3.54784 65.3371 18.6707 -0.775742 85.6292 1.22841 -13 1428 1 0 1 
-5.34226 -0.876623 65.4505 -7.88646 -3.22741 91.8614 1.65845 -13 1429 1 0 1 
3.18505 -5.37393 65.45 4.1937 -6.33204 85.245 1.40575 -13 1430 1 0 1 
-9.82102 -16.8022 65.4507 -8.52355 -15.194 80.5307 -0.627816 -13 1431 1 0 1 
-8.52762 -0.175066 65.4506 -7.42673 -3.97051 81.8833 2.05956 -13 1432 1 0 1 
-4.36805 -7.85147 65.4504 -0.493413 -6.59936 70.6952 1.75647 -13 1433 1 0 1 
9.99961 5.98293 65.4497 7.6964 10.9458 99.8248 -0.636506 -13 1434 1 0 1 
-6.24657 5.1285 65.4505 -12.3072 6.05892 99.5626 1.47231 -13 1435 1 0 1 
-0.47618 -9.96485 65.4502 -3.46441 -13.2449 95.0011 -0.388068 -13 1436 1 0 1 
14.3846 -0.658066 65.4495 16.0408 0.0961405 81.582 0.178842 -13 1437 1 0 1 
-6.698 0.0407808 65.4505 -5.67116 -3.984 79.6177 2.20507 -13 1438 1 0 1 
-2.05081 -7.00208 65.4503 -0.126299 -7.73408 79.7426 0.0765438 -13 1439 1 0 1 
2.94739 6.54754 65.45 2.94139 8.52924 86.3011 1.40433 -13 1440 1 0 1 
6.74988 7.881 65.4499 8.09836 9.11761 85.6492 0.444432 -13 1441 1 0 1 
-1.22689 0.245415 65.4502 -1.89084 1.06262 88.7477 0.516329 -13 1442 1 0 1