#BLTrackFile NTuple/Z226
#x y z Px Py Pz t PDGid EventID TrackID ParentID Weight
#mm mm mm MeV/c MeV/c MeV/c ns - - - - -
-28.0336 -24.3205 225.556 -9.4811 -8.09087 71.9469 0.152781 -13 1 1 0 1
15.9946 -0.0700771 225.556 4.29908 -1.58244 80.9262 1.17271 -13 2 1 0 1
-9.01891 -6.85222 225.556 -3.40087 -2.43932 71.4865 2.20778 -13 3 1 0 1
-39.0669 -10.4974 225.556 -14.3181 -3.26531 76.9925 1.61103 -13 4 1 0 1
-36.9578 -3.46942 225.556 -9.5268 -1.48773 60.0855 1.96743 -13 5 1 0 1
-24.5344 -3.73851 225.556 -8.74204 -0.961874 74.4818 0.504416 -13 6 1 0 1
1.02502 -20.6211 225.556 0.45946 -5.99127 61.1496 0.561761 -13 7 1 0 1
-43.5045 19.8048 225.556 -8.18012 5.16898 45.9267 1.73642 -13 8 1 0 1
21.6722 37.8389 225.556 5.88344 11.8187 63.0254 2.53309 -13 9 1 0 1
8.93782 -17.4667 225.556 2.60913 -5.25489 66.6566 2.06074 -13 10 1 0 1
15.1863 8.43418 225.556 4.17318 2.75807 71.1891 0.793623 -13 11 1 0 1
-0.704891 -40.3067 225.556 -0.0496736 -12.4164 61.0672 3.14048 -13 12 1 0 1
38.6606 33.2254 225.556 6.65961 6.36206 38.7757 1.20438 -13 13 1 0 1
34.7841 -21.6938 225.556 10.0118 -6.43042 67.4322 -0.162065 -13 14 1 0 1
40.3166 -26.7078 225.556 11.6352 -8.54513 66.3823 2.86437 -13 15 1 0 1
74.2557 -77.4679 225.556 17.298 -21.1395 54.5669 3.75181 -13 16 1 0 1
-15.8102 38.6717 225.556 -4.41227 12.2963 63.3133 0.767223 -13 17 1 0 1
-21.1573 -36.4679 225.556 -4.35662 -9.66843 51.719 3.04333 -13 18 1 0 1
-51.6234 20.8917 225.556 -14.6932 6.81688 63.9486 1.54714 -13 19 1 0 1
6.13355 -31.0557 225.556 1.65856 -9.54106 64.0694 4.36365 -13 20 1 0 1
-19.0181 16.3677 225.556 -4.3508 5.20298 56.4603 0.350526 -13 22 1 0 1
-38.5371 68.3773 225.556 -5.71346 13.0957 37.7846 2.61881 -13 23 1 0 1
-44.6932 39.2916 225.556 -10.0194 10.3316 53.034 2.31695 -13 24 1 0 1
15.3089 -6.95091 225.556 4.31999 -1.76478 70.7438 1.61922 -13 25 1 0 1
-2.55832 9.93206 225.556 -0.934736 3.41355 68.5072 1.2234 -13 26 1 0 1
2.67468 -2.48571 225.556 0.634881 0.167572 66.6424 2.83623 -13 27 1 0 1
4.78999 -43.3726 225.556 0.948258 -15.1844 72.405 1.57398 -13 28 1 0 1
-14.8703 23.1428 225.556 -4.58438 8.04145 66.7346 2.39527 -13 30 1 0 1
-9.92524 5.82213 225.556 -3.71198 2.3723 71.8965 1.04278 -13 31 1 0 1
-16.9252 8.9626 225.556 -4.50963 2.76908 62.2881 0.95373 -13 32 1 0 1
15.1763 1.53694 225.556 1.92308 0.398464 25.2863 3.93556 -13 33 1 0 1
-42.1345 -3.13247 225.556 -12.1904 -0.603307 65.2546 0.794653 -13 34 1 0 1
-66.7281 -45.5711 225.556 -20.6217 -14.9583 68.9123 3.57157 -13 35 1 0 1
-3.17878 22.0055 225.556 -0.996642 7.82193 66.0253 0.282818 -13 36 1 0 1
-2.93723 -23.4733 225.556 -2.07548 -9.44656 79.5005 -0.213447 -13 37 1 0 1
3.37454 -41.6261 225.556 1.01185 -12.4801 59.6215 2.94219 -13 38 1 0 1
-16.2672 22.321 225.556 -3.4755 5.69901 51.6551 2.40951 -13 40 1 0 1
23.5642 48.8029 225.556 6.24658 14.3222 60.9686 1.31499 -13 41 1 0 1
-10.7218 3.26469 225.556 -3.55015 0.477336 68.2661 2.60952 -13 42 1 0 1
-40.3169 -9.98 225.556 -15.4554 -3.86463 78.4194 1.56782 -13 43 1 0 1
20.9257 21.9538 225.556 5.46694 5.87064 56.6892 2.18384 -13 44 1 0 1
-3.71344 -25.495 225.556 -1.47191 -8.35352 67.6894 1.76327 -13 46 1 0 1
4.12621 32.5659 225.556 1.13917 8.82342 59.6045 2.41252 -13 47 1 0 1
-16.4975 37.5544 225.556 -5.08155 12.9233 66.1806 2.0838 -13 48 1 0 1
3.18526 -52.105 225.556 0.594857 -18.8031 69.3717 0.797732 -13 49 1 0 1
25.1925 0.0433621 225.556 5.17432 0.218347 42.9267 1.24003 -13 50 1 0 1
-10.6643 9.82558 225.556 -4.11369 2.84897 72.7327 1.00262 -13 51 1 0 1
-13.2405 49.0591 225.556 -2.82859 13.4403 54.6215 1.66272 -13 52 1 0 1
21.5136 17.5804 225.556 5.67124 4.64517 56.7311 -0.818339 -13 53 1 0 1
12.3958 34.3975 225.556 2.75152 7.12327 42.7697 1.91647 -13 54 1 0 1
-12.5239 -16.9977 225.556 -4.38889 -6.13157 70.4761 2.2271 -13 55 1 0 1
47.6627 31.1802 225.556 12.5512 9.29857 60.7343 0.492748 -13 56 1 0 1
-16.7069 -32.1946 225.556 -4.50893 -9.5177 62.6506 1.02148 -13 58 1 0 1
0.390684 -29.4842 225.556 -0.13155 -9.72763 67.5698 3.31552 -13 59 1 0 1
23.683 55.5647 225.556 5.96626 15.7807 55.8144 1.81111 -13 60 1 0 1
-11.9692 23.5513 225.556 -3.25775 7.55355 62.7279 0.578259 -13 61 1 0 1
0.153876 6.96818 225.556 -0.278656 2.9938 70.026 0.771021 -13 62 1 0 1
13.7076 -29.5487 225.556 2.28968 -5.30151 34.9533 2.40101 -13 63 1 0 1
1.0957 -1.2987 225.556 0.401431 -0.236784 60.3235 1.59501 -13 64 1 0 1
10.0131 5.05045 225.556 2.78626 1.34204 65.8057 -0.071735 -13 65 1 0 1
-3.23915 5.25941 225.556 -1.40366 1.64815 71.4113 1.75422 -13 66 1 0 1
10.2156 -8.93881 225.556 2.91902 -2.2455 61.4369 0.761061 -13 67 1 0 1
8.80327 47.3034 225.556 2.41434 12.0319 53.1562 0.642302 -13 68 1 0 1
-12.649 -23.1043 225.556 -3.40007 -7.21039 62.8597 1.41311 -13 69 1 0 1
-16.5795 -27.2233 225.556 -7.01632 -11.7446 79.7481 1.45336 -13 70 1 0 1
-7.06187 4.52637 225.556 -1.49663 0.763829 60.3586 -0.00272891 -13 71 1 0 1
23.6568 41.2427 225.556 6.48932 12.3333 64.1738 2.5198 -13 72 1 0 1
-7.01683 -2.75036 225.556 -3.00798 -1.68306 74.5663 0.358626 -13 73 1 0 1
9.88078 32.1839 225.556 2.71854 9.30717 58.416 1.75743 -13 74 1 0 1
2.68601 19.8299 225.556 0.122723 6.86041 74.9625 -1.5917 -13 75 1 0 1
19.0449 6.06063 225.556 5.01502 2.21717 79.6651 -0.492843 -13 76 1 0 1
-12.3989 -7.78282 225.556 -2.94668 -2.85664 56.8529 3.91241 -13 77 1 0 1
-15.3834 -5.91513 225.556 -3.94934 -2.08124 60.0375 0.709014 -13 78 1 0 1
6.42933 -12.7067 225.556 1.71783 -4.03597 62.8788 2.86181 -13 79 1 0 1
1.49435 -18.8854 225.556 -0.11677 -6.14216 72.4289 1.35189 -13 80 1 0 1
3.89429 32.4157 225.556 0.682504 12.0653 69.5824 1.41894 -13 81 1 0 1
6.87584 5.70215 225.556 2.08897 2.05239 62.7232 2.649 -13 82 1 0 1
-32.7473 60.8134 225.556 -9.73927 20.1901 66.1606 1.42873 -13 83 1 0 1
-52.1915 -6.26176 225.556 -14.2383 -1.99894 61.8706 1.61034 -13 84 1 0 1
5.51462 0.0877782 225.556 1.22349 -0.225919 75.6988 2.4195 -13 85 1 0 1
6.49241 -22.4958 225.556 1.68398 -8.51417 67.9648 1.18659 -13 86 1 0 1
-3.10395 -43.0787 225.556 -0.189025 -10.9105 49.8116 2.5503 -13 87 1 0 1
-16.2658 -20.0564 225.556 -5.07643 -6.54855 67.8125 0.971715 -13 88 1 0 1
9.37978 -5.45734 225.556 2.52463 -1.15331 62.2042 0.880017 -13 89 1 0 1
3.09755 15.7542 225.556 0.849551 4.92902 65.7201 1.22188 -13 90 1 0 1
-31.6853 -12.2922 225.556 -8.74921 -3.95764 63.6565 2.3172 -13 91 1 0 1
24.1621 7.26947 225.556 6.2003 1.98916 55.0385 1.57513 -13 92 1 0 1
15.0907 0.164311 225.556 4.15312 -0.298106 59.0165 2.34717 -13 93 1 0 1
7.51971 74.0995 225.556 1.93584 19.1874 52.1384 0.321811 -13 94 1 0 1
9.6236 9.08354 225.556 2.63784 3.34818 70.4206 1.41432 -13 95 1 0 1
4.19527 33.4784 225.556 1.13102 10.4703 60.6795 -0.319561 -13 96 1 0 1
-2.37349 -5.79778 225.556 -0.162504 -0.891921 57.0672 0.515242 -13 97 1 0 1
-2.74382 -7.07167 225.556 -0.951615 -1.73201 67.3813 1.82812 -13 98 1 0 1
-11.8522 35.8136 225.556 -3.26245 11.0129 62.7157 1.96614 -13 99 1 0 1
18.8779 -3.77979 225.556 5.36296 -0.530759 67.424 0.524674 -13 100 1 0 1
28.3968 -0.813349 225.556 8.18306 -0.635151 68.1471 0.71876 -13 101 1 0 1
8.87727 7.04518 225.556 2.3237 2.18962 67.2592 1.31302 -13 102 1 0 1
39.7564 0.803235 225.556 10.6217 1.17143 61.3359 -0.95524 -13 103 1 0 1
17.1797 1.98819 225.556 4.87321 0.213742 67.4885 1.09217 -13 104 1 0 1
-14.3504 24.8809 225.556 -3.53828 8.32766 60.0543 0.0484955 -13 105 1 0 1
-33.0907 -12.2656 225.556 -8.55251 -3.6111 59.6253 1.79744 -13 106 1 0 1
-5.39036 -21.5613 225.556 -2.11678 -7.43228 70.2373 0.31353 -13 107 1 0 1
27.564 25.3768 225.556 7.59926 8.55045 62.9136 0.656658 -13 108 1 0 1
14.1243 10.1954 225.556 4.10036 3.50295 67.8276 2.38891 -13 109 1 0 1
-16.1998 7.39313 225.556 -5.89697 2.75632 72.4342 1.08016 -13 110 1 0 1
-18.3804 -16.3487 225.556 -7.13716 -5.3818 76.8461 0.998133 -13 111 1 0 1
19.5575 -0.40839 225.556 4.76691 -0.500476 56.2836 -0.273649 -13 112 1 0 1
16.0778 19.3731 225.556 4.11153 5.14246 54.8473 2.38546 -13 113 1 0 1
19.54 -22.0106 225.556 5.42654 -6.93386 63.0128 1.3991 -13 114 1 0 1
30.3121 8.81038 225.556 6.8989 2.0347 49.3891 1.57058 -13 115 1 0 1
-27.1526 -9.50328 225.556 -9.26027 -3.38549 72.3105 1.85463 -13 116 1 0 1
-5.20507 8.57198 225.556 -1.10717 2.59956 55.4344 1.23934 -13 117 1 0 1
16.26 -32.195 225.556 3.76104 -8.16637 46.1518 1.40573 -13 118 1 0 1
-5.11407 9.68901 225.556 -1.96796 3.63676 70.5227 1.85829 -13 119 1 0 1
-29.2333 1.98358 225.556 -5.9953 0.666902 49.5558 1.5483 -13 120 1 0 1
14.8087 -27.3923 225.556 3.95649 -7.45289 60.8563 3.0175 -13 121 1 0 1
-19.7082 -17.0506 225.556 -7.49803 -5.95277 76.6182 1.91386 -13 122 1 0 1
-4.98996 -34.8177 225.556 -1.9171 -11.7052 70.4768 2.10741 -13 123 1 0 1
50.4008 6.12805 225.556 12.7374 1.90416 57.178 1.85855 -13 124 1 0 1
-39.8432 -57.5724 225.556 -9.99611 -16.5607 57.9429 0.0266644 -13 125 1 0 1
-13.8499 -6.04592 225.556 -5.9752 -3.27048 78.814 2.20991 -13 126 1 0 1
9.16083 33.5225 225.556 2.49012 9.42477 59.7224 0.407675 -13 127 1 0 1
2.67155 -16.4086 225.556 0.754408 -5.8186 64.6802 1.75019 -13 128 1 0 1
48.5718 23.7837 225.556 12.366 6.88339 57.9815 1.07025 -13 129 1 0 1
29.3805 -6.73708 225.556 6.72323 -1.12069 50.0309 2.30095 -13 130 1 0 1
0.438724 16.7701 225.556 -0.300962 5.6211 68.9175 0.896969 -13 131 1 0 1
-13.6049 7.98319 225.556 -5.00207 2.64345 73.7466 2.5964 -13 132 1 0 1
26.7048 -0.308774 225.556 7.46865 -0.276627 63.8194 0.0976699 -13 133 1 0 1
20.5357 2.68785 225.556 6.01273 0.892289 75.531 1.68142 -13 134 1 0 1
7.34534 5.8559 225.556 1.76465 1.30347 69.9943 2.18838 -13 135 1 0 1
42.3254 16.4969 225.556 10.399 4.04459 55.3603 1.6191 -13 136 1 0 1
-21.0358 -2.44827 225.556 -5.79465 -0.92814 63.0221 2.93825 -13 137 1 0 1
-18.2326 46.4989 225.556 -4.11861 12.6802 54.5927 1.88565 -13 140 1 0 1
3.17353 27.6166 225.556 1.05375 7.63315 52.4695 1.50614 -13 141 1 0 1
32.314 18.4252 225.556 9.01844 6.37658 64.2497 3.32844 -13 142 1 0 1
-30.8451 -12.0026 225.556 -9.96174 -4.30751 70.6817 0.463979 -13 143 1 0 1
23.5171 -1.84431 225.556 6.94517 -1.05851 71.7375 4.21348 -13 144 1 0 1
22.5255 -60.271 225.556 5.59255 -16.34 55.3959 3.25098 -13 145 1 0 1
18.0643 -16.3038 225.556 5.07201 -4.73252 65.8545 1.5931 -13 146 1 0 1
-4.15255 -7.63668 225.556 -1.22742 -2.45928 65.3195 0.165861 -13 147 1 0 1
-14.4766 -32.0756 225.556 -4.70472 -10.0266 68.7321 1.57983 -13 148 1 0 1
28.9128 28.8132 225.556 7.0981 7.7636 55.9645 1.02579 -13 149 1 0 1
9.57105 37.5516 225.556 2.62434 12.1879 65.2237 1.19506 -13 150 1 0 1
12.5744 -42.5593 225.556 3.22534 -12.0165 56.2244 2.70044 -13 151 1 0 1
5.72612 -7.0508 225.556 1.60528 -2.32193 64.4577 3.48242 -13 152 1 0 1
-14.4797 -24.3989 225.556 -4.49278 -8.74246 67.4955 0.828723 -13 153 1 0 1
-24.4219 -26.8436 225.556 -9.46413 -10.157 77.623 -0.887644 -13 154 1 0 1
-22.1127 0.362009 225.556 -6.61737 -0.133122 66.5767 -0.134362 -13 155 1 0 1
47.7912 -20.4038 225.556 9.71079 -4.33337 45.7386 1.19027 -13 156 1 0 1
-11.8663 3.55049 225.556 -3.1717 1.49676 62.3447 1.26613 -13 157 1 0 1
-8.26225 10.4043 225.556 -4.27721 3.30671 79.3318 2.48704 -13 158 1 0 1
-18.9101 27.9332 225.556 -4.2736 7.36949 55.9409 0.818763 -13 159 1 0 1
45.7367 -0.464893 225.556 12.4588 -0.094337 63.1445 1.33654 -13 160 1 0 1
20.5244 -2.64171 225.556 5.91029 -1.61435 70.5535 2.80696 -13 161 1 0 1
-33.4163 12.7774 225.556 -5.26673 2.51517 40.0622 1.34284 -13 162 1 0 1
-17.4294 22.9712 225.556 -5.72929 8.5134 69.8936 -0.461457 -13 163 1 0 1
3.76138 -10.6496 225.556 0.899904 -3.98246 66.5096 1.33268 -13 164 1 0 1
-74.8635 -56.9735 225.556 -6.47136 -7.29708 23.2055 5.30481 -13 165 1 0 1
-62.4647 -5.69096 225.556 -19.1707 -1.96752 68.6167 1.04162 -13 166 1 0 1
28.0379 37.0256 225.556 7.5947 11.2108 61.7294 1.94778 -13 167 1 0 1
-17.8265 25.5718 225.556 -7.61396 10.0494 78.4589 2.25524 -13 168 1 0 1
39.3019 -23.4264 225.556 9.88564 -6.92858 57.3688 1.14075 -13 169 1 0 1
-21.4098 -11.4974 225.556 -6.60167 -4.02429 67.3927 0.59746 -13 170 1 0 1
67.8324 -23.0395 225.556 11.8395 -4.18062 40.5889 2.60457 -13 171 1 0 1
-2.3782 13.8139 225.556 -0.311514 3.45396 56.7854 1.02938 -13 172 1 0 1
36.4361 -20.5746 225.556 9.52034 -6.00558 58.4323 1.53926 -13 173 1 0 1
9.70186 16.7951 225.556 2.73701 4.69765 68.7584 1.48406 -13 174 1 0 1
-15.3928 -27.1779 225.556 -2.71178 -6.94858 48.3968 1.42408 -13 176 1 0 1
50.3273 -34.8308 225.556 11.1291 -8.71928 50.3672 1.18209 -13 177 1 0 1
7.47707 -18.1979 225.556 2.05992 -4.45823 52.5502 0.91067 -13 178 1 0 1
23.0553 -44.3246 225.556 6.53695 -15.3628 68.4043 0.497826 -13 179 1 0 1
20.9279 -28.0316 225.556 5.0055 -7.09665 52.0599 3.04931 -13 180 1 0 1
-22.2356 -11.1585 225.556 -3.22957 -2.17628 38.5605 0.463691 -13 181 1 0 1
-27.1258 13.8631 225.556 -4.13277 2.96927 40.0598 0.965335 -13 182 1 0 1
35.7425 46.1391 225.556 6.89803 10.3786 42.1817 1.80013 -13 183 1 0 1
-44.9401 -14.4612 225.556 -10.8355 -4.49372 55.9355 1.44807 -13 184 1 0 1
-12.1732 -28.9826 225.556 -2.97697 -8.93355 59.8348 0.575665 -13 185 1 0 1
25.6042 22.9116 225.556 5.13566 5.2207 43.344 1.08437 -13 186 1 0 1
10.3522 6.00693 225.556 2.88337 3.00261 71.3479 2.34425 -13 188 1 0 1
-32.1154 -15.1834 225.556 -12.3952 -5.93254 79.0422 1.3227 -13 189 1 0 1
26.6207 24.2113 225.556 7.35076 7.25308 60.816 3.24708 -13 191 1 0 1
-10.4812 13.2437 225.556 -5.0653 6.03777 80.0328 1.9752 -13 192 1 0 1
-32.1831 -8.35693 225.556 -4.78689 -2.01936 38.2337 0.911859 -13 193 1 0 1
2.06037 43.5834 225.556 0.309566 15.0737 68.7213 0.990121 -13 194 1 0 1
3.11095 -0.232601 225.556 0.979998 -0.029421 60.3735 3.6046 -13 195 1 0 1
10.8543 -9.26637 225.556 2.11545 -4.60673 80.5606 3.69645 -13 196 1 0 1
-18.8847 31.1418 225.556 -5.1305 9.47354 62.8946 0.389149 -13 197 1 0 1
40.0568 1.59814 225.556 8.80363 0.436221 49.6055 0.959904 -13 198 1 0 1
-33.6516 50.9449 225.556 -7.92035 13.4608 56.2577 -0.178628 -13 199 1 0 1
-14.7061 -17.3107 225.556 -2.96381 -4.1074 50.8049 2.19067 -13 200 1 0 1
-40.2239 -15.4683 225.556 -12.5176 -5.54796 68.8118 1.55981 -13 201 1 0 1
-9.66855 61.8444 225.556 -2.3224 17.1437 57.5326 0.548472 -13 202 1 0 1
-5.18692 5.22775 225.556 -1.3637 1.18252 62.1592 1.58478 -13 203 1 0 1
0.381674 7.70639 225.556 0.395273 1.36848 49.9768 2.96662 -13 205 1 0 1
-64.4389 5.80429 225.556 -22.6296 1.85545 74.7358 1.39806 -13 206 1 0 1
-28.4773 -38.8561 225.556 -6.79495 -10.8788 56.7494 0.345682 -13 207 1 0 1
-49.3305 6.15516 225.556 -15.0171 2.12589 68.1129 0.9659 -13 208 1 0 1
33.084 43.3913 225.556 3.55248 5.57215 23.5907 3.08033 -13 209 1 0 1
52.8853 4.21949 225.556 11.018 1.23628 46.903 1.24932 -13 210 1 0 1
45.761 29.2619 225.556 8.51497 5.8346 42.2483 2.3645 -13 211 1 0 1
-18.5866 52.772 225.556 -6.57736 18.4431 71.9457 3.30071 -13 212 1 0 1
-43.7847 26.4667 225.556 -11.0006 7.33283 58.518 0.0607285 -13 213 1 0 1
-7.50766 29.8364 225.556 -3.13999 10.4044 75.057 2.20496 -13 214 1 0 1
0.191214 -28.3948 225.556 -0.50709 -10.8623 71.8947 2.94797 -13 215 1 0 1
3.21013 -5.27503 225.556 0.560365 -1.73392 70.3167 2.36467 -13 216 1 0 1
73.9314 29.9819 225.556 13.9314 7.02455 43.6956 0.794736 -13 217 1 0 1
-36.6395 8.32726 225.556 -10.4657 2.55761 64.2297 1.48643 -13 218 1 0 1
-12.3747 -11.729 225.556 -5.0468 -4.36548 77.5848 1.21167 -13 219 1 0 1
4.46582 3.6108 225.556 0.928456 0.775081 72.1896 3.60667 -13 220 1 0 1
41.4743 0.693772 225.556 10.3504 -0.154434 54.7193 2.44986 -13 221 1 0 1
-7.50614 34.6337 225.556 -2.8414 12.2447 71.9222 0.448029 -13 222 1 0 1
-29.0535 8.29677 225.556 -7.83508 2.97641 61.5266 2.38549 -13 223 1 0 1
-24.0103 -0.0433848 225.556 -6.45675 0.219374 62.3026 0.903021 -13 224 1 0 1
9.59634 43.3712 225.556 2.49915 11.7022 53.7291 1.23019 -13 226 1 0 1
-19.7154 -20.0212 225.556 -5.27634 -6.24761 61.9418 1.40704 -13 227 1 0 1
-6.76151 -0.842788 225.556 -3.4948 -0.421035 78.2933 -0.720934 -13 228 1 0 1
-26.7934 1.52949 225.556 -9.1312 -0.124232 71.8548 1.50596 -13 229 1 0 1
21.8676 -40.1908 225.556 4.66512 -9.09407 45.5454 1.36353 -13 230 1 0 1
47.2369 62.1391 225.556 12.8863 20.037 63.7018 2.60981 -13 231 1 0 1
70.8301 38.3 225.556 18.3485 11.0668 59.2079 2.31085 -13 232 1 0 1
-29.013 -5.79808 225.556 -8.39725 -2.06936 65.1869 -0.127797 -13 233 1 0 1
20.5474 6.53709 225.556 5.84448 2.12268 67.8747 0.690411 -13 234 1 0 1
12.1484 -21.4794 225.556 3.27067 -8.39428 73.9831 1.52066 -13 235 1 0 1
-27.1913 -23.2913 225.556 -7.70428 -7.9228 64.3885 2.63093 -13 236 1 0 1
40.1684 -41.815 225.556 9.43441 -10.595 52.8861 2.33765 -13 237 1 0 1
-1.99133 5.10149 225.556 -0.555027 1.45831 62.9062 1.46282 -13 238 1 0 1
-29.143 3.79052 225.556 -9.4824 2.03056 70.3523 2.55984 -13 239 1 0 1
31.2147 68.4659 225.556 6.3217 15.2419 44.1007 1.42864 -13 240 1 0 1
38.2652 8.02945 225.556 5.86342 1.429 34.0086 2.96957 -13 241 1 0 1
-11.9903 -10.6017 225.556 -2.86841 -3.63718 58.7167 3.27821 -13 242 1 0 1
29.453 -29.2299 225.556 8.54587 -9.18155 67.9644 1.21006 -13 243 1 0 1
4.39157 13.6807 225.556 0.631053 4.9891 75.9255 1.90313 -13 244 1 0 1
18.9355 25.9188 225.556 5.43683 9.93514 71.2866 0.589706 -13 245 1 0 1
0.624447 20.5725 225.556 -0.211396 7.83434 70.6283 1.09279 -13 246 1 0 1
7.9649 -18.5168 225.556 2.17313 -5.04761 61.0456 1.09667 -13 247 1 0 1
-10.3678 -20.0363 225.556 -3.31364 -6.53091 67.8167 2.00274 -13 248 1 0 1
52.0389 16.5902 225.556 13.5832 4.09126 60.6192 0.505422 -13 249 1 0 1
11.1322 -34.664 225.556 2.97896 -11.5754 68.0916 -0.166363 -13 250 1 0 1
31.252 51.0073 225.556 8.33986 14.2538 61.08 0.419016 -13 251 1 0 1
29.6327 -0.593141 225.556 8.31271 -0.504526 63.429 1.67146 -13 252 1 0 1
3.62088 43.2905 225.556 0.535455 15.454 70.6654 -0.0460671 -13 253 1 0 1
10.9225 19.5804 225.556 2.87622 5.41099 54.3811 1.05858 -13 254 1 0 1
-4.66389 14.6108 225.556 -2.50095 6.11449 77.4012 1.18361 -13 255 1 0 1
-10.9074 13.4425 225.556 -2.23183 3.53044 53.1132 0.644489 -13 256 1 0 1
1.31377 -52.3797 225.556 0.687208 -11.4072 42.2854 1.63012 -13 257 1 0 1
1.17289 -1.52489 225.556 0.264515 -0.786863 63.4511 1.52378 -13 258 1 0 1
20.5587 -5.16695 225.556 5.48512 -1.88817 56.9311 0.331555 -13 259 1 0 1
-11.5532 -16.4854 225.556 -4.14597 -6.39789 72.4226 0.989108 -13 260 1 0 1
-11.2972 21.7663 225.556 -2.89526 6.32153 60.0055 0.327777 -13 261 1 0 1
13.923 0.542991 225.556 4.04434 0.350508 63.1307 3.51357 -13 262 1 0 1
30.4357 -21.4485 225.556 8.35772 -6.54683 62.8887 -0.0625612 -13 263 1 0 1
-2.5696 -16.8863 225.556 -0.278784 -4.29453 50.7588 1.42983 -13 264 1 0 1
32.6632 24.9024 225.556 8.94485 7.96965 62.9388 2.12011 -13 265 1 0 1
19.0466 21.5375 225.556 5.56094 6.84033 70.522 1.90356 -13 266 1 0 1
-8.84208 4.72784 225.556 -2.50318 0.656211 63.64 1.10596 -13 267 1 0 1
9.24231 18.6975 225.556 2.09932 4.35463 42.967 0.782864 -13 268 1 0 1
-19.6903 10.6465 225.556 -7.74984 3.02459 77.7347 1.71848 -13 269 1 0 1
-15.3837 -11.1254 225.556 -4.28576 -4.1398 63.8977 2.66416 -13 270 1 0 1
20.2059 -19.3035 225.556 5.9462 -7.9242 77.3897 0.416448 -13 271 1 0 1
19.3626 -37.4457 225.556 5.32432 -11.6426 62.4436 3.01923 -13 272 1 0 1
-30.9881 9.72842 225.556 -6.9024 2.38353 54.3301 4.39103 -13 273 1 0 1
10.9955 3.52701 225.556 3.05701 1.73934 67.4922 -0.680272 -13 274 1 0 1
29.6094 -13.5018 225.556 7.64534 -4.34244 59.05 1.1887 -13 275 1 0 1
34.9138 -25.1977 225.556 9.02417 -7.34315 57.4353 2.69717 -13 277 1 0 1
-48.2723 4.11842 225.556 -12.6569 1.20459 60.6015 3.02806 -13 278 1 0 1
-34.3644 -18.5237 225.556 -10.5751 -7.23938 68.2203 -1.11901 -13 279 1 0 1
12.1236 7.10243 225.556 3.27653 1.8009 61.4507 1.68177 -13 280 1 0 1
-2.5296 -10.8757 225.556 -1.07646 -3.08269 66.6765 0.0695351 -13 281 1 0 1
-3.72582 43.614 225.556 -0.445565 10.6946 47.6407 0.906947 -13 282 1 0 1
27.8645 -41.2152 225.556 6.29762 -10.1716 49.8026 0.0802275 -13 283 1 0 1
-14.8173 20.2634 225.556 -3.06843 4.5559 52.9376 1.25244 -13 284 1 0 1
-47.3919 22.9719 225.556 -12.6701 7.22408 61.1571 0.964705 -13 285 1 0 1
-27.4655 -13.1491 225.556 -8.56436 -2.87536 69.0238 -0.11881 -13 286 1 0 1
-6.26633 0.145037 225.556 -1.13256 -0.457748 51.9505 0.0158577 -13 287 1 0 1
-10.0253 109.749 225.556 -4.12328 38.3764 69.6436 1.08765 -13 288 1 0 1
-14.3139 35.7105 225.556 -5.77548 13.3792 77.078 1.70839 -13 289 1 0 1
73.9329 -8.06914 225.556 13.8976 -1.95042 43.6101 2.05569 -13 290 1 0 1
6.08191 -28.9195 225.556 1.12015 -10.8611 74.7541 1.71538 -13 291 1 0 1
-13.7683 8.80335 225.556 -4.96306 3.43018 72.7307 1.01755 -13 292 1 0 1
-55.8717 41.0424 225.556 -11.2688 10.5251 48.1533 3.8004 -13 293 1 0 1
52.1887 28.5466 225.556 15.254 10.7111 69.1839 2.93711 -13 294 1 0 1
-17.8882 2.86947 225.556 -5.21527 0.774189 65.2825 1.46043 -13 295 1 0 1
-30.4669 13.9313 225.556 -7.58624 3.96065 58.9016 1.20907 -13 296 1 0 1
36.5988 -16.87 225.556 8.77884 -4.78998 53.724 4.12885 -13 297 1 0 1
7.98551 4.00532 225.556 2.14249 0.750734 67.3573 -0.516333 -13 298 1 0 1
-62.9835 26.9449 225.556 -12.084 6.83966 45.7914 4.55307 -13 299 1 0 1
-22.3757 20.4462 225.556 -5.99224 5.76154 62.4108 0.650632 -13 301 1 0 1
-22.29 22.6095 225.556 -6.18314 7.5987 63.2577 1.64349 -13 302 1 0 1
-2.30653 7.99988 225.556 -0.581753 3.13342 62.4429 1.42285 -13 303 1 0 1
-6.148 23.7093 225.556 -1.96302 8.13513 65.5865 1.90234 -13 304 1 0 1
-49.4084 42.6298 225.556 -8.69994 9.37938 43.2391 3.08837 -13 305 1 0 1
-11.5397 -12.9938 225.556 -3.51535 -4.67428 66.611 0.311303 -13 306 1 0 1
19.4021 -62.0226 225.556 5.25341 -21.1081 66.2382 0.0738549 -13 307 1 0 1
-12.5228 -42.653 225.556 -4.60392 -14.9644 72.3601 1.37148 -13 308 1 0 1
-8.39363 27.8673 225.556 -2.59005 9.02142 65.9714 0.503171 -13 309 1 0 1
24.9101 -9.28976 225.556 7.23726 -3.19173 72.0762 0.888738 -13 310 1 0 1
15.8993 -29.8791 225.556 2.43104 -4.31699 31.9079 0.790989 -13 311 1 0 1
-23.0198 7.24182 225.556 -7.64339 2.79455 71.2365 1.12967 -13 312 1 0 1
-22.951 36.1768 225.556 -7.72493 12.3806 71.4571 2.22736 -13 313 1 0 1
-22.8522 -3.16656 225.556 -7.21782 -0.971676 67.716 0.73965 -13 314 1 0 1
31.3342 -2.11492 225.556 8.59959 0.0129836 62.0474 -0.0479175 -13 315 1 0 1
7.90199 -74.2708 225.556 2.0042 -18.6534 50.101 0.421595 -13 316 1 0 1
-18.6279 -31.0012 225.556 -5.23463 -9.85322 63.6426 2.14075 -13 317 1 0 1
-1.32874 -7.53274 225.556 -0.719774 -2.14133 69.2228 -0.111244 -13 318 1 0 1
-10.6717 24.4228 225.556 -3.8144 9.1468 69.9329 3.31092 -13 319 1 0 1
34.9947 20.9416 225.556 10.3738 7.18675 70.4538 1.88671 -13 320 1 0 1
16.1293 -6.43183 225.556 4.11675 -1.98305 57.0701 -0.174159 -13 321 1 0 1
-20.8765 10.5731 225.556 -9.05608 4.35892 79.5853 3.05208 -13 322 1 0 1
19.2937 -9.84292 225.556 5.63245 -2.51745 75.7515 1.44871 -13 323 1 0 1
9.37546 25.838 225.556 2.63144 8.32843 65.6759 0.66477 -13 324 1 0 1
5.6605 -16.4428 225.556 1.28725 -5.98974 72.5132 1.24179 -13 325 1 0 1
-48.8868 44.0742 225.556 -12.5491 12.5046 58.7501 1.41514 -13 326 1 0 1
-33.6604 -87.7326 225.556 -6.58206 -21.1724 47.2487 1.91172 -13 327 1 0 1
-28.053 -8.8446 225.556 -7.07634 -3.76151 59.0415 -0.0798368 -13 328 1 0 1
-5.01222 31.0833 225.556 -1.76582 10.7242 68.5258 2.39067 -13 329 1 0 1
17.6364 -7.83376 225.556 5.08004 -2.3075 76.6061 0.366819 -13 330 1 0 1
-31.6122 16.552 225.556 -10.4277 4.6153 71.3542 -0.305767 -13 331 1 0 1
-10.0415 -11.6497 225.556 -0.65797 -1.31641 24.2919 1.80845 -13 332 1 0 1
23.5914 18.0269 225.556 5.30277 4.60476 48.799 5.70216 -13 333 1 0 1
-21.854 -19.1144 225.556 -6.22578 -5.95678 65.4681 1.65939 -13 334 1 0 1
19.0879 -27.9752 225.556 5.47604 -9.15402 66.1518 1.65496 -13 335 1 0 1
-5.16157 -32.5151 225.556 -2.07156 -10.6752 68.4993 0.62557 -13 336 1 0 1
101.14 -55.0756 225.556 25.3702 -15.6962 58.3677 -0.943472 -13 337 1 0 1
28.4348 -32.0114 225.556 6.84538 -9.26821 53.9152 2.40039 -13 338 1 0 1
2.02029 -23.4778 225.556 0.730247 -5.68359 50.5591 1.94648 -13 339 1 0 1
7.08559 26.1187 225.556 1.89872 9.08268 69.1854 1.4791 -13 340 1 0 1
13.8134 0.28141 225.556 3.91113 -0.665377 77.7157 1.13952 -13 341 1 0 1
-12.2762 19.9074 225.556 -4.63275 7.47738 73.3282 1.8433 -13 342 1 0 1
3.09654 -21.7129 225.556 0.900127 -7.31492 62.0911 0.997226 -13 343 1 0 1
33.9876 5.21359 225.556 7.58596 1.91251 49.59 1.28876 -13 344 1 0 1
-7.56682 1.23487 225.556 -2.51134 0.812831 68.9821 0.419928 -13 345 1 0 1
-42.3041 -6.04797 225.556 -12.0399 -1.94924 64.6649 1.9111 -13 346 1 0 1
-13.1542 4.68918 225.556 -4.12281 1.59787 68.3018 0.436976 -13 347 1 0 1
0.0569495 20.5561 225.556 0.425087 6.13392 52.3006 1.03099 -13 348 1 0 1
39.7095 -4.97677 225.556 9.84236 -1.68221 56.3881 2.30203 -13 349 1 0 1
-6.05116 -47.3388 225.556 -1.83194 -14.7342 63.9186 2.11206 -13 350 1 0 1
-21.7719 1.70464 225.556 -7.14833 0.229247 70.4867 -0.299794 -13 352 1 0 1
-9.43971 21.3428 225.556 -2.76012 6.5664 65.6741 1.07214 -13 353 1 0 1
-1.50133 26.5755 225.556 -0.120194 6.56486 53.7412 1.89725 -13 354 1 0 1
-20.4529 14.9923 225.556 -7.39751 5.52701 73.7426 0.737674 -13 355 1 0 1
28.1838 35.8097 225.556 7.37572 10.9401 59.0127 1.68387 -13 356 1 0 1
1.99618 7.0763 225.556 0.715532 1.77335 42.5038 1.81394 -13 357 1 0 1
40.373 32.9787 225.556 9.15668 8.88352 51.1775 2.16059 -13 358 1 0 1
19.2901 9.0832 225.556 5.38038 3.50976 62.2337 1.80314 -13 359 1 0 1
-17.3966 -7.94442 225.556 -6.43555 -2.8217 75.4202 0.580337 -13 360 1 0 1
7.40916 6.79874 225.556 1.52646 3.06016 77.3042 1.0434 -13 361 1 0 1
-57.4192 1.77906 225.556 -15.6367 0.0538602 62.3179 -1.41615 -13 362 1 0 1
-7.25456 17.5855 225.556 -3.15504 6.87434 75.1685 0.884411 -13 363 1 0 1
-0.192051 -15.4828 225.556 -0.3189 -4.61028 64.7862 1.55362 -13 364 1 0 1
-16.2208 26.2955 225.556 -3.02937 6.67861 48.5764 -0.283858 -13 365 1 0 1
44.6358 -5.64617 225.556 9.12044 -1.36772 45.3901 3.94838 -13 366 1 0 1
46.7277 -15.1141 225.556 8.69748 -3.60308 41.279 3.15736 -13 367 1 0 1
-10.8687 22.7562 225.556 -3.10248 7.51168 64.7472 1.86276 -13 368 1 0 1
0.617309 -5.01462 225.556 0.307419 -1.01218 60.4668 0.279488 -13 369 1 0 1
-33.9231 3.8609 225.556 -11.2895 1.17458 71.9101 2.08951 -13 370 1 0 1
-4.17103 -15.9281 225.556 -1.19945 -4.85666 66.136 3.68313 -13 371 1 0 1
3.15518 -37.9628 225.556 1.14833 -10.7477 53.1796 2.32695 -13 372 1 0 1
-23.0021 -23.2039 225.556 -6.5258 -7.53535 64.2737 2.01859 -13 373 1 0 1
-26.0472 0.333377 225.556 -9.56754 0.45932 76.131 1.8157 -13 374 1 0 1
-44.8803 19.577 225.556 -16.3154 7.74691 77.1417 -0.213102 -13 375 1 0 1
-24.1482 -47.2152 225.556 -7.53296 -15.6464 67.9289 1.75458 -13 376 1 0 1
35.8584 -22.2654 225.556 11.2899 -8.8667 77.7803 2.36342 -13 377 1 0 1
8.02811 -21.8274 225.556 1.8433 -4.99513 41.2704 4.05364 -13 378 1 0 1
-8.17576 -53.41 225.556 -2.72775 -17.8777 66.3793 1.94402 -13 379 1 0 1
-22.5442 -68.0494 225.556 -3.5051 -14.5294 41.265 1.12658 -13 380 1 0 1
22.7127 7.10935 225.556 6.07125 2.80329 59.8626 2.54998 -13 381 1 0 1
21.389 -30.1843 225.556 6.26006 -10.6289 72.1986 0.895023 -13 382 1 0 1
-49.9225 4.88905 225.556 -10.7078 1.06479 50.9005 2.90343 -13 383 1 0 1
42.1029 8.28421 225.556 10.9245 1.89107 58.2303 0.0810291 -13 384 1 0 1
-4.50968 -13.997 225.556 -1.45088 -5.20776 67.3694 3.0596 -13 385 1 0 1
6.6482 -6.99668 225.556 1.78245 -2.61255 69.9072 3.18436 -13 386 1 0 1
-26.7386 -6.94853 225.556 -8.95697 -2.74216 71.8398 1.3593 -13 387 1 0 1
8.14698 -1.7724 225.556 2.20399 -0.304344 51.9286 0.787236 -13 388 1 0 1
51.3132 -3.89682 225.556 13.7442 -0.860205 61.0514 2.4267 -13 389 1 0 1
-19.4991 4.3962 225.556 -5.32207 1.1529 63.6519 2.08598 -13 390 1 0 1
57.9042 2.80892 225.556 13.1691 0.549596 51.4536 1.33689 -13 391 1 0 1
-21.4709 -5.68052 225.556 -4.68937 -2.20095 53.9763 1.71613 -13 392 1 0 1
-6.73904 38.7329 225.556 -1.78971 11.0914 60.3355 0.584991 -13 394 1 0 1
-20.3237 42.6423 225.556 -7.24012 15.9084 73.6236 -0.432294 -13 395 1 0 1
40.3153 13.3501 225.556 11.0976 3.56586 63.639 1.19419 -13 396 1 0 1
15.6885 -21.4604 225.556 4.1632 -5.99145 59.8614 2.66357 -13 397 1 0 1
1.71975 -8.27739 225.556 0.284411 -2.92948 66.8054 2.15825 -13 398 1 0 1
-17.6144 -23.038 225.556 -6.05169 -7.50304 70.892 3.29336 -13 399 1 0 1
7.55921 17.285 225.556 2.09536 6.60057 64.629 1.29919 -13 400 1 0 1
17.5121 1.6771 225.556 5.0031 0.76941 71.8971 1.01007 -13 401 1 0 1
-8.811 30.3378 225.556 -1.95003 8.48923 57.6788 1.14128 -13 402 1 0 1
-3.18694 -77.0198 225.556 -1.22347 -26.0333 66.9917 1.5414 -13 403 1 0 1
10.1627 -25.7243 225.556 2.81738 -8.89071 66.0919 2.52095 -13 404 1 0 1
-10.8066 -25.8191 225.556 -2.81227 -8.27456 59.9483 0.820116 -13 406 1 0 1
-9.49982 -19.0023 225.556 -2.82199 -5.68307 65.8195 2.59446 -13 407 1 0 1
42.4988 29.645 225.556 10.7585 8.4769 57.2919 3.25872 -13 408 1 0 1
26.7256 -4.998 225.556 7.4947 -1.57543 64.1726 1.65728 -13 409 1 0 1
-16.9434 -19.2002 225.556 -6.4177 -7.02192 75.7812 -1.37508 -13 410 1 0 1
-9.55556 24.7648 225.556 -1.23172 4.69657 43.1228 2.34926 -13 411 1 0 1
-7.14708 -32.1472 225.556 -2.32496 -10.5076 66.5919 2.56396 -13 412 1 0 1
-28.9565 15.0785 225.556 -10.9668 5.30016 78.0554 1.26806 -13 413 1 0 1
-26.1262 0.946506 225.556 -6.40353 0.541331 59.0419 2.40622 -13 414 1 0 1
22.9624 29.1365 225.556 5.82207 8.38506 57.004 1.79751 -13 415 1 0 1
55.8217 18.5418 225.556 6.18487 2.7425 26.306 7.73222 -13 416 1 0 1
34.5786 -73.2758 225.556 6.22995 -14.5528 39.9885 1.80009 -13 417 1 0 1
-4.27048 1.81261 225.556 -1.65177 0.126384 69.6276 2.7342 -13 418 1 0 1
35.7957 6.72689 225.556 9.86776 2.15612 63.3954 1.86088 -13 419 1 0 1
-3.42774 -29.0816 225.556 -1.68869 -10.9065 73.2964 0.784493 -13 421 1 0 1
12.9708 71.9795 225.556 3.43131 22.5429 63.2517 1.75584 -13 422 1 0 1
-42.4966 -56.9756 225.556 -7.71423 -12.0841 44.4597 1.54366 -13 423 1 0 1
54.9075 51.0851 225.556 11.43 11.2422 46.535 2.34152 -13 424 1 0 1
-5.0533 10.4906 225.556 -1.36628 3.55344 64.108 1.27113 -13 425 1 0 1
-7.34246 11.6249 225.556 -3.19688 4.80938 73.8966 -0.207518 -13 426 1 0 1
32.001 -21.1211 225.556 8.69536 -5.96518 63.0294 0.823099 -13 427 1 0 1
-14.5948 41.6471 225.556 -4.30394 13.8327 64.809 1.71161 -13 428 1 0 1
42.6951 -40.8187 225.556 10.7484 -11.6746 56.5733 1.35694 -13 429 1 0 1
-40.731 45.5105 225.556 -12.8787 15.4735 69.0463 -0.424295 -13 430 1 0 1
0.176107 -16.0548 225.556 -0.812967 -6.03472 75.8337 3.08591 -13 431 1 0 1
13.2864 16.4506 225.556 3.73804 5.8951 67.8331 3.2254 -13 432 1 0 1
-4.35397 -34.645 225.556 -1.7834 -12.516 69.4345 2.64111 -13 433 1 0 1
12.8942 34.1866 225.556 3.4525 10.6768 59.1303 1.52399 -13 434 1 0 1
61.1505 9.98127 225.556 15.3925 2.60496 58.3836 2.4946 -13 435 1 0 1
5.60022 0.655312 225.556 1.3963 0.38209 67.4732 -1.03572 -13 437 1 0 1
-6.88832 1.9395 225.556 -1.20835 0.615472 55.0353 3.42596 -13 438 1 0 1
-2.73439 -42.2641 225.556 -0.853924 -12.6155 62.6875 0.219495 -13 439 1 0 1
17.0736 22.8455 225.556 4.58675 7.04793 61.2151 1.58214 -13 440 1 0 1
-23.9654 0.55658 225.556 -8.01469 0.116424 71.3971 2.59391 -13 441 1 0 1
-17.8097 -1.30507 225.556 -5.17247 0.35472 65.4587 1.16249 -13 442 1 0 1
11.6254 11.9152 225.556 3.15845 4.0705 56.7883 2.47599 -13 443 1 0 1
36.4338 -0.200379 225.556 10.7117 0.200672 69.7769 2.22655 -13 444 1 0 1
22.1132 -4.53414 225.556 6.3715 -2.35975 69.3743 1.31653 -13 445 1 0 1
-14.3012 -21.276 225.556 -4.58441 -6.42907 68.9246 -0.301405 -13 446 1 0 1
27.727 4.74435 225.556 7.06204 1.44681 57.0058 0.991104 -13 447 1 0 1
-5.64374 10.1552 225.556 -2.07791 3.9101 70.5983 -0.771258 -13 448 1 0 1
-1.76004 -1.3516 225.556 -0.130198 -0.620632 52.7626 1.32288 -13 449 1 0 1
9.08328 6.6828 225.556 1.96318 1.95365 81.1696 1.20762 -13 451 1 0 1
1.22927 -9.39623 225.556 0.317213 -3.31105 67.4247 2.36167 -13 452 1 0 1
19.0439 -11.4136 225.556 5.27434 -3.18159 59.6902 1.047 -13 453 1 0 1
-16.552 11.8277 225.556 -3.09055 2.85287 50.5794 2.91539 -13 454 1 0 1
24.515 -33.7373 225.556 6.13977 -9.60193 54.7562 1.66833 -13 455 1 0 1
39.7626 32.893 225.556 11.056 10.5362 64.2186 0.686139 -13 456 1 0 1
37.8075 15.6067 225.556 9.65683 4.87629 56.6633 2.24024 -13 457 1 0 1
22.2981 -72.8757 225.556 5.19829 -18.9598 52.7754 0.42504 -13 458 1 0 1
26.84 21.4664 225.556 8.20437 7.07956 74.2992 2.87486 -13 459 1 0 1
-11.3793 4.89151 225.556 -3.46637 1.9541 65.4816 1.13604 -13 460 1 0 1
-22.3625 31.9784 225.556 -6.42867 10.5947 65.216 1.6534 -13 461 1 0 1
16.986 10.9329 225.556 4.84392 3.56481 64.8188 1.01631 -13 462 1 0 1
5.79967 -6.25406 225.556 1.44384 -1.99835 69.218 2.723 -13 463 1 0 1
25.5693 64.6569 225.556 6.62951 19.0948 59.5318 1.25046 -13 464 1 0 1
-18.2878 61.2443 225.556 -2.55821 11.7476 37.6301 1.17375 -13 465 1 0 1
17.694 29.8369 225.556 4.50161 8.54587 56.8065 1.77268 -13 466 1 0 1
35.3449 19.1628 225.556 6.22186 3.9746 38.1904 1.85403 -13 467 1 0 1
13.2657 -13.1166 225.556 3.61289 -4.36483 56.4888 0.60899 -13 468 1 0 1
-5.156 54.3236 225.556 -0.773727 13.3533 49.5904 2.05777 -13 469 1 0 1
12.576 -21.2426 225.556 3.43966 -6.33726 65.0571 0.845796 -13 470 1 0 1
13.696 34.9079 225.556 3.31067 8.4164 49.2009 2.80983 -13 471 1 0 1
29.1824 -49.8918 225.556 5.68186 -10.6456 42.4483 3.01821 -13 472 1 0 1
3.25966 -15.0663 225.556 1.15113 -4.22705 55.4516 0.854779 -13 473 1 0 1
29.9561 -24.5523 225.556 8.17631 -7.4056 61.5215 0.749192 -13 474 1 0 1
7.67104 22.0166 225.556 2.02067 8.08256 72.1383 2.79956 -13 475 1 0 1
-36.5743 41.2369 225.556 -9.57746 12.4054 60.2391 1.39445 -13 476 1 0 1
6.38556 40.2689 225.556 1.85656 12.5672 66.565 0.0131676 -13 477 1 0 1
-6.9558 -16.4805 225.556 -1.95494 -4.82295 62.0991 -0.426076 -13 478 1 0 1
15.7364 -3.17286 225.556 3.54305 -1.04598 48.2157 1.02615 -13 479 1 0 1
31.4792 18.7997 225.556 7.69757 5.34232 54.6634 1.81133 -13 480 1 0 1
35.9302 -23.657 225.556 5.58918 -4.11282 33.6996 2.83144 -13 481 1 0 1
9.89628 -34.9881 225.556 2.40012 -8.43349 45.3342 2.1299 -13 482 1 0 1
-34.7581 33.8974 225.556 -10.6704 10.9672 67.9348 2.08594 -13 483 1 0 1
-26.9636 0.828096 225.556 -8.22169 -0.0276903 67.1276 0.0357908 -13 484 1 0 1
-39.1141 -38.104 225.556 -9.40607 -10.9288 56.4443 3.3307 -13 485 1 0 1
2.01995 -47.5513 225.556 0.617683 -14.0436 57.6566 4.19785 -13 486 1 0 1
27.4099 2.94298 225.556 7.88074 0.547051 68.8698 1.42148 -13 487 1 0 1
-48.0054 -15.3631 225.556 -12.4398 -4.56384 60.0077 0.526745 -13 488 1 0 1
5.66818 32.6208 225.556 1.3923 7.65526 41.6354 3.2108 -13 489 1 0 1
-7.35323 -45.2683 225.556 -1.96946 -14.3083 62.0535 -0.431075 -13 490 1 0 1
10.5187 11.3016 225.556 2.85273 3.1096 69.9774 2.13425 -13 491 1 0 1
11.3352 19.0916 225.556 3.08642 6.34143 61.3676 2.57025 -13 492 1 0 1
-5.10651 -13.8472 225.556 -1.00564 -4.17582 59.5419 2.4417 -13 493 1 0 1
14.3831 -17.9027 225.556 2.6513 -3.66943 36.5269 2.18976 -13 494 1 0 1
21.7047 29.7776 225.556 4.40111 5.54998 41.8347 -0.831894 -13 495 1 0 1
13.8318 -44.1604 225.556 2.94842 -9.59029 43.4747 2.08714 -13 496 1 0 1
7.12202 15.9178 225.556 1.88958 5.11291 64.2725 1.61959 -13 497 1 0 1
-15.9008 21.7955 225.556 -5.08954 7.40874 68.6799 0.867913 -13 498 1 0 1
8.88575 14.7172 225.556 2.30235 3.37107 52.1761 0.733215 -13 499 1 0 1
58.5629 -10.8524 225.556 13.0865 -3.21231 51.0354 0.471843 -13 500 1 0 1
6.96224 19.0283 225.556 1.30273 6.85526 79.2744 0.888765 -13 501 1 0 1
-34.0662 22.9471 225.556 -10.1278 6.90452 66.2774 0.158588 -13 502 1 0 1
-1.25623 -49.1652 225.556 -0.636526 -15.5624 68.1818 -0.320933 -13 503 1 0 1
-8.03112 14.1055 225.556 -2.58185 4.82727 66.1992 1.61458 -13 504 1 0 1
55.9878 2.29965 225.556 13.883 0.622529 56.234 0.358232 -13 505 1 0 1
-26.3811 -9.60032 225.556 -10.3054 -3.99443 78.6261 2.45934 -13 506 1 0 1
29.8089 49.5044 225.556 6.36886 11.9762 48.108 2.12207 -13 507 1 0 1
30.4198 -27.8794 225.556 8.44418 -8.21247 62.8863 2.33898 -13 508 1 0 1
25.364 -25.1463 225.556 7.46156 -8.67746 72.3031 1.2618 -13 509 1 0 1
-30.2215 25.9329 225.556 -7.80008 7.53934 60.2872 2.55796 -13 510 1 0 1
-46.7225 0.704344 225.556 -14.8382 0.647914 70.3716 3.3264 -13 511 1 0 1
-22.6475 -12.4699 225.556 -5.65962 -3.46493 58.3414 1.02487 -13 512 1 0 1
16.4192 10.7743 225.556 3.95235 3.08663 51.488 2.68702 -13 513 1 0 1
-15.1797 -1.87063 225.556 -3.4832 -0.470541 55.1121 -1.99332 -13 514 1 0 1
-38.6053 3.10975 225.556 -11.3585 1.12981 65.661 -0.127126 -13 515 1 0 1
-11.6396 12.1392 225.556 -2.71098 4.05488 56.5901 -0.488931 -13 516 1 0 1
0.0246251 -9.6404 225.556 -0.481077 -3.9438 72.5689 0.101927 -13 517 1 0 1
-2.49559 -9.16791 225.556 -0.731247 -2.70417 65.4832 2.12285 -13 518 1 0 1
-32.7554 6.99197 225.556 -12.3587 2.34508 77.7626 1.10248 -13 519 1 0 1
4.48745 -21.7967 225.556 1.40873 -6.99502 60.5207 3.90356 -13 520 1 0 1
-15.3837 -33.3509 225.556 -4.98996 -10.9779 69.4452 -0.214693 -13 521 1 0 1
-2.08241 14.565 225.556 -2.0189 5.53101 80.5181 2.05513 -13 522 1 0 1
-22.7679 18.427 225.556 -7.25928 5.79982 69.5289 2.12178 -13 523 1 0 1
7.15853 -8.88128 225.556 2.06241 -1.62582 62.0022 2.0768 -13 524 1 0 1
14.1982 44.7331 225.556 2.83495 8.75664 39.2691 2.59897 -13 525 1 0 1
-28.3613 -1.40415 225.556 -9.51273 0.240587 71.6297 1.27233 -13 526 1 0 1
-15.1871 39.5595 225.556 -3.77627 11.4636 58.771 2.43367 -13 527 1 0 1
-12.8607 13.8296 225.556 -2.67017 3.63687 54.3533 4.1702 -13 528 1 0 1
32.0266 -43.199 225.556 9.36826 -15.5428 70.004 2.04963 -13 529 1 0 1
1.96801 15.9242 225.556 0.472344 5.17691 67.0725 0.670694 -13 530 1 0 1
-1.64885 18.399 225.556 -0.154938 5.57821 59.1613 2.38489 -13 531 1 0 1
-38.2048 33.331 225.556 -8.3029 9.02519 52.3345 3.18877 -13 532 1 0 1
-18.4824 -69.865 225.556 -1.94313 -10.4859 28.734 5.83122 -13 533 1 0 1
18.599 -1.76572 225.556 5.37875 -0.368722 70.2264 2.20797 -13 534 1 0 1
5.62291 33.9313 225.556 1.2864 12.4914 69.2373 -1.57765 -13 535 1 0 1
19.2296 4.36692 225.556 4.80963 1.67457 55.1914 0.554651 -13 536 1 0 1
28.5141 29.1071 225.556 7.92372 8.56709 62.0436 1.45889 -13 538 1 0 1
-130.602 80.4222 225.556 -32.7137 22.4338 57.8794 2.55196 -13 539 1 0 1
32.0058 -9.69584 225.556 9.88107 -3.36975 76.7584 2.55375 -13 540 1 0 1
-10.5861 33.5465 225.556 -3.76844 11.8939 70.3226 2.18852 -13 541 1 0 1
12.2795 14.1269 225.556 3.42365 4.98538 67.6993 1.27834 -13 542 1 0 1
25.5433 -22.5128 225.556 7.37377 -7.90852 66.6162 0.765313 -13 543 1 0 1
15.0892 -9.11887 225.556 4.2348 -3.01313 63.9195 1.74199 -13 544 1 0 1
-17.6262 -78.73 225.556 -5.66898 -26.4002 67.4236 2.4361 -13 545 1 0 1
8.42899 -69.1854 225.556 1.79282 -14.7388 42.5118 2.29298 -13 546 1 0 1
0.0137916 55.4933 225.556 0.254733 14.3517 51.1907 0.850894 -13 547 1 0 1
15.2879 24.0967 225.556 4.11394 7.92305 61.7076 3.61532 -13 548 1 0 1
15.4503 -12.985 225.556 4.0865 -3.15134 57.8597 3.97915 -13 549 1 0 1
-55.1546 43.8039 225.556 -16.1795 14.3776 65.7241 -1.18264 -13 550 1 0 1
24.1542 -20.2477 225.556 3.96268 -3.09605 35.5847 3.33597 -13 551 1 0 1
-33.8744 -12.633 225.556 -8.51032 -3.90636 58.8688 1.62858 -13 553 1 0 1
-31.032 -9.05719 225.556 -8.95738 -3.16324 64.8798 0.296164 -13 554 1 0 1
23.5158 24.809 225.556 6.83391 8.88155 73.709 2.44078 -13 555 1 0 1
-10.0988 33.1527 225.556 -2.31079 9.06239 56.1763 1.93908 -13 556 1 0 1
18.7509 -2.55055 225.556 5.10807 -0.976938 61.591 3.78108 -13 557 1 0 1
-10.0426 -13.2305 225.556 -2.66559 -4.36623 61.9054 -1.26181 -13 558 1 0 1
-40.1971 20.1147 225.556 -7.42971 4.61756 45.2613 0.297035 -13 560 1 0 1
-37.7255 13.7843 225.556 -11.6917 4.10878 68.4015 2.36238 -13 562 1 0 1
17.2847 -11.6766 225.556 4.87083 -4.49375 70.5727 0.890525 -13 564 1 0 1
-26.3688 35.5817 225.556 -6.05792 10.0273 55.0559 2.73549 -13 565 1 0 1
-40.8525 -10.4085 225.556 -13.612 -3.82905 72.1934 1.95867 -13 566 1 0 1
-18.3404 -14.5073 225.556 -3.89536 -3.55045 53.2806 1.6999 -13 567 1 0 1
-18.08 29.8677 225.556 -5.9775 10.5417 70.6552 1.40727 -13 568 1 0 1
3.38673 -19.8988 225.556 0.909053 -6.12277 61.6554 3.14011 -13 569 1 0 1
3.78653 -22.031 225.556 1.25471 -5.3616 52.3675 -0.888366 -13 570 1 0 1
11.3956 59.3821 225.556 1.40282 7.85069 23.9569 2.84415 -13 571 1 0 1
0.584091 -20.7234 225.556 -0.518177 -8.07393 75.334 1.03003 -13 572 1 0 1
-22.1861 -11.6275 225.556 -6.86609 -4.62509 68.5053 3.19423 -13 573 1 0 1
-24.5991 72.4344 225.556 -6.08569 20.9262 57.1312 0.472689 -13 574 1 0 1
5.04403 -8.58114 225.556 1.18247 -2.91592 69.6782 1.41689 -13 575 1 0 1
-4.33509 3.46714 225.556 -1.54695 0.257483 68.703 0.351371 -13 576 1 0 1
8.49278 -12.4526 225.556 2.25906 -3.10151 65.7346 -0.689707 -13 577 1 0 1
-22.6284 41.1831 225.556 -7.6541 14.4457 71.5171 3.16338 -13 578 1 0 1
29.4407 -48.1946 225.556 7.96197 -14.4927 60.9916 1.11661 -13 579 1 0 1
-39.7131 28.5358 225.556 -11.6505 9.67252 65.5783 2.77267 -13 580 1 0 1
30.9099 7.22224 225.556 8.44508 1.8088 62.2487 1.41135 -13 581 1 0 1
49.1895 10.3375 225.556 10.4871 2.88963 48.2574 1.62694 -13 582 1 0 1
11.7823 -2.01633 225.556 3.25952 -0.980305 71.3411 0.773809 -13 583 1 0 1
21.8159 16.2103 225.556 5.95915 4.49629 64.3903 0.54736 -13 584 1 0 1
-5.49862 -21.5349 225.556 -1.79048 -7.29868 65.0884 -0.757506 -13 585 1 0 1
7.54555 -36.3996 225.556 1.85437 -12.9087 70.9898 3.40663 -13 586 1 0 1
-28.3415 48.1234 225.556 -9.67605 17.5018 72.1124 1.58364 -13 587 1 0 1
20.5201 2.46792 225.556 5.83531 1.25746 66.7916 -0.850212 -13 588 1 0 1
-1.02833 11.1106 225.556 -0.702789 3.52441 70.482 -0.0191653 -13 589 1 0 1
-34.8168 -40.3588 225.556 -11.756 -14.8859 72.7657 0.349701 -13 590 1 0 1
-25.7147 -0.153389 225.556 -9.77017 0.44518 77.6069 3.74096 -13 591 1 0 1
-7.87736 -3.05754 225.556 -2.75879 -1.3255 71.4222 -1.39653 -13 592 1 0 1
9.63608 9.24848 225.556 2.78745 2.0857 64.2727 3.25003 -13 593 1 0 1
-31.4414 0.396178 225.556 -8.85714 -0.25666 63.1588 1.57065 -13 594 1 0 1
11.2918 -8.18281 225.556 3.07539 -2.06977 63.8496 1.9005 -13 595 1 0 1
-46.2988 -6.74627 225.556 -17.1931 -2.64585 77.9252 1.09284 -13 597 1 0 1
-2.29282 -30.2353 225.556 -2.16965 -12.0017 80.6011 -0.579439 -13 598 1 0 1
-14.8327 -2.75847 225.556 -2.5128 -0.63651 46.8211 0.103679 -13 599 1 0 1
2.19298 -39.4195 225.556 0.857674 -9.91334 50.5032 2.13452 -13 600 1 0 1
14.1915 0.269291 225.556 3.71744 -0.00656707 59.5615 2.57735 -13 601 1 0 1
5.40644 -22.8476 225.556 1.55828 -7.09384 64.3779 1.9547 -13 602 1 0 1
-50.3397 -12.3179 225.556 -14.9381 -3.90659 66.6395 0.0391721 -13 603 1 0 1
34.3197 -13.5841 225.556 7.55502 -3.48874 47.4842 1.82709 -13 604 1 0 1
-7.62665 -81.7417 225.556 -1.76492 -22.6064 56.5787 1.52798 -13 605 1 0 1
24.7018 -6.23929 225.556 6.915 -2.03016 66.8701 3.91661 -13 606 1 0 1
24.9363 42.5086 225.556 7.30187 16.2821 75.3685 0.451922 -13 607 1 0 1
-42.3782 13.9015 225.556 -13.9672 5.80461 71.9327 1.39927 -13 609 1 0 1
-18.7663 20.5187 225.556 -5.76057 7.82603 67.3601 -0.376822 -13 610 1 0 1
-8.58983 0.0150742 225.556 -1.70778 -0.461573 54.1654 2.42631 -13 611 1 0 1
42.5368 14.671 225.556 10.4725 4.54382 56.3066 -0.756705 -13 612 1 0 1
44.7825 -34.942 225.556 7.60409 -6.73524 38.4493 3.36477 -13 613 1 0 1
6.0289 -20.9063 225.556 1.74913 -7.08606 64.4741 1.03583 -13 614 1 0 1
-33.8082 -8.73213 225.556 -11.3396 -3.90862 73.1823 2.05419 -13 615 1 0 1
8.75629 18.5915 225.556 2.07272 7.42745 78.1124 0.97111 -13 616 1 0 1
5.32448 -28.5308 225.556 1.40551 -8.56294 63.6951 0.661569 -13 617 1 0 1
-9.66541 81.7309 225.556 -2.28896 22.7779 55.5528 0.482392 -13 618 1 0 1
42.7278 51.2302 225.556 9.47148 13.0703 50.0342 2.35228 -13 619 1 0 1
-17.1889 9.8895 225.556 -6.89117 3.61172 77.6586 -1.01618 -13 620 1 0 1
8.09632 -15.1893 225.556 2.25811 -3.72971 60.0169 2.09746 -13 621 1 0 1
34.602 -89.2033 225.556 8.28511 -23.4476 54.2128 1.90995 -13 622 1 0 1
0.72943 2.17627 225.556 0.368268 1.31264 60.8302 1.10846 -13 623 1 0 1
18.9961 12.5568 225.556 5.46988 3.6151 65.2957 1.04254 -13 624 1 0 1
-23.4674 41.6842 225.556 -5.53949 10.9375 56.2269 0.651233 -13 625 1 0 1
13.5013 7.75295 225.556 3.69436 2.23543 70.8628 3.72228 -13 626 1 0 1
-34.8581 29.5836 225.556 -12.3947 11.8233 75.2472 1.80857 -13 627 1 0 1
27.4976 -19.3325 225.556 8.28031 -6.49602 71.7346 1.40842 -13 628 1 0 1
-4.95642 49.6585 225.556 -1.33977 15.992 64.5188 1.55244 -13 629 1 0 1
-36.247 31.5891 225.556 -9.90288 10.0017 62.2373 2.0592 -13 630 1 0 1
5.99864 8.34814 225.556 1.90027 2.5668 59.1744 0.784727 -13 631 1 0 1
-5.68067 -26.8165 225.556 -1.853 -8.58347 66.6912 -0.182686 -13 632 1 0 1
82.2814 26.7139 225.556 19.5666 6.98019 54.5007 0.754098 -13 633 1 0 1
-42.8785 82.1014 225.556 -10.4161 22.9193 56.1409 1.40123 -13 634 1 0 1
50.9339 -1.59748 225.556 11.6297 -0.147801 51.695 1.80128 -13 635 1 0 1
-30.0362 29.5351 225.556 -10.0698 11.005 71.9708 -0.838701 -13 636 1 0 1
20.3213 -1.90222 225.556 5.85271 -0.981654 72.2554 1.35047 -13 637 1 0 1
-8.20272 -54.2996 225.556 -0.601811 -7.87766 27.6591 2.74866 -13 638 1 0 1
17.3806 -31.5255 225.556 4.79905 -10.0671 65.7084 -0.618207 -13 639 1 0 1
25.4768 23.2534 225.556 4.5346 4.56762 39.1347 -0.158283 -13 640 1 0 1
38.419 -35.5582 225.556 10.245 -10.8836 61.259 0.0981558 -13 641 1 0 1
12.2769 -28.7804 225.556 3.3733 -7.75301 57.5812 1.43443 -13 642 1 0 1
-4.25007 -54.36 225.556 -1.73207 -18.434 69.3132 0.919702 -13 643 1 0 1
-19.5678 -43.7177 225.556 -3.93501 -10.9984 49.5729 3.89389 -13 644 1 0 1
14.8069 -33.4555 225.556 3.86537 -9.15526 56.7009 2.49063 -13 645 1 0 1
-31.7271 10.2662 225.556 -10.6479 3.46544 71.6976 2.61448 -13 646 1 0 1
-50.5743 -2.22878 225.556 -18.1154 -0.44734 76.5177 -0.276489 -13 647 1 0 1
19.8607 3.75718 225.556 5.79321 1.44373 68.2535 1.18075 -13 649 1 0 1
-7.86757 -17.4301 225.556 -3.22287 -5.7759 73.5773 2.18701 -13 650 1 0 1
4.87811 8.83534 225.556 1.1429 2.81174 68.1781 1.77974 -13 651 1 0 1
-10.5187 -18.3947 225.556 -3.23869 -6.10249 65.8139 2.31647 -13 652 1 0 1
1.83788 -17.7125 225.556 0.217983 -5.48743 68.3929 1.90524 -13 653 1 0 1
29.6844 -12.8429 225.556 5.78478 -2.57369 40.5955 1.50279 -13 654 1 0 1
-19.9836 -39.9725 225.556 -2.52486 -7.23514 34.2132 2.38457 -13 655 1 0 1
-37.5045 45.0161 225.556 -10.4833 14.3454 62.7801 1.25494 -13 656 1 0 1
-9.15745 -3.41556 225.556 -2.47107 -0.386424 61.4897 1.97849 -13 657 1 0 1
-11.8876 -25.3549 225.556 -4.00802 -7.81003 68.8333 3.49234 -13 659 1 0 1
-0.653256 -16.3377 225.556 -0.432718 -5.15424 67.0826 -0.219259 -13 660 1 0 1
-15.5659 -16.5503 225.556 -6.20085 -6.99398 76.301 2.81504 -13 661 1 0 1
-20.5667 14.5443 225.556 -5.02314 4.13331 57.832 1.15999 -13 662 1 0 1
24.5294 14.0588 225.556 6.33224 4.28346 57.5012 1.87739 -13 663 1 0 1
-15.2503 -27.5932 225.556 -5.24806 -9.18004 70.1142 2.98348 -13 664 1 0 1
-13.0971 -14.4151 225.556 -5.26702 -5.66231 76.7304 1.47891 -13 665 1 0 1
-34.305 1.91142 225.556 -9.03818 0.841677 61.1724 2.35069 -13 666 1 0 1
-0.148537 5.28101 225.556 0.0126288 1.72029 60.478 -0.776967 -13 667 1 0 1
-9.82453 -35.245 225.556 -1.14189 -6.47425 35.002 2.88708 -13 668 1 0 1
4.74891 -44.5848 225.556 1.31188 -14.4812 66.8537 2.67206 -13 669 1 0 1
8.71008 -30.0581 225.556 2.26178 -10.3344 72.198 1.25085 -13 670 1 0 1
38.2388 -41.1535 225.556 10.3497 -12.3745 61.862 1.84883 -13 671 1 0 1
32.9091 34.0859 225.556 7.97149 9.26269 55.9807 3.02576 -13 672 1 0 1
0.780248 79.2324 225.556 0.302503 21.992 56.8962 1.79286 -13 673 1 0 1
39.0973 16.5522 225.556 10.3564 5.05432 62.0737 2.21373 -13 674 1 0 1
-8.53148 -48.8082 225.556 -2.26385 -15.0357 61.7505 4.5364 -13 675 1 0 1
50.7298 24.06 225.556 10.873 6.15283 48.7596 1.46785 -13 676 1 0 1
41.184 -6.68404 225.556 11.5034 -2.37908 66.0322 2.30925 -13 677 1 0 1
1.08839 32.3048 225.556 -0.106773 12.3451 71.3385 2.78324 -13 678 1 0 1
-28.1208 45.3812 225.556 -8.4177 14.7779 66.1249 1.31641 -13 679 1 0 1
-17.264 9.8458 225.556 -3.86583 2.39674 55.9667 0.574713 -13 680 1 0 1
-6.8272 -17.9538 225.556 -2.73213 -7.51116 73.1786 -2.01995 -13 681 1 0 1
-1.42523 -76.1766 225.556 0.195463 -13.3053 31.6856 2.35369 -13 682 1 0 1
66.9014 37.636 225.556 17.4166 11.9715 60.3984 3.45258 -13 683 1 0 1
-3.84957 -21.6276 225.556 -0.988443 -6.34963 61.3843 1.15911 -13 684 1 0 1
71.2247 -31.1593 225.556 20.2518 -10.6659 66.7211 -0.350905 -13 685 1 0 1
17.1609 34.1291 225.556 4.90744 11.5914 69.3086 1.68111 -13 686 1 0 1
26.1051 1.41923 225.556 6.34582 0.738992 53.4332 3.20314 -13 687 1 0 1
-7.27625 14.7088 225.556 -2.28444 4.2837 66.5654 1.26862 -13 688 1 0 1
31.3136 -44.2149 225.556 8.26397 -13.3055 59.5287 2.41345 -13 690 1 0 1
7.36712 -1.47017 225.556 1.90446 -1.00335 64.8704 -0.630388 -13 691 1 0 1
-12.9885 -2.83982 225.556 -3.57367 -1.5769 62.3086 0.414989 -13 692 1 0 1
22.8166 3.09958 225.556 5.21554 -0.256678 50.7796 3.41725 -13 693 1 0 1
1.70159 -27.4219 225.556 0.329568 -8.04059 64.8358 3.69644 -13 694 1 0 1
4.98088 28.486 225.556 1.39288 9.0128 64.468 1.68807 -13 696 1 0 1
-14.3304 22.8793 225.556 -5.04224 8.18578 70.4995 1.79356 -13 697 1 0 1
53.1107 -31.4612 225.556 10.4151 -6.58489 43.7044 1.09983 -13 699 1 0 1
0.748122 -12.9883 225.556 -0.316499 -4.55743 73.2104 2.62541 -13 700 1 0 1
12.3406 31.0265 225.556 3.49337 11.0799 69.7484 2.61272 -13 701 1 0 1
23.8652 4.74604 225.556 4.87163 1.14761 44.498 3.09945 -13 702 1 0 1
-29.2823 15.3989 225.556 -11.3765 5.53332 79.0266 -1.03951 -13 703 1 0 1
32.8954 43.6054 225.556 8.30875 12.5503 56.2078 1.01598 -13 704 1 0 1
8.20821 15.3141 225.556 2.23678 3.82818 53.7564 2.94543 -13 705 1 0 1
-6.90707 15.9929 225.556 -1.26057 4.37445 54.5624 -0.0867197 -13 706 1 0 1
-4.97547 12.7025 225.556 -2.08693 5.41385 72.2301 4.5638 -13 707 1 0 1
-38.7081 -12.9129 225.556 -9.72409 -3.70785 58.5993 1.95404 -13 708 1 0 1
-2.93072 -23.385 225.556 -0.877933 -7.87892 65.5357 1.41129 -13 709 1 0 1
10.1251 -14.3054 225.556 2.41516 -3.62796 44.5192 0.808307 -13 710 1 0 1
21.0487 1.63564 225.556 4.8847 -0.0428375 50.8729 1.27363 -13 711 1 0 1
0.761787 -24.4493 225.556 -0.120344 -8.08199 69.0636 2.67259 -13 712 1 0 1
-14.6618 -28.7212 225.556 -6.5015 -11.5829 80.0824 1.1807 -13 713 1 0 1
7.32608 -2.20128 225.556 1.92716 -0.997964 49.8873 3.27646 -13 714 1 0 1
-12.621 22.0883 225.556 -4.4169 8.00552 70.9909 0.188393 -13 715 1 0 1
37.8502 33.3338 225.556 8.59957 8.20672 49.9724 2.85061 -13 716 1 0 1
-3.82498 -13.4909 225.556 -0.526699 -3.65935 52.8247 3.34256 -13 717 1 0 1
-19.4203 -0.386323 225.556 -6.68447 -0.542886 72.0728 2.19287 -13 718 1 0 1
8.76401 11.4041 225.556 2.32353 4.46339 71.9074 1.1529 -13 719 1 0 1
-0.790084 42.003 225.556 -0.322769 13.4117 65.1572 3.42466 -13 720 1 0 1
19.2883 -36.4317 225.556 5.50729 -12.4831 70.9528 1.18122 -13 721 1 0 1
29.4033 -35.6832 225.556 7.27063 -9.89567 55.1005 -0.0200882 -13 722 1 0 1
1.42891 -17.1435 225.556 0.377557 -4.6667 61.719 0.180394 -13 723 1 0 1
-0.0466008 34.8429 225.556 -0.556023 11.8582 72.0528 3.2576 -13 724 1 0 1
-14.7775 38.698 225.556 -3.3369 10.1845 55.0266 1.23335 -13 725 1 0 1
56.043 -44.9806 225.556 13.0659 -11.8445 52.8483 0.592061 -13 726 1 0 1
27.7085 11.9009 225.556 5.61127 2.74384 44.732 3.71216 -13 727 1 0 1
27.2829 98.0038 225.556 4.82041 19.928 39.1912 1.65402 -13 728 1 0 1
8.84123 -17.6324 225.556 2.06615 -6.30133 76.232 -0.615979 -13 729 1 0 1
-8.81681 -46.8069 225.556 -0.781025 -8.22551 35.7249 1.93825 -13 730 1 0 1
-12.1451 -13.1604 225.556 -4.14066 -4.19974 70.4378 0.028121 -13 731 1 0 1
-14.5269 27.5291 225.556 -4.55951 8.75778 68.5048 3.30414 -13 732 1 0 1
-17.9694 -4.43411 225.556 -3.13007 -1.5136 46.5713 1.29474 -13 733 1 0 1
10.5257 -3.2292 225.556 2.95735 -2.78033 71.5089 3.50453 -13 734 1 0 1
78.9049 28.3574 225.556 15.1684 6.00466 44.7796 0.624755 -13 735 1 0 1
18.3618 26.0042 225.556 4.05863 6.08806 47.1415 1.49234 -13 736 1 0 1
-10.2179 30.237 225.556 -2.68527 9.06004 62.7243 3.43617 -13 737 1 0 1
-2.04213 -2.61009 225.556 -0.457066 -0.380442 57.7436 2.9836 -13 738 1 0 1
18.9641 -6.10679 225.556 5.00475 -1.3287 59.3122 0.278592 -13 739 1 0 1
-22.7378 3.90853 225.556 -7.88262 1.28413 72.8413 2.01908 -13 740 1 0 1
76.2667 -0.23305 225.556 6.89042 0.0637933 22.7489 5.03759 -13 741 1 0 1
-41.3075 8.70628 225.556 -7.08777 2.0928 42.9656 -0.386433 -13 742 1 0 1
-10.6428 16.1637 225.556 -3.74039 6.00602 71.9192 2.57852 -13 743 1 0 1
-12.8802 23.8965 225.556 -2.86312 6.14147 55.6273 1.75513 -13 744 1 0 1
30.8912 33.5687 225.556 9.03911 11.4821 71.769 3.21151 -13 745 1 0 1
-9.60262 -20.6052 225.556 -3.17079 -6.8559 68.2497 -0.526519 -13 746 1 0 1
3.55853 -9.21788 225.556 0.847381 -2.9816 68.0446 1.47077 -13 747 1 0 1
-20.7315 7.94497 225.556 -3.93949 2.14738 49.0411 -0.169161 -13 748 1 0 1
12.1229 -22.1139 225.556 3.25482 -7.88733 72.9441 2.36304 -13 749 1 0 1
-0.091035 16.5799 225.556 0.00328488 3.8988 64.0164 2.05506 -13 750 1 0 1
-9.64094 37.8333 225.556 -1.89049 10.0633 52.3462 1.57731 -13 751 1 0 1
-7.52467 44.2141 225.556 -2.34605 14.8864 66.4323 0.833985 -13 752 1 0 1
-5.90104 5.1899 225.556 -1.60597 1.09053 64.3837 0.303416 -13 753 1 0 1
-27.4968 -3.9236 225.556 -8.72034 -1.02004 69.8773 1.58481 -13 754 1 0 1
0.266551 -8.69917 225.556 -0.681771 -3.43067 75.7633 -0.225178 -13 755 1 0 1
20.6738 29.4146 225.556 5.8709 10.3843 67.8737 0.259317 -13 756 1 0 1
50.9967 -22.3976 225.556 11.8614 -5.56142 52.2991 0.45437 -13 757 1 0 1
10.516 -21.34 225.556 3.01821 -6.5888 56.515 1.82634 -13 758 1 0 1
21.0457 -60.6493 225.556 5.48088 -18.337 60.7604 2.55613 -13 759 1 0 1
14.9253 -12.3627 225.556 3.85008 -3.46625 54.9644 1.70067 -13 760 1 0 1
9.14704 -24.8576 225.556 2.42266 -6.91086 59.3919 2.10968 -13 761 1 0 1
-37.7951 20.9676 225.556 -5.27312 4.11187 35.3374 1.20474 -13 762 1 0 1
41.5516 22.5792 225.556 10.8036 7.24165 60.026 2.68369 -13 763 1 0 1
13.396 9.37131 225.556 3.76106 3.36791 70.599 -1.33291 -13 764 1 0 1
-5.90126 -20.7621 225.556 -1.5405 -6.76331 64.8556 0.780011 -13 765 1 0 1
36.901 71.722 225.556 4.62419 10.6447 28.0174 1.46932 -13 766 1 0 1
11.4659 -10.9131 225.556 3.0845 -3.36412 58.9839 0.977784 -13 767 1 0 1
27.0898 -70.4914 225.556 7.50042 -22.3279 64.6128 1.97535 -13 768 1 0 1
20.4114 -1.98068 225.556 3.95131 -0.800269 40.1226 2.04705 -13 769 1 0 1
-23.2736 -20.7467 225.556 -7.50812 -8.45159 70.4546 0.21842 -13 770 1 0 1
16.3197 -75.4956 225.556 3.01307 -14.5277 37.17 1.375 -13 771 1 0 1
24.7999 5.0206 225.556 6.34732 1.15972 55.8309 1.30502 -13 772 1 0 1
21.7955 1.50903 225.556 6.43159 0.722835 76.7745 1.70686 -13 773 1 0 1
-20.8884 -8.55335 225.556 -5.06998 -2.09751 58.3695 2.37912 -13 774 1 0 1
51.2054 -16.9488 225.556 13.4889 -5.37355 60.202 1.33776 -13 775 1 0 1
-9.39001 24.3635 225.556 -1.96649 6.71119 55.2074 4.01849 -13 776 1 0 1
-21.0349 -23.9299 225.556 -6.45732 -8.15363 67.2539 1.27122 -13 777 1 0 1
-0.37691 41.4268 225.556 0.28844 10.0057 45.793 4.31321 -13 778 1 0 1
-41.5556 -11.9865 225.556 -12.4777 -3.85745 67.2361 2.99514 -13 779 1 0 1
19.9276 -0.897466 225.556 5.93658 -0.189629 67.6807 0.386326 -13 780 1 0 1
-11.8876 7.75683 225.556 -3.55396 2.12658 66.1747 1.20001 -13 781 1 0 1
-19.0449 -22.8261 225.556 -5.32528 -7.00986 63.0359 1.86741 -13 782 1 0 1
34.4256 -16.7113 225.556 8.94651 -4.58906 58.7344 2.41232 -13 783 1 0 1
-40.7258 -66.5173 225.556 -11.2027 -20.8912 62.5082 0.51301 -13 784 1 0 1
-40.3116 -15.37 225.556 -14.5892 -6.8254 76.601 1.00247 -13 785 1 0 1
48.8349 11.9758 225.556 10.1746 2.52584 47.044 0.668863 -13 787 1 0 1
-42.0479 0.267965 225.556 -11.1566 -0.176265 61.031 0.463042 -13 788 1 0 1
28.184 -5.96384 225.556 8.35883 -2.78462 70.8109 1.69187 -13 789 1 0 1
8.41737 -16.7346 225.556 2.18698 -5.58704 60.2648 3.4071 -13 790 1 0 1
17.9298 -43.1883 225.556 5.10502 -14.6499 67.1653 -0.115039 -13 791 1 0 1
-12.5944 -4.09968 225.556 -3.77982 -1.25216 66.945 3.49156 -13 792 1 0 1
21.8681 -5.46841 225.556 5.26704 -1.81629 53.1848 3.31652 -13 793 1 0 1
12.1676 -31.8764 225.556 3.46944 -10.3202 69.0316 1.56356 -13 794 1 0 1
-26.7351 -38.5472 225.556 -6.3813 -10.7543 55.8027 -0.922078 -13 795 1 0 1
-24.581 5.27947 225.556 -5.98657 1.44861 58.7094 1.32333 -13 796 1 0 1
4.09176 -5.65087 225.556 1.27943 -1.88827 48.3427 0.820383 -13 797 1 0 1
-4.14349 52.3495 225.556 -2.1038 18.8388 73.4093 3.23306 -13 798 1 0 1
0.207053 17.1004 225.556 0.0286987 5.07831 63.5486 2.25649 -13 799 1 0 1
-35.8719 22.7911 225.556 -9.11508 7.07656 59.0925 2.61951 -13 800 1 0 1
28.6507 7.11943 225.556 8.53209 1.50841 68.9045 3.50728 -13 801 1 0 1
-5.41725 -26.4713 225.556 -1.7188 -8.98209 66.2321 0.028961 -13 802 1 0 1
5.41245 9.58694 225.556 0.965817 4.48554 75.8696 -0.486691 -13 803 1 0 1
56.8798 4.50246 225.556 12.3928 1.24079 49.7028 1.13097 -13 804 1 0 1
4.15863 -2.92927 225.556 0.688276 -0.339788 23.8627 2.69797 -13 805 1 0 1
11.9979 -7.66236 225.556 3.16166 -2.28169 56.6234 2.45225 -13 806 1 0 1
-20.2095 -33.3303 225.556 -5.88855 -10.3752 66.0304 1.70877 -13 807 1 0 1
-58.7944 22.6922 225.556 -6.74817 3.51184 29.6554 3.9468 -13 808 1 0 1
-27.737 2.24638 225.556 -7.91808 0.663514 64.8715 0.776173 -13 809 1 0 1
-18.9672 -10.0186 225.556 -7.25267 -4.11709 76.7206 0.519349 -13 810 1 0 1
4.51435 8.78157 225.556 1.17324 3.3728 70.6307 1.04051 -13 811 1 0 1
-26.6253 -22.4076 225.556 -4.00255 -4.17842 39.2862 3.91822 -13 812 1 0 1
26.0279 38.3047 225.556 6.51357 10.955 56.0959 2.23798 -13 813 1 0 1
-0.468019 4.10949 225.556 -0.0423419 1.80407 62.6866 2.06885 -13 814 1 0 1
26.4527 26.3104 225.556 6.57855 7.28242 55.1681 -0.565231 -13 815 1 0 1
0.147912 -9.74413 225.556 -0.922382 -3.59687 77.0452 2.67554 -13 816 1 0 1
13.2174 -2.71241 225.556 2.80884 -0.506115 39.7343 0.254345 -13 817 1 0 1
19.8888 -40.7344 225.556 4.56986 -10.1832 48.5986 1.53233 -13 820 1 0 1
-8.11192 -8.76068 225.556 -1.52649 -1.8049 52.84 -0.212806 -13 821 1 0 1
-30.3409 9.9075 225.556 -12.5149 2.95524 80.4726 1.78758 -13 822 1 0 1
21.3967 -5.27929 225.556 5.62589 -1.83639 57.1133 1.35785 -13 823 1 0 1
-15.1863 -18.8686 225.556 -4.12463 -5.73603 61.1921 1.65175 -13 825 1 0 1
5.83083 24.8383 225.556 1.47011 8.61557 66.7203 -0.0986469 -13 826 1 0 1
8.24863 -43.2503 225.556 2.27958 -13.5406 62.0494 4.02588 -13 827 1 0 1
8.76652 -1.13267 225.556 2.57763 -0.84308 65.0183 -1.14419 -13 828 1 0 1
42.2771 -80.4677 225.556 8.62682 -19.0975 46.9082 2.48871 -13 829 1 0 1
7.51655 -32.7503 225.556 2.04428 -10.4161 64.2182 1.16486 -13 830 1 0 1
12.1505 -10.5812 225.556 3.33321 -3.78162 65.8245 3.28744 -13 831 1 0 1
0.158522 -28.8485 225.556 0.323316 -8.05429 55.6772 1.83101 -13 832 1 0 1
-5.39643 -12.7493 225.556 -1.48477 -3.94401 62.0195 1.72971 -13 833 1 0 1
-5.3507 -30.8665 225.556 -1.25944 -8.75963 60.4355 1.15448 -13 834 1 0 1
-17.3417 -41.8127 225.556 -7.01589 -15.8767 76.8609 0.243463 -13 835 1 0 1
21.5199 42.6368 225.556 5.83916 13.7967 65.091 1.20446 -13 836 1 0 1
37.865 -44.9165 225.556 10.6065 -13.5556 65.4554 2.35452 -13 837 1 0 1
15.3646 11.6588 225.556 4.35497 3.35408 71.7256 -0.0944413 -13 838 1 0 1
3.4991 -28.1861 225.556 1.17045 -7.26163 55.4554 1.0637 -13 839 1 0 1
-26.1589 21.4691 225.556 -6.78093 6.15455 59.9925 3.82232 -13 840 1 0 1
-9.22718 26.6656 225.556 -2.14871 7.2223 58.569 -0.410782 -13 841 1 0 1
-14.2642 -6.93367 225.556 -5.16953 -2.23098 73.4499 0.240168 -13 842 1 0 1
-15.4725 -41.6215 225.556 -5.74246 -15.7753 73.1084 1.7112 -13 843 1 0 1
-21.2904 42.9604 225.556 -5.2088 12.2851 58.1157 2.31975 -13 844 1 0 1
18.0977 -1.36573 225.556 4.87286 -0.0576333 60.2573 2.36876 -13 845 1 0 1
43.5623 -53.3587 225.556 6.95326 -9.67507 36.5152 2.53091 -13 846 1 0 1
28.8362 -27.2291 225.556 7.42453 -6.73728 57.8091 0.264976 -13 847 1 0 1
-19.6758 -6.00218 225.556 -4.51904 -2.09414 55.4972 0.667345 -13 848 1 0 1
-32.7455 -12.2756 225.556 -7.34571 -2.99333 53.5543 -0.485073 -13 849 1 0 1
36.2141 -40.8925 225.556 10.3344 -13.3146 67.2731 0.415611 -13 850 1 0 1
-12.8818 20.6871 225.556 -3.19135 5.7269 59.7295 0.920363 -13 851 1 0 1
20.316 -4.77225 225.556 5.81996 -1.59282 75.6855 1.70009 -13 852 1 0 1
1.75849 15.7488 225.556 0.546548 4.79113 62.0623 2.44339 -13 853 1 0 1
-9.90696 -6.6726 225.556 -3.53186 -3.01664 69.4865 0.437429 -13 854 1 0 1
-15.3472 35.2447 225.556 -4.05745 10.6584 61.589 1.49061 -13 855 1 0 1
-38.1047 -14.1734 225.556 -9.53684 -4.90473 57.9787 1.76143 -13 856 1 0 1
6.83756 -4.13523 225.556 1.94178 -0.440992 66.0678 0.430197 -13 857 1 0 1
-64.1776 14.3381 225.556 -18.0113 4.30824 63.6616 -1.04318 -13 858 1 0 1
4.14255 -4.4305 225.556 1.39863 -0.933402 55.4334 3.0631 -13 859 1 0 1
-11.9932 12.4335 225.556 -3.75513 4.17617 67.8451 2.60295 -13 860 1 0 1
-7.43755 -18.9611 225.556 -3.32777 -7.2203 76.9694 -0.637075 -13 861 1 0 1
-1.34777 19.1082 225.556 -0.404504 6.2611 63.8587 1.25183 -13 862 1 0 1
-46.831 -30.0509 225.556 -11.8919 -8.40242 58.5123 1.63054 -13 863 1 0 1
-5.38866 4.38945 225.556 -1.38251 1.53927 62.6874 0.741377 -13 864 1 0 1
-10.4602 -16.5184 225.556 -2.26026 -4.04623 55.3616 3.26133 -13 865 1 0 1
14.0638 49.8302 225.556 3.56924 14.1965 55.692 1.42057 -13 866 1 0 1
17.8983 20.9423 225.556 5.1821 7.17459 74.5908 0.556919 -13 867 1 0 1
-17.3334 2.7029 225.556 -7.12685 0.56481 78.4512 -0.459945 -13 868 1 0 1
-71.5907 -50.4747 225.556 -17.2942 -13.9386 56.1192 0.817066 -13 869 1 0 1
2.27411 -20.7967 225.556 0.654235 -6.44893 59.9769 2.14909 -13 870 1 0 1
7.95473 -58.681 225.556 2.07724 -18.746 64.4364 0.149452 -13 871 1 0 1
-13.2317 -8.85641 225.556 -4.12427 -2.60741 67.6298 0.15907 -13 872 1 0 1
13.4713 -4.59924 225.556 3.83289 -2.05351 71.8215 0.158505 -13 873 1 0 1
-12.5353 27.4066 225.556 -3.884 9.02567 66.6838 3.88082 -13 874 1 0 1
-17.1891 -20.422 225.556 -4.72094 -6.46996 62.7831 1.56394 -13 875 1 0 1
11.5997 24.1252 225.556 3.0702 8.49099 74.8514 1.20405 -13 876 1 0 1
11.9083 39.5269 225.556 3.42336 14.1426 68.1606 -0.7237 -13 877 1 0 1
-0.962406 35.7769 225.556 -0.919351 13.2588 72.5636 -2.4775 -13 878 1 0 1
-22.9952 14.836 225.556 -4.64121 3.58702 51.4691 2.70677 -13 879 1 0 1
18.5334 -23.5089 225.556 5.3779 -7.95871 68.269 2.08787 -13 880 1 0 1
11.6892 -24.0315 225.556 3.09179 -6.71395 56.7656 3.26696 -13 881 1 0 1
34.2853 59.1746 225.556 10.2109 20.8336 72.4888 0.677617 -13 882 1 0 1
39.8971 59.4799 225.556 10.5508 18.5476 62.1975 1.01625 -13 883 1 0 1
57.2688 22.8621 225.556 9.26124 4.43146 36.4509 1.86798 -13 885 1 0 1
7.43635 -11.6251 225.556 1.46269 -5.5889 79.7043 3.48368 -13 886 1 0 1
-38.5435 19.7389 225.556 -12.179 6.48978 69.3405 1.7642 -13 887 1 0 1
3.1283 16.0815 225.556 1.10873 3.92339 55.4213 1.49433 -13 888 1 0 1
-4.99214 -14.6025 225.556 -1.03029 -3.98869 57.4332 0.788267 -13 889 1 0 1
22.3113 -49.2013 225.556 6.28962 -16.2786 67.0869 0.12992 -13 890 1 0 1
16.652 -5.6274 225.556 2.84905 -0.907069 35.1125 0.9628 -13 891 1 0 1
-22.9649 -22.4839 225.556 -7.58002 -6.99472 70.9977 1.65679 -13 892 1 0 1
-34.8248 6.66032 225.556 -8.62028 2.29147 58.6544 -0.276598 -13 893 1 0 1
21.2324 -12.6899 225.556 6.35177 -4.43755 76.0884 1.13332 -13 894 1 0 1
-47.3087 53.2551 225.556 -15.3627 19.7414 70.1593 2.75994 -13 895 1 0 1
-20.4824 49.0362 225.556 -6.35165 16.501 67.7912 -0.422323 -13 896 1 0 1
-4.76939 -21.8544 225.556 -0.782623 -5.29593 49.1804 -0.191073 -13 897 1 0 1
9.54821 -4.59216 225.556 2.46426 -1.04551 55.687 0.736174 -13 898 1 0 1
46.5318 13.3423 225.556 12.3774 4.33227 60.6592 1.06661 -13 899 1 0 1
11.5812 -1.15885 225.556 3.20158 -1.01542 68.5933 1.80794 -13 901 1 0 1
43.1753 -13.7619 225.556 10.4169 -4.09459 54.3403 2.02331 -13 902 1 0 1
-1.07136 -29.6732 225.556 -1.11338 -9.56951 74.6702 2.31662 -13 903 1 0 1
16.4849 -9.71188 225.556 4.28462 -3.32774 58.8082 3.303 -13 904 1 0 1
-47.4921 13.6262 225.556 -17.2001 5.40103 77.0376 1.28074 -13 905 1 0 1
-37.8325 -17.5337 225.556 -8.62718 -4.56702 54.6493 2.71495 -13 906 1 0 1
4.78331 32.8802 225.556 1.17619 10.3181 67.5684 1.54379 -13 907 1 0 1
-14.8568 -30.6664 225.556 -1.94416 -5.81145 37.4134 2.16098 -13 908 1 0 1
-6.83012 -12.1585 225.556 -2.92288 -3.7661 73.6565 1.8457 -13 909 1 0 1
-10.1481 -16.8305 225.556 -3.53855 -5.85258 70.4198 1.03153 -13 910 1 0 1
0.48655 89.4177 225.556 0.353712 18.1031 39.1361 1.26919 -13 911 1 0 1
18.0408 49.0305 225.556 4.24436 12.5875 54.4601 0.643727 -13 912 1 0 1
-12.7499 35.534 225.556 -5.98633 14.5194 78.705 2.41983 -13 913 1 0 1
-60.1143 25.4258 225.556 -18.4469 9.3952 68.6777 2.22672 -13 914 1 0 1
16.602 -31.0118 225.556 4.48871 -8.97533 61.2397 0.461208 -13 915 1 0 1
-51.5462 6.41292 225.556 -19.3634 2.74647 77.8549 5.43872 -13 916 1 0 1
-3.30009 43.1776 225.556 -0.0923265 9.15386 40.8471 1.5968 -13 917 1 0 1
-40.523 28.5039 225.556 -13.1683 9.81076 70.8419 3.22686 -13 918 1 0 1
-11.2563 10.6784 225.556 -3.3643 3.0527 66.4148 0.637146 -13 919 1 0 1
-29.0999 -5.45707 225.556 -11.228 -1.47488 78.8848 1.56075 -13 920 1 0 1
34.4568 -12.2399 225.556 5.27945 -2.69688 34.1629 2.49538 -13 921 1 0 1
-28.8848 -35.1634 225.556 -11.4821 -13.2346 79.2711 3.55237 -13 922 1 0 1
-20.933 -1.9861 225.556 -5.24225 -0.613741 58.9075 1.19947 -13 923 1 0 1
-5.16194 9.51195 225.556 -1.79464 2.75495 68.4661 0.168697 -13 924 1 0 1
-1.42694 28.1259 225.556 -0.436642 8.75078 62.6905 1.6644 -13 925 1 0 1
-19.4909 16.1183 225.556 -7.5547 5.63917 77.0282 2.4983 -13 926 1 0 1
-7.45535 -7.80744 225.556 -2.18382 -1.88586 67.8948 1.77286 -13 927 1 0 1
13.6278 -16.7981 225.556 3.65206 -4.98269 58.0405 1.13738 -13 928 1 0 1
-8.31413 4.88839 225.556 -2.88257 1.63376 70.3842 2.5268 -13 930 1 0 1
29.9334 -7.78804 225.556 8.14114 -2.89647 62.8524 3.28776 -13 931 1 0 1
-8.73472 -26.7561 225.556 -1.67568 -7.05013 52.5157 3.36285 -13 932 1 0 1
17.7923 40.8481 225.556 4.99346 14.0259 67.9224 2.25623 -13 933 1 0 1
-20.644 19.1607 225.556 -7.44736 7.17894 74.0498 0.598856 -13 934 1 0 1
-46.0134 10.1958 225.556 -11.5429 2.84932 57.9841 2.31776 -13 935 1 0 1
45.2612 -2.4749 225.556 12.0572 -0.0686662 60.1686 1.37252 -13 936 1 0 1
-11.1826 -12.9349 225.556 -4.26902 -3.88067 73.261 0.945237 -13 938 1 0 1
3.09667 -12.4567 225.556 1.04794 -3.72014 61.3076 0.764121 -13 939 1 0 1
-3.65598 12.2075 225.556 -0.836158 3.9349 60.5455 1.28619 -13 940 1 0 1
-15.9177 20.8247 225.556 -4.75459 7.24451 66.47 1.45574 -13 941 1 0 1
31.7659 -6.66703 225.556 9.41596 -2.3469 71.7929 1.73009 -13 942 1 0 1
14.9234 -10.4461 225.556 4.18039 -3.19935 67.8846 2.63844 -13 943 1 0 1
-7.08032 12.9499 225.556 -1.2279 3.9562 52.462 1.04344 -13 944 1 0 1
-8.91336 61.1327 225.556 -3.2193 21.2704 69.4077 2.10174 -13 945 1 0 1
-0.339198 27.612 225.556 0.28929 6.23528 45.0621 0.926245 -13 946 1 0 1
23.9515 2.81084 225.556 6.74566 1.39784 65.101 0.0817481 -13 947 1 0 1
35.3458 -20.0404 225.556 7.94638 -4.6893 50.4577 2.83014 -13 948 1 0 1
-25.9515 -14.8343 225.556 -5.63449 -3.93412 54.1122 1.85342 -13 949 1 0 1
-9.99103 17.5935 225.556 -2.88346 5.3352 65.8382 1.3148 -13 950 1 0 1
94.2029 -27.2552 225.556 20.9328 -6.64939 51.8563 2.16426 -13 951 1 0 1
21.4442 -18.9758 225.556 5.65283 -5.54516 59.2724 4.01743 -13 952 1 0 1
10.0925 -19.7141 225.556 2.58369 -5.927 59.5992 1.60927 -13 953 1 0 1
4.70387 -65.5934 225.556 1.37131 -17.4917 53.958 1.22718 -13 954 1 0 1
14.9801 -20.0649 225.556 3.97197 -6.77002 60.8191 1.86867 -13 955 1 0 1
-8.68957 12.229 225.556 -1.83776 2.79216 54.6061 1.34549 -13 956 1 0 1
-30.5993 -22.0603 225.556 -7.4355 -6.75249 57.3234 0.372092 -13 957 1 0 1
-37.779 -2.83763 225.556 -15.1898 -1.39037 79.3083 0.324194 -13 958 1 0 1
39.8887 -23.1767 225.556 10.6285 -7.13269 61.4266 1.72933 -13 959 1 0 1
-24.2304 -8.36801 225.556 -8.52997 -3.23793 73.6608 -0.845844 -13 960 1 0 1
20.7059 -23.4512 225.556 5.34773 -6.05047 55.2597 1.61959 -13 961 1 0 1
35.2949 -13.2984 225.556 5.70849 -2.44073 35.3677 2.7905 -13 962 1 0 1
41.0395 -14.4526 225.556 11.733 -5.93316 67.2787 3.23774 -13 963 1 0 1
-1.73421 5.10782 225.556 -0.319312 1.30882 62.5279 3.25283 -13 964 1 0 1
-10.1599 -31.6375 225.556 -2.96922 -10.1912 64.2416 2.70021 -13 965 1 0 1
-28.1994 -10.6378 225.556 -6.26977 -2.23718 53.7825 3.77206 -13 966 1 0 1
29.9037 7.84739 225.556 7.38531 2.35724 53.9903 2.03775 -13 967 1 0 1
-67.4978 -1.62533 225.556 -18.0214 -0.826935 61.1668 0.316097 -13 968 1 0 1
16.143 -26.1409 225.556 3.97178 -6.69832 50.1449 2.13507 -13 969 1 0 1
23.019 -27.5655 225.556 6.35742 -8.96912 64.2085 1.22281 -13 970 1 0 1
10.375 13.5554 225.556 2.95816 5.19323 68.0502 0.101798 -13 971 1 0 1
-5.54053 54.1916 225.556 -0.275317 8.94736 30.6862 1.44274 -13 972 1 0 1
-8.3471 7.5129 225.556 -0.827937 1.52184 33.7318 1.40219 -13 973 1 0 1
-15.2083 16.9844 225.556 -4.82739 5.77844 69.1001 0.620934 -13 974 1 0 1
-23.6517 -0.0480741 225.556 -8.28502 1.01654 74.2876 2.84044 -13 975 1 0 1
-12.8622 -42.8396 225.556 -3.37607 -12.4587 60.9467 1.73607 -13 977 1 0 1
-23.7998 -8.97849 225.556 -7.97402 -3.4567 71.0943 -0.201114 -13 979 1 0 1
-30.0719 -5.79096 225.556 -7.61057 -1.84669 59.3185 -0.0154156 -13 980 1 0 1
-16.3493 -39.5972 225.556 -4.54942 -12.5918 62.0255 0.671588 -13 981 1 0 1
12.6892 31.5234 225.556 3.57243 9.49083 64.2245 0.649215 -13 982 1 0 1
0.173069 8.95262 225.556 -0.479318 4.21833 73.3737 0.880691 -13 983 1 0 1
116.03 -63.3217 225.556 15.2127 -10.4017 32.5274 3.63628 -13 984 1 0 1
18.2098 24.4734 225.556 4.91558 7.30935 59.9546 2.27067 -13 985 1 0 1
-23.8207 -16.8425 225.556 -6.30744 -4.86235 61.1186 1.06482 -13 986 1 0 1
11.5876 -58.6597 225.556 3.05292 -17.404 59.6234 1.83934 -13 987 1 0 1
-22.6376 78.6529 225.556 -1.75169 9.47518 22.4705 3.136 -13 988 1 0 1
6.84953 -21.4448 225.556 1.85394 -6.99433 69.8049 2.31947 -13 989 1 0 1
-6.82233 -20.7077 225.556 -2.37253 -7.82014 69.7274 1.53356 -13 990 1 0 1
-18.2306 30.0937 225.556 -3.63822 7.17801 51.133 -0.641791 -13 991 1 0 1
-24.0059 25.9884 225.556 -3.75429 5.30536 41.8153 2.71685 -13 992 1 0 1
23.2702 -24.9303 225.556 5.59414 -6.05373 50.0572 3.23727 -13 993 1 0 1
60.5843 -109.632 225.556 11.0854 -23.1898 42.4256 1.0865 -13 994 1 0 1
25.2565 12.1666 225.556 7.0507 3.98508 64.1282 -0.469874 -13 995 1 0 1
-24.4169 0.643378 225.556 -7.62254 0.142375 68.5704 1.47924 -13 996 1 0 1
-3.68216 13.7176 225.556 -0.422195 3.35075 48.277 4.06303 -13 997 1 0 1
6.83233 -78.2983 225.556 0.730944 -7.58011 16.6169 4.7658 -13 998 1 0 1
29.8504 -6.12614 225.556 7.52745 -1.57894 56.6211 1.43759 -13 999 1 0 1
-10.2203 -22.2684 225.556 -1.75785 -5.30114 47.7725 1.12181 -13 1000 1 0 1
-19.8993 -12.0685 225.556 -6.68444 -4.3643 71.8245 0.507604 -13 1001 1 0 1
0.768798 46.8562 225.556 0.44328 11.7626 51.4137 0.279048 -13 1002 1 0 1
-9.68814 5.2606 225.556 -1.24154 1.52051 39.8098 1.9417 -13 1003 1 0 1
10.4582 -28.8749 225.556 3.04579 -8.62208 66.9421 2.13183 -13 1004 1 0 1
-15.1449 -24.8411 225.556 -2.03597 -4.91815 36.8437 1.43571 -13 1005 1 0 1
-17.3884 12.7862 225.556 -4.7622 3.77467 62.7987 3.49263 -13 1006 1 0 1
-31.4799 -12.9896 225.556 -10.2165 -4.31918 70.7778 2.29825 -13 1007 1 0 1
-33.0483 -31.1575 225.556 -10.7607 -10.7761 71.0888 4.19309 -13 1008 1 0 1
-3.97419 44.0992 225.556 -0.947896 12.7501 59.7238 1.24802 -13 1009 1 0 1
-44.2133 -36.0559 225.556 -14.4216 -12.6253 70.7156 3.30457 -13 1010 1 0 1
23.2129 -18.036 225.556 5.1378 -4.3707 46.4248 1.30769 -13 1011 1 0 1
-4.3328 9.09564 225.556 -1.58975 2.37404 70.2775 1.02839 -13 1012 1 0 1
-17.1761 -3.02476 225.556 -4.82523 -1.69373 64.4764 -0.134676 -13 1013 1 0 1
-7.34715 14.055 225.556 -3.23591 5.35495 76.2475 -0.726487 -13 1014 1 0 1
5.94436 -2.7881 225.556 1.68864 -0.705584 66.2475 1.44073 -13 1015 1 0 1
9.92527 -25.0107 225.556 2.78466 -7.30793 58.9576 1.75326 -13 1016 1 0 1
-37.2722 41.7107 225.556 -11.4469 13.7009 67.8651 2.20879 -13 1017 1 0 1
2.592 31.9131 225.556 0.827081 8.69214 50.7129 0.171568 -13 1018 1 0 1
-19.9119 62.0083 225.556 -5.19624 17.5612 59.2153 0.976658 -13 1019 1 0 1
9.20071 -8.18246 225.556 2.48724 -2.217 61.7136 1.7634 -13 1020 1 0 1
-0.993161 -36.2647 225.556 -0.39666 -12.0184 63.227 2.14152 -13 1021 1 0 1
14.7902 -49.2632 225.556 4.1448 -16.4342 69.4258 2.38792 -13 1022 1 0 1
21.8818 -22.8079 225.556 5.90712 -6.81717 61.7924 -0.483384 -13 1023 1 0 1
-27.6506 17.804 225.556 -10.7346 6.448 78.579 1.31673 -13 1024 1 0 1
30.5943 13.3604 225.556 3.44417 1.45644 25.4343 0.145317 -13 1025 1 0 1
7.13936 -13.6941 225.556 1.494 -4.9787 78.5154 0.932882 -13 1026 1 0 1
-5.71267 -0.646363 225.556 -2.71059 -0.427169 76.0922 1.20908 -13 1027 1 0 1
-2.28677 -30.134 225.556 -0.383942 -8.93318 61.4186 1.77899 -13 1028 1 0 1
25.6792 18.2392 225.556 6.87203 5.6022 60.5044 0.2097 -13 1029 1 0 1
10.3451 26.6816 225.556 2.73085 7.66598 58.4766 0.561283 -13 1030 1 0 1
-63.181 -8.21093 225.556 -22.0897 -2.97525 75.5294 2.31573 -13 1031 1 0 1
-16.2854 -21.0998 225.556 -4.66354 -7.33184 64.72 2.50824 -13 1032 1 0 1
23.099 -10.0815 225.556 5.68482 -2.84318 54.7257 1.27553 -13 1033 1 0 1
-21.0389 1.69436 225.556 -5.95071 0.280736 65.2808 2.51212 -13 1034 1 0 1
2.75726 36.5979 225.556 0.928419 9.92272 53.9223 1.35815 -13 1035 1 0 1
-3.5243 19.2177 225.556 -1.46434 6.37616 70.1116 0.3535 -13 1036 1 0 1
-53.4904 72.5343 225.556 -9.60602 15.8734 43.6443 1.82342 -13 1037 1 0 1
-17.4356 -34.7903 225.556 -4.36274 -10.2342 57.6333 0.922952 -13 1038 1 0 1
-5.48323 19.1613 225.556 -1.18328 5.94013 58.3887 0.135187 -13 1039 1 0 1
35.4368 -4.12376 225.556 10.6114 -1.53606 70.0252 2.98506 -13 1040 1 0 1
13.3651 -11.4984 225.556 3.75131 -3.11215 67.7849 1.02916 -13 1041 1 0 1
20.6638 2.7883 225.556 5.96785 0.698502 66.9549 1.91468 -13 1043 1 0 1
1.82777 11.6667 225.556 -0.383206 5.57955 78.4294 2.35488 -13 1044 1 0 1
21.9764 59.64 225.556 5.67409 17.276 58.6097 1.17301 -13 1045 1 0 1
-39.1284 25.4776 225.556 -11.6149 8.48366 65.6428 3.75698 -13 1046 1 0 1
-15.9998 2.46456 225.556 -5.34165 0.248328 70.0883 3.31919 -13 1047 1 0 1
-42.0028 0.120796 225.556 -3.78385 -0.0806526 23.8303 3.16178 -13 1048 1 0 1
-25.4551 -29.2968 225.556 -2.59069 -4.2343 28.577 3.36143 -13 1049 1 0 1
39.456 -14.3666 225.556 10.372 -4.75685 59.6703 2.1564 -13 1050 1 0 1
25.97 -19.1722 225.556 7.25311 -5.60559 64.2219 1.58818 -13 1051 1 0 1
-42.1331 18.4762 225.556 -8.79375 4.51618 50.9392 3.52016 -13 1052 1 0 1
-41.1364 -12.9393 225.556 -15.3156 -4.97811 77.5121 2.30441 -13 1053 1 0 1
5.29218 -2.57649 225.556 1.04994 -0.350034 73.8638 1.65575 -13 1054 1 0 1
1.55315 -23.0414 225.556 0.193494 -7.69993 68.9177 1.92135 -13 1055 1 0 1
-5.12575 -26.1238 225.556 -1.17791 -7.23141 60.1381 1.70787 -13 1056 1 0 1
18.924 2.74273 225.556 4.68263 0.265177 52.7892 0.929663 -13 1057 1 0 1
4.22748 -24.2075 225.556 0.87979 -8.63778 70.1843 1.30512 -13 1058 1 0 1
15.4459 -11.4244 225.556 3.50241 -2.91093 46.4287 0.300966 -13 1059 1 0 1
24.086 -12.0092 225.556 6.88544 -3.9583 66.3132 0.487018 -13 1060 1 0 1
-8.36613 29.091 225.556 -1.30335 7.33049 47.8684 0.789107 -13 1061 1 0 1
-4.03415 5.47014 225.556 -0.467672 1.34194 42.1006 1.88493 -13 1062 1 0 1
-24.4595 25.0202 225.556 -7.55483 8.78643 68.2807 1.14622 -13 1063 1 0 1
62.5008 17.4556 225.556 18.4896 6.19776 69.9116 0.956867 -13 1064 1 0 1
5.55856 -5.19933 225.556 1.25396 -1.21573 70.4467 3.16677 -13 1066 1 0 1
-11.3586 39.2076 225.556 -3.84018 13.6055 68.9943 1.41193 -13 1067 1 0 1
-52.778 -4.4573 225.556 -8.39549 -0.748807 39.6448 1.48421 -13 1068 1 0 1
-24.3915 -12.4366 225.556 -6.16346 -3.13541 58.6849 0.70204 -13 1069 1 0 1
1.12567 -28.1593 225.556 0.626374 -7.41679 52.7844 2.05056 -13 1070 1 0 1
37.6983 8.41852 225.556 10.9488 2.22691 68.3091 3.30268 -13 1071 1 0 1
-7.20827 81.2697 225.556 -1.0081 20 49.402 1.43866 -13 1072 1 0 1
9.68524 14.56 225.556 2.52582 5.26884 73.0245 1.07057 -13 1073 1 0 1
14.9077 9.20775 225.556 4.35269 3.59378 72.5555 2.35766 -13 1074 1 0 1
-30.6835 -7.18164 225.556 -7.98239 -1.45874 59.9914 1.26898 -13 1075 1 0 1
43.9524 20.8331 225.556 10.9117 5.90435 55.7015 1.08002 -13 1076 1 0 1
-66.565 -4.21604 225.556 -15.4627 -1.20013 53.5438 0.946627 -13 1077 1 0 1
-24.6477 18.7704 225.556 -6.42499 5.34097 61.2185 0.358815 -13 1078 1 0 1
25.0141 13.0511 225.556 7.09197 4.61149 67.576 1.96178 -13 1079 1 0 1
-18.8944 34.203 225.556 -7.8352 12.8942 78.7951 1.24733 -13 1080 1 0 1
57.5441 -22.5236 225.556 15.4283 -6.99453 62.0947 2.95082 -13 1081 1 0 1
-7.13434 1.33143 225.556 -1.94365 -0.138285 63.549 1.81564 -13 1082 1 0 1
-12.2616 29.869 225.556 -1.19913 5.34768 33.8274 0.97018 -13 1083 1 0 1
0.552075 5.4709 225.556 -0.15953 1.84596 71.4929 0.912606 -13 1084 1 0 1
24.089 39.1584 225.556 6.38018 10.9706 61.268 1.12633 -13 1085 1 0 1
21.521 8.73661 225.556 5.62378 2.60491 58.6781 1.50094 -13 1086 1 0 1
-4.201 -7.14623 225.556 -2.20193 -3.43242 76.396 1.9863 -13 1087 1 0 1
13.2967 49.8675 225.556 3.55989 14.4821 57.8208 2.23513 -13 1088 1 0 1
51.5503 43.8637 225.556 15.7953 15.5734 73.4763 0.477988 -13 1089 1 0 1
7.59686 25.9271 225.556 2.14496 7.84012 65.7733 1.92967 -13 1090 1 0 1
-80.0458 -5.2334 225.556 -19.8213 -1.10966 57.4776 -0.455723 -13 1091 1 0 1
-37.5006 14.5641 225.556 -11.9414 4.3107 70.0317 -0.474519 -13 1092 1 0 1
7.64533 -25.2928 225.556 1.48579 -9.84055 78.9737 0.534957 -13 1093 1 0 1
53.5695 -41.814 225.556 9.71386 -8.94397 41.2919 0.773525 -13 1094 1 0 1
20.4337 18.6086 225.556 5.87995 6.26754 65.5361 1.57954 -13 1095 1 0 1
-26.468 28.1246 225.556 -6.14262 7.03377 55.196 1.16424 -13 1096 1 0 1
16.0449 -1.57948 225.556 4.22146 -0.788271 58.1515 1.7178 -13 1097 1 0 1
-23.8391 -7.94034 225.556 -7.49615 -1.91738 68.7273 1.90907 -13 1098 1 0 1
-10.8775 -31.3354 225.556 -2.28857 -8.57014 55.4265 -0.36432 -13 1099 1 0 1
-26.5651 -19.7188 225.556 -8.5434 -7.01676 69.1963 0.970811 -13 1100 1 0 1
25.4594 32.1738 225.556 5.43326 7.63117 45.5251 3.65904 -13 1101 1 0 1
-11.6928 26.7953 225.556 -2.55121 6.78361 57.099 1.08816 -13 1102 1 0 1
14.2576 -37.6489 225.556 4.09587 -12.739 67.9526 0.982423 -13 1103 1 0 1
-12.4532 27.5391 225.556 -4.81047 10.0828 74.412 0.940303 -13 1104 1 0 1
24.0539 -31.009 225.556 6.79461 -10.0058 62.8127 -0.35057 -13 1105 1 0 1
-54.5751 -22.2883 225.556 -16.0984 -6.91457 66.144 2.9226 -13 1106 1 0 1
29.9988 41.8849 225.556 6.6322 10.6979 49.7787 3.87521 -13 1107 1 0 1
12.2369 -43.7702 225.556 3.3374 -13.9231 63.4034 3.90344 -13 1108 1 0 1
-1.13064 -5.13372 225.556 -0.640299 -2.07416 67.5856 3.91687 -13 1109 1 0 1
14.3734 61.4105 225.556 3.04086 12.7848 41.1607 4.47273 -13 1110 1 0 1
-3.4069 18.903 225.556 -0.841442 5.05405 62.8787 2.97945 -13 1111 1 0 1
-18.9062 26.6329 225.556 -4.72397 7.63704 59.366 2.3719 -13 1112 1 0 1
10.9024 -12.6408 225.556 2.88852 -4.59828 76.402 1.66205 -13 1113 1 0 1
-42.7331 -21.8435 225.556 -9.54558 -6.09669 52.7302 4.53686 -13 1114 1 0 1
29.4361 67.8737 225.556 7.60516 20.0377 58.5259 1.94767 -13 1115 1 0 1
14.8191 39.7884 225.556 4.11632 14.2575 69.289 2.19958 -13 1116 1 0 1
10.481 19.3232 225.556 3.00446 6.74255 74.2374 -0.270871 -13 1117 1 0 1
-5.33303 -26.1248 225.556 -1.08308 -7.85838 56.7467 0.716824 -13 1118 1 0 1
26.9295 27.5711 225.556 7.32336 8.03186 61.6194 -0.755188 -13 1119 1 0 1
-3.66325 -1.97725 225.556 -1.39802 -0.93546 70.5733 0.502843 -13 1120 1 0 1
0.362291 -47.9907 225.556 0.229221 -13.3682 58.2545 -0.00184418 -13 1121 1 0 1
0.698378 3.67262 225.556 -0.539462 1.49585 77.682 1.50537 -13 1122 1 0 1
-29.5729 16.594 225.556 -8.61602 4.9787 65.5937 4.66518 -13 1123 1 0 1
16.2214 8.98495 225.556 4.4271 2.30078 63.7851 2.40547 -13 1124 1 0 1
-12.9109 24.205 225.556 -3.38221 8.1441 60.6035 2.27255 -13 1125 1 0 1
47.3961 1.91636 225.556 10.8339 0.751848 52.3823 0.144868 -13 1126 1 0 1
9.66227 33.7994 225.556 2.62815 9.93305 56.0926 1.69674 -13 1127 1 0 1
16.3442 -9.70575 225.556 4.18095 -1.85178 53.3681 1.03718 -13 1128 1 0 1
-13.0213 -21.0669 225.556 -4.56775 -8.11108 71.3954 1.1582 -13 1129 1 0 1
36.2335 39.2871 225.556 6.92114 8.39051 42.9479 3.0013 -13 1130 1 0 1
-11.3268 -8.66891 225.556 -3.22402 -3.56356 63.6549 1.93638 -13 1131 1 0 1
36.654 17.652 225.556 6.96493 3.50299 41.2068 1.24323 -13 1132 1 0 1
-14.4142 -6.59563 225.556 -4.75326 -3.35877 70.7339 -0.74189 -13 1133 1 0 1
-2.83423 -8.35827 225.556 -1.50814 -3.43066 73.8791 0.874842 -13 1134 1 0 1
20.6254 3.47548 225.556 5.79114 0.217965 68.3925 1.62958 -13 1135 1 0 1
38.6858 -34.3649 225.556 8.72405 -8.40689 49.0811 2.13895 -13 1136 1 0 1
7.14392 -36.1918 225.556 1.67695 -6.97731 41.2815 3.29088 -13 1137 1 0 1
-42.8043 -4.42838 225.556 -14.8822 -1.40806 74.6214 0.22218 -13 1138 1 0 1
15.3389 -11.473 225.556 4.1646 -3.4819 62.4264 2.0106 -13 1139 1 0 1
39.7668 30.2096 225.556 11.3171 9.07156 65.3723 1.30842 -13 1140 1 0 1
-59.3689 -41.1551 225.556 -21.3089 -15.1863 76.7775 0.0987717 -13 1141 1 0 1
22.0405 38.0692 225.556 4.28479 8.05446 41.8366 1.74539 -13 1142 1 0 1
4.14561 3.14198 225.556 1.29392 1.02234 60.7019 1.54945 -13 1143 1 0 1
-9.31703 20.0017 225.556 -2.1321 6.00731 57.8762 3.46386 -13 1144 1 0 1
37.198 -10.442 225.556 6.89001 -2.77181 41.7911 0.771227 -13 1145 1 0 1
34.0454 -37.9696 225.556 7.59681 -8.9639 49.4565 3.20248 -13 1146 1 0 1
12.3257 4.42539 225.556 3.12043 1.18838 52.6373 2.51462 -13 1147 1 0 1
-14.549 -16.7965 225.556 -4.33421 -5.54421 65.8998 0.751979 -13 1148 1 0 1
17.4737 5.44319 225.556 5.11356 2.29904 70.2706 3.43044 -13 1149 1 0 1
32.0873 -74.4062 225.556 8.68278 -24.0535 64.1987 1.37371 -13 1150 1 0 1
-15.8991 -18.31 225.556 -3.02056 -4.91334 51.2298 2.47471 -13 1151 1 0 1
-14.538 -6.84892 225.556 -4.18128 -1.97334 64.0062 1.9822 -13 1152 1 0 1
39.0438 34.655 225.556 9.8517 9.5101 57.1785 0.726111 -13 1153 1 0 1
25.0846 -16.6199 225.556 6.45264 -4.50825 57.9488 1.02244 -13 1155 1 0 1
35.7275 -5.07354 225.556 9.52446 -0.76694 60.8593 2.22549 -13 1156 1 0 1
-20.7774 -50.4111 225.556 -4.39078 -13.0054 51.6241 0.818233 -13 1157 1 0 1
31.1811 -6.91939 225.556 6.3764 -1.65198 46.075 1.62496 -13 1158 1 0 1
-13.0189 -14.9356 225.556 -3.60592 -4.31822 62.4518 0.950369 -13 1159 1 0 1
-31.573 19.5206 225.556 -10.5237 6.86909 71.8436 1.07179 -13 1160 1 0 1
-1.55932 10.7634 225.556 -0.47355 3.21902 63.3086 1.85434 -13 1161 1 0 1
13.2603 -29.56 225.556 3.61705 -8.90754 64.5083 2.23702 -13 1162 1 0 1
-20.6025 -20.6935 225.556 -5.5871 -6.38799 62.3276 2.13057 -13 1163 1 0 1
29.9341 -6.79867 225.556 8.33824 -1.49873 63.2914 1.2859 -13 1164 1 0 1
7.94875 -7.22343 225.556 2.23049 -2.02293 59.8045 0.734313 -13 1166 1 0 1
9.06012 19.3071 225.556 2.41835 6.80552 70.9857 2.81287 -13 1167 1 0 1
7.89057 17.128 225.556 2.32212 5.38393 59.2591 0.359427 -13 1168 1 0 1
-9.42193 -6.87028 225.556 -2.82418 -2.19891 64.8619 1.79256 -13 1169 1 0 1
68.8742 -22.7202 225.556 16.8267 -6.43831 55.9716 2.40905 -13 1170 1 0 1
43.6814 -7.31615 225.556 9.3603 -1.70068 47.7581 2.19345 -13 1171 1 0 1
-5.91376 -57.8471 225.556 -0.912041 -14.8649 50.3566 0.285705 -13 1172 1 0 1
-23.5829 0.924113 225.556 -7.78276 -0.35507 69.8912 -0.593536 -13 1173 1 0 1
19.4492 48.1074 225.556 5.09672 14.0219 59.1672 1.65708 -13 1174 1 0 1
6.30862 -3.70406 225.556 1.44954 -1.74534 74.5146 1.1953 -13 1175 1 0 1
9.00036 6.47975 225.556 2.25534 1.8957 74.2496 2.71797 -13 1176 1 0 1
55.0058 1.32443 225.556 16.1791 0.499416 69.7463 2.54848 -13 1177 1 0 1
9.15559 3.77053 225.556 2.36762 0.884921 75.6999 5.41347 -13 1178 1 0 1
-6.2142 -40.2705 225.556 -1.43477 -10.9454 58.3904 0.391456 -13 1179 1 0 1
29.5587 -15.8334 225.556 7.54992 -4.30592 57.2754 1.50317 -13 1180 1 0 1
66.6046 7.98321 225.556 18.662 2.11595 65.2595 3.37542 -13 1181 1 0 1
20.5718 -13.7255 225.556 5.51924 -3.45636 61.2502 1.22014 -13 1182 1 0 1
5.44138 3.36269 225.556 1.50195 0.264648 56.8524 1.82405 -13 1183 1 0 1
20.1247 -13.8953 225.556 5.37936 -3.5921 60.3725 2.13032 -13 1184 1 0 1
128.159 -39.6531 225.556 29.88 -11.2206 54.5931 1.09419 -13 1185 1 0 1
27.5047 -9.47469 225.556 7.50425 -3.31906 60.7976 1.90825 -13 1186 1 0 1
-8.99391 5.97278 225.556 -3.89208 2.25694 76.1958 0.872262 -13 1187 1 0 1
1.09048 20.1431 225.556 -0.282636 7.05782 74.6978 -1.05349 -13 1188 1 0 1
-14.3991 -11.7857 225.556 -3.98809 -3.72239 63.9206 1.74025 -13 1189 1 0 1
6.65432 -33.7725 225.556 1.85223 -9.3163 55.5189 0.0191942 -13 1190 1 0 1
-27.3771 -1.44593 225.556 -6.26355 0.348387 54.4567 1.18122 -13 1191 1 0 1
-5.43559 2.57197 225.556 -1.16264 0.544186 57.8483 0.756108 -13 1192 1 0 1
16.2656 -9.38538 225.556 4.11849 -2.59607 54.0755 0.900684 -13 1193 1 0 1
-3.25633 2.34158 225.556 -1.74656 1.66746 74.3909 1.6366 -13 1194 1 0 1
43.1686 5.38209 225.556 12.2216 2.15673 65.8939 2.30101 -13 1195 1 0 1
16.9921 0.467607 225.556 4.7807 -0.219564 70.0656 1.38715 -13 1196 1 0 1
36.4797 10.9078 225.556 9.58274 3.08004 60.0516 0.0768578 -13 1197 1 0 1
18.9105 -40.6168 225.556 5.29475 -15.9986 78.7018 1.89678 -13 1198 1 0 1
-14.4351 -35.228 225.556 -4.30274 -11.7621 64.9877 0.319618 -13 1199 1 0 1
-35.3991 16.8847 225.556 -10.0672 6.18828 64.8288 1.13553 -13 1200 1 0 1
25.3733 0.815291 225.556 6.64623 0.402054 60.5417 0.626619 -13 1201 1 0 1
2.2876 -13.8822 225.556 0.805429 -3.54892 45.0417 -1.2112 -13 1202 1 0 1
-28.1339 22.6095 225.556 -8.92139 8.09014 69.3 -1.07783 -13 1203 1 0 1
16.7368 8.05767 225.556 4.57856 2.5274 61.7932 2.80088 -13 1204 1 0 1
-13.4867 -48.6386 225.556 -5.4766 -18.9041 75.6811 1.55514 -13 1205 1 0 1
1.14639 -5.95366 225.556 0.438019 -1.28085 60.0346 0.198252 -13 1206 1 0 1
-21.8116 -20.3759 225.556 -2.76057 -3.34871 33.2971 3.68433 -13 1207 1 0 1
61.5574 -31.1298 225.556 15.7013 -8.90443 59.1304 2.17959 -13 1208 1 0 1
-21.4334 16.9501 225.556 -9.20603 6.08509 78.4177 -0.628115 -13 1209 1 0 1
-60.6449 -12.6689 225.556 -17.1779 -3.63593 64.2988 2.7086 -13 1210 1 0 1
15.2655 -5.18083 225.556 3.93625 -1.10129 79.4297 0.758887 -13 1211 1 0 1
-15.402 -2.39532 225.556 -5.15254 -0.35743 70.5011 -0.354172 -13 1212 1 0 1
-36.309 38.74 225.556 -7.17635 9.79118 48.3682 -0.371857 -13 1213 1 0 1
-5.07412 16.844 225.556 -2.5732 6.80778 77.2194 2.41268 -13 1214 1 0 1
-5.32147 -7.75283 225.556 -2.2166 -2.46365 72.0998 1.3814 -13 1215 1 0 1
11.6999 15.8086 225.556 3.09376 4.92999 58.6284 -0.0754162 -13 1216 1 0 1
65.8183 21.7083 225.556 17.8008 6.75293 62.1805 3.3351 -13 1217 1 0 1
0.108227 82.409 225.556 -0.115359 25.0024 61.9419 1.16179 -13 1218 1 0 1
43.763 -3.02495 225.556 11.3209 -1.31768 59.4955 2.71504 -13 1219 1 0 1
-37.6189 -47.8854 225.556 -12.577 -17.5003 71.4804 2.95457 -13 1220 1 0 1
-47.1834 10.021 225.556 -10.2534 2.13537 51.7996 0.00761837 -13 1221 1 0 1
-21.0313 19.6166 225.556 -4.11995 4.09526 48.6247 0.513074 -13 1222 1 0 1
14.759 -58.0447 225.556 3.86341 -17.0323 59.4382 3.22143 -13 1223 1 0 1
-25.9499 -30.4403 225.556 -7.5503 -10.0127 65.0677 2.25151 -13 1224 1 0 1
-22.0685 17.1147 225.556 -8.84592 7.56239 78.6272 2.30092 -13 1225 1 0 1
-9.15093 -17.9972 225.556 -3.43793 -5.53834 71.5251 -0.112534 -13 1226 1 0 1
31.925 11.455 225.556 7.31751 3.28136 49.4912 3.65557 -13 1228 1 0 1
4.39351 -31.5129 225.556 1.11463 -10.367 68.7565 -1.17877 -13 1229 1 0 1
-16.3046 14.8556 225.556 -7.09243 5.88317 79.8357 0.0691757 -13 1230 1 0 1
1.01341 -20.2578 225.556 0.592676 -5.88024 56.4198 -1.00985 -13 1231 1 0 1
23.4559 23.9842 225.556 5.47965 6.64052 53.5303 0.598662 -13 1232 1 0 1
-12.9039 -20.8228 225.556 -2.59933 -5.55818 52.7975 2.07379 -13 1233 1 0 1
-24.1918 -64.3239 225.556 -4.7144 -15.9915 48.1876 0.431554 -13 1234 1 0 1
-7.86356 -0.92202 225.556 -2.31357 -1.17142 65.0653 2.80619 -13 1235 1 0 1
-18.9561 -12.0133 225.556 -5.61969 -3.74321 66.0438 0.77029 -13 1236 1 0 1
5.9388 20.6736 225.556 1.84423 6.70915 58.8322 2.01066 -13 1237 1 0 1
32.511 -5.64183 225.556 9.94857 -1.64164 73.9949 1.25717 -13 1238 1 0 1
3.97939 37.4341 225.556 0.943561 11.939 62.8809 2.99242 -13 1239 1 0 1
-26.5502 -17.1421 225.556 -8.18104 -5.61101 67.8725 2.93757 -13 1240 1 0 1
-13.2908 -16.8812 225.556 -4.84764 -6.56536 73.039 -1.95198 -13 1241 1 0 1
6.56452 8.55052 225.556 1.86134 2.94371 64.9945 2.28083 -13 1242 1 0 1
-2.36883 -26.533 225.556 -0.549492 -7.61899 61.1991 2.03999 -13 1243 1 0 1
30.1007 19.4319 225.556 8.81958 7.21128 71.8159 0.449091 -13 1244 1 0 1
-0.435589 -27.5787 225.556 0.0243342 -8.7094 63.8369 2.67576 -13 1245 1 0 1
-33.6685 -46.3402 225.556 -5.05554 -9.01632 39.4151 1.87875 -13 1246 1 0 1
-22.1023 22.3938 225.556 -7.18133 7.6691 69.7321 0.734709 -13 1247 1 0 1
-12.9192 54.5936 225.556 -3.34541 15.6354 59.0466 1.04128 -13 1248 1 0 1
-24.8368 22.9028 225.556 -7.04721 7.67173 63.9416 1.43599 -13 1249 1 0 1
8.47227 -42.1687 225.556 2.37898 -12.2224 58.5714 1.89822 -13 1250 1 0 1
90.3468 -33.9328 225.556 22.4688 -10.0118 57.9514 0.935359 -13 1251 1 0 1
23.2844 12.2633 225.556 6.31712 3.6256 60.0985 1.72985 -13 1252 1 0 1
-22.6325 -10.0916 225.556 -6.18867 -3.40139 63.1348 2.52513 -13 1253 1 0 1
2.48903 1.53693 225.556 0.371353 0.697843 71.2838 0.559848 -13 1254 1 0 1
38.2656 34.1746 225.556 8.67592 8.58075 49.8263 3.07266 -13 1255 1 0 1
34.1583 37.8228 225.556 9.60355 11.833 63.6974 3.54561 -13 1256 1 0 1
18.4035 29.0641 225.556 5.14121 8.24091 63.6358 1.83135 -13 1257 1 0 1
3.38778 -21.5779 225.556 1.26928 -5.62177 50.7408 2.83065 -13 1258 1 0 1
56.2876 32.2152 225.556 12.0059 7.58848 48.4173 1.83427 -13 1259 1 0 1
-51.8991 36.4644 225.556 -10.8282 9.21683 49.7457 -0.661803 -13 1260 1 0 1
26.1537 -6.14041 225.556 6.86625 -1.30531 61.0476 1.2908 -13 1261 1 0 1
-54.317 30.29 225.556 -15.7181 9.87313 64.8801 0.253389 -13 1262 1 0 1
65.7858 43.4458 225.556 13.9595 11.0024 48.6807 1.94697 -13 1263 1 0 1
20.914 29.7028 225.556 5.71122 8.91133 61.1061 1.65376 -13 1264 1 0 1
-49.717 7.53755 225.556 -13.8246 2.28389 63.2658 1.27038 -13 1265 1 0 1
-23.98 1.24596 225.556 -7.89915 0.808427 71.5375 2.79528 -13 1266 1 0 1
25.6901 -47.1934 225.556 4.95185 -9.81207 41.3901 1.55131 -13 1267 1 0 1
-3.59638 -10.0188 225.556 -0.738268 -3.16658 61.8783 3.72828 -13 1268 1 0 1
-43.1635 7.15916 225.556 -13.6802 2.33721 69.5428 0.536036 -13 1269 1 0 1
-14.7739 -20.8524 225.556 -5.14331 -8.196 71.2881 1.91638 -13 1270 1 0 1
-33.6924 -20.047 225.556 -9.31279 -6.50747 63.5474 -0.0581573 -13 1271 1 0 1
27.0396 35.342 225.556 6.40347 8.87472 51.9976 2.47206 -13 1272 1 0 1
13.4196 -27.4468 225.556 3.63017 -8.00341 56.7894 0.506639 -13 1273 1 0 1
-9.19911 41.1585 225.556 -3.52729 14.7466 71.2337 1.50739 -13 1274 1 0 1
-20.905 -26.9644 225.556 -4.71431 -7.10983 54.1684 1.36043 -13 1275 1 0 1
64.1621 37.375 225.556 12.8081 8.87264 45.4115 2.64325 -13 1276 1 0 1
-1.67212 6.81315 225.556 -0.267899 2.79892 59.4508 2.20766 -13 1277 1 0 1
7.7348 -33.3629 225.556 1.94928 -8.28681 47.5173 0.711895 -13 1278 1 0 1
-0.0149616 19.9303 225.556 -0.00970527 5.53926 63.6555 1.91274 -13 1279 1 0 1
2.77618 13.704 225.556 0.509257 5.91227 69.93 2.03608 -13 1280 1 0 1
16.3891 37.5275 225.556 4.05847 9.0491 50.9595 1.21028 -13 1281 1 0 1
14.7466 -1.11628 225.556 4.11566 0.288361 73.9341 0.356382 -13 1282 1 0 1
-45.4079 -16.2787 225.556 -12.3291 -5.17624 61.6358 2.22637 -13 1283 1 0 1
34.368 -13.5408 225.556 8.34467 -3.15698 54.2993 0.35468 -13 1284 1 0 1
-2.35034 -34.5248 225.556 -0.998829 -11.2697 67.4809 1.89377 -13 1285 1 0 1
-27.2076 -8.60738 225.556 -7.48806 -2.0651 64.0209 0.210932 -13 1286 1 0 1
0.335675 2.25064 225.556 0.459178 0.493803 57.775 -0.35156 -13 1287 1 0 1
31.9975 6.11139 225.556 7.36364 1.55085 50.4489 1.46289 -13 1288 1 0 1
23.2255 -5.78745 225.556 6.20899 -1.14184 59.1534 -0.331911 -13 1289 1 0 1
-36.2339 8.35424 225.556 -11.9316 1.58588 71.6521 1.8646 -13 1290 1 0 1
27.9614 15.0274 225.556 7.8388 5.24917 64.2447 -0.394342 -13 1291 1 0 1
-15.9583 -40.0662 225.556 -3.44613 -10.2618 53.621 2.24871 -13 1292 1 0 1
5.75795 -16.7143 225.556 0.513275 -1.55673 13.9305 4.24963 -13 1293 1 0 1
8.53565 7.92313 225.556 2.36488 3.1894 64.7081 1.3109 -13 1294 1 0 1
22.6963 22.7551 225.556 4.39667 4.70262 42.2442 1.20011 -13 1295 1 0 1
-3.21271 -23.8426 225.556 -1.93661 -10.0233 75.4841 2.36022 -13 1296 1 0 1
0.438032 34.5629 225.556 0.314469 9.69358 56.811 0.492959 -13 1297 1 0 1
-4.75672 19.0636 225.556 -1.06174 5.26872 57.6487 1.68769 -13 1298 1 0 1
22.6314 -2.49666 225.556 3.39397 -0.666958 32.7755 0.72777 -13 1299 1 0 1
41.8217 25.5391 225.556 12.7616 9.80636 72.7215 1.43778 -13 1300 1 0 1
23.8099 18.5785 225.556 7.10167 7.27184 78.3495 1.41767 -13 1301 1 0 1
-7.66574 -16.3047 225.556 -1.55014 -4.95788 54.7951 2.28163 -13 1302 1 0 1
-9.30968 -18.2693 225.556 -2.37082 -5.11484 60.7286 1.63305 -13 1303 1 0 1
-15.4553 42.3393 225.556 -2.84206 10.9712 49.756 2.04377 -13 1304 1 0 1
2.41373 -10.7233 225.556 0.165601 -4.43854 73.1565 0.931821 -13 1305 1 0 1
27.4614 -8.93451 225.556 6.7184 -2.91966 53.0546 1.39605 -13 1306 1 0 1
11.6092 40.8116 225.556 2.71976 9.51807 47.7942 1.1292 -13 1308 1 0 1
-4.86225 -8.74781 225.556 -2.28631 -3.36796 73.5656 -0.506618 -13 1309 1 0 1
-23.3616 -34.4173 225.556 -9.30984 -13.7219 78.2357 -0.677166 -13 1310 1 0 1
-8.81669 51.9002 225.556 -3.47269 19.0658 72.5157 2.59556 -13 1311 1 0 1
-6.59384 -24.714 225.556 -2.32145 -8.68289 68.767 0.124192 -13 1313 1 0 1
-15.2379 -12.7911 225.556 -2.7961 -3.02532 47.1612 2.84832 -13 1314 1 0 1
7.12231 -35.0237 225.556 1.95152 -10.5107 57.1927 1.78447 -13 1315 1 0 1
-8.65348 -30.3783 225.556 -3.00395 -9.62731 69.2745 0.753679 -13 1316 1 0 1
-7.76943 8.76874 225.556 -2.88415 3.59844 73.0352 0.583424 -13 1317 1 0 1
-12.9509 4.37257 225.556 -1.90032 0.488277 41.3916 0.883696 -13 1318 1 0 1
-6.50046 -61.3551 225.556 -1.84416 -19.8146 63.7538 3.0185 -13 1319 1 0 1
0.379458 -39.422 225.556 0.47567 -9.44911 47.6767 2.64507 -13 1320 1 0 1
8.78435 -44.2749 225.556 2.05102 -10.63 47.2983 0.536938 -13 1321 1 0 1
25.7377 13.5226 225.556 6.87494 3.57747 57.9061 2.92602 -13 1322 1 0 1
2.81244 14.72 225.556 0.403922 5.12822 74.7577 0.587468 -13 1323 1 0 1
12.37 39.312 225.556 3.41715 12.1166 63.3669 2.10059 -13 1324 1 0 1
-7.45596 -51.1726 225.556 -2.43034 -17.1508 67.1685 3.53366 -13 1325 1 0 1
-22.1743 14.0608 225.556 -7.19632 4.21015 69.5976 -1.39437 -13 1326 1 0 1
7.94893 8.42205 225.556 2.16055 2.00855 60.438 1.10466 -13 1327 1 0 1
21.4324 -34.3478 225.556 6.02727 -11.3535 66.7208 0.9975 -13 1328 1 0 1
-11.6093 -12.8504 225.556 -2.16286 -3.47598 52.2923 0.714904 -13 1329 1 0 1
15.9653 -7.62909 225.556 4.28747 -2.89386 61.9917 4.00276 -13 1330 1 0 1
9.40806 -1.41059 225.556 2.56707 -0.753998 72.1612 0.588925 -13 1331 1 0 1
-32.8745 -41.4463 225.556 -6.79884 -10.2775 50.1468 1.66574 -13 1332 1 0 1
3.40902 22.2689 225.556 0.909839 7.67617 66.4352 3.5373 -13 1333 1 0 1
-9.33212 7.2942 225.556 -2.82777 2.46753 64.8683 -0.137299 -13 1334 1 0 1
18.5031 -27.4688 225.556 4.61111 -6.49291 51.9053 0.0130526 -13 1335 1 0 1
-14.7704 -14.7701 225.556 -2.95325 -3.18013 50.5666 1.22789 -13 1336 1 0 1
26.9933 -15.4582 225.556 7.92767 -5.77825 73.0984 0.617735 -13 1338 1 0 1
-4.24117 39.291 225.556 -0.935836 11.6229 59.6642 1.88174 -13 1339 1 0 1
-19.3353 37.1833 225.556 -6.97615 14.1385 74.1457 0.820906 -13 1340 1 0 1
-30.5385 -32.9926 225.556 -9.0051 -11.0291 65.5294 1.57917 -13 1341 1 0 1
-6.81855 26.1597 225.556 -1.31885 7.21877 53.357 1.88932 -13 1342 1 0 1
37.4849 23.0474 225.556 8.55472 6.07646 51.1269 -0.291704 -13 1343 1 0 1
-3.38173 -1.16887 225.556 -2.23954 -0.552398 78.7996 1.89345 -13 1344 1 0 1
55.9238 1.26741 225.556 13.7557 0.717497 56.3136 1.83936 -13 1345 1 0 1
7.19047 24.1742 225.556 2.11434 6.3605 53.9464 2.82898 -13 1346 1 0 1
-7.85394 -18.1444 225.556 -1.9194 -6.12601 60.7598 1.91638 -13 1347 1 0 1
-19.924 4.34927 225.556 -7.7443 2.24525 77.3484 2.34073 -13 1348 1 0 1
-24.0642 -17.1011 225.556 -9.16304 -6.97818 77.0825 0.0942363 -13 1349 1 0 1
4.04464 69.8293 225.556 0.306343 26.1926 76.323 0.592816 -13 1350 1 0 1
32.9973 -127.733 225.556 2.48574 -13.4573 18.3787 6.32321 -13 1351 1 0 1
-6.25687 -44.5523 225.556 -2.16693 -14.844 68.1941 2.18457 -13 1352 1 0 1
-35.3996 57.4007 225.556 -7.41641 14.0808 49.7456 1.17225 -13 1354 1 0 1
-13.5785 20.3837 225.556 -3.80265 6.48664 65.0232 2.23221 -13 1355 1 0 1
5.13887 13.2205 225.556 1.32328 4.41016 68.0088 1.64284 -13 1356 1 0 1
4.49673 -24.8711 225.556 1.24568 -7.79041 64.9378 1.06845 -13 1357 1 0 1
20.4219 -6.32343 225.556 4.85409 -1.64637 48.9894 -0.453665 -13 1358 1 0 1
27.3535 -9.4619 225.556 5.98051 -1.96134 47.3748 0.750997 -13 1359 1 0 1
25.3224 28.9352 225.556 7.53461 10.9283 77.6042 -0.419597 -13 1360 1 0 1
9.49281 -37.5722 225.556 2.59829 -11.6919 60.1129 1.43656 -13 1361 1 0 1
-3.65867 -34.3262 225.556 -0.774241 -10.0246 58.6179 3.31133 -13 1362 1 0 1
20.1347 -47.9362 225.556 5.58474 -15.7364 67.933 0.142219 -13 1363 1 0 1
-10.5163 8.40897 225.556 -3.01988 3.22322 65.6412 2.6102 -13 1364 1 0 1
-0.928271 1.74703 225.556 0.0239088 -0.0794342 61.3469 0.223184 -13 1365 1 0 1
-23.3598 -29.9574 225.556 -8.87165 -9.49058 77.4208 2.91772 -13 1367 1 0 1
-20.3519 11.834 225.556 -4.80768 3.36069 56.8578 1.71035 -13 1368 1 0 1
25.9352 -15.0268 225.556 7.81567 -5.47163 70.7105 1.13957 -13 1369 1 0 1
140.943 -14.2797 225.556 19.3 -2.74582 34.0845 2.40783 -13 1370 1 0 1
0.685384 44.609 225.556 0.0615724 14.6464 65.075 1.50643 -13 1371 1 0 1
-28.331 -27.1371 225.556 -10.187 -10.1521 75.1565 1.04423 -13 1372 1 0 1
7.68712 36.1255 225.556 2.17248 9.84975 58.179 1.41278 -13 1373 1 0 1
2.99604 -15.5267 225.556 0.53555 -5.34773 67.458 1.38962 -13 1374 1 0 1
1.4703 29.1495 225.556 0.266864 9.18986 63.8641 0.536352 -13 1375 1 0 1
-25.2499 -12.3854 225.556 -6.02384 -3.93804 56.7917 -0.276271 -13 1376 1 0 1
20.888 3.493 225.556 6.17518 1.6491 70.3361 2.10565 -13 1377 1 0 1
-11.8171 -15.3832 225.556 -3.2266 -5.32992 63.1009 2.87565 -13 1378 1 0 1
-15.8835 26.3148 225.556 -6.19252 9.35858 75.2888 -0.363105 -13 1379 1 0 1
-35.9595 14.5 225.556 -10.8406 4.49366 67.5197 1.01597 -13 1380 1 0 1
-33.005 -29.1219 225.556 -7.89532 -8.34873 57.123 2.86976 -13 1381 1 0 1
20.0511 2.75074 225.556 5.87583 1.22045 70.0363 0.640565 -13 1382 1 0 1
49.2493 10.5986 225.556 8.85482 1.67754 40.334 3.36709 -13 1383 1 0 1
5.86455 48.812 225.556 1.67321 12.957 52.5799 1.16419 -13 1384 1 0 1
12.7184 0.360317 225.556 3.51476 0.128662 62.6716 1.90686 -13 1385 1 0 1
27.6231 3.69994 225.556 6.99101 0.956308 55.8591 2.61186 -13 1386 1 0 1
-37.5208 -37.3012 225.556 -9.29845 -9.78265 57.2114 0.459673 -13 1387 1 0 1
-8.2952 -1.14466 225.556 -3.15553 -1.13641 73 2.77158 -13 1388 1 0 1
86.8694 9.29821 225.556 12.5097 1.2674 33.9829 2.15886 -13 1390 1 0 1
-36.4645 -7.2165 225.556 -7.26213 -1.70679 48.7637 2.79462 -13 1391 1 0 1
17.2457 -52.334 225.556 4.68571 -15.2638 58.9363 1.23084 -13 1392 1 0 1
5.55214 -10.6883 225.556 1.45291 -3.46704 65.9294 -0.266305 -13 1394 1 0 1
1.94452 4.1098 225.556 0.449108 1.82745 66.5689 1.21754 -13 1395 1 0 1
43.5293 -34.8109 225.556 12.6513 -12.084 69.0647 -0.723546 -13 1396 1 0 1
-2.41495 16.6894 225.556 -1.65212 5.66917 76.334 3.84063 -13 1397 1 0 1
-18.3741 -8.02924 225.556 -3.39147 -1.38746 46.6256 1.30263 -13 1398 1 0 1
39.2022 10.6278 225.556 7.4849 1.73995 42.8516 1.29035 -13 1399 1 0 1
32.8396 -46.8759 225.556 8.62601 -13.4026 59.9026 1.98775 -13 1400 1 0 1
-30.9695 -19.269 225.556 -7.66632 -5.38234 57.8917 1.63918 -13 1401 1 0 1
-53.7537 20.91 225.556 -10.3905 5.42792 46.7874 1.93592 -13 1402 1 0 1
30.8517 9.6765 225.556 7.50565 2.31438 52.1774 3.2614 -13 1403 1 0 1
2.48374 -27.1769 225.556 0.693417 -8.29115 62.539 0.29426 -13 1404 1 0 1
75.1756 3.59166 225.556 21.1068 1.1263 65.2807 2.44756 -13 1405 1 0 1
23.3119 13.0087 225.556 6.3738 4.47475 62.5522 4.52923 -13 1406 1 0 1
-5.82008 -7.94221 225.556 -1.25255 -2.35897 57.8207 3.07342 -13 1407 1 0 1
-6.78515 9.57024 225.556 -2.45006 3.41016 70.6727 1.63605 -13 1408 1 0 1
-48.3567 19.877 225.556 -11.0641 5.445 53.8979 0.876635 -13 1409 1 0 1
11.9274 -28.6869 225.556 3.23171 -7.72 54.0335 1.58597 -13 1410 1 0 1
-13.116 6.18758 225.556 -2.96511 1.55418 56.1958 0.37386 -13 1411 1 0 1
-83.4796 -27.17 225.556 -16.7788 -5.65246 47.7798 2.70425 -13 1412 1 0 1
-17.4256 17.338 225.556 -5.52439 4.88947 68.6073 0.3227 -13 1413 1 0 1
3.46733 -31.3177 225.556 1.24622 -9.08626 53.7239 3.3327 -13 1414 1 0 1
8.97405 -27.4406 225.556 2.40062 -8.48327 62.9339 3.54554 -13 1415 1 0 1
-23.1623 -20.8567 225.556 -7.07854 -7.54899 67.5909 2.30987 -13 1416 1 0 1
31.407 4.76035 225.556 9.43543 1.86442 72.1108 -1.03 -13 1417 1 0 1
7.96772 11.0217 225.556 1.52365 1.88505 34.2175 1.63119 -13 1419 1 0 1
-8.62799 -20.4661 225.556 -3.68389 -7.81406 76.5229 2.2289 -13 1420 1 0 1
12.1321 2.3835 225.556 3.1687 1.82869 79.3806 0.20994 -13 1422 1 0 1
-17.6623 0.0622612 225.556 -3.72773 0.489275 52.6217 1.28915 -13 1423 1 0 1
9.49283 8.45708 225.556 2.67581 2.81152 60.2795 -0.376543 -13 1424 1 0 1
14.0625 -17.4722 225.556 3.83902 -6.26537 68.7343 -0.0378382 -13 1425 1 0 1
19.0544 -17.8942 225.556 4.64612 -4.71604 54.0071 -0.367066 -13 1426 1 0 1
2.26663 25.0232 225.556 0.756152 6.00348 47.4512 4.32071 -13 1427 1 0 1
13.2418 -59.6422 225.556 3.52297 -19.9551 66.4442 4.02801 -13 1428 1 0 1
-34.5374 -4.9422 225.556 -12.2087 -2.01081 75.293 3.26273 -13 1429 1 0 1
15.6644 -13.7617 225.556 4.49559 -5.57961 72.1156 1.65488 -13 1430 1 0 1
-17.8644 -0.200432 225.556 -6.62366 -1.23742 74.5259 1.51139 -13 1431 1 0 1
21.3465 -8.55138 225.556 5.95282 -2.24751 63.615 2.98215 -13 1432 1 0 1
-39.1834 29.5372 225.556 -14.2092 11.4839 77.0059 0.269901 -13 1433 1 0 1
-39.4192 -58.7693 225.556 -4.6241 -9.42511 30.0007 4.46199 -13 1434 1 0 1
23.8158 25.8702 225.556 6.52887 8.00355 62.6996 3.22538 -13 1435 1 0 1
35.3885 -51.5777 225.556 9.28096 -15.497 60.0644 2.26746 -13 1436 1 0 1
2.82176 18.6913 225.556 0.783502 5.69748 62.3079 1.22735 -13 1437 1 0 1
-7.40925 12.2116 225.556 -1.98298 3.71885 61.876 1.55981 -13 1438 1 0 1
5.43976 -26.4108 225.556 1.45383 -8.27512 61.0905 -0.375769 -13 1440 1 0 1
-12.2494 15.2999 225.556 -4.6967 5.64343 74.0296 1.84716 -13 1441 1 0 1
3.65687 -7.78915 225.556 1.06308 -2.55604 62.8166 1.40299 -13 1442 1 0 1
14.5748 -14.1303 225.556 4.11112 -5.36914 70.5106 3.93482 -13 1443 1 0 1
-3.68633 -56.925 225.556 -0.669541 -15.2961 53.1724 2.46498 -13 1444 1 0 1
23.5289 -0.145504 225.556 6.36854 -0.504485 61.7181 0.936991 -13 1445 1 0 1
-36.8239 -17.0654 225.556 -13.8386 -5.83106 78.2582 3.06507 -13 1446 1 0 1
7.57241 11.3596 225.556 2.03976 3.42785 58.536 -0.300154 -13 1447 1 0 1
-0.116768 30.6484 225.556 -0.391521 10.2597 69.844 0.621 -13 1448 1 0 1
35.1305 8.76638 225.556 9.8128 2.61958 64.0636 0.134483 -13 1449 1 0 1
-4.53432 -1.67613 225.556 -2.03887 -0.268084 73.4429 0.0110285 -13 1450 1 0 1
24.213 44.8698 225.556 7.09954 16.6778 73.2858 0.957003 -13 1451 1 0 1
2.78694 -10.7654 225.556 0.425825 -3.35414 72.7456 -0.573932 -13 1452 1 0 1
17.3235 -7.20609 225.556 4.19294 -2.09038 53.6039 0.865612 -13 1453 1 0 1
81.6124 -55.4485 225.556 10.2672 -8.88728 30.6984 4.33637 -13 1454 1 0 1
54.0569 18.6589 225.556 13.4637 5.29486 57.5665 1.02767 -13 1455 1 0 1
-24.8394 -18.42 225.556 -9.22349 -7.11741 75.9328 1.39288 -13 1456 1 0 1
31.0026 -18.912 225.556 9.10212 -6.92399 69.4028 1.37824 -13 1457 1 0 1
19.486 -45.6961 225.556 5.16252 -13.2027 57.0608 3.41978 -13 1458 1 0 1
60.9394 74.354 225.556 5.84159 9.15666 23.9413 4.05982 -13 1459 1 0 1
-35.4611 -0.548267 225.556 -10.6589 -0.360984 66.8559 -0.329425 -13 1460 1 0 1
-59.2215 9.76226 225.556 -13.7784 2.1184 54.5199 2.87824 -13 1461 1 0 1
-19.5459 -5.13961 225.556 -5.47573 -1.02871 64.5332 0.846288 -13 1462 1 0 1
-25.5774 32.7471 225.556 -8.31334 11.2791 69.6812 3.37755 -13 1463 1 0 1
41.217 51.282 225.556 9.17381 13.0313 50.1469 2.09999 -13 1464 1 0 1
-15.6527 22.529 225.556 -5.5203 7.75138 71.9436 -0.481815 -13 1465 1 0 1
-20.3433 21.6824 225.556 -6.57019 7.36144 68.8919 0.178967 -13 1466 1 0 1
-33.9125 -47.2564 225.556 -11.3915 -17.2519 71.8254 0.862128 -13 1467 1 0 1
25.6755 -29.2322 225.556 7.50518 -10.8407 71.7225 0.589273 -13 1468 1 0 1
-25.4068 -4.69232 225.556 -6.36356 -1.44954 58.8521 0.118472 -13 1469 1 0 1
-27.3526 24.2703 225.556 -7.44368 7.19878 61.5938 1.37342 -13 1470 1 0 1
6.39396 43.4224 225.556 1.20114 15.6106 73.7138 1.43593 -13 1471 1 0 1
70.5083 -23.1762 225.556 14.2313 -5.39082 46.4187 1.69367 -13 1472 1 0 1
-44.3162 -12.0941 225.556 -13.3111 -3.93056 66.9646 2.0309 -13 1473 1 0 1
2.96764 16.7553 225.556 0.776269 5.88309 65.1333 1.16125 -13 1474 1 0 1
8.37287 18.9837 225.556 2.05689 5.87627 74.5645 1.14471 -13 1475 1 0 1
-34.7271 -44.1184 225.556 -11.3837 -15.3023 71.2428 0.846223 -13 1476 1 0 1
-12.8325 -28.8735 225.556 -3.24598 -9.50889 61.8622 1.75677 -13 1477 1 0 1
13.0481 -22.8958 225.556 3.63827 -7.82634 70.0126 1.00997 -13 1478 1 0 1
-25.9226 -22.5671 225.556 -7.96999 -7.8265 68.1367 0.195291 -13 1479 1 0 1
-35.6512 -19.1152 225.556 -11.1523 -6.68879 68.8642 1.51572 -13 1480 1 0 1
-11.5745 10.5612 225.556 -4.40723 4.48175 73.2719 0.565325 -13 1481 1 0 1
23.9649 7.24183 225.556 6.77745 1.52412 68.0045 2.47567 -13 1483 1 0 1
14.7637 -1.13523 225.556 4.21944 -0.438925 73.1082 1.91529 -13 1484 1 0 1
31.5545 20.2237 225.556 7.1961 5.28181 50.6833 1.62187 -13 1485 1 0 1
-9.03178 -13.1534 225.556 -2.4999 -4.68993 64.7219 1.60579 -13 1486 1 0 1
9.27645 -14.165 225.556 2.25572 -5.96262 74.0709 1.43992 -13 1487 1 0 1
-20.8458 3.6734 225.556 -6.49265 1.43316 67.9723 2.4166 -13 1488 1 0 1
-9.12476 54.7888 225.556 -2.23478 16.7694 59.3511 -0.867199 -13 1489 1 0 1
-12.071 28.2899 225.556 -4.26579 9.61574 72.1676 1.73284 -13 1490 1 0 1
-24.8943 23.8168 225.556 -7.28985 7.70996 65.3122 1.1535 -13 1491 1 0 1
-8.59701 -3.51698 225.556 -2.56284 -0.807313 66.0364 2.29572 -13 1492 1 0 1
-34.8195 -23.2228 225.556 -6.26059 -5.48755 44.8675 1.85274 -13 1493 1 0 1
-3.98074 -1.02453 225.556 -2.50948 -0.317202 79.6107 2.39582 -13 1494 1 0 1
-30.0032 -40.0362 225.556 -12.0549 -16.0052 78.1146 1.02081 -13 1495 1 0 1
-4.22981 -19.914 225.556 -0.734216 -5.69972 57.0481 1.7827 -13 1496 1 0 1
35.6861 12.3115 225.556 10.3148 3.23741 67.2168 0.828931 -13 1497 1 0 1
-19.097 -24.3333 225.556 -4.83609 -6.91378 59.379 5.22887 -13 1498 1 0 1
2.26064 -10.9601 225.556 0.878441 -3.22712 58.3415 4.39783 -13 1499 1 0 1
41.6927 77.9217 225.556 9.88023 20.8736 53.977 2.83927 -13 1500 1 0 1
5.61087 6.33492 225.556 1.53747 1.81097 63.4291 -0.734932 -13 1501 1 0 1
32.7767 -22.8574 225.556 8.25622 -6.19332 55.7838 -0.205785 -13 1502 1 0 1
15.9696 14.0538 225.556 4.56357 4.77929 74.1626 2.26556 -13 1504 1 0 1
-3.11675 8.68477 225.556 -1.3552 2.68536 71.1504 3.6566 -13 1505 1 0 1
-9.14419 -27.511 225.556 -2.59053 -8.46617 64.6548 -0.507759 -13 1506 1 0 1
19.7149 -0.682464 225.556 5.42549 0.123673 63.3794 0.36752 -13 1507 1 0 1
1.28639 -11.9235 225.556 0.571741 -4.0048 61.5296 1.96884 -13 1508 1 0 1
32.4383 3.4001 225.556 7.67252 0.695614 51.885 1.91267 -13 1509 1 0 1
-40.5214 -18.698 225.556 -15.149 -5.96404 78.128 1.10157 -13 1510 1 0 1
-20.6532 -51.9016 225.556 -5.48044 -15.3322 61.5519 0.871098 -13 1511 1 0 1
-45.1859 -50.6458 225.556 -14.7037 -17.1323 70.8907 1.65194 -13 1512 1 0 1
-12.1263 -17.7657 225.556 -5.28135 -5.94628 77.4788 1.57335 -13 1513 1 0 1
-55.5674 12.9687 225.556 -19.0205 4.53852 74.6135 -0.283808 -13 1514 1 0 1
24.1776 -25.3778 225.556 6.46579 -7.1678 60.525 1.98847 -13 1515 1 0 1
25.3343 18.831 225.556 7.44335 6.57271 69.1742 1.32994 -13 1516 1 0 1
15.4528 11.0866 225.556 3.99422 2.67416 54.565 2.05118 -13 1517 1 0 1
5.26506 67.88 225.556 1.53125 16.7382 50.7504 1.53272 -13 1518 1 0 1
7.24598 -30.9774 225.556 2.08739 -10.6316 63.028 -0.138335 -13 1519 1 0 1
19.3902 42.4555 225.556 5.32163 13.0693 63.0423 1.52989 -13 1520 1 0 1
30.8948 -3.39382 225.556 5.661 -0.293426 41.4923 0.422791 -13 1521 1 0 1
-13.4447 22.4314 225.556 -3.05631 6.24879 55.9314 3.65124 -13 1522 1 0 1
-17.0641 -37.9671 225.556 -5.26511 -12.5237 66.5301 0.632191 -13 1523 1 0 1
-26.6213 -36.4943 225.556 -5.11632 -9.46173 48.0693 0.693953 -13 1524 1 0 1
-11.7752 10.5848 225.556 -4.17709 4.57315 72.8268 1.95516 -13 1525 1 0 1
-34.8227 12.4918 225.556 -8.60932 3.33379 59.3287 0.92639 -13 1526 1 0 1
18.7586 -40.3249 225.556 5.10448 -11.4225 59.1705 1.80541 -13 1527 1 0 1
-43.3165 74.3339 225.556 -6.60767 15.0034 38.3685 1.38567 -13 1528 1 0 1
15.0089 -33.3088 225.556 3.34923 -6.82121 41.5364 2.26436 -13 1529 1 0 1
-18.3971 -13.2956 225.556 -5.46464 -4.16659 66.834 1.59025 -13 1530 1 0 1
27.3945 -24.703 225.556 7.46133 -7.21455 61.5658 -0.0353575 -13 1531 1 0 1
22.7016 17.575 225.556 6.26776 5.48032 63.5088 0.998494 -13 1532 1 0 1
-4.04856 -16.4144 225.556 -2.11334 -6.85696 75.3 1.36624 -13 1533 1 0 1
-5.77856 16.7953 225.556 -2.08166 4.89897 70.2283 1.646 -13 1534 1 0 1
-29.3958 34.5488 225.556 -10.0956 12.2954 72.7302 -0.256269 -13 1536 1 0 1
-34.261 0.991854 225.556 -10.9042 -0.112501 69.8645 2.25019 -13 1537 1 0 1
-0.0208115 -9.72689 225.556 -0.468886 -3.57527 69.9402 0.828783 -13 1538 1 0 1
-50.0136 6.00618 225.556 -13.9549 2.52531 63.8336 1.89675 -13 1539 1 0 1
-10.4828 49.6339 225.556 -4.19176 18.4896 73.4912 0.695158 -13 1540 1 0 1
-28.3439 8.26628 225.556 -8.27875 2.57753 66.0367 -0.303532 -13 1541 1 0 1
-5.56585 -44.2903 225.556 -2.25559 -14.1604 70.8041 -0.298955 -13 1542 1 0 1
-34.4659 -49.8493 225.556 -8.85976 -15.5737 59.4503 2.88909 -13 1543 1 0 1
-23.269 18.2688 225.556 -7.54683 6.16819 69.4951 1.96709 -13 1544 1 0 1
-4.72686 -11.3188 225.556 -1.46247 -3.42662 65.6993 1.04394 -13 1546 1 0 1
12.236 17.4606 225.556 3.24447 5.12067 58.6949 0.54258 -13 1547 1 0 1
-15.2507 44.531 225.556 -4.55966 14.3613 65.1777 3.25837 -13 1548 1 0 1
-20.9074 29.1069 225.556 -5.42792 8.88547 59.5531 3.34424 -13 1549 1 0 1
1.29545 42.8257 225.556 0.33167 13.4062 63.0044 3.0066 -13 1550 1 0 1
-2.92622 9.00254 225.556 -1.90154 3.87866 76.3517 2.42698 -13 1552 1 0 1
48.9367 -1.89024 225.556 9.62706 -0.70277 44.8593 2.29136 -13 1554 1 0 1
-16.8122 2.66983 225.556 -6.50255 0.616223 76.9425 0.533777 -13 1555 1 0 1
8.17313 -22.0492 225.556 2.1795 -6.08324 55.0171 2.43656 -13 1556 1 0 1
-2.50997 -40.2149 225.556 -1.67136 -15.1991 74.524 0.321825 -13 1557 1 0 1
-5.52501 -23.3621 225.556 -2.99273 -8.20079 78.049 1.32691 -13 1558 1 0 1
63.8408 25.796 225.556 11.3203 5.47126 39.8582 0.508795 -13 1559 1 0 1
-12.2071 4.14732 225.556 -5.08866 2.25616 77.4981 2.3352 -13 1560 1 0 1
18.1926 16.9561 225.556 5.22891 6.69685 71.2987 -0.502367 -13 1561 1 0 1
-51.2084 -20.1174 225.556 -9.98784 -4.55262 46.7667 2.87113 -13 1562 1 0 1
33.3078 4.78206 225.556 7.42638 1.11249 49.0065 3.43583 -13 1563 1 0 1
-16.0032 46.5207 225.556 -5.01051 15.8828 67.3074 3.59026 -13 1564 1 0 1
-20.7467 4.7797 225.556 -3.29981 1.07283 42.2839 1.99736 -13 1566 1 0 1
4.01529 -38.8429 225.556 1.1201 -12.2184 63.7907 0.639315 -13 1567 1 0 1
28.238 33.1492 225.556 5.17914 6.62665 40.3252 1.49192 -13 1568 1 0 1
-35.9341 23.4191 225.556 -12.2499 8.36514 73.2523 1.15733 -13 1569 1 0 1
27.4862 14.3531 225.556 7.07096 4.13784 56.2755 -0.0320691 -13 1570 1 0 1
-67.9089 -28.995 225.556 -17.0519 -8.5827 58.1019 0.840313 -13 1571 1 0 1
6.92173 18.823 225.556 1.89611 7.11471 66.4596 2.22104 -13 1572 1 0 1
-8.90338 -13.1897 225.556 -3.12667 -4.72348 69.9386 3.14506 -13 1573 1 0 1
44.8229 27.1521 225.556 10.399 6.88536 52.02 0.172844 -13 1574 1 0 1
1.30922 15.0458 225.556 -0.305461 4.56848 73.6194 1.39963 -13 1575 1 0 1
0.977569 -0.719299 225.556 0.10237 0.200038 64.2243 1.01421 -13 1576 1 0 1
-5.49768 11.4438 225.556 -1.63405 3.92692 64.3764 1.08209 -13 1577 1 0 1
-48.7995 16.2593 225.556 -14.1808 5.32264 65.3782 2.20742 -13 1578 1 0 1
26.0324 33.4226 225.556 6.95458 9.82846 60.3878 1.10892 -13 1579 1 0 1
2.97294 -14.735 225.556 0.580223 -5.4405 69.6043 1.20673 -13 1580 1 0 1
17.6725 4.45093 225.556 3.91054 0.797238 45.842 1.03432 -13 1581 1 0 1
43.7835 9.82343 225.556 8.09592 2.21871 41.0637 2.65185 -13 1582 1 0 1
3.26058 -36.4238 225.556 1.11612 -7.33388 42.6053 2.79548 -13 1583 1 0 1
-2.97896 -23.7415 225.556 -1.15323 -8.28028 67.2519 2.62314 -13 1584 1 0 1
-11.4012 -7.95076 225.556 -3.05893 -2.33315 62.4334 1.51405 -13 1585 1 0 1
24.1035 -3.94329 225.556 6.99334 -0.431422 70.1365 2.8833 -13 1586 1 0 1
-37.6906 3.17525 225.556 -11.0568 1.23554 66.13 2.05339 -13 1587 1 0 1
-18.3989 -21.7463 225.556 -7.27395 -8.08545 78.247 3.09626 -13 1588 1 0 1
24.4948 9.42356 225.556 7.23594 3.31572 72.458 0.597996 -13 1589 1 0 1
-33.6615 -38.5556 225.556 -8.54905 -11.4564 59.4887 0.0932757 -13 1590 1 0 1
-19.6009 -8.51512 225.556 -7.31894 -2.5633 75.1905 -0.837974 -13 1591 1 0 1
-21.376 33.7933 225.556 -7.66764 12.4009 73.5238 2.25726 -13 1592 1 0 1
34.1483 50.8437 225.556 9.90604 16.9515 69.8492 2.47588 -13 1593 1 0 1
-2.66355 9.02138 225.556 -0.359043 2.21501 55.7156 3.39834 -13 1594 1 0 1
-41.0609 -39.882 225.556 -8.00912 -9.27338 47.2832 0.628306 -13 1596 1 0 1
4.44445 8.85238 225.556 0.45977 3.15429 78.617 4.18393 -13 1597 1 0 1
24.5141 38.7999 225.556 7.05663 14.0306 70.3859 1.3988 -13 1598 1 0 1
49.5214 29.6775 225.556 8.69882 6.25294 39.3553 1.28207 -13 1599 1 0 1
-14.8697 11.2128 225.556 -5.76443 4.01315 75.3179 1.92056 -13 1600 1 0 1
-2.46721 35.865 225.556 -0.662925 11.126 61.5572 2.08902 -13 1601 1 0 1
-22.9622 -10.1219 225.556 -7.91106 -3.12901 72.2581 0.417797 -13 1602 1 0 1
25.2552 -40.4661 225.556 6.3385 -10.6697 55.8292 0.712055 -13 1603 1 0 1
-37.8955 17.1275 225.556 -12.4001 5.93 71.481 1.46621 -13 1604 1 0 1
4.27029 -39.2381 225.556 0.467721 -14.7142 76.8939 2.75767 -13 1605 1 0 1
-34.1497 18.3933 225.556 -12.5608 6.76047 76.9061 1.26971 -13 1606 1 0 1
34.7613 7.73398 225.556 9.85223 2.10011 64.7262 1.91324 -13 1607 1 0 1
-8.43885 -7.69515 225.556 -2.53406 -2.92829 66.1923 2.71595 -13 1608 1 0 1
30.2977 -0.990644 225.556 7.45037 -0.131985 54.2889 2.0619 -13 1609 1 0 1
14.9864 -52.5209 225.556 1.91348 -7.54945 27.1089 4.67133 -13 1611 1 0 1
1.0257 0.871848 225.556 0.243278 0.677 64.2918 2.76452 -13 1612 1 0 1
7.26758 -28.1121 225.556 1.87335 -8.88206 69.7199 1.8688 -13 1613 1 0 1
47.7499 -6.62132 225.556 11.7589 -2.27614 55.588 0.873773 -13 1614 1 0 1
5.73707 -13.406 225.556 1.53263 -3.27014 49.4814 2.37679 -13 1615 1 0 1
-19.7137 50.8669 225.556 -7.77632 18.4176 76.6311 1.1628 -13 1616 1 0 1
-29.3496 -70.1294 225.556 -3.9115 -12.5051 34.9422 1.20903 -13 1617 1 0 1
-36.3601 -28.817 225.556 -9.80967 -9.086 62.0863 0.644305 -13 1618 1 0 1
20.1143 -18.8029 225.556 5.60624 -6.28564 64.1469 -1.96703 -13 1619 1 0 1
12.6419 -4.01769 225.556 3.17141 -1.15333 55.7396 3.43732 -13 1620 1 0 1
-14.5732 17.3988 225.556 -2.76087 4.72182 52.7597 1.6848 -13 1621 1 0 1
-20.9247 25.7602 225.556 -8.65068 10.5587 79.5412 2.18981 -13 1622 1 0 1
23.8258 -36.977 225.556 6.779 -12.5499 68.816 2.27298 -13 1623 1 0 1
4.24526 -9.58103 225.556 1.30441 -2.33474 47.544 -0.0822854 -13 1624 1 0 1
13.3781 11.3206 225.556 3.58269 3.57345 59.5047 1.70283 -13 1625 1 0 1
-74.4816 -117.677 225.556 -11.4649 -23.031 37.3888 3.81339 -13 1626 1 0 1
19.4053 -40.656 225.556 4.41201 -10.3748 49.3904 1.05621 -13 1627 1 0 1
-23.3452 -18.9506 225.556 -8.64656 -7.64263 75.6003 -0.817776 -13 1628 1 0 1
13.7627 32.5423 225.556 3.81581 10.2889 67.7691 0.0220379 -13 1630 1 0 1
-38.7743 -8.04099 225.556 -10.7844 -2.4429 63.4964 1.56431 -13 1631 1 0 1
1.39359 -12.7195 225.556 0.646321 -3.90803 52.9538 0.774402 -13 1632 1 0 1
-26.0555 37.4895 225.556 -7.25803 11.5679 62.9548 1.13293 -13 1633 1 0 1
-4.2915 -31.397 225.556 -0.982688 -9.06882 58.3321 1.88457 -13 1634 1 0 1
21.748 0.467013 225.556 5.80529 -0.0344014 59.483 2.05196 -13 1635 1 0 1
-17.2625 -13.951 225.556 -6.6671 -4.92263 76.1949 0.390153 -13 1636 1 0 1
-1.18711 28.0941 225.556 -0.491154 9.20062 65.2048 0.981773 -13 1637 1 0 1
22.7342 27.5171 225.556 6.15237 8.12662 57.9329 3.20476 -13 1638 1 0 1
9.54532 -1.13887 225.556 2.39722 -0.383228 49.1432 4.09324 -13 1639 1 0 1
46.5992 9.50999 225.556 10.8221 2.77492 51.9368 2.60944 -13 1640 1 0 1
-4.65233 13.5159 225.556 -2.2459 4.83241 73.9832 2.69947 -13 1641 1 0 1
0.715393 19.0596 225.556 0.419018 5.29326 58.4805 1.57889 -13 1642 1 0 1
35.7856 53.6428 225.556 7.97067 13.6057 50.0132 0.187835 -13 1643 1 0 1
-28.3217 16.378 225.556 -10.0044 5.43786 74.2135 -1.04771 -13 1644 1 0 1
-50.8106 -28.905 225.556 -16.1922 -10.1786 70.1297 0.326141 -13 1645 1 0 1
4.36554 3.86352 225.556 1.18556 0.817412 63.9587 -1.07269 -13 1646 1 0 1
-31.752 -16.9399 225.556 -2.83673 -2.26385 24.9602 2.86458 -13 1647 1 0 1
54.0663 -85.6193 225.556 9.85254 -17.6407 42.43 1.96308 -13 1648 1 0 1
-18.8489 19.9254 225.556 -5.38033 6.16724 65.4134 2.98212 -13 1649 1 0 1
-28.2397 0.664937 225.556 -7.47262 0.0277492 60.7922 0.648932 -13 1650 1 0 1
2.20512 28.4687 225.556 0.637304 8.45453 60.1713 -0.19987 -13 1651 1 0 1
-7.72914 26.5145 225.556 -1.66383 7.5505 58.2889 -0.064822 -13 1652 1 0 1
4.22936 9.94935 225.556 1.19679 2.56215 52.3543 2.18018 -13 1653 1 0 1
-8.70594 -38.8858 225.556 -1.33575 -8.63323 45.346 0.900162 -13 1654 1 0 1
-14.2378 0.477861 225.556 -4.39558 -0.505636 66.8428 2.60894 -13 1655 1 0 1
-6.81807 33.0996 225.556 -2.90857 12.4103 73.096 1.48017 -13 1656 1 0 1
-65.4053 3.14739 225.556 -17.3104 0.770174 60.6981 2.75151 -13 1657 1 0 1
60.3102 -5.49502 225.556 11.9979 -1.49876 45.1517 0.376701 -13 1658 1 0 1
21.6448 -23.4507 225.556 5.95418 -6.28882 60.2841 2.4947 -13 1659 1 0 1
-1.743 21.7339 225.556 -0.570876 6.56875 62.5786 4.13704 -13 1660 1 0 1
38.3035 -50.9763 225.556 10.4654 -16.027 62.2495 3.66902 -13 1661 1 0 1
4.63978 -20.6296 225.556 1.00801 -7.73295 70.8519 1.60714 -13 1662 1 0 1
0.740382 8.85047 225.556 0.426113 1.65185 44.925 1.84253 -13 1663 1 0 1
9.15443 -2.50182 225.556 2.52001 -0.94437 64.306 1.12206 -13 1664 1 0 1
5.49096 -7.47686 225.556 0.954476 -3.43332 77.6327 0.289167 -13 1665 1 0 1
12.4005 -31.2712 225.556 3.27495 -10.0853 68.5232 1.29958 -13 1666 1 0 1
48.5103 0.410856 225.556 12.4573 -0.126241 57.4326 2.6136 -13 1667 1 0 1
60.2453 -11.2401 225.556 14.7877 -4.04235 56.4172 0.34161 -13 1668 1 0 1
58.031 38.1478 225.556 8.57553 6.46035 34.3804 1.35437 -13 1669 1 0 1
3.57381 -36.6076 225.556 1.1097 -10.983 57.7645 1.37085 -13 1670 1 0 1
-26.6794 18.2681 225.556 -10.853 6.8457 79.1702 1.18879 -13 1671 1 0 1
33.8375 -64.7752 225.556 8.30234 -17.4766 55.2575 0.323332 -13 1672 1 0 1
10.6634 -20.2425 225.556 2.99922 -5.83292 58.2535 2.1525 -13 1673 1 0 1
4.10643 -51.2203 225.556 1.18491 -12.9374 50.0328 1.73019 -13 1674 1 0 1
-24.8648 -28.9963 225.556 -6.25451 -8.42205 60.3824 -0.434924 -13 1675 1 0 1
-47.7721 -42.4589 225.556 -3.29965 -4.56893 19.6333 4.5058 -13 1676 1 0 1
22.2404 -12.504 225.556 4.46107 -2.88747 43.483 4.00948 -13 1677 1 0 1
20.3929 9.14113 225.556 5.28626 2.946 57.5052 1.02929 -13 1678 1 0 1
20.7982 54.0888 225.556 5.35365 15.2835 56.8987 3.76883 -13 1679 1 0 1
-14.257 -14.6261 225.556 -3.04261 -3.66548 53.0162 3.07445 -13 1680 1 0 1
4.89217 -1.86786 225.556 1.45963 -0.644032 58.2885 0.866306 -13 1681 1 0 1
31.163 26.7377 225.556 7.00804 6.99897 49.1844 1.08546 -13 1682 1 0 1
31.966 -22.4813 225.556 9.10447 -7.21823 66.2436 0.560859 -13 1683 1 0 1
37.2589 9.21304 225.556 9.8535 2.84342 60.4532 3.41511 -13 1684 1 0 1
-1.54314 -22.585 225.556 -1.3103 -8.23755 74.0048 0.924925 -13 1685 1 0 1
-2.48281 28.7429 225.556 -0.296388 7.94605 56.3186 3.79975 -13 1686 1 0 1
-15.0707 -46.0914 225.556 -3.38472 -13.3956 56.5997 1.28587 -13 1687 1 0 1
37.285 28.0471 225.556 9.56707 8.14624 58.1986 0.360434 -13 1688 1 0 1
9.36072 1.57895 225.556 2.51539 0.018346 72.4731 0.149124 -13 1690 1 0 1
-3.8237 -19.6956 225.556 -1.69906 -7.08695 70.5854 0.706827 -13 1691 1 0 1
-1.5912 -6.43521 225.556 -0.154387 -1.77707 59.0054 1.21607 -13 1692 1 0 1
29.6469 -22.6617 225.556 4.45148 -3.76615 32.7529 0.0240617 -13 1693 1 0 1
19.4305 1.71875 225.556 5.18224 0.244486 57.8931 1.51686 -13 1694 1 0 1
4.33914 2.1329 225.556 1.01748 0.55669 71.7572 1.23524 -13 1695 1 0 1
-43.4978 -13.1409 225.556 -16.2937 -5.05741 77.533 2.12961 -13 1696 1 0 1
51.4345 23.7811 225.556 10.8381 5.60982 47.4217 0.42882 -13 1697 1 0 1
-14.7122 10.4244 225.556 -3.30428 2.46343 55.4909 1.77435 -13 1698 1 0 1
12.5282 5.85057 225.556 3.56806 2.06881 66.238 -0.748698 -13 1699 1 0 1
-8.24473 9.81501 225.556 -2.93586 2.52338 71.5405 1.33038 -13 1700 1 0 1
-4.18896 -4.38188 225.556 -1.97934 -1.89102 73.1546 -0.589615 -13 1701 1 0 1
6.11644 4.16943 225.556 1.47249 1.71389 70.7589 1.98982 -13 1702 1 0 1
18.5561 -6.58807 225.556 5.37907 -2.37443 68.7185 1.45011 -13 1703 1 0 1
-18.5511 -37.425 225.556 -4.06776 -9.77628 53.951 0.533999 -13 1704 1 0 1
-26.9645 -1.63365 225.556 -9.27623 -0.0337788 73.0413 0.235757 -13 1705 1 0 1
-21.6167 -48.0503 225.556 -8.2289 -18.4793 76.1335 1.09918 -13 1706 1 0 1
8.89047 -33.3958 225.556 2.33906 -8.87561 54.342 0.303968 -13 1707 1 0 1
-22.7151 26.4978 225.556 -7.32751 9.2739 69.4901 0.71724 -13 1708 1 0 1
-10.6767 20.2495 225.556 -2.69565 6.24113 60.3117 0.141302 -13 1709 1 0 1
19.5751 77.049 225.556 3.56143 15.6186 37.6927 1.45415 -13 1710 1 0 1
24.94 33.1492 225.556 6.83052 10.3116 62.0647 1.17987 -13 1711 1 0 1
32.7922 -43.2352 225.556 6.84101 -9.73828 44.9016 2.51548 -13 1712 1 0 1
-11.9149 -27.248 225.556 -2.55451 -7.39701 56.7331 2.22251 -13 1713 1 0 1
-9.36481 20.1316 225.556 -3.55199 7.31925 73.766 0.767423 -13 1714 1 0 1
18.8724 -26.8096 225.556 5.23346 -9.15967 62.7011 1.01747 -13 1715 1 0 1
-11.798 25.0155 225.556 -2.71927 7.05697 57.0274 4.12709 -13 1716 1 0 1
25.2922 -17.514 225.556 5.51404 -4.10179 48.2017 3.06574 -13 1717 1 0 1
39.1103 -19.4007 225.556 11.5749 -7.1174 70.8871 0.489519 -13 1718 1 0 1
-6.2744 -15.253 225.556 -2.49763 -5.421 71.0108 0.688207 -13 1719 1 0 1
-15.48 10.6454 225.556 -4.91386 3.88794 69.1749 0.71398 -13 1720 1 0 1
36.5392 22.0203 225.556 10.7625 7.71979 70.1568 1.54592 -13 1721 1 0 1
30.0982 5.09674 225.556 8.77382 1.48095 68.7121 1.49211 -13 1722 1 0 1
26.2541 6.52047 225.556 8.06981 2.27853 76.8817 -0.555064 -13 1723 1 0 1
-5.72903 -42.3611 225.556 -0.859016 -10.8043 51.6829 2.24193 -13 1724 1 0 1
53.1921 -16.1062 225.556 14.0433 -4.39493 60.0577 1.85985 -13 1725 1 0 1
0.709855 -40.8303 225.556 0.515546 -10.5687 51.6554 2.44024 -13 1726 1 0 1
27.765 3.5586 225.556 8.13812 1.19513 69.978 2.8783 -13 1727 1 0 1
-14.8326 24.0717 225.556 -3.84813 7.51367 61.4368 2.80524 -13 1728 1 0 1
-36.2936 33.5014 225.556 -9.27886 10.4041 59.1831 3.53377 -13 1729 1 0 1
22.7016 -11.2791 225.556 5.38808 -3.01436 50.5333 0.962137 -13 1731 1 0 1
-9.77099 21.6736 225.556 -3.21692 7.53764 68.7749 1.96165 -13 1732 1 0 1
15.9036 -3.99801 225.556 4.29556 -1.31473 61.4309 0.0306377 -13 1733 1 0 1
1.53828 -15.2152 225.556 -0.0761122 -5.15802 74.5972 -1.17271 -13 1734 1 0 1
10.9934 -0.314552 225.556 3.12949 -0.914718 61.4787 -0.0655104 -13 1735 1 0 1
-15.8209 16.394 225.556 -5.05422 5.18927 68.0215 0.627758 -13 1736 1 0 1
1.26787 0.240903 225.556 0.69619 -0.39595 48.7491 1.24598 -13 1737 1 0 1
31.1937 32.7408 225.556 8.12709 9.51139 58.4565 0.00797219 -13 1738 1 0 1
2.47017 11.8749 225.556 0.852466 2.46764 43.0388 2.96216 -13 1739 1 0 1
29.7815 -22.4038 225.556 8.59082 -8.06311 69.7054 0.528579 -13 1740 1 0 1
-5.09971 -23.9909 225.556 -1.59727 -8.7062 65.0365 2.13282 -13 1741 1 0 1
-24.9079 -21.6733 225.556 -5.53727 -5.49633 54.0067 2.63898 -13 1742 1 0 1
27.0987 47.3841 225.556 7.46066 15.3088 64.896 2.33527 -13 1743 1 0 1
59.0741 -10.3589 225.556 14.7426 -3.45469 57.6563 0.708019 -13 1744 1 0 1
-4.90583 16.3384 225.556 -1.85788 5.42222 69.2563 3.57399 -13 1745 1 0 1
-0.924174 -25.3808 225.556 -0.667205 -9.35669 70.6189 0.619318 -13 1746 1 0 1
10.5869 15.7354 225.556 2.88576 4.26056 50.8033 -0.00289939 -13 1747 1 0 1
-1.11826 -4.68268 225.556 -0.948358 -2.07584 73.8557 1.85034 -13 1749 1 0 1
15.1033 13.2554 225.556 4.54856 3.96541 66.4847 1.35382 -13 1750 1 0 1
22.314 63.6968 225.556 6.19742 21.233 66.6166 3.07895 -13 1751 1 0 1
-1.63795 3.36505 225.556 0.0468045 0.435512 45.6012 2.4913 -13 1753 1 0 1
17.3497 -8.89243 225.556 5.03928 -3.00101 72.1155 1.4905 -13 1754 1 0 1
-1.92452 -15.1616 225.556 -0.52375 -4.07216 64.1699 3.58653 -13 1755 1 0 1
53.5736 15.9742 225.556 14.4329 5.29292 61.1619 -0.0848436 -13 1756 1 0 1
6.01916 -9.93095 225.556 1.49611 -3.83053 69.2691 1.49244 -13 1757 1 0 1
-5.4683 -9.0061 225.556 -1.16097 -2.57085 58.8829 0.00109703 -13 1758 1 0 1
27.8957 -15.9794 225.556 6.0141 -3.70447 47.7363 -0.50071 -13 1759 1 0 1
-58.6592 8.64998 225.556 -17.8713 2.00563 67.7313 1.15077 -13 1760 1 0 1
63.8966 -4.15957 225.556 14.0179 -0.875282 50.3634 -0.0639916 -13 1761 1 0 1
3.35145 -37.5622 225.556 -0.0412647 -14.841 78.373 2.03987 -13 1762 1 0 1
-27.9742 61.9694 225.556 -6.83728 18.1765 57.5667 2.98349 -13 1763 1 0 1
-26.9304 8.32146 225.556 -5.75462 2.55442 52.9307 1.12328 -13 1764 1 0 1
-32.1879 -53.7504 225.556 -7.10553 -14.401 53.0563 1.88022 -13 1765 1 0 1
-55.7948 30.9021 225.556 -18.6238 11.1648 72.8441 4.39609 -13 1766 1 0 1
-20.0534 33.5462 225.556 -5.9552 11.0518 65.7385 0.347118 -13 1767 1 0 1
31.2362 -23.0782 225.556 9.25545 -8.59125 73.2859 0.767036 -13 1768 1 0 1
-39.5116 -8.51703 225.556 -11.3769 -2.44269 65.0852 2.52781 -13 1770 1 0 1
9.42812 31.8426 225.556 2.72017 10.1841 62.1637 1.84166 -13 1771 1 0 1
-29.526 -3.65796 225.556 -10.2052 -1.66167 73.4094 1.67731 -13 1772 1 0 1
-28.1485 -37.401 225.556 -1.76886 -3.72057 18.6375 1.32067 -13 1773 1 0 1
-21.3262 -17.1871 225.556 -7.8828 -6.68862 75.1855 1.96145 -13 1774 1 0 1
-3.10569 19.198 225.556 -0.315696 5.26748 49.6234 2.14109 -13 1775 1 0 1
21.5777 -28.2379 225.556 6.30668 -10.2864 73.8158 1.62386 -13 1776 1 0 1
11.287 38.3458 225.556 2.98873 11.1719 57.0896 0.600682 -13 1777 1 0 1
8.14272 -12.6887 225.556 1.90798 -2.50657 45.4824 4.04899 -13 1779 1 0 1
13.3689 6.44562 225.556 3.62554 1.78777 75.2808 0.963087 -13 1780 1 0 1
20.6646 -57.0695 225.556 4.36636 -13.0231 45.9396 2.90159 -13 1781 1 0 1
8.4287 -17.9527 225.556 1.75134 -4.05072 38.4337 3.89591 -13 1782 1 0 1
7.94062 27.339 225.556 2.11057 6.92771 58.9931 2.38956 -13 1783 1 0 1
-29.8894 39.8899 225.556 -6.37371 10.5294 51.6768 0.957839 -13 1784 1 0 1
26.0352 16.2504 225.556 6.38806 4.31034 52.9423 2.51857 -13 1785 1 0 1
38.3758 -43.2261 225.556 9.69154 -12.6567 57.8586 1.73727 -13 1786 1 0 1
0.120062 12.5849 225.556 0.031509 3.59347 59.9537 3.0419 -13 1787 1 0 1
9.80505 -5.65313 225.556 2.67873 -1.85459 58.5199 1.49153 -13 1788 1 0 1
28.4987 -22.3815 225.556 7.18217 -5.55959 55.7497 1.5995 -13 1789 1 0 1
18.1999 -13.5867 225.556 5.30451 -6.04079 77.5281 0.112845 -13 1790 1 0 1
-20.7028 -25.5524 225.556 -8.61182 -10.0559 76.3787 0.145277 -13 1791 1 0 1
-12.7069 7.79783 225.556 -3.16758 2.5947 59.9838 2.06402 -13 1792 1 0 1
-23.7175 25.9732 225.556 -7.80245 8.59161 70.4579 1.85569 -13 1793 1 0 1
-19.8618 -17.3367 225.556 -6.95437 -6.14502 72.8111 1.18872 -13 1794 1 0 1
-22.325 3.76952 225.556 -7.05995 2.49986 69.7386 0.432339 -13 1795 1 0 1
-10.7558 5.26677 225.556 -3.01008 1.59568 64.7241 1.19888 -13 1796 1 0 1
-13.7229 17.2236 225.556 -5.80446 7.57606 78.377 1.71191 -13 1797 1 0 1
-2.68047 11.7392 225.556 -1.68928 4.13834 75.5649 1.30715 -13 1798 1 0 1
11.6649 10.9747 225.556 3.28532 3.88829 68.0703 2.28539 -13 1799 1 0 1
-4.42022 -30.9261 225.556 -0.975902 -9.85738 59.2003 2.05074 -13 1800 1 0 1
-34.6118 5.92894 225.556 -13.7263 1.51278 78.8641 0.0998157 -13 1801 1 0 1
4.76074 17.0231 225.556 1.18162 6.06173 68.7606 2.18896 -13 1802 1 0 1
50.6332 -27.5595 225.556 13.2612 -8.12482 59.923 2.29714 -13 1803 1 0 1
-4.53404 9.72163 225.556 0.00994434 1.5193 29.0076 3.21929 -13 1804 1 0 1
7.45213 42.1828 225.556 1.8908 12.9767 65.1808 1.2881 -13 1805 1 0 1
-13.644 10.0723 225.556 -4.2599 3.42058 68.0645 2.61619 -13 1806 1 0 1
14.3565 -5.29707 225.556 4.0331 -0.631433 70.6726 2.12079 -13 1807 1 0 1
-6.68348 -29.5012 225.556 -1.91742 -9.35606 63.1059 3.39843 -13 1808 1 0 1
-6.40221 -22.3711 225.556 -1.97449 -6.60505 65.8632 1.85328 -13 1809 1 0 1
29.5893 -4.41423 225.556 7.07973 -1.41952 53.8381 1.34403 -13 1810 1 0 1
-16.9994 22.8533 225.556 -4.8844 7.28159 64.5257 0.385772 -13 1811 1 0 1
4.55357 -29.3881 225.556 1.33272 -7.54454 56.854 2.46371 -13 1812 1 0 1
15.323 11.563 225.556 4.14931 3.15627 62.2238 2.67252 -13 1813 1 0 1
6.872 45.171 225.556 1.85582 15.0589 65.4752 0.677886 -13 1814 1 0 1
-10.4872 15.7687 225.556 -3.01618 4.48979 66.0215 0.397438 -13 1815 1 0 1
33.0723 18.6032 225.556 9.37317 6.4116 66.8954 0.946587 -13 1816 1 0 1
-10.0079 -56.5414 225.556 -2.9504 -17.8431 64.1432 2.49786 -13 1817 1 0 1
-5.96393 8.01677 225.556 -1.3517 2.27531 60.0197 3.33401 -13 1818 1 0 1
22.7702 15.0085 225.556 4.26159 3.24379 38.5113 2.14255 -13 1819 1 0 1
-25.93 -60.369 225.556 -5.60673 -15.7032 51.6374 2.3871 -13 1820 1 0 1
14.4967 -82.7824 225.556 3.84824 -24.1042 60.4414 1.11892 -13 1821 1 0 1
12.6906 38.9202 225.556 3.41805 12.79 67.5927 1.50081 -13 1823 1 0 1
-19.1909 10.2351 225.556 -6.82034 3.348 73.2098 1.17176 -13 1824 1 0 1
-10.1691 -7.10782 225.556 -5.21934 -2.80822 79.6596 0.895158 -13 1825 1 0 1
-7.41237 24.3413 225.556 -2.54283 8.36594 70.1202 0.146265 -13 1826 1 0 1
65.0807 -23.7132 225.556 14.2642 -5.90417 50.7015 1.21314 -13 1827 1 0 1
-26.4063 -27.5793 225.556 -6.57841 -8.10258 58.7505 1.69124 -13 1828 1 0 1
-21.6836 -42.6171 225.556 -5.27145 -11.7354 56.9787 1.90831 -13 1829 1 0 1
-6.33978 -14.4328 225.556 -2.38594 -4.90135 69.1483 1.01852 -13 1830 1 0 1
28.0677 59.5443 225.556 7.72214 18.7298 64.7473 1.42888 -13 1831 1 0 1
-17.8519 5.19088 225.556 -5.04691 1.45669 65.0271 2.53007 -13 1832 1 0 1
14.6504 50.5716 225.556 3.9458 16.9194 65.2066 -0.141383 -13 1833 1 0 1
-7.7927 16.1588 225.556 -2.32847 5.30244 65.8724 4.0761 -13 1834 1 0 1
7.18887 6.27041 225.556 1.92551 1.90773 53.9816 2.83401 -13 1835 1 0 1
2.38491 34.4794 225.556 0.429142 11.61 67.1453 3.05772 -13 1836 1 0 1
-45.3747 -3.65201 225.556 -14.1446 -1.74791 69.234 1.17 -13 1837 1 0 1
38.5011 -2.2599 225.556 9.61376 -0.3911 56.8189 -0.412212 -13 1838 1 0 1
-38.9502 13.8255 225.556 -13.4702 4.0019 73.8996 2.22608 -13 1839 1 0 1
-46.9155 22.4661 225.556 -5.36027 3.88114 29.8299 1.07606 -13 1840 1 0 1
-8.77062 27.6507 225.556 -2.8334 10.004 65.6797 -1.23724 -13 1841 1 0 1
-12.2807 26.4494 225.556 -3.66111 9.65369 66.4918 1.975 -13 1842 1 0 1
5.10517 -8.231 225.556 0.960832 -3.38548 74.4046 1.3112 -13 1843 1 0 1
-11.1177 -11.2863 225.556 -2.83117 -4.0116 60.3679 2.58017 -13 1844 1 0 1
21.6558 -1.39456 225.556 5.0103 -0.598081 48.5232 2.10155 -13 1845 1 0 1
-42.0706 11.2902 225.556 -12.675 3.97094 67.2072 3.22318 -13 1846 1 0 1
-23.1659 6.47162 225.556 -8.70404 2.08091 76.5365 -0.120469 -13 1847 1 0 1
38.3915 30.5167 225.556 9.25555 8.67379 54.3048 2.57158 -13 1848 1 0 1
-25.38 27.1651 225.556 -8.14644 9.41303 69.553 2.46613 -13 1849 1 0 1
8.56114 -12.5363 225.556 2.49305 -4.01286 62.1162 2.22209 -13 1850 1 0 1
7.25527 28.5913 225.556 2.02344 7.49586 53.2326 3.87074 -13 1851 1 0 1
16.7087 10.1067 225.556 4.80184 3.92031 76.8458 1.68248 -13 1852 1 0 1
0.0684319 30.8551 225.556 -0.0585539 9.88789 65.5008 1.89341 -13 1853 1 0 1
12.0669 -70.6144 225.556 2.34348 -13.3598 36.701 0.620612 -13 1854 1 0 1
-85.0335 -38.0241 225.556 -18.3767 -10.2625 50.8584 1.40515 -13 1855 1 0 1
0.823046 6.86047 225.556 0.380769 1.92911 60.0483 3.49586 -13 1856 1 0 1
18.4808 3.82492 225.556 4.64373 0.530343 53.193 1.79609 -13 1857 1 0 1
36.7919 17.8321 225.556 8.54258 4.31257 49.7988 3.12398 -13 1858 1 0 1
31.681 7.21041 225.556 9.57021 2.87799 73.1297 2.36087 -13 1859 1 0 1
-16.8194 -51.547 225.556 -2.88363 -12.2553 45.8936 1.79678 -13 1860 1 0 1
-13.5181 -10.4626 225.556 -1.12531 -1.75256 27.9793 3.11037 -13 1861 1 0 1
10.671 -13.3223 225.556 2.89377 -4.05795 51.3382 -0.54874 -13 1862 1 0 1
5.35127 -113.31 225.556 1.3086 -26.5692 45.1624 1.07659 -13 1863 1 0 1
-43.5765 -27.7818 225.556 -13.0582 -9.04576 67.0307 2.10811 -13 1864 1 0 1
-12.7018 14.0812 225.556 -5.22688 5.75315 77.39 2.02409 -13 1865 1 0 1
12.5484 -14.0587 225.556 3.41757 -4.70749 61.5855 1.27292 -13 1866 1 0 1
-46.0456 -20.0207 225.556 -12.3874 -6.29379 61.4119 2.0428 -13 1867 1 0 1
-53.1502 18.3099 225.556 -19.0929 6.23651 75.835 1.80601 -13 1868 1 0 1
-37.8848 31.2921 225.556 -5.83851 6.37024 37.9651 2.51433 -13 1869 1 0 1
1.70846 17.7934 225.556 0.455574 6.02519 65.1546 2.34316 -13 1870 1 0 1
-37.8341 -3.35176 225.556 -10.0248 -0.497743 61.4816 2.40507 -13 1871 1 0 1
36.0154 9.04397 225.556 9.44014 2.7398 59.804 1.47404 -13 1872 1 0 1
-49.798 -5.26423 225.556 -16.6765 -1.73574 72.8022 1.88682 -13 1873 1 0 1
45.7206 -11.1601 225.556 14.4919 -4.53074 76.7634 -0.989612 -13 1874 1 0 1
14.6272 9.41597 225.556 4.02434 2.0924 60.5985 3.8553 -13 1875 1 0 1
-15.8494 -19.4444 225.556 -4.64733 -5.59127 65.5145 1.60764 -13 1876 1 0 1
-16.6107 -12.1178 225.556 -5.65738 -4.51242 70.6084 2.81905 -13 1877 1 0 1
26.7177 -33.3577 225.556 7.60494 -11.5179 66.7966 1.05119 -13 1878 1 0 1
35.0557 -23.9798 225.556 9.74033 -7.34823 64.7826 0.299599 -13 1879 1 0 1
-8.24529 -8.08275 225.556 -2.49119 -2.46665 65.3397 2.90443 -13 1880 1 0 1
-31.1997 -31.8416 225.556 -5.2644 -6.97435 43.0265 2.18269 -13 1881 1 0 1
-11.5939 1.18893 225.556 -2.91819 0.507636 60.2696 1.18074 -13 1882 1 0 1
-23.28 24.484 225.556 -7.42414 8.92939 69.4651 1.47512 -13 1883 1 0 1
-36.647 -10.0634 225.556 -11.631 -3.25424 70.0483 1.13943 -13 1884 1 0 1
30.2218 -23.765 225.556 6.41795 -6.00837 46.4346 1.66365 -13 1885 1 0 1
11.1577 -16.6736 225.556 3.20737 -5.47242 68.7576 2.72946 -13 1886 1 0 1
-70.5625 25.5879 225.556 -7.96686 4.13511 29.0363 -0.499814 -13 1887 1 0 1
-24.0451 -19.0661 225.556 -6.24425 -6.58257 61.8127 0.449059 -13 1888 1 0 1
-28.3913 24.1547 225.556 -4.83971 5.75334 42.6949 0.498817 -13 1889 1 0 1
51.2963 -21.7807 225.556 14.2189 -7.2807 64.3338 0.326156 -13 1890 1 0 1
37.2026 13.6317 225.556 4.18663 2.10972 26.8575 2.60622 -13 1891 1 0 1
1.08521 8.34352 225.556 0.664083 2.06685 51.4899 0.568254 -13 1892 1 0 1
-37.9171 -21.0907 225.556 -11.3715 -6.70267 67.3643 2.07056 -13 1893 1 0 1
-41.2594 9.10947 225.556 -12.8959 3.46928 68.9169 1.2558 -13 1894 1 0 1
4.73699 -21.1859 225.556 1.15537 -6.58536 67.1061 1.35747 -13 1896 1 0 1
-20.2426 -9.62196 225.556 -5.35338 -2.64403 61.7903 2.53037 -13 1897 1 0 1
-6.08274 35.1078 225.556 -1.55313 11.0989 61.0873 2.10321 -13 1898 1 0 1
-19.3449 -17.0229 225.556 -5.61277 -5.355 64.9637 0.832449 -13 1899 1 0 1
-27.8565 -36.388 225.556 -6.84499 -10.3271 57.7417 0.801676 -13 1900 1 0 1
68.2423 0.576094 225.556 15.0182 0.353673 50.5812 3.14096 -13 1901 1 0 1
4.24943 0.994999 225.556 1.17204 0.24705 66.0335 -0.0632212 -13 1902 1 0 1
55.5288 -0.979263 225.556 13.2611 -0.381476 54.544 2.36456 -13 1903 1 0 1
-13.5537 16.4308 225.556 -3.75773 5.31816 63.9463 1.59674 -13 1904 1 0 1
-35.24 8.27127 225.556 -12.5951 2.64135 75.718 0.883322 -13 1905 1 0 1
7.73229 37.7105 225.556 2.06807 12.1846 65.9231 1.05122 -13 1906 1 0 1
-4.14158 48.1768 225.556 -1.06332 15.0742 62.6995 3.12784 -13 1907 1 0 1
-12.1063 -14.4875 225.556 -3.73885 -5.32332 68.8103 0.565962 -13 1908 1 0 1
59.032 12.4271 225.556 14.8777 3.17857 57.6618 4.2329 -13 1909 1 0 1
6.4958 12.9577 225.556 1.57845 3.55203 66.5991 0.156311 -13 1910 1 0 1
-17.4428 -6.70904 225.556 -6.03448 -1.62885 72.5576 -1.11131 -13 1911 1 0 1
-18.4257 8.43187 225.556 -6.15235 3.3269 69.357 1.55132 -13 1912 1 0 1
22.0798 -33.1521 225.556 6.58465 -11.5427 75.7026 -0.54 -13 1913 1 0 1
-28.6463 46.8752 225.556 -8.22064 14.7262 63.544 1.21232 -13 1914 1 0 1
-64.7034 -55.4614 225.556 -19.5949 -18.0706 67.1826 1.27779 -13 1915 1 0 1
-12.3112 -11.0419 225.556 -3.82164 -3.16569 66.9412 1.22389 -13 1916 1 0 1
36.0845 7.59307 225.556 10.0138 2.56603 64.7918 1.05829 -13 1917 1 0 1
-10.2828 -6.34205 225.556 -3.2598 -2.92029 67.2588 0.386459 -13 1918 1 0 1
-0.421622 -22.9035 225.556 0.236271 -6.26532 52.3469 0.0332712 -13 1919 1 0 1
11.1075 58.6706 225.556 2.91428 16.7066 59.0836 -0.0319286 -13 1920 1 0 1
0.732905 2.48121 225.556 -1.4129 1.46168 80.1191 2.44941 -13 1921 1 0 1
-31.4928 14.1483 225.556 -10.894 5.25863 72.9471 2.60674 -13 1922 1 0 1
-52.5506 -24.2992 225.556 -12.3384 -7.06795 55.1966 2.9321 -13 1923 1 0 1
0.42149 22.5772 225.556 0.0764482 7.41555 65.0202 3.12378 -13 1924 1 0 1
-21.8333 -138.038 225.556 -2.20986 -21.2677 28.125 3.73998 -13 1925 1 0 1
-40.2573 -49.1545 225.556 -6.08684 -10.0862 37.9745 1.23266 -13 1926 1 0 1
12.3876 -63.3661 225.556 3.08406 -17.6274 53.9946 2.27334 -13 1927 1 0 1
20.3588 -20.6972 225.556 3.60096 -3.962 37.2426 0.659273 -13 1928 1 0 1
-33.8824 0.401569 225.556 -12.7516 0.886045 77.9894 1.31444 -13 1929 1 0 1
-10.8129 45.7112 225.556 -3.94921 16.3327 70.4601 3.53971 -13 1930 1 0 1
3.24209 43.5713 225.556 0.786523 13.4696 64.0418 -1.26196 -13 1931 1 0 1
21.0772 -31.8524 225.556 6.04247 -10.6663 69.4472 0.941742 -13 1932 1 0 1
49.985 0.482097 225.556 15.94 0.613462 77.4113 2.20235 -13 1933 1 0 1
-23.2227 7.20973 225.556 -4.64679 1.985 48.7732 1.26638 -13 1934 1 0 1
29.4737 -6.94857 225.556 8.35032 -2.14804 63.7992 1.4392 -13 1935 1 0 1
43.9295 9.83552 225.556 10.7607 2.46628 55.5912 0.188006 -13 1936 1 0 1
9.42311 -36.2234 225.556 2.6541 -11.8199 59.3735 0.0710429 -13 1937 1 0 1
63.4403 -33.2571 225.556 18.6666 -11.0653 68.766 1.64134 -13 1939 1 0 1
-40.4583 -15.9401 225.556 -11.237 -5.18985 63.4778 0.262044 -13 1941 1 0 1
-5.8466 29.4957 225.556 -2.46827 10.4838 72.637 2.79437 -13 1942 1 0 1
-7.8728 27.3989 225.556 -2.58852 8.80368 67.4531 1.98628 -13 1943 1 0 1
40.154 44.5915 225.556 10.8673 14.3129 62.7701 0.6677 -13 1944 1 0 1
12.9139 7.02427 225.556 3.6416 2.44491 65.5299 0.39437 -13 1945 1 0 1
-12.6728 14.5558 225.556 -3.56737 4.46539 63.0607 1.07048 -13 1946 1 0 1
8.33801 17.8324 225.556 2.49528 4.77158 61.5776 1.82611 -13 1947 1 0 1
-5.31149 42.3391 225.556 -2.18049 14.8108 70.7606 1.57504 -13 1948 1 0 1
-21.3487 11.3065 225.556 -5.31134 3.23035 59.5412 1.3544 -13 1950 1 0 1
20.7569 11.3966 225.556 5.73039 3.34265 61.9865 1.91438 -13 1951 1 0 1
31.7414 0.751807 225.556 8.40231 -0.133081 58.7255 -0.112863 -13 1952 1 0 1
61.5434 -13.5776 225.556 14.8539 -3.78368 55.3031 0.533397 -13 1953 1 0 1
15.4552 -2.72074 225.556 4.32388 -0.668623 65.7892 -0.467843 -13 1954 1 0 1
-53.9571 -29.9191 225.556 -12.6849 -8.11253 55.0274 1.5055 -13 1955 1 0 1
-26.6892 -22.154 225.556 -6.12456 -5.86563 53.7833 1.16897 -13 1956 1 0 1
-37.7008 42.9498 225.556 -6.95793 10.3026 45.3896 1.73423 -13 1957 1 0 1
5.08937 -8.54464 225.556 1.36698 -3.2077 67.586 -1.31791 -13 1958 1 0 1
2.53166 10.9713 225.556 0.787603 2.27593 37.5956 1.66089 -13 1959 1 0 1
22.0956 -32.0554 225.556 6.24351 -10.2966 67.0221 -0.334102 -13 1960 1 0 1
-23.6097 2.97937 225.556 -5.43296 0.643108 55.807 -0.59927 -13 1961 1 0 1
4.83452 -25.1746 225.556 1.07885 -3.88162 33.2806 3.98229 -13 1962 1 0 1
16.2241 -4.16705 225.556 3.65103 -1.54662 78.3637 -0.243028 -13 1963 1 0 1
33.7056 -43.0688 225.556 7.48466 -10.5521 49.2156 0.356623 -13 1964 1 0 1
-14.1566 -53.8742 225.556 -4.12742 -17.4726 63.3711 2.10685 -13 1965 1 0 1
16.3921 -12.9601 225.556 3.88137 -3.18905 48.7687 1.66116 -13 1966 1 0 1
16.1857 -14.6272 225.556 4.66013 -5.14441 68.2721 1.5847 -13 1967 1 0 1
-30.5009 54.4747 225.556 -9.57454 18.9828 68.3763 1.99098 -13 1968 1 0 1
26.3323 -4.97263 225.556 7.84467 -3.93465 72.6539 0.413456 -13 1969 1 0 1
-3.86322 -13.8136 225.556 -1.25759 -4.72436 66.0372 1.57615 -13 1970 1 0 1
-4.8507 41.4653 225.556 -1.82449 14.5965 69.4458 2.01616 -13 1971 1 0 1
9.04914 23.7522 225.556 2.27521 6.39261 52.0708 1.57793 -13 1972 1 0 1
-19.5622 3.14592 225.556 -6.55863 0.88666 71.3672 2.76855 -13 1973 1 0 1
31.5444 -15.4341 225.556 7.90504 -5.21016 55.6882 3.09072 -13 1974 1 0 1
-4.49562 -18.9069 225.556 -1.62128 -5.82141 69.439 0.797233 -13 1975 1 0 1
8.49929 34.4128 225.556 2.3405 11.0088 64.1042 -0.0959227 -13 1976 1 0 1
-25.3956 -33.127 225.556 -6.84673 -9.20064 61.4745 0.970975 -13 1977 1 0 1
26.1157 -45.4302 225.556 7.17145 -12.9996 61.3994 -0.382896 -13 1978 1 0 1
-50.3946 -31.1493 225.556 -18.2548 -11.5634 76.4873 3.25653 -13 1979 1 0 1
-24.7748 -56.173 225.556 -7.81096 -20.0979 67.8811 2.89608 -13 1980 1 0 1
-20.6639 8.31545 225.556 -8.24099 2.30222 78.6576 0.665511 -13 1981 1 0 1
-24.1057 14.6205 225.556 -5.10164 3.48634 51.9891 0.602133 -13 1982 1 0 1
49.4931 0.898182 225.556 13.3553 0.652402 62.1155 -0.0767948 -13 1983 1 0 1
16.274 -48.8678 225.556 4.2592 -14.0212 58.5196 1.4763 -13 1984 1 0 1
14.1385 -22.0864 225.556 3.56611 -8.17659 79.0421 0.328178 -13 1985 1 0 1
-18.536 -22.8508 225.556 -6.96235 -8.66904 75.2263 0.327876 -13 1986 1 0 1
7.78228 -23.775 225.556 2.22924 -7.48123 59.0825 1.96151 -13 1987 1 0 1
57.1455 43.867 225.556 14.3523 12.8974 57.1116 2.12605 -13 1988 1 0 1
7.19515 6.45106 225.556 1.8615 0.964462 62.865 0.968824 -13 1990 1 0 1
-39.2333 -9.1243 225.556 -10.0756 -2.91546 59.1731 2.3778 -13 1991 1 0 1
31.1783 -1.58621 225.556 8.07511 -0.625181 58.3422 1.896 -13 1992 1 0 1
32.109 24.3848 225.556 6.50993 6.65651 45.4134 1.67689 -13 1993 1 0 1
60.5601 103.069 225.556 13.9756 27.5061 53.5403 2.08951 -13 1994 1 0 1
-16.2319 12.7901 225.556 -3.3284 3.60325 53.9219 2.43513 -13 1995 1 0 1
8.96202 14.0354 225.556 2.65578 3.90359 54.3437 -0.110424 -13 1996 1 0 1
-33.1149 -28.2715 225.556 -6.64006 -6.33855 48.8532 -0.750448 -13 1997 1 0 1
36.8039 -19.6041 225.556 4.70169 -2.81503 28.979 4.00022 -13 1998 1 0 1
-15.2143 -14.1914 225.556 -4.17413 -4.84759 62.2129 0.0102839 -13 1999 1 0 1
-3.49481 30.1644 225.556 -1.46178 10.3554 68.9801 1.45903 -13 2000 1 0 1
-18.6932 -28.2564 225.556 -5.96495 -9.45062 68.8992 1.89682 -13 2001 1 0 1
-5.04997 -25.9404 225.556 -2.09369 -8.5669 72.1117 -0.265819 -13 2002 1 0 1
33.0702 5.09632 225.556 6.38614 1.22987 43.4673 2.05108 -13 2003 1 0 1
4.15433 -31.2534 225.556 1.17585 -9.91267 63.4796 0.436834 -13 2004 1 0 1
38.5452 -1.56812 225.556 5.84295 -0.0538745 33.3822 4.09761 -13 2005 1 0 1
-19.5235 3.14874 225.556 -5.16795 1.38132 62.0622 -0.132821 -13 2006 1 0 1
1.83716 -2.96193 225.556 0.500177 -1.13747 65.8339 1.53717 -13 2007 1 0 1
10.3879 2.09094 225.556 2.84324 0.933918 69.3114 2.38298 -13 2008 1 0 1
22.3756 -31.6567 225.556 5.48606 -9.00867 53.9917 0.342584 -13 2009 1 0 1
-4.87536 41.9682 225.556 -1.61945 13.6651 65.3102 1.83692 -13 2010 1 0 1
-17.2954 5.50881 225.556 -5.30514 0.941929 66.9199 -0.272867 -13 2011 1 0 1
5.26627 -22.4216 225.556 1.1838 -7.53212 69.3027 2.69023 -13 2012 1 0 1
16.7042 28.6992 225.556 4.53676 9.39489 66.3345 1.43839 -13 2013 1 0 1
25.8449 44.6547 225.556 5.25018 10.008 44.1168 2.50341 -13 2014 1 0 1
-79.9806 -53.6239 225.556 -17.2663 -13.5939 50.8258 1.25602 -13 2017 1 0 1
11.2365 37.8527 225.556 2.89423 12.4448 70.1041 2.9014 -13 2018 1 0 1
-5.69821 -0.895743 225.556 -1.66162 -0.412802 62.8272 1.36106 -13 2019 1 0 1
4.22755 19.7068 225.556 0.489045 7.37032 76.7405 -0.883701 -13 2020 1 0 1
41.1278 2.3351 225.556 11.5581 0.911179 64.9132 0.910532 -13 2021 1 0 1
0.509828 1.53778 225.556 0.422031 -0.228854 62.5678 0.151052 -13 2023 1 0 1
-23.656 19.6364 225.556 -7.30658 5.56823 68.2912 0.307169 -13 2024 1 0 1
-4.11176 30.1335 225.556 -0.921498 7.88576 56.9323 1.86351 -13 2025 1 0 1
-39.9783 -16.4106 225.556 -11.1486 -4.92555 63.4392 3.01721 -13 2026 1 0 1
11.7572 -4.71583 225.556 1.56819 -0.45486 25.2613 4.94258 -13 2027 1 0 1
14.0294 2.45706 225.556 4.0143 0.915922 73.8423 2.046 -13 2028 1 0 1
-15.3659 11.3323 225.556 -5.09595 4.12727 69.6338 2.29577 -13 2029 1 0 1
-45.2232 -21.0816 225.556 -11.3973 -6.01867 58.6921 1.90438 -13 2030 1 0 1
-22.9161 20.803 225.556 -8.63065 7.89428 77.5687 0.330475 -13 2031 1 0 1
14.7376 -8.95865 225.556 4.20037 -3.26834 71.8037 2.60748 -13 2032 1 0 1
-2.13558 -4.09817 225.556 -0.827636 -0.994603 66.1281 -0.970511 -13 2033 1 0 1
-7.80197 -23.8084 225.556 -1.94355 -6.72238 60.3059 2.28548 -13 2034 1 0 1
10.8621 16.2403 225.556 2.79815 4.2499 53.0692 2.82358 -13 2035 1 0 1
-16.2405 -1.5349 225.556 -6.34174 -1.42979 76.747 0.319808 -13 2036 1 0 1
-36.3221 -44.0716 225.556 -10.1462 -13.7786 63.5518 0.462077 -13 2037 1 0 1
50.9001 -13.8963 225.556 12.0614 -4.13604 54.0709 1.73059 -13 2038 1 0 1
-10.4288 25.7384 225.556 -3.27935 8.61532 66.9366 1.70891 -13 2039 1 0 1
-11.5881 12.9215 225.556 -5.31377 5.38313 80.3825 2.77894 -13 2040 1 0 1
7.02265 10.3792 225.556 1.9616 3.04358 54.0646 1.04209 -13 2041 1 0 1
-36.886 65.7257 225.556 -8.42513 17.6298 54.0486 1.04316 -13 2042 1 0 1
62.9033 -5.52612 225.556 16.5245 -1.76076 61.591 2.12461 -13 2043 1 0 1
-23.346 -19.2 225.556 -4.9021 -4.55796 52.2539 -0.464382 -13 2044 1 0 1
-3.02941 -20.4253 225.556 -1.34713 -7.77675 71.6528 2.2925 -13 2045 1 0 1
-5.36979 6.50605 225.556 -1.77823 1.71246 67.845 2.20296 -13 2046 1 0 1
-40.2792 -36.8945 225.556 -12.86 -12.526 69.7051 1.05239 -13 2047 1 0 1
-21.3293 6.06167 225.556 -7.6173 1.94309 73.8751 2.00178 -13 2048 1 0 1
14.7627 60.4462 225.556 3.91892 19.3791 64.7609 0.847078 -13 2049 1 0 1
-22.2994 -67.1577 225.556 -6.66227 -22.0423 66.037 2.23447 -13 2050 1 0 1
14.7448 12.4649 225.556 2.27149 2.14922 30.5412 2.60886 -13 2052 1 0 1
45.8571 17.2584 225.556 12.7184 5.35669 64.2317 0.764788 -13 2053 1 0 1
12.4757 36.403 225.556 3.22805 10.1552 55.5913 0.295713 -13 2054 1 0 1
9.46405 -54.5571 225.556 2.53422 -15.7076 56.9192 3.21503 -13 2055 1 0 1
-27.5665 1.95625 225.556 -8.01351 0.76117 64.9069 0.276902 -13 2056 1 0 1
9.54932 2.83354 225.556 2.67047 1.08733 60.4371 3.58841 -13 2057 1 0 1
10.3526 -21.638 225.556 2.68979 -6.49003 62.5562 0.01776 -13 2058 1 0 1
-18.9606 23.919 225.556 -4.53766 6.37624 57.5239 -1.22573 -13 2059 1 0 1
-22.4569 16.8995 225.556 -7.79295 4.63875 72.2068 2.96329 -13 2060 1 0 1
22.7719 -9.4522 225.556 6.27202 -3.14716 63.727 1.99482 -13 2061 1 0 1
17.4323 -1.52268 225.556 5.10186 -1.42421 72.7609 3.55554 -13 2062 1 0 1
9.2017 -43.4358 225.556 1.92839 -7.92163 38.3841 0.346654 -13 2063 1 0 1
1.40968 -36.9776 225.556 0.377425 -12.8017 64.2146 1.31957 -13 2064 1 0 1
34.0305 28.9255 225.556 8.69476 8.22664 57.6686 -0.253285 -13 2065 1 0 1
4.99973 10.8244 225.556 1.43421 2.37566 56.2916 1.37295 -13 2067 1 0 1
52.7318 -11.8103 225.556 14.6176 -4.41496 64.3055 0.177942 -13 2068 1 0 1
-28.6176 -9.14491 225.556 -7.09809 -2.66792 58.1176 1.33566 -13 2069 1 0 1
-18.6423 -29.9803 225.556 -7.25114 -11.3826 76.5925 1.61133 -13 2070 1 0 1
-10.5788 9.08799 225.556 -2.02155 2.65421 51.7726 0.366029 -13 2071 1 0 1
66.6535 59.4091 225.556 14.9847 15.2877 51.5817 -0.398733 -13 2072 1 0 1
-12.2706 -49.2318 225.556 -2.88176 -14.4342 56.8801 2.49355 -13 2073 1 0 1
8.00428 4.24691 225.556 2.16118 0.987293 70.9858 0.599171 -13 2074 1 0 1
-7.13691 -20.389 225.556 -1.79134 -6.29016 59.2459 -0.386812 -13 2075 1 0 1
-5.50604 -15.8837 225.556 -1.63943 -4.9724 65.1727 1.7215 -13 2076 1 0 1
23.3314 -15.7196 225.556 6.92314 -5.15447 72.1073 1.33348 -13 2077 1 0 1
38.8536 37.1301 225.556 10.5869 11.8726 63.1376 1.15041 -13 2078 1 0 1
1.82038 -13.4331 225.556 0.438282 -5.11934 63.2504 0.982364 -13 2079 1 0 1
-0.336092 5.50927 225.556 -0.417913 2.22262 69.3456 1.17441 -13 2080 1 0 1
-0.81764 16.5829 225.556 -0.662417 5.66785 71.9624 3.02057 -13 2081 1 0 1
2.27984 35.12 225.556 0.850154 9.60536 55.1419 0.981931 -13 2082 1 0 1
37.9808 38.6019 225.556 10.5048 11.6487 63.7504 3.46983 -13 2083 1 0 1
8.36455 52.0383 225.556 2.20139 15.2024 58.896 1.53778 -13 2085 1 0 1
4.5645 3.02983 225.556 1.13373 1.0747 68.1703 1.4711 -13 2086 1 0 1
10.2591 19.9758 225.556 2.87341 5.98325 62.2659 1.73211 -13 2087 1 0 1
-40.803 -19.8944 225.556 -14.6477 -7.09341 75.6641 0.446677 -13 2089 1 0 1
12.2439 -15.8418 225.556 2.62462 -3.21734 40.4893 1.08939 -13 2090 1 0 1
-7.93922 -4.05586 225.556 -2.62397 -1.28029 69.3723 -0.517118 -13 2091 1 0 1
-4.31013 79.8881 225.556 -1.00602 23.2069 57.7897 1.72156 -13 2092 1 0 1
49.1899 -56.5147 225.556 8.89371 -11.0163 41.0544 1.14935 -13 2093 1 0 1
-7.2577 -11.5206 225.556 -1.98718 -4.16475 61.7543 2.45088 -13 2094 1 0 1
4.42958 9.55335 225.556 0.784165 3.57974 74.8215 2.01756 -13 2095 1 0 1
22.9696 -12.1665 225.556 6.04715 -3.29348 58.4134 1.36426 -13 2096 1 0 1
0.375919 -4.16132 225.556 0.036902 -0.694528 59.4894 1.04049 -13 2097 1 0 1
0.183429 63.8438 225.556 0.278239 16.9065 53.2575 1.23005 -13 2098 1 0 1
-38.2613 -3.80246 225.556 -10.4913 -0.912629 63.0601 0.926731 -13 2099 1 0 1
-27.1009 -48.2143 225.556 -4.84019 -10.8868 45.5306 1.37698 -13 2100 1 0 1
31.6005 -42.5896 225.556 7.47146 -11.2218 52.1104 0.91002 -13 2101 1 0 1
-22.9712 -6.00562 225.556 -1.54967 -0.79768 20.6565 6.29135 -13 2102 1 0 1
-7.18132 -14.0771 225.556 -2.27271 -4.81117 66.3869 0.560804 -13 2103 1 0 1
8.00218 9.34389 225.556 2.18518 3.02245 69.5401 1.51639 -13 2104 1 0 1
2.7594 -32.9289 225.556 -0.0613742 -12.2897 77.7005 0.0861802 -13 2105 1 0 1
-12.3622 20.6446 225.556 -4.09938 7.25226 69.2163 1.22081 -13 2108 1 0 1
-8.23268 4.79115 225.556 -1.76982 1.31757 56.6612 0.664687 -13 2109 1 0 1
16.6692 59.9364 225.556 4.62755 18.5543 63.58 1.21294 -13 2110 1 0 1
-23.3624 -47.7014 225.556 -4.94815 -12.6646 52.2528 2.9012 -13 2111 1 0 1
7.18185 17.2186 225.556 2.02074 5.16573 61.047 0.423889 -13 2112 1 0 1
-1.63186 6.35523 225.556 -0.907345 2.64496 71.4292 0.259526 -13 2113 1 0 1
-11.7972 -38.8649 225.556 -2.53646 -10.6545 54.7542 2.92634 -13 2114 1 0 1
-33.8533 -37.8838 225.556 -9.24345 -11.6884 61.717 3.96699 -13 2115 1 0 1
21.9667 -2.99589 225.556 6.06152 -1.15122 60.3417 1.25075 -13 2116 1 0 1
21.0361 29.514 225.556 5.9614 9.22981 66.6319 1.30148 -13 2117 1 0 1
-6.14343 22.5602 225.556 -1.85185 6.93962 65.8045 0.0823173 -13 2118 1 0 1
-0.713394 19.6327 225.556 -0.526006 5.60847 67.9337 1.29514 -13 2119 1 0 1
12.1914 -4.58486 225.556 3.35236 -1.06403 57.0387 -1.21539 -13 2120 1 0 1
12.0183 31.975 225.556 3.14628 9.32552 58.2595 3.35584 -13 2121 1 0 1
-29.3158 -17.9048 225.556 -7.66304 -5.74513 61.1866 3.03428 -13 2122 1 0 1
-1.97466 -1.09605 225.556 -1.41276 -0.396915 76.9657 1.77279 -13 2123 1 0 1
-39.6925 37.9341 225.556 -7.88584 8.48704 48.0107 4.18592 -13 2124 1 0 1
-25.281 -21.1015 225.556 -5.81022 -5.65954 54.9465 0.744784 -13 2125 1 0 1
-18.3254 31.88 225.556 -6.89219 11.9985 75.4464 0.666403 -13 2126 1 0 1
22.8276 -14.4673 225.556 6.16297 -4.79858 60.9206 0.727426 -13 2127 1 0 1
3.20765 -23.8155 225.556 0.743545 -7.35666 68.4461 3.53777 -13 2128 1 0 1
-18.6241 24.1679 225.556 -5.96114 8.2298 67.5583 0.759466 -13 2129 1 0 1
-2.7169 12.6001 225.556 -0.753564 3.18375 64.4907 1.11301 -13 2130 1 0 1
-24.7305 -19.2286 225.556 -6.40351 -5.57806 60.429 3.39516 -13 2131 1 0 1
13.0015 17.8337 225.556 3.56268 7.1139 77.1715 2.02861 -13 2132 1 0 1
-12.7389 37.7952 225.556 -2.57352 11.5708 55.515 1.87089 -13 2133 1 0 1
-14.0081 31.0351 225.556 -4.31879 10.8206 66.9259 0.870787 -13 2134 1 0 1
88.9843 -49.8131 225.556 24.1261 -14.953 63.1106 2.40064 -13 2135 1 0 1
-27.895 8.6923 225.556 -7.78876 2.77507 63.9998 1.88068 -13 2136 1 0 1
40.5858 30.0366 225.556 11.4662 9.00218 66.2701 -0.0758375 -13 2137 1 0 1
-27.4174 26.2201 225.556 -8.33488 8.77365 67.8555 0.269904 -13 2138 1 0 1
19.9375 8.11356 225.556 5.86888 2.78733 71.6886 2.3998 -13 2139 1 0 1
-45.9412 19.5275 225.556 -8.61665 4.71939 44.9049 0.863935 -13 2140 1 0 1
17.5573 -32.0338 225.556 4.88747 -10.0081 63.9557 2.71023 -13 2141 1 0 1
25.4751 21.3862 225.556 7.61545 8.84425 77.1943 2.11663 -13 2142 1 0 1
23.1289 11.3116 225.556 5.64264 2.90348 53.4325 0.612333 -13 2143 1 0 1
-42.715 -15.5482 225.556 -10.6828 -4.44535 58.479 1.04376 -13 2144 1 0 1
-39.7721 6.93022 225.556 -2.35278 0.674872 17.8398 6.54207 -13 2145 1 0 1
52.1693 -42.1394 225.556 13.5471 -12.577 59.5756 1.24928 -13 2146 1 0 1
28.891 55.6241 225.556 6.25528 13.352 47.7669 2.27112 -13 2147 1 0 1
7.37404 21.514 225.556 2.14209 6.09738 58.0646 1.76215 -13 2148 1 0 1
-40.9513 18.642 225.556 -11.0722 5.66467 62.2657 1.56718 -13 2149 1 0 1
-7.37376 34.7971 225.556 -1.37285 9.40246 53.3841 0.681526 -13 2150 1 0 1
-19.3852 -0.559969 225.556 -6.08677 -0.334423 68.4804 -0.312133 -13 2151 1 0 1
-52.7067 7.15982 225.556 -14.5753 2.55611 62.9432 0.797931 -13 2152 1 0 1
-32.7768 -37.4225 225.556 -7.73335 -10.0464 55.9633 -0.684406 -13 2153 1 0 1
66.9882 70.0227 225.556 14.0211 16.9522 47.7506 1.87585 -13 2154 1 0 1
6.20417 4.51124 225.556 1.7425 2.11974 64.7197 0.681344 -13 2155 1 0 1
-6.8206 9.69212 225.556 -2.34853 2.85257 68.3204 3.58115 -13 2156 1 0 1
2.23121 -16.5675 225.556 -0.217296 -6.49623 79.3705 2.72785 -13 2157 1 0 1
-30.4864 -7.02797 225.556 -6.02106 -1.54324 48.8683 2.4562 -13 2158 1 0 1
-34.3799 -19.9923 225.556 -7.61403 -4.95175 53.3663 3.09673 -13 2159 1 0 1
-18.4395 -53.3741 225.556 -4.47769 -15.9985 58.4336 3.05096 -13 2160 1 0 1
24.8894 9.95222 225.556 7.26179 3.34501 68.9117 3.4065 -13 2161 1 0 1
-28.3735 -13.3096 225.556 -11.3531 -5.83479 80.2671 3.16936 -13 2162 1 0 1
2.49404 21.4514 225.556 0.857428 6.6075 63.3391 1.97422 -13 2163 1 0 1
-10.8471 41.6016 225.556 -3.00112 13.7493 64.2112 0.860467 -13 2165 1 0 1
-18.8323 12.0344 225.556 -4.05672 3.20512 53.5569 0.132523 -13 2166 1 0 1
7.60471 5.82847 225.556 1.89638 1.9105 70.5805 2.89119 -13 2167 1 0 1
-16.9654 -1.42967 225.556 -6.88029 -0.274103 78.3065 0.349387 -13 2169 1 0 1
46.819 -137.415 225.556 6.64311 -23.4507 32.2261 2.71937 -13 2170 1 0 1
12.916 30.4353 225.556 3.51728 8.93138 61.5 4.15478 -13 2171 1 0 1
-22.2207 33.2601 225.556 -5.22402 9.20752 56.2893 0.815318 -13 2172 1 0 1
-42.9089 7.87902 225.556 -13.9374 1.93905 71.2034 -1.60719 -13 2173 1 0 1
-4.59595 -44.3613 225.556 -0.348192 -8.65391 41.8085 0.188441 -13 2174 1 0 1
12.2189 32.8315 225.556 3.45626 11.7092 67.752 1.67116 -13 2175 1 0 1
-21.5067 -35.8397 225.556 -2.20354 -4.99416 28.0745 5.03912 -13 2176 1 0 1
-10.2839 -12.9649 225.556 -4.21373 -4.83298 75.8534 1.76845 -13 2177 1 0 1
-20.5615 -35.2962 225.556 -3.56685 -7.89241 43.8544 3.62899 -13 2178 1 0 1
-32.5362 5.32226 225.556 -10.2261 1.89171 68.6531 2.31043 -13 2179 1 0 1
3.41248 -74.216 225.556 1.09309 -18.5404 49.7003 0.945591 -13 2180 1 0 1
-16.2458 42.4942 225.556 -5.26278 14.8792 69.5693 1.2231 -13 2181 1 0 1
-5.07664 -28.8468 225.556 -0.785334 -6.73174 50.4022 1.79065 -13 2182 1 0 1
14.92 -14.4191 225.556 4.08508 -4.7744 66.9484 0.80391 -13 2183 1 0 1
-9.46699 2.47183 225.556 -3.97417 0.484391 75.5253 0.551933 -13 2184 1 0 1
-0.586246 -4.78078 225.556 -1.52818 -2.75077 79.1948 1.58737 -13 2185 1 0 1
-7.21771 15.8865 225.556 -2.56039 5.637 70.3585 2.16233 -13 2186 1 0 1
29.6672 -18.5089 225.556 8.6798 -6.31592 69.6631 1.15154 -13 2187 1 0 1
-45.965 -29.0871 225.556 -16.239 -10.6393 75.753 2.69112 -13 2188 1 0 1
-2.32344 -57.1363 225.556 -0.379058 -16.1135 55.3625 2.71969 -13 2189 1 0 1
-22.8628 24.8669 225.556 -8.34531 9.51826 75.3806 0.809513 -13 2190 1 0 1
-8.63987 -2.86057 225.556 -1.81694 -0.342518 54.1765 0.257896 -13 2191 1 0 1
-27.5649 -2.79501 225.556 -9.67446 -0.104704 73.9646 2.15374 -13 2192 1 0 1
-26.9205 3.47655 225.556 -5.39789 0.958298 50.827 2.20647 -13 2193 1 0 1
-19.998 -3.89495 225.556 -5.29267 -1.21211 60.6358 2.42301 -13 2194 1 0 1
-5.39244 -19.2316 225.556 -2.02902 -6.36329 69.6076 2.89238 -13 2195 1 0 1
5.20193 59.9356 225.556 0.6939 21.7663 74.3976 1.89446 -13 2196 1 0 1
14.8574 9.32708 225.556 4.13978 3.9398 75.1141 2.32587 -13 2197 1 0 1
-2.37586 -2.50295 225.556 -1.64216 -1.39609 76.9863 1.81705 -13 2198 1 0 1
0.847538 0.961976 225.556 0.219414 0.834653 64.5064 2.61086 -13 2199 1 0 1
-10.8199 19.5718 225.556 -2.98181 5.79524 63.8458 1.47873 -13 2200 1 0 1
-5.33925 -22.9978 225.556 -1.28325 -6.30995 58.9628 3.16995 -13 2201 1 0 1
15.835 21.7236 225.556 4.50736 7.5271 70.4237 3.64766 -13 2202 1 0 1
12.4484 10.2388 225.556 3.504 3.4806 64.5543 3.2654 -13 2203 1 0 1
13.5988 -25.1932 225.556 3.79309 -8.84084 68.9399 2.66509 -13 2204 1 0 1
2.16323 42.8773 225.556 0.204176 15.3921 70.0221 2.35482 -13 2205 1 0 1
3.76138 54.2969 225.556 1.08666 13.8395 52.0401 1.90913 -13 2206 1 0 1
-24.7218 -15.7276 225.556 -7.39078 -5.05629 66.9969 0.917546 -13 2207 1 0 1
-44.8588 -23.0241 225.556 -6.42238 -4.1547 36.0451 4.93668 -13 2208 1 0 1
-27.8379 18.1742 225.556 -6.85941 5.26862 57.5579 3.03974 -13 2209 1 0 1
50.3837 38.1503 225.556 11.2751 8.80767 50.0574 2.15635 -13 2210 1 0 1
-23.2 -2.54081 225.556 -7.24279 -1.03499 68.9857 -1.14356 -13 2211 1 0 1
-8.43768 -18.5811 225.556 -3.37506 -6.25869 73.2514 0.779074 -13 2212 1 0 1
-14.8172 8.57411 225.556 -3.81288 2.41446 62.465 2.45212 -13 2213 1 0 1
-41.888 -19.6203 225.556 -14.6336 -7.10945 75.1143 2.18627 -13 2214 1 0 1
-76.621 107.949 225.556 -16.838 27.0938 51.0382 -0.202923 -13 2215 1 0 1
-38.5083 -39.5728 225.556 -11.2061 -11.8854 64.8454 1.48608 -13 2216 1 0 1
9.65472 41.8331 225.556 2.57332 13.3179 66.7908 3.90814 -13 2217 1 0 1
-21.741 -35.063 225.556 -5.06157 -8.97192 56.6432 1.74206 -13 2218 1 0 1
-17.6362 49.3282 225.556 -5.14687 15.4846 64.8533 0.0616399 -13 2219 1 0 1
11.3775 -4.74391 225.556 3.17409 -0.853801 66.5273 1.62983 -13 2220 1 0 1
-18.6033 -19.8396 225.556 -4.92431 -5.62166 61.5482 1.91233 -13 2221 1 0 1
-14.7247 -8.30421 225.556 -2.1529 -1.23462 40.2626 2.54463 -13 2223 1 0 1
58.1623 -12.7691 225.556 17.6823 -4.26525 72.253 0.606694 -13 2224 1 0 1
20.0047 25.1716 225.556 4.25153 5.7818 45.3566 2.33542 -13 2225 1 0 1
5.03299 8.19601 225.556 1.06397 2.42385 74.5455 0.897617 -13 2226 1 0 1
-3.38216 16.5493 225.556 -1.05751 4.95387 64.4115 1.13867 -13 2227 1 0 1
-7.40747 -5.64614 225.556 -2.66845 -0.823535 68.8577 1.92233 -13 2228 1 0 1
19.9052 -14.9118 225.556 5.33537 -6.49602 78.7833 3.45996 -13 2229 1 0 1
12.7376 17.4358 225.556 3.02106 4.4509 45.8189 2.67503 -13 2230 1 0 1
-35.7351 24.2637 225.556 -9.58391 7.30749 62.2348 0.59388 -13 2231 1 0 1
14.7581 23.0544 225.556 3.74054 6.9136 53.8919 1.34619 -13 2232 1 0 1
-25.6784 -30.5516 225.556 -7.73762 -9.91054 67.0651 -0.668691 -13 2233 1 0 1
1.22726 -7.41482 225.556 0.250389 -2.40554 63.2279 0.464229 -13 2234 1 0 1
15.3333 32.0943 225.556 3.64298 8.15265 50.2957 0.059669 -13 2235 1 0 1
-25.8728 -11.5834 225.556 -6.90996 -4.11545 61.0968 3.02777 -13 2236 1 0 1
-13.2417 9.21612 225.556 -6.04229 3.43173 81.4264 4.37858 -13 2237 1 0 1
2.3256 11.5029 225.556 0.69009 3.6722 61.9237 2.64103 -13 2238 1 0 1
20.591 -47.5777 225.556 5.62225 -15.1191 65.1 4.21177 -13 2239 1 0 1
-28.2296 -21.9714 225.556 -9.52913 -8.25573 71.7775 0.814857 -13 2240 1 0 1
-7.488 7.97075 225.556 -2.52583 3.07994 68.5607 -0.105617 -13 2241 1 0 1
-6.25028 3.9861 225.556 -2.17308 1.40447 70.4613 2.46863 -13 2242 1 0 1
4.75661 45.2441 225.556 1.40878 12.9564 58.2956 1.51222 -13 2243 1 0 1
-15.4023 55.5974 225.556 -3.02674 14.5648 50.8661 1.81364 -13 2244 1 0 1
7.33199 17.1046 225.556 1.97224 6.16859 69.5529 2.30452 -13 2245 1 0 1
-26.3634 3.94852 225.556 -8.70775 2.4766 71.6256 2.42528 -13 2246 1 0 1
-0.0172746 -2.58743 225.556 -1.38438 -1.22419 81.3625 -0.110882 -13 2247 1 0 1
21.9387 -6.82583 225.556 6.51933 -3.07351 75.9822 0.559036 -13 2248 1 0 1
46.5325 -7.04038 225.556 12.2337 -1.51264 59.8916 1.63613 -13 2249 1 0 1
2.58246 21.118 225.556 -0.0505251 7.23594 77.5159 2.10686 -13 2250 1 0 1
22.0832 -10.916 225.556 6.32825 -3.07749 68.7354 1.42112 -13 2251 1 0 1
1.20098 42.4662 225.556 0.418062 12.1401 60.5332 1.4981 -13 2252 1 0 1
44.9409 60.5482 225.556 9.94147 15.86 50.8435 3.68806 -13 2253 1 0 1
-33.5165 33.2059 225.556 -9.1397 10.204 62.5673 -0.87262 -13 2254 1 0 1
9.33591 -14.4963 225.556 2.48571 -4.55728 59.7458 2.20526 -13 2256 1 0 1
51.2539 -20.3733 225.556 13.4648 -6.15517 60.3275 0.0260541 -13 2257 1 0 1
22.6755 -56.2026 225.556 5.64148 -15.6674 55.8831 2.14208 -13 2258 1 0 1
35.694 3.48982 225.556 9.67113 1.38593 61.4433 1.67075 -13 2259 1 0 1
49.8463 -12.1704 225.556 13.6031 -4.65403 62.7468 2.21077 -13 2260 1 0 1
-28.7652 46.7028 225.556 -11.0117 18.546 77.1489 2.75101 -13 2261 1 0 1
-9.08505 34.6955 225.556 -1.95215 9.70363 55.9462 2.56213 -13 2262 1 0 1
-25.4334 -18.7669 225.556 -8.27258 -5.67919 69.7891 2.15829 -13 2263 1 0 1
14.7531 -33.7305 225.556 4.01141 -10.96 63.8738 1.65452 -13 2264 1 0 1
12.661 -18.5114 225.556 3.61964 -5.9919 68.4845 0.496528 -13 2265 1 0 1
-35.337 32.7102 225.556 -8.47866 9.40296 56.4526 3.0716 -13 2266 1 0 1
19.7529 -23.5679 225.556 5.42672 -6.54445 63.6296 2.87745 -13 2267 1 0 1
-27.1964 38.536 225.556 -5.08092 8.70334 46.7339 0.468489 -13 2268 1 0 1
-27.9557 -35.1897 225.556 -8.74905 -12.9602 68.4754 1.46656 -13 2269 1 0 1
-5.46418 -19.7497 225.556 -2.86641 -6.83443 77.3103 0.788992 -13 2270 1 0 1
4.6188 19.4344 225.556 1.28684 6.09432 69.131 0.345125 -13 2271 1 0 1
-49.9809 6.54555 225.556 -18.5131 2.0329 78.6674 0.723681 -13 2272 1 0 1
11.927 16.5556 225.556 3.18284 4.73863 59.5769 0.584751 -13 2273 1 0 1
-30.0547 -11.5246 225.556 -10.8372 -4.76569 75.3135 0.0595566 -13 2274 1 0 1
2.5592 -44.545 225.556 1.06346 -10.9292 48.6221 1.59922 -13 2275 1 0 1
25.5287 -0.470569 225.556 7.36589 -0.727856 66.9515 0.854715 -13 2276 1 0 1
-33.4589 -10.4397 225.556 -8.14688 -2.34038 57.1559 0.0723164 -13 2277 1 0 1
-6.99128 5.81351 225.556 -2.55703 1.72631 70.6019 2.27957 -13 2278 1 0 1
-12.4478 22.7801 225.556 -5.0958 9.67522 76.2243 2.01625 -13 2279 1 0 1
-9.28056 -12.5563 225.556 -2.44338 -3.73291 60.6218 1.06368 -13 2280 1 0 1
19.2038 -14.1122 225.556 5.12432 -4.23696 61.4924 -1.39421 -13 2281 1 0 1
-36.8004 8.22058 225.556 -11.1868 2.68535 67.1261 2.12955 -13 2282 1 0 1
-32.8515 17.2043 225.556 -5.37819 3.26051 42.3212 3.47659 -13 2283 1 0 1
-19.8799 6.78394 225.556 -6.73797 1.90366 71.8297 -0.108236 -13 2284 1 0 1
-34.9641 15.9684 225.556 -5.25101 3.31174 38.2102 2.53976 -13 2285 1 0 1
-10.1732 -8.22045 225.556 -2.02818 -2.17347 52.6218 1.20243 -13 2286 1 0 1
-19.9957 5.1714 225.556 -4.52769 1.59851 55.7047 -0.333357 -13 2287 1 0 1
-8.46867 4.13014 225.556 -2.65129 1.46329 66.448 1.79133 -13 2288 1 0 1
-24.7853 -16.1346 225.556 -6.41881 -5.35898 60.2806 3.36083 -13 2289 1 0 1
-15.6495 -48.9968 225.556 -5.76379 -17.8535 72.9346 1.695 -13 2290 1 0 1
-27.2053 -63.2454 225.556 -5.32058 -15.5551 48.5253 2.26546 -13 2291 1 0 1
11.9056 3.94023 225.556 3.13463 1.72651 71.1558 1.01559 -13 2292 1 0 1
47.8768 -28.7364 225.556 12.0257 -8.63731 57.0614 1.05773 -13 2293 1 0 1
-7.20201 24.4056 225.556 -1.91128 8.27074 64.307 2.45108 -13 2294 1 0 1
-19.166 -11.9158 225.556 -6.59246 -3.4991 72.2809 3.36355 -13 2295 1 0 1
-5.75437 -59.1169 225.556 -2.03443 -19.4746 67.4004 1.47619 -13 2296 1 0 1
-18.6041 -9.79398 225.556 -3.4049 -2.63853 46.3758 -1.14942 -13 2297 1 0 1
-47.1992 71.5984 225.556 -6.27811 12.8164 34.4882 0.778343 -13 2298 1 0 1
-48.8387 -26.1775 225.556 -15.6775 -9.11786 70.7568 0.282156 -13 2299 1 0 1
-29.4935 -2.55285 225.556 -9.71773 -0.462996 71.3178 2.42743 -13 2300 1 0 1
-8.4544 -21.7438 225.556 -2.04965 -5.60711 57.8317 0.983467 -13 2301 1 0 1
0.370743 6.60115 225.556 0.524276 1.56891 48.5612 0.541076 -13 2302 1 0 1
-43.9841 -42.4204 225.556 -10.6545 -12.1721 56.3381 1.78196 -13 2303 1 0 1
-1.0465 8.93976 225.556 -0.410993 2.59774 65.7265 1.12934 -13 2304 1 0 1
-28.0895 12.3537 225.556 -5.82969 3.31564 51.2302 0.99782 -13 2305 1 0 1
-18.1661 5.0075 225.556 -5.94144 2.13462 70.1434 4.03206 -13 2306 1 0 1
-11.1437 15.1336 225.556 -3.97518 6.36872 71.1759 1.74329 -13 2307 1 0 1
-28.1519 -19.1644 225.556 -8.72461 -5.4342 68.6767 2.35647 -13 2308 1 0 1
-2.87414 -26.247 225.556 -0.775315 -7.79153 61.8766 1.08753 -13 2309 1 0 1
-40.5734 -14.8111 225.556 -10.8937 -4.70117 61.5426 1.19435 -13 2310 1 0 1
-30.8 36.9849 225.556 -11.9649 14.0951 77.2566 0.741494 -13 2312 1 0 1
42.7014 35.0797 225.556 8.79463 8.20684 46.2693 0.114752 -13 2313 1 0 1
-26.1991 46.7658 225.556 -9.87973 17.4989 76.1655 -0.0491417 -13 2314 1 0 1
17.6849 -2.85639 225.556 5.08735 0.0999125 73.7876 2.86532 -13 2315 1 0 1
21.4157 -36.3605 225.556 5.66067 -10.2156 58.4078 1.47527 -13 2316 1 0 1
18.8306 4.97177 225.556 4.85876 1.60464 56.5087 1.81868 -13 2318 1 0 1
7.89507 -38.2141 225.556 1.88465 -8.57853 42.0586 1.07159 -13 2319 1 0 1
19.4332 -25.3565 225.556 5.5276 -7.604 66.6035 3.84204 -13 2320 1 0 1
-18.7811 -7.97735 225.556 -7.10073 -3.05627 76.2053 1.58191 -13 2321 1 0 1
-22.1138 42.3726 225.556 -7.49679 14.6822 71.2975 -1.1622 -13 2322 1 0 1
74.1018 13.1661 225.556 16.8884 3.48621 52.5701 0.70678 -13 2323 1 0 1
-5.02771 4.31862 225.556 -2.11326 1.61654 71.076 2.25229 -13 2324 1 0 1
-5.06015 0.894636 225.556 -1.79071 0.317756 67.7335 1.1173 -13 2325 1 0 1
71.5015 47.0261 225.556 12.8396 9.38611 41.3247 4.34852 -13 2326 1 0 1
21.1084 5.00419 225.556 5.44634 1.13876 53.858 1.03852 -13 2327 1 0 1
45.7292 6.19186 225.556 13.3272 1.78694 68.2266 2.57653 -13 2328 1 0 1
-12.7537 -3.11438 225.556 -2.54414 -1.08307 51.9001 1.22991 -13 2329 1 0 1
-9.14426 -26.564 225.556 -3.7917 -9.70733 74.8867 3.60284 -13 2330 1 0 1
7.58774 18.0332 225.556 2.03381 7.25762 66.0234 -0.138702 -13 2331 1 0 1
-1.58511 53.7709 225.556 -0.074236 12.7141 47.7764 -0.448509 -13 2332 1 0 1
13.3563 3.02658 225.556 3.59794 1.24967 55.1687 1.43603 -13 2334 1 0 1
-30.372 -7.52908 225.556 -6.39326 -2.24351 51.557 1.87785 -13 2335 1 0 1
-19.1443 37.6408 225.556 -5.10887 12.2156 61.4348 2.02423 -13 2336 1 0 1
20.2251 -0.369505 225.556 5.54241 -0.229915 61.5365 -0.122839 -13 2337 1 0 1
-15.1114 36.649 225.556 -3.69427 11.3104 57.9942 1.61869 -13 2338 1 0 1
-26.0099 64.2542 225.556 -4.41279 13.9384 42.9604 -0.677027 -13 2339 1 0 1
-4.15356 -20.5332 225.556 -2.56164 -8.13237 79.5202 1.77096 -13 2340 1 0 1
17.9619 -31.9622 225.556 4.88165 -10.2962 64.3595 3.34057 -13 2341 1 0 1
36.5285 54.7898 225.556 8.44356 14.4169 51.9048 1.45159 -13 2343 1 0 1
-42.592 -0.264486 225.556 -15.2805 0.779773 76.3504 1.02496 -13 2344 1 0 1
-20.387 19.2388 225.556 -5.23717 6.10494 59.4695 2.5647 -13 2345 1 0 1
-21.7693 -9.79536 225.556 -6.02794 -2.2424 62.9807 0.827058 -13 2346 1 0 1
12.2244 -6.28682 225.556 3.18566 -2.26857 52.9848 3.66198 -13 2348 1 0 1
-46.5848 7.88149 225.556 -5.82846 1.22928 32.0938 4.04921 -13 2349 1 0 1
15.0424 0.737737 225.556 4.1018 0.422849 55.906 1.20168 -13 2350 1 0 1
-14.7572 -11.3339 225.556 -4.93772 -3.2993 69.6366 -0.0312071 -13 2351 1 0 1
-23.7902 13.6425 225.556 -7.34981 4.63628 67.4533 1.57882 -13 2352 1 0 1
-69.3777 -15.5929 225.556 -15.8853 -4.86763 53.7896 0.717767 -13 2353 1 0 1
-17.5312 39.2954 225.556 -4.13346 11.2489 56.3979 3.26939 -13 2354 1 0 1
-7.80622 -37.5557 225.556 -2.65996 -12.9938 67.9394 0.184178 -13 2355 1 0 1
-6.06469 46.5335 225.556 -2.16065 15.7567 68.3946 3.45281 -13 2356 1 0 1
-17.0109 28.5023 225.556 -4.06054 8.12454 56.6885 0.188519 -13 2357 1 0 1
11.6285 11.4577 225.556 3.24455 3.46712 59.1314 0.256581 -13 2358 1 0 1
38.7036 -44.7313 225.556 7.36544 -9.38798 41.6214 2.1284 -13 2359 1 0 1
-28.695 -11.8063 225.556 -10.0237 -4.02324 73.7107 0.467474 -13 2360 1 0 1
-18.6085 -26.4456 225.556 -4.62711 -7.49635 59.8481 1.6783 -13 2361 1 0 1
-42.8267 -9.05975 225.556 -8.85861 -2.04105 49.7674 1.31162 -13 2362 1 0 1
-17.265 17.1257 225.556 -5.44048 6.0228 67.8166 0.363044 -13 2363 1 0 1
-3.79342 -7.98314 225.556 -1.91413 -2.56697 75.682 2.73408 -13 2364 1 0 1
1.13107 -15.6222 225.556 0.0179688 -4.47797 68.0953 3.96001 -13 2365 1 0 1
11.779 18.6717 225.556 3.2608 6.13902 74.7543 1.89299 -13 2366 1 0 1
-22.0311 7.47989 225.556 -7.39127 2.98672 71.4353 1.01639 -13 2367 1 0 1
19.6529 18.6671 225.556 5.6378 6.33084 70.3391 1.54277 -13 2368 1 0 1
-10.0988 9.41628 225.556 -2.38379 2.9226 59.6022 1.219 -13 2369 1 0 1
46.9641 -2.60752 225.556 13.924 0.242275 69.7362 1.54371 -13 2370 1 0 1
16.095 22.7026 225.556 4.5548 6.76438 63.725 0.277546 -13 2371 1 0 1
-28.6753 14.7206 225.556 -10.0857 5.83223 75.0722 4.2184 -13 2372 1 0 1
10.3417 48.5821 225.556 2.61053 15.934 68.8406 2.19172 -13 2373 1 0 1
-40.2626 -2.20033 225.556 -13.9258 -0.849985 73.8921 2.97976 -13 2374 1 0 1
4.86506 -48.3502 225.556 1.33901 -11.9803 49.8867 1.56426 -13 2375 1 0 1
18.0759 18.681 225.556 5.02137 5.4654 63.5009 0.461522 -13 2376 1 0 1
-6.1668 -2.76621 225.556 -2.05474 -1.42959 69.3394 2.27604 -13 2377 1 0 1
31.4871 39.5952 225.556 9.47391 14.3184 74.3954 2.22311 -13 2378 1 0 1
6.5839 -48.0393 225.556 1.44132 -16.3579 68.5894 3.85641 -13 2379 1 0 1
-14.0856 -13.6125 225.556 -4.80588 -4.70397 70.6817 0.867132 -13 2380 1 0 1
-47.1949 11.1851 225.556 -9.48435 2.93554 48.2864 1.30503 -13 2381 1 0 1
-16.3551 -4.95476 225.556 -3.37363 -1.2093 52.9138 1.45246 -13 2382 1 0 1
4.22043 57.7877 225.556 1.01198 16.98 60.1532 0.188758 -13 2383 1 0 1
-12.0528 29.896 225.556 -4.20526 9.74797 70.9216 1.74812 -13 2384 1 0 1
-4.57563 -22.7947 225.556 -0.59467 -4.85003 49.4515 2.32655 -13 2385 1 0 1
25.789 -22.3986 225.556 4.62994 -4.31932 40.4489 0.298314 -13 2386 1 0 1
-7.19922 -10.595 225.556 -3.04383 -3.61017 74.7396 3.73941 -13 2387 1 0 1
-42.1745 18.5494 225.556 -15.1914 6.87908 76.1314 1.21198 -13 2388 1 0 1
3.02346 -23.2056 225.556 0.792658 -7.37522 61.2833 -0.779345 -13 2389 1 0 1
28.33 -5.61422 225.556 8.01211 -1.87239 66.3825 -0.399681 -13 2390 1 0 1
60.9183 -27.7245 225.556 14.1105 -7.55297 53.0188 2.13998 -13 2391 1 0 1
-72.3697 -15.9617 225.556 -21.0437 -4.42004 65.4744 0.934372 -13 2392 1 0 1
-13.422 -3.9043 225.556 -4.46204 -0.897752 69.5649 0.642542 -13 2393 1 0 1
19.4386 12.6795 225.556 5.57554 4.36678 66.9343 2.18597 -13 2394 1 0 1
15.7922 15.4445 225.556 4.43292 5.34956 70.5332 2.28778 -13 2395 1 0 1
-0.559673 1.52579 225.556 -0.0341662 1.00269 60.4628 3.91236 -13 2396 1 0 1
3.84855 -6.92912 225.556 0.470697 -2.95142 74.8255 0.236333 -13 2397 1 0 1
-48.9426 3.75572 225.556 -9.07254 -0.075118 45.9394 1.88306 -13 2398 1 0 1
27.7479 -0.0712525 225.556 6.92206 0.152402 56.7964 2.05254 -13 2399 1 0 1
-30.1243 -9.54823 225.556 -7.30812 -2.71602 57.7378 1.92308 -13 2400 1 0 1
-31.5572 14.7213 225.556 -4.89707 3.02195 39.0518 0.54744 -13 2401 1 0 1
-44.4397 26.2972 225.556 -10.894 7.62815 57.5342 3.75713 -13 2402 1 0 1
28.7675 21.7259 225.556 7.1471 6.08728 53.8836 0.893573 -13 2403 1 0 1
12.0939 41.6677 225.556 3.16271 13.8336 68.9723 2.10916 -13 2404 1 0 1
-3.12674 -20.7055 225.556 -1.11674 -6.83398 66.8688 2.6048 -13 2405 1 0 1
26.9687 -12.0343 225.556 6.08592 -2.83232 49.0151 0.642627 -13 2406 1 0 1
-9.66788 22.6429 225.556 -2.37581 6.33155 60.1549 3.63798 -13 2407 1 0 1
-9.98166 -33.3573 225.556 -2.45508 -10.143 59.4733 1.33609 -13 2408 1 0 1
7.63589 -14.0063 225.556 2.05245 -4.26087 67.6709 2.70339 -13 2409 1 0 1
29.3873 27.2159 225.556 8.46801 9.47182 67.5866 -0.109419 -13 2410 1 0 1
-11.0186 4.72791 225.556 -2.86316 1.62842 61.6246 0.901044 -13 2411 1 0 1
-25.6927 -28.7853 225.556 -7.65238 -9.56537 66.4998 2.65169 -13 2412 1 0 1
-40.7807 -13.475 225.556 -14.5103 -4.92865 75.7937 3.90139 -13 2413 1 0 1
-20.056 -9.35029 225.556 -8.38682 -3.27115 78.8258 -2.00839 -13 2414 1 0 1
32.4731 5.75595 225.556 9.7207 0.916871 69.8191 1.19577 -13 2415 1 0 1
-13.4623 14.7175 225.556 -5.03786 5.1403 74.2642 2.09685 -13 2416 1 0 1
-1.19747 -74.5152 225.556 -0.0189394 -17.8061 48.1885 4.87363 -13 2417 1 0 1
-29.0185 -0.694484 225.556 -8.64352 -0.576458 66.6134 2.27355 -13 2418 1 0 1
-4.22023 44.4661 225.556 -0.689512 11.1891 51.7042 1.0881 -13 2419 1 0 1
-19.6414 -29.327 225.556 -6.82211 -10.4997 72.0622 -1.77916 -13 2420 1 0 1
-3.32961 47.3684 225.556 -2.55438 17.687 77.4208 0.854171 -13 2421 1 0 1
18.2521 42.0011 225.556 4.8778 12.3309 58.6777 1.13598 -13 2422 1 0 1
-12.9345 -38.6943 225.556 -2.83296 -10.5664 54.8475 0.928998 -13 2423 1 0 1
-11.9095 22.9809 225.556 -5.36588 8.89171 78.214 0.0941211 -13 2424 1 0 1
2.76886 44.9727 225.556 0.985449 9.41412 42.3201 3.53362 -13 2425 1 0 1
24.2984 22.4444 225.556 6.78952 7.59142 66.4486 1.40387 -13 2426 1 0 1
-17.2922 17.3461 225.556 -3.87847 4.0832 54.6749 1.52568 -13 2427 1 0 1
12.659 -5.41512 225.556 2.88032 -1.09208 46.6311 1.03011 -13 2428 1 0 1
5.0293 25.1621 225.556 0.781028 10.614 76.9006 -0.650776 -13 2429 1 0 1
64.286 -53.5847 225.556 13.003 -12.3774 46.164 1.25096 -13 2430 1 0 1
-20.0426 3.07903 225.556 -6.7683 0.110997 71.641 3.74141 -13 2431 1 0 1
23.3329 83.0608 225.556 3.58149 13.8304 32.4073 3.59203 -13 2432 1 0 1
43.2425 -18.8111 225.556 10.4421 -5.29978 54.3859 0.471177 -13 2433 1 0 1
11.6807 9.69466 225.556 3.13296 2.36713 59.082 0.916391 -13 2434 1 0 1
-19.6626 -73.1186 225.556 -5.04358 -21.4641 59.2901 2.47186 -13 2435 1 0 1
6.03821 -6.62633 225.556 1.54953 -1.48584 64.4636 1.67492 -13 2436 1 0 1
5.87068 -13.0868 225.556 1.31826 -4.95296 69.319 1.01786 -13 2437 1 0 1
19.2051 -12.8891 225.556 4.36395 -3.1069 47.6431 1.75495 -13 2438 1 0 1
-14.1417 -10.0257 225.556 -5.08658 -4.16055 73.1303 1.57093 -13 2439 1 0 1
-55.6437 -41.9091 225.556 -15.2886 -12.1415 62.7977 2.29927 -13 2440 1 0 1
-7.83029 -15.765 225.556 -1.54732 -4.80833 52.9478 0.516901 -13 2441 1 0 1
7.69951 23.0639 225.556 1.88178 5.92745 46.2414 1.50917 -13 2442 1 0 1
-0.35422 38.9696 225.556 0.137278 10.482 53.4974 2.18867 -13 2443 1 0 1
-11.5924 -35.6896 225.556 -4.22669 -12.6798 70.8896 1.91391 -13 2444 1 0 1
8.7281 23.6761 225.556 2.40989 7.79523 69.0401 1.78997 -13 2445 1 0 1
0.504151 -4.59786 225.556 -0.24896 -1.44116 69.1805 -0.797787 -13 2446 1 0 1
-4.96227 20.8725 225.556 -2.01455 7.29903 71.9081 0.308381 -13 2447 1 0 1
-33.0945 -20.1159 225.556 -9.95913 -6.33263 66.7264 0.469865 -13 2448 1 0 1
-5.49029 -34.706 225.556 -1.52599 -10.4159 65.9273 2.48925 -13 2449 1 0 1
31.5626 -4.9222 225.556 8.70264 -1.38571 62.9351 2.58837 -13 2450 1 0 1
-23.9377 -28.8209 225.556 -6.84627 -8.8896 64.1874 3.72354 -13 2451 1 0 1
3.71763 -32.6368 225.556 1.16061 -9.96128 59.9606 3.98849 -13 2452 1 0 1
8.87081 19.8913 225.556 2.45065 6.59324 64.8718 2.3556 -13 2453 1 0 1
-16.1966 -44.5352 225.556 -4.00344 -13.7641 59.9185 1.11403 -13 2454 1 0 1
-1.80763 17.3751 225.556 -0.145602 4.43177 56.8307 1.10444 -13 2455 1 0 1
20.2088 4.28857 225.556 5.8729 1.07338 74.6203 0.140662 -13 2456 1 0 1
-26.5442 -15.4372 225.556 -5.03609 -3.45162 47.13 1.04466 -13 2457 1 0 1
-17.301 -50.7209 225.556 -4.22923 -14.3585 57.11 1.72106 -13 2458 1 0 1
-7.26966 -5.17815 225.556 -2.10882 -1.25943 64.9417 3.42357 -13 2459 1 0 1
7.87799 -3.94301 225.556 2.25475 -1.66478 65.3096 1.73473 -13 2460 1 0 1
-6.45204 -23.8283 225.556 -2.10181 -6.93349 66.2877 0.264516 -13 2461 1 0 1
-14.7533 73.622 225.556 -2.97287 19.2698 51.0397 1.14627 -13 2462 1 0 1
-17.3048 67.2424 225.556 -2.31701 12.9372 36.4452 0.648918 -13 2463 1 0 1
-5.94751 3.13874 225.556 -0.937687 0.907479 52.5138 1.55608 -13 2464 1 0 1
-25.6097 96.2494 225.556 -6.07724 26.4543 54.9952 1.71909 -13 2465 1 0 1
3.07947 -26.1095 225.556 1.01253 -6.61583 50.7987 2.07724 -13 2466 1 0 1
-10.5274 32.8593 225.556 -0.720694 4.77954 25.859 2.68018 -13 2467 1 0 1
-5.0372 5.43726 225.556 -1.77472 2.51642 68.8956 1.67605 -13 2468 1 0 1
11.3637 10.2383 225.556 2.46991 2.02264 42.3295 2.03722 -13 2469 1 0 1
-38.9819 10.2143 225.556 -8.49165 2.46187 51.8915 1.61139 -13 2470 1 0 1
-15.9611 18.4953 225.556 -6.43771 6.64003 76.9633 -0.677779 -13 2471 1 0 1
-29.6259 -41.1543 225.556 -9.07443 -13.4093 67.3869 3.09661 -13 2472 1 0 1
16.8599 -1.63346 225.556 3.91713 -0.77144 46.4347 1.64825 -13 2473 1 0 1
10.9111 45.1366 225.556 1.68398 7.4653 30.6234 5.04566 -13 2474 1 0 1
44.8969 3.93377 225.556 12.1087 1.19923 61.5691 1.6875 -13 2475 1 0 1
-24.7779 -47.7655 225.556 -5.60439 -12.9158 54.2983 1.49206 -13 2476 1 0 1
9.53897 -3.67702 225.556 2.67751 -0.877289 64.5402 0.525862 -13 2477 1 0 1
-4.66281 12.6114 225.556 -1.21137 3.24578 63.9323 0.712488 -13 2478 1 0 1
-10.4962 13.9641 225.556 -3.70335 4.94996 72.2254 -0.221105 -13 2479 1 0 1
-17.9962 18.1418 225.556 -2.8886 3.68014 41.738 0.327896 -13 2480 1 0 1
-15.019 12.828 225.556 -6.13593 5.75833 77.1971 2.03527 -13 2481 1 0 1
26.3925 57.3202 225.556 7.05614 16.6572 62.0406 2.57808 -13 2483 1 0 1
-35.6491 -36.3542 225.556 -11.0709 -11.8808 68.196 2.33987 -13 2485 1 0 1
37.1681 18.4412 225.556 9.78108 5.77164 58.4252 -0.43738 -13 2486 1 0 1
-15.2945 -10.2935 225.556 -6.36055 -3.85567 78.7679 0.46355 -13 2487 1 0 1
-3.87031 -3.30026 225.556 -2.09474 -1.16274 75.9244 0.184568 -13 2488 1 0 1
20.9491 -149.778 225.556 3.66234 -31.8674 40.2824 1.79549 -13 2489 1 0 1
-9.62727 -8.09514 225.556 -2.73901 -2.40742 64.4741 -0.375732 -13 2490 1 0 1
-11.0526 30.2472 225.556 -3.28494 9.25226 65.7306 2.79505 -13 2491 1 0 1
7.65399 -15.0411 225.556 2.07042 -4.86263 69.764 2.447 -13 2492 1 0 1
-38.5241 42.5812 225.556 -13.2993 15.3289 74.031 0.277573 -13 2493 1 0 1
4.52948 -18.1067 225.556 1.45214 -4.90933 56.2457 -0.400614 -13 2494 1 0 1
-4.7607 4.17842 225.556 -1.83224 1.93871 70.5035 3.41439 -13 2495 1 0 1
30.5044 -0.235564 225.556 5.95432 0.0186978 42.4751 2.87035 -13 2496 1 0 1
2.61597 -7.44573 225.556 -0.207056 -3.41581 80.0616 1.68776 -13 2497 1 0 1
10.7567 31.0568 225.556 2.94547 10.437 71.7318 0.179394 -13 2498 1 0 1
-7.1006 -3.94463 225.556 -2.55791 -1.34978 70.6781 1.85664 -13 2499 1 0 1
-0.328414 3.04349 225.556 -1.03279 0.439485 78.1977 2.25377 -13 2500 1 0 1
9.02591 15.6267 225.556 2.23151 6.37897 75.9894 1.01292 -13 2501 1 0 1
-23.6829 24.239 225.556 -6.3043 6.98229 61.4209 1.57388 -13 2502 1 0 1
18.7545 28.3008 225.556 5.27743 8.99018 66.6852 -0.872485 -13 2503 1 0 1
-11.7693 -6.06292 225.556 -3.39309 -1.18139 65.1009 1.81621 -13 2504 1 0 1
-3.56929 -65.2303 225.556 -0.461776 -15.5368 47.8092 1.28411 -13 2505 1 0 1
20.8253 52.7671 225.556 4.89756 13.6484 51.432 3.17121 -13 2506 1 0 1
51.5741 -52.9146 225.556 10.8937 -12.5229 47.8123 0.705806 -13 2507 1 0 1
15.5435 34.8878 225.556 4.02737 9.81972 56.0567 0.446416 -13 2508 1 0 1
-24.1175 61.2507 225.556 -4.01654 13.4263 42.7886 2.80449 -13 2509 1 0 1
10.921 -9.65576 225.556 3.03956 -3.39992 69.4231 0.81996 -13 2510 1 0 1
-63.291 10.0394 225.556 -15.291 2.53086 56.0324 1.39178 -13 2511 1 0 1
14.6109 -51.9853 225.556 3.6139 -14.5275 53.7148 1.84269 -13 2512 1 0 1
29.6881 -23.8 225.556 7.24509 -7.09423 54.4608 1.62748 -13 2513 1 0 1
12.5536 -12.0465 225.556 3.55861 -4.31579 72.9711 1.29069 -13 2514 1 0 1
17.8365 -13.3658 225.556 5.11789 -4.75856 68.231 3.22057 -13 2515 1 0 1
-1.27025 24.0572 225.556 -0.451468 7.98657 65.9646 2.32664 -13 2516 1 0 1
-20.6739 -7.57345 225.556 -6.86555 -1.82095 70.4796 2.49014 -13 2517 1 0 1
1.77759 -55.0601 225.556 0.594284 -15.8826 60.4217 1.10346 -13 2518 1 0 1
-3.90357 -16.7214 225.556 -2.12788 -6.33807 76.3034 0.527358 -13 2519 1 0 1
-6.11295 12.2785 225.556 -2.01626 4.40394 67.3715 -0.201356 -13 2520 1 0 1
-19.2978 -29.1518 225.556 -5.60627 -9.52141 65.3369 1.7246 -13 2521 1 0 1
1.48665 7.69692 225.556 0.799184 2.50134 55.907 1.74375 -13 2522 1 0 1
14.5203 4.8932 225.556 4.02129 1.6106 70.2152 1.50902 -13 2523 1 0 1
-17.8789 33.5741 225.556 -6.31836 11.7787 72.0071 1.83959 -13 2524 1 0 1
6.29252 20.7178 225.556 1.52666 7.31247 70.5599 1.62811 -13 2525 1 0 1
-5.2077 1.87405 225.556 -0.986951 0.955269 55.7667 2.76448 -13 2526 1 0 1
-7.05252 -15.3081 225.556 -2.18768 -4.38444 66.5032 -0.295664 -13 2527 1 0 1
-12.6467 29.3984 225.556 -2.62043 7.72464 54.4885 1.55823 -13 2528 1 0 1
19.6529 5.11733 225.556 5.68795 1.74623 70.2965 0.0526616 -13 2529 1 0 1
-24.5061 -13.5016 225.556 -5.06542 -3.16245 51.9061 3.66056 -13 2530 1 0 1
0.408243 -61.1531 225.556 -0.0641081 -19.7457 63.5431 0.731992 -13 2531 1 0 1
13.1322 -24.7949 225.556 3.53535 -8.35452 68.2052 -0.476816 -13 2532 1 0 1
37.4099 1.37587 225.556 9.31839 -0.472773 57.3039 -0.0617647 -13 2533 1 0 1
14.558 16.7286 225.556 4.20653 5.47783 69.8922 3.79516 -13 2534 1 0 1
-31.2783 1.50411 225.556 -7.33994 0.271502 55.708 1.60777 -13 2535 1 0 1
55.6254 49.751 225.556 11.737 11.5894 47.4159 1.55044 -13 2536 1 0 1
20.7762 -30.2997 225.556 4.73453 -7.30386 47.4635 1.66589 -13 2537 1 0 1
-9.18921 10.3421 225.556 -3.25578 3.03582 71.5428 1.41631 -13 2538 1 0 1
-14.6269 6.72842 225.556 -4.63737 2.06714 68.3399 2.82168 -13 2539 1 0 1
29.5 -6.5643 225.556 8.57798 -2.60592 69.3456 4.20166 -13 2542 1 0 1
-15.578 -40.7839 225.556 -4.69244 -13.4899 66.0754 1.13363 -13 2543 1 0 1
-13.0501 -16.2968 225.556 -3.28415 -4.67587 62.3399 1.63204 -13 2544 1 0 1
3.27768 21.0524 225.556 0.920279 7.23518 68.7486 1.60786 -13 2546 1 0 1
8.28555 -4.36801 225.556 2.34539 -1.95264 69.9711 1.78276 -13 2547 1 0 1
24.209 56.8608 225.556 6.41548 16.9313 61.1512 0.918462 -13 2549 1 0 1
162.847 61.6681 225.556 20.2906 9.94579 31.8488 3.86541 -13 2550 1 0 1
6.86128 44.0206 225.556 1.73865 10.3414 46.1053 2.07657 -13 2551 1 0 1
38.0152 -16.8844 225.556 9.43 -4.76324 55.4589 1.54832 -13 2552 1 0 1
-5.20703 -27.6569 225.556 -0.482831 -5.83547 44.3017 0.963516 -13 2553 1 0 1
27.9333 -19.7605 225.556 7.00722 -5.1318 56.236 0.731575 -13 2554 1 0 1
-2.15769 36.5698 225.556 -1.74572 14.0563 76.1535 1.98408 -13 2555 1 0 1
19.3345 31.2689 225.556 4.75102 8.12459 53.583 3.05646 -13 2556 1 0 1
-16.4462 19.4637 225.556 -4.18259 5.46075 59.693 0.216048 -13 2557 1 0 1
-17.857 37.5369 225.556 -4.36318 10.5963 57.5223 2.40167 -13 2558 1 0 1
-22.9701 22.9233 225.556 -9.89797 9.51088 79.0779 1.65404 -13 2559 1 0 1
-4.52261 14.2338 225.556 -0.728598 4.1269 54.1563 1.33526 -13 2560 1 0 1
-21.2131 -8.95326 225.556 -7.39071 -3.13593 72.1549 -0.244085 -13 2561 1 0 1
7.28887 -27.9652 225.556 1.66312 -10.4707 73.8938 2.15924 -13 2562 1 0 1
-24.5367 36.5522 225.556 -9.30363 14.9522 76.3377 3.17571 -13 2563 1 0 1
-1.5424 41.3465 225.556 -1.44922 15.4679 75.915 3.2604 -13 2564 1 0 1
16.1973 -38.6485 225.556 4.33651 -11.3426 57.536 0.909182 -13 2565 1 0 1
28.7617 -11.631 225.556 8.24842 -3.47822 67.209 0.678315 -13 2566 1 0 1
-8.6024 22.7465 225.556 -2.29195 7.22236 62.9467 2.53082 -13 2568 1 0 1
51.2683 25.5733 225.556 13.2948 6.96803 59.9903 0.492562 -13 2569 1 0 1
-11.3881 -18.2318 225.556 -3.78506 -5.65097 67.5129 0.281408 -13 2570 1 0 1
2.77377 -0.0593996 225.556 0.614092 0.335999 67.709 2.96362 -13 2571 1 0 1
-28.651 -10.7328 225.556 -9.93387 -3.31663 73.2612 1.02576 -13 2572 1 0 1
-43.9322 24.3823 225.556 -5.7495 3.61707 32.8346 2.8443 -13 2573 1 0 1
20.5973 -2.3867 225.556 4.16054 -0.406162 42.2645 3.69178 -13 2574 1 0 1
-53.1704 -23.9719 225.556 -14.6093 -7.47456 62.5765 -0.975838 -13 2575 1 0 1
-20.391 -22.5494 225.556 -1.30189 -2.17276 18.9798 2.9599 -13 2576 1 0 1
-12.2274 -17.8755 225.556 -4.60364 -6.61484 74.057 2.63876 -13 2577 1 0 1
-17.1649 20.7808 225.556 -4.41111 7.15898 60.6777 1.19554 -13 2578 1 0 1
44.4791 19.493 225.556 7.78025 3.39228 40.0182 4.48183 -13 2579 1 0 1
30.6035 14.6828 225.556 9.24207 4.37791 72.3944 1.9283 -13 2580 1 0 1
20.0695 -40.6915 225.556 2.79023 -5.95705 29.2254 0.0292115 -13 2582 1 0 1
1.88889 -8.71338 225.556 0.363032 -4.03774 67.0689 2.12102 -13 2583 1 0 1
-86.1653 3.61391 225.556 -21.3396 0.832465 57.2502 0.490288 -13 2584 1 0 1
-10.3141 -20.7177 225.556 -2.54674 -5.94803 58.6329 1.61206 -13 2585 1 0 1
-12.3112 -26.7497 225.556 -3.24553 -7.72949 60.7813 0.703556 -13 2586 1 0 1
1.95065 -2.25761 225.556 0.818274 -0.609759 55.2734 -0.844459 -13 2587 1 0 1
53.6699 48.0861 225.556 9.04927 9.08967 38.396 2.1854 -13 2588 1 0 1
14.7076 -36.3126 225.556 3.45189 -9.07927 45.239 1.57065 -13 2589 1 0 1
4.59542 -34.794 225.556 1.1842 -11.317 64.0847 0.817873 -13 2590 1 0 1
0.723669 33.5332 225.556 0.0305795 10.6054 61.5724 -0.713529 -13 2591 1 0 1
4.94057 -24.5828 225.556 1.40907 -8.34147 62.8715 1.05935 -13 2592 1 0 1
-10.8375 -26.6221 225.556 -3.27788 -9.30348 66.6404 1.41818 -13 2593 1 0 1
-19.2912 -17.9525 225.556 -6.56936 -5.92387 71.1432 3.50173 -13 2594 1 0 1
35.6577 27.2749 225.556 11.0763 10.5753 77.5315 0.170214 -13 2595 1 0 1
-45.9912 19.7872 225.556 -13.7359 5.63198 67.4519 2.87768 -13 2596 1 0 1
-8.62392 9.6848 225.556 -1.52373 2.24318 50.0911 0.857986 -13 2597 1 0 1
22.3583 -24.6658 225.556 3.99408 -4.74726 38.8383 1.20036 -13 2598 1 0 1
23.8359 -69.4081 225.556 6.07921 -19.6951 57.9054 2.13245 -13 2599 1 0 1
10.7661 -3.90123 225.556 2.87794 -2.2187 68.8724 1.52597 -13 2600 1 0 1
14.0723 37.9752 225.556 3.73777 11.7581 64.5269 0.934615 -13 2601 1 0 1
-35.2048 -18.3412 225.556 -11.4113 -6.94215 70.826 1.906 -13 2602 1 0 1
26.7925 -49.5953 225.556 5.50388 -10.9001 44.4816 2.35864 -13 2603 1 0 1
-15.342 -1.94833 225.556 -4.44718 -1.6028 65.7377 0.419627 -13 2604 1 0 1
18.8404 -8.82972 225.556 5.08061 -1.80233 60.8345 3.79251 -13 2605 1 0 1
-27.865 2.25755 225.556 -7.77086 0.409689 63.7759 2.03313 -13 2606 1 0 1
19.7362 -52.3792 225.556 5.40279 -15.7055 61.9398 3.19598 -13 2607 1 0 1
-16.21 -18.7222 225.556 -5.53641 -6.16896 70.6355 3.42862 -13 2608 1 0 1
15.0722 -10.4319 225.556 4.25684 -4.03835 74.7466 1.29437 -13 2609 1 0 1
30.1887 18.2565 225.556 8.28382 5.68566 64.2535 1.0221 -13 2610 1 0 1
1.271 -29.5403 225.556 0.219624 -9.74437 66.6335 1.01758 -13 2611 1 0 1
-2.55496 -32.9747 225.556 -0.685367 -11.0704 63.1534 2.00892 -13 2612 1 0 1
22.6561 -20.6889 225.556 6.55955 -6.60443 68.9088 1.9701 -13 2613 1 0 1
33.2733 -14.6501 225.556 7.08696 -3.55682 46.913 3.14142 -13 2614 1 0 1
9.80661 10.974 225.556 2.69403 3.14339 65.5941 1.25023 -13 2615 1 0 1
17.4428 46.6163 225.556 4.05472 11.7991 51.3722 1.48349 -13 2616 1 0 1
-64.8204 -0.0975879 225.556 -20.1318 -0.620494 69.0082 0.649954 -13 2617 1 0 1
14.6418 -77.8395 225.556 2.51337 -13.3815 34.4511 -1.35931 -13 2618 1 0 1
-1.7603 -55.2196 225.556 0.287663 -10.5952 37.4607 2.60311 -13 2619 1 0 1
41.0541 -159.694 225.556 5.14647 -25.3366 28.4623 1.39085 -13 2621 1 0 1
54.3971 -34.8819 225.556 12.5796 -9.14934 53.1343 3.09023 -13 2622 1 0 1
-36.4416 -1.10643 225.556 -10.5361 -0.513674 65.3273 3.24388 -13 2623 1 0 1
-46.9187 -24.3784 225.556 -8.60907 -5.86874 44.8604 1.13183 -13 2624 1 0 1
-45.3164 -26.3148 225.556 -13.5532 -8.55299 66.8015 0.528275 -13 2625 1 0 1
101.05 93.232 225.556 22.9426 24.1492 52.7303 0.629996 -13 2626 1 0 1
51.5604 7.64282 225.556 14.4519 2.59976 65.1289 2.03087 -13 2627 1 0 1
-62.3309 24.5838 225.556 -18.2735 8.35619 66.0256 0.808804 -13 2628 1 0 1
-46.9353 11.5523 225.556 -14.4217 3.76136 68.291 3.06051 -13 2629 1 0 1
-9.49381 74.1082 225.556 -1.79468 19.3194 52.4221 0.508948 -13 2630 1 0 1
-10.3301 -2.46919 225.556 -4.94437 -0.923679 80.591 1.82527 -13 2631 1 0 1
-4.89487 61.2982 225.556 -0.847911 16.2435 52.8314 1.11034 -13 2633 1 0 1
-24.6164 6.70791 225.556 -6.81739 2.23019 63.5659 2.75289 -13 2634 1 0 1
4.88146 27.6776 225.556 1.32799 6.74927 49.2335 2.20814 -13 2635 1 0 1
26.7869 49.2364 225.556 7.32666 15.7407 63.0712 0.748208 -13 2636 1 0 1
-20.4232 -25.5038 225.556 -6.4923 -8.70208 68.2839 -0.932697 -13 2637 1 0 1
-7.8074 44.6641 225.556 -3.92504 17.1543 78.8538 2.95867 -13 2638 1 0 1
9.32711 97.96 225.556 2.2074 24.7975 49.4 1.833 -13 2640 1 0 1
-3.45403 -17.1251 225.556 -0.314314 -4.11466 51.292 1.51183 -13 2641 1 0 1
-15.668 -15.5474 225.556 -4.83259 -4.76916 66.8372 0.849321 -13 2642 1 0 1
-7.37197 -7.99627 225.556 -3.66675 -2.9647 77.8247 1.21913 -13 2643 1 0 1
-15.1563 -22.8541 225.556 -4.274 -7.27285 64.6614 2.48017 -13 2644 1 0 1
4.9844 25.227 225.556 1.22921 8.66141 72.0511 1.71266 -13 2645 1 0 1
-2.58419 6.39479 225.556 -0.202994 1.73314 48.2157 -0.469244 -13 2646 1 0 1
109.89 -71.4695 225.556 26.1031 -19.929 55.9492 2.13693 -13 2647 1 0 1
-5.59299 2.26062 225.556 -2.07766 1.04334 70.6175 1.25313 -13 2648 1 0 1
0.118804 22.1957 225.556 -0.81111 7.52737 76.0452 0.802972 -13 2649 1 0 1
-23.5011 -8.99664 225.556 -6.60861 -2.50865 64.0892 1.27788 -13 2650 1 0 1
-51.0249 -12 225.556 -13.8842 -3.54206 62.278 0.51647 -13 2651 1 0 1
10.2106 51.9855 225.556 2.48636 12.1016 47.0501 1.97378 -13 2652 1 0 1
8.4324 -6.32784 225.556 2.05441 -2.29312 77.3128 -0.342956 -13 2654 1 0 1
11.0957 14.3319 225.556 2.80727 4.05181 52.5416 0.477311 -13 2655 1 0 1
-7.38036 18.6295 225.556 -2.88422 6.67322 71.4702 0.198489 -13 2656 1 0 1
-39.3704 -24.1715 225.556 -11.8772 -7.16049 66.5791 -0.951439 -13 2657 1 0 1
-18.1608 26.666 225.556 -3.24388 6.51038 45.5759 2.28561 -13 2658 1 0 1
28.9964 20.1357 225.556 7.6674 6.18183 59.5768 2.89714 -13 2660 1 0 1
-11.395 30.4271 225.556 -3.66193 10.9451 69.4262 3.80564 -13 2661 1 0 1
-11.0983 7.45374 225.556 -3.33449 2.75438 64.9012 0.543012 -13 2662 1 0 1
-4.89592 -0.531955 225.556 -0.809602 -0.169521 51.3583 2.76802 -13 2663 1 0 1
24.1126 -78.6 225.556 5.54881 -20.0624 50.6206 4.1818 -13 2664 1 0 1
5.20141 -26.678 225.556 1.60475 -7.81633 56.473 2.85144 -13 2665 1 0 1
-11.3987 -15.1995 225.556 -2.33649 -3.74647 54.6604 0.143149 -13 2666 1 0 1
-11.2537 2.07638 225.556 -4.92247 0.772097 77.3353 0.814122 -13 2667 1 0 1
-9.5542 -12.5771 225.556 -3.70053 -4.39992 74.6662 -0.539626 -13 2668 1 0 1
-27.7317 23.506 225.556 -7.27055 7.14314 61.2567 2.40477 -13 2670 1 0 1
7.55387 -42.7578 225.556 2.00156 -12.6639 59.7943 2.22311 -13 2671 1 0 1
-22.5801 -21.2402 225.556 -7.77923 -8.18669 72.6502 1.39086 -13 2672 1 0 1
47.5643 9.06325 225.556 14.2377 1.47365 71.4703 2.3017 -13 2673 1 0 1
-5.11696 -1.74277 225.556 -2.20001 -1.27959 72.6074 -0.391577 -13 2674 1 0 1
-60.8753 0.400849 225.556 -20.1614 -0.217796 72.5166 -0.180283 -13 2675 1 0 1
4.90757 -15.7126 225.556 1.25548 -5.04955 58.1539 3.47812 -13 2676 1 0 1
17.9495 22.2351 225.556 4.83236 5.9217 57.161 2.23842 -13 2677 1 0 1
18.8806 -30.2427 225.556 5.34741 -10.2552 69.7232 0.31038 -13 2678 1 0 1
-28.6835 27.9746 225.556 -8.51899 8.81055 65.5317 0.649442 -13 2679 1 0 1
-11.6054 47.2778 225.556 -3.8733 15.81 67.1656 0.294767 -13 2680 1 0 1
-17.2257 -1.40826 225.556 -5.2383 -0.781847 66.3522 1.49007 -13 2681 1 0 1
51.8832 -17.3221 225.556 7.21389 -2.77223 32.0038 1.6877 -13 2682 1 0 1
9.91242 -12.0158 225.556 2.4984 -3.67237 76.3007 0.496023 -13 2683 1 0 1
-9.85051 13.2258 225.556 -2.50695 4.19541 61.8669 1.23725 -13 2684 1 0 1
27.7372 -1.08233 225.556 7.25759 -0.0611045 58.048 0.220259 -13 2685 1 0 1
-37.6044 8.93709 225.556 -10.2639 2.31995 62.5544 1.41079 -13 2686 1 0 1
4.21158 -12.4071 225.556 1.19661 -3.38187 60.8255 1.88714 -13 2687 1 0 1
-34.2791 -9.14403 225.556 -6.13198 -2.41862 44.6476 1.21244 -13 2688 1 0 1
-13.211 32.6079 225.556 -4.14228 10.6055 68.021 2.4344 -13 2689 1 0 1
10.7777 -15.1536 225.556 3.00733 -4.67596 70.626 2.73105 -13 2690 1 0 1
32.6283 -18.2369 225.556 8.45518 -4.88223 57.8686 -0.0839138 -13 2691 1 0 1
-19.3922 24.5944 225.556 -4.61509 7.06106 57.4744 0.731471 -13 2692 1 0 1
10.6365 -77.418 225.556 2.56169 -23.2028 58.6685 1.53077 -13 2693 1 0 1
-22.7155 -13.1921 225.556 -3.29517 -2.31922 38.1986 1.72173 -13 2694 1 0 1
6.06042 39.2922 225.556 1.57709 11.711 58.5214 -0.0524131 -13 2695 1 0 1
-36.9376 -51.4142 225.556 -7.70108 -13.2472 50.273 3.98339 -13 2696 1 0 1
82.9185 -37.3754 225.556 17.7256 -9.50936 49.5025 2.86843 -13 2697 1 0 1
19.7354 41.1082 225.556 5.66536 13.5307 67.9592 -0.672895 -13 2698 1 0 1
-37.7053 3.51138 225.556 -6.80196 0.77713 44.508 1.58695 -13 2699 1 0 1
-30.8624 -32.7634 225.556 -8.27674 -9.40058 62.0494 -0.0880321 -13 2700 1 0 1
-40.9432 -5.18774 225.556 -10.9984 -1.46203 62.0244 1.99379 -13 2701 1 0 1
-28.9198 -28.9835 225.556 -5.20295 -6.73111 44.8116 1.38122 -13 2702 1 0 1
-3.44309 5.41671 225.556 -1.62435 1.77216 72.0254 3.06569 -13 2703 1 0 1
-25.1042 32.3223 225.556 -6.68433 10.1584 61.3247 0.897665 -13 2704 1 0 1
15.1205 -44.9936 225.556 4.16747 -13.5452 62.5682 1.1547 -13 2705 1 0 1
-26.0841 51.6174 225.556 -6.20546 13.7636 56.2191 4.24957 -13 2706 1 0 1
-24.3213 18.1051 225.556 -6.47973 5.51669 60.929 1.13673 -13 2707 1 0 1
7.98595 -17.3428 225.556 1.99383 -7.24027 70.7106 -0.657628 -13 2708 1 0 1
-7.50062 35.369 225.556 -3.08203 13.6137 73.1587 1.69506 -13 2709 1 0 1
-33.2615 30.3317 225.556 -9.32726 9.90219 63.8407 0.518084 -13 2710 1 0 1
-23.8172 -17.3961 225.556 -9.03407 -6.12005 77.0885 1.32527 -13 2711 1 0 1
14.631 -51.3533 225.556 3.98785 -17.1192 71.2682 -0.748567 -13 2712 1 0 1
-22.3536 -35.1003 225.556 -8.63889 -12.7034 76.9624 -0.811664 -13 2713 1 0 1
-50.8791 -48.5169 225.556 -12.6973 -14.2257 57.2298 1.12963 -13 2714 1 0 1
-31.1743 -11.9111 225.556 -9.38443 -3.83907 67.7994 0.772038 -13 2715 1 0 1
-35.4764 22.0763 225.556 -6.61207 4.994 46.776 3.56616 -13 2716 1 0 1
7.88567 11.1054 225.556 2.1426 3.16435 66.9288 2.51888 -13 2717 1 0 1
42.0112 -20.8232 225.556 10.3651 -5.79555 55.3843 2.78024 -13 2718 1 0 1
-2.2718 -16.2567 225.556 -2.16654 -7.27633 80.6124 1.05901 -13 2719 1 0 1
-4.0954 64.0291 225.556 -0.63211 15.4565 48.1161 1.89993 -13 2720 1 0 1
29.2496 -23.8338 225.556 7.50649 -6.6265 56.6345 -0.736497 -13 2721 1 0 1
23.3336 -14.6739 225.556 6.79009 -4.00309 70.4533 0.462408 -13 2722 1 0 1
-20.2264 7.40355 225.556 -6.33636 2.14195 69.2018 1.5536 -13 2723 1 0 1
37.1924 -37.9526 225.556 6.98095 -7.78472 41.4417 2.78758 -13 2724 1 0 1
-6.81486 -12.9634 225.556 -2.07833 -4.55797 66.3115 0.537116 -13 2725 1 0 1
17.532 17.8368 225.556 4.94635 6.33625 65.9934 0.323239 -13 2726 1 0 1
13.0661 -71.327 225.556 1.86683 -11.1773 28.9005 2.91626 -13 2727 1 0 1
-23.2062 -53.4198 225.556 -5.36972 -14.9385 54.5675 1.91907 -13 2729 1 0 1
35.3771 57.178 225.556 9.20315 17.3899 60.2443 1.81189 -13 2730 1 0 1
20.1705 19.1144 225.556 4.9466 5.07826 53.9161 2.30086 -13 2731 1 0 1
-45.1298 -32.7582 225.556 -12.5159 -10.2952 62.7636 1.37747 -13 2732 1 0 1
-52.2353 -58.3126 225.556 -12.8428 -16.6833 57.0113 0.137169 -13 2733 1 0 1
-19.9185 -20.836 225.556 -8.15147 -7.78213 79.5823 0.635729 -13 2734 1 0 1
53.5322 -10.4118 225.556 14.0008 -2.78737 60.0847 0.893673 -13 2735 1 0 1
7.2262 -16.9067 225.556 1.95123 -4.7927 65.7063 1.18668 -13 2736 1 0 1
-6.16068 -20.8929 225.556 -2.6191 -6.96096 73.5419 1.6235 -13 2737 1 0 1
3.01137 0.62424 225.556 0.697297 -0.126305 67.6526 1.94859 -13 2738 1 0 1
-8.79177 -70.6137 225.556 -2.09334 -20.4155 57.4713 1.78779 -13 2739 1 0 1
16.32 -35.8925 225.556 4.53217 -12.5211 73.1051 2.78184 -13 2740 1 0 1
22.0947 -7.01984 225.556 5.86622 -1.30084 57.5548 1.79101 -13 2741 1 0 1
0.726269 -3.83255 225.556 0.0755335 -0.713994 65.8676 1.064 -13 2742 1 0 1
16.8289 -12.8249 225.556 4.8051 -4.77983 66.1431 2.63501 -13 2743 1 0 1
-20.8615 59.1827 225.556 -6.03833 19.1829 63.4508 0.80005 -13 2744 1 0 1
38.9782 -43.1576 225.556 10.0723 -12.9784 58.8815 1.55408 -13 2745 1 0 1
-96.7224 134.245 225.556 -15.5495 26.6057 38.7234 -0.371631 -13 2746 1 0 1
22.7435 -1.03221 225.556 6.02747 -0.457363 59.3754 1.49383 -13 2747 1 0 1
-1.77511 35.6129 225.556 -1.30195 13.1291 73.6959 0.368063 -13 2748 1 0 1
-10.1426 38.3058 225.556 -4.97141 15.0266 78.7237 1.24838 -13 2749 1 0 1
-66.3541 48.6079 225.556 -19.6307 14.9509 66.101 1.60342 -13 2750 1 0 1
-56.9512 -10.7672 225.556 -14.5442 -2.73996 59.2095 1.12204 -13 2751 1 0 1
-30.2569 -9.07814 225.556 -7.56909 -3.07248 58.7069 1.21462 -13 2752 1 0 1
2.06129 7.24842 225.556 0.870836 1.77905 52.9241 1.68196 -13 2753 1 0 1
12.6098 23.192 225.556 3.10686 5.67509 49.9141 1.61375 -13 2754 1 0 1
44.031 9.71208 225.556 8.72467 1.98627 45.2272 0.0855961 -13 2755 1 0 1
-21.1985 -3.7244 225.556 -7.64676 -0.682835 74.0637 -1.19704 -13 2756 1 0 1
4.50568 -19.8967 225.556 1.28106 -7.13573 62.8027 1.91586 -13 2757 1 0 1
16.3084 -24.6993 225.556 4.41321 -7.31788 60.3564 1.19486 -13 2758 1 0 1
16.9438 20.3142 225.556 4.73315 6.90996 68.005 2.25715 -13 2759 1 0 1
24.1942 25.715 225.556 3.26321 3.86772 27.7537 4.41293 -13 2760 1 0 1
-18.0368 2.95631 225.556 -4.56886 1.15894 60.0369 1.35099 -13 2761 1 0 1
-25.6405 4.00652 225.556 -7.95962 1.27193 67.5896 3.17568 -13 2762 1 0 1
45.4098 -24.2101 225.556 10.229 -6.17236 49.9618 0.848499 -13 2763 1 0 1
-32.7626 17.7172 225.556 -12.9235 6.25002 80.1284 -0.268554 -13 2764 1 0 1
-36.9493 -59.76 225.556 -9.30908 -16.943 58.5035 1.03645 -13 2765 1 0 1
-20.3429 7.97408 225.556 -7.56687 1.64845 75.2192 -0.644263 -13 2766 1 0 1
29.7324 -15.7405 225.556 7.42815 -4.57269 55.3585 2.079 -13 2767 1 0 1
0.0808972 24.7158 225.556 0.483307 6.21473 49.7028 -1.11532 -13 2768 1 0 1
0.501656 22.2505 225.556 0.0445351 7.98824 65.8018 1.17601 -13 2769 1 0 1
-25.0424 5.52103 225.556 -7.08158 2.30474 65.5008 3.62754 -13 2770 1 0 1
83.0334 80.0313 225.556 18.1629 20.4865 51.0709 3.67476 -13 2771 1 0 1
8.33294 7.92265 225.556 2.44679 2.75762 58.0786 2.09676 -13 2772 1 0 1
-31.1693 -28.1428 225.556 -9.86308 -9.54067 68.7529 1.70466 -13 2773 1 0 1
-8.32353 -19.944 225.556 -2.96403 -7.41844 70.3162 2.58361 -13 2774 1 0 1
-13.8931 5.39711 225.556 -3.32191 1.25175 57.759 1.30931 -13 2775 1 0 1
-22.9596 -6.53575 225.556 -6.36656 -2.56405 64.2083 3.83038 -13 2776 1 0 1
88.0746 41.3985 225.556 21.1268 11.5475 56.301 1.92734 -13 2777 1 0 1
20.4847 -2.95265 225.556 5.9739 -0.816182 70.2517 1.78065 -13 2778 1 0 1
-17.1802 39.6479 225.556 -5.07388 12.7882 64.3131 1.51995 -13 2780 1 0 1
-6.85177 15.6965 225.556 -2.21914 5.41691 68.2389 0.614578 -13 2781 1 0 1
-3.50995 -24.5611 225.556 -0.978888 -7.37315 63.8819 2.87942 -13 2782 1 0 1
-22.4916 7.96106 225.556 -7.41894 3.24434 70.9517 0.848569 -13 2783 1 0 1
-32.1408 -30.2716 225.556 -3.81752 -5.45905 31.5314 2.94166 -13 2784 1 0 1
-22.891 -26.0666 225.556 -7.7939 -8.59513 71.349 2.67501 -13 2785 1 0 1
1.8692 1.11187 225.556 0.740324 0.296313 58.8912 0.449684 -13 2786 1 0 1
-7.19575 0.499782 225.556 -2.28927 0.753947 68.0217 1.78216 -13 2787 1 0 1
1.78522 -47.3919 225.556 0.602677 -12.882 55.763 2.1757 -13 2788 1 0 1
29.595 4.50069 225.556 8.17315 0.590535 62.4942 0.615609 -13 2789 1 0 1
-23.2165 -33.6202 225.556 -4.8394 -7.77708 51.033 1.92884 -13 2790 1 0 1
10.3461 -22.7815 225.556 2.8658 -6.64025 64.6279 0.182532 -13 2791 1 0 1
-23.8083 7.05079 225.556 -6.88432 2.98671 64.8331 0.0375547 -13 2792 1 0 1
22.9334 -35.2382 225.556 6.3948 -10.905 64.2567 1.44961 -13 2793 1 0 1
1.50612 27.4999 225.556 -0.0312395 9.2263 73.0518 1.15863 -13 2794 1 0 1
13.1315 -44.6463 225.556 3.59379 -12.6877 60.0526 0.80354 -13 2795 1 0 1
7.28928 -15.4035 225.556 1.2276 -2.3743 28.1186 2.82583 -13 2796 1 0 1
-20.5428 18.4838 225.556 -6.68958 6.48357 69.4495 1.18232 -13 2797 1 0 1
-14.9244 -17.5863 225.556 -5.83194 -5.98942 75.3202 1.11348 -13 2798 1 0 1
13.1081 14.8839 225.556 3.31114 3.62225 52.8216 2.70386 -13 2799 1 0 1
5.5568 8.05767 225.556 1.70577 2.34658 51.3076 1.34166 -13 2800 1 0 1
-23.8795 -21.0895 225.556 -8.33423 -8.48473 73.6439 1.39567 -13 2801 1 0 1
-14.4717 19.3801 225.556 -5.15306 6.99143 72.7851 -0.370713 -13 2802 1 0 1
2.46849 19.3446 225.556 -0.413821 8.03623 80.1523 2.45233 -13 2804 1 0 1
-12.3094 -23.6145 225.556 -4.674 -8.96767 73.282 2.89285 -13 2805 1 0 1
61.613 4.11097 225.556 15.423 0.867204 57.0377 2.24159 -13 2806 1 0 1
3.98419 75.2675 225.556 0.798143 24.4675 65.8252 1.82502 -13 2807 1 0 1
22.6165 -7.26183 225.556 6.42651 -2.30712 70.0396 1.23563 -13 2808 1 0 1
9.28735 55.0922 225.556 2.5086 13.5821 49.0142 1.13595 -13 2809 1 0 1
-13.7489 34.8789 225.556 -4.92265 12.2095 71.5745 2.2522 -13 2810 1 0 1
18.0368 -57.731 225.556 4.42261 -14.853 51.6884 1.2616 -13 2811 1 0 1
33.2149 14.8774 225.556 9.70675 4.41319 68.0058 1.51838 -13 2812 1 0 1
29.3888 13.9714 225.556 6.6978 4.08214 50.0291 1.17151 -13 2813 1 0 1
-21.9285 -6.33455 225.556 -5.43119 -1.70824 59.3246 3.31325 -13 2814 1 0 1
-27.9781 -9.49088 225.556 -8.45273 -2.94781 66.5211 3.07317 -13 2815 1 0 1
-18.8185 -10.7969 225.556 -5.58454 -4.45419 66.077 3.20497 -13 2816 1 0 1
32.6441 22.4151 225.556 9.40051 7.10736 67.7087 0.485541 -13 2817 1 0 1
54.7635 15.3508 225.556 15.8876 6.13211 68.4245 1.87264 -13 2818 1 0 1
13.6128 22.4877 225.556 3.75921 8.13647 75.2226 1.4207 -13 2820 1 0 1
-5.7246 19.6915 225.556 -2.57184 8.00416 74.72 3.70331 -13 2821 1 0 1
-9.07766 41.6715 225.556 -2.18369 12.7752 58.5673 -0.348481 -13 2822 1 0 1
10.289 38.0482 225.556 2.51205 14.6996 75.8091 2.31926 -13 2823 1 0 1
28.0121 -23.9988 225.556 7.53427 -7.11074 62.5712 0.0867807 -13 2824 1 0 1
40.4955 25.1336 225.556 10.761 7.24232 60.8483 2.12076 -13 2825 1 0 1
26.4355 -36.1382 225.556 2.77241 -4.53898 24.46 1.59503 -13 2826 1 0 1
31.4472 2.41803 225.556 9.34293 0.805337 71.515 2.03553 -13 2827 1 0 1
-15.6751 -23.4596 225.556 -4.88468 -7.66674 68.6795 2.36155 -13 2828 1 0 1
71.4883 35.327 225.556 17.8238 9.93252 57.1699 -0.976686 -13 2829 1 0 1
31.877 -35.1908 225.556 9.38353 -12.4867 69.5131 1.4071 -13 2830 1 0 1
-28.5372 5.65594 225.556 -11.2004 3.03013 79.4075 1.02482 -13 2831 1 0 1
4.0516 -6.29909 225.556 1.29412 -1.88648 61.5182 2.76438 -13 2832 1 0 1
-28.1422 -2.95976 225.556 -8.99659 -1.89809 69.208 0.900328 -13 2833 1 0 1
3.8292 -3.60731 225.556 0.716508 -0.884612 72.0296 0.284876 -13 2834 1 0 1
6.37005 9.55322 225.556 1.62735 3.34511 68.9226 2.86738 -13 2835 1 0 1
-23.4068 8.40891 225.556 -4.198 1.72868 45.7595 0.530452 -13 2836 1 0 1
-5.12198 35.9053 225.556 -1.5025 10.4856 63.494 1.13782 -13 2837 1 0 1
17.71 -4.06455 225.556 4.53958 -1.84828 79.5392 3.57509 -13 2838 1 0 1
2.13121 -1.82688 225.556 0.375094 0.15555 65.9225 0.257348 -13 2839 1 0 1
90.4187 -32.5767 225.556 14.4966 -6.73349 37.5322 2.54488 -13 2840 1 0 1
22.8158 16.4627 225.556 5.48656 4.59506 51.2235 1.40161 -13 2841 1 0 1
0.557373 0.085595 225.556 0.475262 0.540112 54.9922 1.05211 -13 2842 1 0 1
-39.02 -12.7895 225.556 -10.5388 -2.93307 61.7522 2.60768 -13 2843 1 0 1
64.5426 -3.75272 225.556 19.1841 -1.5751 70.0031 3.83555 -13 2844 1 0 1
22.8386 -18.8894 225.556 3.65233 -2.73696 33.3295 2.69872 -13 2845 1 0 1
3.80321 14.7297 225.556 1.12406 5.74829 64.7244 1.00307 -13 2846 1 0 1
10.1127 0.11583 225.556 2.77466 0.0929968 64.9824 1.98371 -13 2847 1 0 1
-27.1741 -26.7166 225.556 -5.40061 -6.93243 49.154 1.39801 -13 2848 1 0 1
-18.2065 26.9516 225.556 -4.5459 8.13829 58.6883 -0.273264 -13 2849 1 0 1
52.3495 7.78884 225.556 10.5661 1.77807 45.7568 0.944014 -13 2850 1 0 1
10.3373 2.56312 225.556 2.49106 1.42185 77.4862 -0.645185 -13 2851 1 0 1
45.7452 -7.57666 225.556 12.9609 -1.80391 65.9501 0.449282 -13 2852 1 0 1
-35.4675 -21.2903 225.556 -10.6142 -7.09393 66.6601 3.12764 -13 2853 1 0 1
-9.09691 15.7285 225.556 -3.27027 5.65488 71.3203 -0.61309 -13 2854 1 0 1
0.391752 -12.3328 225.556 -0.953538 -4.98341 80.452 2.02379 -13 2855 1 0 1
3.63335 7.74665 225.556 0.987991 2.07674 65.4105 0.472316 -13 2857 1 0 1
-0.324419 -8.87306 225.556 0.139476 -2.43741 56.2313 0.252579 -13 2858 1 0 1
33.2655 16.8764 225.556 8.36511 4.78678 56.9827 2.16491 -13 2859 1 0 1
24.57 5.82703 225.556 6.68955 1.63183 63.382 -1.22824 -13 2860 1 0 1
9.39928 20.8732 225.556 2.14326 8.44656 77.9409 2.65954 -13 2861 1 0 1
0.553711 -14.7079 225.556 0.352987 -4.60139 61.2405 1.77054 -13 2862 1 0 1
-3.05248 14.087 225.556 -1.10812 4.50253 67.3917 0.465584 -13 2863 1 0 1
11.3517 -24.5479 225.556 2.96339 -7.54831 59.847 0.192288 -13 2864 1 0 1
18.7081 -8.97767 225.556 4.06533 -2.00959 44.5112 0.187048 -13 2865 1 0 1
-52.8661 24.902 225.556 -11.0096 6.59624 49.1057 0.642962 -13 2866 1 0 1
-11.4702 26.4085 225.556 -1.57809 5.69686 40.6898 0.134288 -13 2867 1 0 1
24.7024 -13.1381 225.556 7.02024 -3.83469 65.6032 3.10123 -13 2868 1 0 1
34.3616 21.6483 225.556 9.19193 6.27141 60.9616 2.30751 -13 2869 1 0 1
27.6461 -31.7434 225.556 7.80803 -10.3826 66.523 0.0762423 -13 2870 1 0 1
0.473116 8.65657 225.556 0.0197447 3.07953 66.9723 0.538308 -13 2871 1 0 1
12.2629 30.1121 225.556 3.34325 8.66555 61.0359 1.7373 -13 2872 1 0 1
6.25562 27.4283 225.556 1.55885 8.59082 70.3928 -0.735838 -13 2873 1 0 1
14.6193 61.1444 225.556 3.60448 15.2509 50.3025 0.986468 -13 2875 1 0 1
-63.6838 -48.5498 225.556 -17.0095 -14.2896 60.8759 0.764977 -13 2876 1 0 1
-35.184 12.1653 225.556 -13.0452 4.77888 77.3115 3.15947 -13 2877 1 0 1
1.08798 15.455 225.556 0.514421 2.38383 32.9362 0.475453 -13 2878 1 0 1
-49.6755 13.1694 225.556 -9.32981 3.15596 45.6292 1.52555 -13 2879 1 0 1
-12.5729 17.5888 225.556 -3.11643 5.9747 59.5497 2.48281 -13 2880 1 0 1
24.4837 -29.0488 225.556 6.64959 -8.72894 61.1723 3.72997 -13 2881 1 0 1
0.296807 16.2327 225.556 0.0807615 4.89491 61.0435 1.82014 -13 2882 1 0 1
-22.7655 -24.3552 225.556 -7.72045 -8.49973 71.405 1.41081 -13 2883 1 0 1
-22.5285 27.8231 225.556 -5.49836 8.18141 58.2564 2.2725 -13 2884 1 0 1
-13.3611 -0.446234 225.556 -2.78428 0.293546 53.6594 3.86548 -13 2885 1 0 1
86.5589 35.1365 225.556 21.1203 9.98018 56.6188 0.354257 -13 2886 1 0 1
-3.71342 -16.5477 225.556 -0.394246 -4.48563 50.2748 -0.7048 -13 2887 1 0 1
43.0409 63.7538 225.556 9.36112 15.7367 49.3029 -0.857749 -13 2888 1 0 1
-11.0829 -18.8803 225.556 -3.94283 -6.84414 71.5108 0.163929 -13 2889 1 0 1
-15.5252 33.9882 225.556 -4.2232 10.6589 61.8468 0.325408 -13 2890 1 0 1
-6.69564 27.6678 225.556 -2.79907 10.078 74.0128 3.40242 -13 2891 1 0 1
16.239 55.6816 225.556 4.00771 14.9732 52.9184 1.4934 -13 2892 1 0 1
17.7846 2.12334 225.556 2.00237 0.438332 22.8377 0.967439 -13 2893 1 0 1
47.9794 7.54953 225.556 12.3725 2.67229 58.6032 3.14604 -13 2894 1 0 1
35.5849 -12.0284 225.556 5.58396 -1.96756 35.2322 2.25121 -13 2895 1 0 1
-23.9705 20.5102 225.556 -6.1932 6.85235 60.8241 1.29265 -13 2896 1 0 1
-4.99071 11.5796 225.556 -1.76019 3.90928 67.7696 2.16221 -13 2897 1 0 1
-8.20541 -33.0571 225.556 -2.12969 -10.311 61.9142 0.882179 -13 2898 1 0 1
-17.298 44.7308 225.556 -4.0678 11.8382 56.3496 1.29568 -13 2899 1 0 1
50.0294 -38.5066 225.556 14.0983 -12.3385 65.852 2.81344 -13 2900 1 0 1
-10.1721 -9.06624 225.556 -4.40391 -3.40249 77.0026 0.743666 -13 2901 1 0 1
-11.1766 29.5851 225.556 -3.24463 10.2341 64.8522 3.66227 -13 2902 1 0 1
-5.6686 28.3476 225.556 -2.04349 9.40966 68.6049 -0.438772 -13 2904 1 0 1
7.75314 -8.37584 225.556 2.00332 -3.24726 72.8012 1.93149 -13 2905 1 0 1
-11.1421 25.8357 225.556 -1.90949 6.02462 46.2184 3.91475 -13 2906 1 0 1
-4.07008 1.7478 225.556 -2.36294 0.428866 78.2069 1.40065 -13 2907 1 0 1
-21.7864 -50.6526 225.556 -4.52003 -13.5586 52.0419 1.6473 -13 2908 1 0 1
-22.8715 10.6229 225.556 -6.58861 3.03851 63.7082 3.06561 -13 2909 1 0 1
-14.6499 6.58331 225.556 -6.51142 3.31613 79.8884 0.417019 -13 2910 1 0 1
-31.2246 25.9291 225.556 -9.86746 8.89359 68.8897 4.22049 -13 2911 1 0 1
20.0709 -15.0463 225.556 5.27339 -3.7941 57.3865 1.37748 -13 2912 1 0 1
8.6899 32.2788 225.556 2.20078 12.5312 75.7159 -1.00951 -13 2913 1 0 1
-47.8934 24.6106 225.556 -10.066 6.35839 49.9665 1.54485 -13 2914 1 0 1
49.403 -13.23 225.556 14.4656 -4.64129 69.15 1.99222 -13 2915 1 0 1
21.5212 -21.7657 225.556 6.02221 -7.58865 65.7026 1.59344 -13 2916 1 0 1
-5.63924 11.1745 225.556 -1.49184 3.41855 63.4743 4.5636 -13 2917 1 0 1
23.1999 4.39203 225.556 6.20994 1.74512 60.8906 1.01984 -13 2918 1 0 1
17.3413 14.8827 225.556 4.89109 4.98088 69.3756 1.4557 -13 2919 1 0 1
-18.7537 25.9003 225.556 -6.22013 9.22355 69.7438 1.88412 -13 2920 1 0 1
-12.8031 17.7026 225.556 -4.7839 7.10994 73.3404 1.61389 -13 2921 1 0 1
36.6058 0.174252 225.556 10.5975 0.313601 68.6181 1.68385 -13 2922 1 0 1
26.1561 50.4685 225.556 7.12912 15.6946 64.6852 -1.81637 -13 2923 1 0 1
-15.3891 -4.23526 225.556 -5.11042 -1.40629 69.5308 0.901832 -13 2924 1 0 1
-8.66586 26.2127 225.556 -3.2065 9.62821 72.3741 0.724618 -13 2926 1 0 1
50.5855 5.7692 225.556 9.74833 1.31897 43.8081 2.00609 -13 2927 1 0 1
13.4452 49.8827 225.556 3.40816 13.2623 54.0899 -0.34717 -13 2928 1 0 1
13.7185 6.63676 225.556 2.55053 1.377 35.3949 2.38461 -13 2929 1 0 1
-37.4652 37.3203 225.556 -12.0582 13.0534 70.1449 -0.667066 -13 2930 1 0 1
-16.5115 43.1387 225.556 -3.95956 12.6963 57.767 2.4702 -13 2931 1 0 1
-0.900421 -6.76061 225.556 0.217801 -2.25841 54.2851 0.196022 -13 2932 1 0 1
-31.3311 -2.37086 225.556 -8.86864 -0.195876 64.1805 1.71398 -13 2933 1 0 1
17.8433 -18.9626 225.556 4.84052 -6.66814 62.695 3.09071 -13 2934 1 0 1
-8.65933 4.22956 225.556 -2.27923 1.78074 61.0225 1.23677 -13 2935 1 0 1
7.0053 14.8044 225.556 1.71082 5.03206 74.5504 0.453174 -13 2936 1 0 1
-9.76019 -0.844716 225.556 -1.78027 0.586998 49.5413 -0.416284 -13 2937 1 0 1
46.8 -8.75127 225.556 9.1593 -1.82784 44.2961 3.37471 -13 2938 1 0 1
9.36084 28.8435 225.556 2.07088 11.5027 78.2598 0.743601 -13 2939 1 0 1
19.1827 17.3094 225.556 5.44568 5.20366 63.3623 0.932452 -13 2940 1 0 1
-78.0572 27.7458 225.556 -23.0381 8.48414 66.5534 0.657557 -13 2941 1 0 1
11.6424 6.86541 225.556 2.95817 1.687 55.3471 0.0155266 -13 2942 1 0 1
-3.80914 63.18 225.556 -0.801616 17.1634 55.7477 1.03643 -13 2943 1 0 1
14.3186 0.800155 225.556 3.96162 0.522026 61.864 2.86485 -13 2944 1 0 1
-16.2818 -2.89186 225.556 -3.71756 -1.97705 56.632 4.88918 -13 2945 1 0 1
116.593 -40.2743 225.556 19.0866 -7.68129 38.4253 1.01547 -13 2946 1 0 1
-19.4631 36.7587 225.556 -5.07435 11.8971 60.3521 -0.651193 -13 2947 1 0 1
-4.10018 19.5339 225.556 -0.383784 4.437 46.2675 1.48578 -13 2948 1 0 1
-14.3799 -36.3373 225.556 -4.71702 -12.7922 68.2895 1.94922 -13 2949 1 0 1
-11.0065 -19.5324 225.556 -2.22037 -4.7286 55.3152 0.874662 -13 2950 1 0 1
4.40538 5.09865 225.556 1.42003 0.358392 56.6143 0.731888 -13 2951 1 0 1
-19.4907 7.9425 225.556 -5.3856 2.67289 63.4136 1.60121 -13 2952 1 0 1
-2.93605 15.9839 225.556 -0.984801 5.3522 67.6195 1.2891 -13 2953 1 0 1
-2.47596 -6.41326 225.556 -0.289592 -2.62367 57.4105 -0.31259 -13 2955 1 0 1
-9.19828 10.7763 225.556 -3.1411 3.34721 70.8717 0.863391 -13 2956 1 0 1
-10.665 11.4476 225.556 -3.69665 4.46118 69.7629 2.53451 -13 2957 1 0 1
28.5599 49.5314 225.556 7.20297 13.4659 57.9949 3.02826 -13 2958 1 0 1
25.8705 -12.4001 225.556 7.87685 -4.88883 77.7027 0.0923712 -13 2959 1 0 1
-9.59504 31.3319 225.556 -2.79692 9.33102 64.6466 1.82487 -13 2960 1 0 1
30.2217 -46.8955 225.556 8.38399 -14.5491 63.1266 3.74596 -13 2961 1 0 1
60.7171 -29.8972 225.556 4.21149 -2.76754 17.7351 3.96003 -13 2963 1 0 1
-44.9392 -81.4839 225.556 -7.68542 -17.0024 41.6799 0.848983 -13 2964 1 0 1
37.5694 -46.4999 225.556 6.51316 -9.34215 40.8985 3.94857 -13 2965 1 0 1
21.9398 6.05139 225.556 6.28436 1.85882 67.9755 -0.426681 -13 2966 1 0 1
-8.52141 -102.042 225.556 -2.17047 -29.5437 56.3692 1.41437 -13 2967 1 0 1
-2.43904 -22.4162 225.556 -1.21134 -7.13199 71.5252 2.57358 -13 2968 1 0 1
-26.5012 -19.4425 225.556 -8.19106 -6.65582 68.32 2.88736 -13 2969 1 0 1
50.7015 -24.0255 225.556 14.3036 -7.81478 65.8815 0.848349 -13 2970 1 0 1
-19.5499 -18.4935 225.556 -6.85335 -6.90384 73.0391 0.150736 -13 2971 1 0 1
17.0105 -5.35465 225.556 4.94916 -1.94199 69.6648 2.61325 -13 2972 1 0 1
-15.3254 -3.49748 225.556 -6.88117 -1.49083 78.5458 2.0992 -13 2973 1 0 1
-0.365363 171.847 225.556 0.206112 12.0278 9.83329 5.56013 -13 2974 1 0 1
-14.7407 -17.9809 225.556 -4.75561 -7.17277 68.9052 1.9038 -13 2975 1 0 1
0.598028 -24.3128 225.556 0.0387015 -7.96635 64.47 2.11055 -13 2976 1 0 1
34.7121 -41.5425 225.556 9.56123 -13.3656 62.7235 2.26719 -13 2977 1 0 1
-21.388 29.8227 225.556 -4.38728 7.02851 51.6273 3.15578 -13 2978 1 0 1
15.69 -44.1867 225.556 4.18483 -12.5685 59.2588 0.601511 -13 2979 1 0 1
-25.6701 15.6735 225.556 -5.62952 4.12845 52.8124 1.07826 -13 2980 1 0 1
15.4257 -2.20085 225.556 4.12337 -0.997646 56.2559 3.80901 -13 2981 1 0 1
7.7499 -4.04345 225.556 2.11037 -1.26961 67.2692 0.135485 -13 2982 1 0 1
9.44483 13.5693 225.556 2.5731 4.17103 62.4975 -0.0978536 -13 2983 1 0 1
-41.09 -2.38241 225.556 -14.3998 -0.268822 75.3316 2.09953 -13 2984 1 0 1
14.3454 -21.0539 225.556 3.46052 -5.29439 48.9613 0.817566 -13 2985 1 0 1
42.3589 7.6715 225.556 10.4379 2.49589 55.3781 2.46435 -13 2986 1 0 1
-24.51 37.7164 225.556 -8.707 13.9852 73.8153 0.88478 -13 2987 1 0 1
53.6203 -45.4456 225.556 11.9714 -10.7089 50.0267 1.97144 -13 2988 1 0 1
18.9733 -1.9505 225.556 5.49316 -0.733668 68.8496 0.713948 -13 2989 1 0 1
-24.4416 -15.9207 225.556 -6.77107 -5.37985 63.5176 0.534772 -13 2990 1 0 1
4.37822 1.1614 225.556 0.922213 0.101729 71.8027 1.29465 -13 2991 1 0 1
-32.3215 -0.527946 225.556 -10.6419 0.58137 71.026 1.05919 -13 2992 1 0 1
-13.8609 -0.633571 225.556 -5.15475 -0.495625 74.364 -0.194853 -13 2993 1 0 1
-9.25705 15.3137 225.556 -2.43395 4.32203 62.9094 2.36101 -13 2994 1 0 1
0.819828 -22.6803 225.556 -0.723276 -8.45204 77.055 0.143531 -13 2995 1 0 1
0.119234 -27.0333 225.556 0.169525 -7.45282 58.4857 0.454172 -13 2996 1 0 1
-37.912 -2.21889 225.556 -12.2211 -0.791716 70.6778 0.0551123 -13 2998 1 0 1
2.94414 10.7002 225.556 0.735722 3.37548 65.9891 1.09495 -13 2999 1 0 1
5.14269 9.62888 225.556 1.03383 3.20325 73.7345 3.23837 -13 3000 1 0 1
-7.76552 -2.68229 225.556 -2.51666 -1.84289 67.9998 1.46561 -13 3001 1 0 1
-44.3394 26.666 225.556 -16.1854 9.97979 77.2216 1.92053 -13 3002 1 0 1
-89.361 42.1795 225.556 -14.0072 7.98121 38.3567 1.61884 -13 3003 1 0 1
-19.6991 54.4317 225.556 -6.02018 17.7561 65.1912 3.03764 -13 3004 1 0 1
8.09864 -0.89559 225.556 2.24412 -0.107088 67.887 0.544463 -13 3005 1 0 1
-22.1729 16.4483 225.556 -6.62106 5.71128 66.1897 3.2523 -13 3006 1 0 1
-45.0213 14.6447 225.556 -14.3181 5.62963 69.9412 0.573681 -13 3007 1 0 1
60.4043 -16.6414 225.556 13.2359 -4.49559 49.8503 0.619499 -13 3008 1 0 1
-7.02461 2.72705 225.556 -2.73603 1.13972 72.899 -0.853162 -13 3009 1 0 1
8.86475 43.9949 225.556 2.36889 12.5774 55.1551 1.75275 -13 3010 1 0 1
3.81178 4.64982 225.556 1.00584 1.65728 63.2036 -0.512883 -13 3011 1 0 1
-1.61036 -48.466 225.556 -0.271913 -12.925 54.8233 4.21983 -13 3012 1 0 1
36.3823 -31.7137 225.556 9.07084 -8.59247 56.3814 1.76296 -13 3013 1 0 1
7.83364 -11.9153 225.556 1.94092 -4.14711 74.0415 0.454793 -13 3014 1 0 1
35.4043 -34.1533 225.556 10.7481 -11.8272 74.6233 2.82623 -13 3015 1 0 1
-21.0337 -22.4251 225.556 -4.32695 -5.37581 51.6923 3.17114 -13 3016 1 0 1
-11.3903 10.7662 225.556 -4.10408 3.01806 70.9944 0.995179 -13 3017 1 0 1
-18.9531 40.9811 225.556 -4.63332 12.0157 57.3575 3.82314 -13 3018 1 0 1
29.2851 2.04037 225.556 8.57132 0.663736 70.0788 3.11907 -13 3020 1 0 1
19.5918 16.8851 225.556 5.63844 6.87314 68.4759 0.668748 -13 3021 1 0 1
21.0021 10.5837 225.556 5.33064 2.63783 56.3218 0.75071 -13 3022 1 0 1
-1.16435 32.8966 225.556 -0.218962 9.22051 61.2619 1.25284 -13 3023 1 0 1
26.9377 6.1368 225.556 4.54871 1.01771 36.063 4.42189 -13 3024 1 0 1
25.0421 -37.9624 225.556 4.10527 -7.27609 36.2742 3.12296 -13 3025 1 0 1
17.8089 26.5092 225.556 4.88681 8.52563 61.0533 0.323083 -13 3026 1 0 1
-40.2531 30.0593 225.556 -11.7168 9.56052 64.9072 3.08647 -13 3027 1 0 1
-18.3315 26.4888 225.556 -2.84207 5.38693 41.645 -0.716071 -13 3028 1 0 1
40.9371 -33.1768 225.556 11.733 -11.3695 67.2488 0.171204 -13 3029 1 0 1
4.62154 24.8607 225.556 1.28604 5.91145 50.7264 1.8569 -13 3030 1 0 1
62.0381 -44.1696 225.556 11.2218 -8.65221 40.9676 1.90974 -13 3031 1 0 1
-24.7024 10.3618 225.556 -7.11756 2.94756 65.7222 1.65696 -13 3032 1 0 1
-19.698 -25.9477 225.556 -5.57817 -7.91355 64.3194 -1.39255 -13 3033 1 0 1
46.065 -41.1894 225.556 10.462 -10.2416 51.6469 2.05521 -13 3034 1 0 1
7.84974 1.31154 225.556 2.20341 0.354681 63.5766 4.3848 -13 3035 1 0 1
-39.447 -35.5154 225.556 -10.5615 -10.5798 61.3852 1.62146 -13 3036 1 0 1
-15.2721 -3.41874 225.556 -4.38378 -0.771448 64.3372 2.55676 -13 3037 1 0 1
-11.1736 -12.0846 225.556 -3.19165 -3.23525 64.8225 1.34436 -13 3038 1 0 1
7.91983 27.733 225.556 2.23527 7.92572 60.5205 0.769695 -13 3039 1 0 1
12.8036 3.649 225.556 3.54889 -0.227005 66.3323 1.01086 -13 3040 1 0 1
33.9537 10.0865 225.556 7.49164 2.58202 49.5399 1.06052 -13 3041 1 0 1
-28.3825 -10.6287 225.556 -11.3811 -4.47195 80.3294 1.68851 -13 3042 1 0 1
34.1041 4.0284 225.556 8.76691 2.02412 58.9273 1.43311 -13 3043 1 0 1
-11.9809 -47.2162 225.556 -2.77812 -13.0164 57.8572 1.93175 -13 3044 1 0 1
40.2575 -46.9613 225.556 10.9488 -14.2035 62.744 -0.365489 -13 3045 1 0 1
-2.34192 -23.653 225.556 -1.53023 -8.61699 74.9213 -0.312067 -13 3046 1 0 1
7.50136 -19.2726 225.556 2.22117 -5.44005 61.4946 1.42672 -13 3047 1 0 1
19.6583 -22.4993 225.556 5.48319 -5.94533 61.6901 1.27447 -13 3048 1 0 1
2.26928 61.8389 225.556 0.579336 7.24982 21.5075 2.86957 -13 3049 1 0 1
10.1658 12.8137 225.556 2.62284 4.02085 76.204 -0.223037 -13 3050 1 0 1
0.753702 -16.5627 225.556 0.45384 -4.97954 60.5596 0.916097 -13 3051 1 0 1
5.28926 7.50321 225.556 1.22338 3.61859 71.9147 0.139358 -13 3052 1 0 1
41.3736 7.17984 225.556 10.8998 2.00138 59.8429 0.714342 -13 3053 1 0 1
9.19868 32.0126 225.556 2.32012 10.9734 65.8892 1.50711 -13 3054 1 0 1
5.97972 13.1451 225.556 1.63009 3.64112 65.0004 3.39524 -13 3055 1 0 1
-59.7415 -56.0543 225.556 -14.7891 -16.0332 56.9756 0.899503 -13 3056 1 0 1
-21.1974 -28.8823 225.556 -6.87352 -9.5258 69.1385 0.111436 -13 3057 1 0 1
13.103 10.4082 225.556 3.49934 2.7786 55.8647 1.1329 -13 3058 1 0 1
7.1869 -14.2897 225.556 1.8909 -5.40608 65.5913 1.34944 -13 3059 1 0 1
-31.6161 -3.91754 225.556 -6.50382 -0.62895 50.6672 1.98233 -13 3060 1 0 1
3.45153 15.2842 225.556 0.955598 4.97218 63.38 3.1797 -13 3061 1 0 1
19.5667 29.9396 225.556 1.6845 3.01815 18.4082 4.44524 -13 3062 1 0 1
-13.6935 -14.1611 225.556 -4.40746 -5.08021 68.7576 0.816642 -13 3063 1 0 1
4.5707 -64.7124 225.556 0.958432 -22.3961 68.9916 0.546572 -13 3064 1 0 1
11.5954 49.0598 225.556 3.16616 15.4116 65.6157 3.71736 -13 3065 1 0 1
-0.868398 -11.1461 225.556 -0.31006 -4.13371 63.9922 3.12783 -13 3066 1 0 1
-29.541 16.4237 225.556 -9.43203 5.8495 69.6536 2.97092 -13 3067 1 0 1
-28.0323 -7.40809 225.556 -7.2763 -2.40369 60.2066 2.82036 -13 3068 1 0 1
50.2489 -30.8717 225.556 9.22432 -7.24092 42.3415 2.60863 -13 3069 1 0 1
-24.5088 17.5362 225.556 -7.39451 6.30585 66.6466 2.79684 -13 3070 1 0 1
58.8128 -18.0176 225.556 4.48781 -1.92894 19.0216 4.48445 -13 3071 1 0 1
-30.7011 10.9029 225.556 -11.9802 3.5174 79.2456 1.59197 -13 3072 1 0 1
-55.9467 20.8966 225.556 -16.5683 6.64746 66.229 0.250281 -13 3073 1 0 1
15.7985 32.9511 225.556 4.41848 11.2667 68.6906 1.35652 -13 3074 1 0 1
-6.20033 13.0354 225.556 -2.97679 5.43842 77.6372 1.91465 -13 3075 1 0 1
-0.0722591 22.959 225.556 -0.632527 8.25136 73.3114 1.46941 -13 3076 1 0 1
7.6299 -15.1799 225.556 1.64414 -6.20446 77.383 1.34846 -13 3077 1 0 1
44.7526 37.879 225.556 8.96461 8.49682 45.5896 0.787966 -13 3078 1 0 1
7.01902 28.1008 225.556 1.53448 10.6517 74.3337 -0.508767 -13 3079 1 0 1
27.4091 25.602 225.556 7.31052 7.66422 60.49 -0.0702547 -13 3080 1 0 1
-18.3977 -31.3052 225.556 -4.42008 -9.01205 58.3676 2.47391 -13 3081 1 0 1
6.78161 -33.8874 225.556 1.65658 -11.4858 66.9917 1.92303 -13 3082 1 0 1
32.4121 -3.41557 225.556 8.84214 -1.09819 61.2998 -0.170438 -13 3083 1 0 1
0.596986 -11.1186 225.556 -0.0191049 -3.68013 69.2376 1.36308 -13 3084 1 0 1
15.5722 -16.3302 225.556 4.23229 -5.63078 67.1338 0.865019 -13 3085 1 0 1
-26.002 2.38069 225.556 -4.68461 0.894969 45.1784 1.80987 -13 3086 1 0 1
16.3765 -26.867 225.556 4.4435 -9.29612 68.6838 1.65338 -13 3087 1 0 1
-13.4477 -76.8035 225.556 -2.7455 -19.6574 51.1414 0.830019 -13 3088 1 0 1
-1.65681 24.4714 225.556 -0.759489 8.83295 68.676 1.66463 -13 3089 1 0 1
-34.2253 0.0736583 225.556 -8.43079 0.503396 58.2709 2.16427 -13 3090 1 0 1
6.22073 -49.3201 225.556 1.21278 -18.4673 74.3079 0.495624 -13 3091 1 0 1
-7.60797 45.1243 225.556 -2.96808 16.0876 70.9881 1.53657 -13 3092 1 0 1
24.0292 31.7245 225.556 5.22037 7.60389 47.0958 2.0024 -13 3093 1 0 1
-24.7754 -18.5814 225.556 -7.60252 -6.17063 67.8192 0.0635242 -13 3094 1 0 1
15.4162 16.1248 225.556 4.3034 5.08122 72.4794 3.53062 -13 3095 1 0 1
11.816 -47.3099 225.556 3.11153 -15.9438 69.2667 0.684209 -13 3096 1 0 1
37.7264 45.7107 225.556 11.3277 17.4053 73.1691 1.03614 -13 3097 1 0 1
0.167074 -21.0648 225.556 -0.199121 -6.88254 70.0841 -0.964503 -13 3099 1 0 1
4.83095 1.4703 225.556 1.41497 0.404353 57.7132 1.25914 -13 3100 1 0 1
-9.00825 19.9119 225.556 -2.97826 6.69843 69.3133 2.64502 -13 3101 1 0 1
18.298 20.6557 225.556 4.94326 6.18612 61.0139 0.84187 -13 3102 1 0 1
-28.5465 -37.1868 225.556 -9.1892 -13.106 69.7162 2.08431 -13 3103 1 0 1
-4.65827 -9.55881 225.556 -0.913379 -3.09809 57.0853 2.718 -13 3104 1 0 1
-14.9288 -9.08974 225.556 -5.46101 -3.2644 73.3714 1.27376 -13 3105 1 0 1
17.5088 5.86987 225.556 5.02042 2.58245 75.3913 1.54527 -13 3106 1 0 1
-9.73436 19.522 225.556 -3.92852 7.7607 74.898 2.74172 -13 3107 1 0 1
-6.11325 24.2319 225.556 -1.52189 7.82801 62.2846 1.21612 -13 3108 1 0 1
-7.29761 -1.55307 225.556 -0.944793 0.00254625 44.7315 2.42415 -13 3109 1 0 1
-22.1544 10.4615 225.556 -6.36011 3.23196 65.8499 1.45972 -13 3110 1 0 1
63.4815 -66.5942 225.556 10.5188 -13.0538 38.1443 2.4655 -13 3111 1 0 1
-24.0688 -15.4946 225.556 -8.74802 -5.64148 75.5013 1.51546 -13 3112 1 0 1
12.4936 -30.8376 225.556 3.30344 -11.676 74.798 2.11794 -13 3113 1 0 1
-12.9401 33.8673 225.556 -3.27641 10.3045 62.1549 0.518221 -13 3114 1 0 1
-2.54953 -8.6406 225.556 -1.90953 -2.85473 77.483 2.04261 -13 3115 1 0 1
2.39313 -2.50205 225.556 -0.028094 -0.771226 77.1965 0.533875 -13 3116 1 0 1
-20.1015 35.9188 225.556 -7.53654 13.5448 75.6788 0.957725 -13 3117 1 0 1
-22.6281 12.8128 225.556 -8.03443 3.63532 74.0665 0.710438 -13 3118 1 0 1
-15.9371 -16.5536 225.556 -5.67975 -6.37635 72.5035 1.90513 -13 3119 1 0 1
-22.3177 -14.738 225.556 -7.71034 -5.56116 72.6239 -1.05808 -13 3120 1 0 1
-35.2009 -82.8396 225.556 -2.52524 -9.39248 20.1011 2.7304 -13 3121 1 0 1
-10.1616 -20.1402 225.556 -4.46264 -7.6818 77.1171 1.22602 -13 3122 1 0 1
-6.7088 -135.78 225.556 -1.65413 -35.5018 52.1194 -0.923078 -13 3123 1 0 1
-34.8292 0.340083 225.556 -9.7625 -1.03476 63.9916 1.90371 -13 3124 1 0 1
-14.4192 -28.0032 225.556 -4.32927 -8.76265 65.6808 2.74974 -13 3125 1 0 1
57.4115 27.0123 225.556 14.4753 7.39219 58.3195 3.3943 -13 3126 1 0 1
-1.36525 1.00949 225.556 -0.155622 0.0422877 58.64 2.7347 -13 3127 1 0 1
9.98126 0.198445 225.556 2.72157 -0.307309 70.5272 3.43638 -13 3128 1 0 1
14.2841 41.8947 225.556 1.89373 5.86136 28.15 5.60124 -13 3129 1 0 1
16.7344 21.6421 225.556 4.70298 7.15932 67.1586 3.38138 -13 3130 1 0 1
-6.09812 20.1707 225.556 -1.56658 6.62899 63.0759 0.672785 -13 3131 1 0 1
-25.2058 -30.1025 225.556 -7.87723 -10.0336 68.1194 1.67662 -13 3132 1 0 1
5.4044 -48.2551 225.556 1.55946 -12.5654 53.7448 2.14472 -13 3133 1 0 1
45.5174 -50.3943 225.556 10.6671 -13.3331 53.1089 3.05239 -13 3134 1 0 1
46.1108 -20.8658 225.556 10.3234 -4.88928 50.4451 1.43184 -13 3135 1 0 1
7.7727 4.8816 225.556 2.21645 1.46001 54.7917 2.43076 -13 3136 1 0 1
15.0396 -88.7901 225.556 2.92447 -18.876 41.2453 3.21992 -13 3137 1 0 1
39.8823 2.0495 225.556 7.91486 0.951209 44.7428 2.80638 -13 3138 1 0 1
29.19 14.9257 225.556 7.72273 4.4943 60.0842 1.10602 -13 3139 1 0 1
41.5606 -31.3266 225.556 12.0557 -10.0335 68.0708 1.50606 -13 3140 1 0 1
41.7253 3.43134 225.556 11.254 1.50109 61.1621 -0.919207 -13 3141 1 0 1
-0.780408 0.07007 225.556 -1.16247 0.840369 77.457 2.59715 -13 3142 1 0 1
5.29767 43.0894 225.556 1.3862 13.0193 60.0472 2.74828 -13 3143 1 0 1
20.7213 38.7164 225.556 5.39346 10.5022 57.2815 0.81809 -13 3144 1 0 1
7.1271 39.7779 225.556 1.8329 13.2591 67.8964 2.24422 -13 3146 1 0 1
-46.3283 -2.97667 225.556 -16.0197 -0.292122 74.3057 -0.814306 -13 3147 1 0 1
3.64375 24.5051 225.556 0.636995 7.90159 67.134 2.42631 -13 3148 1 0 1
-8.41646 -81.6918 225.556 -0.848685 -14.403 34.0947 3.75085 -13 3149 1 0 1
-4.11025 30.286 225.556 -1.98086 10.4201 72.9861 0.980491 -13 3150 1 0 1
-6.00759 -49.9434 225.556 -1.59084 -15.3101 62.3352 2.08077 -13 3151 1 0 1
-50.7177 25.8629 225.556 -14.4267 7.47904 64.2926 2.90562 -13 3152 1 0 1
-2.3575 -12.8081 225.556 -1.43743 -4.80935 75.1937 -1.00116 -13 3153 1 0 1
-29.9242 4.15845 225.556 -11.3726 1.61961 78.1872 1.21291 -13 3154 1 0 1
43.5349 -4.67302 225.556 11.7257 -1.60771 60.7921 -0.182627 -13 3155 1 0 1
-18.0802 -0.284749 225.556 -6.55155 0.148956 73.2278 3.61103 -13 3156 1 0 1
50.1314 -21.0461 225.556 10.9075 -5.62699 49.0663 0.424098 -13 3157 1 0 1
47.396 -2.35125 225.556 13.6048 -0.708141 66.2601 2.06528 -13 3158 1 0 1
-6.23162 -39.9694 225.556 -1.98146 -13.5257 65.7981 2.45922 -13 3160 1 0 1
-4.36423 -62.2456 225.556 -0.88551 -17.7847 57.1371 2.97817 -13 3161 1 0 1
-26.8509 10.0269 225.556 -10.8292 3.44528 79.813 2.42819 -13 3162 1 0 1
2.96617 -1.05698 225.556 0.123608 -0.0353974 76.9959 1.19571 -13 3163 1 0 1
20.8093 20.425 225.556 5.60355 6.79111 60.23 0.653446 -13 3164 1 0 1
28.6724 41.899 225.556 7.58167 11.9656 58.8025 3.73631 -13 3165 1 0 1
11.7953 -1.84524 225.556 3.39831 -0.411287 63.1448 1.39765 -13 3166 1 0 1
-6.20697 6.59047 225.556 -3.37152 1.70939 80.5601 3.03729 -13 3167 1 0 1
34.1119 9.67486 225.556 8.8898 3.62396 58.0378 2.76263 -13 3168 1 0 1
40.6156 -4.09175 225.556 11.4948 -1.41146 65.7059 1.83556 -13 3169 1 0 1
-18.5398 9.9829 225.556 -4.7604 3.233 60.5237 -0.999451 -13 3170 1 0 1
25.2743 16.9124 225.556 6.74221 5.55118 60.8675 0.985457 -13 3171 1 0 1
-17.415 -22.9527 225.556 -4.66254 -7.26233 62.0374 -0.302853 -13 3172 1 0 1
51.8658 -6.37659 225.556 10.3253 -1.72077 43.9721 3.11995 -13 3173 1 0 1
-8.77935 3.16827 225.556 -3.25012 0.698224 72.4146 1.38424 -13 3174 1 0 1
13.0724 22.7875 225.556 3.74665 7.63457 66.7712 -1.30843 -13 3175 1 0 1
8.59644 -0.185779 225.556 2.06368 -0.529106 73.7356 1.93079 -13 3176 1 0 1
-27.9938 -2.62983 225.556 -7.4706 -0.891528 61.9144 0.477835 -13 3177 1 0 1
-15.0306 -38.0304 225.556 -5.49107 -14.0603 73.1053 -0.406911 -13 3178 1 0 1
-9.5046 -37.7485 225.556 -4.31292 -14.6952 78.0269 1.29615 -13 3179 1 0 1
-18.5001 -5.37471 225.556 -7.75953 -2.92827 79.0904 0.965263 -13 3180 1 0 1
-17.5937 28.2286 225.556 -7.44718 10.5471 79.2534 2.64944 -13 3181 1 0 1
23.4179 14.7904 225.556 4.62735 3.2399 41.9829 3.81297 -13 3182 1 0 1
-6.85531 -12.4296 225.556 -3.14261 -4.93575 76.4376 0.199123 -13 3183 1 0 1
48.3699 -7.62962 225.556 5.65477 -1.01959 27.4456 3.6955 -13 3184 1 0 1
-34.4684 -5.06618 225.556 -11.0114 -1.77271 69.5325 -1.07818 -13 3185 1 0 1
42.7941 10.2562 225.556 11.987 3.15985 65.4671 3.47471 -13 3186 1 0 1
-2.15505 -4.59966 225.556 -0.169598 -1.05644 54.8955 2.42277 -13 3187 1 0 1
-30.6939 17.0623 225.556 -7.41133 4.58658 56.9978 2.12625 -13 3188 1 0 1
-15.1146 -25.1735 225.556 -5.96375 -9.39776 76.6163 1.66666 -13 3189 1 0 1
-21.7617 -25.9934 225.556 -8.77572 -9.58073 78.5682 2.01126 -13 3190 1 0 1
-11.6018 -21.3407 225.556 -1.73867 -4.71869 44.076 2.37403 -13 3191 1 0 1
27.502 -1.47356 225.556 8.06769 0.555344 69.8701 0.62955 -13 3192 1 0 1
2.36317 -12.7472 225.556 0.751959 -3.75281 59.6198 0.84564 -13 3193 1 0 1
-76.479 -56.0182 225.556 -19.994 -15.979 59.7166 1.7523 -13 3194 1 0 1
-23.138 18.859 225.556 -6.0703 5.73743 60.6448 1.09996 -13 3195 1 0 1
-4.84688 15.8289 225.556 -2.55079 5.93777 77.1718 0.697089 -13 3196 1 0 1
-21.66 -46.8928 225.556 -5.35911 -13.6794 57.952 1.98373 -13 3197 1 0 1
-14.6947 9.12939 225.556 -5.37918 4.22854 73.2045 0.670534 -13 3198 1 0 1
8.98542 -36.3718 225.556 2.40699 -11.0623 65.9042 0.00132885 -13 3199 1 0 1
0.0285242 -22.7454 225.556 0.334465 -4.9645 46.5676 2.72901 -13 3200 1 0 1
6.51421 -20.9014 225.556 1.83965 -6.15575 56.7246 0.874577 -13 3201 1 0 1
17.2187 -33.8585 225.556 4.47795 -9.55713 56.363 1.06068 -13 3202 1 0 1
-10.4487 -17.8018 225.556 -1.67765 -4.10088 47.9166 -0.0265997 -13 3203 1 0 1
-19.22 -7.93613 225.556 -4.09947 -2.47829 52.3528 2.31307 -13 3204 1 0 1
21.1338 12.6586 225.556 5.76358 3.60818 60.7285 1.53029 -13 3205 1 0 1
-29.9982 7.14773 225.556 -9.23993 2.39588 68.8044 1.98011 -13 3206 1 0 1
-26.071 -36.9767 225.556 -10.0569 -14.1953 77.7044 -0.348367 -13 3207 1 0 1
-23.9021 10.3359 225.556 -4.94233 3.08971 51.3748 0.78064 -13 3208 1 0 1
5.41532 -46.0083 225.556 1.26988 -9.42696 38.5119 3.60694 -13 3209 1 0 1
13.4533 -8.83411 225.556 3.64974 -3.15963 60.5102 2.28035 -13 3211 1 0 1
-52.133 -9.52427 225.556 -17.2703 -3.61361 72.5309 -1.81201 -13 3212 1 0 1
9.81085 -41.2227 225.556 2.60384 -13.4067 70.0871 1.56349 -13 3213 1 0 1
-5.13366 -12.3468 225.556 -1.48246 -4.34848 66.2221 0.795912 -13 3214 1 0 1
-26.1435 54.4288 225.556 -8.9508 19.1046 71.3792 1.60002 -13 3215 1 0 1
9.78824 8.38357 225.556 2.6184 1.79871 53.1116 2.46427 -13 3216 1 0 1
-33.6958 6.59099 225.556 -12.1344 2.954 75.9144 1.45477 -13 3217 1 0 1
1.19149 -56.1486 225.556 0.496425 -15.8488 55.7368 2.3691 -13 3218 1 0 1
58.0376 62.6497 225.556 12.295 15.0506 47.6788 2.51207 -13 3219 1 0 1
2.42187 27.2135 225.556 0.650873 9.80104 66.7706 -0.684356 -13 3220 1 0 1
-22.3756 -12.1058 225.556 -5.79488 -3.35113 59.8272 0.898667 -13 3221 1 0 1
-0.536259 -4.46856 225.556 -0.550157 -2.01985 69.8935 1.1778 -13 3222 1 0 1
-10.1758 8.49475 225.556 -3.32391 3.20493 68.8181 1.57605 -13 3223 1 0 1
-14.6582 8.3343 225.556 -4.25563 1.9545 65.5811 1.58177 -13 3224 1 0 1
-24.2052 -27.2985 225.556 -6.7698 -8.9302 63.7727 3.26376 -13 3225 1 0 1
-23.0116 -12.1929 225.556 -5.27927 -3.54857 55.4224 1.52527 -13 3226 1 0 1
39.0782 -3.27406 225.556 7.83175 -0.542554 44.1864 0.129462 -13 3227 1 0 1
42.6146 6.97076 225.556 12.0726 2.34239 65.9781 1.22493 -13 3228 1 0 1
-7.80265 48.1653 225.556 -2.91227 16.1616 69.0999 -0.580241 -13 3229 1 0 1
15.9773 18.7769 225.556 4.01254 5.06396 55.7372 -0.613677 -13 3230 1 0 1
33.4433 -6.61145 225.556 9.93409 -1.96257 70.0602 1.2656 -13 3231 1 0 1
8.26654 0.255091 225.556 1.83098 -0.127194 35.5583 3.63897 -13 3232 1 0 1
11.0812 -24.7938 225.556 2.78261 -6.30564 52.3097 0.563404 -13 3233 1 0 1
-25.0186 1.47088 225.556 -8.34622 0.380697 71.3674 3.35834 -13 3234 1 0 1
65.2341 -13.5781 225.556 18.7737 -4.95134 68.1335 0.504395 -13 3235 1 0 1
-14.5079 -14.7566 225.556 -3.53902 -4.61946 59.3341 2.78036 -13 3236 1 0 1
17.9656 25.5126 225.556 4.98087 8.52236 66.1306 1.64654 -13 3237 1 0 1
31.4319 42.9276 225.556 7.31149 11.5427 52.8548 1.95979 -13 3238 1 0 1
-13.8928 12.3317 225.556 -3.58176 3.4803 60.0365 1.35687 -13 3239 1 0 1
-17.8073 -53.2335 225.556 -5.56127 -16.5791 67.9667 0.672147 -13 3240 1 0 1
-26.7429 -47.188 225.556 -6.90643 -13.5436 59.0035 2.15228 -13 3241 1 0 1
-29.9436 10.6218 225.556 -10.4417 3.22738 74.6796 0.985084 -13 3242 1 0 1
31.337 16.8001 225.556 8.38858 5.44385 60.8546 1.92603 -13 3243 1 0 1
-22.5673 -20.8313 225.556 -6.24442 -6.18371 63.4374 1.07426 -13 3244 1 0 1
1.21671 -25.4327 225.556 -0.291804 -8.5714 74.673 1.00776 -13 3246 1 0 1
14.0796 -51.9605 225.556 3.42325 -13.1418 48.9822 2.56832 -13 3247 1 0 1
7.69006 -30.8097 225.556 1.72685 -11.062 72.455 1.42053 -13 3248 1 0 1
-11.1179 45.2792 225.556 -2.47665 12.6392 55.9601 2.83974 -13 3249 1 0 1
-22.8567 -1.96031 225.556 -8.41449 -0.201402 75.5218 0.732057 -13 3250 1 0 1
-54.6896 41.6798 225.556 -0.975283 2.20747 8.23394 10.4715 -13 3251 1 0 1
-8.22456 -28.9219 225.556 -2.87597 -10.1906 69.8145 2.27981 -13 3252 1 0 1
-50.2875 -15.378 225.556 -12.0405 -3.96685 55.9472 1.70129 -13 3253 1 0 1
12.8959 -9.60684 225.556 3.51015 -2.88745 67.4916 1.67375 -13 3254 1 0 1
9.7981 -13.7687 225.556 2.71276 -4.13141 66.0983 4.17452 -13 3255 1 0 1
60.3156 -35.6669 225.556 14.9393 -10.0023 56.8744 -0.287723 -13 3256 1 0 1
23.6827 2.51848 225.556 7.01221 0.958259 71.9852 -0.541213 -13 3257 1 0 1
37.74 3.24792 225.556 9.33289 0.575225 56.1521 1.56021 -13 3258 1 0 1
-9.07996 17.2208 225.556 -2.94473 5.26027 67.7501 0.833464 -13 3259 1 0 1
-8.64666 0.855822 225.556 -1.02632 0.635489 36.9686 4.23761 -13 3260 1 0 1
3.2983 -57.4052 225.556 1.18188 -16.3464 57.3144 2.69527 -13 3261 1 0 1
-8.68222 -4.62286 225.556 -3.44861 -1.42089 73.2055 3.87612 -13 3262 1 0 1
-4.36445 -10.3213 225.556 -1.41384 -3.27659 65.633 0.27242 -13 3263 1 0 1
16.4689 22.2601 225.556 4.58135 7.96138 70.6402 1.48446 -13 3264 1 0 1
55.0677 19.9761 225.556 14.6962 6.09441 60.9016 1.61077 -13 3265 1 0 1
-48.829 5.02799 225.556 -13.1466 0.94108 61.8095 1.9965 -13 3266 1 0 1
-17.6689 23.6343 225.556 -5.7751 8.99439 69.2582 -0.550852 -13 3267 1 0 1
43.3396 -55.9406 225.556 8.62698 -11.942 44.1277 3.39021 -13 3268 1 0 1
-13.9321 -12.6994 225.556 -4.32019 -4.14537 67.4834 2.22134 -13 3269 1 0 1
5.57433 -36.9824 225.556 1.48567 -9.65638 52.8282 2.11891 -13 3270 1 0 1
12.816 -27.8898 225.556 3.28415 -7.81445 53.7667 2.39876 -13 3271 1 0 1
-5.71653 -6.30727 225.556 -1.28885 -2.09971 58.1255 1.2125 -13 3272 1 0 1
26.2941 -25.3245 225.556 7.62066 -7.47 68.0406 2.17159 -13 3273 1 0 1
9.3289 -9.35706 225.556 2.60204 -2.83435 61.4629 2.70053 -13 3274 1 0 1
-22.9907 -45.4493 225.556 -4.0514 -10.4341 46.1874 0.195272 -13 3275 1 0 1
-12.6974 -34.4988 225.556 -3.40659 -11.0359 61.9601 2.36301 -13 3276 1 0 1
-10.5349 8.81748 225.556 -3.40451 3.28434 66.6942 0.190896 -13 3277 1 0 1
17.6098 8.33171 225.556 4.38894 1.72135 52.1339 -0.848243 -13 3278 1 0 1
-2.27238 -1.24256 225.556 -0.64205 -0.0496923 62.8363 -1.17544 -13 3279 1 0 1
9.50198 -9.88931 225.556 2.56628 -3.23499 69.501 1.10122 -13 3280 1 0 1
4.85087 -7.07274 225.556 1.57767 -1.41605 55.2759 1.65204 -13 3281 1 0 1
-17.5379 -20.4559 225.556 -5.67166 -6.43758 69.1858 1.44063 -13 3282 1 0 1
23.5216 57.4636 225.556 6.36214 18.0311 61.34 2.34809 -13 3283 1 0 1
-38.8896 20.7517 225.556 -10.3295 6.54547 61.5663 0.3881 -13 3284 1 0 1
4.7375 13.1629 225.556 1.49661 3.86446 63.4621 3.69915 -13 3285 1 0 1
24.4016 -27.5017 225.556 7.0883 -9.29086 71.5061 0.0226614 -13 3286 1 0 1
40.5197 5.46561 225.556 9.23638 1.5352 50.5534 0.0400426 -13 3287 1 0 1
36.328 -30.9806 225.556 10.1078 -9.60792 64.1698 1.166 -13 3288 1 0 1
-25.7971 0.0964723 225.556 -10.1634 -0.229826 78.8837 0.141668 -13 3289 1 0 1
34.4962 -29.2391 225.556 7.30608 -6.93217 46.5368 3.20597 -13 3290 1 0 1
58.6462 20.997 225.556 12.201 4.82649 47.6358 2.16092 -13 3291 1 0 1
-9.20573 80.4691 225.556 -1.34922 17.2955 42.8005 2.80818 -13 3292 1 0 1
-37.595 13.6546 225.556 -2.59719 1.76777 19.8216 4.1303 -13 3293 1 0 1
4.97479 -20.0158 225.556 1.27119 -6.88533 65.4128 -0.695706 -13 3294 1 0 1
28.9271 -13.7508 225.556 8.55128 -4.92737 70.9302 3.53996 -13 3295 1 0 1
-7.15941 25.2136 225.556 -2.12567 8.35643 64.2329 3.61953 -13 3296 1 0 1
24.0749 2.28154 225.556 6.59828 0.487057 62.1872 2.23357 -13 3297 1 0 1
-22.8877 -10.5624 225.556 -6.68672 -2.92161 65.9118 1.15107 -13 3298 1 0 1
-18.2085 26.3927 225.556 -5.9361 9.07719 69.7891 1.88701 -13 3299 1 0 1
0.135077 -32.8814 225.556 0.0137791 -10.1982 62.6445 1.58603 -13 3300 1 0 1
-21.4053 3.55654 225.556 -5.42445 0.846824 59.5008 2.77507 -13 3301 1 0 1
-2.70848 -9.73798 225.556 -0.602604 -3.13629 61.4825 1.53058 -13 3302 1 0 1
17.6549 -1.461 225.556 4.898 -1.18525 59.7439 1.27424 -13 3303 1 0 1
-4.33607 22.7677 225.556 -0.77363 6.18021 57.7004 -0.20508 -13 3304 1 0 1
-7.95731 -17.0025 225.556 -3.17907 -6.01591 73.3181 -1.26706 -13 3305 1 0 1
18.526 -39.6358 225.556 4.61987 -10.8361 53.6457 2.08154 -13 3306 1 0 1
20.6258 -8.22173 225.556 5.97597 -3.96791 79.0469 0.371187 -13 3307 1 0 1
-10.2058 5.00242 225.556 -3.31316 1.99409 68.4848 1.81096 -13 3308 1 0 1
-19.353 -23.8002 225.556 -3.53635 -6.15396 46.3663 -0.741552 -13 3309 1 0 1
14.6458 31.1875 225.556 4.02946 10.3685 66.4248 1.71157 -13 3310 1 0 1
-25.0561 -4.91788 225.556 -7.85407 -1.21788 69.0333 2.68309 -13 3311 1 0 1
5.38993 28.5719 225.556 0.987799 11.1015 75.5038 1.54995 -13 3312 1 0 1
41.1249 9.85159 225.556 10.3129 3.01487 55.5266 2.91295 -13 3313 1 0 1
38.6422 13.5939 225.556 7.28898 2.70005 41.2223 0.535267 -13 3314 1 0 1
-14.6829 5.74023 225.556 -3.96649 1.8839 62.6617 1.10454 -13 3315 1 0 1
-6.57663 4.58777 225.556 -0.133258 0.666981 19.7936 0.654075 -13 3316 1 0 1
-14.6412 17.9294 225.556 -3.10491 4.72613 53.1074 3.03433 -13 3317 1 0 1
42.4064 -4.92496 225.556 12.2183 -1.46394 67.4711 0.341618 -13 3318 1 0 1
1.78367 -52.0342 225.556 0.256747 -17.1023 66.8294 0.164797 -13 3319 1 0 1
-6.59549 -1.78805 225.556 -1.65327 -0.986153 60.8173 1.09384 -13 3320 1 0 1
17.4445 19.9818 225.556 4.738 5.5745 61.2631 0.187215 -13 3321 1 0 1
-22.8963 -4.32319 225.556 -7.2028 -0.884343 67.7707 3.13264 -13 3322 1 0 1
2.92652 -12.1843 225.556 0.408615 -4.24344 72.3285 3.49735 -13 3323 1 0 1
-34.2628 3.67553 225.556 -13.0435 1.28809 77.6958 2.24404 -13 3324 1 0 1
-2.53507 2.94303 225.556 -0.722833 0.48216 66.3752 0.601043 -13 3325 1 0 1
28.5278 -12.9173 225.556 8.48427 -4.4137 69.5709 0.362216 -13 3326 1 0 1
-2.27502 -0.613664 225.556 -0.670332 -0.396329 65.4328 2.18676 -13 3327 1 0 1
10.6577 -26.5469 225.556 2.72763 -8.9477 73.9109 2.05186 -13 3328 1 0 1
-28.8237 -13.464 225.556 -8.86765 -4.53674 67.6448 1.22796 -13 3329 1 0 1
3.06888 -15.6051 225.556 1.06895 -3.92699 58.2568 1.93167 -13 3330 1 0 1
8.51794 -42.5225 225.556 2.30306 -13.6115 62.3447 2.153 -13 3331 1 0 1
43.1988 -32.0356 225.556 11.3239 -9.33092 59.8745 2.46201 -13 3332 1 0 1
-36.0005 22.9594 225.556 -11.1566 8.67954 68.2401 2.1559 -13 3333 1 0 1
17.0421 -5.41972 225.556 4.27364 -1.93294 51.6157 -0.402829 -13 3334 1 0 1
-36.2529 -7.77657 225.556 -7.69493 -2.46643 51.7705 4.14993 -13 3335 1 0 1
13.3235 1.88271 225.556 3.83248 1.4786 70.1046 1.63358 -13 3336 1 0 1
23.0776 23.5091 225.556 6.0941 6.53337 58.2944 0.223343 -13 3337 1 0 1
1.83868 30.861 225.556 0.470334 9.97097 63.1876 -0.726414 -13 3338 1 0 1
19.5564 -14.2984 225.556 4.59087 -3.15378 48.7359 -0.148426 -13 3339 1 0 1
48.9429 5.83091 225.556 12.6004 2.57325 58.2926 0.918198 -13 3340 1 0 1
-27.2394 3.85829 225.556 -6.15946 1.44231 54.4291 1.18814 -13 3341 1 0 1
-18.8989 -1.9694 225.556 -6.60864 -0.591246 73.0618 1.25365 -13 3342 1 0 1
10.0766 -17.6729 225.556 2.85105 -6.64506 70.7631 2.6568 -13 3343 1 0 1
-15.6368 -1.93786 225.556 -4.45036 -0.0693221 63.6112 -0.513783 -13 3344 1 0 1
-21.0508 -29.9725 225.556 -7.38879 -11.1665 73.3171 2.26709 -13 3346 1 0 1
-74.8505 -24.6254 225.556 -17.4707 -6.7448 54.6917 1.00746 -13 3347 1 0 1
5.99674 -4.09183 225.556 1.76393 -1.35164 61.591 -0.12163 -13 3348 1 0 1
-30.7287 -12.525 225.556 -7.96313 -3.95136 59.8847 3.40051 -13 3349 1 0 1
3.41372 12.5246 225.556 0.88959 3.11701 65.289 0.0985327 -13 3350 1 0 1
5.54462 -9.33927 225.556 1.28178 -2.98656 71.5948 0.798141 -13 3351 1 0 1
33.8451 -6.47646 225.556 9.50303 -1.36456 64.3801 -0.386411 -13 3352 1 0 1
-3.70901 28.4669 225.556 -1.44736 9.13648 69.5453 0.153685 -13 3353 1 0 1
6.28547 20.6544 225.556 1.74193 6.0754 66.5759 0.50028 -13 3354 1 0 1
-14.3241 -13.8383 225.556 -6.3953 -5.79147 79.5316 0.126994 -13 3355 1 0 1
-38.7173 -41.5996 225.556 -9.75721 -12.4509 58.5854 0.286926 -13 3356 1 0 1
-11.8937 -4.18424 225.556 -2.74244 -1.22058 57.3499 1.37194 -13 3357 1 0 1
19.1139 55.3528 225.556 5.3806 18.7325 69.9995 2.60292 -13 3358 1 0 1
71.6487 -160.642 225.556 9.31707 -26.8324 31.1579 2.36131 -13 3359 1 0 1
-14.8474 -17.6815 225.556 -3.25273 -4.7778 54.6427 0.526219 -13 3360 1 0 1
21.5936 -26.7089 225.556 5.52709 -7.2113 56.5184 0.734098 -13 3361 1 0 1
37.718 10.876 225.556 10.9248 3.77258 68.9249 1.46496 -13 3362 1 0 1
50.4622 -56.813 225.556 12.0312 -15.0658 54.9463 2.09137 -13 3363 1 0 1
3.45323 -8.2924 225.556 0.791698 -3.04805 69.5611 2.8602 -13 3364 1 0 1
42.5186 35.1676 225.556 11.6037 11.5961 64.002 1.49478 -13 3365 1 0 1
-23.9522 -4.20716 225.556 -8.16044 -1.23268 72.3356 1.92449 -13 3366 1 0 1
19.4219 -1.42497 225.556 4.74827 -0.21606 52.1644 0.112351 -13 3367 1 0 1
-19.8408 21.4251 225.556 -7.31422 7.96559 74.6161 -0.0869968 -13 3368 1 0 1
-37.9766 36.3519 225.556 -12.9191 13.0646 73.4105 1.62286 -13 3369 1 0 1
8.18294 53.4046 225.556 2.13871 16.6816 63.2715 1.86454 -13 3370 1 0 1
36.5984 56.3289 225.556 7.04101 12.1782 43.2889 1.77784 -13 3371 1 0 1
53.552 -38.3628 225.556 14.3586 -10.7163 62.3263 2.19666 -13 3372 1 0 1
15.74 -21.6694 225.556 4.22239 -7.16756 60.366 0.054497 -13 3373 1 0 1
-29.9589 -2.75857 225.556 -10.0224 -1.09398 72.5271 0.36301 -13 3374 1 0 1
22.0003 -25.8188 225.556 6.11101 -8.80993 65.2855 2.49791 -13 3375 1 0 1
27.4864 -56.6878 225.556 6.88826 -15.541 54.2813 -1.51458 -13 3376 1 0 1
-48.5231 -74.3653 225.556 -14.7496 -24.0736 66.9308 0.719711 -13 3377 1 0 1
-24.8539 31.0499 225.556 -9.93657 12.2945 77.8308 3.06765 -13 3378 1 0 1
5.27232 -7.87252 225.556 1.11907 -2.69523 68.6192 0.0221287 -13 3379 1 0 1
-15.4728 -53.9875 225.556 -4.95878 -17.4539 68.0712 -0.143911 -13 3380 1 0 1
11.9342 19.7099 225.556 2.85426 4.81491 46.4342 0.960594 -13 3381 1 0 1
0.179758 9.17602 225.556 -0.0955764 2.91202 65.4611 0.324726 -13 3382 1 0 1
3.41765 -39.9542 225.556 0.913818 -11.3311 59.937 1.67591 -13 3383 1 0 1
-0.914529 -7.24604 225.556 -1.48668 -2.54629 80.0376 2.09041 -13 3384 1 0 1
14.5708 -5.85191 225.556 3.99528 -1.73098 62.2148 4.78859 -13 3386 1 0 1
3.24379 -38.5651 225.556 0.579078 -13.4993 68.7987 -0.845625 -13 3387 1 0 1
-41.3 25.0146 225.556 -12.4397 7.31616 67.1979 1.26788 -13 3388 1 0 1
7.49044 10.442 225.556 1.33514 2.25052 34.4361 1.26582 -13 3389 1 0 1
10.5844 -38.2356 225.556 2.65398 -9.71591 51.3517 0.763244 -13 3390 1 0 1
-20.1384 -17.0496 225.556 -4.70898 -4.70998 56.2202 2.81841 -13 3391 1 0 1
22.819 1.9159 225.556 6.47543 -0.25026 64.3062 3.80474 -13 3392 1 0 1
24.4838 9.34677 225.556 7.00384 3.25395 68.8478 2.78681 -13 3393 1 0 1
27.3965 28.3112 225.556 5.19669 5.9978 40.3443 2.54263 -13 3394 1 0 1
-18.5144 7.24303 225.556 -5.50846 2.13872 65.7896 0.823292 -13 3395 1 0 1
6.64819 27.7532 225.556 1.77115 6.8946 55.6908 3.09703 -13 3396 1 0 1
3.46387 -0.708149 225.556 0.778568 0.792075 71.3539 1.69388 -13 3397 1 0 1
21.892 0.454275 225.556 6.16672 0.0500887 63.0492 0.487512 -13 3398 1 0 1
12.1066 19.9596 225.556 3.07064 5.21602 57.5703 0.0417528 -13 3399 1 0 1
3.04004 16.3942 225.556 0.356269 5.5231 75.0716 1.43844 -13 3400 1 0 1
-2.00794 -16.1214 225.556 0.159931 -3.52336 42.4775 0.42736 -13 3401 1 0 1
31.5324 -20.4369 225.556 7.55777 -5.57688 53.9101 2.60102 -13 3402 1 0 1
8.07005 37.4703 225.556 1.94117 13.078 73.4047 2.32064 -13 3403 1 0 1
38.9767 -49.1315 225.556 7.75163 -10.5948 43.8876 1.83866 -13 3404 1 0 1
71.3113 48.086 225.556 16.3391 12.1867 52.6692 1.87676 -13 3405 1 0 1
12.2083 10.6005 225.556 3.4417 3.43556 64.8657 1.54433 -13 3406 1 0 1
-25.9601 34.8733 225.556 -9.4532 12.9573 74.6921 0.254197 -13 3407 1 0 1
10.9883 15.0331 225.556 3.05135 4.29793 67.4735 1.64969 -13 3408 1 0 1
18.8892 10.5453 225.556 5.36237 3.68998 68.723 1.38982 -13 3409 1 0 1
59.6323 -46.2457 225.556 14.9608 -12.6869 57.937 -0.124055 -13 3410 1 0 1
-8.2113 34.7185 225.556 -2.2445 10.9136 61.456 3.53322 -13 3411 1 0 1
-6.55113 -9.72488 225.556 -3.7111 -2.74339 80.2836 1.62354 -13 3412 1 0 1
3.72226 -26.4344 225.556 1.10187 -8.27576 62.8518 1.42913 -13 3413 1 0 1
-52.5759 21.9879 225.556 -18.6731 8.18623 76.0602 1.43376 -13 3414 1 0 1
-68.6777 -5.541 225.556 -13.0119 -1.27732 45.5594 2.98025 -13 3415 1 0 1
60.8194 26.4994 225.556 15.8976 7.70588 60.666 0.85821 -13 3416 1 0 1
-27.0542 -26.6126 225.556 -6.29906 -7.21498 55.9355 0.136719 -13 3417 1 0 1
3.74143 -26.5132 225.556 1.08177 -9.11049 60.1982 0.356351 -13 3418 1 0 1
28.4964 -24.4645 225.556 7.55855 -6.99161 58.8807 1.57764 -13 3419 1 0 1
21.0871 16.647 225.556 6.16797 6.00924 71.0031 2.84714 -13 3420 1 0 1
-13.8761 -38.9445 225.556 -2.30156 -9.50477 46.6792 2.61998 -13 3421 1 0 1
23.2708 5.18844 225.556 4.40454 1.55725 40.1437 2.64251 -13 3423 1 0 1
-32.8668 -30.4466 225.556 -8.51382 -9.24 59.6861 4.45853 -13 3424 1 0 1
-21.5982 -6.42754 225.556 -6.48738 -2.45527 67.1615 2.7046 -13 3425 1 0 1
49.3777 -11.2253 225.556 13.6622 -3.40669 64.338 1.75832 -13 3426 1 0 1
-1.8827 15.4008 225.556 -0.397739 4.11963 60.1397 1.75332 -13 3427 1 0 1
-19.3794 -32.1015 225.556 -4.83619 -9.04561 57.7838 1.59753 -13 3428 1 0 1
45.9631 20.0469 225.556 11.6489 5.52262 56.9713 2.66209 -13 3429 1 0 1
-13.4061 1.00557 225.556 -3.58696 -0.601055 61.4514 1.77097 -13 3430 1 0 1
-25.4013 24.937 225.556 -2.12244 3.0131 24.7178 2.572 -13 3431 1 0 1
-43.3923 5.23015 225.556 -13.5423 1.22343 69.3829 2.94042 -13 3432 1 0 1
24.5384 -30.7759 225.556 6.67188 -9.40698 60.2235 1.09014 -13 3433 1 0 1
30.3006 17.9653 225.556 8.66703 5.32161 68.0467 3.13402 -13 3434 1 0 1
-34.8474 41.3754 225.556 -8.52906 12.3367 56.8863 1.13973 -13 3435 1 0 1
-13.1773 7.66979 225.556 -4.82226 2.49897 73.4152 2.70637 -13 3436 1 0 1
-38.5064 13.0009 225.556 -12.1448 3.98807 69.5292 0.416891 -13 3437 1 0 1
0.438252 28.4569 225.556 0.122051 8.84068 65.4377 3.52607 -13 3438 1 0 1
-14.1272 -61.9882 225.556 -2.36323 -14.2205 45.4238 -0.139533 -13 3439 1 0 1
26.5722 -11.8062 225.556 7.02905 -3.6064 58.3775 1.12374 -13 3440 1 0 1
-32.8961 0.685193 225.556 -8.56121 -0.169377 60.7282 3.12647 -13 3441 1 0 1
3.40387 -14.5207 225.556 1.01135 -3.87951 59.8937 -0.208783 -13 3442 1 0 1
-51.9079 13.1738 225.556 -1.833 0.795416 12.0535 6.72988 -13 3443 1 0 1
-52.9954 -15.5849 225.556 -13.0487 -3.73042 57.8166 -0.311181 -13 3444 1 0 1
27.4872 -51.43 225.556 7.11462 -14.445 57.8732 4.65106 -13 3445 1 0 1
30.9748 36.5438 225.556 7.8704 10.9373 56.3387 1.93975 -13 3446 1 0 1
3.74493 13.209 225.556 0.938756 4.01438 66.5163 3.3135 -13 3447 1 0 1
12.5232 -6.51746 225.556 2.76962 -1.58106 43.907 4.04171 -13 3448 1 0 1
-3.73418 37.2353 225.556 -1.97926 12.8068 73.8297 2.30575 -13 3449 1 0 1
-25.0483 -22.8001 225.556 -8.07767 -7.88063 69.9723 0.118361 -13 3451 1 0 1
26.795 17.0144 225.556 6.15261 3.93071 50.6911 0.939717 -13 3452 1 0 1
-0.764389 21.7764 225.556 0.234033 5.90269 51.4976 -0.100966 -13 3453 1 0 1
1.46155 -41.5954 225.556 0.337644 -14.3292 64.6335 0.592067 -13 3454 1 0 1
12.8039 -88.1593 225.556 3.22811 -24.4489 55.4257 1.78405 -13 3455 1 0 1
-12.357 -41.9428 225.556 -4.31187 -14.6225 70.0379 0.849703 -13 3456 1 0 1
-4.64543 -12.4933 225.556 -1.12777 -3.91275 61.1746 1.60756 -13 3457 1 0 1
26.5165 -3.73937 225.556 7.50734 -1.76765 66.9433 3.12443 -13 3458 1 0 1
-25.2503 22.295 225.556 -8.37115 7.93016 71.0861 2.73653 -13 3459 1 0 1
0.52866 16.5438 225.556 0.16281 4.69693 59.6518 0.188975 -13 3460 1 0 1
-43.1829 -10.4487 225.556 -15.4241 -3.73543 76.2083 2.45914 -13 3461 1 0 1
60.706 -10.8115 225.556 12.5832 -2.27903 47.1828 1.32603 -13 3462 1 0 1
13.1691 -3.51677 225.556 3.58001 -0.796756 68.2489 2.04538 -13 3463 1 0 1
33.1555 -9.03256 225.556 8.59618 -2.761 57.643 0.00643445 -13 3464 1 0 1
23.1673 -3.97095 225.556 6.14359 -0.342727 61.2886 2.55619 -13 3465 1 0 1
12.3876 7.83013 225.556 1.73046 1.18457 27.9356 1.60329 -13 3466 1 0 1
-10.18 25.0788 225.556 -4.80811 9.58099 79.7082 0.538681 -13 3467 1 0 1
0.256292 -5.54784 225.556 0.143436 -1.64339 61.5392 -0.97507 -13 3468 1 0 1
9.02921 17.1172 225.556 1.06995 1.91503 21.245 4.57051 -13 3469 1 0 1
63.2589 -9.10293 225.556 15.7021 -2.13858 56.4222 3.56827 -13 3470 1 0 1
-23.9832 24.0435 225.556 -4.24007 5.65818 45.7788 1.93207 -13 3471 1 0 1
36.0698 0.00205643 225.556 7.39084 -0.354325 45.8236 3.42192 -13 3472 1 0 1
-27.5991 16.5533 225.556 -7.68366 5.40846 63.2921 1.03383 -13 3473 1 0 1
68.712 40.1642 225.556 17.442 11.0466 58.9017 2.58016 -13 3474 1 0 1
-10.6909 -26.0859 225.556 -1.93553 -6.3488 51.0161 1.42258 -13 3475 1 0 1
20.0144 3.35156 225.556 3.86189 0.869858 40.2454 1.69408 -13 3477 1 0 1
26.6335 9.48426 225.556 7.22909 3.18204 61.1459 0.418677 -13 3478 1 0 1
3.77065 10.1998 225.556 1.04512 3.27356 66.3002 2.15321 -13 3480 1 0 1
17.5237 41.9238 225.556 4.74751 12.3388 61.2272 3.38049 -13 3481 1 0 1
59.741 -61.7444 225.556 13.9023 -15.7309 53.3777 1.48727 -13 3482 1 0 1
-32.58 -40.8149 225.556 -8.55913 -12.3707 60.757 0.393064 -13 3483 1 0 1
21.4774 -1.50098 225.556 4.43968 -0.116309 44.0618 2.52417 -13 3484 1 0 1
-22.1744 39.3428 225.556 -7.47286 14.1272 71.3769 1.99523 -13 3485 1 0 1
0.989788 20.0282 225.556 0.0164963 7.11183 69.9154 0.883969 -13 3486 1 0 1
-43.0825 9.20885 225.556 -7.10361 1.62661 41.0047 1.32443 -13 3487 1 0 1
0.879673 -6.24746 225.556 -0.590154 -2.09708 78.1025 -0.108684 -13 3488 1 0 1
-35.4466 -51.7628 225.556 -8.29211 -14.124 55.1452 1.46313 -13 3489 1 0 1
-25.1506 22.6318 225.556 -9.63031 9.75042 77.1705 -0.00446491 -13 3491 1 0 1
-24.8483 -6.06448 225.556 -7.68846 -2.31089 68.3247 -0.130292 -13 3492 1 0 1
-0.640365 -14.7225 225.556 -0.232948 -3.70708 63.2884 0.588556 -13 3493 1 0 1
-27.5775 30.3168 225.556 -7.13811 8.55821 60.4644 1.29368 -13 3494 1 0 1
-3.03194 -17.7365 225.556 -0.957721 -6.46489 65.925 1.4504 -13 3495 1 0 1
22.2192 5.28528 225.556 6.70613 1.96518 73.587 -1.076 -13 3496 1 0 1
-7.94387 23.5507 225.556 -2.1282 7.31508 62.8257 0.0625049 -13 3497 1 0 1
54.4023 8.92321 225.556 11.7974 1.81482 49.2113 1.09275 -13 3498 1 0 1
17.9293 7.48201 225.556 5.09889 3.06384 65.6309 0.472123 -13 3499 1 0 1
-24.1517 -0.181416 225.556 -5.98714 0.188959 57.8681 1.36294 -13 3500 1 0 1
3.26113 14.4042 225.556 0.287747 5.25293 75.3306 1.86001 -13 3501 1 0 1
21.0147 16.0049 225.556 5.30178 3.74404 54.6425 -1.2414 -13 3502 1 0 1
16.0487 45.9079 225.556 4.46187 13.8035 58.0877 0.664522 -13 3503 1 0 1
-18.0709 -8.37321 225.556 -5.35482 -2.42448 65.9118 1.33833 -13 3504 1 0 1
-32.6668 19.2213 225.556 -12.0104 7.327 76.4858 -1.11422 -13 3505 1 0 1
-7.58695 65.1983 225.556 -2.81984 22.2828 69.0496 0.56718 -13 3506 1 0 1
26.2967 -27.0701 225.556 7.37786 -8.78524 66.418 1.0674 -13 3507 1 0 1
20.0663 19.6049 225.556 5.57899 6.04456 62.5655 0.739046 -13 3508 1 0 1
12.3928 13.9685 225.556 3.4931 4.62234 73.2441 3.54249 -13 3509 1 0 1
26.0731 20.3905 225.556 7.35802 5.99143 65.5882 2.57819 -13 3510 1 0 1
11.036 0.541722 225.556 3.04338 0.171786 64.9389 2.23679 -13 3511 1 0 1
6.1908 -7.40014 225.556 1.95908 -1.75503 59.5099 1.18195 -13 3512 1 0 1
-44.2727 37.2488 225.556 -12.3843 11.3516 63.2987 2.36711 -13 3513 1 0 1
-32.7592 19.6538 225.556 -9.3638 6.34839 64.495 2.21536 -13 3514 1 0 1
-16.7339 15.0797 225.556 -4.58548 4.76411 62.795 2.20093 -13 3515 1 0 1
-9.87434 -59.6277 225.556 -2.26153 -17.1444 56.1267 0.64606 -13 3517 1 0 1
25.1901 -15.9173 225.556 7.36383 -5.44863 71.7031 1.46122 -13 3518 1 0 1
28.1916 -5.87968 225.556 7.9257 -2.4123 64.7276 0.511426 -13 3520 1 0 1
0.588976 -10.2783 225.556 0.298603 -3.53572 59.2823 0.784176 -13 3521 1 0 1
-52.5843 -57.3782 225.556 -12.471 -15.7807 55.0837 0.773932 -13 3522 1 0 1
2.43365 -17.3275 225.556 0.895643 -4.08153 54.425 1.16407 -13 3523 1 0 1
21.032 36.6033 225.556 5.89142 11.8433 66.9262 1.19151 -13 3524 1 0 1
-2.41641 -31.0841 225.556 -0.89452 -10.8229 66.2842 5.3505 -13 3525 1 0 1
-33.7531 17.3727 225.556 -9.96638 5.35488 65.9989 3.28075 -13 3526 1 0 1
-19.1227 29.9003 225.556 -3.73743 8.23765 49.6995 4.35869 -13 3527 1 0 1
-19.115 35.8214 225.556 -6.17688 12.1488 69.1405 0.443019 -13 3528 1 0 1
-21.5251 -30.2355 225.556 -4.29974 -7.79343 49.9544 1.9191 -13 3529 1 0 1
21.3994 -16.2586 225.556 6.06624 -5.49129 68.9372 1.2581 -13 3530 1 0 1
63.3955 66.679 225.556 17.0998 20.6114 62.793 -0.468699 -13 3531 1 0 1
40.8847 10.8485 225.556 8.96169 2.94975 49.1096 1.5186 -13 3532 1 0 1
-5.78613 21.1947 225.556 -2.08223 7.26384 69.4539 2.46297 -13 3533 1 0 1
15.3465 -24.634 225.556 4.16209 -7.50813 63.5142 -0.725097 -13 3534 1 0 1
-8.6986 -45.9986 225.556 -1.96001 -12.4675 54.5831 0.871895 -13 3535 1 0 1
7.22083 -19.0303 225.556 1.83592 -5.65285 69.1398 -0.728898 -13 3536 1 0 1
2.77778 4.04768 225.556 0.98116 0.753065 62.1233 0.713211 -13 3537 1 0 1
-26.6036 -39.2114 225.556 -8.48888 -13.7049 69.1849 0.468792 -13 3538 1 0 1
-39.5717 -9.28803 225.556 -10.1297 -2.57637 59.2328 0.268666 -13 3539 1 0 1
8.7731 67.0282 225.556 1.97272 14.4346 42.2661 4.25047 -13 3540 1 0 1
17.1536 46.68 225.556 4.26003 12.6775 54.3243 0.594841 -13 3541 1 0 1
33.8794 43.0824 225.556 6.23305 8.54092 39.7308 1.9239 -13 3542 1 0 1
4.6686 1.02174 225.556 1.41104 0.530917 57.1224 -0.785502 -13 3543 1 0 1
-17.5335 1.76946 225.556 -3.70594 0.3536 54.3752 1.39106 -13 3544 1 0 1
-28.807 59.6257 225.556 -7.42229 17.2728 59.0095 3.17039 -13 3545 1 0 1
17.562 12.8033 225.556 4.77586 3.72629 57.5283 -0.390444 -13 3546 1 0 1
-12.3121 -39.2305 225.556 -3.2262 -11.818 60.5555 2.55437 -13 3547 1 0 1
23.8357 -28.7882 225.556 5.59411 -7.2117 51.8655 2.5082 -13 3548 1 0 1
36.4015 2.21259 225.556 9.68128 0.888464 60.3903 0.616008 -13 3549 1 0 1
22.5726 0.444427 225.556 6.75069 0.607816 70.5874 1.93792 -13 3550 1 0 1
13.2337 -19.4637 225.556 3.51366 -5.40412 55.9068 -0.60115 -13 3551 1 0 1
-35.424 27.1961 225.556 -11.0603 9.67135 69.3297 -0.380012 -13 3552 1 0 1
-1.68921 -32.4739 225.556 -1.46931 -11.344 77.0974 1.95784 -13 3553 1 0 1
-31.9018 -20.6596 225.556 -9.90608 -6.70035 68.3618 0.848406 -13 3554 1 0 1
-16.1693 15.5438 225.556 -4.42148 5.62839 64.1758 -0.260034 -13 3555 1 0 1
-22.0948 14.9508 225.556 -6.73933 5.51277 67.5959 -0.118305 -13 3556 1 0 1
-23.2934 -30.4442 225.556 -4.24753 -6.68317 45.9525 3.26933 -13 3557 1 0 1
-2.38461 -2.84029 225.556 -0.222685 -0.254384 54.84 3.18856 -13 3558 1 0 1
-0.343568 -51.5477 225.556 -0.655359 -17.3871 68.7787 3.41964 -13 3559 1 0 1
-36.9413 50.7645 225.556 -11.4483 16.5912 68.3997 2.12632 -13 3560 1 0 1
-33.5239 10.5698 225.556 -13.1447 3.38447 78.6833 0.458272 -13 3561 1 0 1
22.3329 17.4731 225.556 6.37081 6.85252 68.7906 2.4191 -13 3562 1 0 1
-2.30568 15.3409 225.556 -0.35434 4.26188 53.4818 2.14631 -13 3563 1 0 1
21.7485 -16.2237 225.556 6.21143 -5.95097 67.5027 0.420506 -13 3564 1 0 1
-16.6538 -5.78536 225.556 -5.3942 -2.1192 69.7648 2.94402 -13 3565 1 0 1
-22.6842 13.221 225.556 -7.15229 3.97822 68.939 2.72775 -13 3566 1 0 1
-101.864 32.541 225.556 -22.4373 8.3303 51.6452 1.5794 -13 3567 1 0 1
24.8885 9.26767 225.556 6.65431 2.44342 60.0267 1.25953 -13 3568 1 0 1
17.037 -3.0716 225.556 4.92242 -1.3504 76.2018 -0.396196 -13 3569 1 0 1
-27.2707 47.0588 225.556 -8.45014 14.9343 68.0332 1.83572 -13 3570 1 0 1
-6.25026 -3.90221 225.556 -2.3172 -1.20923 70.3794 1.71623 -13 3571 1 0 1
-41.0407 8.80202 225.556 -15.6889 3.48824 78.8331 1.58444 -13 3572 1 0 1
51.5134 -84.5676 225.556 10.8507 -19.8121 47.4939 2.26838 -13 3574 1 0 1
-4.46626 -53.8962 225.556 -0.754208 -13.2121 50.0442 3.29016 -13 3575 1 0 1
-28.2476 1.24638 225.556 -8.97854 -0.182118 69.1909 2.34155 -13 3576 1 0 1
40.945 63.4088 225.556 10.3428 17.5866 55.8566 -0.503904 -13 3577 1 0 1
-15.2747 5.92057 225.556 -4.9957 2.30901 68.764 1.25936 -13 3578 1 0 1
5.97286 -10.6215 225.556 1.43289 -2.34335 39.8275 2.41411 -13 3579 1 0 1
31.9351 34.0853 225.556 9.31107 11.3375 68.9264 2.14927 -13 3580 1 0 1
5.57238 -36.1369 225.556 0.825372 -14.7931 79.6057 0.516128 -13 3581 1 0 1
20.9986 -13.651 225.556 5.51217 -4.36277 56.5157 1.8931 -13 3582 1 0 1
-2.69407 15.3179 225.556 -1.47393 5.10965 72.7271 1.93833 -13 3583 1 0 1
-7.57866 22.0836 225.556 -2.13737 7.06509 62.6849 0.618073 -13 3584 1 0 1
-1.03395 -9.3606 225.556 -0.547749 -3.36602 68.5305 2.94386 -13 3585 1 0 1
-0.596271 31.8239 225.556 -1.3179 11.9012 77.9049 -0.0669334 -13 3586 1 0 1
-32.9651 -33.3776 225.556 -10.9414 -12.7235 71.886 1.63505 -13 3587 1 0 1
12.2863 16.4978 225.556 3.0781 3.75643 53.0223 0.0365384 -13 3588 1 0 1
-11.5407 -13.6854 225.556 -3.15937 -4.61299 63.4391 3.6857 -13 3589 1 0 1
-24.6745 -34.8443 225.556 -7.44797 -12.3871 67.1289 2.02176 -13 3590 1 0 1
-19.8476 3.88364 225.556 -6.76686 1.32386 72.4561 0.8636 -13 3591 1 0 1
-31.0168 -36.6546 225.556 -11.7645 -13.9036 78.0401 0.387989 -13 3592 1 0 1
8.42842 -15.6927 225.556 1.92524 -3.42893 45.6507 2.80436 -13 3593 1 0 1
61.8744 2.50134 225.556 16.8118 0.0321547 62.3168 1.77415 -13 3594 1 0 1
34.6914 15.3917 225.556 7.81646 2.92504 51.1 2.01703 -13 3595 1 0 1
-22.6334 -23.0895 225.556 -5.95845 -7.51376 60.9879 2.55757 -13 3596 1 0 1
37.506 5.88619 225.556 7.64199 1.42948 44.2018 2.46334 -13 3597 1 0 1
13.6735 32.1473 225.556 3.77574 10.8733 68.934 2.71176 -13 3598 1 0 1
14.2225 -3.81321 225.556 3.93784 -1.03714 72.1534 3.23433 -13 3599 1 0 1
-12.0516 -3.82731 225.556 -2.63151 -1.22475 56.5731 1.70473 -13 3600 1 0 1
0.548978 -1.82198 225.556 -0.206564 -0.911525 71.295 0.322279 -13 3601 1 0 1
-43.9982 -36.4176 225.556 -9.52173 -8.30867 51.3586 1.45133 -13 3602 1 0 1
32.5605 -20.9923 225.556 9.05053 -6.53923 63.5178 1.34338 -13 3603 1 0 1
30.1379 43.4666 225.556 8.68102 14.8745 67.6201 0.741516 -13 3604 1 0 1
-21.5565 -46.4007 225.556 -7.73767 -16.3635 73.409 2.66913 -13 3605 1 0 1
6.38828 -34.7923 225.556 1.70307 -9.80568 62.7237 1.83548 -13 3606 1 0 1
23.1827 -27.3679 225.556 6.18561 -9.32267 62.675 3.83586 -13 3607 1 0 1
-31.8539 14.0323 225.556 -8.86483 3.82283 62.6582 1.02412 -13 3608 1 0 1
0.86882 18.3343 225.556 -0.707277 7.52181 75.2442 -0.594479 -13 3609 1 0 1
29.9377 12.0685 225.556 8.57561 3.56167 67.2436 2.40263 -13 3610 1 0 1
27.6847 -38.4003 225.556 6.36261 -9.60263 49.4769 1.74955 -13 3611 1 0 1
15.4785 44.0876 225.556 4.1614 14.2106 64.7281 1.48342 -13 3612 1 0 1
-15.5554 35.8098 225.556 -5.58125 13.7556 73.1211 1.8972 -13 3613 1 0 1
17.4231 -19.0608 225.556 5.10758 -5.99955 70.5296 0.660148 -13 3614 1 0 1
24.2243 -4.28031 225.556 7.26857 -2.37933 75.6527 2.09653 -13 3615 1 0 1
4.13992 -27.4958 225.556 0.521654 -11.129 74.845 0.503404 -13 3616 1 0 1
27.2322 4.76772 225.556 7.47996 2.10069 64.0529 4.17103 -13 3617 1 0 1
-1.09654 -32.1995 225.556 -0.522213 -10.5337 68.0483 1.21087 -13 3618 1 0 1
45.7703 6.91253 225.556 12.6001 2.51999 62.9264 0.640494 -13 3619 1 0 1
22.4102 23.7388 225.556 6.08919 6.63651 58.3407 -0.214491 -13 3620 1 0 1
-3.79172 18.8401 225.556 -1.17517 5.87437 65.8332 1.42283 -13 3621 1 0 1
-17.9265 10.3265 225.556 -6.12685 3.08694 71.7211 1.06238 -13 3622 1 0 1
-6.89212 63.2133 225.556 -1.08951 16.1495 51.202 0.852312 -13 3623 1 0 1
38.1193 -26.8066 225.556 10.1763 -7.91565 61.265 3.05346 -13 3624 1 0 1
-34.8361 15.6894 225.556 -13.3436 6.80233 77.463 1.70912 -13 3625 1 0 1
15.3362 14.4112 225.556 4.34351 5.247 66.5807 -0.229738 -13 3626 1 0 1
22.8372 -1.999 225.556 5.74972 0.197302 53.8677 1.65587 -13 3627 1 0 1
9.18524 -25.856 225.556 2.18011 -5.93056 46.8463 3.04625 -13 3628 1 0 1
10.0305 7.09449 225.556 2.61983 2.4362 75.31 1.8546 -13 3629 1 0 1
-29.384 5.21204 225.556 -5.00547 1.05789 43.5732 1.56341 -13 3631 1 0 1
14.2915 -14.4944 225.556 3.28533 -3.71325 48.7872 2.24076 -13 3632 1 0 1
19.5913 -11.3027 225.556 5.76505 -3.92844 71.8347 1.79671 -13 3634 1 0 1
10.7239 22.4364 225.556 2.62995 9.12002 75.0149 2.46361 -13 3635 1 0 1
-45.5157 5.61252 225.556 -12.8306 2.14159 63.9578 -1.04217 -13 3639 1 0 1
-61.435 -43.9525 225.556 -15.9032 -13.2966 59.5288 2.91306 -13 3640 1 0 1
27.8854 30.3038 225.556 6.68453 7.86032 51.7105 2.46837 -13 3641 1 0 1
11.9384 -35.5967 225.556 3.2198 -12.044 69.197 1.34719 -13 3642 1 0 1
-60.7235 3.76444 225.556 -18.5835 1.96692 68.341 1.75808 -13 3643 1 0 1
43.9579 -11.2964 225.556 10.5191 -2.74155 53.9497 0.512508 -13 3644 1 0 1
23.6658 -3.12796 225.556 6.69159 -1.26 65.8503 0.410364 -13 3645 1 0 1
-58.2971 52.0256 225.556 -14.1965 15.0972 56.4388 3.06533 -13 3647 1 0 1
-30.7446 -25.9301 225.556 -9.36102 -8.82827 68.1921 1.6255 -13 3648 1 0 1
-3.04271 15.1699 225.556 -0.490547 4.31889 58.6216 2.45101 -13 3649 1 0 1
-22.7603 -40.0796 225.556 -7.11594 -12.9538 67.971 2.05048 -13 3650 1 0 1
17.3061 13.0909 225.556 3.77118 2.6803 44.0666 1.53863 -13 3651 1 0 1
-68.6081 0.716098 225.556 -19.1041 0.70585 63.1895 0.759704 -13 3652 1 0 1
13.0266 14.9433 225.556 3.79348 5.23891 66.981 0.0108738 -13 3653 1 0 1
-20.006 30.5258 225.556 -3.96211 8.36826 49.5811 0.435492 -13 3654 1 0 1
21.6439 -1.02013 225.556 5.61755 -0.896927 54.7124 0.985356 -13 3655 1 0 1
23.6785 34.2593 225.556 6.24821 10.0308 58.3543 -0.14933 -13 3656 1 0 1
-1.08527 1.92476 225.556 -0.0202147 0.718283 56.375 0.627139 -13 3657 1 0 1
-7.68499 17.3801 225.556 -2.96475 5.54119 71.6606 2.37328 -13 3658 1 0 1
13.1726 -17.4408 225.556 3.62759 -4.23065 62.4303 1.94492 -13 3659 1 0 1
14.6711 15.9004 225.556 4.16821 4.75361 67.6825 2.32982 -13 3660 1 0 1
-24.6919 29.4701 225.556 -6.03258 8.41295 57.8099 2.05672 -13 3661 1 0 1
19.008 -5.92295 225.556 5.48965 -2.41216 65.1303 1.96593 -13 3662 1 0 1
-0.320182 37.1791 225.556 -0.161365 11.3886 63.3526 2.5275 -13 3663 1 0 1
-29.1815 -37.6385 225.556 -8.25641 -11.2763 63.3808 -0.0384142 -13 3664 1 0 1
18.3523 -33.4982 225.556 4.71438 -9.94371 57.4184 1.09099 -13 3665 1 0 1
54.4121 -41.5741 225.556 8.86208 -7.63962 36.9497 1.97709 -13 3666 1 0 1
-25.1228 19.0099 225.556 -6.31892 4.98284 58.873 1.48051 -13 3667 1 0 1
-0.510628 3.24665 225.556 0.029256 0.998742 60.5344 1.73768 -13 3668 1 0 1
-14.9321 2.4575 225.556 -5.50753 1.08358 72.996 1.13716 -13 3669 1 0 1
20.3316 28.4841 225.556 5.59915 9.77049 65.2583 2.79358 -13 3670 1 0 1
-22.8999 -52.1024 225.556 -6.81163 -16.8747 65.7896 2.41083 -13 3671 1 0 1
-17.0051 -5.58175 225.556 -5.61796 -1.59854 69.7819 1.56286 -13 3672 1 0 1
-15.5248 -4.59376 225.556 -4.45684 -1.15267 63.9493 0.705782 -13 3673 1 0 1
-28.6443 -30.1147 225.556 -8.73901 -9.9438 67.2967 2.12417 -13 3674 1 0 1
-3.83944 9.97589 225.556 -0.821984 3.59026 62.0566 0.361057 -13 3675 1 0 1
-45.9473 24.877 225.556 -13.6864 7.64278 67.0043 0.72273 -13 3676 1 0 1
-39.5306 -12.1534 225.556 -11.8328 -4.00138 67.146 0.907639 -13 3677 1 0 1
-8.30434 4.22837 225.556 -2.39974 1.63336 65.3369 1.27217 -13 3678 1 0 1
3.65163 -32.8414 225.556 1.06588 -10.75 64.3043 2.4589 -13 3679 1 0 1
-30.3835 -72.2291 225.556 -7.60945 -20.7841 57.1861 0.202811 -13 3680 1 0 1
-34.6593 27.7717 225.556 -9.52377 7.90764 63.147 2.83664 -13 3681 1 0 1
-10.2207 -2.61428 225.556 -3.72611 -1.33359 71.6165 1.47653 -13 3682 1 0 1
-22.5525 -24.4804 225.556 -6.78312 -7.48439 66.5986 1.13687 -13 3683 1 0 1
-17.9733 -21.4734 225.556 -4.95346 -6.95439 63.5552 3.39448 -13 3684 1 0 1
4.20405 -3.34083 225.556 0.90193 -0.454525 68.7138 1.77942 -13 3685 1 0 1
-22.0448 -18.0982 225.556 -6.39272 -6.04382 65.4424 0.856431 -13 3686 1 0 1
-29.4171 -19.4513 225.556 -7.14046 -5.4548 56.9668 -0.0312678 -13 3687 1 0 1
30.6827 50.3301 225.556 5.01291 9.05482 35.1867 2.44417 -13 3689 1 0 1
8.93711 -12.1452 225.556 2.373 -4.80173 65.7086 3.24774 -13 3690 1 0 1
-18.875 -15.6233 225.556 -2.53452 -2.99408 37.8124 2.13863 -13 3691 1 0 1
-26.2257 45.4739 225.556 -6.46005 13.5455 57.3507 2.91458 -13 3692 1 0 1
32.0922 2.39142 225.556 9.49395 1.26527 70.4682 1.2472 -13 3693 1 0 1
-17.6334 -6.22727 225.556 -4.75397 -1.6823 61.4736 2.55303 -13 3694 1 0 1
-15.5662 -38.3982 225.556 -4.68933 -12.3688 65.738 3.42491 -13 3695 1 0 1
-11.4146 -53.2297 225.556 -5.03414 -20.3863 76.1791 1.39075 -13 3696 1 0 1
36.7434 -8.71034 225.556 11.9497 -2.90355 81.407 0.355255 -13 3697 1 0 1
13.099 -0.228345 225.556 3.81783 0.341511 71.6436 2.2114 -13 3698 1 0 1
19.2628 -19.7268 225.556 5.48921 -6.00149 62.6103 -0.183427 -13 3699 1 0 1
12.2667 -8.86514 225.556 3.1584 -2.63125 52.8561 1.58723 -13 3700 1 0 1
48.7066 15.8534 225.556 10.4474 4.17292 48.2493 1.95575 -13 3701 1 0 1
-13.225 13.9771 225.556 -3.21482 4.13442 59.7188 2.12823 -13 3702 1 0 1
-8.31789 25.6604 225.556 -2.73585 8.62492 68.6064 2.1277 -13 3703 1 0 1
-7.12586 23.838 225.556 -0.212653 2.06795 14.9239 4.32928 -13 3704 1 0 1
-9.15519 -34.9796 225.556 -3.92522 -13.004 75.778 0.267998 -13 3705 1 0 1
25.5118 -15.99 225.556 7.70991 -7.05636 79.5193 -0.450906 -13 3706 1 0 1
-22.8975 1.04284 225.556 -6.00769 0.437303 60.6444 3.37407 -13 3707 1 0 1
12.9582 -1.58728 225.556 3.67032 -0.248791 63.514 4.97942 -13 3708 1 0 1
26.7699 -53.2455 225.556 7.51546 -17.5039 67.2811 1.93368 -13 3709 1 0 1
19.2003 -16.3001 225.556 5.50213 -6.03423 75.4587 2.70596 -13 3711 1 0 1
-13.1636 24.0424 225.556 -4.04408 7.76844 66.9724 0.748846 -13 3712 1 0 1
43.9675 -39.8367 225.556 12.8019 -13.3723 67.7566 0.922434 -13 3713 1 0 1
10.3783 -28.2926 225.556 2.91154 -8.74828 62.2946 2.68721 -13 3714 1 0 1
34.1062 -28.4315 225.556 8.59361 -7.99445 57.2045 0.9849 -13 3715 1 0 1
-27.6399 3.10196 225.556 -5.71277 0.246084 51.2635 1.68777 -13 3716 1 0 1
-23.4492 -39.345 225.556 -6.67088 -12.9377 63.7138 3.73499 -13 3717 1 0 1
21.3228 -23.8479 225.556 5.2394 -6.77303 53.7088 -0.754692 -13 3718 1 0 1
10.895 -12.7303 225.556 3.16802 -3.76862 62.0206 3.1168 -13 3719 1 0 1
12.1094 29.6113 225.556 3.40777 9.9059 68.7618 3.9339 -13 3720 1 0 1
-2.1966 -14.6089 225.556 -0.224467 -3.91054 51.9549 4.19636 -13 3721 1 0 1
-1.23877 -25.816 225.556 -0.137247 -8.22312 59.3687 1.02828 -13 3722 1 0 1
-32.5194 19.0641 225.556 -11.7979 7.75261 76.2096 1.67008 -13 3723 1 0 1
54.9422 -27.8979 225.556 13.8986 -8.23945 57.8087 1.36099 -13 3724 1 0 1
19.3868 0.0703585 225.556 5.29084 -0.0671015 62.005 1.36296 -13 3725 1 0 1
-8.43757 -10.5957 225.556 -2.60824 -3.77512 67.2621 2.36279 -13 3726 1 0 1
-7.02197 -26.7103 225.556 -1.8049 -6.81509 60.7227 0.996043 -13 3727 1 0 1
-1.90548 -6.81175 225.556 -0.945506 -1.86499 70.5502 0.297312 -13 3728 1 0 1
-15.0133 1.15706 225.556 -4.77294 0.146535 68.3237 2.76072 -13 3729 1 0 1
-24.464 -50.3755 225.556 -9.45278 -18.5221 76.149 1.54597 -13 3730 1 0 1
20.9778 -57.4154 225.556 5.08938 -15.3311 54.3655 0.790028 -13 3731 1 0 1
28.9781 -19.2916 225.556 6.06304 -4.83064 45.8956 1.37643 -13 3732 1 0 1
14.4256 3.07051 225.556 3.94767 0.895166 63.2615 2.55455 -13 3733 1 0 1
-9.41023 7.05902 225.556 -2.8414 2.54655 65.6078 1.73145 -13 3734 1 0 1
20.8015 -13.0855 225.556 5.94436 -5.0786 68.8281 0.726492 -13 3735 1 0 1
-18.7292 8.85841 225.556 -4.87263 2.41816 60.0086 1.08447 -13 3736 1 0 1
-29.5732 -15.6054 225.556 -11.6402 -5.28927 78.6149 0.343023 -13 3738 1 0 1
-0.999293 -14.5458 225.556 -1.44132 -5.98812 78.7186 3.60549 -13 3739 1 0 1
-19.497 -14.8663 225.556 -3.78593 -4.28203 49.8361 1.75581 -13 3740 1 0 1
-26.7395 -22.3849 225.556 -9.44568 -7.9712 74.5649 0.989442 -13 3741 1 0 1
15.5722 -44.5334 225.556 4.2462 -13.8185 63.1091 1.92547 -13 3742 1 0 1
-21.7752 22.8155 225.556 -6.48413 7.7726 65.7547 2.4675 -13 3743 1 0 1
44.6809 9.5724 225.556 11.3873 3.07746 58.9056 1.26457 -13 3744 1 0 1
-4.15263 31.1081 225.556 0.0423447 4.80576 30.3784 4.16686 -13 3745 1 0 1
-23.7019 -23.4383 225.556 -6.38326 -7.18656 62.7879 0.211481 -13 3746 1 0 1
3.28325 -9.37813 225.556 1.13642 -2.43721 50.9475 -0.388297 -13 3747 1 0 1
17.7409 1.09761 225.556 5.07949 0.815258 68.0469 0.674104 -13 3748 1 0 1
4.41785 10.0088 225.556 1.24908 2.2695 58.8555 1.21285 -13 3749 1 0 1
4.96283 25.3138 225.556 1.37198 8.1105 60.2889 0.761765 -13 3750 1 0 1
-13.5859 -16.8152 225.556 -3.44633 -4.99392 61.5696 1.63987 -13 3751 1 0 1
-48.1436 -43.8099 225.556 -12.2073 -12.7681 58.3705 2.65367 -13 3752 1 0 1
-49.6128 9.49302 225.556 -18.0045 3.54945 77.4349 1.84741 -13 3753 1 0 1
-50.6527 22.4096 225.556 -16.4714 8.21864 71.4279 1.41884 -13 3754 1 0 1
-15.1555 4.76938 225.556 -5.14488 1.94514 69.6992 0.261018 -13 3755 1 0 1
7.53867 23.0161 225.556 1.32374 8.45668 79.0558 2.07026 -13 3756 1 0 1
53.4086 -10.9312 225.556 14.0239 -2.62109 60.5228 -0.304314 -13 3757 1 0 1
-10.8942 9.67058 225.556 -2.13785 2.60416 54.5136 2.93751 -13 3758 1 0 1
23.0782 13.5545 225.556 6.64986 4.53911 67.5712 0.0403985 -13 3759 1 0 1
28.3315 5.98708 225.556 6.40719 0.892787 48.6496 2.79527 -13 3760 1 0 1
-17.0751 -10.9279 225.556 -5.33828 -3.31618 68.1033 0.574267 -13 3761 1 0 1
3.00045 38.0906 225.556 0.390812 13.0908 72.3313 1.73734 -13 3762 1 0 1
12.6561 5.37655 225.556 3.57345 2.09771 64.206 0.0850763 -13 3763 1 0 1
-5.0403 26.4908 225.556 -1.80833 9.70034 68.0682 1.37258 -13 3764 1 0 1
-10.7673 43.6674 225.556 -3.06105 13.9322 64.7188 3.06033 -13 3765 1 0 1
25.7744 -27.8377 225.556 6.77228 -8.36863 58.099 1.49388 -13 3766 1 0 1
-41.5794 -5.23194 225.556 -12.9734 -2.51998 69.0805 1.0296 -13 3767 1 0 1
57.1058 4.79974 225.556 11.2878 1.63881 45.3071 1.00987 -13 3768 1 0 1
-9.17769 8.98121 225.556 -1.64031 2.49188 51.7872 0.0676137 -13 3769 1 0 1
-4.49347 22.7471 225.556 -1.0461 7.14384 62.4792 -1.03819 -13 3770 1 0 1
14.9262 17.3594 225.556 4.11534 5.36847 60.9221 1.97137 -13 3771 1 0 1
26.0575 1.99441 225.556 6.61424 0.860491 54.3588 1.08287 -13 3772 1 0 1
-13.4204 -89.4796 225.556 -2.94694 -23.9938 54.3732 0.695668 -13 3774 1 0 1
-22.6993 -19.8289 225.556 -5.28761 -5.16792 57.0953 1.14192 -13 3775 1 0 1
25.0717 -4.32087 225.556 5.73457 -0.993471 49.7887 3.03934 -13 3776 1 0 1
-34.6724 -16.2707 225.556 -9.4108 -5.14798 61.7981 2.73695 -13 3777 1 0 1
-2.33109 32.1146 225.556 -1.36829 11.5845 72.9795 0.625253 -13 3778 1 0 1
13.4724 12.5208 225.556 3.44196 3.96332 54.5408 1.59648 -13 3779 1 0 1
29.6922 -32.4202 225.556 7.16392 -8.74881 53.6555 2.2922 -13 3780 1 0 1
-5.72138 17.2628 225.556 -1.30526 5.21383 58.6878 0.459219 -13 3781 1 0 1
-1.04998 11.3939 225.556 -0.595349 4.44154 68.8985 1.57506 -13 3782 1 0 1
-18.1125 -41.7402 225.556 -5.47939 -14.0658 65.6614 0.413399 -13 3783 1 0 1
17.5411 13.1201 225.556 5.06217 4.27114 64.6142 -0.27469 -13 3784 1 0 1
-5.4806 9.24591 225.556 -1.57834 3.33804 64.2586 0.179803 -13 3785 1 0 1
-22.1511 -30.9445 225.556 -6.77968 -9.66858 67.4391 -0.0630926 -13 3786 1 0 1
0.938304 32.3226 225.556 -0.231584 10.8886 73.3551 2.84366 -13 3787 1 0 1
17.3392 3.82992 225.556 4.64717 1.32401 63.2527 2.31285 -13 3788 1 0 1
-28.1249 2.53981 225.556 -9.1384 1.09138 70.9089 2.0206 -13 3789 1 0 1
-18.0325 42.8342 225.556 -4.94308 13.1194 62.3592 3.69429 -13 3791 1 0 1
6.46162 -52.9879 225.556 1.23167 -8.74742 31.511 2.5304 -13 3792 1 0 1
-44.3486 8.59785 225.556 -12.5039 2.33475 64.3318 2.14259 -13 3794 1 0 1
-39.1584 11.2513 225.556 -9.30557 3.59707 56.3858 2.26988 -13 3795 1 0 1
-46.3259 -11.8164 225.556 -12.0253 -3.44604 59.8307 2.42406 -13 3796 1 0 1
16.2461 -6.58732 225.556 4.3978 -1.75437 61.3692 2.54812 -13 3797 1 0 1
-5.16487 36.1132 225.556 -3.26479 14.9605 77.5032 2.8964 -13 3798 1 0 1
-13.733 -25.8062 225.556 -4.11649 -8.66198 67.1056 1.18578 -13 3799 1 0 1
86.1726 -70.3107 225.556 15.1723 -14.4075 41.0292 2.50424 -13 3800 1 0 1
-2.51129 1.48801 225.556 -1.73448 0.884806 76.5086 1.97358 -13 3801 1 0 1
-23.2459 26.2043 225.556 -4.83416 6.65263 50.6604 2.07682 -13 3802 1 0 1
-16.5529 -3.78387 225.556 -5.70111 -2.16408 71.7355 -0.248139 -13 3803 1 0 1
-15.5732 28.6878 225.556 -1.23863 3.66954 24.8873 5.20485 -13 3804 1 0 1
-14.8314 -2.05295 225.556 -4.01915 -0.862937 62.7327 0.180439 -13 3805 1 0 1
17.8497 -3.13075 225.556 3.96151 -1.32141 44.5804 1.96074 -13 3806 1 0 1
-27.0794 -17.743 225.556 -8.55327 -6.42168 69.5026 1.14515 -13 3807 1 0 1
35.1079 -17.3108 225.556 9.17681 -4.80786 59.5192 4.17858 -13 3808 1 0 1
-23.5782 0.29602 225.556 -7.65478 -0.0980578 70.4787 -0.185795 -13 3809 1 0 1
-8.81898 27.4763 225.556 -1.71224 7.7771 54.0272 1.29831 -13 3810 1 0 1
-7.86564 -2.17159 225.556 -2.59096 -0.534841 68.1894 0.960104 -13 3811 1 0 1
18.3488 -42.5724 225.556 5.18874 -14.7518 69.949 1.92973 -13 3812 1 0 1
40.3759 9.5222 225.556 9.81518 2.23789 55.3532 3.85466 -13 3813 1 0 1
-25.8962 5.99127 225.556 -6.68918 1.24221 59.6262 0.542094 -13 3814 1 0 1
-48.6149 19.0935 225.556 -17.0017 7.14402 75.2796 1.23053 -13 3815 1 0 1
22.7497 -39.8208 225.556 4.64429 -8.62859 44.0679 0.98481 -13 3816 1 0 1
0.131437 -27.478 225.556 0.0547184 -8.34058 62.6466 0.860447 -13 3817 1 0 1
13.4433 3.2705 225.556 3.83801 1.37591 68.0058 1.33197 -13 3818 1 0 1
-1.84986 8.17881 225.556 -0.188203 2.47223 57.0753 2.16504 -13 3819 1 0 1
33.6976 -16.508 225.556 9.86144 -5.18341 69.2547 1.82042 -13 3820 1 0 1
39.8644 38.7493 225.556 9.89993 10.7955 57.3111 3.67074 -13 3821 1 0 1
10.8461 -15.943 225.556 3.02889 -5.59858 70.2091 0.211554 -13 3822 1 0 1
-41.4505 8.79746 225.556 -13.2296 2.91613 70.1831 0.246628 -13 3823 1 0 1
14.1175 -1.29641 225.556 3.81704 -0.397447 59.8409 3.35896 -13 3824 1 0 1
-2.79896 -1.54378 225.556 -0.776028 -0.647672 63.6918 2.13863 -13 3825 1 0 1
-22.7517 -36.2239 225.556 -5.55584 -9.90153 57.8468 1.68937 -13 3826 1 0 1
18.1339 1.94232 225.556 3.55726 -0.0177715 40.4522 2.24147 -13 3827 1 0 1
14.5279 -0.704321 225.556 3.59525 -0.0815012 52.9156 3.13064 -13 3828 1 0 1
20.9226 12.6122 225.556 6.00034 4.24466 65.6144 -0.590543 -13 3829 1 0 1
29.143 42.7111 225.556 7.87373 13.0294 60.4134 0.576766 -13 3830 1 0 1
19.3443 -51.2422 225.556 3.99869 -11.7634 44.5391 2.45466 -13 3831 1 0 1
-3.70338 -6.31142 225.556 -0.661403 -1.60286 54.0949 1.61726 -13 3832 1 0 1
9.03553 -21.6859 225.556 2.4428 -6.34644 61.4276 -0.65467 -13 3833 1 0 1
-12.5703 39.3142 225.556 -4.43433 12.5877 69.919 1.45373 -13 3834 1 0 1
2.15448 8.23017 225.556 0.19745 2.16111 71.9747 1.65704 -13 3835 1 0 1
0.172642 -20.48 225.556 -1.24793 -8.43853 80.2045 3.49162 -13 3836 1 0 1
20.4267 -28.7755 225.556 5.32701 -8.58899 58.1399 0.288176 -13 3837 1 0 1
16.4165 2.66744 225.556 3.86438 0.483146 50.6999 2.79733 -13 3838 1 0 1
45.3838 -18.7347 225.556 7.46416 -3.47361 36.3798 4.32779 -13 3840 1 0 1
-23.8999 52.4945 225.556 -5.10001 14.2317 52.6721 3.09847 -13 3841 1 0 1
-12.1689 0.334437 225.556 -3.55649 0.783573 65.2052 0.509779 -13 3842 1 0 1
29.6687 0.259509 225.556 7.07593 0.148964 53.3033 3.25128 -13 3843 1 0 1
-63.3726 -3.54279 225.556 -15.8221 -0.841905 57.9103 2.14183 -13 3844 1 0 1
-27.9055 -22.7407 225.556 -9.46798 -8.08876 72.1951 0.678931 -13 3845 1 0 1
-14.2905 -34.3109 225.556 -5.16944 -12.1236 72.6383 0.446777 -13 3846 1 0 1
-37.7854 -38.3388 225.556 -5.89614 -7.60681 39.6592 2.24091 -13 3847 1 0 1
35.4749 -0.140883 225.556 8.3528 0.220537 52.0695 1.43392 -13 3848 1 0 1
-47.0299 -10.7108 225.556 -13.2217 -2.98316 63.7618 2.59383 -13 3849 1 0 1
-10.1761 69.0293 225.556 -3.01332 22.1826 63.3877 1.73283 -13 3850 1 0 1
37.3301 -3.00586 225.556 8.46475 -0.260649 50.3339 1.75178 -13 3851 1 0 1
38.5153 53.5024 225.556 6.44712 10.1125 37.5282 2.51289 -13 3852 1 0 1
-27.8297 -14.4019 225.556 -8.17706 -5.1878 64.7982 2.72496 -13 3853 1 0 1
-1.63947 0.298218 225.556 0.0535493 0.20091 42.4797 0.444307 -13 3854 1 0 1
8.81649 -38.9485 225.556 2.32176 -12.3682 61.5253 0.985856 -13 3855 1 0 1
1.96502 5.11406 225.556 0.639166 2.14481 58.993 -0.38994 -13 3856 1 0 1
17.0731 -10.4617 225.556 4.58003 -3.23877 60.5848 0.186017 -13 3857 1 0 1
13.2319 18.7808 225.556 3.46987 5.2416 60.2024 0.070187 -13 3858 1 0 1
1.8695 -19.745 225.556 0.388893 -5.27201 65.5719 0.200365 -13 3859 1 0 1
-1.4406 -21.3376 225.556 -0.839124 -7.04989 72.9048 0.607396 -13 3860 1 0 1
17.3615 25.5561 225.556 4.83412 7.15112 65.4467 2.30447 -13 3861 1 0 1
6.83352 -3.37016 225.556 1.81972 -1.56243 59.0543 1.96373 -13 3862 1 0 1
-1.3637 -8.64594 225.556 -0.026674 -2.19286 56.6374 1.87174 -13 3863 1 0 1
11.4522 -8.27909 225.556 1.46973 -0.837392 25.6365 2.4996 -13 3864 1 0 1
14.3209 -0.0533409 225.556 4.1375 -0.105797 73.7264 0.897532 -13 3865 1 0 1
-32.3291 17.6075 225.556 -7.58343 5.25571 55.9796 0.900992 -13 3866 1 0 1
21.3713 -43.594 225.556 5.75518 -11.9962 61.6045 2.16212 -13 3867 1 0 1
-16.3624 2.12109 225.556 -3.07712 0.53204 50.491 1.81866 -13 3868 1 0 1
-5.4972 -6.945 225.556 -2.47599 -1.68965 75.1444 0.69195 -13 3869 1 0 1
-2.48937 -29.4024 225.556 -2.08335 -10.9855 79.219 2.68153 -13 3870 1 0 1
-21.4555 -1.14613 225.556 -5.32195 0.0739413 58.1442 0.928117 -13 3871 1 0 1
-14.8403 30.316 225.556 -5.55392 10.335 74.2617 2.9121 -13 3872 1 0 1
-20.1766 -4.10852 225.556 -7.25808 -1.58146 73.7714 3.07572 -13 3873 1 0 1
-37.1692 -6.28214 225.556 -11.0291 -2.47991 67.2711 2.93881 -13 3874 1 0 1
5.52604 40.1291 225.556 1.32014 7.48696 37.8884 1.68166 -13 3875 1 0 1
19.5447 -2.39566 225.556 5.37374 -0.64699 62.5774 2.61333 -13 3876 1 0 1
-27.8507 12.4319 225.556 -6.00485 3.02998 52.2462 0.0187389 -13 3877 1 0 1
90.3306 18.9013 225.556 18.677 4.23575 48.5294 2.75602 -13 3878 1 0 1
-1.73284 -40.3067 225.556 -0.252702 -11.3047 55.9663 2.51416 -13 3879 1 0 1
-27.8521 -20.2641 225.556 -8.26456 -6.9617 66.817 2.53837 -13 3880 1 0 1
13.1188 -13.2342 225.556 3.65239 -4.78695 73.3252 2.09843 -13 3881 1 0 1
-35.7719 -36.9641 225.556 -9.25916 -11.1057 60.0742 2.68555 -13 3882 1 0 1
32.6474 -52.4044 225.556 8.18832 -15.1755 58.5478 2.80184 -13 3883 1 0 1
-2.28297 9.87485 225.556 -1.30267 3.85021 73.1986 1.139 -13 3884 1 0 1
-9.78289 -22.4668 225.556 -4.23893 -8.86552 76.4596 -1.10979 -13 3886 1 0 1
-21.066 46.2744 225.556 -5.97032 14.4936 63.5219 2.57792 -13 3887 1 0 1
1.69814 -27.9433 225.556 0.810167 -6.85512 49.066 2.72511 -13 3888 1 0 1
-9.06396 1.35213 225.556 -2.69417 0.610578 65.4946 3.09447 -13 3889 1 0 1
-11.5722 -51.5019 225.556 -1.78862 -12.228 46.0598 1.7651 -13 3890 1 0 1
-7.32403 -13.3803 225.556 -2.37774 -4.16028 67.6418 4.00149 -13 3891 1 0 1
-24.8964 -44.6096 225.556 -6.2641 -13.2831 58.5196 2.33166 -13 3892 1 0 1
-15.0519 17.4137 225.556 -5.26488 6.12361 72.3646 0.867112 -13 3893 1 0 1
-31.7993 42.0504 225.556 -5.72249 9.49664 45.8242 3.09484 -13 3894 1 0 1
7.04386 2.57936 225.556 1.83205 0.98611 71.8049 1.72685 -13 3895 1 0 1
4.2027 -20.173 225.556 0.941063 -6.53316 67.5622 0.578199 -13 3896 1 0 1
-13.136 44.3284 225.556 -3.32582 12.6606 58.4116 2.19544 -13 3897 1 0 1
48.7347 -5.7708 225.556 13.4468 -1.82466 63.2498 3.24904 -13 3898 1 0 1
-61.2427 48.8905 225.556 -12.4848 11.5058 48.3234 2.84474 -13 3899 1 0 1
-21.4012 12.0864 225.556 -7.32566 3.76997 72.1724 1.00758 -13 3900 1 0 1
41.2961 -68.0885 225.556 8.33705 -15.3074 44.7605 0.295208 -13 3901 1 0 1
-7.20585 11.7187 225.556 -2.95089 3.79257 72.6242 1.77374 -13 3902 1 0 1
12.7468 75.9437 225.556 2.79808 18.1631 45.136 0.879316 -13 3903 1 0 1
-15.0226 -27.1773 225.556 -3.36098 -7.42887 52.8565 3.8424 -13 3904 1 0 1
-21.1029 8.62543 225.556 -8.34955 4.08478 78.3531 1.32488 -13 3905 1 0 1
14.547 48.7369 225.556 1.15718 4.37175 15.9259 5.31356 -13 3906 1 0 1
6.71383 -8.85044 225.556 1.78397 -2.40449 67.2325 0.334186 -13 3907 1 0 1
17.0144 -21.1574 225.556 4.31966 -5.63679 55.6274 2.36745 -13 3908 1 0 1
-23.4807 -2.92812 225.556 -8.32973 -0.87153 74.1112 1.81966 -13 3909 1 0 1
-9.92375 5.39147 225.556 -3.56647 1.95671 71.2795 1.44708 -13 3910 1 0 1
-46.5798 -25.6553 225.556 -12.7324 -8.59141 61.8311 1.89864 -13 3911 1 0 1
-1.31443 15.7628 225.556 -0.426289 4.05189 66.0417 1.16331 -13 3912 1 0 1
-6.98149 -34.1682 225.556 -1.06119 -7.84534 45.7965 2.94791 -13 3913 1 0 1
3.30249 -21.0799 225.556 1.05393 -6.42124 56.6336 2.96667 -13 3914 1 0 1
3.89659 -5.62021 225.556 0.963256 -2.52196 64.5444 1.44813 -13 3915 1 0 1
-7.42639 15.6389 225.556 -1.84368 4.52298 60.7682 0.450827 -13 3916 1 0 1
-9.60801 27.9367 225.556 -2.89212 9.42738 64.6392 1.1321 -13 3917 1 0 1
15.1302 -15.0766 225.556 4.34313 -5.35842 73.7372 0.254329 -13 3918 1 0 1
-17.2079 20.317 225.556 -6.67273 7.61514 76.4054 1.73028 -13 3919 1 0 1
14.8844 2.14283 225.556 4.17716 0.876916 67.2121 1.84694 -13 3920 1 0 1
-35.3443 -6.77967 225.556 -12.5602 -2.44584 75.4364 1.33322 -13 3921 1 0 1
8.89171 -33.7042 225.556 1.47021 -5.48491 30.7928 2.22434 -13 3922 1 0 1
-39.517 -10.1596 225.556 -9.88905 -2.86576 58.0457 2.87138 -13 3923 1 0 1
33.6322 -25.9482 225.556 8.87614 -8.22057 61.3949 -0.212833 -13 3924 1 0 1
-34.1883 28.7822 225.556 -9.37106 8.24699 61.8613 2.91996 -13 3925 1 0 1
30.3073 -40.3813 225.556 8.02265 -13.0545 60.6493 1.55299 -13 3926 1 0 1
-36.6819 -25.7353 225.556 -8.53004 -7.43846 55.3598 3.20854 -13 3927 1 0 1
-17.2631 -24.3598 225.556 -5.75962 -7.94918 69.9326 2.43355 -13 3928 1 0 1
7.75108 -12.2359 225.556 2.21856 -3.49013 56.0556 1.05581 -13 3929 1 0 1
1.53017 -41.6892 225.556 -0.948985 -15.349 77.9419 0.353215 -13 3930 1 0 1
10.6789 -27.9525 225.556 3.07651 -9.565 67.9568 -1.25145 -13 3931 1 0 1
12.6576 3.66 225.556 2.89965 1.41175 46.8438 3.80915 -13 3932 1 0 1
-28.9617 -57.911 225.556 -6.0369 -14.587 50.3907 4.48706 -13 3933 1 0 1
-25.0686 4.19856 225.556 -7.20705 0.948641 64.8894 0.479688 -13 3935 1 0 1
-24.2677 -33.6333 225.556 -4.69131 -8.42951 47.7813 2.01862 -13 3936 1 0 1
-3.39023 1.03125 225.556 -0.775608 0.596851 61.5348 2.43439 -13 3937 1 0 1
43.3747 -23.1465 225.556 10.8865 -6.78463 57.0737 0.633556 -13 3938 1 0 1
44.4081 43.8253 225.556 11.8793 13.3379 61.4186 2.33583 -13 3939 1 0 1
-29.7692 -5.08684 225.556 -10.0782 -0.856988 72.857 0.954139 -13 3940 1 0 1
-31.6573 -9.19952 225.556 -6.68119 -2.54518 51.1388 2.02026 -13 3941 1 0 1
6.82802 11.2556 225.556 1.74738 4.36068 69.5723 3.55854 -13 3942 1 0 1
15.5122 -21.6884 225.556 4.28278 -7.80351 68.6932 0.296923 -13 3943 1 0 1
-44.4473 10.0009 225.556 -9.20373 2.3004 49.5791 1.56708 -13 3944 1 0 1
-29.6447 -44.2464 225.556 -11.7112 -17.2461 77.1248 1.98846 -13 3945 1 0 1
-14.1156 14.8843 225.556 -4.77409 5.80387 71.2672 -0.750037 -13 3946 1 0 1
-11.2244 30.7862 225.556 -2.41317 8.55116 56.2148 1.99089 -13 3947 1 0 1
-47.5629 0.253315 225.556 -13.0888 0.356379 63.024 2.08343 -13 3948 1 0 1
7.20165 -35.3249 225.556 2.02107 -9.87468 58.6082 0.613955 -13 3949 1 0 1
53.5831 -18.6401 225.556 12.9958 -5.06405 54.8521 1.93026 -13 3950 1 0 1
-18.8449 -39.2948 225.556 -5.43198 -12.7207 64.6992 1.60466 -13 3951 1 0 1
111.218 -26.0778 225.556 27.5958 -8.06075 57.783 1.53641 -13 3952 1 0 1
6.01618 34.2646 225.556 1.72829 10.3898 63.0612 2.569 -13 3953 1 0 1
-0.326604 4.68067 225.556 0.0836556 1.88602 61.4756 3.25036 -13 3955 1 0 1
16.7683 -14.1204 225.556 4.67221 -4.30669 67.4896 0.919144 -13 3956 1 0 1
-8.07431 30.7349 225.556 -3.7975 12.1093 77.8038 -0.590145 -13 3958 1 0 1
22.8065 27.4457 225.556 5.05718 6.67432 47.2139 1.86683 -13 3959 1 0 1
20.2665 15.6124 225.556 5.92845 5.5832 73.2573 -0.177939 -13 3960 1 0 1
-40.4528 1.71318 225.556 -10.0088 -0.0341521 58.1696 0.511459 -13 3961 1 0 1
-73.3426 -10.6918 225.556 -23.874 -3.44226 72.257 -0.400288 -13 3963 1 0 1
-13.2299 8.35832 225.556 -4.40523 1.99006 70.5737 1.0445 -13 3964 1 0 1
19.9834 2.1128 225.556 5.79107 0.549032 71.6203 0.263824 -13 3965 1 0 1
-32.5397 23.3693 225.556 -9.12588 7.05488 63.7875 0.820835 -13 3966 1 0 1
29.0272 -27.5633 225.556 8.38275 -9.29078 67.3405 1.02987 -13 3967 1 0 1
17.9356 20.2844 225.556 5.0045 6.69343 63.3392 2.24685 -13 3968 1 0 1
-1.18944 -2.48867 225.556 -0.230201 -0.85432 62.211 3.15929 -13 3969 1 0 1
13.0342 -9.54417 225.556 3.6186 -2.2488 62.1954 1.72355 -13 3970 1 0 1
16.7819 -7.12214 225.556 4.02148 -1.67137 48.8324 2.49728 -13 3971 1 0 1
-2.61439 27.5731 225.556 -0.352779 8.37716 56.7781 2.01891 -13 3972 1 0 1
-8.70201 -25.3154 225.556 -1.57133 -6.31812 49.3625 0.755356 -13 3973 1 0 1
-21.8107 -2.96648 225.556 -8.71751 -0.653543 78.3969 2.32856 -13 3974 1 0 1
-5.2624 19.0301 225.556 -3.22938 8.63883 79.6981 1.91622 -13 3975 1 0 1
0.153769 12.9689 225.556 -1.01906 4.61594 79.2702 0.648916 -13 3976 1 0 1
5.46462 2.41433 225.556 1.43564 1.22582 63.0289 1.01763 -13 3977 1 0 1
-24.2536 -19.5206 225.556 -6.50392 -5.94128 61.3798 1.00703 -13 3978 1 0 1
-6.38777 -45.5644 225.556 -2.43688 -15.9527 69.8234 1.18367 -13 3979 1 0 1
-35.3236 18.3344 225.556 -10.8569 5.07815 68.1278 1.40941 -13 3980 1 0 1
-19.5615 -9.35641 225.556 -5.01686 -2.79133 61.6711 -1.19552 -13 3981 1 0 1
4.88682 -11.8447 225.556 1.52388 -3.37202 69.3763 2.64433 -13 3982 1 0 1
-3.15187 -3.98455 225.556 -0.752851 -1.1109 60.5802 0.784586 -13 3984 1 0 1
55.5878 17.5942 225.556 16.4816 6.41414 69.6776 0.562825 -13 3985 1 0 1
36.5106 -44.1489 225.556 9.17948 -12.82 57.4329 -0.505313 -13 3986 1 0 1
-19.5901 2.03839 225.556 -4.94745 0.521922 60.4441 1.87487 -13 3987 1 0 1
25.1892 -23.5074 225.556 7.63423 -8.18963 72.6626 -0.235362 -13 3988 1 0 1
28.821 10.1637 225.556 6.99511 2.90952 55.1409 2.34625 -13 3989 1 0 1
-37.9207 -10.4002 225.556 -10.5934 -3.67458 63.8372 3.943 -13 3990 1 0 1
11.3963 19.0058 225.556 3.12585 5.31264 60.3861 -0.537016 -13 3991 1 0 1
44.3771 11.6921 225.556 11.4915 3.69273 58.8324 1.25566 -13 3992 1 0 1
46.7898 -53.2301 225.556 11.2861 -14.2035 54.3717 -0.416259 -13 3993 1 0 1
-2.06323 -15.6858 225.556 -1.3278 -5.70724 73.7257 1.14882 -13 3994 1 0 1
-5.04125 29.8513 225.556 -1.79728 9.27692 66.0591 2.79305 -13 3995 1 0 1
4.67181 55.1565 225.556 1.18679 17.5012 66.5252 1.17317 -13 3996 1 0 1
-10.8626 -3.1453 225.556 -2.64845 -1.28699 58.2237 1.77972 -13 3997 1 0 1
3.32576 -12.1044 225.556 0.00342396 -5.85422 78.8296 2.32588 -13 3998 1 0 1
4.40275 -38.4258 225.556 1.1714 -11.8219 60.8655 2.12684 -13 3999 1 0 1
-44.5972 -31.0051 225.556 -10.4571 -8.32767 55.7293 1.18597 -13 4000 1 0 1
-42.7251 -24.7863 225.556 -7.233 -5.03574 42.1616 1.3428 -13 4001 1 0 1
14.4034 -8.84367 225.556 3.47927 -1.80715 47.4511 1.2816 -13 4002 1 0 1
-10.1082 27.3774 225.556 -2.75411 8.89301 63.6616 1.16629 -13 4003 1 0 1
-29.9623 5.29056 225.556 -9.47308 1.86294 69.3851 1.32812 -13 4004 1 0 1
-24.6044 -9.22826 225.556 -7.24993 -3.6482 65.8497 2.07645 -13 4005 1 0 1
33.1862 -52.1594 225.556 8.24991 -14.8643 56.4294 1.81531 -13 4006 1 0 1
-3.00473 7.76364 225.556 -2.3524 2.72409 78.3611 3.15011 -13 4007 1 0 1
-8.3972 -32.0957 225.556 -1.23618 -7.4795 46.2423 0.564524 -13 4008 1 0 1
5.88625 41.2033 225.556 1.61949 11.4885 55.3919 0.0174634 -13 4009 1 0 1
29.741 21.4007 225.556 7.82115 6.76814 59.8876 1.55215 -13 4010 1 0 1
4.79969 -20.4127 225.556 1.38422 -6.37611 63.7711 2.48735 -13 4011 1 0 1
-16.2838 7.44197 225.556 -5.81242 2.61707 72.3068 -0.895464 -13 4012 1 0 1
-40.4025 -0.0982882 225.556 -9.24282 0.584382 53.937 2.09745 -13 4013 1 0 1
-22.8559 9.15823 225.556 -7.8668 2.97792 72.6896 0.0780679 -13 4014 1 0 1
3.95659 23.4707 225.556 1.09678 7.70204 65.5527 3.29006 -13 4015 1 0 1
16.3536 -4.02275 225.556 4.78228 -1.52358 68.1625 1.16915 -13 4016 1 0 1
-18.23 15.0194 225.556 -5.23788 4.46297 64.4949 1.54039 -13 4017 1 0 1
-52.08 15.4967 225.556 -14.1945 5.40378 62.5019 2.84388 -13 4018 1 0 1
8.45206 38.03 225.556 2.37341 11.9083 62.9519 1.08134 -13 4019 1 0 1
20.3694 -17.0181 225.556 5.21171 -4.37459 56.6539 1.66257 -13 4020 1 0 1
-24.4104 22.6238 225.556 -9.09728 8.59341 75.6492 1.53065 -13 4021 1 0 1
47.0857 -27.0626 225.556 14.9981 -10.4009 78.2177 0.691089 -13 4022 1 0 1
20.7496 -17.089 225.556 4.90376 -3.91254 50.3712 1.67002 -13 4023 1 0 1
-40.3949 -5.05361 225.556 -12.3958 -1.35427 68.4149 2.47894 -13 4024 1 0 1
-20.303 20.7157 225.556 -7.00939 6.7985 71.8711 -0.931647 -13 4025 1 0 1
26.1903 -3.15364 225.556 7.47721 -1.18724 64.5042 0.390974 -13 4026 1 0 1
-14.9921 24.7864 225.556 -4.1252 8.05361 62.9154 1.82532 -13 4027 1 0 1
1.21929 11.6644 225.556 -0.556505 4.82195 78.1366 3.00133 -13 4028 1 0 1
-0.916958 -13.7648 225.556 -0.191126 -4.01129 58.9156 1.71088 -13 4029 1 0 1
-29.6906 -65.485 225.556 -6.36647 -16.5539 51.5011 2.35979 -13 4030 1 0 1
-23.8426 -1.45121 225.556 -6.9757 -0.150664 65.333 0.442141 -13 4031 1 0 1
70.7081 -24.9555 225.556 16.2122 -6.21615 52.7718 3.34984 -13 4032 1 0 1
-6.35315 -4.67867 225.556 -2.17222 -1.32722 68.3616 -1.29389 -13 4033 1 0 1
-33.9289 -30.5676 225.556 -10.7543 -10.3526 69.1512 1.73461 -13 4034 1 0 1
0.172434 8.94993 225.556 -0.46336 2.75585 73.769 1.17434 -13 4035 1 0 1
10.193 8.33911 225.556 2.82722 3.03653 65.1701 3.92555 -13 4036 1 0 1
-21.5989 17.6971 225.556 -7.1078 5.37572 70.8423 0.466925 -13 4037 1 0 1
10.8543 -7.00773 225.556 2.70628 -1.85447 51.6316 1.14208 -13 4038 1 0 1
-13.765 -37.8514 225.556 -2.67576 -9.08161 49.9858 -0.0149208 -13 4039 1 0 1
-3.59912 7.87066 225.556 -0.300714 1.76943 50.9538 2.65051 -13 4040 1 0 1
-42.8207 -2.10651 225.556 -11.0959 -1.1015 59.6195 4.40541 -13 4041 1 0 1
5.37938 55.0631 225.556 1.12807 19.4204 70.1921 0.955682 -13 4042 1 0 1
19.3914 -24.8112 225.556 5.29258 -7.7058 64.0376 1.09119 -13 4043 1 0 1
35.2198 9.00773 225.556 9.65685 3.35351 63.3925 3.99486 -13 4044 1 0 1
-18.4424 14.8204 225.556 -7.70725 6.02645 78.2168 -0.526005 -13 4045 1 0 1
-30.7981 -40.4451 225.556 -8.28919 -12.4299 61.442 0.965664 -13 4046 1 0 1
-24.8156 -8.73689 225.556 -4.16956 -2.12737 44.1535 0.968487 -13 4047 1 0 1
30.3419 0.792877 225.556 5.15362 -0.0222373 35.3053 2.3664 -13 4048 1 0 1
5.98537 14.1128 225.556 1.11278 4.97901 75.4936 2.44066 -13 4049 1 0 1
-17.4654 -11.0555 225.556 -5.69691 -3.53217 69.5682 1.08113 -13 4050 1 0 1
-5.59996 2.97289 225.556 -2.09366 1.14495 70.9568 1.97384 -13 4051 1 0 1
7.40017 -45.9527 225.556 2.02523 -14.3667 65.7417 1.76197 -13 4052 1 0 1
5.88845 33.8288 225.556 1.65362 9.22318 53.9207 2.20989 -13 4053 1 0 1
-40.6449 -46.9305 225.556 -11.9139 -14.7488 65.6302 0.791254 -13 4054 1 0 1
27.9572 -51.1142 225.556 7.39499 -15.4381 60.1077 2.60401 -13 4055 1 0 1
12.6726 -48.727 225.556 3.39611 -16.0393 66.7254 2.78386 -13 4056 1 0 1
33.0782 -1.05643 225.556 8.35872 0.206244 55.9737 1.21318 -13 4057 1 0 1
-36.366 -19.7844 225.556 -11.9222 -7.72636 70.7931 1.87277 -13 4058 1 0 1
-18.9314 -7.10892 225.556 -5.34056 -2.81759 63.0037 1.7961 -13 4059 1 0 1
4.15685 -17.126 225.556 1.05533 -4.74902 63.0455 2.66416 -13 4060 1 0 1
17.0082 -16.8269 225.556 4.5284 -5.06451 56.6138 0.795918 -13 4062 1 0 1
14.8427 -46.9139 225.556 3.59061 -12.2028 51.6075 0.999469 -13 4063 1 0 1
0.501114 -27.9947 225.556 0.108957 -10.412 67.5229 0.372847 -13 4064 1 0 1
8.02803 -2.10482 225.556 2.00639 -0.571614 67.7585 1.43428 -13 4065 1 0 1
1.87597 -14.8187 225.556 0.205684 -4.45579 70.0816 1.92593 -13 4066 1 0 1
16.265 24.1588 225.556 4.57167 8.28375 68.1335 5.15604 -13 4067 1 0 1
15.2259 29.1928 225.556 4.32513 10.34 71.2866 -0.327463 -13 4068 1 0 1
-6.36429 -24.0677 225.556 -2.03813 -8.20286 66.5394 1.63632 -13 4069 1 0 1
3.01848 40.7916 225.556 0.258655 15.577 71.0478 0.339402 -13 4070 1 0 1
0.736062 12.5252 225.556 0.193448 4.74312 67.933 -0.726704 -13 4071 1 0 1
-13.6017 -84.3688 225.556 -1.61129 -15.6341 35.5662 3.86326 -13 4072 1 0 1
-29.0221 17.9026 225.556 -9.2753 6.44318 69.747 2.81431 -13 4073 1 0 1
8.65333 -17.7763 225.556 2.34452 -5.66705 56.5825 -0.612236 -13 4074 1 0 1
8.29635 46.5997 225.556 1.62034 8.25836 34.0596 0.900518 -13 4075 1 0 1
-19.9863 29.7624 225.556 -3.25594 6.22902 43.2036 1.39367 -13 4076 1 0 1
26.6143 -41.4902 225.556 5.48163 -9.33942 44.4545 0.474425 -13 4077 1 0 1
-42.4493 -30.7855 225.556 -12.9461 -10.3818 68.1288 2.70749 -13 4078 1 0 1
2.55468 0.158787 225.556 0.954587 -0.205385 52.6845 1.22621 -13 4079 1 0 1
0.893038 -32.2632 225.556 -0.534552 -12.3919 75.7619 -0.844838 -13 4080 1 0 1
-12.2901 4.56319 225.556 -3.0607 1.10591 60.2891 1.7982 -13 4081 1 0 1
-5.57144 15.0667 225.556 -2.11978 5.26842 69.9588 1.18759 -13 4082 1 0 1
-10.5435 12.5476 225.556 -3.34972 3.59971 67.681 2.1878 -13 4083 1 0 1
-23.8296 -15.1053 225.556 -5.91705 -4.67841 58.0733 2.0385 -13 4084 1 0 1
62.3449 -8.62779 225.556 13.8163 -1.23786 50.9302 -0.450084 -13 4085 1 0 1
-10.7666 -25.9113 225.556 -2.57716 -7.41102 59.6967 -1.65788 -13 4086 1 0 1
54.1039 36.2558 225.556 11.6394 8.98236 48.8573 2.1044 -13 4087 1 0 1
7.54382 15.5867 225.556 2.02089 4.8105 64.1927 2.7678 -13 4088 1 0 1
0.413663 25.9348 225.556 0.445502 7.31851 52.1765 1.38195 -13 4089 1 0 1
-10.4985 -16.6885 225.556 -3.97853 -6.0646 74.3561 0.506533 -13 4090 1 0 1
-23.0849 -18.4748 225.556 -7.52884 -5.95643 69.5998 -0.109348 -13 4091 1 0 1
-5.58265 -48.4004 225.556 -1.37638 -14.5349 61.437 0.898861 -13 4092 1 0 1
-8.1627 -25.1088 225.556 -3.93256 -9.09996 77.8685 0.488359 -13 4093 1 0 1
-32.4499 47.0126 225.556 -8.52387 13.9736 60.201 0.00593207 -13 4094 1 0 1
-10.0302 48.0618 225.556 -2.4533 14.3857 60.439 1.97731 -13 4095 1 0 1
-18.7102 39.7566 225.556 -6.71057 14.8349 73.2402 1.34319 -13 4096 1 0 1
15.1046 -32.9047 225.556 4.2185 -11.9323 72.0295 0.72203 -13 4097 1 0 1
24.2138 28.0089 225.556 7.25165 10.9034 76.0141 -0.174999 -13 4098 1 0 1
-20.5976 -7.70269 225.556 -6.05873 -2.4297 66.4824 1.79132 -13 4099 1 0 1
44.8722 -15.1367 225.556 12.6301 -5.1167 64.1842 -0.471069 -13 4100 1 0 1
2.15334 -9.17389 225.556 -0.0768152 -3.56765 75.1867 1.13087 -13 4101 1 0 1
-28.4338 24.6971 225.556 -9.85523 8.30345 73.6109 -0.472014 -13 4103 1 0 1
-37.182 45.3798 225.556 -12.7869 16.5013 73.2927 0.0739958 -13 4105 1 0 1
-10.8476 51.4851 225.556 -4.03954 18.4067 72.6913 -0.663976 -13 4106 1 0 1
-23.4819 26.6431 225.556 -7.19667 8.15743 67.1509 2.38432 -13 4107 1 0 1
44.9712 5.55871 225.556 10.8616 1.40579 54.9395 2.64551 -13 4108 1 0 1
-6.28031 16.9783 225.556 -2.55338 5.85382 72.38 1.76319 -13 4109 1 0 1
3.03011 1.90628 225.556 0.822944 1.52084 65.5156 2.73562 -13 4110 1 0 1
-27.5783 -15.7774 225.556 -9.75779 -5.43835 74.0489 2.37706 -13 4111 1 0 1
-9.94419 28.6061 225.556 -1.81425 7.01639 48.2128 1.30693 -13 4112 1 0 1
-28.2335 4.51933 225.556 -6.16453 1.23037 53.1928 2.8611 -13 4113 1 0 1
46.4344 1.55981 225.556 6.47164 0.442105 32.0318 1.22617 -13 4114 1 0 1
-77.1682 -22.9757 225.556 -21.3413 -6.90134 62.9103 3.43347 -13 4115 1 0 1
-24.9467 11.2784 225.556 -8.93921 4.01293 74.3345 2.48404 -13 4116 1 0 1
-59.1206 20.8675 225.556 -21.9422 7.54368 76.4841 1.63537 -13 4117 1 0 1
21.4331 -15.5941 225.556 6.31534 -5.26041 71.3519 4.00516 -13 4118 1 0 1
-34.0799 -14.0869 225.556 -12.4289 -5.79755 76.3305 1.295 -13 4119 1 0 1
73.1103 -16.7051 225.556 21.6125 -4.9405 69.5071 0.0984182 -13 4120 1 0 1
-27.705 -18.6565 225.556 -7.20806 -5.96982 59.8381 1.057 -13 4122 1 0 1
24.0739 33.221 225.556 6.3563 9.69497 57.535 -0.0878678 -13 4123 1 0 1
6.64692 -26.16 225.556 1.74637 -6.3315 49.3753 1.29671 -13 4124 1 0 1
-26.8717 13.8368 225.556 -8.60974 4.43431 69.178 -0.00116776 -13 4125 1 0 1
9.5986 21.2941 225.556 2.66349 7.32681 69.5382 -0.128025 -13 4126 1 0 1
-16.0133 -66.8486 225.556 -2.73947 -15.4809 45.4717 1.25723 -13 4127 1 0 1
78.9553 -10.3291 225.556 15.2326 -2.48178 44.4701 -1.2351 -13 4128 1 0 1
34.2396 19.6135 225.556 7.34329 4.84548 47.8101 2.45847 -13 4130 1 0 1
-38.9641 11.8637 225.556 -9.85676 3.80118 58.6409 1.66714 -13 4131 1 0 1
76.6844 -73.6712 225.556 13.2528 -15.1927 39.9006 0.0687508 -13 4133 1 0 1
11.1455 5.73618 225.556 3.14616 1.56009 59.5271 2.65566 -13 4134 1 0 1
-1.97311 33.908 225.556 -1.44803 11.9965 74.7056 0.754534 -13 4135 1 0 1
-32.9542 19.57 225.556 -6.25109 4.81299 45.889 -0.70755 -13 4136 1 0 1
-77.7446 -90.2264 225.556 -14.044 -19.285 43.1542 1.63923 -13 4137 1 0 1
10.69 -62.0825 225.556 2.55356 -16.554 52.5995 1.8011 -13 4138 1 0 1
-0.966535 -27.5117 225.556 -0.118774 -7.82528 57.359 1.43462 -13 4139 1 0 1
-15.8577 -2.32491 225.556 -6.50265 -0.611134 78.111 1.03684 -13 4140 1 0 1
-5.21769 5.03717 225.556 -2.01186 2.20085 70.3997 -1.69623 -13 4141 1 0 1
14.7196 -48.3943 225.556 2.98926 -9.69477 42.4799 0.960356 -13 4142 1 0 1
-16.1911 -42.738 225.556 -3.63177 -11.3538 54.3237 0.118821 -13 4143 1 0 1
-12.5946 13.7099 225.556 -3.48896 4.64804 63.45 2.66622 -13 4144 1 0 1
21.4405 -21.1945 225.556 6.26995 -7.02507 70.6532 1.7254 -13 4145 1 0 1
16.2196 122.816 225.556 2.86176 23.6116 36.5527 3.91929 -13 4146 1 0 1
-20.5236 -22.0416 225.556 -6.43975 -6.78211 68.11 0.542732 -13 4147 1 0 1
8.19755 -11.3544 225.556 1.95411 -4.47925 77.1023 0.539667 -13 4148 1 0 1
16.7159 -15.8241 225.556 4.72565 -5.12757 67.628 1.13764 -13 4149 1 0 1
11.5386 7.07977 225.556 3.11699 1.8007 58.9834 1.12542 -13 4150 1 0 1
7.78168 20.3365 225.556 2.13935 5.55687 51.521 2.92079 -13 4151 1 0 1
-18.93 -2.17939 225.556 -5.90484 -0.628199 68.3437 2.69558 -13 4152 1 0 1
-11.8636 -27.0092 225.556 -2.76735 -8.26555 56.2218 0.786783 -13 4153 1 0 1
50.6087 14.5849 225.556 11.6231 4.07605 51.0632 0.979166 -13 4154 1 0 1
-20.1117 -40.5382 225.556 -6.24003 -13.4291 66.8977 -0.873216 -13 4155 1 0 1
0.556394 -3.6157 225.556 -0.328208 -1.32425 71.0204 1.09893 -13 4156 1 0 1
33.8728 23.2037 225.556 9.98683 8.3507 70.9368 2.70794 -13 4157 1 0 1
-15.062 -16.3352 225.556 -4.16494 -4.71993 63.2478 1.81347 -13 4158 1 0 1
-2.2273 5.94897 225.556 -0.113238 1.67783 48.4829 1.52659 -13 4159 1 0 1
2.90384 -5.63367 225.556 0.551582 -1.48794 69.7612 1.88274 -13 4160 1 0 1
-9.95195 -40.6019 225.556 -2.576 -11.3138 59.9641 2.91135 -13 4161 1 0 1
32.0845 22.3734 225.556 9.54605 7.7983 69.9779 0.342857 -13 4162 1 0 1
-9.65082 0.856893 225.556 -4.34563 0.168065 78.1462 0.523421 -13 4163 1 0 1
58.5045 1.83949 225.556 12.7605 0.511471 49.6503 1.41128 -13 4164 1 0 1
52.7919 10.833 225.556 13.4323 3.39697 57.4561 0.0790506 -13 4165 1 0 1
7.66909 6.75467 225.556 2.24909 1.94792 57.6048 2.09048 -13 4166 1 0 1
29.2122 23.6455 225.556 8.06795 7.80027 64.4528 3.48496 -13 4167 1 0 1
-1.17063 -40.7939 225.556 -0.285756 -12.3914 62.568 1.12655 -13 4168 1 0 1
-67.5841 16.9534 225.556 -8.04294 2.94159 32.0756 3.42801 -13 4169 1 0 1
25.9596 -0.744646 225.556 7.04858 -0.0633617 60.0663 2.20207 -13 4170 1 0 1
-4.41541 -20.7131 225.556 -1.45727 -7.30026 66.5253 -0.641356 -13 4171 1 0 1
-6.36966 6.1749 225.556 -1.82288 2.39946 63.0758 1.57897 -13 4172 1 0 1
11.8536 45.5181 225.556 3.23599 15.1531 69.2253 1.38581 -13 4173 1 0 1
11.6562 19.5919 225.556 3.0606 5.74163 56.8213 1.85975 -13 4174 1 0 1
-27.799 -27.7962 225.556 -7.13623 -8.34392 59.9596 1.86956 -13 4175 1 0 1
-0.479387 12.4326 225.556 -0.154289 4.02889 66.9656 -0.654272 -13 4176 1 0 1
35.5746 -9.74334 225.556 8.59083 -2.73883 54.1024 0.0435212 -13 4177 1 0 1
-42.5212 -38.2452 225.556 -9.6701 -10.0991 53.5824 2.70375 -13 4178 1 0 1
-25.2226 -33.915 225.556 -8.11635 -10.7973 68.9982 -0.0491204 -13 4179 1 0 1
21.9452 -1.13566 225.556 6.18932 -0.0808818 65.1055 1.69501 -13 4180 1 0 1
6.93684 10.0726 225.556 1.29944 4.45659 78.1034 1.32154 -13 4181 1 0 1
11.0072 28.2575 225.556 3.11848 9.3266 67.0987 -1.53663 -13 4182 1 0 1
22.0092 18.7423 225.556 6.34497 6.76079 68.7945 2.40555 -13 4183 1 0 1
-5.91148 7.49616 225.556 -2.28349 2.64993 70.4446 -1.5583 -13 4184 1 0 1
-6.68314 -4.78458 225.556 -2.14594 -1.34362 66.8348 1.42005 -13 4185 1 0 1
-8.25469 50.9895 225.556 -2.74251 16.1848 66.5528 0.609273 -13 4186 1 0 1
17.9879 -6.93422 225.556 5.19914 -1.68716 68.5901 1.27187 -13 4187 1 0 1
65.8761 17.0842 225.556 14.0391 4.48921 48.9701 2.83837 -13 4188 1 0 1
-4.03296 19.5535 225.556 -2.44967 6.58251 78.5764 0.160119 -13 4189 1 0 1
13.1426 -5.19896 225.556 3.6921 -1.23307 57.7804 3.12451 -13 4190 1 0 1
-10.1799 -52.9118 225.556 -1.90919 -13.3971 51.3215 0.999953 -13 4191 1 0 1
9.80394 -43.4566 225.556 2.22598 -17.3045 79.1737 0.313482 -13 4192 1 0 1
-15.6827 -18.9294 225.556 -5.25199 -6.40612 70.1428 1.83451 -13 4193 1 0 1
-21.2896 57.2455 225.556 -3.96644 13.5858 47.1054 2.11289 -13 4194 1 0 1
-14.0672 -42.2081 225.556 -2.55589 -10.9595 49.4958 1.43522 -13 4195 1 0 1
-10.0294 -0.421423 225.556 -5.11209 -0.144924 80.4525 0.758465 -13 4196 1 0 1
-3.47253 -12.4993 225.556 -1.21829 -3.65854 69.3279 3.71721 -13 4197 1 0 1
-6.52092 5.38798 225.556 -2.88845 1.58896 74.5218 1.6949 -13 4198 1 0 1
36.2063 -8.20466 225.556 9.22954 -2.15713 57.5523 1.35229 -13 4199 1 0 1
-4.97769 -8.60902 225.556 -2.73922 -1.71525 77.8963 2.18935 -13 4200 1 0 1
-21.5821 9.7464 225.556 -4.37433 2.58309 49.9099 2.67426 -13 4201 1 0 1
0.364278 29.0432 225.556 0.269226 8.9443 57.4884 2.8064 -13 4202 1 0 1
-62.8768 42.8134 225.556 -16.9123 12.9608 61.6647 1.66257 -13 4203 1 0 1
-17.5018 -4.58639 225.556 -4.87231 -2.12703 64.3953 -0.152773 -13 4204 1 0 1
-39.55 -5.42 225.556 -10.5685 -1.96472 61.2675 0.593308 -13 4205 1 0 1
-43.277 -10.5008 225.556 -13.8708 -3.72154 70.3462 3.67697 -13 4206 1 0 1
-5.87644 12.6581 225.556 -2.2469 4.18994 71.2118 0.99659 -13 4207 1 0 1
-9.3947 8.21467 225.556 -3.0579 2.62854 68.4923 1.04416 -13 4208 1 0 1
-38.8015 -15.1635 225.556 -11.96 -4.91733 67.9313 -0.522588 -13 4210 1 0 1
-20.0579 -6.76878 225.556 -6.88224 -2.06023 72.5769 0.089644 -13 4211 1 0 1
-10.3231 31.6752 225.556 -3.63553 12.0278 71.2944 1.12077 -13 4212 1 0 1
9.92221 -32.247 225.556 2.67664 -11.6423 69.822 1.56797 -13 4213 1 0 1
-1.32686 30.756 225.556 0.0916645 7.79436 49.3874 2.43076 -13 4214 1 0 1
-42.4988 13.6516 225.556 -10.6848 2.96712 58.4734 1.50214 -13 4215 1 0 1
32.0853 5.59714 225.556 8.32736 1.87131 58.8074 2.31165 -13 4216 1 0 1
53.7038 -0.708237 225.556 10.3714 -0.39753 43.9038 2.53311 -13 4217 1 0 1
-26.552 7.77611 225.556 -4.62194 1.07049 43.8026 1.98096 -13 4218 1 0 1
-14.6766 18.7657 225.556 -4.4755 6.08868 66.0404 -0.0196798 -13 4219 1 0 1
5.1192 -4.5679 225.556 1.08507 -0.887727 72.4565 1.80406 -13 4220 1 0 1
-15.0084 -11.6207 225.556 -4.90069 -4.04412 69.3348 0.0497951 -13 4221 1 0 1
-20.5568 -90.2424 225.556 -4.86731 -24.4102 54.45 0.763684 -13 4222 1 0 1
-31.7419 8.66271 225.556 -11.4261 4.03051 75.9121 0.446675 -13 4223 1 0 1
22.7738 -13.1439 225.556 6.36491 -4.20555 66.8588 3.59914 -13 4224 1 0 1
-21.8659 25.6197 225.556 -7.47674 9.52911 72.7889 3.03236 -13 4225 1 0 1
-16.7137 -19.8321 225.556 -5.02132 -6.36859 65.3838 1.55346 -13 4226 1 0 1
4.1918 12.1787 225.556 1.02381 3.97218 67.2955 5.49625 -13 4227 1 0 1
-26.2847 29.5494 225.556 -5.49744 7.59478 51.1508 0.0496569 -13 4228 1 0 1
3.83874 -9.17906 225.556 0.8854 -3.84167 68.6931 1.52954 -13 4229 1 0 1
-17.9376 -12.4654 225.556 -4.78305 -3.4826 60.7971 0.887524 -13 4230 1 0 1
2.8412 73.4473 225.556 0.49228 24.5155 65.0908 0.744212 -13 4231 1 0 1
3.73701 14.9594 225.556 0.949081 2.52755 35.2436 2.66078 -13 4232 1 0 1
-21.6031 20.7034 225.556 -6.39481 6.45278 66.0578 1.85421 -13 4233 1 0 1
19.9611 -16.9464 225.556 5.86895 -6.46858 72.3843 0.726332 -13 4234 1 0 1
-25.805 -80.7443 225.556 -5.21035 -19.651 48.5328 1.96513 -13 4235 1 0 1
-9.68739 10.9296 225.556 -3.09197 4.4794 67.3713 2.22326 -13 4236 1 0 1
-37.2631 -18.1927 225.556 -10.624 -5.48253 64.6778 1.10361 -13 4237 1 0 1
14.1342 28.5643 225.556 3.839 9.82397 64.0817 1.70167 -13 4238 1 0 1
-12.852 -18.4631 225.556 -4.83418 -7.49845 73.8395 0.808516 -13 4239 1 0 1
-24.8279 -13.0741 225.556 -7.14049 -4.02779 64.8733 2.89165 -13 4240 1 0 1
-6.28674 -17.522 225.556 -3.77758 -7.04313 80.2995 1.9001 -13 4241 1 0 1
-0.82419 -57.8192 225.556 -1.4902 -21.9334 76.498 1.95891 -13 4242 1 0 1
6.53084 -35.6829 225.556 1.81238 -10.2894 61.5576 1.93343 -13 4243 1 0 1
-28.2108 -47.4359 225.556 -6.41432 -13.8329 53.89 0.577362 -13 4244 1 0 1
-32.0598 -31.2904 225.556 -6.32028 -7.13897 48.4791 0.619971 -13 4245 1 0 1
-7.41084 -20.3926 225.556 -3.00202 -6.58658 72.5959 0.744063 -13 4246 1 0 1
-20.3755 44.7776 225.556 -6.47968 14.6527 68.4327 2.63923 -13 4247 1 0 1
-41.2989 -21.1372 225.556 -12.9473 -7.68994 69.7216 2.19617 -13 4248 1 0 1
12.0614 -19.6606 225.556 3.00881 -4.68508 51.6741 2.01689 -13 4249 1 0 1
15.8644 -6.88829 225.556 3.41382 -1.23728 43.4848 2.88418 -13 4250 1 0 1
-2.62181 -30.4871 225.556 -0.866752 -10.0087 62.7992 -0.0650895 -13 4251 1 0 1
11.0921 7.56801 225.556 3.11066 1.95613 65.7294 0.746484 -13 4252 1 0 1
-15.5871 -45.3996 225.556 -5.16433 -16.0864 69.3688 0.921412 -13 4253 1 0 1
3.09217 27.2127 225.556 -0.520926 10.7028 79.1042 0.294227 -13 4254 1 0 1
10.9339 -16.2174 225.556 3.36545 -5.62431 57.3857 1.96429 -13 4255 1 0 1
17.7936 -37.589 225.556 4.96967 -12.2062 64.5122 1.64481 -13 4256 1 0 1
10.5416 -5.04485 225.556 2.94285 -1.48729 60.8108 3.61336 -13 4257 1 0 1
16.2929 -24.567 225.556 4.51158 -7.33129 60.1594 0.187231 -13 4258 1 0 1
2.54164 -10.5376 225.556 0.0436843 -4.66587 76.748 3.23563 -13 4259 1 0 1
-7.08591 -28.1687 225.556 -2.62345 -9.01232 70.1409 2.70574 -13 4260 1 0 1
10.4182 -45.6243 225.556 2.18557 -9.17855 38.3702 2.09251 -13 4261 1 0 1
-6.62073 26.3937 225.556 -2.98053 10.7013 75.509 1.38045 -13 4262 1 0 1
-21.455 33.231 225.556 -5.59696 9.19711 61.3314 0.61067 -13 4263 1 0 1
-35.3689 -29.1915 225.556 -9.9705 -9.59753 64.615 0.509805 -13 4264 1 0 1
-27.383 6.29221 225.556 -11.0311 3.04056 78.6965 0.418126 -13 4265 1 0 1
-17.4471 60.7779 225.556 -5.4103 20.2558 65.578 2.19069 -13 4266 1 0 1
-2.36241 14.938 225.556 -1.79731 5.89207 77.8758 3.02195 -13 4267 1 0 1
-16.3861 4.74614 225.556 -3.71087 1.75985 55.8553 1.22624 -13 4268 1 0 1
-28.9699 -17.8949 225.556 -6.8568 -5.43013 56.1886 0.0351792 -13 4269 1 0 1
3.96229 28.9434 225.556 1.06348 9.3889 64.4894 1.5497 -13 4270 1 0 1
7.68374 10.2908 225.556 2.13382 2.92879 59.3122 -0.607385 -13 4271 1 0 1
40.4034 -8.41356 225.556 11.3754 -3.57664 65.498 1.83256 -13 4272 1 0 1
-17.7602 10.7348 225.556 -5.14513 3.00563 65.1988 0.838976 -13 4273 1 0 1
-29.5357 -48.1192 225.556 -6.18189 -12.2941 51.3559 2.35691 -13 4275 1 0 1
-15.5623 25.6793 225.556 -3.31538 6.73869 54.2883 1.1758 -13 4276 1 0 1
-15.9474 -4.33778 225.556 -6.80243 -1.39769 80.1259 1.9413 -13 4277 1 0 1
-49.4788 -6.759 225.556 -13.3394 -0.995273 61.5721 0.689675 -13 4278 1 0 1
1.72732 25.837 225.556 -0.00196905 9.15756 72.116 2.33934 -13 4279 1 0 1
2.97699 -28.807 225.556 0.919203 -8.45207 56.5829 1.11738 -13 4280 1 0 1
-14.0016 -49.8956 225.556 -3.15954 -14.6295 55.3845 0.459531 -13 4281 1 0 1
-0.946529 -8.31971 225.556 -0.0964325 -2.84051 59.8226 1.3743 -13 4282 1 0 1
-16.4816 -29.6213 225.556 -6.44594 -10.6091 77.1724 -0.581069 -13 4283 1 0 1
-7.99147 15.7567 225.556 -3.10225 5.31302 71.0397 1.56188 -13 4284 1 0 1
4.15772 0.861543 225.556 1.26127 -0.120626 57.4711 1.76097 -13 4285 1 0 1
24.0937 -25.3213 225.556 6.59239 -8.28618 66.2864 1.4684 -13 4286 1 0 1
9.47566 4.10151 225.556 2.70853 1.0181 60.1839 2.45068 -13 4287 1 0 1
-10.0594 61.5589 225.556 -2.0858 16.5994 53.4663 1.3709 -13 4288 1 0 1
20.5126 4.83062 225.556 5.96088 1.90925 72.324 1.20663 -13 4290 1 0 1
-14.7796 -17.9619 225.556 -4.89569 -5.91169 71.8 2.2108 -13 4291 1 0 1
4.13038 10.1271 225.556 0.387575 3.61947 77.3169 3.09913 -13 4292 1 0 1
-32.9216 -30.7856 225.556 -11.3505 -10.8104 73.8078 0.465848 -13 4293 1 0 1
-20.0863 6.5138 225.556 -6.51315 1.56553 69.4423 1.27394 -13 4294 1 0 1
-24.6921 -11.246 225.556 -6.71277 -3.74066 61.942 -0.633691 -13 4295 1 0 1
-24.7479 14.216 225.556 -8.14531 4.47475 71.4065 1.79455 -13 4296 1 0 1
-12.5766 11.476 225.556 -2.71354 3.26401 54.9247 1.62312 -13 4297 1 0 1
-17.3439 -11.8603 225.556 -5.19701 -3.9841 66.0468 1.27769 -13 4298 1 0 1
16.5568 12.0258 225.556 3.73427 2.72246 47.0497 1.24254 -13 4299 1 0 1
-9.70124 -23.1519 225.556 -4.26787 -8.33584 77.64 3.97195 -13 4300 1 0 1
48.9896 36.9244 225.556 10.4413 9.09055 48.5113 3.63167 -13 4301 1 0 1
22.7734 17.6192 225.556 5.2226 4.36556 49.8203 2.03333 -13 4302 1 0 1
-20.6421 16.0556 225.556 -5.86041 5.33079 63.9 1.78181 -13 4303 1 0 1
18.3046 2.21803 225.556 5.37234 1.16676 67.0213 -1.51567 -13 4304 1 0 1
35.8315 -3.03058 225.556 6.6265 -0.330694 40.1022 1.35737 -13 4305 1 0 1
-10.4401 35.8305 225.556 -2.99835 11.3275 63.7789 1.19561 -13 4306 1 0 1
-15.6183 -4.49681 225.556 -4.52888 -1.0742 64.9504 2.79674 -13 4307 1 0 1
-10.9036 28.6425 225.556 -4.11557 10.703 72.6936 3.96125 -13 4308 1 0 1
23.4049 0.01896 225.556 6.84411 -0.588548 70.4542 0.403516 -13 4309 1 0 1
11.7144 16.7864 225.556 3.22569 4.26703 58.4858 1.50713 -13 4310 1 0 1
74.1157 -9.60828 225.556 11.3818 -1.92847 36.2517 0.597272 -13 4311 1 0 1
-52.2075 12.337 225.556 -17.9554 4.40409 74.3929 1.6146 -13 4312 1 0 1
10.4013 -9.56827 225.556 2.81223 -3.02178 64.4392 0.731519 -13 4313 1 0 1
9.80959 -33.1371 225.556 2.63329 -9.60847 59.7947 1.88674 -13 4314 1 0 1
-29.7348 36.1169 225.556 -5.52232 8.57839 46.5801 2.38342 -13 4315 1 0 1
8.48251 3.56333 225.556 2.3949 0.65995 62.0328 0.415656 -13 4316 1 0 1
12.3292 42.2913 225.556 3.31071 13.7621 65.8251 2.63957 -13 4317 1 0 1
3.34262 -83.0829 225.556 0.95632 -19.2807 45.1997 2.09932 -13 4318 1 0 1
4.43513 15.8195 225.556 0.965453 5.94452 74.2432 0.807483 -13 4319 1 0 1
39.2848 44.3912 225.556 11.189 14.9653 67.1806 1.11053 -13 4320 1 0 1
-17.9073 16.8862 225.556 -6.10067 4.98298 70.8363 2.13962 -13 4321 1 0 1
1.11892 6.69549 225.556 -0.197003 2.44773 72.139 0.111181 -13 4322 1 0 1
7.12783 -25.3484 225.556 1.77156 -8.46654 70.4308 -0.0248811 -13 4323 1 0 1
28.3319 10.4578 225.556 2.99805 1.06276 23.9674 2.55399 -13 4324 1 0 1
17.3848 -41.93 225.556 4.83609 -13.872 66.0947 2.31331 -13 4325 1 0 1
11.7659 -29.2608 225.556 3.1978 -10.0854 66.38 0.871425 -13 4326 1 0 1
35.1538 49.3685 225.556 5.71733 9.0696 36.951 1.28613 -13 4327 1 0 1
-44.686 9.0103 225.556 -16.4417 2.90436 77.5509 0.284093 -13 4328 1 0 1
68.5568 -32.5764 225.556 18.9463 -10.9996 64.6771 -0.712486 -13 4329 1 0 1
-10.492 6.58219 225.556 -3.52336 1.58383 68.9761 0.0220525 -13 4330 1 0 1
-6.05827 32.9841 225.556 -1.2726 8.71845 55.8014 1.27172 -13 4331 1 0 1
-35.2021 -25.5792 225.556 -7.67449 -6.0303 52.3875 2.10057 -13 4332 1 0 1
36.1317 -13.9802 225.556 9.63787 -4.96457 61.1535 -0.456908 -13 4333 1 0 1
-6.47588 9.04493 225.556 -0.989999 1.95577 51.3572 0.214022 -13 4334 1 0 1
-22.3551 -12.466 225.556 -5.22829 -3.9366 57.2525 1.17992 -13 4335 1 0 1
-14.3865 47.7541 225.556 -6.79737 18.3329 77.04 -0.288933 -13 4336 1 0 1
0.81373 -36.5686 225.556 0.458206 -10.7731 58.5884 0.967341 -13 4337 1 0 1
13.6196 -1.88743 225.556 3.22586 0.117539 47.6225 0.395877 -13 4338 1 0 1
6.77763 -17.7819 225.556 1.88099 -5.15578 56.0998 1.24712 -13 4339 1 0 1
18.8844 4.76762 225.556 5.57681 1.35922 72.9369 1.95112 -13 4340 1 0 1
-11.6841 -19.5005 225.556 -4.29025 -7.51267 73.3831 1.96905 -13 4341 1 0 1
-9.95157 35.2449 225.556 -2.45328 10.1002 57.9071 0.307736 -13 4342 1 0 1
8.32487 0.250062 225.556 2.18546 0.0407801 66.4173 2.51679 -13 4343 1 0 1
-13.6911 14.283 225.556 -5.44372 5.14236 74.9838 -0.625589 -13 4344 1 0 1
8.88646 -16.0603 225.556 2.33729 -6.26017 70.7458 1.72978 -13 4345 1 0 1
-50.7499 -10.0673 225.556 -12.0173 -2.11145 55.6644 -0.0461659 -13 4346 1 0 1
37.6583 20.319 225.556 2.57805 1.77566 16.6043 5.6377 -13 4347 1 0 1
-0.545059 4.15542 225.556 -0.0946183 1.06595 61.3964 4.48268 -13 4348 1 0 1
-22.6401 55.4741 225.556 -6.07764 16.9684 60.9724 2.46313 -13 4349 1 0 1
-7.14331 38.3583 225.556 -1.26756 9.94568 53.8945 1.96819 -13 4350 1 0 1
1.42567 -9.32495 225.556 0.0953422 -2.70888 67.511 1.59031 -13 4351 1 0 1
12.2852 2.90692 225.556 3.29214 1.09822 56.222 2.25152 -13 4352 1 0 1
14.4606 -3.5676 225.556 3.39993 -1.16675 47.1545 2.30397 -13 4353 1 0 1
35.0481 -6.66649 225.556 9.58855 -1.55817 60.9593 2.1476 -13 4354 1 0 1
-2.02993 6.99944 225.556 -1.40531 2.61848 74.9022 0.963017 -13 4355 1 0 1
-22.9016 -5.99671 225.556 -7.0193 -2.26938 67.2665 1.56166 -13 4356 1 0 1
-20.9655 -14.6475 225.556 -7.93136 -5.57678 77.0295 0.125325 -13 4357 1 0 1
-11.9557 -21.383 225.556 -3.96907 -6.89888 69.4404 0.14553 -13 4358 1 0 1
-7.41256 4.2569 225.556 -2.6179 1.93908 69.6745 2.78179 -13 4359 1 0 1
9.80957 -31.9133 225.556 2.58092 -8.5415 55.2786 0.17667 -13 4360 1 0 1
-12.2663 -36.5359 225.556 -4.96418 -13.3743 75.3803 2.58905 -13 4361 1 0 1
-0.241389 19.1604 225.556 -0.448913 7.29856 67.555 1.74667 -13 4362 1 0 1
9.02949 -35.8929 225.556 2.32653 -10.9184 59.3101 2.06244 -13 4363 1 0 1
14.6694 31.8175 225.556 3.80506 8.90365 56.9257 2.48095 -13 4364 1 0 1
-100.572 -55.5709 225.556 -18.917 -12.2378 44.9898 4.02355 -13 4365 1 0 1
45.7731 -18.6799 225.556 10.8093 -5.19293 53.4249 4.03817 -13 4366 1 0 1
19.8811 3.66922 225.556 5.82213 1.74656 69.9488 0.911811 -13 4367 1 0 1
12.1989 -62.5229 225.556 2.81532 -14.574 46.476 3.26114 -13 4368 1 0 1
-5.31743 -13.942 225.556 -1.93456 -4.40664 69.3525 -0.0845471 -13 4369 1 0 1
14.0945 -37.2359 225.556 3.69807 -10.9323 58.2645 -0.742562 -13 4370 1 0 1
-1.56624 33.3627 225.556 -0.875326 11.3501 70.9746 2.26601 -13 4371 1 0 1
10.784 -16.3097 225.556 2.79187 -4.0197 54.7009 -0.360807 -13 4372 1 0 1
-26.7807 -4.76438 225.556 -6.77162 -0.603841 59.5544 -1.02568 -13 4373 1 0 1
50.4801 -118.201 225.556 8.13711 -22.0212 35.1574 4.07024 -13 4374 1 0 1
-4.92096 -19.0344 225.556 -1.48984 -7.0208 66.3309 0.887936 -13 4375 1 0 1
-10.1369 29.5606 225.556 -3.19003 10.0385 68.0418 2.47171 -13 4376 1 0 1
-22.797 -37.203 225.556 -5.91609 -11.9606 60.312 3.47189 -13 4377 1 0 1
-66.7198 93.5828 225.556 -14.8948 24.3497 51.7579 3.21567 -13 4378 1 0 1
41.2038 15.317 225.556 10.5955 4.69979 58.1593 1.30092 -13 4379 1 0 1
14.8449 -13.1667 225.556 4.19921 -4.74384 72.4813 0.386317 -13 4380 1 0 1
10.7103 20.3954 225.556 2.87133 7.49652 68.1535 2.17327 -13 4381 1 0 1
-22.0835 -10.6905 225.556 -5.45918 -2.54572 58.7745 -0.2532 -13 4382 1 0 1
21.173 5.68748 225.556 5.70561 1.60733 62.8481 1.69275 -13 4383 1 0 1
33.7462 3.74982 225.556 10.2051 1.57456 78.7427 1.6898 -13 4384 1 0 1
0.714974 1.53504 225.556 -0.0999265 0.479262 68.5727 2.39455 -13 4385 1 0 1
-19.074 0.288915 225.556 -5.56184 -0.305179 65.2503 2.60415 -13 4386 1 0 1
-48.8301 59.8671 225.556 -14.8048 20.203 66.8358 1.51337 -13 4387 1 0 1
-12.0323 -54.9155 225.556 -3.1821 -16.6427 60.8769 2.35822 -13 4388 1 0 1
6.739 -19.8869 225.556 1.80562 -5.07351 46.1592 1.97901 -13 4389 1 0 1
-20.269 -20.1259 225.556 -3.59534 -4.59315 45.631 2.56677 -13 4390 1 0 1
-18.6661 24.8916 225.556 -5.76674 8.06704 67.6784 -0.145828 -13 4391 1 0 1
20.7926 -36.5754 225.556 5.18609 -9.61933 52.4958 3.47981 -13 4392 1 0 1
0.71519 19.7454 225.556 -0.258717 6.95391 71.4607 0.235447 -13 4393 1 0 1
4.38114 46.033 225.556 1.17158 13.6355 58.1739 -0.10915 -13 4394 1 0 1
-52.7574 -11.0849 225.556 -14.4813 -4.16704 62.5442 1.87494 -13 4395 1 0 1
-19.2541 9.78997 225.556 -4.93336 3.1446 60.7433 1.55839 -13 4396 1 0 1
-10.0171 22.2824 225.556 -3.24782 6.92378 70.0925 1.10727 -13 4397 1 0 1
4.02731 -8.24327 225.556 1.14254 -2.70636 61.0583 2.51885 -13 4398 1 0 1
5.68601 -45.4937 225.556 1.54475 -11.0112 47.6764 1.83346 -13 4399 1 0 1
-2.03951 25.6449 225.556 -0.707327 9.34001 65.9573 2.99047 -13 4400 1 0 1
-16.6294 -28.7931 225.556 -5.9033 -10.4133 73.0037 -0.0711636 -13 4401 1 0 1
-26.3742 9.45157 225.556 -5.97778 2.95842 54.705 0.102569 -13 4402 1 0 1
27.4664 -13.4347 225.556 7.69055 -4.54165 62.9006 3.2512 -13 4403 1 0 1
-10.6081 -1.37393 225.556 -1.83619 0.191646 48.5145 1.20796 -13 4404 1 0 1
16.8287 6.56913 225.556 4.28903 1.51321 56.6104 2.96704 -13 4405 1 0 1
11.178 -25.3774 225.556 3.14429 -9.16358 68.4802 2.9544 -13 4406 1 0 1
-138.601 -108.277 225.556 -26.6893 -24.5132 45.9053 1.5429 -13 4407 1 0 1
2.74492 18.886 225.556 1.03511 4.97806 51.9707 3.51152 -13 4408 1 0 1
58.2105 24.5279 225.556 16.1136 7.21981 65.0674 1.11471 -13 4409 1 0 1
-17.2542 18.6984 225.556 -3.56753 5.07996 51.1999 1.31913 -13 4410 1 0 1
-7.32505 31.0095 225.556 -1.41959 8.34695 54.1336 1.24916 -13 4411 1 0 1
4.65053 -2.41332 225.556 1.24977 0.0165014 67.5244 1.74601 -13 4412 1 0 1
-3.89696 -18.0343 225.556 -1.45063 -6.25861 69.7362 2.68137 -13 4413 1 0 1
11.7273 -2.86527 225.556 3.00273 -0.869154 81.5281 0.740762 -13 4414 1 0 1
9.00076 -4.30571 225.556 2.51692 -1.68087 66.8258 0.883146 -13 4415 1 0 1
55.4876 -1.08476 225.556 11.8228 0.0303935 47.4498 0.178762 -13 4416 1 0 1
70.0644 3.4345 225.556 16.5493 0.0985831 54.2409 2.38208 -13 4417 1 0 1
-40.6453 -2.20496 225.556 -9.47218 -0.650137 55.6571 -0.221498 -13 4418 1 0 1
-41.9276 18.5882 225.556 -13.8112 6.57672 71.9552 0.146435 -13 4419 1 0 1
-12.6454 -12.4636 225.556 -4.6752 -3.59866 73.0347 1.22421 -13 4420 1 0 1
2.41501 1.57419 225.556 0.570638 0.115398 65.0681 -0.453221 -13 4421 1 0 1
-1.75756 3.72284 225.556 -0.00689413 1.05261 50.9499 2.66466 -13 4422 1 0 1
28.0933 -30.6519 225.556 5.88917 -7.33248 46.234 0.821357 -13 4423 1 0 1
6.19841 -33.0012 225.556 1.4197 -6.78224 41.5215 3.84431 -13 4424 1 0 1
-42.343 -1.76332 225.556 -10.1504 -0.314488 56.0623 2.72003 -13 4425 1 0 1
-23.4642 -4.42824 225.556 -6.97877 -1.40331 66.6196 0.150339 -13 4426 1 0 1
22.5344 -40.5004 225.556 5.5437 -10.2507 53.9769 3.50431 -13 4428 1 0 1
-4.54062 -12.7114 225.556 -1.41149 -4.01754 66.6119 2.23651 -13 4429 1 0 1
-26.5753 -26.4168 225.556 -6.44414 -7.52021 57.6201 -0.738808 -13 4430 1 0 1
-12.2148 32.4113 225.556 -3.94485 9.93268 69.061 1.13899 -13 4431 1 0 1
54.664 -7.44972 225.556 14.2739 -1.61279 59.6573 0.600775 -13 4432 1 0 1
-6.10322 -26.9902 225.556 -1.46554 -8.35612 61.5555 -0.0429142 -13 4433 1 0 1
-21.567 -20.5992 225.556 -6.43847 -6.59334 66.8134 2.0795 -13 4434 1 0 1
17.5835 -0.32183 225.556 4.99076 -0.776225 64.7638 2.85861 -13 4435 1 0 1
-58.0826 -51.2291 225.556 -16.3022 -16.2277 63.2128 2.14808 -13 4436 1 0 1
51.4665 26.7484 225.556 6.80642 4.17147 30.3112 4.54784 -13 4437 1 0 1
11.4583 22.839 225.556 3.15015 6.98763 61.4414 1.26689 -13 4438 1 0 1
-23.7764 -31.5418 225.556 -7.85025 -10.7979 70.1744 0.718965 -13 4439 1 0 1
-25.763 -11.1427 225.556 -7.49041 -4.0722 65.5775 2.36982 -13 4440 1 0 1
27.6447 0.164181 225.556 7.68351 -0.555957 65.2002 1.42822 -13 4441 1 0 1
33.4915 34.8688 225.556 7.95956 9.95339 54.2759 3.31937 -13 4442 1 0 1
-6.96216 6.65154 225.556 -1.93488 2.27143 63.2887 2.28081 -13 4443 1 0 1
-4.28473 3.08424 225.556 -1.09413 0.481413 61.6823 1.1745 -13 4444 1 0 1
-3.60377 29.8706 225.556 -1.93195 11.0934 73.5661 1.07334 -13 4445 1 0 1
30.7449 -6.32916 225.556 6.95382 -1.52962 49.65 1.06162 -13 4446 1 0 1
-16.2397 38.485 225.556 -1.88783 6.99158 33.9892 2.29342 -13 4447 1 0 1
-8.82477 57.8559 225.556 -0.985398 11.0115 36.7089 4.45106 -13 4448 1 0 1
-1.06931 -2.15664 225.556 0.157824 -0.365674 44.8194 2.28452 -13 4449 1 0 1
-21.4848 -24.1507 225.556 -7.00824 -7.93468 69.9867 2.73967 -13 4450 1 0 1
-4.46738 -4.57924 225.556 -1.62833 -1.61616 68.6758 1.6901 -13 4451 1 0 1
8.49355 -20.9554 225.556 2.13515 -4.82801 48.3606 0.767719 -13 4452 1 0 1
-30.5448 24.108 225.556 -7.0314 6.69504 56.0679 2.19971 -13 4453 1 0 1
-4.27801 42.3332 225.556 -0.838673 11.6881 52.8841 1.62906 -13 4454 1 0 1
-40.0536 0.977081 225.556 -9.42148 0.589005 55.5624 1.22648 -13 4455 1 0 1
2.31522 -8.3314 225.556 0.453277 -2.12708 66.3837 1.82167 -13 4456 1 0 1
-8.48801 23.1488 225.556 -3.03827 7.61677 71.3256 2.54826 -13 4457 1 0 1
7.43323 -47.6834 225.556 2.06282 -12.9316 56.4042 2.30225 -13 4458 1 0 1
24.3081 -8.17139 225.556 6.73184 -2.42996 63.0185 0.100683 -13 4460 1 0 1
1.06169 -2.62956 225.556 -0.576556 -0.316424 76.5497 3.14502 -13 4461 1 0 1
-40.0317 24.0006 225.556 -11.9422 7.59344 66.6698 2.80597 -13 4462 1 0 1
-2.20183 -5.55744 225.556 -0.3166 -0.567691 55.9729 1.60868 -13 4463 1 0 1
11.7201 22.6069 225.556 3.19896 7.10322 69.5171 1.0748 -13 4464 1 0 1
0.43198 -39.8324 225.556 0.337496 -11.3062 58.9148 -0.0637452 -13 4465 1 0 1
21.438 -17.3931 225.556 6.22392 -7.45225 78.7456 -0.0546821 -13 4466 1 0 1
-52.0098 -0.169467 225.556 -15.8943 0.200334 68.3392 0.980025 -13 4467 1 0 1
-7.85844 17.8567 225.556 -2.97074 5.98961 72.1145 0.711366 -13 4468 1 0 1
7.01353 -15.5523 225.556 1.66577 -5.96859 72.7745 1.89182 -13 4469 1 0 1
37.0668 -0.898807 225.556 5.35241 -0.133471 33.1179 1.45949 -13 4470 1 0 1
18.5809 -24.2435 225.556 5.02088 -7.49865 61.0416 1.07715 -13 4471 1 0 1
-18.9439 -9.41946 225.556 -5.6242 -2.87922 66.2529 1.48995 -13 4473 1 0 1
9.74139 6.5409 225.556 2.69299 1.98755 63.6929 1.55097 -13 4474 1 0 1
40.8812 -83.2071 225.556 9.79557 -22.7624 54.8034 2.20106 -13 4475 1 0 1
-0.539968 -12.8911 225.556 -0.0379997 -3.86859 58.2242 0.184741 -13 4476 1 0 1
13.7399 -8.76779 225.556 3.71664 -1.56644 56.4696 1.9229 -13 4477 1 0 1
11.9258 1.37463 225.556 2.82493 0.503183 51.0052 3.50643 -13 4478 1 0 1
3.06134 -2.88226 225.556 0.733094 -1.40285 64.8688 -0.162697 -13 4479 1 0 1
-15.7625 50.3739 225.556 -4.56824 16.0752 63.4659 1.05145 -13 4480 1 0 1
13.404 -41.3884 225.556 3.41748 -11.1594 56.1694 2.27741 -13 4481 1 0 1
-3.61672 -8.52387 225.556 -1.72624 -2.41243 71.6367 1.64765 -13 4482 1 0 1
-2.07408 21.29 225.556 -1.89142 8.23009 79.3549 -0.629073 -13 4483 1 0 1
-23.716 35.9414 225.556 -3.04724 6.48611 34.5308 2.37745 -13 4484 1 0 1
-26.691 12.2499 225.556 -3.7198 2.85609 36.5195 4.84814 -13 4485 1 0 1
19.5407 22.2646 225.556 4.30038 5.78967 46.4034 1.29722 -13 4486 1 0 1
26.3694 -0.473343 225.556 7.17204 -0.135137 61.3049 0.851861 -13 4487 1 0 1
-30.405 -12.5503 225.556 -9.53023 -4.60607 69.0023 0.176991 -13 4488 1 0 1
34.6798 -3.55131 225.556 8.80542 -0.842753 56.1452 3.5949 -13 4489 1 0 1
10.7609 8.76779 225.556 2.52797 2.02766 42.1513 -0.224456 -13 4490 1 0 1
-6.64515 -26.5213 225.556 -2.3596 -8.94459 69.3238 1.99261 -13 4491 1 0 1
3.44792 -5.66127 225.556 0.514906 -2.87762 72.9218 1.23054 -13 4492 1 0 1
-19.2595 -29.6677 225.556 -7.20319 -11.4653 75.7142 0.190602 -13 4493 1 0 1
-2.65623 -0.222195 225.556 -0.379204 0.179668 57.1374 1.57533 -13 4494 1 0 1
21.6296 44.5396 225.556 6.12963 14.6534 66.6121 1.09576 -13 4495 1 0 1
-7.12984 -8.79237 225.556 -1.87942 -2.51854 64.2133 -0.213466 -13 4496 1 0 1
-14.3829 15.4419 225.556 -6.17647 6.8316 79.0328 1.85324 -13 4497 1 0 1
20.612 -4.1617 225.556 5.96243 -0.00602786 75.7203 3.02328 -13 4498 1 0 1
-19.2556 15.8098 225.556 -6.16204 5.36666 69.9598 1.41767 -13 4499 1 0 1
-15.5767 3.2736 225.556 -4.18966 0.867916 62.1673 1.04671 -13 4500 1 0 1
4.79086 -2.82904 225.556 1.10214 -1.43293 68.2747 2.07016 -13 4501 1 0 1
85.9082 -8.86916 225.556 18.2439 -2.19092 49.4017 1.69345 -13 4503 1 0 1
14.4274 51.6349 225.556 3.5714 13.5916 51.7771 2.26836 -13 4504 1 0 1
15.155 58.8307 225.556 2.26717 9.5057 30.9403 3.09721 -13 4505 1 0 1
31.5903 -18.2103 225.556 8.22414 -5.88714 57.5796 1.03056 -13 4506 1 0 1
17.6608 29.1442 225.556 4.73962 9.35747 61.734 -0.301206 -13 4507 1 0 1
-19.3298 14.4576 225.556 -5.51108 4.85822 64.3914 1.57955 -13 4508 1 0 1
-4.13752 22.6374 225.556 -1.86444 8.16656 72.6826 -0.938934 -13 4509 1 0 1
23.0165 10.2813 225.556 6.73092 3.68319 71.6373 0.0568818 -13 4510 1 0 1
-33.4508 -16.0959 225.556 -10.339 -5.51161 68.225 0.684864 -13 4511 1 0 1
19.8015 16.3386 225.556 5.6908 5.83101 67.0169 0.881667 -13 4512 1 0 1
2.83092 2.01592 225.556 0.86833 0.700677 58.1872 3.88351 -13 4513 1 0 1
8.89904 -0.428274 225.556 2.52226 -0.60248 64.2124 1.01206 -13 4514 1 0 1
24.5357 20.5071 225.556 6.65649 6.55785 61.539 -0.964731 -13 4515 1 0 1
-15.3235 -29.1482 225.556 -4.23807 -9.07671 62.789 2.83886 -13 4516 1 0 1
5.57253 -58.2475 225.556 1.49269 -16.9406 58.4187 2.77531 -13 4517 1 0 1
24.0981 11.9702 225.556 6.25173 3.35815 58.9221 0.691677 -13 4518 1 0 1
3.83323 -11.009 225.556 1.08209 -3.33989 56.2623 2.18297 -13 4519 1 0 1
7.43507 4.13304 225.556 2.0215 0.784608 62.754 0.0795867 -13 4520 1 0 1
-12.9432 6.6514 225.556 -5.72708 2.11343 80.5906 1.54703 -13 4521 1 0 1
56.4507 -75.9496 225.556 7.35256 -12.2261 30.0531 3.90465 -13 4522 1 0 1
-15.2683 39.511 225.556 -4.31514 12.9092 64.3488 4.4017 -13 4523 1 0 1
7.10021 -10.0448 225.556 1.74911 -4.21555 68.4094 1.6151 -13 4524 1 0 1
60.5668 51.2477 225.556 14.701 14.025 55.9838 3.20891 -13 4525 1 0 1
-11.3835 -33.4634 225.556 -3.34689 -11.2684 65.3202 1.22155 -13 4526 1 0 1
-10.4483 -1.20201 225.556 -3.03765 -0.226307 65.1739 2.97 -13 4527 1 0 1
25.7888 0.651584 225.556 6.73508 -0.0323172 56.9957 3.28036 -13 4528 1 0 1
-2.12838 12.9706 225.556 -0.317203 3.00514 54.9695 3.29216 -13 4529 1 0 1
15.6242 -5.25555 225.556 4.48537 -2.03133 68.1363 2.03488 -13 4530 1 0 1
21.2309 -5.47493 225.556 5.61465 -1.43177 58.5341 -0.957802 -13 4531 1 0 1
-11.1529 55.9834 225.556 -2.06074 14.3017 49.0761 2.13401 -13 4532 1 0 1
-24.8952 10.0022 225.556 -5.11184 2.21872 50.3362 -0.38589 -13 4533 1 0 1
-32.4183 1.99615 225.556 -7.18205 1.34842 53.6198 1.56771 -13 4534 1 0 1
31.9177 30.6793 225.556 8.46643 8.99587 59.725 1.68493 -13 4535 1 0 1
4.91884 36.6847 225.556 1.46786 10.5288 62.3518 1.24563 -13 4536 1 0 1
-16.1582 -26.4303 225.556 -5.16372 -9.79139 68.116 -0.629282 -13 4537 1 0 1
-15.0462 -12.3563 225.556 -4.12113 -4.52954 62.7698 -0.886915 -13 4538 1 0 1
-16.2503 -8.26699 225.556 -4.99102 -2.55193 68.0817 0.93251 -13 4539 1 0 1
2.42701 -27.1471 225.556 0.0348919 -9.71993 72.6231 2.27994 -13 4540 1 0 1
-11.5488 45.713 225.556 -4.32636 15.5287 72.2169 0.0976994 -13 4541 1 0 1
-19.4781 -18.0057 225.556 -5.71375 -6.33519 65.0347 -0.640759 -13 4542 1 0 1
19.9186 -5.8466 225.556 5.5944 -2.08262 65.6277 1.27446 -13 4543 1 0 1
-1.66411 -9.58698 225.556 -1.30705 -3.06296 74.9433 0.705872 -13 4544 1 0 1
-19.5092 12.2404 225.556 -6.59015 3.57644 71.4229 2.00102 -13 4545 1 0 1
9.1316 24.2577 225.556 1.81746 4.14273 36.2151 2.68513 -13 4546 1 0 1
11.067 4.1334 225.556 3.12664 0.956168 74.2858 1.06455 -13 4547 1 0 1
23.5622 -7.87537 225.556 6.88646 -2.23877 70.3103 3.2934 -13 4548 1 0 1
3.35428 12.3919 225.556 0.789351 4.48909 65.5998 0.0912864 -13 4549 1 0 1
-16.213 33.0379 225.556 -6.74726 12.6096 77.3921 0.459611 -13 4550 1 0 1
22.9166 -60.1392 225.556 6.53863 -21.2011 70.0557 0.286712 -13 4551 1 0 1
8.19886 -19.0418 225.556 2.22181 -5.2947 65.9473 1.36864 -13 4552 1 0 1
-12.2159 55.2937 225.556 -3.59006 17.2518 63.4968 0.0883697 -13 4553 1 0 1
21.8335 20.7657 225.556 5.50595 5.5236 54.0776 1.15043 -13 4554 1 0 1
-35.7178 57.475 225.556 -9.7253 17.6633 61.0187 1.80788 -13 4555 1 0 1
-28.0274 10.9679 225.556 -9.14946 3.68847 70.8658 2.64771 -13 4556 1 0 1
-27.7993 3.39317 225.556 -7.60409 0.991433 62.9205 -0.367369 -13 4558 1 0 1
28.6392 84.7814 225.556 7.54447 25.5161 60.881 3.80541 -13 4559 1 0 1
-22.0098 -20.6551 225.556 -6.7203 -6.98018 66.5497 1.49073 -13 4560 1 0 1
-25.9235 44.6364 225.556 -6.17568 11.8517 55.9489 1.65116 -13 4561 1 0 1
50.8398 -53.0762 225.556 8.76865 -10.729 39.1449 3.2803 -13 4562 1 0 1
-19.8321 -81.5697 225.556 -5.57664 -24.7415 62.1333 3.20488 -13 4563 1 0 1
27.0008 14.807 225.556 7.76283 5.75793 65.9935 3.2845 -13 4565 1 0 1
32.444 -6.26611 225.556 9.2634 -2.11998 67.722 1.5378 -13 4566 1 0 1
48.7132 34.4528 225.556 12.8177 10.428 60.6541 0.827089 -13 4567 1 0 1
-55.6978 -13.527 225.556 -13.6878 -3.67591 57.131 2.22116 -13 4568 1 0 1
-41.8228 42.4224 225.556 -11.0317 12.3474 60.666 1.51707 -13 4570 1 0 1
-1.6536 22.4333 225.556 -0.466146 7.54 63.7801 0.81515 -13 4571 1 0 1
-29.1914 -15.7018 225.556 -11.3596 -5.65105 78.3719 2.84486 -13 4572 1 0 1
68.7396 -41.1597 225.556 13.3805 -9.33646 44.8756 -1.19133 -13 4573 1 0 1
-11.2491 -16.0415 225.556 -3.28348 -4.96329 64.0393 1.73722 -13 4574 1 0 1
2.51406 -40.2701 225.556 0.570052 -12.102 66.139 1.45449 -13 4575 1 0 1
52.3207 -42.6217 225.556 12.2137 -10.9759 53.4756 1.76558 -13 4576 1 0 1
-11.1282 -6.5666 225.556 -2.32995 -1.63497 54.4119 0.440455 -13 4578 1 0 1
-26.0904 -2.78075 225.556 -6.16251 -1.64938 56.1756 0.256304 -13 4579 1 0 1
3.37215 -0.801261 225.556 0.176721 -1.21529 77.9496 0.983334 -13 4580 1 0 1
-39.6115 2.10445 225.556 -10.6505 0.553583 62.002 3.6076 -13 4581 1 0 1
-11.508 2.27726 225.556 -2.54981 0.912004 56.6145 0.416933 -13 4582 1 0 1
-12.9634 30.664 225.556 -1.89443 6.15391 39.614 2.06555 -13 4583 1 0 1
1.71286 30.4604 225.556 0.735399 9.16176 58.0474 0.384969 -13 4585 1 0 1
16.6421 11.4168 225.556 4.65157 3.6946 62.3684 1.35904 -13 4586 1 0 1
2.17984 -64.2036 225.556 0.612415 -18.2828 56.9939 2.61734 -13 4587 1 0 1
-77.2464 -47.9575 225.556 -12.2258 -9.71793 38.4144 2.31637 -13 4588 1 0 1
28.2067 42.8659 225.556 2.57036 4.96679 21.186 2.82504 -13 4589 1 0 1
27.6532 16.1511 225.556 7.28507 4.90248 59.0597 1.16542 -13 4590 1 0 1
10.7772 38.3841 225.556 2.70519 10.3025 54.0427 0.087393 -13 4591 1 0 1
-10.4669 17.2467 225.556 -2.74892 5.58671 62.0595 1.39705 -13 4592 1 0 1
-6.64976 45.5865 225.556 -1.18308 11.4399 51.2 2.26509 -13 4593 1 0 1
-13.0324 -4.69799 225.556 -3.67974 -1.06059 64.4044 0.571112 -13 4594 1 0 1
-2.33809 -5.00802 225.556 -0.859574 -1.78418 66.0334 0.88813 -13 4595 1 0 1
64.757 -34.8003 225.556 14.0319 -8.62296 49.5248 3.10453 -13 4596 1 0 1
-4.48884 2.77112 225.556 -0.644963 0.729308 47.6763 2.18144 -13 4597 1 0 1
36.2261 22.414 225.556 8.91175 6.17571 54.9348 1.85041 -13 4598 1 0 1
-6.9783 26.3935 225.556 -3.28326 10.4608 75.9588 1.66859 -13 4599 1 0 1
-47.7199 10.2768 225.556 -13.8512 3.29074 65.5135 0.912664 -13 4600 1 0 1
-8.29006 30.0314 225.556 -2.31472 9.89971 65.3056 2.99073 -13 4601 1 0 1
-12.0761 -16.8594 225.556 -4.62825 -6.14045 74.8242 1.98756 -13 4602 1 0 1
17.1999 -42.0475 225.556 4.79688 -13.5996 63.6925 0.914276 -13 4603 1 0 1
-36.5027 -18.6292 225.556 -7.69823 -4.5538 50.9657 1.89516 -13 4604 1 0 1
-30.356 -9.55058 225.556 -7.87512 -2.93342 59.8375 3.26965 -13 4605 1 0 1
15.9762 19.3102 225.556 4.05251 6.03921 54.8872 1.45251 -13 4606 1 0 1
-10.3359 -9.35946 225.556 -3.91712 -4.14854 73.2411 1.03149 -13 4607 1 0 1
-34.2095 5.48471 225.556 -10.1225 2.60728 65.8272 2.56297 -13 4608 1 0 1
-1.3447 -14.5554 225.556 0.168538 -3.67535 53.9022 1.98141 -13 4609 1 0 1
37.562 20.8214 225.556 11.2624 7.37835 71.286 1.38068 -13 4610 1 0 1
22.2218 -7.11876 225.556 6.02155 -2.32923 61.8929 3.1994 -13 4611 1 0 1
-10.0251 -23.2704 225.556 -2.70983 -6.70967 62.1177 -0.0673078 -13 4612 1 0 1
-15.473 -2.21026 225.556 -5.77552 -1.80466 74.5158 1.42874 -13 4613 1 0 1
5.02132 11.0668 225.556 1.41122 2.51807 45.6346 1.71662 -13 4614 1 0 1
-6.95735 32.8386 225.556 -2.59379 11.6212 70.1716 -0.646105 -13 4615 1 0 1
-21.3896 3.87757 225.556 -7.4353 0.773218 72.2531 0.242398 -13 4616 1 0 1
-13.8107 33.7728 225.556 -2.62618 8.94561 51.5713 3.43735 -13 4617 1 0 1
-13.647 -38.7931 225.556 -3.4601 -11.677 59.5481 0.456812 -13 4618 1 0 1
14.0369 -37.4586 225.556 3.84739 -11.5724 62.5655 2.33025 -13 4619 1 0 1
12.3305 -37.5925 225.556 3.11945 -10.5397 53.8601 -0.69976 -13 4620 1 0 1
-5.91991 19.4542 225.556 -1.08104 4.98015 52.4906 1.84678 -13 4621 1 0 1
-18.2385 -40.8489 225.556 -5.95759 -13.7991 69.2356 1.85342 -13 4622 1 0 1
-44.8867 11.8146 225.556 -14.666 3.9467 71.7443 1.49809 -13 4623 1 0 1
-33.7832 41.0196 225.556 -8.98848 11.7726 61.1931 1.96686 -13 4624 1 0 1
-4.30234 2.65784 225.556 -1.14185 0.699959 62.8727 1.99054 -13 4625 1 0 1
2.59004 -31.8286 225.556 0.629861 -10.3265 64.9919 2.77143 -13 4626 1 0 1
41.7051 -26.4492 225.556 11.4542 -7.41272 62.2734 2.31035 -13 4627 1 0 1
21.6459 2.56128 225.556 5.30029 0.810051 53.2072 0.732126 -13 4628 1 0 1
4.72294 -24.3336 225.556 1.30388 -7.16563 59.6153 2.20953 -13 4629 1 0 1
34.5585 -5.91691 225.556 10.3541 -2.26089 72.2922 1.7242 -13 4630 1 0 1
-0.736559 21.5209 225.556 -0.779231 7.11843 69.2823 1.10435 -13 4631 1 0 1
-15.6863 -12.4835 225.556 -4.51569 -4.2073 63.0692 1.49192 -13 4632 1 0 1
60.4983 32.4556 225.556 16.6042 10.0653 63.7172 2.84311 -13 4633 1 0 1
-21.1356 13.7899 225.556 -7.85115 5.7038 75.5383 -0.30952 -13 4634 1 0 1
46.6191 -45.7491 225.556 11.358 -12.2613 54.311 4.17152 -13 4635 1 0 1
-9.12587 51.293 225.556 -1.84508 13.7214 52.7552 3.16487 -13 4636 1 0 1
7.86975 7.98048 225.556 2.17161 2.50314 63.5714 2.57287 -13 4637 1 0 1
16.9192 18.8949 225.556 4.80076 6.90372 65.368 0.749695 -13 4638 1 0 1
26.9028 5.06995 225.556 7.29582 1.69346 62.2822 2.98129 -13 4639 1 0 1
-11.3535 18.5029 225.556 -3.14504 5.64426 64.7583 1.77177 -13 4640 1 0 1
-38.0783 -9.21052 225.556 -7.18857 -2.07563 46.2102 0.421954 -13 4641 1 0 1
-32.5281 -7.31166 225.556 -4.87359 -1.18258 37.94 1.9649 -13 4642 1 0 1
-16.8725 -31.5763 225.556 -3.79666 -8.42824 56.2798 2.18896 -13 4643 1 0 1
36.3128 14.1091 225.556 10.0529 4.69811 63.6594 2.76904 -13 4644 1 0 1
-11.1161 -2.13849 225.556 -4.78652 -0.677904 77.7685 2.04359 -13 4645 1 0 1
14.8216 -20.6012 225.556 4.29064 -7.42833 70.5735 -1.17984 -13 4646 1 0 1
-10.9852 9.17176 225.556 -3.88666 3.24146 71.4381 0.320224 -13 4647 1 0 1
49.1163 -42.6983 225.556 12.9322 -11.8284 60.5985 2.15093 -13 4648 1 0 1
-17.2782 9.52377 225.556 -6.1951 4.23052 73.88 0.978957 -13 4649 1 0 1
-20.9124 60.8266 225.556 -4.7583 16.3529 55.2165 1.08945 -13 4650 1 0 1
-8.39021 -33.2291 225.556 -2.29923 -10.3719 62.2602 -1.00254 -13 4651 1 0 1
17.1632 29.9033 225.556 4.99005 10.2451 69.66 0.602465 -13 4652 1 0 1
13.603 76.5316 225.556 2.04785 12.5477 30.1856 3.08002 -13 4653 1 0 1
61.5027 17.312 225.556 12.7292 3.26136 47.8797 1.00111 -13 4654 1 0 1
-15.2435 -10.0291 225.556 -4.0783 -3.59507 61.5161 -0.240889 -13 4655 1 0 1
21.6187 3.63209 225.556 5.93799 0.859322 63.1321 1.19361 -13 4656 1 0 1
30.6895 37.4342 225.556 6.75205 9.25888 49.542 3.71415 -13 4658 1 0 1
33.9409 -8.72852 225.556 9.40876 -2.97916 62.6239 2.70952 -13 4659 1 0 1
15.2135 -3.4192 225.556 3.41782 -0.914138 48.7452 1.7946 -13 4660 1 0 1
8.95622 15.9453 225.556 2.58257 4.24129 62.2596 1.22301 -13 4661 1 0 1
-39.9816 -51.7131 225.556 -13.8788 -18.9764 73.8809 -0.149322 -13 4662 1 0 1
13.6634 8.74398 225.556 3.74532 2.92528 75.7504 1.5575 -13 4663 1 0 1
7.05249 -17.9196 225.556 1.73314 -6.68435 75.9049 0.747707 -13 4664 1 0 1
56.2595 -89.5562 225.556 5.96 -12.0118 25.0189 3.97706 -13 4665 1 0 1
1.93421 -23.0338 225.556 0.736771 -5.14243 44.6687 0.700704 -13 4666 1 0 1
0.393625 -20.5691 225.556 0.425202 -3.96168 38.098 2.57732 -13 4667 1 0 1
-83.0219 19.4725 225.556 -25.5041 6.30841 68.7871 1.89511 -13 4668 1 0 1
54.1717 45.4371 225.556 11.8881 11.087 50.5966 1.05298 -13 4670 1 0 1
3.20517 3.95802 225.556 1.13255 0.964679 55.8751 2.45243 -13 4671 1 0 1
-29.102 -10.9957 225.556 -7.53499 -2.97418 60.4201 1.41198 -13 4672 1 0 1
-35.6017 12.5748 225.556 -9.5201 4.8862 62.2782 0.725757 -13 4673 1 0 1
-40.5407 -24.769 225.556 -14.1751 -9.79739 74.6888 0.926893 -13 4674 1 0 1
0.883191 -39.8457 225.556 0.561077 -9.82344 46.5005 3.55777 -13 4675 1 0 1
-23.4843 -2.56025 225.556 -5.6384 -0.630948 57.1546 2.34244 -13 4676 1 0 1
19.9869 48.0557 225.556 5.32699 13.9089 58.6062 1.35866 -13 4677 1 0 1
-8.78232 1.41068 225.556 -3.06579 0.688141 71.1022 3.38405 -13 4678 1 0 1
32.3264 -9.23406 225.556 8.67705 -3.01381 61.3268 -0.593389 -13 4679 1 0 1
-9.93041 4.58704 225.556 -3.95118 1.43816 74.9565 1.29957 -13 4680 1 0 1
27.2599 -3.33896 225.556 8.04605 -1.33205 70.5933 2.33985 -13 4681 1 0 1
12.6396 -19.241 225.556 3.48819 -7.65106 72.3801 1.7801 -13 4682 1 0 1
25.1334 -2.51489 225.556 7.26971 -1.78387 68.2546 -0.0123027 -13 4683 1 0 1
61.2318 -13.0748 225.556 13.4703 -4.22768 50.4114 4.19363 -13 4684 1 0 1
0.0529853 -23.9438 225.556 -0.0806821 -7.79734 66.4094 -0.753219 -13 4685 1 0 1
-8.80812 20.3503 225.556 -2.6147 6.1789 65.2211 1.85005 -13 4686 1 0 1
-46.813 -1.68751 225.556 -10.546 -1.17377 53.5474 0.875261 -13 4687 1 0 1
-2.69089 -33.4083 225.556 -0.733416 -10.1434 60.876 2.88236 -13 4688 1 0 1
14.3731 -8.07938 225.556 3.7337 -2.79659 54.0701 -0.519281 -13 4689 1 0 1
-15.0585 24.1152 225.556 -5.4612 8.69055 73.3661 1.14474 -13 4690 1 0 1
24.6898 -2.93445 225.556 7.24393 -0.377761 69.5647 0.98219 -13 4691 1 0 1
-16.993 4.61519 225.556 -1.95267 0.440496 32.3812 2.33606 -13 4692 1 0 1
-30.4385 22.4855 225.556 -7.82379 7.12535 59.7867 1.85549 -13 4693 1 0 1
-18.1116 12.7153 225.556 -6.10355 4.41535 71.0155 3.37094 -13 4694 1 0 1
3.74575 12.5814 225.556 0.347919 4.41897 77.0663 1.17186 -13 4695 1 0 1
2.42564 -27.4452 225.556 0.769778 -8.71576 59.8149 1.79748 -13 4696 1 0 1
34.6833 -6.70198 225.556 9.66393 -1.52733 64.1232 1.18369 -13 4697 1 0 1
25.4443 -7.22643 225.556 7.07559 -2.3381 63.4789 1.00863 -13 4698 1 0 1
-30.1576 -32.3955 225.556 -4.49941 -6.95186 38.5769 3.57701 -13 4699 1 0 1
3.64413 -36.1671 225.556 1.1192 -9.41706 49.9888 3.12165 -13 4700 1 0 1
15.7592 11.893 225.556 4.47637 4.40969 67.6037 -0.5101 -13 4701 1 0 1
-27.5603 -70.3735 225.556 -7.80851 -21.503 63.3564 1.59856 -13 4702 1 0 1
-2.88652 -5.86373 225.556 -1.00772 -1.64294 67.0874 1.13975 -13 4703 1 0 1
32.1433 8.7277 225.556 8.15651 2.79736 57.1261 1.77434 -13 4704 1 0 1
-33.3167 -61.905 225.556 -8.36276 -17.3908 57.7595 1.44129 -13 4705 1 0 1
42.4725 -27.9343 225.556 11.5295 -8.88558 62.0545 -0.709002 -13 4706 1 0 1
23.2973 -0.88042 225.556 6.66989 0.326162 66.4913 1.24645 -13 4707 1 0 1
-4.02201 16.8018 225.556 -0.871382 5.24837 58.7108 1.57781 -13 4708 1 0 1
-27.7748 -16.9248 225.556 -8.53929 -5.69768 67.7506 2.64396 -13 4709 1 0 1
-20.9012 -17.12 225.556 -7.04772 -7.76381 71.8029 1.10237 -13 4710 1 0 1
49.7772 -6.29564 225.556 10.6117 -1.62139 47.3336 1.9667 -13 4711 1 0 1
19.4836 -31.309 225.556 4.70786 -8.23101 50.9742 0.487946 -13 4712 1 0 1
-27.64 -18.5342 225.556 -6.78522 -5.43336 57.7417 1.63134 -13 4713 1 0 1
-5.88598 45.4587 225.556 -1.797 14.8546 65.0651 2.98925 -13 4714 1 0 1
54.4193 -66.7763 225.556 11.9406 -16.5447 49.8886 5.4805 -13 4715 1 0 1
-36.7634 13.1857 225.556 -9.66855 4.36297 60.6357 1.50076 -13 4716 1 0 1
-28.1638 -22.6328 225.556 -9.63933 -8.44653 72.8583 1.09281 -13 4717 1 0 1
-48.9779 -0.821576 225.556 -7.26629 -0.159274 36.6304 1.62913 -13 4718 1 0 1
6.75725 -18.8685 225.556 1.80327 -5.82189 66.6095 2.92685 -13 4719 1 0 1
3.78457 5.99334 225.556 1.17253 1.74075 55.1865 0.85125 -13 4720 1 0 1
50.287 11.689 225.556 9.33957 2.48737 41.4169 1.98471 -13 4721 1 0 1
36.9585 21.2615 225.556 10.6499 6.89938 67.8569 0.0377434 -13 4722 1 0 1
-25.5691 -5.44578 225.556 -9.81311 -2.1043 77.5219 -1.26931 -13 4723 1 0 1
-25.045 -15.8851 225.556 -8.27124 -5.27325 71.1658 2.33619 -13 4724 1 0 1
-18.39 21.1526 225.556 -7.46882 8.2294 78.8505 1.26668 -13 4725 1 0 1
-17.0241 23.4872 225.556 -6.10888 9.10137 73.3775 1.11798 -13 4726 1 0 1
1.79724 2.61772 225.556 0.532255 0.485015 63.0171 2.6776 -13 4727 1 0 1
26.5862 2.65392 225.556 4.36295 0.163614 35.5463 0.512243 -13 4728 1 0 1
-14.0075 -21.1503 225.556 -2.37408 -5.18281 47.3051 0.0565997 -13 4729 1 0 1
31.1155 -29.7899 225.556 9.2821 -10.176 69.3717 0.804073 -13 4730 1 0 1
17.3623 -1.94432 225.556 4.17716 -0.34686 51.3245 -0.3134 -13 4731 1 0 1
9.01966 0.928401 225.556 2.37928 -0.0714383 72.9486 1.84907 -13 4732 1 0 1
7.61056 30.9458 225.556 1.66828 11.4268 74.7753 0.520926 -13 4733 1 0 1
-8.4628 -61.8754 225.556 -1.58982 -16.9846 52.8842 2.8479 -13 4734 1 0 1
-1.92233 2.26508 225.556 -0.924061 0.543993 71.3689 0.571332 -13 4735 1 0 1
-4.76299 35.1452 225.556 -1.51537 11.0186 67.0782 2.23881 -13 4736 1 0 1
6.13506 10.0721 225.556 1.45695 2.25212 71.917 0.903442 -13 4737 1 0 1
-14.3873 -65.94 225.556 -3.58916 -18.8527 57.9709 0.294629 -13 4738 1 0 1
-27.4799 25.5906 225.556 -9.08144 9.47611 70.5459 1.40879 -13 4739 1 0 1
55.2487 12.1597 225.556 15.202 3.57674 61.766 3.39689 -13 4740 1 0 1
51.6885 8.17686 225.556 12.8597 2.67887 57.3742 0.995293 -13 4741 1 0 1
-16.5518 -2.70583 225.556 -5.75139 -0.56919 72.4139 0.120022 -13 4742 1 0 1
57.2059 12.0042 225.556 13.7509 3.29037 54.9149 1.04625 -13 4743 1 0 1
-28.5505 -13.9849 225.556 -8.89 -3.96145 67.6255 1.96299 -13 4744 1 0 1
5.59974 -33.6455 225.556 1.47938 -9.39414 61.2276 2.47562 -13 4745 1 0 1
-24.9655 -11.8674 225.556 -5.80077 -2.92763 55.4888 1.91965 -13 4746 1 0 1
-6.84398 -8.12115 225.556 -3.18689 -4.04344 76.3043 0.1202 -13 4748 1 0 1
0.380149 -49.4513 225.556 0.0905033 -16.5935 65.5753 3.34992 -13 4749 1 0 1
-14.348 1.70869 225.556 -3.52147 0.812244 59.1645 0.94466 -13 4750 1 0 1
-5.10809 -13.2288 225.556 -1.09313 -4.37171 59.0842 1.2513 -13 4751 1 0 1
0.634354 -11.7516 225.556 -0.298185 -3.2043 68.9259 2.17063 -13 4752 1 0 1
16.4789 -13.0367 225.556 4.7973 -5.40237 72.8987 2.91936 -13 4753 1 0 1
16.086 23.9735 225.556 4.23332 8.21537 63.7297 1.42249 -13 4754 1 0 1
16.9593 17.6523 225.556 4.88805 6.38707 74.4128 1.76287 -13 4755 1 0 1
23.5043 -21.0153 225.556 5.79253 -6.08745 56.6443 1.49922 -13 4756 1 0 1
18.5533 -22.7068 225.556 5.14293 -6.60994 61.9827 2.56489 -13 4757 1 0 1
38.2439 51.6572 225.556 10.6619 16.0614 64.6059 2.67687 -13 4758 1 0 1
1.73388 13.7808 225.556 0.350798 5.09392 68.1408 0.340031 -13 4760 1 0 1
8.18637 16.9781 225.556 2.24435 4.59166 56.7646 -0.365388 -13 4761 1 0 1
-36.0025 -75.8663 225.556 -8.14224 -19.5847 53.2279 2.02129 -13 4762 1 0 1
-51.4041 -28.3792 225.556 -16.3595 -9.26808 70.1023 1.26523 -13 4763 1 0 1
4.65717 18.5362 225.556 0.823582 6.1664 76.0329 2.16685 -13 4764 1 0 1
5.13195 4.20613 225.556 1.33969 1.90939 64.8406 1.01812 -13 4765 1 0 1
37.5145 19.4387 225.556 10.3299 6.24078 63.1847 1.79397 -13 4766 1 0 1
7.50297 14.9233 225.556 2.07937 4.58875 66.5397 1.09827 -13 4767 1 0 1
10.7285 -15.9268 225.556 2.86659 -5.22413 59.5779 1.5396 -13 4768 1 0 1
5.95878 13.1922 225.556 1.5123 3.62313 69.4307 0.142239 -13 4769 1 0 1
-28.3488 3.65904 225.556 -6.22297 1.12327 53.3388 2.06919 -13 4770 1 0 1
-30.8956 27.3466 225.556 -6.57598 7.14943 50.5772 1.59176 -13 4771 1 0 1
-23.1193 4.41694 225.556 -7.35912 2.40928 69.5922 1.43331 -13 4772 1 0 1
13.5294 -3.67129 225.556 3.68719 -1.33596 67.226 2.84611 -13 4773 1 0 1
45.2071 -46.7583 225.556 11.2242 -13.0972 56.4388 2.68919 -13 4774 1 0 1
34.5983 13.2324 225.556 8.28459 3.18035 53.2101 0.463911 -13 4775 1 0 1
40.803 -47.1679 225.556 11.2345 -14.7876 63.1769 0.653168 -13 4776 1 0 1
-16.0719 1.10803 225.556 -4.00464 0.232509 59.9624 2.81026 -13 4777 1 0 1
-30.5831 47.2582 225.556 -5.31284 10.849 44.022 0.59347 -13 4778 1 0 1
37.3043 -6.03687 225.556 8.259 -2.30027 48.257 0.947058 -13 4779 1 0 1
-16.9745 -9.1143 225.556 -4.93912 -3.01675 65.3261 2.35034 -13 4780 1 0 1
4.47872 0.481871 225.556 1.41779 0.256336 59.134 -1.08915 -13 4781 1 0 1
-42.8541 -8.84898 225.556 -16.0785 -3.20094 78.5864 1.36685 -13 4782 1 0 1
-15.9912 7.7927 225.556 -4.42918 2.08414 62.1221 2.1939 -13 4783 1 0 1
26.9004 5.79098 225.556 6.5501 1.47647 53.4054 5.5008 -13 4784 1 0 1
-18.2151 -47.9863 225.556 -4.35539 -13.7529 57.2404 1.78947 -13 4785 1 0 1
-18.5513 -16.7407 225.556 -7.2151 -5.85766 76.77 1.93211 -13 4786 1 0 1
-21.2137 13.031 225.556 -9.14119 5.87727 79.1255 0.45657 -13 4787 1 0 1
0.879671 -48.7842 225.556 0.446885 -13.0828 51.7711 0.971106 -13 4788 1 0 1
35.1235 -25.3247 225.556 8.56081 -6.37747 54.8471 1.80353 -13 4789 1 0 1
28.9105 42.6037 225.556 8.13376 14.3511 67.4934 3.17791 -13 4790 1 0 1
-27.5775 -8.48934 225.556 -7.4181 -2.07242 61.3427 1.60456 -13 4791 1 0 1
7.28811 30.3082 225.556 1.5901 10.9596 76.037 1.37043 -13 4792 1 0 1
16.6791 16.0071 225.556 4.68801 5.40342 65.4051 1.48869 -13 4793 1 0 1
24.4127 2.48999 225.556 7.19935 0.0457901 71.293 2.84252 -13 4794 1 0 1
-62.0969 -45.5088 225.556 -16.7022 -14.0325 61.2311 2.12038 -13 4795 1 0 1
-9.27205 3.95323 225.556 -2.71929 0.718643 65.3062 1.91613 -13 4796 1 0 1
-45.3414 -9.63218 225.556 -8.20972 -2.27739 44.171 1.59246 -13 4797 1 0 1
-2.57088 -4.43474 225.556 -0.802733 -2.60605 66.8578 1.6324 -13 4798 1 0 1
10.4486 20.3304 225.556 2.87178 6.90851 63.8133 0.708616 -13 4799 1 0 1
5.18802 -10.5496 225.556 1.14351 -3.54904 72.181 1.80744 -13 4800 1 0 1
-8.58662 -14.6485 225.556 -2.6338 -4.21774 65.1845 3.14281 -13 4801 1 0 1
-7.41863 -7.52526 225.556 -3.4735 -2.21538 76.8218 1.36395 -13 4802 1 0 1
31.0006 14.7574 225.556 8.22565 4.14098 61.2239 0.40222 -13 4803 1 0 1
-37.5339 -3.08996 225.556 -9.81401 -0.900994 59.9739 2.44494 -13 4804 1 0 1
-13.5202 -8.16567 225.556 -5.75151 -3.33261 78.4672 1.43407 -13 4805 1 0 1
-44.2999 35.7529 225.556 -11.9696 11.2768 61.8712 2.93947 -13 4806 1 0 1
10.1179 -3.21595 225.556 2.71633 -0.788252 67.1012 1.01039 -13 4807 1 0 1
7.22128 -1.67889 225.556 0.700001 -0.31119 15.4104 3.89742 -13 4808 1 0 1
56.2803 -16.5427 225.556 16.0723 -5.97201 66.6389 1.96379 -13 4809 1 0 1
22.5952 -10.7059 225.556 5.75978 -3.39655 57.2724 1.4739 -13 4810 1 0 1
-22.3766 31.7131 225.556 -7.04616 10.8727 67.6666 1.61554 -13 4811 1 0 1
-44.7572 22.3199 225.556 -11.4852 6.14229 59.1855 0.373387 -13 4812 1 0 1
7.20319 39.4515 225.556 1.94537 9.85659 49.2475 0.393524 -13 4813 1 0 1
20.0805 62.7071 225.556 4.9415 18.1183 56.4017 2.49264 -13 4814 1 0 1
27.7622 -18.7317 225.556 8.20672 -7.09816 70.2789 1.62266 -13 4815 1 0 1
-8.96128 -12.1526 225.556 -3.17293 -4.75209 69.2289 2.12562 -13 4816 1 0 1
21.7133 -14.7173 225.556 6.43836 -4.67716 73.3762 2.34395 -13 4817 1 0 1
20.5063 8.01617 225.556 5.07667 2.29864 51.0548 1.15513 -13 4818 1 0 1
11.0696 -42.1421 225.556 2.64779 -9.14961 44.1212 0.943985 -13 4819 1 0 1
32.1187 -3.27576 225.556 9.55563 -0.543188 71.3564 1.72561 -13 4820 1 0 1
-36.0677 -17.5266 225.556 -6.10775 -4.24938 42.6893 3.63605 -13 4821 1 0 1
-33.1983 10.8926 225.556 -8.99804 2.99815 62.0817 -0.795324 -13 4822 1 0 1
-0.522372 -5.2017 225.556 -0.470551 -1.47291 70.6913 1.12084 -13 4823 1 0 1
55.7042 -95.5655 225.556 10.0427 -19.998 41.0276 0.730839 -13 4824 1 0 1
-13.4078 -24.3684 225.556 -3.05365 -7.02759 56.3474 3.68526 -13 4826 1 0 1
7.09279 -7.1704 225.556 1.06316 -2.95343 79.5702 2.53826 -13 4827 1 0 1
-31.6687 -24.8631 225.556 -11.3324 -9.50803 74.9696 2.24913 -13 4828 1 0 1
12.1304 -43.9298 225.556 3.2943 -14.0916 66.9455 1.64859 -13 4829 1 0 1
-21.7701 -39.393 225.556 -5.74599 -12.449 61.311 2.6989 -13 4830 1 0 1
4.06087 10.3677 225.556 1.18323 3.39401 61.6964 1.45816 -13 4831 1 0 1
-3.87168 6.54973 225.556 -0.790482 1.95073 58.3793 1.79807 -13 4833 1 0 1
-1.21175 -10.8497 225.556 -0.15735 -3.36354 58.7918 0.727768 -13 4834 1 0 1
24.165 17.0301 225.556 6.80195 5.16995 64.773 4.06433 -13 4835 1 0 1
-0.990335 -26.4856 225.556 -0.990711 -9.24828 72.8717 2.33964 -13 4836 1 0 1
9.58394 -12.2431 225.556 2.66793 -3.64719 60.3787 -0.0227465 -13 4837 1 0 1
-45.9854 -58.7337 225.556 -10.2446 -14.9909 52.9121 0.578221 -13 4838 1 0 1
23.6854 20.2365 225.556 7.08682 7.7701 77.5879 2.16323 -13 4839 1 0 1
-3.54069 -38.757 225.556 -0.767734 -11.3385 58.2713 1.84058 -13 4840 1 0 1
-0.471046 -72.4464 225.556 -0.466568 -23.8428 66.2363 1.15738 -13 4841 1 0 1
4.17548 -9.36169 225.556 1.02745 -3.16717 67.3012 2.15325 -13 4842 1 0 1
-17.311 66.2175 225.556 -5.42774 22.107 66.309 2.71635 -13 4843 1 0 1
-0.256893 42.9548 225.556 -0.449727 14.425 67.4827 0.950328 -13 4844 1 0 1
-73.0239 -28.7041 225.556 -22.3532 -9.82798 68.3156 1.34325 -13 4845 1 0 1
38.0544 76.6668 225.556 7.3222 16.6852 41.8615 1.4927 -13 4846 1 0 1
-16.3643 -2.98149 225.556 -6.10584 -0.72747 74.734 0.630177 -13 4847 1 0 1
-40.2811 29.4647 225.556 -12.9849 9.03577 70.8295 0.997903 -13 4848 1 0 1
17.787 3.81071 225.556 4.04296 1.183 45.0313 1.85822 -13 4849 1 0 1
4.67642 -1.30952 225.556 1.4393 -0.711344 53.9756 2.85649 -13 4850 1 0 1
-4.36603 4.35488 225.556 -0.505654 1.65361 47.0538 1.67869 -13 4851 1 0 1
20.6081 4.48151 225.556 5.96473 1.68202 68.0432 1.93558 -13 4852 1 0 1
-0.233896 14.7689 225.556 -1.00549 5.28134 77.2113 1.90822 -13 4853 1 0 1
-1.09192 17.3921 225.556 -1.25827 6.80141 75.9824 2.89042 -13 4856 1 0 1
42.3359 22.4997 225.556 10.3266 6.1601 55.0629 2.18711 -13 4857 1 0 1
12.2313 10.9444 225.556 3.24078 3.56766 58.1447 1.83195 -13 4858 1 0 1
57.2325 13.4501 225.556 14.8847 4.01272 59.7682 1.81216 -13 4859 1 0 1
53.1042 -29.5998 225.556 12.3155 -7.72957 53.181 1.52858 -13 4860 1 0 1
46.5765 -0.256054 225.556 12.6531 -0.00480878 62.4715 1.45606 -13 4862 1 0 1
-8.96656 1.06264 225.556 -2.94975 0.596552 69.7418 1.89944 -13 4863 1 0 1
35.5113 58.1078 225.556 8.90428 16.1278 56.995 0.687705 -13 4864 1 0 1
-38.7336 -31.2916 225.556 -13.7331 -12.0222 75.566 2.28655 -13 4866 1 0 1
9.79478 13.0114 225.556 2.68458 4.40674 54.6283 0.949134 -13 4867 1 0 1
-30.623 49.9919 225.556 -8.67208 15.8721 64.1786 -0.943996 -13 4868 1 0 1
-10.5067 0.192997 225.556 -2.21196 0.119553 54.0524 1.83666 -13 4869 1 0 1
-22.5758 -36.4647 225.556 -6.83822 -12.0832 67.3325 1.74449 -13 4870 1 0 1
-47.6241 -2.5598 225.556 -17.1127 -0.852715 77.0478 0.232304 -13 4871 1 0 1
-6.38613 5.63344 225.556 -2.89436 1.63324 75.2823 0.790135 -13 4872 1 0 1
-12.0147 14.2885 225.556 -4.4692 4.88806 72.8056 1.9645 -13 4873 1 0 1
-31.4554 -8.76193 225.556 -8.03842 -2.67651 60.2134 0.224038 -13 4874 1 0 1
-25.1285 -0.536812 225.556 -7.60144 -0.0174879 67.5877 0.75926 -13 4875 1 0 1
10.4801 9.01963 225.556 2.69098 2.90242 67.4279 1.78131 -13 4877 1 0 1
-19.3219 29.779 225.556 -7.65616 10.1008 77.4083 -1.20762 -13 4878 1 0 1
26.6748 -14.288 225.556 6.48526 -3.87623 53.2688 2.925 -13 4879 1 0 1
-12.0559 -54.0096 225.556 -2.60134 -14.2466 54.0343 0.719474 -13 4880 1 0 1
-1.03572 3.15532 225.556 -0.322359 0.211143 64.6054 1.04434 -13 4881 1 0 1
25.0216 -28.2651 225.556 6.68089 -8.70147 62.3405 0.919187 -13 4882 1 0 1
6.4724 20.4317 225.556 1.73753 6.7948 66.331 1.69391 -13 4883 1 0 1
-4.10004 -15.3522 225.556 -1.11479 -4.92709 60.3351 1.65625 -13 4884 1 0 1
-8.17856 -12.7294 225.556 -2.0183 -3.24341 60.8991 0.527405 -13 4886 1 0 1
-1.96934 -4.04864 225.556 -1.96767 -1.44694 79.3519 -0.0898101 -13 4887 1 0 1
-6.39563 -39.5849 225.556 -3.05773 -14.7055 76.3514 3.21167 -13 4888 1 0 1
17.7979 10.7904 225.556 4.47749 2.71532 52.4479 0.604645 -13 4889 1 0 1
-8.11536 -0.324764 225.556 -1.45196 0.253667 51.9642 1.08685 -13 4890 1 0 1
28.8458 -3.71919 225.556 8.60893 -0.544562 73.3861 1.78129 -13 4891 1 0 1
24.6308 55.4533 225.556 6.32952 15.7543 57.3932 1.85627 -13 4892 1 0 1
-7.7826 34.7028 225.556 -2.47641 10.4707 67.1446 1.84963 -13 4893 1 0 1
-17.7708 -13.9085 225.556 -5.07407 -4.33238 64.9942 1.97 -13 4894 1 0 1
15.231 -10.7059 225.556 4.30787 -3.38842 66.0876 1.67716 -13 4895 1 0 1
-14.8025 -35.8176 225.556 -4.6482 -11.5659 67.2095 2.01092 -13 4896 1 0 1
23.5721 -17.1001 225.556 6.94824 -6.89002 77.713 0.801625 -13 4897 1 0 1
-39.6984 15.2573 225.556 -10.7166 4.32599 61.8268 -0.490671 -13 4898 1 0 1
47.3812 -13.8396 225.556 11.5784 -3.61656 54.9705 0.859218 -13 4899 1 0 1
-48.2699 -4.51753 225.556 -14.0105 -1.01894 65.2921 0.723498 -13 4900 1 0 1
10.3984 10.7487 225.556 1.83856 1.713 33.1849 2.79116 -13 4901 1 0 1
28.7201 3.77646 225.556 8.79937 0.937815 78.3832 -1.71039 -13 4902 1 0 1
35.3321 21.7898 225.556 7.97083 5.6242 50.3726 1.48337 -13 4903 1 0 1
-23.0822 27.1163 225.556 -5.47488 7.62763 57.3977 2.93467 -13 4904 1 0 1
19.3695 47.2803 225.556 5.42146 14.2292 64.6977 2.28564 -13 4905 1 0 1
-12.6997 -47.589 225.556 -2.27447 -11.3607 45.5065 3.705 -13 4906 1 0 1
45.8817 42.9375 225.556 9.95093 10.7324 48.6565 2.06111 -13 4907 1 0 1
-23.6297 6.61233 225.556 -7.73802 2.24461 71.4532 2.77443 -13 4908 1 0 1
-3.84899 14.5107 225.556 -1.59547 5.65544 70.5024 1.10989 -13 4909 1 0 1
-12.8092 18.1291 225.556 -2.46492 5.01629 50.7016 1.95984 -13 4910 1 0 1
6.20533 16.2806 225.556 1.65009 4.55266 53.4865 2.74652 -13 4911 1 0 1
6.35562 -18.289 225.556 1.2859 -6.33907 75.9522 0.802489 -13 4912 1 0 1
13.6453 30.5641 225.556 3.94877 9.7567 67.8272 0.53302 -13 4913 1 0 1
-23.5405 -27.4725 225.556 -7.10301 -9.23146 67.8193 3.26481 -13 4914 1 0 1
63.4208 42.9689 225.556 12.3975 9.5147 44.6117 2.15772 -13 4915 1 0 1
46.0887 13.5166 225.556 13.9865 4.61423 72.9539 0.292448 -13 4916 1 0 1
8.38361 49.0041 225.556 1.86169 17.6142 75.3233 -0.734953 -13 4917 1 0 1
15.3228 -41.3494 225.556 4.25359 -12.4681 67.5556 -0.462805 -13 4918 1 0 1
-31.5694 -119.609 225.556 -2.91847 -16.4642 25.3589 -0.306936 -13 4919 1 0 1
12.5466 6.24267 225.556 3.45731 2.12931 60.7368 2.28318 -13 4921 1 0 1
-6.7044 23.8631 225.556 -1.24149 7.01999 55.8272 2.01956 -13 4922 1 0 1
1.21224 -11.8001 225.556 -0.602381 -3.68513 76.36 2.44071 -13 4923 1 0 1
-23.2465 -9.66358 225.556 -7.97798 -3.40131 72.4601 0.355322 -13 4924 1 0 1
8.22847 1.06593 225.556 2.40822 0.507837 66.9869 0.711856 -13 4925 1 0 1
1.82222 28.9165 225.556 0.0381074 10.2878 71.1671 1.6133 -13 4926 1 0 1
-17.8243 22.0039 225.556 -5.85728 6.81945 69.7232 2.08414 -13 4927 1 0 1
26.6408 65.9721 225.556 6.83926 19.365 59.5436 2.44428 -13 4928 1 0 1
26.3823 -16.6375 225.556 8.10463 -6.78704 77.214 0.82923 -13 4929 1 0 1
7.08194 4.94139 225.556 1.85049 2.48017 64.7861 1.55164 -13 4930 1 0 1
-51.2102 -14.0706 225.556 -13.9618 -3.87698 62.4392 0.66549 -13 4931 1 0 1
0.548761 -25.7881 225.556 0.0567552 -8.13468 66.1706 3.02887 -13 4932 1 0 1
-39.6785 -2.57642 225.556 -12.5906 -0.988401 69.7523 1.47628 -13 4933 1 0 1
4.72122 18.3124 225.556 1.20525 5.38223 67.5376 1.73978 -13 4934 1 0 1
84.024 32.4592 225.556 15.1568 6.61185 41.7598 2.34447 -13 4935 1 0 1
-40.6011 -1.69355 225.556 -13.348 -0.473966 71.8949 -0.215525 -13 4936 1 0 1
-11.5633 20.9647 225.556 -3.52699 7.56422 66.5774 1.42094 -13 4937 1 0 1
-13.2308 29.7171 225.556 -2.87542 8.34219 54.8306 2.80405 -13 4938 1 0 1
-48.7005 2.68398 225.556 -13.0491 1.82197 61.4927 2.5951 -13 4939 1 0 1
10.7686 2.08507 225.556 3.03122 0.575295 63.0582 2.20352 -13 4940 1 0 1
40.6967 3.51133 225.556 11.0514 0.877667 61.21 0.523601 -13 4941 1 0 1
-12.9684 54.3237 225.556 -2.35112 12.8863 48.6408 1.86769 -13 4942 1 0 1
-17.9169 25.4544 225.556 -7.80062 10.3279 78.8467 1.00246 -13 4943 1 0 1
-9.91525 -0.876534 225.556 -3.45861 -0.3982 72.6592 2.69132 -13 4944 1 0 1
-14.9 -7.04724 225.556 -4.96671 -2.44284 69.846 0.864619 -13 4945 1 0 1
-14.0228 -29.7292 225.556 -3.38943 -8.55428 60.0554 1.67505 -13 4946 1 0 1
5.50278 -29.8972 225.556 1.261 -9.84398 65.2741 1.76447 -13 4947 1 0 1
10.097 -12.3371 225.556 2.61146 -3.33238 50.7597 0.411756 -13 4948 1 0 1
-1.36681 23.2775 225.556 -0.678563 7.41173 69.1852 0.168021 -13 4949 1 0 1
-13.8042 37.5417 225.556 -6.31795 14.3872 78.0743 0.687339 -13 4950 1 0 1
32.3832 2.8484 225.556 6.86536 0.353557 46.5166 3.57927 -13 4951 1 0 1
-34.1641 -22.7603 225.556 -9.24368 -6.81376 60.7417 0.827102 -13 4953 1 0 1
47.2693 24.373 225.556 9.03363 5.43213 43.1534 1.50341 -13 4954 1 0 1
5.541 4.37319 225.556 1.76731 1.26882 58.1908 1.60864 -13 4955 1 0 1
-56.6113 13.4888 225.556 -15.8485 4.26821 63.4243 2.66334 -13 4956 1 0 1
58.9082 10.6408 225.556 17.2581 3.21537 68.6617 1.71145 -13 4957 1 0 1
-22.1461 -37.7828 225.556 -5.27448 -11.2108 56.8692 -0.218515 -13 4958 1 0 1
10.9553 27.74 225.556 2.97129 9.72264 68.8651 1.93848 -13 4959 1 0 1
28.8468 18.1431 225.556 8.29141 6.69236 67.4535 2.02409 -13 4960 1 0 1
32.9642 -12.37 225.556 9.54152 -4.62029 67.5888 2.66927 -13 4961 1 0 1
-20.36 14.1081 225.556 -6.52599 4.5644 69.1328 1.37729 -13 4962 1 0 1
-11.7025 -15.92 225.556 -4.45368 -5.82821 73.5168 0.592333 -13 4963 1 0 1
11.2762 6.69347 225.556 2.88084 2.50677 70.1245 1.40252 -13 4964 1 0 1
-0.675897 -21.197 225.556 -0.902413 -7.77175 74.8607 0.911055 -13 4965 1 0 1
-4.69788 41.3493 225.556 -0.87427 12.7477 60.1932 2.44996 -13 4966 1 0 1
22.4868 5.39089 225.556 6.56393 2.35353 78.3602 0.273321 -13 4967 1 0 1
-7.51524 -19.6847 225.556 -1.69531 -5.82538 59.3263 1.83004 -13 4968 1 0 1
8.18412 -41.6664 225.556 1.78127 -16.3795 77.7319 1.23503 -13 4969 1 0 1
-29.3198 49.699 225.556 -6.2222 12.3074 51.4484 2.05215 -13 4970 1 0 1
-2.61051 -2.87936 225.556 -1.97993 -0.737262 79.1208 3.70097 -13 4971 1 0 1
-11.9989 -24.6896 225.556 -4.05436 -9.86154 70.7508 2.82614 -13 4972 1 0 1
12.5437 22.7997 225.556 3.48234 6.91477 65.5274 -0.88985 -13 4973 1 0 1
0.349529 -30.9634 225.556 -0.497781 -11.4312 74.3455 2.29983 -13 4974 1 0 1
-11.5345 -22.9753 225.556 -4.66389 -8.37896 75.9246 0.351025 -13 4975 1 0 1
8.62282 42.3814 225.556 1.93402 15.0372 74.2779 2.3397 -13 4976 1 0 1
15.3189 44.205 225.556 4.46588 13.0045 63.3032 1.82585 -13 4977 1 0 1
-9.06433 -50.0691 225.556 -2.24557 -15.3578 60.0379 2.56535 -13 4978 1 0 1
-10.5739 43.3803 225.556 -2.15444 11.0896 53.4555 1.46266 -13 4979 1 0 1
33.6647 -1.52245 225.556 9.77503 -0.821158 67.7317 2.42176 -13 4980 1 0 1
-47.8672 3.98889 225.556 -15.1372 2.55044 69.8666 1.49072 -13 4981 1 0 1
21.0567 -13.9463 225.556 5.86716 -4.24138 66.2457 2.77625 -13 4982 1 0 1
4.0628 -9.83189 225.556 0.675907 -5.08424 73.2688 2.22299 -13 4983 1 0 1
-34.3838 4.75958 225.556 -6.67089 1.75505 48.1261 1.18441 -13 4984 1 0 1
14.2105 42.9613 225.556 3.72545 12.5622 59.8016 2.59269 -13 4985 1 0 1
-19.8568 13.6332 225.556 -6.5719 4.18356 69.836 1.68003 -13 4986 1 0 1
9.04432 25.3335 225.556 2.48093 7.72834 60.8227 2.76786 -13 4987 1 0 1
15.8259 21.1417 225.556 4.12115 5.32229 58.7579 0.756848 -13 4988 1 0 1
32.7736 47.1841 225.556 8.45579 13.2713 59.3945 2.93473 -13 4989 1 0 1
22.3262 -4.00345 225.556 3.44145 -0.77549 33.95 5.85411 -13 4990 1 0 1
37.983 -10.3593 225.556 8.1091 -2.43239 46.7291 2.17817 -13 4991 1 0 1
-27.6452 -29.5338 225.556 -8.91414 -9.38633 69.261 4.04126 -13 4992 1 0 1
-3.64675 71.8691 225.556 -0.715006 19.7068 55.0828 1.85622 -13 4993 1 0 1
33.2394 -18.1786 225.556 7.61119 -4.24027 50.5326 -0.298748 -13 4994 1 0 1
-7.43149 18.2998 225.556 -2.45444 6.12429 67.8698 0.60894 -13 4995 1 0 1
8.57489 -76.8356 225.556 2.0908 -19.2972 50.4368 2.12087 -13 4996 1 0 1
-16.7529 5.1213 225.556 -4.56481 1.2885 63.5021 2.43676 -13 4997 1 0 1
32.2133 -26.0747 225.556 8.63853 -8.10766 62.5379 1.28977 -13 4998 1 0 1
6.93894 20.9103 225.556 2.04492 6.46716 55.9739 0.988685 -13 4999 1 0 1
