#BLTrackFile NTuple/Z326
#x y z Px Py Pz t PDGid EventID TrackID ParentID Weight
#mm mm mm MeV/c MeV/c MeV/c ns - - - - -
-45.1307 -31.9751 325.556 -11.71 -6.17818 71.8104 0.749333 -13 1 1 0 1
24.0001 -2.61106 325.556 5.7949 -1.74881 80.8295 1.72257 -13 2 1 0 1
-14.8441 -9.33534 325.556 -4.05852 -1.92833 71.4688 2.80348 -13 3 1 0 1
-62.8588 -13.0953 325.556 -17.3862 -2.37199 76.3948 2.18634 -13 4 1 0 1
-59.7972 -5.70706 325.556 -12.6186 -1.2878 59.5183 2.65249 -13 5 1 0 1
-39.513 -4.33462 325.556 -10.6534 -0.625842 74.2397 1.08695 -13 6 1 0 1
1.82972 -26.9119 325.556 0.512696 -4.41654 61.282 1.22648 -13 7 1 0 1
-72.6571 27.5995 325.556 -11.9582 3.76367 45.2228 2.59275 -13 8 1 0 1
34.7179 50.562 325.556 7.71403 8.97205 63.2967 3.18397 -13 9 1 0 1
14.289 -22.4864 325.556 3.34797 -3.88124 66.7178 2.68571 -13 10 1 0 1
23.6225 11.0302 325.556 5.50408 2.09557 71.1219 1.39177 -13 11 1 0 1
-0.997128 -54.0747 325.556 -0.13149 -9.43763 61.5975 3.80273 -13 12 1 0 1
66.6109 40.9829 325.556 9.89908 3.83349 38.4089 2.18532 -13 13 1 0 1
55.4708 -27.6402 325.556 12.9376 -4.67211 67.0783 0.464727 -13 14 1 0 1
64.6314 -35.5313 325.556 15.0022 -6.46762 65.9402 3.50068 -13 15 1 0 1
121.493 -101.919 325.556 23.8918 -14.9001 54.1351 4.50206 -13 16 1 0 1
-25.4025 52.0263 325.556 -5.73438 9.41786 63.6993 1.41439 -13 17 1 0 1
-34.3215 -48.3425 325.556 -6.22135 -6.98705 51.9573 3.80027 -13 18 1 0 1
-83.6779 28.5802 325.556 -18.9408 5.21964 62.9776 2.20919 -13 19 1 0 1
9.78074 -40.9057 325.556 2.18102 -7.17598 64.3622 5.00485 -13 20 1 0 1
-30.6464 23.1829 325.556 -5.99708 4.0668 56.3991 1.06053 -13 22 1 0 1
-65.1573 84.2864 325.556 -9.23108 7.96984 38.4684 3.59065 -13 23 1 0 1
-73.1838 51.4496 325.556 -13.8516 7.31431 52.672 3.0717 -13 24 1 0 1
23.9684 -8.15859 325.556 5.64357 -1.16088 70.6636 2.22004 -13 25 1 0 1
-4.23589 13.5164 325.556 -1.12086 2.67705 68.5373 1.83641 -13 26 1 0 1
4.0985 -1.34036 325.556 0.868012 0.479306 66.6387 3.46155 -13 27 1 0 1
7.08932 -58.0864 325.556 1.4362 -11.8922 73.0108 2.16145 -13 28 1 0 1
-23.9946 31.9802 325.556 -5.7811 6.35709 66.8243 3.02046 -13 30 1 0 1
-16.2921 8.48374 325.556 -4.44538 1.97506 71.8683 1.63631 -13 31 1 0 1
-27.1798 12.0067 325.556 -5.92813 2.09874 62.196 1.61238 -13 32 1 0 1
28.1382 3.05664 325.556 3.08811 0.333114 25.1352 5.38205 -13 33 1 0 1
-67.9865 -3.33528 325.556 -15.6446 -0.305993 64.5175 1.44159 -13 34 1 0 1
-107.641 -60.6199 325.556 -26.1704 -11.2381 67.7286 4.20716 -13 35 1 0 1
-5.05873 30.8483 325.556 -1.22513 6.25072 66.1901 0.911486 -13 36 1 0 1
-5.50132 -32.5128 325.556 -2.17717 -7.71019 79.6886 0.341049 -13 37 1 0 1
5.56049 -55.5743 325.556 1.27113 -9.39902 60.1782 3.61599 -13 38 1 0 1
-26.5663 29.0243 325.556 -4.87377 4.02604 51.6984 3.16915 -13 40 1 0 1
37.8836 63.854 325.556 8.24487 10.5889 61.4915 1.97956 -13 41 1 0 1
-17.3948 3.47971 325.556 -4.37309 0.212968 68.2219 3.22488 -13 42 1 0 1
-65.1201 -13.683 325.556 -18.5621 -3.09548 77.7771 2.13714 -13 43 1 0 1
19.338 9.33945 325.556 4.1004 1.26575 56.5422 2.89082 -13 44 1 0 1
-6.26562 -33.9696 325.556 -1.72289 -6.41805 67.895 2.38042 -13 46 1 0 1
6.71982 41.3524 325.556 1.47163 6.27897 59.9185 3.08809 -13 47 1 0 1
-26.6324 51.7137 325.556 -6.4149 10.1849 66.5427 2.71148 -13 48 1 0 1
4.73546 -71.8981 325.556 0.925288 -15.021 70.2848 1.40175 -13 49 1 0 1
43.037 0.96189 325.556 7.16179 0.270408 42.6343 2.13445 -13 50 1 0 1
-17.5755 12.0985 325.556 -4.89453 2.02897 72.7133 1.59143 -13 51 1 0 1
-21.2144 64.5494 325.556 -4.01534 9.80053 55.3156 2.3813 -13 52 1 0 1
35.328 22.4867 325.556 7.39017 3.27991 56.6268 -0.110538 -13 53 1 0 1
21.222 42.6451 325.556 3.67674 4.53087 43.0448 2.799 -13 54 1 0 1
-20.4008 -23.4288 325.556 -5.34803 -4.88265 70.5088 2.82883 -13 55 1 0 1
77.2038 41.449 325.556 16.5515 6.87625 60.0942 1.17621 -13 56 1 0 1
-26.825 -41.9492 325.556 -5.92223 -7.03569 62.8596 1.67467 -13 58 1 0 1
0.396543 -39.4508 325.556 -0.060707 -7.50528 67.8533 3.93296 -13 59 1 0 1
38.5927 73.8575 325.556 7.95086 11.6681 56.5715 2.51895 -13 60 1 0 1
-19.2254 32.0106 325.556 -4.25761 5.82266 62.8521 1.23138 -13 61 1 0 1
-0.0415507 10.5447 325.556 -0.214881 2.54275 70.0457 1.37478 -13 62 1 0 1
24.3154 -36.4759 325.556 3.42879 -3.15664 35.1036 3.45816 -13 63 1 0 1
1.88455 -1.38718 325.556 0.473708 -0.119817 60.3231 2.26778 -13 64 1 0 1
15.9428 6.16838 325.556 3.62764 0.924575 65.7718 0.559818 -13 65 1 0 1
-5.53783 6.76879 325.556 -1.62329 1.23377 71.4174 2.34989 -13 66 1 0 1
16.6375 -10.866 325.556 3.73311 -1.51237 61.4141 1.4252 -13 67 1 0 1
14.7128 60.4497 325.556 3.08366 8.43742 53.8073 1.37562 -13 68 1 0 1
-20.2643 -30.9368 325.556 -4.46397 -5.48207 62.9674 2.06531 -13 69 1 0 1
-27.1037 -38.9459 325.556 -8.22986 -9.80337 79.8962 2.00861 -13 70 1 0 1
-11.0707 4.68352 325.556 -2.14775 0.346004 60.341 0.670075 -13 71 1 0 1
37.7708 53.5379 325.556 8.49776 9.12155 64.4753 3.16184 -13 72 1 0 1
-11.7501 -4.9346 325.556 -3.48867 -1.55431 74.55 0.937467 -13 73 1 0 1
16.1813 42.5788 325.556 3.5095 6.90086 58.7057 2.44431 -13 74 1 0 1
3.59523 26.1457 325.556 0.454446 5.31513 75.0887 -1.01581 -13 75 1 0 1
28.6095 8.03463 325.556 6.80019 1.74147 79.5444 0.0628737 -13 76 1 0 1
-20.1638 -11.7918 325.556 -4.02432 -2.34803 56.8049 4.61767 -13 77 1 0 1
-24.8082 -8.62281 325.556 -5.24038 -1.68245 59.9506 1.38592 -13 78 1 0 1
10.2903 -17.1758 325.556 2.25784 -3.0962 62.915 3.51396 -13 79 1 0 1
1.87857 -24.5004 325.556 0.101162 -4.65259 72.5416 1.9412 -13 80 1 0 1
5.75562 45.5249 325.556 1.08794 9.75073 69.9412 2.02418 -13 81 1 0 1
11.2647 8.24163 325.556 2.62509 1.66266 62.715 3.30273 -13 82 1 0 1
-52.4335 81.9342 325.556 -12.4989 15.6039 66.9341 2.05695 -13 83 1 0 1
-84.8657 -8.62051 325.556 -18.5416 -1.52715 60.735 2.29044 -13 84 1 0 1
8.17949 -0.322089 325.556 1.75921 -0.260298 75.689 2.99237 -13 85 1 0 1
10.1139 -32.2298 325.556 2.25739 -6.95001 68.1261 1.80285 -13 86 1 0 1
-4.63214 -56.3831 325.556 -0.554832 -7.75133 50.3923 3.32364 -13 87 1 0 1
-26.1923 -26.6914 325.556 -6.38407 -5.01734 67.8342 1.59019 -13 88 1 0 1
15.0766 -6.12319 325.556 3.30328 -0.673349 62.1743 1.53805 -13 89 1 0 1
4.92648 20.768 325.556 1.11389 3.72364 65.7961 1.85292 -13 90 1 0 1
-50.9675 -16.6901 325.556 -11.3856 -3.03726 63.2892 2.97026 -13 91 1 0 1
39.9214 9.55533 325.556 8.1344 1.43738 54.801 2.30203 -13 92 1 0 1
24.7384 -0.542461 325.556 5.36187 -0.349354 58.9189 3.033 -13 93 1 0 1
12.4115 95.5383 325.556 2.54446 13.6759 53.8201 1.05225 -13 94 1 0 1
15.0065 12.6284 325.556 3.47941 2.68353 70.414 2.01618 -13 95 1 0 1
6.76975 45.443 325.556 1.4773 8.027 61.0426 0.347419 -13 96 1 0 1
-3.38893 -5.86233 325.556 -0.428353 -0.357611 57.0702 1.21712 -13 97 1 0 1
-4.52834 -8.29739 325.556 -1.15915 -1.12674 67.3918 2.4484 -13 98 1 0 1
-19.0566 47.5475 325.556 -4.25494 8.31438 63.0702 2.61737 -13 99 1 0 1
29.9785 -3.62369 325.556 6.95019 -0.152622 67.2809 1.14701 -13 100 1 0 1
45.1452 -1.82231 325.556 10.5712 -0.619211 67.8176 1.33934 -13 101 1 0 1
13.9166 9.18634 325.556 3.10131 1.64177 67.2437 1.93456 -13 102 1 0 1
64.4017 3.22888 325.556 13.9248 1.24105 60.6694 -0.279023 -13 103 1 0 1
27.2749 1.86709 325.556 6.32199 0.0240105 67.3689 1.71372 -13 104 1 0 1
-22.9421 35.2415 325.556 -4.7696 6.59506 60.1827 0.723673 -13 105 1 0 1
-53.6089 -16.2929 325.556 -11.3073 -2.67513 59.2156 2.48398 -13 106 1 0 1
-8.96294 -29.0771 325.556 -2.48892 -5.81107 70.379 0.915497 -13 107 1 0 1
44.3993 35.4071 325.556 9.89292 6.72254 62.8156 1.31272 -13 108 1 0 1
22.4761 13.9233 325.556 5.28231 2.74753 67.7809 3.00747 -13 109 1 0 1
-26.3831 10.2179 325.556 -7.11957 2.2068 72.3449 1.67166 -13 110 1 0 1
-29.8257 -20.9121 325.556 -8.5192 -4.05296 76.7894 1.56687 -13 111 1 0 1
31.8 -1.48274 325.556 6.38796 -0.521451 56.1213 0.439002 -13 112 1 0 1
26.5031 25.1626 325.556 5.39753 3.67567 54.852 3.11025 -13 113 1 0 1
31.4647 -29.5909 325.556 7.0412 -5.28628 63.0115 2.05187 -13 114 1 0 1
50.6946 11.0489 325.556 9.34821 1.3477 49.0048 2.36726 -13 115 1 0 1
-43.7593 -12.9007 325.556 -11.4059 -2.66396 72.0362 2.4497 -13 116 1 0 1
-8.35591 11.8888 325.556 -1.57171 1.99218 55.4462 1.95735 -13 117 1 0 1
27.5857 -43.7553 325.556 5.01929 -5.90808 46.3704 2.23637 -13 118 1 0 1
-8.47808 13.6086 325.556 -2.33024 2.94054 70.5449 2.45919 -13 119 1 0 1
-48.1401 3.12088 325.556 -8.49461 0.547756 49.1894 2.34231 -13 120 1 0 1
23.9025 -34.6337 325.556 5.18673 -5.28739 60.9904 3.68509 -13 121 1 0 1
-31.899 -22.4077 325.556 -9.00503 -4.60483 76.5505 2.48403 -13 122 1 0 1
-8.26152 -46.2584 325.556 -2.27728 -9.04514 70.8579 2.70662 -13 123 1 0 1
82.7332 8.57581 325.556 16.8984 1.45338 56.1014 2.58019 -13 124 1 0 1
-64.4529 -75.9879 325.556 -13.4207 -12.1653 58.3403 0.721809 -13 125 1 0 1
-22.8437 -9.8055 325.556 -6.95733 -2.9176 78.7496 2.76905 -13 126 1 0 1
14.8763 43.3358 325.556 3.23706 6.84928 60.0363 1.08265 -13 127 1 0 1
4.28733 -23.2099 325.556 0.977206 -4.66498 64.771 2.38866 -13 128 1 0 1
79.3486 31.743 325.556 16.4032 5.04963 57.1612 1.78061 -13 129 1 0 1
48.9815 -7.0843 325.556 9.10289 -0.517195 49.662 3.08869 -13 130 1 0 1
0.307695 22.4713 325.556 -0.197733 4.35378 69.0129 1.50696 -13 131 1 0 1
-22.0784 10.4076 325.556 -6.03198 2.01626 73.6907 3.18023 -13 132 1 0 1
43.0028 -0.812416 325.556 9.67617 -0.278823 63.5219 0.747842 -13 133 1 0 1
31.8054 3.47071 325.556 7.81183 0.675992 75.3693 2.25726 -13 134 1 0 1
11.2429 6.54146 325.556 2.44123 0.775779 69.9829 2.79257 -13 135 1 0 1
69.5642 20.5009 325.556 13.8873 2.70358 54.6715 2.35197 -13 136 1 0 1
-33.8677 -3.65392 325.556 -7.53391 -0.768315 62.8405 3.59252 -13 137 1 0 1
-29.4531 61.0966 325.556 -5.70404 9.21373 55.1415 2.60672 -13 140 1 0 1
5.46985 37.2204 325.556 1.2432 5.64077 52.7126 2.25314 -13 141 1 0 1
51.9256 25.8635 325.556 11.7102 5.04594 63.9319 3.97706 -13 142 1 0 1
-49.5465 -16.4988 325.556 -12.4509 -3.40828 70.3371 1.0697 -13 143 1 0 1
37.0013 -3.26194 325.556 8.94905 -0.967929 71.5171 4.8106 -13 144 1 0 1
36.6438 -78.2579 325.556 7.49248 -11.7843 56.318 3.9599 -13 145 1 0 1
28.8102 -20.7338 325.556 6.58797 -3.43218 65.8003 2.22523 -13 146 1 0 1
-6.69433 -10.2397 325.556 -1.56452 -1.88589 65.3318 0.800186 -13 147 1 0 1
-23.3808 -41.5559 325.556 -5.85841 -7.50765 68.9652 2.19079 -13 148 1 0 1
47.1591 37.4162 325.556 9.50463 5.5543 55.8692 1.74223 -13 149 1 0 1
15.214 50.4555 325.556 3.44488 9.38368 65.6481 1.82766 -13 150 1 0 1
20.4791 -56.3188 325.556 4.24748 -8.85595 56.7387 3.4054 -13 151 1 0 1
9.19167 -9.62088 325.556 2.08286 -1.80472 64.4602 4.12304 -13 152 1 0 1
-23.3109 -34.0827 325.556 -5.66087 -6.98734 67.6126 1.44882 -13 153 1 0 1
-39.539 -36.4554 325.556 -11.3379 -8.10798 77.6163 -0.321341 -13 154 1 0 1
-58.2814 18.8049 325.556 -13.454 3.22338 64.7776 0.533176 -13 155 1 0 1
80.6539 -25.2117 325.556 13.6637 -2.71126 44.8406 2.05348 -13 156 1 0 1
-19.0432 5.63171 325.556 -4.16161 1.28424 62.2918 1.9235 -13 157 1 0 1
-14.1964 12.9775 325.556 -4.77015 2.43768 79.3351 3.04289 -13 158 1 0 1
-30.4841 35.8463 325.556 -5.92339 5.21956 56.0302 1.53163 -13 159 1 0 1
73.814 -0.508182 325.556 16.2729 -0.0511106 62.2702 2.00168 -13 160 1 0 1
32.2835 -4.91062 325.556 7.66537 -1.50139 70.3876 3.41019 -13 161 1 0 1
-55.8429 15.8854 325.556 -8.1018 1.55063 39.6306 2.29728 -13 162 1 0 1
-28.1162 32.1749 325.556 -7.11876 6.85406 69.9492 0.14443 -13 163 1 0 1
5.82497 -15.3083 325.556 1.23922 -3.24542 66.5441 1.95878 -13 164 1 0 1
-147.022 -67.1708 325.556 -13.5509 -2.88899 20.9458 7.04278 -13 165 1 0 1
-100.963 -7.80766 325.556 -24.2662 -1.51925 66.9999 1.67968 -13 166 1 0 1
45.2063 49.1147 325.556 9.94158 8.39527 61.8428 2.61099 -13 167 1 0 1
-29.345 35.2041 325.556 -8.89124 8.13506 78.5464 2.81626 -13 168 1 0 1
64.0997 -31.7235 325.556 13.1522 -5.17742 56.894 1.85047 -13 169 1 0 1
-34.5164 -15.9147 325.556 -8.33012 -3.18483 67.2467 1.22057 -13 170 1 0 1
117.484 -27.2516 325.556 17.5866 -2.25618 38.6055 3.5969 -13 171 1 0 1
-3.61332 17.166 325.556 -0.564437 2.3593 56.8378 1.73335 -13 172 1 0 1
59.4486 -27.5143 325.556 12.5074 -4.45443 58.0041 2.23769 -13 173 1 0 1
15.3632 20.6764 325.556 3.58254 3.30694 68.8016 2.09554 -13 174 1 0 1
-24.9631 -36.3504 325.556 -4.11884 -4.995 48.5348 2.22375 -13 176 1 0 1
83.6138 -45.4031 325.556 15.3487 -6.02427 49.6448 1.97605 -13 177 1 0 1
12.5938 -23.0123 325.556 2.61045 -3.05956 52.6237 1.65879 -13 178 1 0 1
36.384 -60.4003 325.556 8.53636 -12.0652 68.8443 1.11164 -13 179 1 0 1
34.6036 -36.1305 325.556 6.70101 -4.96744 52.1139 3.80447 -13 180 1 0 1
-37.7567 -13.9952 325.556 -5.24114 -1.35383 38.3577 1.44438 -13 181 1 0 1
-45.6501 18.2163 325.556 -6.55087 1.9791 39.7841 1.91581 -13 182 1 0 1
60.8142 60.8891 325.556 9.87874 7.05394 42.2692 2.70161 -13 183 1 0 1
-73.498 -20.4104 325.556 -14.5976 -3.45486 55.149 2.17719 -13 184 1 0 1
-19.4489 -39.2937 325.556 -4.02633 -6.81296 60.0518 1.25132 -13 185 1 0 1
43.3969 30.0593 325.556 7.20056 3.55732 43.2144 1.96778 -13 186 1 0 1
16.0535 9.88227 325.556 3.76798 2.67397 71.3181 2.94101 -13 188 1 0 1
-51.7522 -20.8221 325.556 -14.875 -4.77417 78.6921 1.88549 -13 189 1 0 1
43.2865 32.1765 325.556 9.52122 5.41791 60.7059 3.91937 -13 191 1 0 1
-17.6593 19.4703 325.556 -5.74606 5.13099 80.0501 2.52841 -13 192 1 0 1
-54.9581 -12.1446 325.556 -7.648 -1.47419 37.7793 1.90852 -13 193 1 0 1
3.0184 59.1747 325.556 0.535759 11.8432 69.3508 1.59876 -13 194 1 0 1
5.19149 -0.22354 325.556 1.21231 -0.00752024 60.3686 4.27704 -13 195 1 0 1
15.6261 -14.2087 325.556 3.23527 -4.0123 80.5552 4.24714 -13 196 1 0 1
-30.295 41.1193 325.556 -6.71701 7.10193 63.0574 1.04127 -13 197 1 0 1
66.8197 2.24354 325.556 12.1215 0.325818 48.8981 1.76111 -13 198 1 0 1
-54.3058 65.1318 325.556 -10.8301 9.49211 56.5828 0.530402 -13 199 1 0 1
-23.8988 -21.8262 325.556 -4.2426 -2.78038 50.803 2.961 -13 200 1 0 1
-64.7464 -21.5297 325.556 -15.7879 -4.39924 68.2226 2.18118 -13 201 1 0 1
-15.3137 80.1088 325.556 -3.13467 12.4742 58.6881 1.23368 -13 202 1 0 1
-8.31159 6.05728 325.556 -1.80068 0.736946 62.1545 2.24274 -13 203 1 0 1
0.902587 8.45702 325.556 0.353596 0.713423 49.99 3.74647 -13 205 1 0 1
-104.304 7.42969 325.556 -27.7269 1.35798 73.0093 2.00133 -13 206 1 0 1
-46.0271 -51.1203 325.556 -9.23686 -7.9382 56.8918 1.05179 -13 207 1 0 1
-79.5151 8.45295 325.556 -19.0486 1.6551 67.113 1.5975 -13 208 1 0 1
61.8424 50.0491 325.556 6.28301 2.51047 23.4873 4.61733 -13 209 1 0 1
89.3026 6.35383 325.556 15.3933 0.958435 45.6575 2.10264 -13 210 1 0 1
77.901 35.7938 325.556 12.3374 3.52869 41.5489 3.28379 -13 211 1 0 1
-30.031 70.6834 325.556 -8.04459 14.4265 72.7119 3.8914 -13 212 1 0 1
-71.0909 34.3535 325.556 -14.687 5.2501 57.93 0.761795 -13 213 1 0 1
-12.4595 39.4254 325.556 -3.67323 8.0836 75.3195 2.78007 -13 214 1 0 1
-0.203595 -39.9128 325.556 -0.408795 -8.82754 72.1743 3.5401 -13 215 1 0 1
4.68554 -6.95878 325.556 0.880511 -1.32743 70.323 2.96672 -13 216 1 0 1
126.768 40.3943 325.556 20.2025 4.68382 41.4986 1.73099 -13 217 1 0 1
-59.1944 10.9951 325.556 -13.471 1.90887 63.6905 2.1378 -13 218 1 0 1
-20.2452 -15.7971 325.556 -5.95348 -3.46406 77.5672 1.77604 -13 219 1 0 1
6.64826 3.96212 325.556 1.36477 0.444252 72.1861 4.19801 -13 220 1 0 1
68.5754 -0.0138455 325.556 13.7095 -0.261762 53.9734 3.19024 -13 221 1 0 1
-12.3134 46.786 325.556 -3.39602 9.63925 72.295 1.03946 -13 222 1 0 1
-46.9494 12.123 325.556 -10.2335 2.41223 61.1991 3.05438 -13 223 1 0 1
-38.639 0.464263 325.556 -8.45571 0.254785 62.0629 1.56386 -13 224 1 0 1
15.8771 57.0162 325.556 3.25825 8.48808 54.2853 1.95939 -13 226 1 0 1
-31.7248 -26.967 325.556 -6.92624 -4.75477 61.9117 2.06835 -13 227 1 0 1
-11.6552 -1.29554 325.556 -3.89116 -0.36459 78.2776 -0.160394 -13 228 1 0 1
-43.2569 0.826807 325.556 -11.2398 -0.321266 71.5591 2.10361 -13 229 1 0 1
36.8148 -51.2017 325.556 6.44194 -6.08827 45.8247 2.20158 -13 230 1 0 1
75.5496 83.8653 325.556 16.9894 15.297 64.0526 3.26232 -13 231 1 0 1
116.169 50.7955 325.556 24.3189 7.95686 57.5321 3.02812 -13 232 1 0 1
-46.7303 -8.21846 325.556 -10.7781 -1.65541 64.8496 0.513159 -13 233 1 0 1
32.5934 8.68955 325.556 7.58035 1.62224 67.7171 1.31017 -13 234 1 0 1
18.6301 -30.1864 325.556 4.36708 -6.84369 74.0886 2.10258 -13 235 1 0 1
-43.7086 -32.3221 325.556 -9.95413 -6.22675 64.2684 3.2759 -13 236 1 0 1
66.1333 -53.6412 325.556 12.7899 -7.34355 52.7305 3.08968 -13 237 1 0 1
-3.20965 6.54584 325.556 -0.718393 1.06013 62.9129 2.11481 -13 238 1 0 1
-46.9229 6.5095 325.556 -11.8112 1.83018 70.0068 3.16713 -13 239 1 0 1
52.1983 86.8752 325.556 8.94146 10.1347 45.1009 2.27493 -13 240 1 0 1
67.6208 10.0499 325.556 9.01514 0.838536 33.3186 4.08679 -13 241 1 0 1
-19.2339 -15.3883 325.556 -3.90044 -2.92195 58.6967 3.96576 -13 242 1 0 1
46.8596 -38.1331 325.556 11.0312 -6.87995 67.8788 1.83039 -13 243 1 0 1
6.25357 18.4146 325.556 1.1181 3.94629 75.9833 2.47456 -13 244 1 0 1
29.6667 36.6385 325.556 7.08155 8.08162 71.3769 1.18756 -13 245 1 0 1
0.614053 29.0988 325.556 -0.103032 6.37494 70.7759 1.69257 -13 246 1 0 1
12.8845 -23.4367 325.556 2.82403 -3.5883 61.1217 1.76286 -13 247 1 0 1
-16.7567 -26.6431 325.556 -4.13433 -5.00478 67.9026 2.62017 -13 248 1 0 1
84.4441 20.1102 325.556 17.9366 2.67689 59.5562 1.19516 -13 249 1 0 1
17.4409 -46.4956 325.556 3.96385 -8.96347 68.4352 0.447929 -13 250 1 0 1
50.3165 65.0902 325.556 10.9856 10.2242 61.4677 1.08474 -13 251 1 0 1
47.8299 -1.49481 325.556 10.7473 -0.502615 63.0613 2.32577 -13 252 1 0 1
5.25366 59.0559 325.556 0.934809 12.2489 71.2884 0.551302 -13 253 1 0 1
42.4266 30.0642 325.556 8.56523 4.61665 54.9457 1.77224 -13 254 1 0 1
-8.13517 20.8255 325.556 -2.75787 5.06954 77.4697 1.74809 -13 255 1 0 1
-17.5878 17.5633 325.556 -3.19821 2.52417 53.1145 1.38766 -13 256 1 0 1
2.58762 -66.9719 325.556 0.681935 -7.60614 43.1222 2.50837 -13 257 1 0 1
1.81835 -2.69805 325.556 0.369545 -0.711839 63.4511 2.17172 -13 258 1 0 1
33.8542 -7.87045 325.556 7.12425 -1.55689 56.759 1.0382 -13 259 1 0 1
-18.7356 -23.2903 325.556 -5.02499 -5.21687 72.463 1.57967 -13 260 1 0 1
-18.1998 28.5958 325.556 -3.84868 4.67138 60.1022 1.00277 -13 261 1 0 1
22.5997 1.11259 325.556 5.16383 0.332363 63.0489 4.1653 -13 262 1 0 1
49.0197 -28.4344 325.556 10.8851 -4.90329 62.6506 0.595003 -13 263 1 0 1
-3.95828 -22.0684 325.556 -0.556153 -3.04419 50.8453 2.19888 -13 264 1 0 1
52.5891 33.8124 325.556 11.6704 6.10622 62.6996 2.778 -13 265 1 0 1
30.0187 27.8821 325.556 7.18731 5.13341 70.5203 2.50571 -13 266 1 0 1
-14.2415 4.53056 325.556 -3.22511 0.190252 63.6089 1.75299 -13 267 1 0 1
15.7253 24.9814 325.556 2.74856 3.0394 43.0321 1.66751 -13 268 1 0 1
-31.9485 12.7539 325.556 -9.22507 2.09843 77.6059 2.28348 -13 269 1 0 1
-24.6684 -16.2807 325.556 -5.55307 -3.39195 63.8442 3.31022 -13 270 1 0 1
31.1127 -27.3089 325.556 7.74133 -6.52868 77.3625 0.982896 -13 271 1 0 1
31.1593 -50.0939 325.556 6.94171 -8.83695 62.7438 3.67396 -13 272 1 0 1
-50.3154 12.1638 325.556 -9.55518 1.61076 53.9548 5.12825 -13 273 1 0 1
17.4015 5.87626 325.556 3.99648 1.54416 67.4489 -0.0598612 -13 274 1 0 1
48.0485 -18.8877 325.556 10.0987 -3.37522 58.7419 1.87875 -13 275 1 0 1
57.0408 -33.8466 325.556 11.8737 -5.4585 57.1232 3.40334 -13 277 1 0 1
-78.3534 5.43513 325.556 -16.6786 0.881146 59.6267 3.71595 -13 278 1 0 1
-55.265 -27.0285 325.556 -13.3772 -5.9532 67.8529 -0.496649 -13 279 1 0 1
19.5727 8.66892 325.556 4.27592 1.21983 61.4032 2.34617 -13 280 1 0 1
-4.35253 -13.6337 325.556 -1.23079 -2.20679 66.7092 0.69431 -13 281 1 0 1
-5.72994 56.9413 325.556 -0.814428 7.50487 48.2367 1.70816 -13 282 1 0 1
46.149 -53.2547 325.556 8.58564 -7.06459 49.9938 0.861632 -13 283 1 0 1
-23.8704 24.5088 325.556 -4.36009 2.93493 52.9656 1.997 -13 284 1 0 1
-76.8499 31.3428 325.556 -16.6113 5.48391 60.3914 1.64577 -13 285 1 0 1
-44.0878 -14.6004 325.556 -10.7911 -1.6736 68.7519 0.495523 -13 286 1 0 1
-9.99069 -1.20187 325.556 -1.7076 -0.547872 51.9357 0.772154 -13 287 1 0 1
-16.5307 146.183 325.556 -4.88308 30.2301 73.5032 1.67562 -13 288 1 0 1
-23.3614 48.3215 325.556 -6.84031 10.6651 77.4151 2.27436 -13 289 1 0 1
127.188 -11.1428 325.556 20.1295 -1.33137 41.1288 3.00008 -13 290 1 0 1
8.8833 -39.6636 325.556 1.75625 -8.713 75.0243 2.29219 -13 291 1 0 1
-22.3718 12.4719 325.556 -6.01796 2.80393 72.6798 1.60696 -13 292 1 0 1
-92.9817 55.326 325.556 -16.1126 7.43816 47.3394 4.62869 -13 293 1 0 1
83.1289 40.5897 325.556 19.6925 8.60416 68.3526 3.56229 -13 294 1 0 1
-28.799 3.52965 325.556 -6.67763 0.537012 65.1515 2.0972 -13 295 1 0 1
-49.2121 18.2742 325.556 -10.1585 2.89152 58.5756 1.9006 -13 296 1 0 1
60.3074 -22.9799 325.556 11.7833 -3.55203 53.2406 4.8756 -13 297 1 0 1
12.5663 4.24747 325.556 2.83498 0.380458 67.3359 0.104525 -13 298 1 0 1
-106.186 37.1494 325.556 -17.4926 4.82594 44.266 5.4338 -13 299 1 0 1
-35.9892 26.0781 325.556 -7.87997 4.14179 62.3287 1.3089 -13 301 1 0 1
-35.8056 31.3597 325.556 -8.02007 5.95808 63.2288 2.29518 -13 302 1 0 1
-3.67598 12.1567 325.556 -0.782685 2.62498 62.4641 2.07846 -13 303 1 0 1
-10.0246 32.7646 325.556 -2.44203 6.41886 65.7615 2.53403 -13 304 1 0 1
-83.0437 54.809 325.556 -13.0455 6.13425 42.7169 3.98684 -13 305 1 0 1
-18.5906 -18.3068 325.556 -4.4441 -3.75159 66.6148 0.937392 -13 306 1 0 1
30.556 -84.4573 325.556 6.98181 -16.5461 67.3663 0.697108 -13 307 1 0 1
-20.4013 -57.1787 325.556 -5.56712 -11.7182 72.8912 1.96014 -13 308 1 0 1
-13.5324 37.2889 325.556 -3.25154 6.92559 66.1959 1.1318 -13 309 1 0 1
39.0386 -12.4094 325.556 9.38422 -2.47609 71.8573 1.48414 -13 310 1 0 1
28.3403 -33.1307 325.556 3.71197 -2.03025 31.9978 1.94 -13 311 1 0 1
-37.0651 10.2864 325.556 -9.47945 2.27643 71.0366 1.72963 -13 312 1 0 1
-36.9107 48.2322 325.556 -9.55984 9.59657 71.6651 2.82397 -13 313 1 0 1
-36.9893 -3.87756 325.556 -9.04437 -0.68007 67.5015 1.36127 -13 314 1 0 1
50.7245 -1.27793 325.556 11.1778 0.274175 61.634 0.617978 -13 315 1 0 1
13.1074 -95.6025 325.556 2.62833 -13.1594 51.7847 1.17429 -13 316 1 0 1
-29.953 -41.6792 325.556 -6.78111 -7.5362 63.813 2.7874 -13 317 1 0 1
-2.51016 -9.31099 325.556 -0.806543 -1.51802 69.2385 0.497314 -13 318 1 0 1
-17.4652 34.3883 325.556 -4.61669 7.40347 70.0926 3.91531 -13 319 1 0 1
55.4189 28.186 325.556 13.3372 5.5748 70.1006 2.49476 -13 320 1 0 1
25.5112 -8.98746 325.556 5.26892 -1.5368 56.9874 0.529286 -13 321 1 0 1
-34.3846 14.8289 325.556 -10.5401 3.58168 79.4412 3.60916 -13 322 1 0 1
29.8357 -11.3902 325.556 7.32759 -1.63955 75.6314 2.023 -13 323 1 0 1
14.9415 34.558 325.556 3.42024 6.38323 65.8572 1.29577 -13 324 1 0 1
8.55669 -22.4913 325.556 1.83731 -4.76532 72.5933 1.83107 -13 325 1 0 1
-79.4972 57.6887 325.556 -16.6806 9.04246 58.3561 2.11374 -13 326 1 0 1
-54.8413 -112.626 325.556 -9.65411 -14.6586 49.1499 2.69818 -13 327 1 0 1
-45.3665 -14.5889 325.556 -9.42971 -3.26249 58.7398 0.610103 -13 328 1 0 1
-8.2263 42.2889 325.556 -2.14459 8.42116 68.8365 3.00223 -13 329 1 0 1
27.1354 -9.56142 325.556 6.64822 -1.64031 76.5056 0.936579 -13 330 1 0 1
-50.8256 20.1429 325.556 -12.9584 3.203 71.0176 0.295928 -13 331 1 0 1
-18.6691 -11.7898 325.556 -1.68613 -0.443592 24.2269 3.30648 -13 332 1 0 1
39.4288 24.0516 325.556 7.21388 3.29294 48.6564 6.50184 -13 333 1 0 1
-35.0101 -25.1954 325.556 -8.04434 -4.48405 65.3879 2.29505 -13 334 1 0 1
30.4973 -37.6085 325.556 7.07361 -7.04926 66.2581 2.28435 -13 335 1 0 1
-8.67213 -43.1633 325.556 -2.41586 -8.19709 68.8298 1.2369 -13 336 1 0 1
167.862 -73.3505 325.556 34.1167 -10.8645 54.9077 -0.179837 -13 337 1 0 1
46.5861 -43.9224 325.556 9.17994 -6.96959 53.9124 3.13751 -13 338 1 0 1
3.60869 -29.883 325.556 0.839156 -3.9027 50.7223 2.7167 -13 339 1 0 1
11.069 35.5482 325.556 2.52808 7.14178 69.3934 2.08719 -13 340 1 0 1
21.1432 -0.932513 325.556 5.16421 -0.775767 77.6424 1.70347 -13 341 1 0 1
-20.0572 27.5357 325.556 -5.54805 6.01207 73.4013 2.42884 -13 342 1 0 1
5.0396 -30.4087 325.556 1.14735 -5.77942 62.2479 1.65468 -13 343 1 0 1
56.6411 8.6706 325.556 10.3624 1.62065 49.0926 2.08546 -13 344 1 0 1
-12.2862 2.3991 325.556 -3.10483 0.762086 68.9584 1.03048 -13 345 1 0 1
-68.2523 -8.19485 325.556 -15.5271 -1.49002 63.9322 2.56238 -13 346 1 0 1
-21.1855 6.36767 325.556 -5.18267 1.2488 68.2379 1.05248 -13 347 1 0 1
0.537846 29.0439 325.556 0.35335 4.72912 52.4462 1.78135 -13 348 1 0 1
65.0109 -7.32275 325.556 13.1242 -1.34257 55.7242 3.02349 -13 349 1 0 1
-9.81652 -62.6519 325.556 -2.3212 -11.1609 64.6226 2.75136 -13 350 1 0 1
-35.0622 1.61593 325.556 -8.8796 0.0562902 70.2917 0.304257 -13 352 1 0 1
-15.1554 27.8979 325.556 -3.53548 4.91673 65.7818 1.70353 -13 353 1 0 1
-2.22063 33.4267 325.556 -0.290151 4.50593 53.9509 2.63003 -13 354 1 0 1
-33.1109 20.5148 325.556 -8.97102 4.40184 73.6457 1.32281 -13 355 1 0 1
45.7194 48.6109 325.556 9.71702 8.30154 59.1023 2.37032 -13 356 1 0 1
3.66382 9.94759 325.556 0.788294 1.30127 42.5127 2.70779 -13 357 1 0 1
66.8136 44.4687 325.556 12.5183 6.44846 50.8265 2.93641 -13 358 1 0 1
31.2035 13.7822 325.556 6.95186 2.93228 62.1059 2.46306 -13 359 1 0 1
-28.1322 -10.5674 325.556 -7.77568 -2.20123 75.3172 1.15621 -13 360 1 0 1
10.8441 10.0792 325.556 2.27095 2.60169 77.3045 1.60853 -13 361 1 0 1
-93.3041 1.23252 325.556 -20.3918 -0.15733 60.9292 -0.735441 -13 362 1 0 1
-12.1284 24.5658 325.556 -3.64466 5.59421 75.2543 1.4599 -13 363 1 0 1
-0.563413 -20.0359 325.556 -0.29366 -3.40614 64.861 2.19114 -13 364 1 0 1
-26.5556 34.8842 325.556 -4.49361 4.7624 48.6833 0.513918 -13 365 1 0 1
75.5483 -7.57648 325.556 12.7774 -0.951811 44.5058 4.81654 -13 366 1 0 1
80.2246 -21.0446 325.556 12.5352 -2.53925 40.3528 4.10245 -13 367 1 0 1
-17.4262 30.9896 325.556 -3.99716 5.83532 64.8716 2.50086 -13 368 1 0 1
1.13475 -5.56742 325.556 0.333153 -0.571932 60.4709 0.951011 -13 369 1 0 1
-54.5697 4.87358 325.556 -14.0012 0.855072 71.4384 2.68953 -13 370 1 0 1
-6.66542 -20.6943 325.556 -1.54567 -3.61842 66.2085 4.31133 -13 371 1 0 1
5.5493 -51.5492 325.556 1.32906 -8.03769 53.6487 3.06348 -13 372 1 0 1
-36.9279 -30.8044 325.556 -8.41468 -5.69151 64.2477 2.66233 -13 373 1 0 1
-41.9919 1.01694 325.556 -11.5944 0.468059 75.8509 2.39039 -13 374 1 0 1
-72.1083 27.3258 325.556 -19.876 6.2684 76.4412 0.364276 -13 375 1 0 1
-38.7562 -63.0641 325.556 -9.50931 -12.0538 68.4134 2.37092 -13 376 1 0 1
55.8454 -31.0113 325.556 14.3815 -7.2007 77.4424 2.9327 -13 377 1 0 1
14.1579 -29.5624 325.556 2.43972 -3.4999 41.3596 4.96996 -13 378 1 0 1
-13.347 -72.1513 325.556 -3.36838 -13.918 67.2928 2.56596 -13 379 1 0 1
-37.332 -86.3913 325.556 -5.60931 -9.56143 42.4498 2.01545 -13 380 1 0 1
36.8999 11.0926 325.556 7.92914 2.36496 59.6628 3.23057 -13 381 1 0 1
33.4971 -40.6814 325.556 8.11411 -8.33431 72.3159 1.48761 -13 382 1 0 1
-82.5938 5.8696 325.556 -14.9407 0.655868 49.8267 3.69602 -13 383 1 0 1
68.8578 9.78895 325.556 14.3776 1.18334 57.4931 0.785984 -13 384 1 0 1
-7.31288 -19.9407 325.556 -1.80464 -4.2251 67.4303 3.6799 -13 385 1 0 1
10.3102 -9.86321 325.556 2.35784 -2.11582 69.9072 3.78907 -13 386 1 0 1
-43.054 -9.99754 325.556 -11.0912 -2.25727 71.5596 1.95702 -13 387 1 0 1
13.7654 -1.9155 325.556 2.8106 -0.152045 51.8988 1.54412 -13 388 1 0 1
83.4951 -4.40166 325.556 17.9893 -0.500377 59.9416 3.11315 -13 389 1 0 1
-31.2679 5.35109 325.556 -6.95343 0.784034 63.4998 2.73498 -13 390 1 0 1
96.5681 3.21521 325.556 17.9499 0.305215 49.9872 2.13098 -13 391 1 0 1
-34.8184 -9.31931 325.556 -6.54634 -1.8842 53.7937 2.45335 -13 392 1 0 1
-10.8756 50.2991 325.556 -2.35392 8.12852 60.7858 1.25346 -13 394 1 0 1
-32.7461 58.5728 325.556 -8.84998 12.7407 74.0659 0.151686 -13 395 1 0 1
64.9285 16.5315 325.556 14.4576 2.45723 63.0133 1.85162 -13 396 1 0 1
25.4304 -27.6644 325.556 5.45877 -4.32986 59.9001 3.34067 -13 397 1 0 1
2.54125 -11.5387 325.556 0.45943 -2.33364 66.8278 2.78232 -13 398 1 0 1
-28.5173 -30.1465 325.556 -7.42201 -5.70172 70.9316 3.89305 -13 399 1 0 1
12.0673 25.4663 325.556 2.72535 5.44866 64.712 1.93852 -13 400 1 0 1
27.3661 2.59669 325.556 6.52055 0.663273 71.777 1.60477 -13 401 1 0 1
-14.0944 39.6384 325.556 -2.75067 6.19435 57.9356 1.83495 -13 402 1 0 1
-5.29099 -103.551 325.556 -1.45518 -20.3378 68.931 2.15346 -13 403 1 0 1
16.1445 -35.567 325.556 3.68289 -7.02615 66.2738 3.14944 -13 404 1 0 1
-17.4291 -35.7315 325.556 -3.71477 -6.42954 60.125 1.49522 -13 406 1 0 1
-15.2889 -24.505 325.556 -3.59582 -4.19478 65.8936 3.22507 -13 407 1 0 1
69.4012 39.4365 325.556 14.2837 6.21228 56.8079 3.9701 -13 408 1 0 1
42.9776 -6.68497 325.556 9.70512 -1.19575 63.8837 2.30475 -13 409 1 0 1
-27.4659 -25.9009 325.556 -7.70705 -5.55657 75.7843 -0.801422 -13 410 1 0 1
-15.5507 29.1507 325.556 -2.17581 2.74842 43.2456 3.22908 -13 411 1 0 1
-11.6292 -43.0389 325.556 -2.88133 -8.08969 66.908 3.18779 -13 412 1 0 1
-46.5827 19.7721 325.556 -13.2001 4.09502 77.7837 1.83407 -13 413 1 0 1
-42.0913 1.88989 325.556 -8.63237 0.507284 58.7562 3.09529 -13 414 1 0 1
37.4092 38.8871 325.556 7.71779 6.21897 57.0553 2.50142 -13 415 1 0 1
104.843 23.1524 325.556 11.0126 1.39119 24.7646 9.21385 -13 416 1 0 1
58.479 -90.2138 325.556 9.1896 -9.04103 41.022 2.71499 -13 417 1 0 1
-7.13377 1.47248 325.556 -1.95446 -0.0746544 69.6201 3.34052 -13 418 1 0 1
57.684 9.13516 325.556 12.8397 1.6503 62.8762 2.51816 -13 419 1 0 1
-5.94272 -40.1616 325.556 -1.88881 -8.77033 73.5789 1.36886 -13 421 1 0 1
20.5229 95.3665 325.556 4.58198 17.1538 64.8495 2.39388 -13 422 1 0 1
-70.615 -70.4021 325.556 -11.463 -7.64303 44.6149 2.40363 -13 423 1 0 1
92.2305 63.6904 325.556 16.0324 7.16795 45.9758 3.18628 -13 424 1 0 1
-8.10567 14.519 325.556 -1.80201 2.79316 64.1343 1.91413 -13 425 1 0 1
-12.3462 16.8268 325.556 -3.68431 4.00207 73.9239 0.374759 -13 426 1 0 1
51.4798 -26.9042 325.556 11.3792 -4.27478 62.739 1.48018 -13 427 1 0 1
-23.4881 56.7526 325.556 -5.50127 10.7738 65.2977 2.34747 -13 428 1 0 1
69.8138 -54.5002 325.556 14.3095 -8.58072 56.3365 2.07277 -13 429 1 0 1
-65.4357 61.3119 325.556 -16.2147 11.9729 69.0411 0.192509 -13 430 1 0 1
-0.464769 -21.932 325.556 -0.673669 -4.83332 75.9225 3.65768 -13 431 1 0 1
21.0276 22.953 325.556 4.87088 4.70963 67.8542 3.84354 -13 432 1 0 1
-7.32713 -47.9559 325.556 -2.07509 -9.99897 69.8353 3.24691 -13 433 1 0 1
20.9338 46.86 325.556 4.50691 8.21081 59.4509 2.20507 -13 434 1 0 1
100.06 12.6187 325.556 20.5067 1.77472 56.8205 3.21382 -13 435 1 0 1
8.70127 1.20857 325.556 1.89676 0.353113 67.4614 -0.415773 -13 437 1 0 1
-10.7821 2.78415 325.556 -1.86107 0.484941 55.0174 4.1484 -13 438 1 0 1
-4.46831 -55.2201 325.556 -1.06282 -9.38761 63.2484 0.868501 -13 439 1 0 1
27.5455 30.7219 325.556 6.00141 5.34803 61.2638 2.24827 -13 440 1 0 1
-38.5848 0.59982 325.556 -9.90958 0.0636058 71.1603 3.19327 -13 441 1 0 1
-28.6114 -0.103111 325.556 -6.62872 0.558936 65.3273 1.79801 -13 442 1 0 1
19.2045 17.5474 325.556 4.07753 3.28682 56.7802 3.18138 -13 443 1 0 1
57.8209 0.254435 325.556 13.7812 0.249321 69.236 2.84012 -13 444 1 0 1
34.95 -7.70241 325.556 8.24683 -2.11696 69.1843 1.92736 -13 445 1 0 1
-23.0324 -27.1286 325.556 -5.7262 -4.72713 68.9776 0.309458 -13 446 1 0 1
45.3394 6.5542 325.556 9.33199 1.10497 56.6849 1.69981 -13 447 1 0 1
-9.28057 14.4524 325.556 -2.49507 3.19353 70.6216 -0.170758 -13 448 1 0 1
-2.59316 -2.4885 325.556 -0.327483 -0.560051 52.7606 2.06959 -13 449 1 0 1
13.2126 8.00741 325.556 2.87588 1.37134 81.1543 1.75542 -13 451 1 0 1
1.91856 -13.025 325.556 0.425155 -2.63001 67.4541 2.98162 -13 452 1 0 1
31.1387 -14.7506 325.556 6.80124 -2.30009 59.5746 1.72758 -13 453 1 0 1
-26.7377 15.0654 325.556 -4.58369 1.95308 50.5074 3.68983 -13 454 1 0 1
40.2834 -45.473 325.556 8.14127 -7.13298 54.8698 2.39429 -13 455 1 0 1
63.876 44.3272 325.556 14.3995 8.02967 63.9175 1.33683 -13 456 1 0 1
62.0311 22.0059 325.556 12.7413 3.77161 56.1337 2.95715 -13 457 1 0 1
36.2595 -93.8957 325.556 7.12283 -13.4798 54.2136 1.1533 -13 458 1 0 1
42.0687 27.7944 325.556 10.501 5.35726 74.1548 3.45812 -13 459 1 0 1
-18.4264 7.36841 325.556 -4.37271 1.63927 65.4367 1.77011 -13 460 1 0 1
-35.8676 43.4619 325.556 -8.28759 8.21571 65.3503 2.28971 -13 461 1 0 1
27.2951 14.7905 325.556 6.24745 2.74801 64.7388 1.65591 -13 462 1 0 1
8.94996 -8.18221 325.556 1.9685 -1.51242 69.2178 3.33182 -13 463 1 0 1
41.0924 85.322 325.556 8.83457 14.2272 60.5979 1.92238 -13 464 1 0 1
-30.6821 75.828 325.556 -4.25122 7.27477 38.5906 2.13812 -13 465 1 0 1
28.8478 39.7433 325.556 5.9572 6.33131 56.9573 2.47671 -13 466 1 0 1
61.7772 24.4228 325.556 9.15933 2.52234 37.664 2.8553 -13 467 1 0 1
21.9238 -19.0869 325.556 4.65054 -3.48953 56.4713 1.31758 -13 468 1 0 1
-8.1318 69.8701 325.556 -1.28592 9.31686 50.492 2.82836 -13 469 1 0 1
20.0197 -27.4621 325.556 4.50443 -4.6783 65.1325 1.48193 -13 470 1 0 1
22.9637 44.7758 325.556 4.37908 5.79925 49.4913 3.59565 -13 471 1 0 1
49.3042 -63.158 325.556 8.08663 -6.93127 42.8174 3.90581 -13 472 1 0 1
5.65502 -20.0297 325.556 1.35027 -3.11198 55.5192 1.57186 -13 473 1 0 1
48.4704 -32.6213 325.556 10.6466 -5.53652 61.3386 1.41704 -13 474 1 0 1
11.8106 30.3047 325.556 2.7148 6.46001 72.2798 3.39085 -13 475 1 0 1
-59.0689 55.0642 325.556 -12.6624 9.27757 60.2337 2.07295 -13 476 1 0 1
10.1815 52.6403 325.556 2.39174 9.46163 67.0599 0.63563 -13 477 1 0 1
-11.2607 -21.4684 325.556 -2.51981 -3.55708 62.1646 0.231812 -13 478 1 0 1
26.3789 -5.00035 325.556 4.80327 -0.859692 48.1053 1.83238 -13 479 1 0 1
51.7448 25.3946 325.556 10.2857 3.95543 54.3521 2.54455 -13 480 1 0 1
63.5852 -29.0082 325.556 8.5253 -2.35294 33.2349 3.94855 -13 481 1 0 1
16.9899 -46.3884 325.556 3.13841 -5.93331 45.6871 2.96932 -13 482 1 0 1
-55.8674 44.893 325.556 -13.5227 8.33061 67.8037 2.7083 -13 483 1 0 1
-43.4436 0.49711 325.556 -10.3988 -0.129838 66.8264 0.662635 -13 484 1 0 1
-63.5286 -50.9709 325.556 -12.7391 -8.05981 56.2729 4.04596 -13 485 1 0 1
3.35504 -63.7536 325.556 0.766 -10.5647 58.3909 4.88712 -13 486 1 0 1
43.4337 3.0748 325.556 10.2022 0.265423 68.5663 2.03703 -13 487 1 0 1
-77.9472 -20.5233 325.556 -16.4527 -3.37606 59.1145 1.21898 -13 488 1 0 1
10.3414 43.9113 325.556 1.84401 5.37431 41.9631 4.11361 -13 489 1 0 1
-11.7738 -61.107 325.556 -2.59353 -10.979 62.7055 0.222899 -13 490 1 0 1
16.4831 13.7033 325.556 3.79446 2.15167 69.9696 2.7387 -13 491 1 0 1
18.3249 26.6609 325.556 4.02144 4.98304 61.4389 3.2345 -13 492 1 0 1
-7.94517 -18.6203 325.556 -1.48577 -3.1546 59.5941 3.12078 -13 493 1 0 1
25.082 -23.6799 325.556 3.73945 -2.42615 36.5235 3.21157 -13 494 1 0 1
37.1513 35.0589 325.556 6.1137 3.20884 41.8655 0.0733636 -13 495 1 0 1
23.4477 -55.8707 325.556 4.03525 -6.31696 43.9762 2.95278 -13 496 1 0 1
11.3234 21.4409 325.556 2.49828 3.92639 64.3355 2.26118 -13 497 1 0 1
-25.6285 29.4385 325.556 -6.35894 5.76982 68.7327 1.48075 -13 498 1 0 1
14.9073 17.9793 325.556 2.99189 2.20183 52.2038 1.48626 -13 499 1 0 1
97.654 -15.6283 325.556 17.9558 -2.43496 49.5744 1.27169 -13 500 1 0 1
9.9922 25.0361 325.556 2.02091 5.35183 79.3764 1.44432 -13 501 1 0 1
-54.8602 29.6471 325.556 -12.9163 5.07967 65.9602 0.792828 -13 502 1 0 1
-2.22487 -64.0551 325.556 -0.70047 -11.7522 68.942 0.28928 -13 503 1 0 1
-13.0951 19.4047 325.556 -3.20742 3.79722 66.2392 2.24291 -13 504 1 0 1
92.2116 3.03469 325.556 18.5067 0.443968 54.8867 1.09462 -13 505 1 0 1
-42.6677 -13.5918 325.556 -12.3186 -3.29416 78.3711 3.02218 -13 506 1 0 1
49.8591 70.5827 325.556 8.8614 8.96056 47.9244 2.95199 -13 507 1 0 1
49.0729 -36.2659 325.556 10.9663 -6.03365 62.7436 2.99565 -13 508 1 0 1
39.7691 -33.5709 325.556 9.64881 -6.73754 72.252 1.85524 -13 509 1 0 1
-48.8178 34.0355 325.556 -10.3626 5.54212 60.1163 3.23589 -13 510 1 0 1
-75.1152 1.74366 325.556 -18.6225 0.643411 69.4695 3.942 -13 511 1 0 1
-36.667 -16.2003 325.556 -7.56035 -2.50526 58.1741 1.71843 -13 512 1 0 1
27.2767 14.9778 325.556 5.26036 2.33144 51.408 3.4506 -13 513 1 0 1
-24.6178 -2.36193 325.556 -4.77356 -0.325066 55.0159 -1.27013 -13 514 1 0 1
-62.3418 4.42774 325.556 -14.5092 0.904324 65.0421 0.51501 -13 515 1 0 1
-18.8028 17.6379 325.556 -3.71325 3.2391 56.5841 0.218336 -13 516 1 0 1
-0.3825 -14.0012 325.556 -0.404703 -3.28192 72.6045 0.69102 -13 517 1 0 1
-3.98242 -11.78 325.556 -0.927818 -1.98571 65.5066 2.75587 -13 518 1 0 1
-52.842 8.97539 325.556 -14.9049 1.76853 77.3338 1.67156 -13 519 1 0 1
7.46257 -30.0711 325.556 1.74521 -5.43112 60.671 4.57367 -13 520 1 0 1
-24.7508 -44.1059 325.556 -6.22312 -8.4106 69.7045 0.392073 -13 521 1 0 1
-4.35137 19.5499 325.556 -2.02196 4.40812 80.5873 2.60531 -13 522 1 0 1
-36.5903 23.8917 325.556 -9.09332 4.34176 69.4206 2.73122 -13 523 1 0 1
11.657 -9.41871 325.556 2.63566 -0.812947 61.9953 2.73605 -13 524 1 0 1
24.535 55.2258 325.556 3.93601 5.43251 39.7662 3.5419 -13 525 1 0 1
-45.7247 -0.507667 325.556 -11.7686 0.439055 71.2948 1.87186 -13 526 1 0 1
-24.4239 52.2096 325.556 -5.07377 8.49235 59.1763 3.11668 -13 527 1 0 1
-20.6359 17.9375 325.556 -3.81078 2.59109 54.3436 4.90004 -13 528 1 0 1
50.5498 -59.5052 325.556 12.1302 -12.3337 70.2191 2.6572 -13 529 1 0 1
3.04831 21.2323 325.556 0.652 3.97047 67.1534 1.29259 -13 530 1 0 1
-2.42753 24.8526 325.556 -0.344819 4.22908 59.2712 3.06669 -13 531 1 0 1
-62.4356 44.6269 325.556 -11.5925 6.54866 52.0759 3.94876 -13 532 1 0 1
-32.6502 -81.6932 325.556 -3.70193 -5.4937 29.9041 7.03585 -13 533 1 0 1
29.3125 -1.92625 325.556 6.96319 -0.206191 70.0879 2.81267 -13 534 1 0 1
8.56629 47.4901 325.556 1.81957 10.0611 69.6204 -0.970359 -13 535 1 0 1
31.5403 6.99953 325.556 6.36187 1.41917 55.0372 1.27832 -13 536 1 0 1
46.1509 38.041 325.556 10.2701 6.31397 61.9687 2.12119 -13 538 1 0 1
-220.831 106.507 325.556 -44.3861 14.5699 52.3581 3.36967 -13 539 1 0 1
49.8666 -12.7342 325.556 12.6405 -2.59728 76.3837 3.12675 -13 540 1 0 1
-17.2575 45.795 325.556 -4.57135 9.40758 70.6526 2.78961 -13 541 1 0 1
19.3974 19.5679 325.556 4.46904 3.95798 67.7062 1.89726 -13 542 1 0 1
40.8162 -31.335 325.556 9.5052 -6.2719 66.5202 1.39421 -13 543 1 0 1
24.2545 -12.5023 325.556 5.47896 -2.34548 63.8526 2.38782 -13 544 1 0 1
-28.296 -105.186 325.556 -7.13919 -20.5036 69.31 3.04668 -13 545 1 0 1
14.178 -86.5368 325.556 2.45343 -9.63333 43.9128 3.15332 -13 546 1 0 1
0.254323 72.4542 325.556 0.20198 10.268 52.1601 1.60199 -13 547 1 0 1
24.6181 33.4037 325.556 5.38754 6.19243 61.8066 4.2771 -13 548 1 0 1
25.2907 -15.7838 325.556 5.34072 -2.0918 57.8042 4.67496 -13 549 1 0 1
-89.0144 59.2623 325.556 -20.7731 10.9659 65.0904 -0.534488 -13 550 1 0 1
42.1347 -22.357 325.556 5.91984 -1.48569 35.409 4.38732 -13 551 1 0 1
-54.83 -17.3537 325.556 -11.3541 -2.98071 58.4408 2.32232 -13 553 1 0 1
-50.0272 -12.7195 325.556 -11.5008 -2.5083 64.5084 0.940072 -13 554 1 0 1
36.6073 33.4615 325.556 8.89411 6.98753 73.6946 3.02607 -13 555 1 0 1
-16.2431 43.2252 325.556 -3.18617 6.56216 56.4799 2.64642 -13 556 1 0 1
30.3249 -3.84896 325.556 6.65112 -0.811243 61.4447 4.44603 -13 557 1 0 1
-16.1329 -18.3678 325.556 -3.50715 -3.41888 61.9234 -0.601655 -13 558 1 0 1
-67.143 26.0846 325.556 -10.9165 3.1033 44.6745 1.16048 -13 560 1 0 1
-60.76 17.5239 325.556 -14.7535 2.98015 67.8683 2.98505 -13 562 1 0 1
27.0732 -16.6282 325.556 6.36627 -3.66743 70.5022 1.49271 -13 564 1 0 1
-42.8047 47.5604 325.556 -8.33893 7.39343 55.1744 3.45848 -13 565 1 0 1
-65.7091 -14.4047 325.556 -16.8818 -3.04688 71.5411 2.56018 -13 566 1 0 1
-29.6481 -18.281 325.556 -5.48375 -2.42597 53.2059 2.44263 -13 567 1 0 1
-29.0498 40.6364 325.556 -7.41717 8.30775 70.8181 2.00806 -13 568 1 0 1
5.45385 -26.659 325.556 1.19137 -4.64312 61.7793 3.80099 -13 569 1 0 1
6.58688 -27.7331 325.556 1.49002 -3.65959 52.505 -0.139258 -13 570 1 0 1
21.1532 68.8875 325.556 2.30769 3.77689 24.8166 4.28471 -13 571 1 0 1
0.306366 -28.8816 325.556 -0.369843 -6.56458 75.4823 1.60424 -13 572 1 0 1
-35.6152 -17.0489 325.556 -8.66617 -3.82946 68.3519 3.81043 -13 573 1 0 1
-39.5811 95.768 325.556 -8.23613 15.5415 58.5619 1.1614 -13 574 1 0 1
7.7197 -11.4987 325.556 1.65521 -2.26129 69.6939 2.02277 -13 575 1 0 1
-7.16749 2.85981 325.556 -1.87503 -0.120622 68.6959 0.963384 -13 576 1 0 1
13.4399 -14.7684 325.556 2.99296 -2.04405 65.7474 -0.0582215 -13 577 1 0 1
-36.3892 55.5332 325.556 -9.46569 11.3242 71.8635 3.75916 -13 578 1 0 1
47.5247 -63.8952 325.556 10.4333 -10.8381 61.3758 1.7837 -13 579 1 0 1
-64.0223 39.2695 325.556 -14.9186 7.53907 65.197 3.41434 -13 580 1 0 1
49.936 8.72674 325.556 10.9976 1.203 61.8632 2.07523 -13 581 1 0 1
82.4219 14.7204 325.556 14.5531 2.15943 47.2269 2.45482 -13 582 1 0 1
18.3465 -3.24012 325.556 4.29219 -0.861348 71.2888 1.37069 -13 583 1 0 1
34.9558 20.2536 325.556 7.8172 3.17378 64.2747 1.19081 -13 584 1 0 1
-9.01013 -29.6705 325.556 -2.20882 -5.73569 65.2324 -0.122227 -13 585 1 0 1
11.5497 -49.4607 325.556 2.56167 -10.1931 71.4101 4.00312 -13 586 1 0 1
-45.5499 65.7825 325.556 -11.9631 13.895 72.5549 2.17738 -13 587 1 0 1
32.7095 4.23762 325.556 7.5584 1.12963 66.6209 -0.223173 -13 588 1 0 1
-1.97901 14.3976 325.556 -0.729076 2.65132 70.5216 0.581667 -13 589 1 0 1
-55.8247 -55.4612 325.556 -14.5807 -11.8494 72.8141 0.943304 -13 590 1 0 1
-41.4932 0.64388 325.556 -11.7462 0.513 77.3357 4.30836 -13 591 1 0 1
-12.7926 -4.61462 325.556 -3.36716 -1.12706 71.4001 -0.800513 -13 592 1 0 1
15.5445 10.577 325.556 3.57166 1.27915 64.2552 3.89227 -13 593 1 0 1
-50.8426 -0.318936 325.556 -11.425 -0.340026 62.7464 2.22777 -13 594 1 0 1
18.073 -9.85002 325.556 4.02315 -1.38634 63.8157 2.54612 -13 595 1 0 1
-74.5301 -9.33737 325.556 -20.8198 -2.12759 77.0516 1.66753 -13 597 1 0 1
-4.73693 -41.3609 325.556 -2.18215 -9.72734 80.9067 -0.0300006 -13 598 1 0 1
-24.1813 -3.56141 325.556 -3.86031 -0.434188 46.7275 0.929469 -13 599 1 0 1
3.9458 -51.1427 325.556 0.959336 -6.98755 50.9856 2.90064 -13 600 1 0 1
23.0004 0.148137 325.556 4.88882 -0.0401073 59.4765 3.25816 -13 601 1 0 1
8.70287 -30.2267 325.556 2.0014 -5.35919 64.5332 2.59473 -13 602 1 0 1
-81.2961 -16.3055 325.556 -19.0708 -2.9233 65.6307 0.681217 -13 603 1 0 1
57.7565 -18.3833 325.556 10.3219 -2.50166 47.021 2.6525 -13 604 1 0 1
-12.1329 -105.575 325.556 -2.4566 -16.4673 58.6347 2.21172 -13 605 1 0 1
39.2604 -8.34589 325.556 9.00445 -1.55462 66.6338 4.54422 -13 606 1 0 1
38.5635 58.6308 325.556 9.52376 13.1227 75.7372 1.02803 -13 607 1 0 1
-68.1096 20.5405 325.556 -17.3799 4.83771 71.2611 2.00311 -13 609 1 0 1
-30.1839 29.6675 325.556 -7.27843 6.4102 67.3642 0.245527 -13 610 1 0 1
-13.7124 -1.20859 325.556 -2.4801 -0.532947 54.1342 3.15816 -13 611 1 0 1
69.592 20.5833 325.556 14.0008 3.48509 55.6097 -0.0331253 -13 612 1 0 1
77.3779 -43.4957 325.556 11.3737 -4.07433 37.8807 4.36014 -13 613 1 0 1
9.71565 -28.9092 325.556 2.24217 -5.57567 64.6069 1.67559 -13 614 1 0 1
-45.9727 -15.0203 325.556 -11.9775 -3.6828 72.8356 2.64419 -13 615 1 0 1
13.0086 25.8644 325.556 2.92107 6.06301 78.2067 1.5323 -13 616 1 0 1
8.49251 -37.2372 325.556 1.86692 -6.37014 63.9405 1.30575 -13 617 1 0 1
-15.5039 106.726 325.556 -3.15178 16.7281 57.6217 1.176 -13 618 1 0 1
70.675 67.3531 325.556 13.0761 9.20945 50.0772 3.13664 -13 619 1 0 1
-28.0105 13.2141 325.556 -8.16391 2.84461 77.5686 -0.451264 -13 620 1 0 1
13.2053 -18.3826 325.556 2.90369 -2.48404 60.053 2.77255 -13 621 1 0 1
55.8919 -113.856 325.556 11.3289 -16.6096 56.1515 2.61896 -13 622 1 0 1
1.24767 4.40103 325.556 0.377194 1.24043 60.8333 1.77701 -13 623 1 0 1
30.5536 15.8707 325.556 7.0312 2.59093 65.0458 1.68236 -13 624 1 0 1
-37.9383 53.133 325.556 -7.55927 7.70157 56.5262 1.35918 -13 625 1 0 1
21.0397 9.58837 325.556 4.88437 1.59186 70.8089 4.32205 -13 626 1 0 1
-56.0006 41.8286 325.556 -15.1703 9.66473 75.0489 2.39035 -13 627 1 0 1
37.2907 -27.5094 325.556 9.14973 -5.43251 72.2166 1.99403 -13 628 1 0 1
-7.85823 66.585 325.556 -1.7676 12.2955 65.314 2.18718 -13 629 1 0 1
-58.506 42.8314 325.556 -12.9242 7.63044 62.0195 2.72338 -13 630 1 0 1
10.0379 11.3806 325.556 2.33252 1.9613 59.1811 1.46748 -13 631 1 0 1
-9.24969 -35.5386 325.556 -2.29346 -6.54258 66.9096 0.44093 -13 632 1 0 1
137.349 34.8965 325.556 26.466 4.73448 51.7578 1.53988 -13 633 1 0 1
-69.1545 107.185 325.556 -14.2113 16.6458 57.504 2.10272 -13 634 1 0 1
84.6445 -1.34594 325.556 15.8332 0.0160971 50.5645 2.58488 -13 635 1 0 1
-48.2699 41.0223 325.556 -12.4832 8.82302 71.8957 -0.241583 -13 636 1 0 1
31.7702 -3.14415 325.556 7.61268 -0.874281 72.0942 1.94376 -13 637 1 0 1
-14.8249 -63.2838 325.556 -1.48882 -4.01912 28.4042 4.02144 -13 638 1 0 1
27.6234 -41.9493 325.556 6.27935 -7.67385 65.9064 0.0132375 -13 639 1 0 1
43.7762 29.0705 325.556 6.62192 2.84092 38.9947 0.807116 -13 640 1 0 1
62.0432 -47.6708 325.556 13.4728 -8.1832 61.0536 0.770592 -13 641 1 0 1
20.2028 -36.9187 325.556 4.34845 -5.53332 57.7703 2.12981 -13 642 1 0 1
-7.1219 -72.694 325.556 -2.02323 -14.3356 70.2693 1.52282 -13 643 1 0 1
-31.9008 -57.1361 325.556 -5.64459 -7.76833 50.0137 4.67341 -13 644 1 0 1
24.2409 -43.4748 325.556 5.06838 -6.61212 56.9579 3.19382 -13 645 1 0 1
-51.1032 13.6121 325.556 -13.1613 2.6604 71.3157 3.21466 -13 646 1 0 1
-82.4011 -7.96235 325.556 -22.3796 -1.42556 75.3602 0.309606 -13 647 1 0 1
31.594 5.43336 325.556 7.45436 1.18439 68.0975 1.79798 -13 649 1 0 1
-13.0552 -22.6997 325.556 -3.77087 -4.40356 73.6475 2.77062 -13 650 1 0 1
7.49622 11.5983 325.556 1.59376 2.12937 68.1942 2.39493 -13 651 1 0 1
-17.0379 -24.9703 325.556 -4.07778 -4.73981 65.8799 2.94744 -13 652 1 0 1
2.62296 -22.9131 325.556 0.420198 -4.09761 68.4899 2.51843 -13 653 1 0 1
51.2227 -16.0851 325.556 8.13838 -1.61108 40.2267 2.44445 -13 654 1 0 1
-34.4444 -50.0478 325.556 -4.36983 -4.37629 34.4992 3.45736 -13 655 1 0 1
-60.5171 60.9135 325.556 -13.6163 10.9601 62.8626 1.91305 -13 656 1 0 1
-14.7793 -3.09281 325.556 -3.22718 -0.042479 61.4559 2.64225 -13 657 1 0 1
-19.3153 -32.6276 325.556 -4.92636 -5.805 68.9736 4.10298 -13 659 1 0 1
-1.26959 -21.4665 325.556 -0.449888 -3.89679 67.168 0.402483 -13 660 1 0 1
-25.4412 -23.9028 325.556 -7.34566 -5.83538 76.2986 3.38621 -13 661 1 0 1
-33.2853 19.1685 325.556 -6.77073 3.03259 57.7196 1.85742 -13 662 1 0 1
40.0319 19.2933 325.556 8.33122 3.26246 57.3114 2.57943 -13 663 1 0 1
-24.7244 -36.5859 325.556 -6.4197 -7.05889 70.2638 3.58688 -13 664 1 0 1
-21.4341 -20.0373 325.556 -6.23153 -4.60255 76.731 2.04747 -13 665 1 0 1
-55.4186 3.22176 325.556 -11.9051 0.743074 60.6807 3.02512 -13 666 1 0 1
-0.173074 7.34872 325.556 -0.00506095 1.34436 60.488 -0.105582 -13 667 1 0 1
-16.8887 -44.1726 325.556 -2.10445 -3.95675 35.315 3.93723 -13 668 1 0 1
7.4982 -59.2938 325.556 1.72393 -11.1096 67.4868 3.29199 -13 669 1 0 1
13.3331 -40.0425 325.556 3.04792 -8.03477 72.4621 1.84111 -13 670 1 0 1
61.6798 -54.3855 325.556 13.5635 -9.19924 61.7941 2.51496 -13 671 1 0 1
53.5715 44.4193 325.556 10.7403 6.64729 55.8881 3.74282 -13 672 1 0 1
1.34062 102.397 325.556 0.348232 16.0386 58.8512 2.47479 -13 673 1 0 1
62.9744 22.0966 325.556 13.6441 3.78489 61.5261 2.88253 -13 674 1 0 1
-13.6558 -65.0972 325.556 -2.99274 -11.4017 62.4928 5.19177 -13 675 1 0 1
84.8028 32.27 325.556 15.1016 4.34379 47.8149 2.2876 -13 676 1 0 1
65.8479 -9.43279 325.556 14.9725 -1.89217 65.3494 2.94988 -13 677 1 0 1
1.33913 45.524 325.556 0.0525155 10.0434 71.6995 3.3783 -13 678 1 0 1
-45.1872 60.741 325.556 -10.7405 11.3319 66.4692 1.94614 -13 679 1 0 1
-27.81 12.0939 325.556 -5.36742 1.60252 55.8696 1.2894 -13 680 1 0 1
-11.2991 -26.2213 325.556 -3.21829 -6.27924 73.2762 -1.43394 -13 681 1 0 1
-2.565 -94.5836 325.556 -0.107683 -8.01496 33.3603 3.44499 -13 682 1 0 1
108.962 52.1006 325.556 23.0913 9.06414 58.9836 4.15503 -13 683 1 0 1
-6.16557 -28.3245 325.556 -1.31696 -4.70212 61.5259 1.82191 -13 684 1 0 1
114.712 -43.0554 325.556 26.292 -8.20031 64.9388 0.306099 -13 685 1 0 1
27.0487 45.8608 325.556 6.38729 9.01029 69.5719 2.28905 -13 686 1 0 1
43.0535 3.17148 325.556 8.45046 0.734076 53.1343 3.94857 -13 687 1 0 1
-11.8909 18.6107 325.556 -2.88406 3.10096 66.6064 1.89427 -13 688 1 0 1
50.7363 -59.2667 325.556 10.8879 -9.99417 59.7531 3.09474 -13 690 1 0 1
11.6373 -3.09331 325.556 2.54239 -0.962586 64.8491 0.00752169 -13 691 1 0 1
-20.9702 -5.35954 325.556 -4.64472 -1.46014 62.2402 1.07294 -13 692 1 0 1
37.8099 0.915484 325.556 7.07376 -0.672207 50.5514 4.19234 -13 693 1 0 1
2.60136 -35.0967 325.556 0.50018 -5.87596 65.0653 4.3323 -13 694 1 0 1
7.9653 37.9966 325.556 1.80839 6.87025 64.72 2.32681 -13 696 1 0 1
-23.3021 31.3648 325.556 -6.12753 6.48996 70.592 2.39508 -13 697 1 0 1
90.5142 -39.2236 325.556 14.8274 -4.09975 42.7185 2.00069 -13 699 1 0 1
0.716821 -17.4233 325.556 -0.16869 -3.57188 73.2671 3.21082 -13 700 1 0 1
19.3776 42.6482 325.556 4.56261 8.79793 70.0115 3.21772 -13 701 1 0 1
40.2475 6.47948 325.556 6.78612 0.820444 44.2503 3.96549 -13 702 1 0 1
-47.2346 20.3054 325.556 -13.627 4.30724 78.7488 -0.477803 -13 703 1 0 1
53.624 58.4396 325.556 11.0171 9.30604 56.3692 1.72844 -13 704 1 0 1
13.7454 19.4129 325.556 2.85953 2.64849 53.796 3.68069 -13 705 1 0 1
-10.9653 21.1434 325.556 -1.9219 3.18966 54.6222 0.639756 -13 706 1 0 1
-8.36727 18.8771 325.556 -2.42657 4.56843 72.2786 5.155 -13 707 1 0 1
-62.8085 -17.0796 325.556 -12.9692 -2.71618 58.0227 2.65291 -13 708 1 0 1
-4.67079 -32.0159 325.556 -1.10271 -6.16735 65.717 2.04307 -13 709 1 0 1
17.4331 -19.9432 325.556 3.15451 -2.66515 44.529 1.668 -13 710 1 0 1
34.9153 0.812302 325.556 6.58304 -0.239142 50.6766 2.0469 -13 711 1 0 1
0.869541 -32.5137 325.556 -0.0098303 -6.2215 69.2566 3.28115 -13 712 1 0 1
-24.1866 -39.6988 325.556 -7.53998 -9.44323 80.272 1.73381 -13 713 1 0 1
12.4213 -4.14948 325.556 2.46271 -0.902368 49.8605 4.05845 -13 714 1 0 1
-20.4712 30.4005 325.556 -5.38283 6.37697 71.0913 0.786833 -13 715 1 0 1
62.9965 43.1317 325.556 11.7027 5.66511 49.6903 3.63936 -13 716 1 0 1
-5.85584 -17.9905 325.556 -0.903822 -2.67444 52.8787 4.08782 -13 717 1 0 1
-31.4013 -1.28451 325.556 -8.21593 -0.56385 71.9169 2.78718 -13 718 1 0 1
13.5236 16.2452 325.556 3.11026 3.65814 71.9238 1.74608 -13 719 1 0 1
-1.33157 55.9361 325.556 -0.368626 10.2504 65.7297 4.05619 -13 720 1 0 1
30.2026 -48.7151 325.556 7.19378 -9.70149 71.2484 1.7794 -13 721 1 0 1
48.5852 -47.2455 325.556 9.78642 -7.22239 55.1936 0.702125 -13 722 1 0 1
2.29637 -21.595 325.556 0.497845 -3.30719 61.8062 0.840838 -13 723 1 0 1
-0.548352 46.1802 325.556 -0.479687 9.18065 72.4448 3.84771 -13 724 1 0 1
-23.8713 49.7803 325.556 -4.62329 7.23098 55.3984 1.95141 -13 725 1 0 1
92.6076 -59.0881 325.556 17.7845 -8.33364 52.1331 1.3575 -13 726 1 0 1
46.6805 15.5451 325.556 7.86013 1.86941 44.4331 4.57592 -13 727 1 0 1
45.5797 121.58 325.556 7.23307 12.7806 41.7097 2.54457 -13 728 1 0 1
13.1914 -23.4556 325.556 2.91834 -4.9349 76.3085 -0.0459576 -13 729 1 0 1
-14.7299 -56.2254 325.556 -1.71542 -4.76289 36.2991 2.95914 -13 730 1 0 1
-19.6827 -17.1025 325.556 -5.0854 -3.16584 70.4317 0.630069 -13 731 1 0 1
-23.344 36.034 325.556 -5.73631 6.62047 68.6573 3.91711 -13 732 1 0 1
-29.4368 -7.23943 325.556 -4.74062 -1.26288 46.4388 2.12534 -13 733 1 0 1
16.4357 -7.44214 325.556 3.8783 -2.73469 71.4673 4.10051 -13 734 1 0 1
135.182 35.546 325.556 21.865 3.62812 42.1884 1.55065 -13 735 1 0 1
30.8283 33.4456 325.556 5.53309 4.151 47.196 2.31096 -13 736 1 0 1
-16.3089 39.6538 325.556 -3.5571 6.75127 62.9712 4.08791 -13 737 1 0 1
-3.27614 -2.56368 325.556 -0.640476 -0.132821 57.7426 3.67918 -13 738 1 0 1
30.8018 -7.01097 325.556 6.55691 -0.803118 59.1696 0.962664 -13 739 1 0 1
-36.6501 5.0719 325.556 -9.66211 0.970238 72.6333 2.60993 -13 740 1 0 1
154.525 0.798079 325.556 13.792 0.109234 19.3259 6.92605 -13 741 1 0 1
-69.3952 11.9172 325.556 -10.6903 1.47289 42.236 0.520219 -13 742 1 0 1
-17.231 22.4347 325.556 -4.56007 4.82727 71.9619 3.17172 -13 743 1 0 1
-20.7562 30.2804 325.556 -3.99315 4.28262 55.7298 2.4703 -13 744 1 0 1
48.5007 44.7258 325.556 11.7166 8.87954 71.7524 3.809 -13 745 1 0 1
-15.551 -27.6125 325.556 -3.9102 -5.29952 68.351 0.0880345 -13 746 1 0 1
5.48701 -12.1957 325.556 1.17476 -2.27497 68.0674 2.08674 -13 747 1 0 1
-33.9238 10.8248 325.556 -5.78167 1.57334 48.8762 0.627263 -13 748 1 0 1
18.6772 -29.8826 325.556 4.35002 -6.21576 73.0496 2.9503 -13 749 1 0 1
-0.140631 19.36 325.556 -0.0135098 2.48561 64.0812 2.69812 -13 750 1 0 1
-15.5292 49.8916 325.556 -2.7745 7.2749 52.7633 2.32342 -13 751 1 0 1
-12.1293 60.0118 325.556 -2.95116 11.6208 67.0576 1.4573 -13 752 1 0 1
-9.42485 5.77396 325.556 -2.10425 0.629355 64.3751 0.944615 -13 753 1 0 1
-44.135 -4.66411 325.556 -10.9416 -0.680682 69.5697 2.19427 -13 754 1 0 1
-0.203221 -12.1698 325.556 -0.540649 -2.79814 75.7924 0.347141 -13 755 1 0 1
32.7502 40.6783 325.556 7.63617 8.23462 67.993 0.877827 -13 756 1 0 1
84.6306 -28.6875 325.556 16.0755 -3.78504 51.3203 1.22823 -13 757 1 0 1
17.5309 -29.7211 325.556 3.81828 -5.08864 56.62 2.53316 -13 758 1 0 1
33.6727 -80.4349 325.556 7.30092 -13.7912 61.7618 3.21825 -13 759 1 0 1
24.6428 -16.5353 325.556 5.03885 -2.55794 54.9163 2.42485 -13 760 1 0 1
14.8429 -32.0478 325.556 3.17686 -4.99478 59.548 2.78907 -13 761 1 0 1
-65.6179 27.5388 325.556 -8.6241 2.61991 34.7923 2.27942 -13 762 1 0 1
67.3364 31.372 325.556 14.2788 5.58644 59.4734 3.37072 -13 763 1 0 1
20.9649 12.8782 325.556 4.92194 2.6747 70.5579 -0.731577 -13 764 1 0 1
-9.32414 -28.0639 325.556 -2.05 -5.22193 64.9841 1.41693 -13 765 1 0 1
70.1773 82.1714 325.556 8.2828 5.33268 28.7704 2.71373 -13 766 1 0 1
18.6918 -14.9175 325.556 4.01047 -2.57392 58.967 1.66281 -13 767 1 0 1
43.014 -93.3147 325.556 9.86967 -16.9751 65.9091 2.60827 -13 768 1 0 1
35.2013 -4.15983 325.556 5.5575 -0.740392 39.9287 2.99278 -13 769 1 0 1
-37.3656 -30.4655 325.556 -9.39343 -7.03815 70.3842 0.822894 -13 770 1 0 1
27.7587 -93.5983 325.556 4.30601 -9.07211 38.7263 2.3313 -13 771 1 0 1
40.8284 5.95127 325.556 8.35556 0.734059 55.5724 2.02409 -13 772 1 0 1
33.6663 2.32393 325.556 8.35067 0.626501 76.5916 2.27682 -13 773 1 0 1
-33.6736 -10.4434 325.556 -6.85061 -1.40108 58.2073 3.07208 -13 774 1 0 1
83.3463 -23.427 325.556 17.7396 -4.10131 59.19 2.03077 -13 775 1 0 1
-15.0238 32.152 325.556 -2.80804 4.89957 55.3593 4.7373 -13 776 1 0 1
-33.8646 -32.6515 325.556 -8.16305 -6.37751 67.2614 1.89431 -13 777 1 0 1
-0.280413 54.6392 325.556 0.17084 7.03265 46.3362 5.14206 -13 778 1 0 1
-66.9066 -15.9393 325.556 -15.8739 -2.92033 66.5659 3.6276 -13 779 1 0 1
31.8918 -0.989257 325.556 7.57734 -0.108034 67.5167 1.00733 -13 780 1 0 1
-19.1495 9.5777 325.556 -4.52169 1.48916 66.1337 1.82922 -13 781 1 0 1
-30.6813 -30.3021 325.556 -6.89064 -5.2805 63.0537 2.51968 -13 782 1 0 1
56.0504 -21.5571 325.556 11.784 -3.2796 58.319 3.10718 -13 783 1 0 1
-65.3898 -89.0198 325.556 -14.7092 -15.8388 63.2628 1.16876 -13 784 1 0 1
-64.793 -22.8284 325.556 -17.7774 -5.76749 76.0183 1.58046 -13 785 1 0 1
82.1018 14.5455 325.556 14.203 1.55044 46.0291 1.51414 -13 787 1 0 1
-68.153 -0.235233 325.556 -14.6517 -0.231873 60.2881 1.14308 -13 788 1 0 1
44.5578 -9.43556 325.556 10.7413 -2.42041 70.5025 2.2959 -13 789 1 0 1
13.5685 -23.6299 325.556 2.89116 -4.41672 60.331 4.08027 -13 790 1 0 1
28.4391 -58.6353 325.556 6.6401 -11.442 67.6525 0.505401 -13 791 1 0 1
-20.2187 -5.3091 325.556 -4.804 -0.930596 66.8851 4.1158 -13 792 1 0 1
36.0553 -8.18852 325.556 7.03989 -1.46375 52.9882 4.06265 -13 793 1 0 1
19.1421 -41.9301 325.556 4.50499 -7.85924 69.2952 2.17237 -13 794 1 0 1
-43.3917 -50.9573 325.556 -8.65346 -7.8641 55.9779 -0.207372 -13 795 1 0 1
-39.5875 6.79665 325.556 -8.07966 1.03705 58.4657 2.01465 -13 796 1 0 1
7.20355 -8.93722 325.556 1.52863 -1.55867 48.344 1.62233 -13 797 1 0 1
-7.19508 70.5583 325.556 -2.34067 14.895 74.3047 3.81423 -13 798 1 0 1
0.304049 22.2458 325.556 0.0503356 3.75913 63.6403 2.9029 -13 799 1 0 1
-58.1056 31.2827 325.556 -12.1297 5.39914 58.7271 3.31127 -13 800 1 0 1
45.6535 7.81304 325.556 10.911 0.85154 68.5793 4.12302 -13 801 1 0 1
-8.78431 -36.2067 325.556 -2.14283 -7.03947 66.4555 0.655851 -13 802 1 0 1
7.83172 14.6238 325.556 1.52872 3.86731 75.8959 0.0853511 -13 803 1 0 1
95.1266 6.24925 325.556 17.1085 0.905055 48.2867 1.94727 -13 804 1 0 1
7.94355 -3.1854 325.556 0.93433 -0.13141 23.8021 4.2226 -13 805 1 0 1
19.7947 -10.3612 325.556 4.13623 -1.71401 56.583 3.15936 -13 806 1 0 1
-32.3741 -43.7062 325.556 -7.56816 -7.79756 66.214 2.33838 -13 807 1 0 1
-107.441 27.5183 325.556 -12.0687 1.78166 28.0437 5.26951 -13 808 1 0 1
-44.6184 2.89229 325.556 -10.2035 0.484842 64.5534 1.41896 -13 809 1 0 1
-30.7402 -14.2467 325.556 -8.70016 -3.39919 76.607 1.08919 -13 810 1 0 1
6.95633 12.4757 325.556 1.57348 2.75129 70.6501 1.64075 -13 811 1 0 1
-44.9959 -26.9667 325.556 -6.38309 -2.45552 39.1034 4.88198 -13 812 1 0 1
42.4092 51.1835 325.556 8.66203 8.11158 56.286 2.9497 -13 813 1 0 1
-0.605791 6.64407 325.556 -0.080856 1.56526 62.6934 2.72257 -13 814 1 0 1
43.3949 34.8678 325.556 8.74646 5.3146 55.0896 0.158829 -13 815 1 0 1
-0.638389 -13.0751 325.556 -0.786115 -2.84286 77.0797 3.24154 -13 816 1 0 1
23.0884 -3.2156 325.556 3.77939 -0.294434 39.6581 1.20417 -13 817 1 0 1
33.2211 -53.5541 325.556 6.17222 -7.19962 48.9504 2.32605 -13 820 1 0 1
-12.9582 -10.133 325.556 -2.26817 -1.07697 52.8318 0.53321 -13 821 1 0 1
-49.3246 11.9984 325.556 -14.7748 2.09115 80.1157 2.34348 -13 822 1 0 1
35.118 -7.86759 325.556 7.34855 -1.49401 56.9262 2.06303 -13 823 1 0 1
-24.5621 -25.1998 325.556 -5.37544 -4.32336 61.2108 2.31805 -13 825 1 0 1
9.10372 34.2641 325.556 1.99185 6.80911 66.9158 0.525221 -13 826 1 0 1
13.2633 -58.1069 325.556 2.96291 -10.3384 62.6324 4.68036 -13 827 1 0 1
14.129 -2.54305 325.556 3.28639 -0.823564 64.9857 -0.50715 -13 828 1 0 1
69.6634 -103.104 325.556 12.3463 -13.0261 48.1348 3.29272 -13 829 1 0 1
12.0004 -43.8269 325.556 2.68711 -7.96198 64.5457 1.80497 -13 830 1 0 1
19.3071 -14.9342 325.556 4.36487 -3.03269 65.8031 3.91906 -13 831 1 0 1
0.544033 -38.1819 325.556 0.284235 -5.91683 55.9442 2.54349 -13 832 1 0 1
-8.71498 -17.0975 325.556 -1.92875 -2.9953 62.0604 2.38844 -13 833 1 0 1
-8.49971 -39.9328 325.556 -1.73672 -6.38715 60.7197 1.82362 -13 834 1 0 1
-28.3093 -56.9643 325.556 -8.30405 -12.7253 77.3196 0.810709 -13 835 1 0 1
34.1616 57.2427 325.556 7.69582 10.5955 65.4967 1.83954 -13 836 1 0 1
60.4571 -58.1878 325.556 13.8301 -9.9931 65.4949 2.9926 -13 837 1 0 1
23.9814 14.3632 325.556 5.68999 2.38185 71.6718 0.500528 -13 838 1 0 1
6.01367 -35.8294 325.556 1.40121 -5.0885 55.6892 1.77851 -13 839 1 0 1
-42.2699 28.0414 325.556 -8.97127 4.5011 59.8509 4.50162 -13 840 1 0 1
-14.7415 34.0958 325.556 -2.95742 5.15545 58.751 0.275485 -13 841 1 0 1
-23.1367 -8.89918 325.556 -6.2639 -1.67212 73.3806 0.825736 -13 842 1 0 1
-25.1916 -57.7507 325.556 -6.93362 -12.73 73.5991 2.29716 -13 843 1 0 1
-34.2711 56.5379 325.556 -7.03935 9.04453 58.5148 3.00934 -13 844 1 0 1
29.3846 -1.00212 325.556 6.3542 0.094617 60.1186 3.04457 -13 845 1 0 1
75.2715 -64.9436 325.556 10.6718 -5.61699 36.4602 3.55465 -13 846 1 0 1
46.971 -33.4562 325.556 9.79693 -4.5242 57.6702 0.963788 -13 847 1 0 1
-31.8663 -9.05787 325.556 -6.197 -1.71054 55.3474 1.38782 -13 848 1 0 1
-53.509 -15.3836 325.556 -10.1336 -2.02012 53.1419 0.26157 -13 849 1 0 1
57.594 -54.4678 325.556 13.4254 -10.1569 67.2784 1.04176 -13 850 1 0 1
-20.664 26.5767 325.556 -4.2921 4.12272 59.7927 1.59804 -13 851 1 0 1
31.3167 -6.18875 325.556 7.61499 -1.21292 75.5346 2.27504 -13 852 1 0 1
2.8974 20.9192 325.556 0.680541 3.60652 62.1409 3.10135 -13 853 1 0 1
-16.267 -10.4566 325.556 -4.27388 -2.61082 69.4623 1.04516 -13 854 1 0 1
-24.6282 46.7325 325.556 -5.35473 8.00246 61.8928 2.15125 -13 855 1 0 1
-61.9545 -20.9086 325.556 -12.7218 -3.94798 57.439 2.46586 -13 856 1 0 1
10.9 -3.63581 325.556 2.50872 -0.0040778 66.051 1.05962 -13 857 1 0 1
-104.346 18.8731 325.556 -23.3032 3.13863 61.9945 -0.367949 -13 858 1 0 1
7.16485 -5.13469 325.556 1.67047 -0.564738 55.4295 3.78118 -13 859 1 0 1
-19.3339 16.7908 325.556 -4.71777 3.2448 67.837 3.22094 -13 860 1 0 1
-12.4359 -25.9059 325.556 -3.82907 -5.79665 77.0677 -0.0705516 -13 861 1 0 1
-2.20142 26.0666 325.556 -0.514308 4.86071 63.9793 1.89592 -13 862 1 0 1
-76.19 -39.1888 325.556 -15.8192 -6.038 57.8716 2.33318 -13 863 1 0 1
-8.5704 6.26432 325.556 -1.84145 1.23534 62.6825 1.39526 -13 864 1 0 1
-16.876 -20.4417 325.556 -3.19688 -2.73165 55.3928 3.97992 -13 865 1 0 1
22.9295 66.4443 325.556 4.72865 10.5389 56.411 2.12881 -13 866 1 0 1
14.1442 16.0842 325.556 3.23057 3.12146 74.8735 1.12914 -13 867 1 0 1
-28.3344 2.89464 325.556 -8.39779 0.307253 78.3286 0.101411 -13 868 1 0 1
-117.599 -66.6279 325.556 -23.4309 -9.85943 54.7416 1.56159 -13 869 1 0 1
3.71304 -28.261 325.556 0.829587 -4.93091 60.1168 2.82367 -13 870 1 0 1
12.5216 -78.2443 325.556 2.77955 -14.359 65.5275 0.782739 -13 871 1 0 1
-21.3302 -11.2415 325.556 -5.18477 -1.89843 67.5811 0.778778 -13 872 1 0 1
21.0268 -7.03646 325.556 4.99969 -1.76043 71.7589 0.75289 -13 873 1 0 1
-20.2353 36.8391 325.556 -4.89061 6.96828 66.8665 4.50531 -13 874 1 0 1
-27.6661 -27.5799 325.556 -6.14934 -4.95241 62.7974 2.21801 -13 875 1 0 1
17.701 32.0788 325.556 4.13403 6.62686 74.9894 1.78099 -13 876 1 0 1
18.8477 54.8217 325.556 4.44353 11.2808 68.634 -0.10982 -13 877 1 0 1
-2.0642 49.2738 325.556 -0.910639 10.6293 72.9965 -1.88979 -13 878 1 0 1
-37.3566 18.7631 325.556 -6.66179 2.43937 51.3111 3.47235 -13 879 1 0 1
29.4357 -31.7515 325.556 6.94346 -6.18893 68.3118 2.70368 -13 880 1 0 1
19.1803 -31.6101 325.556 4.0285 -4.91109 56.8898 3.97088 -13 881 1 0 1
53.6652 79.3134 325.556 13.2345 16.2798 73.1641 1.26901 -13 882 1 0 1
63.8287 79.6223 325.556 14.0168 14.0316 62.6935 1.676 -13 883 1 0 1
100.744 29.5014 325.556 14.0459 2.70582 35.0559 2.94252 -13 885 1 0 1
10.7514 -17.5959 325.556 2.22865 -4.82874 79.7377 4.03787 -13 886 1 0 1
-56.4559 41.7635 325.556 -14.0449 8.01454 69.4061 2.37386 -13 887 1 0 1
5.81066 19.8593 325.556 1.37491 2.64388 55.4975 2.2113 -13 888 1 0 1
-7.88988 -18.9014 325.556 -1.48548 -2.87335 57.4886 1.48619 -13 889 1 0 1
35.3317 -65.9383 325.556 8.21923 -12.5634 67.6747 0.750678 -13 890 1 0 1
29.2158 -6.51286 325.556 4.1459 -0.478437 34.9792 2.026 -13 891 1 0 1
-37.0344 -28.7009 325.556 -9.44427 -5.17049 70.9299 2.25727 -13 892 1 0 1
-56.3352 9.72016 325.556 -11.5612 1.83565 58.1616 0.419966 -13 893 1 0 1
32.9305 -16.7309 325.556 8.20139 -3.43769 75.964 1.70634 -13 894 1 0 1
-76.1016 74.4019 325.556 -19.2664 15.7714 70.2035 3.37363 -13 895 1 0 1
-32.8456 65.9812 325.556 -8.03866 12.8111 68.4086 0.193638 -13 896 1 0 1
-7.6445 -28.1634 325.556 -1.23266 -3.66669 49.3164 0.59723 -13 897 1 0 1
15.725 -5.47091 325.556 3.2324 -0.6672 55.652 1.45232 -13 898 1 0 1
75.6252 18.6153 325.556 16.2322 3.34877 59.8054 1.75246 -13 899 1 0 1
18.1935 -2.8298 325.556 4.19197 -1.01362 68.54 2.42138 -13 901 1 0 1
71.1944 -19.1927 325.556 13.9824 -3.09854 53.5993 2.76838 -13 902 1 0 1
-3.11065 -38.021 325.556 -1.28705 -7.18538 74.7781 2.89581 -13 903 1 0 1
26.7806 -14.0957 325.556 5.64439 -2.6719 58.7265 3.99079 -13 904 1 0 1
-76.3149 19.0582 325.556 -20.9586 4.36961 76.1709 1.86018 -13 905 1 0 1
-61.6663 -22.6026 325.556 -11.8562 -3.20146 54.1372 3.45205 -13 906 1 0 1
7.40566 42.9095 325.556 1.61123 7.76953 67.9001 2.16076 -13 907 1 0 1
-25.0643 -38.1005 325.556 -3.33023 -3.56514 37.5829 3.15562 -13 908 1 0 1
-11.4468 -15.3359 325.556 -3.38116 -2.7727 73.6822 2.429 -13 909 1 0 1
-16.5199 -22.7748 325.556 -4.31868 -4.58833 70.4709 1.6332 -13 910 1 0 1
0.974698 111.066 325.556 0.313934 11.6522 41.5046 2.16373 -13 911 1 0 1
29.3115 62.4363 325.556 5.77912 8.82192 55.0544 1.3648 -13 912 1 0 1
-21.3995 49.72 325.556 -6.83748 11.9242 79.0707 2.97865 -13 913 1 0 1
-96.9888 36.0851 325.556 -23.3939 7.4863 67.397 2.86162 -13 914 1 0 1
26.7925 -40.3307 325.556 5.86603 -6.5889 61.4258 1.12561 -13 915 1 0 1
-83.2854 9.28228 325.556 -23.3692 2.27569 76.7631 6.01697 -13 916 1 0 1
-5.50639 54.9248 325.556 -0.563829 6.00044 41.4105 2.5075 -13 917 1 0 1
-65.1389 38.3563 325.556 -16.4482 7.60254 70.4288 3.8349 -13 918 1 0 1
-18.0936 13.44 325.556 -4.27893 2.19278 66.397 1.26449 -13 919 1 0 1
-42.3184 -3.31623 325.556 -12.2476 -0.299738 78.7859 2.11877 -13 920 1 0 1
60.5872 -17.9466 325.556 8.11417 -1.92126 33.6498 3.60097 -13 921 1 0 1
-46.6975 -47.2336 325.556 -13.6956 -10.4991 79.3291 4.11202 -13 922 1 0 1
-33.8025 -2.72107 325.556 -7.00053 -0.469399 58.7265 1.88779 -13 923 1 0 1
-8.47764 11.92 325.556 -2.18701 1.98239 68.4824 0.782042 -13 924 1 0 1
-2.28794 37.5981 325.556 -0.537325 6.64996 62.9499 2.31606 -13 925 1 0 1
-31.6437 21.146 325.556 -9.03672 4.35874 76.9534 3.06649 -13 926 1 0 1
-11.8913 -9.06938 325.556 -2.80831 -1.20782 67.8866 2.39012 -13 927 1 0 1
22.2834 -22.6128 325.556 4.74455 -3.74533 58.0532 1.8308 -13 928 1 0 1
-13.5178 6.50193 325.556 -3.52 1.26048 70.3638 3.12885 -13 930 1 0 1
48.1772 -11.484 325.556 10.6306 -2.37006 62.5012 3.94649 -13 931 1 0 1
-14.0228 -35.1634 325.556 -2.47662 -5.07032 52.7074 4.11003 -13 932 1 0 1
28.0813 55.5691 325.556 6.53391 10.9923 68.3494 2.87217 -13 933 1 0 1
-33.3573 26.4136 325.556 -9.04519 5.7586 73.9984 1.18228 -13 934 1 0 1
-75.0525 13.3784 325.556 -15.3893 2.05388 57.1196 3.02761 -13 935 1 0 1
73.7311 -1.72938 325.556 15.7772 0.21468 59.2999 2.06224 -13 936 1 0 1
-18.314 -16.1172 325.556 -5.08973 -2.81083 73.2592 1.53109 -13 938 1 0 1
5.18862 -16.4835 325.556 1.2641 -2.78206 61.3529 1.4284 -13 939 1 0 1
-5.77274 16.8737 325.556 -1.16102 3.05845 60.59 1.95683 -13 940 1 0 1
-25.5505 28.8449 325.556 -6.04911 5.73228 66.5138 2.08306 -13 941 1 0 1
50.0549 -9.02217 325.556 12.1213 -1.83668 71.4019 2.32954 -13 942 1 0 1
23.6035 -13.4847 325.556 5.45315 -2.37576 67.8283 3.25671 -13 943 1 0 1
-11.2581 18.5289 325.556 -1.90163 3.08123 52.4982 1.79342 -13 944 1 0 1
-14.5747 82.6266 325.556 -3.90696 16.7221 70.6081 2.70381 -13 945 1 0 1
-0.224044 35.3504 325.556 0.175538 4.19799 45.2933 1.77183 -13 946 1 0 1
38.3707 4.81656 325.556 8.73437 1.24967 64.8668 0.721549 -13 947 1 0 1
58.684 -25.1031 325.556 10.8626 -3.11184 50.031 3.61438 -13 948 1 0 1
-42.0117 -19.3827 325.556 -7.88733 -2.81213 53.8992 2.59006 -13 949 1 0 1
-16.0016 22.8308 325.556 -3.71061 3.96464 65.8937 1.94547 -13 950 1 0 1
159.234 -35.0916 325.556 28.9259 -4.2615 48.1298 3.00556 -13 951 1 0 1
34.8285 -25.1469 325.556 7.41655 -4.11331 59.1934 4.70166 -13 952 1 0 1
16.2235 -26.458 325.556 3.41898 -4.46955 59.6832 2.28785 -13 953 1 0 1
7.91233 -84.9878 325.556 1.73298 -12.59 55.2956 1.94352 -13 954 1 0 1
24.1722 -28.4106 325.556 5.2195 -5.36917 60.8637 2.53812 -13 955 1 0 1
-14.0133 14.6149 325.556 -2.61307 1.78537 54.5995 2.07255 -13 956 1 0 1
-49.5799 -30.4242 325.556 -10.0254 -5.15503 57.0941 1.07754 -13 957 1 0 1
-61.412 -4.35946 325.556 -18.0249 -1.2033 78.7155 0.88847 -13 958 1 0 1
64.4697 -31.1792 325.556 13.9622 -5.37087 60.9359 2.40324 -13 959 1 0 1
-39.0535 -11.7409 325.556 -10.4222 -2.62717 73.443 -0.259047 -13 960 1 0 1
34.1966 -29.8566 325.556 7.01844 -4.22755 55.2425 2.34079 -13 961 1 0 1
61.9458 -16.6199 325.556 8.59348 -1.45721 34.8275 3.86204 -13 962 1 0 1
65.5279 -21.838 325.556 15.191 -4.96816 66.6622 3.8697 -13 963 1 0 1
-2.64302 6.23668 325.556 -0.488564 0.891378 62.5342 3.90772 -13 964 1 0 1
-16.3918 -42.6428 325.556 -3.79877 -7.83983 64.5274 3.34074 -13 965 1 0 1
-45.7811 -12.6138 325.556 -8.65666 -1.38003 53.4828 4.5136 -13 966 1 0 1
49.4316 11.0404 325.556 9.81002 1.80803 53.6214 2.77862 -13 967 1 0 1
-110.359 -2.9881 325.556 -23.6304 -0.743686 59.2317 1.01638 -13 968 1 0 1
27.2102 -34.4748 325.556 5.25549 -4.77729 50.2425 2.91251 -13 969 1 0 1
36.8481 -37.3977 325.556 8.29118 -6.91895 64.2412 1.86708 -13 970 1 0 1
16.2538 19.6236 325.556 3.79244 4.27007 68.0661 0.718433 -13 971 1 0 1
-9.5695 66.3827 325.556 -0.929552 5.14423 31.5217 2.59892 -13 972 1 0 1
-14.7728 8.80933 325.556 -1.71911 0.901852 33.7065 2.50056 -13 973 1 0 1
-24.4457 22.9078 325.556 -6.05064 4.49843 69.1 1.23134 -13 974 1 0 1
-38.0108 1.81302 325.556 -10.1493 1.14646 74.0553 3.42385 -13 975 1 0 1
-20.8299 -55.8319 325.556 -4.50596 -9.18368 61.4478 2.3997 -13 977 1 0 1
-38.3843 -12.7458 325.556 -9.8541 -2.8132 70.8884 0.39989 -13 979 1 0 1
-48.6132 -8.05302 325.556 -10.1332 -1.42871 58.9526 0.672735 -13 980 1 0 1
-26.3627 -53.7063 325.556 -5.89778 -9.68048 62.4343 1.32851 -13 981 1 0 1
20.3533 41.0743 325.556 4.63026 7.05611 64.4703 1.29 -13 982 1 0 1
-0.196877 13.9172 325.556 -0.387723 3.65838 73.4057 1.46552 -13 983 1 0 1
220.003 -78.1032 325.556 25.8572 -4.46849 26.6249 5.04685 -13 984 1 0 1
29.5188 32.6523 325.556 6.39466 5.4803 60.0086 2.94732 -13 985 1 0 1
-38.4261 -21.928 325.556 -8.29459 -3.55911 60.9704 1.73433 -13 986 1 0 1
18.6506 -77.6002 325.556 4.03582 -13.0286 60.6717 2.50892 -13 987 1 0 1
-42.3683 85.2857 325.556 -4.0016 3.95291 23.7493 4.61502 -13 988 1 0 1
10.6731 -28.2131 325.556 2.45497 -5.33584 69.933 2.92402 -13 989 1 0 1
-11.1127 -29.3111 325.556 -2.89241 -6.3518 69.8577 2.13897 -13 990 1 0 1
-29.6306 37.7963 325.556 -5.26461 4.84914 51.259 0.122828 -13 991 1 0 1
-39.9923 32.3582 325.556 -5.92045 3.34843 41.7564 3.62614 -13 992 1 0 1
39.0234 -31.9769 325.556 7.44394 -4.16455 50.0047 4.01876 -13 993 1 0 1
100.354 -135.071 325.556 16.654 -14.6411 44.3687 1.94058 -13 994 1 0 1
40.5698 16.5901 325.556 9.14552 3.08146 63.9124 0.17712 -13 995 1 0 1
-39.2909 0.708766 325.556 -9.59698 0.0821078 68.3232 2.09585 -13 996 1 0 1
-5.74312 17.9236 325.556 -0.804942 2.34568 48.3292 4.86486 -13 997 1 0 1
11.2692 -80.4274 325.556 1.03585 -2.43903 17.884 6.72459 -13 998 1 0 1
48.8417 -7.75683 325.556 9.97614 -1.09559 56.2514 2.15099 -13 999 1 0 1
-16.6157 -28.7089 325.556 -2.69862 -3.64512 47.8787 1.92994 -13 1000 1 0 1
-32.0403 -16.5315 325.556 -8.27388 -3.46316 71.7093 1.10323 -13 1001 1 0 1
1.4988 60.2203 325.556 0.448285 8.24862 52.0906 1.03129 -13 1002 1 0 1
-16.1735 8.41325 325.556 -2.18077 1.22004 39.7738 2.88935 -13 1003 1 0 1
16.6849 -36.942 325.556 3.91848 -6.33549 67.152 2.75386 -13 1004 1 0 1
-25.9767 -32.0474 325.556 -3.45616 -3.15716 36.9031 2.44866 -13 1005 1 0 1
-27.9868 16.6631 325.556 -6.20593 2.78608 62.7244 4.14719 -13 1006 1 0 1
-50.5825 -17.1948 325.556 -12.7488 -3.30336 70.423 2.90354 -13 1007 1 0 1
-53.0056 -41.8895 325.556 -13.4412 -8.37746 70.9571 4.79593 -13 1008 1 0 1
-6.32145 57.7151 325.556 -1.29897 9.41582 60.3323 1.92008 -13 1009 1 0 1
-71.1641 -48.9503 325.556 -18.011 -9.8498 70.335 3.91471 -13 1010 1 0 1
39.2113 -23.8317 325.556 6.97971 -3.05617 46.2839 2.14115 -13 1011 1 0 1
-7.13645 10.8288 325.556 -1.91144 1.59845 70.2927 1.6306 -13 1012 1 0 1
-27.5598 -5.60699 325.556 -6.2469 -1.56136 64.3587 0.507732 -13 1013 1 0 1
-12.3174 19.2508 325.556 -3.74372 4.29893 76.2921 -0.156315 -13 1014 1 0 1
9.47529 -3.35005 325.556 2.18351 -0.474615 66.2353 2.06887 -13 1015 1 0 1
16.2718 -33.1722 325.556 3.56891 -5.43735 59.116 2.43666 -13 1016 1 0 1
-59.8658 55.6068 325.556 -14.515 10.4733 67.8556 2.83164 -13 1017 1 0 1
4.50792 43.2801 325.556 0.990866 6.42188 51.0436 0.938065 -13 1018 1 0 1
-32.0703 80.2701 325.556 -6.89367 12.8174 60.2501 1.64974 -13 1019 1 0 1
14.8353 -10.2866 325.556 3.24761 -1.56536 61.698 2.42518 -13 1020 1 0 1
-1.69567 -49.864 325.556 -0.457012 -9.39675 63.6696 2.78827 -13 1021 1 0 1
23.1796 -65.5127 325.556 5.44923 -12.6919 70.1183 2.99244 -13 1022 1 0 1
35.275 -30.0932 325.556 7.72717 -5.07884 61.7585 0.1794 -13 1023 1 0 1
-44.5741 23.6058 325.556 -12.8363 5.04444 78.3857 1.87956 -13 1024 1 0 1
56.7476 13.0189 325.556 5.98758 0.411886 24.9769 1.60174 -13 1025 1 0 1
10.4144 -18.1907 325.556 2.20858 -3.91425 78.56 1.49212 -13 1026 1 0 1
-9.73979 -1.23332 325.556 -3.07285 -0.406657 76.0799 1.78007 -13 1027 1 0 1
-3.46062 -39.6131 325.556 -0.613588 -6.64958 61.7055 2.44021 -13 1028 1 0 1
41.5953 24.6364 325.556 8.988 4.24681 60.3366 0.884967 -13 1029 1 0 1
16.91 35.1538 325.556 3.59285 5.65631 58.6592 1.24865 -13 1030 1 0 1
-101.832 -11.1014 325.556 -27.1361 -2.31008 73.8904 2.91351 -13 1031 1 0 1
-26.1754 -29.5396 325.556 -6.00853 -5.8246 64.7622 3.14786 -13 1032 1 0 1
37.9394 -13.5628 325.556 7.56918 -2.1032 54.5295 2.00503 -13 1033 1 0 1
-33.6989 1.70971 325.556 -7.69736 0.116654 65.0988 3.14971 -13 1034 1 0 1
4.78357 48.2396 325.556 1.10783 7.21775 54.3451 2.08672 -13 1035 1 0 1
-5.94256 25.468 325.556 -1.6964 4.9033 70.2258 0.956204 -13 1036 1 0 1
-89.2404 91.7585 325.556 -14.4208 10.2842 43.9851 2.69547 -13 1037 1 0 1
-28.2413 -46.6967 325.556 -5.82961 -7.67088 57.9008 1.61804 -13 1038 1 0 1
-8.67095 26.3427 325.556 -1.67699 4.56547 58.4994 0.824012 -13 1039 1 0 1
56.3542 -5.8122 325.556 13.575 -1.23623 69.5178 3.59668 -13 1040 1 0 1
21.1872 -13.9831 325.556 4.89781 -2.14597 67.7502 1.64769 -13 1041 1 0 1
32.9897 3.29851 325.556 7.68773 0.459019 66.7812 2.54063 -13 1043 1 0 1
2.0187 17.7447 325.556 -0.0958892 4.82498 78.482 2.9146 -13 1044 1 0 1
35.448 78.4716 325.556 7.54388 12.7889 59.5412 1.85315 -13 1045 1 0 1
-63.1829 34.7379 325.556 -14.8046 6.55937 65.2223 4.39816 -13 1046 1 0 1
-25.8717 2.10775 325.556 -6.59582 -0.024881 69.9829 3.92424 -13 1047 1 0 1
-80.1872 -0.548132 325.556 -7.63347 -0.109574 22.8737 4.7544 -13 1048 1 0 1
-45.5236 -33.9938 325.556 -4.94991 -2.09549 28.4746 4.64564 -13 1049 1 0 1
64.1613 -20.3729 325.556 13.631 -3.73067 59.0836 2.84618 -13 1050 1 0 1
41.6906 -24.6818 325.556 9.41204 -4.0925 64.0556 2.23408 -13 1051 1 0 1
-69.2536 23.6406 325.556 -12.433 3.07391 50.2787 4.30369 -13 1052 1 0 1
-66.2728 -17.7653 325.556 -18.5255 -3.98322 76.8662 2.87831 -13 1053 1 0 1
7.78734 -2.45154 325.556 1.57736 -0.0884984 73.8561 2.23803 -13 1054 1 0 1
2.19816 -30.805 325.556 0.358092 -5.95379 69.09 2.53096 -13 1055 1 0 1
-8.12291 -33.4465 325.556 -1.63657 -5.20146 60.3359 2.38026 -13 1056 1 0 1
48.4063 -0.294753 325.556 9.26062 -0.371871 51.5685 1.7178 -13 1057 1 0 1
-16.4815 2.69156 325.556 -4.37707 0.288499 71.0997 1.88937 -13 1058 1 0 1
26.1004 -15.561 325.556 4.69683 -2.10814 46.3612 1.1322 -13 1059 1 0 1
38.4916 -16.2128 325.556 8.89364 -3.05358 66.1216 1.11806 -13 1060 1 0 1
-13.4536 38.7077 325.556 -2.10783 5.23711 48.1087 1.59379 -13 1061 1 0 1
-6.46449 7.68499 325.556 -0.859685 0.981001 42.0993 2.78635 -13 1062 1 0 1
-39.2793 34.4486 325.556 -9.55207 6.93926 68.2466 1.76362 -13 1063 1 0 1
99.8312 24.0908 325.556 23.7672 4.83343 68.4083 1.58557 -13 1064 1 0 1
8.4097 -5.90653 325.556 1.77684 -0.752409 70.4428 3.76815 -13 1066 1 0 1
-23.71 51.8919 325.556 -5.98772 10.3626 69.1057 2.02674 -13 1067 1 0 1
-90.4245 -5.04153 325.556 -12.9963 -0.377585 38.3714 2.47574 -13 1068 1 0 1
-39.5045 -15.2917 325.556 -8.20391 -2.11829 58.478 1.39312 -13 1069 1 0 1
2.17944 -36.9146 325.556 0.642106 -5.32977 53.0329 2.79364 -13 1070 1 0 1
60.0574 10.1552 325.556 14.1121 1.50512 67.7463 3.92599 -13 1071 1 0 1
-11.4738 104.123 325.556 -1.80225 14.0213 51.3914 2.19501 -13 1072 1 0 1
14.8467 19.811 325.556 3.40757 4.17677 73.0602 1.65747 -13 1073 1 0 1
23.3155 13.0484 325.556 5.63739 2.93601 72.4968 2.94813 -13 1074 1 0 1
-49.6779 -7.97081 325.556 -10.5351 -0.817196 59.6085 1.95148 -13 1075 1 0 1
72.2363 27.9405 325.556 14.5324 4.32651 55.0137 1.81005 -13 1076 1 0 1
-110.538 -5.78128 325.556 -21.0159 -0.872051 51.6205 1.72493 -13 1077 1 0 1
-39.6375 24.2512 325.556 -8.50003 3.87717 61.0759 1.02754 -13 1078 1 0 1
39.7246 18.1203 325.556 9.20913 3.6573 67.379 2.58461 -13 1079 1 0 1
-30.8431 46.0584 325.556 -9.23262 10.2642 79.0299 1.80641 -13 1080 1 0 1
86.86 -30.3284 325.556 18.938 -5.25636 61.2763 3.62108 -13 1081 1 0 1
-11.435 0.572505 325.556 -2.5411 -0.313302 63.5272 2.46318 -13 1082 1 0 1
-20.8385 37.3436 325.556 -2.41884 3.21827 34.0141 2.05777 -13 1083 1 0 1
0.569149 7.26449 325.556 -0.0675324 1.4266 71.5037 1.50775 -13 1084 1 0 1
38.7459 50.0612 325.556 8.41338 7.89342 61.4955 1.7909 -13 1085 1 0 1
35.0146 11.7566 325.556 7.38696 1.95682 58.5066 2.19138 -13 1086 1 0 1
-7.31406 -11.0142 325.556 -2.43557 -2.97797 76.4093 2.55573 -13 1087 1 0 1
21.6838 66.1609 325.556 4.65234 10.7792 58.5459 2.92335 -13 1088 1 0 1
81.234 59.0414 325.556 20.2395 12.1161 73.0375 1.0751 -13 1089 1 0 1
12.1212 33.5848 325.556 2.78414 5.81984 65.959 2.55964 -13 1090 1 0 1
-132.387 -6.05 325.556 -26.5282 -0.629503 54.7183 0.295565 -13 1091 1 0 1
-60.2679 18.3539 325.556 -14.9712 3.10994 69.5136 0.137743 -13 1092 1 0 1
11.0294 -34.5427 325.556 2.26907 -7.9344 79.1714 1.09182 -13 1093 1 0 1
91.615 -54.0057 325.556 14.2482 -5.76784 40.5281 1.71534 -13 1094 1 0 1
32.7744 25.516 325.556 7.57147 4.89884 65.479 2.21452 -13 1095 1 0 1
-42.9869 35.2792 325.556 -8.3991 4.8131 55.1362 1.8873 -13 1096 1 0 1
26.1902 -2.90848 325.556 5.52449 -0.718648 58.042 2.41168 -13 1097 1 0 1
-38.3625 -9.19534 325.556 -9.41475 -1.21951 68.5083 2.52434 -13 1098 1 0 1
-17.3963 -41.0978 325.556 -3.26859 -6.22522 55.6866 0.351084 -13 1099 1 0 1
-42.8124 -27.1946 325.556 -10.6645 -5.55647 69.0383 1.58356 -13 1100 1 0 1
42.3772 42.3384 325.556 7.39421 5.29314 45.5769 4.50254 -13 1101 1 0 1
-18.6198 33.4275 325.556 -3.59078 4.66573 57.2543 1.78817 -13 1102 1 0 1
22.5799 -50.8495 325.556 5.31038 -9.92238 68.3369 1.59781 -13 1103 1 0 1
-20.3317 37.3885 325.556 -5.73209 8.00825 74.6006 1.51967 -13 1104 1 0 1
38.9064 -42.2245 325.556 8.78015 -7.71278 62.8907 0.304057 -13 1105 1 0 1
-88.2327 -29.3384 325.556 -20.581 -5.12498 65.0583 3.57034 -13 1106 1 0 1
49.6256 55.2476 325.556 9.14193 7.60042 49.9478 4.6581 -13 1107 1 0 1
19.5606 -58.8057 325.556 4.37838 -10.6696 63.9686 4.54823 -13 1108 1 0 1
-2.08782 -7.63998 325.556 -0.686127 -1.73484 67.5961 4.53586 -13 1109 1 0 1
24.3261 77.1351 325.556 4.12221 8.28316 42.2017 5.36529 -13 1110 1 0 1
-5.40515 23.474 325.556 -1.14388 3.53105 62.9779 3.63074 -13 1111 1 0 1
-30.4037 34.9061 325.556 -6.32941 5.61061 59.442 3.05334 -13 1112 1 0 1
16.6282 -17.0121 325.556 3.91071 -3.6401 76.4095 2.23174 -13 1113 1 0 1
-70.1012 -29.8074 325.556 -13.1589 -4.49521 52.1098 5.29836 -13 1114 1 0 1
68.3112 103.417 325.556 14.3129 16.6429 58.3977 2.67648 -13 1115 1 0 1
23.2252 54.8718 325.556 5.4176 11.3475 69.7362 2.80688 -13 1116 1 0 1
16.2484 25.6554 325.556 3.93175 5.24553 74.3162 0.309405 -13 1117 1 0 1
-8.46502 -35.7316 325.556 -1.57954 -5.9827 56.9619 1.41988 -13 1118 1 0 1
43.4959 35.943 325.556 9.5532 5.89756 61.5545 -0.0899484 -13 1119 1 0 1
-6.06715 -3.15078 325.556 -1.66035 -0.818258 70.5695 1.10348 -13 1120 1 0 1
0.719649 -62.1519 325.556 0.236028 -9.71937 58.972 0.681377 -13 1121 1 0 1
0.428756 5.15287 325.556 -0.377892 1.22659 77.689 2.06845 -13 1122 1 0 1
-47.5702 21.4546 325.556 -11.043 3.66304 65.3181 5.30282 -13 1123 1 0 1
25.9835 10.8537 325.556 5.78581 1.54842 63.7001 3.05245 -13 1124 1 0 1
-20.802 34.2508 325.556 -4.46455 6.45631 60.7362 2.94292 -13 1125 1 0 1
78.4288 3.23531 325.556 14.7759 0.643305 51.4089 0.916711 -13 1126 1 0 1
15.938 45.7889 325.556 3.38531 7.48197 56.4295 2.40502 -13 1127 1 0 1
27.1472 -10.9713 325.556 5.46073 -1.042 53.2714 1.77913 -13 1128 1 0 1
-21.1109 -29.8138 325.556 -5.56903 -6.60769 71.4801 1.75461 -13 1129 1 0 1
61.2509 49.6849 325.556 9.94548 5.42187 42.8253 3.89256 -13 1130 1 0 1
-18.2727 -13.4126 325.556 -4.15031 -3.02431 63.6301 2.58362 -13 1131 1 0 1
63.0349 21.8883 325.556 9.96318 2.15675 40.6745 2.17757 -13 1132 1 0 1
-23.1861 -10.9469 325.556 -5.89766 -2.99309 70.6649 -0.140881 -13 1133 1 0 1
-5.01555 -12.0693 325.556 -1.65895 -2.8513 73.9017 1.45695 -13 1134 1 0 1
32.5781 2.75471 325.556 7.54997 -0.172566 68.2213 2.24608 -13 1135 1 0 1
64.6645 -44.5695 325.556 11.8864 -5.79288 48.7921 2.9397 -13 1136 1 0 1
12.2993 -43.5698 325.556 2.15566 -4.20985 41.6247 4.19812 -13 1137 1 0 1
-68.8568 -5.68382 325.556 -18.296 -1.0485 73.8674 0.811554 -13 1138 1 0 1
24.6849 -15.1978 325.556 5.4388 -2.61205 62.3709 2.66767 -13 1139 1 0 1
63.8348 39.1483 325.556 14.6403 6.66418 65.0011 1.95088 -13 1140 1 0 1
-95.3751 -55.5758 325.556 -26.1004 -11.8791 75.8758 0.68534 -13 1141 1 0 1
37.4327 48.3376 325.556 6.07333 5.2456 42.0504 2.64728 -13 1142 1 0 1
6.88554 4.36153 325.556 1.60445 0.797614 60.6976 2.21917 -13 1143 1 0 1
-14.9936 27.0832 325.556 -2.9679 4.54292 57.9698 4.15769 -13 1144 1 0 1
63.3885 -15.4745 325.556 9.96618 -2.09453 41.2009 1.696 -13 1145 1 0 1
56.6059 -48.0323 325.556 10.4127 -6.02454 49.3877 3.99325 -13 1146 1 0 1
20.5341 5.86811 325.556 4.08822 0.861407 52.5765 3.264 -13 1147 1 0 1
-23.425 -22.7345 325.556 -5.51681 -4.29278 65.905 1.38314 -13 1148 1 0 1
27.5706 8.16487 325.556 6.59049 1.94118 70.1587 4.03462 -13 1149 1 0 1
50.8496 -99.6898 325.556 11.5348 -18.4667 65.5847 2.01065 -13 1150 1 0 1
-25.7359 -24.532 325.556 -4.47263 -3.57941 51.2286 3.24029 -13 1151 1 0 1
-23.458 -8.7626 325.556 -5.36421 -1.43306 63.9332 2.62732 -13 1152 1 0 1
63.6918 45.0714 325.556 13.1058 6.81783 56.9074 1.43501 -13 1153 1 0 1
40.8602 -21.393 325.556 8.51722 -3.21801 57.7666 1.72015 -13 1155 1 0 1
57.9257 -5.00507 325.556 12.4841 -0.273189 60.3253 2.90328 -13 1156 1 0 1
-33.7952 -65.627 325.556 -6.22581 -9.24272 52.2396 1.57056 -13 1157 1 0 1
52.3087 -9.11012 325.556 8.94289 -1.14214 45.6584 2.47014 -13 1158 1 0 1
-21.0086 -19.3046 325.556 -4.6762 -3.15826 62.4504 1.6065 -13 1159 1 0 1
-50.7186 26.3799 325.556 -13.0416 5.37227 71.5594 1.67064 -13 1160 1 0 1
-2.54574 14.0764 325.556 -0.595615 2.39348 63.3443 2.50303 -13 1161 1 0 1
21.139 -38.4828 325.556 4.74226 -6.6199 64.7107 2.87615 -13 1162 1 0 1
-33.163 -27.6672 325.556 -7.30348 -4.83208 62.29 2.78901 -13 1163 1 0 1
48.3068 -7.65866 325.556 10.8095 -0.885633 62.9283 1.94122 -13 1164 1 0 1
13.0136 -9.33466 325.556 2.86389 -1.46624 59.7933 1.41182 -13 1166 1 0 1
14.0428 26.2122 325.556 3.22772 5.36007 71.078 3.41092 -13 1167 1 0 1
13.0551 23.5936 325.556 2.93153 4.15522 59.3296 1.04105 -13 1168 1 0 1
-15.2636 -9.20267 325.556 -3.58083 -1.68151 64.8402 2.43065 -13 1169 1 0 1
113.92 -30.3541 325.556 22.6051 -4.60162 54.0902 3.16024 -13 1170 1 0 1
73.3217 -9.37209 325.556 12.9379 -1.13581 46.93 3.02338 -13 1171 1 0 1
-9.28222 -75.7013 325.556 -1.49482 -10.6309 51.4004 1.04561 -13 1172 1 0 1
-38.119 -0.0576084 325.556 -9.64428 -0.509309 69.6595 0.0146712 -13 1173 1 0 1
31.3949 63.4234 325.556 6.71944 10.398 59.7488 2.3355 -13 1174 1 0 1
9.54034 -5.62377 325.556 2.07882 -1.49088 74.5061 1.77426 -13 1175 1 0 1
13.6841 7.96311 325.556 3.09837 1.35273 74.232 3.29845 -13 1176 1 0 1
87.6885 1.8841 325.556 20.8175 0.40066 68.5073 3.17301 -13 1177 1 0 1
13.886 4.22368 325.556 3.21339 0.540336 75.6728 5.98659 -13 1178 1 0 1
-9.90185 -51.5314 325.556 -1.9841 -7.8368 58.8717 1.07587 -13 1179 1 0 1
48.2775 -20.5095 325.556 9.9753 -3.08173 56.9813 2.20929 -13 1180 1 0 1
107.683 9.79736 325.556 24.2355 1.41683 63.4205 4.04078 -13 1181 1 0 1
33.2195 -16.7113 325.556 7.22091 -2.32669 61.1259 1.88775 -13 1182 1 0 1
8.94729 2.74558 325.556 1.91466 -0.086362 56.8398 2.52826 -13 1183 1 0 1
32.6183 -17.1913 325.556 7.03821 -2.46617 60.258 2.80508 -13 1184 1 0 1
220.584 -55.3754 325.556 40.9298 -7.47443 47.623 1.97438 -13 1185 1 0 1
44.6724 -13.7592 325.556 9.74774 -2.67428 60.5097 2.58256 -13 1186 1 0 1
-14.9908 8.16415 325.556 -4.51224 1.80834 76.1755 1.443 -13 1187 1 0 1
1.16342 26.7535 325.556 -0.102796 5.50253 74.8299 -0.476233 -13 1188 1 0 1
-23.0948 -15.7817 325.556 -5.18551 -2.83614 63.8807 2.38576 -13 1189 1 0 1
11.0597 -44.4395 325.556 2.36466 -6.80055 55.8621 0.732473 -13 1190 1 0 1
-44.5673 0.205196 325.556 -8.57518 0.591661 54.1379 1.91579 -13 1191 1 0 1
-8.61019 2.91608 325.556 -1.64981 0.320845 57.8363 1.45094 -13 1192 1 0 1
26.9017 -12.5389 325.556 5.41533 -1.90589 53.9874 1.63489 -13 1193 1 0 1
-5.75025 4.62383 325.556 -1.91587 1.58571 74.3901 2.21611 -13 1194 1 0 1
69.2363 8.10652 325.556 15.8248 1.79417 65.1331 2.94389 -13 1195 1 0 1
26.6823 -0.100529 325.556 6.24913 -0.301803 69.9502 1.99245 -13 1196 1 0 1
59.1871 14.1653 325.556 12.6042 2.22587 59.5282 0.761637 -13 1197 1 0 1
28.7075 -55.8239 325.556 7.04311 -12.9608 79.1226 2.45578 -13 1198 1 0 1
-23.199 -48.1135 325.556 -5.45761 -9.17545 65.3188 0.955136 -13 1199 1 0 1
-56.9633 24.3636 325.556 -12.9997 5.00396 64.4091 1.78155 -13 1200 1 0 1
40.9834 1.45171 325.556 8.75676 0.362375 60.2724 1.30235 -13 1201 1 0 1
4.17708 -19.1754 325.556 0.911508 -2.59552 45.0993 -0.361431 -13 1202 1 0 1
-45.2206 31.2545 325.556 -11.195 6.41898 69.1462 -0.465304 -13 1203 1 0 1
27.0533 10.902 325.556 5.95579 1.93067 61.6966 3.4635 -13 1204 1 0 1
-22.124 -67.3316 325.556 -6.479 -15.3316 76.4082 2.12716 -13 1205 1 0 1
2.00056 -6.79623 325.556 0.512032 -0.769279 60.044 0.873318 -13 1206 1 0 1
-37.9284 -24.2179 325.556 -4.71811 -1.83314 33.1814 4.79963 -13 1207 1 0 1
100.406 -41.0355 325.556 20.8885 -6.4125 57.8332 2.88906 -13 1208 1 0 1
-35.3622 22.3897 325.556 -10.7262 4.74779 78.3168 -0.0658586 -13 1209 1 0 1
-98.3727 -16.2345 325.556 -22.1774 -2.58312 62.8055 3.37571 -13 1210 1 0 1
22.8739 -5.56023 325.556 5.37642 -0.606677 79.3506 1.31503 -13 1211 1 0 1
-24.8691 -2.34207 325.556 -6.36169 -0.12004 70.4043 0.248291 -13 1212 1 0 1
-59.8401 51.4047 325.556 -10.3542 6.92516 48.2777 0.435387 -13 1213 1 0 1
-8.73297 23.6378 325.556 -2.87346 5.58178 77.3089 2.97797 -13 1214 1 0 1
-8.89975 -9.9801 325.556 -2.57037 -1.84792 72.1084 1.97323 -13 1215 1 0 1
19.0497 21.7766 325.556 4.04693 3.79491 58.6536 0.612454 -13 1216 1 0 1
107.129 29.3837 325.556 23.2957 5.03135 60.5046 4.02349 -13 1217 1 0 1
0.0460386 107.903 325.556 -0.0805607 18.8147 64.0937 1.8035 -13 1218 1 0 1
71.139 -5.04755 325.556 14.9535 -1.14343 58.6899 3.40963 -13 1219 1 0 1
-60.447 -65.9424 325.556 -15.6338 -13.913 71.6675 3.5558 -13 1220 1 0 1
-77.7807 11.8084 325.556 -14.2701 1.28501 50.8626 0.785966 -13 1221 1 0 1
-34.5725 23.3944 325.556 -5.9546 2.51981 48.5377 1.31347 -13 1222 1 0 1
23.7569 -76.469 325.556 5.11588 -12.6789 60.4229 3.89324 -13 1223 1 0 1
-41.755 -41.2958 325.556 -9.6876 -7.73866 65.0964 2.89024 -13 1224 1 0 1
-35.8497 24.9659 325.556 -10.502 6.37082 78.5289 2.86262 -13 1225 1 0 1
-15.0548 -22.8518 325.556 -4.11268 -4.08529 71.5885 0.482405 -13 1226 1 0 1
53.3992 16.325 325.556 9.8863 2.49749 49.0841 4.45178 -13 1228 1 0 1
6.80764 -41.8104 325.556 1.51271 -7.96122 69.0694 -0.568972 -13 1229 1 0 1
-26.8328 20.4045 325.556 -8.25329 4.76538 79.7987 0.623988 -13 1230 1 0 1
1.98558 -27.2828 325.556 0.613379 -4.40394 56.5524 -0.303042 -13 1231 1 0 1
38.3887 32.1611 325.556 7.42993 4.87892 53.4826 1.33929 -13 1232 1 0 1
-20.7818 -27.4784 325.556 -3.74896 -4.01471 52.8649 2.81972 -13 1233 1 0 1
-39.4943 -84.0806 325.556 -6.89072 -11.2823 49.2428 1.21974 -13 1234 1 0 1
-12.6732 -3.05641 325.556 -2.94961 -1.21316 65.0391 3.44281 -13 1235 1 0 1
-30.4948 -15.7872 325.556 -7.16419 -2.81466 65.9415 1.40168 -13 1236 1 0 1
9.94653 29.0146 325.556 2.2868 5.25722 58.9656 2.69545 -13 1237 1 0 1
51.0881 -6.9122 325.556 12.7119 -1.15891 73.5819 1.84467 -13 1238 1 0 1
6.22969 50.5571 325.556 1.29916 9.17752 63.3362 3.64142 -13 1239 1 0 1
-42.7193 -22.8461 325.556 -10.335 -4.29319 67.676 3.55878 -13 1240 1 0 1
-21.5805 -23.8062 325.556 -5.85503 -5.35284 73.0655 -1.36453 -13 1241 1 0 1
10.4854 11.9024 325.556 2.3969 2.33094 65.0013 2.91764 -13 1242 1 0 1
-3.73477 -34.383 325.556 -0.760854 -5.57783 61.4164 2.70347 -13 1243 1 0 1
47.3 26.9675 325.556 11.4078 5.77136 71.5818 1.04738 -13 1244 1 0 1
-0.560377 -36.8929 325.556 -0.0356455 -6.64544 64.0845 3.319 -13 1245 1 0 1
-56.4572 -57.2117 325.556 -8.07684 -5.5251 39.5448 2.83096 -13 1246 1 0 1
-35.5944 30.2134 325.556 -8.94645 5.97576 69.6959 1.34255 -13 1247 1 0 1
-20.8251 71.2623 325.556 -4.44307 11.5041 59.9168 1.71693 -13 1248 1 0 1
-40.0015 31.634 325.556 -9.09311 6.00208 63.8628 2.08345 -13 1249 1 0 1
13.8888 -55.6957 325.556 3.05465 -9.06991 59.1092 2.58117 -13 1250 1 0 1
149.641 -46.2473 325.556 30.1447 -7.17799 54.8008 1.69279 -13 1251 1 0 1
37.8733 16.3067 325.556 8.21089 2.70339 59.917 2.4082 -13 1252 1 0 1
-36.3773 -14.0694 325.556 -8.07115 -2.67541 62.9566 3.17883 -13 1253 1 0 1
3.57668 2.3698 325.556 0.632851 0.599996 71.2834 1.15628 -13 1254 1 0 1
63.6627 44.7706 325.556 11.8045 6.00555 49.5524 3.86347 -13 1255 1 0 1
54.991 50.4392 325.556 12.453 8.9429 63.675 4.19638 -13 1256 1 0 1
29.5745 36.9197 325.556 6.67117 5.93296 63.7503 2.47793 -13 1257 1 0 1
6.10485 -28.6056 325.556 1.44567 -4.04977 50.8827 3.59922 -13 1258 1 0 1
94.3148 41.2934 325.556 16.7097 5.04358 47.3394 2.66239 -13 1259 1 0 1
-85.9273 48.0219 325.556 -15.3035 6.41947 49.0016 0.14139 -13 1260 1 0 1
42.1596 -6.93481 325.556 9.04748 -0.765408 60.7714 1.96245 -13 1261 1 0 1
-42.9918 67.1866 325.556 -10.3936 12.8736 67.4682 0.839427 -13 1262 1 0 1
110.255 58.0496 325.556 19.5455 7.63172 47.3832 2.77927 -13 1263 1 0 1
33.8519 39.4001 325.556 7.4355 6.66762 61.2061 2.3208 -13 1264 1 0 1
-80.5347 9.97646 325.556 -17.9294 1.69016 62.2474 1.9372 -13 1265 1 0 1
-38.5081 2.40807 325.556 -9.82228 0.763772 71.3002 3.39386 -13 1266 1 0 1
43.6644 -59.4249 325.556 7.05239 -6.30825 41.7582 2.45759 -13 1267 1 0 1
-5.55903 -13.5911 325.556 -1.07343 -2.42998 61.9064 4.38817 -13 1268 1 0 1
-69.5515 9.47677 325.556 -17.1616 1.77162 68.7861 1.15467 -13 1269 1 0 1
-23.9498 -29.8569 325.556 -6.28896 -6.7306 71.3509 2.5138 -13 1270 1 0 1
-54.2119 -27.3244 325.556 -12.1169 -5.00856 63.2105 0.596046 -13 1271 1 0 1
44.6708 45.3744 325.556 8.6174 6.17245 52.0659 3.22854 -13 1272 1 0 1
22.0693 -36.9094 325.556 4.68884 -5.99038 56.958 1.21019 -13 1273 1 0 1
-15.1708 56.1189 325.556 -4.20293 11.6907 71.7636 2.1023 -13 1274 1 0 1
-33.9447 -35.0119 325.556 -6.50315 -5.06466 54.2103 2.09242 -13 1275 1 0 1
108.856 49.5731 325.556 18.2183 5.98392 44.0096 3.52756 -13 1276 1 0 1
-2.54447 10.8877 325.556 -0.435915 2.39686 59.4674 2.88789 -13 1277 1 0 1
13.3183 -44.1622 325.556 2.54927 -5.88118 47.8415 1.51997 -13 1278 1 0 1
-0.0590939 25.1044 325.556 -0.0167965 3.95261 63.7738 2.55802 -13 1279 1 0 1
4.11035 20.8036 325.556 0.790155 5.03115 69.9968 2.64049 -13 1280 1 0 1
27.4138 47.365 325.556 5.36352 6.16316 51.2707 1.97368 -13 1281 1 0 1
22.7519 -0.155637 325.556 5.41586 0.477701 73.8506 0.939368 -13 1282 1 0 1
-73.6823 -22.2835 325.556 -16.0835 -3.95008 60.8596 2.90281 -13 1283 1 0 1
56.5928 -16.5087 325.556 11.1656 -2.05323 53.8422 1.094 -13 1284 1 0 1
-3.9472 -45.949 325.556 -1.12902 -8.65433 67.8646 2.51114 -13 1285 1 0 1
-43.6479 -10.1258 325.556 -9.75992 -1.32624 63.7344 0.859505 -13 1286 1 0 1
0.935427 2.61667 325.556 0.423881 0.304477 57.7761 0.343691 -13 1287 1 0 1
53.2588 8.05263 325.556 9.9517 1.09608 50.0115 2.2469 -13 1288 1 0 1
37.8833 -6.33508 325.556 8.10031 -0.620709 58.9317 0.354996 -13 1289 1 0 1
-58.2016 8.81398 325.556 -14.8294 0.790259 71.1241 2.46695 -13 1290 1 0 1
44.9204 21.2149 325.556 10.154 4.17892 63.9983 0.252698 -13 1291 1 0 1
-25.8173 -51.2959 325.556 -4.85409 -7.20271 54.0062 2.98125 -13 1292 1 0 1
11.3543 -19.4513 325.556 0.852925 -0.558226 13.9942 6.78359 -13 1293 1 0 1
13.6503 12.0237 325.556 3.08027 2.68291 64.7008 1.95005 -13 1294 1 0 1
38.4601 28.3832 325.556 6.22415 2.98593 42.1655 2.1014 -13 1295 1 0 1
-5.84646 -34.4677 325.556 -2.08409 -8.36732 75.683 2.93393 -13 1296 1 0 1
0.9 45.4578 325.556 0.311016 7.11004 57.1898 1.1932 -13 1297 1 0 1
-7.58895 24.791 325.556 -1.48265 3.82011 57.7534 2.38305 -13 1298 1 0 1
40.0978 -4.34116 325.556 5.24347 -0.541599 32.5235 1.86496 -13 1299 1 0 1
66.0504 35.9225 325.556 16.3178 7.91815 72.2391 2.03588 -13 1300 1 0 1
36.6307 25.5668 325.556 9.2132 5.8758 78.249 1.98032 -13 1301 1 0 1
-12.1952 -22.8255 325.556 -2.23466 -3.82331 54.8602 3.00584 -13 1302 1 0 1
-14.9779 -23.4516 325.556 -3.1713 -3.69306 60.7937 2.30208 -13 1303 1 0 1
-24.9388 56.2394 325.556 -4.25629 7.90196 50.2272 2.82062 -13 1304 1 0 1
3.34553 -15.573 325.556 0.467026 -3.69596 73.1981 1.51772 -13 1305 1 0 1
45.4791 -13.382 325.556 8.92803 -2.34948 52.7521 2.14614 -13 1306 1 0 1
19.43 51.8187 325.556 3.61953 6.44637 48.2415 1.93063 -13 1308 1 0 1
-8.33932 -12.2251 325.556 -2.58402 -2.73113 73.5838 0.0772089 -13 1309 1 0 1
-37.9077 -47.7332 325.556 -11.0823 -11.1632 78.4114 -0.114083 -13 1310 1 0 1
-14.5062 70.9767 325.556 -4.11891 15.2237 73.3872 3.18222 -13 1311 1 0 1
-10.8139 -33.8955 325.556 -2.8183 -6.86432 68.9547 0.735002 -13 1313 1 0 1
-24.9917 -16.542 325.556 -4.13624 -2.0765 47.1111 3.6683 -13 1314 1 0 1
11.706 -47.6405 325.556 2.5157 -7.98202 57.576 2.48179 -13 1315 1 0 1
-14.128 -39.5012 325.556 -3.6696 -7.25214 69.532 1.3607 -13 1316 1 0 1
-12.6802 12.7103 325.556 -3.46909 2.99188 73.0383 1.17038 -13 1317 1 0 1
-21.3216 2.95749 325.556 -3.06019 -0.0211372 41.3107 1.80097 -13 1318 1 0 1
4.08947 -79.5152 325.556 0.921585 -14.8717 65.4487 3.64299 -13 1319 1 0 1
0.919679 -51.0052 325.556 0.40215 -6.54994 48.1567 3.44768 -13 1320 1 0 1
14.8608 -57.2856 325.556 2.75654 -7.36517 47.8769 1.34309 -13 1321 1 0 1
42.1738 17.271 325.556 8.93999 2.52651 57.6764 3.62479 -13 1322 1 0 1
3.99506 19.5087 325.556 0.708622 3.98945 74.8255 1.16471 -13 1323 1 0 1
19.8259 52.0264 325.556 4.45654 9.14175 63.7998 2.74634 -13 1324 1 0 1
-12.0755 -68.9166 325.556 -3.02358 -13.338 68.0049 4.15086 -13 1325 1 0 1
-35.7804 17.789 325.556 -8.96956 3.06637 69.4517 -0.78522 -13 1326 1 0 1
12.9099 10.0449 325.556 2.81025 1.30877 60.4307 1.7767 -13 1327 1 0 1
34.0333 -46.2237 325.556 7.85431 -8.76777 66.9204 1.62288 -13 1328 1 0 1
-18.5387 -17.2067 325.556 -3.2185 -2.54276 52.2886 1.46748 -13 1329 1 0 1
25.6462 -11.467 325.556 5.60404 -2.40278 61.9071 4.66367 -13 1330 1 0 1
14.5613 -2.3803 325.556 3.39843 -0.678332 72.1281 1.18086 -13 1331 1 0 1
-53.8808 -53.5838 325.556 -9.66078 -7.13597 50.2192 2.44563 -13 1332 1 0 1
5.36868 30.6773 325.556 1.2043 6.05436 66.598 4.16314 -13 1333 1 0 1
-15.1298 10.08 325.556 -3.56869 1.94099 64.8503 0.500729 -13 1334 1 0 1
30.7483 -34.3003 325.556 6.05902 -4.35968 51.973 0.769419 -13 1335 1 0 1
-24.0729 -17.6484 325.556 -4.24928 -1.98821 50.5322 2.00164 -13 1336 1 0 1
42.2205 -21.3941 325.556 10.2615 -4.63194 72.8902 1.20794 -13 1338 1 0 1
-6.67999 52.0877 325.556 -1.32243 8.68894 60.1537 2.55565 -13 1339 1 0 1
-31.1961 51.4304 325.556 -8.49647 11.393 74.4607 1.40253 -13 1340 1 0 1
-49.193 -45.0369 325.556 -11.5196 -8.57249 65.505 2.2162 -13 1341 1 0 1
-10.9387 34.9892 325.556 -1.95135 5.30982 53.5597 2.62697 -13 1342 1 0 1
62.0802 30.7333 325.556 11.635 4.35981 50.6896 0.484999 -13 1343 1 0 1
-6.24903 -1.76317 325.556 -2.3768 -0.475681 78.7978 2.45146 -13 1344 1 0 1
91.9387 2.61742 325.556 18.3953 0.669527 54.9726 2.57481 -13 1345 1 0 1
12.125 31.4349 325.556 2.62365 4.54602 54.105 3.56065 -13 1346 1 0 1
-12.51 -25.7145 325.556 -2.59942 -4.86537 60.8472 2.58527 -13 1347 1 0 1
-32.3043 6.93403 325.556 -9.24702 1.98105 77.1927 2.90784 -13 1348 1 0 1
-38.8982 -24.1565 325.556 -11.0087 -5.73277 76.9477 0.66349 -13 1349 1 0 1
5.466 94.262 325.556 0.799517 20.9417 77.9258 1.15759 -13 1350 1 0 1
60.4476 -129.093 325.556 5.5797 -4.83372 21.6599 7.82089 -13 1351 1 0 1
-10.2223 -59.5693 325.556 -2.64706 -11.4862 68.823 2.79628 -13 1352 1 0 1
-58.0621 73.7606 325.556 -10.5069 9.7192 50.2255 1.95099 -13 1354 1 0 1
-21.7034 27.21 325.556 -4.93759 4.94745 65.083 2.86894 -13 1355 1 0 1
8.00314 17.7559 325.556 1.77798 3.41331 68.0565 2.25895 -13 1356 1 0 1
7.17022 -32.9306 325.556 1.6238 -5.9017 65.1281 1.70419 -13 1357 1 0 1
34.4015 -8.55827 325.556 6.45585 -1.19611 48.8124 0.343583 -13 1358 1 0 1
45.9298 -11.3426 325.556 8.18431 -1.20318 47.0667 1.57386 -13 1359 1 0 1
39.0112 39.2499 325.556 9.78061 8.71678 77.6349 0.146432 -13 1360 1 0 1
15.4101 -51.0274 325.556 3.37818 -8.95358 60.5427 2.10796 -13 1361 1 0 1
-5.75489 -45.5598 325.556 -1.10889 -7.47019 58.992 3.99532 -13 1362 1 0 1
31.6936 -63.7062 325.556 7.34725 -12.081 68.5121 0.757072 -13 1363 1 0 1
-16.8425 12.3439 325.556 -3.88824 2.6592 65.6214 3.24296 -13 1364 1 0 1
-1.22198 0.975441 325.556 -0.0966893 -0.289694 61.3461 0.887515 -13 1365 1 0 1
-37.6718 -37.5601 325.556 -10.6833 -6.996 77.4596 3.48393 -13 1367 1 0 1
-32.8861 15.7188 325.556 -6.54228 2.4767 56.7288 2.41712 -13 1368 1 0 1
41.1118 -20.7991 325.556 9.99349 -4.36228 70.5135 1.74315 -13 1369 1 0 1
0.983064 60.2578 325.556 0.143436 11.3467 65.7313 2.13831 -13 1371 1 0 1
-45.5728 -37.1116 325.556 -12.4145 -8.09873 75.0747 1.62374 -13 1372 1 0 1
12.6441 46.3968 325.556 2.7759 7.0699 58.5557 2.10035 -13 1373 1 0 1
4.46173 -21.2654 325.556 0.837558 -4.20659 67.5363 2.0091 -13 1374 1 0 1
2.24094 38.9416 325.556 0.417058 7.00488 64.1408 1.17916 -13 1375 1 0 1
-40.8902 -17.5155 325.556 -8.16334 -3.07122 56.5781 0.432945 -13 1376 1 0 1
33.0691 5.46491 325.556 7.94483 1.41884 70.1659 2.71025 -13 1377 1 0 1
-18.9569 -21.7374 325.556 -4.20895 -4.24844 63.1257 3.52672 -13 1378 1 0 1
-25.9013 35.0788 325.556 -7.36738 7.32438 75.4108 0.212343 -13 1379 1 0 1
-57.7928 18.8923 325.556 -13.7793 3.34419 67.0509 1.64346 -13 1380 1 0 1
-53.3909 -38.7657 325.556 -10.7154 -6.15297 56.9408 3.57694 -13 1381 1 0 1
31.6936 4.23919 325.556 7.56916 1.04554 69.8767 1.24677 -13 1382 1 0 1
84.6997 11.5418 325.556 12.8959 0.77763 39.2528 4.33579 -13 1383 1 0 1
9.86825 64.1097 325.556 2.10067 9.36271 53.3196 1.90317 -13 1384 1 0 1
20.5081 0.518951 325.556 4.56226 0.103875 62.6035 2.56187 -13 1385 1 0 1
45.3599 4.73863 325.556 9.23243 0.671001 55.5351 3.33194 -13 1386 1 0 1
-60.9872 -47.346 325.556 -12.4606 -6.82423 57.0402 1.16634 -13 1387 1 0 1
-13.6038 -2.86694 325.556 -3.76669 -1.13466 72.9721 3.35886 -13 1388 1 0 1
158.938 9.69349 325.556 19.9747 0.419889 30.2223 3.40929 -13 1390 1 0 1
-60.1566 -9.31397 325.556 -10.3994 -1.16286 48.208 3.60385 -13 1391 1 0 1
53.958 -65.3058 325.556 11.6339 -10.7436 59.6967 1.90806 -13 1392 1 0 1
8.74778 -14.3359 325.556 1.93516 -2.66425 65.9544 0.363752 -13 1394 1 0 1
2.97367 6.49147 325.556 0.621699 1.57874 66.5738 1.84332 -13 1395 1 0 1
69.0998 -47.4802 325.556 16.3678 -9.429 68.6966 -0.103992 -13 1396 1 0 1
-4.49602 21.7225 325.556 -1.72226 4.35098 76.4202 4.40986 -13 1397 1 0 1
-30.2288 -9.02914 325.556 -4.98724 -0.736547 46.4984 2.13204 -13 1398 1 0 1
66.6687 11.5201 325.556 10.7176 0.830959 42.1827 2.19678 -13 1399 1 0 1
53.0539 -61.0063 325.556 11.3923 -9.77408 60.1413 2.66536 -13 1400 1 0 1
-50.2038 -25.193 325.556 -10.2713 -3.90146 57.6065 2.33963 -13 1401 1 0 1
-89.8549 28.9126 325.556 -15.0233 3.90191 45.6618 2.78949 -13 1402 1 0 1
51.4155 11.8409 325.556 9.99257 1.51221 51.7911 4.02306 -13 1403 1 0 1
4.01987 -36.0085 325.556 0.900953 -6.24166 62.7743 0.947239 -13 1404 1 0 1
121.98 4.79179 325.556 27.3906 0.828043 62.9072 3.12167 -13 1405 1 0 1
37.5646 18.412 325.556 8.30577 3.55707 62.3839 5.18756 -13 1406 1 0 1
-9.22803 -10.7161 325.556 -1.77325 -1.77681 57.8271 3.76834 -13 1407 1 0 1
-11.1189 13.0916 325.556 -2.96084 2.70031 70.6848 2.23617 -13 1408 1 0 1
-79.343 26.5422 325.556 -15.1565 3.92913 53.0272 1.62968 -13 1409 1 0 1
19.8786 -37.7804 325.556 4.14376 -5.59688 54.2292 2.31668 -13 1410 1 0 1
-21.0869 7.84965 325.556 -4.0944 1.08335 56.1375 1.0854 -13 1411 1 0 1
-141.634 -32.8221 325.556 -23.9332 -3.2643 44.8636 3.58678 -13 1412 1 0 1
-28.0557 21.458 325.556 -6.9187 3.45921 68.5693 0.936453 -13 1413 1 0 1
6.21484 -42.9281 325.556 1.47646 -6.86327 54.0493 4.06503 -13 1414 1 0 1
14.3492 -36.5222 325.556 3.15858 -6.41993 63.1442 4.19603 -13 1415 1 0 1
-37.2258 -29.2914 325.556 -8.96469 -6.04786 67.5193 2.93174 -13 1416 1 0 1
49.5454 6.78867 325.556 12.0978 1.52304 71.7206 -0.432417 -13 1417 1 0 1
14.2285 13.3418 325.556 2.09043 1.07812 34.2109 2.71455 -13 1419 1 0 1
-14.3121 -28.0461 325.556 -4.29123 -6.28215 76.6337 2.79764 -13 1420 1 0 1
18.1979 4.71427 325.556 4.30336 1.74263 79.3304 0.765988 -13 1422 1 0 1
-28.6842 1.35953 325.556 -5.26001 0.554642 52.488 2.04026 -13 1423 1 0 1
15.5187 11.931 325.556 3.43352 2.22004 60.2655 0.29712 -13 1424 1 0 1
22.0706 -24.2483 325.556 5.06436 -4.99492 68.7599 0.574618 -13 1425 1 0 1
31.3225 -23.2875 325.556 6.19885 -3.36362 53.9512 0.367697 -13 1426 1 0 1
3.99689 32.5053 325.556 0.872807 4.16434 47.6427 5.13156 -13 1427 1 0 1
20.6628 -80.4612 325.556 4.68183 -15.5314 67.5451 4.64884 -13 1428 1 0 1
-55.4556 -7.04564 325.556 -14.9349 -1.65113 74.8107 3.84466 -13 1429 1 0 1
24.4307 -19.9021 325.556 5.84565 -4.61868 72.0872 2.24785 -13 1430 1 0 1
-28.9595 -2.39535 325.556 -7.97481 -1.3685 74.393 2.09213 -13 1431 1 0 1
34.3638 -10.4887 325.556 7.71902 -1.5421 63.4457 3.63183 -13 1432 1 0 1
-62.8615 40.8185 325.556 -17.341 9.24514 76.6675 0.844646 -13 1433 1 0 1
-70.3187 -71.2279 325.556 -8.2675 -5.14923 30.2184 5.67279 -13 1434 1 0 1
38.3321 34.5314 325.556 8.51059 6.04902 62.6806 3.88133 -13 1435 1 0 1
57.0841 -68.7415 325.556 12.2842 -11.5936 60.4034 2.94404 -13 1436 1 0 1
4.54896 24.8085 325.556 1.01384 4.28963 62.417 1.88316 -13 1437 1 0 1
-11.9147 16.2595 325.556 -2.59974 2.80273 61.9016 2.21987 -13 1438 1 0 1
8.7666 -35.8215 325.556 1.90667 -6.34124 61.3086 0.289047 -13 1440 1 0 1
-20.0007 20.8929 325.556 -5.59587 4.49608 74.0473 2.42911 -13 1441 1 0 1
5.93485 -10.7187 325.556 1.35494 -1.99226 62.8311 2.05568 -13 1442 1 0 1
22.8242 -19.9861 325.556 5.37013 -4.36137 70.496 4.53677 -13 1443 1 0 1
-5.81972 -74.7369 325.556 -1.02148 -11.1044 54.1956 3.19388 -13 1444 1 0 1
38.0021 -1.23704 325.556 8.31143 -0.557174 61.485 1.6024 -13 1445 1 0 1
-59.2225 -22.0758 325.556 -16.7151 -4.4341 77.7892 3.63311 -13 1446 1 0 1
12.3833 15.4082 325.556 2.65115 2.60137 58.5528 0.388266 -13 1447 1 0 1
-0.497845 40.7796 325.556 -0.345666 7.9233 70.1489 1.22422 -13 1448 1 0 1
56.5643 11.4262 325.556 12.7257 1.92914 63.5734 0.786267 -13 1449 1 0 1
-7.71815 -1.66027 325.556 -2.33385 -0.101301 73.4357 0.595571 -13 1450 1 0 1
37.7389 61.6105 325.556 9.23777 13.3368 73.7309 1.54332 -13 1451 1 0 1
16.2056 1.41758 325.556 3.81283 0.632357 72.7355 0.0144995 -13 1452 1 0 1
28.5064 -9.93596 325.556 5.59983 -1.57945 53.4902 1.6054 -13 1453 1 0 1
149.824 -67.9106 325.556 17.5857 -4.40054 28.2443 5.65246 -13 1454 1 0 1
88.3711 24.7403 325.556 17.984 3.83251 56.4357 1.74728 -13 1455 1 0 1
-40.0963 -25.5108 325.556 -11.1374 -5.74773 75.7946 1.96787 -13 1456 1 0 1
49.1887 -26.454 325.556 11.7184 -5.54194 69.134 1.99135 -13 1457 1 0 1
31.9609 -60.8217 325.556 6.77227 -9.80832 57.5728 4.11786 -13 1458 1 0 1
114.378 81.1181 325.556 11.3946 3.49485 23.4242 5.58461 -13 1459 1 0 1
-57.1389 -1.10858 325.556 -13.5414 -0.341914 66.3336 0.302804 -13 1460 1 0 1
-97.5568 11.5113 325.556 -18.7658 1.27339 53.0398 3.63597 -13 1461 1 0 1
-41.0336 15.6206 325.556 -9.30221 3.2328 64.223 1.49432 -13 1462 1 0 1
-41.1719 44.2499 325.556 -10.3657 8.80013 69.7655 3.98582 -13 1463 1 0 1
68.1767 67.2005 325.556 12.6528 9.16302 50.2427 2.88165 -13 1464 1 0 1
-25.3694 30.079 325.556 -6.72997 6.02444 72.0077 0.111596 -13 1465 1 0 1
-32.7927 29.2537 325.556 -8.17973 5.72541 68.877 0.791513 -13 1466 1 0 1
-54.459 -64.843 325.556 -14.1499 -13.7031 72.1014 1.45974 -13 1467 1 0 1
40.2864 -40.5241 325.556 9.72342 -8.68448 71.75 1.18604 -13 1468 1 0 1
-41.0638 -6.43155 325.556 -8.49743 -1.10725 58.59 0.808843 -13 1469 1 0 1
-44.2195 31.9477 325.556 -9.70685 5.33731 61.4682 2.03956 -13 1470 1 0 1
9.3143 58.458 325.556 1.85201 12.3195 74.3228 2.01661 -13 1471 1 0 1
119.699 -30.2058 325.556 20.1523 -3.53465 44.3556 2.57657 -13 1472 1 0 1
-71.4724 -16.1829 325.556 -16.9232 -2.98688 66.1959 2.66681 -13 1473 1 0 1
4.68356 23.5072 325.556 1.03188 4.69207 65.2258 1.79649 -13 1474 1 0 1
12.7135 23.8264 325.556 2.86012 4.3132 74.6462 1.72292 -13 1475 1 0 1
-55.6732 -59.2946 325.556 -14.224 -11.9113 71.3817 1.44741 -13 1476 1 0 1
-20.4377 -39.9882 325.556 -4.35401 -7.43664 62.077 2.41621 -13 1477 1 0 1
20.446 -30.7733 325.556 4.77716 -6.09296 70.1174 1.61398 -13 1478 1 0 1
-41.6241 -30.9227 325.556 -10.0843 -6.14991 68.0301 0.814281 -13 1479 1 0 1
-57.3917 -26.2539 325.556 -14.0526 -5.25732 68.4579 2.13432 -13 1480 1 0 1
-4.34254 37.7501 325.556 -1.53182 8.39262 73.5233 1.15162 -13 1481 1 0 1
37.994 7.957 325.556 8.81484 0.861512 67.7824 3.09552 -13 1483 1 0 1
22.9675 -1.59403 325.556 5.50896 -0.356466 73.0236 2.50274 -13 1484 1 0 1
52.3818 26.8951 325.556 9.78623 3.78323 50.3803 2.40084 -13 1485 1 0 1
-14.4059 -18.6679 325.556 -3.25085 -3.7682 64.7489 2.24464 -13 1486 1 0 1
14.0298 -20.6761 325.556 3.1302 -4.99145 74.1122 2.02137 -13 1487 1 0 1
-33.579 5.37937 325.556 -8.1682 1.18546 67.7969 3.03598 -13 1488 1 0 1
-14.5517 73.8748 325.556 -3.03413 12.7709 60.3024 -0.193999 -13 1489 1 0 1
-19.5437 37.479 325.556 -5.20268 7.43173 72.366 2.32387 -13 1490 1 0 1
-40.0808 32.0266 325.556 -9.32912 5.91234 65.2416 1.79086 -13 1491 1 0 1
-13.8473 -4.02721 325.556 -3.26244 -0.499602 66.0089 2.92555 -13 1492 1 0 1
-57.9447 -30.7542 325.556 -9.30382 -3.79127 44.5078 2.71703 -13 1493 1 0 1
-7.21347 -1.25806 325.556 -2.68821 -0.229532 79.6067 2.95021 -13 1494 1 0 1
-48.7951 -55.6129 325.556 -14.3275 -13.0184 78.2855 1.58637 -13 1495 1 0 1
-6.56303 -26.5466 325.556 -1.14592 -4.23395 57.1671 2.48366 -13 1496 1 0 1
57.0245 14.8324 325.556 13.2927 2.17997 66.7353 1.4583 -13 1497 1 0 1
-30.7958 -31.7387 325.556 -6.44835 -5.05133 59.4133 5.91061 -13 1498 1 0 1
3.93255 -14.6722 325.556 1.00584 -2.41719 58.3768 5.08761 -13 1499 1 0 1
67.7291 101.163 325.556 13.518 14.9218 55.1471 3.56293 -13 1500 1 0 1
8.99649 8.10417 325.556 2.00367 1.31402 63.428 -0.0867384 -13 1501 1 0 1
53.8226 -29.8456 325.556 10.9393 -4.44221 55.4866 0.515752 -13 1502 1 0 1
24.7441 18.4784 325.556 5.97013 3.6797 74.1262 2.84727 -13 1504 1 0 1
-5.30922 11.0901 325.556 -1.55813 1.99146 71.1701 4.25369 -13 1505 1 0 1
-14.6538 -36.1673 325.556 -3.35011 -6.36154 64.8611 0.130056 -13 1506 1 0 1
31.6899 -0.170117 325.556 7.06255 0.221737 63.2181 1.0187 -13 1507 1 0 1
2.29829 -16.7563 325.556 0.641694 -3.16612 61.5771 2.6314 -13 1508 1 0 1
53.888 3.88213 325.556 10.3093 0.401855 51.427 2.67932 -13 1509 1 0 1
-65.1643 -23.4952 325.556 -18.3214 -4.38271 77.551 1.6718 -13 1510 1 0 1
-33.0958 -67.849 325.556 -7.24443 -11.3656 62.2272 1.52925 -13 1511 1 0 1
-72.523 -67.3332 325.556 -18.4295 -13.1412 70.8761 2.25912 -13 1512 1 0 1
-20.1365 -22.84 325.556 -6.12683 -4.51491 77.5162 2.1379 -13 1513 1 0 1
-89.308 17.3204 325.556 -23.4894 3.49496 73.3926 0.312946 -13 1514 1 0 1
39.1325 -32.7768 325.556 8.46592 -5.19292 60.4796 2.66193 -13 1515 1 0 1
40.1974 25.732 325.556 9.57426 5.16606 69.0313 1.94237 -13 1516 1 0 1
25.6218 13.6734 325.556 5.22686 1.7881 54.4973 2.77969 -13 1517 1 0 1
8.88848 86.2883 325.556 1.90141 11.6331 52.1422 2.28156 -13 1518 1 0 1
11.7204 -43.4846 325.556 2.67782 -8.44378 63.3357 0.51127 -13 1519 1 0 1
31.1137 56.2364 325.556 6.9616 9.85079 63.467 2.17895 -13 1520 1 0 1
52.5579 -2.81172 325.556 8.21172 0.0298961 41.061 1.34815 -13 1521 1 0 1
-21.6208 29.663 325.556 -4.2091 4.58016 56.017 4.36386 -13 1522 1 0 1
-27.5323 -51.073 325.556 -6.65003 -9.67687 66.8819 1.25727 -13 1523 1 0 1
-43.6444 -49.3423 325.556 -7.45578 -6.85219 48.2025 1.49992 -13 1524 1 0 1
-19.0588 15.7934 325.556 -5.08929 3.87097 72.8105 2.54378 -13 1525 1 0 1
-56.1274 15.8193 325.556 -11.5695 2.33477 58.8711 1.61635 -13 1526 1 0 1
30.6039 -52.4534 325.556 6.64723 -8.33627 59.5318 2.48561 -13 1527 1 0 1
-73.1188 94.2106 325.556 -10.5856 9.52875 39.2049 2.34223 -13 1528 1 0 1
26.6659 -41.8216 325.556 4.55876 -4.36382 41.7418 3.17172 -13 1529 1 0 1
-29.5158 -17.4534 325.556 -6.97418 -3.1375 66.7497 2.21609 -13 1530 1 0 1
44.2997 -32.2579 325.556 9.72698 -5.3032 61.4429 0.630952 -13 1531 1 0 1
36.4589 23.4765 325.556 8.15209 4.15375 63.3949 1.64883 -13 1532 1 0 1
-7.06708 -23.6981 325.556 -2.33616 -5.71493 75.3902 1.94099 -13 1533 1 0 1
-9.46797 20.9597 325.556 -2.51363 3.52677 70.2974 2.2482 -13 1534 1 0 1
-47.2942 46.685 325.556 -12.4451 9.65821 72.7682 0.335713 -13 1536 1 0 1
-55.0395 0.465629 325.556 -13.6545 -0.243245 69.3817 2.8624 -13 1537 1 0 1
-0.445623 -13.5507 325.556 -0.399424 -2.86867 69.9743 1.43294 -13 1538 1 0 1
-80.8797 9.46829 325.556 -18.0981 2.14184 62.8004 2.55947 -13 1539 1 0 1
-17.2581 68.048 325.556 -4.95945 14.8188 74.2734 1.27728 -13 1540 1 0 1
-45.5452 10.8847 325.556 -10.6074 1.93624 65.726 0.331068 -13 1541 1 0 1
-9.2974 -57.2553 325.556 -2.64474 -10.671 71.4011 0.296766 -13 1542 1 0 1
-55.5845 -68.1241 325.556 -11.8011 -11.9112 59.787 3.57132 -13 1543 1 0 1
-37.5281 24.5206 325.556 -9.40397 4.7775 69.3793 2.57702 -13 1544 1 0 1
-7.66184 -14.6904 325.556 -1.83575 -2.54598 65.7306 1.67546 -13 1546 1 0 1
19.9136 23.2629 325.556 4.23855 3.81961 58.7295 1.2297 -13 1547 1 0 1
-24.5699 59.6092 325.556 -5.81042 11.0197 65.7272 3.89098 -13 1548 1 0 1
-33.7935 39.366 325.556 -7.1746 6.74117 59.65 4.02445 -13 1549 1 0 1
2.05591 57.1979 325.556 0.445553 10.2114 63.5995 3.6534 -13 1550 1 0 1
-5.43223 13.1238 325.556 -2.01839 3.2587 76.3792 2.99652 -13 1552 1 0 1
82.8087 -3.38027 325.556 13.6912 -0.603453 43.7879 3.1734 -13 1554 1 0 1
-27.2749 2.96745 325.556 -7.77263 0.369931 76.8276 1.10211 -13 1555 1 0 1
13.5252 -29.1733 325.556 2.81555 -4.44936 55.1427 3.15758 -13 1556 1 0 1
1.54516 -43.164 325.556 -0.133393 -9.68833 75.2033 0.891404 -13 1557 1 0 1
-9.65998 -30.5787 325.556 -3.30489 -6.35601 78.2114 1.88781 -13 1558 1 0 1
111.057 33.8533 325.556 16.6539 3.48665 38.1672 1.50883 -13 1559 1 0 1
-20.1019 6.8116 325.556 -5.9732 2.02114 77.4445 2.90014 -13 1560 1 0 1
28.522 24.3457 325.556 6.8023 5.50643 71.2685 0.0956856 -13 1561 1 0 1
-85.634 -25.5138 325.556 -14.3772 -2.96789 45.7357 3.72186 -13 1562 1 0 1
55.6785 6.07926 325.556 10.1325 0.746101 48.5236 4.23986 -13 1563 1 0 1
-25.764 63.2685 325.556 -6.3153 12.4397 67.9205 4.20892 -13 1564 1 0 1
-34.5841 6.25192 325.556 -5.16317 0.72555 42.1058 2.90037 -13 1566 1 0 1
6.43689 -51.7995 325.556 1.45784 -9.30756 64.2736 1.28121 -13 1567 1 0 1
48.2155 41.3863 325.556 7.49529 4.14838 40.2852 2.42971 -13 1568 1 0 1
-47.2952 34.0222 325.556 -12.5246 7.09416 73.3602 1.74089 -13 1569 1 0 1
45.1546 19.3133 325.556 9.29677 3.07534 56.0186 0.683076 -13 1570 1 0 1
-111.33 -39.1577 325.556 -22.7672 -6.27354 56.4178 1.56673 -13 1571 1 0 1
10.9569 27.2237 325.556 2.48782 5.82458 66.5656 2.84743 -13 1572 1 0 1
-14.5435 -18.162 325.556 -3.80403 -3.75395 69.9646 3.74964 -13 1573 1 0 1
74.2514 35.1775 325.556 14.1016 4.77751 51.378 0.943342 -13 1574 1 0 1
1.4282 18.828 325.556 -0.0942134 3.33292 73.6876 1.98266 -13 1575 1 0 1
1.40431 -0.0645508 325.556 0.210727 0.307938 64.2241 1.65639 -13 1576 1 0 1
-8.90375 15.9496 325.556 -2.07521 3.1077 64.4085 1.72313 -13 1577 1 0 1
-78.8694 22.0937 325.556 -18.1917 4.0747 64.4713 2.85716 -13 1578 1 0 1
42.132 44.0807 325.556 9.11854 7.28455 60.4593 1.78294 -13 1579 1 0 1
4.44955 -20.6289 325.556 0.878098 -4.37991 69.677 1.81282 -13 1580 1 0 1
29.8936 4.97622 325.556 5.28885 0.425965 45.7042 1.8759 -13 1581 1 0 1
75.16 13.3195 325.556 11.6899 1.51939 40.2151 3.59854 -13 1582 1 0 1
5.91596 -44.5787 325.556 1.25374 -4.57733 42.9798 3.67809 -13 1583 1 0 1
-5.00284 -32.7397 325.556 -1.35572 -6.55152 67.4391 3.24345 -13 1584 1 0 1
-18.3082 -10.3548 325.556 -4.01126 -1.72047 62.3994 2.17049 -13 1585 1 0 1
38.0661 -3.5125 325.556 9.04796 -0.0123994 69.9035 3.48997 -13 1586 1 0 1
-60.6856 4.69469 325.556 -14.1461 1.0183 65.5438 2.69168 -13 1587 1 0 1
-29.8331 -29.1995 325.556 -8.66782 -6.4064 78.2623 3.6583 -13 1588 1 0 1
38.4386 12.6964 325.556 9.33525 2.59496 72.2475 1.19116 -13 1589 1 0 1
-54.3005 -51.4075 325.556 -11.4141 -8.54077 59.4967 0.777292 -13 1590 1 0 1
-31.766 -10.5583 325.556 -8.81032 -1.85167 75.0532 -0.260459 -13 1591 1 0 1
-34.5387 46.13 325.556 -9.33779 9.86503 73.7162 2.84272 -13 1592 1 0 1
53.8031 67.4239 325.556 12.8723 13.0047 70.2121 3.08322 -13 1593 1 0 1
-4.01223 11.1846 325.556 -0.625759 1.50093 55.7343 4.11327 -13 1594 1 0 1
-68.0322 -51.0061 325.556 -11.5824 -6.21761 47.0297 1.45417 -13 1596 1 0 1
14.4952 16.8025 325.556 3.25883 3.61563 78.6945 4.74266 -13 1597 1 0 1
38.5297 53.4545 325.556 9.18852 11.1636 70.6531 2.00201 -13 1598 1 0 1
85.574 38.8431 325.556 12.8283 4.04919 38.4943 2.26695 -13 1599 1 0 1
-24.3456 14.9536 325.556 -6.89026 3.13848 75.2666 2.49643 -13 1600 1 0 1
-3.97559 48.1703 325.556 -0.87161 8.47225 61.9752 2.74833 -13 1601 1 0 1
-37.0623 -12.8545 325.556 -9.71188 -2.30579 72.0709 1.0118 -13 1602 1 0 1
41.2197 -51.853 325.556 8.41761 -7.54061 56.0597 1.42511 -13 1603 1 0 1
-60.8657 23.017 325.556 -15.4547 4.598 70.9852 2.07 -13 1604 1 0 1
5.89421 -53.1228 325.556 0.957291 -11.7466 77.4007 3.32305 -13 1605 1 0 1
-54.9111 24.7446 325.556 -15.2343 5.32554 76.5377 1.84307 -13 1606 1 0 1
55.9437 9.58931 325.556 12.7258 1.4598 64.2403 2.55997 -13 1607 1 0 1
-13.5991 -11.2064 325.556 -3.21909 -2.4062 66.1837 3.34467 -13 1608 1 0 1
49.934 -0.912639 325.556 9.90919 -0.0319121 53.8922 2.79983 -13 1609 1 0 1
27.1982 -62.6987 325.556 3.15275 -3.90809 27.7343 5.9756 -13 1611 1 0 1
1.57454 2.01602 325.556 0.328739 0.663645 64.2917 3.40623 -13 1612 1 0 1
11.2578 -36.4264 325.556 2.53138 -6.67382 69.9455 2.47319 -13 1613 1 0 1
78.581 -9.97539 325.556 15.6921 -1.8352 54.6239 1.6095 -13 1614 1 0 1
9.87633 -17.3105 325.556 1.96539 -2.27049 49.5217 3.16273 -13 1615 1 0 1
-31.9896 67.7472 325.556 -9.2738 14.4823 77.3088 1.7303 -13 1616 1 0 1
-50.1602 -85.2706 325.556 -6.65218 -7.35561 35.9528 2.23499 -13 1617 1 0 1
-58.5992 -39.0563 325.556 -12.8464 -6.9234 61.8133 1.31006 -13 1618 1 0 1
32.2647 -25.9056 325.556 7.27936 -4.91441 64.0979 -1.32221 -13 1619 1 0 1
20.7137 -5.4221 325.556 4.20315 -0.861457 55.6752 4.15353 -13 1620 1 0 1
-23.2751 23.2226 325.556 -4.0857 3.44887 52.7698 2.43209 -13 1621 1 0 1
-34.0807 36.0013 325.556 -10.2053 8.65961 79.5863 2.74677 -13 1622 1 0 1
37.5885 -49.8206 325.556 8.83164 -9.7553 69.036 2.8853 -13 1623 1 0 1
7.45606 -12.5707 325.556 1.55928 -1.63595 47.5605 0.73047 -13 1624 1 0 1
16.9866 13.2796 325.556 3.66451 2.38556 59.323 2.38719 -13 1625 1 0 1
-125.563 -145.143 325.556 -18.5964 -13.8242 38.9939 4.77005 -13 1626 1 0 1
32.1848 -53.7183 325.556 5.99169 -7.40452 49.7518 1.83955 -13 1627 1 0 1
-37.7391 -26.8507 325.556 -10.4531 -6.27621 75.4997 -0.241435 -13 1628 1 0 1
21.6705 42.5227 325.556 4.99639 7.7543 68.0309 0.638756 -13 1630 1 0 1
-62.5803 -10.5849 325.556 -13.9907 -1.81128 62.89 2.22232 -13 1631 1 0 1
2.58079 -18.1838 325.556 0.692657 -3.04807 53.008 1.51838 -13 1632 1 0 1
-41.9494 49.8506 325.556 -9.42556 8.72508 63.1269 1.78582 -13 1633 1 0 1
-6.83406 -41.5369 325.556 -1.36051 -6.72523 58.6405 2.57171 -13 1634 1 0 1
35.3709 0.189504 325.556 7.57538 -0.0979987 59.2826 2.73555 -13 1635 1 0 1
-28.0733 -18.4792 325.556 -7.96835 -3.83426 76.1344 0.962002 -13 1636 1 0 1
-2.04105 37.9729 325.556 -0.565231 7.11717 65.4647 1.61527 -13 1637 1 0 1
37.2842 36.9721 325.556 7.97816 6.08715 57.9598 3.90028 -13 1638 1 0 1
16.1657 -1.75666 325.556 3.1174 -0.311272 49.102 4.88515 -13 1639 1 0 1
77.3964 13.4102 325.556 14.6434 2.0944 51.0211 3.38566 -13 1640 1 0 1
-8.01718 18.1899 325.556 -2.52496 3.80431 74.0372 3.28088 -13 1641 1 0 1
1.40039 24.7109 325.556 0.438538 3.83728 58.5934 2.2665 -13 1642 1 0 1
56.834 74.6049 325.556 10.4939 10.0684 49.9675 0.985371 -13 1643 1 0 1
-47.9006 34.1691 325.556 -12.8221 6.81775 73.9518 -0.459332 -13 1644 1 0 1
-81.7919 -39.5189 325.556 -20.3311 -7.94256 69.3402 0.944487 -13 1645 1 0 1
6.986 4.30827 325.556 1.5542 0.474269 63.9543 -0.428468 -13 1646 1 0 1
-59.0479 -20.1556 325.556 -5.77651 -1.07694 24.4712 4.35571 -13 1647 1 0 1
90.3494 -105.052 325.556 14.6544 -10.9416 43.2906 2.84058 -13 1648 1 0 1
-30.2 26.1792 325.556 -6.9464 4.63022 65.3929 3.61727 -13 1649 1 0 1
-45.6623 0.475416 325.556 -9.8152 -0.0488626 60.4586 1.32369 -13 1650 1 0 1
3.61138 37.7613 325.556 0.810796 6.32406 60.4301 0.471852 -13 1651 1 0 1
-12.2384 34.8449 325.556 -2.36607 5.5539 58.4872 0.623906 -13 1652 1 0 1
7.16569 12.9322 325.556 1.50043 1.81642 52.3749 2.93129 -13 1653 1 0 1
-14.1534 -49.0678 325.556 -2.16404 -5.7246 45.7674 1.73739 -13 1654 1 0 1
-22.9764 -0.710373 325.556 -5.53142 -0.627134 66.759 3.23421 -13 1655 1 0 1
-11.4397 45.7445 325.556 -3.37457 9.98338 73.4484 2.06558 -13 1656 1 0 1
-106.873 3.78327 325.556 -22.7379 0.491024 58.8877 3.45362 -13 1657 1 0 1
102.615 -8.05216 325.556 17.009 -1.11665 43.5204 1.26884 -13 1658 1 0 1
35.2236 -29.5728 325.556 7.70938 -4.42627 60.2496 3.16959 -13 1659 1 0 1
-2.89404 28.6766 325.556 -0.700318 4.92182 62.7283 4.79038 -13 1660 1 0 1
61.6702 -68.6426 325.556 13.7098 -12.1787 62.49 4.33013 -13 1661 1 0 1
6.98686 -28.8979 325.556 1.45681 -6.24875 70.9913 2.20567 -13 1662 1 0 1
1.66095 10.1264 325.556 0.44494 0.929569 44.9417 2.69467 -13 1663 1 0 1
14.6383 -3.66928 325.556 3.28403 -0.775926 64.2736 1.76422 -13 1664 1 0 1
7.87379 -11.1924 325.556 1.53038 -2.93856 77.6451 0.852639 -13 1665 1 0 1
19.3537 -41.156 325.556 4.37658 -7.67315 68.7759 1.91157 -13 1666 1 0 1
79.661 -0.671952 325.556 16.4282 -0.286651 56.4245 3.33125 -13 1667 1 0 1
99.1191 -17.3592 325.556 19.8103 -3.29633 54.9048 1.08007 -13 1668 1 0 1
102.691 45.8433 325.556 13.5531 3.46959 33.1828 2.48042 -13 1669 1 0 1
5.9897 -49.5628 325.556 1.37259 -8.32504 58.201 2.06217 -13 1670 1 0 1
-43.407 24.5345 325.556 -12.8426 5.42432 78.9824 1.74906 -13 1671 1 0 1
55.0716 -83.9474 325.556 11.1943 -12.5256 56.0838 1.03663 -13 1672 1 0 1
17.5547 -26.8412 325.556 3.83247 -4.32484 58.3339 2.84302 -13 1673 1 0 1
7.03194 -66.6862 325.556 1.47583 -9.16633 50.8482 2.49711 -13 1674 1 0 1
-39.8763 -38.0146 325.556 -8.38149 -6.20192 60.3932 0.239374 -13 1675 1 0 1
-96.3074 -45.9117 325.556 -7.89117 -1.5254 18.7243 6.42822 -13 1676 1 0 1
37.6962 -16.5587 325.556 6.2541 -1.99076 43.3072 4.89116 -13 1677 1 0 1
33.2941 12.9252 325.556 6.94276 2.30531 57.3566 1.73019 -13 1678 1 0 1
33.8258 71.1557 325.556 7.08808 11.2298 57.6473 4.46577 -13 1679 1 0 1
-23.1062 -18.6587 325.556 -4.2761 -2.54513 52.996 3.81907 -13 1680 1 0 1
8.16471 -2.71885 325.556 1.83085 -0.517859 58.278 1.55708 -13 1681 1 0 1
51.9098 36.0907 325.556 9.53597 5.06252 48.9892 1.88229 -13 1682 1 0 1
51.0975 -29.9749 325.556 11.784 -5.49141 65.9862 1.19452 -13 1683 1 0 1
60.4211 12.4987 325.556 12.9385 2.15203 59.8968 4.09699 -13 1684 1 0 1
-3.15926 -30.6651 325.556 -1.3244 -6.53938 74.1756 1.50573 -13 1685 1 0 1
-3.75724 37.6546 325.556 -0.568333 5.78734 56.5765 4.506 -13 1686 1 0 1
-24.0865 -61.7668 325.556 -4.72017 -10.0168 57.1981 1.98694 -13 1687 1 0 1
60.707 37.3697 325.556 12.6625 6.01799 57.864 1.06024 -13 1688 1 0 1
14.4278 1.10838 325.556 3.34737 -0.171762 72.4406 0.739293 -13 1690 1 0 1
-6.5366 -27.0776 325.556 -1.93671 -5.63818 70.7109 1.30685 -13 1691 1 0 1
-2.35512 -8.2985 325.556 -0.337422 -1.2818 59.0165 1.9001 -13 1692 1 0 1
52.399 -27.4862 325.556 6.86161 -2.10109 32.4708 1.16296 -13 1693 1 0 1
31.8465 1.66138 325.556 6.746 0.077956 57.7308 2.21409 -13 1694 1 0 1
6.56 2.5506 325.556 1.42047 0.378289 71.7516 1.82904 -13 1695 1 0 1
-70.1878 -18.0474 325.556 -19.6752 -4.0437 76.8046 2.70464 -13 1696 1 0 1
86.4204 30.8044 325.556 15.0924 3.7705 46.4267 1.26878 -13 1697 1 0 1
-23.7327 12.687 325.556 -4.57222 1.62153 55.4304 2.49312 -13 1698 1 0 1
19.9964 8.18381 325.556 4.6127 1.64862 66.1847 -0.119715 -13 1699 1 0 1
-13.4143 11.5742 325.556 -3.56388 1.67825 71.5374 1.92555 -13 1700 1 0 1
-7.19605 -6.51178 325.556 -2.23033 -1.59796 73.1571 -0.00356604 -13 1701 1 0 1
9.41876 6.05043 325.556 2.05773 1.41573 70.7522 2.58945 -13 1702 1 0 1
29.4467 -9.12098 325.556 6.94651 -1.88544 68.5934 2.06401 -13 1703 1 0 1
-30.11 -48.3268 325.556 -5.70722 -6.93235 54.2381 1.26479 -13 1704 1 0 1
-43.4069 -1.17739 325.556 -11.4048 0.161735 72.7409 0.826841 -13 1705 1 0 1
-34.9345 -66.0368 325.556 -9.91046 -14.8936 76.7189 1.67053 -13 1706 1 0 1
14.7252 -43.4433 325.556 3.03914 -6.3657 54.6568 1.02953 -13 1707 1 0 1
-36.5697 36.1447 325.556 -9.15309 7.293 69.5124 1.32645 -13 1708 1 0 1
-17.1221 27.3807 325.556 -3.6022 4.75144 60.3996 0.813878 -13 1709 1 0 1
33.1445 98.0815 325.556 5.14954 10.1488 39.3221 2.39988 -13 1710 1 0 1
40.6103 44.7028 325.556 8.9899 7.85828 62.1487 1.84059 -13 1711 1 0 1
55.3492 -55.3266 325.556 9.5269 -6.49442 44.9927 3.36891 -13 1712 1 0 1
-18.9753 -35.2886 325.556 -3.62308 -5.32051 56.9054 2.92609 -13 1713 1 0 1
-15.2959 27.3386 325.556 -4.25235 5.80431 73.8648 1.35017 -13 1714 1 0 1
30.3839 -37.697 325.556 6.78973 -7.26185 62.7997 1.67219 -13 1715 1 0 1
-18.9493 33.0068 325.556 -3.7433 5.18513 57.1693 4.82833 -13 1716 1 0 1
42.1932 -22.3696 325.556 7.5749 -2.77538 48.0131 3.87442 -13 1717 1 0 1
61.8715 -26.9573 325.556 14.9003 -5.6709 70.3955 1.09706 -13 1718 1 0 1
-10.4449 -20.7874 325.556 -2.93068 -4.28358 71.0734 1.2861 -13 1719 1 0 1
-24.8886 14.8887 325.556 -6.15882 3.12047 69.1148 1.32434 -13 1720 1 0 1
57.8737 30.0097 325.556 13.8611 6.0475 69.7761 2.15642 -13 1721 1 0 1
47.8447 6.40419 325.556 11.3008 1.06349 68.3498 2.10964 -13 1722 1 0 1
40.8364 8.57177 325.556 10.3402 1.7611 76.6238 0.0155526 -13 1723 1 0 1
-9.01263 -54.8218 325.556 -1.44087 -7.63765 52.229 2.99322 -13 1724 1 0 1
86.7429 -20.6003 325.556 18.4479 -3.08446 58.9366 2.55573 -13 1725 1 0 1
1.83055 -53.2876 325.556 0.56328 -7.54302 52.186 3.19201 -13 1726 1 0 1
43.9463 4.75236 325.556 10.4844 0.920836 69.6697 3.48711 -13 1727 1 0 1
-23.7692 32.5241 325.556 -5.10369 5.73491 61.5373 3.46889 -13 1728 1 0 1
-58.7373 45.9148 325.556 -12.3367 7.93922 59.0079 4.2232 -13 1729 1 0 1
37.8669 -15.2587 325.556 7.19484 -2.20374 50.3467 1.73975 -13 1731 1 0 1
-15.8098 29.5947 325.556 -3.9819 5.93364 68.8928 2.57295 -13 1732 1 0 1
25.6853 -5.56581 325.556 5.60675 -1.02917 61.3303 0.696094 -13 1733 1 0 1
1.8721 -19.9183 325.556 0.118488 -3.96397 74.6706 -0.594716 -13 1734 1 0 1
17.9138 -2.29116 325.556 4.01182 -1.00733 61.4254 0.598725 -13 1735 1 0 1
-25.59 21.478 325.556 -6.31395 3.91605 68.0025 1.24507 -13 1736 1 0 1
2.58595 -1.03364 325.556 0.719295 -0.48528 48.7454 2.04234 -13 1737 1 0 1
50.7661 43.4862 325.556 10.7095 7.03701 58.3897 0.701213 -13 1738 1 0 1
4.65457 14.7891 325.556 0.980181 1.57696 43.0696 3.84588 -13 1739 1 0 1
47.0325 -30.9962 325.556 11.1352 -6.40613 69.5176 1.13904 -13 1740 1 0 1
-8.27309 -34.2493 325.556 -1.99046 -7.03896 65.2283 2.76844 -13 1741 1 0 1
-40.2252 -27.8482 325.556 -7.63467 -3.85138 53.8983 3.37498 -13 1742 1 0 1
43.1512 63.6077 325.556 9.78781 11.7393 65.3293 2.9726 -13 1743 1 0 1
96.8014 -15.1232 325.556 19.6759 -2.71918 56.2039 1.43249 -13 1744 1 0 1
-8.15337 21.7424 325.556 -2.20795 4.17554 69.3346 4.18209 -13 1745 1 0 1
-1.80492 -35.2907 325.556 -0.685627 -7.5167 70.8389 1.2188 -13 1746 1 0 1
18.0154 21.2973 325.556 3.66155 3.13286 50.8327 0.766912 -13 1747 1 0 1
-2.27108 -7.0195 325.556 -0.952283 -1.76527 73.8654 2.43254 -13 1749 1 0 1
24.3161 17.0426 325.556 5.77405 2.91926 66.4434 1.98126 -13 1750 1 0 1
35.2215 85.6144 325.556 8.16589 16.4632 67.7456 3.69966 -13 1751 1 0 1
-2.40168 3.23406 325.556 -0.182391 0.129761 45.5937 3.33347 -13 1753 1 0 1
27.1719 -11.768 325.556 6.53649 -2.31183 72.0212 2.08382 -13 1754 1 0 1
-3.07742 -18.7445 325.556 -0.686791 -2.84043 64.2351 4.22849 -13 1755 1 0 1
87.2211 22.4962 325.556 18.8657 4.1125 60.0348 0.60192 -13 1756 1 0 1
9.29613 -14.2632 325.556 2.0445 -3.13979 69.2905 2.10093 -13 1757 1 0 1
-8.61794 -11.8211 325.556 -1.65786 -1.89 58.8962 0.686284 -13 1758 1 0 1
46.6726 -20.3605 325.556 8.29823 -2.48904 47.468 0.31638 -13 1759 1 0 1
-94.938 9.87375 325.556 -22.646 1.20626 66.3114 1.79162 -13 1760 1 0 1
106.976 -4.9744 325.556 19.3461 -0.521569 48.57 0.751991 -13 1761 1 0 1
4.26333 -51.7781 325.556 0.399377 -12.0563 78.8484 2.59882 -13 1762 1 0 1
-44.9885 82.6395 325.556 -9.2769 13.5745 58.4865 3.67441 -13 1763 1 0 1
-43.7564 11.945 325.556 -8.07897 1.98827 52.6492 1.87422 -13 1764 1 0 1
-52.2758 -70.7343 325.556 -9.92149 -10.3788 53.539 2.62063 -13 1765 1 0 1
-89.7689 42.216 325.556 -23.1591 8.74493 71.8708 5.00183 -13 1766 1 0 1
-32.2461 45.333 325.556 -7.59748 8.54549 65.9438 0.978917 -13 1767 1 0 1
48.9369 -31.8721 325.556 11.9644 -6.87368 73.0738 1.35739 -13 1768 1 0 1
-63.6956 -10.8571 325.556 -14.62 -1.7556 64.4585 3.17431 -13 1770 1 0 1
15.3179 43.3194 325.556 3.48324 7.8539 62.4628 2.49766 -13 1771 1 0 1
-47.5255 -5.57453 325.556 -12.5377 -1.41963 73.0543 2.26729 -13 1772 1 0 1
-56.524 -38.173 325.556 -4.4758 -1.10676 18.4343 3.26956 -13 1773 1 0 1
-34.4865 -23.9749 325.556 -9.52172 -5.42665 75.0993 2.5393 -13 1774 1 0 1
-4.84633 26.4556 325.556 -0.664117 3.92702 49.7375 2.92439 -13 1775 1 0 1
33.5975 -38.359 325.556 8.19757 -8.15073 73.8975 2.20793 -13 1776 1 0 1
18.4466 51.3474 325.556 3.90129 8.35392 57.5133 1.29857 -13 1777 1 0 1
14.0138 -15.002 325.556 2.5369 -1.49846 45.4931 4.89251 -13 1779 1 0 1
20.4652 7.72158 325.556 4.83702 1.23317 75.225 1.53877 -13 1780 1 0 1
34.4809 -72.5143 325.556 6.08154 -8.76528 46.7438 3.72317 -13 1781 1 0 1
14.4795 -24.862 325.556 2.32414 -2.8584 38.5064 4.87019 -13 1782 1 0 1
12.7458 33.8106 325.556 2.72663 4.74539 59.1801 3.07178 -13 1783 1 0 1
-48.7749 52.781 325.556 -8.97205 7.56936 51.8069 1.7182 -13 1784 1 0 1
43.1402 21.4381 325.556 8.48206 3.09787 52.7303 3.26826 -13 1785 1 0 1
62.3317 -57.8036 325.556 12.9351 -9.3936 57.8442 2.43736 -13 1786 1 0 1
0.193967 16.4072 325.556 0.041423 2.63354 60.0035 3.71731 -13 1787 1 0 1
16.0738 -8.04033 325.556 3.46196 -1.46625 58.4893 2.18068 -13 1788 1 0 1
46.7689 -27.9172 325.556 9.51071 -3.77647 55.5483 2.31914 -13 1789 1 0 1
27.9629 -20.016 325.556 6.92512 -5.11476 77.4685 0.678418 -13 1790 1 0 1
-34.1472 -35.5796 325.556 -10.0951 -8.1724 76.4218 0.716896 -13 1791 1 0 1
-20.3635 11.0287 325.556 -4.24249 2.05023 59.9366 2.74075 -13 1792 1 0 1
-38.1829 34.2989 325.556 -9.69946 6.57265 70.4413 2.45928 -13 1793 1 0 1
-32.0723 -23.3866 325.556 -8.50755 -4.82516 72.747 1.7786 -13 1794 1 0 1
-35.7942 7.45182 325.556 -8.8601 2.36802 69.5386 1.04115 -13 1795 1 0 1
-17.2248 6.87751 325.556 -3.9049 1.18874 64.685 1.83817 -13 1796 1 0 1
-22.5405 25.1008 325.556 -6.78672 6.38484 78.4061 2.27295 -13 1797 1 0 1
-4.93985 15.5929 325.556 -1.79973 3.23195 75.6078 1.88042 -13 1798 1 0 1
18.4393 15.1966 325.556 4.27692 3.08878 68.0563 2.90196 -13 1799 1 0 1
-6.96727 -42.8517 325.556 -1.37222 -7.65937 59.5164 2.73076 -13 1800 1 0 1
-56.1602 6.79313 325.556 -16.3389 0.96936 78.3732 0.664632 -13 1801 1 0 1
7.34258 23.5248 325.556 1.61016 4.82027 68.8501 2.8002 -13 1802 1 0 1
82.3604 -36.6548 325.556 17.4869 -5.97724 59.0848 2.99059 -13 1803 1 0 1
-8.16815 11.7793 325.556 -0.631511 0.8309 29.0051 4.48096 -13 1804 1 0 1
11.7038 55.1599 325.556 2.55671 9.73606 65.7209 1.91957 -13 1805 1 0 1
-8.76853 20.0249 325.556 -2.20543 3.88279 67.9876 3.23424 -13 1806 1 0 1
22.5003 -4.84677 325.556 5.2844 -0.0810681 70.5939 2.72193 -13 1807 1 0 1
-10.7974 -39.7278 325.556 -2.46187 -7.16799 63.3732 4.04717 -13 1808 1 0 1
-10.3834 -28.6446 325.556 -2.48937 -4.84035 65.999 2.4829 -13 1809 1 0 1
48.6638 -6.46904 325.556 9.50769 -1.12541 53.4683 2.08642 -13 1810 1 0 1
-27.3519 30.6203 325.556 -6.28237 5.56289 64.5766 1.02656 -13 1811 1 0 1
7.49154 -36.9853 325.556 1.65534 -5.25 57.1019 3.16465 -13 1812 1 0 1
24.668 14.5508 325.556 5.42113 2.23316 62.1661 3.33113 -13 1813 1 0 1
10.8675 61.3516 325.556 2.45312 11.7346 66.1321 1.30738 -13 1814 1 0 1
-16.8105 19.8473 325.556 -3.89468 3.22237 66.0494 1.02703 -13 1815 1 0 1
52.7048 25.6189 325.556 12.163 5.02936 66.5637 1.57669 -13 1816 1 0 1
-16.0981 -75.1015 325.556 -3.77694 -13.5952 65.1346 3.13385 -13 1817 1 0 1
-9.4276 10.4227 325.556 -1.88115 1.66192 60.0252 4.00941 -13 1818 1 0 1
39.3976 20.2539 325.556 6.03335 2.21175 38.3383 3.12287 -13 1819 1 0 1
-42.1962 -78.7889 325.556 -7.88723 -11.2053 52.4995 3.1367 -13 1820 1 0 1
23.1608 -107.146 325.556 5.12172 -17.814 62.4935 1.77226 -13 1821 1 0 1
19.913 51.9157 325.556 4.53186 9.84327 68.0197 2.11784 -13 1823 1 0 1
-31.0308 13.2805 325.556 -8.30612 2.53499 73.0915 1.75953 -13 1824 1 0 1
-17.4167 -9.76078 325.556 -5.83466 -2.27473 79.6339 1.4499 -13 1825 1 0 1
-12.0305 32.7956 325.556 -3.11814 6.53427 70.2922 0.748889 -13 1826 1 0 1
108.605 -30.8766 325.556 19.7325 -4.00476 49.0237 2.02301 -13 1827 1 0 1
-42.6189 -36.7676 325.556 -8.81835 -6.03215 58.7054 2.38062 -13 1828 1 0 1
-35.0712 -55.4105 325.556 -7.12531 -8.48917 57.3512 2.60839 -13 1829 1 0 1
-10.515 -19.4468 325.556 -2.83629 -3.81636 69.2008 1.62754 -13 1830 1 0 1
44.6101 78.7244 325.556 10.1546 14.1803 65.5623 2.06435 -13 1831 1 0 1
-28.6167 6.5204 325.556 -6.52771 1.03749 64.9032 3.16858 -13 1832 1 0 1
23.1594 68.8543 325.556 5.22198 13.2037 65.9703 0.490048 -13 1833 1 0 1
-12.5523 21.803 325.556 -2.96093 4.09713 65.9332 4.70647 -13 1834 1 0 1
11.9723 8.87409 325.556 2.47328 1.48007 53.9719 3.56752 -13 1835 1 0 1
3.55099 46.6845 325.556 0.669894 9.05013 67.5363 3.67745 -13 1836 1 0 1
-73.0247 -5.94534 325.556 -17.8293 -1.52839 68.3859 1.79191 -13 1837 1 0 1
62.9698 -2.37538 325.556 12.7969 -0.182756 56.1873 0.304237 -13 1838 1 0 1
-62.6308 16.94 325.556 -16.5553 2.81522 73.3277 2.81697 -13 1839 1 0 1
-84.745 29.3573 325.556 -9.61575 2.28986 28.8775 2.35651 -13 1840 1 0 1
-14.3501 39.2316 325.556 -3.5205 8.06402 65.9131 -0.606027 -13 1841 1 0 1
-19.7009 37.5122 325.556 -4.66711 7.79136 66.6741 2.60124 -13 1842 1 0 1
7.45199 -11.8572 325.556 1.47831 -2.81183 74.4231 1.89057 -13 1843 1 0 1
-17.8448 -16.5101 325.556 -3.76622 -3.2573 60.3632 3.25322 -13 1844 1 0 1
36.4967 -2.53067 325.556 6.73745 -0.527278 48.3115 2.90585 -13 1845 1 0 1
-67.8093 15.7182 325.556 -16.1092 3.13238 66.5134 3.85628 -13 1846 1 0 1
-37.4447 8.19954 325.556 -10.4862 1.54688 76.3275 0.451308 -13 1847 1 0 1
63.0718 41.3514 325.556 12.4391 6.41817 53.9775 3.31065 -13 1848 1 0 1
-40.8237 36.8786 325.556 -10.1939 7.36812 69.531 3.07572 -13 1849 1 0 1
13.9401 -17.0983 325.556 3.17183 -3.09594 62.1359 2.88046 -13 1850 1 0 1
12.1777 37.2459 325.556 2.55838 5.35679 53.4646 4.60918 -13 1851 1 0 1
25.6721 13.9488 325.556 6.29128 3.16765 76.7741 2.25094 -13 1852 1 0 1
0.0362275 41.1632 325.556 -0.0404913 7.56474 65.8096 2.5244 -13 1853 1 0 1
21.1641 -87.0518 325.556 3.3187 -8.24623 38.1139 1.59 -13 1854 1 0 1
-142.872 -52.1499 325.556 -25.6854 -7.1979 48.1474 2.23964 -13 1855 1 0 1
1.49594 8.87671 325.556 0.421463 1.40194 60.0622 4.17082 -13 1856 1 0 1
30.667 3.73137 325.556 6.10679 0.17244 53.0457 2.54094 -13 1857 1 0 1
61.5938 22.9044 325.556 11.4949 2.94214 49.3004 3.91824 -13 1858 1 0 1
49.8028 10.3657 325.556 12.2603 2.37183 72.7464 2.95278 -13 1859 1 0 1
-27.9839 -67.1874 325.556 -4.519 -8.50194 46.59 2.62221 -13 1860 1 0 1
-24.1593 -13.7511 325.556 -2.45716 -1.05881 27.892 4.42158 -13 1861 1 0 1
18.112 -19.2504 325.556 3.68703 -3.17122 51.3465 0.215081 -13 1862 1 0 1
8.92799 -143.374 325.556 1.7507 -18.3977 49.0401 1.85145 -13 1863 1 0 1
-70.1705 -37.1769 325.556 -16.6452 -6.88774 66.4927 2.74185 -13 1864 1 0 1
-20.7979 19.8857 325.556 -6.14082 4.73806 77.3933 2.58947 -13 1865 1 0 1
20.363 -19.5372 325.556 4.47188 -3.68211 61.5877 1.93599 -13 1866 1 0 1
-74.6514 -27.2774 325.556 -16.207 -4.77812 60.6557 2.72116 -13 1867 1 0 1
-85.7437 23.9573 325.556 -23.2853 4.72917 74.765 2.39476 -13 1868 1 0 1
-64.9216 40.475 325.556 -9.16143 4.08524 37.6114 3.51457 -13 1869 1 0 1
2.69518 24.4901 325.556 0.59937 4.73078 65.2596 2.97808 -13 1870 1 0 1
-61.1153 -3.29181 325.556 -13.1815 -0.170505 60.8853 3.07875 -13 1871 1 0 1
58.469 12.197 325.556 12.4174 2.05847 59.2833 2.16089 -13 1872 1 0 1
-80.139 -6.90115 325.556 -20.6638 -1.31019 71.7844 2.49004 -13 1873 1 0 1
71.7338 -15.8068 325.556 18.3881 -3.70168 75.9699 -0.4105 -13 1874 1 0 1
23.7678 10.8596 325.556 5.20732 1.28438 60.5302 4.52709 -13 1875 1 0 1
-25.5329 -24.6232 325.556 -5.95397 -4.03353 65.5232 2.24138 -13 1876 1 0 1
-26.8981 -16.9768 325.556 -6.95038 -3.63861 70.5449 3.42098 -13 1877 1 0 1
42.5345 -45.9047 325.556 9.87082 -9.05962 66.8789 1.67812 -13 1878 1 0 1
56.1658 -31.506 325.556 12.6846 -5.47695 64.4572 0.944737 -13 1879 1 0 1
-13.3465 -10.5453 325.556 -3.15274 -1.8401 65.3323 3.53893 -13 1880 1 0 1
-32.0422 -13.3214 325.556 -5.06873 -1.69739 45.4618 2.93475 -13 1881 1 0 1
-18.6242 1.91652 325.556 -3.90436 0.436592 60.2136 1.85497 -13 1882 1 0 1
-37.4026 34.1279 325.556 -9.30328 7.14666 69.4465 2.08497 -13 1883 1 0 1
-58.8859 -13.2246 325.556 -14.602 -2.46055 69.5243 1.75147 -13 1884 1 0 1
50.7799 -32.3015 325.556 8.87896 -4.31859 46.213 2.49975 -13 1885 1 0 1
17.6485 -22.1373 325.556 4.15284 -4.19688 68.7968 3.34127 -13 1886 1 0 1
-130.747 33.0876 325.556 -14.3254 2.20432 26.6555 0.896168 -13 1887 1 0 1
-38.5321 -27.1695 325.556 -8.2824 -5.25069 61.7004 1.11306 -13 1888 1 0 1
-47.5392 32.8436 325.556 -7.33426 4.06067 42.5318 1.39539 -13 1889 1 0 1
82.6352 -30.0742 325.556 18.5181 -5.63038 63.3979 0.984867 -13 1890 1 0 1
68.5577 17.4761 325.556 7.39661 1.17344 26.1914 4.00305 -13 1891 1 0 1
2.21229 10.7225 325.556 0.669452 1.4395 51.5086 1.32946 -13 1892 1 0 1
-60.9354 -27.8091 325.556 -14.4862 -5.04579 66.9106 2.69957 -13 1893 1 0 1
-66.47 13.0648 325.556 -16.2398 2.81386 68.2414 1.8773 -13 1894 1 0 1
7.35488 -27.626 325.556 1.58645 -4.94155 67.2389 1.97878 -13 1896 1 0 1
-32.5427 -12.1787 325.556 -7.0482 -1.87876 61.6479 3.1938 -13 1897 1 0 1
-9.72595 47.7851 325.556 -2.07511 8.54214 61.481 2.76678 -13 1898 1 0 1
-31.1154 -22.6091 325.556 -7.19135 -4.05747 64.9034 1.47116 -13 1899 1 0 1
-45.0225 -47.9134 325.556 -9.21376 -7.56861 57.8399 1.49887 -13 1900 1 0 1
114.389 1.41673 325.556 20.709 0.343378 48.5273 3.95997 -13 1901 1 0 1
6.74914 1.1799 325.556 1.5314 0.16283 66.0263 0.566284 -13 1902 1 0 1
91.6903 -1.6141 325.556 17.8654 -0.322681 53.2116 3.11888 -13 1903 1 0 1
-21.7354 22.2811 325.556 -4.88636 4.10227 63.9596 2.24163 -13 1904 1 0 1
-56.638 10.524 325.556 -15.373 1.96062 75.2265 1.46331 -13 1905 1 0 1
12.2422 50.3313 325.556 2.75082 9.3428 66.362 1.67871 -13 1906 1 0 1
-6.56488 64.3927 325.556 -1.42465 11.4905 63.4469 3.77586 -13 1907 1 0 1
-19.3899 -20.3441 325.556 -4.72654 -4.28452 68.8226 1.17785 -13 1908 1 0 1
96.8788 15.5829 325.556 19.7836 2.14073 56.2163 4.95701 -13 1909 1 0 1
10.0999 15.9909 325.556 2.16591 2.49093 66.6315 0.781681 -13 1910 1 0 1
-28.1082 -7.65945 325.556 -7.39539 -1.02473 72.4438 -0.520288 -13 1911 1 0 1
-29.8496 12.2795 325.556 -7.58037 2.75061 69.2426 2.1613 -13 1912 1 0 1
34.1832 -43.6769 325.556 8.50998 -8.94126 75.8647 0.0338443 -13 1913 1 0 1
-46.1569 62.5182 325.556 -10.5894 11.1698 63.9194 1.85986 -13 1914 1 0 1
-104.433 -74.1271 325.556 -25.0034 -13.6185 66.4367 1.92102 -13 1915 1 0 1
-19.8839 -13.8884 325.556 -4.80518 -2.27545 66.915 1.84786 -13 1916 1 0 1
57.8621 10.5146 325.556 13.0321 2.00696 64.2728 1.70516 -13 1917 1 0 1
-16.6403 -10.1875 325.556 -4.07032 -2.54809 67.23 1.00837 -13 1918 1 0 1
-0.335945 -30.7804 325.556 0.138982 -4.61113 52.5139 0.782607 -13 1919 1 0 1
17.9135 76.2503 325.556 3.85393 12.2537 60.112 0.641565 -13 1920 1 0 1
-0.254261 4.18737 325.556 -1.13188 1.32902 80.1259 3.00146 -13 1921 1 0 1
-50.7995 19.5747 325.556 -13.3794 4.20647 72.6034 3.1998 -13 1922 1 0 1
-86.0776 -33.2459 325.556 -16.7918 -5.24176 54.2154 3.67395 -13 1923 1 0 1
0.636075 30.6159 325.556 0.118806 5.74715 65.1888 3.75917 -13 1924 1 0 1
-37.0485 -157.556 325.556 -4.49405 -11.6588 33.0097 4.77532 -13 1925 1 0 1
-68.6445 -63.6074 325.556 -9.69855 -6.50236 37.9926 2.22205 -13 1926 1 0 1
20.2351 -84.1112 325.556 4.11547 -13.0003 55.2215 2.99232 -13 1927 1 0 1
35.3258 -26.0215 325.556 5.22023 -2.45453 37.1707 1.6657 -13 1928 1 0 1
-54.5513 1.7847 325.556 -15.3804 0.936156 77.5159 1.88294 -13 1929 1 0 1
-17.6615 62.4642 325.556 -4.76101 12.956 71.1155 4.13861 -13 1930 1 0 1
5.0782 57.4677 325.556 1.07982 10.1659 64.6447 -0.622976 -13 1931 1 0 1
33.241 -42.4961 325.556 7.85753 -8.23006 69.5974 1.54996 -13 1932 1 0 1
78.3842 1.41102 325.556 20.1926 0.625978 76.4135 2.78058 -13 1933 1 0 1
-38.3114 10.0375 325.556 -6.65484 1.4809 48.5532 2.06771 -13 1934 1 0 1
47.5805 -9.2247 325.556 10.7693 -1.61485 63.4516 2.09051 -13 1935 1 0 1
72.1295 12.372 325.556 14.3876 1.67426 54.7934 0.920346 -13 1936 1 0 1
15.3855 -50.7428 325.556 3.40187 -9.27729 59.7839 0.749396 -13 1937 1 0 1
101.594 -44.647 325.556 24.0322 -8.39324 67.466 2.2767 -13 1939 1 0 1
-65.3221 -21.7881 325.556 -14.5989 -3.98958 62.8791 0.920753 -13 1941 1 0 1
-9.79758 39.8136 325.556 -2.86532 8.25766 72.9109 3.38218 -13 1942 1 0 1
-12.7941 36.2201 325.556 -3.19919 6.70768 67.6683 2.60504 -13 1943 1 0 1
64.5189 60.5892 325.556 14.2847 10.9622 62.7595 1.32747 -13 1944 1 0 1
20.6364 9.79867 325.556 4.71802 1.94058 65.4779 1.02828 -13 1945 1 0 1
-20.4183 19.3356 325.556 -4.59782 3.36835 63.0625 1.72193 -13 1946 1 0 1
13.6875 22.3173 325.556 3.14627 3.34995 61.6411 2.48813 -13 1947 1 0 1
-8.89509 57.1772 325.556 -2.54612 11.6369 71.34 2.17195 -13 1948 1 0 1
-34.3407 14.7908 325.556 -7.12362 2.3648 59.3921 2.03687 -13 1950 1 0 1
33.5719 14.8933 325.556 7.43102 2.46531 61.8461 2.57636 -13 1951 1 0 1
51.8185 0.141323 325.556 10.9807 -0.241632 58.2958 0.581699 -13 1952 1 0 1
101.55 -18.1566 325.556 19.9694 -2.71623 53.7313 1.28467 -13 1953 1 0 1
24.6463 -3.20025 325.556 5.61986 -0.434327 65.6933 0.16479 -13 1954 1 0 1
-88.4564 -39.3841 325.556 -17.2577 -5.77215 54.0695 2.24906 -13 1955 1 0 1
-43.6204 -28.938 325.556 -8.38244 -4.18756 53.6343 1.9085 -13 1956 1 0 1
-62.6034 56.8032 325.556 -10.2739 7.14932 45.3603 2.58422 -13 1957 1 0 1
8.00737 -12.2326 325.556 1.81051 -2.61305 67.6014 -0.698814 -13 1958 1 0 1
4.68086 14.448 325.556 0.891071 1.51078 37.624 2.65538 -13 1959 1 0 1
35.097 -42.4642 325.556 8.12639 -7.83593 67.1533 0.289634 -13 1960 1 0 1
-38.2687 3.4412 325.556 -7.46022 0.387905 55.5738 0.119549 -13 1961 1 0 1
7.59471 -28.8476 325.556 1.21012 -1.98504 33.3911 5.08975 -13 1962 1 0 1
23.9429 -5.59348 325.556 5.24662 -1.22543 78.2788 0.31805 -13 1963 1 0 1
56.0044 -55.7043 325.556 10.2834 -7.2948 49.2971 1.14841 -13 1964 1 0 1
-22.8327 -72.97 325.556 -5.29752 -13.5124 64.2465 2.7502 -13 1965 1 0 1
35.6031 0.380083 325.556 6.32867 0.030708 46.2865 2.56435 -13 1966 1 0 1
25.9714 -19.8553 325.556 6.09796 -4.01225 68.235 2.20065 -13 1967 1 0 1
-48.8954 74.3411 325.556 -12.0926 14.9187 68.9839 2.60602 -13 1968 1 0 1
41.4012 -10.7479 325.556 10.1031 -3.81835 72.3814 1.00663 -13 1969 1 0 1
-6.28808 -19.0102 325.556 -1.54883 -3.71697 66.0979 2.2052 -13 1970 1 0 1
-8.01196 56.5803 325.556 -2.17689 11.5333 70.0105 2.62096 -13 1971 1 0 1
15.0527 31.6935 325.556 2.9831 4.66253 52.2161 2.33089 -13 1972 1 0 1
-31.5084 3.85015 325.556 -8.105 0.622475 71.213 3.36685 -13 1973 1 0 1
51.7594 -22.8877 325.556 10.479 -4.19182 55.3454 3.814 -13 1974 1 0 1
-7.39857 -24.2682 325.556 -1.95701 -4.3231 69.5404 1.40398 -13 1975 1 0 1
13.5811 46.2402 325.556 3.05839 8.44595 64.4622 0.544931 -13 1976 1 0 1
-40.9643 -42.1536 325.556 -8.96479 -6.57783 61.5393 1.63563 -13 1977 1 0 1
42.1893 -58.5886 325.556 9.34491 -9.45719 61.7532 0.279934 -13 1978 1 0 1
-81.1015 -42.2432 325.556 -22.2586 -9.10814 75.7553 3.83959 -13 1979 1 0 1
-39.8016 -77.8556 325.556 -9.85426 -16.0142 68.6979 3.51243 -13 1980 1 0 1
-33.5433 9.86128 325.556 -9.79452 1.57504 78.5 1.22654 -13 1981 1 0 1
-39.4097 18.0887 325.556 -7.2011 2.31277 51.7992 1.36219 -13 1982 1 0 1
80.1873 2.06133 325.556 17.4668 0.633394 61.0864 0.599301 -13 1983 1 0 1
26.3645 -64.1649 325.556 5.61833 -10.3398 59.1658 2.15919 -13 1984 1 0 1
21.1307 -29.4927 325.556 4.91332 -6.46457 79.1283 0.885468 -13 1985 1 0 1
-30.0301 -31.4387 325.556 -8.37083 -6.96437 75.2627 0.904554 -13 1986 1 0 1
12.7876 -32.7906 325.556 2.83503 -5.78065 59.2458 2.64392 -13 1987 1 0 1
93.5066 59.3592 325.556 19.1606 9.53017 56.3543 2.84771 -13 1988 1 0 1
11.4925 6.31069 325.556 2.48188 0.335274 62.8504 1.62144 -13 1990 1 0 1
-63.7216 -12.7577 325.556 -13.339 -2.25591 58.5534 3.0721 -13 1991 1 0 1
50.8129 -2.50918 325.556 10.6317 -0.528239 57.9306 2.59374 -13 1992 1 0 1
54.0517 35.0586 325.556 9.17964 5.01845 45.1596 2.53043 -13 1993 1 0 1
97.8946 133.006 325.556 19.5205 19.4398 55.3115 2.81539 -13 1994 1 0 1
-26.0756 17.2572 325.556 -4.77267 2.67165 53.8665 3.17056 -13 1995 1 0 1
15.2205 18.7283 325.556 3.30755 2.87074 54.3704 0.618872 -13 1996 1 0 1
-54.3644 -35.2232 325.556 -9.47273 -4.14531 48.6234 0.0508512 -13 1997 1 0 1
66.7344 -22.5852 325.556 7.78139 -1.34958 28.3983 5.29245 -13 1998 1 0 1
-24.4906 -20.057 325.556 -5.41771 -3.85322 62.1872 0.668924 -13 1999 1 0 1
-5.89579 40.823 325.556 -1.68229 8.10312 69.277 2.06773 -13 2000 1 0 1
-30.0698 -37.8098 325.556 -7.46594 -7.30202 69.0151 2.50829 -13 2001 1 0 1
-8.43334 -33.9235 325.556 -2.43499 -6.53992 72.3149 0.324904 -13 2002 1 0 1
55.961 6.93506 325.556 9.10778 0.868092 42.9836 2.9413 -13 2003 1 0 1
6.6872 -41.9862 325.556 1.51905 -7.5886 63.7912 1.08236 -13 2004 1 0 1
68.3223 -0.83635 325.556 8.99294 0.10867 32.6618 5.23534 -13 2005 1 0 1
-31.3625 5.13967 325.556 -6.80577 1.20163 61.9077 0.528521 -13 2006 1 0 1
2.92002 -4.33338 325.556 0.657746 -0.936697 65.8361 2.16793 -13 2007 1 0 1
16.2656 3.25058 325.556 3.74492 0.80398 69.2707 2.99175 -13 2008 1 0 1
36.8168 -42.9121 325.556 7.32482 -6.71303 54.1046 1.07631 -13 2009 1 0 1
-7.98515 56.4069 325.556 -1.98991 10.5384 65.8781 2.46772 -13 2010 1 0 1
-27.9434 5.34429 325.556 -6.7073 0.360821 66.8007 0.352465 -13 2011 1 0 1
8.02015 -29.9756 325.556 1.68586 -5.82862 69.4572 3.29765 -13 2012 1 0 1
26.4163 38.506 325.556 5.97575 7.22939 66.4905 2.06584 -13 2013 1 0 1
43.4557 57.3284 325.556 7.35978 6.70639 44.4323 3.36391 -13 2014 1 0 1
-133.47 -70.4373 325.556 -24.2141 -9.20209 48.9436 2.07397 -13 2017 1 0 1
17.3609 49.8392 325.556 3.91905 9.52299 70.5119 3.50287 -13 2018 1 0 1
-9.25457 -1.50564 325.556 -2.11546 -0.366021 62.8138 2.01395 -13 2019 1 0 1
5.85556 26.7322 325.556 0.963584 5.88116 76.8657 -0.316434 -13 2020 1 0 1
66.1317 3.49004 325.556 14.9776 0.753053 64.2123 1.55937 -13 2021 1 0 1
1.10818 0.52966 325.556 0.420832 -0.434251 62.5667 0.805722 -13 2023 1 0 1
-37.9775 24.4109 325.556 -9.22573 3.95193 68.173 0.924378 -13 2024 1 0 1
-6.58494 38.2155 325.556 -1.28544 5.54488 57.2 2.5635 -13 2025 1 0 1
-64.5806 -21.4882 325.556 -14.4588 -3.63025 62.8559 3.67583 -13 2026 1 0 1
22.0374 -3.96617 325.556 2.45995 -0.0648109 25.1583 6.38714 -13 2027 1 0 1
21.7718 3.34912 325.556 5.24508 0.727042 73.7681 2.62937 -13 2028 1 0 1
-24.8616 15.7542 325.556 -6.30461 3.29977 69.5807 2.90327 -13 2029 1 0 1
-73.4877 -27.7878 325.556 -15.2003 -4.37899 57.9701 2.60585 -13 2030 1 0 1
-36.8898 28.3137 325.556 -10.4121 6.31208 77.4964 0.89685 -13 2031 1 0 1
23.0225 -12.3282 325.556 5.47915 -2.60581 71.7452 3.20209 -13 2032 1 0 1
-3.61658 -4.81657 325.556 -0.971403 -0.645829 66.1306 -0.341783 -13 2033 1 0 1
-12.5477 -30.7602 325.556 -2.62539 -4.88638 60.4561 2.95711 -13 2034 1 0 1
17.9401 21.233 325.556 3.61833 3.03996 53.098 3.5668 -13 2035 1 0 1
-26.4062 -3.55775 325.556 -7.55524 -1.41149 76.6393 0.889031 -13 2036 1 0 1
-58.4028 -58.7367 325.556 -13.1957 -10.4044 63.6356 1.11363 -13 2037 1 0 1
83.9651 -19.4548 325.556 16.2864 -3.12014 53.0199 2.48503 -13 2038 1 0 1
-16.8672 34.8354 325.556 -4.11142 6.69863 67.1102 2.33167 -13 2039 1 0 1
-19.2454 18.1196 325.556 -6.10311 4.43549 80.3862 3.33061 -13 2040 1 0 1
11.8016 14.3078 325.556 2.4884 2.30808 54.0795 1.77439 -13 2041 1 0 1
-59.7727 85.649 325.556 -11.6636 12.6378 54.8376 1.76984 -13 2042 1 0 1
102.158 -7.60857 325.556 21.8098 -1.33285 59.9345 2.81626 -13 2043 1 0 1
-38.0131 -23.9054 325.556 -6.94188 -3.04762 52.1288 0.291418 -13 2044 1 0 1
-5.1576 -28.7018 325.556 -1.53838 -6.31076 71.7938 2.88642 -13 2045 1 0 1
-8.76273 7.82979 325.556 -2.19788 1.16359 67.8447 2.82039 -13 2046 1 0 1
-64.7706 -49.5635 325.556 -16.1438 -9.67298 69.4781 1.66618 -13 2047 1 0 1
-34.4403 7.76835 325.556 -9.27035 1.45349 73.6992 2.58663 -13 2048 1 0 1
23.2992 80.5827 325.556 5.22487 14.8475 65.8572 1.4787 -13 2049 1 0 1
-35.6568 -89.799 325.556 -8.55007 -16.9958 67.3 2.85792 -13 2050 1 0 1
26.7506 15.9861 325.556 3.43107 1.2923 30.4672 3.81444 -13 2052 1 0 1
73.8292 22.9409 325.556 16.548 4.00744 63.4522 1.42084 -13 2053 1 0 1
20.4707 48.1501 325.556 4.23436 7.45315 55.9482 1.00858 -13 2054 1 0 1
15.4893 -72.4387 325.556 3.31094 -11.685 57.8378 3.90918 -13 2055 1 0 1
-56.9416 8.63503 325.556 -13.01 1.64343 63.9659 0.935195 -13 2056 1 0 1
15.569 4.33347 325.556 3.43431 0.909901 60.4015 4.2609 -13 2057 1 0 1
16.5088 -28.4474 325.556 3.57118 -4.84108 62.6611 0.671996 -13 2058 1 0 1
-30.5956 30.5342 325.556 -6.16273 4.51345 57.545 -0.527241 -13 2059 1 0 1
-36.3531 20.4539 325.556 -9.56259 3.21083 72.0732 3.55712 -13 2060 1 0 1
36.5494 -13.035 325.556 8.16666 -2.45655 63.5419 2.6441 -13 2061 1 0 1
27.2076 -3.86941 325.556 6.58919 -1.45275 72.64 4.14548 -13 2062 1 0 1
15.9169 -51.9639 325.556 2.58143 -4.64269 38.8691 1.30811 -13 2063 1 0 1
2.25615 -51.6831 325.556 0.502328 -10.1756 64.6823 1.9593 -13 2064 1 0 1
55.4692 38.2152 325.556 11.5149 6.02333 57.4455 0.449383 -13 2065 1 0 1
8.40738 12.6447 325.556 1.82421 1.47001 56.3123 2.08208 -13 2067 1 0 1
85.0534 -17.3558 325.556 19.0231 -3.58075 63.1947 0.838796 -13 2068 1 0 1
-46.3637 -12.2193 325.556 -9.50105 -1.98117 57.8008 2.03392 -13 2069 1 0 1
-30.2922 -40.9356 325.556 -8.66793 -9.11976 76.75 2.18092 -13 2070 1 0 1
-17.0263 12.7581 325.556 -2.97562 2.02738 51.7524 1.12487 -13 2071 1 0 1
110.384 77.7112 325.556 20.7123 10.5631 50.7756 0.38686 -13 2072 1 0 1
-19.7217 -66.0941 325.556 -3.95765 -10.8372 57.6097 3.19047 -13 2073 1 0 1
12.4402 4.81173 325.556 2.87157 0.608198 70.9663 1.19761 -13 2074 1 0 1
-11.4893 -27.7856 325.556 -2.3943 -4.80924 59.3625 0.294419 -13 2075 1 0 1
-8.88636 -21.0161 325.556 -2.0839 -3.76372 65.2414 2.35649 -13 2076 1 0 1
36.6822 -20.5165 325.556 8.91792 -3.91235 71.9671 1.928 -13 2077 1 0 1
62.4438 50.2806 325.556 13.8693 9.06906 62.966 1.80804 -13 2078 1 0 1
2.88775 -19.9504 325.556 0.605252 -4.23433 63.3153 1.63158 -13 2079 1 0 1
-0.779357 8.09361 325.556 -0.387108 1.8504 69.3577 1.78229 -13 2080 1 0 1
-1.64467 22.057 325.556 -0.667256 4.39405 72.0537 3.61265 -13 2081 1 0 1
4.00684 46.1295 325.556 0.984344 6.99148 55.5296 1.69832 -13 2082 1 0 1
61.0138 50.5388 325.556 13.7046 8.62668 63.6231 4.12172 -13 2083 1 0 1
13.5322 68.7264 325.556 2.90433 11.3191 59.7341 2.21504 -13 2085 1 0 1
7.05398 4.20035 325.556 1.54056 0.855277 68.1663 2.08646 -13 2086 1 0 1
16.5902 26.2944 325.556 3.71152 4.46385 62.3489 2.38879 -13 2087 1 0 1
-65.6702 -26.5611 325.556 -17.8637 -5.51925 75.105 1.02912 -13 2089 1 0 1
21.2446 -19.988 325.556 3.52414 -2.05549 40.4881 2.02203 -13 2090 1 0 1
-12.8458 -5.26691 325.556 -3.24705 -0.961682 69.3518 0.091004 -13 2091 1 0 1
-6.84191 105.06 325.556 -1.4012 17.299 59.8158 2.39653 -13 2092 1 0 1
83.6671 -68.6403 325.556 13.0816 -6.57214 40.8844 2.07712 -13 2093 1 0 1
-11.6718 -16.8286 325.556 -2.57259 -3.39223 61.7813 3.11205 -13 2094 1 0 1
6.43574 13.1169 325.556 1.24664 2.872 74.8467 2.59472 -13 2095 1 0 1
37.6261 -15.5019 325.556 7.95215 -2.33025 58.2408 2.05715 -13 2096 1 0 1
0.563508 -4.30274 325.556 0.0818249 -0.312084 59.4916 1.72035 -13 2097 1 0 1
0.490055 82.9459 325.556 0.241194 12.1655 54.5348 1.95437 -13 2098 1 0 1
-61.7243 -4.4967 325.556 -13.6669 -0.585372 62.4535 1.58795 -13 2099 1 0 1
-44.6321 -61.2752 325.556 -7.26873 -7.26645 45.9216 2.21367 -13 2100 1 0 1
52.1052 -56.1004 325.556 10.0736 -8.03869 52.2571 1.66534 -13 2101 1 0 1
-45.0109 -7.09732 325.556 -3.80994 -0.395666 20.5834 8.00603 -13 2102 1 0 1
-11.5795 -19.3163 325.556 -2.81836 -3.77835 66.4334 1.18774 -13 2103 1 0 1
12.5071 12.2694 325.556 2.88101 2.29782 69.5433 2.12332 -13 2104 1 0 1
3.49392 -44.358 325.556 0.304468 -9.78013 78.0571 0.648137 -13 2105 1 0 1
-20 28.2692 325.556 -5.06652 5.727 69.2965 1.82984 -13 2108 1 0 1
-13.0998 6.28483 325.556 -2.49523 0.959435 56.6396 1.37098 -13 2109 1 0 1
26.6263 79.0804 325.556 6.05388 14.0162 64.6141 1.853 -13 2110 1 0 1
-37.8665 -62.8599 325.556 -7.00552 -9.13177 52.7473 3.6488 -13 2111 1 0 1
11.6761 22.8591 325.556 2.5969 3.87268 61.12 1.09022 -13 2112 1 0 1
-2.95267 9.35931 325.556 -0.984392 2.21481 71.4434 0.8551 -13 2113 1 0 1
-18.9526 -51.2104 325.556 -3.58662 -7.76842 55.178 3.64669 -13 2114 1 0 1
-54.6911 -50.7724 325.556 -12.0651 -8.82228 61.7076 4.63282 -13 2115 1 0 1
35.7846 -4.58919 325.556 7.83001 -0.961747 60.1396 1.92703 -13 2116 1 0 1
33.4779 38.6866 325.556 7.74071 6.94155 66.7269 1.92776 -13 2117 1 0 1
-9.90989 29.4715 325.556 -2.34893 5.1972 65.9494 0.712352 -13 2118 1 0 1
-1.43554 24.52 325.556 -0.538783 4.01509 68.047 1.91101 -13 2119 1 0 1
20.1301 -5.48411 325.556 4.30337 -0.686488 56.9792 -0.512036 -13 2120 1 0 1
19.5453 42.5358 325.556 4.13603 6.94721 58.5275 4.04456 -13 2121 1 0 1
-47.2002 -24.6388 325.556 -10.126 -4.43456 60.9371 3.70537 -13 2122 1 0 1
-3.76779 -1.45807 325.556 -1.47475 -0.311188 76.9663 2.33932 -13 2123 1 0 1
-65.7042 47.2907 325.556 -11.336 5.51888 47.7419 5.00103 -13 2124 1 0 1
-41.0854 -27.517 325.556 -7.96859 -4.05432 54.8145 1.47149 -13 2125 1 0 1
-29.6629 43.6088 325.556 -8.29765 9.60665 75.6489 1.24142 -13 2126 1 0 1
36.9753 -20.3073 325.556 8.04399 -3.77154 60.7731 1.39863 -13 2127 1 0 1
4.90619 -30.7364 325.556 1.04108 -5.48311 68.618 4.15014 -13 2128 1 0 1
-30.1626 32.9021 325.556 -7.43732 6.43325 67.6082 1.37993 -13 2129 1 0 1
-4.37606 15.145 325.556 -0.987181 2.13393 64.5306 1.75287 -13 2130 1 0 1
-39.8635 -25.208 325.556 -8.47906 -4.10345 60.2917 4.07046 -13 2131 1 0 1
19.8084 24.8874 325.556 4.75387 5.80554 77.2182 2.59477 -13 2132 1 0 1
-20.1973 52.6026 325.556 -3.7394 8.91824 55.9343 2.58478 -13 2133 1 0 1
-22.576 42.8604 325.556 -5.45523 8.56188 67.1703 1.49382 -13 2134 1 0 1
145.171 -65.94 325.556 31.7443 -10.6979 60.5512 3.10211 -13 2135 1 0 1
-44.8649 11.7227 325.556 -10.1 2.12127 63.7014 2.52975 -13 2136 1 0 1
64.8338 38.7152 325.556 14.8928 6.59035 65.8712 0.56069 -13 2137 1 0 1
-43.9737 35.3339 325.556 -10.5821 6.78669 67.7712 0.890795 -13 2138 1 0 1
31.3428 10.8501 325.556 7.57067 2.16479 71.551 2.99615 -13 2139 1 0 1
-77.1603 26.3191 325.556 -12.5548 3.29178 44.0942 1.7393 -13 2140 1 0 1
28.1463 -42.5947 325.556 6.35733 -7.58378 64.1597 3.35405 -13 2141 1 0 1
39.3702 30.409 325.556 9.86239 7.30343 77.102 2.68531 -13 2142 1 0 1
38.1437 14.6012 325.556 7.50719 2.04152 53.2401 1.35573 -13 2143 1 0 1
-69.3641 -20.5466 325.556 -14.2729 -3.24451 57.7892 1.74604 -13 2144 1 0 1
-82.0301 7.75159 325.556 -6.15768 0.205089 16.8636 8.6848 -13 2145 1 0 1
84.7505 -56.4333 325.556 17.953 -9.31941 59.0059 1.94394 -13 2146 1 0 1
48.0077 71.7319 325.556 8.67506 9.19656 48.3614 3.07258 -13 2147 1 0 1
12.2295 28.2648 325.556 2.70863 4.47729 58.1881 2.45366 -13 2148 1 0 1
-66.1312 24.801 325.556 -14.4841 4.22622 61.6781 2.23533 -13 2149 1 0 1
-11.7506 45.9768 325.556 -2.06798 6.8377 53.7484 1.41676 -13 2150 1 0 1
-31.1955 -1.05771 325.556 -7.6419 -0.313185 68.3262 0.303586 -13 2151 1 0 1
-85.4836 10.4066 325.556 -18.927 2.0494 61.7954 1.46959 -13 2152 1 0 1
-53.183 -48.4409 325.556 -10.545 -7.15948 55.9467 0.031812 -13 2153 1 0 1
111.821 91.0144 325.556 19.8352 11.4315 47.3236 2.70552 -13 2154 1 0 1
9.93767 7.49112 325.556 2.25714 1.87199 64.7114 1.32024 -13 2155 1 0 1
-11.1684 12.2478 325.556 -2.86503 2.07237 68.3297 4.19554 -13 2156 1 0 1
2.65884 -22.6817 325.556 0.0958506 -5.2506 79.4642 3.283 -13 2157 1 0 1
-50.1611 -8.56906 325.556 -8.65961 -0.980494 48.4805 3.26006 -13 2158 1 0 1
-56.1459 -25.3104 325.556 -10.5652 -3.38241 52.9805 3.84546 -13 2159 1 0 1
-29.5274 -71.6724 325.556 -6.08742 -12.0746 59.2248 3.73413 -13 2160 1 0 1
39.5092 13.371 325.556 9.35554 2.58692 68.6916 4.02082 -13 2161 1 0 1
-45.8488 -19.1811 325.556 -13.5124 -4.88401 79.9956 3.72553 -13 2162 1 0 1
4.15822 28.4439 325.556 1.03576 4.98721 63.484 2.62188 -13 2163 1 0 1
-17.3252 56.7362 325.556 -3.92171 10.7045 64.7389 1.4999 -13 2165 1 0 1
-30.5044 15.8072 325.556 -5.68725 2.30489 53.4542 0.872781 -13 2166 1 0 1
11.6968 7.62539 325.556 2.59358 1.45087 70.5702 3.49194 -13 2167 1 0 1
-27.6514 -1.50612 325.556 -8.1316 -0.138745 78.1885 0.911326 -13 2169 1 0 1
78.0684 -160.344 325.556 11.0296 -13.3885 36.4775 3.68446 -13 2170 1 0 1
20.8419 39.7933 325.556 4.58722 6.60495 61.7229 4.81644 -13 2171 1 0 1
-35.8854 43.6611 325.556 -7.12389 6.69992 56.4348 1.52472 -13 2172 1 0 1
-69.0218 9.13159 325.556 -17.4012 1.23244 70.4553 -0.998823 -13 2173 1 0 1
-7.62323 -53.0846 325.556 -0.911795 -5.17155 42.0202 1.09959 -13 2174 1 0 1
19.3401 45.6202 325.556 4.50477 9.33596 68.0586 2.28841 -13 2175 1 0 1
-38.6996 -40.4731 325.556 -4.19921 -2.35236 28.1613 6.33287 -13 2176 1 0 1
-16.8364 -17.5111 325.556 -4.92321 -3.82759 75.8688 2.34083 -13 2177 1 0 1
-34.2432 -45.4203 325.556 -5.40517 -5.29672 44.0483 4.49616 -13 2178 1 0 1
-52.4453 7.36938 325.556 -12.8461 1.4969 68.2232 2.9295 -13 2179 1 0 1
5.87941 -95.5326 325.556 1.31212 -13.0635 51.4036 1.70248 -13 2180 1 0 1
-26.1012 57.8029 325.556 -6.58107 11.7149 70.0616 1.8285 -13 2181 1 0 1
-8.02685 -35.9578 325.556 -1.27871 -4.49926 50.6381 2.56145 -13 2182 1 0 1
23.5971 -19.4238 325.556 5.36552 -3.69082 66.927 1.42813 -13 2183 1 0 1
-22.0885 3.41684 325.556 -6.30559 0.421131 75.4198 1.12775 -13 2184 1 0 1
-2.04555 -8.01026 325.556 -1.39918 -2.49132 79.2057 2.14359 -13 2185 1 0 1
-11.6924 21.7339 325.556 -3.08389 4.46209 70.4228 2.76409 -13 2186 1 0 1
46.9868 -24.9468 325.556 11.1915 -4.90391 69.4185 1.7624 -13 2187 1 0 1
-73.7435 -39.2914 325.556 -19.9182 -8.3547 75.1615 3.27523 -13 2188 1 0 1
-3.58677 -75.7462 325.556 -0.611826 -11.9192 56.4108 3.42663 -13 2189 1 0 1
-36.8157 34.3716 325.556 -10.1204 7.67294 75.3757 1.38643 -13 2190 1 0 1
-13.893 -2.6854 325.556 -2.57508 -0.072494 54.1456 0.989609 -13 2191 1 0 1
-44.3741 -2.12125 325.556 -11.8351 0.221965 73.6519 2.74002 -13 2192 1 0 1
-43.9621 4.87466 325.556 -7.76609 0.72466 50.5181 2.98298 -13 2193 1 0 1
-32.323 -5.28508 325.556 -6.94943 -0.924184 60.4735 3.09609 -13 2194 1 0 1
-8.92807 -25.5064 325.556 -2.41574 -4.88982 69.715 3.49822 -13 2195 1 0 1
7.32744 80.5983 325.556 1.27777 17.2382 75.5699 2.46954 -13 2196 1 0 1
22.8439 13.5537 325.556 5.46763 3.29232 75.0618 2.90268 -13 2197 1 0 1
-4.47603 -4.16391 325.556 -1.72282 -1.2555 76.9886 2.38351 -13 2198 1 0 1
1.31936 2.40124 325.556 0.287608 0.830418 64.5063 3.25102 -13 2199 1 0 1
-17.3443 25.3786 325.556 -3.88767 4.27635 63.9166 2.12352 -13 2200 1 0 1
-8.55087 -29.5398 325.556 -1.74396 -4.53458 59.1136 3.85293 -13 2201 1 0 1
24.855 29.3409 325.556 5.8767 5.88898 70.4793 4.24984 -13 2202 1 0 1
19.9674 14.1935 325.556 4.53566 2.74139 64.5241 3.90609 -13 2203 1 0 1
21.3817 -34.517 325.556 4.96965 -6.98145 69.0786 3.27565 -13 2204 1 0 1
3.02989 58.8793 325.556 0.456593 12.2482 70.6396 2.95605 -13 2205 1 0 1
6.36115 69.9095 325.556 1.35947 9.77316 52.9457 2.6511 -13 2206 1 0 1
-39.7006 -20.8839 325.556 -9.41571 -3.8473 66.824 1.54396 -13 2207 1 0 1
-77.6829 -28.1411 325.556 -10.3659 -2.38977 35.2476 6.0012 -13 2208 1 0 1
-45.25 24.2131 325.556 -9.22005 3.89651 57.3337 3.74223 -13 2209 1 0 1
83.9109 47.5119 325.556 15.4561 5.73225 49.3811 2.95278 -13 2210 1 0 1
-37.2391 -3.80794 325.556 -9.11904 -0.871814 68.7658 -0.529957 -13 2211 1 0 1
-13.9597 -24.4194 325.556 -3.9762 -4.81124 73.333 1.36442 -13 2212 1 0 1
-23.638 10.9417 325.556 -5.07771 1.73909 62.3971 3.1089 -13 2213 1 0 1
-67.213 -26.4173 325.556 -17.9768 -5.56297 74.5195 2.77201 -13 2214 1 0 1
-125.402 137.406 325.556 -23.948 18.3017 52.0897 0.563621 -13 2215 1 0 1
-62.1094 -51.3489 325.556 -14.3932 -8.74713 64.7172 2.13007 -13 2216 1 0 1
15.1762 55.1381 325.556 3.42455 10.1174 67.3128 4.52926 -13 2217 1 0 1
-35.0124 -44.0808 325.556 -6.93887 -6.21412 56.8161 2.4471 -13 2218 1 0 1
-28.3048 65.2097 325.556 -6.61216 11.7327 65.5057 0.695754 -13 2219 1 0 1
18.0619 -4.92912 325.556 4.1318 -0.404731 66.4792 2.25664 -13 2220 1 0 1
-29.9318 -25.5036 325.556 -6.48439 -4.07038 61.5253 2.57637 -13 2221 1 0 1
-24.6688 -8.75566 325.556 -3.49888 -0.540687 40.1739 3.48447 -13 2223 1 0 1
92.3689 -16.8729 325.556 22.593 -3.22552 70.9284 1.21779 -13 2224 1 0 1
33.7132 32.4933 325.556 5.85212 3.92062 45.3723 3.18175 -13 2225 1 0 1
7.50942 10.0666 325.556 1.57428 1.73103 74.5568 1.4762 -13 2226 1 0 1
-5.51803 21.5138 325.556 -1.3194 3.67386 64.493 1.77888 -13 2227 1 0 1
-12.1987 -5.56637 325.556 -3.21051 -0.280103 68.8398 2.53357 -13 2228 1 0 1
30.0655 -21.5814 325.556 7.18523 -5.44965 78.7156 4.01988 -13 2229 1 0 1
21.7865 23.925 325.556 3.98137 3.24157 45.8408 3.51382 -13 2230 1 0 1
-57.5547 32.0764 325.556 -12.5808 5.43448 61.8928 1.25867 -13 2231 1 0 1
24.3938 32.2476 325.556 4.91769 5.30709 53.9746 2.08053 -13 2232 1 0 1
-41.2161 -40.6935 325.556 -9.84188 -7.5735 67.0952 -0.0438233 -13 2233 1 0 1
1.88455 -10.0895 325.556 0.365774 -1.85845 63.2461 1.11369 -13 2234 1 0 1
25.4896 42.0136 325.556 4.86234 5.7789 50.5168 0.833121 -13 2235 1 0 1
-41.8133 -16.8764 325.556 -9.05418 -3.32815 60.8652 3.69879 -13 2236 1 0 1
-21.9072 12.2162 325.556 -6.96158 2.70719 81.3803 4.92604 -13 2237 1 0 1
3.78421 15.6811 325.556 0.868076 2.83131 61.9647 3.30045 -13 2238 1 0 1
32.6885 -63.2333 325.556 7.39935 -11.5129 65.6583 4.84538 -13 2239 1 0 1
-45.4417 -30.699 325.556 -11.7659 -6.64642 71.6148 1.41289 -13 2240 1 0 1
-12.1806 11.4926 325.556 -3.0971 2.52638 68.5623 0.507432 -13 2241 1 0 1
-10.1641 5.43095 325.556 -2.65173 1.1077 70.4514 3.07005 -13 2242 1 0 1
7.85911 59.4467 325.556 1.77213 9.56296 58.9362 2.19628 -13 2243 1 0 1
-24.8566 73.3152 325.556 -4.42824 10.5012 51.7528 2.57076 -13 2244 1 0 1
11.4379 23.6825 325.556 2.61819 4.92182 69.6314 2.91108 -13 2245 1 0 1
-42.3501 7.43426 325.556 -10.8199 2.31698 71.3442 3.0242 -13 2246 1 0 1
-1.17915 -3.84906 325.556 -1.20669 -1.0502 81.3678 0.435824 -13 2247 1 0 1
34.0064 -10.2161 325.556 8.43323 -2.61775 75.812 1.13297 -13 2248 1 0 1
75.7723 -8.02352 325.556 16.0814 -0.886923 58.9867 2.32901 -13 2249 1 0 1
3.26856 27.4047 325.556 0.28711 5.55362 77.6555 2.67016 -13 2250 1 0 1
34.9762 -13.5022 325.556 8.20444 -2.17313 68.5717 2.0356 -13 2251 1 0 1
2.01868 54.9973 325.556 0.499621 8.88576 61.0948 2.16369 -13 2252 1 0 1
73.8978 80.0701 325.556 13.8122 11.3101 51.1513 4.4594 -13 2253 1 0 1
-53.9724 44.2116 325.556 -11.9467 7.66879 62.4571 -0.21284 -13 2254 1 0 1
15.1038 -19.914 325.556 3.2432 -3.51312 59.7789 2.88305 -13 2256 1 0 1
83.3256 -27.403 325.556 17.7361 -4.58118 59.3536 0.717526 -13 2257 1 0 1
36.8374 -73.8728 325.556 7.55142 -11.4588 56.6717 2.8483 -13 2258 1 0 1
57.8507 5.4282 325.556 12.6121 1.16762 60.9111 2.34371 -13 2259 1 0 1
80.6696 -18.3848 325.556 17.7487 -3.83851 61.7586 2.8818 -13 2260 1 0 1
-46.4297 64.9101 325.556 -13.2616 15.0807 77.5491 3.32015 -13 2261 1 0 1
-14.5412 45.8352 325.556 -2.77115 7.12438 56.2975 3.27128 -13 2262 1 0 1
-40.9995 -23.843 325.556 -10.3027 -4.15634 69.628 2.76691 -13 2263 1 0 1
23.5555 -45.7636 325.556 5.26259 -8.46984 64.1611 2.29824 -13 2264 1 0 1
20.0417 -24.4234 325.556 4.69705 -4.56321 68.5298 1.11012 -13 2265 1 0 1
-57.3681 43.8344 325.556 -11.4822 6.95515 56.2758 3.78586 -13 2266 1 0 1
31.6763 -29.6593 325.556 7.07916 -4.65319 63.6337 3.52519 -13 2267 1 0 1
-44.829 48.6143 325.556 -7.4821 5.77027 46.8578 1.2925 -13 2268 1 0 1
-44.9361 -49.5267 325.556 -11.0343 -10.4236 68.5797 2.08332 -13 2269 1 0 1
-9.4889 -25.7707 325.556 -3.17944 -5.27044 77.422 1.35355 -13 2270 1 0 1
7.25437 25.1798 325.556 1.68559 4.56812 69.2405 0.953718 -13 2271 1 0 1
-80.2662 8.12571 325.556 -22.4579 1.46537 77.6461 1.29684 -13 2272 1 0 1
19.364 21.6573 325.556 4.1579 3.47835 59.6027 1.26413 -13 2273 1 0 1
-48.4186 -16.5644 325.556 -13.1877 -3.94225 74.9878 0.639641 -13 2274 1 0 1
4.6738 -57.8399 325.556 1.1566 -7.65401 49.2363 2.387 -13 2275 1 0 1
40.7915 -1.82709 325.556 9.49576 -0.770134 66.6824 1.48223 -13 2276 1 0 1
-54.33 -12.2901 325.556 -10.9568 -1.4577 56.7153 0.781895 -13 2277 1 0 1
-11.4863 7.29208 325.556 -3.07668 1.25135 70.5922 2.88019 -13 2278 1 0 1
-20.4769 32.9564 325.556 -6.00001 8.08516 76.3459 2.58721 -13 2279 1 0 1
-14.9689 -16.6382 325.556 -3.21485 -2.78785 60.6375 1.7341 -13 2280 1 0 1
30.9491 -18.7046 325.556 6.72264 -3.16823 61.4028 -0.728938 -13 2281 1 0 1
-59.3597 11.0347 325.556 -14.1686 2.05544 66.5859 2.76046 -13 2282 1 0 1
-54.8923 20.4334 325.556 -8.27738 1.89962 41.9264 4.38557 -13 2283 1 0 1
-32.0292 8.25649 325.556 -8.30562 1.32833 71.68 0.487432 -13 2284 1 0 1
-59.7499 20.7794 325.556 -8.34473 2.14692 37.7299 3.53782 -13 2285 1 0 1
-16.3596 -10.7969 325.556 -2.92935 -1.56014 52.599 1.95133 -13 2286 1 0 1
-32.292 7.25665 325.556 -6.24838 1.23549 55.546 0.385109 -13 2287 1 0 1
-13.7246 5.76245 325.556 -3.32044 1.16457 66.4245 2.41834 -13 2288 1 0 1
-39.9934 -22.7652 325.556 -8.49618 -4.21987 60.114 4.03793 -13 2289 1 0 1
-25.3646 -66.6637 325.556 -6.96451 -14.1894 73.6333 2.28069 -13 2290 1 0 1
-44.4315 -81.958 325.556 -7.77366 -10.8616 49.4566 3.05135 -13 2291 1 0 1
18.3991 5.98318 325.556 4.19835 1.47157 71.1075 1.61353 -13 2292 1 0 1
78.3313 -39.4073 325.556 16.0128 -6.49351 56.3608 1.77574 -13 2293 1 0 1
-11.4374 33.778 325.556 -2.52802 6.51125 64.4876 3.09184 -13 2294 1 0 1
-30.7938 -14.7406 325.556 -8.06888 -2.50068 72.1738 3.95625 -13 2295 1 0 1
-9.41319 -78.6754 325.556 -2.46623 -15.0162 68.5184 2.08982 -13 2296 1 0 1
-30.7382 -13.801 325.556 -5.04417 -1.97243 46.2558 -0.316011 -13 2297 1 0 1
-81.1938 88.0193 325.556 -10.6511 7.4842 34.9627 1.83721 -13 2298 1 0 1
-78.443 -35.4798 325.556 -19.6356 -7.07862 70.0001 0.895549 -13 2299 1 0 1
-47.4297 -2.60065 325.556 -12.0768 -0.207983 70.9591 3.02911 -13 2300 1 0 1
-13.57 -27.3092 325.556 -2.75627 -3.90043 57.9426 1.67707 -13 2301 1 0 1
1.07875 8.47888 325.556 0.461043 1.07694 48.5723 1.33969 -13 2302 1 0 1
-71.5726 -56.7962 325.556 -14.395 -8.96179 56.1094 2.50034 -13 2303 1 0 1
-1.79199 11.3846 325.556 -0.483036 1.8896 65.7505 1.76065 -13 2304 1 0 1
-45.8874 16.6067 325.556 -8.25761 2.41137 50.9443 1.7691 -13 2305 1 0 1
-29.2576 7.54692 325.556 -7.38449 1.8063 70.0169 4.63724 -13 2306 1 0 1
-18.1509 22.5027 325.556 -4.81971 5.36363 71.2074 2.34107 -13 2307 1 0 1
-45.179 -23.7756 325.556 -11.0108 -3.8452 68.4576 2.97276 -13 2308 1 0 1
-4.60529 -34.445 325.556 -1.01097 -5.79519 62.0927 1.74574 -13 2309 1 0 1
-65.6423 -20.3246 325.556 -14.257 -3.60471 60.9264 1.86861 -13 2310 1 0 1
-49.9156 50.4488 325.556 -14.3264 11.2742 77.3179 1.31115 -13 2312 1 0 1
71.6497 45.4747 325.556 12.3451 5.54938 45.8474 0.959132 -13 2313 1 0 1
-42.2882 63.4516 325.556 -11.928 13.9388 76.6077 0.52317 -13 2314 1 0 1
27.4654 -1.73728 325.556 6.63025 0.468848 73.6643 3.44966 -13 2315 1 0 1
34.8643 -47.3992 325.556 7.42019 -7.4407 58.6287 2.16398 -13 2316 1 0 1
30.8529 7.13589 325.556 6.3743 1.26769 56.3643 2.52886 -13 2318 1 0 1
13.7559 -50.0182 325.556 2.44804 -5.84783 42.4833 1.96415 -13 2319 1 0 1
30.9625 -32.5873 325.556 7.16515 -5.59793 66.6464 4.46853 -13 2320 1 0 1
-30.4306 -10.9771 325.556 -8.53885 -2.45869 76.0811 2.15422 -13 2321 1 0 1
-35.5599 56.8372 325.556 -9.2538 11.4532 71.6872 -0.565665 -13 2322 1 0 1
123.804 17.5875 325.556 23.0925 2.42757 50.2166 1.50675 -13 2323 1 0 1
-8.44888 6.10864 325.556 -2.43763 1.31811 71.0745 2.85001 -13 2324 1 0 1
-8.35471 1.25054 325.556 -2.16469 0.25441 67.7233 1.73553 -13 2325 1 0 1
123.181 58.4341 325.556 18.9385 5.56 39.6351 5.31692 -13 2326 1 0 1
35.0934 6.02235 325.556 7.10787 0.729956 53.6712 1.77685 -13 2327 1 0 1
73.0516 7.78065 325.556 17.1566 1.27107 67.3771 3.20486 -13 2328 1 0 1
-20.5903 -4.87517 325.556 -3.66602 -0.898022 51.8334 1.98803 -13 2329 1 0 1
-15.1493 -35.9456 325.556 -4.44011 -7.69878 75.086 4.17939 -13 2330 1 0 1
11.9982 27.0779 325.556 2.68896 6.08552 66.1183 0.49094 -13 2331 1 0 1
-2.45145 68.6102 325.556 -0.281119 8.71118 48.6573 0.345359 -13 2332 1 0 1
22.1355 5.07221 325.556 4.62348 1.08572 55.0936 2.15828 -13 2334 1 0 1
-49.6751 -10.774 325.556 -9.00926 -1.72992 51.1825 2.64691 -13 2335 1 0 1
-30.7884 51.8401 325.556 -6.72176 9.4949 61.7595 2.6871 -13 2336 1 0 1
32.7372 -0.759403 325.556 7.19667 -0.218296 61.3644 0.542961 -13 2337 1 0 1
-24.3336 50.323 325.556 -4.98654 8.67971 58.3489 2.30978 -13 2338 1 0 1
-43.0615 81.2002 325.556 -6.77665 9.17193 43.9176 0.187922 -13 2339 1 0 1
-7.47443 -28.2252 325.556 -2.75683 -6.59723 79.6576 2.32549 -13 2340 1 0 1
28.6213 -43.0541 325.556 6.40655 -7.90863 64.5629 3.98166 -13 2341 1 0 1
59.9988 72.0179 325.556 11.5169 10.3019 52.2873 2.20703 -13 2343 1 0 1
-68.417 1.17441 325.556 -18.6394 0.900092 75.603 1.6053 -13 2344 1 0 1
-33.2255 26.3324 325.556 -7.00153 4.67649 59.4155 3.24701 -13 2345 1 0 1
-34.9738 -11.7232 325.556 -7.80095 -1.46338 62.8244 1.48122 -13 2346 1 0 1
20.392 -9.90973 325.556 4.1263 -1.89424 52.9316 4.40748 -13 2348 1 0 1
-83.0044 9.13511 325.556 -9.99801 0.61474 31.0454 5.24674 -13 2349 1 0 1
24.9774 1.5158 325.556 5.27347 0.397991 55.8061 1.91688 -13 2350 1 0 1
-23.4755 -14.9456 325.556 -5.98452 -2.52467 69.5912 0.575984 -13 2351 1 0 1
-38.3357 18.5912 325.556 -9.26368 3.61906 67.2812 2.2021 -13 2352 1 0 1
-114.918 -22.6394 325.556 -21.7519 -3.72187 51.7921 1.49566 -13 2353 1 0 1
-28.3325 52.3338 325.556 -5.65129 8.33605 56.7692 3.97487 -13 2354 1 0 1
-12.7388 -51.2922 325.556 -3.26055 -10.2282 68.3854 0.798937 -13 2355 1 0 1
-9.9381 62.6085 325.556 -2.61558 12.2735 69.0898 4.06305 -13 2356 1 0 1
-27.4996 37.8976 325.556 -5.50888 6.00617 56.8288 0.893601 -13 2357 1 0 1
19.0957 15.4897 325.556 4.1726 2.62668 59.1155 0.940307 -13 2358 1 0 1
66.0004 -56.6731 325.556 10.5774 -6.0244 41.5437 3.04326 -13 2359 1 0 1
-46.1976 -15.5886 325.556 -12.2796 -3.09614 73.4162 1.05529 -13 2360 1 0 1
-29.9142 -34.2859 325.556 -6.23302 -5.45219 59.9204 2.35556 -13 2361 1 0 1
-70.8022 -11.1775 325.556 -12.523 -1.3121 48.9956 2.11232 -13 2362 1 0 1
-27.8414 23.6661 325.556 -6.81578 4.77064 67.7937 0.982035 -13 2363 1 0 1
-6.52886 -10.1775 325.556 -2.12521 -1.92343 75.6967 3.30688 -13 2364 1 0 1
1.51488 -19.5414 325.556 0.161517 -3.21248 68.1663 4.5752 -13 2365 1 0 1
18.2171 24.0442 325.556 4.34528 4.63812 74.809 2.4707 -13 2366 1 0 1
-35.4723 10.7973 325.556 -9.13075 2.4627 71.2557 1.61493 -13 2367 1 0 1
30.9104 24.9707 325.556 7.32714 4.90399 70.2983 2.14644 -13 2368 1 0 1
-16.082 12.8593 325.556 -3.25999 2.23912 59.59 1.89842 -13 2369 1 0 1
74.8233 -1.28809 325.556 17.8656 0.586673 68.8301 2.16317 -13 2370 1 0 1
25.914 29.556 325.556 5.87954 5.0077 63.7782 0.923901 -13 2371 1 0 1
-45.9211 20.7502 325.556 -12.3412 4.75944 74.8124 4.79902 -13 2372 1 0 1
15.938 64.165 325.556 3.55129 12.2122 69.5569 2.79889 -13 2373 1 0 1
-64.798 -3.09673 325.556 -17.1147 -0.688385 73.2239 3.57171 -13 2374 1 0 1
8.22618 -62.3666 325.556 1.68529 -8.38356 50.6008 2.33425 -13 2375 1 0 1
29.0565 24.1436 325.556 6.51958 4.00759 63.4731 1.11042 -13 2376 1 0 1
-9.99795 -4.6873 325.556 -2.53702 -1.28419 69.3269 2.88426 -13 2377 1 0 1
49.157 53.4245 325.556 12.2232 11.2801 74.5185 2.80614 -13 2378 1 0 1
9.98109 -64.7231 325.556 2.0793 -12.7674 69.3328 4.46523 -13 2379 1 0 1
-22.8 -18.3399 325.556 -5.90094 -3.67328 70.6612 1.468 -13 2380 1 0 1
-78.3588 15.5331 325.556 -13.5039 2.14532 47.3575 2.13026 -13 2381 1 0 1
-26.4321 -6.24053 325.556 -4.81078 -0.824746 52.8085 2.19965 -13 2382 1 0 1
6.68284 75.8158 325.556 1.38837 12.6321 61.2067 0.853273 -13 2383 1 0 1
-19.5606 39.0758 325.556 -5.13985 7.41194 71.1433 2.34595 -13 2384 1 0 1
-6.91189 -27.364 325.556 -1.01412 -3.04213 49.5873 3.11091 -13 2385 1 0 1
43.9695 -27.2943 325.556 6.76361 -2.60752 40.2706 1.23774 -13 2386 1 0 1
-11.998 -13.9134 325.556 -3.54187 -2.78276 74.7545 4.31717 -13 2387 1 0 1
-67.8296 25.1888 325.556 -18.5208 5.43651 75.5148 1.79281 -13 2388 1 0 1
4.80457 -31.6577 325.556 1.03605 -5.6839 61.4585 -0.115793 -13 2389 1 0 1
45.2195 -7.62795 325.556 10.3878 -1.45094 66.0633 0.232567 -13 2390 1 0 1
100.974 -37.2557 325.556 19.2111 -5.40476 51.6581 2.9145 -13 2391 1 0 1
-117.801 -20.0443 325.556 -26.989 -3.03809 63.3428 1.60349 -13 2392 1 0 1
-21.7261 -4.43394 325.556 -5.51215 -0.551781 69.4941 1.25025 -13 2393 1 0 1
30.9871 17.4347 325.556 7.20151 3.43405 66.8334 2.81147 -13 2394 1 0 1
24.7324 20.8518 325.556 5.80636 4.18328 70.513 2.88966 -13 2395 1 0 1
-0.811791 3.26479 325.556 -0.104026 0.960628 60.4634 4.58398 -13 2396 1 0 1
5.38959 -10.1341 325.556 0.897512 -2.47774 74.8403 0.813514 -13 2397 1 0 1
-81.8294 1.70433 325.556 -13.3341 -0.523411 44.8785 2.74736 -13 2398 1 0 1
45.2104 0.378956 325.556 9.20212 0.189262 56.4701 2.7633 -13 2399 1 0 1
-48.7469 -12.6527 325.556 -9.85995 -1.99534 57.3854 2.62558 -13 2400 1 0 1
-53.6563 19.1001 325.556 -7.66345 1.96036 38.6692 1.52272 -13 2401 1 0 1
-72.2413 35.2271 325.556 -14.6557 5.62679 56.9259 4.46812 -13 2402 1 0 1
47.5322 29.3477 325.556 9.47213 4.49967 53.6791 1.63333 -13 2403 1 0 1
18.7918 55.3985 325.556 4.25229 10.6585 69.4766 2.71705 -13 2404 1 0 1
-5.17679 -27.8271 325.556 -1.34311 -5.27919 67.0066 3.22773 -13 2405 1 0 1
45.0472 -15.3105 325.556 8.25829 -1.9122 48.7368 1.44199 -13 2406 1 0 1
-15.528 29.1324 325.556 -3.22412 4.57614 60.2712 4.31134 -13 2407 1 0 1
-15.9894 -44.9757 325.556 -3.31549 -7.69305 59.7972 2.01367 -13 2408 1 0 1
12.0031 -18.0297 325.556 2.71701 -3.15617 67.7087 3.32178 -13 2409 1 0 1
46.7762 37.4688 325.556 10.949 7.45727 67.4826 0.513929 -13 2410 1 0 1
-17.6597 6.73102 325.556 -3.79115 1.29986 61.5824 1.56395 -13 2411 1 0 1
-41.2609 -38.9383 325.556 -9.7612 -7.40296 66.5009 3.28065 -13 2412 1 0 1
-65.5594 -18.212 325.556 -17.751 -3.87721 75.1655 4.48346 -13 2413 1 0 1
-32.8553 -12.1894 325.556 -9.84267 -2.52256 78.6848 -1.44819 -13 2414 1 0 1
51.6645 5.68797 325.556 12.4348 0.339826 69.3925 1.80736 -13 2415 1 0 1
-21.8633 19.564 325.556 -6.04766 4.00115 74.2613 2.67771 -13 2416 1 0 1
-1.78034 -94.6863 325.556 -0.181132 -12.2714 49.8824 5.64797 -13 2417 1 0 1
-47.9938 -9.66924 325.556 -11.3144 -2.05876 66.1744 2.90709 -13 2418 1 0 1
-6.64922 57.1377 325.556 -1.09906 7.84823 52.3078 1.8381 -13 2419 1 0 1
-31.7061 -39.8567 325.556 -8.3604 -8.29144 72.1895 -1.18594 -13 2420 1 0 1
-6.44173 63.7662 325.556 -2.64079 14.0829 78.1539 1.41638 -13 2421 1 0 1
29.692 55.8328 325.556 6.37925 9.19675 59.1057 1.82014 -13 2422 1 0 1
-20.7953 -50.8631 325.556 -3.96935 -7.68479 55.2535 1.64867 -13 2423 1 0 1
-19.8556 31.4416 325.556 -6.17774 7.16386 78.3314 0.655249 -13 2424 1 0 1
5.31236 56.2847 325.556 1.1345 6.08146 42.9143 4.41634 -13 2425 1 0 1
38.6214 30.6541 325.556 8.8455 5.92415 66.3766 2.03332 -13 2426 1 0 1
-28.0285 21.1238 325.556 -5.36772 2.68155 54.6318 2.25284 -13 2427 1 0 1
21.3626 -6.42939 325.556 3.85621 -0.660704 46.5657 1.85791 -13 2428 1 0 1
7.15505 36.1326 325.556 1.32579 8.84466 77.1192 -0.0840596 -13 2429 1 0 1
108.269 -69.0715 325.556 18.4879 -8.14514 45.22 2.11289 -13 2430 1 0 1
-32.2922 2.3587 325.556 -8.3486 -0.237234 71.4757 4.33829 -13 2431 1 0 1
40.1883 98.6671 325.556 5.5076 7.79457 34.0763 4.65668 -13 2432 1 0 1
71.2434 -25.4083 325.556 14.0126 -3.89145 53.6948 1.21509 -13 2433 1 0 1
19.0495 11.7585 325.556 4.08332 1.57449 59.0503 1.60058 -13 2434 1 0 1
-31.482 -96.0374 325.556 -6.76101 -15.9768 60.8313 3.14025 -13 2435 1 0 1
9.56122 -7.53937 325.556 2.07713 -0.903826 64.4603 2.31547 -13 2436 1 0 1
8.93358 -18.6106 325.556 1.87451 -4.03211 69.3669 1.62593 -13 2437 1 0 1
32.3197 -16.7986 325.556 5.88179 -2.15404 47.5277 2.56958 -13 2438 1 0 1
-22.9193 -14.6368 325.556 -6.17238 -3.47547 73.0838 2.15825 -13 2439 1 0 1
-89.9915 -54.1755 325.556 -19.9623 -8.7399 62.0497 2.96933 -13 2440 1 0 1
-12.5414 -22.4364 325.556 -2.24523 -3.73576 53.0108 1.26104 -13 2441 1 0 1
13.0968 31.5842 325.556 2.44049 4.32541 46.3885 2.33899 -13 2442 1 0 1
-0.361826 51.3288 325.556 0.0643855 7.60944 53.9797 2.92099 -13 2443 1 0 1
-18.9728 -48.594 325.556 -5.10491 -10.0218 71.2577 2.51165 -13 2444 1 0 1
13.6955 31.4137 325.556 3.16879 5.9841 69.1903 2.39919 -13 2445 1 0 1
0.444872 -5.96613 325.556 -0.144455 -1.0815 69.1883 -0.188916 -13 2446 1 0 1
-8.27253 28.0724 325.556 -2.35795 5.71634 72.0418 0.900744 -13 2447 1 0 1
-53.3083 -26.4964 325.556 -12.656 -4.76296 66.4017 1.10096 -13 2448 1 0 1
-8.72879 -44.713 325.556 -1.99559 -7.69997 66.2866 3.11671 -13 2449 1 0 1
50.9241 -6.26651 325.556 11.311 -0.991187 62.5261 3.24723 -13 2450 1 0 1
-38.543 -38.0635 325.556 -8.81876 -6.68099 64.2151 4.36794 -13 2451 1 0 1
6.17905 -43.9545 325.556 1.43943 -7.5623 60.3019 4.66149 -13 2452 1 0 1
14.1571 27.1324 325.556 3.19756 5.13101 64.9713 2.99283 -13 2453 1 0 1
-25.8479 -60.2732 325.556 -5.406 -10.5021 60.4678 1.7866 -13 2454 1 0 1
-2.60491 21.8078 325.556 -0.344505 3.06903 56.9205 1.80747 -13 2455 1 0 1
31.364 4.93786 325.556 7.64071 0.689829 74.4654 0.721092 -13 2456 1 0 1
-43.739 -19.4871 325.556 -7.32807 -2.28164 46.8996 1.86955 -13 2457 1 0 1
-27.8913 -66.7061 325.556 -5.70844 -10.557 57.8051 2.41613 -13 2458 1 0 1
-11.7075 -6.11279 325.556 -2.70442 -0.820502 64.9263 4.06088 -13 2459 1 0 1
12.6385 -6.11091 325.556 2.90687 -1.41939 65.2898 2.36956 -13 2460 1 0 1
-10.5006 -30.2459 325.556 -2.59402 -5.03734 66.4424 0.891051 -13 2461 1 0 1
-23.7576 96.3349 325.556 -4.33105 13.8826 52.6631 1.89083 -13 2462 1 0 1
-29.0234 84.3295 325.556 -3.92971 8.13032 37.6837 1.63124 -13 2463 1 0 1
-9.4061 4.36595 325.556 -1.52979 0.689691 52.499 2.30595 -13 2464 1 0 1
-40.9219 124.603 325.556 -8.37205 19.258 57.6233 2.41253 -13 2465 1 0 1
5.25506 -34.0312 325.556 1.17535 -4.68112 51.0068 2.84399 -13 2466 1 0 1
-19.5483 40.1848 325.556 -1.85368 2.54423 26.0986 4.06854 -13 2467 1 0 1
-8.33354 8.58553 325.556 -2.16822 2.17967 68.896 2.28694 -13 2468 1 0 1
19.5431 12.4642 325.556 3.32122 1.24108 42.2941 2.93538 -13 2469 1 0 1
-64.0315 12.9345 325.556 -11.7982 1.6624 51.2724 2.38164 -13 2470 1 0 1
-26.0795 24.6123 325.556 -7.6053 5.20619 76.969 -0.110085 -13 2471 1 0 1
-47.5934 -54.7549 325.556 -11.5049 -10.2474 67.5723 3.71928 -13 2472 1 0 1
28.6724 -3.38283 325.556 5.2104 -0.718568 46.3046 2.48063 -13 2473 1 0 1
19.6032 55.7849 325.556 2.55371 4.30529 31.139 6.22037 -13 2474 1 0 1
72.8209 5.27056 325.556 15.8219 0.896059 60.7254 2.36488 -13 2475 1 0 1
-40.146 -62.5932 325.556 -7.76014 -9.3288 54.7623 2.21807 -13 2476 1 0 1
15.2904 -4.30067 325.556 3.46749 -0.561938 64.5063 1.16633 -13 2477 1 0 1
-7.41525 15.318 325.556 -1.61588 2.20556 63.9674 1.35652 -13 2478 1 0 1
-17.0107 18.8911 325.556 -4.51671 3.89642 72.2449 0.370387 -13 2479 1 0 1
-30.0513 22.5085 325.556 -4.48636 2.31434 41.6899 1.23771 -13 2480 1 0 1
-24.6064 19.0297 325.556 -7.22856 4.89499 77.164 2.60211 -13 2481 1 0 1
42.2363 74.0346 325.556 9.31926 12.2006 62.7745 3.23253 -13 2483 1 0 1
-57.329 -48.2935 325.556 -13.9837 -9.05776 68.0956 2.96067 -13 2485 1 0 1
60.7981 25.5883 325.556 12.8273 4.43109 57.949 0.261995 -13 2486 1 0 1
-25.0079 -13.8351 325.556 -7.47188 -3.0607 78.707 1.02295 -13 2487 1 0 1
-6.84203 -4.42978 325.556 -2.30767 -0.918758 75.9215 0.756282 -13 2488 1 0 1
33.4974 -182.218 325.556 5.70215 -21.139 46.5989 2.57886 -13 2489 1 0 1
-15.482 -10.4586 325.556 -3.53323 -1.77208 64.4565 0.265098 -13 2490 1 0 1
-17.7775 39.3945 325.556 -4.18853 6.90802 65.9675 3.4252 -13 2491 1 0 1
11.9538 -19.7212 325.556 2.74603 -3.69475 69.8128 3.05229 -13 2492 1 0 1
-61.7451 57.4601 325.556 -16.4155 12.0372 74.0164 0.865555 -13 2493 1 0 1
7.71045 -23.5443 325.556 1.76657 -3.53968 56.3381 0.308251 -13 2494 1 0 1
-7.89481 6.57889 325.556 -2.16925 1.68461 70.5016 4.01549 -13 2495 1 0 1
52.0338 -0.0899897 325.556 8.42739 0.044269 42.0506 3.77676 -13 2496 1 0 1
0.0454822 -12.171 325.556 -0.70651 -3.18217 80.1018 2.23997 -13 2497 1 0 1
16.708 40.9965 325.556 3.91161 8.03387 71.9956 0.772314 -13 2498 1 0 1
-11.629 -5.28804 325.556 -3.09217 -1.04979 70.6626 2.45687 -13 2499 1 0 1
-1.35891 2.91723 325.556 -0.950317 0.125566 78.2038 2.81441 -13 2500 1 0 1
13.5865 22.2128 325.556 3.08376 5.26553 76.046 1.58448 -13 2501 1 0 1
-38.1646 31.4511 325.556 -8.28522 5.10125 61.3712 2.23995 -13 2502 1 0 1
29.7974 37.3727 325.556 6.86825 6.81628 66.7979 -0.246948 -13 2503 1 0 1
-18.9053 -6.53687 325.556 -4.35748 -0.628065 65.0522 2.45292 -13 2504 1 0 1
-5.60673 -83.283 325.556 -0.833644 -10.7039 49.1097 2.07022 -13 2505 1 0 1
34.2914 68.8898 325.556 6.62084 9.72791 52.1214 3.92481 -13 2506 1 0 1
86.0499 -67.9623 325.556 15.2649 -8.41674 47.51 1.52713 -13 2507 1 0 1
25.4012 46.2743 325.556 5.27147 7.23321 56.3429 1.15586 -13 2508 1 0 1
-39.8566 78.1448 325.556 -6.20827 8.93197 43.6884 3.67381 -13 2509 1 0 1
17.1481 -13.2286 325.556 3.98412 -2.68634 69.4069 1.42798 -13 2510 1 0 1
-104.179 12.6885 325.556 -20.5854 1.6997 54.3459 2.13718 -13 2511 1 0 1
23.9382 -69.5368 325.556 4.81474 -10.745 54.5018 2.57012 -13 2512 1 0 1
48.7221 -33.0642 325.556 9.67603 -5.39815 54.2745 2.36119 -13 2513 1 0 1
19.5077 -16.3256 325.556 4.66013 -3.40769 72.9578 1.87835 -13 2514 1 0 1
28.2894 -18.55 325.556 6.6261 -3.78564 68.1625 3.83719 -13 2515 1 0 1
-2.11064 32.6082 325.556 -0.543567 6.20439 66.1556 2.95535 -13 2516 1 0 1
-35.7987 -5.54767 325.556 -9.17815 -0.530116 70.9765 3.08184 -13 2517 1 0 1
2.96828 -71.4926 325.556 0.722953 -11.6884 61.3691 1.7664 -13 2518 1 0 1
-6.87849 -22.8723 325.556 -2.33731 -5.08627 76.3922 1.09693 -13 2519 1 0 1
-9.96602 17.1814 325.556 -2.48924 3.52402 67.4082 0.419081 -13 2520 1 0 1
-30.9804 -39.3201 325.556 -7.19708 -7.33816 65.4638 2.35951 -13 2521 1 0 1
2.86959 11.086 325.556 0.843989 1.98206 55.925 2.45688 -13 2522 1 0 1
22.7189 6.46158 325.556 5.28575 1.23244 70.1395 2.11289 -13 2523 1 0 1
-28.9424 45.172 325.556 -7.70487 9.22628 72.2454 2.43225 -13 2524 1 0 1
9.63284 28.2062 325.556 2.11135 5.76906 70.6885 2.2283 -13 2525 1 0 1
-8.2067 3.58796 325.556 -1.47111 0.880917 55.7574 3.47933 -13 2526 1 0 1
-11.4251 -19.2809 325.556 -2.75463 -3.15542 66.5529 0.330277 -13 2527 1 0 1
-20.3551 38.0082 325.556 -3.77185 5.49675 54.6876 2.28397 -13 2528 1 0 1
30.9746 6.87053 325.556 7.36368 1.35627 70.1503 0.657134 -13 2529 1 0 1
-39.8508 -16.7733 325.556 -7.20124 -2.10113 51.7046 4.42174 -13 2530 1 0 1
0.481116 -82.3683 325.556 -0.00161627 -15.245 64.7702 1.37076 -13 2531 1 0 1
20.6042 -33.4212 325.556 4.68818 -6.49125 68.339 0.138165 -13 2532 1 0 1
60.9966 -0.31232 325.556 12.4272 -0.699676 56.7074 0.649283 -13 2533 1 0 1
23.0334 21.9943 325.556 5.46721 4.17135 69.8959 4.40053 -13 2534 1 0 1
-50.8606 1.63408 325.556 -9.98266 0.139073 55.2947 2.33113 -13 2535 1 0 1
93.2274 63.6474 325.556 16.4192 7.68625 46.8109 2.38399 -13 2536 1 0 1
34.3342 -40.1008 325.556 6.26812 -5.13903 47.5029 2.48224 -13 2537 1 0 1
-14.9579 12.848 325.556 -3.96382 2.18029 71.5399 2.01154 -13 2538 1 0 1
-23.5962 8.66878 325.556 -5.80651 1.53367 68.2658 3.43716 -13 2539 1 0 1
46.7492 -9.5929 325.556 11.0698 -2.15358 69.0076 4.81497 -13 2542 1 0 1
-25.0449 -55.0317 325.556 -5.96884 -10.4475 66.5232 1.76099 -13 2543 1 0 1
-20.758 -20.9992 325.556 -4.41311 -3.40711 62.3514 2.28892 -13 2544 1 0 1
5.16082 28.5689 325.556 1.20161 5.66682 68.8913 2.21879 -13 2546 1 0 1
13.0362 -6.73316 325.556 3.06264 -1.67378 69.9514 2.3873 -13 2547 1 0 1
38.8273 74.7326 325.556 8.48816 12.6076 61.9374 1.57952 -13 2549 1 0 1
11.742 56.8895 325.556 2.23669 7.11205 46.6858 2.89965 -13 2551 1 0 1
62.4422 -22.6238 325.556 12.5454 -3.49564 54.9315 2.27726 -13 2552 1 0 1
-8.35536 -34.3855 325.556 -1.06924 -3.75368 44.5017 1.82211 -13 2553 1 0 1
45.7034 -25.1463 325.556 9.30406 -3.58482 56.0208 1.44653 -13 2554 1 0 1
-4.29249 50.2879 325.556 -1.78637 11.3437 76.6054 2.55338 -13 2555 1 0 1
31.8494 40.4444 325.556 6.32374 5.75388 53.7254 3.79317 -13 2556 1 0 1
-26.5035 25.1828 325.556 -5.56854 3.9591 59.6983 0.895003 -13 2557 1 0 1
-28.7757 49.3189 325.556 -5.87456 7.77009 57.839 3.09696 -13 2558 1 0 1
-37.8282 32.3122 325.556 -11.5407 7.83671 79.0389 2.21382 -13 2559 1 0 1
-7.13536 19.444 325.556 -1.18645 3.10557 54.2133 2.06605 -13 2560 1 0 1
-34.2858 -12.1397 325.556 -9.03188 -2.46985 71.9955 0.350094 -13 2561 1 0 1
10.9381 -38.4615 325.556 2.37184 -8.40079 74.1396 2.74066 -13 2562 1 0 1
-39.6683 51.8436 325.556 -11.2022 12.3196 76.5547 3.74826 -13 2563 1 0 1
-3.2096 56.1577 325.556 -1.44186 12.3592 76.4844 3.83029 -13 2564 1 0 1
26.5115 -51.816 325.556 5.65153 -8.49688 57.9096 1.604 -13 2565 1 0 1
45.8471 -14.9091 325.556 10.6577 -2.5475 66.9106 1.30489 -13 2566 1 0 1
-13.7466 30.7013 325.556 -3.01767 5.53726 63.087 3.18181 -13 2568 1 0 1
83.2651 32.6458 325.556 17.591 4.89171 59.0824 1.186 -13 2569 1 0 1
-18.5505 -23.7056 325.556 -4.65712 -4.22862 67.5638 0.901032 -13 2570 1 0 1
4.21831 0.63702 325.556 0.8706 0.386544 67.7058 3.5819 -13 2571 1 0 1
-46.1668 -13.5462 325.556 -12.1942 -2.42902 72.9559 1.61603 -13 2572 1 0 1
-77.5885 27.1701 325.556 -9.63234 1.68142 32.0618 4.00213 -13 2573 1 0 1
35.2235 -2.62875 325.556 5.78746 -0.206612 42.0689 4.59556 -13 2574 1 0 1
-86.2016 -32.2718 325.556 -19.0224 -5.60725 61.58 -0.30233 -13 2575 1 0 1
-40.778 -22.5799 325.556 -3.25489 -0.589308 18.7672 4.88432 -13 2576 1 0 1
-19.9008 -24.4653 325.556 -5.51831 -5.2817 74.1032 3.22048 -13 2577 1 0 1
-27.5901 29.7871 325.556 -5.86505 5.72782 60.7053 1.86667 -13 2578 1 0 1
76.3726 22.4384 325.556 11.5 1.80681 39.212 5.44897 -13 2579 1 0 1
48.2624 18.3038 325.556 11.8413 3.14972 72.0799 2.52357 -13 2580 1 0 1
35.9894 -47.0083 325.556 4.40284 -2.98356 29.4681 1.26552 -13 2582 1 0 1
2.84021 -14.0686 325.556 0.548718 -3.53295 67.0965 2.74354 -13 2583 1 0 1
-143.175 4.33572 325.556 -28.5478 0.502181 54.0242 1.25328 -13 2584 1 0 1
-16.6171 -27.3052 325.556 -3.42207 -4.3893 58.725 2.29896 -13 2585 1 0 1
-19.8773 -34.8535 325.556 -4.28478 -5.67887 60.9411 1.37154 -13 2586 1 0 1
3.53012 -2.95081 325.556 0.914714 -0.440096 55.2701 -0.124736 -13 2587 1 0 1
92.7268 59.2658 325.556 13.6121 5.36184 37.7387 3.18529 -13 2588 1 0 1
25.233 -49.1782 325.556 4.58951 -6.52754 45.5754 2.41273 -13 2589 1 0 1
7.2692 -47.1349 325.556 1.58643 -8.75085 64.4769 1.45854 -13 2590 1 0 1
1.01123 45.5084 325.556 0.11971 8.15269 61.945 -0.0538671 -13 2591 1 0 1
7.91429 -34.3554 325.556 1.79532 -6.59464 63.0674 1.7106 -13 2592 1 0 1
-17.4255 -36.8918 325.556 -4.16092 -7.3768 66.8322 2.04303 -13 2593 1 0 1
-31.185 -23.6051 325.556 -8.08402 -4.52285 71.0916 4.10075 -13 2594 1 0 1
55.4468 37.5259 325.556 14.1779 8.50579 77.2818 0.740288 -13 2595 1 0 1
-73.973 24.7803 325.556 -17.5239 3.98043 66.6906 3.51059 -13 2596 1 0 1
-13.8749 12.107 325.556 -2.31696 1.49727 50.0872 1.63691 -13 2597 1 0 1
38.4643 -30.5382 325.556 5.81378 -2.91049 38.7821 2.16955 -13 2598 1 0 1
38.4212 -90.5203 325.556 8.13193 -14.4441 59.1867 2.81503 -13 2599 1 0 1
16.8534 -6.98543 325.556 3.82757 -2.03089 68.8342 2.13754 -13 2600 1 0 1
22.3167 50.0454 325.556 4.95498 8.8605 64.9069 1.57248 -13 2601 1 0 1
-56.5622 -25.9122 325.556 -14.2527 -5.61051 70.4301 2.51253 -13 2602 1 0 1
45.0764 -62.6281 325.556 7.71125 -7.17266 44.9027 3.21066 -13 2603 1 0 1
-24.6217 -4.631 325.556 -5.70982 -1.58137 65.6414 1.05271 -13 2604 1 0 1
30.5061 -9.80541 325.556 6.62755 -1.01946 60.7029 4.46342 -13 2605 1 0 1
-44.8484 2.36411 325.556 -10.0738 0.197044 63.4558 2.68399 -13 2606 1 0 1
31.7197 -68.7967 325.556 7.06615 -11.7188 62.6507 3.85088 -13 2607 1 0 1
-26.2595 -24.6474 325.556 -6.80094 -4.71267 70.6407 4.02981 -13 2608 1 0 1
23.2621 -14.5479 325.556 5.59524 -3.27572 74.6965 1.87306 -13 2609 1 0 1
48.3551 24.2522 325.556 10.8195 4.28515 63.9846 1.66954 -13 2610 1 0 1
1.88956 -39.7292 325.556 0.348989 -7.53465 66.9192 1.64116 -13 2611 1 0 1
-4.07919 -45.6974 325.556 -0.901943 -8.70745 63.5192 2.65685 -13 2612 1 0 1
35.889 -27.0847 325.556 8.47851 -4.98687 68.8357 2.58307 -13 2613 1 0 1
55.9015 -19.322 325.556 9.80189 -2.47291 46.4861 3.97446 -13 2614 1 0 1
15.6015 13.8821 325.556 3.52505 2.26638 65.5909 1.88298 -13 2615 1 0 1
28.7062 60.2379 325.556 5.49686 8.30307 51.9173 2.23912 -13 2616 1 0 1
-104.978 -1.29473 325.556 -25.4128 -0.680206 67.2457 1.28771 -13 2617 1 0 1
25.6259 -92.9112 325.556 3.74032 -7.70477 36.0241 -0.343342 -13 2618 1 0 1
-2.73537 -68.6811 325.556 -0.061942 -6.59578 38.3392 3.57449 -13 2619 1 0 1
68.3697 -181.545 325.556 9.19628 -14.0987 34.5491 2.36336 -13 2621 1 0 1
89.7213 -45.7415 325.556 17.1508 -6.42739 52.2451 3.85412 -13 2622 1 0 1
-58.7185 -1.80233 325.556 -13.5285 -0.446254 64.7749 3.88726 -13 2623 1 0 1
-78.5833 -32.7144 325.556 -12.6779 -4.07392 44.083 2.00759 -13 2624 1 0 1
-72.7817 -34.6457 325.556 -17.2184 -6.39741 66.196 1.16406 -13 2625 1 0 1
168.175 120.97 325.556 32.1321 16.0045 51.0037 1.43188 -13 2626 1 0 1
83.0026 10.6109 325.556 18.7567 2.02297 64.0423 2.68471 -13 2627 1 0 1
-86.4982 31.1324 325.556 -20.138 5.98339 65.0037 1.4512 -13 2628 1 0 1
-75.6548 15.3792 325.556 -18.243 2.85118 67.4178 3.68921 -13 2629 1 0 1
-15.0879 95.729 325.556 -2.70508 13.811 54.0927 1.23685 -13 2630 1 0 1
-17.3341 -3.29194 325.556 -5.62421 -0.731313 80.5483 2.37596 -13 2631 1 0 1
-7.7288 80.0302 325.556 -1.33084 11.7186 54.0028 1.84082 -13 2633 1 0 1
-39.5878 9.24455 325.556 -8.85658 1.7378 63.3306 3.40405 -13 2634 1 0 1
8.22696 35.772 325.556 1.65603 4.69444 49.4584 2.99429 -13 2635 1 0 1
42.9108 66.4523 325.556 9.60534 12.0718 63.572 1.39827 -13 2636 1 0 1
-32.9351 -34.598 325.556 -8.12801 -6.79234 68.3271 -0.31658 -13 2637 1 0 1
-13.2952 60.5454 325.556 -4.41677 13.771 79.4887 3.51513 -13 2638 1 0 1
15.2649 126.067 325.556 3.00644 17.6511 52.3379 2.57549 -13 2640 1 0 1
-5.12589 -21.6065 325.556 -0.677763 -2.80083 51.3737 2.27441 -13 2641 1 0 1
-29.216 -21.2671 325.556 -6.99114 -3.74124 66.586 1.47956 -13 2642 1 0 1
-12.5759 -10.7728 325.556 -4.10764 -2.35641 77.8251 1.78185 -13 2643 1 0 1
-24.2864 -30.5684 325.556 -5.53339 -5.55142 64.737 3.11955 -13 2644 1 0 1
7.62239 33.6113 325.556 1.69833 6.7307 72.2485 2.30386 -13 2645 1 0 1
-4.00225 8.85184 325.556 -0.502879 1.2888 48.224 0.334227 -13 2646 1 0 1
183.489 -95.6361 325.556 35.8751 -13.5511 52.3272 2.93558 -13 2647 1 0 1
-9.2243 3.55109 325.556 -2.49027 0.905955 70.6069 1.85362 -13 2648 1 0 1
-0.545042 28.8598 325.556 -0.682398 5.76903 76.2017 1.37326 -13 2649 1 0 1
-37.8182 -11.3069 325.556 -8.55232 -1.77975 63.8839 1.92466 -13 2650 1 0 1
-82.7398 -15.7563 325.556 -18.1168 -2.58826 61.2308 1.19191 -13 2651 1 0 1
17.1578 66.2743 325.556 3.24897 8.23575 47.8244 2.77967 -13 2652 1 0 1
12.6037 -8.44464 325.556 2.85534 -1.80499 77.3014 0.222181 -13 2654 1 0 1
18.4094 19.6325 325.556 3.66573 3.03537 52.5539 1.22685 -13 2655 1 0 1
-12.2385 25.4373 325.556 -3.41113 5.28852 71.564 0.793709 -13 2656 1 0 1
-63.5682 -30.9353 325.556 -15.0879 -5.20353 66.1105 -0.316701 -13 2657 1 0 1
-29.986 35.4628 325.556 -4.85387 4.58571 45.6605 3.12734 -13 2658 1 0 1
47.1186 27.3693 325.556 10.0603 4.69421 59.3546 3.58161 -13 2660 1 0 1
-18.2997 42.0705 325.556 -4.5784 8.72655 69.6861 4.41258 -13 2661 1 0 1
-17.9836 10.7754 325.556 -4.22467 2.24362 64.8696 1.18109 -13 2662 1 0 1
-7.73175 -0.776454 325.556 -1.26801 -0.133408 51.3427 3.53147 -13 2663 1 0 1
39.4139 -101.61 325.556 7.60479 -14.2193 52.3006 4.93042 -13 2664 1 0 1
8.76373 -36.0586 325.556 1.97819 -5.87893 56.6941 3.55696 -13 2665 1 0 1
-18.2283 -19.0568 325.556 -3.35551 -2.56288 54.674 0.869279 -13 2666 1 0 1
-18.7067 2.82313 325.556 -5.69557 0.618041 77.2858 1.37966 -13 2667 1 0 1
-15.5938 -16.6999 325.556 -4.39967 -3.42588 74.6807 0.0386901 -13 2668 1 0 1
-44.7106 31.3683 325.556 -9.62048 5.36329 61.1117 3.07402 -13 2670 1 0 1
12.1941 -56.6527 325.556 2.63138 -9.46957 60.3577 2.89541 -13 2671 1 0 1
-36.3785 -29.892 325.556 -9.56647 -6.64953 72.5956 1.98233 -13 2672 1 0 1
75.4014 9.05002 325.556 18.263 0.564258 70.5628 2.91066 -13 2673 1 0 1
-8.62023 -3.59356 325.556 -2.53653 -1.23211 72.5983 0.197586 -13 2674 1 0 1
-98.3164 -0.226032 325.556 -25.0931 -0.310416 70.9661 0.432592 -13 2675 1 0 1
7.96556 -22.0836 325.556 1.66146 -3.95198 58.2274 4.16946 -13 2676 1 0 1
29.5195 28.4786 325.556 6.26258 4.20162 57.1729 2.94032 -13 2677 1 0 1
29.6871 -40.5219 325.556 6.98562 -7.9528 69.8807 0.916562 -13 2678 1 0 1
-46.2648 37.0468 325.556 -10.8599 6.65561 65.4412 1.28611 -13 2679 1 0 1
-18.8358 63.6646 325.556 -4.7649 12.2797 67.8453 0.913168 -13 2680 1 0 1
-27.8155 -2.56428 325.556 -6.62601 -0.719032 66.2297 2.11929 -13 2681 1 0 1
92.9806 -20.6909 325.556 11.5811 -1.44069 30.7772 2.89404 -13 2682 1 0 1
14.9932 -14.9199 325.556 3.43948 -2.67117 76.3068 1.06601 -13 2683 1 0 1
-15.7306 17.9981 325.556 -3.35185 3.22763 61.8856 1.89764 -13 2684 1 0 1
45.3158 -0.810206 325.556 9.51285 0.0590484 57.7194 0.919162 -13 2685 1 0 1
-60.755 10.9356 325.556 -13.3847 1.56927 61.985 2.07549 -13 2686 1 0 1
6.88474 -15.7235 325.556 1.53523 -2.4057 60.864 2.55538 -13 2687 1 0 1
-57.279 -12.6019 325.556 -9.139 -1.74693 44.1611 2.08277 -13 2688 1 0 1
-21.2515 43.2052 325.556 -5.21186 8.11094 68.2907 3.04967 -13 2689 1 0 1
16.8021 -19.3946 325.556 3.93517 -3.47021 70.6506 3.3315 -13 2690 1 0 1
53.3056 -23.3211 325.556 11.1317 -3.44556 57.5173 0.617809 -13 2691 1 0 1
-31.2519 32.6701 325.556 -6.27871 5.22382 57.5125 1.43048 -13 2692 1 0 1
16.8775 -103.008 325.556 3.52043 -17.5228 60.5588 2.20096 -13 2693 1 0 1
-38.5846 -15.5736 325.556 -5.33437 -1.30427 38.0139 2.70931 -13 2694 1 0 1
9.81864 52.7021 325.556 2.08117 8.82245 59.0097 0.631607 -13 2695 1 0 1
-60.4323 -67.7704 325.556 -10.927 -9.4156 50.5379 4.76003 -13 2696 1 0 1
140.005 -50.0867 325.556 24.7777 -6.46585 46.8959 3.71901 -13 2697 1 0 1
31.2596 54.7599 325.556 7.35287 10.3998 68.3479 -0.0570628 -13 2698 1 0 1
-62.6201 4.10008 325.556 -9.99679 0.465685 43.9002 2.46245 -13 2699 1 0 1
-49.4769 -42.4905 325.556 -10.8309 -6.86622 61.9892 0.574407 -13 2700 1 0 1
-66.169 -6.66048 325.556 -14.406 -1.0474 61.3311 2.66479 -13 2701 1 0 1
-48.1108 -37.7561 325.556 -7.74688 -4.58799 44.7109 2.23988 -13 2702 1 0 1
-5.95183 7.06419 325.556 -1.83066 1.34725 72.0314 3.6579 -13 2703 1 0 1
-40.4499 43.8537 325.556 -8.79394 7.76764 61.4071 1.56408 -13 2704 1 0 1
24.2822 -59.0766 325.556 5.43454 -10.1179 63.1163 1.80561 -13 2705 1 0 1
-42.1429 66.2325 325.556 -8.45727 9.78389 56.7551 4.95526 -13 2706 1 0 1
-39.2904 24.2727 325.556 -8.497 4.15966 60.7891 1.80791 -13 2707 1 0 1
12.2574 -25.7315 325.556 2.72408 -6.0853 70.7955 -0.0576297 -13 2708 1 0 1
-12.4378 49.4957 325.556 -3.60372 11.0622 73.5655 2.28022 -13 2709 1 0 1
-53.5326 41.3498 325.556 -12.097 7.63892 63.6877 1.16874 -13 2710 1 0 1
-38.4856 -22.9208 325.556 -10.8694 -4.74711 76.95 1.89425 -13 2711 1 0 1
22.6716 -67.4567 325.556 5.31325 -13.1327 72.0245 -0.155364 -13 2712 1 0 1
-36.1922 -46.7899 325.556 -10.3487 -9.9766 77.1551 -0.243519 -13 2713 1 0 1
-82.9022 -65.319 325.556 -17.0201 -10.5311 56.9094 1.84289 -13 2714 1 0 1
-50.0174 -15.7595 325.556 -11.9428 -2.91038 67.4436 1.39574 -13 2715 1 0 1
-58.7747 27.9972 325.556 -9.73784 3.30348 46.3744 4.40116 -13 2716 1 0 1
12.4528 13.917 325.556 2.82073 2.26569 66.9407 3.14231 -13 2717 1 0 1
69.0448 -27.7253 325.556 13.8255 -4.21457 54.7663 3.51214 -13 2718 1 0 1
-4.71444 -23.5983 325.556 -2.17514 -6.14474 80.7063 1.60901 -13 2719 1 0 1
-6.55144 82.215 325.556 -1.04206 10.7319 49.3756 2.68309 -13 2720 1 0 1
47.9227 -31.3389 325.556 9.89357 -4.81541 56.4486 -0.0254026 -13 2721 1 0 1
36.8009 -17.766 325.556 8.78145 -2.75838 70.2934 1.06649 -13 2722 1 0 1
-32.4397 9.24504 325.556 -7.97099 1.5339 69.0501 2.16489 -13 2723 1 0 1
63.4249 -47.5844 325.556 10.0614 -4.91135 41.2401 3.70863 -13 2724 1 0 1
-10.9729 -18.0691 325.556 -2.62056 -3.62596 66.3506 1.16462 -13 2725 1 0 1
27.9708 25.0625 325.556 6.41902 5.06315 65.9768 0.954426 -13 2726 1 0 1
23.2548 -85.6451 325.556 2.93377 -6.18296 30.2509 4.10769 -13 2727 1 0 1
-37.6009 -71.0933 325.556 -7.37988 -11.0038 55.262 2.63981 -13 2729 1 0 1
56.9059 76.5015 325.556 12.2463 13.0869 60.7879 2.48536 -13 2730 1 0 1
33.2154 24.9847 325.556 6.58662 3.6379 53.8546 3.03686 -13 2731 1 0 1
-73.0045 -44.1607 325.556 -16.2691 -7.78828 62.2627 2.04255 -13 2732 1 0 1
-84.8656 -77.4137 325.556 -17.3476 -12.184 56.9585 0.849773 -13 2733 1 0 1
-32.3426 -27.8757 325.556 -9.62905 -6.16244 79.5613 1.19209 -13 2734 1 0 1
87.1918 -13.1877 325.556 18.4521 -1.93158 58.904 1.59004 -13 2735 1 0 1
11.478 -21.2805 325.556 2.57564 -3.438 65.7707 1.81793 -13 2736 1 0 1
-10.3194 -27.2711 325.556 -3.03862 -5.32075 73.6639 2.20694 -13 2737 1 0 1
4.61569 0.166546 325.556 0.972534 -0.216403 67.6494 2.56723 -13 2738 1 0 1
-14.0356 -93.1511 325.556 -2.87708 -15.1927 59.0336 2.47029 -13 2739 1 0 1
25.2275 -47.8818 325.556 5.99338 -9.76589 73.4205 3.36769 -13 2740 1 0 1
36.2876 -7.38514 325.556 7.65085 -0.641653 57.3564 2.49208 -13 2741 1 0 1
1.04311 -4.06044 325.556 0.158001 -0.360056 65.8707 1.69448 -13 2742 1 0 1
26.8717 -18.5954 325.556 6.20433 -3.91551 66.0829 3.26538 -13 2743 1 0 1
-33.5779 80.0295 325.556 -7.78135 14.8131 64.4252 1.44308 -13 2744 1 0 1
63.2311 -58.1522 325.556 13.3537 -9.73763 58.853 2.24543 -13 2745 1 0 1
-163.063 164.055 325.556 -25.0331 15.3956 39.8457 0.573127 -13 2746 1 0 1
36.9711 -1.75083 325.556 7.88462 -0.403566 59.1564 2.17871 -13 2747 1 0 1
-3.4415 48.6324 325.556 -1.34521 10.479 74.1205 0.949666 -13 2748 1 0 1
-17.1899 52.5301 325.556 -5.62178 12.1608 79.1735 1.8063 -13 2749 1 0 1
-107.191 63.5655 325.556 -25.1242 10.9462 65.0208 2.25636 -13 2750 1 0 1
-92.8996 -13.3496 325.556 -19.3065 -1.833 57.8674 1.8293 -13 2751 1 0 1
-48.9426 -13.1189 325.556 -10.1074 -2.44842 58.3531 1.90827 -13 2752 1 0 1
3.7516 9.17065 325.556 0.959241 1.22285 52.9357 2.42665 -13 2753 1 0 1
21.1819 29.8692 325.556 4.08528 3.93574 50.0089 2.39359 -13 2754 1 0 1
74.2344 11.8656 325.556 12.3817 1.21764 44.3904 0.955251 -13 2755 1 0 1
-34.2863 -3.83406 325.556 -9.28432 -0.318179 73.8803 -0.613165 -13 2756 1 0 1
7.24206 -28.6603 325.556 1.63829 -5.77196 62.932 2.56822 -13 2757 1 0 1
26.4465 -32.715 325.556 5.75203 -5.45662 60.4403 1.86757 -13 2758 1 0 1
26.7795 27.5441 325.556 6.18957 5.38881 68.0265 2.87453 -13 2759 1 0 1
44.1485 31.4037 325.556 5.17675 2.0662 27.6151 5.73558 -13 2760 1 0 1
-29.0261 4.59584 325.556 -6.09087 0.977313 59.9049 2.02859 -13 2761 1 0 1
-41.3582 5.27941 325.556 -10.0164 0.961367 67.3217 3.799 -13 2762 1 0 1
75.7378 -32.044 325.556 13.9497 -4.34109 49.2437 1.64644 -13 2763 1 0 1
-52.827 23.0641 325.556 -15.4401 4.81213 79.7815 0.289422 -13 2764 1 0 1
-59.6154 -77.9124 325.556 -12.5018 -12.3357 59.0577 1.72388 -13 2765 1 0 1
-32.9587 8.53934 325.556 -9.12279 0.889805 75.0612 -0.0666995 -13 2766 1 0 1
48.8307 -21.4112 325.556 9.85134 -3.42015 55.061 2.80438 -13 2767 1 0 1
0.634565 32.3411 325.556 0.397866 4.39524 49.8944 -0.334657 -13 2768 1 0 1
0.712495 31.4272 325.556 0.102744 6.41858 65.9738 1.8062 -13 2769 1 0 1
-40.0764 8.52095 325.556 -9.16222 1.95689 65.2543 4.2648 -13 2770 1 0 1
137.699 104.557 325.556 25.5683 13.9053 50.1057 4.47631 -13 2771 1 0 1
13.8319 11.6647 325.556 3.07463 2.23535 58.0697 2.7897 -13 2772 1 0 1
-50.1601 -37.9584 325.556 -12.3741 -7.39566 68.6131 2.3211 -13 2773 1 0 1
-13.6023 -27.9243 325.556 -3.59393 -5.98318 70.4243 3.18565 -13 2774 1 0 1
-22.3817 6.44799 325.556 -4.50574 0.80759 57.6862 2.00614 -13 2775 1 0 1
-43.8917 -15.1505 325.556 -9.80389 -3.01132 63.4175 4.49109 -13 2776 1 0 1
145.941 55.268 325.556 28.6765 8.07202 53.4962 2.69668 -13 2777 1 0 1
32.3381 -3.51694 325.556 7.71351 -0.551526 70.0849 2.38564 -13 2778 1 0 1
-27.7573 53.3996 325.556 -6.48014 9.83262 64.7066 2.16002 -13 2780 1 0 1
-11.0798 21.4227 325.556 -2.75733 4.25588 68.3022 1.22929 -13 2781 1 0 1
-5.63414 -32.0417 325.556 -1.27185 -5.48353 64.0666 3.52267 -13 2782 1 0 1
-36.1774 11.661 325.556 -9.20869 2.69912 70.7663 1.45004 -13 2783 1 0 1
-56.5258 -39.6013 325.556 -6.73299 -3.37125 31.3391 4.11813 -13 2784 1 0 1
-36.9419 -34.1986 325.556 -9.59544 -6.55012 71.3487 3.27315 -13 2785 1 0 1
3.27781 1.41004 325.556 0.848357 0.209366 58.8884 1.13489 -13 2786 1 0 1
-11.6102 1.8351 325.556 -2.85747 0.789448 68.0008 2.39872 -13 2787 1 0 1
3.09711 -61.6304 325.556 0.730043 -9.32155 56.4643 2.88211 -13 2788 1 0 1
47.821 4.2357 325.556 10.6031 0.140069 62.1297 1.2771 -13 2789 1 0 1
-37.8596 -41.5767 325.556 -6.84957 -5.13419 51.1347 2.69527 -13 2790 1 0 1
16.5415 -29.1797 325.556 3.73634 -4.84711 64.7429 0.821177 -13 2791 1 0 1
-38.3778 11.0448 325.556 -8.83538 2.55536 64.6147 0.679275 -13 2792 1 0 1
36.7208 -46.5364 325.556 8.31795 -8.20717 64.4371 2.09215 -13 2793 1 0 1
1.91988 36.0574 325.556 0.164419 7.08081 73.2915 1.74396 -13 2794 1 0 1
21.2618 -57.8134 325.556 4.66704 -9.26261 60.6012 1.47376 -13 2795 1 0 1
13.107 -19.0195 325.556 1.68338 -1.31213 28.1376 4.12344 -13 2796 1 0 1
-33.1661 25.2289 325.556 -8.32849 5.09946 69.3895 1.79178 -13 2797 1 0 1
-24.3755 -22.9852 325.556 -6.9334 -4.5984 75.327 1.68903 -13 2798 1 0 1
21.8319 18.7001 325.556 4.35174 2.46547 52.8131 3.45037 -13 2799 1 0 1
9.53491 11.3296 325.556 2.05901 1.79251 51.314 2.10539 -13 2800 1 0 1
-38.4167 -30.1921 325.556 -10.2215 -6.99182 73.5645 1.98225 -13 2801 1 0 1
-23.4167 26.3287 325.556 -6.26868 5.52887 72.8249 0.218065 -13 2802 1 0 1
2.80411 27.1283 325.556 -0.0408414 6.62608 80.2823 3.0041 -13 2804 1 0 1
-20.129 -32.8224 325.556 -5.58767 -7.23852 73.4109 3.4785 -13 2805 1 0 1
101.448 4.69379 325.556 20.5274 0.495733 55.4085 2.97526 -13 2806 1 0 1
6.01105 99.9718 325.556 1.2016 18.8337 67.6477 2.44413 -13 2807 1 0 1
35.5802 -9.43619 325.556 8.36956 -1.73298 69.8515 1.84233 -13 2808 1 0 1
15.7886 71.2814 325.556 3.19186 9.51553 49.9199 1.91404 -13 2809 1 0 1
-22.3602 46.9908 325.556 -5.98142 9.57386 71.8958 2.84635 -13 2810 1 0 1
29.7867 -74.871 325.556 5.88876 -10.5455 52.5893 2.00872 -13 2811 1 0 1
53.0345 18.8376 325.556 12.4946 3.19 67.6184 2.14133 -13 2812 1 0 1
48.9201 19.9971 325.556 9.0836 3.13078 49.7194 1.95866 -13 2813 1 0 1
-35.2854 -8.06746 325.556 -7.2906 -1.21099 59.1365 3.99809 -13 2814 1 0 1
-45.1379 -12.4244 325.556 -10.7193 -2.20462 66.2245 3.70428 -13 2815 1 0 1
-30.2591 -16.446 325.556 -7.11379 -3.76156 65.974 3.83638 -13 2816 1 0 1
52.0016 29.4431 325.556 12.1576 5.34892 67.4314 1.1096 -13 2817 1 0 1
87.5159 22.7275 325.556 20.5049 5.04837 67.2755 2.50547 -13 2818 1 0 1
20.886 30.2474 325.556 4.98746 6.41942 75.3185 1.99619 -13 2820 1 0 1
-10.2903 28.7166 325.556 -3.10954 6.73908 74.8263 4.28147 -13 2821 1 0 1
-14.5269 56.7139 325.556 -2.97245 9.76127 59.1086 0.335158 -13 2822 1 0 1
15.4524 52.5514 325.556 3.49904 11.8926 76.2623 2.89071 -13 2823 1 0 1
45.0083 -31.3853 325.556 9.88444 -5.25181 62.4272 0.745409 -13 2824 1 0 1
65.5831 32.7949 325.556 14.134 5.27195 60.3583 2.79947 -13 2825 1 0 1
49.2456 -40.1465 325.556 5.04554 -1.93425 24.415 3.07485 -13 2826 1 0 1
49.6255 3.19439 325.556 12.0118 0.615902 71.1176 2.63655 -13 2827 1 0 1
-25.1376 -31.0937 325.556 -6.15636 -5.86768 68.7557 2.97411 -13 2828 1 0 1
117.71 46.8793 325.556 23.8351 7.07304 55.3752 -0.237923 -13 2829 1 0 1
50.5123 -48.3292 325.556 12.0964 -9.86066 69.5163 2.01845 -13 2830 1 0 1
-46.0787 9.10545 325.556 -13.3812 2.69065 79.0815 1.58493 -13 2831 1 0 1
6.75055 -8.33171 325.556 1.59927 -1.41057 61.5244 3.42731 -13 2832 1 0 1
-45.3441 -5.77318 325.556 -11.2429 -1.78971 68.8839 1.51426 -13 2833 1 0 1
5.63141 -4.1667 325.556 1.10173 -0.568118 72.0286 0.877084 -13 2834 1 0 1
9.89059 13.0717 325.556 2.19951 2.63773 68.9388 3.47797 -13 2835 1 0 1
-38.7182 10.2096 325.556 -6.26007 1.07252 45.5357 1.37584 -13 2836 1 0 1
-8.28784 46.244 325.556 -1.91738 7.69183 63.8819 1.78214 -13 2837 1 0 1
26.5086 -5.98843 325.556 6.21502 -1.57022 79.4319 4.13116 -13 2838 1 0 1
3.17234 -0.919782 325.556 0.585457 0.386782 65.92 0.88754 -13 2839 1 0 1
161.731 -43.9782 325.556 22.2797 -4.08001 33.9218 3.67346 -13 2840 1 0 1
37.9646 22.6744 325.556 7.30232 3.43114 51.0856 2.17008 -13 2841 1 0 1
1.29482 1.42043 325.556 0.465468 0.606406 54.9903 1.77469 -13 2842 1 0 1
-63.1324 -14.8661 325.556 -13.7679 -1.81598 61.157 3.27932 -13 2843 1 0 1
103.257 -5.66374 325.556 24.6086 -1.30992 68.2911 4.46589 -13 2844 1 0 1
40.2391 -20.6487 325.556 5.44041 -1.25213 33.1579 3.81455 -13 2845 1 0 1
6.18889 21.8794 325.556 1.44205 4.77002 64.7989 1.64148 -13 2846 1 0 1
16.1213 0.279684 325.556 3.6255 0.0928273 64.9411 2.6211 -13 2847 1 0 1
-37.9957 -14.0365 325.556 -6.6141 -2.16698 49.463 2.17103 -13 2848 1 0 1
-29.4015 36.4433 325.556 -6.09295 6.15769 58.7867 0.414125 -13 2849 1 0 1
88.5467 10.0456 325.556 14.9075 1.17347 44.547 1.81478 -13 2850 1 0 1
15.4347 4.25509 325.556 3.48115 1.27968 77.4528 -0.0806606 -13 2851 1 0 1
73.431 -8.78277 325.556 16.7862 -1.1255 65.0972 1.0932 -13 2852 1 0 1
-57.1103 -28.8527 325.556 -13.5146 -5.47782 66.2883 3.76029 -13 2853 1 0 1
-14.8518 21.5385 325.556 -3.96227 4.48932 71.369 -0.0166899 -13 2854 1 0 1
-0.319925 -17.0656 325.556 -0.782924 -4.07057 80.5065 2.5743 -13 2855 1 0 1
5.76287 9.52506 325.556 1.29421 1.44301 65.422 1.10595 -13 2857 1 0 1
-0.323872 -11.6262 325.556 0.0692997 -1.77141 56.2548 0.962338 -13 2858 1 0 1
54.3183 22.4193 325.556 11.1141 3.51195 56.603 2.87567 -13 2859 1 0 1
39.4439 7.37575 325.556 8.74214 1.1644 63.1422 -0.575682 -13 2860 1 0 1
13.8909 29.2291 325.556 3.06242 6.92605 78.0619 3.22157 -13 2861 1 0 1
1.07536 -19.9225 325.556 0.360813 -3.52028 61.3111 2.43517 -13 2862 1 0 1
-5.07723 18.5898 325.556 -1.33062 3.42119 67.4514 1.08552 -13 2863 1 0 1
18.309 -33.2469 325.556 3.90389 -5.74872 59.9926 0.868364 -13 2864 1 0 1
31.8361 -11.4729 325.556 5.5204 -1.33845 44.3753 1.04997 -13 2865 1 0 1
-87.879 34.1392 325.556 -15.4959 4.7645 48.0948 1.45983 -13 2866 1 0 1
-19.0469 34.4097 325.556 -2.66562 3.81252 40.8423 1.05935 -13 2867 1 0 1
39.5523 -16.7767 325.556 9.0744 -2.7862 65.4035 3.73726 -13 2868 1 0 1
55.6161 28.2917 325.556 12.0398 4.58842 60.6135 2.98234 -13 2869 1 0 1
44.0116 -42.5737 325.556 10.1519 -7.97078 66.5394 0.70524 -13 2870 1 0 1
0.645723 12.0858 325.556 0.0773859 2.45731 66.9981 1.16124 -13 2871 1 0 1
19.8272 39.0968 325.556 4.353 6.3505 61.2562 2.40259 -13 2872 1 0 1
9.62502 35.2687 325.556 2.13701 6.41416 70.6102 -0.135494 -13 2873 1 0 1
24.3026 78.693 325.556 4.77492 10.6908 51.3664 1.74652 -13 2875 1 0 1
-103.544 -64.0302 325.556 -22.3865 -10.3852 59.9235 1.45637 -13 2876 1 0 1
-56.5966 16.8314 325.556 -15.787 3.85279 76.8547 3.73152 -13 2877 1 0 1
2.18008 17.5578 325.556 0.486346 1.20745 32.9839 1.59478 -13 2878 1 0 1
-83.3209 17.5419 325.556 -13.6205 2.17172 44.5889 2.39466 -13 2879 1 0 1
-20.1991 25.2388 325.556 -4.19054 4.77165 59.5913 3.16272 -13 2880 1 0 1
39.5852 -38.5468 325.556 8.67088 -6.52724 61.193 4.39776 -13 2881 1 0 1
0.475447 21.6034 325.556 0.104077 3.67978 61.1287 2.4862 -13 2882 1 0 1
-36.7179 -32.8561 325.556 -9.5189 -6.65055 71.3856 2.00891 -13 2883 1 0 1
-36.2916 37.2278 325.556 -7.4183 6.11131 58.2975 2.9648 -13 2884 1 0 1
-21.529 0.415158 325.556 -3.9586 0.374847 53.5871 4.6036 -13 2885 1 0 1
143.572 47.3193 325.556 28.4581 7.05929 53.7717 1.11987 -13 2886 1 0 1
-5.69785 -22.5132 325.556 -0.790854 -3.3112 50.3579 0.0705118 -13 2887 1 0 1
71.0298 82.4451 325.556 13.0419 10.8869 49.77 -0.0714325 -13 2888 1 0 1
-18.0151 -25.9215 325.556 -4.78786 -5.44737 71.5803 0.759348 -13 2889 1 0 1
-25.0101 45.8612 325.556 -5.51909 8.14462 62.126 0.984523 -13 2890 1 0 1
-11.1389 37.4934 325.556 -3.26441 7.98787 74.2496 3.98314 -13 2891 1 0 1
26.6955 73.347 325.556 5.33954 10.8705 53.7917 2.22786 -13 2892 1 0 1
33.7054 3.82885 325.556 3.39281 0.335806 22.6383 2.56626 -13 2893 1 0 1
78.3648 11.3316 325.556 16.3332 2.17114 57.6446 3.85185 -13 2894 1 0 1
61.8454 -14.2099 325.556 8.46711 -1.05398 34.6814 3.32673 -13 2895 1 0 1
-38.5398 28.8991 325.556 -8.21425 5.40176 60.7309 1.9645 -13 2896 1 0 1
-8.23845 15.6568 325.556 -2.13245 3.04181 67.8047 2.77995 -13 2897 1 0 1
-13.0915 -44.4432 325.556 -2.82716 -7.86148 62.2453 1.53961 -13 2898 1 0 1
-27.8914 57.1717 325.556 -5.56308 8.39062 56.8377 1.99947 -13 2899 1 0 1
80.1277 -51.4196 325.556 18.3445 -9.32209 65.2998 3.45759 -13 2900 1 0 1
-16.8927 -12.319 325.556 -5.10845 -2.71805 76.9879 1.31058 -13 2901 1 0 1
-17.9731 41.2295 325.556 -4.16541 8.1159 65.0987 4.29919 -13 2902 1 0 1
-9.31977 37.8273 325.556 -2.45781 7.25942 68.8531 0.172452 -13 2904 1 0 1
11.9552 -11.7491 325.556 2.72938 -2.63405 72.8036 2.51964 -13 2905 1 0 1
-18.4074 33.3709 325.556 -2.94962 4.11956 46.3647 4.74481 -13 2906 1 0 1
-7.23577 1.9869 325.556 -2.56522 0.271859 78.203 1.9614 -13 2907 1 0 1
-35.2387 -67.11 325.556 -6.46213 -9.83919 52.6657 2.39548 -13 2908 1 0 1
-36.9961 13.5593 325.556 -8.44613 2.19394 63.5242 3.71497 -13 2909 1 0 1
-24.2269 10.2075 325.556 -7.53453 2.9003 79.8146 0.971495 -13 2910 1 0 1
-50.2438 35.1788 325.556 -12.3903 6.93169 68.7091 4.83637 -13 2911 1 0 1
32.8828 -18.7138 325.556 6.8981 -2.59251 57.28 2.07881 -13 2912 1 0 1
13.1853 44.7141 325.556 3.03483 10.1535 76.0439 -0.437374 -13 2913 1 0 1
-79.2428 32.8279 325.556 -14.1529 4.5037 49.171 2.34472 -13 2914 1 0 1
78.7419 -18.1893 325.556 18.6282 -3.62911 68.2082 2.61655 -13 2915 1 0 1
34.332 -30.3399 325.556 7.83626 -6.01695 65.674 2.22737 -13 2916 1 0 1
-8.99038 14.7657 325.556 -1.97026 2.57004 63.5013 5.21124 -13 2917 1 0 1
37.5239 6.84555 325.556 8.12143 1.47569 60.6718 1.69187 -13 2918 1 0 1
27.2979 19.8799 325.556 6.38212 3.84412 69.3272 2.06488 -13 2919 1 0 1
-30.2957 35.5962 325.556 -7.70196 7.31113 69.8253 2.49087 -13 2920 1 0 1
-20.8996 25.2987 325.556 -5.75015 5.85578 73.3837 2.19968 -13 2921 1 0 1
58.2104 0.742443 325.556 13.6804 0.332134 68.0707 2.30479 -13 2922 1 0 1
41.5858 66.5048 325.556 9.38557 11.8232 65.2185 -1.17895 -13 2923 1 0 1
-24.9291 -5.62306 325.556 -6.31921 -1.07933 69.438 1.51013 -13 2924 1 0 1
-2.83672 35.1235 325.556 -1.00163 7.53374 72.807 1.3098 -13 2926 1 0 1
85.9604 7.56864 325.556 13.9404 0.880607 42.6633 2.90863 -13 2927 1 0 1
22.1172 64.849 325.556 4.50465 9.52353 54.7903 0.376474 -13 2928 1 0 1
24.3588 9.03737 325.556 3.58543 0.931458 35.3032 3.43888 -13 2929 1 0 1
-60.1875 50.716 325.556 -15.1098 10.2108 70.0278 -0.0572508 -13 2930 1 0 1
-26.5322 57.7721 325.556 -5.39162 9.51692 58.259 3.16175 -13 2931 1 0 1
-1.00565 -10.0311 325.556 0.0668724 -1.82045 54.3036 0.925752 -13 2932 1 0 1
-50.4966 -1.9495 325.556 -11.446 0.0639676 63.7725 2.3633 -13 2933 1 0 1
28.6755 -27.0923 325.556 6.33166 -5.35043 62.688 3.74599 -13 2934 1 0 1
-13.8943 6.83011 325.556 -2.98964 1.5416 60.9983 1.90428 -13 2935 1 0 1
10.607 19.4018 325.556 2.37776 3.86974 74.6021 1.03167 -13 2936 1 0 1
-15.7971 1.20067 325.556 -2.65946 0.771372 49.4989 0.370474 -13 2937 1 0 1
79.335 -10.8577 325.556 13.0333 -1.13914 43.3342 4.26352 -13 2938 1 0 1
13.7705 40.0127 325.556 3.0021 9.37749 78.5145 1.30386 -13 2939 1 0 1
30.9744 22.6954 325.556 7.0147 3.87215 63.3028 1.58287 -13 2940 1 0 1
-126.858 36.3889 325.556 -29.4678 6.144 64.2418 1.32316 -13 2941 1 0 1
19.1205 8.54655 325.556 3.89252 1.14601 55.3013 0.735385 -13 2942 1 0 1
-6.06119 81.7699 325.556 -1.15706 12.4105 56.9864 1.73663 -13 2943 1 0 1
23.1649 1.74284 325.556 5.1293 0.508817 61.7779 3.52653 -13 2944 1 0 1
-26.0888 -6.82736 325.556 -5.10058 -1.9444 56.5215 5.59764 -13 2945 1 0 1
214.428 -50.7246 325.556 29.2671 -3.83512 32.0742 2.21947 -13 2946 1 0 1
-31.3075 50.9175 325.556 -6.71247 9.26168 60.6568 0.0206508 -13 2947 1 0 1
-6.4066 24.8534 325.556 -0.830519 2.97826 46.3736 2.3154 -13 2948 1 0 1
-23.3046 -49.9792 325.556 -5.86032 -10.1287 68.6476 2.56301 -13 2949 1 0 1
-17.5659 -24.1312 325.556 -3.22902 -3.18171 55.3729 1.59339 -13 2950 1 0 1
39.1585 -23.6758 325.556 8.05294 -4.43464 55.6594 1.4713 -13 2951 1 0 1
-31.3343 11.0417 325.556 -7.00054 2.10061 63.2782 2.25191 -13 2952 1 0 1
-4.8146 21.5532 325.556 -1.21467 4.15428 67.7 1.90748 -13 2953 1 0 1
-3.69136 -10.4411 325.556 -0.554315 -2.25957 57.4233 0.386132 -13 2955 1 0 1
-14.9187 13.7686 325.556 -3.86633 2.48089 70.8723 1.4625 -13 2956 1 0 1
-17.3978 16.5066 325.556 -4.51512 3.67065 69.7615 3.14053 -13 2957 1 0 1
46.2428 63.4944 325.556 9.63611 9.61087 58.4081 3.71936 -13 2958 1 0 1
40.0592 -17.1895 325.556 10.1401 -3.9644 77.4937 0.658836 -13 2959 1 0 1
-15.4471 40.5126 325.556 -3.58308 6.89204 64.9137 2.46215 -13 2960 1 0 1
48.5744 -62.3396 325.556 10.9326 -10.9787 63.4579 4.39723 -13 2961 1 0 1
129.581 -29.1161 325.556 9.78083 -0.512935 15.5457 6.27007 -13 2963 1 0 1
-74.9523 -101.413 325.556 -11.7771 -10.8089 42.7682 1.73409 -13 2964 1 0 1
63.9748 -57.5439 325.556 9.81175 -5.78828 40.8943 4.87484 -13 2965 1 0 1
34.8395 7.82027 325.556 8.13362 1.37988 67.7906 0.192821 -13 2966 1 0 1
-13.6705 -134.021 325.556 -2.93633 -22.0953 59.6497 2.08934 -13 2967 1 0 1
-4.26707 -28.8987 325.556 -1.34635 -5.35484 71.6786 3.16772 -13 2968 1 0 1
-42.5652 -26.448 325.556 -10.3436 -5.19721 68.1552 3.50558 -13 2969 1 0 1
81.3489 -32.3837 325.556 18.5678 -5.94419 65.0069 1.49486 -13 2970 1 0 1
-31.5507 -25.5585 325.556 -8.38624 -5.53652 72.9969 0.739333 -13 2971 1 0 1
26.8899 -7.43796 325.556 6.38854 -1.55133 69.558 3.22096 -13 2972 1 0 1
-25.5268 -5.01321 325.556 -7.92589 -1.24236 78.4516 2.65981 -13 2973 1 0 1
-3.26322 135.337 325.556 -0.115083 2.0037 15.0432 7.33586 -13 2974 1 0 1
-23.7778 -26.3572 325.556 -5.92828 -5.95464 68.9311 2.51562 -13 2975 1 0 1
0.83101 -33.1301 325.556 0.1082 -6.19339 64.6637 2.74977 -13 2976 1 0 1
55.907 -56.525 325.556 12.478 -10.2687 62.7937 2.92514 -13 2977 1 0 1
-34.6773 37.0007 325.556 -6.25371 4.67832 51.6927 3.91564 -13 2978 1 0 1
25.4325 -57.5186 325.556 5.48466 -9.19786 59.7689 1.2791 -13 2979 1 0 1
-41.9024 20.5521 325.556 -7.82593 2.94746 52.6068 1.8293 -13 2980 1 0 1
25.4766 -3.89287 325.556 5.34248 -0.891907 56.1536 4.52081 -13 2981 1 0 1
12.2296 -5.28313 325.556 2.77752 -0.954005 67.2506 0.756915 -13 2982 1 0 1
15.1895 18.0778 325.556 3.35566 3.15109 62.5197 0.557505 -13 2983 1 0 1
-65.9818 -2.14938 325.556 -17.6737 -0.012145 74.6367 2.68425 -13 2984 1 0 1
24.1791 -27.7172 325.556 4.57966 -3.74854 49.0099 1.61079 -13 2985 1 0 1
69.5386 11.2222 325.556 13.8923 1.97489 54.6344 3.19785 -13 2986 1 0 1
-39.4629 51.6516 325.556 -10.6409 11.1598 74.0456 1.46927 -13 2987 1 0 1
89.2897 -57.3136 325.556 16.4547 -7.07762 49.3924 2.76858 -13 2988 1 0 1
30.0691 -2.77428 325.556 7.0927 -0.595472 68.7046 1.32719 -13 2989 1 0 1
-39.2808 -22.1467 325.556 -8.79478 -4.22732 63.3579 1.1858 -13 2990 1 0 1
6.54122 0.988064 325.556 1.34841 -0.024931 71.7967 1.88819 -13 2991 1 0 1
-52.0012 0.714256 325.556 -13.2104 0.709431 70.5977 1.66362 -13 2992 1 0 1
-22.4919 -1.32601 325.556 -6.19994 -0.477431 74.2864 0.385862 -13 2993 1 0 1
-14.779 19.5083 325.556 -3.21907 3.11558 62.9455 3.01296 -13 2994 1 0 1
0.437301 -30.655 325.556 -0.517605 -6.73022 77.2287 0.709058 -13 2995 1 0 1
0.335204 -34.8879 325.556 0.156111 -5.37987 58.7117 1.14051 -13 2996 1 0 1
-60.9269 -3.02655 325.556 -15.2707 -0.620098 70.0859 0.664114 -13 2998 1 0 1
4.58009 14.1551 325.556 0.991284 2.56038 66.0222 1.72445 -13 2999 1 0 1
7.58679 12.5492 325.556 1.54576 2.44456 73.7561 3.82119 -13 3000 1 0 1
-12.5789 -5.4786 325.556 -3.1241 -1.7578 67.9781 2.08242 -13 3001 1 0 1
-71.1073 34.9576 325.556 -19.6817 7.63696 76.6764 2.49591 -13 3002 1 0 1
-158.015 52.7116 325.556 -21.9152 4.40233 35.0769 2.71264 -13 3003 1 0 1
-31.7987 73.1328 325.556 -7.62865 13.6868 66.001 3.6692 -13 3004 1 0 1
12.7797 -0.843822 325.556 2.93701 -0.0195822 67.8623 1.16192 -13 3005 1 0 1
-35.6984 22.8137 325.556 -8.42575 4.51309 66.0793 3.88341 -13 3006 1 0 1
-72.4777 20.9862 325.556 -17.96 4.56817 69.1764 1.19075 -13 3007 1 0 1
101.146 -22.9011 325.556 18.2571 -3.24277 48.3355 1.4368 -13 3008 1 0 1
-11.5191 4.16163 325.556 -3.22801 0.988298 72.8807 -0.265469 -13 3009 1 0 1
14.7219 59.017 325.556 3.09065 9.3718 55.7555 2.46717 -13 3010 1 0 1
6.0764 6.66288 325.556 1.32733 1.33597 63.2054 0.136954 -13 3011 1 0 1
-2.51085 -62.7581 325.556 -0.430853 -9.27748 55.5553 4.93493 -13 3012 1 0 1
59.4386 -41.205 325.556 12.0921 -6.13981 56.1332 2.47866 -13 3013 1 0 1
11.8725 -15.8419 325.556 2.67129 -3.22895 74.0661 1.03613 -13 3014 1 0 1
55.3537 -45.1462 325.556 13.8114 -9.13054 74.4986 3.40985 -13 3015 1 0 1
-34.1549 -28.0714 325.556 -6.16088 -3.6197 51.6552 3.93185 -13 3016 1 0 1
-18.629 13.1498 325.556 -4.96352 2.11493 70.9742 1.59383 -13 3017 1 0 1
-30.5769 54.9497 325.556 -6.24482 8.9956 57.757 4.51962 -13 3018 1 0 1
46.323 2.73872 325.556 11.0471 0.514523 69.7331 3.72781 -13 3020 1 0 1
31.0586 25.1037 325.556 7.29815 5.74864 68.4228 1.28436 -13 3021 1 0 1
34.3929 13.1767 325.556 7.04268 1.79566 56.1654 1.46306 -13 3022 1 0 1
-1.78569 42.073 325.556 -0.331993 6.65792 61.5926 1.91461 -13 3023 1 0 1
46.5682 7.75823 325.556 6.63985 0.600001 35.7344 5.46665 -13 3024 1 0 1
43.5688 -48.1053 325.556 6.21135 -4.53573 36.4099 4.1468 -13 3025 1 0 1
28.8583 36.4945 325.556 6.34938 6.60861 61.1557 0.990421 -13 3026 1 0 1
-65.0009 40.1955 325.556 -15.0298 7.24216 64.5252 3.73284 -13 3027 1 0 1
-30.4547 32.8339 325.556 -4.49035 3.38891 41.6982 0.19304 -13 3028 1 0 1
65.2812 -45.4312 325.556 15.2029 -8.86666 66.9297 0.801363 -13 3029 1 0 1
7.82065 31.3074 325.556 1.60815 4.00655 50.8983 2.62492 -13 3030 1 0 1
106.614 -54.2013 325.556 16.4443 -5.10304 39.777 2.86964 -13 3031 1 0 1
-39.6331 13.0566 325.556 -9.15791 2.10838 65.5015 2.29234 -13 3032 1 0 1
-31.649 -34.0436 325.556 -7.21151 -5.91499 64.3725 -0.750054 -13 3033 1 0 1
76.1063 -52.8369 325.556 14.3333 -7.02258 51.2523 2.82664 -13 3034 1 0 1
12.6353 1.63988 325.556 2.84872 0.250175 63.5516 5.0322 -13 3035 1 0 1
-63.7168 -46.8923 325.556 -13.8692 -7.832 61.1394 2.29326 -13 3036 1 0 1
-24.6134 -3.9029 325.556 -5.63328 -0.471359 64.2432 3.1997 -13 3037 1 0 1
-17.9472 -14.8711 325.556 -4.11305 -2.24516 64.8129 1.98268 -13 3038 1 0 1
12.9205 35.9884 325.556 2.87327 5.79636 60.7337 1.43897 -13 3039 1 0 1
20.34 1.95414 325.556 4.63252 -0.690443 66.2632 1.63932 -13 3040 1 0 1
56.5017 13.4214 325.556 10.2841 1.83593 49.0669 1.85738 -13 3041 1 0 1
-45.8777 -15.0074 325.556 -13.5369 -3.69149 80.0341 2.24438 -13 3042 1 0 1
55.4246 7.40553 325.556 11.5968 1.83879 58.4412 2.12706 -13 3043 1 0 1
-19.167 -61.0565 325.556 -3.84378 -9.42101 58.488 2.61987 -13 3044 1 0 1
64.7023 -61.864 325.556 14.3631 -10.5567 62.7743 0.293444 -13 3045 1 0 1
-4.3696 -31.9485 325.556 -1.61805 -6.8249 75.1052 0.263966 -13 3046 1 0 1
12.3137 -24.9377 325.556 2.81511 -3.97347 61.5826 2.08926 -13 3047 1 0 1
31.9179 -27.9131 325.556 7.09656 -4.12147 61.6751 1.93729 -13 3048 1 0 1
3.93387 67.8095 325.556 0.570653 2.98933 22.3611 4.46595 -13 3049 1 0 1
15.4022 16.0849 325.556 3.57098 2.96306 76.2151 0.347428 -13 3050 1 0 1
1.47103 -22.0751 325.556 0.474396 -3.74307 60.648 1.58612 -13 3051 1 0 1
7.99217 11.9511 325.556 1.72175 3.17045 71.9265 0.732384 -13 3052 1 0 1
67.308 9.26204 325.556 14.3134 1.43005 59.1349 1.40413 -13 3053 1 0 1
14.4146 44.0809 325.556 3.1447 8.64458 66.2022 2.13612 -13 3054 1 0 1
9.51777 16.418 325.556 2.13569 2.58036 65.0367 4.03161 -13 3055 1 0 1
-97.497 -74.5795 325.556 -19.9148 -11.6492 56.4779 1.6203 -13 3056 1 0 1
-34.1915 -38.3214 325.556 -8.56762 -7.30189 69.222 0.721965 -13 3057 1 0 1
21.6617 13.4697 325.556 4.53078 1.9859 55.8237 1.84759 -13 3058 1 0 1
11.3532 -20.8116 325.556 2.51417 -4.43724 65.6432 1.98198 -13 3059 1 0 1
-51.7764 -4.05439 325.556 -9.22722 -0.273927 50.2447 2.76322 -13 3060 1 0 1
5.54139 20.8482 325.556 1.241 3.85318 63.4526 3.82771 -13 3061 1 0 1
38.7049 32.3114 325.556 3.26927 1.0003 18.3022 6.41586 -13 3062 1 0 1
-22.0942 -19.6423 325.556 -5.49486 -4.0474 68.7492 1.4291 -13 3063 1 0 1
6.86211 -87.3754 325.556 1.41522 -17.5937 70.3624 1.14995 -13 3064 1 0 1
18.3692 64.5628 325.556 4.17539 11.6634 66.3297 4.34505 -13 3065 1 0 1
-1.46183 -16.2374 325.556 -0.371941 -3.38058 64.036 3.77156 -13 3066 1 0 1
-47.5126 22.6246 325.556 -11.8123 4.62801 69.3837 3.58215 -13 3067 1 0 1
-45.2953 -10.3268 325.556 -9.6144 -1.87034 59.8971 3.49985 -13 3068 1 0 1
85.5398 -41.9239 325.556 13.4778 -4.99949 41.5117 3.53171 -13 3069 1 0 1
-39.467 24.7069 325.556 -9.38652 5.04958 66.5038 3.42561 -13 3070 1 0 1
122.276 -20.0991 325.556 9.78872 -0.611014 16.9588 6.6152 -13 3071 1 0 1
-49.5474 13.7018 325.556 -14.3334 2.60228 78.8894 2.15332 -13 3072 1 0 1
-90.5834 27.8227 325.556 -21.1671 4.98049 65.0574 0.898767 -13 3073 1 0 1
24.8625 44.5903 325.556 5.78726 8.80032 68.949 1.96818 -13 3074 1 0 1
-10.514 18.5682 325.556 -3.36826 4.51043 77.6825 2.47815 -13 3075 1 0 1
-0.645438 31.0579 325.556 -0.549357 6.51926 73.488 2.05382 -13 3076 1 0 1
11.2165 -21.4219 325.556 2.40034 -5.10933 77.445 1.91311 -13 3077 1 0 1
75.1491 48.2282 325.556 12.7201 5.58428 45.1405 1.64367 -13 3078 1 0 1
10.4671 38.7919 325.556 2.23017 8.58011 74.5851 0.070372 -13 3079 1 0 1
44.3653 34.0875 325.556 9.58097 5.72882 60.3862 0.60485 -13 3080 1 0 1
-29.5943 -41.3353 325.556 -6.01808 -6.65493 58.5377 3.16327 -13 3081 1 0 1
10.5134 -46.0779 325.556 2.27424 -8.98063 67.3556 2.54411 -13 3082 1 0 1
52.6192 -4.70564 325.556 11.5049 -0.847085 60.8592 0.502069 -13 3083 1 0 1
0.759668 -14.7828 325.556 0.0583411 -2.83099 69.2776 1.97143 -13 3084 1 0 1
24.5886 -22.4157 325.556 5.579 -4.42871 67.135 1.48789 -13 3085 1 0 1
-43.1671 4.2555 325.556 -6.95056 0.779225 44.8851 2.66616 -13 3086 1 0 1
25.6567 -36.6032 325.556 5.87658 -7.29875 68.8181 2.26582 -13 3087 1 0 1
-21.6792 -99.0924 325.556 -3.98444 -13.9661 52.8964 1.57065 -13 3088 1 0 1
-2.86533 34.0435 325.556 -0.854114 7.0651 68.8809 2.27583 -13 3089 1 0 1
-55.4175 1.2779 325.556 -11.3165 0.567292 57.7784 2.86418 -13 3090 1 0 1
9.10978 -67.4843 325.556 1.8528 -14.809 75.1109 1.07304 -13 3091 1 0 1
-12.6013 61.4134 325.556 -3.52162 12.7359 71.6417 2.13219 -13 3092 1 0 1
40.1924 41.344 325.556 7.16353 5.2607 47.1539 2.82233 -13 3093 1 0 1
-39.8222 -24.9517 325.556 -9.61568 -4.75766 67.6787 0.684388 -13 3094 1 0 1
23.945 20.6018 325.556 5.66392 3.78091 72.4667 4.12114 -13 3095 1 0 1
18.3463 -63.2104 325.556 4.18006 -12.3631 69.9394 1.28952 -13 3096 1 0 1
59.1528 63.6485 325.556 14.6217 14.0151 73.3137 1.62817 -13 3097 1 0 1
0.0342821 -27.6926 325.556 -0.149049 -5.25194 70.226 -0.361882 -13 3099 1 0 1
8.03922 1.9219 325.556 1.77987 0.294441 57.7025 1.9552 -13 3100 1 0 1
-14.5581 26.6439 325.556 -3.68451 5.18503 69.4101 3.25294 -13 3101 1 0 1
29.5964 27.4163 325.556 6.45334 4.62842 61.01 1.5102 -13 3102 1 0 1
-45.8262 -50.8082 325.556 -11.4946 -10.323 69.8433 2.69301 -13 3103 1 0 1
-7.33149 -13.5959 325.556 -1.34624 -2.4393 57.1077 3.41968 -13 3104 1 0 1
-24.2671 -12.3195 325.556 -6.59905 -2.57907 73.3069 1.85985 -13 3105 1 0 1
27.0347 8.72333 325.556 6.5695 2.19038 75.2859 2.1212 -13 3106 1 0 1
-16.0325 27.5626 325.556 -4.6292 6.36231 74.9911 3.31885 -13 3107 1 0 1
-9.66691 33.1293 325.556 -2.04767 6.06288 62.4679 1.87178 -13 3108 1 0 1
-11.7385 -0.810596 325.556 -1.66381 0.178497 44.7055 3.28057 -13 3109 1 0 1
-35.4868 13.7026 325.556 -8.19445 2.41835 65.6827 2.09339 -13 3110 1 0 1
109.427 -83.6301 325.556 16.0377 -7.87786 37.6326 3.46821 -13 3111 1 0 1
-38.7765 -20.9003 325.556 -10.6259 -4.45326 75.3414 2.09241 -13 3112 1 0 1
19.0757 -42.4401 325.556 4.45878 -9.38966 75.0606 2.69511 -13 3113 1 0 1
-20.5749 44.8997 325.556 -4.39786 7.75148 62.4553 1.17423 -13 3114 1 0 1
-4.92281 -11.0683 325.556 -1.97859 -2.16029 77.5055 2.60659 -13 3115 1 0 1
3.03405 -3.10162 325.556 0.277845 -0.56132 77.1992 1.09927 -13 3116 1 0 1
-32.483 49.0826 325.556 -9.09032 10.8416 75.9456 1.5317 -13 3117 1 0 1
-41.3523 14.3104 325.556 -11.0052 2.26922 73.4921 1.30177 -13 3118 1 0 1
-25.8264 -23.3057 325.556 -6.90334 -5.18415 72.4941 2.496 -13 3119 1 0 1
-35.9752 -20.5393 325.556 -9.46414 -4.48177 72.4924 -0.46634 -13 3120 1 0 1
-67.8188 -90.4444 325.556 -5.98236 -3.68529 21.1193 4.3908 -13 3121 1 0 1
-16.9103 -27.5243 325.556 -5.16096 -6.16978 77.2127 1.79208 -13 3122 1 0 1
-10.5542 -170.846 325.556 -2.24064 -25.4934 57.6649 -0.24366 -13 3123 1 0 1
-56.112 -2.03187 325.556 -12.6363 -1.21391 63.4852 2.55613 -13 3124 1 0 1
-23.2473 -36.9142 325.556 -5.49927 -6.61794 65.8449 3.38118 -13 3125 1 0 1
93.7323 34.975 325.556 19.2935 5.21489 57.1471 4.10822 -13 3126 1 0 1
-2.01483 0.748647 325.556 -0.301668 -0.0673558 58.6394 3.42209 -13 3127 1 0 1
15.5507 -0.458273 325.556 3.59726 -0.37037 70.4883 4.03778 -13 3128 1 0 1
25.7825 47.1924 325.556 3.05612 2.78513 28.5002 6.87443 -13 3129 1 0 1
26.5356 29.0957 325.556 6.12284 5.52847 67.1984 4.00408 -13 3130 1 0 1
-9.66789 27.6974 325.556 -2.08687 5.16396 63.1982 1.32286 -13 3131 1 0 1
-40.5709 -40.4053 325.556 -9.92293 -7.74698 68.1523 2.29467 -13 3132 1 0 1
9.06633 -62.1691 325.556 1.95648 -8.92545 54.4529 2.8711 -13 3133 1 0 1
74.7855 -66.0048 325.556 14.5094 -9.46555 53.0245 3.80281 -13 3134 1 0 1
76.7399 -26.2097 325.556 14.1366 -3.22751 49.6454 2.22467 -13 3135 1 0 1
13.0605 6.76682 325.556 2.7949 1.11545 54.7717 3.15583 -13 3136 1 0 1
25.0137 -111.383 325.556 4.18311 -12.4268 43.5126 4.08179 -13 3137 1 0 1
67.3847 4.39946 325.556 11.2057 0.889951 44.0324 3.68075 -13 3138 1 0 1
47.3141 20.0156 325.556 10.1303 3.37297 59.7981 1.78661 -13 3139 1 0 1
66.2133 -41.29 325.556 15.5705 -7.56226 67.6759 2.13104 -13 3140 1 0 1
67.7262 5.71154 325.556 14.6875 1.31015 60.4325 -0.240409 -13 3141 1 0 1
-2.09867 1.37373 325.556 -1.13011 0.904662 77.4578 3.16135 -13 3142 1 0 1
8.53291 57.5834 325.556 1.83402 9.82991 60.6391 3.4183 -13 3143 1 0 1
33.8872 49.8489 325.556 7.11067 7.51769 57.5652 1.51602 -13 3144 1 0 1
11.0942 53.3128 325.556 2.4753 10.266 68.3931 2.85858 -13 3146 1 0 1
-74.5541 -2.5641 325.556 -19.7079 0.0424137 73.4177 -0.221339 -13 3147 1 0 1
5.41749 32.5163 325.556 1.00705 6.0372 67.3234 3.04712 -13 3148 1 0 1
-14.3631 -98.8052 325.556 -1.75336 -8.53704 35.9705 4.76499 -13 3149 1 0 1
-7.07788 40.1727 325.556 -2.22156 8.08677 73.2759 1.5661 -13 3150 1 0 1
-9.58306 -66.1771 325.556 -2.10667 -11.5618 63.1229 2.73101 -13 3151 1 0 1
-82.045 33.1402 325.556 -18.6231 5.36353 63.4213 3.56353 -13 3152 1 0 1
-4.30235 -17.5545 325.556 -1.53873 -3.85631 75.2478 -0.426015 -13 3153 1 0 1
-48.2322 5.74557 325.556 -13.6888 1.31032 77.8232 1.77898 -13 3154 1 0 1
70.8309 -6.75329 325.556 15.307 -1.28172 59.9974 0.500478 -13 3155 1 0 1
-29.3233 0.0711596 325.556 -7.92597 0.200238 73.0937 4.19863 -13 3156 1 0 1
83.7915 -28.932 325.556 15.0529 -4.08317 48.1099 1.23962 -13 3157 1 0 1
76.165 -3.04138 325.556 17.5442 -0.517299 65.3292 2.70823 -13 3158 1 0 1
-10.0715 -54.6213 325.556 -2.46244 -10.5979 66.3191 3.08736 -13 3160 1 0 1
-6.84551 -81.978 325.556 -1.29765 -13.1669 58.3657 3.66659 -13 3161 1 0 1
-43.5253 12.918 325.556 -12.8502 2.62683 79.5439 2.98578 -13 3162 1 0 1
3.89511 -0.824657 325.556 0.480014 0.0841156 76.9962 1.76208 -13 3163 1 0 1
33.7729 28.8232 325.556 7.31405 5.35497 60.1908 1.32932 -13 3164 1 0 1
46.604 54.9194 325.556 9.95541 8.76591 59.0113 4.42298 -13 3165 1 0 1
19.1199 -2.07596 325.556 4.35252 -0.244841 63.087 2.04886 -13 3166 1 0 1
-10.7333 7.56306 325.556 -3.72255 1.11379 80.5583 3.58757 -13 3167 1 0 1
55.7468 15.0111 325.556 11.6717 3.02478 57.5738 3.46474 -13 3168 1 0 1
65.1571 -5.69138 325.556 14.8804 -1.10853 65.0284 2.47832 -13 3169 1 0 1
-29.8446 13.8412 325.556 -6.32465 2.51372 60.4134 -0.326044 -13 3170 1 0 1
40.8702 23.6121 325.556 8.83821 4.34025 60.6971 1.65776 -13 3171 1 0 1
-27.9915 -31.1285 325.556 -6.1208 -5.56916 62.0859 0.356801 -13 3172 1 0 1
88.5047 -9.37572 325.556 14.5648 -1.28969 42.7671 4.0211 -13 3173 1 0 1
-14.3724 3.60648 325.556 -3.91179 0.429829 72.3855 1.97474 -13 3174 1 0 1
20.8287 30.8967 325.556 4.84358 5.93915 66.8727 -0.683907 -13 3175 1 0 1
12.9896 -1.08344 325.556 2.87317 -0.569391 73.7092 2.51402 -13 3176 1 0 1
-45.0994 -3.70975 325.556 -9.80449 -0.704211 61.5907 1.14324 -13 3177 1 0 1
-24.3924 -52.1565 325.556 -6.65268 -11.2365 73.4984 0.179051 -13 3178 1 0 1
-15.8295 -51.7376 325.556 -4.95575 -11.8705 78.47 1.85709 -13 3179 1 0 1
-30.2976 -8.74404 325.556 -9.10237 -2.61583 78.9581 1.52407 -13 3180 1 0 1
-28.8154 37.798 325.556 -8.72806 8.36002 79.3834 3.20649 -13 3181 1 0 1
39.9459 19.2737 325.556 6.48975 2.16997 41.8001 4.72196 -13 3182 1 0 1
-11.581 -17.3806 325.556 -3.59734 -4.02918 76.4726 0.768392 -13 3183 1 0 1
89.2019 -8.22522 325.556 9.7618 -0.416297 26.2614 5.09358 -13 3184 1 0 1
-55.5394 -6.93567 325.556 -13.7786 -1.39175 69.0481 -0.463783 -13 3185 1 0 1
68.6316 13.4796 325.556 15.5719 2.34936 64.7426 4.12018 -13 3186 1 0 1
-3.15228 -5.54987 325.556 -0.410301 -0.685054 54.8966 3.14632 -13 3187 1 0 1
-49.7874 21.9912 325.556 -10.0044 3.25921 56.6904 2.83537 -13 3188 1 0 1
-24.7764 -34.1885 325.556 -7.13464 -7.50027 76.7279 2.23572 -13 3189 1 0 1
-35.3784 -34.7099 325.556 -10.4058 -7.55673 78.5899 2.57245 -13 3190 1 0 1
-19.4443 -27.0297 325.556 -2.90266 -3.11394 44.1386 3.2399 -13 3191 1 0 1
43.5343 0.0701045 325.556 10.3837 0.799371 69.5615 1.23899 -13 3192 1 0 1
3.95752 -16.9183 325.556 0.924687 -2.79931 59.6697 1.52396 -13 3193 1 0 1
-125.224 -73.2703 325.556 -26.5391 -11.3152 58.2115 2.46564 -13 3194 1 0 1
-37.3319 25.3069 325.556 -8.00246 4.32786 60.5374 1.77301 -13 3195 1 0 1
-8.42976 21.4512 325.556 -2.82608 4.73696 77.247 1.26252 -13 3196 1 0 1
-34.9149 -62.3996 325.556 -7.21271 -10.189 58.4668 2.67395 -13 3197 1 0 1
-23.8941 14.1428 325.556 -6.49468 3.66013 73.146 1.25766 -13 3198 1 0 1
14.1844 -47.159 325.556 3.18661 -8.23394 66.2846 0.629014 -13 3199 1 0 1
0.431837 -28.2224 325.556 0.271861 -3.22778 46.7205 3.55295 -13 3200 1 0 1
10.7935 -28.2966 325.556 2.33686 -4.63777 56.8497 1.5787 -13 3201 1 0 1
28.2234 -44.8749 325.556 5.87663 -7.03808 56.603 1.76784 -13 3202 1 0 1
-16.9079 -22.4902 325.556 -2.67364 -2.74904 47.9616 0.780601 -13 3203 1 0 1
-30.9426 -11.8268 325.556 -5.68921 -1.99147 52.2353 3.06696 -13 3204 1 0 1
34.2883 16.4235 325.556 7.48515 2.6286 60.5893 2.20255 -13 3205 1 0 1
-48.11 9.58899 325.556 -11.6829 1.84639 68.4508 2.59706 -13 3206 1 0 1
-42.1301 -50.5157 325.556 -12.0818 -11.3964 77.8791 0.217575 -13 3207 1 0 1
-39.0258 14.8594 325.556 -7.02323 2.39684 51.1657 1.54853 -13 3208 1 0 1
9.56167 -59.0921 325.556 1.63322 -6.15432 39.1407 4.56342 -13 3209 1 0 1
21.818 -12.9576 325.556 4.74647 -2.57024 60.4616 2.95277 -13 3211 1 0 1
-83.8667 -13.3576 325.556 -21.4694 -2.89167 71.4366 -1.20582 -13 3212 1 0 1
15.2133 -53.9692 325.556 3.4869 -10.2075 70.5867 2.16434 -13 3213 1 0 1
-8.20718 -17.2315 325.556 -1.90732 -3.46218 66.2632 1.42394 -13 3214 1 0 1
-42.0891 73.2804 325.556 -11.0539 14.9694 72.0701 2.19576 -13 3215 1 0 1
16.4004 9.91084 325.556 3.36296 1.11604 53.087 3.20758 -13 3216 1 0 1
-54.1806 9.88569 325.556 -14.7806 2.51327 75.4625 2.03326 -13 3217 1 0 1
2.10305 -74.3189 325.556 0.554519 -11.7162 56.7467 3.07283 -13 3218 1 0 1
96.9401 81.147 325.556 17.255 10.1808 47.4238 3.3366 -13 3219 1 0 1
3.77814 38.2621 325.556 0.85251 7.87016 67.0237 -0.0610337 -13 3220 1 0 1
-36.1823 -15.553 325.556 -7.66151 -2.40568 59.6633 1.57893 -13 3221 1 0 1
-1.18397 -6.94673 325.556 -0.531394 -1.74057 69.9023 1.78238 -13 3222 1 0 1
-16.4743 12.066 325.556 -4.12747 2.60107 68.8014 2.1878 -13 3223 1 0 1
-23.5371 9.65411 325.556 -5.45869 1.23283 65.5103 2.21553 -13 3224 1 0 1
-38.9127 -37.2385 325.556 -8.78401 -6.9115 63.7786 3.91168 -13 3225 1 0 1
-37.3087 -16.5795 325.556 -7.24832 -2.66065 55.2467 2.24732 -13 3226 1 0 1
66.3075 -3.6206 325.556 11.0157 -0.269038 43.4994 1.01258 -13 3227 1 0 1
65.0231 7.51628 325.556 14.893 1.44884 65.3877 1.86302 -13 3228 1 0 1
-12.89 64.252 325.556 -3.48806 12.515 69.8275 0.0254638 -13 3229 1 0 1
26.1656 24.4346 325.556 5.31838 3.64052 55.7378 0.102065 -13 3230 1 0 1
53.0863 -8.31952 325.556 12.7449 -1.41616 69.6174 1.87604 -13 3231 1 0 1
14.8917 -0.58498 325.556 2.36423 -0.191655 35.5103 4.68712 -13 3232 1 0 1
18.4347 -32.0177 325.556 3.65766 -4.43767 52.4454 1.31365 -13 3233 1 0 1
-40.3111 1.74815 325.556 -10.3368 0.254968 71.1084 3.95822 -13 3234 1 0 1
104.564 -19.2193 325.556 24.281 -3.91436 66.4396 1.14738 -13 3235 1 0 1
-23.2657 -20.2748 325.556 -4.78133 -3.55395 59.3202 3.46258 -13 3236 1 0 1
28.5422 34.6662 325.556 6.50845 6.62678 66.215 2.2761 -13 3237 1 0 1
51.5895 56.7895 325.556 9.96012 8.33716 53.0223 2.70648 -13 3238 1 0 1
-22.4039 15.9758 325.556 -4.74463 2.53001 60.0036 2.03303 -13 3239 1 0 1
-28.5314 -68.872 325.556 -7.0229 -12.4068 68.7185 1.28473 -13 3240 1 0 1
-43.2113 -61.8472 325.556 -9.16286 -9.94907 59.4116 2.83479 -13 3241 1 0 1
-48.0336 13.2563 325.556 -12.8174 2.33984 74.3437 1.56821 -13 3242 1 0 1
50.766 23.3089 325.556 10.9843 4.22383 60.5362 2.60102 -13 3243 1 0 1
-36.2861 -27.1162 325.556 -8.12216 -4.56442 63.3617 1.7247 -13 3244 1 0 1
1.34333 -33.1704 325.556 -0.0879734 -6.56904 74.8778 1.58471 -13 3246 1 0 1
23.5322 -68.3457 325.556 4.52542 -9.36017 49.7496 3.34996 -13 3247 1 0 1
11.5498 -41.8366 325.556 2.46916 -8.7552 72.7496 2.00936 -13 3248 1 0 1
-17.793 59.6568 325.556 -3.45783 9.27114 56.5627 3.54605 -13 3249 1 0 1
-41.0404 -10.8017 325.556 -11.2423 -1.92264 75.1803 1.31189 -13 3250 1 0 1
-222.541 22.7746 325.556 -7.89407 -0.709128 2.81155 18.0537 -13 3251 1 0 1
-13.4103 -39.4848 325.556 -3.50661 -8.04843 70.0661 2.88405 -13 3252 1 0 1
-82.2925 -19.6085 325.556 -16.268 -2.73204 54.9432 2.43432 -13 3253 1 0 1
20.3306 -12.3112 325.556 4.62229 -2.1251 67.4533 2.29422 -13 3254 1 0 1
15.5702 -17.7562 325.556 3.5426 -3.051 66.1181 4.80363 -13 3255 1 0 1
98.8924 -47.2029 325.556 20.0142 -7.18049 55.7283 0.44143 -13 3256 1 0 1
37.2431 3.53568 325.556 9.03079 0.77498 71.7627 0.0545182 -13 3257 1 0 1
61.8415 3.43 325.556 12.4543 0.275302 55.5438 2.2829 -13 3258 1 0 1
-14.7305 22.2087 325.556 -3.6579 3.90541 67.8082 1.45131 -13 3259 1 0 1
-14.606 3.00329 325.556 -1.85989 0.657989 36.9264 5.24963 -13 3260 1 0 1
5.66877 -75.4762 325.556 1.39999 -12.0712 58.3588 3.3839 -13 3261 1 0 1
-14.3629 -5.83008 325.556 -4.07042 -1.04415 73.1815 4.46225 -13 3262 1 0 1
-7.14465 -13.7236 325.556 -1.75009 -2.49499 65.6595 0.904466 -13 3263 1 0 1
25.7324 30.5037 325.556 6.02389 6.3103 70.6998 2.0855 -13 3264 1 0 1
89.6247 26.9295 325.556 19.2688 4.54212 59.7504 2.30042 -13 3265 1 0 1
-79.1857 5.33313 325.556 -17.2004 0.463157 60.8121 2.67455 -13 3266 1 0 1
-28.5194 33.71 325.556 -7.1761 7.33095 69.3243 0.0590269 -13 3267 1 0 1
72.9386 -69.7007 325.556 12.2558 -7.61331 44.2217 4.25678 -13 3268 1 0 1
-22.4943 -16.8635 325.556 -5.45024 -3.16553 67.4526 2.84204 -13 3269 1 0 1
9.3083 -48.1419 325.556 1.91338 -6.89618 53.243 2.85926 -13 3270 1 0 1
21.159 -37.5478 325.556 4.28903 -5.7907 53.9484 3.13274 -13 3271 1 0 1
-9.08874 -9.03341 325.556 -1.78644 -1.66737 58.1238 1.90475 -13 3272 1 0 1
41.8264 -32.0365 325.556 9.84047 -5.41322 67.9515 2.79062 -13 3273 1 0 1
15.1199 -12.467 325.556 3.35462 -2.13375 61.4539 3.36433 -13 3274 1 0 1
-37.5535 -58.0843 325.556 -6.11505 -7.04714 46.6037 1.02105 -13 3275 1 0 1
-20.3905 -46.997 325.556 -4.47536 -8.5154 62.2885 3.02069 -13 3276 1 0 1
-17.1198 12.68 325.556 -4.21459 2.67841 66.6765 0.816432 -13 3277 1 0 1
29.3451 9.65609 325.556 5.77596 1.02654 52.0155 -0.0918189 -13 3278 1 0 1
-3.68086 -0.932844 325.556 -0.828728 0.0870335 62.8333 -0.52281 -13 3279 1 0 1
14.9048 -13.0195 325.556 3.41539 -2.46487 69.497 1.70854 -13 3280 1 0 1
8.33866 -7.99349 325.556 1.90709 -0.814233 55.2744 2.37173 -13 3281 1 0 1
-28.2816 -26.5538 325.556 -7.07018 -4.82763 69.1892 2.05067 -13 3282 1 0 1
37.7972 77.4856 325.556 8.36046 13.7842 62.1945 3.00799 -13 3283 1 0 1
-62.765 28.2542 325.556 -13.5825 4.98953 61.0794 1.06054 -13 3284 1 0 1
7.78825 17.0417 325.556 1.85965 2.84358 63.5054 4.3467 -13 3285 1 0 1
38.2896 -36.4798 325.556 9.19862 -7.15908 71.512 0.62007 -13 3286 1 0 1
67.5127 7.62059 325.556 12.5449 1.14461 49.8425 0.828888 -13 3287 1 0 1
58.3442 -41.0665 325.556 13.1539 -7.21418 63.9309 1.81538 -13 3288 1 0 1
-41.7829 -0.293915 325.556 -12.128 -0.262515 78.6071 0.703227 -13 3289 1 0 1
57.8975 -38.1174 325.556 10.1244 -4.75104 46.2764 4.04165 -13 3290 1 0 1
98.6542 26.8036 325.556 17.104 3.15775 46.2442 3.00724 -13 3291 1 0 1
-15.0263 100.472 325.556 -2.26543 11.3687 44.6962 3.65282 -13 3292 1 0 1
-75.6467 18.2222 325.556 -6.2728 0.91971 19.3173 5.95158 -13 3293 1 0 1
7.82952 -27.7316 325.556 1.70966 -5.44058 65.5393 -0.0626046 -13 3294 1 0 1
45.6832 -18.8622 325.556 11.0073 -3.89779 70.6557 4.14323 -13 3295 1 0 1
-11.6653 34.483 325.556 -2.71997 6.51001 64.4204 4.26075 -13 3296 1 0 1
38.8919 2.56054 325.556 8.582 0.283943 61.9454 2.89537 -13 3297 1 0 1
-36.7733 -13.1715 325.556 -8.56618 -2.06418 65.7277 1.78452 -13 3298 1 0 1
-29.2798 35.6235 325.556 -7.3825 7.08516 69.8829 2.49318 -13 3299 1 0 1
0.196827 -43.8756 325.556 0.0293397 -7.73987 62.9957 2.23734 -13 3300 1 0 1
-34.5625 4.24976 325.556 -7.22565 0.549844 59.3114 3.45832 -13 3301 1 0 1
-4.24195 -13.3804 325.556 -0.847302 -2.43185 61.5117 2.19361 -13 3302 1 0 1
28.8333 -3.71592 325.556 6.30294 -1.18242 59.6109 1.9544 -13 3303 1 0 1
-6.35089 29.3888 325.556 -1.11548 4.44527 57.8549 0.489175 -13 3304 1 0 1
-13.1442 -22.8483 325.556 -3.7428 -4.72207 73.3874 -0.681972 -13 3305 1 0 1
30.5231 -52.6228 325.556 6.12281 -7.91698 54.0014 2.81516 -13 3306 1 0 1
31.515 -12.5298 325.556 7.83219 -3.43269 78.9097 0.930209 -13 3307 1 0 1
-16.5157 7.3552 325.556 -4.11646 1.65753 68.4506 2.4249 -13 3308 1 0 1
-32.155 -32.4217 325.556 -5.28755 -4.46111 46.3871 0.0897183 -13 3309 1 0 1
23.1918 42.1653 325.556 5.28595 8.04273 66.6584 2.33777 -13 3310 1 0 1
-61.1068 -23.3077 325.556 -14.6882 -4.09163 67.4643 3.32804 -13 3311 1 0 1
7.82148 39.6854 325.556 1.54641 9.00961 75.7738 2.1231 -13 3312 1 0 1
67.7607 13.8704 325.556 13.6664 2.31398 54.8306 3.64411 -13 3313 1 0 1
66.2933 16.8225 325.556 10.4362 1.65569 40.5917 1.47199 -13 3314 1 0 1
-23.5863 7.90696 325.556 -5.19023 1.467 62.5837 1.7599 -13 3315 1 0 1
-12.8152 6.83426 325.556 -0.898425 0.408204 19.6855 2.49343 -13 3316 1 0 1
-23.717 23.4709 325.556 -4.38229 3.38537 53.118 3.77764 -13 3317 1 0 1
67.7708 -6.2912 325.556 15.7698 -1.06175 66.7382 0.973078 -13 3318 1 0 1
2.60563 -69.5203 325.556 0.451098 -13.1974 67.7083 0.783445 -13 3319 1 0 1
-10.5686 -3.36554 325.556 -2.21981 -0.90744 60.7998 1.76284 -13 3320 1 0 1
28.2487 25.5214 325.556 6.18425 4.00339 61.2573 0.853246 -13 3321 1 0 1
-36.9797 -4.70244 325.556 -9.02733 -0.486116 67.5571 3.75388 -13 3322 1 0 1
4.19094 -16.3283 325.556 0.727944 -3.31468 72.3755 4.08766 -13 3323 1 0 1
-55.3587 4.82418 325.556 -15.6767 0.992997 77.212 2.81414 -13 3324 1 0 1
-4.04206 2.97649 325.556 -0.933942 0.200785 66.3746 1.22811 -13 3325 1 0 1
45.3352 -17.4301 325.556 10.8742 -3.42962 69.294 0.973567 -13 3326 1 0 1
-3.66402 -1.21839 325.556 -0.855366 -0.372696 65.4304 2.82035 -13 3327 1 0 1
16.2367 -34.7364 325.556 3.71537 -6.86323 74.0915 2.63329 -13 3328 1 0 1
-46.4065 -18.2627 325.556 -11.1956 -3.52315 67.3609 1.85172 -13 3329 1 0 1
5.24213 -19.3267 325.556 1.26894 -2.68519 58.3219 2.62176 -13 3330 1 0 1
13.6527 -57.7046 325.556 3.02332 -10.4977 62.9129 2.80557 -13 3331 1 0 1
70.1003 -42.2653 325.556 14.931 -6.8451 59.4164 3.14962 -13 3332 1 0 1
-57.945 32.8997 325.556 -14.083 7.04435 67.8886 2.77857 -13 3333 1 0 1
28.5322 -8.65779 325.556 5.60797 -1.62022 51.495 0.359947 -13 3334 1 0 1
-59.3633 -11.5062 325.556 -10.8103 -1.9492 51.2316 4.92004 -13 3335 1 0 1
20.9967 4.14 325.556 4.97344 1.43977 70.0342 2.23805 -13 3336 1 0 1
37.6439 30.5386 325.556 7.97413 4.72607 58.2402 0.916205 -13 3337 1 0 1
2.91757 41.9314 325.556 0.630476 7.70741 63.502 -0.0786776 -13 3338 1 0 1
32.8695 -17.55 325.556 6.12679 -2.03168 48.6232 0.650848 -13 3339 1 0 1
80.0851 10.0384 325.556 16.6369 2.26 57.2847 1.62787 -13 3340 1 0 1
-44.2767 6.1797 325.556 -8.474 1.21776 54.1211 1.92288 -13 3341 1 0 1
-30.4795 -2.44781 325.556 -8.08269 -0.425994 72.9158 1.84233 -13 3342 1 0 1
15.7761 -24.8148 325.556 3.7251 -5.37501 70.8306 3.25648 -13 3343 1 0 1
-25.2457 -1.42954 325.556 -5.72824 0.147749 63.5088 0.134657 -13 3344 1 0 1
-33.8851 -41.2792 325.556 -9.04369 -8.94118 73.4386 2.8539 -13 3346 1 0 1
-123.992 -32.8999 325.556 -23.8137 -4.75383 52.4608 1.78031 -13 3347 1 0 1
9.81466 -5.69664 325.556 2.23528 -1.05999 61.5812 0.540953 -13 3348 1 0 1
-49.7207 -17.2546 325.556 -10.5234 -3.0374 59.5425 4.08368 -13 3349 1 0 1
5.80335 14.7346 325.556 1.28057 2.03113 65.3368 0.732491 -13 3350 1 0 1
8.39577 -12.077 325.556 1.80573 -2.24805 71.611 1.39277 -13 3351 1 0 1
54.433 -7.19492 325.556 12.3016 -0.778026 63.9152 0.262415 -13 3352 1 0 1
-6.17181 37.1829 325.556 -1.70365 6.9209 69.7961 0.758892 -13 3353 1 0 1
9.96441 26.3111 325.556 2.27672 4.43518 66.6891 1.12522 -13 3354 1 0 1
-23.736 -19.5484 325.556 -7.38996 -4.78859 79.5121 0.682881 -13 3355 1 0 1
-62.6489 -56.044 325.556 -13.0451 -9.32988 58.5258 0.981053 -13 3356 1 0 1
-19.0878 -5.61102 325.556 -3.76945 -0.91156 57.2969 2.07223 -13 3357 1 0 1
29.8796 73.7221 325.556 7.07605 14.5141 70.846 3.20385 -13 3358 1 0 1
119.352 -184.564 325.556 16.5334 -14.6482 35.9149 3.32715 -13 3359 1 0 1
-23.9053 -23.2508 325.556 -4.53146 -3.46045 54.6535 1.25288 -13 3360 1 0 1
35.3415 -34.5628 325.556 7.29404 -5.16369 56.541 1.44252 -13 3361 1 0 1
59.9114 14.8623 325.556 14.1117 2.9492 68.3842 2.08426 -13 3362 1 0 1
82.3813 -73.4631 325.556 16.3514 -10.603 54.8719 2.82301 -13 3363 1 0 1
5.25843 -11.5902 325.556 1.11479 -2.44979 69.5805 3.46677 -13 3364 1 0 1
68.1555 48.1642 325.556 15.2106 8.95458 63.6687 2.14839 -13 3365 1 0 1
-38.5635 -5.21194 325.556 -10.049 -0.881107 72.1054 2.51846 -13 3366 1 0 1
32.275 -1.42855 325.556 6.29553 -0.0841339 51.9975 0.869422 -13 3367 1 0 1
-54.0261 26.0828 325.556 -14.3652 5.58906 73.5569 0.513284 -13 3368 1 0 1
-60.8759 49.2051 325.556 -15.9865 10.2651 73.2539 2.21452 -13 3369 1 0 1
12.9731 70.9904 325.556 2.85446 12.6806 64.1653 2.50731 -13 3370 1 0 1
61.5202 71.1702 325.556 10.1389 7.92952 43.654 2.65183 -13 3371 1 0 1
86.4541 -48.8441 325.556 18.8869 -7.57069 61.5752 2.86952 -13 3372 1 0 1
25.5067 -30.4394 325.556 5.52301 -5.64014 60.4228 0.727671 -13 3373 1 0 1
-48.0913 -3.94427 325.556 -12.42 -0.896247 72.1602 0.957947 -13 3374 1 0 1
35.0983 -35.6666 325.556 7.96891 -6.92691 65.3119 3.13447 -13 3375 1 0 1
45.0924 -74.7598 325.556 9.16485 -11.3155 54.9822 -0.790557 -13 3376 1 0 1
-77.7515 -98.3178 325.556 -18.8802 -18.2377 67.7366 1.34691 -13 3377 1 0 1
-40.4343 43.0285 325.556 -11.8058 9.98087 77.9007 3.63319 -13 3378 1 0 1
7.98945 -10.6773 325.556 1.62704 -2.10756 68.6306 0.63458 -13 3379 1 0 1
-24.8985 -71.0497 325.556 -6.21591 -13.3053 68.9015 0.467744 -13 3380 1 0 1
20.3565 26.089 325.556 3.7568 3.38904 46.4894 1.78922 -13 3381 1 0 1
0.144858 12.2062 325.556 -0.0584284 2.21738 65.4886 0.957884 -13 3382 1 0 1
5.55019 -51.7507 325.556 1.20258 -8.27305 60.43 2.34709 -13 3383 1 0 1
-2.41954 -9.42419 325.556 -1.40734 -1.96907 80.0569 2.64274 -13 3384 1 0 1
23.506 -7.66384 325.556 5.19471 -1.28228 62.1364 5.44744 -13 3386 1 0 1
4.79296 -52.6992 325.556 0.90986 -10.659 69.2928 -0.23665 -13 3387 1 0 1
-66.4656 31.7249 325.556 -15.8174 5.26602 66.6801 1.89923 -13 3388 1 0 1
13.2026 14.8603 325.556 1.89177 1.58637 34.4368 2.34302 -13 3389 1 0 1
17.6335 -49.6087 325.556 3.48442 -6.86519 51.7586 1.52068 -13 3390 1 0 1
-32.5773 -22.4039 325.556 -6.42656 -3.42489 56.1422 3.53077 -13 3391 1 0 1
36.7078 0.649697 325.556 8.34678 -0.522789 64.0895 4.44993 -13 3392 1 0 1
38.7444 12.7874 325.556 9.08339 2.55745 68.6344 3.40141 -13 3393 1 0 1
46.895 36.7134 325.556 7.38286 3.94915 40.2427 3.4822 -13 3394 1 0 1
-29.8558 9.28008 325.556 -7.01347 1.56342 65.6635 1.45655 -13 3395 1 0 1
10.9648 34.5634 325.556 2.29507 4.70856 55.8971 3.80977 -13 3396 1 0 1
5.22486 0.964887 325.556 1.1072 0.965746 71.3484 2.28999 -13 3397 1 0 1
35.3822 0.407289 325.556 7.95567 0.00352593 62.848 1.14189 -13 3398 1 0 1
19.6741 25.2283 325.556 4.07128 3.65236 57.6279 0.738654 -13 3399 1 0 1
4.27769 21.3347 325.556 0.706126 4.22435 75.1546 2.01396 -13 3400 1 0 1
-2.85094 -20.7889 325.556 -0.138949 -2.35329 42.5504 1.32015 -13 3401 1 0 1
51.7857 -27.151 325.556 10.1465 -4.04743 53.6188 3.34198 -13 3402 1 0 1
12.202 49.9042 325.556 2.71143 10.2049 73.8361 2.90359 -13 3403 1 0 1
65.9186 -61.7076 325.556 11.0235 -6.83358 43.9336 2.70992 -13 3404 1 0 1
118.357 62.1303 325.556 22.403 8.25534 51.1795 2.66087 -13 3405 1 0 1
19.5517 14.3111 325.556 4.45305 2.64613 64.8407 2.18266 -13 3406 1 0 1
-41.9013 47.6286 325.556 -11.4831 10.3297 74.8194 0.83485 -13 3407 1 0 1
17.3737 18.8167 325.556 3.99016 3.07757 67.4916 2.26967 -13 3408 1 0 1
29.8501 14.4611 325.556 6.972 2.90894 68.6164 2.00364 -13 3409 1 0 1
97.2593 -59.9388 325.556 20.0256 -8.96323 57.0963 0.590548 -13 3410 1 0 1
-13.2605 47.0015 325.556 -2.92779 8.3652 61.825 4.19408 -13 3411 1 0 1
-11.486 -11.5208 325.556 -4.06511 -1.88835 80.2912 2.17503 -13 3412 1 0 1
6.06074 -35.4272 325.556 1.39977 -6.30551 63.074 2.07996 -13 3413 1 0 1
-84.5106 29.9358 325.556 -22.8627 6.45039 75.0802 2.02072 -13 3414 1 0 1
-116.373 -7.23765 325.556 -18.8979 -0.836589 43.4603 3.87819 -13 3415 1 0 1
98.9096 34.8938 325.556 21.0121 5.57701 59.3283 1.55391 -13 3416 1 0 1
-43.806 -34.6749 325.556 -8.61511 -5.18428 55.8514 0.852985 -13 3417 1 0 1
6.08965 -38.0403 325.556 1.36782 -7.30076 60.4374 1.02885 -13 3418 1 0 1
46.4252 -32.1463 325.556 9.88859 -5.12238 58.7264 2.26728 -13 3419 1 0 1
33.1932 22.8868 325.556 7.96916 4.77398 70.9178 3.44747 -13 3420 1 0 1
-22.5353 -51.2939 325.556 -3.59255 -6.68346 47.0782 3.43897 -13 3421 1 0 1
39.951 8.55393 325.556 6.24856 1.27201 39.9007 3.58951 -13 3423 1 0 1
-53.1657 -41.0511 325.556 -11.2691 -6.96284 59.5389 5.14219 -13 3424 1 0 1
-34.6812 -9.3393 325.556 -8.24864 -2.01525 66.9831 3.32944 -13 3425 1 0 1
79.5386 -14.7526 325.556 17.7908 -2.513 63.3621 2.41634 -13 3426 1 0 1
-2.87603 19.428 325.556 -0.555417 2.90737 60.2108 2.42686 -13 3427 1 0 1
-31.4257 -42.0774 325.556 -6.47751 -6.61228 57.9478 2.29233 -13 3428 1 0 1
75.4041 26.3059 325.556 15.4433 3.96666 56.1928 3.38088 -13 3429 1 0 1
-21.5648 -0.931117 325.556 -4.68722 -0.839152 61.3737 2.43583 -13 3430 1 0 1
-47.6679 26.9232 325.556 -4.58882 1.18451 24.4941 4.05538 -13 3431 1 0 1
-69.8098 5.9701 325.556 -17.0755 0.749738 68.6075 3.56021 -13 3432 1 0 1
39.8317 -41.4246 325.556 8.68032 -7.11303 60.2803 1.76561 -13 3433 1 0 1
48.1114 22.8123 325.556 11.2285 3.86497 67.7704 3.75518 -13 3434 1 0 1
-56.5407 56.2839 325.556 -11.4912 9.29306 56.9436 1.84756 -13 3435 1 0 1
-21.4153 9.93224 325.556 -5.82621 1.8913 73.3621 3.29192 -13 3436 1 0 1
-61.9489 16.6791 325.556 -15.2675 2.932 68.9661 1.03288 -13 3437 1 0 1
0.72148 37.4049 325.556 0.164499 6.66195 65.6957 4.1577 -13 3438 1 0 1
-22.9976 -79.2085 325.556 -3.68109 -9.65842 46.5155 0.683841 -13 3439 1 0 1
43.4291 -16.1616 325.556 9.19175 -2.7463 58.1219 1.8187 -13 3440 1 0 1
-53.1045 0.0419554 325.556 -11.3123 -0.27411 60.276 3.80388 -13 3441 1 0 1
5.61777 -18.316 325.556 1.2724 -2.73496 59.9517 0.46703 -13 3442 1 0 1
-136.623 7.4584 325.556 -7.34182 -0.148353 9.44448 10.5374 -13 3443 1 0 1
-86.389 -18.9183 325.556 -17.5146 -2.41285 56.6965 0.40524 -13 3444 1 0 1
44.6272 -67.0797 325.556 9.41625 -10.5196 58.3877 5.34246 -13 3445 1 0 1
50.6812 50.02 325.556 10.4288 8.27716 56.374 2.65228 -13 3446 1 0 1
5.86076 17.0901 325.556 1.27512 2.98052 66.566 3.93926 -13 3447 1 0 1
21.4577 -8.80969 325.556 3.72926 -1.12221 43.8418 4.91298 -13 3448 1 0 1
-6.5617 49.148 325.556 -2.17708 9.92204 74.2702 2.88613 -13 3449 1 0 1
-40.2837 -30.8337 325.556 -10.0979 -6.15204 69.8843 0.725642 -13 3451 1 0 1
44.4777 21.1438 325.556 8.33705 2.59483 50.4609 1.71643 -13 3452 1 0 1
-0.921457 29.3535 325.556 0.0741838 4.34143 51.6487 0.658475 -13 3453 1 0 1
2.26561 -57.7947 325.556 0.472509 -11.3554 65.2203 1.2281 -13 3454 1 0 1
20.7769 -114.579 325.556 4.36127 -17.8991 57.8006 2.47527 -13 3455 1 0 1
-20.0876 -56.7582 325.556 -5.2709 -11.4801 70.5576 1.45162 -13 3456 1 0 1
-7.38729 -16.9492 325.556 -1.53326 -2.99644 61.2169 2.27304 -13 3457 1 0 1
42.2308 -6.13626 325.556 9.7399 -1.55448 66.6603 3.75229 -13 3458 1 0 1
-40.6346 30.4239 325.556 -10.3905 6.2573 70.9881 3.3374 -13 3459 1 0 1
0.875717 21.5385 325.556 0.201611 3.43428 59.7373 0.86661 -13 3460 1 0 1
-69.385 -13.9244 325.556 -18.8509 -2.9005 75.4738 3.04037 -13 3461 1 0 1
102.491 -13.1525 325.556 17.623 -1.38055 45.5745 2.18406 -13 3462 1 0 1
20.6949 -3.93242 325.556 4.72079 -0.475357 68.1835 2.66116 -13 3463 1 0 1
54.2755 -12.4166 325.556 11.3063 -2.09905 57.2001 0.711565 -13 3464 1 0 1
37.3633 -3.33288 325.556 8.0712 0.0763652 61.0656 3.22488 -13 3465 1 0 1
22.7372 9.59179 325.556 2.70352 0.641681 27.8596 2.91364 -13 3466 1 0 1
-17.0638 33.8595 325.556 -5.48506 7.66175 79.8719 1.0927 -13 3467 1 0 1
0.493322 -7.29761 325.556 0.15385 -1.22214 61.5486 -0.312382 -13 3468 1 0 1
17.8915 18.8778 325.556 1.76839 0.736659 21.1886 6.27835 -13 3469 1 0 1
104.365 -11.0421 325.556 20.9345 -1.35567 54.7205 4.30982 -13 3470 1 0 1
-39.5343 31.3861 325.556 -6.37299 3.89072 45.7082 2.77427 -13 3471 1 0 1
60.6426 -1.21919 325.556 10.3371 -0.420431 45.2449 4.27508 -13 3472 1 0 1
-44.4801 22.6685 325.556 -9.96474 4.18566 63.0674 1.68767 -13 3473 1 0 1
112.265 51.9475 325.556 23.2639 7.73184 57.3979 3.29683 -13 3474 1 0 1
-17.1713 -33.188 325.556 -2.9254 -4.36405 51.1754 2.18754 -13 3475 1 0 1
34.3931 4.98551 325.556 5.43058 0.660111 40.0586 2.63715 -13 3477 1 0 1
43.1468 13.3762 325.556 9.4143 2.50876 60.8781 1.0897 -13 3478 1 0 1
5.98644 13.5795 325.556 1.36423 2.50066 66.3283 2.78064 -13 3480 1 0 1
28.3414 54.8645 325.556 6.23049 9.13479 61.6553 4.043 -13 3481 1 0 1
98.1269 -79.0518 325.556 19.0276 -10.7812 53.0235 2.24197 -13 3482 1 0 1
-52.4877 -54.4951 325.556 -11.3136 -9.28426 60.8581 1.06529 -13 3483 1 0 1
36.4851 -1.16514 325.556 6.16011 0.034689 43.8508 3.39654 -13 3484 1 0 1
-35.6687 53.7158 325.556 -9.25037 11.1892 71.6911 2.59207 -13 3485 1 0 1
1.3195 27.4536 325.556 0.142471 5.63529 70.0506 1.48783 -13 3486 1 0 1
-73.125 10.6835 325.556 -10.8633 0.88343 40.1896 2.27168 -13 3487 1 0 1
0.631595 -8.01638 325.556 -0.395264 -1.59197 78.117 0.452383 -13 3488 1 0 1
-57.4989 -67.8016 325.556 -11.3512 -10.1895 55.4668 2.18425 -13 3489 1 0 1
-40.692 32.8582 325.556 -11.5628 8.16529 77.0923 0.564819 -13 3491 1 0 1
-39.9457 -8.72269 325.556 -9.70159 -1.88631 68.0821 0.487971 -13 3492 1 0 1
-0.752983 -17.6091 325.556 -0.203747 -2.46279 63.3708 1.2365 -13 3493 1 0 1
-44.4297 39.1399 325.556 -9.46763 6.19269 60.4326 1.96807 -13 3494 1 0 1
-4.93052 -25.2469 325.556 -1.19604 -5.22514 66.0305 2.08015 -13 3495 1 0 1
34.8422 7.27006 325.556 8.60263 1.57033 73.3995 -0.489539 -13 3496 1 0 1
-12.7177 31.4587 325.556 -2.79742 5.55185 62.9794 0.714223 -13 3497 1 0 1
91.1251 10.4816 325.556 16.306 1.05741 47.9264 1.91283 -13 3498 1 0 1
28.6905 11.4144 325.556 6.58799 2.58871 65.5185 1.10643 -13 3499 1 0 1
-39.1691 0.349631 325.556 -8.01324 0.237448 57.6212 2.06199 -13 3500 1 0 1
4.45965 19.4389 325.556 0.665031 4.15879 75.3978 2.43437 -13 3501 1 0 1
34.7117 19.4563 325.556 7.00561 2.44732 54.522 -0.51244 -13 3502 1 0 1
26.3375 61.9934 325.556 5.75295 10.4489 58.6705 1.35253 -13 3503 1 0 1
-29.0508 -10.6462 325.556 -6.81673 -1.75739 65.7991 1.97054 -13 3504 1 0 1
-52.6053 26.3805 325.556 -14.5653 5.86832 76.1698 -0.539317 -13 3505 1 0 1
-12.4606 87.426 325.556 -3.38881 17.3978 70.4158 1.17005 -13 3506 1 0 1
41.8462 -36.2043 325.556 9.60689 -6.72376 66.3737 1.69717 -13 3507 1 0 1
32.3894 26.1654 325.556 7.22823 4.56793 62.5211 1.39563 -13 3508 1 0 1
19.2791 18.1179 325.556 4.6008 3.50321 73.2457 4.12851 -13 3509 1 0 1
41.7027 26.0942 325.556 9.54158 4.36465 65.4354 3.21417 -13 3510 1 0 1
17.6142 0.722024 325.556 3.96966 0.130727 64.8889 2.87465 -13 3511 1 0 1
10.3535 -8.84457 325.556 2.40965 -1.14327 59.5071 1.86181 -13 3512 1 0 1
-71.4916 49.2051 325.556 -16.0731 8.44065 62.9244 3.02645 -13 3513 1 0 1
-52.7736 26.5725 325.556 -12.0583 4.86569 64.1785 2.86207 -13 3514 1 0 1
-26.9278 20.3511 325.556 -5.9747 3.64336 62.7533 2.85525 -13 3515 1 0 1
-15.8295 -79.4175 325.556 -3.14062 -12.7773 57.2359 1.34567 -13 3517 1 0 1
39.5642 -21.2509 325.556 9.52616 -4.2215 71.5316 2.05859 -13 3518 1 0 1
45.2629 -9.0532 325.556 10.2667 -2.04057 64.4107 1.15542 -13 3520 1 0 1
1.08428 -14.8683 325.556 0.319341 -2.8402 59.3182 1.46568 -13 3521 1 0 1
-85.8079 -75.5948 325.556 -17.0086 -11.3351 54.9637 1.5061 -13 3522 1 0 1
4.55671 -21.1226 325.556 1.08948 -2.68902 54.5051 1.89136 -13 3523 1 0 1
33.3363 48.6645 325.556 7.69222 9.05069 67.179 1.81496 -13 3524 1 0 1
-4.04887 -43.0442 325.556 -1.06773 -8.57777 66.6092 5.97656 -13 3525 1 0 1
-54.3747 22.7436 325.556 -12.7284 3.99121 65.6209 3.91737 -13 3526 1 0 1
-31.1323 41.2703 325.556 -5.42261 6.14408 49.8425 5.14196 -13 3527 1 0 1
-30.7718 48.1367 325.556 -7.71263 9.43723 69.4099 1.05232 -13 3528 1 0 1
-35.4571 -39.9155 325.556 -6.24449 -5.5566 50.037 2.70003 -13 3529 1 0 1
33.7754 -21.8772 325.556 7.89535 -4.25847 68.8398 1.8709 -13 3530 1 0 1
101.996 88.7306 325.556 22.6276 15.312 62.5596 0.201173 -13 3531 1 0 1
68.2752 15.0594 325.556 12.3248 2.17561 48.413 2.32657 -13 3532 1 0 1
-9.50647 28.6183 325.556 -2.51333 5.6738 69.5884 3.06969 -13 3533 1 0 1
24.5555 -32.4575 325.556 5.45444 -5.62731 63.6108 -0.0775682 -13 3534 1 0 1
-14.0834 -60.2101 325.556 -2.72569 -9.03843 55.2197 1.59111 -13 3535 1 0 1
11.183 -24.0471 325.556 2.48617 -4.11902 69.2284 -0.120206 -13 3536 1 0 1
4.69488 4.33694 325.556 1.17348 0.387485 62.123 1.37135 -13 3537 1 0 1
-42.7459 -53.465 325.556 -10.6523 -10.77 69.4059 1.07977 -13 3538 1 0 1
-64.2438 -12.0243 325.556 -13.4321 -1.84603 58.6004 0.96257 -13 3539 1 0 1
14.9173 84.7531 325.556 2.63435 9.54147 43.5854 5.11767 -13 3540 1 0 1
28.1043 61.2979 325.556 5.67129 9.1984 54.8884 1.3184 -13 3541 1 0 1
58.1236 53.6564 325.556 9.01519 5.30362 39.7606 2.87193 -13 3542 1 0 1
7.85285 1.91808 325.556 1.75719 0.484968 57.113 -0.0839224 -13 3543 1 0 1
-28.223 2.0108 325.556 -5.24674 0.203949 54.2455 2.1227 -13 3544 1 0 1
-46.4296 78.3117 325.556 -9.88742 12.7482 59.7947 3.84965 -13 3545 1 0 1
28.9136 17.1274 325.556 6.17099 2.77522 57.4488 0.309084 -13 3546 1 0 1
-19.7967 -52.2238 325.556 -4.26449 -8.88951 60.9907 3.22195 -13 3547 1 0 1
39.3518 -36.9731 325.556 7.54239 -5.01603 51.8754 3.26662 -13 3548 1 0 1
59.1054 3.49381 325.556 12.6829 0.75291 59.8325 1.29823 -13 3549 1 0 1
35.7358 1.50191 325.556 8.64385 0.636592 70.3803 2.54152 -13 3550 1 0 1
21.8079 -25.6921 325.556 4.55605 -3.95152 55.9499 0.112227 -13 3551 1 0 1
-56.8321 37.5014 325.556 -13.9608 7.64221 69.0598 0.234959 -13 3552 1 0 1
-3.42338 -42.5439 325.556 -1.48494 -8.78914 77.4316 2.52239 -13 3553 1 0 1
-51.3385 -27.3382 325.556 -12.4988 -5.08976 68.076 1.46826 -13 3554 1 0 1
-25.8486 22.3317 325.556 -5.77953 4.55365 64.1534 0.383917 -13 3555 1 0 1
-35.8234 20.8082 325.556 -8.61045 4.3743 67.4609 0.503736 -13 3556 1 0 1
-38.7426 -38.485 325.556 -6.34572 -4.40906 45.98 4.10677 -13 3557 1 0 1
-3.52524 -2.39714 325.556 -0.482595 0.0340221 54.8375 3.9127 -13 3558 1 0 1
-22.4538 -58.1826 325.556 -5.86757 -11.5406 70.2444 4.00986 -13 3559 1 0 1
-59.2276 67.2351 325.556 -14.513 12.6442 68.6631 2.74397 -13 3560 1 0 1
-54.2862 13.2715 325.556 -15.6932 2.49485 78.2483 1.02334 -13 3561 1 0 1
35.2915 25.4225 325.556 8.26984 5.65134 68.698 3.03329 -13 3562 1 0 1
-3.62274 20.5862 325.556 -0.588374 3.14408 53.5556 2.88405 -13 3563 1 0 1
34.5589 -22.967 325.556 8.04296 -4.79661 67.4012 1.04275 -13 3564 1 0 1
-26.8188 -8.09478 325.556 -6.7228 -1.70381 69.661 3.55114 -13 3565 1 0 1
-36.4729 16.8341 325.556 -8.97879 2.9129 68.7796 3.34111 -13 3566 1 0 1
-173.054 43.3671 325.556 -31.1434 5.48683 47.3314 2.43834 -13 3567 1 0 1
40.4185 11.612 325.556 8.69367 1.70003 59.7901 1.93924 -13 3568 1 0 1
26.258 -4.53504 325.556 6.42966 -1.14217 76.0944 0.175567 -13 3569 1 0 1
-43.6851 61.4873 325.556 -10.6823 11.2507 68.4293 2.452 -13 3570 1 0 1
-10.2759 -5.04725 325.556 -2.76858 -0.907376 70.369 2.31813 -13 3571 1 0 1
-66.1651 12.1794 325.556 -18.8677 2.81623 78.1603 2.15218 -13 3572 1 0 1
85.1151 -107.027 325.556 15.36 -13.2551 48.5187 3.0692 -13 3574 1 0 1
-7.12908 -68.956 325.556 -1.18469 -9.17787 50.9273 4.05533 -13 3575 1 0 1
-45.5047 0.49472 325.556 -11.2485 -0.352218 68.86 2.95558 -13 3576 1 0 1
66.8558 83.1637 325.556 13.802 12.7422 56.4199 0.208938 -13 3577 1 0 1
-24.7206 8.58817 325.556 -6.19286 1.90175 68.6816 1.87233 -13 3578 1 0 1
10.6467 -14.241 325.556 1.8395 -1.61017 39.8395 3.35988 -13 3579 1 0 1
50.6445 45.4874 325.556 12.0262 8.71126 68.8881 2.76404 -13 3580 1 0 1
7.40079 -51.817 325.556 1.32334 -12.4619 79.9824 1.07144 -13 3581 1 0 1
34.4952 -19.451 325.556 7.18825 -3.42536 56.3896 2.60349 -13 3582 1 0 1
-4.80798 20.0835 325.556 -1.60454 3.91415 72.7997 2.52629 -13 3583 1 0 1
-12.2467 29.979 325.556 -2.75773 5.4415 62.8225 1.27106 -13 3584 1 0 1
-1.86415 -13.0186 325.556 -0.596154 -2.68828 68.5609 3.5567 -13 3585 1 0 1
-1.87651 42.859 325.556 -1.21384 9.47213 78.2425 0.494099 -13 3586 1 0 1
-52.9022 -46.9059 325.556 -13.6136 -10.2864 71.8212 2.23367 -13 3587 1 0 1
20.4785 19.9229 325.556 4.07352 2.42191 53.0358 0.780274 -13 3588 1 0 1
-18.513 -19.0199 325.556 -4.12321 -3.63088 63.4478 4.33425 -13 3589 1 0 1
-39.5953 -48.55 325.556 -9.48067 -9.85989 67.2924 2.64586 -13 3590 1 0 1
-31.9532 5.19491 325.556 -8.33783 1.03103 72.2976 1.45584 -13 3591 1 0 1
-45.9114 -52.5058 325.556 -13.1327 -11.7219 78.2068 0.95255 -13 3592 1 0 1
14.2794 -19.6388 325.556 2.56301 -2.24081 45.6872 3.64486 -13 3593 1 0 1
100.661 1.66478 325.556 21.9428 -0.265854 60.699 2.4589 -13 3594 1 0 1
57.4284 17.2693 325.556 10.6877 1.60258 50.6352 2.7935 -13 3595 1 0 1
-36.4772 -32.0263 325.556 -7.85665 -5.85204 60.9547 3.2273 -13 3596 1 0 1
63.7201 8.17144 325.556 10.6691 1.02761 43.5804 3.34437 -13 3597 1 0 1
21.4498 43.2086 325.556 4.96821 8.44881 69.1978 3.32154 -13 3598 1 0 1
22.0988 -4.57794 325.556 5.19375 -0.711017 72.079 3.82692 -13 3599 1 0 1
-19.2644 -5.4487 325.556 -3.69242 -0.962692 56.518 2.41252 -13 3600 1 0 1
0.527598 -2.97868 325.556 -0.106821 -0.808044 71.2972 0.91862 -13 3601 1 0 1
-72.4452 -44.7023 325.556 -13.3044 -5.3604 50.9016 2.22635 -13 3602 1 0 1
52.4448 -28.0145 325.556 11.7545 -4.93541 63.2184 1.99717 -13 3603 1 0 1
47.8731 59.1744 325.556 11.2551 11.6211 67.8772 1.36281 -13 3604 1 0 1
-34.8039 -62.0382 325.556 -9.43925 -12.8014 73.9173 3.25363 -13 3605 1 0 1
10.2093 -44.2396 325.556 2.24436 -7.06756 63.0744 2.48576 -13 3606 1 0 1
37.127 -38.422 325.556 8.14157 -7.37359 62.7106 4.49194 -13 3607 1 0 1
-51.5388 17.6103 325.556 -11.4852 2.68427 62.2916 1.68477 -13 3608 1 0 1
0.540899 26.2134 325.556 -0.487511 6.22732 75.3663 -0.0196683 -13 3609 1 0 1
47.7164 15.3736 325.556 11.0866 2.58906 66.9199 3.02939 -13 3610 1 0 1
46.0751 -50.1752 325.556 8.60431 -6.74176 49.6049 2.53636 -13 3611 1 0 1
24.5478 59.157 325.556 5.49983 10.9137 65.2656 2.11927 -13 3612 1 0 1
-25.1514 50.0639 325.556 -6.79419 11.1577 73.4617 2.48365 -13 3613 1 0 1
27.4257 -24.6347 325.556 6.57792 -4.49522 70.5194 1.2621 -13 3614 1 0 1
37.6886 -7.21507 325.556 9.37376 -2.14648 75.4299 2.67276 -13 3615 1 0 1
5.81404 -39.114 325.556 0.983052 -9.17928 75.1059 1.08007 -13 3616 1 0 1
43.6712 7.67099 325.556 9.75644 1.81787 63.7542 4.81962 -13 3617 1 0 1
-1.91954 -42.7674 325.556 -0.58203 -8.08366 68.3833 1.82488 -13 3618 1 0 1
74.0528 10.1178 325.556 16.3885 2.03796 62.0646 1.30737 -13 3619 1 0 1
36.7698 30.8793 325.556 7.89752 4.81062 58.3023 0.477699 -13 3620 1 0 1
-6.14452 24.7793 325.556 -1.47592 4.42989 65.9403 2.05289 -13 3621 1 0 1
-28.9335 12.9394 325.556 -7.53282 2.23838 71.6197 1.6581 -13 3622 1 0 1
-10.8705 81.7482 325.556 -1.78568 11.4576 52.4288 1.59936 -13 3623 1 0 1
61.6281 -35.3043 325.556 13.3589 -5.83817 60.8854 3.72708 -13 3624 1 0 1
-56.3892 22.8418 325.556 -16.0132 5.69238 77.0455 2.2806 -13 3625 1 0 1
24.4234 20.4384 325.556 5.63306 4.23035 66.5563 0.397183 -13 3626 1 0 1
37.8545 -0.641604 325.556 7.57857 0.462938 53.6376 2.395 -13 3627 1 0 1
15.5167 -32.9016 325.556 2.86986 -3.99465 47.0088 3.86636 -13 3628 1 0 1
15.2662 9.31292 325.556 3.54399 1.87897 75.2891 2.42972 -13 3629 1 0 1
-49.0678 6.38347 325.556 -7.60474 0.654448 43.1961 2.44912 -13 3631 1 0 1
23.8935 -19.3311 325.556 4.41787 -2.66246 48.7609 3.03764 -13 3632 1 0 1
30.7828 -15.19 325.556 7.44194 -3.06664 71.7233 2.39205 -13 3634 1 0 1
16.1844 31.9979 325.556 3.64636 7.53334 75.1496 3.0401 -13 3635 1 0 1
-73.5796 8.3513 325.556 -16.5771 1.75684 63.1041 -0.383509 -13 3639 1 0 1
-100.03 -59.4172 325.556 -21.1067 -9.87283 58.5729 3.61584 -13 3640 1 0 1
46.227 39.768 325.556 8.9325 5.59261 51.6615 3.23036 -13 3641 1 0 1
18.6328 -47.7497 325.556 4.27718 -9.35429 69.5551 1.95466 -13 3642 1 0 1
-98.1574 6.52681 325.556 -23.5321 1.7546 66.8077 2.39666 -13 3643 1 0 1
72.5465 -14.1183 325.556 14.1442 -1.83076 53.1512 1.26266 -13 3644 1 0 1
37.8305 -4.71521 325.556 8.6668 -1.05562 65.623 1.04475 -13 3645 1 0 1
-95.1883 70.1042 325.556 -19.2012 11.0924 55.8845 3.79183 -13 3647 1 0 1
-49.2968 -35.17 325.556 -11.8892 -6.86726 68.0254 2.24555 -13 3648 1 0 1
-4.64793 19.8928 325.556 -0.794625 3.17075 58.6898 3.1379 -13 3649 1 0 1
-36.5666 -52.9332 325.556 -8.96333 -9.86433 68.2718 2.66716 -13 3650 1 0 1
29.5323 16.1249 325.556 5.10853 1.6858 43.9772 2.40779 -13 3651 1 0 1
-111.937 2.06698 325.556 -24.7674 0.712762 61.1959 1.44389 -13 3652 1 0 1
20.759 20.7504 325.556 4.86519 4.16034 66.9862 0.634634 -13 3653 1 0 1
-32.7308 42.0587 325.556 -5.72874 6.22653 49.7209 1.22044 -13 3654 1 0 1
35.8396 -3.04422 325.556 7.32462 -0.924827 54.5079 1.71493 -13 3655 1 0 1
38.5512 45.6939 325.556 8.18928 7.47469 58.496 0.541344 -13 3656 1 0 1
-1.51028 2.97597 325.556 -0.153535 0.598347 56.3743 1.33578 -13 3657 1 0 1
-12.7005 22.4167 325.556 -3.51951 4.16101 71.7302 2.96736 -13 3658 1 0 1
21.3187 -20.7196 325.556 4.73216 -2.76158 62.4381 2.60098 -13 3659 1 0 1
23.2756 20.2927 325.556 5.4111 3.48436 67.6724 2.94901 -13 3660 1 0 1
-39.9227 38.8958 325.556 -8.14003 6.18335 57.8312 2.75358 -13 3661 1 0 1
30.5766 -9.0379 325.556 7.05112 -2.03535 64.9924 2.60407 -13 3662 1 0 1
-0.590323 49.0565 325.556 -0.178196 8.57182 63.7954 3.17266 -13 3663 1 0 1
-47.0406 -49.1561 325.556 -10.6708 -8.35079 63.4739 0.61228 -13 3664 1 0 1
29.871 -45.2749 325.556 6.22952 -7.49429 57.6441 1.78872 -13 3665 1 0 1
94.7519 -51.0911 325.556 13.4471 -4.41526 36.0743 3.01911 -13 3666 1 0 1
-40.6719 23.8732 325.556 -8.44508 3.46458 58.7121 2.16953 -13 3667 1 0 1
-0.658375 4.38308 325.556 -0.0397985 0.759655 60.5372 2.40867 -13 3668 1 0 1
-24.3713 3.69214 325.556 -6.63967 0.920112 72.9057 1.7254 -13 3669 1 0 1
32.3842 39.4459 325.556 7.32702 7.70302 65.3641 3.4296 -13 3670 1 0 1
-36.7309 -69.5484 325.556 -8.71471 -12.933 66.4577 3.03957 -13 3671 1 0 1
-27.4804 -6.92405 325.556 -6.95745 -1.1379 69.672 2.1699 -13 3672 1 0 1
-25.0452 -5.51286 325.556 -5.71915 -0.767764 63.857 1.35155 -13 3673 1 0 1
-46.0868 -40.3988 325.556 -11.0817 -7.6473 67.2532 2.74872 -13 3674 1 0 1
-5.96292 14.4862 325.556 -1.17456 2.91417 62.0861 1.01963 -13 3675 1 0 1
-74.0012 32.3196 325.556 -17.4781 5.6357 66.3192 1.35826 -13 3676 1 0 1
-63.6278 -16.3422 325.556 -15.0714 -3.06424 66.5456 1.53963 -13 3677 1 0 1
-13.3406 6.23595 325.556 -3.08323 1.35061 65.3153 1.90682 -13 3678 1 0 1
5.8884 -44.5992 325.556 1.36514 -8.33418 64.6557 3.09828 -13 3679 1 0 1
-49.0239 -95.314 325.556 -10.2512 -15.3712 58.4696 0.893498 -13 3680 1 0 1
-55.791 35.4961 325.556 -12.4171 5.68892 62.8832 3.49316 -13 3681 1 0 1
-16.7021 -4.30382 325.556 -4.49116 -1.18535 71.5764 2.07171 -13 3682 1 0 1
-36.3722 -31.6836 325.556 -8.64434 -5.54724 66.5719 1.76449 -13 3683 1 0 1
-28.8314 -29.2041 325.556 -6.45057 -5.37012 63.5749 4.04281 -13 3684 1 0 1
6.35737 -3.19214 325.556 1.30064 -0.121926 68.7092 2.39132 -13 3685 1 0 1
-35.4171 -24.7164 325.556 -8.20614 -4.7039 65.3509 1.49254 -13 3686 1 0 1
-47.7441 -25.6275 325.556 -9.6214 -3.97617 56.7231 0.677239 -13 3687 1 0 1
53.3949 61.8645 325.556 7.53971 5.34904 35.477 3.48969 -13 3689 1 0 1
14.1317 -18.1089 325.556 3.14432 -4.00406 65.73 3.87977 -13 3690 1 0 1
-31.8845 -19.5159 325.556 -4.27385 -1.84708 37.7192 3.13249 -13 3691 1 0 1
-42.4022 61.4935 325.556 -8.69752 10.2101 57.7437 3.61266 -13 3692 1 0 1
50.8238 4.07723 325.556 12.2056 1.13666 70.052 1.85472 -13 3693 1 0 1
-28.4884 -7.81729 325.556 -6.21441 -1.1828 61.3552 3.21847 -13 3694 1 0 1
-25.0748 -51.2469 325.556 -5.95925 -9.46872 66.1162 4.0548 -13 3695 1 0 1
-19.0038 -72.8975 325.556 -5.83293 -16.4261 77.0737 1.95941 -13 3696 1 0 1
56.9 -11.0184 325.556 15.1263 -2.17236 80.8999 0.908647 -13 3697 1 0 1
20.5599 0.48852 325.556 4.94205 0.411563 71.5748 2.80678 -13 3698 1 0 1
31.2005 -26.1364 325.556 7.04827 -4.50398 62.5784 0.472571 -13 3699 1 0 1
20.4501 -12.4641 325.556 4.11151 -2.02 52.814 2.33399 -13 3700 1 0 1
81.6247 21.7688 325.556 14.4628 3.01407 47.2862 2.78244 -13 3701 1 0 1
-21.1589 18.5829 325.556 -4.35204 3.08704 59.7091 2.80687 -13 3702 1 0 1
-13.4365 34.4739 325.556 -3.38205 6.69294 68.7948 2.73944 -13 3703 1 0 1
-16.1676 23.799 325.556 -1.0356 0.518321 14.888 6.7548 -13 3704 1 0 1
-15.2339 -47.4288 325.556 -4.5718 -10.3593 76.15 0.839557 -13 3705 1 0 1
39.1974 -23.2085 325.556 9.97396 -5.93239 79.3592 0.107135 -13 3706 1 0 1
-36.969 1.68276 325.556 -7.91316 0.376941 60.4259 4.04803 -13 3707 1 0 1
20.9101 -1.56538 325.556 4.73169 -0.0929926 63.444 5.62804 -13 3708 1 0 1
42.3146 -71.0243 325.556 9.84462 -13.4508 67.9105 2.55367 -13 3709 1 0 1
29.6456 -22.1575 325.556 7.20945 -4.80077 75.4047 3.28159 -13 3711 1 0 1
-21.1906 31.9825 325.556 -5.10474 5.94103 67.0877 1.37185 -13 3712 1 0 1
70.14 -53.7902 325.556 16.5276 -10.3068 67.4849 1.54989 -13 3713 1 0 1
16.77 -37.8095 325.556 3.76174 -6.63307 62.5093 3.34271 -13 3714 1 0 1
55.585 -37.483 325.556 11.4259 -5.82874 56.9684 1.6921 -13 3715 1 0 1
-45.1404 2.35987 325.556 -8.10552 -0.0922058 50.9399 2.45905 -13 3716 1 0 1
-37.7491 -53.7511 325.556 -8.61784 -10.0432 64.0017 4.3814 -13 3717 1 0 1
35.135 -32.4182 325.556 6.96916 -5.05148 53.6999 -0.0167032 -13 3718 1 0 1
17.7464 -16.71 325.556 4.032 -2.79917 62.0214 3.77616 -13 3719 1 0 1
19.1212 39.6065 325.556 4.46364 7.65819 68.9889 4.54473 -13 3720 1 0 1
-3.52146 -19.1971 325.556 -0.497623 -2.80679 52.0085 4.95184 -13 3721 1 0 1
-1.83108 -35.7507 325.556 -0.274415 -6.38632 59.5923 1.70751 -13 3722 1 0 1
-52.2982 27.0828 325.556 -14.3622 6.37255 75.9007 2.24643 -13 3723 1 0 1
89.8845 -37.7119 325.556 18.4866 -6.09226 56.779 2.0777 -13 3724 1 0 1
31.3026 -0.0991728 325.556 6.88908 -0.0835606 61.8479 2.02473 -13 3725 1 0 1
-13.5546 -14.8066 325.556 -3.27602 -3.01653 67.2725 2.9842 -13 3726 1 0 1
-11.9844 -32.6865 325.556 -2.55442 -4.6357 60.8971 1.66375 -13 3727 1 0 1
-3.34338 -8.28349 325.556 -1.04704 -1.29727 70.562 0.897915 -13 3728 1 0 1
-3.63741 -12.2674 325.556 -1.04869 -2.56466 69.1093 3.35904 -13 3729 1 0 1
-39.6536 -67.7487 325.556 -11.3393 -14.6566 76.7313 2.11734 -13 3730 1 0 1
34.1922 -74.5234 325.556 6.85857 -11.0043 55.211 1.50977 -13 3731 1 0 1
48.756 -26.1525 325.556 8.42281 -3.45431 45.641 2.22114 -13 3732 1 0 1
23.1638 3.96984 325.556 5.14744 0.656152 63.1779 3.20533 -13 3733 1 0 1
-15.1978 10.0161 325.556 -3.5945 2.04963 65.5889 2.36429 -13 3734 1 0 1
32.8953 -18.9287 325.556 7.71337 -4.17228 68.7143 1.34014 -13 3735 1 0 1
-30.266 11.2872 325.556 -6.43094 1.72182 59.8859 1.76227 -13 3736 1 0 1
-47.9019 -20.0823 325.556 -13.8838 -4.01394 78.3256 0.906751 -13 3738 1 0 1
-2.51089 -20.4788 325.556 -1.37784 -4.9377 78.7944 4.1637 -13 3739 1 0 1
-31.7827 -21.0515 325.556 -5.50718 -3.26458 49.7482 2.54062 -13 3740 1 0 1
-42.9678 -30.0006 325.556 -11.5555 -6.24088 74.4347 1.57162 -13 3741 1 0 1
24.9162 -59.1817 325.556 5.56615 -10.4646 63.6493 2.57272 -13 3742 1 0 1
-35.09 31.4112 325.556 -8.25807 6.10001 65.7332 3.10103 -13 3743 1 0 1
72.6824 13.4513 325.556 15.1137 2.38178 58.0934 1.96491 -13 3744 1 0 1
-6.89307 36.8361 325.556 -0.508434 2.56203 30.6215 5.36264 -13 3745 1 0 1
-38.0303 -31.1355 325.556 -8.37304 -5.40621 62.733 0.866962 -13 3746 1 0 1
5.82102 -12.3778 325.556 1.3263 -1.74729 50.9662 0.379559 -13 3747 1 0 1
28.1478 2.41062 325.556 6.57447 0.796372 67.9196 1.29217 -13 3748 1 0 1
7.26975 11.7362 325.556 1.5958 1.42887 58.8726 1.89813 -13 3749 1 0 1
8.08595 34.9305 325.556 1.77743 6.29609 60.495 1.43337 -13 3750 1 0 1
-21.6985 -22.141 325.556 -4.6084 -3.71557 61.584 2.30291 -13 3751 1 0 1
-78.3211 -58.3363 325.556 -16.3033 -9.39488 58.0111 3.35552 -13 3752 1 0 1
-79.7005 12.8719 325.556 -21.937 2.79881 76.4485 2.42618 -13 3753 1 0 1
-81.4705 31.0582 325.556 -20.5791 6.50639 70.5372 2.02989 -13 3754 1 0 1
-24.652 7.06719 325.556 -6.3243 1.62932 69.611 0.868285 -13 3755 1 0 1
10.7738 30.6169 325.556 2.11954 6.66817 79.2094 2.62672 -13 3756 1 0 1
86.8683 -13.0706 325.556 18.4727 -1.67483 59.3504 0.387979 -13 3757 1 0 1
-17.3688 12.6733 325.556 -3.13317 1.87878 54.4935 3.66566 -13 3758 1 0 1
36.7364 18.3094 325.556 8.58552 3.51721 67.4138 0.662611 -13 3759 1 0 1
47.4588 5.9658 325.556 8.67438 0.338567 48.3018 3.60093 -13 3760 1 0 1
-27.5001 -14.0338 325.556 -6.71177 -2.44889 68.019 1.19161 -13 3761 1 0 1
4.25931 50.626 325.556 0.723417 10.1726 72.7982 2.32563 -13 3762 1 0 1
20.3326 8.06442 325.556 4.61425 1.74941 64.1491 0.728501 -13 3763 1 0 1
-8.30934 37.2621 325.556 -2.17858 7.81529 68.2999 1.98771 -13 3764 1 0 1
-13.4979 89.2853 325.556 -3.06752 15.8736 64.0682 3.74336 -13 3765 1 0 1
42.0147 -37.7369 325.556 8.87429 -6.32009 58.073 2.18903 -13 3766 1 0 1
-66.9639 -8.56741 325.556 -16.3564 -2.21322 68.372 1.65044 -13 3767 1 0 1
96.7895 8.12821 325.556 16.0494 1.36068 43.8534 1.89467 -13 3768 1 0 1
-14.6732 12.2032 325.556 -2.49457 1.84698 51.7782 0.825979 -13 3769 1 0 1
-7.05635 30.6303 325.556 -1.45041 5.45909 62.6403 -0.383993 -13 3770 1 0 1
24.2449 23.4418 325.556 5.33362 4.08575 60.9261 2.64004 -13 3771 1 0 1
43.1366 3.4701 325.556 8.69683 0.757616 54.0644 1.81801 -13 3772 1 0 1
-115.716 224.03 325.556 -6.27136 -2.09906 11.5371 11.3949 -13 3773 1 0 1
-21.3649 -115.03 325.556 -4.18551 -17.2962 56.7805 1.39515 -13 3774 1 0 1
-36.5525 -25.1161 325.556 -7.24252 -3.61068 56.9982 1.84623 -13 3775 1 0 1
41.6946 -5.18821 325.556 7.73968 -0.629588 49.5311 3.8275 -13 3776 1 0 1
-56.1023 -22.1478 325.556 -12.2854 -3.93271 61.3832 3.40572 -13 3777 1 0 1
-4.19969 43.5397 325.556 -1.46244 9.17058 73.3234 1.21081 -13 3778 1 0 1
22.2033 17.9653 325.556 4.50707 3.11346 54.5165 2.32481 -13 3779 1 0 1
48.8613 -42.8258 325.556 9.61518 -6.32045 53.6116 3.03243 -13 3780 1 0 1
-9.14335 23.3487 325.556 -1.81635 3.94997 58.7673 1.14567 -13 3781 1 0 1
-1.90096 16.4699 325.556 -0.633059 3.65405 68.9452 2.18561 -13 3782 1 0 1
-29.1995 -57.0074 325.556 -6.958 -10.9952 66.1066 1.0442 -13 3783 1 0 1
28.2402 17.7726 325.556 6.49411 3.29453 64.5422 0.366436 -13 3784 1 0 1
-8.7074 13.2955 325.556 -1.99699 2.70689 64.2771 0.821795 -13 3785 1 0 1
-35.6038 -40.3747 325.556 -8.58878 -7.25269 67.5371 0.558054 -13 3786 1 0 1
1.02878 42.376 325.556 -0.0738964 8.36645 73.6866 3.42691 -13 3787 1 0 1
27.7541 5.40722 325.556 6.10493 1.0537 63.134 2.96432 -13 3788 1 0 1
-45.1676 3.83377 325.556 -11.3976 0.92406 70.5851 2.62416 -13 3789 1 0 1
-29.0063 56.8647 325.556 -6.46082 9.89316 62.8143 4.34813 -13 3791 1 0 1
11.4015 -64.2186 325.556 1.64688 -4.97395 32.2874 3.66193 -13 3792 1 0 1
-71.5753 10.6886 325.556 -16.171 1.61717 63.5344 2.79746 -13 3794 1 0 1
-63.6776 16.0682 325.556 -12.6182 2.80685 55.7825 2.99058 -13 3795 1 0 1
-75.2769 -15.6491 325.556 -15.8831 -2.52692 58.971 3.11696 -13 3796 1 0 1
26.2613 -8.22927 325.556 5.7366 -1.22547 61.271 3.21406 -13 3797 1 0 1
-9.41727 51.1786 325.556 -3.49032 12.3795 77.9473 3.46003 -13 3798 1 0 1
-22.0165 -34.9472 325.556 -5.24591 -6.73838 67.2475 1.80795 -13 3799 1 0 1
148.877 -88.7401 325.556 22.764 -8.55265 39.1095 3.48903 -13 3800 1 0 1
-4.80766 2.50658 325.556 -1.83646 0.792536 76.5082 2.54237 -13 3801 1 0 1
-38.02 34.251 325.556 -6.84009 4.69779 50.6472 2.85018 -13 3802 1 0 1
-26.7384 -6.6829 325.556 -6.9881 -1.98065 71.6287 0.347463 -13 3803 1 0 1
-28.935 32.0604 325.556 -2.77886 1.62016 24.9964 6.64821 -13 3804 1 0 1
-23.8226 -3.2677 325.556 -5.25152 -0.743494 62.6425 0.835382 -13 3805 1 0 1
30.4713 -6.13548 325.556 5.33453 -1.19971 44.4382 2.82268 -13 3806 1 0 1
-43.4831 -24.6592 325.556 -10.7492 -5.12032 69.3067 1.75637 -13 3807 1 0 1
57.0128 -22.3538 325.556 12.0823 -3.44943 59.0922 4.86669 -13 3808 1 0 1
-37.8973 0.0300866 325.556 -9.54154 -0.142376 70.2502 0.41881 -13 3809 1 0 1
-13.9919 37.0909 325.556 -2.51117 5.78883 54.2443 2.02874 -13 3810 1 0 1
-12.7857 -2.54691 325.556 -3.20448 -0.348401 68.1649 1.57564 -13 3811 1 0 1
28.7711 -57.4941 325.556 6.79692 -11.5492 70.4133 2.53308 -13 3812 1 0 1
66.2514 11.5915 325.556 13.1577 1.45266 54.6805 4.58697 -13 3813 1 0 1
-41.9135 6.70797 325.556 -8.84389 0.711944 59.3542 1.22575 -13 3814 1 0 1
-78.0923 26.1713 325.556 -20.8861 5.66214 74.4265 1.81922 -13 3815 1 0 1
38.3309 -50.1552 325.556 6.49074 -5.63822 44.3128 1.84687 -13 3816 1 0 1
0.232711 -36.2886 325.556 0.063362 -6.26078 62.8887 1.5125 -13 3817 1 0 1
21.3086 4.9674 325.556 4.97072 1.16561 67.9365 1.94942 -13 3818 1 0 1
-2.77956 11.1891 325.556 -0.400122 1.88206 57.093 2.86679 -13 3819 1 0 1
58.8809 -16.872 325.556 13.9959 -2.98094 68.7593 2.43782 -13 3820 1 0 1
64.7917 50.7253 325.556 13.2629 7.80331 57.1161 4.37778 -13 3821 1 0 1
16.9921 -21.6857 325.556 3.97379 -4.40598 70.2479 0.81455 -13 3822 1 0 1
-66.6927 11.6776 325.556 -16.5806 2.22252 69.4964 0.860307 -13 3823 1 0 1
22.962 -1.75429 325.556 4.9633 -0.301855 59.7564 4.03735 -13 3824 1 0 1
-4.48941 -2.41113 325.556 -1.00706 -0.552767 63.6897 2.78479 -13 3825 1 0 1
-36.6979 -46.7177 325.556 -7.49764 -7.10786 58.0375 2.38347 -13 3826 1 0 1
31.2435 0.776466 325.556 4.97913 -0.247694 40.2979 3.17912 -13 3827 1 0 1
24.0744 -0.640093 325.556 4.7524 -0.0128557 52.8226 3.8775 -13 3828 1 0 1
33.5467 17.278 325.556 7.7345 3.31407 65.4865 0.0443804 -13 3829 1 0 1
47.1543 57.3182 325.556 10.2894 9.83326 60.653 1.25001 -13 3830 1 0 1
32.4092 -66.3 325.556 5.57732 -8.02373 45.1882 3.30105 -13 3831 1 0 1
-5.85847 -8.02592 325.556 -1.01284 -1.11544 54.0998 2.34921 -13 3832 1 0 1
14.5775 -28.3517 325.556 3.19079 -4.68958 61.5419 0.00824669 -13 3833 1 0 1
-20.4915 51.1313 325.556 -5.39664 9.50807 70.3381 2.05622 -13 3834 1 0 1
2.99538 9.74515 325.556 0.446871 1.45098 71.9925 2.24938 -13 3835 1 0 1
-0.828037 -28.597 325.556 -1.06116 -6.93723 80.351 4.04312 -13 3836 1 0 1
33.2617 -38.8305 325.556 7.00926 -6.47132 58.2346 0.980824 -13 3837 1 0 1
24.4083 -2.48158 325.556 4.64171 -0.474254 50.4371 3.57658 -13 3838 1 0 1
79.8834 -23.3381 325.556 11.253 -2.05436 35.4929 5.38542 -13 3840 1 0 1
-38.6826 69.6877 325.556 -7.21974 10.3734 53.3192 3.83972 -13 3841 1 0 1
-19.622 1.86959 325.556 -4.5548 0.847133 65.142 1.146 -13 3842 1 0 1
48.9092 0.568461 325.556 9.50166 0.142942 52.922 3.9998 -13 3843 1 0 1
-103.916 -4.29057 325.556 -21.1213 -0.53611 56.2 2.86828 -13 3844 1 0 1
-44.9022 -30.84 325.556 -11.6834 -6.36087 72.0453 1.2743 -13 3845 1 0 1
-23.1795 -46.1819 325.556 -6.26818 -9.5219 72.9409 1.0352 -13 3846 1 0 1
-63.9354 -47.9813 325.556 -9.25798 -4.72578 39.4521 3.19867 -13 3847 1 0 1
58.802 0.54922 325.556 11.2353 0.272755 51.5218 2.20025 -13 3848 1 0 1
-76.0758 -13.5443 325.556 -17.095 -2.10362 62.8724 3.25469 -13 3849 1 0 1
-16.3981 92.6579 325.556 -3.86297 17.0892 64.9013 2.37104 -13 3850 1 0 1
62.1754 -2.45087 325.556 11.514 0.0494301 49.7236 2.54108 -13 3851 1 0 1
66.2883 65.7693 325.556 9.70771 6.07061 37.692 3.50488 -13 3852 1 0 1
-44.9654 -20.5785 325.556 -10.4322 -4.17461 64.5479 3.36802 -13 3853 1 0 1
-2.43008 0.91892 325.556 -0.175014 0.20911 42.4749 1.33878 -13 3854 1 0 1
14.1231 -52.9468 325.556 3.06918 -9.52439 61.9962 1.64551 -13 3855 1 0 1
3.31901 8.32652 325.556 0.779928 1.85377 59.0001 0.294365 -13 3856 1 0 1
27.6475 -14.1835 325.556 5.98444 -2.46936 60.4978 0.858492 -13 3857 1 0 1
21.3623 24.1615 325.556 4.56908 3.78484 60.2377 0.744185 -13 3858 1 0 1
2.8496 -24.1656 325.556 0.566002 -3.64593 65.6815 0.831917 -13 3859 1 0 1
-2.61718 -27.8266 325.556 -0.903216 -5.37642 73.0476 1.19399 -13 3860 1 0 1
27.686 31.9873 325.556 6.29921 5.08521 65.5153 2.93824 -13 3861 1 0 1
11.119 -5.83404 325.556 2.37486 -1.39072 59.038 2.64783 -13 3862 1 0 1
-1.8972 -10.8459 325.556 -0.194215 -1.51511 56.6585 2.57752 -13 3863 1 0 1
21.1857 -7.54846 325.556 2.35366 -0.177791 25.5673 3.91977 -13 3864 1 0 1
22.2565 -0.178958 325.556 5.38391 -0.101646 73.6468 1.48157 -13 3865 1 0 1
-52.477 24.2071 325.556 -10.3316 3.97674 55.6436 1.62105 -13 3866 1 0 1
34.3738 -55.075 325.556 7.5512 -8.53508 61.9864 2.82192 -13 3867 1 0 1
-26.4702 2.75234 325.556 -4.54525 0.372512 50.378 2.5949 -13 3868 1 0 1
-9.33917 -7.84132 325.556 -2.85152 -1.05213 75.1431 1.26759 -13 3869 1 0 1
-4.94311 -39.3584 325.556 -2.1274 -8.71946 79.4992 3.23682 -13 3870 1 0 1
-34.745 -0.518689 325.556 -7.1262 0.221276 57.9497 1.62362 -13 3871 1 0 1
-24.1094 39.7938 325.556 -6.68372 7.95636 74.4631 3.49217 -13 3872 1 0 1
-32.6359 -5.77563 325.556 -8.81275 -1.28758 73.6095 3.66088 -13 3873 1 0 1
-59.6959 -9.30093 325.556 -14.0906 -2.05247 66.7129 3.569 -13 3874 1 0 1
10.0714 48.9239 325.556 1.71031 4.50847 38.3307 2.65586 -13 3875 1 0 1
31.5044 -2.99309 325.556 6.98335 -0.453545 62.4192 3.27063 -13 3876 1 0 1
-45.4804 15.7039 325.556 -8.38749 2.05987 51.9622 0.777659 -13 3877 1 0 1
154.034 23.8075 325.556 26.3533 2.58441 44.9498 3.64299 -13 3878 1 0 1
-2.65747 -53.2692 325.556 -0.432619 -8.31799 56.4858 3.22097 -13 3879 1 0 1
-44.6918 -27.8494 325.556 -10.5531 -5.46052 66.6355 3.16683 -13 3880 1 0 1
29.3309 -17.105 325.556 7.12821 -3.61291 73.3534 2.68414 -13 3881 1 0 1
-57.7451 -49.4132 325.556 -12.2826 -8.30686 59.9851 3.36599 -13 3882 1 0 1
52.6372 -69.1718 325.556 10.9921 -11.1995 58.9813 3.48949 -13 3883 1 0 1
-4.13464 13.9392 325.556 -1.4115 3.14455 73.2316 1.72468 -13 3884 1 0 1
-16.275 -31.2961 325.556 -4.91724 -7.21867 76.5936 -0.54058 -13 3886 1 0 1
-33.8738 61.638 325.556 -7.7289 11.0039 64.0309 3.22322 -13 3887 1 0 1
3.19754 -36.2581 325.556 0.846672 -4.78857 49.3064 3.51317 -13 3888 1 0 1
-14.5964 2.17865 325.556 -3.42295 0.53194 65.4621 3.72813 -13 3889 1 0 1
-18.6853 -66.9689 325.556 -2.90034 -8.48155 46.8318 2.58583 -13 3890 1 0 1
-11.9745 -17.3698 325.556 -2.97117 -3.10949 67.6739 4.62015 -13 3891 1 0 1
-40.1727 -59.8226 325.556 -8.38503 -9.97443 58.9102 3.01878 -13 3892 1 0 1
-24.3288 23.4512 325.556 -6.43733 4.80055 72.3715 1.45839 -13 3893 1 0 1
-52.6162 53.3973 325.556 -8.58385 6.30866 45.9124 3.93413 -13 3894 1 0 1
10.7947 3.48078 325.556 2.45629 0.770297 71.7904 2.32051 -13 3895 1 0 1
6.43058 -26.7642 325.556 1.33608 -4.99488 67.6884 1.19662 -13 3896 1 0 1
-21.2129 58.139 325.556 -4.44114 9.31874 58.9629 2.87984 -13 3897 1 0 1
78.8322 -7.79314 325.556 17.4864 -1.37856 62.2649 3.91536 -13 3898 1 0 1
-101.981 62.5572 325.556 -17.7895 7.61979 47.4205 3.67248 -13 3899 1 0 1
-34.4978 15.4273 325.556 -9.00897 2.79499 72.0274 1.60155 -13 3900 1 0 1
69.0519 -86.5676 325.556 11.8467 -10.1552 45.4248 1.14002 -13 3901 1 0 1
-12.0384 15.1554 325.556 -3.4554 2.86272 72.6461 2.36271 -13 3902 1 0 1
21.2364 99.1445 325.556 3.83762 12.729 46.8757 1.69601 -13 3903 1 0 1
-24.523 -36.3553 325.556 -4.63994 -5.44622 52.9976 4.58703 -13 3904 1 0 1
-41.4932 11.592 325.556 -11.8772 3.17798 77.9331 1.89249 -13 3905 1 0 1
29.3816 47.7917 325.556 2.29876 1.11683 16.1947 7.5201 -13 3906 1 0 1
10.5735 -10.824 325.556 2.37355 -1.66915 67.2374 0.955595 -13 3907 1 0 1
27.8889 -27.3471 325.556 5.69449 -4.01977 55.6427 3.08417 -13 3908 1 0 1
-37.8557 -3.62045 325.556 -10.1644 -0.624746 73.8864 2.40389 -13 3909 1 0 1
-16.1926 7.4149 325.556 -4.31498 1.55794 71.2493 2.04409 -13 3910 1 0 1
-75.4986 -36.0695 325.556 -16.5789 -6.71731 61.1496 2.57342 -13 3911 1 0 1
-2.3654 18.9373 325.556 -0.578663 2.73011 66.1058 1.79206 -13 3912 1 0 1
-11.3407 -43.9065 325.556 -1.73236 -5.33075 46.1314 3.78032 -13 3913 1 0 1
5.59476 -29.0773 325.556 1.28379 -4.92252 56.7774 3.67148 -13 3914 1 0 1
6.11858 -9.06546 325.556 1.30661 -2.19372 64.5506 2.08811 -13 3915 1 0 1
-11.8608 20.4126 325.556 -2.48156 3.32775 60.8223 1.11956 -13 3916 1 0 1
-15.5552 38.4832 325.556 -3.66307 7.39979 64.864 1.77037 -13 3917 1 0 1
23.5741 -20.4214 325.556 5.69034 -4.23964 73.7182 0.83825 -13 3918 1 0 1
-27.9457 27.6166 325.556 -7.96421 6.07305 76.4218 2.30088 -13 3919 1 0 1
23.6092 3.2213 325.556 5.43644 0.736715 67.1236 2.46984 -13 3920 1 0 1
-56.8255 -9.10283 325.556 -15.3551 -1.91468 74.9358 1.91476 -13 3921 1 0 1
15.8503 -41.2385 325.556 2.11421 -3.10254 31.0703 3.40364 -13 3922 1 0 1
-64.2524 -13.3648 325.556 -13.1875 -2.08132 57.4215 3.57608 -13 3923 1 0 1
54.1958 -35.399 325.556 11.7042 -6.29341 61.1475 0.457636 -13 3924 1 0 1
-55.3068 37.1663 325.556 -12.2 5.97876 61.6294 3.58623 -13 3925 1 0 1
48.8911 -55.8261 325.556 10.5744 -10.1247 60.8162 2.2258 -13 3926 1 0 1
-59.6173 -34.9303 325.556 -11.6483 -5.53953 55.014 3.93607 -13 3927 1 0 1
-27.8814 -32.0316 325.556 -7.11458 -6.05571 69.9996 3.03868 -13 3928 1 0 1
12.9162 -16.3328 325.556 2.79694 -2.58437 56.0736 1.76765 -13 3929 1 0 1
1.16058 -55.6694 325.556 -0.621974 -12.1408 78.5089 0.913283 -13 3930 1 0 1
16.9342 -38.0043 325.556 3.97935 -7.48902 68.1706 -0.635471 -13 3931 1 0 1
21.3585 6.49158 325.556 3.87416 1.23486 46.7742 4.63404 -13 3932 1 0 1
-47.2264 -75.0386 325.556 -8.58763 -10.2438 51.0849 5.25366 -13 3933 1 0 1
-40.3634 4.77962 325.556 -9.26673 0.57592 64.6325 1.12134 -13 3935 1 0 1
-40.1021 -44.6165 325.556 -6.84592 -5.97672 47.8854 2.82844 -13 3936 1 0 1
-5.32515 2.02959 325.556 -1.07702 0.561322 61.5302 3.09729 -13 3937 1 0 1
70.8931 -31.289 325.556 14.4859 -5.04233 56.4491 1.34894 -13 3938 1 0 1
71.688 58.4669 325.556 15.6278 9.96682 61.2177 3.0087 -13 3939 1 0 1
-47.8386 -5.13513 325.556 -12.4513 -0.355591 72.495 1.54716 -13 3940 1 0 1
-51.925 -12.5913 325.556 -9.39546 -1.88041 50.7365 2.7951 -13 3941 1 0 1
10.575 16.1653 325.556 2.36225 3.57647 69.5993 4.16522 -13 3942 1 0 1
24.3754 -30.1397 325.556 5.62559 -6.22739 68.7581 0.909664 -13 3943 1 0 1
-73.5854 12.52 325.556 -12.9959 1.50565 48.7519 2.37161 -13 3944 1 0 1
-48.1815 -60.9758 325.556 -13.972 -13.9222 77.4195 2.55805 -13 3945 1 0 1
-22.7082 21.2962 325.556 -5.87196 4.76502 71.2649 -0.152499 -13 3946 1 0 1
-17.917 40.4846 325.556 -3.41668 6.24752 56.4642 2.69866 -13 3947 1 0 1
-76.9362 0.933195 325.556 -17.0237 0.369306 62.079 2.75071 -13 3948 1 0 1
11.8136 -45.8336 325.556 2.59211 -7.18123 58.9756 1.29793 -13 3949 1 0 1
88.3942 -24.5634 325.556 17.4254 -3.60009 53.7262 2.67774 -13 3950 1 0 1
-30.2579 -52.9067 325.556 -6.99566 -9.78468 65.0592 2.24244 -13 3951 1 0 1
187.267 -36.9927 325.556 37.0407 -5.78594 52.533 2.33682 -13 3952 1 0 1
9.71425 45.0838 325.556 2.21818 7.78497 63.4199 3.21708 -13 3953 1 0 1
-0.331177 7.26911 325.556 0.0341471 1.59653 61.4839 3.91362 -13 3955 1 0 1
26.5425 -18.2184 325.556 6.10388 -3.19195 67.4378 1.54013 -13 3956 1 0 1
-0.381134 35.4479 325.556 -0.755615 8.32381 78.4536 -0.0360286 -13 3958 1 0 1
38.2913 36.0296 325.556 6.88552 4.65913 47.2186 2.68595 -13 3959 1 0 1
31.6272 21.0896 325.556 7.68312 4.3936 73.1762 0.40948 -13 3960 1 0 1
-65.6609 0.983095 325.556 -13.4081 -0.240441 57.4805 1.21598 -13 3961 1 0 1
-118.488 -13.8771 325.556 -29.8354 -2.52128 70.0503 0.224303 -13 3963 1 0 1
-21.4245 9.45995 325.556 -5.47057 1.22789 70.5153 1.64606 -13 3964 1 0 1
37.7979 -10.5872 325.556 9.26278 -2.31687 72.6729 0.840477 -13 3965 1 0 1
-52.4085 30.6504 325.556 -11.8211 5.23722 63.5205 1.47223 -13 3966 1 0 1
46.2655 -37.3773 325.556 10.8264 -7.21464 67.245 1.65458 -13 3967 1 0 1
28.8695 27.8796 325.556 6.4876 5.21319 63.3431 2.89698 -13 3968 1 0 1
-1.81706 -3.51876 325.556 -0.34221 -0.67982 62.2121 3.81672 -13 3969 1 0 1
21.0666 -11.2499 325.556 4.68401 -1.44445 62.1477 2.38206 -13 3970 1 0 1
27.9629 -9.88631 325.556 5.26563 -1.24083 48.7186 3.29524 -13 3971 1 0 1
-3.97002 37.8913 325.556 -0.628392 6.40781 57.0271 2.72136 -13 3972 1 0 1
-14.1276 -33.0791 325.556 -2.37357 -4.45138 49.5293 1.54106 -13 3973 1 0 1
-35.4472 -3.22511 325.556 -10.3463 -0.372216 78.2022 2.8912 -13 3974 1 0 1
-9.45134 27.9547 325.556 -3.47972 7.338 79.8179 2.47044 -13 3975 1 0 1
-0.674213 17.0121 325.556 -0.865472 3.59372 79.3263 1.20452 -13 3976 1 0 1
8.73006 4.2654 325.556 1.90088 1.10881 63.019 1.66896 -13 3977 1 0 1
-39.1421 -26.0793 325.556 -8.51775 -4.47175 61.2588 1.67432 -13 3978 1 0 1
-10.5926 -61.8477 325.556 -2.90775 -12.5666 70.4947 1.78574 -13 3979 1 0 1
-56.8653 22.5313 325.556 -13.7412 3.53052 67.7038 2.03235 -13 3980 1 0 1
-31.3342 -12.3332 325.556 -6.68459 -2.07611 61.5402 -0.531293 -13 3981 1 0 1
7.83303 -14.6815 325.556 1.92442 -2.39966 69.4069 3.2519 -13 3982 1 0 1
-5.01216 -5.1126 325.556 -1.02803 -0.801128 60.5812 1.45522 -13 3984 1 0 1
88.7329 24.6179 325.556 21.1625 5.07962 68.5136 1.18786 -13 3985 1 0 1
59.3288 -58.9472 325.556 12.2599 -9.49662 57.5016 0.197339 -13 3986 1 0 1
-31.457 2.51188 325.556 -6.60796 0.356319 60.2858 2.54945 -13 3987 1 0 1
39.6578 -31.4625 325.556 9.78054 -6.37831 72.5877 0.356219 -13 3988 1 0 1
47.1911 13.7541 325.556 9.37541 2.16352 54.8195 3.07392 -13 3989 1 0 1
-61.1304 -14.8203 325.556 -13.7301 -2.93132 63.2773 4.59789 -13 3990 1 0 1
18.5138 24.433 325.556 4.05037 3.83678 60.4417 0.135101 -13 3991 1 0 1
72.3688 16.2776 325.556 15.157 2.83478 58.0433 1.95638 -13 3992 1 0 1
76.7158 -69.3915 325.556 15.235 -10.0827 54.3275 0.320202 -13 3993 1 0 1
-3.85302 -21.3203 325.556 -1.40431 -4.52997 73.8077 1.73143 -13 3994 1 0 1
-8.36745 39.1025 325.556 -2.16189 6.97898 66.3322 3.42038 -13 3995 1 0 1
7.28276 72.4987 325.556 1.61198 13.2896 67.4851 1.7928 -13 3996 1 0 1
-17.5035 -5.07421 325.556 -3.56715 -1.10396 58.1773 2.4718 -13 3997 1 0 1
4.26116 -18.4463 325.556 0.430507 -5.06875 78.884 2.88381 -13 3998 1 0 1
7.07536 -51.5958 325.556 1.53844 -8.98332 61.3397 2.79126 -13 3999 1 0 1
-72.6022 -40.3257 325.556 -14.2646 -5.90978 55.1899 1.91383 -13 4000 1 0 1
-72.0387 -30.7769 325.556 -10.9754 -3.12029 41.5269 2.2623 -13 4001 1 0 1
24.5044 -10.5361 325.556 4.57483 -1.10309 47.3762 2.09771 -13 4002 1 0 1
-16.1749 37.2099 325.556 -3.60786 6.8785 63.8679 1.81166 -13 4003 1 0 1
-48.1835 7.27376 325.556 -11.8907 1.46989 69.0226 1.94154 -13 4004 1 0 1
-39.57 -13.7543 325.556 -9.25097 -3.03365 65.6315 2.71107 -13 4005 1 0 1
53.9234 -69.2393 325.556 11.0534 -10.9462 56.8425 2.52277 -13 4006 1 0 1
-5.85974 10.1513 325.556 -2.42115 2.10914 78.378 3.71006 -13 4007 1 0 1
-13.6723 -41.3738 325.556 -2.07199 -5.11278 46.5261 1.3914 -13 4008 1 0 1
9.75932 54.4702 325.556 2.07875 8.43741 55.9203 0.729927 -13 4009 1 0 1
48.1441 29.5183 325.556 10.2758 5.21395 59.6704 2.23408 -13 4010 1 0 1
7.74057 -27.1883 325.556 1.77337 -4.83938 63.8962 3.13203 -13 4011 1 0 1
-25.3875 10.8897 325.556 -6.80961 2.22234 72.315 -0.305021 -13 4012 1 0 1
-66.2273 1.57836 325.556 -12.6576 0.692572 53.2359 2.84559 -13 4013 1 0 1
-37.4131 21.5447 325.556 -9.81826 4.23034 72.512 0.670884 -13 4014 1 0 1
6.30212 31.6865 325.556 1.43258 5.95402 65.7294 3.92169 -13 4015 1 0 1
26.0282 -5.7676 325.556 6.1475 -1.24248 68.0585 1.78616 -13 4016 1 0 1
-29.3651 19.4441 325.556 -6.73422 3.28828 64.4268 2.18234 -13 4017 1 0 1
-84.403 22.1959 325.556 -18.5257 4.27933 61.4469 3.51826 -13 4018 1 0 1
13.6111 50.8723 325.556 3.07553 9.07089 63.3921 1.73 -13 4019 1 0 1
33.319 -21.4743 325.556 6.87007 -3.03738 56.5624 2.3708 -13 4020 1 0 1
-39.4672 31.0965 325.556 -10.9744 6.89607 75.5781 2.10673 -13 4021 1 0 1
73.5106 -37.0125 325.556 19.0608 -8.30059 77.5817 1.26313 -13 4022 1 0 1
34.5905 -21.2161 325.556 6.55741 -2.5812 50.266 2.44794 -13 4023 1 0 1
-64.9796 -6.10804 325.556 -15.6854 -0.917301 67.7459 3.10322 -13 4024 1 0 1
-32.7695 27.0692 325.556 -8.59069 5.16825 71.8371 -0.336757 -13 4025 1 0 1
42.1869 -4.63356 325.556 9.62861 -0.974478 64.2212 1.03589 -13 4026 1 0 1
-24.0832 33.8645 325.556 -5.3679 6.23839 63.0284 2.47744 -13 4027 1 0 1
1.0793 16.4778 325.556 -0.327078 3.97935 78.1869 3.56223 -13 4028 1 0 1
-1.44385 -18.2553 325.556 -0.275747 -2.98288 58.9757 2.39523 -13 4029 1 0 1
-48.2549 -84.1122 325.556 -8.99488 -11.5902 52.4538 3.10948 -13 4030 1 0 1
-38.4337 -1.25393 325.556 -8.9236 0.00567992 65.0961 1.08028 -13 4031 1 0 1
117.738 -32.0527 325.556 22.139 -4.15949 50.7803 4.14011 -13 4032 1 0 1
-10.4071 -5.79663 325.556 -2.66004 -0.940989 68.3515 -0.679629 -13 4033 1 0 1
-54.5767 -41.1406 325.556 -13.506 -8.01185 68.9813 2.34951 -13 4034 1 0 1
-0.19124 11.2665 325.556 -0.376663 2.02513 73.7942 1.75686 -13 4035 1 0 1
16.2652 11.93 325.556 3.68221 2.45638 65.1516 4.56155 -13 4036 1 0 1
-34.7393 22.4159 325.556 -8.83462 3.93679 70.7444 1.06819 -13 4037 1 0 1
18.1633 -9.27227 325.556 3.56337 -1.33602 51.5938 1.90277 -13 4038 1 0 1
-22.3554 -48.0846 325.556 -3.90425 -6.21108 50.341 0.759699 -13 4039 1 0 1
-5.38703 9.63196 325.556 -0.695574 1.15084 50.9645 3.41832 -13 4040 1 0 1
-69.5889 -3.98341 325.556 -14.6547 -1.0116 58.8478 5.09826 -13 4041 1 0 1
8.05285 74.7137 325.556 1.6634 15.3347 71.1869 1.55409 -13 4042 1 0 1
31.0025 -32.9075 325.556 6.92733 -5.81839 64.0809 1.73583 -13 4043 1 0 1
56.6963 13.2601 325.556 12.5909 2.73989 62.9048 4.65185 -13 4044 1 0 1
-30.2636 20.7855 325.556 -9.04127 4.94167 78.15 0.0366198 -13 4045 1 0 1
-49.645 -54.1495 325.556 -10.8734 -9.38122 61.5813 1.63168 -13 4046 1 0 1
-41.1199 -11.8377 325.556 -6.38139 -1.50898 43.9081 1.84067 -13 4047 1 0 1
53.4375 0.284534 325.556 7.55245 -0.108704 34.8631 3.43571 -13 4048 1 0 1
8.72517 18.7283 325.556 1.73275 3.8839 75.548 3.01429 -13 4049 1 0 1
-28.2099 -14.3996 325.556 -7.08988 -2.65936 69.4789 1.68944 -13 4050 1 0 1
-9.25281 4.18608 325.556 -2.51047 0.927141 70.9466 2.57234 -13 4051 1 0 1
11.716 -60.3317 325.556 2.66524 -10.8492 66.391 2.38893 -13 4052 1 0 1
9.86779 44.7531 325.556 2.09397 6.72976 54.2697 2.93957 -13 4053 1 0 1
-65.3411 -61.9604 325.556 -15.3008 -11.0856 65.6506 1.42955 -13 4054 1 0 1
45.1202 -68.2314 325.556 9.76235 -11.6059 60.6297 3.27694 -13 4055 1 0 1
19.9085 -65.2398 325.556 4.51334 -12.3788 67.4349 3.40485 -13 4056 1 0 1
54.3453 -0.0650751 325.556 11.0506 0.367812 55.5031 1.93495 -13 4057 1 0 1
-58.5775 -28.3767 325.556 -14.8426 -6.31026 70.3831 2.48007 -13 4058 1 0 1
-30.6249 -10.8409 325.556 -6.89265 -2.3644 62.8713 2.44994 -13 4059 1 0 1
6.58954 -21.6124 325.556 1.41343 -3.38834 63.1261 3.31443 -13 4060 1 0 1
27.972 -23.1139 325.556 5.87693 -3.85809 56.5828 1.50371 -13 4062 1 0 1
24.5607 -61.4196 325.556 4.7996 -8.73256 52.2065 1.75174 -13 4063 1 0 1
0.786635 -39.8163 325.556 0.162268 -8.45035 67.7969 0.991275 -13 4064 1 0 1
12.4524 -2.59198 325.556 2.72139 -0.400615 67.736 2.05253 -13 4065 1 0 1
2.66223 -18.7541 325.556 0.419128 -3.26169 70.1471 2.52894 -13 4066 1 0 1
25.6914 32.8725 325.556 5.96437 6.48559 68.2206 5.77219 -13 4067 1 0 1
23.7818 39.6538 325.556 5.65139 8.15442 71.4778 0.269064 -13 4068 1 0 1
-10.3425 -32.9247 325.556 -2.53769 -6.43283 66.7177 2.26145 -13 4069 1 0 1
5.78813 62.8939 325.556 1.01623 13.7838 71.7685 0.935837 -13 4070 1 0 1
1.1508 17.9677 325.556 0.258064 3.87364 67.9881 -0.110096 -13 4071 1 0 1
-23.0155 -103.371 325.556 -3.00873 -9.57201 37.5574 4.83997 -13 4072 1 0 1
-46.6737 24.7768 325.556 -11.6186 5.11994 69.5073 3.42472 -13 4073 1 0 1
14.2486 -25.1593 325.556 3.02038 -4.43752 56.6581 0.0940947 -13 4074 1 0 1
14.643 57.3416 325.556 2.19613 4.90643 34.6523 1.96487 -13 4075 1 0 1
-33.056 37.0078 325.556 -5.04813 3.9752 43.2947 2.27352 -13 4076 1 0 1
44.8567 -53.2781 325.556 7.65333 -6.26313 44.669 1.33162 -13 4077 1 0 1
-68.2028 -41.606 325.556 -16.4391 -8.01181 67.696 3.33302 -13 4078 1 0 1
4.60296 -0.472189 325.556 1.10174 -0.256154 52.6752 1.97401 -13 4079 1 0 1
0.694502 -44.4848 325.556 -0.343835 -10.0098 76.116 -0.273364 -13 4080 1 0 1
-19.6879 5.47839 325.556 -4.10743 0.727551 60.2316 2.47232 -13 4081 1 0 1
-9.2458 20.4891 325.556 -2.51936 4.14462 70.0219 1.79163 -13 4082 1 0 1
-17.0451 15.7248 325.556 -4.18553 2.5828 67.6817 2.80656 -13 4083 1 0 1
-38.5827 -20.8462 325.556 -7.91926 -3.58992 57.9111 2.73482 -13 4084 1 0 1
104.067 -8.51462 325.556 19.0099 -0.407722 49.2403 0.35584 -13 4085 1 0 1
-17.1418 -33.8403 325.556 -3.50755 -5.4392 59.861 -0.981022 -13 4086 1 0 1
90.3832 47.6858 325.556 16.1735 6.19812 47.9877 2.92238 -13 4087 1 0 1
12.0146 20.595 325.556 2.66146 3.62475 64.247 3.41001 -13 4088 1 0 1
0.993593 35.5005 325.556 0.402784 5.48362 52.3989 2.13264 -13 4089 1 0 1
-17.1037 -22.5768 325.556 -4.76549 -4.79821 74.4039 1.08645 -13 4090 1 0 1
-37.2379 -24.1981 325.556 -9.36294 -4.50671 69.4877 0.499778 -13 4091 1 0 1
-8.8419 -63.8413 325.556 -1.86806 -10.8921 62.1737 1.55622 -13 4092 1 0 1
-13.8256 -33.3772 325.556 -4.44937 -7.15297 78.049 1.05028 -13 4093 1 0 1
-52.3452 62.295 325.556 -11.2669 10.4013 60.4746 0.681032 -13 4094 1 0 1
-15.9518 63.7028 325.556 -3.33612 10.7928 61.14 2.64328 -13 4095 1 0 1
-30.2302 54.7398 325.556 -8.17583 11.8925 73.6288 1.92913 -13 4096 1 0 1
23.4748 -45.0062 325.556 5.55918 -9.48635 72.3024 1.31411 -13 4097 1 0 1
28.9143 30.3501 325.556 7.1976 7.12874 77.3751 0.374922 -13 4098 1 0 1
-33.0012 -10.1931 325.556 -7.73976 -1.84141 66.3273 2.42031 -13 4099 1 0 1
72.4251 -21.045 325.556 16.3438 -3.99182 63.4206 0.185051 -13 4100 1 0 1
2.72254 -12.787 325.556 0.211926 -2.89835 75.2166 1.7061 -13 4101 1 0 1
-45.7104 32.3755 325.556 -12.1152 6.3491 73.4698 0.115518 -13 4103 1 0 1
-59.6736 61.7019 325.556 -15.7922 13.0321 73.4079 0.665085 -13 4105 1 0 1
-18.7281 79.9822 325.556 -5.14619 16.6873 73.5556 -0.0721662 -13 4106 1 0 1
-37.8858 34.4355 325.556 -9.11939 6.04676 67.1401 3.0083 -13 4107 1 0 1
73.9585 7.05759 325.556 14.579 0.962032 54.08 3.38588 -13 4108 1 0 1
-10.4722 22.6363 325.556 -2.99283 4.55203 72.4579 2.35322 -13 4109 1 0 1
4.81265 4.41512 325.556 1.08072 1.49047 65.5122 3.36873 -13 4110 1 0 1
-44.4526 -20.8857 325.556 -11.9202 -4.20101 73.8146 2.96256 -13 4111 1 0 1
-16.208 37.289 325.556 -2.71052 4.90579 48.4235 2.10727 -13 4112 1 0 1
-46.0326 6.03849 325.556 -8.59309 0.896145 52.8597 3.60996 -13 4113 1 0 1
83.128 2.92529 325.556 10.3783 0.366537 30.978 2.4242 -13 4114 1 0 1
-126.229 -30.4594 325.556 -27.752 -4.98774 60.5474 4.12788 -13 4115 1 0 1
-40.2187 15.1504 325.556 -10.8706 3.14651 74.1215 3.06735 -13 4116 1 0 1
-95.892 28.0021 325.556 -26.5394 5.84945 75.1641 2.22511 -13 4117 1 0 1
33.7438 -20.703 325.556 8.14412 -4.05423 71.2457 4.60353 -13 4118 1 0 1
-54.8521 -20.0883 325.556 -15.1006 -4.7741 75.9206 1.87149 -13 4119 1 0 1
117.392 -21.1726 325.556 27.7689 -3.49014 67.3755 0.739144 -13 4120 1 0 1
-44.7941 -25.89 325.556 -9.50845 -4.62555 59.6362 1.73873 -13 4122 1 0 1
39.3444 44.489 325.556 8.3104 7.23039 57.6457 0.610727 -13 4123 1 0 1
11.2395 -33.6253 325.556 2.22569 -4.37582 49.5644 2.08162 -13 4124 1 0 1
-43.3167 18.1477 325.556 -10.7591 3.35092 68.9397 0.612068 -13 4125 1 0 1
15.0608 28.7773 325.556 3.50144 5.72662 69.652 0.478507 -13 4126 1 0 1
-26.1116 -85.7247 325.556 -4.23176 -10.5808 46.7349 2.07703 -13 4127 1 0 1
135.868 -14.0468 325.556 21.8581 -1.66196 41.6523 -0.297774 -13 4128 1 0 1
57.2855 25.9185 325.556 10.1616 3.39217 47.4142 3.27799 -13 4130 1 0 1
-63.2953 16.6696 325.556 -13.1138 2.94904 58.0486 2.366 -13 4131 1 0 1
131.995 -93.9743 325.556 20.0022 -9.30668 38.8731 1.05119 -13 4133 1 0 1
18.3212 7.25796 325.556 4.03461 1.10239 59.4845 3.33606 -13 4134 1 0 1
-3.81654 45.1689 325.556 -1.49981 9.39004 75.078 1.33081 -13 4135 1 0 1
-54.8841 26.2205 325.556 -9.0891 3.3917 45.5342 0.13995 -13 4136 1 0 1
-130.841 -112.89 325.556 -21.1386 -11.9384 42.9154 2.53764 -13 4137 1 0 1
17.4558 -81.3853 325.556 3.44552 -11.9818 53.7733 2.5344 -13 4138 1 0 1
-1.4527 -36.3545 325.556 -0.223037 -5.77344 57.6007 2.13123 -13 4139 1 0 1
-25.9145 -2.71976 325.556 -7.65815 -0.407978 78.0095 1.59946 -13 4140 1 0 1
-8.66563 7.67639 325.556 -2.38177 1.87814 70.3987 -1.09449 -13 4141 1 0 1
24.9258 -58.8491 325.556 4.16742 -6.00363 43.0546 1.84013 -13 4142 1 0 1
-26.1804 -55.5152 325.556 -5.03707 -8.13374 54.7857 0.843244 -13 4143 1 0 1
-20.2239 19.096 325.556 -4.52997 3.66457 63.4496 3.31484 -13 4144 1 0 1
33.7743 -27.9917 325.556 8.09675 -5.37921 70.6123 2.32746 -13 4145 1 0 1
26.9781 148.733 325.556 4.29466 14.8351 40.7737 4.80739 -13 4146 1 0 1
-33.0539 -28.4857 325.556 -8.09025 -5.04307 68.0855 1.1601 -13 4147 1 0 1
12.2361 -15.7698 325.556 2.74215 -3.64243 77.1235 1.10574 -13 4148 1 0 1
26.5004 -21.0068 325.556 6.14338 -3.91577 67.5955 1.75766 -13 4149 1 0 1
18.8147 8.76148 325.556 4.0434 1.2322 58.9398 1.81065 -13 4150 1 0 1
13.1306 27.5094 325.556 2.69905 4.0997 51.6285 3.6807 -13 4151 1 0 1
-30.4626 -2.70968 325.556 -7.43248 -0.446627 68.1968 3.31206 -13 4152 1 0 1
-19.2154 -37.4315 325.556 -3.79816 -6.35231 56.4081 1.49578 -13 4153 1 0 1
84.4091 20.2463 325.556 15.7678 3.01095 50.0112 1.76966 -13 4154 1 0 1
-32.4102 -54.4952 325.556 -7.87065 -10.3776 67.2695 -0.250224 -13 4155 1 0 1
0.423833 -4.98514 325.556 -0.21044 -1.05592 71.0263 1.69682 -13 4156 1 0 1
53.4669 31.8805 325.556 12.8748 6.60799 70.6552 3.31255 -13 4157 1 0 1
-24.2234 -21.0108 325.556 -5.41452 -3.4414 63.2372 2.46375 -13 4158 1 0 1
-3.31191 8.43509 325.556 -0.372889 1.27678 48.4927 2.32632 -13 4159 1 0 1
4.32198 -6.74544 325.556 0.842316 -1.00942 69.7675 2.48809 -13 4160 1 0 1
-16.0113 -52.1172 325.556 -3.41691 -8.17279 60.4303 3.58271 -13 4161 1 0 1
50.9028 30.4208 325.556 12.2492 6.10414 69.7249 0.952541 -13 4162 1 0 1
-16.2691 2.78374 325.556 -5.03928 0.503762 78.0357 1.08606 -13 4163 1 0 1
98.0043 2.57876 325.556 17.6125 0.375846 48.1421 2.23041 -13 4164 1 0 1
86.6329 15.1996 325.556 17.7798 2.59746 56.3039 0.799653 -13 4165 1 0 1
12.7565 9.01431 325.556 2.82425 1.44974 57.593 2.78768 -13 4166 1 0 1
46.7607 32.2936 325.556 10.52 6.04346 64.2874 4.13013 -13 4167 1 0 1
-1.84401 -53.8203 325.556 -0.389423 -9.30857 63.0999 1.77685 -13 4168 1 0 1
-116.848 23.4232 325.556 -13.6423 1.77276 29.9864 4.68173 -13 4169 1 0 1
42.2498 -0.613865 325.556 9.15209 0.0164441 59.7809 2.88214 -13 4170 1 0 1
-7.17723 -28.8333 325.556 -1.78701 -5.80789 66.6653 -0.0159269 -13 4171 1 0 1
-10.2889 9.28324 325.556 -2.33476 1.99866 63.0735 2.22995 -13 4172 1 0 1
18.5117 60.4691 325.556 4.28759 11.6818 69.8394 1.99154 -13 4173 1 0 1
19.1108 26.4461 325.556 3.99861 4.31142 56.8885 2.56387 -13 4174 1 0 1
-44.8276 -37.1878 325.556 -9.4801 -6.25696 59.8892 2.54892 -13 4175 1 0 1
-0.774216 16.5633 325.556 -0.190663 3.08607 67.016 -0.0314969 -13 4176 1 0 1
58.5898 -13.1322 325.556 11.5076 -2.0131 53.5876 0.786169 -13 4177 1 0 1
-69.5314 -49.9814 325.556 -13.3023 -7.16114 53.2763 3.45095 -13 4178 1 0 1
-40.6741 -44.2771 325.556 -10.1511 -8.13648 69.0961 0.562775 -13 4179 1 0 1
35.1631 -0.922097 325.556 8.01138 0.0426654 64.9059 2.33414 -13 4180 1 0 1
10.0211 14.7589 325.556 2.01796 3.76917 78.1262 1.88287 -13 4181 1 0 1
17.4704 37.9232 325.556 4.0523 7.20053 67.3104 -0.915201 -13 4182 1 0 1
34.9094 26.0169 325.556 8.22426 5.38189 68.7183 3.01939 -13 4183 1 0 1
-9.821 10.2374 325.556 -2.70268 2.09442 70.4497 -0.95686 -13 4184 1 0 1
-10.8728 -5.95997 325.556 -2.66976 -0.954315 66.8229 2.04426 -13 4185 1 0 1
-13.4351 67.0939 325.556 -3.38268 12.2893 67.3528 1.23001 -13 4186 1 0 1
28.5282 -8.05801 325.556 6.71537 -1.08168 68.4707 1.8864 -13 4187 1 0 1
110.754 23.3328 325.556 19.5542 3.17734 47.1453 3.67549 -13 4188 1 0 1
-7.22652 25.0681 325.556 -2.63283 5.00066 78.6887 0.718664 -13 4189 1 0 1
21.73 -6.29823 325.556 4.71673 -0.81242 57.7114 3.82108 -13 4190 1 0 1
-16.2785 -68.2543 325.556 -2.84883 -9.4425 52.1484 1.75144 -13 4191 1 0 1
14.4123 -59.8497 325.556 3.20555 -14.0749 79.7778 0.868961 -13 4192 1 0 1
-25.361 -25.3274 325.556 -6.48636 -4.96458 70.1584 2.43856 -13 4193 1 0 1
-34.8337 73.6625 325.556 -5.88663 9.34561 47.9258 2.91835 -13 4194 1 0 1
-22.6849 -56.2319 325.556 -3.84516 -7.91325 49.9872 2.21486 -13 4195 1 0 1
-17.0996 -0.541457 325.556 -5.72998 -0.110706 80.4109 1.30974 -13 4196 1 0 1
-5.66642 -15.6803 325.556 -1.47661 -2.64357 69.3701 4.32495 -13 4197 1 0 1
-11.0126 6.62012 325.556 -3.32444 1.13488 74.5141 2.27383 -13 4198 1 0 1
59.1464 -10.4444 325.556 12.2079 -1.50741 57.0141 2.05996 -13 4199 1 0 1
-8.7243 -9.08321 325.556 -3.00405 -0.888746 77.9021 2.75148 -13 4200 1 0 1
-35.3384 13.1885 325.556 -6.23331 1.8848 49.7419 3.45933 -13 4201 1 0 1
0.553912 39.9768 325.556 0.223809 6.87018 57.7706 3.50184 -13 4202 1 0 1
-102.087 57.0861 325.556 -22.2186 9.55156 60.596 2.34833 -13 4203 1 0 1
-28.0187 -7.58888 325.556 -6.32028 -1.87241 64.2782 0.490263 -13 4204 1 0 1
-64.0615 -8.00609 325.556 -13.8493 -1.5969 60.6214 1.26979 -13 4205 1 0 1
-69.6532 -14.3969 325.556 -17.3646 -2.92055 69.6067 4.29064 -13 4206 1 0 1
-9.70784 16.675 325.556 -2.67029 3.21113 71.2492 1.59336 -13 4207 1 0 1
-15.1111 10.9432 325.556 -3.77334 2.02227 68.4811 1.65776 -13 4208 1 0 1
-62.5995 -20.1364 325.556 -15.1181 -3.73088 67.3782 0.103699 -13 4210 1 0 1
-32.2887 -8.51913 325.556 -8.45908 -1.50467 72.4255 0.681166 -13 4211 1 0 1
-16.7498 44.4994 325.556 -4.43494 9.75508 71.5965 1.71675 -13 4212 1 0 1
15.4611 -44.5362 325.556 3.55946 -9.28609 70.1358 2.17212 -13 4213 1 0 1
-1.80418 40.5085 325.556 -0.0984079 5.55053 49.6856 3.21389 -13 4214 1 0 1
-69.0624 15.7462 325.556 -14.2394 1.77787 57.7605 2.20446 -13 4215 1 0 1
52.2084 8.02133 325.556 10.9688 1.48053 58.3825 3.0055 -13 4216 1 0 1
91.4404 -1.78575 325.556 14.8333 -0.385912 42.5995 3.4383 -13 4217 1 0 1
-44.4087 7.80703 325.556 -6.96333 0.387386 43.5058 2.86014 -13 4218 1 0 1
-23.7539 25.1333 325.556 -5.66443 4.67064 66.0651 0.610388 -13 4219 1 0 1
7.65067 -4.81329 325.556 1.58741 -0.452475 72.452 2.39393 -13 4220 1 0 1
-24.2262 -15.8216 325.556 -6.08616 -3.17557 69.2884 0.658979 -13 4221 1 0 1
-33.0521 -116.526 325.556 -6.70126 -17.6616 56.8107 1.46416 -13 4222 1 0 1
-51.032 13.2063 325.556 -13.9241 3.46055 75.5243 1.02444 -13 4223 1 0 1
36.1741 -17.4357 325.556 8.29566 -3.19716 66.7031 4.22595 -13 4224 1 0 1
-35.1136 35.3434 325.556 -9.21346 7.6259 72.8162 3.62248 -13 4225 1 0 1
-26.9994 -26.5525 325.556 -6.36702 -4.87326 65.3967 2.18838 -13 4226 1 0 1
6.48574 16.2502 325.556 1.39935 3.04968 67.3371 6.11697 -13 4227 1 0 1
-42.8851 38.7569 325.556 -7.76773 5.39184 51.135 0.817538 -13 4228 1 0 1
5.87392 -13.8275 325.556 1.24332 -3.24569 68.7187 2.14156 -13 4229 1 0 1
-28.9154 -16.053 325.556 -6.25028 -2.51844 60.7121 1.5582 -13 4230 1 0 1
4.22858 99.3354 325.556 0.790779 19.1404 66.8662 1.36944 -13 4231 1 0 1
6.81466 17.6999 325.556 1.1479 1.40641 35.2885 3.71361 -13 4232 1 0 1
-34.7354 27.196 325.556 -8.16187 4.8499 66.0015 2.48558 -13 4233 1 0 1
31.29 -23.7712 325.556 7.588 -5.23995 72.3245 1.31857 -13 4234 1 0 1
-41.9869 -103.297 325.556 -7.53633 -13.6348 50.2577 2.73696 -13 4235 1 0 1
-15.6785 16.4073 325.556 -3.85214 3.76379 67.3774 2.84422 -13 4236 1 0 1
-60.0608 -23.7128 325.556 -13.7056 -4.04375 64.2025 1.7513 -13 4237 1 0 1
22.5468 39.8863 325.556 5.03513 7.78274 64.2782 2.34472 -13 4238 1 0 1
-20.9524 -26.4946 325.556 -5.80061 -6.20177 73.8917 1.39166 -13 4239 1 0 1
-39.9383 -17.2067 325.556 -9.17617 -3.01768 64.6743 3.53291 -13 4240 1 0 1
-11.199 -24.1728 325.556 -4.09044 -5.73674 80.3881 2.45148 -13 4241 1 0 1
-2.32217 -78.6131 325.556 -1.39368 -17.607 77.6098 2.52456 -13 4242 1 0 1
10.5562 -46.1831 325.556 2.34914 -7.53996 61.9363 2.59269 -13 4243 1 0 1
-45.8247 -65.0912 325.556 -8.8523 -10.4368 54.3066 1.31015 -13 4244 1 0 1
-52.7017 -39.2909 325.556 -9.09939 -4.72277 48.3335 1.42479 -13 4245 1 0 1
-12.3378 -26.3433 325.556 -3.52478 -4.96798 72.7034 1.3327 -13 4246 1 0 1
-32.7917 59.267 325.556 -8.14131 11.2118 68.9055 3.25164 -13 4247 1 0 1
-66.3113 -29.4354 325.556 -16.3225 -6.11334 69.1691 2.81209 -13 4248 1 0 1
20.2342 -24.5803 325.556 3.97697 -3.15475 51.7254 2.77565 -13 4249 1 0 1
45.4989 -0.0434406 325.556 8.02312 0.214424 46.1789 3.62031 -13 4250 1 0 1
-4.35167 -41.8726 325.556 -1.0616 -7.80183 63.1089 0.585729 -13 4251 1 0 1
17.6904 9.12185 325.556 4.03884 1.32168 65.695 1.37863 -13 4252 1 0 1
-25.0852 -62.1361 325.556 -6.39704 -12.733 69.9621 1.52756 -13 4253 1 0 1
3.5188 37.3411 325.556 -0.0516085 8.66816 79.3546 0.850265 -13 4254 1 0 1
18.2031 -24.0397 325.556 4.1251 -4.57475 57.4248 2.66372 -13 4255 1 0 1
28.4521 -50.7607 325.556 6.46891 -9.40951 64.8467 2.28397 -13 4256 1 0 1
17.1564 -6.65148 325.556 3.79065 -1.10512 60.7713 4.28283 -13 4257 1 0 1
26.5406 -32.7075 325.556 5.82817 -5.49131 60.2412 0.861663 -13 4258 1 0 1
3.32415 -15.5482 325.556 0.368031 -3.95331 76.7885 3.80321 -13 4259 1 0 1
-11.6635 -36.6441 325.556 -3.14406 -6.80772 70.3696 3.30765 -13 4260 1 0 1
18.1639 -58.0302 325.556 2.95002 -5.90245 38.9458 3.05327 -13 4261 1 0 1
-11.1383 37.4551 325.556 -3.41855 8.82123 75.7345 1.95403 -13 4262 1 0 1
-34.4231 42.2464 325.556 -7.41398 6.57373 61.4755 1.2751 -13 4263 1 0 1
-56.81 -39.7548 325.556 -12.9225 -7.40666 64.3812 1.15589 -13 4264 1 0 1
-44.5602 9.61997 325.556 -13.0725 2.62937 78.3982 0.981139 -13 4265 1 0 1
-28.1524 82.2303 325.556 -6.83969 15.7606 66.6709 2.81792 -13 4266 1 0 1
-4.54767 20.6803 325.556 -1.85132 4.78979 77.9514 3.58402 -13 4267 1 0 1
-26.4474 7.40989 325.556 -5.1253 1.47224 55.7504 1.94217 -13 4268 1 0 1
-47.0533 -24.793 325.556 -9.32163 -4.1471 55.9413 0.751519 -13 4269 1 0 1
6.29864 39.0944 325.556 1.40263 7.24357 64.759 2.18823 -13 4270 1 0 1
12.5611 13.4498 325.556 2.74241 2.14614 59.3197 0.0741907 -13 4271 1 0 1
64.8073 -13.1555 325.556 14.7496 -3.04502 64.8484 2.47672 -13 4272 1 0 1
-28.5791 13.4447 325.556 -6.60553 2.13469 65.1017 1.47602 -13 4273 1 0 1
-48.0918 -62.5526 325.556 -8.78198 -8.67227 51.711 3.11739 -13 4275 1 0 1
-25.1308 33.2154 325.556 -4.70078 4.78838 54.3901 1.90513 -13 4276 1 0 1
-26.1356 -5.41334 325.556 -7.96249 -1.03175 80.0264 2.49485 -13 4277 1 0 1
-80.3382 -6.62182 325.556 -17.4328 -0.327921 60.5507 1.3701 -13 4278 1 0 1
2.33529 34.9587 325.556 0.242125 7.21868 72.339 2.93006 -13 4279 1 0 1
5.00149 -38.918 325.556 1.13122 -6.35945 56.8508 1.8213 -13 4280 1 0 1
-22.5291 -67.7325 325.556 -4.39627 -11.0418 56.1247 1.17109 -13 4281 1 0 1
-1.42592 -11.9348 325.556 -0.210187 -2.27069 59.8452 2.05121 -13 4282 1 0 1
-26.7466 -39.2599 325.556 -7.69737 -8.29717 77.3424 -0.0149305 -13 4283 1 0 1
-13.2331 20.9473 325.556 -3.66612 4.10583 71.0945 2.15969 -13 4284 1 0 1
6.96646 0.240495 325.556 1.56591 -0.238314 57.4618 2.45926 -13 4285 1 0 1
38.1964 -34.0335 325.556 8.65653 -6.37244 66.2609 2.09851 -13 4286 1 0 1
15.5371 4.99507 325.556 3.45748 0.684022 60.1494 3.12527 -13 4287 1 0 1
-16.0725 80.7173 325.556 -2.99714 12.0573 54.6252 2.0953 -13 4288 1 0 1
32.1071 6.90415 325.556 7.73049 1.56713 72.1652 1.79959 -13 4290 1 0 1
-23.6935 -23.5151 325.556 -6.08103 -4.50614 71.8121 2.80507 -13 4291 1 0 1
-0.49213 8.00306 325.556 -0.776668 1.63488 77.0643 3.66772 -13 4292 1 0 1
-52.829 -41.1347 325.556 -13.9882 -8.41473 73.6695 1.0536 -13 4293 1 0 1
-32.3907 7.49837 325.556 -8.10694 0.988875 69.2861 1.88376 -13 4294 1 0 1
-39.8656 -15.7162 325.556 -8.75351 -2.93646 61.7308 0.0299897 -13 4295 1 0 1
-39.7428 18.2788 325.556 -10.1319 3.3346 71.2155 2.39371 -13 4296 1 0 1
-20.31 15.3784 325.556 -3.83027 2.41504 54.9009 2.34717 -13 4297 1 0 1
-27.9613 -16.1748 325.556 -6.60446 -3.10432 65.9686 1.90875 -13 4298 1 0 1
27.9039 15.168 325.556 5.03638 1.808 46.9671 2.06483 -13 4299 1 0 1
-16.1058 -30.7015 325.556 -4.93542 -6.53176 77.7747 4.53523 -13 4300 1 0 1
81.7069 48.3992 325.556 14.5509 6.27256 47.8918 4.44858 -13 4301 1 0 1
37.9194 22.8764 325.556 7.06027 3.04372 49.6924 2.81893 -13 4302 1 0 1
-33.2595 22.0797 325.556 -7.55588 4.15688 63.8101 2.42879 -13 4303 1 0 1
29.2817 3.86385 325.556 6.8816 1.05435 66.8846 -0.89071 -13 4304 1 0 1
61.6936 -2.7442 325.556 9.5196 -0.0529694 39.5089 2.31593 -13 4305 1 0 1
-16.8172 47.9398 325.556 -3.85796 8.64665 64.1517 1.8388 -13 4306 1 0 1
-25.1571 -5.24415 325.556 -5.80759 -0.685205 64.854 3.43531 -13 4307 1 0 1
-17.8167 39.6122 325.556 -4.92073 8.59957 72.9248 4.54954 -13 4308 1 0 1
36.9427 -1.12463 325.556 8.8304 -0.66516 70.2326 1.00812 -13 4309 1 0 1
19.2253 20.821 325.556 4.15864 2.92477 58.5079 2.19602 -13 4310 1 0 1
131.788 -12.8694 325.556 17.7148 -1.18736 33.6419 1.72425 -13 4311 1 0 1
-83.9907 16.6476 325.556 -22.1345 3.42849 73.3132 2.21046 -13 4312 1 0 1
16.5738 -12.7773 325.556 3.69039 -2.30108 64.4245 1.37267 -13 4313 1 0 1
15.8975 -43.5021 325.556 3.44038 -7.1019 60.1027 2.56138 -13 4314 1 0 1
-49.046 47.0092 325.556 -8.14639 5.90018 46.606 3.21239 -13 4315 1 0 1
13.7517 3.83136 325.556 3.07915 0.340901 62.0044 1.07499 -13 4316 1 0 1
19.4751 56.6529 325.556 4.38694 10.5882 66.3475 3.26761 -13 4317 1 0 1
5.77115 -106.089 325.556 1.18281 -13.2406 47.3145 2.90584 -13 4318 1 0 1
6.61524 21.7814 325.556 1.40313 4.77407 74.3208 1.3875 -13 4319 1 0 1
62.4794 60.1857 325.556 14.5545 11.5948 67.2017 1.73849 -13 4320 1 0 1
-28.9635 21.1001 325.556 -7.49659 3.59298 70.7882 2.74006 -13 4321 1 0 1
1.27636 9.21009 325.556 -0.0264884 1.95465 72.1553 0.702671 -13 4322 1 0 1
10.9673 -33.6069 325.556 2.43196 -6.52084 70.6187 0.575667 -13 4323 1 0 1
53.5343 9.67572 325.556 5.39037 0.240952 23.536 4.09651 -13 4324 1 0 1
27.5803 -56.575 325.556 6.32598 -10.7419 66.5499 2.94072 -13 4325 1 0 1
18.6018 -40.311 325.556 4.21311 -7.9536 66.6128 1.49782 -13 4326 1 0 1
60.5042 60.2943 325.556 8.69102 5.3585 37.0872 2.2926 -13 4327 1 0 1
-71.8712 11.4093 325.556 -19.9526 2.14471 76.7476 0.859591 -13 4328 1 0 1
110.758 -45.1834 325.556 24.766 -8.44958 63.0745 -0.0430302 -13 4329 1 0 1
-17.0529 7.6142 325.556 -4.33496 1.0093 68.9414 0.632862 -13 4330 1 0 1
-9.65079 42.3618 325.556 -1.81752 6.19853 56.1195 1.9822 -13 4331 1 0 1
-57.5935 -31.7288 325.556 -10.6918 -3.99026 52.049 2.85978 -13 4332 1 0 1
58.4461 -20.3804 325.556 12.6343 -4.00239 60.6752 0.218285 -13 4333 1 0 1
-10.2142 10.7614 325.556 -1.62639 1.22147 51.3616 0.977075 -13 4334 1 0 1
-35.9805 -17.5054 325.556 -7.14401 -3.05972 57.0983 1.88356 -13 4335 1 0 1
-24.2865 65.2609 325.556 -7.74445 14.7545 77.7161 0.276625 -13 4336 1 0 1
1.56494 -48.7634 325.556 0.483632 -8.06871 59.0205 1.65108 -13 4337 1 0 1
23.0601 -0.653288 325.556 4.27309 0.355333 47.5363 1.20974 -13 4338 1 0 1
11.2407 -23.9846 325.556 2.40146 -3.86046 56.182 1.95777 -13 4339 1 0 1
29.5828 5.80136 325.556 7.20345 0.952043 72.8016 2.54029 -13 4340 1 0 1
-18.983 -27.3136 325.556 -5.17948 -6.10089 73.458 2.55429 -13 4341 1 0 1
-16.0543 46.542 325.556 -3.29933 7.46502 58.2632 0.998471 -13 4342 1 0 1
13.1 0.25413 325.556 2.90894 0.0171251 66.3899 3.144 -13 4343 1 0 1
-22.4857 19.2125 325.556 -6.43996 4.05285 74.9738 -0.0483197 -13 4344 1 0 1
14.3298 -22.7995 325.556 3.27644 -5.09898 70.808 2.32948 -13 4345 1 0 1
-83.1054 -11.5595 325.556 -16.2991 -1.22782 54.5915 0.690843 -13 4346 1 0 1
79.238 18.9021 325.556 5.93635 0.336888 15.8008 7.89982 -13 4347 1 0 1
-0.834287 5.10272 325.556 -0.149583 0.728799 61.3979 5.14663 -13 4348 1 0 1
-36.4199 74.0249 325.556 -8.00031 12.8247 61.7576 3.12588 -13 4349 1 0 1
-11.2944 49.3623 325.556 -1.95745 7.04036 54.3251 2.69677 -13 4350 1 0 1
2.06725 -11.751 325.556 0.285367 -1.9573 67.5387 2.20958 -13 4351 1 0 1
20.2807 4.66032 325.556 4.25809 0.938032 56.1557 2.963 -13 4352 1 0 1
24.4765 -5.64387 325.556 4.50261 -0.957543 47.0636 3.12475 -13 4353 1 0 1
56.9994 -7.96734 325.556 12.4472 -1.0056 60.4529 2.82411 -13 4354 1 0 1
-3.85288 9.56389 325.556 -1.46712 2.09166 74.9189 1.53974 -13 4355 1 0 1
-36.8932 -8.64377 325.556 -8.86629 -1.85127 67.0622 2.18619 -13 4356 1 0 1
-33.8441 -20.0249 325.556 -9.54332 -4.47064 76.9207 0.693973 -13 4357 1 0 1
-19.3357 -28.0342 325.556 -4.90732 -5.23638 69.5271 0.752893 -13 4358 1 0 1
-12.1448 6.671 325.556 -3.17912 1.67792 69.6593 3.38806 -13 4359 1 0 1
16.2329 -41.4184 325.556 3.37133 -6.12996 55.5537 0.893181 -13 4360 1 0 1
-20.14 -49.3245 325.556 -5.85694 -10.6053 75.7573 3.16282 -13 4361 1 0 1
-0.731267 27.6224 325.556 -0.409918 5.97849 67.6856 2.36548 -13 4362 1 0 1
14.5683 -48.4395 325.556 3.08606 -8.28839 59.6993 2.7408 -13 4363 1 0 1
23.961 41.8014 325.556 5.00092 6.51188 57.155 3.18244 -13 4364 1 0 1
-173.579 -71.2571 325.556 -27.7842 -7.35244 41.3079 4.97936 -13 4365 1 0 1
75.5773 -25.2534 325.556 14.5981 -3.79386 52.6337 4.79484 -13 4366 1 0 1
31.429 5.8973 325.556 7.50021 1.53022 69.7939 1.51852 -13 4367 1 0 1
20.4442 -79.8086 325.556 3.78217 -9.94791 47.6096 4.06838 -13 4368 1 0 1
-8.8266 -18.1144 325.556 -2.34142 -3.31354 69.4016 0.52313 -13 4369 1 0 1
22.9089 -49.6717 325.556 4.86019 -8.17139 58.6298 -0.054598 -13 4370 1 0 1
-2.82945 44.4584 325.556 -0.947571 8.80613 71.3351 2.86239 -13 4371 1 0 1
17.8399 -20.3792 325.556 3.64949 -2.74003 54.7281 0.364663 -13 4372 1 0 1
-43.2112 -4.40492 325.556 -9.02117 -0.124227 59.2584 -0.340994 -13 4373 1 0 1
84.9582 -143.484 325.556 12.6717 -13.2699 38.0744 5.02557 -13 4374 1 0 1
-7.90716 -27.1995 325.556 -1.88354 -5.69687 66.4479 1.51497 -13 4375 1 0 1
-16.3128 40.0146 325.556 -4.00667 7.83279 68.2883 3.0869 -13 4376 1 0 1
-36.7032 -51.4013 325.556 -7.84752 -9.28094 60.5622 4.14513 -13 4377 1 0 1
-109.025 121.424 325.556 -20.9277 16.9685 52.6127 3.97485 -13 4378 1 0 1
67.2698 21.0769 325.556 13.9953 3.56915 57.5156 2.00547 -13 4379 1 0 1
23.1088 -17.924 325.556 5.50076 -3.75433 72.4531 0.976993 -13 4380 1 0 1
16.7926 28.7527 325.556 3.81006 6.04581 68.2521 2.78879 -13 4381 1 0 1
-35.6166 -12.8407 325.556 -7.32739 -1.66088 58.6028 0.436305 -13 4382 1 0 1
33.9935 7.25865 325.556 7.47547 1.15734 62.6722 2.34831 -13 4383 1 0 1
52.0571 5.33812 325.556 13.178 1.30183 78.305 2.25393 -13 4384 1 0 1
0.841998 1.99408 325.556 0.00480619 0.35944 68.5749 3.00723 -13 4385 1 0 1
-30.7253 -0.333733 325.556 -7.12233 -0.358183 65.0978 3.2415 -13 4386 1 0 1
-78.5782 81.1987 325.556 -18.9133 15.6104 67.0318 2.14637 -13 4387 1 0 1
-19.298 -72.9345 325.556 -4.20959 -12.5457 61.7901 3.0191 -13 4388 1 0 1
11.6628 -27.1519 325.556 2.26223 -3.68792 46.2613 2.81089 -13 4389 1 0 1
-33.4439 -25.8209 325.556 -5.38941 -3.09335 45.5748 3.41039 -13 4390 1 0 1
-30.0212 33.0304 325.556 -7.27952 6.1608 67.7341 0.473631 -13 4391 1 0 1
34.4276 -47.9986 325.556 6.8369 -6.89745 52.7319 4.22764 -13 4392 1 0 1
0.706181 26.7203 325.556 -0.127898 5.47027 71.5908 0.830258 -13 4393 1 0 1
7.10512 61.6001 325.556 1.52581 10.2522 58.8555 0.576005 -13 4394 1 0 1
-85.6371 -16.5824 325.556 -18.8516 -3.40523 61.4171 2.54986 -13 4395 1 0 1
-30.9206 13.5103 325.556 -6.55501 2.43646 60.623 2.2301 -13 4396 1 0 1
-16.0946 28.6139 325.556 -4.05213 5.15281 70.2036 1.71032 -13 4397 1 0 1
6.54927 -11.4692 325.556 1.46133 -2.11831 61.0745 3.18548 -13 4398 1 0 1
9.67874 -59.0138 325.556 1.933 -7.67013 48.308 2.63351 -13 4399 1 0 1
-3.37417 36.4747 325.556 -0.858693 7.55023 66.1841 3.61948 -13 4400 1 0 1
-26.871 -39.1362 325.556 -7.20114 -8.2472 73.1653 0.516285 -13 4401 1 0 1
-42.8499 13.4665 325.556 -8.23034 2.30344 54.4402 0.833766 -13 4402 1 0 1
44.401 -18.7758 325.556 9.94613 -3.57201 62.6468 3.90829 -13 4403 1 0 1
-17.2081 -0.167703 325.556 -2.81228 0.382544 48.4625 2.00868 -13 4404 1 0 1
27.5337 7.85343 325.556 5.6615 0.972374 56.5 3.67554 -13 4405 1 0 1
17.6324 -35.3674 325.556 4.10561 -7.33244 68.6495 3.56757 -13 4406 1 0 1
4.88914 24.925 325.556 1.17453 3.58696 52.0768 4.26592 -13 4408 1 0 1
93.634 31.6424 325.556 21.0286 5.20263 63.8457 1.77254 -13 4409 1 0 1
-28.1146 25.2826 325.556 -5.06317 3.73374 51.1894 2.08526 -13 4410 1 0 1
-11.5894 40.7059 325.556 -2.08166 6.04157 54.4209 1.97717 -13 4411 1 0 1
7.32085 -1.60112 325.556 1.65463 0.302217 67.5156 2.36557 -13 4412 1 0 1
-6.4314 -24.4589 325.556 -1.73198 -4.9106 69.8386 3.28648 -13 4413 1 0 1
17.4438 -3.48513 325.556 4.1246 -0.623543 81.4829 1.28736 -13 4414 1 0 1
14.277 -6.32271 325.556 3.27581 -1.39071 66.7999 1.50768 -13 4415 1 0 1
93.8236 -0.702918 325.556 16.3894 0.135133 46.0669 1.027 -13 4416 1 0 1
116.416 2.24623 325.556 22.384 -0.302851 52.1026 3.15661 -13 4417 1 0 1
-66.1811 -3.03602 325.556 -12.9184 -0.48942 54.9609 0.507987 -13 4418 1 0 1
-67.4648 25.2317 325.556 -17.2206 5.14325 71.3363 0.749637 -13 4419 1 0 1
-20.6249 -15.2983 325.556 -5.63069 -2.55393 73.0141 1.81151 -13 4420 1 0 1
3.7614 1.29851 325.556 0.788814 -0.0524918 65.0658 0.182933 -13 4421 1 0 1
-2.49171 5.14853 325.556 -0.228869 0.791065 50.9517 3.43266 -13 4422 1 0 1
47.115 -40.2061 325.556 8.19682 -5.07773 46.1803 1.65672 -13 4423 1 0 1
10.7394 -41.2565 325.556 1.86271 -4.33386 41.8173 4.74908 -13 4424 1 0 1
-69.1411 -1.90297 325.556 -13.7038 -0.156596 55.3014 3.44661 -13 4425 1 0 1
-37.6972 -5.86599 325.556 -8.89202 -1.06405 66.3987 0.779356 -13 4426 1 0 1
37.0201 -51.4305 325.556 7.39334 -7.11771 54.2566 4.23506 -13 4428 1 0 1
-7.34091 -16.7698 325.556 -1.77273 -3.04463 66.6552 2.86175 -13 4429 1 0 1
-42.9374 -34.9192 325.556 -8.70446 -5.52567 57.5486 -0.0389051 -13 4430 1 0 1
-19.693 41.5297 325.556 -4.92879 7.35846 69.3206 1.74743 -13 4431 1 0 1
89.2185 -8.51308 325.556 18.8009 -0.943287 58.4032 1.30214 -13 4432 1 0 1
-9.65231 -36.2525 325.556 -2.00277 -6.35436 61.78 0.618037 -13 4433 1 0 1
-34.6134 -27.2897 325.556 -8.2033 -5.0091 66.7583 2.70577 -13 4434 1 0 1
28.2365 -1.88344 325.556 6.44254 -0.844946 64.6346 3.49906 -13 4435 1 0 1
-94.0501 -69.0194 325.556 -21.2013 -12.2212 62.6638 2.81531 -13 4436 1 0 1
93.1691 32.1986 325.556 11.1546 2.15302 29.1963 5.8129 -13 4437 1 0 1
18.5353 30.5449 325.556 4.09049 5.28368 61.5558 1.93001 -13 4438 1 0 1
-38.3159 -42.3813 325.556 -9.74794 -8.39545 70.2666 1.32383 -13 4439 1 0 1
-41.4173 -15.9729 325.556 -9.60413 -3.29353 65.3458 3.00668 -13 4440 1 0 1
44.2004 -1.07559 325.556 9.9981 -0.649963 64.8838 2.0686 -13 4441 1 0 1
54.8403 47.2784 325.556 10.7705 7.39576 54.1975 4.05455 -13 4442 1 0 1
-11.2006 9.31253 325.556 -2.50929 1.79827 63.2837 2.9302 -13 4443 1 0 1
-6.83872 3.09206 325.556 -1.45689 0.18922 61.6764 1.83622 -13 4444 1 0 1
-6.38474 40.9899 325.556 -2.12265 8.88091 73.8618 1.65618 -13 4445 1 0 1
51.3568 -7.93764 325.556 9.46247 -1.02092 49.2458 1.85522 -13 4446 1 0 1
-27.9265 48.536 325.556 -3.43734 4.26706 34.2967 3.37226 -13 4447 1 0 1
-14.7048 72.1027 325.556 -1.86746 6.84648 37.6649 5.43643 -13 4448 1 0 1
-1.40692 -2.36149 325.556 -0.0151185 -0.185216 44.8189 3.13875 -13 4449 1 0 1
-34.5938 -31.838 325.556 -8.727 -6.05461 69.9829 3.34556 -13 4450 1 0 1
-7.38298 -6.30976 325.556 -1.95267 -1.28126 68.6747 2.30227 -13 4451 1 0 1
14.429 -26.4015 325.556 2.7711 -3.23341 48.4569 1.56768 -13 4452 1 0 1
-49.4192 31.8033 325.556 -9.66734 4.86985 55.86 2.91692 -13 4453 1 0 1
-6.90054 56.6848 325.556 -1.24075 8.61921 53.4597 2.3672 -13 4454 1 0 1
-65.3347 2.12487 325.556 -12.7997 0.561807 54.8833 1.95661 -13 4455 1 0 1
3.49014 -9.97319 325.556 0.676871 -1.42611 66.4015 2.4485 -13 4456 1 0 1
-13.8255 30.3392 325.556 -3.68444 5.81213 71.4661 3.14395 -13 4457 1 0 1
12.2716 -61.6358 325.556 2.64923 -9.31385 57.0878 3.00274 -13 4458 1 0 1
39.1906 -10.6824 325.556 8.73858 -1.79686 62.793 0.755886 -13 4460 1 0 1
0.827394 -2.42106 325.556 -0.371766 -0.0409643 76.5529 3.71352 -13 4461 1 0 1
-64.448 31.679 325.556 -15.2215 5.706 66.1906 3.44045 -13 4462 1 0 1
-3.34358 -4.89005 325.556 -0.53576 -0.0135772 55.9734 2.32123 -13 4463 1 0 1
18.3902 29.2117 325.556 4.24161 5.31306 69.6255 1.68139 -13 4464 1 0 1
0.910224 -51.9481 325.556 0.332613 -8.28831 59.4135 0.616129 -13 4465 1 0 1
32.7926 -24.9678 325.556 8.15321 -6.21659 78.6767 0.505787 -13 4466 1 0 1
-82.4747 2.05535 325.556 -19.8266 0.581734 67.3049 1.60988 -13 4467 1 0 1
-12.8972 23.5271 325.556 -3.54676 4.60214 72.1919 1.30292 -13 4468 1 0 1
10.609 -21.8079 325.556 2.32594 -4.84549 72.8406 2.47988 -13 4469 1 0 1
65.5669 -1.08331 325.556 8.45506 -0.069077 32.4554 2.60337 -13 4470 1 0 1
30.0437 -32.7027 325.556 6.55741 -5.70249 61.0899 1.74494 -13 4471 1 0 1
-30.4647 -12.2515 325.556 -7.16956 -2.14291 66.1334 2.12 -13 4473 1 0 1
15.6283 8.60496 325.556 3.50058 1.48762 63.6664 2.19764 -13 4474 1 0 1
74.5374 -99.8726 325.556 15.1785 -15.2831 56.5331 2.89701 -13 4475 1 0 1
-0.907104 -17.4586 325.556 -0.127484 -2.92979 58.2763 0.875446 -13 4476 1 0 1
22.7057 -9.3498 325.556 4.79704 -0.779588 56.4029 2.6319 -13 4477 1 0 1
19.8242 2.22653 325.556 3.78022 0.424358 50.9416 4.27515 -13 4478 1 0 1
4.78146 -4.87172 325.556 1.00785 -1.24873 64.8687 0.474906 -13 4479 1 0 1
-25.4096 67.6754 325.556 -5.87157 12.3288 64.1932 1.69505 -13 4480 1 0 1
21.8615 -53.5123 325.556 4.51612 -8.01214 56.6257 2.98317 -13 4481 1 0 1
-6.26106 -10.445 325.556 -1.93425 -1.7023 71.6541 2.24195 -13 4482 1 0 1
-4.25117 28.9547 325.556 -1.90692 6.6185 79.5079 -0.0739903 -13 4483 1 0 1
-41.0196 44.8544 325.556 -5.23918 3.89435 34.6407 3.44852 -13 4484 1 0 1
-45.4914 17.9901 325.556 -6.07636 2.08852 36.2598 5.87922 -13 4485 1 0 1
32.924 30.7269 325.556 5.85444 4.24603 46.3917 2.12863 -13 4486 1 0 1
42.7087 -0.612222 325.556 9.33388 -0.0981256 61.0121 1.52166 -13 4487 1 0 1
-48.8701 -17.618 325.556 -11.9885 -3.69224 68.6755 0.792756 -13 4488 1 0 1
56.9724 -4.31645 325.556 11.6217 -0.550074 55.6329 4.31575 -13 4489 1 0 1
18.7036 11.7276 325.556 3.28267 1.40966 42.1178 0.676952 -13 4490 1 0 1
-10.8777 -35.5347 325.556 -2.85725 -6.93827 69.5356 2.59971 -13 4491 1 0 1
4.96779 -9.22036 325.556 0.889059 -2.5521 72.9316 1.81787 -13 4492 1 0 1
-31.1379 -41.0947 325.556 -8.6924 -9.27491 75.8592 0.764785 -13 4493 1 0 1
-4.0213 0.286159 325.556 -0.647878 0.228507 57.134 2.27665 -13 4494 1 0 1
34.3543 59.7378 325.556 7.97763 11.2947 67.0689 1.72029 -13 4495 1 0 1
-11.3351 -11.2031 325.556 -2.49042 -1.82371 64.2158 0.428944 -13 4496 1 0 1
-23.3505 22.8222 325.556 -7.1172 5.83545 79.0338 2.41144 -13 4497 1 0 1
31.8216 -2.92471 325.556 7.7756 0.49606 75.5554 3.59819 -13 4498 1 0 1
-30.887 21.1784 325.556 -7.70921 4.15725 69.8891 2.02378 -13 4499 1 0 1
-25.0613 4.05976 325.556 -5.48542 0.602377 62.0703 1.70616 -13 4500 1 0 1
7.31071 -4.76472 325.556 1.54067 -1.28085 68.2697 2.6849 -13 4501 1 0 1
145.819 -11.7402 325.556 25.4795 -1.45143 46.1158 2.55896 -13 4503 1 0 1
23.8194 67.8932 325.556 4.7213 9.79418 52.5326 3.01666 -13 4504 1 0 1
26.6149 70.5996 325.556 3.47548 5.2937 31.804 4.24242 -13 4505 1 0 1
51.704 -25.8655 325.556 10.8031 -4.61007 57.2686 1.7348 -13 4506 1 0 1
28.4206 39.8752 325.556 6.21838 7.23136 61.8876 0.360196 -13 4507 1 0 1
-31.0878 19.9474 325.556 -7.09775 3.80546 64.3078 2.22266 -13 4508 1 0 1
-7.03656 30.7798 325.556 -2.12619 6.47018 72.8476 -0.350962 -13 4509 1 0 1
36.1679 14.0387 325.556 8.70446 2.9117 71.4606 0.654266 -13 4510 1 0 1
-53.8208 -21.9409 325.556 -13.0523 -4.29932 67.8475 1.30664 -13 4511 1 0 1
31.535 22.8624 325.556 7.34242 4.65366 66.9481 1.50656 -13 4512 1 0 1
4.74035 2.9368 325.556 1.0767 0.5638 58.1839 4.57508 -13 4513 1 0 1
14.3018 -1.58613 325.556 3.25198 -0.634792 64.1793 1.6549 -13 4514 1 0 1
39.6247 28.0822 325.556 8.6808 5.05458 61.4276 -0.298605 -13 4515 1 0 1
-24.6614 -38.9836 325.556 -5.5106 -6.89303 62.9678 3.49134 -13 4516 1 0 1
9.04047 -76.8523 325.556 1.9562 -12.6046 59.4897 3.45427 -13 4517 1 0 1
39.1475 15.573 325.556 8.24391 2.43574 58.7214 1.38059 -13 4518 1 0 1
6.46716 -15.1676 325.556 1.39217 -2.5522 56.2957 2.89243 -13 4519 1 0 1
11.9473 4.428 325.556 2.63945 0.40725 62.7347 0.733136 -13 4520 1 0 1
-21.3313 8.27344 325.556 -6.64191 1.55658 80.535 2.098 -13 4521 1 0 1
101.22 -92.3484 325.556 12.3971 -6.56577 30.1354 5.11806 -13 4522 1 0 1
-24.4557 53.5419 325.556 -5.59151 9.9867 64.7704 5.04114 -13 4523 1 0 1
10.9742 -15.1792 325.556 2.39198 -3.56553 68.4272 2.22912 -13 4524 1 0 1
99.1329 67.1665 325.556 19.8681 9.95774 55.2522 3.94208 -13 4525 1 0 1
-18.2859 -45.8073 325.556 -4.28007 -8.81753 65.6428 1.85453 -13 4526 1 0 1
-16.7998 -1.27885 325.556 -3.88963 -0.115513 65.1298 3.60608 -13 4527 1 0 1
42.3446 0.244886 325.556 8.81865 -0.125091 56.7091 3.98845 -13 4528 1 0 1
-3.30772 15.6989 325.556 -0.536068 1.96015 55.0132 4.01429 -13 4529 1 0 1
24.7828 -7.61856 325.556 5.80056 -1.66979 68.0469 2.65188 -13 4530 1 0 1
34.6417 -6.89903 325.556 7.34063 -0.99871 58.3502 -0.265995 -13 4531 1 0 1
-17.9769 73.8919 325.556 -3.07928 10.2524 50.0247 2.91153 -13 4532 1 0 1
-40.6368 11.7318 325.556 -7.22831 1.35969 50.1027 0.39499 -13 4533 1 0 1
-52.8524 4.83447 325.556 -9.95346 1.32163 53.1756 2.31411 -13 4534 1 0 1
51.7844 40.5957 325.556 11.1032 6.65586 59.5981 2.36767 -13 4535 1 0 1
8.01938 47.1469 325.556 1.85786 7.67721 62.7559 1.89835 -13 4536 1 0 1
-26.104 -37.4125 325.556 -6.45743 -7.91775 68.2505 -0.0128551 -13 4537 1 0 1
-24.2198 -18.0658 325.556 -5.37131 -3.69815 62.7299 -0.232438 -13 4538 1 0 1
-26.0904 -10.71 325.556 -6.31066 -1.9027 67.9936 1.54992 -13 4539 1 0 1
3.20275 -36.7935 325.556 0.345545 -7.68284 72.8678 2.86782 -13 4540 1 0 1
-18.866 60.3752 325.556 -5.19845 11.9966 72.8316 0.686351 -13 4541 1 0 1
-31.4219 -25.3398 325.556 -7.30551 -5.05387 64.9884 -0.00235367 -13 4542 1 0 1
31.821 -8.24257 325.556 7.26065 -1.66505 65.4765 1.90924 -13 4543 1 0 1
-3.29694 -12.1951 325.556 -1.33704 -2.28529 74.9728 1.28226 -13 4544 1 0 1
-31.4426 15.2063 325.556 -8.12498 2.56255 71.3106 2.59869 -13 4545 1 0 1
16.3364 28.4841 325.556 2.50488 2.29949 36.326 3.71004 -13 4546 1 0 1
17.1169 4.62661 325.556 4.10786 0.579777 74.2427 1.64514 -13 4547 1 0 1
37.2046 -9.71633 325.556 8.8854 -1.58236 70.104 3.89875 -13 4548 1 0 1
5.20419 17.6285 325.556 1.09329 3.62264 65.649 0.723508 -13 4549 1 0 1
-26.6172 45.0504 325.556 -7.92636 10.1168 77.6459 1.02478 -13 4550 1 0 1
35.8737 -81.6146 325.556 8.57192 -16.7108 71.0447 0.888004 -13 4551 1 0 1
13.0311 -23.7007 325.556 2.93408 -3.74849 66.0281 1.99808 -13 4552 1 0 1
-19.7099 73.3379 325.556 -4.59602 13.0929 64.42 0.729547 -13 4553 1 0 1
36.0668 27.1714 325.556 7.25327 3.96153 54.0043 1.8851 -13 4554 1 0 1
-57.664 76.9266 325.556 -12.7429 13.3294 61.563 2.47523 -13 4555 1 0 1
-45.0499 14.5899 325.556 -11.3966 2.83815 70.5801 3.2513 -13 4556 1 0 1
-44.7725 4.4076 325.556 -9.9114 0.726761 62.6021 0.290021 -13 4558 1 0 1
45.6425 111.317 325.556 10.0877 19.1077 62.8301 4.45953 -13 4559 1 0 1
-35.5189 -28.1854 325.556 -8.4984 -5.44659 66.4914 2.11903 -13 4560 1 0 1
-41.9864 57.3415 325.556 -8.39156 8.41222 56.2826 2.36186 -13 4561 1 0 1
87.1378 -67.386 325.556 13.0817 -6.71473 38.8268 4.25347 -13 4562 1 0 1
-31.7531 -106.779 325.556 -7.28508 -18.5705 64.0786 3.84823 -13 4563 1 0 1
43.2793 21.8718 325.556 10.0089 4.76004 65.77 3.91887 -13 4565 1 0 1
51.6202 -8.50914 325.556 11.9989 -1.64585 67.3048 2.16264 -13 4566 1 0 1
78.9182 46.1762 325.556 16.9155 7.77208 60.0444 1.51145 -13 4567 1 0 1
-91.1791 -17.5888 325.556 -18.3601 -2.59327 55.8652 2.94722 -13 4568 1 0 1
-67.5717 55.5659 325.556 -14.5614 9.0398 60.5064 2.19452 -13 4570 1 0 1
-2.67615 31.0068 325.556 -0.60672 5.92089 63.9489 1.4596 -13 4571 1 0 1
-47.2108 -20.7816 325.556 -13.5878 -4.40756 78.0965 3.4096 -13 4572 1 0 1
116.78 -53.4395 325.556 19.2219 -6.07348 43.2794 -0.292598 -13 4573 1 0 1
-18.1374 -21.2466 325.556 -4.18282 -3.74554 64.0709 2.38098 -13 4574 1 0 1
3.87572 -51.7992 325.556 0.80741 -8.94633 66.6373 2.07935 -13 4575 1 0 1
86.1259 -55.0208 325.556 16.6318 -7.61162 52.8641 2.52076 -13 4576 1 0 1
-17.8269 -8.33018 325.556 -3.30323 -1.13288 54.3735 1.16989 -13 4578 1 0 1
-42.3338 -5.93663 325.556 -8.36956 -1.57445 55.8915 0.972532 -13 4579 1 0 1
4.46986 -2.61402 325.556 0.583246 -1.25533 77.9487 1.54524 -13 4580 1 0 1
-64.0236 2.62109 325.556 -13.9458 0.38177 61.3465 4.27807 -13 4581 1 0 1
-18.4329 3.65684 325.556 -3.55736 0.77627 56.5627 1.12422 -13 4582 1 0 1
-21.9005 38.5356 325.556 -3.10228 3.90351 39.8116 3.01081 -13 4583 1 0 1
3.05075 41.2825 325.556 0.821105 6.95163 58.3519 1.07493 -13 4585 1 0 1
26.9266 15.6363 325.556 6.01274 2.85945 62.2962 2.01693 -13 4586 1 0 1
3.5703 -84.442 325.556 0.78516 -13.5193 58.3048 3.3061 -13 4587 1 0 1
-134.929 -62.2191 325.556 -19.068 -5.90278 36.3351 3.36726 -13 4588 1 0 1
53.7813 47.8238 325.556 4.95696 1.98546 21.1339 4.53255 -13 4589 1 0 1
45.0022 21.8924 325.556 9.55422 3.70706 58.8201 1.85429 -13 4590 1 0 1
17.7035 50.2615 325.556 3.57317 7.44007 54.4583 0.815026 -13 4591 1 0 1
-16.7691 23.6727 325.556 -3.63248 4.33448 62.1139 2.05575 -13 4592 1 0 1
-10.6609 58.6367 325.556 -1.81901 8.01837 51.8245 3.02071 -13 4593 1 0 1
-20.9363 -5.36943 325.556 -4.75664 -0.64967 64.3397 1.21309 -13 4594 1 0 1
-3.94283 -7.02741 325.556 -1.03011 -1.42552 66.04 1.51751 -13 4595 1 0 1
108.444 -45.5971 325.556 19.4775 -5.8685 48.0613 3.92685 -13 4596 1 0 1
-7.16592 3.78638 325.556 -1.08203 0.534144 47.6689 2.9927 -13 4597 1 0 1
59.5293 29.7474 325.556 11.8854 4.48465 54.5319 2.58288 -13 4598 1 0 1
-11.8625 36.9503 325.556 -3.73292 8.54627 76.1788 2.23987 -13 4599 1 0 1
-77.0452 13.7497 325.556 -17.7692 2.48395 64.5995 1.56097 -13 4600 1 0 1
-13.2166 40.693 325.556 -3.01441 7.67613 65.5757 3.62376 -13 4601 1 0 1
-19.6726 -22.7889 325.556 -5.52661 -4.85939 74.8593 2.56527 -13 4602 1 0 1
27.5582 -56.9155 325.556 6.24001 -10.4903 64.1532 1.55845 -13 4603 1 0 1
-60.0687 -23.6492 325.556 -10.8513 -3.08644 50.4942 2.67412 -13 4604 1 0 1
-49.151 -12.9743 325.556 -10.4022 -2.22566 59.4809 3.95326 -13 4605 1 0 1
26.3176 27.4545 325.556 5.34227 4.71463 54.9044 2.1772 -13 4606 1 0 1
-16.9348 -14.103 325.556 -4.68717 -3.53438 73.2303 1.61767 -13 4607 1 0 1
-55.2181 9.11511 325.556 -12.9117 2.29669 65.3504 3.20181 -13 4608 1 0 1
-1.72193 -18.5223 325.556 -0.038707 -2.55826 53.9649 2.71459 -13 4609 1 0 1
59.435 28.3568 325.556 14.4432 5.79065 70.8582 1.98501 -13 4610 1 0 1
35.8611 -9.85322 325.556 7.85927 -1.81416 61.7033 3.86282 -13 4611 1 0 1
-16.3523 -29.9505 325.556 -3.59505 -4.88533 62.2367 0.590192 -13 4612 1 0 1
-25.1173 -4.76259 325.556 -6.94155 -1.75106 74.4191 2.00904 -13 4613 1 0 1
8.83001 14.1794 325.556 1.7389 1.698 45.6583 2.55751 -13 4614 1 0 1
-11.4597 44.8088 325.556 -3.10454 9.18712 70.5122 -0.0444725 -13 4615 1 0 1
-34.5751 4.14118 325.556 -9.09965 0.408098 72.0671 0.836157 -13 4616 1 0 1
-22.2062 44.725 325.556 -3.88535 6.46419 51.849 4.19482 -13 4617 1 0 1
-21.9279 -51.9615 325.556 -4.62021 -8.80538 59.9618 1.13318 -13 4618 1 0 1
22.5571 -49.892 325.556 5.02355 -8.75987 62.9381 2.98272 -13 4619 1 0 1
20.3081 -50.4947 325.556 4.10742 -7.80926 54.2544 0.0306476 -13 4620 1 0 1
-9.47187 25.1718 325.556 -1.63616 3.5164 52.5912 2.59524 -13 4621 1 0 1
-29.3984 -54.7206 325.556 -7.42314 -10.7009 69.6425 2.46123 -13 4622 1 0 1
-72.1279 15.6183 325.556 -18.2912 3.0041 70.9555 2.10424 -13 4623 1 0 1
-54.4606 53.1383 325.556 -11.8364 8.5657 61.2429 2.63576 -13 4624 1 0 1
-6.88626 3.2774 325.556 -1.50519 0.484037 62.8666 2.64296 -13 4625 1 0 1
4.0351 -42.8465 325.556 0.860649 -7.95678 65.3213 3.40595 -13 4626 1 0 1
67.4864 -33.7313 325.556 14.9082 -5.28008 61.7568 2.97784 -13 4627 1 0 1
35.7372 3.71246 325.556 7.03118 0.636949 53.0074 1.47792 -13 4628 1 0 1
7.71044 -32.2611 325.556 1.6857 -5.34406 59.7971 2.8867 -13 4629 1 0 1
54.4748 -8.32751 325.556 13.2908 -1.82792 71.8229 2.32196 -13 4630 1 0 1
-1.65391 28.589 325.556 -0.750293 5.47629 69.4365 1.71172 -13 4631 1 0 1
-25.3996 -17.3911 325.556 -5.77956 -3.31216 63.0206 2.14412 -13 4632 1 0 1
97.7331 43.3009 325.556 21.7048 7.47914 62.5285 3.51226 -13 4633 1 0 1
-34.1933 19.8172 325.556 -9.47846 4.73212 75.4208 0.266669 -13 4634 1 0 1
76.701 -59.9056 325.556 15.2446 -8.72752 54.0393 4.91162 -13 4635 1 0 1
-14.6307 67.484 325.556 -2.67087 9.94513 53.5579 3.90132 -13 4636 1 0 1
12.6284 10.6756 325.556 2.82456 1.9048 63.5665 3.22016 -13 4637 1 0 1
27.0504 27.0574 325.556 6.20349 5.58941 65.375 1.38511 -13 4638 1 0 1
43.3716 7.07283 325.556 9.52551 1.32735 61.9886 3.64332 -13 4639 1 0 1
-18.1714 24.2334 325.556 -4.10505 4.2209 64.8123 2.41017 -13 4640 1 0 1
-63.3601 -11.7236 325.556 -10.4707 -1.37034 45.6007 1.27018 -13 4641 1 0 1
-55.6248 -8.10119 325.556 -7.73358 -0.584381 37.4682 2.96853 -13 4642 1 0 1
-27.1342 -40.6621 325.556 -5.28107 -6.00901 56.4681 2.89712 -13 4643 1 0 1
58.4822 19.5152 325.556 13.0726 3.65894 63.1768 3.42425 -13 4644 1 0 1
-18.3853 -2.68136 325.556 -5.56453 -0.500654 77.7198 2.60705 -13 4645 1 0 1
23.3177 -28.3558 325.556 5.56305 -5.90919 70.6287 -0.578552 -13 4646 1 0 1
-19.4479 13.2806 325.556 -5.10773 2.71185 71.2338 0.919904 -13 4647 1 0 1
79.4983 -54.623 325.556 17.0742 -8.38568 60.1449 2.83365 -13 4648 1 0 1
-27.9218 14.321 325.556 -7.53552 3.60142 73.7905 1.5629 -13 4649 1 0 1
-33.6388 78.6795 325.556 -6.60584 11.7456 56.1891 1.79907 -13 4650 1 0 1
-13.5074 -44.5949 325.556 -2.99964 -7.90279 62.5917 -0.347786 -13 4651 1 0 1
27.0994 40.2931 325.556 6.4571 7.98679 69.8354 1.20878 -13 4652 1 0 1
24.137 92.9059 325.556 3.17673 7.18796 31.7678 4.21754 -13 4653 1 0 1
103.413 19.7518 325.556 17.8882 1.75599 46.2802 1.8483 -13 4654 1 0 1
-24.5433 -14.6233 325.556 -5.33896 -2.91964 61.4572 0.423525 -13 4655 1 0 1
34.7778 4.26342 325.556 7.73043 0.548978 62.9405 1.8472 -13 4656 1 0 1
50.7903 48.6363 325.556 9.29213 6.44042 49.5269 4.50388 -13 4658 1 0 1
54.8992 -12.3116 325.556 12.1991 -2.35291 62.1669 3.37188 -13 4659 1 0 1
25.4104 -4.72314 325.556 4.64388 -0.678194 48.6453 2.59325 -13 4660 1 0 1
14.6106 19.7867 325.556 3.31217 2.95226 62.3001 1.87987 -13 4661 1 0 1
-64.1282 -70.3796 325.556 -17.1336 -15.0189 74.1113 0.439299 -13 4662 1 0 1
20.9476 11.2618 325.556 4.98986 2.21413 75.7048 2.13081 -13 4663 1 0 1
10.5991 -24.3736 325.556 2.39808 -5.33437 75.9947 1.31931 -13 4664 1 0 1
102.943 -101.725 325.556 11.0438 -5.38947 25.5708 5.36553 -13 4665 1 0 1
3.56676 -29.4325 325.556 0.808594 -3.44227 44.8245 1.55416 -13 4666 1 0 1
1.07204 -25.6574 325.556 0.366361 -2.45785 38.2082 3.55789 -13 4667 1 0 1
-135.119 25.9218 325.556 -32.3205 4.64866 66.0051 2.55176 -13 4668 1 0 1
89.7556 58.1941 325.556 16.4937 7.4974 49.9583 1.8434 -13 4670 1 0 1
5.57775 4.88317 325.556 1.3342 0.649591 55.8735 3.16604 -13 4671 1 0 1
-46.9777 -13.919 325.556 -9.97421 -2.09631 60.1025 2.08986 -13 4672 1 0 1
-57.3447 19.1178 325.556 -12.5006 4.06683 61.8093 1.3916 -13 4673 1 0 1
-65.1163 -34.9815 325.556 -17.4059 -7.97255 74.2243 1.51425 -13 4674 1 0 1
1.88493 -52.8432 325.556 0.556287 -6.97022 47.0126 4.37672 -13 4675 1 0 1
-37.9985 -3.0834 325.556 -7.62354 -0.413188 56.9246 3.04792 -13 4676 1 0 1
32.4688 63.3602 325.556 6.97808 10.2928 59.1751 2.04213 -13 4677 1 0 1
-14.2953 2.29047 325.556 -3.74945 0.608736 71.0715 3.982 -13 4678 1 0 1
52.2873 -12.8198 325.556 11.3512 -2.34125 60.9175 0.0785831 -13 4679 1 0 1
-16.3326 5.7926 325.556 -4.6761 1.06335 74.9223 1.87664 -13 4680 1 0 1
43.0918 -4.8546 325.556 10.3512 -1.1008 70.2968 2.9448 -13 4681 1 0 1
19.5946 -27.5476 325.556 4.61028 -6.29964 72.4484 2.37095 -13 4682 1 0 1
39.942 -5.25914 325.556 9.37976 -1.71097 67.9984 0.606533 -13 4683 1 0 1
102.235 -19.9997 325.556 18.5591 -3.34424 48.8301 5.00489 -13 4684 1 0 1
-0.0103105 -32.0523 325.556 -0.0625146 -5.99562 66.5962 -0.127572 -13 4685 1 0 1
-14.2124 26.5109 325.556 -3.33047 4.60363 65.3191 2.48461 -13 4686 1 0 1
-76.8259 -4.24842 325.556 -14.5143 -1.15869 52.6078 1.63284 -13 4687 1 0 1
-4.3455 -44.5842 325.556 -0.954339 -7.65678 61.2358 3.54747 -13 4688 1 0 1
23.8471 -12.2708 325.556 4.85812 -2.28639 54.0026 0.214658 -13 4689 1 0 1
-24.5399 32.7522 325.556 -6.65389 6.88501 73.4633 1.7303 -13 4690 1 0 1
39.1366 -2.74089 325.556 9.32332 -0.0768249 69.3175 1.59256 -13 4691 1 0 1
-29.7596 3.72946 325.556 -3.53796 0.0186687 32.2267 3.48273 -13 4692 1 0 1
-49.173 31.0228 325.556 -10.3781 5.48769 59.571 2.53842 -13 4693 1 0 1
-29.2026 17.1372 325.556 -7.52229 3.44917 70.9347 3.9707 -13 4694 1 0 1
5.09432 16.5499 325.556 0.775266 3.43156 77.1149 1.73772 -13 4695 1 0 1
4.03414 -37.8136 325.556 0.94549 -6.74931 60.0651 2.47265 -13 4696 1 0 1
55.8048 -7.70634 325.556 12.5435 -0.936915 63.6336 1.83487 -13 4697 1 0 1
40.9712 -9.83692 325.556 9.17812 -1.8012 63.2262 1.66078 -13 4698 1 0 1
-53.6121 -41.8221 325.556 -7.53108 -4.51287 38.2886 4.56762 -13 4699 1 0 1
6.24844 -48.0225 325.556 1.34429 -6.79189 50.4014 3.89559 -13 4700 1 0 1
25.0103 16.9187 325.556 5.80887 3.57187 67.5521 0.110216 -13 4701 1 0 1
-44.1413 -92.1717 325.556 -10.1611 -16.1088 64.6121 2.23996 -13 4702 1 0 1
-4.76985 -7.29411 325.556 -1.22288 -1.16601 67.094 1.76202 -13 4703 1 0 1
52.5357 12.3867 325.556 10.7981 2.18402 56.7119 2.48389 -13 4704 1 0 1
-53.7918 -80.6499 325.556 -11.2262 -12.6502 58.5033 2.13236 -13 4705 1 0 1
68.6855 -38.0704 325.556 15.0749 -6.78174 61.5572 -0.0391479 -13 4706 1 0 1
37.2288 0.14629 325.556 8.61281 0.484246 66.2667 1.87634 -13 4707 1 0 1
-6.35481 23.1574 325.556 -1.23336 4.04679 58.7986 2.26391 -13 4708 1 0 1
-44.6961 -22.9163 325.556 -10.7919 -4.42118 67.5255 3.26646 -13 4709 1 0 1
-33.6346 -26.4022 325.556 -8.707 -6.67849 71.7319 1.6987 -13 4710 1 0 1
83.8719 -8.57369 325.556 14.6786 -1.15414 46.2447 2.80935 -13 4711 1 0 1
32.4094 -41.6135 325.556 6.25933 -5.94172 51.122 1.25482 -13 4712 1 0 1
-44.759 -24.8922 325.556 -9.11724 -4.05421 57.533 2.33184 -13 4713 1 0 1
-9.5234 61.2596 325.556 -2.27572 11.4818 65.7291 3.62126 -13 4714 1 0 1
89.9976 -86.2232 325.556 16.6334 -11.3502 49.9916 6.26832 -13 4715 1 0 1
-59.4878 18.5451 325.556 -12.7278 3.41361 60.1301 2.18055 -13 4716 1 0 1
-45.3192 -31.2706 325.556 -11.8859 -6.7556 72.7055 1.6847 -13 4717 1 0 1
-85.2454 -1.00124 325.556 -11.5465 -0.0931657 35.4964 2.69016 -13 4718 1 0 1
10.6463 -24.5883 325.556 2.38867 -4.35777 66.7029 3.55182 -13 4719 1 0 1
6.40887 8.15338 325.556 1.43196 1.30911 55.1897 1.57182 -13 4720 1 0 1
86.4436 14.9903 325.556 13.4863 1.5896 40.3033 2.93202 -13 4721 1 0 1
58.8595 28.252 325.556 13.7647 5.2449 67.4432 0.662902 -13 4722 1 0 1
-41.3698 -7.46611 325.556 -11.7683 -1.6896 77.2625 -0.701545 -13 4723 1 0 1
-40.2696 -20.9763 325.556 -10.2722 -4.03709 70.9876 2.93679 -13 4724 1 0 1
-29.9174 28.9444 325.556 -8.84086 6.63304 78.861 1.82609 -13 4725 1 0 1
-27.5454 32.9908 325.556 -7.43005 7.40294 73.4484 1.70406 -13 4726 1 0 1
2.90559 2.79364 325.556 0.670126 0.247281 63.0175 3.32878 -13 4727 1 0 1
46.4916 1.77444 325.556 6.51158 -0.101869 35.2108 1.57102 -13 4728 1 0 1
-22.7622 -27.8662 325.556 -3.65848 -3.64347 47.3617 0.872623 -13 4729 1 0 1
49.4735 -40.1986 325.556 11.8998 -7.90705 69.268 1.41641 -13 4730 1 0 1
28.9129 -2.09469 325.556 5.56317 -0.17523 51.1918 0.452921 -13 4731 1 0 1
13.8571 0.525129 325.556 3.19437 -0.18852 72.9181 2.4366 -13 4732 1 0 1
11.3033 42.0822 325.556 2.41617 9.10374 75.0744 1.09754 -13 4733 1 0 1
-13.3822 -82.1944 325.556 -2.38385 -12.4872 54.0918 3.57819 -13 4734 1 0 1
-3.36199 2.59118 325.556 -1.03914 0.342733 71.3692 1.16726 -13 4735 1 0 1
-7.70093 45.9568 325.556 -1.89385 8.30515 67.4601 2.85862 -13 4736 1 0 1
9.25502 11.2685 325.556 2.01733 1.34954 71.9231 1.49629 -13 4737 1 0 1
-23.1286 -86.33 325.556 -4.84331 -13.9076 59.2616 0.975544 -13 4738 1 0 1
-44.2721 35.7206 325.556 -11.274 7.60439 70.4591 2.01347 -13 4739 1 0 1
90.0789 16.0323 325.556 19.7371 2.6111 60.5191 4.08012 -13 4740 1 0 1
84.5655 11.7511 325.556 17.1689 2.09106 56.2588 1.71586 -13 4741 1 0 1
-26.7441 -2.93256 325.556 -7.046 -0.316098 72.3024 0.71175 -13 4742 1 0 1
94.4007 15.9587 325.556 18.5013 2.35255 53.5496 1.79748 -13 4743 1 0 1
-46.1113 -17.4173 325.556 -11.1889 -2.80621 67.3432 2.5867 -13 4744 1 0 1
8.99492 -42.9523 325.556 1.95014 -6.76741 61.5601 3.13773 -13 4745 1 0 1
-40.5243 -14.7847 325.556 -7.91912 -1.98468 55.2685 2.64166 -13 4746 1 0 1
-11.531 -12.783 325.556 -3.61128 -3.54625 76.3122 0.690297 -13 4748 1 0 1
0.590728 -67.2818 325.556 0.125982 -12.9674 66.3869 3.97771 -13 4749 1 0 1
-23.045 3.01414 325.556 -4.73935 0.729169 59.0802 1.62895 -13 4750 1 0 1
-8.04185 -18.7445 325.556 -1.55514 -3.45374 59.1333 1.93452 -13 4751 1 0 1
0.590063 -14.3339 325.556 -0.164874 -2.22813 68.9657 2.7808 -13 4752 1 0 1
25.737 -19.0182 325.556 6.22657 -4.50634 72.8521 3.50821 -13 4753 1 0 1
25.5827 33.5086 325.556 5.60928 6.50212 63.8208 2.06897 -13 4754 1 0 1
26.2953 23.8392 325.556 6.38181 5.04282 74.4038 2.34336 -13 4755 1 0 1
38.2386 -28.2332 325.556 7.75192 -4.53357 56.5549 2.20818 -13 4756 1 0 1
29.9977 -29.5151 325.556 6.66448 -4.85425 61.9994 3.22517 -13 4757 1 0 1
61.1603 68.1517 325.556 13.9265 12.0534 64.8562 3.31986 -13 4758 1 0 1
2.6128 19.49 325.556 0.519602 4.11878 68.2059 0.955249 -13 4760 1 0 1
13.5219 21.9698 325.556 2.88503 3.29745 56.8239 0.338971 -13 4761 1 0 1
-58.2952 -97.0737 325.556 -11.3261 -13.7616 54.455 2.74953 -13 4762 1 0 1
-82.7554 -37.442 325.556 -20.5445 -6.99065 69.2631 1.88397 -13 4763 1 0 1
6.73089 23.8883 325.556 1.3109 4.68093 76.1332 2.73748 -13 4764 1 0 1
8.12999 6.82636 325.556 1.78446 1.66749 64.8367 1.65605 -13 4765 1 0 1
60.472 26.4326 325.556 13.4497 4.77883 62.7228 2.45298 -13 4766 1 0 1
11.962 19.4027 325.556 2.73096 3.42455 66.5867 1.72407 -13 4767 1 0 1
17.4136 -22.3723 325.556 3.74176 -4.10217 59.6157 2.219 -13 4768 1 0 1
9.22023 16.0628 325.556 2.04994 2.51789 69.4669 0.749422 -13 4769 1 0 1
-46.1759 5.22686 325.556 -8.64937 0.871399 53.0029 2.81643 -13 4770 1 0 1
-50.7733 36.4181 325.556 -9.21125 5.13361 50.4065 2.37005 -13 4771 1 0 1
-37.1799 7.73403 325.556 -9.22451 2.19066 69.3772 2.04325 -13 4772 1 0 1
21.3546 -5.18237 325.556 4.84915 -1.07487 67.1572 3.46863 -13 4773 1 0 1
73.7641 -61.7221 325.556 15.0323 -9.50351 56.2704 3.40606 -13 4774 1 0 1
57.1395 16.509 325.556 11.1097 2.12673 52.7431 1.21554 -13 4775 1 0 1
65.6074 -63.1133 325.556 14.6914 -11.178 63.2092 1.30937 -13 4776 1 0 1
-25.8021 1.24871 325.556 -5.37112 0.135716 59.8555 3.48801 -13 4777 1 0 1
-50.6924 61.6091 325.556 -8.04776 7.39323 44.3186 1.45713 -13 4778 1 0 1
62.5694 -10.4014 325.556 11.2682 -1.97307 47.6515 1.76471 -13 4779 1 0 1
-27.304 -12.4045 325.556 -6.32918 -2.34168 65.2347 2.98641 -13 4780 1 0 1
7.51037 0.929625 325.556 1.74338 0.239397 59.1242 -0.405964 -13 4781 1 0 1
-68.9124 -11.7455 325.556 -19.4317 -2.49098 77.8511 1.93652 -13 4782 1 0 1
-13.2064 32.9396 325.556 -3.01261 5.58682 63.4703 2.82281 -13 4783 1 0 1
44.4529 7.4961 325.556 8.73005 1.03858 53.1011 6.24664 -13 4784 1 0 1
-29.2884 -63.5259 325.556 -5.93245 -10.1772 57.8429 2.48459 -13 4785 1 0 1
-30.1508 -22.0231 325.556 -8.61579 -4.53866 76.7172 2.50131 -13 4786 1 0 1
-34.9441 19.1578 325.556 -10.652 4.97953 78.998 1.01589 -13 4787 1 0 1
1.6734 -64.7983 325.556 0.469868 -9.54094 52.5367 1.71893 -13 4788 1 0 1
57.6367 -31.9857 325.556 11.4595 -4.37326 54.5118 2.53547 -13 4789 1 0 1
45.7666 57.5849 325.556 10.6282 11.1404 67.7528 3.79949 -13 4790 1 0 1
-44.5725 -10.1916 325.556 -9.69379 -1.3616 61.0465 2.27419 -13 4791 1 0 1
10.7979 40.5286 325.556 2.31716 8.62912 76.3199 1.94061 -13 4792 1 0 1
26.6536 21.9847 325.556 6.08306 4.23059 65.3766 2.1238 -13 4793 1 0 1
38.4588 1.79939 325.556 9.27183 -0.245719 71.0533 3.44245 -13 4794 1 0 1
-100.93 -61.4461 325.556 -21.9359 -10.4692 60.2884 2.80861 -13 4795 1 0 1
-14.9339 4.1443 325.556 -3.47531 0.349613 65.2737 2.55111 -13 4796 1 0 1
-76.2865 -12.8729 325.556 -12.1325 -1.56676 43.2855 2.48188 -13 4797 1 0 1
-4.16876 -8.29996 325.556 -1.00979 -2.42176 66.8618 2.25639 -13 4798 1 0 1
16.7005 28.2753 325.556 3.73895 5.44963 63.9089 1.35376 -13 4799 1 0 1
7.77969 -13.9167 325.556 1.64102 -2.73019 72.208 2.3987 -13 4800 1 0 1
-13.936 -18.6163 325.556 -3.31502 -3.05477 65.2189 3.77806 -13 4801 1 0 1
-12.5545 -9.17529 325.556 -3.95038 -1.57571 76.8162 1.93141 -13 4802 1 0 1
50.0548 18.9409 325.556 10.8079 2.97457 60.8887 1.07395 -13 4803 1 0 1
-60.9004 -4.0844 325.556 -12.9259 -0.663059 59.3856 3.13128 -13 4804 1 0 1
-22.2519 -11.4758 325.556 -6.71672 -2.74054 78.4154 1.99463 -13 4805 1 0 1
-71.5905 48.53 325.556 -15.6863 8.57031 61.474 3.61058 -13 4806 1 0 1
15.9294 -3.76251 325.556 3.58915 -0.510088 67.0631 1.63321 -13 4807 1 0 1
14.3009 -4.25378 325.556 1.14431 -0.25931 15.3205 6.24152 -13 4808 1 0 1
90.395 -23.4725 325.556 20.793 -4.73989 65.4206 2.60984 -13 4809 1 0 1
36.8489 -15.0792 325.556 7.61096 -2.64622 57.0947 2.17767 -13 4810 1 0 1
-36.0772 43.2368 325.556 -8.84141 8.51148 67.7958 2.23554 -13 4811 1 0 1
-72.7217 28.7672 325.556 -15.2241 4.36774 58.4963 1.0697 -13 4812 1 0 1
12.2138 51.526 325.556 2.45776 6.95818 49.7132 1.17582 -13 4813 1 0 1
32.3856 83.5378 325.556 6.65636 13.5021 57.5065 3.19083 -13 4814 1 0 1
43.9268 -26.5142 325.556 10.5554 -5.75106 70.0881 2.2293 -13 4815 1 0 1
-14.5818 -17.5592 325.556 -3.81637 -3.90975 69.2497 2.73461 -13 4816 1 0 1
33.8503 -18.9592 325.556 8.27998 -3.51577 73.2557 2.93105 -13 4817 1 0 1
34.3564 11.1852 325.556 6.68156 1.73677 50.8896 1.92565 -13 4818 1 0 1
18.9315 -53.0303 325.556 3.44631 -6.00554 44.5978 1.79926 -13 4819 1 0 1
50.7296 -3.27218 325.556 12.2758 -0.215726 70.9414 2.3278 -13 4820 1 0 1
-60.6488 -24.0552 325.556 -9.29768 -3.01112 42.2103 4.54136 -13 4821 1 0 1
-53.6319 13.7605 325.556 -11.7526 2.11703 61.6553 -0.129224 -13 4822 1 0 1
-1.04754 -6.45245 325.556 -0.452472 -1.05247 70.7011 1.72061 -13 4823 1 0 1
93.2799 -119.413 325.556 15.012 -12.6922 42.3921 1.62231 -13 4824 1 0 1
-21.549 -32.6887 325.556 -4.21321 -5.23711 56.4671 4.3935 -13 4826 1 0 1
9.97155 -10.05 325.556 1.83487 -2.4301 79.5739 3.09289 -13 4827 1 0 1
-50.9734 -34.419 325.556 -13.8263 -7.64743 74.7661 2.83104 -13 4828 1 0 1
19.2593 -57.8472 325.556 4.39321 -10.7003 67.51 2.26852 -13 4829 1 0 1
-34.9712 -53.5301 325.556 -7.59072 -9.55316 61.6288 3.36299 -13 4830 1 0 1
6.62704 14.3564 325.556 1.50417 2.65118 61.7252 2.11955 -13 4831 1 0 1
-6.07805 8.82092 325.556 -1.14518 1.46971 58.3868 2.4878 -13 4833 1 0 1
-1.8151 -14.8818 325.556 -0.2857 -2.58215 58.8298 1.41349 -13 4834 1 0 1
38.7592 22.2559 325.556 8.81231 3.84557 64.6226 4.70583 -13 4835 1 0 1
-2.16374 -35.4149 325.556 -0.975102 -7.22672 73.1014 2.92613 -13 4836 1 0 1
15.6181 -16.2653 325.556 3.43833 -2.7285 60.3876 0.649827 -13 4837 1 0 1
-75.0244 -75.4095 325.556 -14.262 -10.4135 53.0791 1.32684 -13 4838 1 0 1
36.5588 27.704 325.556 9.17868 6.24326 77.5078 2.72939 -13 4839 1 0 1
-5.60319 -51.5744 325.556 -1.09068 -8.46808 58.751 2.52666 -13 4840 1 0 1
-1.04312 -96.673 325.556 -0.455832 -18.4398 67.9394 1.77486 -13 4841 1 0 1
6.44582 -12.7276 325.556 1.39493 -2.47359 67.3235 2.77408 -13 4842 1 0 1
-27.8518 89.1572 325.556 -6.85035 17.1832 67.6243 3.33731 -13 4843 1 0 1
-0.753902 57.8942 325.556 -0.41442 11.2228 68.0897 1.56659 -13 4844 1 0 1
-118.418 -39.2963 325.556 -28.363 -7.51363 66.3574 1.99157 -13 4845 1 0 1
64.4848 97.7219 325.556 10.6367 11.0102 43.02 2.3733 -13 4846 1 0 1
-26.5684 -3.37841 325.556 -7.3486 -0.454626 74.6259 1.20944 -13 4847 1 0 1
-64.6524 37.542 325.556 -16.2585 6.62059 70.4221 1.60543 -13 4848 1 0 1
30.3648 5.9332 325.556 5.39491 0.951598 44.8918 2.71268 -13 4849 1 0 1
7.99099 -2.6674 325.556 1.76237 -0.667224 53.9644 3.59 -13 4850 1 0 1
-6.86781 7.59056 325.556 -0.955746 1.4355 47.0512 2.49893 -13 4851 1 0 1
32.7707 6.40447 325.556 7.6932 1.36704 67.8766 2.55435 -13 4852 1 0 1
-1.12578 19.554 325.556 -0.887568 4.12796 77.2845 2.47328 -13 4853 1 0 1
-2.51723 24.2053 325.556 -1.22877 5.53054 76.0875 3.4615 -13 4856 1 0 1
69.5734 29.7405 325.556 13.8292 4.43904 54.4549 2.92232 -13 4857 1 0 1
19.9536 15.5022 325.556 4.22637 2.80679 58.1207 2.52474 -13 4858 1 0 1
93.3676 18.0725 325.556 19.6489 2.96139 58.4374 2.51441 -13 4859 1 0 1
87.6578 -38.7088 325.556 16.7637 -5.41505 52.2406 2.2922 -13 4860 1 0 1
75.3681 -0.178828 325.556 16.5198 0.024524 61.5615 2.12717 -13 4862 1 0 1
-14.4879 1.85066 325.556 -3.66076 0.539104 69.7093 2.50546 -13 4863 1 0 1
57.6046 75.7242 325.556 11.925 11.6726 57.5254 1.38855 -13 4864 1 0 1
-62.1329 -43.3146 325.556 -16.8289 -9.66435 75.2796 2.86807 -13 4866 1 0 1
16.3818 19.3721 325.556 3.43872 3.56275 54.6469 1.67586 -13 4867 1 0 1
-49.1254 66.7904 325.556 -11.2517 12.0811 64.6039 -0.300864 -13 4868 1 0 1
-16.9268 0.428802 325.556 -3.13593 0.114844 54.006 2.57002 -13 4869 1 0 1
-36.1949 -48.9501 325.556 -8.69529 -9.32509 67.5576 2.36592 -13 4870 1 0 1
-76.4383 -3.27372 325.556 -20.8943 -0.634823 76.1137 0.811875 -13 4871 1 0 1
-10.8204 6.87283 325.556 -3.31862 1.15753 75.2751 1.36517 -13 4872 1 0 1
-19.6275 18.944 325.556 -5.36997 3.78242 72.8119 2.55297 -13 4873 1 0 1
-50.7344 -11.832 325.556 -10.6858 -2.02081 59.8255 0.904913 -13 4874 1 0 1
-40.3477 -0.396159 325.556 -9.64812 0.0440657 67.3272 1.3824 -13 4875 1 0 1
16.3074 12.0084 325.556 3.60354 2.22356 67.4115 2.40186 -13 4877 1 0 1
-31.4155 38.451 325.556 -9.11053 7.70016 77.5289 -0.642167 -13 4878 1 0 1
44.0848 -19.0703 325.556 8.65003 -2.82337 53.0244 3.67159 -13 4879 1 0 1
-19.3695 -69.8367 325.556 -3.67449 -10.1825 54.8833 1.44148 -13 4880 1 0 1
-1.68753 2.5913 325.556 -0.402618 -0.1216 64.6048 1.68377 -13 4881 1 0 1
40.1672 -37.719 325.556 8.79051 -6.56693 62.34 1.57799 -13 4882 1 0 1
10.2182 27.6682 325.556 2.29627 5.27655 66.4521 2.32072 -13 4883 1 0 1
-6.65669 -21.2214 325.556 -1.44969 -3.82809 60.4079 2.32844 -13 4884 1 0 1
-13.0754 -15.596 325.556 -2.7293 -2.2068 60.9159 1.19539 -13 4886 1 0 1
-4.1863 -5.3153 325.556 -1.95849 -1.12717 79.3573 0.465653 -13 4887 1 0 1
-10.8504 -53.5023 325.556 -3.46186 -11.7078 76.8524 3.7798 -13 4888 1 0 1
29.6503 13.8395 325.556 5.87692 1.89075 52.3446 1.35727 -13 4889 1 0 1
-12.9211 0.501091 325.556 -2.19894 0.328718 51.9359 1.84332 -13 4890 1 0 1
45.2294 -3.57272 325.556 11.0848 -0.161929 73.0562 2.37079 -13 4891 1 0 1
39.979 72.9039 325.556 8.40028 11.5777 58.1156 2.54956 -13 4892 1 0 1
-12.6168 44.5426 325.556 -3.10271 7.73528 67.4887 2.46922 -13 4893 1 0 1
-28.5407 -18.3788 325.556 -6.54483 -3.26689 64.9256 2.60833 -13 4894 1 0 1
24.2999 -14.1773 325.556 5.58237 -2.56992 66.0291 2.30746 -13 4895 1 0 1
-23.8717 -47.4806 325.556 -5.83599 -8.83115 67.5324 2.6312 -13 4896 1 0 1
36.2755 -23.9601 325.556 9.04163 -5.63754 77.5998 1.36731 -13 4897 1 0 1
-64.2056 19.6556 325.556 -14.009 3.11333 61.24 0.180567 -13 4898 1 0 1
78.0757 -17.8619 325.556 15.4764 -2.52275 54.0626 1.60058 -13 4899 1 0 1
-78.0364 -5.17258 325.556 -17.9644 -0.614819 64.3255 1.37399 -13 4900 1 0 1
18.5178 12.5518 325.556 2.60053 0.909933 33.1519 3.90621 -13 4901 1 0 1
52.4081 5.96915 325.556 13.4274 0.960208 77.75 -1.14014 -13 4902 1 0 1
58.6607 28.8759 325.556 10.8733 3.99866 49.9797 2.26841 -13 4903 1 0 1
-37.2189 35.6488 325.556 -7.46284 5.57543 57.4089 3.63515 -13 4904 1 0 1
30.9272 61.291 325.556 7.06532 10.5509 65.2416 2.92139 -13 4905 1 0 1
-20.8745 -62.4483 325.556 -3.41076 -7.93008 46.155 4.53642 -13 4906 1 0 1
76.5544 56.6274 325.556 13.8017 7.49614 48.3176 2.87065 -13 4907 1 0 1
-37.8951 8.81827 325.556 -9.63508 1.73621 71.2381 3.37327 -13 4908 1 0 1
-6.49746 20.7824 325.556 -1.85509 4.64017 70.571 1.71075 -13 4909 1 0 1
-20.7249 24.8624 325.556 -3.60676 3.73508 50.7452 2.73085 -13 4910 1 0 1
10.3791 21.9639 325.556 2.13089 3.37579 53.5559 3.4844 -13 4911 1 0 1
9.3151 -24.0438 325.556 1.92472 -4.90811 76.0458 1.37368 -13 4912 1 0 1
21.6753 40.1802 325.556 5.1021 7.39774 68.0483 1.14975 -13 4913 1 0 1
-37.6881 -37.071 325.556 -9.04126 -7.15798 67.8404 3.88451 -13 4914 1 0 1
107.631 54.925 325.556 17.7647 6.11024 43.3728 3.05108 -13 4915 1 0 1
72.7635 17.9477 325.556 17.9005 3.5386 72.1548 0.891788 -13 4916 1 0 1
12.4626 65.4313 325.556 2.70215 13.8613 76.0799 -0.162967 -13 4917 1 0 1
24.1698 -52.8981 325.556 5.58097 -9.18813 67.9838 0.154042 -13 4918 1 0 1
-54.8197 -133.766 325.556 -6.01434 -8.06159 28.6091 0.895734 -13 4919 1 0 1
20.3713 8.89865 325.556 4.47081 1.69668 60.6832 2.95361 -13 4921 1 0 1
-10.519 32.4718 325.556 -1.87276 5.29969 55.9973 2.73201 -13 4922 1 0 1
1.02749 -14.7919 325.556 -0.366987 -2.71358 76.4034 3.00992 -13 4923 1 0 1
-37.4611 -13.0226 325.556 -9.80769 -2.66297 72.2684 0.948314 -13 4924 1 0 1
13.1532 1.74257 325.556 3.0883 0.446291 66.9595 1.33526 -13 4925 1 0 1
2.42015 39.3626 325.556 0.268181 8.13492 71.4455 2.2092 -13 4926 1 0 1
-28.7629 28.2867 325.556 -7.27142 5.06874 69.7411 2.69081 -13 4927 1 0 1
42.7395 86.7575 325.556 9.15136 14.378 60.6359 3.11589 -13 4928 1 0 1
40.9638 -23.5158 325.556 10.3954 -5.57894 77.0372 1.39817 -13 4929 1 0 1
11.2229 8.48629 325.556 2.4636 2.22033 64.7752 2.19016 -13 4930 1 0 1
-82.9989 -17.8097 325.556 -18.2113 -2.71614 61.3983 1.33956 -13 4931 1 0 1
0.798645 -34.0196 325.556 0.122275 -6.16373 66.3836 3.65584 -13 4932 1 0 1
-63.8285 -3.67837 325.556 -15.7861 -0.800649 69.1035 2.09179 -13 4933 1 0 1
7.36455 23.1966 325.556 1.62614 3.91477 67.6305 2.35846 -13 4934 1 0 1
146.39 40.8842 325.556 22.3045 3.87756 38.7858 3.34275 -13 4935 1 0 1
-65.2026 -2.0855 325.556 -16.6064 -0.332779 71.216 0.387652 -13 4936 1 0 1
-18.6377 29.5681 325.556 -4.46223 6.07822 66.6739 2.04687 -13 4937 1 0 1
-21.2895 39.7025 325.556 -4.03834 6.16104 55.0437 3.52641 -13 4938 1 0 1
-79.0161 5.93561 325.556 -17.09 1.75467 60.4986 3.27585 -13 4939 1 0 1
17.384 2.62572 325.556 3.91151 0.408828 63.0105 2.85522 -13 4940 1 0 1
66.1295 4.23999 325.556 14.3949 0.578176 60.5144 1.20133 -13 4941 1 0 1
-21.0438 69.009 325.556 -3.55808 8.8027 49.4615 2.65165 -13 4942 1 0 1
-29.5793 35.5171 325.556 -9.06994 8.45308 78.9342 1.56187 -13 4943 1 0 1
-15.9974 -1.33757 325.556 -4.2303 -0.340927 72.6198 3.2806 -13 4944 1 0 1
-24.1059 -9.57808 325.556 -6.13415 -1.91804 69.7707 1.47084 -13 4945 1 0 1
-22.3549 -38.846 325.556 -4.60902 -6.2893 60.2548 2.3488 -13 4946 1 0 1
8.51881 -40.4976 325.556 1.76995 -7.63181 65.5585 2.39746 -13 4947 1 0 1
16.9673 -16.6768 325.556 3.36437 -2.44648 50.7636 1.18239 -13 4948 1 0 1
-2.37531 30.3784 325.556 -0.74167 5.60137 69.3555 0.775858 -13 4949 1 0 1
-23.0776 51.0858 325.556 -7.25494 11.5496 78.4632 1.24866 -13 4950 1 0 1
54.4834 2.67835 325.556 9.49215 0.0870549 46.0495 4.4188 -13 4951 1 0 1
-55.4705 -30.2775 325.556 -12.0593 -5.07627 60.4169 1.50363 -13 4953 1 0 1
80.36 31.7494 325.556 12.9621 3.598 42.3305 2.4097 -13 4954 1 0 1
9.37495 5.85276 325.556 2.16923 0.949091 58.1817 2.30033 -13 4955 1 0 1
-91.9175 18.2574 325.556 -20.5207 3.21673 62.136 3.33399 -13 4956 1 0 1
94.3534 13.5417 325.556 22.2029 2.30658 67.2636 2.34577 -13 4957 1 0 1
-35.7438 -51.2222 325.556 -7.17903 -8.45529 57.1351 0.484588 -13 4958 1 0 1
17.1495 37.972 325.556 3.93337 7.67488 69.0758 2.54887 -13 4959 1 0 1
45.9148 25.8058 325.556 10.7097 5.40384 67.2278 2.64892 -13 4960 1 0 1
52.581 -17.7137 325.556 12.2994 -3.74474 67.1967 3.29513 -13 4961 1 0 1
-32.8022 18.5753 325.556 -8.15343 3.46889 69.026 1.98879 -13 4962 1 0 1
-19.129 -21.745 325.556 -5.31709 -4.63998 73.5454 1.17691 -13 4963 1 0 1
17.4428 9.37421 325.556 3.90296 2.01812 70.0921 2.00638 -13 4964 1 0 1
-2.03727 -28.6811 325.556 -0.960013 -6.16128 75.0085 1.48754 -13 4965 1 0 1
-7.21092 55.8044 325.556 -1.33001 9.71829 60.7468 3.11929 -13 4966 1 0 1
34.4864 7.83306 325.556 8.57251 1.97651 78.1764 0.835869 -13 4967 1 0 1
-11.9173 -26.2296 325.556 -2.36568 -4.35926 59.4285 2.51061 -13 4968 1 0 1
12.0108 -57.4514 325.556 2.60078 -13.2952 78.2967 1.79693 -13 4969 1 0 1
-47.7677 63.3985 325.556 -8.7856 8.49649 51.8398 2.81041 -13 4970 1 0 1
-5.09297 -3.18478 325.556 -2.07024 -0.451399 79.1222 4.25748 -13 4971 1 0 1
-19.3725 -35.7516 325.556 -5.00081 -8.15794 70.9076 3.42614 -13 4972 1 0 1
19.9869 29.6362 325.556 4.54326 5.14324 65.6258 -0.257162 -13 4973 1 0 1
0.0232687 -42.1927 325.556 -0.38087 -9.11639 74.6666 2.87838 -13 4974 1 0 1
-18.9206 -30.9218 325.556 -5.50029 -6.62655 76.0442 0.922843 -13 4975 1 0 1
12.8478 56.5804 325.556 2.77722 11.7912 74.8375 2.91764 -13 4976 1 0 1
24.7681 57.1529 325.556 5.71775 9.57535 63.8127 2.47133 -13 4977 1 0 1
-14.4586 -67.3513 325.556 -3.03747 -11.6821 60.8247 3.23419 -13 4978 1 0 1
-16.9354 55.4932 325.556 -3.10512 7.78628 53.9834 2.19464 -13 4979 1 0 1
53.7306 -2.70487 325.556 12.5884 -0.748078 67.267 3.04719 -13 4980 1 0 1
-77.1046 7.73868 325.556 -19.0168 2.389 68.9196 2.11035 -13 4981 1 0 1
33.5103 -18.0879 325.556 7.64814 -3.14616 66.1253 3.40664 -13 4982 1 0 1
5.88995 -16.1354 325.556 1.10302 -4.5277 73.301 2.80861 -13 4983 1 0 1
-56.7322 8.11137 325.556 -9.65075 1.50084 47.6229 2.00151 -13 4984 1 0 1
22.9244 56.5517 325.556 4.9204 9.32169 60.3059 3.26584 -13 4985 1 0 1
-32.1093 17.4475 325.556 -8.14132 3.09162 69.7291 2.28713 -13 4986 1 0 1
14.5775 33.9643 325.556 3.20314 5.84949 60.9957 3.43536 -13 4987 1 0 1
25.6934 26.0569 325.556 5.42533 3.61844 58.7803 1.44357 -13 4988 1 0 1
52.9136 61.0798 325.556 11.2305 9.60439 59.6395 3.61644 -13 4989 1 0 1
39.2251 -5.22584 325.556 5.26353 -0.4933 33.7069 6.95495 -13 4990 1 0 1
64.027 -13.4785 325.556 11.1981 -1.65459 46.1141 3.01843 -13 4991 1 0 1
-44.5725 -38.4762 325.556 -11.1372 -7.05341 69.2177 4.6529 -13 4992 1 0 1
-5.73217 93.6311 325.556 -1.06187 14.3654 56.7047 2.55859 -13 4993 1 0 1
55.2958 -22.7145 325.556 10.3271 -2.80874 50.147 0.483467 -13 4994 1 0 1
-12.076 24.6358 325.556 -3.02915 4.74916 67.9575 1.22586 -13 4995 1 0 1
14.1579 -98.5842 325.556 2.79974 -13.5949 52.2282 2.868 -13 4996 1 0 1
-26.8518 6.16526 325.556 -5.96275 0.860743 63.3936 3.08615 -13 4997 1 0 1
51.7715 -34.9661 325.556 11.3497 -6.13353 62.3288 1.95031 -13 4998 1 0 1
11.6559 29.2402 325.556 2.56095 5.0049 56.1005 1.70034 -13 4999 1 0 1
