#BLTrackFile NTuple/Z326
#x y z Px Py Pz t PDGid EventID TrackID ParentID Weight
#mm mm mm MeV/c MeV/c MeV/c ns - - - - -
-46.5402 -30.8347 325.556 -12.6046 -5.49186 71.7147 0.750041 -13 1 1 0 1
24.8711 -2.71817 325.556 6.35874 -1.77142 80.7866 1.72291 -13 2 1 0 1
-15.2489 -9.02786 325.556 -4.32839 -1.74384 71.4578 2.80357 -13 3 1 0 1
-64.7423 -12.5998 325.556 -18.613 -2.05774 76.1145 2.18854 -13 4 1 0 1
-62.2773 -5.58161 325.556 -13.8514 -1.19624 59.2455 2.65582 -13 5 1 0 1
-40.691 -4.13842 325.556 -11.4205 -0.515954 74.1265 1.08788 -13 6 1 0 1
1.86165 -25.7993 325.556 0.53748 -3.86654 61.3189 1.22593 -13 7 1 0 1
-76.7471 26.3785 325.556 -13.4934 3.20879 44.8315 2.60019 -13 8 1 0 1
36.0129 48.6172 325.556 8.44726 7.94754 63.34 3.18313 -13 9 1 0 1
14.7913 -21.592 325.556 3.64121 -3.40481 66.7285 2.68553 -13 10 1 0 1
23.6631 14.4455 325.556 5.87918 2.62908 72.2204 1.37224 -13 11 1 0 1
-1.06198 -51.9543 325.556 -0.161949 -8.37784 61.7505 3.80054 -13 12 1 0 1
70.6158 38.289 325.556 11.2441 2.92936 38.117 2.19175 -13 13 1 0 1
57.5129 -26.5291 325.556 14.0948 -4.04818 66.8854 0.466549 -13 14 1 0 1
67.0325 -34.2197 325.556 16.3441 -5.69702 65.6919 3.50307 -13 15 1 0 1
-26.3194 50.0599 325.556 -6.26548 8.38397 63.7937 1.413 -13 17 1 0 1
-35.9609 -46.1356 325.556 -6.96948 -6.02557 51.9826 3.79938 -13 18 1 0 1
-86.9713 27.5685 325.556 -20.6468 4.59167 62.4885 2.21447 -13 19 1 0 1
10.1444 -39.3045 325.556 2.38809 -6.34471 64.4422 5.00375 -13 20 1 0 1
-32.002 22.3426 325.556 -6.65111 3.64048 56.3547 1.06107 -13 22 1 0 1
-69.2494 78.6471 325.556 -10.6796 6.14476 38.4264 3.58792 -13 23 1 0 1
-76.6218 49.087 325.556 -15.403 6.1853 52.385 3.07538 -13 24 1 0 1
24.8373 -7.78228 325.556 6.15921 -0.961358 70.6236 2.2204 -13 25 1 0 1
-4.35433 13.054 325.556 -1.19736 2.41208 68.5458 1.83631 -13 26 1 0 1
4.26568 -1.1217 325.556 0.960391 0.563061 66.6368 3.46157 -13 27 1 0 1
7.39622 -56.0867 325.556 1.61955 -10.7227 73.1879 2.15955 -13 28 1 0 1
-24.7974 30.9 325.556 -6.26189 5.74001 66.8369 3.02023 -13 30 1 0 1
-16.7426 8.24933 325.556 -4.74472 1.82283 71.8532 1.63644 -13 31 1 0 1
-28.2308 11.5468 325.556 -6.49066 1.85781 62.1475 1.61291 -13 32 1 0 1
30.2631 2.98735 325.556 3.60091 0.299224 25.0656 5.38586 -13 33 1 0 1
-70.5585 -3.13764 325.556 -17.0225 -0.210047 64.1682 1.44529 -13 34 1 0 1
-5.21909 29.835 325.556 -1.32353 5.67583 66.24 0.910888 -13 36 1 0 1
-5.53647 -31.5665 325.556 -2.23554 -7.07846 79.7458 0.340535 -13 37 1 0 1
5.74305 -53.3281 325.556 1.37867 -8.30593 60.3364 3.61361 -13 38 1 0 1
-27.8115 27.6473 325.556 -5.43406 3.43867 51.6849 3.16916 -13 40 1 0 1
39.3078 61.1993 325.556 9.05005 9.26095 61.5925 1.97771 -13 41 1 0 1
-17.9388 3.26948 325.556 -4.70685 0.110803 68.2 3.22508 -13 42 1 0 1
-66.9941 -13.2752 325.556 -19.8125 -2.80408 77.4791 2.1394 -13 43 1 0 1
20.0681 8.88142 325.556 4.47285 1.06199 56.5181 2.89111 -13 44 1 0 1
-6.41951 -32.7325 325.556 -1.82937 -5.73395 67.9534 2.37971 -13 46 1 0 1
6.96445 39.497 325.556 1.60614 5.40575 60.0001 3.08676 -13 47 1 0 1
-27.5101 49.9262 325.556 -6.95591 9.18279 66.6342 2.71026 -13 48 1 0 1
4.94838 -69.4842 325.556 1.05054 -13.6464 70.5629 1.39868 -13 49 1 0 1
45.1994 1.00405 325.556 7.98661 0.269726 42.4872 2.13752 -13 50 1 0 1
-18.0458 11.6039 325.556 -5.21343 1.75178 72.6984 1.59153 -13 51 1 0 1
-22.1638 61.6595 325.556 -4.48993 8.51485 55.4916 2.37804 -13 52 1 0 1
36.7142 21.4581 325.556 8.08758 2.80235 56.5571 -0.109749 -13 53 1 0 1
22.1516 40.0731 325.556 4.06769 3.65138 43.0928 2.79717 -13 54 1 0 1
-21.0038 -22.6687 325.556 -5.73666 -4.42684 70.5084 2.82877 -13 55 1 0 1
80.3893 39.8029 325.556 18.1598 5.9574 59.7267 1.18033 -13 56 1 0 1
-27.8337 -40.2383 325.556 -6.48392 -6.1636 62.8957 1.67399 -13 58 1 0 1
0.451187 -38.0226 325.556 -0.0370796 -6.71628 67.936 3.93196 -13 59 1 0 1
40.0934 70.6619 325.556 8.76463 10.1841 56.7376 2.51572 -13 60 1 0 1
-19.945 30.8281 325.556 -4.65621 5.19819 62.8785 1.23095 -13 61 1 0 1
0.0079658 10.277 325.556 -0.196015 2.3661 70.052 1.37472 -13 62 1 0 1
25.7462 -33.9122 325.556 3.89907 -2.42804 35.1118 3.45702 -13 63 1 0 1
1.93452 -1.30031 325.556 0.504341 -0.0826868 60.3229 2.26779 -13 64 1 0 1
16.5307 5.89099 325.556 3.95969 0.78407 65.7545 0.559991 -13 65 1 0 1
-5.66419 6.51212 325.556 -1.714 1.08844 71.4176 2.34988 -13 66 1 0 1
17.2378 -10.3452 325.556 4.0609 -1.26602 61.3988 1.42535 -13 67 1 0 1
15.2307 57.5159 325.556 3.36306 7.19573 53.9706 1.37236 -13 68 1 0 1
-21.0315 -29.756 325.556 -4.88697 -4.86513 62.9866 2.06496 -13 69 1 0 1
-27.7605 -37.9038 325.556 -8.73126 -9.07296 79.9293 2.00826 -13 70 1 0 1
-11.5771 4.37346 325.556 -2.39948 0.215414 60.3321 0.670181 -13 71 1 0 1
39.1626 51.3713 325.556 9.29951 7.98603 64.5153 3.16097 -13 72 1 0 1
-12.0262 -4.87019 325.556 -3.68911 -1.49128 74.5417 0.937531 -13 73 1 0 1
16.774 40.803 325.556 3.83114 6.05011 58.7793 2.44307 -13 74 1 0 1
3.81144 25.2487 325.556 0.571325 4.7728 75.1244 -1.01618 -13 75 1 0 1
29.6676 7.777 325.556 7.47348 1.57252 79.4875 0.0633268 -13 76 1 0 1
-21.0313 -11.4435 325.556 -4.44728 -2.15587 56.7808 4.61799 -13 77 1 0 1
-25.8008 -8.34734 325.556 -5.75327 -1.53005 59.9076 1.38643 -13 78 1 0 1
10.6828 -16.5362 325.556 2.47195 -2.75988 62.9226 3.51384 -13 79 1 0 1
2.02681 -23.6036 325.556 0.174599 -4.13466 72.5729 1.94085 -13 80 1 0 1
6.02723 44.0876 325.556 1.23929 8.89911 70.0523 2.02297 -13 81 1 0 1
11.6475 7.9816 325.556 2.84172 1.5161 62.7092 3.30279 -13 82 1 0 1
-54.1921 78.9132 325.556 -13.6284 13.9129 67.0864 2.05457 -13 83 1 0 1
-88.3757 -8.31189 325.556 -20.2658 -1.33835 60.1862 2.29685 -13 84 1 0 1
8.51561 -0.346935 325.556 1.96026 -0.267235 75.6841 2.99241 -13 85 1 0 1
10.5018 -31.2493 325.556 2.48203 -6.36456 68.1755 1.8023 -13 86 1 0 1
-4.98513 -53.6522 325.556 -0.692957 -6.64538 50.5481 3.32033 -13 87 1 0 1
-27.0619 -25.7204 325.556 -6.90788 -4.47182 67.8211 1.59022 -13 88 1 0 1
15.6509 -5.78237 325.556 3.61285 -0.518728 62.1586 1.53821 -13 89 1 0 1
5.10942 19.9765 325.556 1.21769 3.30046 65.8169 1.85264 -13 90 1 0 1
-52.9209 -16.0835 325.556 -12.4342 -2.6959 63.1071 2.97222 -13 91 1 0 1
41.5468 9.13659 325.556 8.91795 1.24183 54.6836 2.30362 -13 92 1 0 1
25.6705 -0.594676 325.556 5.84803 -0.360637 58.8726 3.03356 -13 93 1 0 1
12.8461 90.8604 325.556 2.79949 11.761 54.2581 1.04373 -13 94 1 0 1
15.5603 12.2293 325.556 3.80664 2.44256 70.4059 2.01624 -13 95 1 0 1
7.02139 43.7051 325.556 1.61714 7.14983 61.148 0.345902 -13 96 1 0 1
-3.62381 -5.44007 325.556 -0.528625 -0.19112 57.07 1.21711 -13 97 1 0 1
-4.66335 -7.89873 325.556 -1.24303 -0.926625 67.3933 2.44837 -13 98 1 0 1
-19.7536 45.6847 325.556 -4.65214 7.35787 63.1609 2.61603 -13 99 1 0 1
31.0715 -3.37145 325.556 7.57582 -0.0378407 67.2135 1.14769 -13 100 1 0 1
46.7951 -1.81978 325.556 11.512 -0.602281 67.6645 1.34086 -13 101 1 0 1
14.4529 8.83441 325.556 3.40416 1.45032 67.2334 1.93466 -13 102 1 0 1
67.0112 3.30166 325.556 15.2421 1.23041 60.3521 -0.27528 -13 103 1 0 1
28.2691 1.72831 325.556 6.89212 -0.0386488 67.3129 1.71428 -13 104 1 0 1
-23.8787 34.0199 325.556 -5.26045 5.94813 60.2091 0.723235 -13 105 1 0 1
-55.8026 -15.6372 325.556 -12.4084 -2.33372 59.0092 2.48646 -13 106 1 0 1
-9.18993 -28.0782 325.556 -2.64611 -5.23149 70.4187 0.915034 -13 107 1 0 1
46.0758 34.1835 325.556 10.8114 6.03471 62.734 1.31349 -13 108 1 0 1
23.2757 13.448 325.556 5.74862 2.47399 67.7535 3.00772 -13 109 1 0 1
-27.14 9.8983 325.556 -7.61591 2.00769 72.3002 1.67203 -13 110 1 0 1
-30.6284 -20.1596 325.556 -9.08042 -3.59107 76.7481 1.56712 -13 111 1 0 1
33.1425 -1.51294 325.556 7.03868 -0.517622 56.0434 0.440049 -13 112 1 0 1
27.5634 24.0186 325.556 5.92014 3.15987 54.8301 3.1104 -13 113 1 0 1
32.6324 -28.476 325.556 7.68661 -4.6929 62.983 2.05206 -13 114 1 0 1
53.0356 10.4636 325.556 10.3473 1.10669 48.8095 2.37046 -13 115 1 0 1
-45.1262 -12.4775 325.556 -12.2643 -2.39926 71.9045 2.45083 -13 116 1 0 1
-8.74487 11.43 325.556 -1.75408 1.77225 55.4481 1.9573 -13 117 1 0 1
28.7721 -41.6899 325.556 5.54472 -5.08541 46.4077 2.23515 -13 118 1 0 1
-8.70184 13.1887 325.556 -2.48077 2.68493 70.55 2.45912 -13 119 1 0 1
-50.5574 3.02578 325.556 -9.50048 0.496624 49.0055 2.34541 -13 120 1 0 1
24.8125 -33.093 325.556 5.67826 -4.5419 61.0066 3.68467 -13 121 1 0 1
-32.7788 -21.6485 325.556 -9.61324 -4.12808 76.5038 2.48433 -13 122 1 0 1
-8.47464 -44.6089 325.556 -2.42746 -8.10434 70.9668 2.70538 -13 123 1 0 1
86.4009 8.26248 325.556 18.574 1.27212 55.5735 2.58721 -13 124 1 0 1
-67.0525 -72.7535 325.556 -14.8141 -10.5391 58.3196 0.721021 -13 125 1 0 1
-23.3892 -9.62537 325.556 -7.36254 -2.76718 78.7183 2.76927 -13 126 1 0 1
15.4267 41.4666 325.556 3.53868 5.95326 60.1147 1.08136 -13 127 1 0 1
4.44281 -22.4525 325.556 1.06552 -4.2385 64.799 2.38832 -13 128 1 0 1
82.7765 30.4495 325.556 18.0316 4.34753 56.7267 1.78605 -13 129 1 0 1
51.2265 -6.56378 325.556 10.0718 -0.327015 49.4761 3.09168 -13 130 1 0 1
0.387605 21.6768 325.556 -0.164878 3.90349 69.04 1.50664 -13 131 1 0 1
-22.7042 10.0362 325.556 -6.44953 1.79474 73.6611 3.18046 -13 132 1 0 1
44.6216 -0.816892 325.556 10.5535 -0.273061 63.382 0.749367 -13 133 1 0 1
32.92 3.34723 325.556 8.50689 0.600491 75.2947 2.2579 -13 134 1 0 1
11.6973 6.20588 325.556 2.70045 0.606065 69.9751 2.79263 -13 135 1 0 1
72.6327 19.4861 325.556 15.2953 2.22492 54.3161 2.35679 -13 136 1 0 1
-35.1479 -3.54831 325.556 -8.22575 -0.704503 62.7545 3.59347 -13 137 1 0 1
-30.7267 58.3565 325.556 -6.34254 7.98399 55.2633 2.60427 -13 140 1 0 1
5.61591 35.6059 325.556 1.32912 4.93132 52.7814 2.25184 -13 141 1 0 1
53.8921 25.0029 325.556 12.783 4.53915 63.7641 3.9788 -13 142 1 0 1
-51.1869 -15.9647 325.556 -13.4427 -3.0734 70.1698 1.0712 -13 143 1 0 1
38.307 -3.21546 325.556 9.73237 -0.923661 71.4154 4.81153 -13 144 1 0 1
38.0695 -74.6746 325.556 8.26966 -10.1709 56.5233 3.95586 -13 145 1 0 1
29.8683 -19.8789 325.556 7.18738 -2.98124 65.7595 2.22559 -13 146 1 0 1
-6.92789 -9.86315 325.556 -1.69884 -1.68225 65.334 0.800149 -13 147 1 0 1
-24.1173 -39.9594 325.556 -6.3229 -6.62687 69.0145 2.19008 -13 148 1 0 1
49.142 35.7396 325.556 10.475 4.76369 55.7685 1.74329 -13 149 1 0 1
15.7689 48.588 325.556 3.77092 8.38277 65.7655 1.82612 -13 150 1 0 1
21.2673 -53.8909 325.556 4.66678 -7.73695 56.8692 3.40308 -13 151 1 0 1
9.52874 -9.27749 325.556 2.27155 -1.61811 64.4587 4.12304 -13 152 1 0 1
-24.0848 -32.9714 325.556 -6.13029 -6.33961 67.6356 1.44848 -13 153 1 0 1
-40.6093 -35.321 325.556 -12.097 -7.35986 77.5763 -0.321172 -13 154 1 0 1
-60.4383 18.0662 325.556 -14.6376 2.80985 64.5399 0.535621 -13 155 1 0 1
85.0017 -23.7435 325.556 15.2882 -2.11676 44.3453 2.06281 -13 156 1 0 1
-19.7744 5.49483 325.556 -4.55479 1.19657 62.266 1.92379 -13 157 1 0 1
-14.4508 12.4963 325.556 -4.98698 2.14244 79.3303 3.04289 -13 158 1 0 1
-31.835 34.1982 325.556 -6.57796 4.46887 56.022 1.53148 -13 159 1 0 1
76.7948 -0.478834 325.556 17.7909 -0.0369004 61.8536 2.00639 -13 160 1 0 1
33.4436 -4.85383 325.556 8.35175 -1.44047 70.3108 3.41092 -13 161 1 0 1
-59.4005 14.8766 325.556 -9.29001 1.20854 39.3802 2.30333 -13 162 1 0 1
-29.0046 31.1641 325.556 -7.67707 6.23957 69.9477 0.144347 -13 163 1 0 1
6.06362 -14.8409 325.556 1.37087 -2.96968 66.5544 1.95866 -13 164 1 0 1
-104.843 -7.55185 325.556 -26.3042 -1.33743 66.2304 1.68734 -13 166 1 0 1
46.9195 47.1656 325.556 10.8844 7.37716 61.8139 2.61094 -13 167 1 0 1
-30.047 34.1526 325.556 -9.42127 7.43483 78.554 2.81608 -13 168 1 0 1
66.8187 -30.4608 325.556 14.4692 -4.51652 56.6299 1.85375 -13 169 1 0 1
-35.6907 -15.386 325.556 -9.01987 -2.87386 67.1717 1.22128 -13 170 1 0 1
-3.82714 16.3319 325.556 -0.659198 1.98875 56.8508 1.73311 -13 172 1 0 1
61.8715 -26.3995 325.556 13.7124 -3.87544 57.7728 2.24046 -13 173 1 0 1
15.9211 19.7933 325.556 3.90972 2.83863 68.8047 2.09544 -13 174 1 0 1
-26.3164 -34.642 325.556 -4.67958 -4.29432 48.5508 2.22318 -13 176 1 0 1
87.7315 -43.212 325.556 17.0727 -4.99659 49.1938 1.98286 -13 177 1 0 1
13.0522 -21.8673 325.556 2.83987 -2.5793 52.6374 1.65844 -13 178 1 0 1
37.6738 -58.3117 325.556 9.33225 -10.8607 68.9416 1.11033 -13 179 1 0 1
36.075 -34.3929 325.556 7.39242 -4.22063 52.0861 3.80455 -13 180 1 0 1
-40.2694 -13.1046 325.556 -6.06048 -1.0681 38.2449 1.44727 -13 181 1 0 1
-48.583 17.1885 325.556 -7.53895 1.61835 39.6245 1.91962 -13 182 1 0 1
64.0041 57.5724 325.556 11.1175 5.8059 42.1509 2.70273 -13 183 1 0 1
-76.8147 -19.6645 325.556 -16.1121 -3.04104 54.7503 2.18263 -13 184 1 0 1
-20.2434 -37.7749 325.556 -4.44399 -6.04944 60.1041 1.25048 -13 185 1 0 1
45.5995 28.4589 325.556 8.05619 2.95807 43.1082 1.96963 -13 186 1 0 1
16.6352 9.6896 325.556 4.1168 2.52603 71.3042 2.94115 -13 188 1 0 1
-53.1971 -20.2035 325.556 -15.8727 -4.34295 78.522 1.88672 -13 189 1 0 1
44.9205 30.8959 325.556 10.3946 4.75462 60.6181 3.92022 -13 191 1 0 1
-18.0178 18.9908 325.556 -6.03675 4.78307 80.0503 2.52838 -13 192 1 0 1
-58.6522 -11.5842 325.556 -8.82261 -1.25744 37.5297 1.91518 -13 193 1 0 1
3.16927 57.1142 325.556 0.619043 10.6846 69.5381 1.59661 -13 194 1 0 1
5.3603 -0.206391 325.556 1.30725 -0.000556753 60.3666 4.27706 -13 195 1 0 1
16.2904 -13.9013 325.556 3.64644 -3.77504 80.5491 4.2472 -13 196 1 0 1
-31.43 39.4968 325.556 -7.35009 6.25886 63.0761 1.04081 -13 197 1 0 1
70.0964 2.14957 325.556 13.4675 0.280682 48.5448 1.76703 -13 198 1 0 1
-56.6146 62.1071 325.556 -12.0025 8.07474 56.5664 0.529706 -13 199 1 0 1
-25.0724 -20.7046 325.556 -4.75457 -2.3219 50.7807 2.96123 -13 200 1 0 1
-67.0134 -20.8405 325.556 -17.0938 -3.95644 67.9345 2.18391 -13 201 1 0 1
-15.9082 76.5175 325.556 -3.47108 10.8399 58.9931 1.22862 -13 202 1 0 1
-8.63424 5.73954 325.556 -1.97357 0.59034 62.1508 2.24277 -13 203 1 0 1
0.848301 7.87854 325.556 0.345017 0.503597 49.9926 3.74639 -13 205 1 0 1
-107.872 7.15914 325.556 -29.7738 1.16643 72.2021 2.00826 -13 206 1 0 1
-47.979 -48.912 325.556 -10.2177 -6.87852 56.8621 1.05169 -13 207 1 0 1
-82.4468 8.17254 325.556 -20.6554 1.47131 66.6404 1.60218 -13 208 1 0 1
67.3586 44.8178 325.556 7.48286 1.45387 23.2204 4.62867 -13 209 1 0 1
94.1489 6.1243 325.556 17.1865 0.832132 45.0155 2.11466 -13 210 1 0 1
82.3885 33.5433 325.556 13.9166 2.69483 41.1099 3.29285 -13 211 1 0 1
-30.8726 68.2239 325.556 -8.64878 12.9851 72.9141 3.88906 -13 212 1 0 1
-74.1326 32.8705 325.556 -16.1656 4.48121 57.5999 0.765767 -13 213 1 0 1
-12.7569 38.0766 325.556 -3.89495 7.26704 75.3916 2.7793 -13 214 1 0 1
-0.126542 -38.6919 325.556 -0.379794 -8.07893 72.2622 3.5392 -13 215 1 0 1
4.90696 -6.70802 325.556 1.00166 -1.18418 70.324 2.96671 -13 216 1 0 1
-61.427 10.5723 325.556 -14.6699 1.67149 63.4318 2.14058 -13 218 1 0 1
-20.7593 -15.2977 325.556 -6.32385 -3.14281 77.5516 1.77613 -13 219 1 0 1
6.93613 3.75647 325.556 1.52895 0.338322 72.1835 4.19804 -13 220 1 0 1
71.5732 -0.106534 325.556 15.0709 -0.285631 53.609 3.19538 -13 221 1 0 1
-12.6394 45.2066 325.556 -3.62589 8.70658 72.4022 1.03828 -13 222 1 0 1
-48.7831 11.7466 325.556 -11.1918 2.1902 61.0396 3.05622 -13 223 1 0 1
-40.1382 0.493357 325.556 -9.25014 0.259745 61.9495 1.56515 -13 224 1 0 1
16.4755 54.433 325.556 3.57185 7.35703 54.4302 1.95664 -13 226 1 0 1
-32.9449 -25.9425 325.556 -7.58313 -4.21657 61.8737 2.06869 -13 227 1 0 1
-11.8622 -1.26768 325.556 -4.06673 -0.343505 78.2689 -0.16034 -13 228 1 0 1
-44.6104 0.698658 325.556 -12.0838 -0.374211 71.4214 2.10482 -13 229 1 0 1
38.5292 -48.4017 325.556 7.17468 -5.03655 45.8433 2.20028 -13 230 1 0 1
78.3957 80.7033 325.556 18.6624 13.4854 63.994 3.26203 -13 231 1 0 1
-48.4415 -7.9557 325.556 -11.7255 -1.49784 64.6889 0.51484 -13 233 1 0 1
33.7819 8.3736 325.556 8.2633 1.44286 67.6412 1.31091 -13 234 1 0 1
19.3154 -29.2891 325.556 4.79028 -6.27136 74.1132 2.10231 -13 235 1 0 1
-45.3183 -31.2137 325.556 -10.8542 -5.59362 64.181 3.27672 -13 236 1 0 1
69.071 -51.0551 325.556 14.1556 -6.15878 52.5328 3.09186 -13 237 1 0 1
-3.32784 6.27144 325.556 -0.783472 0.922342 62.9144 2.11479 -13 238 1 0 1
-48.4641 6.40349 325.556 -12.7413 1.73538 69.846 3.16861 -13 239 1 0 1
54.6343 81.9324 325.556 10.0324 8.31715 45.2428 2.26934 -13 240 1 0 1
72.2636 9.34166 325.556 10.3477 0.623288 32.9332 4.09915 -13 241 1 0 1
-20.047 -14.8811 325.556 -4.30892 -2.65056 58.681 3.96594 -13 242 1 0 1
48.5406 -36.684 325.556 12.0157 -6.05817 67.7899 1.83107 -13 243 1 0 1
6.55958 17.82 325.556 1.29313 3.57471 75.999 2.4744 -13 244 1 0 1
30.7205 35.5305 325.556 7.72647 7.38876 71.3851 1.1874 -13 245 1 0 1
0.695543 28.2131 325.556 -0.0663543 5.8346 70.8225 1.69208 -13 246 1 0 1
13.3665 -22.3996 325.556 3.08485 -3.08714 61.1365 1.76258 -13 247 1 0 1
-17.2971 -25.6711 325.556 -4.46463 -4.46348 67.9195 2.61991 -13 248 1 0 1
88.0556 19.1315 325.556 19.6775 2.1684 59.0247 1.20152 -13 249 1 0 1
18.0894 -44.8292 325.556 4.34953 -8.03159 68.5275 0.446786 -13 250 1 0 1
52.2179 62.2414 325.556 12.0502 8.79722 61.489 1.08369 -13 251 1 0 1
49.6365 -1.501 325.556 11.7177 -0.491112 62.8883 2.32768 -13 252 1 0 1
5.51381 57.0678 325.556 1.08155 11.0962 71.4749 0.549268 -13 253 1 0 1
44.1815 28.7762 325.556 9.41718 4.00774 54.8539 1.77332 -13 254 1 0 1
-8.26585 20.2529 325.556 -2.87526 4.68352 77.4898 1.7479 -13 255 1 0 1
-18.4361 16.7572 325.556 -3.58094 2.17185 53.1053 1.38774 -13 256 1 0 1
2.53447 -63.1258 325.556 0.691429 -6.29616 43.3323 2.5022 -13 257 1 0 1
1.89662 -2.65454 325.556 0.410644 -0.676972 63.4512 2.17172 -13 258 1 0 1
35.1753 -7.63935 325.556 7.78722 -1.42595 56.6753 1.03927 -13 259 1 0 1
-19.2757 -22.5966 325.556 -5.38261 -4.77954 72.4675 1.57958 -13 260 1 0 1
-18.9206 27.4141 325.556 -4.22781 4.09075 60.1191 1.00243 -13 261 1 0 1
23.4074 1.1051 325.556 5.61203 0.321078 63.0106 4.16572 -13 262 1 0 1
50.893 -27.328 325.556 11.8945 -4.30661 62.5108 0.596442 -13 263 1 0 1
-4.2229 -21.0191 325.556 -0.661406 -2.60747 50.8683 2.1984 -13 264 1 0 1
54.6077 32.5684 325.556 12.76 5.41462 62.5507 2.77951 -13 265 1 0 1
31.0758 26.8359 325.556 7.82504 4.53594 70.4934 2.50586 -13 266 1 0 1
-14.7597 4.20169 325.556 -3.51308 0.04959 63.5938 1.75315 -13 267 1 0 1
16.3977 23.6923 325.556 3.03042 2.569 43.0432 1.66706 -13 268 1 0 1
-32.8013 12.2301 325.556 -9.82365 1.78839 77.5403 2.28394 -13 269 1 0 1
-25.5806 -15.7899 325.556 -6.05909 -3.10333 63.8128 3.31054 -13 270 1 0 1
32.1874 -26.5428 325.556 8.43391 -6.00733 77.3324 0.98311 -13 271 1 0 1
32.3063 -48.1575 325.556 7.5916 -7.82913 62.8024 3.67294 -13 272 1 0 1
-52.652 11.5608 325.556 -10.615 1.34061 53.7637 5.13098 -13 273 1 0 1
18.0431 5.76347 325.556 4.36449 1.45926 67.4281 -0.0596496 -13 274 1 0 1
50.0018 -18.2095 325.556 11.082 -3.00973 58.5842 1.88066 -13 275 1 0 1
59.3694 -32.4698 325.556 13.0294 -4.75659 56.9336 3.40558 -13 277 1 0 1
-81.6647 5.21662 325.556 -18.286 0.758963 59.1553 3.72166 -13 278 1 0 1
-57.1882 -26.2559 325.556 -14.4981 -5.44428 67.6652 -0.494866 -13 279 1 0 1
20.3177 8.25721 325.556 4.67427 1.02407 61.3777 2.34644 -13 280 1 0 1
-4.44774 -13.0587 325.556 -1.29841 -1.90746 66.7172 0.694196 -13 281 1 0 1
-6.09907 54.0829 325.556 -0.962472 6.39559 48.3933 1.70453 -13 282 1 0 1
48.205 -50.608 325.556 9.5255 -5.95705 49.9677 0.861253 -13 283 1 0 1
-25.0083 23.1763 325.556 -4.8756 2.38707 52.9483 1.99709 -13 284 1 0 1
-80.0018 30.1833 325.556 -18.1951 4.81044 59.9912 1.65037 -13 285 1 0 1
-45.5854 -13.8345 325.556 -11.6771 -1.2838 68.6154 0.496777 -13 286 1 0 1
-10.5159 -1.28797 325.556 -1.93418 -0.560467 51.9277 0.772284 -13 287 1 0 1
-23.9475 46.7858 325.556 -7.27958 9.68871 77.5034 2.27344 -13 289 1 0 1
9.28098 -38.4161 325.556 1.99078 -7.93663 75.1046 2.29139 -13 291 1 0 1
-23.0199 12.1044 325.556 -6.4434 2.56922 72.652 1.60718 -13 292 1 0 1
-98.012 52.7581 325.556 -18.0983 6.20147 46.7967 4.63762 -13 293 1 0 1
86.2711 39.3696 325.556 21.4592 7.75295 67.9213 3.5664 -13 294 1 0 1
-29.8285 3.37264 325.556 -7.25931 0.456911 65.0899 2.09784 -13 295 1 0 1
-51.2773 17.5083 325.556 -11.1835 2.50577 58.4064 1.90266 -13 296 1 0 1
62.982 -22.0299 325.556 13.0016 -3.08424 52.9855 4.8792 -13 297 1 0 1
13.0418 3.99898 325.556 3.10517 0.262741 67.3246 0.104636 -13 298 1 0 1
-112.554 35.4579 325.556 -19.7207 3.97185 43.4054 5.45059 -13 299 1 0 1
-37.3788 24.9649 325.556 -8.62737 3.57785 62.2646 1.3095 -13 301 1 0 1
-37.1376 30.268 325.556 -8.7576 5.35297 63.1851 2.29555 -13 302 1 0 1
-3.82357 11.82 325.556 -0.861241 2.42458 62.4711 2.07837 -13 303 1 0 1
-10.3455 31.6413 325.556 -2.63656 5.79417 65.812 2.53339 -13 304 1 0 1
-87.98 51.7451 325.556 -14.8285 4.90365 42.2917 3.99479 -13 305 1 0 1
-19.2217 -17.7185 325.556 -4.81587 -3.40945 66.6073 0.937434 -13 306 1 0 1
31.6435 -81.405 325.556 7.67782 -14.8868 67.677 0.693209 -13 307 1 0 1
-20.9577 -55.2163 325.556 -5.9622 -10.5612 73.0367 1.95851 -13 308 1 0 1
-13.9793 35.9135 325.556 -3.52122 6.1795 66.256 1.13101 -13 309 1 0 1
40.4335 -11.9852 325.556 10.221 -2.21778 71.7516 1.48509 -13 310 1 0 1
30.1424 -30.1109 325.556 4.25253 -1.29569 31.9681 1.93989 -13 311 1 0 1
-38.2459 9.98173 325.556 -10.2116 2.08106 70.9412 1.73048 -13 312 1 0 1
-38.0415 46.5478 325.556 -10.3009 8.59622 71.6895 2.82347 -13 313 1 0 1
-38.2264 -3.71759 325.556 -9.77328 -0.594755 67.4007 1.36225 -13 314 1 0 1
52.6887 -1.09071 325.556 12.2064 0.342306 61.4382 0.620216 -13 315 1 0 1
13.5672 -90.7683 325.556 2.89284 -11.2525 52.2181 1.16522 -13 316 1 0 1
-31.0415 -40.1145 325.556 -7.40055 -6.70129 63.8373 2.7869 -13 317 1 0 1
-2.54964 -8.91965 325.556 -0.839713 -1.30905 69.2424 0.497262 -13 318 1 0 1
-17.9649 33.3195 325.556 -4.9459 6.75757 70.1355 3.91481 -13 319 1 0 1
57.4 27.2229 325.556 14.5053 4.98055 69.9131 2.49644 -13 320 1 0 1
26.5054 -8.64991 325.556 5.775 -1.36754 56.9426 0.529846 -13 321 1 0 1
-35.209 14.414 325.556 -11.1527 3.29213 79.37 3.60964 -13 322 1 0 1
30.8799 -10.8782 325.556 7.98185 -1.35125 75.5709 2.02349 -13 323 1 0 1
15.4822 33.2796 325.556 3.7333 5.69143 65.9036 1.29514 -13 324 1 0 1
8.90997 -21.7658 325.556 2.04351 -4.32479 72.6154 1.83084 -13 325 1 0 1
-82.8179 55.2391 325.556 -18.3517 7.73925 58.041 2.11707 -13 326 1 0 1
-57.3442 -106.614 325.556 -10.9195 -12.3154 49.5265 2.68811 -13 327 1 0 1
-47.2457 -14.2622 325.556 -10.3695 -3.03851 58.5932 0.611944 -13 328 1 0 1
-8.4622 40.8313 325.556 -2.3 7.59299 68.9278 3.00117 -13 329 1 0 1
28.0911 -9.18018 325.556 7.25063 -1.41565 76.4554 0.936987 -13 330 1 0 1
-52.4739 19.2871 325.556 -13.9687 2.71915 70.8461 0.297399 -13 331 1 0 1
-20.8116 -10.3268 325.556 -2.12816 -0.183341 24.1935 3.30842 -13 332 1 0 1
41.233 22.9248 325.556 7.99475 2.81746 48.564 6.50324 -13 333 1 0 1
-36.2853 -24.233 325.556 -8.76635 -3.95974 65.329 2.29558 -13 334 1 0 1
31.5878 -36.2418 325.556 7.70918 -6.29126 66.2635 2.28412 -13 335 1 0 1
-8.87912 -41.5875 325.556 -2.56408 -7.32142 68.9231 1.23577 -13 336 1 0 1
48.5683 -42.1271 325.556 10.1346 -6.11028 53.8455 3.13812 -13 338 1 0 1
3.68833 -28.3737 325.556 0.889202 -3.29124 50.7647 2.71578 -13 339 1 0 1
11.482 34.3374 325.556 2.77279 6.44435 69.4523 2.0865 -13 340 1 0 1
21.8939 -1.00306 325.556 5.64085 -0.795882 77.6091 1.70375 -13 341 1 0 1
-20.6047 26.678 325.556 -5.92247 5.4771 73.414 2.42866 -13 342 1 0 1
5.21651 -29.3546 325.556 1.24729 -5.21554 62.2957 1.65405 -13 343 1 0 1
59.3281 8.45078 325.556 11.494 1.48563 48.8443 2.08959 -13 344 1 0 1
-12.6714 2.37806 325.556 -3.34248 0.736135 68.9476 1.03059 -13 345 1 0 1
-70.8734 -7.89968 325.556 -16.9169 -1.31467 63.5825 2.56614 -13 346 1 0 1
-21.8898 6.14836 325.556 -5.60445 1.12251 68.2068 1.05278 -13 347 1 0 1
0.449788 27.9136 325.556 0.331305 4.20947 52.4906 1.78055 -13 348 1 0 1
67.8408 -7.0854 325.556 14.4445 -1.20523 55.3998 3.02787 -13 349 1 0 1
-10.1367 -60.2004 325.556 -2.52029 -9.90016 64.8203 2.74869 -13 350 1 0 1
-36.189 1.50471 325.556 -9.57113 0.00356506 70.2009 0.305082 -13 352 1 0 1
-15.6865 26.8126 325.556 -3.84442 4.33971 65.8051 1.70317 -13 353 1 0 1
-2.37527 31.7726 325.556 -0.353957 3.80364 54.0045 2.62898 -13 354 1 0 1
-34.0721 19.8638 325.556 -9.60664 3.9912 73.5889 1.32324 -13 355 1 0 1
47.5125 46.7139 325.556 10.6647 7.32903 59.0675 2.37039 -13 356 1 0 1
3.71439 9.48745 325.556 0.827301 1.12698 42.5167 2.70768 -13 357 1 0 1
69.9227 42.5026 325.556 13.8916 5.52417 50.5778 2.93988 -13 358 1 0 1
32.3661 13.3968 325.556 7.58146 2.69844 62.0427 2.46376 -13 359 1 0 1
-28.9316 -10.2161 325.556 -8.31416 -1.98193 75.2658 1.15661 -13 360 1 0 1
11.3026 9.83013 325.556 2.54705 2.42538 77.3017 1.60855 -13 361 1 0 1
-97.2432 1.07986 325.556 -22.2954 -0.216445 60.2585 -0.727621 -13 362 1 0 1
-12.405 23.8345 325.556 -3.85172 5.12471 75.2775 1.45965 -13 363 1 0 1
-0.53638 -19.2302 325.556 -0.288086 -2.98794 64.8816 2.19086 -13 364 1 0 1
-27.9453 33.2263 325.556 -5.07588 4.0832 48.6876 0.513564 -13 365 1 0 1
79.5895 -7.20605 325.556 14.2815 -0.791043 44.0492 4.82545 -13 366 1 0 1
84.9436 -20.0235 325.556 14.1325 -2.10758 39.8463 4.114 -13 367 1 0 1
-18.0497 29.8791 325.556 -4.35512 5.23066 64.9001 2.50044 -13 368 1 0 1
1.14869 -5.24398 325.556 0.346203 -0.430388 60.4719 0.950991 -13 369 1 0 1
-56.3426 4.68383 325.556 -15.0823 0.742738 71.2194 2.69147 -13 370 1 0 1
-6.90281 -19.8829 325.556 -1.68293 -3.18728 66.2273 4.31108 -13 371 1 0 1
5.67343 -49.3583 325.556 1.41189 -7.06316 53.7834 3.06104 -13 372 1 0 1
-38.2771 -29.6848 325.556 -9.17262 -5.07487 64.1957 2.66277 -13 373 1 0 1
-43.2129 1.02957 325.556 -12.4059 0.464191 75.7225 2.39141 -13 374 1 0 1
-74.3109 26.5366 325.556 -21.3028 5.69187 76.1014 0.366924 -13 375 1 0 1
-40.012 -60.764 325.556 -10.3116 -10.757 68.5134 2.36945 -13 376 1 0 1
57.7187 -30.1145 325.556 15.5886 -6.57047 77.2647 2.93408 -13 377 1 0 1
14.7644 -28.0179 325.556 2.68813 -2.95309 41.3855 4.96911 -13 378 1 0 1
-13.7361 -69.5203 325.556 -3.6339 -12.5007 67.5567 2.56271 -13 379 1 0 1
-39.4757 -81.2578 325.556 -6.46607 -7.826 42.682 2.00741 -13 380 1 0 1
38.3394 10.7996 325.556 8.67406 2.18395 59.5659 3.23173 -13 381 1 0 1
34.6648 -39.312 325.556 8.84096 -7.50573 72.3215 1.48741 -13 382 1 0 1
-86.8392 5.53777 325.556 -16.6511 0.510631 49.2831 3.70491 -13 383 1 0 1
71.7508 9.27062 325.556 15.7662 0.938651 57.1324 0.790564 -13 384 1 0 1
-7.54732 -19.3241 325.556 -1.94725 -3.86074 67.4482 3.6797 -13 385 1 0 1
10.6953 -9.55883 325.556 2.58363 -1.93112 69.9046 3.78909 -13 386 1 0 1
-44.4236 -9.71188 325.556 -11.9416 -2.06793 71.4284 1.95817 -13 387 1 0 1
14.2817 -1.78353 325.556 3.06154 -0.102709 51.8847 1.54433 -13 388 1 0 1
86.9991 -4.159 325.556 19.6889 -0.38112 59.4059 3.11955 -13 389 1 0 1
-32.4559 5.10371 325.556 -7.59932 0.661622 63.4271 2.73577 -13 390 1 0 1
101.471 3.01326 325.556 19.8976 0.217065 49.2447 2.14292 -13 391 1 0 1
-36.4382 -9.08659 325.556 -7.2854 -1.74328 53.7033 2.45467 -13 392 1 0 1
-11.2837 48.1638 325.556 -2.58022 7.09631 60.9057 1.2516 -13 394 1 0 1
-33.6817 56.6991 325.556 -9.50671 11.5792 74.1752 0.150435 -13 395 1 0 1
67.4759 15.7916 325.556 15.7941 2.06551 62.7058 1.85497 -13 396 1 0 1
26.4118 -26.4703 325.556 5.97712 -3.75018 59.8897 3.34065 -13 397 1 0 1
2.66753 -11.1594 325.556 0.525184 -2.11621 66.8345 2.78224 -13 398 1 0 1
-29.3788 -29.0445 325.556 -7.97573 -5.06495 70.92 3.89303 -13 399 1 0 1
12.5113 24.7176 325.556 2.97654 5.00654 64.7366 1.93823 -13 400 1 0 1
28.3491 2.53692 325.556 7.11055 0.62054 71.7214 1.60527 -13 401 1 0 1
-14.7217 37.9245 325.556 -3.06306 5.3915 58.0001 1.83384 -13 402 1 0 1
-5.4083 -99.6741 325.556 -1.5573 -18.3066 69.4959 2.14674 -13 403 1 0 1
16.7353 -34.356 325.556 4.02535 -6.34593 66.3225 3.14882 -13 404 1 0 1
-18.1069 -34.4183 325.556 -4.07672 -5.75519 60.1699 1.49453 -13 406 1 0 1
-15.8182 -23.5237 325.556 -3.9045 -3.67746 65.907 3.22484 -13 407 1 0 1
72.3386 37.7955 325.556 15.7099 5.36162 56.5172 3.9736 -13 408 1 0 1
44.5897 -6.43492 325.556 10.5837 -1.05807 63.7464 2.30623 -13 409 1 0 1
-28.2214 -25.0668 325.556 -8.2295 -5.02881 75.7663 -0.801355 -13 410 1 0 1
-16.5928 27.2185 325.556 -2.54792 2.10816 43.2609 3.22838 -13 411 1 0 1
-11.9912 -41.463 325.556 -3.10818 -7.22958 66.9963 3.18667 -13 412 1 0 1
-47.8965 19.1097 325.556 -14.1002 3.6633 77.6472 1.83507 -13 413 1 0 1
-43.8721 1.87258 325.556 -9.51527 0.485762 58.6198 3.097 -13 414 1 0 1
38.9183 37.2691 325.556 8.48379 5.43631 57.0264 2.50152 -13 415 1 0 1
115.604 21.1136 325.556 13.1362 0.833052 23.7316 9.26851 -13 416 1 0 1
61.5119 -84.3822 325.556 10.4165 -7.09514 41.1111 2.70886 -13 417 1 0 1
-7.32132 1.34231 325.556 -2.07935 -0.131661 69.6165 3.34055 -13 418 1 0 1
59.9246 8.80281 325.556 14.0222 1.46095 62.6278 2.5209 -13 419 1 0 1
-6.04804 -38.8985 325.556 -1.97887 -7.99459 73.665 1.36798 -13 421 1 0 1
21.2458 91.545 325.556 5.04907 15.2424 65.2908 2.38789 -13 422 1 0 1
-74.4787 -66.226 325.556 -12.9934 -6.0514 44.4383 2.40519 -13 423 1 0 1
97.0238 60.0796 325.556 17.9316 5.63185 45.4854 3.1938 -13 424 1 0 1
-8.41359 14.0174 325.556 -1.97182 2.51831 64.1407 1.91404 -13 425 1 0 1
-12.6263 16.3648 325.556 -3.89113 3.6978 73.9292 0.374689 -13 426 1 0 1
53.4734 -25.7621 325.556 12.4454 -3.6772 62.5743 1.4819 -13 427 1 0 1
-24.2878 54.7023 325.556 -5.98684 9.6648 65.4284 2.34572 -13 428 1 0 1
72.7448 -52.2157 325.556 15.7586 -7.41287 56.115 2.07515 -13 429 1 0 1
-67.617 59.1584 325.556 -17.5697 10.6595 68.9248 0.193153 -13 430 1 0 1
-0.362969 -21.2472 325.556 -0.634679 -4.40066 75.9491 3.65742 -13 431 1 0 1
21.7927 22.2079 325.556 5.31633 4.27292 67.8497 3.84354 -13 432 1 0 1
-7.49762 -46.3824 325.556 -2.20083 -9.08246 69.9567 3.24556 -13 433 1 0 1
21.7204 45.0723 325.556 4.93522 7.31522 59.5337 2.20375 -13 434 1 0 1
104.678 12.0424 325.556 22.5626 1.45775 56.045 3.22394 -13 435 1 0 1
9.04775 1.19332 325.556 2.09066 0.338479 67.4557 -0.415715 -13 437 1 0 1
-11.3484 2.68432 325.556 -2.11487 0.43556 55.0086 4.14853 -13 438 1 0 1
-4.609 -52.9707 325.556 -1.1495 -8.26 63.4041 0.866301 -13 439 1 0 1
28.5954 29.5375 325.556 6.56776 4.73752 61.2559 2.24823 -13 440 1 0 1
-39.8069 0.56755 325.556 -10.668 0.047039 71.0506 3.19425 -13 441 1 0 1
-29.6365 0.0424433 325.556 -7.2085 0.607091 65.2655 1.79865 -13 442 1 0 1
19.9313 16.9737 325.556 4.45027 2.98435 56.7689 3.1815 -13 443 1 0 1
59.9277 0.289536 325.556 14.9889 0.258919 68.9846 2.84252 -13 444 1 0 1
36.211 -7.56871 325.556 8.98322 -2.006 69.0958 1.92822 -13 445 1 0 1
-23.7756 -26.0549 325.556 -6.18372 -4.13849 68.9759 0.309359 -13 446 1 0 1
47.2089 6.3043 325.556 10.2446 0.976966 56.5294 1.70184 -13 447 1 0 1
-9.53986 14.0213 325.556 -2.66556 2.92705 70.627 -0.170825 -13 448 1 0 1
-2.78053 -2.44763 325.556 -0.402186 -0.529853 52.7604 2.0696 -13 449 1 0 1
13.7474 7.69013 325.556 3.21272 1.17803 81.1447 1.75549 -13 451 1 0 1
1.99291 -12.5937 325.556 0.46727 -2.38216 67.4631 2.98151 -13 452 1 0 1
32.3068 -14.1161 325.556 7.4161 -1.98967 59.5123 1.72828 -13 453 1 0 1
-28.1337 14.3063 325.556 -5.17544 1.64034 50.4612 3.69053 -13 454 1 0 1
41.9239 -43.5597 325.556 8.95728 -6.23147 54.8523 2.39413 -13 455 1 0 1
66.3136 42.6913 325.556 15.7379 7.09023 63.7127 1.33879 -13 456 1 0 1
64.6364 21.2008 325.556 13.9894 3.33649 55.8634 2.96067 -13 457 1 0 1
37.7042 -89.3382 325.556 7.91322 -11.549 54.5486 1.14644 -13 458 1 0 1
43.5015 26.7962 325.556 11.3986 4.74878 74.0637 3.45882 -13 459 1 0 1
-19.0538 7.16706 325.556 -4.73617 1.51427 65.4144 1.77033 -13 460 1 0 1
-37.1488 41.9036 325.556 -9.03207 7.34995 65.3548 2.28943 -13 461 1 0 1
28.2875 14.2555 325.556 6.80472 2.45424 64.6944 1.65635 -13 462 1 0 1
9.30433 -7.87803 325.556 2.1707 -1.34227 69.2152 3.33184 -13 463 1 0 1
42.6213 81.7366 325.556 9.73351 12.4785 60.845 1.91822 -13 464 1 0 1
-32.6244 70.7964 325.556 -4.94404 5.74242 38.7659 2.13054 -13 465 1 0 1
29.998 38.0767 325.556 6.54598 5.53882 56.9752 2.47619 -13 466 1 0 1
65.4713 22.9679 325.556 10.3751 2.02293 37.3755 2.86259 -13 467 1 0 1
22.7502 -18.4395 325.556 5.0738 -3.15407 56.4545 1.31776 -13 468 1 0 1
-8.5917 66.3354 325.556 -1.48715 7.91767 50.7246 2.8233 -13 469 1 0 1
20.7653 -26.3586 325.556 4.9253 -4.10027 65.1409 1.48173 -13 470 1 0 1
23.9069 42.4968 325.556 4.82159 4.88817 49.5483 3.59411 -13 471 1 0 1
51.7921 -59.4575 325.556 9.08672 -5.61315 42.8096 3.90428 -13 472 1 0 1
5.80161 -19.1747 325.556 1.43809 -2.71924 55.5376 1.57153 -13 473 1 0 1
50.3291 -31.3341 325.556 11.6378 -4.85664 61.216 1.41828 -13 474 1 0 1
12.2537 29.3351 325.556 2.98253 5.87131 72.3195 3.39042 -13 475 1 0 1
-61.4077 52.8681 325.556 -13.9074 8.12008 60.1262 2.07375 -13 476 1 0 1
10.5316 50.5993 325.556 2.60554 8.37553 67.1963 0.633875 -13 477 1 0 1
-11.671 -20.5889 325.556 -2.74617 -3.11506 62.1788 0.231574 -13 478 1 0 1
27.5761 -4.84397 325.556 5.31849 -0.781422 48.0522 1.83329 -13 479 1 0 1
53.9672 24.3377 325.556 11.332 3.44208 54.1786 2.54686 -13 480 1 0 1
67.8145 -26.8868 325.556 9.76751 -1.73104 32.9291 3.95777 -13 481 1 0 1
17.6703 -44.0477 325.556 3.44843 -5.04644 45.7712 2.96706 -13 482 1 0 1
-57.7879 43.2404 325.556 -14.6667 7.36669 67.6774 2.70926 -13 483 1 0 1
-44.9539 0.426934 325.556 -11.2677 -0.157477 66.6854 0.664037 -13 484 1 0 1
-66.2807 -48.8445 325.556 -14.0846 -6.98814 56.0952 4.04788 -13 485 1 0 1
3.45968 -61.1232 325.556 0.82913 -9.32645 58.6005 4.88381 -13 486 1 0 1
45.0188 2.89402 325.556 11.1139 0.176906 68.4248 2.03841 -13 487 1 0 1
-81.2612 -19.7135 325.556 -18.0593 -2.92247 58.668 1.2244 -13 488 1 0 1
10.7551 41.6532 325.556 2.02269 4.57247 42.0493 4.11109 -13 489 1 0 1
-12.2071 -58.7662 325.556 -2.84497 -9.787 62.8917 0.220306 -13 490 1 0 1
17.1004 13.1093 325.556 4.15526 1.83443 69.9582 2.73878 -13 491 1 0 1
19.0136 25.7242 325.556 4.39546 4.48454 61.4517 3.23427 -13 492 1 0 1
-8.32504 -17.887 325.556 -1.67138 -2.7905 59.6073 3.12057 -13 493 1 0 1
26.4197 -22.2804 325.556 4.20335 -1.98571 36.4991 3.21194 -13 494 1 0 1
38.9894 32.6807 325.556 6.82496 2.42791 41.8081 0.0739133 -13 495 1 0 1
24.5103 -52.6646 325.556 4.48974 -5.18884 44.0793 2.94946 -13 496 1 0 1
11.7567 20.6497 325.556 2.73815 3.50325 64.3502 2.26097 -13 497 1 0 1
-26.4575 28.414 325.556 -6.86876 5.18009 68.7307 1.48066 -13 498 1 0 1
15.4933 17.0159 325.556 3.27358 1.81004 52.202 1.48619 -13 499 1 0 1
102.693 -15.0464 325.556 19.9411 -2.09981 48.8251 1.28391 -13 500 1 0 1
10.4248 24.213 325.556 2.28601 4.82692 79.4029 1.44407 -13 501 1 0 1
-56.8231 28.4732 325.556 -14.0304 4.42395 65.7798 0.794529 -13 502 1 0 1
-2.25554 -61.5888 325.556 -0.731603 -10.424 69.155 0.28668 -13 503 1 0 1
-13.5157 18.7398 325.556 -3.45996 3.42362 66.2469 2.24279 -13 504 1 0 1
96.469 2.90338 325.556 20.3739 0.372699 54.2218 1.1038 -13 505 1 0 1
-43.833 -13.2181 325.556 -13.1297 -3.02978 78.2501 3.02308 -13 506 1 0 1
52.1849 66.9033 325.556 9.90719 7.49417 47.9711 2.94964 -13 507 1 0 1
50.9209 -34.7902 325.556 11.9752 -5.25386 62.6292 2.9967 -13 508 1 0 1
41.1636 -32.4206 325.556 10.5053 -6.03836 72.1944 1.85565 -13 509 1 0 1
-50.7874 32.6339 325.556 -11.3818 4.82377 59.9938 3.23717 -13 510 1 0 1
-77.7537 1.75133 325.556 -20.1314 0.627516 69.0477 3.94595 -13 511 1 0 1
-38.1825 -15.5009 325.556 -8.31809 -2.16633 58.0842 1.71952 -13 512 1 0 1
28.4372 14.3678 325.556 5.79456 2.0537 51.3623 3.45126 -13 513 1 0 1
-25.7071 -2.24877 325.556 -5.28799 -0.274848 54.9691 -1.26948 -13 514 1 0 1
-64.6437 4.29004 325.556 -15.7657 0.817271 64.7502 0.518052 -13 515 1 0 1
-19.6191 17.0407 325.556 -4.11067 2.93032 56.5734 0.218455 -13 516 1 0 1
-0.323621 -13.6137 325.556 -0.383997 -3.03095 72.6155 0.690912 -13 517 1 0 1
-4.12068 -11.3028 325.556 -1.00786 -1.7366 65.5125 2.75579 -13 518 1 0 1
-54.3598 8.65971 325.556 -15.9236 1.56496 77.135 1.67309 -13 519 1 0 1
7.70334 -28.9676 325.556 1.88364 -4.86298 60.7149 4.57303 -13 520 1 0 1
-25.5311 -42.5008 325.556 -6.72007 -7.50068 69.7623 0.391284 -13 521 1 0 1
-4.32781 18.944 325.556 -2.04442 4.00912 80.6076 2.60512 -13 522 1 0 1
-37.7935 22.9883 325.556 -9.82565 3.82743 69.3511 2.73179 -13 523 1 0 1
12.0748 -8.83406 325.556 2.8656 -0.557219 61.9879 2.73611 -13 524 1 0 1
25.7099 51.6641 325.556 4.39841 4.30864 39.855 3.53813 -13 525 1 0 1
-47.1833 -0.378061 325.556 -12.6681 0.489484 71.1402 1.87323 -13 526 1 0 1
-25.4003 50.0257 325.556 -5.59392 7.43974 59.2711 3.11505 -13 527 1 0 1
-21.6168 17.1149 325.556 -4.26185 2.22523 54.3263 4.90023 -13 528 1 0 1
52.322 -57.5429 325.556 13.2318 -11.1343 70.2206 2.65687 -13 529 1 0 1
3.17264 20.4565 325.556 0.721244 3.5436 67.1766 1.2923 -13 530 1 0 1
-2.58266 23.8786 325.556 -0.414334 3.74758 59.3031 3.0662 -13 531 1 0 1
-65.41 42.6585 325.556 -12.9216 5.6217 51.8709 3.95148 -13 532 1 0 1
-35.2336 -74.5517 325.556 -4.42961 -3.83839 30.0621 7.0224 -13 533 1 0 1
30.3608 -1.82303 325.556 7.58323 -0.154051 70.0237 2.81327 -13 534 1 0 1
8.91871 45.9699 325.556 2.02484 9.16793 69.738 -0.971654 -13 535 1 0 1
32.8421 6.81626 325.556 6.99084 1.31079 54.9633 1.27933 -13 536 1 0 1
47.8793 36.4907 325.556 11.2121 5.50633 61.8824 2.12193 -13 538 1 0 1
51.5677 -12.3049 325.556 13.712 -2.31938 76.2076 3.12819 -13 540 1 0 1
-17.7478 44.2596 325.556 -4.9018 8.50829 70.7445 2.78855 -13 541 1 0 1
20.1079 18.9208 325.556 4.88055 3.58239 67.6987 1.8973 -13 542 1 0 1
42.2884 -30.2969 325.556 10.3532 -5.66083 66.4484 1.39484 -13 543 1 0 1
25.1474 -12.0589 325.556 5.97406 -2.10271 63.8166 2.38819 -13 544 1 0 1
-29.107 -101.215 325.556 -7.75389 -18.39 69.835 3.0403 -13 545 1 0 1
14.772 -81.3612 325.556 2.73362 -7.8948 44.2417 3.14356 -13 546 1 0 1
0.193156 68.9791 325.556 0.186615 8.8403 52.4209 1.59677 -13 547 1 0 1
25.5522 32.2112 325.556 5.89709 5.55724 61.8204 4.27681 -13 548 1 0 1
26.2771 -14.9934 325.556 5.84437 -1.73639 57.7672 4.67536 -13 549 1 0 1
-92.3658 57.1327 325.556 -22.6366 9.62672 64.6796 -0.53065 -13 550 1 0 1
44.7086 -20.4488 325.556 6.74147 -0.965853 35.2795 4.39066 -13 551 1 0 1
-57.1335 -16.7005 325.556 -12.4902 -2.63162 58.2254 2.32499 -13 553 1 0 1
-51.8699 -12.3015 325.556 -12.5149 -2.25984 64.3287 0.941958 -13 554 1 0 1
37.896 32.3597 325.556 9.69581 6.30213 73.6554 3.02632 -13 555 1 0 1
-16.944 41.3066 325.556 -3.53537 5.6868 56.5539 2.64506 -13 556 1 0 1
31.481 -3.73991 325.556 7.26625 -0.746016 61.3758 4.44682 -13 557 1 0 1
-16.7541 -17.718 325.556 -3.84136 -3.07217 61.9217 -0.601674 -13 558 1 0 1
-70.9357 24.7083 325.556 -12.3327 2.54375 44.3398 1.1669 -13 560 1 0 1
-62.8842 16.825 325.556 -15.9744 2.57831 67.6079 2.98753 -13 562 1 0 1
28.0565 -16.1336 325.556 6.95002 -3.35716 70.4626 1.49306 -13 564 1 0 1
-44.6836 45.5321 325.556 -9.25183 6.43688 55.1487 3.45842 -13 565 1 0 1
-67.8748 -13.9552 325.556 -18.1883 -2.74582 71.2325 2.5629 -13 566 1 0 1
-31.0458 -17.3735 325.556 -6.11781 -2.03612 53.1531 2.44333 -13 567 1 0 1
-29.955 39.2729 325.556 -7.99882 7.49677 70.8453 2.00763 -13 568 1 0 1
5.66043 -25.6271 325.556 1.3038 -4.1169 61.8143 3.80049 -13 569 1 0 1
6.76883 -26.3389 325.556 1.59334 -3.08026 52.539 -0.139981 -13 570 1 0 1
22.6418 62.0142 325.556 2.69631 2.44608 24.9419 4.27005 -13 571 1 0 1
0.411662 -28.0166 325.556 -0.323726 -6.01203 75.5286 1.60379 -13 572 1 0 1
-36.8229 -16.5696 325.556 -9.38394 -3.52265 68.2736 3.81116 -13 573 1 0 1
-41.0844 91.6047 325.556 -9.11858 13.6051 58.9119 1.15536 -13 574 1 0 1
8.03718 -11.0978 325.556 1.83504 -2.0309 69.6966 2.02274 -13 575 1 0 1
-7.37583 2.61014 325.556 -2.00705 -0.229234 68.6919 0.963419 -13 576 1 0 1
13.9531 -14.0623 325.556 3.2799 -1.69467 65.7436 -0.0582246 -13 577 1 0 1
-37.4894 53.6377 325.556 -10.2009 10.1918 71.9324 3.7582 -13 578 1 0 1
49.3016 -61.316 325.556 11.4343 -9.51202 61.4173 1.78257 -13 579 1 0 1
-66.3629 37.9173 325.556 -16.232 6.72653 64.9719 3.41651 -13 580 1 0 1
51.872 8.30824 325.556 12.0152 0.996143 61.6773 2.07733 -13 581 1 0 1
86.7066 14.1278 325.556 16.2173 1.85895 46.6944 2.46423 -13 582 1 0 1
19.0193 -3.173 325.556 4.69253 -0.811456 71.2641 1.37092 -13 583 1 0 1
36.2833 19.3746 325.556 8.54674 2.72291 64.2027 1.19151 -13 584 1 0 1
-9.29228 -28.6405 325.556 -2.38006 -5.16817 65.2738 -0.122759 -13 585 1 0 1
12.0002 -47.7955 325.556 2.83355 -9.21854 71.5322 4.00177 -13 586 1 0 1
-46.9131 63.6123 325.556 -12.8968 12.5617 72.638 2.17621 -13 587 1 0 1
33.9065 4.16393 325.556 8.23757 1.0697 66.5414 -0.222363 -13 588 1 0 1
-1.98591 13.8578 325.556 -0.746544 2.3473 70.5322 0.581539 -13 589 1 0 1
-57.5624 -53.6832 325.556 -15.7237 -10.7093 72.7529 0.943535 -13 590 1 0 1
-42.6585 0.689346 325.556 -12.5405 0.525086 77.2109 4.30932 -13 591 1 0 1
-13.1728 -4.49849 325.556 -3.61172 -1.04886 71.3894 -0.80042 -13 592 1 0 1
16.0991 10.0237 325.556 3.88425 1.01713 64.2417 3.89238 -13 593 1 0 1
-52.7635 -0.382523 325.556 -12.4512 -0.356722 62.5509 2.22994 -13 594 1 0 1
18.7542 -9.38307 325.556 4.39776 -1.15866 63.7955 2.54632 -13 595 1 0 1
-76.7846 -9.06549 325.556 -22.2725 -1.92684 76.6496 1.67068 -13 597 1 0 1
-4.71422 -40.1292 325.556 -2.21022 -8.90789 81.0003 -0.030829 -13 598 1 0 1
-25.5527 -3.3748 325.556 -4.39761 -0.362087 46.6804 0.930357 -13 599 1 0 1
4.00985 -48.6491 325.556 1.00985 -5.96953 51.1137 2.89794 -13 600 1 0 1
23.9047 0.123095 325.556 5.3564 -0.0486783 59.4362 3.25865 -13 601 1 0 1
9.01097 -29.0628 325.556 2.17845 -4.74788 64.5753 2.59415 -13 602 1 0 1
-84.3722 -15.7036 325.556 -20.7195 -2.55184 65.1447 0.686185 -13 603 1 0 1
60.5328 -17.5362 325.556 11.4575 -2.13343 46.7754 2.65676 -13 604 1 0 1
-12.5996 -100.701 325.556 -2.73744 -14.3317 59.1806 2.20264 -13 605 1 0 1
40.7226 -8.04379 325.556 9.82723 -1.38281 66.5213 4.54536 -13 606 1 0 1
39.8841 56.8134 325.556 10.3959 11.9565 75.8156 1.02713 -13 607 1 0 1
-70.3839 20.0029 325.556 -18.7444 4.4434 70.9403 2.00597 -13 609 1 0 1
-31.2047 28.7822 325.556 -7.8878 5.86957 67.3449 0.245653 -13 610 1 0 1
-14.3842 -1.27712 325.556 -2.78447 -0.54178 54.1193 3.15838 -13 611 1 0 1
72.6525 19.8231 325.556 15.4238 3.06924 55.2566 -0.0283975 -13 612 1 0 1
82.1956 -40.661 325.556 12.9434 -3.09534 37.4669 4.36977 -13 613 1 0 1
10.0583 -27.9075 325.556 2.43935 -5.02634 64.6448 1.6751 -13 614 1 0 1
-47.4264 -14.6425 325.556 -12.8925 -3.41299 72.6924 2.64542 -13 615 1 0 1
13.518 25.1106 325.556 3.23957 5.5632 78.2314 1.53207 -13 616 1 0 1
8.81651 -35.7441 325.556 2.04806 -5.60438 64.0066 1.30482 -13 617 1 0 1
-16.0891 101.831 325.556 -3.50545 14.6045 58.176 1.16659 -13 618 1 0 1
73.9572 64.1228 325.556 14.5598 7.76206 49.9125 3.13812 -13 619 1 0 1
-28.7405 12.7885 325.556 -8.68224 2.57053 77.5219 -0.450934 -13 620 1 0 1
13.6902 -17.4777 325.556 3.1642 -2.06757 60.0556 2.77244 -13 621 1 0 1
58.0338 -108.185 325.556 4.26999 -12.0772 40.0936 2.6117 -13 622 1 0 1
1.25575 4.36368 325.556 0.389577 1.19462 60.8342 1.777 -13 623 1 0 1
31.6602 15.2072 325.556 7.65448 2.24471 64.9891 1.6829 -13 624 1 0 1
-39.5426 50.6563 325.556 -8.36783 6.57008 56.5551 1.35818 -13 625 1 0 1
21.8194 9.19278 325.556 5.34473 1.37429 70.7802 4.32231 -13 626 1 0 1
-57.6845 40.6222 325.556 -16.2902 8.83312 74.9166 2.3913 -13 627 1 0 1
38.5763 -26.5487 325.556 9.94021 -4.85453 72.1532 1.99452 -13 628 1 0 1
-8.14199 64.0672 325.556 -1.93925 10.9802 65.543 2.1842 -13 629 1 0 1
-60.7619 41.2324 325.556 -14.1386 6.74373 61.8572 2.72497 -13 630 1 0 1
10.3582 10.9445 325.556 2.51245 1.74278 59.1805 1.46746 -13 631 1 0 1
-9.53853 -34.2111 325.556 -2.47253 -5.82187 66.9698 0.440158 -13 632 1 0 1
88.7976 -1.20288 325.556 17.5416 0.0659584 49.9974 2.59384 -13 635 1 0 1
-49.7886 39.7366 325.556 -13.4545 8.00361 71.8164 -0.241041 -13 636 1 0 1
32.9072 -3.08598 325.556 8.29673 -0.827175 72.0193 1.94444 -13 637 1 0 1
-16.291 -57.5706 325.556 -1.85122 -2.76468 28.5305 4.01122 -13 638 1 0 1
28.638 -40.3777 325.556 6.86645 -6.82013 65.9417 0.0126455 -13 639 1 0 1
46.258 27.2269 325.556 7.4896 2.23808 38.8765 0.809578 -13 640 1 0 1
64.4911 -45.8173 325.556 14.7709 -7.17607 60.8797 0.772276 -13 641 1 0 1
20.9487 -35.2555 325.556 4.74451 -4.76329 57.8076 2.12904 -13 642 1 0 1
-7.28112 -70.0729 325.556 -2.14996 -12.8812 70.5467 1.51963 -13 643 1 0 1
-33.4392 -54.3523 325.556 -6.33711 -6.62446 50.0951 4.67125 -13 644 1 0 1
25.1772 -41.546 325.556 5.55626 -5.7213 57.0087 3.19276 -13 645 1 0 1
-52.7381 13.1374 325.556 -14.1681 2.36881 71.1329 3.21626 -13 646 1 0 1
-85.0276 -7.66084 325.556 -24.0029 -1.22663 74.8626 0.313662 -13 647 1 0 1
32.7215 5.27385 325.556 8.10926 1.08488 68.0243 1.7987 -13 649 1 0 1
-13.3762 -21.8861 325.556 -3.99996 -3.92351 73.6626 2.77042 -13 650 1 0 1
7.80612 11.1651 325.556 1.76659 1.88998 68.197 2.39489 -13 651 1 0 1
-17.6084 -24.0813 325.556 -4.41488 -4.24898 65.8917 2.94724 -13 652 1 0 1
2.76657 -22.0296 325.556 0.494521 -3.61527 68.5165 2.5181 -13 653 1 0 1
53.9524 -15.0899 325.556 9.11888 -1.26961 40.0276 2.44891 -13 654 1 0 1
-36.9394 -46.5707 325.556 -5.1312 -3.38571 34.5052 3.45558 -13 655 1 0 1
-62.7662 58.6255 325.556 -14.887 9.69147 62.783 1.91342 -13 656 1 0 1
-15.342 -2.83929 325.556 -3.52823 0.0600237 61.4393 2.64244 -13 657 1 0 1
-19.9032 -31.359 325.556 -5.29898 -5.10819 69.0011 4.10256 -13 659 1 0 1
-1.27342 -20.6552 325.556 -0.460853 -3.45609 67.1921 0.402179 -13 660 1 0 1
-26.1025 -23.2591 325.556 -7.8153 -5.39559 76.2844 3.38628 -13 661 1 0 1
-34.6843 18.3618 325.556 -7.46482 2.64168 57.6531 1.85821 -13 662 1 0 1
41.645 18.551 325.556 9.13762 2.88621 57.2085 2.5807 -13 663 1 0 1
-25.4618 -35.2748 325.556 -6.89774 -6.305 70.2902 3.58646 -13 664 1 0 1
-21.9859 -19.4443 325.556 -6.62534 -4.21316 76.7205 2.04751 -13 665 1 0 1
-57.657 3.15386 325.556 -13.0454 0.692352 60.4464 3.02789 -13 666 1 0 1
-0.189684 7.08578 325.556 -0.0120382 1.20732 60.4909 -0.105624 -13 667 1 0 1
-18.1636 -41.1572 325.556 -2.49351 -3.09503 35.3749 3.93426 -13 668 1 0 1
7.76587 -57.0819 325.556 1.88751 -9.91715 67.668 3.28975 -13 669 1 0 1
13.8332 -38.6543 325.556 3.35342 -7.21884 72.5345 1.8403 -13 670 1 0 1
64.0598 -52.2125 325.556 14.8579 -8.02983 61.6593 2.51602 -13 671 1 0 1
55.8558 42.4442 325.556 11.8568 5.70309 55.7665 3.74405 -13 672 1 0 1
1.36393 97.7024 325.556 0.370137 13.9706 59.3759 2.46618 -13 673 1 0 1
65.5191 21.2447 325.556 14.9529 3.31278 61.2486 2.88566 -13 674 1 0 1
-14.16 -62.5214 325.556 -3.28612 -10.111 62.6998 5.18881 -13 675 1 0 1
89.1712 30.7758 325.556 16.8327 3.63447 47.293 2.2964 -13 676 1 0 1
68.3979 -9.13249 325.556 16.3445 -1.70208 65.0251 2.95328 -13 677 1 0 1
1.45014 44.1269 325.556 0.107137 9.19366 71.8133 3.37712 -13 678 1 0 1
-46.7268 58.493 325.556 -11.6806 10.0783 66.5125 1.94522 -13 679 1 0 1
-29.063 11.4879 325.556 -5.96155 1.33552 55.8163 1.2901 -13 680 1 0 1
-11.5851 -25.5112 325.556 -3.42028 -5.81287 73.3055 -1.43423 -13 681 1 0 1
-3.01445 -87.5903 325.556 -0.217143 -6.22873 33.7363 3.42606 -13 682 1 0 1
-6.40796 -27.1662 325.556 -1.4469 -4.12557 61.5643 1.82133 -13 684 1 0 1
28.0058 44.2492 325.556 6.97089 8.08417 69.6297 2.28827 -13 686 1 0 1
44.9021 3.1406 325.556 9.3058 0.696374 52.9914 3.95065 -13 687 1 0 1
-12.2868 17.8431 325.556 -3.11857 2.69842 66.6133 1.89414 -13 688 1 0 1
52.6996 -56.8927 325.556 11.9513 -8.77769 59.7409 3.09432 -13 690 1 0 1
12.0929 -3.07653 325.556 2.7923 -0.932742 64.8392 0.00763075 -13 691 1 0 1
-21.7575 -5.29351 325.556 -5.07087 -1.39643 62.2084 1.0733 -13 692 1 0 1
39.5193 0.550763 325.556 7.82867 -0.769815 50.4386 4.19413 -13 693 1 0 1
2.72219 -33.6544 325.556 0.563929 -5.13482 65.1274 4.33145 -13 694 1 0 1
8.25325 36.5594 325.556 1.97422 6.11128 64.7912 2.32586 -13 696 1 0 1
-23.9833 30.3329 325.556 -6.57193 5.87428 70.6061 2.39484 -13 697 1 0 1
95.6426 -36.8946 325.556 16.6507 -3.16175 42.1221 2.01248 -13 699 1 0 1
0.820044 -16.8379 325.556 -0.121672 -3.21985 73.2836 3.21065 -13 700 1 0 1
20.0676 41.2355 325.556 4.98359 7.9687 70.082 3.21689 -13 701 1 0 1
42.2683 6.16407 325.556 7.57751 0.695583 44.1237 3.96797 -13 702 1 0 1
-48.5361 19.6408 325.556 -14.533 3.86621 78.6097 -0.476808 -13 703 1 0 1
55.7909 55.9904 325.556 12.1282 8.10805 56.3259 1.72838 -13 704 1 0 1
14.2575 18.4688 325.556 3.11589 2.24277 53.8001 3.68053 -13 705 1 0 1
-11.5319 20.216 325.556 -2.17683 2.77163 54.6353 0.639491 -13 706 1 0 1
-8.56611 18.3844 325.556 -2.56883 4.2416 72.2936 5.15485 -13 707 1 0 1
-65.4826 -16.3753 325.556 -14.2666 -2.34953 57.7334 2.65653 -13 708 1 0 1
-4.82759 -30.8932 325.556 -1.19622 -5.54986 65.7705 2.0424 -13 709 1 0 1
18.1591 -19.025 325.556 3.46608 -2.30432 44.5254 1.66796 -13 710 1 0 1
36.4665 0.635396 325.556 7.27472 -0.290039 50.5816 2.04839 -13 711 1 0 1
0.953795 -31.3421 325.556 0.0292833 -5.56263 69.3126 3.28049 -13 712 1 0 1
-24.737 -38.5419 325.556 -7.97348 -8.66089 80.3183 1.73332 -13 713 1 0 1
12.8963 -4.08614 325.556 2.68676 -0.853966 49.8496 4.05863 -13 714 1 0 1
-21.0737 29.4153 325.556 -5.77636 5.78434 71.1112 0.786557 -13 715 1 0 1
65.9055 41.0005 325.556 12.9737 4.73426 49.4715 3.64238 -13 716 1 0 1
-6.20542 -17.1972 325.556 -1.0514 -2.32522 52.8925 4.08755 -13 717 1 0 1
-32.3644 -1.30296 325.556 -8.82661 -0.559814 71.8446 2.78781 -13 718 1 0 1
14.0321 15.769 325.556 3.41348 3.3578 71.9247 1.74605 -13 719 1 0 1
-1.35971 53.8167 325.556 -0.390175 9.13268 65.8942 4.05407 -13 720 1 0 1
31.2685 -47.0156 325.556 7.85564 -8.7052 71.3072 1.77862 -13 721 1 0 1
39.4485 -30.3359 325.556 8.25559 -4.12714 53.8228 0.739867 -13 722 1 0 1
2.38475 -20.6382 325.556 0.545479 -2.84296 61.8289 0.840489 -13 723 1 0 1
-0.486505 44.5539 325.556 -0.459551 8.23665 72.5584 3.84647 -13 724 1 0 1
-24.9129 47.468 325.556 -5.13673 6.20367 55.4776 1.94978 -13 725 1 0 1
96.9755 -56.379 325.556 19.7174 -6.96475 51.6363 1.36414 -13 726 1 0 1
49.0576 14.7295 325.556 8.78719 1.55376 44.2711 4.57902 -13 727 1 0 1
13.7163 -22.6794 325.556 3.23902 -4.45246 76.3254 -0.0461433 -13 729 1 0 1
-15.9532 -52.1377 325.556 -2.08809 -3.61118 36.4113 2.95388 -13 730 1 0 1
-20.2828 -16.4653 325.556 -5.46556 -2.80388 70.4186 0.630144 -13 731 1 0 1
-24.1087 34.6793 325.556 -6.20714 5.86758 68.6848 3.91667 -13 732 1 0 1
-31.0846 -7.03318 325.556 -5.38546 -1.15579 46.3711 2.12663 -13 733 1 0 1
17.0318 -7.4414 325.556 4.23525 -2.67541 71.4494 4.10069 -13 734 1 0 1
32.2362 31.6995 325.556 6.13907 3.4709 47.1757 2.31095 -13 736 1 0 1
-16.9328 38.0608 325.556 -3.90303 5.94046 63.0324 4.08699 -13 737 1 0 1
-3.42257 -2.37207 325.556 -0.711733 -0.0575039 57.7418 3.67919 -13 738 1 0 1
32.0105 -6.62428 325.556 7.17884 -0.631243 59.0994 0.963506 -13 739 1 0 1
-37.7687 4.88857 325.556 -10.3758 0.860772 72.5362 2.61076 -13 740 1 0 1
-73.6141 11.3381 325.556 -12.1602 1.23215 41.844 0.528773 -13 742 1 0 1
-17.7387 21.7309 325.556 -4.89181 4.39501 71.9678 3.17161 -13 743 1 0 1
-21.6867 28.8463 325.556 -4.43986 3.64458 55.7413 2.46994 -13 744 1 0 1
50.2124 43.1737 325.556 12.7685 7.93483 71.6836 3.80942 -13 745 1 0 1
-16.034 -26.6278 325.556 -4.21154 -4.74458 68.3739 0.0877166 -13 746 1 0 1
5.71173 -11.7479 325.556 1.30033 -2.02642 68.073 2.08666 -13 747 1 0 1
-35.7012 10.3511 325.556 -6.51506 1.36884 48.7899 0.628736 -13 748 1 0 1
19.3688 -28.8931 325.556 4.77177 -5.61646 73.0719 2.95003 -13 749 1 0 1
-0.152084 18.3829 325.556 -0.0185216 2.02037 64.0974 2.69786 -13 750 1 0 1
-16.2878 47.6089 325.556 -3.12376 6.29351 52.8697 2.32129 -13 751 1 0 1
-12.5163 57.8626 325.556 -3.1984 10.4478 67.2391 1.45507 -13 752 1 0 1
-9.77947 5.45539 325.556 -2.30058 0.481031 64.3697 0.944667 -13 753 1 0 1
-45.6144 -4.45255 325.556 -11.8257 -0.566503 69.4259 2.19561 -13 754 1 0 1
-0.105024 -11.8122 325.556 -0.501401 -2.56644 75.8009 0.347059 -13 755 1 0 1
33.9296 39.3236 325.556 8.33509 7.44239 68.0022 0.877584 -13 756 1 0 1
88.676 -27.293 325.556 17.7899 -3.11609 50.7968 1.23607 -13 757 1 0 1
18.1511 -28.594 325.556 4.14761 -4.53615 56.6437 2.53271 -13 758 1 0 1
34.9224 -77.1502 325.556 8.03939 -12.164 62.0115 3.21437 -13 759 1 0 1
25.624 -15.8331 325.556 5.52145 -2.23227 54.884 2.42524 -13 760 1 0 1
15.4118 -30.6551 325.556 3.47907 -4.32967 59.5832 2.78844 -13 761 1 0 1
-70.3658 25.8324 325.556 -10.0183 2.05935 34.4536 2.28944 -13 762 1 0 1
70.1196 30.2415 325.556 15.6739 4.94523 59.1781 3.37419 -13 763 1 0 1
21.7264 12.4595 325.556 5.37428 2.42313 70.534 -0.731367 -13 764 1 0 1
-9.68328 -27.0423 325.556 -2.2507 -4.67064 65.0194 1.41646 -13 765 1 0 1
75.6475 74.7605 325.556 9.74287 3.53392 28.595 2.71261 -13 766 1 0 1
19.4054 -14.3481 325.556 4.38329 -2.28731 58.9522 1.66295 -13 767 1 0 1
44.5013 -89.6424 325.556 10.8337 -15.0463 66.2255 2.60378 -13 768 1 0 1
37.0496 -4.10636 325.556 6.22769 -0.69373 39.8303 2.99509 -13 769 1 0 1
-38.5811 -29.6263 325.556 -10.1476 -6.48721 70.3324 0.823319 -13 770 1 0 1
29.0622 -87.3343 325.556 4.85743 -7.20258 39.0518 2.31821 -13 771 1 0 1
42.4986 5.63274 325.556 9.16505 0.595658 55.4463 2.02578 -13 772 1 0 1
34.8375 2.2725 325.556 9.08985 0.587307 76.5077 2.27752 -13 773 1 0 1
-35.0976 -9.92815 325.556 -7.5566 -1.16466 58.125 3.0731 -13 774 1 0 1
86.8787 -22.5792 325.556 19.448 -3.59621 58.684 2.03688 -13 775 1 0 1
-15.7253 30.7469 325.556 -3.13999 4.26049 55.3942 4.73663 -13 776 1 0 1
-35.0106 -31.5225 325.556 -8.8466 -5.72828 67.2335 1.89446 -13 777 1 0 1
-0.423593 51.8686 325.556 0.131193 5.98763 46.4826 5.13847 -13 778 1 0 1
-69.3408 -15.3585 325.556 -17.2286 -2.57141 66.2427 3.63082 -13 779 1 0 1
33.0109 -0.935776 325.556 8.22726 -0.0817539 67.4406 1.00808 -13 780 1 0 1
-19.814 9.15907 325.556 -4.90641 1.27392 66.1108 1.82944 -13 781 1 0 1
-31.8108 -29.1256 325.556 -7.51761 -4.66232 63.0309 2.51979 -13 782 1 0 1
58.3396 -20.6162 325.556 12.9234 -2.80859 58.1018 3.1098 -13 783 1 0 1
-67.7661 -85.5274 325.556 -16.1462 -13.9501 63.3571 1.16657 -13 784 1 0 1
-66.7601 -22.2679 325.556 -19.055 -5.33336 75.7403 1.58267 -13 785 1 0 1
86.4583 13.6901 325.556 15.8552 1.1989 45.497 1.5239 -13 787 1 0 1
-70.9487 -0.281371 325.556 -16.0463 -0.243007 59.9319 1.14732 -13 788 1 0 1
46.139 -9.22985 325.556 11.6767 -2.26529 70.3588 2.29724 -13 789 1 0 1
14.1 -22.81 325.556 3.17197 -3.98387 60.347 4.08002 -13 790 1 0 1
29.4402 -56.5591 325.556 7.25318 -10.2799 67.776 0.503798 -13 791 1 0 1
-20.9175 -5.10187 325.556 -5.21166 -0.818544 66.856 4.11609 -13 792 1 0 1
37.6039 -7.91941 325.556 7.75879 -1.32376 52.8913 4.06406 -13 793 1 0 1
19.8179 -40.3784 325.556 4.91535 -6.99187 69.3602 2.17154 -13 794 1 0 1
-45.2291 -48.7492 325.556 -9.56966 -6.82124 55.9656 -0.207704 -13 795 1 0 1
-41.2655 6.49929 325.556 -8.91026 0.892499 58.3472 2.01614 -13 796 1 0 1
7.41302 -8.66197 325.556 1.63843 -1.42239 48.3445 1.62231 -13 797 1 0 1
-7.3062 68.1733 325.556 -2.45155 13.4875 74.5696 3.81149 -13 798 1 0 1
0.32056 21.3481 325.556 0.0584748 3.29974 63.6658 2.90254 -13 799 1 0 1
-60.5198 30.1048 325.556 -13.3377 4.7655 58.5196 3.31372 -13 800 1 0 1
47.2741 7.39352 325.556 11.8513 0.639524 68.4254 4.12449 -13 801 1 0 1
-9.06619 -34.9434 325.556 -2.31533 -6.33871 66.5203 0.655047 -13 802 1 0 1
8.18685 14.2853 325.556 1.73598 3.62345 75.9035 0.0852891 -13 803 1 0 1
100.131 5.99048 325.556 19.0347 0.767974 47.5626 1.95963 -13 804 1 0 1
8.33036 -2.81192 325.556 1.04454 -0.0643637 23.7952 4.22327 -13 805 1 0 1
20.5702 -9.94785 325.556 4.52632 -1.51502 56.5589 3.15965 -13 806 1 0 1
-33.5109 -42.0198 325.556 -8.23877 -6.8846 66.2351 2.33789 -13 807 1 0 1
-117.889 25.1885 325.556 -14.3503 1.08967 26.9824 5.3153 -13 808 1 0 1
-46.269 2.77547 325.556 -11.112 0.421984 64.4037 1.42054 -13 809 1 0 1
-31.5865 -13.85 325.556 -9.28345 -3.12896 76.5501 1.08962 -13 810 1 0 1
7.22161 12.1022 325.556 1.72912 2.5209 70.6551 1.6407 -13 811 1 0 1
-47.909 -25.1401 325.556 -7.35534 -1.87223 38.964 4.88513 -13 812 1 0 1
44.1274 49.0267 325.556 9.5377 7.07987 56.2836 2.94924 -13 813 1 0 1
-0.641722 6.49275 325.556 -0.0982593 1.46588 62.6958 2.72255 -13 814 1 0 1
45.1964 33.3574 325.556 9.62476 4.6026 55.0071 0.15971 -13 815 1 0 1
-0.534354 -12.6567 325.556 -0.746465 -2.5784 77.0895 3.24145 -13 816 1 0 1
24.1695 -2.99781 325.556 4.1897 -0.226257 39.6173 1.20509 -13 817 1 0 1
34.6567 -50.9372 325.556 6.83404 -6.13528 49.0073 2.32429 -13 820 1 0 1
-13.6195 -9.5327 325.556 -2.55952 -0.839205 52.8227 0.533319 -13 821 1 0 1
-50.6084 11.5296 325.556 -15.6918 1.79593 79.9483 2.34466 -13 822 1 0 1
36.5088 -7.61935 325.556 8.0436 -1.35731 56.8356 2.0642 -13 823 1 0 1
-25.4908 -24.213 325.556 -5.87571 -3.81893 61.1984 2.3181 -13 825 1 0 1
9.46124 33.1005 325.556 2.1951 6.15325 66.9729 0.524529 -13 826 1 0 1
13.7388 -55.8612 325.556 3.24009 -9.19627 62.7965 4.67804 -13 827 1 0 1
14.6258 -2.53685 325.556 3.56963 -0.801407 64.971 -0.506994 -13 828 1 0 1
72.8858 -97.5662 325.556 13.8882 -10.7933 48.2667 3.2871 -13 829 1 0 1
12.4443 -42.1743 325.556 2.94167 -7.09066 64.6361 1.80375 -13 830 1 0 1
20.028 -14.4522 325.556 4.77115 -2.75453 65.7871 3.9192 -13 831 1 0 1
0.497668 -36.5325 325.556 0.273944 -5.16372 56.0188 2.54221 -13 832 1 0 1
-9.03944 -16.4414 325.556 -2.10578 -2.65751 62.0701 2.38829 -13 833 1 0 1
-8.85586 -38.2302 325.556 -1.92363 -5.5627 60.7952 1.82245 -13 834 1 0 1
-29.0112 -55.171 325.556 -8.84007 -11.5816 77.44 0.809448 -13 835 1 0 1
35.4239 55.1136 325.556 8.436 9.44008 65.5822 1.83824 -13 836 1 0 1
62.6938 -55.8617 325.556 15.1185 -8.70457 65.394 2.99314 -13 837 1 0 1
24.8444 13.7709 325.556 6.20909 2.0527 71.6389 0.5008 -13 838 1 0 1
6.1833 -34.135 325.556 1.50045 -4.34165 55.7497 1.77739 -13 839 1 0 1
-43.9602 26.8695 325.556 -9.84551 3.91172 59.7548 4.50264 -13 840 1 0 1
-15.3701 32.5703 325.556 -3.27652 4.44164 58.7923 0.274742 -13 841 1 0 1
-23.8045 -8.5705 325.556 -6.70465 -1.47915 73.3459 0.826014 -13 842 1 0 1
-25.876 -55.9367 325.556 -7.42379 -11.6121 73.7361 2.29569 -13 843 1 0 1
-35.6652 54.1354 325.556 -7.77388 7.89057 58.5888 3.00785 -13 844 1 0 1
30.5169 -0.887264 325.556 6.94636 0.137214 60.053 3.04535 -13 845 1 0 1
80.0308 -60.356 325.556 12.2239 -4.14857 36.168 3.55997 -13 846 1 0 1
48.8651 -31.8124 325.556 10.7517 -3.76146 57.5548 0.964983 -13 847 1 0 1
-33.2811 -8.77643 325.556 -6.8658 -1.55776 55.2729 1.38885 -13 848 1 0 1
-55.9996 -14.6171 325.556 -11.2494 -1.67843 52.9288 0.264657 -13 849 1 0 1
59.6901 -52.4689 325.556 14.6581 -8.99645 67.1863 1.04232 -13 850 1 0 1
-21.5073 25.419 325.556 -4.72846 3.56565 59.7956 1.59787 -13 851 1 0 1
32.4298 -5.97043 325.556 8.30739 -1.07881 75.4637 2.27564 -13 852 1 0 1
2.9926 20.0991 325.556 0.735221 3.18845 62.1631 3.10103 -13 853 1 0 1
-16.7393 -10.2149 325.556 -4.57579 -2.4433 69.4492 1.04528 -13 854 1 0 1
-25.5653 44.8712 325.556 -5.87343 7.05883 61.9605 2.15014 -13 855 1 0 1
-64.5988 -20.245 325.556 -14 -3.55837 57.1665 2.46934 -13 856 1 0 1
11.2939 -3.34137 325.556 2.73353 0.121796 66.042 1.05971 -13 857 1 0 1
-108.735 18.1416 325.556 -25.4291 2.67503 61.1754 -0.35874 -13 858 1 0 1
7.3695 -4.84077 325.556 1.78642 -0.443062 55.4269 3.7812 -13 859 1 0 1
-19.9747 16.2013 325.556 -5.10225 2.91024 67.8244 3.22103 -13 860 1 0 1
-12.7114 -25.1068 325.556 -4.04088 -5.28347 77.0939 -0.0708247 -13 861 1 0 1
-2.27709 25.1269 325.556 -0.557875 4.35714 64.0152 1.89545 -13 862 1 0 1
-79.4419 -37.5137 325.556 -17.3998 -5.15469 57.5022 2.33758 -13 863 1 0 1
-8.90881 6.05973 325.556 -2.02278 1.12186 62.6791 1.39529 -13 864 1 0 1
-17.6546 -19.4228 325.556 -3.56318 -2.289 55.3904 3.97986 -13 865 1 0 1
23.8118 63.5924 325.556 5.20477 9.23301 56.5975 2.1255 -13 866 1 0 1
14.6859 15.5075 325.556 3.56 2.77702 74.8721 1.12913 -13 867 1 0 1
-29.0552 2.74705 325.556 -8.91578 0.225298 78.2716 0.101827 -13 868 1 0 1
3.84367 -27.1799 325.556 0.901727 -4.38699 60.1578 2.82307 -13 870 1 0 1
12.9793 -75.2271 325.556 3.06171 -12.8022 65.8368 0.77869 -13 871 1 0 1
-22.0416 -10.7858 325.556 -5.60836 -1.65367 67.5537 0.779023 -13 872 1 0 1
21.7812 -6.86726 325.556 5.45387 -1.64289 71.7287 0.753167 -13 873 1 0 1
-20.9044 35.5074 325.556 -5.29573 6.23183 66.9084 4.50472 -13 874 1 0 1
-28.7018 -26.5486 325.556 -6.7187 -4.40527 62.7799 2.2181 -13 875 1 0 1
18.3569 30.9977 325.556 4.54151 5.96663 75.0213 1.78063 -13 876 1 0 1
19.5052 52.9993 325.556 4.85013 10.2336 68.7705 -0.111416 -13 877 1 0 1
-2.04101 47.6941 325.556 -0.918444 9.67643 73.1288 -1.89115 -13 878 1 0 1
-39.2115 17.8177 325.556 -7.4668 2.04091 51.2174 3.47375 -13 879 1 0 1
30.4794 -30.6416 325.556 7.56178 -5.55139 68.301 2.70368 -13 880 1 0 1
19.9172 -30.2483 325.556 4.40867 -4.27528 56.9128 3.97038 -13 881 1 0 1
55.4662 76.5736 325.556 14.4428 14.61 73.288 1.26729 -13 882 1 0 1
66.2641 76.5076 325.556 15.4233 12.3469 62.7176 1.67482 -13 883 1 0 1
107.873 27.6224 325.556 16.066 2.00961 34.2249 2.96633 -13 885 1 0 1
11.2087 -17.196 325.556 2.51016 -4.52989 79.7469 4.0378 -13 886 1 0 1
-58.3364 40.2767 325.556 -15.1898 7.12051 69.2626 2.37498 -13 887 1 0 1
5.98954 18.8649 325.556 1.47151 2.21413 55.5142 2.21096 -13 888 1 0 1
-8.26004 -18.0673 325.556 -1.66322 -2.48618 57.5017 1.48595 -13 889 1 0 1
36.5809 -63.5245 325.556 8.99017 -11.2237 67.812 0.748798 -13 890 1 0 1
30.914 -5.99369 325.556 4.69561 -0.336606 34.9107 2.02799 -13 891 1 0 1
-38.2152 -27.5977 325.556 -10.1826 -4.53872 70.8709 2.25769 -13 892 1 0 1
-58.7428 9.40664 325.556 -12.7331 1.65466 57.9217 0.423005 -13 893 1 0 1
34.0625 -16.1667 325.556 8.91787 -3.08373 75.8984 1.70687 -13 894 1 0 1
-78.5931 72.0227 325.556 -20.8714 14.2108 70.0779 3.37427 -13 895 1 0 1
-33.9068 63.6063 325.556 -8.72357 11.4802 68.5609 0.191641 -13 896 1 0 1
-8.07444 -26.7476 325.556 -1.40982 -3.10146 49.3502 0.596447 -13 897 1 0 1
16.3503 -5.17759 325.556 3.54218 -0.542539 55.6344 1.45255 -13 898 1 0 1
78.7572 17.9604 325.556 17.7778 2.96059 59.3849 1.75747 -13 899 1 0 1
18.8644 -2.83512 325.556 4.58069 -0.992615 68.5155 2.42162 -13 901 1 0 1
74.4064 -18.4516 325.556 15.4239 -2.70716 53.2237 2.77371 -13 902 1 0 1
-3.10389 -36.6095 325.556 -1.30876 -6.36124 74.8524 2.895 -13 903 1 0 1
27.8426 -13.6314 325.556 6.18852 -2.42097 58.6825 3.99132 -13 904 1 0 1
-78.681 18.5123 325.556 -22.4634 3.96401 75.7632 1.86342 -13 905 1 0 1
-64.5184 -21.5592 325.556 -13.1485 -2.70699 53.865 3.45583 -13 906 1 0 1
7.69814 41.2645 325.556 1.78007 6.8799 67.9918 2.15961 -13 907 1 0 1
-26.8071 -35.5809 325.556 -3.89485 -2.79861 37.5928 3.15459 -13 908 1 0 1
-11.7127 -14.7473 325.556 -3.57476 -2.43374 73.6851 2.42894 -13 909 1 0 1
-17.0101 -22.0021 325.556 -4.6341 -4.1348 70.4789 1.63307 -13 910 1 0 1
0.89475 103.92 325.556 0.306301 9.46575 42.0568 2.14548 -13 911 1 0 1
30.5307 59.4375 325.556 6.39917 7.51251 55.1799 1.36214 -13 912 1 0 1
-21.8375 48.2859 325.556 -7.20377 10.9672 79.1767 2.97765 -13 913 1 0 1
-100.64 34.9938 325.556 -25.3828 6.69037 66.7582 2.86782 -13 914 1 0 1
27.7993 -38.6491 325.556 6.41807 -5.75079 61.4547 1.125 -13 915 1 0 1
-85.8231 9.04386 325.556 -24.9795 2.0829 76.2597 6.02092 -13 916 1 0 1
-6.03893 51.691 325.556 -0.732662 4.93038 41.5482 2.50312 -13 917 1 0 1
-67.3062 37.0465 325.556 -17.765 6.77532 70.1931 3.83689 -13 918 1 0 1
-18.7197 12.8773 325.556 -4.64334 1.89839 66.3816 1.26461 -13 919 1 0 1
-43.4747 -3.13867 325.556 -13.0525 -0.200923 78.6569 2.11973 -13 920 1 0 1
64.6668 -17.04 325.556 9.31435 -1.59874 33.3542 3.61025 -13 921 1 0 1
-47.9272 -45.7454 325.556 -14.5982 -9.50207 79.2938 4.11205 -13 922 1 0 1
-35.1953 -2.61795 325.556 -7.70038 -0.416477 58.6393 1.88888 -13 923 1 0 1
-8.72982 11.4283 325.556 -2.34552 1.71966 68.4843 0.781999 -13 924 1 0 1
-2.3613 36.1515 325.556 -0.581147 5.90518 63.0238 2.31504 -13 925 1 0 1
-32.5009 20.4305 325.556 -9.63474 3.90786 76.9051 3.06681 -13 926 1 0 1
-12.3102 -8.62829 325.556 -3.05373 -0.985857 67.8796 2.39017 -13 927 1 0 1
23.1355 -21.7068 325.556 5.18678 -3.30199 58.0423 1.83085 -13 928 1 0 1
-13.9226 6.27217 325.556 -3.77745 1.12771 70.3528 3.12895 -13 930 1 0 1
50.0455 -11.1431 325.556 11.6215 -2.16174 62.3321 3.94838 -13 931 1 0 1
-14.725 -33.55 325.556 -2.79189 -4.3735 52.7538 4.10907 -13 932 1 0 1
29.0843 53.6317 325.556 7.14553 9.89265 68.4561 2.8708 -13 933 1 0 1
-34.3262 25.5908 325.556 -9.69056 5.2345 73.9557 1.18256 -13 934 1 0 1
-78.3347 12.8119 325.556 -16.9298 1.75486 56.6922 3.03313 -13 935 1 0 1
76.7822 -1.51236 325.556 17.2696 0.295229 58.8822 2.06732 -13 936 1 0 1
-18.8086 -15.4791 325.556 -5.42612 -2.44741 73.2482 1.53114 -13 938 1 0 1
5.34138 -15.8253 325.556 1.35504 -2.45106 61.3651 1.42822 -13 939 1 0 1
-6.02223 16.2603 325.556 -1.28834 2.74076 60.6026 1.95665 -13 940 1 0 1
-26.4326 27.8746 325.556 -6.568 5.17702 66.5102 2.08301 -13 941 1 0 1
51.8393 -8.72337 325.556 13.1799 -1.64927 71.2187 2.33121 -13 942 1 0 1
24.4687 -12.9601 325.556 5.95235 -2.08854 67.7958 3.257 -13 943 1 0 1
-11.864 17.8339 325.556 -2.16382 2.7543 52.5061 1.79327 -13 944 1 0 1
-14.9578 79.7008 325.556 -4.19587 15.0919 70.9579 2.69983 -13 945 1 0 1
-0.366334 33.4268 325.556 0.137297 3.49556 45.3529 1.77025 -13 946 1 0 1
39.7959 4.73088 325.556 9.52334 1.18084 64.7569 0.722711 -13 947 1 0 1
61.4373 -23.7907 325.556 12.0471 -2.55334 49.7907 3.61806 -13 948 1 0 1
-43.9799 -18.5061 325.556 -8.78439 -2.41085 53.7797 2.59172 -13 949 1 0 1
-16.5708 21.9302 325.556 -4.03888 3.48685 65.9014 1.94531 -13 950 1 0 1
36.1935 -24.1197 325.556 8.12428 -3.60106 59.1338 4.70228 -13 952 1 0 1
16.8646 -25.4104 325.556 3.75499 -3.9487 59.6996 2.28755 -13 953 1 0 1
8.15826 -80.9943 325.556 1.88423 -10.8872 55.6506 1.93703 -13 954 1 0 1
25.1052 -27.437 325.556 5.7183 -4.8454 60.8628 2.53804 -13 955 1 0 1
-14.671 13.8284 325.556 -2.91741 1.45667 54.5932 2.0726 -13 956 1 0 1
-51.6991 -29.262 325.556 -11.0629 -4.55563 56.9533 1.07926 -13 957 1 0 1
-63.0869 -4.26611 325.556 -19.1737 -1.12489 78.4447 0.890477 -13 958 1 0 1
67.0595 -29.9865 325.556 15.2964 -4.71009 60.6697 2.40621 -13 959 1 0 1
-40.2298 -11.3916 325.556 -11.1819 -2.3986 73.3391 -0.258184 -13 960 1 0 1
35.5603 -28.4498 325.556 7.69395 -3.5944 55.1974 2.34118 -13 961 1 0 1
65.9376 -15.485 325.556 9.80775 -1.10523 34.5179 3.87108 -13 962 1 0 1
68.0051 -21.2701 325.556 16.5611 -4.56657 66.364 3.87272 -13 963 1 0 1
-2.77208 5.94445 325.556 -0.553013 0.750947 62.5355 3.9077 -13 964 1 0 1
-16.9609 -41.0612 325.556 -4.13249 -6.99782 64.6037 3.33969 -13 965 1 0 1
-47.8973 -11.8959 325.556 -9.61571 -1.07794 53.3258 4.51584 -13 966 1 0 1
51.5436 10.6183 325.556 10.7914 1.59661 53.4392 2.7812 -13 967 1 0 1
-115.327 -2.95152 325.556 -25.8824 -0.691651 58.2837 1.02795 -13 968 1 0 1
28.3348 -32.8485 325.556 5.77878 -4.09479 50.2451 2.91215 -13 969 1 0 1
38.2205 -36.0364 325.556 9.06202 -6.17174 64.2132 1.86721 -13 970 1 0 1
16.8302 19.0428 325.556 4.13256 3.91592 68.0673 0.718402 -13 971 1 0 1
-10.5715 61.2374 325.556 -1.19195 3.86769 31.6943 2.58886 -13 972 1 0 1
-16.027 8.26516 325.556 -2.06948 0.7476 33.6899 2.50111 -13 973 1 0 1
-25.2455 22.1129 325.556 -6.53947 4.03849 69.0839 1.23143 -13 974 1 0 1
-39.1631 1.90202 325.556 -10.8942 1.16386 73.9492 3.42474 -13 975 1 0 1
-21.6246 -53.4948 325.556 -4.94863 -8.03601 61.5742 2.39771 -13 977 1 0 1
-39.5962 -12.3671 325.556 -10.6073 -2.57055 70.7889 0.400767 -13 979 1 0 1
-50.6291 -7.76107 325.556 -11.1385 -1.2713 58.7746 0.674932 -13 980 1 0 1
-27.3147 -51.6795 325.556 -6.44426 -8.62739 62.5346 1.32699 -13 981 1 0 1
21.0865 39.431 325.556 5.05215 6.2035 64.5263 1.28915 -13 982 1 0 1
-0.12731 13.6041 325.556 -0.360988 3.43426 73.4167 1.46543 -13 983 1 0 1
30.6375 31.3472 325.556 6.99257 4.82436 59.9981 2.94727 -13 985 1 0 1
-39.9315 -21.0189 325.556 -9.08627 -3.0974 60.8827 1.73528 -13 986 1 0 1
19.3309 -74.3691 325.556 4.4363 -11.4797 60.9558 2.50457 -13 987 1 0 1
-46.5838 75.653 325.556 -4.9395 2.18985 23.7986 4.59781 -13 988 1 0 1
11.068 -27.1822 325.556 2.68931 -4.7535 69.9664 2.92361 -13 989 1 0 1
-11.4406 -28.4119 325.556 -3.10445 -5.80784 69.8959 2.13854 -13 990 1 0 1
-31.0906 35.8509 325.556 -5.91019 4.04922 51.2578 0.122467 -13 991 1 0 1
-42.4537 30.3894 325.556 -6.79826 2.67084 41.6709 3.62764 -13 992 1 0 1
40.6908 -30.3719 325.556 8.20111 -3.4977 49.9371 4.01952 -13 993 1 0 1
42.0897 15.9966 325.556 9.97872 2.75016 63.8027 0.178272 -13 995 1 0 1
-40.6219 0.671196 325.556 -10.3825 0.0633144 68.2083 2.09695 -13 996 1 0 1
-6.12936 17.0365 325.556 -0.952932 1.99308 48.3422 4.86456 -13 997 1 0 1
11.7784 -68.8129 325.556 1.18077 -0.904766 18.0076 6.68902 -13 998 1 0 1
50.8829 -7.39386 325.556 10.9609 -0.925085 56.0708 2.15337 -13 999 1 0 1
-17.5345 -27.2375 325.556 -3.07167 -3.07056 47.8962 1.92941 -13 1000 1 0 1
-33.0439 -15.9972 325.556 -8.90691 -3.13422 71.6486 1.10374 -13 1001 1 0 1
1.48584 57.2585 325.556 0.457313 7.03303 52.2684 1.02765 -13 1002 1 0 1
-17.3068 8.12061 325.556 -2.55555 1.09585 39.7548 2.88984 -13 1003 1 0 1
17.2677 -35.4541 325.556 4.2648 -5.54542 67.2008 2.75317 -13 1004 1 0 1
-27.7831 -30.0556 325.556 -4.03123 -2.54019 36.8912 2.44855 -13 1005 1 0 1
-29.0424 15.9883 325.556 -6.77982 2.43857 62.6795 4.14765 -13 1006 1 0 1
-52.2506 -16.5855 325.556 -13.759 -2.9349 70.2491 2.90509 -13 1007 1 0 1
-54.7273 -40.4564 325.556 -14.5172 -7.4964 70.8437 4.79675 -13 1008 1 0 1
-6.57893 55.2802 325.556 -1.43833 8.2488 60.4997 1.9175 -13 1009 1 0 1
-73.5284 -47.3064 325.556 -19.4597 -8.79225 70.0889 3.9167 -13 1010 1 0 1
41.029 -22.6468 325.556 7.73905 -2.58321 46.1916 2.14265 -13 1011 1 0 1
-7.33675 10.3404 325.556 -2.04227 1.34069 70.2945 1.63056 -13 1012 1 0 1
-28.5772 -5.53489 325.556 -6.81146 -1.49226 64.303 0.508331 -13 1013 1 0 1
-12.5985 18.6581 325.556 -3.95434 3.92 76.302 -0.156434 -13 1014 1 0 1
9.81764 -3.1941 325.556 2.3793 -0.396206 66.229 2.06893 -13 1015 1 0 1
16.8613 -31.8102 325.556 3.88801 -4.77536 59.153 2.43602 -13 1016 1 0 1
-61.9115 53.5824 325.556 -15.7533 9.28223 67.7528 2.83224 -13 1017 1 0 1
4.63506 41.3745 325.556 1.06304 5.60838 51.1378 0.936197 -13 1018 1 0 1
-33.253 76.7526 325.556 -7.58306 11.149 60.4986 1.64557 -13 1019 1 0 1
15.3983 -9.82945 325.556 3.55038 -1.34278 61.6865 2.42529 -13 1020 1 0 1
-1.73335 -48.0699 325.556 -0.484317 -8.44779 63.8022 2.78653 -13 1021 1 0 1
23.993 -63.1281 325.556 5.96498 -11.3544 70.3055 2.99018 -13 1022 1 0 1
36.6226 -28.8903 325.556 8.45385 -4.45817 61.7112 0.179796 -13 1023 1 0 1
-45.7924 22.839 325.556 -13.6889 4.53823 78.273 1.88034 -13 1024 1 0 1
61.7412 11.3087 325.556 7.09992 0.0895411 24.6859 1.61708 -13 1025 1 0 1
10.8472 -17.6009 325.556 2.47418 -3.5378 78.57 1.49202 -13 1026 1 0 1
-9.93773 -1.22069 325.556 -3.2279 -0.391883 76.0736 1.78012 -13 1027 1 0 1
-3.6363 -38.0032 325.556 -0.701064 -5.84857 61.7856 2.43904 -13 1028 1 0 1
43.2143 23.6891 325.556 9.83624 3.75106 60.237 0.886054 -13 1029 1 0 1
17.5621 33.6805 325.556 3.93615 4.94982 58.701 1.24791 -13 1030 1 0 1
-105.299 -10.7522 325.556 -29.1554 -2.04413 73.1251 2.91998 -13 1031 1 0 1
-27.1171 -28.55 325.556 -6.5453 -5.266 64.758 3.14782 -13 1032 1 0 1
39.538 -12.9931 325.556 8.33024 -1.8338 54.4282 2.00641 -13 1033 1 0 1
-34.9406 1.59842 325.556 -8.38958 0.0662492 65.0133 3.15061 -13 1034 1 0 1
4.91274 46.0777 325.556 1.18564 6.26646 54.4613 2.08459 -13 1035 1 0 1
-6.08167 24.5558 325.556 -1.79567 4.38303 70.2577 0.955828 -13 1036 1 0 1
-29.3766 -44.7899 325.556 -6.42016 -6.74888 57.9531 1.61701 -13 1038 1 0 1
-9.06312 25.3412 325.556 -1.87074 4.06767 58.5302 0.823532 -13 1039 1 0 1
58.3715 -5.63476 325.556 14.7432 -1.12071 69.2814 3.59892 -13 1040 1 0 1
21.9632 -13.3648 325.556 5.3454 -1.82407 67.7258 1.6479 -13 1041 1 0 1
34.1806 3.14234 325.556 8.36755 0.379397 66.6999 2.54145 -13 1043 1 0 1
2.20561 17.3409 325.556 7.21446e-05 4.52687 78.4999 2.91445 -13 1044 1 0 1
36.7792 75.124 325.556 8.30603 11.1883 59.7616 1.84937 -13 1045 1 0 1
-65.4713 33.5167 325.556 -16.0873 5.83268 64.9872 4.40044 -13 1046 1 0 1
-26.6831 1.93798 325.556 -7.09901 -0.101135 69.9337 3.92469 -13 1047 1 0 1
-89.1225 -0.631157 325.556 -9.32705 -0.111022 22.2363 4.79482 -13 1048 1 0 1
-49.5731 -30.9115 325.556 -5.94815 -1.37818 28.3255 4.65094 -13 1049 1 0 1
66.791 -19.6737 325.556 14.9397 -3.32821 58.7904 2.84973 -13 1050 1 0 1
43.2473 -23.6721 325.556 10.2709 -3.55845 63.9554 2.23506 -13 1051 1 0 1
-72.7678 22.4708 325.556 -13.8952 2.5482 49.9237 4.30932 -13 1052 1 0 1
-68.2371 -17.2326 325.556 -19.8142 -3.60521 76.5629 2.88066 -13 1053 1 0 1
8.12892 -2.29002 325.556 1.77445 -0.00903363 73.8517 2.23807 -13 1054 1 0 1
2.31536 -29.7085 325.556 0.419983 -5.33499 69.1402 2.53037 -13 1055 1 0 1
-8.47084 -31.9846 325.556 -1.81593 -4.50137 60.3869 2.37944 -13 1056 1 0 1
50.561 -0.407533 325.556 10.2227 -0.397617 51.3861 1.72059 -13 1057 1 0 1
-16.9618 2.54566 325.556 -4.68709 0.215304 71.0802 1.88954 -13 1058 1 0 1
27.2671 -14.8382 325.556 5.19265 -1.81601 46.3204 1.13287 -13 1059 1 0 1
39.898 -15.6343 325.556 9.68899 -2.72487 66.0241 1.11902 -13 1060 1 0 1
-14.2373 36.852 325.556 -2.42455 4.4949 48.1686 1.59237 -13 1061 1 0 1
-6.92458 7.32174 325.556 -1.0175 0.845072 42.0985 2.78637 -13 1062 1 0 1
-40.6069 33.2982 325.556 -10.3507 6.25694 68.1962 1.76398 -13 1063 1 0 1
103.736 23.3252 325.556 25.8593 4.27914 67.6825 1.59262 -13 1064 1 0 1
8.76127 -5.61485 325.556 1.97627 -0.602634 70.4389 3.76818 -13 1066 1 0 1
-24.4406 50.0987 325.556 -6.46124 9.3367 69.2093 2.02545 -13 1067 1 0 1
-96.641 -4.65386 325.556 -14.8986 -0.246764 37.6738 2.49365 -13 1068 1 0 1
-41.1263 -14.5544 325.556 -9.01754 -1.77396 58.3695 1.39443 -13 1069 1 0 1
2.1733 -35.2169 325.556 0.6573 -4.59793 53.101 2.79233 -13 1070 1 0 1
62.2786 9.70087 325.556 15.3605 1.25616 67.4793 3.92862 -13 1071 1 0 1
-12.1186 98.7143 325.556 -2.10513 11.9358 51.9037 2.18407 -13 1072 1 0 1
15.4085 19.1678 325.556 3.74577 3.78409 73.0651 1.6574 -13 1073 1 0 1
24.1348 12.6645 325.556 6.1379 2.691 72.4657 2.9484 -13 1074 1 0 1
-51.6921 -7.50547 325.556 -11.5531 -0.608392 59.4221 1.95373 -13 1075 1 0 1
75.399 26.777 325.556 15.9979 3.72639 54.6497 1.8149 -13 1076 1 0 1
-116.235 -5.54974 325.556 -23.2713 -0.734943 50.6458 1.73983 -13 1077 1 0 1
-41.2103 23.2294 325.556 -9.32506 3.36025 60.986 1.02849 -13 1078 1 0 1
41.1845 17.5256 325.556 10.0434 3.30259 67.2781 2.58559 -13 1079 1 0 1
-31.6024 44.6063 325.556 -9.80897 9.31693 79.0778 1.80583 -13 1080 1 0 1
90.4733 -29.1957 325.556 20.7392 -4.57454 60.7455 3.6271 -13 1081 1 0 1
-11.8656 0.444466 325.556 -2.77732 -0.358535 63.517 2.4633 -13 1082 1 0 1
-22.578 34.7275 325.556 -2.91789 2.49131 34.035 2.05624 -13 1083 1 0 1
0.637002 7.01002 325.556 -0.0363958 1.27815 71.5065 1.50772 -13 1084 1 0 1
40.2288 47.8921 325.556 9.2264 6.81508 61.5078 1.7903 -13 1085 1 0 1
36.4059 11.2902 325.556 8.09428 1.72234 58.4203 2.19243 -13 1086 1 0 1
-7.43623 -10.7688 325.556 -2.54162 -2.79726 76.4128 2.5557 -13 1087 1 0 1
22.4783 63.3733 325.556 5.09895 9.4641 58.7357 2.92021 -13 1088 1 0 1
84.0929 57.0838 325.556 22.0074 10.7929 72.7331 1.07746 -13 1089 1 0 1
12.5575 32.2508 325.556 3.03714 5.11725 66.0061 2.55898 -13 1090 1 0 1
-62.318 17.6195 325.556 -16.1801 2.68235 69.2601 0.140056 -13 1092 1 0 1
11.4991 -33.4966 325.556 2.55969 -7.24906 79.2284 1.0913 -13 1093 1 0 1
97.1129 -50.8937 325.556 16.1362 -4.52939 39.9736 1.7268 -13 1094 1 0 1
33.9556 24.6275 325.556 8.2446 4.39714 65.4333 2.21492 -13 1095 1 0 1
-44.8768 33.5605 325.556 -9.30153 4.04127 55.0532 1.88815 -13 1096 1 0 1
27.2189 -2.86491 325.556 6.04806 -0.682226 57.9902 2.41233 -13 1097 1 0 1
-39.6499 -8.74941 325.556 -10.1796 -0.988594 68.4026 2.52533 -13 1098 1 0 1
-18.2012 -39.2789 325.556 -3.65511 -5.40046 55.7484 0.349912 -13 1099 1 0 1
-44.2158 -26.3028 325.556 -11.5167 -5.01504 68.9429 1.58438 -13 1100 1 0 1
44.3756 40.1693 325.556 8.2303 4.4466 45.5239 4.50294 -13 1101 1 0 1
-19.457 31.8206 325.556 -4.00053 3.94356 57.2814 1.78757 -13 1102 1 0 1
23.371 -49.0504 325.556 5.79355 -8.91023 68.4371 1.59655 -13 1103 1 0 1
-20.8684 36.1802 325.556 -6.11193 7.26063 74.6471 1.51913 -13 1104 1 0 1
40.3279 -40.6719 325.556 9.57749 -6.87392 62.8717 0.30403 -13 1105 1 0 1
-91.6192 -28.2293 325.556 -22.3779 -4.43792 64.5133 3.5759 -13 1106 1 0 1
51.8924 52.6149 325.556 10.1692 6.47278 49.908 4.65797 -13 1107 1 0 1
20.273 -56.5709 325.556 4.79588 -9.50545 64.122 4.54611 -13 1108 1 0 1
-2.10965 -7.43046 325.556 -0.70975 -1.60396 67.5992 4.53582 -13 1109 1 0 1
25.3836 72.4423 325.556 4.59015 6.73198 42.4286 5.35769 -13 1110 1 0 1
-5.62475 22.4166 325.556 -1.26137 3.01443 63.0025 3.63036 -13 1111 1 0 1
-31.6377 33.4425 325.556 -6.9695 4.89311 59.4337 3.05323 -13 1112 1 0 1
17.2438 -16.4619 325.556 4.2943 -3.29348 76.4046 2.23176 -13 1113 1 0 1
-73.4494 -28.5587 325.556 -14.6205 -3.87473 51.769 5.30337 -13 1114 1 0 1
70.9413 98.9022 325.556 15.845 14.4291 58.5907 2.67207 -13 1115 1 0 1
24.0587 53.0482 325.556 5.9317 10.2848 69.8591 2.80545 -13 1116 1 0 1
16.821 24.7838 325.556 4.28974 4.71749 74.3318 0.309208 -13 1117 1 0 1
-8.86619 -34.3214 325.556 -1.77264 -5.30602 57.0231 1.41889 -13 1118 1 0 1
45.1538 34.4624 325.556 10.4468 5.1358 61.4775 -0.0892875 -13 1119 1 0 1
-6.22952 -3.0826 325.556 -1.76861 -0.769339 70.5675 1.1035 -13 1120 1 0 1
0.71719 -59.4136 325.556 0.2414 -8.45117 59.167 0.678226 -13 1121 1 0 1
0.539951 5.0063 325.556 -0.327037 1.12895 77.6908 2.06843 -13 1122 1 0 1
-49.2947 20.6017 325.556 -12.0106 3.19627 65.1718 5.30427 -13 1123 1 0 1
26.9653 10.3439 325.556 6.3235 1.29798 63.6547 3.05292 -13 1124 1 0 1
-21.6091 33.0692 325.556 -4.89762 5.82699 60.7664 2.94245 -13 1125 1 0 1
82.2134 3.16293 325.556 16.371 0.589782 50.924 0.924199 -13 1126 1 0 1
16.5239 43.9202 325.556 3.69733 6.60315 56.5194 2.40347 -13 1127 1 0 1
28.2382 -10.2857 325.556 5.98369 -0.770158 53.2197 1.77983 -13 1128 1 0 1
-21.7326 -28.9174 325.556 -5.97607 -6.0493 71.4967 1.75439 -13 1129 1 0 1
64.5283 46.7977 325.556 11.1948 4.35199 42.6384 3.89545 -13 1130 1 0 1
-18.9355 -13.0663 325.556 -4.51985 -2.80718 63.6149 2.58378 -13 1131 1 0 1
66.5437 20.5168 325.556 11.2025 1.67237 40.3735 2.18418 -13 1132 1 0 1
-23.9204 -10.7418 325.556 -6.35561 -2.83196 70.6319 -0.140578 -13 1133 1 0 1
-5.0937 -11.7352 325.556 -1.72818 -2.63246 73.9083 1.45688 -13 1134 1 0 1
33.7781 2.49864 325.556 8.23962 -0.282572 68.1411 2.24687 -13 1135 1 0 1
67.6793 -42.3507 325.556 13.1845 -4.83351 48.5625 2.94294 -13 1136 1 0 1
12.7837 -40.7183 325.556 2.36597 -3.29094 41.6956 4.19557 -13 1137 1 0 1
-71.0545 -5.47551 325.556 -19.6557 -0.915036 73.5192 0.814486 -13 1138 1 0 1
25.6216 -14.6019 325.556 5.94549 -2.30332 62.3368 2.66802 -13 1139 1 0 1
66.2263 37.5924 325.556 15.9661 5.78927 64.7724 1.95305 -13 1140 1 0 1
-98.4007 -53.8165 325.556 -28.0424 -10.576 75.3741 0.689102 -13 1141 1 0 1
39.3352 45.5012 325.556 6.81699 4.26124 42.0472 2.64633 -13 1142 1 0 1
7.11151 4.20514 325.556 1.73155 0.715904 60.6951 2.21919 -13 1143 1 0 1
-15.6502 26.0112 325.556 -3.29332 4.02035 57.9907 4.15732 -13 1144 1 0 1
66.9974 -14.8374 325.556 11.239 -1.8141 40.8852 1.70304 -13 1145 1 0 1
59.2177 -45.5278 325.556 11.5627 -4.979 49.2481 3.99483 -13 1146 1 0 1
21.3654 5.60654 325.556 4.48302 0.74603 52.546 3.26444 -13 1147 1 0 1
-24.2381 -21.9213 325.556 -5.98921 -3.84177 65.8916 1.38322 -13 1148 1 0 1
28.5447 7.95346 325.556 7.17055 1.79996 70.1055 4.03512 -13 1149 1 0 1
52.6445 -95.8319 325.556 12.6999 -16.4177 65.9135 2.00591 -13 1150 1 0 1
-27.0591 -23.439 325.556 -5.04428 -3.10382 51.2062 3.24054 -13 1151 1 0 1
-24.3032 -8.39838 325.556 -5.83631 -1.24576 63.8958 2.62771 -13 1152 1 0 1
66.3524 43.091 325.556 14.4203 5.83296 56.6985 1.43732 -13 1153 1 0 1
42.5117 -20.4439 325.556 9.34612 -2.7624 57.6619 1.72138 -13 1155 1 0 1
60.2531 -4.6462 325.556 13.6647 -0.119481 60.0693 2.90631 -13 1156 1 0 1
-35.344 -62.4926 325.556 -6.96442 -7.91239 52.3645 1.56765 -13 1157 1 0 1
54.9761 -8.65166 325.556 9.99339 -0.956088 45.4442 2.47415 -13 1158 1 0 1
-21.7886 -18.5039 325.556 -5.10317 -2.75378 62.4361 1.6066 -13 1159 1 0 1
-52.3416 25.5003 325.556 -14.0518 4.82236 71.4072 1.67191 -13 1160 1 0 1
-2.63196 13.5139 325.556 -0.644915 2.10495 63.354 2.5029 -13 1161 1 0 1
21.9234 -36.9467 325.556 5.18827 -5.81894 64.7535 2.87547 -13 1162 1 0 1
-34.424 -26.6021 325.556 -7.98768 -4.27243 62.2469 2.78939 -13 1163 1 0 1
50.1435 -7.24409 325.556 11.7928 -0.688336 62.7539 1.94314 -13 1164 1 0 1
13.4911 -8.93426 325.556 3.11891 -1.27285 59.7849 1.4119 -13 1166 1 0 1
14.568 25.3352 325.556 3.54082 4.84107 71.1003 3.41065 -13 1167 1 0 1
13.509 22.7112 325.556 3.17976 3.70842 59.3463 1.04077 -13 1168 1 0 1
-15.791 -8.86201 325.556 -3.88327 -1.4979 64.8273 2.43077 -13 1169 1 0 1
119.472 -29.2267 325.556 21.4715 -5.40735 34.8589 3.17503 -13 1170 1 0 1
77.0488 -8.88332 325.556 14.4027 -0.926266 46.5059 3.03094 -13 1171 1 0 1
-9.79305 -72.0392 325.556 -1.72563 -9.1468 51.6777 1.03989 -13 1172 1 0 1
-39.342 -0.163423 325.556 -10.3898 -0.545567 69.552 0.0156613 -13 1173 1 0 1
32.5803 60.7675 325.556 7.3794 9.10891 59.8811 2.33321 -13 1174 1 0 1
9.93134 -5.49342 325.556 2.30983 -1.39853 74.5011 1.7743 -13 1175 1 0 1
14.2149 7.64178 325.556 3.41712 1.16961 74.2212 3.29854 -13 1176 1 0 1
91.0587 1.82876 325.556 22.6474 0.36054 67.9246 3.17869 -13 1177 1 0 1
14.4104 4.02101 325.556 3.535 0.429614 75.6592 5.9867 -13 1178 1 0 1
-10.3193 -49.2153 325.556 -2.20157 -6.76413 58.9969 1.07379 -13 1179 1 0 1
50.2611 -19.6043 325.556 10.9514 -2.64391 56.8238 2.21124 -13 1180 1 0 1
112.249 9.36053 325.556 26.4577 1.15347 62.5315 4.05052 -13 1181 1 0 1
34.5016 -15.9117 325.556 7.89942 -1.94401 61.0553 1.88851 -13 1182 1 0 1
9.2767 2.46601 325.556 2.08526 -0.187175 56.8335 2.52834 -13 1183 1 0 1
33.8823 -16.3878 325.556 7.70057 -2.08232 60.1914 2.80581 -13 1184 1 0 1
46.3958 -13.319 325.556 10.6477 -2.42103 60.3685 2.5842 -13 1186 1 0 1
-15.3413 7.91138 325.556 -4.77045 1.64665 76.1635 1.44308 -13 1187 1 0 1
1.28729 25.8483 325.556 -0.0427937 4.95375 74.8684 -0.47663 -13 1188 1 0 1
-23.9535 -15.1896 325.556 -5.66089 -2.51983 63.8536 2.38602 -13 1189 1 0 1
11.4555 -42.4871 325.556 2.57607 -5.91582 55.9533 0.730843 -13 1190 1 0 1
-46.5836 0.399753 325.556 -9.50129 0.640498 53.9825 1.91802 -13 1191 1 0 1
-9.00498 2.74925 325.556 -1.84073 0.249881 57.8308 1.45101 -13 1192 1 0 1
27.9951 -11.9988 325.556 5.94207 -1.65869 53.94 1.63552 -13 1193 1 0 1
-5.83844 4.58827 325.556 -1.99474 1.53624 74.3892 2.21612 -13 1194 1 0 1
71.9054 7.89125 325.556 17.2547 1.64306 64.773 2.94767 -13 1195 1 0 1
27.6564 -0.157142 325.556 6.82105 -0.320851 69.8967 1.99296 -13 1196 1 0 1
61.5967 13.5676 325.556 13.813 1.91598 59.2702 0.764727 -13 1197 1 0 1
29.7086 -54.1401 325.556 7.71749 -11.8523 79.2334 2.45471 -13 1198 1 0 1
-23.9844 -46.3962 325.556 -5.92958 -8.23748 65.4027 0.953983 -13 1199 1 0 1
-59.1024 23.6156 325.556 -14.1699 4.53841 64.1965 1.78377 -13 1200 1 0 1
42.6177 1.42805 325.556 9.5977 0.342711 60.1443 1.30388 -13 1201 1 0 1
4.2569 -18.2935 325.556 0.962734 -2.24947 45.1166 -0.361854 -13 1202 1 0 1
-46.7244 30.2357 325.556 -12.1063 5.79623 69.0477 -0.464476 -13 1203 1 0 1
28.0768 10.4921 325.556 6.5049 1.71539 61.6474 3.46404 -13 1204 1 0 1
-22.6581 -65.2494 325.556 -6.8998 -14.0233 76.6225 2.12505 -13 1205 1 0 1
2.05038 -6.42007 325.556 0.543363 -0.603053 60.0457 0.873285 -13 1206 1 0 1
-40.7628 -22.3283 325.556 -5.53293 -1.32496 33.0789 4.80264 -13 1207 1 0 1
104.911 -39.3433 325.556 22.9817 -5.42791 57.1359 2.89763 -13 1208 1 0 1
-36.2143 21.6533 325.556 -11.3555 4.271 78.2556 -0.0654816 -13 1209 1 0 1
-102.413 -15.5683 325.556 -24.1809 -2.17941 62.0773 3.38373 -13 1210 1 0 1
23.729 -5.28154 325.556 5.91842 -0.450369 79.313 1.31533 -13 1211 1 0 1
-25.6469 -2.18928 325.556 -6.84656 -0.0469841 70.359 0.248699 -13 1212 1 0 1
-62.9122 48.9457 325.556 -11.6428 5.86658 48.1237 0.437416 -13 1213 1 0 1
-8.88994 22.9586 325.556 -3.00677 5.13282 77.335 2.97772 -13 1214 1 0 1
-9.11159 -9.6073 325.556 -2.72102 -1.63414 72.1081 1.97321 -13 1215 1 0 1
19.7871 20.9565 325.556 4.43045 3.38171 58.6512 0.612418 -13 1216 1 0 1
111.803 28.2984 325.556 25.5061 4.32639 59.6618 4.03332 -13 1217 1 0 1
0.0757367 103.363 325.556 -0.0698309 16.6472 64.6906 1.79519 -13 1218 1 0 1
74.1432 -4.94292 325.556 16.4084 -1.06125 58.3014 3.41446 -13 1219 1 0 1
-62.3347 -63.7944 325.556 -16.8826 -12.5517 71.6356 3.55564 -13 1220 1 0 1
-81.6816 11.1249 325.556 -15.8868 0.98983 50.3874 0.793457 -13 1221 1 0 1
-36.3376 22.0066 325.556 -6.6892 1.99229 48.4663 1.31452 -13 1222 1 0 1
24.6324 -73.2517 325.556 5.62564 -11.1379 60.6807 3.88918 -13 1223 1 0 1
-43.2422 -39.8075 325.556 -10.5454 -6.90637 65.0568 2.89044 -13 1224 1 0 1
-36.7901 24.3292 325.556 -11.1759 5.91109 78.4718 2.86301 -13 1225 1 0 1
-15.4658 -21.9661 325.556 -4.3886 -3.58632 71.5989 0.48223 -13 1226 1 0 1
55.8554 15.6762 325.556 10.9377 2.19036 48.8751 4.45519 -13 1228 1 0 1
7.07028 -40.2881 325.556 1.66709 -7.11255 69.1584 -0.570034 -13 1229 1 0 1
-27.4684 19.8029 325.556 -8.73267 4.35805 79.7709 0.624139 -13 1230 1 0 1
1.98564 -26.1628 325.556 0.628432 -3.87636 56.5908 -0.303679 -13 1231 1 0 1
40.0675 30.7743 325.556 8.21917 4.24064 53.4215 1.33997 -13 1232 1 0 1
-21.7931 -26.2388 325.556 -4.20497 -3.47078 52.8689 2.81951 -13 1233 1 0 1
-41.3906 -79.8543 325.556 -7.7772 -9.59761 49.4672 1.21409 -13 1234 1 0 1
-13.118 -3.10256 325.556 -3.20364 -1.20418 65.0272 3.44294 -13 1235 1 0 1
-31.5663 -15.1846 325.556 -7.77978 -2.48588 65.885 1.40222 -13 1236 1 0 1
10.2707 27.9717 325.556 2.46911 4.72437 59.0034 2.69488 -13 1237 1 0 1
52.8582 -6.63209 325.556 13.7916 -0.993817 73.3897 1.84634 -13 1238 1 0 1
6.48426 48.6526 325.556 1.43973 8.19081 63.4683 3.63963 -13 1239 1 0 1
-44.181 -22.0208 325.556 -11.1947 -3.81743 67.5678 3.55977 -13 1240 1 0 1
-22.1935 -23.0984 325.556 -6.2651 -4.90284 73.0631 -1.36456 -13 1241 1 0 1
10.8636 11.5003 325.556 2.61139 2.10618 65.0007 2.91763 -13 1242 1 0 1
-3.89275 -32.9385 325.556 -0.843715 -4.86863 61.4756 2.70259 -13 1243 1 0 1
48.9866 26.1254 325.556 12.4218 5.23363 71.4543 1.04849 -13 1244 1 0 1
-0.607797 -35.4961 325.556 -0.0568877 -5.91338 64.1562 3.31804 -13 1245 1 0 1
-60.0459 -53.509 325.556 -9.31835 -4.29481 39.4237 2.83232 -13 1246 1 0 1
-36.7388 29.172 325.556 -9.6551 5.36096 69.6514 1.34286 -13 1247 1 0 1
-21.6054 68.1968 325.556 -4.88725 10.0534 60.1427 1.71329 -13 1248 1 0 1
-41.468 30.5289 325.556 -9.91241 5.38217 63.7961 2.08405 -13 1249 1 0 1
14.3791 -53.3589 325.556 3.33131 -7.95762 59.2542 2.57885 -13 1250 1 0 1
39.3293 15.6522 325.556 8.97136 2.36976 59.822 2.40929 -13 1252 1 0 1
-37.7616 -13.5859 325.556 -8.8196 -2.4049 62.8671 3.1798 -13 1253 1 0 1
3.7552 2.31405 325.556 0.729847 0.561512 71.2828 1.15629 -13 1254 1 0 1
66.6058 42.611 325.556 13.0902 5.05244 49.335 3.86647 -13 1255 1 0 1
57.0286 48.5112 325.556 13.5988 7.88142 63.5807 4.19704 -13 1256 1 0 1
30.6575 35.349 325.556 7.28103 5.13362 63.7529 2.47766 -13 1257 1 0 1
6.22961 -27.284 325.556 1.52747 -3.49367 50.9214 3.59841 -13 1258 1 0 1
99.2735 39.1605 325.556 18.6398 4.06148 46.7089 2.67297 -13 1259 1 0 1
-90.3828 45.738 325.556 -17.1238 5.34037 48.5263 0.148812 -13 1260 1 0 1
43.837 -6.5481 325.556 9.91568 -0.588605 60.6377 1.96402 -13 1261 1 0 1
-44.4114 64.7491 325.556 -11.2919 11.5026 67.5715 0.837843 -13 1262 1 0 1
35.1221 37.8263 325.556 8.12838 5.86425 61.2002 2.32062 -13 1264 1 0 1
-83.7719 9.59104 325.556 -19.5699 1.46395 61.7571 1.9427 -13 1265 1 0 1
-39.7469 2.38538 325.556 -10.5876 0.734953 71.1909 3.39484 -13 1266 1 0 1
45.8828 -55.8464 325.556 7.92641 -5.07845 41.7688 2.45574 -13 1267 1 0 1
-5.81534 -13.0831 325.556 -1.20311 -2.16623 61.9138 4.38807 -13 1268 1 0 1
-71.9739 9.13707 325.556 -18.5518 1.56055 68.4295 1.15804 -13 1269 1 0 1
-24.6631 -28.9845 325.556 -6.75294 -6.1794 71.3584 2.51366 -13 1270 1 0 1
-56.2874 -26.3385 325.556 -13.236 -4.4499 63.0276 0.597965 -13 1271 1 0 1
46.5932 43.1664 325.556 9.52031 5.216 52.0131 3.22879 -13 1272 1 0 1
22.8957 -35.3955 325.556 5.12215 -5.26871 56.9919 1.2095 -13 1273 1 0 1
-15.5613 54.2422 325.556 -4.48521 10.588 71.9176 2.1006 -13 1274 1 0 1
-35.4618 -33.4043 325.556 -7.21981 -4.34361 54.182 2.09256 -13 1275 1 0 1
-2.68098 10.6182 325.556 -0.499976 2.2318 59.4733 2.88782 -13 1277 1 0 1
13.8416 -42.003 325.556 2.79482 -5.02938 47.9246 1.51797 -13 1278 1 0 1
-0.0617891 24.0176 325.556 -0.0180148 3.41004 63.8051 2.55757 -13 1279 1 0 1
4.30177 20.2778 325.556 0.895337 4.68414 70.0196 2.64027 -13 1280 1 0 1
28.5204 44.9438 325.556 5.89744 5.17156 51.3218 1.97222 -13 1281 1 0 1
23.5754 -0.0478215 325.556 5.91891 0.518194 73.8117 0.939712 -13 1282 1 0 1
-76.6597 -21.4714 325.556 -17.5883 -3.47642 60.4711 2.90727 -13 1283 1 0 1
59.0664 -15.6449 325.556 12.3044 -1.67034 53.6067 1.09728 -13 1284 1 0 1
-4.02768 -44.2593 325.556 -1.19157 -7.72878 67.9752 2.50979 -13 1285 1 0 1
-45.3118 -9.62343 325.556 -10.6605 -1.0787 63.5947 0.861004 -13 1286 1 0 1
0.889881 2.47292 325.556 0.415834 0.242504 57.7764 0.343684 -13 1287 1 0 1
55.7005 7.67349 325.556 11.0072 0.928598 49.7931 2.25038 -13 1288 1 0 1
39.3648 -5.95309 325.556 8.85855 -0.455279 58.8241 0.356301 -13 1289 1 0 1
-60.1185 8.31565 325.556 -15.9866 0.531231 70.8754 2.46917 -13 1290 1 0 1
46.6022 20.5179 325.556 11.0772 3.77141 63.8703 0.254035 -13 1291 1 0 1
-26.9881 -48.8404 325.556 -5.41479 -6.14032 54.0839 2.97952 -13 1292 1 0 1
12.2681 -16.709 325.556 1.0114 -0.234472 13.9933 6.78119 -13 1293 1 0 1
14.1561 11.6995 325.556 3.36313 2.48274 64.6947 1.95011 -13 1294 1 0 1
40.4599 26.6772 325.556 6.98366 2.39348 42.084 2.10278 -13 1295 1 0 1
-5.91132 -33.5279 325.556 -2.15693 -7.74326 75.7475 2.93333 -13 1296 1 0 1
0.887657 43.4933 325.556 0.314344 6.20345 57.2951 1.19144 -13 1297 1 0 1
-7.92524 23.7101 325.556 -1.64829 3.31527 57.7801 2.38259 -13 1298 1 0 1
42.7701 -4.19709 325.556 6.02565 -0.480716 32.3882 1.86955 -13 1299 1 0 1
68.3759 34.8519 325.556 17.7223 7.18595 71.9843 2.03808 -13 1300 1 0 1
37.8858 24.8067 325.556 10.027 5.36323 78.1858 1.98079 -13 1301 1 0 1
-12.7802 -21.9512 325.556 -2.50605 -3.40522 54.8759 3.00555 -13 1302 1 0 1
-15.5758 -22.4423 325.556 -3.4859 -3.2016 60.8043 2.30186 -13 1303 1 0 1
-26.2199 53.5966 325.556 -4.82219 6.80627 50.336 2.81813 -13 1304 1 0 1
3.54296 -15.1462 325.556 0.571531 -3.41736 73.2109 1.5176 -13 1305 1 0 1
47.4263 -12.9362 325.556 9.8267 -2.1144 52.6019 2.14832 -13 1306 1 0 1
20.2384 49.0691 325.556 3.99559 5.38975 48.3412 1.92805 -13 1308 1 0 1
-8.50578 -11.8566 325.556 -2.71379 -2.49876 73.5875 0.0771593 -13 1309 1 0 1
-38.8912 -46.324 325.556 -11.8093 -10.2155 78.4345 -0.114462 -13 1310 1 0 1
-14.8594 68.6331 325.556 -4.39315 13.8362 73.6457 3.17951 -13 1311 1 0 1
-11.1269 -32.7568 325.556 -3.02165 -6.20704 69.0084 0.734369 -13 1313 1 0 1
-26.329 -15.6924 325.556 -4.67477 -1.7448 47.0741 3.66891 -13 1314 1 0 1
12.1329 -45.739 325.556 2.74727 -7.0715 57.6842 2.48004 -13 1315 1 0 1
-14.5425 -38.0058 325.556 -3.93992 -6.42328 69.5987 1.35985 -13 1316 1 0 1
-13.0343 12.3593 325.556 -3.70626 2.76267 73.0357 1.17039 -13 1317 1 0 1
-22.6772 2.54155 325.556 -3.53404 -0.123653 41.2719 1.80189 -13 1318 1 0 1
4.23563 -76.509 325.556 1.01279 -13.3176 65.7812 3.63871 -13 1319 1 0 1
0.82773 -48.39 325.556 0.385096 -5.5404 48.2832 3.44472 -13 1320 1 0 1
15.4813 -54.3389 325.556 3.04627 -6.23295 48.0198 1.3396 -13 1321 1 0 1
43.8258 16.4875 325.556 9.77504 2.15246 57.5558 3.62625 -13 1322 1 0 1
4.19161 18.8464 325.556 0.81987 3.58754 74.8447 1.16451 -13 1323 1 0 1
20.5446 49.9868 325.556 4.87298 8.08881 63.9114 2.74473 -13 1324 1 0 1
-12.439 -66.4136 325.556 -3.26772 -11.9755 68.2468 4.14793 -13 1325 1 0 1
-36.9411 17.0802 325.556 -9.67701 2.67084 69.3731 -0.784539 -13 1326 1 0 1
13.3982 9.5378 325.556 3.06978 1.0762 60.4227 1.77677 -13 1327 1 0 1
35.265 -44.5555 325.556 8.57993 -7.83356 66.9472 1.62236 -13 1328 1 0 1
-19.4932 -16.4486 325.556 -3.63583 -2.20868 52.2762 1.46762 -13 1329 1 0 1
26.6286 -11.1366 325.556 6.13069 -2.20716 61.8644 4.66416 -13 1330 1 0 1
15.0981 -2.33913 325.556 3.72003 -0.644542 72.1126 1.181 -13 1331 1 0 1
-56.5006 -50.9407 325.556 -10.8169 -6.00535 50.1312 2.44632 -13 1332 1 0 1
5.57083 29.6296 325.556 1.32028 5.46682 66.6466 4.16256 -13 1333 1 0 1
-15.6462 9.73248 325.556 -3.8664 1.74801 64.8388 0.500836 -13 1334 1 0 1
31.9987 -32.5236 325.556 6.65533 -3.62166 51.9564 0.769311 -13 1335 1 0 1
-25.2684 -16.6369 325.556 -4.76543 -1.59276 50.5 2.00207 -13 1336 1 0 1
43.714 -20.7307 325.556 11.1714 -4.20598 72.7822 1.20887 -13 1338 1 0 1
-6.97032 49.9543 325.556 -1.47439 7.65373 60.2906 2.55357 -13 1339 1 0 1
-32.0831 49.8288 325.556 -9.11489 10.3839 74.5351 1.40166 -13 1340 1 0 1
-50.9349 -43.4445 325.556 -12.5306 -7.65981 65.4325 2.2167 -13 1341 1 0 1
-11.4828 33.4662 325.556 -2.19872 4.63286 53.6129 2.62596 -13 1342 1 0 1
64.9578 29.3434 325.556 12.8919 3.71928 50.4358 0.488772 -13 1343 1 0 1
-6.30581 -1.72237 325.556 -2.44772 -0.445628 78.7959 2.45147 -13 1344 1 0 1
96.2064 2.60233 325.556 20.267 0.633749 54.3108 2.58394 -13 1345 1 0 1
12.5312 29.9886 325.556 2.83931 3.9113 54.1436 3.55987 -13 1346 1 0 1
-13.0239 -24.834 325.556 -2.86829 -4.39597 60.8708 2.58493 -13 1347 1 0 1
-33.1803 6.79767 325.556 -9.85517 1.87062 77.1202 2.90839 -13 1348 1 0 1
-39.9779 -23.4752 325.556 -11.7545 -5.26543 76.8709 0.664038 -13 1349 1 0 1
5.75788 91.1306 325.556 0.979073 19.0655 78.404 1.153 -13 1350 1 0 1
-10.5143 -57.4072 325.556 -2.84525 -10.2926 69.0038 2.79412 -13 1352 1 0 1
-60.7939 70.0293 325.556 -11.7647 8.14449 50.2265 1.94949 -13 1354 1 0 1
-22.497 26.1932 325.556 -5.38818 4.3992 65.0867 2.8688 -13 1355 1 0 1
8.31319 17.1259 325.556 1.95487 3.05908 68.0685 2.2588 -13 1356 1 0 1
7.4324 -31.673 325.556 1.77391 -5.23616 65.1811 1.70349 -13 1357 1 0 1
35.8957 -8.16952 325.556 7.11295 -1.03024 48.7246 0.345014 -13 1358 1 0 1
48.1136 -10.6632 325.556 9.08725 -0.946063 46.9065 1.57665 -13 1359 1 0 1
40.3446 38.0266 325.556 10.6514 7.91268 77.6065 0.146554 -13 1360 1 0 1
15.9741 -49.0602 325.556 3.69405 -7.96776 60.6619 2.10618 -13 1361 1 0 1
-6.01461 -43.6766 325.556 -1.24035 -6.56792 59.0967 3.99367 -13 1362 1 0 1
32.8268 -61.3555 325.556 8.04652 -10.7745 68.6513 0.755229 -13 1363 1 0 1
-17.447 11.9831 325.556 -4.23307 2.44238 65.6085 3.24308 -13 1364 1 0 1
-1.32288 0.813706 325.556 -0.14029 -0.347168 61.3458 0.887521 -13 1365 1 0 1
-38.7084 -36.1527 325.556 -11.4128 -6.13542 77.4285 3.48398 -13 1367 1 0 1
-34.3083 15.0594 325.556 -7.23253 2.15995 56.6578 2.41802 -13 1368 1 0 1
42.5418 -20.136 325.556 10.8515 -3.95029 70.4109 1.74406 -13 1369 1 0 1
1.04164 58.0391 325.556 0.173042 10.1675 65.924 2.13586 -13 1371 1 0 1
-46.9106 -35.9471 325.556 -13.3134 -7.34086 74.9988 1.62422 -13 1372 1 0 1
13.0911 44.3243 325.556 3.02278 6.10762 58.6516 2.09872 -13 1373 1 0 1
4.67502 -20.5395 325.556 0.951045 -3.79477 67.5592 2.00883 -13 1374 1 0 1
2.3495 37.4626 325.556 0.473224 6.23085 64.2202 1.17809 -13 1375 1 0 1
-42.6582 -16.883 325.556 -9.01744 -2.74301 56.4652 0.434412 -13 1376 1 0 1
34.234 5.3492 325.556 8.6371 1.33255 70.0858 2.711 -13 1377 1 0 1
-19.6679 -21.0123 325.556 -4.60044 -3.84665 63.1241 3.52669 -13 1378 1 0 1
-26.5828 33.9081 325.556 -7.85082 6.59963 75.429 0.212046 -13 1379 1 0 1
-59.8534 18.1709 325.556 -14.9507 2.92739 66.8191 1.64571 -13 1380 1 0 1
-55.6994 -37.1511 325.556 -11.8448 -5.3489 56.798 3.57856 -13 1381 1 0 1
32.8171 4.13788 325.556 8.23396 0.974924 69.8025 1.24747 -13 1382 1 0 1
89.9047 10.5972 325.556 14.5829 0.469504 38.6625 4.34998 -13 1383 1 0 1
10.1943 61.1407 325.556 2.28281 8.09839 53.5186 1.89934 -13 1384 1 0 1
21.2742 0.502443 325.556 4.97908 0.0945407 62.5718 2.56223 -13 1385 1 0 1
47.2425 4.51862 325.556 10.1373 0.568631 55.3781 3.33405 -13 1386 1 0 1
-63.5532 -45.1528 325.556 -13.7325 -5.76463 56.8649 1.16813 -13 1387 1 0 1
-13.9736 -2.87781 325.556 -4.01616 -1.11609 72.9592 3.35897 -13 1388 1 0 1
-63.3057 -8.84013 325.556 -11.6645 -0.961466 47.9221 3.60882 -13 1391 1 0 1
58.7121 -60.4697 325.556 13.3771 -9.06581 59.7128 1.90523 -13 1392 1 0 1
9.08528 -13.8127 325.556 2.12382 -2.37866 65.9595 0.363675 -13 1394 1 0 1
3.09774 6.34034 325.556 0.689687 1.47754 66.5755 1.8433 -13 1395 1 0 1
71.636 -45.8775 325.556 17.8458 -8.41931 68.4593 -0.101912 -13 1396 1 0 1
-4.52218 20.9655 325.556 -1.76762 3.88977 76.4441 4.40961 -13 1397 1 0 1
-31.8505 -8.39583 325.556 -5.63131 -0.515766 46.4279 2.13332 -13 1398 1 0 1
70.3876 10.6217 325.556 12.0501 0.533009 41.8262 2.20437 -13 1399 1 0 1
55.1113 -58.4108 325.556 12.5096 -8.46655 60.1175 2.66497 -13 1400 1 0 1
-52.3212 -24.1138 325.556 -11.3129 -3.36806 57.4449 2.34159 -13 1401 1 0 1
-94.9802 27.6273 325.556 -16.914 3.27835 45.0451 2.80103 -13 1402 1 0 1
53.6521 11.2246 325.556 11.0012 1.24899 51.5934 4.02598 -13 1403 1 0 1
4.16641 -34.5926 325.556 0.983288 -5.51936 62.8407 0.946305 -13 1404 1 0 1
38.9955 17.7975 325.556 9.07594 3.21011 62.2954 5.18852 -13 1406 1 0 1
-9.64917 -10.2883 325.556 -1.97749 -1.56915 57.8265 3.76833 -13 1407 1 0 1
-11.4373 12.6608 325.556 -3.16799 2.44422 70.6852 2.23615 -13 1408 1 0 1
-83.129 25.399 325.556 -16.8068 3.34708 52.5678 1.63631 -13 1409 1 0 1
20.6153 -36.0862 325.556 4.52104 -4.84218 54.2715 2.31577 -13 1410 1 0 1
-21.9124 7.69882 325.556 -4.51905 0.94668 56.1059 1.08585 -13 1411 1 0 1
-28.9766 20.5496 325.556 -7.47644 2.97215 68.5337 0.936712 -13 1413 1 0 1
6.37085 -41.1651 325.556 1.57247 -6.06079 54.1425 4.06337 -13 1414 1 0 1
14.8908 -35.1079 325.556 3.46011 -5.68863 63.1985 4.19524 -13 1415 1 0 1
-38.4982 -28.3539 325.556 -9.71915 -5.48595 67.4629 2.93222 -13 1416 1 0 1
51.2915 6.59248 325.556 13.1405 1.39195 71.5395 -0.430776 -13 1417 1 0 1
14.9445 12.3526 325.556 2.33436 0.808351 34.2021 2.71469 -13 1419 1 0 1
-14.6504 -27.1831 325.556 -4.54359 -5.72923 76.6626 2.79734 -13 1420 1 0 1
18.8716 4.68219 325.556 4.73222 1.69252 79.3071 0.766181 -13 1422 1 0 1
-30.0522 1.42877 325.556 -5.87021 0.561451 52.4231 2.04126 -13 1423 1 0 1
16.086 11.5167 325.556 3.73855 2.00057 60.2551 0.297226 -13 1424 1 0 1
22.8913 -23.4594 325.556 5.54286 -4.52903 68.7553 0.574615 -13 1425 1 0 1
32.6391 -22.2218 325.556 6.8275 -2.88635 53.9029 0.368257 -13 1426 1 0 1
4.09024 30.8544 325.556 0.92853 3.52379 47.6932 5.13035 -13 1427 1 0 1
21.4021 -77.5051 325.556 5.15213 -13.9423 67.8569 4.64498 -13 1428 1 0 1
-57.1571 -6.84967 325.556 -16.0248 -1.51288 74.5879 3.84649 -13 1429 1 0 1
25.2992 -19.3447 325.556 6.37412 -4.25674 72.0648 2.24804 -13 1430 1 0 1
-29.779 -2.48337 325.556 -8.52271 -1.38137 74.332 2.09263 -13 1431 1 0 1
35.6479 -10.0094 325.556 8.42061 -1.30264 63.3617 3.63272 -13 1432 1 0 1
-64.7382 39.5981 325.556 -18.5988 8.39306 76.4705 0.846067 -13 1433 1 0 1
-75.9697 -65.4647 325.556 -9.79309 -3.61647 29.9821 5.67728 -13 1434 1 0 1
39.7758 33.2021 325.556 9.30265 5.34403 62.6321 3.8817 -13 1435 1 0 1
59.294 -65.9635 325.556 13.5039 -10.1552 60.4019 2.9433 -13 1436 1 0 1
4.71589 23.8366 325.556 1.10624 3.79304 62.4476 1.88272 -13 1437 1 0 1
-12.3695 15.6242 325.556 -2.84506 2.47798 61.9047 2.2198 -13 1438 1 0 1
9.0982 -34.4611 325.556 2.08795 -5.64721 61.3705 0.288153 -13 1440 1 0 1
-20.538 20.2281 325.556 -5.96567 4.08207 74.0425 2.42909 -13 1441 1 0 1
6.14481 -10.336 325.556 1.47231 -1.7878 62.8346 2.05563 -13 1442 1 0 1
23.6494 -19.3801 325.556 5.86239 -3.98649 70.479 4.53691 -13 1443 1 0 1
-6.10702 -71.2898 325.556 -1.16089 -9.6328 54.4735 3.18871 -13 1444 1 0 1
39.4691 -1.28348 325.556 9.08578 -0.560729 61.3753 1.60367 -13 1445 1 0 1
-60.9377 -21.3154 325.556 -17.8685 -3.93195 77.5596 3.63482 -13 1446 1 0 1
12.8547 14.8047 325.556 2.89696 2.30341 58.5536 0.388219 -13 1447 1 0 1
-0.458612 39.3231 325.556 -0.334504 7.09758 70.2373 1.22321 -13 1448 1 0 1
58.7301 10.9725 325.556 13.8842 1.67975 63.3376 0.788817 -13 1449 1 0 1
-7.88571 -1.55796 325.556 -2.45879 -0.0504201 73.4317 0.5956 -13 1450 1 0 1
39.0313 59.6315 325.556 10.0816 12.1094 73.8321 1.54214 -13 1451 1 0 1
16.7964 1.44408 325.556 4.17011 0.629704 72.716 0.0146769 -13 1452 1 0 1
29.7161 -9.53509 325.556 6.16947 -1.39132 53.4327 1.60621 -13 1453 1 0 1
92.3564 23.7146 325.556 19.8042 3.26634 55.859 1.7548 -13 1455 1 0 1
-41.237 -24.7433 325.556 -11.911 -5.23919 75.7139 1.96845 -13 1456 1 0 1
50.9527 -25.6205 325.556 12.7518 -5.01982 68.9908 1.99267 -13 1457 1 0 1
33.1664 -58.2597 325.556 7.42603 -8.59362 57.6862 4.11573 -13 1458 1 0 1
-59.1893 -1.10116 325.556 -14.6909 -0.329021 66.0886 0.305276 -13 1460 1 0 1
-102.374 10.8652 325.556 -20.777 0.965985 52.2913 3.64692 -13 1461 1 0 1
-42.5627 15.145 325.556 -10.144 2.94612 64.1093 1.49552 -13 1462 1 0 1
-42.4879 42.7243 325.556 -11.1941 7.8964 69.7458 3.98577 -13 1463 1 0 1
71.3168 63.9595 325.556 14.0823 7.72211 50.1042 2.88268 -13 1464 1 0 1
-26.1148 29.0424 325.556 -7.21944 5.40806 72.0093 0.111469 -13 1465 1 0 1
-33.8489 28.2357 325.556 -8.82923 5.13332 68.8436 0.791721 -13 1466 1 0 1
-56.1391 -62.722 325.556 -15.2734 -12.3751 72.1125 1.45922 -13 1467 1 0 1
41.7036 -39.2451 325.556 10.596 -7.88524 71.7187 1.1862 -13 1468 1 0 1
-42.7677 -6.1882 325.556 -9.34737 -0.980927 58.4627 0.810432 -13 1469 1 0 1
-45.9114 30.661 325.556 -10.6129 4.66794 61.3728 2.04048 -13 1470 1 0 1
9.72273 56.4997 325.556 2.09828 11.1492 74.5009 2.01476 -13 1471 1 0 1
-74.094 -15.601 325.556 -18.3665 -2.63187 65.8253 2.67053 -13 1473 1 0 1
4.86382 22.7287 325.556 1.13262 4.25454 65.2541 1.79614 -13 1474 1 0 1
13.211 22.9111 325.556 3.16071 3.78229 74.663 1.72271 -13 1475 1 0 1
-57.4444 -57.2508 325.556 -15.372 -10.6584 71.3418 1.44737 -13 1476 1 0 1
-21.2484 -38.5564 325.556 -4.79404 -6.67846 62.1307 2.41542 -13 1477 1 0 1
21.1886 -29.7063 325.556 5.22141 -5.47365 70.1368 1.6137 -13 1478 1 0 1
-43.0432 -29.8774 325.556 -10.9293 -5.53085 67.9528 0.814926 -13 1479 1 0 1
-59.3647 -25.382 325.556 -15.2103 -4.71655 68.2496 2.13624 -13 1480 1 0 1
-4.38323 36.5941 325.556 -1.58299 7.67483 73.6006 1.15084 -13 1481 1 0 1
39.3934 7.52633 325.556 9.61405 0.648109 67.676 3.09657 -13 1483 1 0 1
23.7878 -1.54644 325.556 6.00841 -0.326153 72.9844 2.50309 -13 1484 1 0 1
54.7828 25.6637 325.556 10.8401 3.23374 50.2025 2.4035 -13 1485 1 0 1
-14.9374 -18.065 325.556 -3.5498 -3.42527 64.7523 2.24457 -13 1486 1 0 1
14.5827 -20.1215 325.556 3.46205 -4.62189 74.1214 2.02128 -13 1487 1 0 1
-34.7116 5.22563 325.556 -8.83687 1.08819 67.7147 3.03677 -13 1488 1 0 1
-15.122 70.9168 325.556 -3.35702 11.3383 60.571 -0.198025 -13 1489 1 0 1
-20.1116 36.1643 325.556 -5.58203 6.65908 72.413 2.32329 -13 1490 1 0 1
-41.5069 30.8548 325.556 -10.1452 5.25969 65.1757 1.79141 -13 1491 1 0 1
-14.3282 -3.82134 325.556 -3.54054 -0.399543 65.9952 2.92569 -13 1492 1 0 1
-61.2239 -29.1911 325.556 -10.5402 -3.16261 44.2804 2.72132 -13 1493 1 0 1
-7.29356 -1.21014 325.556 -2.7768 -0.200425 79.6038 2.95022 -13 1494 1 0 1
-50.0548 -53.9705 325.556 -15.2664 -11.898 78.2863 1.58608 -13 1495 1 0 1
-6.90373 -25.4387 325.556 -1.30442 -3.7111 57.2 2.48311 -13 1496 1 0 1
59.1335 14.1602 325.556 14.4713 1.8195 66.5006 1.46063 -13 1497 1 0 1
-32.0358 -30.3952 325.556 -7.09102 -4.39432 59.3922 5.91068 -13 1498 1 0 1
4.02129 -14.0792 325.556 1.06404 -2.12962 58.3869 5.08745 -13 1499 1 0 1
70.4752 96.3948 325.556 15.0196 12.7298 55.3078 3.55841 -13 1500 1 0 1
9.33278 7.76442 325.556 2.18875 1.14231 63.4252 -0.0867188 -13 1501 1 0 1
56.0715 -28.5227 325.556 12.0241 -3.80765 55.309 0.517961 -13 1502 1 0 1
25.6234 17.8361 325.556 6.5139 3.29109 74.0987 2.84748 -13 1504 1 0 1
-5.42793 10.6637 325.556 -1.64424 1.75183 71.1745 4.25363 -13 1505 1 0 1
-15.1793 -34.7575 325.556 -3.65297 -5.6215 64.9131 0.129316 -13 1506 1 0 1
32.8864 -0.0979527 325.556 7.71235 0.245808 63.142 1.01953 -13 1507 1 0 1
2.34084 -16.1778 325.556 0.673362 -2.857 61.5919 2.6312 -13 1508 1 0 1
56.3036 3.64575 325.556 11.3787 0.306674 51.2015 2.68276 -13 1509 1 0 1
-67.0783 -22.629 325.556 -19.5934 -3.82026 77.2693 1.67391 -13 1510 1 0 1
-34.3255 -65.0375 325.556 -7.95456 -9.96032 62.3811 1.52675 -13 1511 1 0 1
-74.8873 -64.9431 325.556 -19.9401 -11.646 70.7286 2.2599 -13 1512 1 0 1
-20.6049 -22.0317 325.556 -6.47827 -4.01722 77.5151 2.13783 -13 1513 1 0 1
-92.3113 16.7492 325.556 -25.2734 3.0901 72.8161 0.317853 -13 1514 1 0 1
40.6439 -31.3799 325.556 9.26725 -4.49599 60.4179 2.66246 -13 1515 1 0 1
41.6236 24.8688 325.556 10.4161 4.6493 68.9461 1.94312 -13 1516 1 0 1
26.6438 12.98 325.556 5.72561 1.48958 54.4562 2.7802 -13 1517 1 0 1
9.15207 81.875 325.556 2.06307 9.8777 52.4967 2.27415 -13 1518 1 0 1
12.1324 -41.9966 325.556 2.91639 -7.63785 63.4274 0.510071 -13 1519 1 0 1
32.2527 54.0259 325.556 7.61864 8.70378 63.5591 2.17747 -13 1520 1 0 1
55.525 -2.45661 325.556 9.26551 0.126347 40.8358 1.35324 -13 1521 1 0 1
-22.5702 28.3853 325.556 -4.67009 3.98758 56.0258 4.36358 -13 1522 1 0 1
-28.4391 -49.217 325.556 -7.20931 -8.65192 66.9644 1.25612 -13 1523 1 0 1
-45.886 -47.0597 325.556 -8.40443 -5.89109 48.1733 1.49989 -13 1524 1 0 1
-19.6189 15.3893 325.556 -5.45639 3.59713 72.798 2.54387 -13 1525 1 0 1
-58.518 15.1069 325.556 -12.7463 1.98064 58.6406 1.61917 -13 1526 1 0 1
31.7384 -50.2011 325.556 7.26986 -7.24976 59.6012 2.48424 -13 1527 1 0 1
-77.5996 88.2569 325.556 -12.232 7.50082 39.1655 2.33892 -13 1528 1 0 1
27.8727 -39.2865 325.556 5.0464 -3.50869 41.7658 3.17036 -13 1529 1 0 1
-30.5496 -16.7913 325.556 -7.574 -2.77308 66.7004 2.21654 -13 1530 1 0 1
45.9931 -30.9347 325.556 10.6339 -4.62024 61.3477 0.631868 -13 1531 1 0 1
37.8284 22.5845 325.556 8.90309 3.67444 63.3234 1.64953 -13 1532 1 0 1
-7.18317 -23.051 325.556 -2.43825 -5.28452 75.4184 1.94072 -13 1533 1 0 1
-9.73786 20.1032 325.556 -2.68973 3.05979 70.3128 2.24799 -13 1534 1 0 1
-48.737 45.1298 325.556 -13.3931 8.6901 72.7221 0.335869 -13 1536 1 0 1
-56.9034 0.376736 325.556 -14.7537 -0.278137 69.1563 2.86451 -13 1537 1 0 1
-0.388332 -13.1214 325.556 -0.380579 -2.61195 69.9845 1.43283 -13 1538 1 0 1
-84.1218 9.24531 325.556 -19.7517 1.96927 62.3058 2.56497 -13 1539 1 0 1
-17.6754 65.8418 325.556 -5.28405 13.4877 74.5044 1.27489 -13 1540 1 0 1
-47.1944 10.4716 325.556 -11.5333 1.70529 65.5764 0.33259 -13 1541 1 0 1
-9.51685 -55.0859 325.556 -2.80945 -9.46104 71.5652 0.294846 -13 1542 1 0 1
-57.7786 -65.5015 325.556 -12.9978 -10.5377 59.7968 3.57055 -13 1543 1 0 1
-38.7437 23.6639 325.556 -10.1479 4.27354 69.3074 2.57761 -13 1544 1 0 1
-7.91715 -14.1106 325.556 -1.98594 -2.23967 65.7374 1.67536 -13 1546 1 0 1
20.6815 22.3163 325.556 4.63906 3.35705 58.7275 1.22963 -13 1547 1 0 1
-25.3928 57.3741 325.556 -6.31711 9.82394 65.8699 3.88903 -13 1548 1 0 1
-35.1218 37.831 325.556 -7.87601 5.96234 59.6444 4.02428 -13 1549 1 0 1
2.13477 54.9849 325.556 0.490649 9.07865 63.7707 3.65107 -13 1550 1 0 1
-5.48027 12.7798 325.556 -2.07913 3.02362 76.3873 2.99644 -13 1552 1 0 1
87.4645 -3.31159 325.556 15.3624 -0.550302 43.2304 3.18465 -13 1554 1 0 1
-28.0155 2.82441 325.556 -8.28571 0.290362 76.7744 1.10252 -13 1555 1 0 1
14.0382 -27.9025 325.556 3.07651 -3.87197 55.1723 3.157 -13 1556 1 0 1
1.70946 -41.8389 325.556 -0.0532175 -8.85742 75.3058 0.890405 -13 1557 1 0 1
-9.81351 -29.5447 325.556 -3.44542 -5.71028 78.2553 1.88737 -13 1558 1 0 1
-20.6012 6.68975 325.556 -6.33445 1.91905 77.4185 2.90033 -13 1560 1 0 1
29.5399 23.6422 325.556 7.41699 5.05683 71.2405 0.0959137 -13 1561 1 0 1
-90.4406 -24.1383 325.556 -16.1642 -2.37441 45.17 3.73236 -13 1562 1 0 1
58.3204 5.76218 325.556 11.2368 0.613764 48.2815 4.24394 -13 1563 1 0 1
-26.5877 61.0337 325.556 -6.84612 11.1924 68.0859 4.20685 -13 1564 1 0 1
-36.6978 5.91538 325.556 -5.91573 0.603499 42.0082 2.90255 -13 1566 1 0 1
6.66745 -49.8126 325.556 1.59296 -8.27607 64.4114 1.27936 -13 1567 1 0 1
50.8594 38.8024 325.556 8.45782 3.27663 40.1745 2.43143 -13 1568 1 0 1
-48.7413 32.9052 325.556 -13.4633 6.38732 73.2589 1.74162 -13 1569 1 0 1
46.994 18.5202 325.556 10.1965 2.68595 55.8818 0.68482 -13 1570 1 0 1
-116.577 -37.6043 325.556 -25.7129 -0.491329 50.9498 1.57832 -13 1571 1 0 1
11.363 26.402 325.556 2.72127 5.3378 66.5972 2.84706 -13 1572 1 0 1
-14.9719 -17.5684 325.556 -4.07858 -3.40197 69.9671 3.74958 -13 1573 1 0 1
77.711 33.5033 325.556 15.6094 3.99328 51.0076 0.948719 -13 1574 1 0 1
1.57615 18.0918 325.556 -0.0232761 2.91279 73.7055 1.98246 -13 1575 1 0 1
1.48718 0.017109 325.556 0.250708 0.334868 64.2238 1.6564 -13 1576 1 0 1
-9.21242 15.4084 325.556 -2.25201 2.80792 64.4163 1.72302 -13 1577 1 0 1
-81.8908 21.3123 325.556 -19.7961 3.5905 64.026 2.86182 -13 1578 1 0 1
43.7519 42.2788 325.556 9.98852 6.37003 60.425 1.78302 -13 1579 1 0 1
4.65143 -19.9793 325.556 0.989438 -3.99177 69.6989 1.81258 -13 1580 1 0 1
31.2709 4.62826 325.556 5.85946 0.306731 45.6354 1.87716 -13 1581 1 0 1
79.5659 12.623 325.556 13.1829 1.2415 39.7602 3.60905 -13 1582 1 0 1
6.01316 -41.8061 325.556 1.32379 -3.64939 43.0661 3.67536 -13 1583 1 0 1
-5.12937 -31.6344 325.556 -1.44179 -5.92444 67.4954 3.24278 -13 1584 1 0 1
-19.0083 -9.93286 325.556 -4.38907 -1.50617 62.3795 2.1707 -13 1585 1 0 1
39.4351 -3.24504 325.556 9.85136 0.110715 69.7948 3.491 -13 1586 1 0 1
-62.9239 4.56288 325.556 -15.3765 0.930526 65.2675 2.69453 -13 1587 1 0 1
-30.6201 -28.2732 325.556 -9.2328 -5.80391 78.2447 3.65834 -13 1588 1 0 1
39.7925 12.2734 325.556 10.1545 2.33412 72.1459 1.19206 -13 1589 1 0 1
-56.5032 -49.3321 325.556 -12.5651 -7.47031 59.4086 0.777943 -13 1590 1 0 1
-32.661 -10.1443 325.556 -9.41291 -1.60807 74.9857 -0.259935 -13 1591 1 0 1
-35.5331 44.6407 325.556 -10.0164 8.93865 73.7454 2.84225 -13 1592 1 0 1
55.6852 64.9828 325.556 14.0545 11.5668 70.2371 3.08247 -13 1593 1 0 1
-4.24806 10.6306 325.556 -0.729183 1.25948 55.739 4.11318 -13 1594 1 0 1
-71.6184 -48.3147 325.556 -13.0339 -5.10001 46.7831 1.45784 -13 1596 1 0 1
15.0636 16.2576 325.556 3.61359 3.26678 78.6943 4.74264 -13 1597 1 0 1
39.8884 51.7024 325.556 10.0318 10.1063 70.6976 2.00135 -13 1598 1 0 1
90.8872 36.5955 325.556 14.5542 3.1919 37.9569 2.27971 -13 1599 1 0 1
-25.0028 14.4593 325.556 -7.34287 2.83088 75.2361 2.49665 -13 1600 1 0 1
-4.12384 46.3029 325.556 -0.954871 7.52766 62.0958 2.74663 -13 1601 1 0 1
-38.1996 -12.3611 325.556 -10.4338 -2.01902 71.9786 1.01258 -13 1602 1 0 1
42.8789 -49.4499 325.556 9.26283 -6.43958 56.0635 1.42445 -13 1603 1 0 1
-62.8828 22.2385 325.556 -16.6747 4.10511 70.739 2.07216 -13 1604 1 0 1
6.19618 -51.4287 325.556 1.13467 -10.6855 77.552 3.3216 -13 1605 1 0 1
-56.5216 23.9564 325.556 -16.3082 4.79803 76.3512 1.84448 -13 1606 1 0 1
58.056 9.16714 325.556 13.8686 1.23637 64.0081 2.56244 -13 1607 1 0 1
-14.0678 -10.8743 325.556 -3.49184 -2.20732 66.1768 3.34474 -13 1608 1 0 1
52.0766 -0.83475 325.556 10.9044 -0.00321308 53.6996 2.80256 -13 1609 1 0 1
29.124 -57.0256 325.556 3.68105 -2.66297 27.8157 5.96699 -13 1611 1 0 1
1.63875 2.01514 325.556 0.363498 0.647633 64.2917 3.40623 -13 1612 1 0 1
11.6881 -35.0451 325.556 2.78543 -5.90592 70.0049 2.47246 -13 1613 1 0 1
82.1187 -9.66807 325.556 17.281 -1.64481 54.1483 1.61611 -13 1614 1 0 1
10.2467 -16.4482 325.556 2.14155 -1.92298 49.5291 3.16251 -13 1615 1 0 1
-32.7947 65.4814 325.556 -9.89627 13.0736 77.4825 1.72843 -13 1616 1 0 1
-53.5021 -79.1021 325.556 -7.77553 -5.56941 36.0472 2.22753 -13 1617 1 0 1
-60.8896 -37.5956 325.556 -14.0653 -6.11394 61.6331 1.3119 -13 1618 1 0 1
33.4609 -24.9981 325.556 7.94569 -4.41019 64.0554 -1.32182 -13 1619 1 0 1
21.5608 -5.19861 325.556 4.61818 -0.755875 55.6438 4.15395 -13 1620 1 0 1
-24.4588 22.1999 325.556 -4.60934 2.99436 52.7543 2.43223 -13 1621 1 0 1
-34.9368 34.978 325.556 -10.8426 7.95434 79.5757 2.74673 -13 1622 1 0 1
38.931 -48.0698 325.556 9.64453 -8.74177 69.063 2.88477 -13 1623 1 0 1
7.67431 -11.948 325.556 1.67265 -1.39072 47.5642 0.730354 -13 1624 1 0 1
17.6302 12.7985 325.556 4.00293 2.13745 59.3106 2.38732 -13 1625 1 0 1
33.5878 -51.1528 325.556 6.64323 -6.3425 49.8155 1.83777 -13 1627 1 0 1
-38.8137 -26.0852 325.556 -11.1818 -5.7605 75.4365 -0.240985 -13 1628 1 0 1
22.456 40.9051 325.556 5.4633 6.86889 68.0902 0.637934 -13 1630 1 0 1
-65.0105 -10.1728 325.556 -15.2686 -1.58106 62.5983 2.22553 -13 1631 1 0 1
2.60518 -17.505 325.556 0.719168 -2.7272 53.0251 1.51809 -13 1632 1 0 1
-43.491 47.9107 325.556 -10.2975 7.69712 63.1245 1.78548 -13 1633 1 0 1
-7.12694 -39.8028 325.556 -1.51021 -5.89879 58.7257 2.57035 -13 1634 1 0 1
36.7513 0.142914 325.556 8.28588 -0.11314 59.1874 2.73671 -13 1635 1 0 1
-28.8333 -17.8612 325.556 -8.49545 -3.44688 76.096 0.96226 -13 1636 1 0 1
-2.0863 36.5919 325.556 -0.597702 6.37225 65.5411 1.61429 -13 1637 1 0 1
38.7037 35.4775 325.556 8.71999 5.3483 57.9258 3.90046 -13 1638 1 0 1
16.8184 -1.70175 325.556 3.41556 -0.284093 49.0823 4.88547 -13 1639 1 0 1
81.071 12.8884 325.556 16.1983 1.82035 50.5595 3.39281 -13 1640 1 0 1
-8.17003 17.5898 325.556 -2.64764 3.43828 74.051 3.28073 -13 1641 1 0 1
1.40428 23.6383 325.556 0.4503 3.33138 58.6242 2.266 -13 1642 1 0 1
59.3866 70.9217 325.556 11.6927 8.50883 49.9911 0.983477 -13 1643 1 0 1
-49.3448 32.9848 325.556 -13.7682 6.08054 73.8459 -0.458589 -13 1644 1 0 1
-84.6523 -38.2169 325.556 -21.9957 -7.07274 68.9253 0.948217 -13 1645 1 0 1
7.24948 4.07088 325.556 1.69936 0.364324 63.9513 -0.42844 -13 1646 1 0 1
-65.1654 -18.1739 325.556 -7.05494 -0.652585 24.1461 4.37395 -13 1647 1 0 1
-31.2929 25.1703 325.556 -7.5685 4.08612 65.3601 3.61751 -13 1649 1 0 1
-47.4769 0.419555 325.556 -10.7491 -0.069672 60.2996 1.32558 -13 1650 1 0 1
3.73756 36.2334 325.556 0.881482 5.57215 60.503 0.470756 -13 1651 1 0 1
-12.7912 33.3709 325.556 -2.64076 4.8527 58.5377 0.62306 -13 1652 1 0 1
7.41879 12.3254 325.556 1.62771 1.5571 52.3793 2.93118 -13 1653 1 0 1
-14.9888 -46.3264 325.556 -2.49266 -4.72842 45.8641 1.73471 -13 1654 1 0 1
-23.751 -0.799922 325.556 -5.98634 -0.651326 66.7196 3.2346 -13 1655 1 0 1
-11.6998 44.3012 325.556 -3.57258 9.09967 73.5539 2.06449 -13 1656 1 0 1
-111.674 3.5971 325.556 -24.9192 0.38837 57.9993 3.46456 -13 1657 1 0 1
108.646 -7.73209 325.556 19.0761 -0.943448 42.6589 1.2863 -13 1658 1 0 1
36.547 -28.2404 325.556 8.41562 -3.78024 60.199 3.17 -13 1659 1 0 1
-2.98346 27.5405 325.556 -0.753579 4.34272 62.7705 4.78978 -13 1660 1 0 1
63.9897 -66.0082 325.556 15.0269 -10.7401 62.451 4.3299 -13 1661 1 0 1
7.28354 -27.9997 325.556 1.62686 -5.70391 71.0335 2.20522 -13 1662 1 0 1
1.64369 9.44729 325.556 0.452385 0.699773 44.9458 2.69454 -13 1663 1 0 1
15.184 -3.56037 325.556 3.58666 -0.711782 64.2582 1.76439 -13 1664 1 0 1
8.23002 -10.9237 325.556 1.74155 -2.74554 77.6478 0.852618 -13 1665 1 0 1
20.0824 -39.627 325.556 4.8062 -6.82356 68.8368 1.91077 -13 1666 1 0 1
83.1216 -0.727303 325.556 18.0297 -0.291071 55.9333 3.33771 -13 1667 1 0 1
103.803 -16.8727 325.556 21.8409 -2.94739 54.1492 1.0905 -13 1668 1 0 1
110.465 42.3287 325.556 15.6533 2.32002 32.348 2.50569 -13 1669 1 0 1
6.17868 -47.5777 325.556 1.48269 -7.37254 58.3266 2.06019 -13 1670 1 0 1
-44.5366 23.7657 325.556 -13.6527 4.90802 78.8802 1.74975 -13 1671 1 0 1
57.2685 -80.0759 325.556 12.3771 -10.7388 56.2056 1.03346 -13 1672 1 0 1
18.1917 -25.7271 325.556 4.17219 -3.78822 58.3479 2.84271 -13 1673 1 0 1
7.25505 -63.4203 325.556 1.6004 -7.84973 51.0641 2.49254 -13 1674 1 0 1
-41.4938 -36.4432 325.556 -9.22775 -5.40958 60.3459 0.239701 -13 1675 1 0 1
-109.892 -39.6894 325.556 -9.96056 -0.394516 17.768 6.5069 -13 1676 1 0 1
39.6118 -15.6962 325.556 6.99467 -1.66648 43.2073 4.89311 -13 1677 1 0 1
34.6243 12.4638 325.556 7.61047 2.06593 57.2809 1.73114 -13 1678 1 0 1
35.1128 68.0587 325.556 7.7971 9.78512 57.8188 4.4626 -13 1679 1 0 1
-24.1881 -17.755 325.556 -4.76806 -2.15711 52.9712 3.81936 -13 1680 1 0 1
8.44541 -2.62986 325.556 1.98207 -0.470638 58.2734 1.55714 -13 1681 1 0 1
54.3007 34.4482 325.556 10.5755 4.34183 48.8444 1.88438 -13 1682 1 0 1
52.9859 -28.8712 325.556 12.8478 -4.86082 65.8369 1.19594 -13 1683 1 0 1
62.8718 12.0254 325.556 14.1724 1.89266 59.6256 4.10022 -13 1684 1 0 1
-3.14675 -29.672 325.556 -1.34371 -5.93133 74.2264 1.50521 -13 1685 1 0 1
-3.98619 36.0067 325.556 -0.669811 5.033 56.6473 4.50479 -13 1686 1 0 1
-25.1251 -59.1841 325.556 -5.2553 -8.80619 57.3503 1.98431 -13 1687 1 0 1
63.2096 35.8387 325.556 13.9107 5.22846 57.6536 1.06267 -13 1688 1 0 1
14.9645 0.990652 325.556 3.66888 -0.22327 72.4249 0.739435 -13 1690 1 0 1
-6.67437 -26.1935 325.556 -2.04057 -5.11343 70.7479 1.30644 -13 1691 1 0 1
-2.5052 -7.93708 325.556 -0.404138 -1.11025 59.0195 1.90005 -13 1692 1 0 1
55.9099 -25.3755 325.556 7.88589 -1.52016 32.2693 1.16912 -13 1693 1 0 1
33.0881 1.53426 325.556 7.37581 0.0277583 57.6538 2.21506 -13 1694 1 0 1
6.82618 2.43754 325.556 1.57479 0.317214 71.7487 1.82907 -13 1695 1 0 1
-72.2703 -17.5073 325.556 -21.0351 -3.65612 76.4629 2.70729 -13 1696 1 0 1
90.9691 29.2254 325.556 16.8407 3.06495 45.8739 1.27854 -13 1697 1 0 1
-24.7968 12.0328 325.556 -5.07601 1.33869 55.394 2.49358 -13 1698 1 0 1
20.7206 7.91562 325.556 5.0257 1.49413 66.1583 -0.11945 -13 1699 1 0 1
-13.805 11.0486 325.556 -3.81783 1.39738 71.5304 1.92559 -13 1700 1 0 1
-7.33756 -6.34428 325.556 -2.34091 -1.48523 73.1561 -0.00356493 -13 1701 1 0 1
9.79995 5.88338 325.556 2.27637 1.30924 70.7477 2.5895 -13 1702 1 0 1
30.5007 -8.82581 325.556 7.56189 -1.70934 68.5329 2.06459 -13 1703 1 0 1
-31.4707 -46.0682 325.556 -6.35779 -5.93705 54.2837 1.26363 -13 1704 1 0 1
-44.7533 -1.05702 325.556 -12.2556 0.215537 72.6023 0.828031 -13 1705 1 0 1
-35.8592 -63.9754 325.556 -10.6045 -13.578 76.8702 1.66893 -13 1706 1 0 1
15.2845 -41.4549 325.556 3.32632 -5.48872 54.735 1.02801 -13 1707 1 0 1
-37.7507 34.9268 325.556 -9.88634 6.56915 69.4843 1.32657 -13 1708 1 0 1
-17.8076 26.3262 325.556 -3.96249 4.21729 60.4167 0.813569 -13 1709 1 0 1
34.7301 91.8745 325.556 5.82859 8.23412 39.6723 2.38651 -13 1710 1 0 1
42.1323 42.9852 325.556 9.8313 6.95198 62.1293 1.84052 -13 1711 1 0 1
58.0383 -52.2878 325.556 10.6374 -5.32762 44.8967 3.36961 -13 1712 1 0 1
-19.8407 -33.7147 325.556 -4.04388 -4.59652 56.94 2.92539 -13 1713 1 0 1
-15.7107 26.4521 325.556 -4.53804 5.26005 73.8887 1.34989 -13 1714 1 0 1
31.5063 -36.4115 325.556 7.41607 -6.55301 62.8068 1.67196 -13 1715 1 0 1
-19.7693 31.5999 325.556 -4.14991 4.52397 57.1974 4.82777 -13 1716 1 0 1
44.1836 -21.2051 325.556 8.41735 -2.30671 47.8974 3.87626 -13 1717 1 0 1
64.1079 -26.1118 325.556 16.21 -5.11861 70.148 1.09932 -13 1718 1 0 1
-10.7079 -20.0992 325.556 -3.11275 -3.87482 71.0892 1.28591 -13 1719 1 0 1
-25.7061 14.4167 325.556 -6.65538 2.83624 69.0811 1.32463 -13 1720 1 0 1
59.9599 29.0114 325.556 15.0838 5.42261 69.5735 2.15825 -13 1721 1 0 1
49.5796 6.14263 325.556 12.2965 0.917438 68.1798 2.11129 -13 1722 1 0 1
42.2219 8.28359 325.556 11.2199 1.57684 76.504 0.0165347 -13 1723 1 0 1
-9.52641 -52.1811 325.556 -1.66503 -6.53845 52.3711 2.99033 -13 1724 1 0 1
90.4448 -19.7016 325.556 20.217 -2.59236 58.3774 2.56252 -13 1725 1 0 1
1.81969 -50.7669 325.556 0.574322 -6.48807 52.3276 3.18918 -13 1726 1 0 1
45.5225 4.58617 325.556 11.4056 0.82156 69.5261 3.48847 -13 1727 1 0 1
-24.699 31.2862 325.556 -5.60347 5.09481 61.5502 3.4686 -13 1728 1 0 1
-61.1396 44.1719 325.556 -13.5693 7.00694 58.8553 4.22478 -13 1729 1 0 1
39.5161 -14.5833 325.556 7.93394 -1.90569 50.2476 1.74126 -13 1731 1 0 1
-16.3038 28.5911 325.556 -4.2913 5.35417 68.9217 2.57257 -13 1732 1 0 1
26.6679 -5.36934 325.556 6.1295 -0.923652 61.282 0.696649 -13 1733 1 0 1
2.00802 -19.2215 325.556 0.188958 -3.54658 74.6915 -0.594936 -13 1734 1 0 1
18.565 -2.37023 325.556 4.36569 -1.01312 61.4012 0.599009 -13 1735 1 0 1
-26.4236 20.6702 325.556 -6.81834 3.46703 67.9782 1.24523 -13 1736 1 0 1
2.57623 -1.12842 325.556 0.73514 -0.500131 48.7449 2.04235 -13 1737 1 0 1
52.7885 41.6926 325.556 11.7522 6.13356 58.2909 0.702109 -13 1738 1 0 1
4.74881 13.9085 325.556 1.03685 1.2745 43.0779 3.84562 -13 1739 1 0 1
48.7335 -29.9943 325.556 12.1376 -5.78743 69.404 1.14005 -13 1740 1 0 1
-8.5413 -33.1584 325.556 -2.15204 -6.41749 65.2873 2.76773 -13 1741 1 0 1
-42.0553 -26.5254 325.556 -8.48329 -3.25999 53.8106 3.37606 -13 1742 1 0 1
44.7287 61.2308 325.556 10.7211 10.4404 65.4033 2.97131 -13 1743 1 0 1
101.271 -14.6323 325.556 21.6631 -2.39818 55.483 1.44208 -13 1744 1 0 1
-8.37118 20.9647 325.556 -2.35299 3.73475 69.3551 4.18184 -13 1745 1 0 1
-1.80601 -34.1674 325.556 -0.700242 -6.84506 70.9068 1.21807 -13 1746 1 0 1
18.6796 20.3617 325.556 3.98484 2.7279 50.8316 0.766812 -13 1747 1 0 1
-2.26099 -6.84507 325.556 -0.965119 -1.64557 73.868 2.43251 -13 1749 1 0 1
25.154 16.362 325.556 6.26256 2.55506 66.4141 1.98151 -13 1750 1 0 1
36.4468 82.4449 325.556 8.95989 14.7397 68.0416 3.69585 -13 1751 1 0 1
-2.65784 2.93808 325.556 -0.26613 0.0378587 45.5931 3.33349 -13 1753 1 0 1
28.1342 -11.3563 325.556 7.11916 -2.06697 71.9734 2.08424 -13 1754 1 0 1
-3.19279 -17.906 325.556 -0.750958 -2.42411 64.2515 4.22825 -13 1755 1 0 1
90.8774 21.7304 325.556 20.6473 3.63117 59.4769 0.608517 -13 1756 1 0 1
9.66478 -13.8411 325.556 2.25523 -2.88092 69.2952 2.10088 -13 1757 1 0 1
-9.01317 -11.3253 325.556 -1.85154 -1.65131 58.8975 0.686245 -13 1758 1 0 1
48.9154 -19.2887 325.556 9.23035 -2.05891 47.3161 0.318917 -13 1759 1 0 1
-98.5593 9.3745 325.556 -24.5556 0.927004 65.6329 1.79846 -13 1760 1 0 1
112.752 -4.68365 325.556 21.5201 -0.387452 47.6479 0.76757 -13 1761 1 0 1
4.53777 -50.2213 325.556 0.553354 -11.047 78.9952 2.59749 -13 1762 1 0 1
-46.7741 79.1611 325.556 -10.2708 11.9011 58.6845 3.67076 -13 1763 1 0 1
-45.8476 11.5047 325.556 -9.00794 1.76901 52.506 1.87637 -13 1764 1 0 1
-54.6142 -67.4946 325.556 -11.0634 -8.91522 53.5788 2.61898 -13 1765 1 0 1
-92.8221 40.8657 325.556 -24.9829 7.78861 71.3683 5.00611 -13 1766 1 0 1
-33.3575 43.6926 325.556 -8.25849 7.63793 65.9757 0.97833 -13 1767 1 0 1
50.6596 -30.8763 325.556 13.0219 -6.22923 72.9507 1.35841 -13 1768 1 0 1
-66.0946 -10.4079 325.556 -15.9137 -1.50682 64.1577 3.17749 -13 1770 1 0 1
15.8557 41.7047 325.556 3.79166 7.0142 62.5447 2.49649 -13 1771 1 0 1
-49.0003 -5.4435 325.556 -13.4699 -1.32239 72.89 2.26869 -13 1772 1 0 1
-64.0722 -32.6045 325.556 -5.69857 -0.278003 18.121 3.29447 -13 1773 1 0 1
-35.4668 -23.2604 325.556 -10.1844 -4.95796 75.0448 2.53969 -13 1774 1 0 1
-5.18219 25.3184 325.556 -0.794518 3.44088 49.7713 2.9237 -13 1775 1 0 1
34.7685 -37.1163 325.556 8.93466 -7.37622 73.8935 2.20785 -13 1776 1 0 1
19.141 49.2189 325.556 4.27427 7.34795 57.624 1.29669 -13 1777 1 0 1
14.6186 -14.0536 325.556 2.79483 -1.1672 45.4875 4.89251 -13 1779 1 0 1
21.2174 7.39631 325.556 5.30019 1.04806 75.1967 1.53901 -13 1780 1 0 1
36.0409 -68.5347 325.556 6.79016 -7.27908 46.9008 3.71849 -13 1781 1 0 1
15.1379 -23.5675 325.556 2.57743 -2.41798 38.5203 4.86959 -13 1782 1 0 1
13.2252 32.192 325.556 2.98306 4.00291 59.2225 3.071 -13 1783 1 0 1
-51.0699 50.3588 325.556 -10.0207 6.49272 51.7607 1.7183 -13 1784 1 0 1
44.9701 20.4701 325.556 9.33389 2.65932 52.6101 3.26991 -13 1785 1 0 1
64.8928 -55.4299 325.556 14.2489 -8.17871 57.7199 2.43837 -13 1786 1 0 1
0.201488 15.7178 325.556 0.0453848 2.29865 60.0172 3.71709 -13 1787 1 0 1
16.6794 -7.75928 325.556 3.7777 -1.32014 58.4732 2.18087 -13 1788 1 0 1
48.7038 -26.5505 325.556 10.4507 -3.15548 55.4179 2.3207 -13 1789 1 0 1
28.9359 -19.5135 325.556 7.54884 -4.75598 77.4331 0.678701 -13 1790 1 0 1
-34.9887 -34.5235 325.556 -10.7118 -7.47443 76.4093 0.716857 -13 1791 1 0 1
-21.1938 10.6471 325.556 -4.66975 1.84758 59.9114 2.74105 -13 1792 1 0 1
-39.3958 33.0658 325.556 -10.4606 5.85053 70.3961 2.45954 -13 1793 1 0 1
-33.0326 -22.6096 325.556 -9.1319 -4.34875 72.7014 1.77893 -13 1794 1 0 1
-36.986 7.39122 325.556 -9.57799 2.28388 69.4463 1.04203 -13 1795 1 0 1
-17.8584 6.60681 325.556 -4.25928 1.04624 64.665 1.83838 -13 1796 1 0 1
-23.0871 24.4552 325.556 -7.19352 5.9292 78.4057 2.27291 -13 1797 1 0 1
-4.98744 15.0708 325.556 -1.85654 2.91101 75.6195 1.88029 -13 1798 1 0 1
19.1096 14.6964 325.556 4.66664 2.79698 68.0433 2.90207 -13 1799 1 0 1
-7.27294 -41.261 325.556 -1.52908 -6.8585 59.6101 2.72939 -13 1800 1 0 1
-57.6997 6.49034 325.556 -17.3954 0.787984 78.1475 0.666313 -13 1801 1 0 1
7.63281 22.7511 325.556 1.7765 4.3693 68.8761 2.7999 -13 1802 1 0 1
85.8317 -35.1873 325.556 19.1882 -5.15354 58.6326 2.99591 -13 1803 1 0 1
-9.31527 10.8161 325.556 -0.88503 0.604859 29.0028 4.48103 -13 1804 1 0 1
12.1547 52.9852 325.556 2.81798 8.60184 65.8683 1.91761 -13 1805 1 0 1
-9.04023 19.322 325.556 -2.37371 3.48616 68.0034 3.23404 -13 1806 1 0 1
23.3201 -4.49511 325.556 5.76945 0.0825945 70.556 2.72228 -13 1807 1 0 1
-11.1789 -38.2315 325.556 -2.68109 -6.38668 63.4478 4.04614 -13 1808 1 0 1
-10.7295 -27.4796 325.556 -2.69505 -4.2313 66.0328 2.48242 -13 1809 1 0 1
50.7988 -6.24573 325.556 10.4886 -1.00821 53.2869 2.08903 -13 1810 1 0 1
-28.3318 29.478 325.556 -6.84086 4.94658 64.57 1.0265 -13 1811 1 0 1
7.74131 -35.2313 325.556 1.79356 -4.46448 57.1645 3.16352 -13 1812 1 0 1
25.6062 13.9094 325.556 5.92695 1.91619 62.1305 3.33149 -13 1813 1 0 1
11.2635 59.1301 325.556 2.69136 10.5397 66.3238 1.30497 -13 1814 1 0 1
-17.413 19.0119 325.556 -4.24069 2.78842 66.0478 1.02698 -13 1815 1 0 1
54.6682 24.7547 325.556 13.2674 4.5113 66.3896 1.57839 -13 1816 1 0 1
-16.6281 -72.1765 325.556 -4.11487 -12.0898 65.4104 3.13016 -13 1817 1 0 1
-9.83911 9.98251 325.556 -2.08859 1.44785 60.0239 4.00941 -13 1818 1 0 1
41.5224 19.1365 325.556 6.78066 1.82862 38.233 3.12533 -13 1819 1 0 1
-44.0695 -75.0266 325.556 -8.814 -9.59735 52.6702 3.13268 -13 1820 1 0 1
23.949 -102.455 325.556 5.64279 -15.614 63.0346 1.76415 -13 1821 1 0 1
20.6464 50.016 325.556 4.97095 8.79434 68.1327 2.11641 -13 1823 1 0 1
-31.9484 12.7996 325.556 -8.9039 2.24888 73.0306 1.76002 -13 1824 1 0 1
-17.736 -9.47257 325.556 -6.10378 -2.0813 79.6191 1.44998 -13 1825 1 0 1
-12.3904 31.6639 325.556 -3.35099 5.8792 70.3394 0.748333 -13 1826 1 0 1
114.429 -29.396 325.556 21.9673 -3.24027 48.1213 2.03779 -13 1827 1 0 1
-44.3749 -35.273 325.556 -9.71364 -5.28238 58.6363 2.38126 -13 1828 1 0 1
-36.5104 -52.9571 325.556 -7.86978 -7.34185 57.4121 2.60699 -13 1829 1 0 1
-10.7978 -18.7703 325.556 -3.02359 -3.42864 69.2132 1.62738 -13 1830 1 0 1
46.2056 75.6521 325.556 11.1359 12.5405 65.7369 2.06166 -13 1831 1 0 1
-29.6672 6.242 325.556 -7.11464 0.893642 64.8436 3.1692 -13 1832 1 0 1
24.0019 66.3587 325.556 5.7342 11.8594 66.1827 0.487309 -13 1833 1 0 1
-12.9848 21.0169 325.556 -3.21347 3.66594 65.9468 4.70627 -13 1834 1 0 1
12.427 8.53824 325.556 2.69888 1.31957 53.9653 3.5676 -13 1835 1 0 1
3.71831 45.0275 325.556 0.761154 8.13361 67.6518 3.67606 -13 1836 1 0 1
-75.6251 -5.82791 325.556 -19.2987 -1.42705 67.9882 1.79573 -13 1837 1 0 1
65.6836 -2.21488 325.556 14.0754 -0.11547 55.8809 0.308315 -13 1838 1 0 1
-64.6094 16.2503 325.556 -17.7902 2.40125 73.0528 2.81926 -13 1839 1 0 1
-92.3937 27.2694 325.556 -11.4285 1.66284 28.2514 2.38232 -13 1840 1 0 1
-14.8041 37.9701 325.556 -3.79933 7.34307 65.9818 -0.606868 -13 1841 1 0 1
-20.3771 36.3186 325.556 -5.07088 7.09797 66.7221 2.60064 -13 1842 1 0 1
7.78525 -11.5293 325.556 1.67086 -2.59592 74.427 1.89053 -13 1843 1 0 1
-18.558 -15.9879 325.556 -4.13858 -2.96844 60.3537 3.25331 -13 1844 1 0 1
38.1058 -2.44917 325.556 7.43728 -0.491332 48.2091 2.90756 -13 1845 1 0 1
-70.2744 15.2065 325.556 -17.4796 2.80742 66.1811 3.8596 -13 1846 1 0 1
-38.5025 7.89797 325.556 -11.2022 1.36198 76.2293 0.452069 -13 1847 1 0 1
65.8334 39.6275 325.556 13.7334 5.56547 53.7578 3.31345 -13 1848 1 0 1
-42.1535 35.6224 325.556 -11.0156 6.61965 69.481 3.07603 -13 1849 1 0 1
14.4324 -16.4688 325.556 3.44581 -2.76532 62.1368 2.88041 -13 1850 1 0 1
12.6103 35.5213 325.556 2.78235 4.6093 53.5229 4.60801 -13 1851 1 0 1
26.5756 13.5305 325.556 6.86352 2.89305 76.736 2.25125 -13 1852 1 0 1
0.0512684 39.6244 325.556 -0.0347227 6.74192 65.899 2.52326 -13 1853 1 0 1
22.1305 -81.1404 325.556 3.72288 -6.51302 38.4114 1.57783 -13 1854 1 0 1
1.51993 8.49785 325.556 0.440486 1.21866 60.0661 4.17076 -13 1856 1 0 1
31.9275 3.43002 325.556 6.70267 0.0623728 52.9739 2.54197 -13 1857 1 0 1
64.4219 21.7552 325.556 12.7046 2.44446 49.0299 3.9225 -13 1858 1 0 1
51.5448 10.0742 325.556 13.3139 2.17269 72.5673 2.95437 -13 1859 1 0 1
-29.5184 -63.6881 325.556 -5.15846 -7.17828 46.7454 2.61802 -13 1860 1 0 1
-26.5362 -12.7534 325.556 -3.01946 -0.813679 27.8431 4.42386 -13 1861 1 0 1
18.7878 -18.5324 325.556 4.01586 -2.835 51.3414 0.215097 -13 1862 1 0 1
-72.7146 -35.8332 325.556 -18.0818 -6.07536 66.1962 2.74466 -13 1864 1 0 1
-21.3176 19.3245 325.556 -6.5185 4.36048 77.3847 2.5895 -13 1865 1 0 1
21.1299 -18.8604 325.556 4.88642 -3.31783 61.5769 1.93608 -13 1866 1 0 1
-77.6897 -26.2681 325.556 -17.7399 -4.19382 60.2688 2.7256 -13 1867 1 0 1
-88.4706 23.1359 325.556 -24.9696 4.15966 74.2536 2.39891 -13 1868 1 0 1
-69.1825 38.0317 325.556 -10.5364 3.24547 37.3317 3.52125 -13 1869 1 0 1
2.79689 23.64 325.556 0.656712 4.26234 65.2913 2.97768 -13 1870 1 0 1
-63.592 -3.05526 325.556 -14.4384 -0.0680484 60.5998 3.08209 -13 1871 1 0 1
60.8533 11.7245 325.556 13.6096 1.80492 59.0292 2.16396 -13 1872 1 0 1
-82.8439 -6.65731 325.556 -22.2571 -1.14932 71.3094 2.49424 -13 1873 1 0 1
74.2075 -15.3693 325.556 19.9103 -3.37625 75.6006 -0.407438 -13 1874 1 0 1
24.6598 10.2752 325.556 5.68207 1.02001 60.4925 4.5275 -13 1875 1 0 1
-26.4346 -23.5946 325.556 -6.47228 -3.49753 65.5048 2.24146 -13 1876 1 0 1
-27.7233 -16.4494 325.556 -7.47126 -3.31374 70.5077 3.42128 -13 1877 1 0 1
44.0733 -44.3364 325.556 10.7734 -8.14896 66.8568 1.67813 -13 1878 1 0 1
58.3019 -30.2845 325.556 13.8553 -4.79655 64.2701 0.946594 -13 1879 1 0 1
-13.8036 -10.1328 325.556 -3.41715 -1.62171 65.3248 3.53899 -13 1880 1 0 1
-33.877 -12.66 325.556 -5.77184 -1.43852 45.3866 2.93619 -13 1881 1 0 1
-19.3793 1.87197 325.556 -4.29407 0.407973 60.1872 1.85529 -13 1882 1 0 1
-38.6269 33.0373 325.556 -10.0574 6.48268 69.4066 2.08523 -13 1883 1 0 1
-60.8958 -12.7438 325.556 -15.7846 -2.1697 69.2752 1.75378 -13 1884 1 0 1
53.2524 -30.7864 325.556 9.89201 -3.68439 46.0617 2.50225 -13 1885 1 0 1
18.2769 -21.3367 325.556 4.52475 -3.745 68.7994 3.34119 -13 1886 1 0 1
-40.0622 -26.2677 325.556 -9.09319 -4.74383 61.6273 1.11384 -13 1888 1 0 1
-50.3172 31.2074 325.556 -8.35112 3.42965 42.3995 1.39795 -13 1889 1 0 1
85.9466 -29.0411 325.556 20.236 -4.97994 62.9255 0.989954 -13 1890 1 0 1
74.7282 16.0625 325.556 8.78789 0.817069 25.7708 4.02364 -13 1891 1 0 1
2.19297 10.1981 325.556 0.67997 1.22131 51.514 1.32934 -13 1892 1 0 1
-63.1203 -26.7745 325.556 -15.7288 -4.43901 66.6727 2.70184 -13 1893 1 0 1
-68.8019 12.6802 325.556 -17.5739 2.55476 67.9205 1.88038 -13 1894 1 0 1
7.65088 -26.5631 325.556 1.75276 -4.36792 67.2745 1.97832 -13 1896 1 0 1
-33.8147 -11.6461 325.556 -7.72115 -1.61381 61.5748 3.19462 -13 1897 1 0 1
-10.105 45.9773 325.556 -2.2834 7.62182 61.5945 2.76516 -13 1898 1 0 1
-32.2274 -21.7551 325.556 -7.82256 -3.59441 64.8577 1.47156 -13 1899 1 0 1
-46.887 -45.8767 325.556 -10.165 -6.57509 57.802 1.49893 -13 1900 1 0 1
120.687 1.42244 325.556 23.0347 0.323534 47.4675 3.97789 -13 1901 1 0 1
6.99921 1.12357 325.556 1.67288 0.134883 66.0229 0.566319 -13 1902 1 0 1
96.0688 -1.5766 325.556 19.7278 -0.293559 52.5497 3.12851 -13 1903 1 0 1
-22.5404 21.4683 325.556 -5.33485 3.66387 63.9504 2.24167 -13 1904 1 0 1
-58.36 10.1366 325.556 -16.4832 1.71738 74.9972 1.46517 -13 1905 1 0 1
12.6982 48.4564 325.556 3.01824 8.33514 66.4845 1.67713 -13 1906 1 0 1
-6.81358 61.8871 325.556 -1.56914 10.2179 63.6609 3.77292 -13 1907 1 0 1
-20.04 -19.7025 325.556 -5.11936 -3.90102 68.8173 1.17786 -13 1908 1 0 1
101.316 14.8516 325.556 21.76 1.7507 55.4948 4.96654 -13 1909 1 0 1
10.51 15.2934 325.556 2.3927 2.13202 66.6362 0.781591 -13 1910 1 0 1
-28.9603 -7.29409 325.556 -7.94202 -0.829284 72.3884 -0.519823 -13 1911 1 0 1
-30.785 11.9296 325.556 -8.15766 2.52799 69.1855 2.16181 -13 1912 1 0 1
35.3431 -42.184 325.556 9.2635 -8.01631 75.8799 0.0335348 -13 1913 1 0 1
-47.7894 60.1105 325.556 -11.5515 9.87913 63.9654 1.85879 -13 1914 1 0 1
-20.5485 -13.3093 325.556 -5.19873 -1.97003 66.8953 1.84802 -13 1916 1 0 1
60.0913 10.1561 325.556 14.2292 1.79385 64.0247 1.70781 -13 1917 1 0 1
-17.1848 -9.96433 325.556 -4.39629 -2.39185 67.2152 1.00851 -13 1918 1 0 1
-0.440687 -29.434 325.556 0.105395 -4.02153 52.5622 0.781694 -13 1919 1 0 1
18.5693 72.9346 325.556 4.23563 10.6969 60.3829 0.637254 -13 1920 1 0 1
-0.0626572 4.12141 325.556 -1.04926 1.26961 80.128 3.00144 -13 1921 1 0 1
-52.3762 18.9655 325.556 -14.3754 3.80962 72.4348 3.20121 -13 1922 1 0 1
-90.1333 -31.9191 325.556 -18.5896 -4.51645 53.6915 3.68121 -13 1923 1 0 1
0.666694 29.5107 325.556 0.134765 5.14919 65.2387 3.75854 -13 1924 1 0 1
-73.1161 -59.7599 325.556 -11.1947 -5.17555 37.7838 2.22564 -13 1926 1 0 1
21.0012 -80.3463 325.556 4.54306 -11.3557 55.5496 2.98637 -13 1927 1 0 1
37.3189 -24.3297 325.556 5.90058 -1.93025 37.0993 1.6672 -13 1928 1 0 1
-56.1259 1.82538 325.556 -16.4344 0.935394 77.2994 1.88461 -13 1929 1 0 1
-18.1375 60.3603 325.556 -5.10078 11.7334 71.3042 4.1365 -13 1930 1 0 1
5.28036 55.2105 325.556 1.1949 9.00422 64.8147 -0.625264 -13 1931 1 0 1
34.4233 -40.9834 325.556 8.57222 -7.3568 69.6108 1.54964 -13 1932 1 0 1
81.1063 1.42661 325.556 21.8529 0.616566 75.9555 2.78436 -13 1933 1 0 1
-40.255 9.61402 325.556 -7.45993 1.29381 48.4412 2.06964 -13 1934 1 0 1
49.3597 -8.87201 325.556 11.7334 -1.4216 63.285 2.09231 -13 1935 1 0 1
75.3436 11.7767 325.556 15.8504 1.38718 54.3963 0.925811 -13 1936 1 0 1
15.9319 -48.9049 325.556 3.7098 -8.34007 59.9035 0.747645 -13 1937 1 0 1
105.56 -43.0922 325.556 26.1765 -7.32844 66.7887 2.28322 -13 1939 1 0 1
-67.866 -21.0099 325.556 -15.9392 -3.53464 62.5802 0.924007 -13 1941 1 0 1
-10.0238 38.4818 325.556 -3.03396 7.46246 72.9898 3.38133 -13 1942 1 0 1
-13.1908 34.8719 325.556 -3.44752 5.96844 67.7254 2.6043 -13 1943 1 0 1
67.0048 58.3389 325.556 15.6633 9.69612 62.6388 1.32834 -13 1944 1 0 1
21.3908 9.47202 325.556 5.14407 1.75482 65.451 1.02855 -13 1945 1 0 1
-21.1636 18.5863 325.556 -5.01113 2.97737 63.0506 1.72201 -13 1946 1 0 1
14.1568 21.3119 325.556 3.40973 2.86411 61.6515 2.48791 -13 1947 1 0 1
-9.10111 55.2105 325.556 -2.70263 10.5023 71.5102 2.17006 -13 1948 1 0 1
-35.7592 14.172 325.556 -7.84286 2.05813 59.3128 2.03781 -13 1950 1 0 1
34.8364 14.2874 325.556 8.11059 2.15419 61.7723 2.57716 -13 1951 1 0 1
53.8985 0.0547069 325.556 12.0184 -0.267671 58.0905 0.584256 -13 1952 1 0 1
106.453 -17.3967 325.556 22.0425 -2.2872 52.9348 1.296 -13 1953 1 0 1
25.5559 -3.04514 325.556 6.13153 -0.357415 65.648 0.165259 -13 1954 1 0 1
-92.6215 -37.6562 325.556 -19.1058 -4.8684 53.5343 2.25636 -13 1955 1 0 1
-45.5743 -27.6216 325.556 -9.28862 -3.58807 53.5283 1.90985 -13 1956 1 0 1
-66.0142 53.9234 325.556 -11.6284 5.97765 45.2023 2.58634 -13 1957 1 0 1
8.30954 -11.86 325.556 1.98325 -2.39061 67.6047 -0.698857 -13 1958 1 0 1
4.76339 13.6038 325.556 0.942842 1.24252 37.6322 2.65507 -13 1959 1 0 1
36.3668 -40.8835 325.556 8.87169 -6.95677 67.1558 0.28938 -13 1960 1 0 1
-39.9776 3.2459 325.556 -8.26472 0.304997 55.4603 0.121109 -13 1961 1 0 1
7.79248 -26.4224 325.556 1.30666 -1.36795 33.4161 5.08828 -13 1962 1 0 1
24.9119 -5.41692 325.556 5.84077 -1.11064 78.2384 0.318386 -13 1963 1 0 1
58.5747 -52.9149 325.556 11.4307 -6.11765 49.2043 1.14904 -13 1964 1 0 1
-23.6001 -70.2244 325.556 -5.77648 -12.0838 64.4893 2.7469 -13 1965 1 0 1
37.2605 0.355557 325.556 7.01547 0.021595 46.1873 2.56615 -13 1966 1 0 1
26.9148 -19.1828 325.556 6.64575 -3.62359 68.2056 2.2009 -13 1967 1 0 1
-50.4672 71.7587 325.556 -13.1242 13.4121 69.1047 2.60425 -13 1968 1 0 1
42.8585 -10.7162 325.556 10.9842 -3.71395 72.2584 1.00777 -13 1969 1 0 1
-6.48552 -18.3582 325.556 -1.66854 -3.35231 66.1146 2.20499 -13 1970 1 0 1
-8.22021 54.6521 325.556 -2.3252 10.4304 70.1786 2.61907 -13 1971 1 0 1
15.6554 30.2795 325.556 3.27438 4.04749 52.2498 2.33016 -13 1972 1 0 1
-32.4974 3.68843 325.556 -8.7234 0.532804 71.1407 3.36749 -13 1973 1 0 1
53.9362 -22.1414 325.556 11.5222 -3.77961 55.1674 3.81637 -13 1974 1 0 1
-7.60864 -23.3268 325.556 -2.0938 -3.80476 69.5667 1.40364 -13 1975 1 0 1
14.0766 44.5074 325.556 3.34477 7.53106 64.5613 0.543592 -13 1976 1 0 1
-42.524 -40.3173 325.556 -9.81214 -5.66004 61.5013 1.63573 -13 1977 1 0 1
43.7425 -56.0948 325.556 10.2215 -8.20453 61.7934 0.278854 -13 1978 1 0 1
-83.6039 -40.9178 325.556 -23.8749 -8.16205 75.3699 3.84253 -13 1979 1 0 1
-41.0576 -75.2189 325.556 -10.6956 -14.4954 68.909 3.50979 -13 1980 1 0 1
-34.4307 9.45039 325.556 -10.4225 1.33044 78.4237 1.22709 -13 1981 1 0 1
-41.305 17.1534 325.556 -8.03572 1.92003 51.692 1.36377 -13 1982 1 0 1
83.5 2.06239 325.556 19.1087 0.610901 60.593 0.605042 -13 1983 1 0 1
27.3571 -61.4285 325.556 6.16999 -9.03755 59.3238 2.1565 -13 1984 1 0 1
21.9261 -28.5526 325.556 5.42117 -5.85569 79.1426 0.885296 -13 1985 1 0 1
-30.8608 -30.4672 325.556 -8.94448 -6.34129 75.2519 0.904541 -13 1986 1 0 1
13.2406 -31.5618 325.556 3.08306 -5.1615 59.2905 2.64322 -13 1987 1 0 1
97.6282 56.9693 325.556 21.1264 8.18581 55.8607 2.85364 -13 1988 1 0 1
11.9455 5.86521 325.556 2.72473 0.14555 62.8411 1.62153 -13 1990 1 0 1
-66.3908 -12.3005 325.556 -14.6454 -1.99933 58.2498 3.07587 -13 1991 1 0 1
52.8897 -2.4448 325.556 11.6582 -0.48698 57.733 2.59624 -13 1992 1 0 1
56.8138 33.5971 325.556 10.2772 4.37415 44.9898 2.53346 -13 1993 1 0 1
-27.3334 16.5298 325.556 -5.34393 2.33697 53.8283 3.17107 -13 1995 1 0 1
15.7378 17.9233 325.556 3.57773 2.505 54.3713 0.618776 -13 1996 1 0 1
-57.1209 -33.302 325.556 -10.6211 -3.36405 48.4463 0.053491 -13 1997 1 0 1
72.0804 -20.5018 325.556 9.10485 -0.841545 28.0212 5.30797 -13 1998 1 0 1
-25.4076 -19.38 325.556 -5.91706 -3.48077 62.1636 0.669148 -13 1999 1 0 1
-6.02754 39.4072 325.556 -1.77981 7.29748 69.3641 2.06672 -13 2000 1 0 1
-31.0424 -36.4649 325.556 -8.0697 -6.5309 69.0244 2.50803 -13 2001 1 0 1
-8.63273 -32.6973 325.556 -2.58019 -5.83104 72.3705 0.324268 -13 2002 1 0 1
58.9892 6.59642 325.556 10.2285 0.731938 42.7331 2.94652 -13 2003 1 0 1
6.92584 -40.4018 325.556 1.65664 -6.76057 63.8808 1.08115 -13 2004 1 0 1
73.0732 -0.616633 325.556 10.3308 0.1506 32.2628 5.24864 -13 2005 1 0 1
-32.588 5.02527 325.556 -7.45516 1.12359 61.8343 0.529361 -13 2006 1 0 1
3.02958 -4.20647 325.556 0.719349 -0.860894 65.8365 2.16793 -13 2007 1 0 1
16.8692 3.17384 325.556 4.09635 0.751453 69.2514 2.99194 -13 2008 1 0 1
38.3459 -41.1118 325.556 8.07228 -5.87483 54.0956 1.07609 -13 2009 1 0 1
-8.22259 54.3162 325.556 -2.14373 9.424 66.042 2.46563 -13 2010 1 0 1
-28.8978 4.98633 325.556 -7.26399 0.199856 66.7431 0.353029 -13 2011 1 0 1
8.35673 -28.9145 325.556 1.87672 -5.22572 69.5003 3.29714 -13 2012 1 0 1
27.401 37.1056 325.556 6.54373 6.4554 66.5167 2.0654 -13 2013 1 0 1
45.5672 54.1605 325.556 8.23659 5.534 44.4396 3.36253 -13 2014 1 0 1
18.0181 48.0165 325.556 4.31613 8.49343 70.6202 3.50157 -13 2018 1 0 1
-9.5817 -1.47493 325.556 -2.29795 -0.344431 62.8075 2.01402 -13 2019 1 0 1
6.15562 25.8906 325.556 1.13548 5.34732 76.9024 -0.316789 -13 2020 1 0 1
68.689 3.39385 325.556 16.3362 0.687936 63.8809 1.56293 -13 2021 1 0 1
1.0961 0.372125 325.556 0.424628 -0.487997 62.5663 0.805729 -13 2023 1 0 1
-39.2644 23.3833 325.556 -9.99116 3.39564 68.0951 0.925027 -13 2024 1 0 1
-6.87387 36.4364 325.556 -1.4289 4.74286 57.2687 2.56229 -13 2025 1 0 1
-67.083 -20.6387 325.556 -15.7793 -3.15744 62.5631 3.679 -13 2026 1 0 1
23.6153 -3.35073 325.556 2.84942 0.0390016 25.1155 6.38948 -13 2027 1 0 1
22.5468 3.24314 325.556 5.72079 0.661022 73.7334 2.62967 -13 2028 1 0 1
-25.6441 15.251 325.556 -6.7897 2.99675 69.5489 2.90353 -13 2029 1 0 1
-76.6534 -26.6341 325.556 -16.7238 -3.76425 57.5925 2.61051 -13 2030 1 0 1
-37.9216 27.439 325.556 -11.1288 5.73477 77.4417 0.897194 -13 2031 1 0 1
23.848 -11.9341 325.556 5.97654 -2.36442 71.7139 3.20236 -13 2032 1 0 1
-3.70891 -4.58256 325.556 -1.03198 -0.530282 66.1307 -0.34179 -13 2033 1 0 1
-13.057 -29.4458 325.556 -2.89231 -4.2491 60.4921 2.95651 -13 2034 1 0 1
18.6421 20.2553 325.556 3.96119 2.61317 53.096 3.56672 -13 2035 1 0 1
-27.1144 -3.55951 325.556 -8.04786 -1.38319 76.5897 0.889416 -13 2036 1 0 1
-60.569 -56.4787 325.556 -14.426 -9.16099 63.5598 1.11396 -13 2037 1 0 1
87.9159 -18.7105 325.556 17.998 -2.7097 52.4863 2.49278 -13 2038 1 0 1
-17.4172 33.6003 325.556 -4.44653 6.0101 67.154 2.33108 -13 2039 1 0 1
-19.6687 17.616 325.556 -6.43452 4.08718 80.3789 3.33062 -13 2040 1 0 1
12.2304 13.7352 325.556 2.70545 2.04124 54.0798 1.77435 -13 2041 1 0 1
-62.3269 81.6781 325.556 -12.9838 10.8171 54.9301 1.76695 -13 2042 1 0 1
106.7 -7.33838 325.556 23.9227 -1.157 59.1266 2.82598 -13 2043 1 0 1
-39.8405 -22.6745 325.556 -7.75335 -2.52807 52.0419 0.292603 -13 2044 1 0 1
-5.26728 -27.8249 325.556 -1.62155 -5.77165 71.8374 2.88597 -13 2045 1 0 1
-9.03785 7.47549 325.556 -2.366 0.981371 67.8419 2.8204 -13 2046 1 0 1
-66.9384 -47.834 325.556 -17.4674 -8.60585 69.2982 1.66756 -13 2047 1 0 1
-35.4587 7.48142 325.556 -9.93482 1.28235 73.6158 2.58732 -13 2048 1 0 1
24.1412 77.4837 325.556 5.7491 13.2318 66.1573 1.47473 -13 2049 1 0 1
-36.8053 -86.402 325.556 -9.32466 -15.1767 67.6311 2.85357 -13 2050 1 0 1
28.4581 14.8396 325.556 3.92416 0.993566 30.4182 3.81607 -13 2052 1 0 1
76.744 22.0735 325.556 18.074 3.49947 63.0647 1.42501 -13 2053 1 0 1
21.2614 46.059 325.556 4.6455 6.49603 56.0348 1.00696 -13 2054 1 0 1
14.879 -66.266 325.556 3.35838 -9.77293 57.8347 3.91005 -13 2055 1 0 1
-59.0728 8.33982 325.556 -14.1622 1.46896 63.7251 0.937772 -13 2056 1 0 1
16.1427 4.21235 325.556 3.74171 0.838838 60.3842 4.2611 -13 2057 1 0 1
17.1513 -27.3115 325.556 3.92039 -4.26099 62.6824 0.671635 -13 2058 1 0 1
-31.8915 29.1469 325.556 -6.80838 3.86668 57.5192 -0.527094 -13 2059 1 0 1
-37.496 19.577 325.556 -10.2787 2.72186 71.9952 3.55773 -13 2060 1 0 1
37.9311 -12.5787 325.556 8.91938 -2.20191 63.4499 2.64508 -13 2061 1 0 1
28.1628 -3.87897 325.556 7.17187 -1.42328 72.5853 4.14598 -13 2062 1 0 1
16.619 -48.3381 325.556 2.86348 -3.55386 38.9635 1.30411 -13 2063 1 0 1
2.34076 -49.9148 325.556 0.551237 -9.213 64.826 1.9575 -13 2064 1 0 1
57.7448 36.6068 325.556 12.6524 5.2177 57.2847 0.45117 -13 2065 1 0 1
8.70999 11.944 325.556 1.98114 1.17421 56.3141 2.082 -13 2067 1 0 1
88.5009 -16.8534 325.556 20.7802 -3.23009 62.6579 0.844701 -13 2068 1 0 1
-48.3158 -11.7235 325.556 -10.4599 -1.73116 57.643 2.03591 -13 2069 1 0 1
-31.0964 -39.6617 325.556 -9.24539 -8.29828 76.7759 2.18055 -13 2070 1 0 1
-17.8921 12.2521 325.556 -3.35261 1.79577 51.7378 1.12508 -13 2071 1 0 1
-20.5367 -63.3453 325.556 -4.39009 -9.54973 57.8058 3.18721 -13 2073 1 0 1
12.9043 4.57408 325.556 3.14565 0.485315 70.9556 1.19771 -13 2074 1 0 1
-11.9517 -26.7192 325.556 -2.63463 -4.27602 59.3931 0.293936 -13 2075 1 0 1
-9.19311 -20.2163 325.556 -2.26176 -3.33767 65.2587 2.35625 -13 2076 1 0 1
37.9653 -19.7755 325.556 9.69768 -3.47278 71.8888 1.92866 -13 2077 1 0 1
64.8526 48.4163 325.556 15.1873 8.01678 62.8044 1.80951 -13 2078 1 0 1
3.00783 -19.3678 325.556 0.669123 -3.89424 63.3365 1.63133 -13 2079 1 0 1
-0.753774 7.86866 325.556 -0.383311 1.70872 69.3614 1.78225 -13 2080 1 0 1
-1.6383 21.2915 325.556 -0.677235 3.94497 72.0797 3.61236 -13 2081 1 0 1
4.09741 44.0821 325.556 1.04455 6.07362 55.6363 1.69643 -13 2082 1 0 1
63.3257 48.5289 325.556 14.9862 7.52394 63.4739 4.12295 -13 2083 1 0 1
14.0327 65.8391 325.556 3.18962 9.9485 59.9631 2.21146 -13 2085 1 0 1
7.33406 4.06262 325.556 1.69868 0.775092 68.1635 2.08648 -13 2086 1 0 1
17.1966 25.2439 325.556 4.04707 3.92877 62.364 2.38851 -13 2087 1 0 1
-67.675 -25.6888 325.556 -19.1551 -4.9351 74.827 1.03131 -13 2089 1 0 1
22.2238 -18.7716 325.556 3.90536 -1.65369 40.4711 2.0222 -13 2090 1 0 1
-13.2497 -5.06834 325.556 -3.49694 -0.850876 69.3411 0.0910982 -13 2091 1 0 1
-7.10474 100.451 325.556 -1.56148 15.222 60.3738 2.38779 -13 2092 1 0 1
88.4576 -64.1564 325.556 14.8135 -4.94831 40.5207 2.08291 -13 2093 1 0 1
-12.1063 -16.3041 325.556 -2.80926 -3.09768 61.7865 3.11197 -13 2094 1 0 1
6.73062 12.7081 325.556 1.41643 2.61503 74.8532 2.59465 -13 2095 1 0 1
39.1202 -14.809 325.556 8.709 -1.99883 58.1452 2.05829 -13 2096 1 0 1
0.59919 -4.01408 325.556 0.0977697 -0.192412 59.4921 1.72034 -13 2097 1 0 1
0.446709 79.0278 325.556 0.232992 10.5127 54.8774 1.94799 -13 2098 1 0 1
-64.1507 -4.27324 325.556 -14.9311 -0.473241 62.1644 1.59119 -13 2099 1 0 1
-47.0341 -57.905 325.556 -8.25163 -5.99153 45.9391 2.21209 -13 2100 1 0 1
54.3466 -53.5108 325.556 11.1413 -6.87827 52.2058 1.66536 -13 2101 1 0 1
-50.5633 -6.45028 325.556 -4.80452 -0.270724 20.3792 8.02141 -13 2102 1 0 1
-11.9534 -18.6525 325.556 -3.04329 -3.40551 66.4436 1.18759 -13 2103 1 0 1
12.9704 11.8189 325.556 3.15231 2.04363 69.5395 2.12334 -13 2104 1 0 1
3.72511 -42.944 325.556 0.431671 -8.88543 78.1634 0.647129 -13 2105 1 0 1
-20.6227 27.3225 325.556 -5.45747 5.17354 69.3104 1.82962 -13 2108 1 0 1
-13.7009 6.01152 325.556 -2.782 0.832415 56.6282 1.37113 -13 2109 1 0 1
27.5547 75.9289 325.556 6.63138 12.406 64.8861 1.84918 -13 2110 1 0 1
-39.609 -59.9631 325.556 -7.83546 -7.86692 52.834 3.64664 -13 2111 1 0 1
12.1007 21.9496 325.556 2.82917 3.41542 61.1369 1.08994 -13 2112 1 0 1
-2.99114 9.10755 325.556 -1.02149 2.0512 71.4478 0.855055 -13 2113 1 0 1
-19.8098 -48.9398 325.556 -4.0044 -6.74956 55.2831 3.64472 -13 2114 1 0 1
-56.7727 -48.8048 325.556 -13.203 -7.76588 61.6166 4.63347 -13 2115 1 0 1
37.1395 -4.46193 325.556 8.54138 -0.884854 60.0439 1.92816 -13 2116 1 0 1
34.688 37.2057 325.556 8.44569 6.13054 66.7208 1.92762 -13 2117 1 0 1
-10.2466 28.324 325.556 -2.54783 4.58818 65.9872 0.711837 -13 2118 1 0 1
-1.43381 23.4927 325.556 -0.548934 3.47319 68.0768 1.91062 -13 2119 1 0 1
20.8835 -5.197 325.556 4.69032 -0.561027 56.95 -0.511672 -13 2120 1 0 1
20.2978 40.7804 325.556 4.53546 6.10223 58.592 4.04345 -13 2121 1 0 1
-49.0861 -23.7423 325.556 -11.1079 -3.94596 60.7995 3.70691 -13 2122 1 0 1
-3.78787 -1.41043 325.556 -1.51115 -0.281313 76.9658 2.33932 -13 2123 1 0 1
-69.11 44.6842 325.556 -12.7302 4.4525 47.5007 5.00456 -13 2124 1 0 1
-42.9151 -26.2817 325.556 -8.83101 -3.4836 54.7213 1.47264 -13 2125 1 0 1
-30.4748 42.2385 325.556 -8.87111 8.73592 75.6895 1.2409 -13 2126 1 0 1
38.4002 -19.5997 325.556 8.7964 -3.38599 60.6914 1.39953 -13 2127 1 0 1
5.10824 -29.5445 325.556 1.15556 -4.83414 68.6649 4.14955 -13 2128 1 0 1
-31.1393 31.7616 325.556 -8.03277 5.77942 67.5992 1.37988 -13 2129 1 0 1
-4.53899 14.4289 325.556 -1.07796 1.78362 64.5398 1.75273 -13 2130 1 0 1
-41.4559 -24.1692 325.556 -9.30627 -3.57734 60.2032 4.0714 -13 2131 1 0 1
20.5241 24.1621 325.556 5.20831 5.32611 77.2235 2.5947 -13 2132 1 0 1
-21.1508 50.5623 325.556 -4.20278 7.94432 56.048 2.58287 -13 2133 1 0 1
-23.3249 41.4082 325.556 -5.91269 7.736 67.2317 1.49302 -13 2134 1 0 1
-46.5566 11.2914 325.556 -11.0189 1.88174 63.5565 2.53131 -13 2136 1 0 1
67.2778 37.1753 325.556 16.2544 5.71575 65.6305 0.562953 -13 2137 1 0 1
-45.4873 34.0855 325.556 -11.4807 6.06079 67.6938 0.891401 -13 2138 1 0 1
32.4453 10.4784 325.556 8.23575 1.94167 71.484 2.99675 -13 2139 1 0 1
-81.5692 25.032 325.556 -14.1642 2.73427 43.6422 1.74822 -13 2140 1 0 1
29.175 -40.9608 325.556 6.94426 -6.71881 64.1952 3.35341 -13 2141 1 0 1
40.7226 29.5661 325.556 10.7328 6.72111 77.0387 2.68579 -13 2142 1 0 1
39.7627 13.9149 325.556 8.26485 1.73631 53.1385 1.35715 -13 2143 1 0 1
-72.3589 -19.6963 325.556 -15.7092 -2.79605 57.439 1.75044 -13 2144 1 0 1
-94.7692 6.58481 325.556 -7.94127 0.0234653 16.0994 8.76751 -13 2145 1 0 1
88.3017 -54.1849 325.556 19.7385 -8.05683 58.6202 1.94816 -13 2146 1 0 1
50.1785 68.0171 325.556 9.67232 7.71064 48.4317 3.0698 -13 2147 1 0 1
12.6574 27.0659 325.556 2.94027 3.9081 58.2178 2.45313 -13 2148 1 0 1
-68.7681 23.8389 325.556 -15.8471 3.68969 61.3767 2.23869 -13 2149 1 0 1
-12.3434 43.9135 325.556 -2.33985 5.93339 53.8445 1.41494 -13 2150 1 0 1
-32.2374 -1.04553 325.556 -8.26267 -0.300151 68.2541 0.304276 -13 2151 1 0 1
-88.9749 10.0882 325.556 -20.6688 1.83515 61.2417 1.47589 -13 2152 1 0 1
-55.4916 -46.2524 325.556 -11.6725 -6.12244 55.8457 0.0326906 -13 2153 1 0 1
10.3012 7.33873 325.556 2.46126 1.76355 64.707 1.32029 -13 2155 1 0 1
-11.5034 11.7507 325.556 -3.07468 1.80532 68.3282 4.19553 -13 2156 1 0 1
2.85809 -22.0036 325.556 0.203212 -4.80238 79.4924 3.28275 -13 2157 1 0 1
-52.7634 -8.08694 325.556 -9.72023 -0.788562 48.2824 3.26348 -13 2158 1 0 1
-58.7862 -24.0712 325.556 -11.7456 -2.82461 52.764 3.84852 -13 2159 1 0 1
-30.7082 -68.7486 325.556 -6.73766 -10.6618 59.4253 3.73085 -13 2160 1 0 1
40.9255 12.9034 325.556 10.18 2.31223 68.5841 4.02184 -13 2161 1 0 1
-47.0745 -18.6865 325.556 -14.3845 -4.51768 79.865 3.72646 -13 2162 1 0 1
4.27921 27.3404 325.556 1.1102 4.41569 63.525 2.62131 -13 2163 1 0 1
-17.9495 54.6749 325.556 -4.29094 9.60421 64.8879 1.49794 -13 2165 1 0 1
-31.9303 15.0948 325.556 -6.33691 1.9856 53.3938 0.87362 -13 2166 1 0 1
12.1581 7.34784 325.556 2.86026 1.29253 70.563 3.492 -13 2167 1 0 1
-28.365 -1.42622 325.556 -8.64116 -0.0948439 78.134 0.911729 -13 2169 1 0 1
21.6174 38.1588 325.556 5.01597 5.7877 61.7716 4.81562 -13 2171 1 0 1
-37.4203 41.756 325.556 -7.88591 5.80626 56.4325 1.52439 -13 2172 1 0 1
-71.369 8.70063 325.556 -18.7804 0.990777 70.1042 -0.995631 -13 2173 1 0 1
-8.24784 -49.6031 325.556 -1.12072 -4.05075 42.1305 1.09602 -13 2174 1 0 1
20.0307 44.1105 325.556 4.92011 8.46617 68.1436 2.28738 -13 2175 1 0 1
-42.0914 -36.6183 325.556 -5.04016 -1.49392 28.0805 6.3345 -13 2176 1 0 1
-17.2567 -16.9596 325.556 -5.22496 -3.47814 75.8656 2.34082 -13 2177 1 0 1
-36.1591 -42.9212 325.556 -6.14703 -4.38393 44.051 4.4954 -13 2178 1 0 1
-54.238 7.12992 325.556 -13.8914 1.34843 68.0212 2.93143 -13 2179 1 0 1
6.01825 -90.6741 325.556 1.41141 -11.166 51.8461 1.69315 -13 2180 1 0 1
-26.9153 55.8224 325.556 -7.11516 10.5697 70.1915 1.82693 -13 2181 1 0 1
-8.4865 -34.0592 325.556 -1.47129 -3.74452 50.6942 2.56017 -13 2182 1 0 1
24.4782 -18.731 325.556 5.86787 -3.30216 66.9051 1.42832 -13 2183 1 0 1
-22.6721 3.24993 325.556 -6.71064 0.330208 75.3854 1.12801 -13 2184 1 0 1
-1.94517 -7.87913 325.556 -1.37064 -2.37631 79.2098 2.14356 -13 2185 1 0 1
-12.0319 21.014 325.556 -3.30421 4.03683 70.4384 2.76389 -13 2186 1 0 1
48.6715 -24.0882 325.556 12.181 -4.38739 69.2864 1.7636 -13 2187 1 0 1
-76.0438 -38.0365 325.556 -21.3974 -7.48831 74.8457 3.27767 -13 2188 1 0 1
-3.77264 -72.4254 325.556 -0.702835 -10.4388 56.7023 3.42166 -13 2189 1 0 1
-37.8709 33.3221 325.556 -10.8395 6.98982 75.3423 1.38659 -13 2190 1 0 1
-14.5475 -2.45603 325.556 -2.87552 0.0108891 54.1305 0.989828 -13 2191 1 0 1
-45.7249 -1.92164 325.556 -12.7008 0.313747 73.5074 2.74123 -13 2192 1 0 1
-46.1884 4.67255 325.556 -8.70851 0.630868 50.3652 2.98546 -13 2193 1 0 1
-33.5893 -5.08518 325.556 -7.60973 -0.819976 60.3955 3.09701 -13 2194 1 0 1
-9.16801 -24.5898 325.556 -2.57614 -4.36975 69.7438 3.49787 -13 2195 1 0 1
7.68301 77.8724 325.556 1.49414 15.6257 75.9159 2.46605 -13 2196 1 0 1
23.6687 13.1915 325.556 5.97852 3.04658 75.0333 2.90292 -13 2197 1 0 1
-4.50557 -4.09281 325.556 -1.76855 -1.19544 76.9885 2.3835 -13 2198 1 0 1
1.36977 2.40923 325.556 0.315566 0.814301 64.5064 3.25103 -13 2199 1 0 1
-17.9878 24.3508 325.556 -4.24677 3.74682 63.927 2.12331 -13 2200 1 0 1
-8.9066 -28.2384 325.556 -1.92633 -3.92053 59.1518 3.85229 -13 2201 1 0 1
25.7452 28.3405 325.556 6.41233 5.29983 70.4794 4.24976 -13 2202 1 0 1
20.6984 13.7067 325.556 4.94525 2.47059 64.5048 3.90627 -13 2203 1 0 1
22.1584 -33.3573 325.556 5.43166 -6.30649 69.1087 3.27525 -13 2204 1 0 1
3.20024 56.9125 325.556 0.548632 11.1114 70.8267 2.95399 -13 2205 1 0 1
6.56451 66.5047 325.556 1.4757 8.36379 53.1833 2.64638 -13 2206 1 0 1
-41.094 -20.1147 325.556 -10.2217 -3.41275 66.7291 1.54485 -13 2207 1 0 1
-83.3118 -26.171 325.556 -12.0094 -1.7528 34.7587 6.01531 -13 2208 1 0 1
-47.1611 23.2182 325.556 -10.1591 3.4025 57.2061 3.74379 -13 2209 1 0 1
87.9901 44.9748 325.556 17.1662 4.60254 48.9324 2.95941 -13 2210 1 0 1
-38.4963 -3.70622 325.556 -9.86609 -0.804257 68.6634 -0.528985 -13 2211 1 0 1
-14.3137 -23.5588 325.556 -4.22523 -4.30165 73.3508 1.36419 -13 2212 1 0 1
-24.5759 10.4755 325.556 -5.57666 1.50528 62.3605 3.10929 -13 2213 1 0 1
-69.3249 -25.5654 325.556 -19.3148 -4.98841 74.2249 2.77438 -13 2214 1 0 1
-64.3595 -49.2925 325.556 -15.6743 -7.60827 64.5633 2.13126 -13 2216 1 0 1
15.7377 53.043 325.556 3.7597 8.99034 67.4548 4.52744 -13 2217 1 0 1
-36.517 -41.9801 325.556 -7.68708 -5.25906 56.8164 2.44666 -13 2218 1 0 1
-29.2686 62.6802 325.556 -7.20522 10.399 65.6683 0.693457 -13 2219 1 0 1
18.726 -4.62867 325.556 4.50955 -0.265321 66.4553 2.25688 -13 2220 1 0 1
-31.0929 -24.4211 325.556 -7.10457 -3.52942 61.4902 2.57666 -13 2221 1 0 1
-26.2672 -8.00674 325.556 -4.04298 -0.322635 40.1247 3.48564 -13 2223 1 0 1
95.8303 -16.2896 325.556 24.5293 -2.82493 70.2996 1.22357 -13 2224 1 0 1
35.313 30.7638 325.556 6.51361 3.26568 45.3338 3.18211 -13 2225 1 0 1
7.82989 9.66237 325.556 1.76165 1.50046 74.5577 1.47618 -13 2226 1 0 1
-5.69884 20.6534 325.556 -1.4257 3.22787 64.5146 1.77857 -13 2227 1 0 1
-12.5466 -5.19934 325.556 -3.43317 -0.10849 68.8296 2.53365 -13 2228 1 0 1
31.1679 -21.0208 325.556 7.88738 -5.05113 78.675 4.02021 -13 2229 1 0 1
22.7093 22.8182 325.556 4.38181 2.7994 45.8331 3.5138 -13 2230 1 0 1
-59.8231 30.8109 325.556 -13.7768 4.74913 61.6942 1.26078 -13 2231 1 0 1
25.3727 30.991 325.556 5.39894 4.71178 53.9837 2.08023 -13 2232 1 0 1
-42.6352 -39.1989 325.556 -10.6856 -6.72934 67.0562 -0.0436546 -13 2233 1 0 1
1.97084 -9.72337 325.556 0.410148 -1.66353 63.2512 1.11362 -13 2234 1 0 1
26.5626 40.0022 325.556 5.36505 4.94138 50.5546 0.832056 -13 2235 1 0 1
-43.4499 -16.3442 325.556 -9.91055 -3.02118 60.7477 3.70014 -13 2236 1 0 1
-22.3977 11.8302 325.556 -7.34342 2.45061 81.3549 4.9262 -13 2237 1 0 1
3.91416 15.1019 325.556 0.941193 2.52918 61.9767 3.30028 -13 2238 1 0 1
33.8787 -60.8202 325.556 8.10948 -10.222 65.788 4.84349 -13 2239 1 0 1
-46.8657 -29.7522 325.556 -12.6669 -6.04096 71.5147 1.41368 -13 2240 1 0 1
-12.5536 11.1541 325.556 -3.32925 2.31933 68.5589 0.507453 -13 2241 1 0 1
-10.4673 5.25014 325.556 -2.84508 1.00088 70.4455 3.0701 -13 2242 1 0 1
8.11774 56.9112 325.556 1.92348 8.3719 59.1124 2.19347 -13 2243 1 0 1
-26.0425 69.8555 325.556 -4.99219 9.06023 51.9732 2.56613 -13 2244 1 0 1
11.8652 22.9145 325.556 2.86942 4.46775 69.6522 2.91084 -13 2245 1 0 1
-43.7145 7.35474 325.556 -11.6615 2.22378 71.2145 3.02536 -13 2246 1 0 1
-1.05424 -3.75883 325.556 -1.15954 -0.983013 81.3693 0.435807 -13 2247 1 0 1
35.1849 -9.96772 325.556 9.17412 -2.43792 75.732 1.13364 -13 2248 1 0 1
78.955 -7.57648 325.556 17.623 -0.67356 58.5474 2.33439 -13 2249 1 0 1
3.48515 26.4554 325.556 0.404765 4.96916 77.6947 2.66977 -13 2250 1 0 1
36.2438 -12.9318 325.556 8.94025 -1.86435 68.4888 2.03638 -13 2251 1 0 1
2.07308 52.6511 325.556 0.534906 7.75537 61.2482 2.16137 -13 2252 1 0 1
77.2856 76.3068 325.556 15.4077 9.58829 51.0471 4.45949 -13 2253 1 0 1
-56.0379 42.4952 325.556 -13.0719 6.73983 62.3388 -0.211803 -13 2254 1 0 1
15.6822 -19.1696 325.556 3.54884 -3.13347 59.7826 2.88296 -13 2256 1 0 1
86.8553 -26.3435 325.556 19.4516 -3.97096 58.858 0.723448 -13 2257 1 0 1
38.2811 -70.6049 325.556 8.33254 -9.95682 56.8457 2.84493 -13 2258 1 0 1
60.1401 5.28709 325.556 13.7873 1.07371 60.6576 2.34666 -13 2259 1 0 1
83.9624 -17.8781 325.556 19.4073 -3.48394 61.2789 2.88727 -13 2260 1 0 1
-47.6745 62.9638 325.556 -14.1885 13.7835 77.6264 3.31918 -13 2261 1 0 1
-15.2004 43.8512 325.556 -3.09412 6.21466 56.3883 3.26967 -13 2262 1 0 1
-42.3286 -22.9033 325.556 -11.1151 -3.6255 69.5327 2.76771 -13 2263 1 0 1
24.4296 -44.0832 325.556 5.76169 -7.57082 64.2306 2.29723 -13 2264 1 0 1
20.7595 -23.5251 325.556 5.12023 -4.06022 68.5312 1.11003 -13 2265 1 0 1
-59.8508 42.0158 325.556 -12.6911 6.04735 56.1208 3.7876 -13 2266 1 0 1
32.8614 -28.3735 325.556 7.73546 -4.00108 63.6016 3.52538 -13 2267 1 0 1
-47.1913 45.9549 325.556 -8.4507 4.74173 46.8082 1.29264 -13 2268 1 0 1
-46.4291 -47.9549 325.556 -11.9568 -9.46513 68.5641 2.08325 -13 2269 1 0 1
-9.64859 -24.8873 325.556 -3.31987 -4.72445 77.4514 1.35323 -13 2270 1 0 1
7.51774 24.2206 325.556 1.84157 4.03822 69.2694 0.953357 -13 2271 1 0 1
-82.7282 7.82038 325.556 -24.0336 1.26081 77.1766 1.30049 -13 2272 1 0 1
20.1068 20.7497 325.556 4.54913 3.0359 59.5983 1.2641 -13 2273 1 0 1
-49.8591 -16.1115 325.556 -14.1308 -3.6253 74.8319 0.640892 -13 2274 1 0 1
4.71979 -54.9359 325.556 1.20859 -6.51196 49.3988 2.38334 -13 2275 1 0 1
42.2775 -1.86289 325.556 10.3369 -0.766049 66.5573 1.4835 -13 2276 1 0 1
-56.6806 -11.6264 325.556 -12.0801 -1.15875 56.4936 0.78478 -13 2277 1 0 1
-11.8106 6.99934 325.556 -3.28823 1.08998 70.5854 2.88024 -13 2278 1 0 1
-20.9879 32.0693 325.556 -6.37343 7.48407 76.377 2.58689 -13 2279 1 0 1
-15.5498 -15.9706 325.556 -3.52224 -2.45396 60.6349 1.73409 -13 2280 1 0 1
32.1463 -17.9631 325.556 7.35916 -2.7869 61.3482 -0.728363 -13 2281 1 0 1
-61.4726 10.6397 325.556 -15.3593 1.82039 66.3283 2.76302 -13 2282 1 0 1
-58.2465 19.0793 325.556 -9.45793 1.434 41.6941 4.39057 -13 2283 1 0 1
-33.024 7.90781 325.556 -8.93287 1.13456 71.6079 0.488053 -13 2284 1 0 1
-63.7563 19.559 325.556 -9.61779 1.72532 37.447 3.5452 -13 2285 1 0 1
-17.1644 -10.3055 325.556 -3.28718 -1.34606 52.5837 1.95154 -13 2286 1 0 1
-33.7417 6.98543 325.556 -6.93215 1.10022 55.4676 0.386187 -13 2287 1 0 1
-14.1789 5.57332 325.556 -3.58905 1.05605 66.4124 2.41846 -13 2288 1 0 1
-41.5951 -21.9758 325.556 -9.32495 -3.78947 60.0198 4.039 -13 2289 1 0 1
-26.0467 -64.4541 325.556 -7.46417 -12.8634 73.8277 2.27858 -13 2290 1 0 1
-46.577 -77.7944 325.556 -8.76854 -9.18592 49.6293 3.04665 -13 2291 1 0 1
19.0981 5.83522 325.556 4.60896 1.37099 71.0841 1.61375 -13 2292 1 0 1
81.7358 -37.8778 325.556 17.628 -5.65387 55.9678 1.78069 -13 2293 1 0 1
-11.8721 32.6056 325.556 -2.77215 5.87009 64.5391 3.09117 -13 2294 1 0 1
-31.7288 -14.1431 325.556 -8.66823 -2.16302 72.1153 3.95672 -13 2295 1 0 1
-9.66421 -75.734 325.556 -2.64948 -13.4382 68.8385 2.08594 -13 2296 1 0 1
-32.4047 -13.2097 325.556 -5.70216 -1.72329 46.1891 -0.314779 -13 2297 1 0 1
-86.9383 81.6753 325.556 -12.4652 5.50926 34.7281 1.83913 -13 2298 1 0 1
-81.1559 -34.2953 325.556 -21.2283 -6.29543 69.6093 0.899025 -13 2299 1 0 1
-48.9705 -2.44578 325.556 -13.0171 -0.130388 70.7929 3.0306 -13 2300 1 0 1
-14.1265 -26.0269 325.556 -3.03942 -3.31505 57.9649 1.67662 -13 2301 1 0 1
0.988721 8.04554 325.556 0.444068 0.90619 48.5758 1.33961 -13 2302 1 0 1
-74.6798 -54.4251 325.556 -15.9124 -7.74577 55.8802 2.50283 -13 2303 1 0 1
-1.83706 10.9158 325.556 -0.512728 1.64586 65.7569 1.76056 -13 2304 1 0 1
-48.1452 15.8729 325.556 -9.23034 2.08058 50.7916 1.77148 -13 2305 1 0 1
-30.1958 7.35414 325.556 -7.96156 1.67656 69.9569 4.63779 -13 2306 1 0 1
-18.6773 21.9083 325.556 -5.16374 4.97248 71.2117 2.341 -13 2307 1 0 1
-46.7178 -22.7758 325.556 -11.9224 -3.29643 68.3335 2.97385 -13 2308 1 0 1
-4.77708 -33.0499 325.556 -1.10602 -5.09581 62.1524 1.74487 -13 2309 1 0 1
-68.2812 -19.5834 325.556 -15.6035 -3.18169 60.6192 1.87214 -13 2310 1 0 1
-51.2607 48.8822 325.556 -15.2935 10.2298 77.2779 1.3112 -13 2312 1 0 1
75.3235 43.1032 325.556 13.8069 4.56011 45.5383 0.964211 -13 2313 1 0 1
-43.432 61.4164 325.556 -12.7689 12.637 76.698 0.522043 -13 2314 1 0 1
28.4419 -1.51577 325.556 7.22824 0.564347 73.6074 3.45016 -13 2315 1 0 1
36.2025 -45.355 325.556 8.13181 -6.45731 58.6509 2.16327 -13 2316 1 0 1
32.0896 6.88472 325.556 6.98727 1.13798 56.2943 2.52978 -13 2318 1 0 1
14.2978 -47.2811 325.556 2.68858 -4.89319 42.5887 1.96095 -13 2319 1 0 1
32.0809 -31.2848 325.556 7.81274 -4.89753 66.6288 4.46855 -13 2320 1 0 1
-31.2785 -10.6434 325.556 -9.1173 -2.24064 76.0207 2.15468 -13 2321 1 0 1
-36.6274 54.8677 325.556 -9.97026 10.2878 71.7681 -0.566763 -13 2322 1 0 1
-8.64531 5.92218 325.556 -2.57761 1.20296 71.0718 2.85003 -13 2324 1 0 1
-8.59759 1.2099 325.556 -2.31748 0.230696 67.7184 1.73558 -13 2325 1 0 1
36.507 5.69825 325.556 7.78456 0.593173 53.5789 1.77814 -13 2327 1 0 1
75.8074 7.46205 325.556 18.6706 1.08508 66.9766 3.20885 -13 2328 1 0 1
-21.6084 -4.72949 325.556 -4.11272 -0.821133 51.801 1.98854 -13 2329 1 0 1
-15.5161 -34.781 325.556 -4.7102 -6.9783 75.14 4.17881 -13 2330 1 0 1
12.4519 26.335 325.556 2.94681 5.62754 66.1479 0.490615 -13 2331 1 0 1
-2.64954 64.9899 325.556 -0.356138 7.33487 48.8829 0.340077 -13 2332 1 0 1
22.9781 4.95743 325.556 5.04481 1.01329 55.058 2.15876 -13 2334 1 0 1
-52.108 -10.3646 325.556 -10.0571 -1.52919 50.9932 2.64989 -13 2335 1 0 1
-31.9526 49.9397 325.556 -7.37106 8.49575 61.8309 2.68595 -13 2336 1 0 1
33.9807 -0.753992 325.556 7.85782 -0.210286 61.2832 0.543894 -13 2337 1 0 1
-25.3257 48.3785 325.556 -5.50613 7.72012 58.4369 2.30832 -13 2338 1 0 1
-45.4043 76.4718 325.556 -7.73928 7.50089 44.0751 0.18218 -13 2339 1 0 1
-7.56129 -27.3895 325.556 -2.85244 -6.04211 79.6983 2.32511 -13 2340 1 0 1
29.6885 -41.4594 325.556 7.01382 -7.04907 64.5994 3.98103 -13 2341 1 0 1
62.6048 68.6529 325.556 12.782 8.78938 52.2693 2.20607 -13 2343 1 0 1
-70.5323 1.2586 325.556 -19.9827 0.919621 75.259 1.60809 -13 2344 1 0 1
-34.5663 25.3519 325.556 -7.69135 4.16989 59.3678 3.2475 -13 2345 1 0 1
-36.2839 -11.1348 325.556 -8.51235 -1.1784 62.7387 1.48214 -13 2346 1 0 1
21.192 -9.62624 325.556 4.51299 -1.74006 52.9052 4.40785 -13 2348 1 0 1
-89.9616 8.36481 325.556 -11.7547 0.397702 30.4262 5.26974 -13 2349 1 0 1
25.9237 1.50415 325.556 5.75008 0.382463 55.759 1.9175 -13 2350 1 0 1
-24.1854 -14.3706 325.556 -6.43394 -2.19794 69.5624 0.57621 -13 2351 1 0 1
-39.6399 17.9504 325.556 -10.0296 3.24588 67.1905 2.20295 -13 2352 1 0 1
-121.06 -21.895 325.556 -15.2271 -2.36784 35.7667 1.51284 -13 2353 1 0 1
-29.5268 50.1211 325.556 -6.25871 7.29727 56.8484 3.97334 -13 2354 1 0 1
-13.1141 -49.5213 325.556 -3.50746 -9.22977 68.5151 0.797395 -13 2355 1 0 1
-10.2108 60.3701 325.556 -2.80578 11.0306 69.2917 4.06067 -13 2356 1 0 1
-28.6594 36.3012 325.556 -6.08855 5.25018 56.8444 0.893141 -13 2357 1 0 1
19.8014 14.8841 325.556 4.54621 2.32434 59.1006 0.940447 -13 2358 1 0 1
69.5531 -53.3065 325.556 11.9103 -4.79887 41.3417 3.04625 -13 2359 1 0 1
-47.6099 -15.0501 325.556 -13.1839 -2.76135 73.2726 1.05648 -13 2360 1 0 1
-31.1355 -32.826 325.556 -6.86755 -4.73789 59.9117 2.35546 -13 2361 1 0 1
-74.4634 -10.5694 325.556 -14.0003 -1.05257 48.6002 2.11898 -13 2362 1 0 1
-28.7595 22.8798 325.556 -7.36865 4.31116 67.7667 0.982235 -13 2363 1 0 1
-6.64397 -9.8034 325.556 -2.22207 -1.70073 75.6993 3.30684 -13 2364 1 0 1
1.61953 -18.727 325.556 0.212397 -2.78108 68.1851 4.57496 -13 2365 1 0 1
18.8769 23.1745 325.556 4.75462 4.12034 74.8144 2.4706 -13 2366 1 0 1
-36.5875 10.4915 325.556 -9.82786 2.26284 71.1696 1.61569 -13 2367 1 0 1
32.0176 24.1006 325.556 7.98841 4.39255 70.2601 2.14673 -13 2368 1 0 1
-16.7654 12.3718 325.556 -3.60595 1.99192 59.5788 1.89854 -13 2369 1 0 1
77.6096 -1.05657 325.556 19.4203 0.677925 68.4069 2.16726 -13 2370 1 0 1
26.8548 28.367 325.556 6.40855 4.39045 63.7727 0.92382 -13 2371 1 0 1
-47.3108 20.1494 325.556 -13.2485 4.3528 74.6819 4.80006 -13 2372 1 0 1
16.5414 61.787 325.556 3.92089 10.9004 69.7548 2.79651 -13 2373 1 0 1
-66.8601 -3.00586 325.556 -18.3896 -0.624978 72.9148 3.57435 -13 2374 1 0 1
8.50437 -59.2528 325.556 1.83421 -7.13697 50.7863 2.33024 -13 2375 1 0 1
30.135 23.1547 325.556 7.11602 3.49683 63.4392 1.1107 -13 2376 1 0 1
-10.3097 -4.60386 325.556 -2.73054 -1.21816 69.3207 2.88431 -13 2377 1 0 1
50.8336 51.6702 325.556 13.3044 10.1665 74.4936 2.80611 -13 2378 1 0 1
10.3964 -62.4195 325.556 2.32514 -11.4854 69.5489 4.46271 -13 2379 1 0 1
-23.4955 -17.714 325.556 -6.34232 -3.30388 70.6412 1.46814 -13 2380 1 0 1
-82.5783 14.8554 325.556 -15.1374 1.81969 46.8744 2.13885 -13 2381 1 0 1
-27.7097 -5.92971 325.556 -5.38115 -0.692382 52.7553 2.20045 -13 2382 1 0 1
6.94673 72.6271 325.556 1.53897 11.1075 61.498 0.848912 -13 2383 1 0 1
-20.1347 37.6414 325.556 -5.51856 6.59266 71.1956 2.34527 -13 2384 1 0 1
-7.337 -25.7778 325.556 -1.18608 -2.43885 49.6168 3.11017 -13 2385 1 0 1
46.4438 -25.5172 325.556 7.6467 -2.02097 40.1451 1.24032 -13 2386 1 0 1
-12.2844 -13.4307 325.556 -3.74939 -2.49126 74.7547 4.31714 -13 2387 1 0 1
-69.9036 24.4 325.556 -19.8565 4.89184 75.2122 1.7952 -13 2388 1 0 1
4.98754 -30.4772 325.556 1.13585 -5.07617 61.5099 -0.116517 -13 2389 1 0 1
46.9023 -7.36065 325.556 11.3262 -1.29596 65.9121 0.234117 -13 2390 1 0 1
105.986 -35.6509 325.556 21.2911 -4.53414 50.921 2.92546 -13 2391 1 0 1
-22.408 -4.21195 325.556 -5.93384 -0.438559 69.4602 1.25055 -13 2393 1 0 1
32.1072 16.8431 325.556 7.84447 3.09247 66.7776 2.812 -13 2394 1 0 1
25.6313 20.1426 325.556 6.34131 3.76414 70.4905 2.88983 -13 2395 1 0 1
-0.867635 3.24888 325.556 -0.128754 0.930428 60.4638 4.58398 -13 2396 1 0 1
5.66748 -9.86643 325.556 1.0525 -2.29747 74.8441 0.813479 -13 2397 1 0 1
-86.6122 1.24893 325.556 -15.0611 -0.63884 44.3268 2.75825 -13 2398 1 0 1
47.1067 0.406468 325.556 10.1199 0.193327 56.3128 2.76538 -13 2399 1 0 1
-50.8444 -12.1253 325.556 -10.8764 -1.73214 57.21 2.62783 -13 2400 1 0 1
-57.1199 17.967 325.556 -8.8006 1.57059 38.4441 1.52832 -13 2401 1 0 1
-75.4096 33.7931 325.556 -16.1665 4.86742 56.5858 4.47237 -13 2402 1 0 1
49.528 28.1063 325.556 10.4182 3.91103 53.5497 1.63499 -13 2403 1 0 1
19.4946 53.3866 325.556 4.67828 9.53263 69.6127 2.7154 -13 2404 1 0 1
-5.32308 -26.8257 325.556 -1.437 -4.72654 67.0459 3.22724 -13 2405 1 0 1
47.1213 -14.5179 325.556 9.14687 -1.58747 48.5894 1.44439 -13 2406 1 0 1
-16.1662 27.8746 325.556 -3.55584 3.96858 60.2954 4.3109 -13 2407 1 0 1
-16.6365 -43.2026 325.556 -3.65843 -6.81584 59.8835 2.01232 -13 2408 1 0 1
12.4548 -17.3216 325.556 2.9762 -2.77371 67.7146 3.32168 -13 2409 1 0 1
48.4684 36.2077 325.556 11.9341 6.70729 67.3942 0.51467 -13 2410 1 0 1
-18.3541 6.50701 325.556 -4.15899 1.17721 61.5611 1.56419 -13 2411 1 0 1
-42.7001 -37.5504 325.556 -10.6066 -6.61299 66.4547 3.28093 -13 2412 1 0 1
-67.5879 -17.6334 325.556 -19.0443 -3.48303 74.8678 4.48587 -13 2413 1 0 1
-33.6768 -11.7784 325.556 -10.4389 -2.25861 78.616 -1.44771 -13 2414 1 0 1
53.5038 5.32232 325.556 13.5039 0.16236 69.193 1.80925 -13 2415 1 0 1
-22.4691 18.9017 325.556 -6.45936 3.59711 74.2474 2.67777 -13 2416 1 0 1
-1.93119 -89.6425 325.556 -0.240421 -10.3707 50.3115 5.63828 -13 2417 1 0 1
-49.7067 -9.3818 325.556 -12.2833 -1.87805 66.0068 2.90878 -13 2418 1 0 1
-7.00877 54.3407 325.556 -1.25954 6.69183 52.4646 1.83491 -13 2419 1 0 1
-32.6506 -38.5389 325.556 -8.98374 -7.49077 72.2022 -1.18622 -13 2420 1 0 1
-6.45003 61.704 325.556 -2.70139 12.7983 78.3725 1.41429 -13 2421 1 0 1
30.8048 53.528 325.556 6.98925 8.07654 59.2003 1.81844 -13 2422 1 0 1
-21.7222 -48.5987 325.556 -4.42358 -6.66749 55.351 1.64681 -13 2423 1 0 1
-20.2946 30.4862 325.556 -6.51995 6.53831 78.3583 0.65494 -13 2424 1 0 1
5.40067 52.919 325.556 1.19872 4.94707 43.0577 4.41196 -13 2425 1 0 1
40.0494 29.5889 325.556 9.6601 5.31294 66.3148 2.03386 -13 2426 1 0 1
-29.2904 20.0256 325.556 -5.95985 2.21155 54.5913 2.2533 -13 2427 1 0 1
22.3125 -6.03288 325.556 4.26121 -0.517902 46.532 1.85849 -13 2428 1 0 1
7.49207 35.1456 325.556 1.52499 8.18281 77.1887 -0.0846796 -13 2429 1 0 1
-33.2996 2.13338 325.556 -8.98096 -0.337665 71.3987 4.33897 -13 2431 1 0 1
42.4138 90.8949 325.556 6.319 5.75771 34.3381 4.64054 -13 2432 1 0 1
74.4437 -24.3478 325.556 15.4585 -3.35311 53.333 1.22014 -13 2433 1 0 1
19.7805 11.1758 325.556 4.46403 1.30883 59.0292 1.6008 -13 2434 1 0 1
-32.6273 -91.9218 325.556 -7.46329 -14.028 61.2285 3.13398 -13 2435 1 0 1
9.93848 -7.14253 325.556 2.28275 -0.716386 64.4558 2.31551 -13 2436 1 0 1
9.31034 -18.0451 325.556 2.08624 -3.68927 69.3799 1.62579 -13 2437 1 0 1
33.7751 -15.9551 325.556 6.50604 -1.81664 47.4601 2.57066 -13 2438 1 0 1
-23.5845 -14.2402 325.556 -6.61069 -3.2118 73.0576 2.15845 -13 2439 1 0 1
-93.6104 -51.9371 325.556 -21.846 -7.44898 61.5818 2.97412 -13 2440 1 0 1
-13.1585 -21.5891 325.556 -2.52279 -3.33624 53.025 1.26077 -13 2441 1 0 1
13.6223 30.1261 325.556 2.67794 3.74432 46.4258 2.33805 -13 2442 1 0 1
-0.434659 49.006 325.556 0.0394779 6.59751 54.1127 2.91852 -13 2443 1 0 1
-19.4983 -46.9638 325.556 -5.46587 -9.06228 71.3594 2.51048 -13 2444 1 0 1
14.1959 30.2773 325.556 3.46559 5.34377 69.2285 2.39871 -13 2445 1 0 1
0.52415 -5.73984 325.556 -0.110786 -0.956053 69.1902 -0.18894 -13 2446 1 0 1
-8.4756 27.1214 325.556 -2.50212 5.15342 72.0794 0.900323 -13 2447 1 0 1
-55.1943 -25.4988 325.556 -13.734 -4.19302 66.2258 1.10263 -13 2448 1 0 1
-9.044 -42.9139 325.556 -2.181 -6.75918 66.3833 3.11542 -13 2449 1 0 1
52.8848 -6.00036 325.556 12.3498 -0.851952 62.3313 3.2494 -13 2450 1 0 1
-39.9355 -36.588 325.556 -9.60886 -5.88976 64.1792 4.36811 -13 2451 1 0 1
6.37625 -42.2277 325.556 1.55494 -6.70588 60.4002 4.66003 -13 2452 1 0 1
14.6794 26.1662 325.556 3.49346 4.60357 64.9955 2.99249 -13 2453 1 0 1
-26.8766 -57.9176 325.556 -5.96987 -9.32478 60.6077 1.78442 -13 2454 1 0 1
-2.78022 20.77 325.556 -0.420006 2.60444 56.9432 1.80706 -13 2455 1 0 1
32.4715 4.71107 325.556 8.3244 0.56416 74.3931 0.721715 -13 2456 1 0 1
-46.0588 -18.4246 325.556 -8.25503 -1.8661 46.7637 1.87192 -13 2457 1 0 1
-29.0051 -63.8163 325.556 -6.30731 -9.21053 57.9728 2.41315 -13 2458 1 0 1
-12.1243 -5.81442 325.556 -2.94098 -0.675061 64.9177 4.06097 -13 2459 1 0 1
13.0938 -5.95766 325.556 3.16511 -1.32099 65.2798 2.36966 -13 2460 1 0 1
-10.8287 -28.9975 325.556 -2.79535 -4.38542 66.4805 0.890513 -13 2461 1 0 1
-24.8223 91.6784 325.556 -4.88187 11.9815 53.0799 1.88242 -13 2462 1 0 1
-30.8931 78.7424 325.556 -4.59452 6.47006 37.9296 1.62076 -13 2463 1 0 1
-9.94086 4.18966 325.556 -1.75622 0.609259 52.4928 2.30605 -13 2464 1 0 1
5.38815 -32.4003 325.556 1.25442 -4.00516 51.0623 2.84282 -13 2466 1 0 1
-21.6653 36.656 325.556 -2.32586 1.78927 26.1226 4.06536 -13 2467 1 0 1
-8.58123 8.39327 325.556 -2.32406 2.04622 68.895 2.28695 -13 2468 1 0 1
20.4413 11.6773 325.556 3.6791 0.977803 42.2711 2.93579 -13 2469 1 0 1
-67.1475 12.2861 325.556 -13.1292 1.3727 50.9564 2.38655 -13 2470 1 0 1
-26.7477 23.8032 325.556 -8.08488 4.69385 76.9531 -0.11004 -13 2471 1 0 1
-49.1964 -52.7378 325.556 -12.4858 -9.09965 67.5625 3.71897 -13 2472 1 0 1
29.9326 -3.34892 325.556 5.74607 -0.682551 46.2415 2.48176 -13 2473 1 0 1
20.7862 51.4943 325.556 2.92249 3.2304 31.2353 6.21411 -13 2474 1 0 1
75.7892 5.06846 325.556 17.3062 0.781224 60.3207 2.36962 -13 2475 1 0 1
-41.8963 -59.7602 325.556 -8.62874 -8.0485 54.8352 2.21623 -13 2476 1 0 1
15.851 -4.08623 325.556 3.78087 -0.458522 64.4895 1.16651 -13 2477 1 0 1
-7.7049 14.6047 325.556 -1.77391 1.85672 63.9742 1.3564 -13 2478 1 0 1
-17.5117 18.2634 325.556 -4.84391 3.51871 72.2431 0.370361 -13 2479 1 0 1
-31.8628 21.1295 325.556 -5.13526 1.84759 41.6381 1.23867 -13 2480 1 0 1
-25.2301 18.5585 325.556 -7.67738 4.55835 77.1414 2.60226 -13 2481 1 0 1
43.7916 70.9013 325.556 10.231 10.623 62.9191 3.22998 -13 2483 1 0 1
-59.2759 -46.5319 325.556 -15.1562 -8.02204 67.9746 2.96153 -13 2485 1 0 1
63.2735 24.6412 325.556 14.0548 3.91634 57.7008 0.265027 -13 2486 1 0 1
-25.6321 -13.4011 325.556 -7.92745 -2.77669 78.673 1.02317 -13 2487 1 0 1
-6.94996 -4.28074 325.556 -2.40339 -0.827078 75.9196 0.756289 -13 2488 1 0 1
-16.0432 -10.0369 325.556 -3.84839 -1.55316 64.4441 0.265211 -13 2490 1 0 1
-18.3866 37.8458 325.556 -4.55032 6.08813 66.0243 3.42438 -13 2491 1 0 1
12.3993 -18.9957 325.556 3.00778 -3.28527 69.8225 3.05215 -13 2492 1 0 1
-63.6372 55.5628 325.556 -17.6772 10.8086 73.9154 0.866054 -13 2493 1 0 1
7.94737 -22.4973 325.556 1.89904 -3.06176 56.3617 0.307819 -13 2494 1 0 1
-8.1034 6.43151 325.556 -2.30912 1.58073 70.4996 4.01551 -13 2495 1 0 1
54.8137 -0.0561689 325.556 9.44886 0.0521164 41.8328 3.78145 -13 2496 1 0 1
0.183151 -11.8659 325.556 -0.645691 -2.96399 80.1108 2.2399 -13 2497 1 0 1
17.316 39.5382 325.556 4.28499 7.18724 72.0638 0.771516 -13 2498 1 0 1
-11.9634 -5.10564 325.556 -3.30877 -0.943276 70.6543 2.45694 -13 2499 1 0 1
-1.28769 2.73609 325.556 -0.929314 0.0312389 78.2043 2.8144 -13 2500 1 0 1
14.1115 21.5868 325.556 3.40662 4.8512 76.0598 1.58434 -13 2501 1 0 1
-39.6438 30.14 325.556 -9.07512 4.43608 61.3111 2.24047 -13 2502 1 0 1
30.8787 35.9669 325.556 7.49796 6.04387 66.8045 -0.247197 -13 2503 1 0 1
-19.5827 -6.15726 325.556 -4.74104 -0.451997 65.0269 2.45318 -13 2504 1 0 1
-5.94556 -78.8767 325.556 -0.978974 -9.03866 49.4405 2.06257 -13 2505 1 0 1
35.7121 65.6016 325.556 7.33015 8.33597 52.2673 3.92143 -13 2506 1 0 1
90.3667 -64.4156 325.556 17.0665 -6.85732 47.1461 1.53205 -13 2507 1 0 1
26.3834 44.2891 325.556 5.78224 6.31045 56.4035 1.15464 -13 2508 1 0 1
-42.0604 73.6636 325.556 -7.10271 7.34927 43.8466 3.66826 -13 2509 1 0 1
17.776 -12.7886 325.556 4.35255 -2.42786 69.3943 1.42809 -13 2510 1 0 1
-109.236 12.0872 325.556 -22.7232 1.37713 53.4967 2.1491 -13 2511 1 0 1
24.8769 -66.4863 325.556 5.31061 -9.39203 54.7052 2.5663 -13 2512 1 0 1
50.7975 -31.769 325.556 10.6649 -4.75791 54.1488 2.36278 -13 2513 1 0 1
20.2061 -15.7903 325.556 5.08679 -3.08111 72.9439 1.87845 -13 2514 1 0 1
29.3076 -17.9439 325.556 7.21978 -3.42717 68.1211 3.83756 -13 2515 1 0 1
-2.1703 31.4428 325.556 -0.581773 5.56593 66.2121 2.95465 -13 2516 1 0 1
-36.9312 -5.23827 325.556 -9.88129 -0.373459 70.8831 3.08266 -13 2517 1 0 1
3.05099 -68.4362 325.556 0.777714 -10.2286 61.6285 1.7625 -13 2518 1 0 1
-6.98337 -22.1641 325.556 -2.43365 -4.63532 76.418 1.09667 -13 2519 1 0 1
-10.2781 16.625 325.556 -2.68032 3.20096 67.417 0.418965 -13 2520 1 0 1
-32.0748 -37.8879 325.556 -7.83439 -6.55064 65.4742 2.3592 -13 2521 1 0 1
2.88459 10.6976 325.556 0.8697 1.78701 55.931 2.45678 -13 2522 1 0 1
23.5555 6.22933 325.556 5.77732 1.09855 70.103 2.11323 -13 2523 1 0 1
-29.782 43.6374 325.556 -8.26985 8.30891 72.2943 2.43159 -13 2524 1 0 1
10.0169 27.2634 325.556 2.33512 5.21442 70.7246 2.2279 -13 2525 1 0 1
-8.6163 3.54075 325.556 -1.65943 0.839594 55.7528 3.4794 -13 2526 1 0 1
-11.8064 -18.4745 325.556 -2.98063 -2.73464 66.5618 0.330123 -13 2527 1 0 1
-21.3168 36.2514 325.556 -4.22286 4.71945 54.727 2.28311 -13 2528 1 0 1
32.0825 6.63372 325.556 8.01929 1.2162 70.081 0.657782 -13 2529 1 0 1
-41.7986 -15.8999 325.556 -8.05314 -1.73427 51.5923 4.42342 -13 2530 1 0 1
0.53051 -79.2168 325.556 0.0205312 -13.6386 65.1274 1.36607 -13 2531 1 0 1
21.3753 -32.2444 325.556 5.13838 -5.82371 68.3668 0.137775 -13 2532 1 0 1
63.6198 -0.507942 325.556 13.6735 -0.750773 56.4192 0.65308 -13 2533 1 0 1
23.8544 21.1943 325.556 5.9565 3.71462 69.8817 4.40061 -13 2534 1 0 1
-53.1283 1.52799 325.556 -11.039 0.0952417 55.0935 2.3339 -13 2535 1 0 1
98.0329 60.2763 325.556 18.3522 6.18425 46.3127 2.39157 -13 2536 1 0 1
35.8195 -38.0983 325.556 6.92973 -4.33594 47.4878 2.48208 -13 2537 1 0 1
-15.3971 12.3269 325.556 -4.24838 1.89117 71.5319 2.01158 -13 2538 1 0 1
-24.3727 8.33232 325.556 -6.27325 1.34848 68.2284 3.4375 -13 2539 1 0 1
48.4431 -9.32409 325.556 12.0498 -1.97616 68.8485 4.8165 -13 2542 1 0 1
-25.8832 -53.0321 325.556 -6.48485 -9.35274 66.6378 1.75945 -13 2543 1 0 1
-21.5925 -20.1209 325.556 -4.85716 -2.96553 62.3409 2.28897 -13 2544 1 0 1
5.34691 27.5857 325.556 1.31211 5.10504 68.9332 2.2183 -13 2546 1 0 1
13.5076 -6.57202 325.556 3.3414 -1.56422 69.9412 2.38739 -13 2547 1 0 1
40.2652 71.6478 325.556 9.32681 11.0632 62.1117 1.57662 -13 2549 1 0 1
12.179 53.8961 325.556 2.44862 5.99176 46.8319 2.89595 -13 2551 1 0 1
65.1358 -21.6756 325.556 13.806 -3.02107 54.6565 2.28095 -13 2552 1 0 1
-8.98606 -32.3662 325.556 -1.29144 -3.04361 44.5494 1.82071 -13 2553 1 0 1
47.6021 -23.9751 325.556 10.2291 -3.03974 55.8916 1.4481 -13 2554 1 0 1
-4.28812 48.7323 325.556 -1.82025 10.3633 76.7434 2.55206 -13 2555 1 0 1
33.1623 38.5515 325.556 6.96346 4.92007 53.7291 3.79272 -13 2556 1 0 1
-27.567 24.1029 325.556 -6.12004 3.43375 59.6768 0.895148 -13 2557 1 0 1
-29.9504 47.202 325.556 -6.48344 6.76781 57.9 3.09573 -13 2558 1 0 1
-38.7359 31.4108 325.556 -12.2223 7.20841 78.9962 2.21402 -13 2559 1 0 1
-7.53241 18.6505 325.556 -1.35993 2.73972 54.2288 2.06577 -13 2560 1 0 1
-35.3231 -11.733 325.556 -9.69437 -2.2215 71.9175 0.350753 -13 2561 1 0 1
11.3819 -37.2497 325.556 2.63936 -7.65177 74.2117 2.73993 -13 2562 1 0 1
-40.7508 50.3639 325.556 -11.9804 11.3239 76.5907 3.74777 -13 2563 1 0 1
-3.18168 54.3585 325.556 -1.45777 11.2454 76.6558 3.82862 -13 2564 1 0 1
27.5059 -49.6865 325.556 6.18736 -7.47467 57.9956 1.60244 -13 2565 1 0 1
47.5291 -14.3161 325.556 11.6098 -2.21877 66.7637 1.30634 -13 2566 1 0 1
-14.2692 29.5523 325.556 -3.30618 4.9344 63.1226 3.18129 -13 2568 1 0 1
86.8161 31.2134 325.556 19.3143 4.11935 58.6011 1.19171 -13 2569 1 0 1
-19.1254 -22.7924 325.556 -5.01189 -3.73101 67.5678 0.900904 -13 2570 1 0 1
4.39849 0.674501 325.556 0.969553 0.394285 67.7044 3.58191 -13 2571 1 0 1
-47.5902 -13.0261 325.556 -13.098 -2.12036 72.8088 1.61726 -13 2572 1 0 1
-83.7033 24.7358 325.556 -11.2614 1.01709 31.5545 4.01922 -13 2573 1 0 1
37.0028 -2.43057 325.556 6.46278 -0.143892 41.9705 4.59766 -13 2574 1 0 1
-89.7149 -31.0641 325.556 -20.7956 -4.88141 61.0664 -0.296599 -13 2575 1 0 1
-46.0773 -19.157 325.556 -4.13906 -0.0998095 18.5971 4.89886 -13 2576 1 0 1
-20.4465 -23.6898 325.556 -5.89195 -4.7981 74.1074 3.22038 -13 2577 1 0 1
-28.6864 28.7959 325.556 -6.44416 5.18648 60.6952 1.86671 -13 2578 1 0 1
81.0595 20.7854 325.556 13.042 1.25612 38.748 5.45998 -13 2579 1 0 1
49.9476 17.5757 325.556 12.8586 2.72569 71.9228 2.52494 -13 2580 1 0 1
38.4384 -42.7969 325.556 5.09221 -2.00087 29.4395 1.26405 -13 2582 1 0 1
2.97206 -13.7637 325.556 0.618993 -3.32035 67.1067 2.74344 -13 2583 1 0 1
-17.2971 -26.1643 325.556 -3.77034 -3.83966 58.7422 2.29861 -13 2585 1 0 1
-20.6437 -33.4001 325.556 -4.69728 -4.96148 60.9733 1.37096 -13 2586 1 0 1
3.59321 -2.8195 325.556 0.960062 -0.380793 55.2697 -0.124732 -13 2587 1 0 1
98.6403 55.2831 325.556 15.5166 3.94449 37.174 3.19785 -13 2588 1 0 1
26.2915 -46.809 325.556 5.0626 -5.60797 45.6476 2.41066 -13 2589 1 0 1
7.549 -45.4006 325.556 1.74529 -7.83173 64.5909 1.45704 -13 2590 1 0 1
1.08178 43.7875 325.556 0.152088 7.27308 62.0544 -0.0553928 -13 2591 1 0 1
8.19355 -33.1692 325.556 1.95499 -5.95457 63.1262 1.70983 -13 2592 1 0 1
-18.0151 -35.6503 325.556 -4.51515 -6.67221 66.8833 2.04238 -13 2593 1 0 1
-32.1429 -22.7561 325.556 -8.69244 -4.02611 71.0498 4.10104 -13 2594 1 0 1
57.3191 36.4008 325.556 15.3881 7.73136 77.1316 0.741418 -13 2595 1 0 1
-76.6996 23.7463 325.556 -19.0328 3.38509 66.3089 3.51432 -13 2596 1 0 1
-14.6232 11.4675 325.556 -2.62989 1.24268 50.0787 1.63702 -13 2597 1 0 1
40.6192 -28.5526 325.556 6.57135 -2.27653 38.7031 2.17099 -13 2598 1 0 1
39.8499 -86.5272 325.556 8.97143 -12.577 59.4908 2.80975 -13 2599 1 0 1
17.4922 -6.88725 325.556 4.19534 -1.94164 68.8155 2.13773 -13 2600 1 0 1
23.1551 48.0951 325.556 5.43731 7.83684 64.9999 1.57114 -13 2601 1 0 1
-58.4398 -25.1298 325.556 -15.3894 -5.0965 70.2298 2.51431 -13 2602 1 0 1
47.2337 -59.0701 325.556 8.62362 -5.86234 44.9266 3.20867 -13 2603 1 0 1
-25.5036 -4.63626 325.556 -6.21105 -1.54551 65.5968 1.05318 -13 2604 1 0 1
31.6787 -9.23912 325.556 7.2454 -0.767194 60.636 4.46418 -13 2605 1 0 1
-46.5436 2.21744 325.556 -10.9897 0.130102 63.3038 2.68565 -13 2606 1 0 1
32.8627 -65.9876 325.556 7.7391 -10.3045 62.8195 3.84823 -13 2607 1 0 1
-27.0595 -23.7582 325.556 -7.31022 -4.19827 70.6224 4.02989 -13 2608 1 0 1
24.0951 -14.1126 325.556 6.11101 -2.99504 74.6679 1.8733 -13 2609 1 0 1
50.2035 23.3301 325.556 11.826 3.77684 63.8383 1.67104 -13 2610 1 0 1
1.98094 -38.2918 325.556 0.397777 -6.74751 67.0029 1.64013 -13 2611 1 0 1
-4.23145 -44.085 325.556 -0.988546 -7.84686 63.63 2.65541 -13 2612 1 0 1
37.1717 -26.0757 325.556 9.23437 -4.41326 68.7776 2.58354 -13 2613 1 0 1
58.6597 -18.3658 325.556 10.9142 -2.07513 46.2569 3.97852 -13 2614 1 0 1
16.1826 13.3016 325.556 3.85219 1.96547 65.5822 1.88304 -13 2615 1 0 1
29.9172 57.3068 325.556 6.08737 7.0765 52.0328 2.23642 -13 2616 1 0 1
-109.017 -1.354 325.556 -27.5236 -0.681974 66.4098 1.29598 -13 2617 1 0 1
26.9239 -85.8817 325.556 4.24464 -5.79232 36.3247 -0.358152 -13 2618 1 0 1
-3.20035 -64.1435 325.556 -0.186062 -5.23917 38.5461 3.56661 -13 2619 1 0 1
94.0109 -43.652 325.556 19.013 -5.37223 51.7169 3.86156 -13 2622 1 0 1
-60.9077 -1.76533 325.556 -14.72 -0.417388 64.5148 3.89 -13 2623 1 0 1
-83.1411 -31.1011 325.556 -14.34 -3.37651 43.6301 2.01646 -13 2624 1 0 1
-75.442 -33.3937 325.556 -18.704 -5.63606 65.8613 1.1673 -13 2625 1 0 1
86.3201 10.2564 325.556 20.469 1.79417 63.5226 2.69032 -13 2627 1 0 1
-89.8159 30.0889 325.556 -21.906 5.30113 64.4893 1.45648 -13 2628 1 0 1
-78.3944 14.828 325.556 -19.7683 2.50682 67.0003 3.69329 -13 2629 1 0 1
-15.7911 91.077 325.556 -3.0676 11.8925 54.5272 1.22849 -13 2630 1 0 1
-17.6944 -3.18853 325.556 -5.91193 -0.663056 80.5283 2.37609 -13 2631 1 0 1
-8.12031 76.2666 325.556 -1.52006 10.1326 54.3176 1.83488 -13 2633 1 0 1
-41.0834 8.92062 325.556 -9.66745 1.55649 63.2167 3.40529 -13 2634 1 0 1
8.51408 33.9829 325.556 1.79976 3.979 49.5159 2.99297 -13 2635 1 0 1
44.4854 63.9381 325.556 10.526 10.7308 63.6667 1.39665 -13 2636 1 0 1
-34.0103 -33.3993 325.556 -8.786 -6.09852 68.3112 -0.316572 -13 2637 1 0 1
-13.5314 58.6512 325.556 -4.6348 12.5573 79.6771 3.51338 -13 2638 1 0 1
15.7954 119.531 325.556 3.34349 15.1638 53.0917 2.55991 -13 2640 1 0 1
-5.48226 -20.5079 325.556 -0.819431 -2.35209 51.394 2.27397 -13 2641 1 0 1
-30.212 -20.4398 325.556 -7.57521 -3.29164 66.5459 1.47989 -13 2642 1 0 1
-12.8125 -10.4322 325.556 -4.30283 -2.13755 77.8209 1.78186 -13 2643 1 0 1
-25.169 -29.4255 325.556 -6.03507 -4.93648 64.742 3.11938 -13 2644 1 0 1
7.92088 32.4469 325.556 1.87644 6.0474 72.3046 2.30324 -13 2645 1 0 1
-4.30588 8.46897 325.556 -0.614769 1.1281 48.2265 0.334171 -13 2646 1 0 1
-9.48038 3.47089 325.556 -2.6584 0.849526 70.6015 1.85367 -13 2648 1 0 1
-0.449583 27.8484 325.556 -0.646572 5.1569 76.2459 1.3728 -13 2649 1 0 1
-39.225 -10.82 325.556 -9.32435 -1.52884 63.7823 1.92573 -13 2650 1 0 1
-86.1431 -15.1286 325.556 -19.8095 -2.22624 60.7188 1.19779 -13 2651 1 0 1
17.8187 62.7269 325.556 3.57394 6.8984 48.0121 2.77497 -13 2652 1 0 1
13.0928 -8.17061 325.556 3.15733 -1.63149 77.2936 0.222242 -13 2654 1 0 1
19.1473 18.8137 325.556 4.02002 2.66527 52.5479 1.22686 -13 2655 1 0 1
-12.5556 24.6018 325.556 -3.6295 4.78863 71.5885 0.79342 -13 2656 1 0 1
-65.8427 -29.6901 325.556 -16.372 -4.49865 65.8563 -0.314281 -13 2657 1 0 1
-31.6244 33.7091 325.556 -5.50346 3.90339 45.6499 3.12721 -13 2658 1 0 1
48.9849 26.3194 325.556 11.0207 4.14403 59.2248 3.58307 -13 2660 1 0 1
-18.8816 40.6906 325.556 -4.94798 7.91605 69.7576 4.41174 -13 2661 1 0 1
-18.6041 10.4447 325.556 -4.5808 2.05026 64.8519 1.18126 -13 2662 1 0 1
-8.16034 -0.749221 325.556 -1.44864 -0.120403 51.3382 3.53154 -13 2663 1 0 1
40.9739 -96.5393 325.556 8.4608 -12.1489 52.6894 4.9219 -13 2664 1 0 1
9.04434 -34.5892 325.556 2.13506 -5.18477 56.7561 3.55592 -13 2665 1 0 1
-19.0999 -18.1186 325.556 -3.75745 -2.15579 54.6653 0.86932 -13 2666 1 0 1
-19.1407 2.73487 325.556 -6.01837 0.560966 77.2619 1.37983 -13 2667 1 0 1
-16.0082 -16.1356 325.556 -4.68706 -3.08158 74.6783 0.038673 -13 2668 1 0 1
-46.4831 30.1408 325.556 -10.5534 4.71875 61.0107 3.07505 -13 2670 1 0 1
12.6493 -54.3289 325.556 2.88602 -8.3406 60.5124 2.89305 -13 2671 1 0 1
-37.4872 -28.9948 325.556 -10.2845 -6.0737 72.548 1.98267 -13 2672 1 0 1
78.1768 8.48527 325.556 19.8436 0.273856 70.1365 2.91462 -13 2673 1 0 1
-8.81789 -3.57246 325.556 -2.67965 -1.19603 72.5938 0.197623 -13 2674 1 0 1
-101.82 -0.279328 325.556 -27.0559 -0.325076 70.2414 0.439155 -13 2675 1 0 1
8.28203 -21.2851 325.556 1.82418 -3.54737 58.2485 4.16913 -13 2676 1 0 1
30.6457 27.185 325.556 6.84264 3.60114 57.1473 2.94046 -13 2677 1 0 1
30.7517 -39.0994 325.556 7.62843 -7.12825 69.9025 0.916182 -13 2678 1 0 1
-47.8951 35.645 325.556 -11.799 5.87715 65.3532 1.28682 -13 2679 1 0 1
-19.3913 61.3589 325.556 -5.13661 11.0145 68.0352 0.910811 -13 2680 1 0 1
-28.7713 -2.52887 325.556 -7.1796 -0.686195 66.1723 2.11987 -13 2681 1 0 1
100.391 -19.006 325.556 13.4474 -0.941504 30.0281 2.92125 -13 2682 1 0 1
15.5678 -14.3437 325.556 3.7927 -2.33155 76.3013 1.06604 -13 2683 1 0 1
-16.3577 17.3291 325.556 -3.68492 2.87806 61.8839 1.89762 -13 2684 1 0 1
47.1387 -0.717853 325.556 10.4202 0.0924213 57.5623 0.921151 -13 2685 1 0 1
-63.1489 10.4287 325.556 -14.6275 1.30987 61.7096 2.07859 -13 2686 1 0 1
7.13416 -15.0282 325.556 1.67089 -2.07091 60.8728 2.55523 -13 2687 1 0 1
-60.5607 -12.0605 325.556 -10.3529 -1.5114 43.9011 2.08803 -13 2688 1 0 1
-21.9431 41.6134 325.556 -5.64155 7.22703 68.3558 3.04879 -13 2689 1 0 1
17.411 -18.6473 325.556 4.29899 -3.05097 70.6488 3.33147 -13 2690 1 0 1
55.48 -22.2715 325.556 12.2083 -2.93451 57.3269 0.620121 -13 2691 1 0 1
-32.5807 31.3079 325.556 -6.94126 4.56681 57.4922 1.43056 -13 2692 1 0 1
17.5134 -98.6484 325.556 3.91257 -15.5034 61.083 2.19299 -13 2693 1 0 1
-41.1554 -14.45 325.556 -6.16767 -0.963382 37.8978 2.71225 -13 2694 1 0 1
10.1933 50.5661 325.556 2.28509 7.79381 59.1468 0.629467 -13 2695 1 0 1
-63.3273 -64.5523 325.556 -12.2417 -8.00123 50.4802 4.75985 -13 2696 1 0 1
32.3568 52.7585 325.556 8.02402 9.27921 68.4336 -0.0582595 -13 2698 1 0 1
-66.2056 3.85672 325.556 -11.3107 0.375595 43.5808 2.46897 -13 2699 1 0 1
-51.3875 -40.708 325.556 -11.8636 -5.94417 61.8954 0.57516 -13 2700 1 0 1
-68.8392 -6.37946 325.556 -15.7639 -0.896539 60.9986 2.66863 -13 2701 1 0 1
-50.7829 -35.7728 325.556 -8.77747 -3.82161 44.5921 2.2418 -13 2702 1 0 1
-6.06824 6.80799 325.556 -1.92108 1.19897 72.0317 3.65788 -13 2703 1 0 1
-42.0081 42.1945 325.556 -9.63954 6.89263 61.3846 1.56408 -13 2704 1 0 1
25.1585 -56.69 325.556 5.94481 -8.90811 63.2525 1.80356 -13 2705 1 0 1
-43.8901 63.1761 325.556 -9.36383 8.37998 56.8373 4.95324 -13 2706 1 0 1
-40.8213 23.3286 325.556 -9.30336 3.66779 60.7026 1.80883 -13 2707 1 0 1
12.738 -25.0434 325.556 3.00559 -5.63915 70.8211 -0.0578837 -13 2708 1 0 1
-12.7335 47.979 325.556 -3.82619 10.1233 73.6894 2.27896 -13 2709 1 0 1
-55.5352 39.8564 325.556 -13.2075 6.79516 63.5626 1.16989 -13 2710 1 0 1
-39.5584 -22.1522 325.556 -11.608 -4.25641 76.8709 1.8948 -13 2711 1 0 1
23.4787 -64.9938 325.556 5.83178 -11.731 72.2261 -0.157701 -13 2712 1 0 1
-37.1586 -45.2502 325.556 -11.0466 -8.99667 77.1789 -0.243951 -13 2713 1 0 1
-86.4547 -62.652 325.556 -18.7837 -9.09515 56.6015 1.84617 -13 2714 1 0 1
-51.786 -15.1818 325.556 -12.9594 -2.57514 67.2694 1.39742 -13 2715 1 0 1
-62.0037 26.4855 325.556 -10.9954 2.69645 46.1317 4.40546 -13 2716 1 0 1
12.9189 13.3324 325.556 3.08623 1.95961 66.9387 3.1423 -13 2717 1 0 1
72.0661 -26.5443 325.556 15.2261 -3.6189 54.4363 3.51655 -13 2718 1 0 1
-4.69199 -22.999 325.556 -2.2012 -5.71712 80.737 1.60875 -13 2719 1 0 1
-6.91432 77.9333 325.556 -1.20306 9.09693 49.6991 2.67574 -13 2720 1 0 1
49.8716 -29.9873 325.556 10.8589 -4.16132 56.323 -0.0239516 -13 2721 1 0 1
38.1139 -16.9953 325.556 9.56046 -2.33752 70.207 1.06725 -13 2722 1 0 1
-33.5253 8.86433 325.556 -8.62198 1.32545 68.9762 2.16557 -13 2723 1 0 1
66.9028 -44.6911 325.556 11.338 -3.87591 41.0182 3.71251 -13 2724 1 0 1
-11.3429 -17.4707 325.556 -2.83896 -3.28492 66.3595 1.16449 -13 2725 1 0 1
28.9926 24.2452 325.556 7.00232 4.58956 65.9521 0.954626 -13 2726 1 0 1
24.6509 -78.5313 325.556 3.38537 -4.51734 30.496 4.09078 -13 2727 1 0 1
-39.1865 -67.9769 325.556 -8.19605 -9.58413 55.4112 2.63678 -13 2729 1 0 1
59.0993 73.4307 325.556 13.4835 11.4968 60.8475 2.48375 -13 2730 1 0 1
34.6061 23.8515 325.556 7.25104 3.12807 53.8011 3.03748 -13 2731 1 0 1
-75.8496 -42.5036 325.556 -17.7802 -6.83315 61.9609 2.04566 -13 2732 1 0 1
-88.4933 -74.1235 325.556 -19.1893 -10.4493 56.7119 0.851887 -13 2733 1 0 1
-33.166 -26.9962 325.556 -10.2332 -5.5811 79.5289 1.19224 -13 2734 1 0 1
90.9551 -12.6005 325.556 20.2362 -1.61257 58.3248 1.59714 -13 2735 1 0 1
11.9106 -20.3806 325.556 2.81947 -2.97403 65.7834 1.81772 -13 2736 1 0 1
-10.5598 -26.2977 325.556 -3.21511 -4.74683 73.6957 2.20658 -13 2737 1 0 1
4.80792 0.104186 325.556 1.07885 -0.238892 67.6477 2.56725 -13 2738 1 0 1
-14.5799 -89.1022 325.556 -3.19554 -13.349 59.4613 2.46345 -13 2739 1 0 1
26.1297 -46.2418 325.556 6.56171 -8.78414 73.496 3.36681 -13 2740 1 0 1
37.7149 -6.90434 325.556 8.36822 -0.443455 57.258 2.49332 -13 2741 1 0 1
1.10402 -3.81904 325.556 0.187963 -0.248329 65.8712 1.69447 -13 2742 1 0 1
27.8435 -18.0273 325.556 6.75969 -3.57636 66.0476 3.26571 -13 2743 1 0 1
-34.7109 76.9993 325.556 -8.49658 13.2263 64.6797 1.43951 -13 2744 1 0 1
65.7785 -55.8361 325.556 14.6845 -8.52149 58.7245 2.24647 -13 2745 1 0 1
38.4257 -1.71472 325.556 8.62956 -0.377976 59.0524 2.17998 -13 2747 1 0 1
-3.44699 47.0617 325.556 -1.37586 9.52453 74.2487 0.948358 -13 2748 1 0 1
-17.5148 50.936 325.556 -5.90632 11.1225 79.3054 1.80506 -13 2749 1 0 1
-97.0509 -12.7202 325.556 -21.216 -1.49754 57.2046 1.83769 -13 2751 1 0 1
-50.9923 -12.6834 325.556 -11.121 -2.20483 58.1782 1.91046 -13 2752 1 0 1
3.80881 8.71701 325.556 1.00383 1.03147 52.9389 2.42658 -13 2753 1 0 1
22.0493 28.3822 325.556 4.48854 3.32971 50.0182 2.39317 -13 2754 1 0 1
78.289 11.1482 325.556 13.8824 0.938288 43.951 0.963872 -13 2755 1 0 1
-35.291 -3.61487 325.556 -9.94247 -0.204958 73.7951 -0.612462 -13 2756 1 0 1
7.50044 -27.7447 325.556 1.7843 -5.26108 62.9727 2.56771 -13 2757 1 0 1
27.4465 -31.3928 325.556 6.28962 -4.79463 60.4429 1.86736 -13 2758 1 0 1
27.7605 26.5883 325.556 6.76098 4.8406 68.0134 2.87458 -13 2759 1 0 1
47.345 28.7268 325.556 6.00622 1.43887 27.4846 5.7403 -13 2760 1 0 1
-30.2041 4.473 325.556 -6.69483 0.902708 59.8416 2.02936 -13 2761 1 0 1
-42.7684 5.08284 325.556 -10.8386 0.849722 67.1958 3.80022 -13 2762 1 0 1
79.3909 -30.5414 325.556 15.4741 -3.64364 48.843 1.65278 -13 2763 1 0 1
-54.2703 22.2948 325.556 -16.4536 4.29636 79.6082 0.290632 -13 2764 1 0 1
-61.98 -74.529 325.556 -13.7957 -10.6593 59.0959 1.72228 -13 2765 1 0 1
-33.8935 8.09039 325.556 -9.74953 0.649585 74.9849 -0.0661002 -13 2766 1 0 1
50.8813 -20.5436 325.556 10.8319 -2.99283 54.9014 2.80649 -13 2767 1 0 1
0.524103 30.7807 325.556 0.371475 3.75935 49.9464 -0.335778 -13 2768 1 0 1
0.755425 30.4096 325.556 0.123928 5.83925 66.0276 1.80557 -13 2769 1 0 1
-41.5607 8.30581 325.556 -9.98778 1.81361 65.1372 4.26603 -13 2770 1 0 1
14.3133 11.2905 325.556 3.33279 2.03455 58.0627 2.78977 -13 2772 1 0 1
-51.8318 -36.6351 325.556 -13.3851 -6.6077 68.5037 2.32197 -13 2773 1 0 1
-13.9949 -27.05 325.556 -3.8507 -5.45515 70.4536 3.18531 -13 2774 1 0 1
-23.3328 6.11211 325.556 -4.9756 0.658959 57.6494 2.0066 -13 2775 1 0 1
-45.5635 -14.6628 325.556 -10.7081 -2.72527 63.2841 4.49254 -13 2776 1 0 1
33.4896 -3.36178 325.556 8.39475 -0.468439 70.0072 2.38637 -13 2778 1 0 1
-28.708 51.4102 325.556 -7.04836 8.76827 64.8002 2.15864 -13 2780 1 0 1
-11.4325 20.6921 325.556 -2.97426 3.83741 68.3179 1.22908 -13 2781 1 0 1
-5.83947 -30.7599 325.556 -1.38822 -4.82399 64.1172 3.52196 -13 2782 1 0 1
-37.3345 11.3414 325.556 -9.92435 2.48756 70.6773 1.45084 -13 2783 1 0 1
-61.0584 -36.9114 325.556 -7.96015 -2.5964 31.1245 4.12498 -13 2784 1 0 1
-38.0743 -32.9634 325.556 -10.3218 -5.82369 71.3104 3.27333 -13 2785 1 0 1
3.35125 1.34621 325.556 0.896574 0.17953 58.8877 1.1349 -13 2786 1 0 1
-11.9882 1.868 325.556 -3.08563 0.786273 67.9909 2.39882 -13 2787 1 0 1
3.18214 -58.8463 325.556 0.783056 -8.07933 56.6546 2.87879 -13 2788 1 0 1
49.6528 3.91312 325.556 11.5732 0.00306035 61.9565 1.27905 -13 2789 1 0 1
-39.6668 -39.3623 325.556 -7.65638 -4.22793 51.1032 2.69526 -13 2790 1 0 1
17.1503 -27.9763 325.556 4.0808 -4.22713 64.7656 0.820799 -13 2791 1 0 1
-39.7717 10.7745 325.556 -9.61235 2.37393 64.5106 0.680373 -13 2792 1 0 1
38.0644 -44.7299 325.556 9.08712 -7.24346 64.4487 2.09172 -13 2793 1 0 1
2.05375 34.7747 325.556 0.23359 6.32992 73.36 1.74322 -13 2794 1 0 1
22.0315 -55.3293 325.556 5.10343 -8.06621 60.7369 1.47155 -13 2795 1 0 1
13.7923 -17.4567 325.556 1.89114 -0.951354 28.1376 4.12308 -13 2796 1 0 1
-34.2309 24.3851 325.556 -8.98447 4.59752 69.3428 1.79214 -13 2797 1 0 1
-25.0207 -22.1847 325.556 -7.38424 -4.11013 75.3125 1.68907 -13 2798 1 0 1
22.7162 17.7625 325.556 4.77443 2.06968 52.7936 3.45055 -13 2799 1 0 1
9.82969 10.8786 325.556 2.21436 1.58849 51.3141 2.10536 -13 2800 1 0 1
-39.5753 -29.3342 325.556 -10.9805 -6.42142 73.5072 1.98267 -13 2801 1 0 1
-24.0991 25.4684 325.556 -6.72018 5.00346 72.8227 0.218006 -13 2802 1 0 1
3.03936 26.3696 325.556 0.0844546 6.10842 80.3233 3.00374 -13 2804 1 0 1
-20.6721 -31.8105 325.556 -5.96312 -6.60599 73.441 3.47814 -13 2805 1 0 1
106.197 4.42299 325.556 22.5877 0.364061 54.6019 2.98621 -13 2806 1 0 1
6.26468 96.0927 325.556 1.35879 16.8414 68.1681 2.43765 -13 2807 1 0 1
36.8763 -9.08417 325.556 9.1286 -1.53058 69.7611 1.84318 -13 2808 1 0 1
16.3292 67.6851 325.556 3.48236 8.09727 50.1499 1.90886 -13 2809 1 0 1
-22.9956 45.3886 325.556 -6.41364 8.62776 71.9783 2.84537 -13 2810 1 0 1
30.9517 -71.2537 325.556 6.49622 -9.02895 52.7995 2.00419 -13 2811 1 0 1
54.9647 18.0788 325.556 13.5937 2.76399 67.4248 2.1432 -13 2812 1 0 1
51.1611 19.2196 325.556 10.0579 2.76092 49.5535 1.96129 -13 2813 1 0 1
-36.7522 -7.70791 325.556 -8.0287 -1.0373 59.0441 3.99922 -13 2814 1 0 1
-46.7223 -11.9497 325.556 -11.6236 -1.93908 66.0802 3.70572 -13 2815 1 0 1
-31.3212 -16.0163 325.556 -7.7251 -3.48435 65.9205 3.83692 -13 2816 1 0 1
53.9049 28.3416 325.556 13.2467 4.71462 67.2734 1.11106 -13 2817 1 0 1
90.9139 22.1177 325.556 22.3371 4.58854 66.7228 2.51099 -13 2818 1 0 1
21.639 29.26 325.556 5.45996 5.80539 75.3356 1.99597 -13 2820 1 0 1
-10.5174 27.9007 325.556 -3.28257 6.20801 74.8652 4.28109 -13 2821 1 0 1
-15.1191 54.4864 325.556 -3.28884 8.67427 59.2611 0.332809 -13 2822 1 0 1
16.0449 50.9362 325.556 3.87573 10.8716 76.3964 2.88941 -13 2823 1 0 1
46.7475 -30.1192 325.556 10.8205 -4.58642 62.3243 0.746411 -13 2824 1 0 1
68.2267 31.4375 325.556 15.4859 4.54839 60.0848 2.80252 -13 2825 1 0 1
53.6669 -35.816 325.556 6.03081 -1.07858 24.2425 3.08168 -13 2826 1 0 1
51.3927 3.08178 325.556 13.0571 0.547297 70.9338 2.63824 -13 2827 1 0 1
-25.9704 -29.9615 325.556 -6.66469 -5.22791 68.76 2.97394 -13 2828 1 0 1
52.2945 -46.7244 325.556 13.1752 -8.88175 69.4521 2.01884 -13 2830 1 0 1
-47.3388 8.93681 325.556 -14.2593 2.54361 78.9328 1.58604 -13 2831 1 0 1
6.9676 -8.00015 325.556 1.72335 -1.24311 61.5247 3.4273 -13 2832 1 0 1
-46.8548 -5.7217 325.556 -12.1418 -1.72088 68.733 1.51569 -13 2833 1 0 1
5.88785 -3.97056 325.556 1.24564 -0.464217 72.027 0.877096 -13 2834 1 0 1
10.276 12.6335 325.556 2.42025 2.38336 68.9408 3.47794 -13 2835 1 0 1
-40.869 9.59548 325.556 -7.08959 0.847693 45.4183 1.37809 -13 2836 1 0 1
-8.57204 44.3256 325.556 -2.08462 6.72449 63.9858 1.78066 -13 2837 1 0 1
27.5043 -5.84189 325.556 6.84525 -1.46288 79.3821 4.13156 -13 2838 1 0 1
3.32636 -0.754108 325.556 0.66539 0.448938 65.9188 0.887554 -13 2839 1 0 1
39.5924 21.7215 325.556 8.04605 2.99798 51.0009 2.17128 -13 2841 1 0 1
1.26701 1.48814 325.556 0.466073 0.614004 54.9901 1.77469 -13 2842 1 0 1
-65.6502 -14.0898 325.556 -15.0572 -1.43825 60.8625 3.28268 -13 2843 1 0 1
107.335 -5.52562 325.556 26.7557 -1.19116 67.481 4.47382 -13 2844 1 0 1
42.7401 -18.7694 325.556 6.20329 -0.774974 33.0376 3.81802 -13 2845 1 0 1
6.4064 21.2546 325.556 1.56675 4.39698 64.8224 1.64121 -13 2846 1 0 1
16.724 0.279878 325.556 3.96136 0.0906193 64.9215 2.62131 -13 2847 1 0 1
-39.9288 -13.4776 325.556 -7.42546 -1.91085 49.3582 2.17277 -13 2848 1 0 1
-30.5976 35.0067 325.556 -6.71006 5.44203 58.79 0.413885 -13 2849 1 0 1
93.4771 9.51317 325.556 16.6912 0.941644 43.9152 1.8271 -13 2850 1 0 1
16.0381 4.18184 325.556 3.85291 1.21737 77.4363 -0.0805206 -13 2851 1 0 1
76.2814 -8.34568 325.556 18.3022 -0.895118 64.6909 1.09746 -13 2852 1 0 1
-59.1506 -27.8372 325.556 -14.6748 -4.87634 66.0884 3.76221 -13 2853 1 0 1
-15.2791 20.8355 325.556 -4.24253 4.06729 71.3782 -0.0168233 -13 2854 1 0 1
-0.201106 -16.5742 325.556 -0.732606 -3.73761 80.5232 2.57415 -13 2855 1 0 1
5.97839 9.10024 325.556 1.41525 1.22882 65.4238 1.10592 -13 2857 1 0 1
-0.390068 -11.1182 325.556 0.0460788 -1.53796 56.2616 0.962221 -13 2858 1 0 1
56.5997 21.4804 325.556 12.22 3.0434 56.4018 2.87822 -13 2859 1 0 1
40.9567 7.06009 325.556 9.55606 1.00205 63.0269 -0.574417 -13 2860 1 0 1
14.4453 28.3892 325.556 3.40748 6.36703 78.0953 3.22126 -13 2861 1 0 1
1.07426 -19.1684 325.556 0.36856 -3.13378 61.332 2.43488 -13 2862 1 0 1
-5.21975 17.8974 325.556 -1.42189 3.0416 67.4677 1.08532 -13 2863 1 0 1
19.0192 -31.9612 325.556 4.28187 -5.10195 60.0253 0.86781 -13 2864 1 0 1
33.3286 -10.8446 325.556 6.12422 -1.10626 44.3023 1.05134 -13 2865 1 0 1
-92.531 32.6402 325.556 -17.328 4.02198 47.5341 1.46929 -13 2866 1 0 1
-20.3048 32.4606 325.556 -3.1025 3.15033 40.8674 1.05834 -13 2867 1 0 1
41.0069 -16.0902 325.556 9.88897 -2.41907 65.2999 3.7383 -13 2868 1 0 1
57.8154 27.1263 325.556 13.1805 3.97832 60.419 2.98449 -13 2869 1 0 1
45.6201 -41.0259 325.556 11.0833 -7.09397 66.49 0.705524 -13 2870 1 0 1
0.688538 11.6908 325.556 0.0981064 2.23006 67.006 1.16115 -13 2871 1 0 1
20.564 37.4565 325.556 4.7584 5.54126 61.3045 2.40176 -13 2872 1 0 1
10.0008 33.9195 325.556 2.35835 5.66208 70.6675 -0.136187 -13 2873 1 0 1
25.2313 74.7472 325.556 5.26269 9.09901 51.6245 1.74083 -13 2875 1 0 1
-58.2535 16.3362 325.556 -16.8882 3.5071 76.6371 3.73321 -13 2877 1 0 1
2.08184 16.0735 325.556 0.483066 0.834231 32.9948 1.59417 -13 2878 1 0 1
-88.1521 16.6741 325.556 -15.3661 1.7872 44.0348 2.40557 -13 2879 1 0 1
-21.0257 24.3884 325.556 -4.617 4.31778 59.5943 3.16263 -13 2880 1 0 1
41.0868 -37.0116 325.556 9.48338 -5.7356 61.1517 4.398 -13 2881 1 0 1
0.49305 20.7488 325.556 0.113668 3.2503 61.153 2.48584 -13 2882 1 0 1
-37.85 -31.7443 325.556 -10.2431 -5.97903 71.3448 2.00914 -13 2883 1 0 1
-37.8024 35.7156 325.556 -8.18564 5.36382 58.2684 2.96495 -13 2884 1 0 1
-22.5558 0.50389 325.556 -4.424 0.395519 53.5506 4.60414 -13 2885 1 0 1
-6.08297 -21.5276 325.556 -0.942737 -2.88943 50.3811 0.0700399 -13 2887 1 0 1
74.2929 78.284 325.556 14.5611 9.08934 49.7093 -0.0723647 -13 2888 1 0 1
-18.5378 -25.0822 325.556 -5.1313 -4.94048 71.5934 0.759161 -13 2889 1 0 1
-25.9402 44.1114 325.556 -6.03919 7.23952 62.1896 0.983508 -13 2890 1 0 1
-11.4029 36.2722 325.556 -3.46015 7.24173 74.3173 3.98243 -13 2891 1 0 1
27.7377 69.9768 325.556 5.89003 9.41343 54.0083 2.22356 -13 2892 1 0 1
36.5573 3.67535 325.556 4.01094 0.286447 22.5357 2.57294 -13 2893 1 0 1
81.7351 10.9906 325.556 17.9265 1.95207 57.177 3.85781 -13 2894 1 0 1
65.9124 -13.0979 325.556 9.6925 -0.729752 34.367 3.33605 -13 2895 1 0 1
-40.0775 27.8991 325.556 -9.02075 4.85544 60.6625 1.96522 -13 2896 1 0 1
-8.47855 15.1091 325.556 -2.28406 2.73276 67.8129 2.77983 -13 2897 1 0 1
-13.595 -42.7351 325.556 -3.10593 -6.98754 62.3362 1.5383 -13 2898 1 0 1
-29.0577 54.5222 325.556 -6.16172 7.19209 56.9401 1.99742 -13 2899 1 0 1
83.2118 -49.5224 325.556 20.0448 -8.17153 64.9532 3.46089 -13 2900 1 0 1
-17.2886 -11.9346 325.556 -5.40192 -2.47097 76.9763 1.31064 -13 2901 1 0 1
-18.6033 39.8278 325.556 -4.535 7.33754 65.1663 4.29831 -13 2902 1 0 1
-9.57956 36.467 325.556 -2.63002 6.49706 68.9229 0.171608 -13 2904 1 0 1
12.4144 -11.3971 325.556 3.00252 -2.41299 72.8006 2.51966 -13 2905 1 0 1
-19.4395 31.6219 325.556 -3.35903 3.45616 46.3907 4.744 -13 2906 1 0 1
-7.33416 1.89624 325.556 -2.66128 0.220387 78.2 1.96142 -13 2907 1 0 1
-36.8752 -64.0373 325.556 -7.24505 -8.50514 52.7958 2.39257 -13 2908 1 0 1
-38.3409 12.9914 325.556 -9.1886 1.89945 63.4306 3.71594 -13 2909 1 0 1
-24.7861 9.99287 325.556 -7.95899 2.73145 79.7794 0.971736 -13 2910 1 0 1
-51.9255 33.9718 325.556 -13.4033 6.2064 68.5883 4.83738 -13 2911 1 0 1
34.1784 -17.8134 325.556 7.55251 -2.18067 57.2145 2.07956 -13 2912 1 0 1
13.6846 43.3544 325.556 3.3497 9.28946 76.1412 -0.438316 -13 2913 1 0 1
-83.3163 31.3198 325.556 -15.8111 3.78922 48.7239 2.35196 -13 2914 1 0 1
81.7195 -17.5956 325.556 20.2735 -3.23537 67.7573 2.62094 -13 2915 1 0 1
35.5982 -29.3264 325.556 8.55581 -5.43309 65.6351 2.22769 -13 2916 1 0 1
-9.33603 14.1906 325.556 -2.15916 2.27123 63.5065 5.21115 -13 2917 1 0 1
38.9858 6.66603 325.556 8.88509 1.3631 60.5673 1.69309 -13 2918 1 0 1
28.2904 19.1775 325.556 6.96555 3.43837 69.2924 2.06517 -13 2919 1 0 1
-31.2422 34.4202 325.556 -8.3004 6.61066 69.8267 2.49072 -13 2920 1 0 1
-21.4789 24.5751 325.556 -6.14294 5.38767 73.3878 2.19959 -13 2921 1 0 1
60.3642 0.759623 325.556 14.8948 0.330863 67.8154 2.3073 -13 2922 1 0 1
43.108 63.9041 325.556 10.2892 10.435 65.319 -1.18064 -13 2923 1 0 1
-25.7148 -5.42245 325.556 -6.80357 -0.963883 69.3939 1.51053 -13 2924 1 0 1
-2.86256 34.0008 325.556 -1.03429 6.85204 72.8739 1.30911 -13 2926 1 0 1
90.9262 7.17088 325.556 15.6712 0.711775 42.0612 2.9213 -13 2927 1 0 1
22.9686 61.8457 325.556 4.95421 8.21113 54.9636 0.373116 -13 2928 1 0 1
25.6583 8.52176 325.556 4.02334 0.769258 35.2591 3.44012 -13 2929 1 0 1
-62.17 49.0011 325.556 -16.3413 9.14633 69.8983 -0.056343 -13 2930 1 0 1
-27.6233 55.3951 325.556 -5.96607 8.37641 58.378 3.1597 -13 2931 1 0 1
-1.15695 -9.69807 325.556 0.0131014 -1.65191 54.3091 0.925664 -13 2932 1 0 1
-52.3938 -1.76969 325.556 -12.4723 0.138132 63.5797 2.36538 -13 2933 1 0 1
29.7629 -26.2084 325.556 6.9259 -4.85319 62.6656 3.74618 -13 2934 1 0 1
-14.4328 6.66705 325.556 -3.2751 1.43758 60.9862 1.90442 -13 2935 1 0 1
11.0233 18.725 325.556 2.62868 3.46332 74.6137 1.03154 -13 2936 1 0 1
-16.6351 1.39037 325.556 -3.00845 0.808377 49.4783 0.370839 -13 2937 1 0 1
83.7783 -10.215 325.556 14.6284 -0.886033 42.8279 4.27386 -13 2938 1 0 1
14.3252 38.8345 325.556 3.35078 8.60169 78.5893 1.30317 -13 2939 1 0 1
32.1051 21.7941 325.556 7.64171 3.40052 63.2573 1.58328 -13 2940 1 0 1
19.8911 8.12416 325.556 4.27099 0.961341 55.2768 0.735698 -13 2942 1 0 1
-6.32645 78.0121 325.556 -1.29767 10.7586 57.3181 1.73089 -13 2943 1 0 1
24.0306 1.73346 325.556 5.59608 0.491481 61.7374 3.52699 -13 2944 1 0 1
-27.2393 -6.82301 325.556 -5.65465 -1.88668 56.4705 5.59835 -13 2945 1 0 1
-32.5174 49.052 325.556 -7.3737 8.29014 60.7207 0.0195756 -13 2947 1 0 1
-6.87762 23.5116 325.556 -1.00201 2.47717 46.3995 2.31472 -13 2948 1 0 1
-24.0275 -48.2915 325.556 -6.32446 -9.1577 68.7428 2.56183 -13 2949 1 0 1
-18.4128 -22.9181 325.556 -3.62244 -2.65595 55.3761 1.59322 -13 2950 1 0 1
40.735 -22.9247 325.556 8.83043 -4.02519 55.5724 1.47242 -13 2951 1 0 1
-32.5112 10.6607 325.556 -7.64263 1.88876 63.2106 2.25264 -13 2952 1 0 1
-4.96303 20.7915 325.556 -1.30655 3.72744 67.7232 1.9072 -13 2953 1 0 1
-3.9169 -10.1889 325.556 -0.654083 -2.10556 57.4281 0.386077 -13 2955 1 0 1
-15.3744 13.2395 325.556 -4.15552 2.18361 70.8657 1.46253 -13 2956 1 0 1
-17.9189 16.025 325.556 -4.84582 3.37066 69.7545 3.14057 -13 2957 1 0 1
48.0811 60.631 325.556 10.6151 8.2473 58.4469 3.71805 -13 2958 1 0 1
41.4223 -16.6855 325.556 11.0143 -3.6219 77.3911 0.659654 -13 2959 1 0 1
-15.9848 38.8723 325.556 -3.89797 6.04371 64.98 2.46119 -13 2960 1 0 1
50.3547 -59.9088 325.556 11.9602 -9.68145 63.4837 4.39637 -13 2961 1 0 1
67.6732 -53.9448 325.556 11.1538 -4.52697 40.7089 4.8775 -13 2965 1 0 1
36.1053 7.51762 325.556 8.86141 1.21167 67.7025 0.193685 -13 2966 1 0 1
-4.33999 -27.8142 325.556 -1.40796 -4.7396 71.7208 3.16723 -13 2968 1 0 1
-44.0139 -25.5412 325.556 -11.2038 -4.66117 68.058 3.50644 -13 2969 1 0 1
84.5362 -31.2243 325.556 20.2672 -5.22395 64.5596 1.49946 -13 2970 1 0 1
-32.4935 -24.7595 325.556 -9.00232 -5.03379 72.96 0.739583 -13 2971 1 0 1
27.8458 -7.19997 325.556 6.95335 -1.40762 69.5069 3.22144 -13 2972 1 0 1
-26.1048 -4.87926 325.556 -8.36297 -1.1487 78.4077 2.66012 -13 2973 1 0 1
-4.42184 108.829 325.556 -0.246863 -0.606852 15.1456 7.20335 -13 2974 1 0 1
-24.5428 -25.6132 325.556 -6.39991 -5.48609 68.9278 2.51561 -13 2975 1 0 1
0.884785 -31.9303 325.556 0.133913 -5.54897 64.7221 2.74901 -13 2976 1 0 1
58.0098 -54.4312 325.556 13.6555 -9.11127 62.7272 2.92546 -13 2977 1 0 1
-36.3514 35.0679 325.556 -7.00127 3.87879 51.6627 3.91573 -13 2978 1 0 1
26.3809 -55.0511 325.556 6.0107 -8.01466 59.8886 1.27705 -13 2979 1 0 1
-43.858 19.6144 325.556 -8.70515 2.52642 52.4902 1.83096 -13 2980 1 0 1
26.4617 -3.82089 325.556 5.83677 -0.839918 56.1051 4.52145 -13 2981 1 0 1
12.6871 -5.08224 325.556 3.03838 -0.844593 67.2408 0.75701 -13 2982 1 0 1
15.7603 17.3782 325.556 3.66732 2.78933 62.5194 0.557461 -13 2983 1 0 1
-68.0607 -1.99596 325.556 -18.9775 0.0655973 74.3161 2.68691 -13 2984 1 0 1
25.1942 -26.3851 325.556 5.04022 -3.20307 49.0032 1.61068 -13 2985 1 0 1
72.6094 10.8401 325.556 15.2951 1.75831 54.2658 3.20295 -13 2986 1 0 1
-40.6099 49.9991 325.556 -11.4277 10.1205 74.0779 1.46873 -13 2987 1 0 1
93.6458 -54.3176 325.556 18.2925 -5.71151 48.9205 2.77529 -13 2988 1 0 1
31.1468 -2.68997 325.556 7.72144 -0.543566 68.6372 1.32784 -13 2989 1 0 1
-40.7575 -21.3852 325.556 -9.60236 -3.79856 63.2678 1.18673 -13 2990 1 0 1
6.82335 0.908718 325.556 1.50889 -0.0613177 71.7936 1.88822 -13 2991 1 0 1
-53.7 0.808812 325.556 -14.2386 0.736215 70.3975 1.66543 -13 2992 1 0 1
-23.1231 -1.32017 325.556 -6.62398 -0.464622 74.25 0.386158 -13 2993 1 0 1
-15.3505 18.6775 325.556 -3.52939 2.69979 62.9481 3.01286 -13 2994 1 0 1
0.579375 -29.6836 325.556 -0.453907 -6.11501 77.2804 0.708561 -13 2995 1 0 1
0.318107 -33.3557 325.556 0.153067 -4.66171 58.773 1.13951 -13 2996 1 0 1
-62.9852 -2.92781 325.556 -16.4873 -0.55692 69.8103 0.666649 -13 2998 1 0 1
4.76174 13.6217 325.556 1.0921 2.27293 66.0311 1.72433 -13 2999 1 0 1
7.91754 12.1019 325.556 1.73708 2.18003 73.7602 3.82114 -13 3000 1 0 1
-12.9813 -5.44267 325.556 -3.36859 -1.70238 67.9679 2.08253 -13 3001 1 0 1
-73.2415 33.868 325.556 -21.0892 6.87276 76.374 2.49818 -13 3002 1 0 1
-32.8256 70.3954 325.556 -8.28826 12.2196 66.2092 3.66636 -13 3004 1 0 1
13.2506 -0.782788 325.556 3.20835 0.00804296 67.8501 1.16204 -13 3005 1 0 1
-36.9472 22.0485 325.556 -9.14681 4.06952 66.0123 3.88404 -13 3006 1 0 1
-74.9994 20.3747 325.556 -19.4174 4.14414 68.8085 1.19418 -13 3007 1 0 1
106.504 -21.9255 325.556 20.3129 -2.72207 47.5407 1.45022 -13 3008 1 0 1
-11.8198 4.05582 325.556 -3.43461 0.915433 72.8722 -0.265401 -13 3009 1 0 1
15.2677 56.5086 325.556 3.3841 8.22965 55.9186 2.46432 -13 3010 1 0 1
6.31063 6.44927 325.556 1.4546 1.2161 63.205 0.136955 -13 3011 1 0 1
-2.64107 -59.8608 325.556 -0.492583 -8.00977 55.7516 4.93139 -13 3012 1 0 1
61.9406 -39.3711 325.556 13.3131 -5.24788 55.947 2.48078 -13 3013 1 0 1
12.3347 -15.3043 325.556 2.94907 -2.9038 74.0691 1.03608 -13 3014 1 0 1
57.2539 -43.6025 325.556 15.0138 -8.15035 74.3796 3.41068 -13 3015 1 0 1
-35.8114 -26.6353 325.556 -6.8939 -3.02005 51.6009 3.93249 -13 3016 1 0 1
-19.1655 12.5929 325.556 -5.31187 1.81143 70.9574 1.59395 -13 3017 1 0 1
-31.821 52.6863 325.556 -6.89542 7.90859 57.842 4.51802 -13 3018 1 0 1
47.9902 2.64199 325.556 12.0194 0.456291 69.5725 3.72933 -13 3020 1 0 1
32.1742 24.42 325.556 7.9531 5.30824 68.3854 1.2847 -13 3021 1 0 1
35.7963 12.5351 325.556 7.73204 1.50636 56.0831 1.46411 -13 3022 1 0 1
-1.87117 40.2525 325.556 -0.375378 5.77485 61.6814 1.91327 -13 3023 1 0 1
49.3774 7.16351 325.556 7.53849 0.428192 35.5578 5.47163 -13 3024 1 0 1
46.1855 -44.9699 325.556 7.08748 -3.5709 36.3567 4.14692 -13 3025 1 0 1
29.9358 35.1565 325.556 6.93777 5.90545 61.1637 0.990154 -13 3026 1 0 1
-67.3958 38.6997 325.556 -16.3603 6.37774 64.2924 3.73508 -13 3027 1 0 1
-32.3207 30.8205 325.556 -5.15986 2.70943 41.6699 0.193232 -13 3028 1 0 1
67.7026 -43.8781 325.556 16.5867 -7.9165 66.7199 0.803265 -13 3029 1 0 1
8.09416 29.6933 325.556 1.746 3.35575 50.9406 2.62397 -13 3030 1 0 1
-41.0752 12.5076 325.556 -9.96794 1.81745 65.3919 2.29345 -13 3032 1 0 1
-32.7989 -32.7073 325.556 -7.86286 -5.20689 64.3574 -0.750068 -13 3033 1 0 1
79.6669 -50.2437 325.556 15.9108 -5.82897 50.9354 2.83079 -13 3034 1 0 1
13.0987 1.56757 325.556 3.10542 0.214122 63.5397 5.03233 -13 3035 1 0 1
-66.2286 -45.0094 325.556 -15.1986 -6.81805 60.9446 2.29517 -13 3036 1 0 1
-25.5034 -3.69846 325.556 -6.13056 -0.374058 64.1983 3.20018 -13 3037 1 0 1
-18.5947 -14.2051 325.556 -4.47889 -1.9105 64.7994 1.98278 -13 3038 1 0 1
13.3854 34.4679 325.556 3.13041 5.05499 60.7871 1.43811 -13 3039 1 0 1
21.0943 1.63256 325.556 5.05883 -0.812664 66.2307 1.63966 -13 3040 1 0 1
59.2039 12.7969 325.556 11.4203 1.55979 48.8244 1.86137 -13 3041 1 0 1
-47.103 -14.5992 325.556 -14.4069 -3.39603 79.8952 2.24537 -13 3042 1 0 1
57.7192 7.29911 325.556 12.7292 1.73873 58.2081 2.12999 -13 3043 1 0 1
-19.9694 -58.3433 325.556 -4.26635 -8.1643 58.6473 2.61715 -13 3044 1 0 1
67.1744 -59.3961 325.556 15.7389 -9.21131 62.6561 0.294167 -13 3045 1 0 1
-4.40302 -30.9108 325.556 -1.66578 -6.18539 75.1596 0.263413 -13 3046 1 0 1
12.7401 -23.8746 325.556 3.054 -3.45043 61.6027 2.08892 -13 3047 1 0 1
33.1016 -26.6364 325.556 7.74017 -3.49915 61.6361 1.93757 -13 3048 1 0 1
3.72967 59.9576 325.556 0.573898 1.66521 22.4918 4.44766 -13 3049 1 0 1
15.983 15.4781 325.556 3.92992 2.60283 76.2106 0.347439 -13 3050 1 0 1
1.47561 -21.1993 325.556 0.48693 -3.30567 60.6733 1.58574 -13 3051 1 0 1
8.31945 11.6972 325.556 1.9115 2.98494 71.9297 0.732361 -13 3052 1 0 1
70.0842 8.86558 325.556 15.6813 1.22245 58.7916 1.40831 -13 3053 1 0 1
14.9795 42.5567 325.556 3.46708 7.79887 66.2911 2.13501 -13 3054 1 0 1
9.87361 15.7068 325.556 2.33512 2.21957 65.0432 4.03149 -13 3055 1 0 1
-35.2844 -36.936 325.556 -9.24926 -6.50709 69.2136 0.721848 -13 3057 1 0 1
22.4954 12.8618 325.556 4.94999 1.70869 55.7972 1.84789 -13 3058 1 0 1
11.7898 -20.1892 325.556 2.75855 -4.06914 65.6573 1.98181 -13 3059 1 0 1
-54.3714 -3.74987 325.556 -10.32 -0.162104 50.0321 2.76668 -13 3060 1 0 1
5.74576 20.0925 325.556 1.35475 3.45032 63.4734 3.82742 -13 3061 1 0 1
42.7875 27.7938 325.556 3.99169 0.345092 18.1771 6.42469 -13 3062 1 0 1
-22.8073 -19.0038 325.556 -5.93106 -3.6698 68.7342 1.42921 -13 3063 1 0 1
7.14624 -84.2476 325.556 1.5924 -15.8756 70.7661 1.14535 -13 3064 1 0 1
19.0303 62.0574 325.556 4.57655 10.3439 66.5218 4.34251 -13 3065 1 0 1
-1.50314 -15.7426 325.556 -0.39753 -3.09506 64.0503 3.77138 -13 3066 1 0 1
-49.0945 21.8857 325.556 -12.7638 4.17251 69.2441 3.58341 -13 3067 1 0 1
-47.1235 -9.95898 325.556 -10.5465 -1.67012 59.746 3.50165 -13 3068 1 0 1
90.6036 -39.8052 325.556 15.2422 -4.10061 40.9964 3.54254 -13 3069 1 0 1
-40.839 23.9146 325.556 -10.1833 4.57661 66.4208 3.42638 -13 3070 1 0 1
-50.9142 13.2024 325.556 -15.2801 2.28261 78.7214 2.15455 -13 3072 1 0 1
-94.0736 26.8026 325.556 -23.0087 4.3336 64.476 0.90473 -13 3073 1 0 1
25.7589 43.0378 325.556 6.32676 7.91143 69.0093 1.96739 -13 3074 1 0 1
-10.7243 18.0571 325.556 -3.53744 4.16463 77.6944 2.47803 -13 3075 1 0 1
-0.579399 30.0353 325.556 -0.527643 5.90105 73.5404 2.05327 -13 3076 1 0 1
11.6794 -20.8163 325.556 2.68268 -4.70517 77.4614 1.91296 -13 3077 1 0 1
79.1135 45.5815 325.556 14.2649 4.50509 44.798 1.64939 -13 3078 1 0 1
10.9009 37.5863 325.556 2.49098 7.82837 74.6596 0.0696265 -13 3079 1 0 1
46.0925 32.7303 325.556 10.4921 5.02728 60.2971 0.605716 -13 3080 1 0 1
-30.8327 -39.6061 325.556 -6.65178 -5.81772 58.5581 3.16272 -13 3081 1 0 1
10.9314 -44.4565 325.556 2.51488 -8.08022 67.461 2.54283 -13 3082 1 0 1
54.6749 -4.53581 325.556 12.5684 -0.752816 60.6497 0.504506 -13 3083 1 0 1
0.816831 -14.2533 325.556 0.086002 -2.5312 69.2892 1.97129 -13 3084 1 0 1
25.5116 -21.6533 325.556 6.10614 -3.99177 67.1165 1.48802 -13 3085 1 0 1
-45.5766 4.16403 325.556 -7.86667 0.721509 44.7345 2.66915 -13 3086 1 0 1
26.61 -35.3528 325.556 6.43824 -6.57501 68.8408 2.26547 -13 3087 1 0 1
-22.6312 -94.1692 325.556 -4.48503 -11.978 53.3418 1.56161 -13 3088 1 0 1
-2.91986 32.9371 325.556 -0.897294 6.41998 68.9435 2.27513 -13 3089 1 0 1
-57.7958 1.33799 325.556 -12.4667 0.572265 57.5411 2.86723 -13 3090 1 0 1
9.4998 -65.3074 325.556 2.09455 -13.4893 75.3528 1.07062 -13 3091 1 0 1
-12.9151 59.3388 325.556 -3.75437 11.529 71.8341 2.13008 -13 3092 1 0 1
42.0607 39.2415 325.556 7.96521 4.42382 47.1109 2.82256 -13 3093 1 0 1
-41.1838 -24.0646 325.556 -10.4195 -4.24563 67.5938 0.685139 -13 3094 1 0 1
24.8136 19.8239 325.556 6.1902 3.33197 72.4457 4.12128 -13 3095 1 0 1
19.0227 -60.9387 325.556 4.5992 -11.0882 70.1266 1.28731 -13 3096 1 0 1
61.1889 61.677 325.556 15.9327 12.7243 73.2759 1.62822 -13 3097 1 0 1
0.0739273 -26.6823 325.556 -0.133361 -4.68057 70.2664 -0.362352 -13 3099 1 0 1
8.3199 1.83851 325.556 1.92938 0.255228 57.6978 1.95525 -13 3100 1 0 1
-15.0118 25.7036 325.556 -3.96944 4.64815 69.4325 3.25264 -13 3101 1 0 1
30.7235 26.3241 325.556 7.05751 4.07217 60.9827 1.51039 -13 3102 1 0 1
-47.3028 -49.0986 325.556 -12.4287 -9.29413 69.8279 2.69288 -13 3103 1 0 1
-7.68831 -13.1133 325.556 -1.51448 -2.19534 57.1133 3.41959 -13 3104 1 0 1
-24.9603 -11.9173 325.556 -7.0586 -2.33115 73.2725 1.86012 -13 3105 1 0 1
27.9938 8.50445 325.556 7.16637 2.03628 75.2358 2.12162 -13 3106 1 0 1
-16.4373 26.7602 325.556 -4.91911 5.84249 75.015 3.31859 -13 3107 1 0 1
-10.0536 31.9153 325.556 -2.25677 5.42644 62.5192 1.87107 -13 3108 1 0 1
-12.5177 -0.631737 325.556 -1.94702 0.224266 44.6937 3.28082 -13 3109 1 0 1
-36.7763 13.1751 325.556 -8.9223 2.13026 65.5978 2.09424 -13 3110 1 0 1
-39.9056 -20.2268 325.556 -11.3797 -4.02161 75.2556 2.09306 -13 3112 1 0 1
19.7806 -41.1171 325.556 4.90201 -8.5593 75.1323 2.69437 -13 3113 1 0 1
-21.3851 43.1242 325.556 -4.84254 6.84628 62.5282 1.17311 -13 3114 1 0 1
-4.94075 -10.6732 325.556 -2.0229 -1.91893 77.5108 2.60653 -13 3115 1 0 1
3.23361 -2.98269 325.556 0.385456 -0.490749 77.1993 1.09927 -13 3116 1 0 1
-33.373 47.5376 325.556 -9.72461 9.85748 76.0012 1.53101 -13 3117 1 0 1
-42.6087 13.7025 325.556 -11.8134 1.92257 73.3765 1.30271 -13 3118 1 0 1
-26.5808 -22.606 325.556 -7.39912 -4.74112 72.4755 2.4961 -13 3119 1 0 1
-37.0722 -19.9086 325.556 -10.1684 -4.08036 72.4208 -0.465762 -13 3120 1 0 1
-75.3343 -79.4348 325.556 -7.44993 -1.74249 20.8973 4.38695 -13 3121 1 0 1
-17.2959 -26.6766 325.556 -5.45409 -5.62314 77.2344 1.79183 -13 3122 1 0 1
-58.2558 -2.17729 325.556 -13.7812 -1.24019 63.2461 2.55875 -13 3124 1 0 1
-24.0405 -35.5018 325.556 -5.96873 -5.85912 65.876 3.38067 -13 3125 1 0 1
97.9343 33.4544 325.556 21.235 4.37746 56.5255 4.11603 -13 3126 1 0 1
-2.13727 0.662161 325.556 -0.35667 -0.0986191 58.639 3.42209 -13 3127 1 0 1
16.1277 -0.501514 325.556 3.93692 -0.382001 70.4701 4.03796 -13 3128 1 0 1
27.5916 42.7197 325.556 3.55183 1.80179 28.5211 6.87064 -13 3129 1 0 1
27.5022 28.0536 325.556 6.68352 4.94305 67.1906 4.00406 -13 3130 1 0 1
-10.046 26.7043 325.556 -2.29346 4.63389 63.2321 1.3224 -13 3131 1 0 1
-41.9218 -38.9652 325.556 -10.7441 -6.91649 68.1172 2.2948 -13 3132 1 0 1
9.3648 -59.2251 325.556 2.12443 -7.66335 54.6384 2.86759 -13 3133 1 0 1
78.1169 -62.9616 325.556 16.0826 -8.01405 52.8094 3.80495 -13 3134 1 0 1
80.4793 -24.845 325.556 15.6891 -2.61988 49.2129 2.23151 -13 3135 1 0 1
13.527 6.50198 325.556 3.03363 0.989764 54.7614 3.15596 -13 3136 1 0 1
26.094 -104.575 325.556 4.71446 -10.2075 44.032 4.06585 -13 3137 1 0 1
71.0202 4.36258 325.556 12.5577 0.836476 43.667 3.68807 -13 3138 1 0 1
49.1916 19.2298 325.556 11.0951 2.96268 59.6484 1.78834 -13 3139 1 0 1
68.65 -39.7624 325.556 16.9665 -6.65084 67.4356 2.1332 -13 3140 1 0 1
70.4621 5.59153 325.556 16.0627 1.21659 60.0835 -0.236289 -13 3141 1 0 1
-2.0524 1.43219 325.556 -1.12535 0.917548 77.4577 3.16135 -13 3142 1 0 1
8.85498 55.2722 325.556 2.0143 8.69709 60.8062 3.41581 -13 3143 1 0 1
35.2041 47.6088 325.556 7.80206 6.47229 57.6027 1.51502 -13 3144 1 0 1
11.5156 51.3882 325.556 2.72649 9.20125 68.535 2.85686 -13 3146 1 0 1
-76.9709 -2.36559 325.556 -21.18 0.140418 73.0067 -0.21784 -13 3147 1 0 1
5.6783 31.3128 325.556 1.14616 5.379 67.377 3.04645 -13 3148 1 0 1
-15.4316 -91.5157 325.556 -2.11087 -6.57225 36.3612 4.74707 -13 3149 1 0 1
-7.20739 38.7784 325.556 -2.33018 7.26398 73.3587 1.5652 -13 3150 1 0 1
-9.93608 -63.5391 325.556 -2.31393 -10.2385 63.3437 2.72791 -13 3151 1 0 1
-85.2497 31.7764 325.556 -20.3033 4.57956 62.9655 3.56831 -13 3152 1 0 1
-4.34817 -17.0072 325.556 -1.5901 -3.51171 75.2636 -0.426176 -13 3153 1 0 1
-49.599 5.57579 325.556 -14.6171 1.19287 77.6562 1.78025 -13 3154 1 0 1
73.715 -6.53539 325.556 16.7417 -1.1481 59.6157 0.505026 -13 3155 1 0 1
-30.1723 0.105214 325.556 -8.48254 0.212155 73.0313 4.19915 -13 3156 1 0 1
88.0506 -27.6737 325.556 16.7527 -3.4654 47.5936 1.24829 -13 3157 1 0 1
79.1053 -2.92231 325.556 19.1087 -0.447 64.8893 2.71282 -13 3158 1 0 1
-10.3861 -52.6868 325.556 -2.66238 -9.5424 66.4716 3.08547 -13 3160 1 0 1
-7.15134 -78.4091 325.556 -1.46114 -11.5428 58.7047 3.66109 -13 3161 1 0 1
-44.6763 12.4753 325.556 -13.6678 2.33801 79.4166 2.98669 -13 3162 1 0 1
4.12663 -0.752246 325.556 0.607417 0.118823 76.9953 1.76209 -13 3163 1 0 1
35.069 27.8204 325.556 8.00112 4.81549 60.1489 1.32972 -13 3164 1 0 1
48.4009 52.5878 325.556 10.9174 7.61472 59.0009 4.42254 -13 3165 1 0 1
19.8073 -1.96384 325.556 4.73368 -0.193058 63.0598 2.04916 -13 3166 1 0 1
-10.9103 7.23328 325.556 -3.88081 0.919972 80.5534 3.58759 -13 3167 1 0 1
58.0271 14.5939 325.556 12.7938 2.76558 57.3478 3.46761 -13 3168 1 0 1
67.6536 -5.50248 325.556 16.2234 -0.99185 64.7083 2.48169 -13 3169 1 0 1
-31.0407 13.3432 325.556 -6.94519 2.24981 60.3556 -0.325376 -13 3170 1 0 1
42.4658 22.7778 325.556 9.67631 3.88608 60.6 1.65883 -13 3171 1 0 1
-29.0614 -29.9635 325.556 -6.70226 -4.95599 62.0779 0.356764 -13 3172 1 0 1
93.5182 -8.99634 325.556 16.3199 -1.10057 42.1338 4.03427 -13 3173 1 0 1
-14.7759 3.42855 325.556 -4.17913 0.335679 72.3711 1.97486 -13 3174 1 0 1
21.5723 29.8056 325.556 5.27829 5.32842 66.8913 -0.684201 -13 3175 1 0 1
13.507 -1.11378 325.556 3.17986 -0.572142 73.6967 2.51414 -13 3176 1 0 1
-46.8743 -3.58443 325.556 -10.7324 -0.633212 61.4365 1.14501 -13 3177 1 0 1
-25.0703 -50.4771 325.556 -7.12806 -10.2095 73.6037 0.177885 -13 3178 1 0 1
-16.1653 -50.1557 325.556 -5.23217 -10.8495 78.5998 1.85585 -13 3179 1 0 1
-31.0522 -8.58591 325.556 -9.65224 -2.48091 78.8972 1.52451 -13 3180 1 0 1
-29.5125 36.5997 325.556 -9.25652 7.57669 79.4022 3.2062 -13 3181 1 0 1
42.0047 18.2045 325.556 7.26463 1.78558 41.6904 4.72418 -13 3182 1 0 1
-11.83 -16.8727 325.556 -3.78903 -3.69692 76.4802 0.7683 -13 3183 1 0 1
97.4788 -7.36615 325.556 11.5541 -0.212904 25.5251 5.12941 -13 3184 1 0 1
-57.417 -6.70592 325.556 -14.8833 -1.24851 68.8213 -0.461655 -13 3185 1 0 1
71.2965 12.9646 325.556 16.9936 2.04981 64.3943 4.12386 -13 3186 1 0 1
-3.3713 -5.25558 325.556 -0.501041 -0.561061 54.8971 3.1463 -13 3187 1 0 1
-51.9362 21.0076 325.556 -11.0405 2.78646 56.523 2.83749 -13 3188 1 0 1
-25.431 -33.1101 325.556 -7.60153 -6.81043 76.7475 2.23544 -13 3189 1 0 1
-36.2919 -33.5963 325.556 -11.071 -6.82974 78.5656 2.5725 -13 3190 1 0 1
-20.6605 -25.5186 325.556 -3.35028 -2.57196 44.1409 3.23963 -13 3191 1 0 1
45.094 0.237928 325.556 11.2947 0.856869 69.4187 1.24036 -13 3192 1 0 1
4.08345 -16.2325 325.556 0.996042 -2.46262 59.6833 1.52374 -13 3193 1 0 1
-38.8029 24.3205 325.556 -8.77359 3.81749 60.4649 1.77377 -13 3195 1 0 1
-8.57084 20.7784 325.556 -2.9499 4.30737 77.2676 1.26231 -13 3196 1 0 1
-36.313 -59.7985 325.556 -7.9611 -8.93437 58.5748 2.67193 -13 3197 1 0 1
-24.5753 13.8193 325.556 -6.9467 3.42676 73.1158 1.2579 -13 3198 1 0 1
14.7113 -45.2863 325.556 3.49414 -7.24874 66.3842 0.62767 -13 3199 1 0 1
0.341314 -26.6245 325.556 0.250993 -2.63986 46.7575 3.55198 -13 3200 1 0 1
11.18 -27.1544 325.556 2.54167 -4.09312 56.8827 1.57813 -13 3201 1 0 1
29.3201 -42.9566 325.556 6.44516 -6.13909 56.6457 1.76689 -13 3202 1 0 1
-17.8874 -21.2922 325.556 -3.06394 -2.28698 47.9622 0.780452 -13 3203 1 0 1
-32.3927 -11.4099 325.556 -6.34028 -1.78399 52.1682 3.06796 -13 3204 1 0 1
35.5945 15.7334 325.556 8.1757 2.28304 60.5139 2.20339 -13 3205 1 0 1
-49.7734 9.25303 325.556 -12.6548 1.64648 68.283 2.59866 -13 3206 1 0 1
-43.2652 -48.9576 325.556 -12.9055 -10.3654 77.891 0.217236 -13 3207 1 0 1
-40.9393 14.2965 325.556 -7.85364 2.12687 51.0566 1.55024 -13 3208 1 0 1
9.91903 -55.4989 325.556 1.79179 -5.0216 39.2946 4.55795 -13 3209 1 0 1
22.6465 -12.5519 325.556 5.18616 -2.3435 60.4346 2.95308 -13 3211 1 0 1
-86.7455 -12.9605 325.556 -23.1466 -2.60402 70.9222 -1.20124 -13 3212 1 0 1
15.7737 -51.9665 325.556 3.83113 -9.08557 70.7221 2.16273 -13 3213 1 0 1
-8.49891 -16.662 325.556 -2.07595 -3.13799 66.2743 1.42379 -13 3214 1 0 1
-43.3217 70.7432 325.556 -11.9175 13.4647 72.2292 2.19374 -13 3215 1 0 1
17.0253 9.34806 325.556 3.66912 0.88851 53.071 3.20777 -13 3216 1 0 1
-55.8106 9.64705 325.556 -15.8399 2.33235 75.2532 2.03495 -13 3217 1 0 1
2.13482 -71.0673 325.556 0.583881 -10.2582 57.0279 3.06808 -13 3218 1 0 1
3.91762 37.0197 325.556 0.934267 7.15865 67.1024 -0.0619488 -13 3220 1 0 1
-37.63 -14.8781 325.556 -8.40525 -2.07432 59.5756 1.57995 -13 3221 1 0 1
-1.16273 -6.78422 325.556 -0.532059 -1.62926 69.905 1.78235 -13 3222 1 0 1
-16.9988 11.6981 325.556 -4.44926 2.37839 68.7894 2.1879 -13 3223 1 0 1
-24.3771 9.16863 325.556 -5.93668 0.995498 65.4728 2.2159 -13 3224 1 0 1
-40.3506 -35.8938 325.556 -9.58941 -6.17156 63.7385 3.91194 -13 3225 1 0 1
-38.973 -15.9082 325.556 -8.03278 -2.33628 55.1527 2.24859 -13 3226 1 0 1
69.8511 -3.34824 325.556 12.3283 -0.175314 43.146 1.01975 -13 3227 1 0 1
67.5086 7.26218 325.556 16.2367 1.29291 65.0703 1.86633 -13 3228 1 0 1
-13.2248 61.9274 325.556 -3.72935 11.2204 70.0348 0.0230238 -13 3229 1 0 1
27.2311 23.3427 325.556 5.845 3.13999 55.7155 0.102237 -13 3230 1 0 1
54.9898 -7.98695 325.556 13.8508 -1.22507 69.4095 1.878 -13 3231 1 0 1
15.5116 -0.657964 325.556 2.59745 -0.198726 35.4932 4.68761 -13 3232 1 0 1
19.1761 -30.4878 325.556 4.01572 -3.7866 52.4702 1.31302 -13 3233 1 0 1
-41.5951 1.66957 325.556 -11.1306 0.211937 70.9887 3.95929 -13 3234 1 0 1
108.822 -18.6387 325.556 26.4683 -3.47855 65.6235 1.15571 -13 3235 1 0 1
-24.2326 -19.5142 325.556 -5.27388 -3.16579 59.3005 3.46277 -13 3236 1 0 1
29.5936 33.4385 325.556 7.11312 5.93996 66.218 2.27593 -13 3237 1 0 1
53.8412 54.2249 325.556 11.0377 7.16939 52.9796 2.7064 -13 3238 1 0 1
-23.2935 15.2962 325.556 -5.20731 2.19803 59.9783 2.03329 -13 3239 1 0 1
-29.4356 -66.1703 325.556 -7.61527 -10.9458 68.9034 1.28226 -13 3240 1 0 1
-44.8903 -59.2219 325.556 -10.0751 -8.6611 59.4656 2.83344 -13 3241 1 0 1
-49.5096 12.7415 325.556 -13.7656 2.03086 74.1831 1.56952 -13 3242 1 0 1
52.7671 22.4741 325.556 12.0229 3.76348 60.3689 2.60293 -13 3243 1 0 1
-37.6445 -26.0231 325.556 -8.86945 -3.99203 63.3002 1.72526 -13 3244 1 0 1
1.48061 -31.9979 325.556 -0.0210766 -5.87064 74.9359 1.5841 -13 3246 1 0 1
24.4586 -65.0108 325.556 4.98814 -8.01926 49.9389 3.34562 -13 3247 1 0 1
12.0239 -40.4531 325.556 2.75139 -7.9268 72.8344 2.00845 -13 3248 1 0 1
-18.5642 57.0467 325.556 -3.85069 8.08229 56.7194 3.5433 -13 3249 1 0 1
-42.2406 -10.3838 325.556 -12.0357 -1.67243 75.0634 1.31282 -13 3250 1 0 1
-13.8011 -38.1569 325.556 -3.76378 -7.27529 70.1374 2.88322 -13 3252 1 0 1
-86.0944 -18.6977 325.556 -17.9676 -2.27191 54.4323 2.44132 -13 3253 1 0 1
21.0924 -11.8223 325.556 5.0572 -1.86115 67.4299 2.29443 -13 3254 1 0 1
16.145 -17.0486 325.556 3.86946 -2.67594 66.1161 4.80361 -13 3255 1 0 1
103.422 -45.2074 325.556 22.0741 -6.06312 55.0794 0.449752 -13 3256 1 0 1
38.5541 3.42886 325.556 9.81959 0.706655 71.6598 0.0554532 -13 3257 1 0 1
64.5274 3.19969 325.556 13.7082 0.17962 55.248 2.28691 -13 3258 1 0 1
-15.1996 21.3399 325.556 -3.94478 3.43464 67.8176 1.45114 -13 3259 1 0 1
-15.6969 3.06764 325.556 -2.19684 0.645739 36.9077 5.25021 -13 3260 1 0 1
5.80443 -72.1968 325.556 1.49589 -10.5698 58.6469 3.37922 -13 3261 1 0 1
-14.7337 -5.60504 325.556 -4.32634 -0.915053 73.1686 4.46235 -13 3262 1 0 1
-7.37215 -13.2104 325.556 -1.8861 -2.21838 65.6657 0.904375 -13 3263 1 0 1
26.6702 29.5015 325.556 6.58639 5.70978 70.7007 2.08541 -13 3264 1 0 1
93.4231 25.903 325.556 21.1072 3.93155 59.1697 2.3073 -13 3265 1 0 1
-82.4582 5.00159 325.556 -18.8193 0.30761 60.3318 2.68017 -13 3266 1 0 1
-29.424 32.6894 325.556 -7.74183 6.70384 69.327 0.0589093 -13 3267 1 0 1
76.6668 -65.5946 325.556 13.7577 -6.04025 44.022 4.25871 -13 3268 1 0 1
-23.2496 -16.2487 325.556 -5.89906 -2.82257 67.43 2.84222 -13 3269 1 0 1
9.65245 -45.8911 325.556 2.09079 -5.93298 53.3521 2.85712 -13 3270 1 0 1
21.9895 -35.9434 325.556 4.70361 -5.06399 53.9868 3.13191 -13 3271 1 0 1
-9.48909 -8.72317 325.556 -1.98357 -1.50637 58.1217 1.90477 -13 3272 1 0 1
43.3262 -30.7359 325.556 10.7163 -4.69878 67.8722 2.79124 -13 3273 1 0 1
15.677 -11.9778 325.556 3.65703 -1.88458 61.4448 3.36441 -13 3274 1 0 1
-39.5769 -54.9551 325.556 -6.95034 -5.85505 46.6517 1.01909 -13 3275 1 0 1
-21.1553 -45.2438 325.556 -4.90376 -7.60361 62.3742 3.01943 -13 3276 1 0 1
-17.6673 12.2927 325.556 -4.54395 2.44785 66.6638 0.816541 -13 3277 1 0 1
30.5575 9.08147 325.556 6.34213 0.799151 51.9534 -0.0909307 -13 3278 1 0 1
-3.81529 -0.832076 325.556 -0.902809 0.126141 62.8322 -0.522797 -13 3279 1 0 1
15.4652 -12.5456 325.556 3.74124 -2.19668 69.4892 1.70859 -13 3280 1 0 1
8.59029 -7.51332 325.556 2.04606 -0.619021 55.2718 2.37174 -13 3281 1 0 1
-29.191 -25.5474 325.556 -7.6305 -4.26276 69.1668 2.05078 -13 3282 1 0 1
39.1677 74.4609 325.556 9.17609 12.2397 62.4023 3.00478 -13 3283 1 0 1
-65.2894 27.2067 325.556 -14.8835 4.40209 60.8209 1.06345 -13 3284 1 0 1
8.0415 16.3462 325.556 2.0071 2.48884 63.5158 4.34654 -13 3285 1 0 1
39.6435 -35.1981 325.556 10.0251 -6.39526 71.4733 0.620284 -13 3286 1 0 1
70.716 7.30836 325.556 13.8922 0.991771 49.4871 0.834618 -13 3287 1 0 1
60.5546 -39.4908 325.556 14.371 -6.33548 63.7618 1.81697 -13 3288 1 0 1
-42.916 -0.317846 325.556 -12.918 -0.269551 78.4812 0.704166 -13 3289 1 0 1
60.7383 -36.1637 325.556 11.2852 -3.9536 46.0822 4.04474 -13 3290 1 0 1
104.087 25.3884 325.556 19.1144 2.50717 45.4905 3.02084 -13 3291 1 0 1
-15.8776 94.4556 325.556 -2.62983 9.34985 45.1415 3.64002 -13 3292 1 0 1
-85.7144 16.5034 325.556 -7.90705 0.559086 18.7191 6.00262 -13 3293 1 0 1
8.1363 -26.7864 325.556 1.88095 -4.91432 65.5762 -0.0630657 -13 3294 1 0 1
47.3059 -18.25 325.556 11.9713 -3.51654 70.5188 4.14447 -13 3295 1 0 1
-12.0698 33.2511 325.556 -2.95467 5.8448 64.4737 4.26005 -13 3296 1 0 1
40.3775 2.41843 325.556 9.37244 0.218335 61.831 2.89667 -13 3297 1 0 1
-38.0911 -12.6038 325.556 -9.31312 -1.7664 65.6347 1.78545 -13 3298 1 0 1
-30.2077 34.3959 325.556 -7.96645 6.367 69.888 2.49298 -13 3299 1 0 1
0.208604 -42.1758 325.556 0.0350193 -6.86914 63.0965 2.23595 -13 3300 1 0 1
-35.9733 4.03409 325.556 -7.941 0.450581 59.2207 3.45944 -13 3301 1 0 1
-4.42816 -12.8927 325.556 -0.942634 -2.17707 61.5198 2.1935 -13 3302 1 0 1
29.9118 -3.73085 325.556 6.87058 -1.15611 59.5486 1.95515 -13 3303 1 0 1
-6.65757 28.0831 325.556 -1.26499 3.83957 57.8952 0.488489 -13 3304 1 0 1
-13.4777 -22.0854 325.556 -3.97734 -4.26088 73.4033 -0.682171 -13 3305 1 0 1
31.7467 -50.2882 325.556 6.73865 -6.87133 54.0711 2.81357 -13 3306 1 0 1
32.6157 -12.2504 325.556 8.54195 -3.21829 78.8451 0.930729 -13 3307 1 0 1
-17.0446 7.14894 325.556 -4.4388 1.52813 68.4335 2.42506 -13 3308 1 0 1
-33.9006 -30.9277 325.556 -5.98451 -3.85435 46.3565 0.0900689 -13 3309 1 0 1
24.0432 40.6549 325.556 5.78326 7.20589 66.7128 2.33702 -13 3310 1 0 1
-63.2704 -22.4086 325.556 -15.9257 -3.56915 67.2127 3.33043 -13 3311 1 0 1
8.16999 38.485 325.556 1.75385 8.24661 75.8561 2.12231 -13 3312 1 0 1
70.6971 13.3539 325.556 15.023 2.03541 54.4856 3.64883 -13 3313 1 0 1
70.0328 15.768 325.556 11.742 1.28042 40.2469 1.47972 -13 3314 1 0 1
-24.4857 7.62534 325.556 -5.67597 1.31496 62.5449 1.76033 -13 3315 1 0 1
-14.9327 6.31086 325.556 -1.24456 0.304848 19.6636 2.49619 -13 3316 1 0 1
-24.8317 22.3979 325.556 -4.89055 2.91364 53.1015 3.77777 -13 3317 1 0 1
70.3318 -6.04086 325.556 17.1742 -0.916531 66.3928 0.97657 -13 3318 1 0 1
2.73799 -66.9385 325.556 0.523664 -11.8119 67.9632 0.780327 -13 3319 1 0 1
-10.9972 -3.32413 325.556 -2.44269 -0.868589 60.7918 1.76294 -13 3320 1 0 1
29.3208 24.4188 325.556 6.76003 3.45875 61.2296 0.853442 -13 3321 1 0 1
-38.219 -4.442 325.556 -9.75762 -0.358411 67.4563 3.75485 -13 3322 1 0 1
4.40339 -15.7743 325.556 0.844269 -2.98541 72.3887 4.08751 -13 3323 1 0 1
-56.9393 4.66268 325.556 -16.736 0.886181 76.9906 2.81585 -13 3324 1 0 1
-4.18759 2.78529 325.556 -1.01741 0.113669 66.3736 1.22812 -13 3325 1 0 1
46.9413 -16.832 325.556 11.8167 -3.07024 69.1564 0.974846 -13 3326 1 0 1
-3.79235 -1.20858 325.556 -0.92903 -0.360072 65.4294 2.82036 -13 3327 1 0 1
16.8524 -33.5083 325.556 4.09282 -6.13365 74.1356 2.63278 -13 3328 1 0 1
-48.0061 -17.6281 325.556 -12.1265 -3.1492 67.2182 1.85308 -13 3329 1 0 1
5.38635 -18.3973 325.556 1.35506 -2.2633 58.3378 2.62147 -13 3330 1 0 1
14.1537 -55.5322 325.556 3.31321 -9.378 63.0749 2.80334 -13 3331 1 0 1
72.9653 -40.5346 325.556 16.3836 -5.91825 59.1325 3.15276 -13 3332 1 0 1
-59.9489 31.9112 325.556 -15.2581 6.40558 67.6978 2.78034 -13 3333 1 0 1
29.7047 -8.41204 325.556 6.15344 -1.48587 51.4366 0.360827 -13 3334 1 0 1
-62.2917 -11.1097 325.556 -12.0601 -1.73947 50.9594 4.92432 -13 3335 1 0 1
21.7479 4.12954 325.556 5.41879 1.40282 70.0019 2.23836 -13 3336 1 0 1
39.1161 29.2155 325.556 8.73244 4.08646 58.1798 0.916774 -13 3337 1 0 1
3.03122 40.3842 325.556 0.693721 6.89476 63.5947 -0.0799145 -13 3338 1 0 1
34.3048 -16.5687 325.556 6.75798 -1.65023 48.5539 0.65189 -13 3339 1 0 1
83.5523 9.84679 325.556 18.2617 2.09548 56.7939 1.63419 -13 3340 1 0 1
-46.2976 6.01414 325.556 -9.40008 1.11882 53.97 1.92505 -13 3341 1 0 1
-31.397 -2.35065 325.556 -8.67411 -0.370298 72.8482 1.84291 -13 3342 1 0 1
16.3423 -24.0488 325.556 4.06638 -4.90694 70.8459 3.2563 -13 3343 1 0 1
-26.1666 -1.27253 325.556 -6.23729 0.209211 63.4607 0.135179 -13 3344 1 0 1
-34.886 -39.9748 325.556 -9.7141 -8.12345 73.4481 2.85365 -13 3346 1 0 1
10.1586 -5.496 325.556 2.4255 -0.953288 61.5757 0.541011 -13 3348 1 0 1
-51.7388 -16.6181 325.556 -11.5464 -2.69459 59.3692 4.08575 -13 3349 1 0 1
6.04498 14.0212 325.556 1.40921 1.68292 65.3445 0.732361 -13 3350 1 0 1
8.74029 -11.6282 325.556 2.00464 -1.99156 71.6133 1.39274 -13 3351 1 0 1
56.5011 -6.79701 325.556 13.4151 -0.585812 63.6928 0.264804 -13 3352 1 0 1
-6.32755 35.7948 325.556 -1.81217 6.14752 69.8658 0.758057 -13 3353 1 0 1
10.3295 25.2383 325.556 2.48726 3.8707 66.7168 1.12484 -13 3354 1 0 1
-24.2775 -19.01 325.556 -7.80441 -4.41564 79.4941 0.68297 -13 3355 1 0 1
-65.2314 -53.8049 325.556 -14.3744 -8.15985 58.3891 0.982265 -13 3356 1 0 1
-19.9214 -5.38261 325.556 -4.17608 -0.801449 57.2703 2.07258 -13 3357 1 0 1
30.916 71.0639 325.556 7.7494 13.0063 71.0681 3.20119 -13 3358 1 0 1
-24.9941 -22.2181 325.556 -5.04263 -2.99254 54.6364 1.25301 -13 3360 1 0 1
36.7575 -33.0146 325.556 8.00739 -4.44211 56.5057 1.44272 -13 3361 1 0 1
62.1268 14.3658 325.556 15.3674 2.63979 68.1257 2.08676 -13 3362 1 0 1
85.9993 -70.066 325.556 18.1142 -8.9236 54.6165 2.82533 -13 3363 1 0 1
5.47718 -11.2241 325.556 1.23823 -2.23107 69.5858 3.46671 -13 3364 1 0 1
70.8093 46.4494 325.556 16.6567 7.94596 63.4402 2.15062 -13 3365 1 0 1
-39.7633 -5.00112 325.556 -10.8048 -0.76063 71.9975 2.5194 -13 3366 1 0 1
33.6392 -1.31789 325.556 6.92551 -0.0438532 51.9173 0.870621 -13 3367 1 0 1
-55.6917 25.2602 325.556 -15.4312 5.04984 73.3798 0.514711 -13 3368 1 0 1
-62.7825 47.5879 325.556 -17.2235 9.21952 73.1125 2.21548 -13 3369 1 0 1
13.4534 68.2062 325.556 3.14107 11.2633 64.4159 2.50389 -13 3370 1 0 1
64.6832 67.0405 325.556 11.4204 6.39975 43.5884 2.65111 -13 3371 1 0 1
89.9951 -46.7473 325.556 20.7023 -6.39839 61.1229 2.87428 -13 3372 1 0 1
26.4816 -29.369 325.556 6.04439 -5.07268 60.4232 0.727561 -13 3373 1 0 1
-49.6321 -3.83164 325.556 -13.3749 -0.82055 71.9904 0.959433 -13 3374 1 0 1
36.3976 -34.4401 325.556 8.70737 -6.232 65.2877 3.1346 -13 3375 1 0 1
46.862 -71.3983 325.556 10.1029 -9.78813 55.1107 -0.793528 -13 3376 1 0 1
-80.3298 -95.4221 325.556 -11.4973 -12.2302 17.4552 1.354 -13 3377 1 0 1
-41.4861 41.7536 325.556 -12.5727 9.1223 77.886 3.63312 -13 3378 1 0 1
8.33905 -10.3102 325.556 1.81927 -1.89721 68.632 0.634557 -13 3379 1 0 1
-25.6641 -68.3626 325.556 -6.72858 -11.839 69.1206 0.464974 -13 3380 1 0 1
21.21 24.8001 325.556 4.13249 2.8856 46.4912 1.78897 -13 3381 1 0 1
0.175794 11.7494 325.556 -0.0460529 1.97193 65.4964 0.957782 -13 3382 1 0 1
5.75764 -49.5288 325.556 1.31757 -7.21019 60.5637 2.34502 -13 3383 1 0 1
-2.35202 -9.10811 325.556 -1.39563 -1.76748 80.0618 2.64269 -13 3384 1 0 1
24.3911 -7.35469 325.556 5.6727 -1.12431 62.0976 5.44786 -13 3386 1 0 1
5.01632 -50.8991 325.556 1.03511 -9.63537 69.4408 -0.238338 -13 3387 1 0 1
-68.8534 30.4319 325.556 -17.1683 4.52938 66.3996 1.90187 -13 3388 1 0 1
13.9222 14.0696 325.556 2.13064 1.33598 34.433 2.34306 -13 3389 1 0 1
18.328 -47.2198 325.556 3.82766 -5.86834 51.8568 1.51855 -13 3390 1 0 1
-33.9953 -21.4318 325.556 -7.11125 -2.96812 56.0856 3.53144 -13 3391 1 0 1
38.061 0.460221 325.556 9.09252 -0.588173 63.9874 4.45103 -13 3392 1 0 1
40.1552 12.3589 325.556 9.90006 2.3016 68.5305 3.4024 -13 3393 1 0 1
49.3939 34.5896 325.556 8.29927 3.20955 40.1291 3.48423 -13 3394 1 0 1
-30.9037 8.90436 325.556 -7.6127 1.36363 65.6012 1.45717 -13 3395 1 0 1
11.3795 32.864 325.556 2.50882 3.96668 55.9454 3.80882 -13 3396 1 0 1
5.44301 1.08857 325.556 1.23201 1.00292 71.3459 2.29002 -13 3397 1 0 1
36.6959 0.373919 325.556 8.66939 -0.0103476 62.7535 1.14293 -13 3398 1 0 1
20.4632 24.0577 325.556 4.47257 3.11556 57.6297 0.738491 -13 3399 1 0 1
4.50049 20.5824 325.556 0.830596 3.77333 75.1773 2.01372 -13 3400 1 0 1
-3.22185 -19.6256 325.556 -0.250123 -1.94764 42.5699 1.31957 -13 3401 1 0 1
54.0444 -25.9635 325.556 11.1967 -3.48787 53.4487 3.34426 -13 3402 1 0 1
12.6785 48.1904 325.556 3.00504 9.18741 73.9583 2.90229 -13 3403 1 0 1
69.3017 -58.1282 325.556 12.3705 -5.47905 43.7644 2.71174 -13 3404 1 0 1
20.2656 13.7899 325.556 4.85475 2.36252 64.8228 2.18282 -13 3406 1 0 1
-43.0983 46.1123 325.556 -12.3081 9.36182 74.8157 0.834648 -13 3407 1 0 1
18.0122 18.0291 325.556 4.35847 2.6616 67.4865 2.26966 -13 3408 1 0 1
30.9353 13.9781 325.556 7.60347 2.62405 68.5608 2.00416 -13 3409 1 0 1
101.566 -57.3084 325.556 22.0801 -7.51948 56.5445 0.596985 -13 3410 1 0 1
-13.7485 45.2106 325.556 -3.20226 7.45083 61.9283 4.1926 -13 3411 1 0 1
-11.6591 -11.0487 325.556 -4.22708 -1.60618 80.2889 2.17501 -13 3412 1 0 1
6.26917 -34.0755 325.556 1.5199 -5.60529 63.1373 2.07908 -13 3413 1 0 1
-87.2104 29.0081 325.556 -24.5448 5.77735 74.6025 2.02456 -13 3414 1 0 1
103.248 33.4834 325.556 23.0679 4.74072 58.6332 1.56219 -13 3416 1 0 1
-45.7279 -33.1339 325.556 -9.54086 -4.45919 55.7634 0.853942 -13 3417 1 0 1
6.30093 -36.7622 325.556 1.48697 -6.62204 60.5127 1.02783 -13 3418 1 0 1
48.2501 -30.799 325.556 10.8282 -4.44891 58.6154 2.26845 -13 3419 1 0 1
34.3658 22.1463 325.556 8.67528 4.32131 70.8639 3.44792 -13 3420 1 0 1
-23.7978 -48.7271 325.556 -4.10865 -5.68689 47.1665 3.43666 -13 3421 1 0 1
42.1006 8.28074 325.556 7.01959 1.14429 39.7759 3.59245 -13 3423 1 0 1
-55.3041 -39.4451 325.556 -12.3765 -6.12054 59.4114 5.14348 -13 3424 1 0 1
-35.8914 -9.06466 325.556 -8.9495 -1.8448 66.898 3.33029 -13 3425 1 0 1
82.7302 -14.1819 325.556 19.4334 -2.17657 62.8903 2.42149 -13 3426 1 0 1
-3.00402 18.5517 325.556 -0.620284 2.49189 60.2288 2.42657 -13 3427 1 0 1
-32.7017 -40.2735 325.556 -7.13353 -5.75097 57.9625 2.29181 -13 3428 1 0 1
78.6641 25.17 325.556 16.9734 3.37853 55.7884 3.3861 -13 3429 1 0 1
-22.3919 -1.09279 325.556 -5.12773 -0.879321 61.3379 2.43625 -13 3430 1 0 1
-52.6836 23.8703 325.556 -5.64451 0.591601 24.2919 4.06595 -13 3431 1 0 1
-72.279 5.67389 325.556 -18.481 0.589254 68.2439 3.56369 -13 3432 1 0 1
41.3389 -39.8074 325.556 9.49222 -6.28065 60.2503 1.7657 -13 3433 1 0 1
49.8764 21.8949 325.556 12.2385 3.35339 67.6227 3.75656 -13 3434 1 0 1
-58.9138 54.03 325.556 -12.6914 8.15253 56.8634 1.84811 -13 3435 1 0 1
-22.026 9.57136 325.556 -6.2315 1.67828 73.3341 3.29214 -13 3436 1 0 1
-64.0841 16.0354 325.556 -16.5116 2.55195 68.6941 1.03541 -13 3437 1 0 1
0.748649 35.9595 325.556 0.179915 5.89827 65.7686 4.15675 -13 3438 1 0 1
-24.2335 -74.8691 325.556 -4.21222 -8.07362 46.7715 0.677044 -13 3439 1 0 1
45.1514 -15.5422 325.556 10.0616 -2.42682 57.9918 1.82028 -13 3440 1 0 1
-55.2654 -0.040225 325.556 -12.4076 -0.298815 60.06 3.80645 -13 3441 1 0 1
5.81092 -17.488 325.556 1.37884 -2.34365 59.9659 0.46679 -13 3442 1 0 1
-90.3078 -17.9653 325.556 -19.3036 -1.93567 56.1311 0.412607 -13 3444 1 0 1
46.3476 -64.1527 325.556 10.3521 -9.11571 58.4652 5.34061 -13 3445 1 0 1
52.7386 48.0337 325.556 11.4705 7.28414 56.3085 2.65273 -13 3446 1 0 1
6.09397 16.4176 325.556 1.40497 2.62233 66.5785 3.9391 -13 3447 1 0 1
22.4375 -8.37761 325.556 4.12815 -0.958074 43.8096 4.9136 -13 3448 1 0 1
-6.65857 47.4329 325.556 -2.27065 8.90744 74.3961 2.88479 -13 3449 1 0 1
-41.5954 -29.7817 325.556 -10.906 -5.52306 69.8155 0.726169 -13 3451 1 0 1
46.4861 20.0227 325.556 9.22515 2.13121 50.3278 1.7184 -13 3452 1 0 1
-1.08086 28.0603 325.556 0.0211781 3.78212 51.6925 0.657623 -13 3453 1 0 1
2.35903 -55.7922 325.556 0.525471 -10.2695 65.3996 1.22588 -13 3454 1 0 1
21.5039 -109.247 325.556 4.82712 -15.6043 58.4253 2.46458 -13 3455 1 0 1
-20.6651 -54.8014 325.556 -5.66454 -10.3523 70.7015 1.44994 -13 3456 1 0 1
-7.69273 -16.3095 325.556 -1.69246 -2.66789 61.2279 2.27287 -13 3457 1 0 1
43.7951 -6.01141 325.556 10.6201 -1.45965 66.5279 3.75364 -13 3458 1 0 1
-41.9242 29.4202 325.556 -11.1999 5.64232 70.9166 3.33795 -13 3459 1 0 1
0.904405 20.6266 325.556 0.217753 2.99432 59.7609 0.866241 -13 3460 1 0 1
-71.5405 -13.4701 325.556 -20.2186 -2.59089 75.1304 3.04314 -13 3461 1 0 1
108.26 -12.379 325.556 19.694 -1.04155 44.7276 2.19989 -13 3462 1 0 1
21.4707 -3.72889 325.556 5.16583 -0.37447 68.1519 2.66147 -13 3463 1 0 1
56.5035 -11.9434 325.556 12.3964 -1.85077 56.9824 0.714342 -13 3464 1 0 1
38.8306 -3.02373 325.556 8.83803 0.198424 60.9591 3.22612 -13 3465 1 0 1
24.3142 8.7851 325.556 3.12215 0.456484 27.8187 2.91537 -13 3466 1 0 1
-17.4176 32.8124 325.556 -5.77307 6.9746 79.9145 1.09226 -13 3467 1 0 1
0.497605 -7.00349 325.556 0.158905 -1.07441 61.5513 -0.312422 -13 3468 1 0 1
19.3067 16.5672 325.556 2.07374 0.358034 21.1671 6.27949 -13 3469 1 0 1
109.326 -10.4731 325.556 23.0517 -1.06226 53.8694 4.32158 -13 3470 1 0 1
-41.7323 29.7675 325.556 -7.2324 3.26055 45.6291 2.77552 -13 3471 1 0 1
63.7759 -1.29178 325.556 11.5481 -0.423972 44.9508 4.28069 -13 3472 1 0 1
-46.1559 21.8565 325.556 -10.8751 3.73344 62.9454 1.68895 -13 3473 1 0 1
-18.0718 -31.5213 325.556 -3.31493 -3.68008 51.2053 2.18679 -13 3475 1 0 1
36.1983 4.77468 325.556 6.08718 0.576571 39.965 2.63933 -13 3477 1 0 1
44.8154 12.9184 325.556 10.2889 2.25384 60.7463 1.09121 -13 3478 1 0 1
6.20687 13.0774 325.556 1.48991 2.22724 66.3354 2.78055 -13 3480 1 0 1
29.3938 52.5998 325.556 6.82251 8.00547 61.7495 4.04142 -13 3481 1 0 1
-54.5397 -52.3352 325.556 -12.4229 -8.15303 60.8039 1.06546 -13 3483 1 0 1
38.295 -1.01328 325.556 6.86868 0.0770056 43.7452 3.39865 -13 3484 1 0 1
-36.7539 51.9338 325.556 -9.97114 10.1142 71.7542 2.59121 -13 3485 1 0 1
1.40843 26.5438 325.556 0.187 5.10212 70.0914 1.48737 -13 3486 1 0 1
-77.7857 9.91784 325.556 -12.4035 0.623182 39.7459 2.28218 -13 3487 1 0 1
0.762704 -7.73397 325.556 -0.334165 -1.41794 78.1207 0.452345 -13 3488 1 0 1
-59.9699 -64.7624 325.556 -12.5909 -8.75445 55.4443 2.18361 -13 3489 1 0 1
-41.813 31.9937 325.556 -12.3464 7.55265 77.0333 0.565208 -13 3491 1 0 1
-41.3094 -8.46376 325.556 -10.5032 -1.72344 67.9674 0.489073 -13 3492 1 0 1
-0.756048 -16.763 325.556 -0.212103 -2.05758 63.3861 1.23625 -13 3493 1 0 1
-46.1968 37.4683 325.556 -10.3972 5.35442 60.3598 1.96865 -13 3494 1 0 1
-5.09093 -24.4481 325.556 -1.29226 -4.76438 66.0635 2.07976 -13 3495 1 0 1
36.0433 7.04278 325.556 9.34241 1.42574 73.312 -0.488775 -13 3496 1 0 1
-13.1988 30.2501 325.556 -3.06336 4.9254 63.0191 0.713643 -13 3497 1 0 1
95.892 9.84135 325.556 18.1462 0.785652 47.2655 1.92422 -13 3498 1 0 1
29.737 11.1149 325.556 7.17846 2.39668 65.4638 1.107 -13 3499 1 0 1
-40.8096 0.391343 325.556 -8.8206 0.246315 57.5031 2.06351 -13 3500 1 0 1
4.70498 18.811 325.556 0.800722 3.76867 75.417 2.43418 -13 3501 1 0 1
36.1366 18.439 325.556 7.69265 2.00972 54.4471 -0.511511 -13 3502 1 0 1
27.2772 59.4949 325.556 6.28334 9.23883 58.8189 1.35005 -13 3503 1 0 1
-30.0727 -10.2063 325.556 -7.40187 -1.52521 65.7416 1.97111 -13 3504 1 0 1
-54.1431 25.5756 325.556 -15.5923 5.32382 76.0065 -0.538084 -13 3505 1 0 1
-12.7702 84.2526 325.556 -3.63179 15.6581 70.811 1.1655 -13 3506 1 0 1
43.3881 -34.88 325.556 10.4903 -5.97742 66.3114 1.69765 -13 3507 1 0 1
33.5939 25.1569 325.556 7.88799 4.03733 62.4778 1.39601 -13 3508 1 0 1
19.9733 17.465 325.556 5.02511 3.11892 73.2352 4.12857 -13 3509 1 0 1
43.2428 25.0312 325.556 10.4068 3.79432 65.339 3.21507 -13 3510 1 0 1
18.2705 0.695013 325.556 4.3355 0.116193 64.8655 2.8749 -13 3511 1 0 1
10.6858 -8.39475 325.556 2.59617 -0.939805 59.5027 1.86183 -13 3512 1 0 1
-74.2306 47.279 325.556 -17.5581 7.35315 62.6635 3.02896 -13 3513 1 0 1
-54.7301 25.6056 325.556 -13.1359 4.3167 64.0062 2.86382 -13 3514 1 0 1
-27.9408 19.5896 325.556 -6.5276 3.23916 62.7204 2.85556 -13 3515 1 0 1
-16.4829 -75.999 325.556 -3.49545 -11.2252 57.5399 1.34058 -13 3517 1 0 1
40.969 -20.5199 325.556 10.3716 -3.77909 71.4387 2.05939 -13 3518 1 0 1
46.9603 -8.82045 325.556 11.1961 -1.88613 64.2604 1.15702 -13 3520 1 0 1
1.0951 -14.3773 325.556 0.331007 -2.57856 59.33 1.46552 -13 3521 1 0 1
-89.6182 -72.2435 325.556 -18.8634 -9.62757 54.6833 1.50881 -13 3522 1 0 1
4.67038 -20.0268 325.556 1.15805 -2.22682 54.5245 1.89097 -13 3523 1 0 1
34.542 46.8611 325.556 8.40668 8.05111 67.2206 1.81425 -13 3524 1 0 1
-4.157 -41.5826 325.556 -1.14 -7.7608 66.7081 5.97537 -13 3525 1 0 1
-56.3395 21.8683 325.556 -13.8308 3.49765 65.4258 3.9193 -13 3526 1 0 1
-32.6957 39.4988 325.556 -6.10153 5.37233 49.8529 5.14149 -13 3527 1 0 1
-31.7466 46.4403 325.556 -8.3332 8.46153 69.464 1.05153 -13 3528 1 0 1
-37.2288 -38.0409 325.556 -7.01211 -4.76378 50.0166 2.70001 -13 3529 1 0 1
35.0044 -21.1137 325.556 8.6134 -3.81368 68.7798 1.87143 -13 3530 1 0 1
71.6323 14.4192 325.556 13.6967 1.8719 48.0556 2.3326 -13 3532 1 0 1
-9.77615 27.6296 325.556 -2.6899 5.10527 69.6259 3.06924 -13 3533 1 0 1
25.4785 -31.1829 325.556 5.96777 -4.96221 63.6201 -0.077825 -13 3534 1 0 1
-14.6906 -57.4872 325.556 -3.03139 -7.83598 55.3871 1.58805 -13 3535 1 0 1
11.6179 -23.0792 325.556 2.73729 -3.59402 69.2482 -0.120478 -13 3536 1 0 1
4.82783 4.07258 325.556 1.254 0.271076 62.122 1.37135 -13 3537 1 0 1
-44.1273 -51.6435 325.556 -11.5272 -9.69157 69.4251 1.07927 -13 3538 1 0 1
-66.9446 -11.5079 325.556 -14.7518 -1.57942 58.2901 0.966412 -13 3539 1 0 1
15.5041 79.7574 325.556 2.91774 7.85958 43.9014 5.10827 -13 3540 1 0 1
29.2195 58.534 325.556 6.24887 7.96637 55.018 1.31579 -13 3541 1 0 1
61.3063 50.2567 325.556 10.1734 4.15341 39.6176 2.87379 -13 3542 1 0 1
8.11788 1.89269 325.556 1.89931 0.462857 57.1086 -0.0838678 -13 3543 1 0 1
-29.5584 1.88952 325.556 -5.85691 0.154735 54.183 2.12361 -13 3544 1 0 1
-48.1991 74.9787 325.556 -10.8899 11.1183 59.9457 3.84674 -13 3545 1 0 1
30.0139 16.4271 325.556 6.73573 2.43466 57.4008 0.309635 -13 3546 1 0 1
-20.55 -50.129 325.556 -4.68171 -7.8481 61.1029 3.22022 -13 3547 1 0 1
41.0618 -35.1748 325.556 8.33574 -4.24323 51.8228 3.26706 -13 3548 1 0 1
61.4906 3.40597 325.556 13.8836 0.693591 59.566 1.30143 -13 3549 1 0 1
36.9848 1.5235 325.556 9.38834 0.631271 70.2849 2.54241 -13 3550 1 0 1
22.6458 -24.5816 325.556 4.98157 -3.43691 55.9475 0.112122 -13 3551 1 0 1
-58.772 36.2716 325.556 -15.1222 6.87563 68.8957 0.236372 -13 3552 1 0 1
-3.41128 -41.0894 325.556 -1.50734 -7.8959 77.5274 2.52143 -13 3553 1 0 1
-53.0976 -26.34 325.556 -13.534 -4.50615 67.919 1.46968 -13 3554 1 0 1
-26.8201 21.628 325.556 -6.31848 4.14718 64.1302 0.384131 -13 3555 1 0 1
-37.0677 20.1461 325.556 -9.3373 3.97916 67.3884 0.504414 -13 3556 1 0 1
-40.8466 -36.3384 325.556 -7.18165 -3.59784 45.9274 4.10729 -13 3557 1 0 1
-3.76063 -2.15903 325.556 -0.581023 0.117875 54.8364 3.91271 -13 3558 1 0 1
-23.1019 -56.1313 325.556 -6.30812 -10.37 70.3888 4.00813 -13 3559 1 0 1
-61.2012 64.7503 325.556 -15.7539 11.1939 68.6414 2.74358 -13 3560 1 0 1
-55.7855 12.7839 325.556 -16.722 2.18264 78.0443 1.02485 -13 3561 1 0 1
36.5702 24.6914 325.556 9.01898 5.18799 68.6402 3.03382 -13 3562 1 0 1
-3.82924 19.7014 325.556 -0.677346 2.748 53.5762 2.88367 -13 3563 1 0 1
35.8128 -22.247 325.556 8.76713 -4.3626 67.3403 1.04332 -13 3564 1 0 1
-27.6855 -7.83978 325.556 -7.25321 -1.54851 69.6114 3.55159 -13 3565 1 0 1
-37.6884 16.1674 325.556 -9.70763 2.54181 68.6953 3.34187 -13 3566 1 0 1
41.9995 11.0811 325.556 9.51027 1.44258 59.6724 1.94062 -13 3568 1 0 1
27.1819 -4.42046 325.556 7.00994 -1.06139 76.0444 0.175987 -13 3569 1 0 1
-45.1171 59.1399 325.556 -11.5866 9.93818 68.4854 2.45092 -13 3570 1 0 1
-10.5597 -4.85555 325.556 -2.95516 -0.799456 70.3628 2.31818 -13 3571 1 0 1
-68.0795 11.8268 325.556 -20.1444 2.55939 77.8499 2.15453 -13 3572 1 0 1
-7.50602 -65.4561 325.556 -1.35423 -7.78571 51.1543 4.05044 -13 3575 1 0 1
-47.0308 0.378495 325.556 -12.1533 -0.396406 68.7059 2.95704 -13 3576 1 0 1
69.5139 79.455 325.556 15.2254 10.9481 56.4303 0.207358 -13 3577 1 0 1
-25.5095 8.33957 325.556 -6.67431 1.74647 68.6408 1.87271 -13 3578 1 0 1
11.0693 -13.4676 325.556 2.01293 -1.34675 39.8405 3.35977 -13 3579 1 0 1
52.4496 43.8617 325.556 13.1033 7.75341 68.8061 2.76459 -13 3580 1 0 1
7.75228 -50.3151 325.556 1.53898 -11.4648 80.1277 1.07017 -13 3581 1 0 1
35.8559 -18.7545 325.556 7.86927 -3.06716 56.3192 2.60436 -13 3582 1 0 1
-4.87447 19.3687 325.556 -1.66755 3.49548 72.8196 2.52607 -13 3583 1 0 1
-12.6901 28.8681 325.556 -3.0062 4.85821 62.8589 1.27054 -13 3584 1 0 1
-1.88961 -12.597 325.556 -0.619707 -2.44134 68.5699 3.5566 -13 3585 1 0 1
-1.79203 41.4961 325.556 -1.19284 8.60728 78.3428 0.493148 -13 3586 1 0 1
-54.5862 -45.4746 325.556 -14.691 -9.35738 71.736 2.23424 -13 3587 1 0 1
21.317 18.8466 325.556 4.47369 1.97965 53.022 0.780347 -13 3588 1 0 1
-19.2066 -18.3619 325.556 -4.50575 -3.27064 63.4414 4.33428 -13 3589 1 0 1
-40.9479 -46.9436 325.556 -10.2993 -8.91723 67.3036 2.64552 -13 3590 1 0 1
-32.9414 5.017 325.556 -8.96481 0.923083 72.224 1.45647 -13 3591 1 0 1
-47.1617 -50.8607 325.556 -14.0391 -10.6317 78.2052 0.952288 -13 3592 1 0 1
14.9037 -18.5307 325.556 2.82986 -1.83598 45.6893 3.64468 -13 3593 1 0 1
104.997 1.44328 325.556 23.9986 -0.35075 59.9154 2.4681 -13 3594 1 0 1
60.1188 16.1534 325.556 11.8497 1.16367 50.388 2.7973 -13 3595 1 0 1
-37.9044 -30.8753 325.556 -8.61496 -5.23517 60.9083 3.22772 -13 3596 1 0 1
67.0568 7.78117 325.556 11.9196 0.863428 43.2586 3.35084 -13 3597 1 0 1
22.2296 41.6851 325.556 5.43677 7.58114 69.2631 3.32071 -13 3598 1 0 1
22.9087 -4.37964 325.556 5.67872 -0.602337 72.0435 3.82724 -13 3599 1 0 1
-20.1426 -5.25366 325.556 -4.11096 -0.864064 56.4907 2.41289 -13 3600 1 0 1
0.601393 -2.92014 325.556 -0.0737452 -0.76374 71.2978 0.918614 -13 3601 1 0 1
-75.9788 -42.2895 325.556 -14.8271 -4.30776 50.5796 2.23084 -13 3602 1 0 1
54.4373 -26.9504 325.556 12.8334 -4.3483 63.0514 1.9989 -13 3603 1 0 1
49.5722 57.1093 325.556 12.2854 10.4193 67.8936 1.36227 -13 3604 1 0 1
-35.7855 -59.917 325.556 -10.134 -11.5208 74.0359 3.25219 -13 3605 1 0 1
10.5922 -42.3361 325.556 2.4596 -6.12659 63.1648 2.48441 -13 3606 1 0 1
38.5539 -37.1083 325.556 8.92369 -6.64342 62.6857 4.49207 -13 3607 1 0 1
-53.5042 16.8346 325.556 -12.5309 2.28532 62.1057 1.6868 -13 3608 1 0 1
0.693375 25.4786 325.556 -0.420265 5.74522 75.4051 -0.0200313 -13 3609 1 0 1
49.4723 14.7538 325.556 12.0785 2.24617 66.7604 3.03096 -13 3610 1 0 1
48.1054 -47.7274 325.556 9.52824 -5.7127 49.5649 2.5363 -13 3611 1 0 1
25.4535 56.94 325.556 6.03374 9.73247 65.4051 2.11736 -13 3612 1 0 1
-25.867 48.5274 325.556 -7.28949 10.1983 73.5537 2.48265 -13 3613 1 0 1
28.3863 -23.7045 325.556 7.15795 -3.96594 70.4947 1.26225 -13 3614 1 0 1
38.9921 -7.09619 325.556 10.1889 -2.04032 75.3272 2.67363 -13 3615 1 0 1
6.10967 -37.9919 325.556 1.15143 -8.45485 75.1885 1.07929 -13 3616 1 0 1
45.3403 7.49828 325.556 10.659 1.69601 63.6128 4.82116 -13 3617 1 0 1
-1.95242 -41.2002 325.556 -0.609845 -7.21882 68.4798 1.82372 -13 3618 1 0 1
77.0178 9.81404 325.556 17.9014 1.83953 61.6514 1.31204 -13 3619 1 0 1
38.171 29.5481 325.556 8.62704 4.16656 58.2484 0.478173 -13 3620 1 0 1
-6.34805 23.8303 325.556 -1.59692 3.92305 65.9696 2.0525 -13 3621 1 0 1
-29.8213 12.4249 325.556 -8.09649 1.94737 71.5667 1.65854 -13 3622 1 0 1
-11.4548 77.7406 325.556 -2.0574 9.827 52.7487 1.59289 -13 3623 1 0 1
64.0806 -33.8803 325.556 14.6337 -5.07491 60.6604 3.7295 -13 3624 1 0 1
-57.984 22.2528 325.556 -17.0931 5.25471 76.8444 2.28212 -13 3625 1 0 1
25.3115 19.7925 325.556 6.1427 3.85017 66.5343 0.397375 -13 3626 1 0 1
39.4229 -0.413851 325.556 8.31964 0.52837 53.527 2.39658 -13 3627 1 0 1
16.1636 -31.1397 325.556 3.15944 -3.32745 47.042 3.86539 -13 3628 1 0 1
15.8402 8.9923 325.556 3.89555 1.6836 75.2764 2.42982 -13 3629 1 0 1
-51.9634 5.99343 325.556 -8.65513 0.514613 42.9995 2.45329 -13 3631 1 0 1
24.9484 -18.427 325.556 4.8834 -2.28845 48.7352 3.03797 -13 3632 1 0 1
31.8642 -14.6761 325.556 8.09681 -2.75654 71.665 2.39256 -13 3634 1 0 1
16.8143 31.0906 325.556 4.03235 6.93946 75.1871 3.03974 -13 3635 1 0 1
-76.4598 8.11578 325.556 -18.0738 1.59674 62.6961 -0.379027 -13 3639 1 0 1
-104.378 -57.1042 325.556 -23.2247 -8.4911 57.9851 3.6226 -13 3640 1 0 1
48.2096 37.9138 325.556 9.85385 4.77425 51.5758 3.23126 -13 3641 1 0 1
19.3187 -46.0603 325.556 4.69137 -8.39487 69.6508 1.95351 -13 3642 1 0 1
-101.915 6.42957 325.556 -25.5121 1.64146 66.08 2.40394 -13 3643 1 0 1
75.8566 -13.4131 325.556 15.6096 -1.50168 52.7497 1.26845 -13 3644 1 0 1
39.2291 -4.58834 325.556 9.44818 -0.97393 65.5163 1.04586 -13 3645 1 0 1
-99.4553 67.2153 325.556 -21.2492 9.49443 55.4358 3.797 -13 3647 1 0 1
-51.0032 -33.9534 325.556 -12.8989 -6.14461 67.9105 2.24653 -13 3648 1 0 1
-4.89581 19.0539 325.556 -0.910618 2.76974 58.7084 3.1376 -13 3649 1 0 1
-37.7604 -50.9624 325.556 -9.7099 -8.76013 68.3203 2.66631 -13 3650 1 0 1
30.9064 15.1511 325.556 5.66452 1.34209 43.9207 2.40878 -13 3651 1 0 1
-116.803 2.09466 325.556 -27.0407 0.691332 60.2263 1.45509 -13 3652 1 0 1
21.4918 20.0608 325.556 5.29271 3.76289 66.9773 0.634682 -13 3653 1 0 1
-34.3643 40.242 325.556 -6.43833 5.43672 49.7266 1.22002 -13 3654 1 0 1
37.2762 -3.07622 325.556 8.01975 -0.906932 54.4102 1.71628 -13 3655 1 0 1
40.0423 43.8199 325.556 8.97621 6.55001 58.4913 0.541035 -13 3656 1 0 1
-1.63058 2.89152 325.556 -0.202713 0.551393 56.3745 1.33578 -13 3657 1 0 1
-13.0359 21.5788 325.556 -3.74815 3.68267 71.7448 2.96716 -13 3658 1 0 1
22.1179 -19.6931 325.556 5.16747 -2.2754 62.4232 2.60105 -13 3659 1 0 1
24.1173 19.481 325.556 5.89985 3.04593 67.6527 2.94914 -13 3660 1 0 1
-41.5904 37.2581 325.556 -8.98114 5.38564 57.7864 2.75389 -13 3661 1 0 1
31.6801 -8.79974 325.556 7.67187 -1.88315 64.9266 2.60476 -13 3662 1 0 1
-0.59833 47.1213 325.556 -0.185805 7.58176 63.9206 3.17094 -13 3663 1 0 1
-48.7552 -47.1786 325.556 -11.642 -7.30352 63.4324 0.61234 -13 3664 1 0 1
31.047 -43.4499 325.556 6.84312 -6.60701 57.683 1.78788 -13 3665 1 0 1
101.109 -47.5485 325.556 15.3736 -3.18775 35.428 3.03547 -13 3666 1 0 1
-42.346 22.7713 325.556 -9.28937 2.93924 58.613 2.17065 -13 3667 1 0 1
-0.717262 4.21451 325.556 -0.0646057 0.674293 60.5382 2.40865 -13 3668 1 0 1
-25.0628 3.60042 325.556 -7.09656 0.856665 72.8635 1.72576 -13 3669 1 0 1
33.586 38.0947 325.556 8.0136 6.94019 65.369 3.42939 -13 3670 1 0 1
-37.9619 -66.9342 325.556 -9.4879 -11.514 66.6128 3.03735 -13 3671 1 0 1
-28.3518 -6.6364 325.556 -7.4942 -0.980778 69.6188 2.17038 -13 3672 1 0 1
-25.9502 -5.24998 325.556 -6.22315 -0.639045 63.8113 1.35204 -13 3673 1 0 1
-47.6667 -38.9456 325.556 -12.0207 -6.81109 67.1818 2.74921 -13 3674 1 0 1
-6.23043 14.0303 325.556 -1.31146 2.6592 62.0948 1.01952 -13 3675 1 0 1
-76.7267 31.0723 325.556 -18.9914 4.89622 65.961 1.36173 -13 3676 1 0 1
-65.9369 -15.7618 325.556 -16.3616 -2.71457 66.2555 1.54252 -13 3677 1 0 1
-13.8171 6.05586 325.556 -3.35436 1.24234 65.3041 1.90694 -13 3678 1 0 1
6.09223 -42.9729 325.556 1.48547 -7.46686 64.759 3.09694 -13 3679 1 0 1
-50.8881 -91.1616 325.556 -11.3365 -13.4081 58.7517 0.888287 -13 3680 1 0 1
-57.9297 34.0002 325.556 -13.5717 4.89768 62.711 3.49485 -13 3681 1 0 1
-17.1774 -4.22213 325.556 -4.80234 -1.12177 71.5573 2.07188 -13 3682 1 0 1
-37.6337 -30.4405 325.556 -9.38234 -4.86999 66.5249 1.76481 -13 3683 1 0 1
-29.9059 -28.1393 325.556 -7.04745 -4.79443 63.5576 4.04289 -13 3684 1 0 1
6.63314 -2.97132 325.556 1.45273 -0.0204693 68.7063 2.39135 -13 3685 1 0 1
-36.6881 -23.8472 325.556 -8.9293 -4.21373 65.2895 1.4931 -13 3686 1 0 1
-49.7875 -24.5352 325.556 -10.6139 -3.44284 56.5807 0.678996 -13 3687 1 0 1
56.5749 57.4797 325.556 8.60258 4.04883 35.4066 3.48908 -13 3689 1 0 1
14.672 -17.6019 325.556 3.44703 -3.69413 65.733 3.87973 -13 3690 1 0 1
-34.1015 -18.2482 325.556 -4.9831 -1.45209 37.6488 3.13422 -13 3691 1 0 1
-44.1259 59.0026 325.556 -9.60383 8.98799 57.8031 3.61129 -13 3692 1 0 1
52.647 4.00915 325.556 13.27 1.07598 69.8592 1.85653 -13 3693 1 0 1
-29.5826 -7.46851 325.556 -6.79533 -1.01196 61.2966 3.21914 -13 3694 1 0 1
-25.9171 -49.3332 325.556 -6.4717 -8.43362 66.2082 4.05351 -13 3695 1 0 1
-19.4067 -70.5883 325.556 -6.17763 -14.9906 77.339 1.95682 -13 3696 1 0 1
58.7619 -10.6331 325.556 16.3541 -1.91437 80.6672 0.910404 -13 3697 1 0 1
21.285 0.536117 325.556 5.38004 0.42472 71.5431 2.80707 -13 3698 1 0 1
32.3332 -25.1124 325.556 7.67489 -3.96936 62.5408 0.47288 -13 3699 1 0 1
21.2623 -11.9781 325.556 4.50198 -1.79236 52.7902 2.33431 -13 3700 1 0 1
85.8262 20.8071 325.556 16.1091 2.55231 46.7783 2.7913 -13 3701 1 0 1
-22.0391 17.8341 325.556 -4.8019 2.71515 59.6926 2.80701 -13 3702 1 0 1
-13.8536 33.2546 325.556 -3.64525 6.00328 68.8451 2.73882 -13 3703 1 0 1
-19.106 19.7925 325.556 -1.42461 0.0657412 14.8582 6.75789 -13 3704 1 0 1
-15.5844 -45.9085 325.556 -4.84255 -9.41179 76.2563 0.838478 -13 3705 1 0 1
40.5289 -22.6162 325.556 10.8456 -5.49997 79.2759 0.107779 -13 3706 1 0 1
-38.4348 1.643 325.556 -8.67184 0.350642 60.3219 4.04927 -13 3707 1 0 1
21.6743 -1.45769 325.556 5.15414 -0.046372 63.4111 5.6284 -13 3708 1 0 1
43.8141 -68.3982 325.556 10.7766 -11.9849 68.0435 2.55174 -13 3709 1 0 1
30.6959 -21.4564 325.556 7.86718 -4.35395 75.3661 3.28188 -13 3711 1 0 1
-21.8996 30.8035 325.556 -5.53052 5.29085 67.1084 1.37151 -13 3712 1 0 1
72.7043 -51.8946 325.556 18.0191 -9.14756 67.2698 1.55169 -13 3713 1 0 1
17.3772 -36.3464 325.556 4.10335 -5.88032 62.5631 3.3419 -13 3714 1 0 1
57.8954 -35.8867 325.556 12.5685 -5.03651 56.803 1.69399 -13 3715 1 0 1
-47.3725 2.07903 325.556 -9.06218 -0.182326 50.7782 2.46163 -13 3716 1 0 1
-39.1005 -51.8005 325.556 -9.40383 -8.98102 64.0489 4.38053 -13 3717 1 0 1
36.5995 -31.0642 325.556 7.67309 -4.42145 53.6594 -0.016328 -13 3718 1 0 1
18.375 -16.0362 325.556 4.38059 -2.45718 62.0122 3.77621 -13 3719 1 0 1
19.8097 38.1937 325.556 4.87615 6.85913 69.0451 4.54402 -13 3720 1 0 1
-3.7629 -18.328 325.556 -0.593626 -2.43375 52.0256 4.95152 -13 3721 1 0 1
-1.942 -34.4276 325.556 -0.325472 -5.7172 59.6599 1.70653 -13 3722 1 0 1
-53.8476 26.323 325.556 -15.3908 5.84012 75.7419 2.24765 -13 3723 1 0 1
93.8683 -36.2187 325.556 20.3427 -5.24451 56.2262 2.0847 -13 3724 1 0 1
32.4944 -0.113067 325.556 7.52572 -0.0870429 61.7736 2.02557 -13 3725 1 0 1
-14.0061 -14.3244 325.556 -3.54548 -2.73677 67.2708 2.9842 -13 3726 1 0 1
-12.488 -31.13 325.556 -2.81293 -3.90739 60.9364 1.66307 -13 3727 1 0 1
-3.40011 -7.92656 325.556 -1.09403 -1.10547 70.5645 0.897878 -13 3728 1 0 1
-3.71854 -11.8756 325.556 -1.10676 -2.33264 69.1167 3.35896 -13 3729 1 0 1
-40.6858 -65.5228 325.556 -12.1195 -13.255 76.8668 2.11577 -13 3730 1 0 1
35.5568 -71.0653 325.556 7.5814 -9.47581 55.3995 1.50594 -13 3731 1 0 1
51.1651 -24.9132 325.556 9.39331 -2.94329 45.4868 2.22384 -13 3732 1 0 1
24.037 3.8071 325.556 5.62345 0.57264 63.1381 3.20577 -13 3733 1 0 1
-15.7182 9.69684 325.556 -3.8963 1.8653 65.5772 2.3644 -13 3734 1 0 1
34.0863 -18.3771 325.556 8.4089 -3.82546 68.6529 1.34072 -13 3735 1 0 1
-31.4668 10.7896 325.556 -7.05189 1.48022 59.8224 1.76301 -13 3736 1 0 1
-49.2038 -19.3833 325.556 -14.7911 -3.56224 78.1813 0.907782 -13 3738 1 0 1
-2.45118 -19.9036 325.556 -1.37095 -4.54948 78.8179 4.16349 -13 3739 1 0 1
-33.4078 -20.2097 325.556 -6.19506 -2.8833 49.6906 2.54152 -13 3740 1 0 1
-44.2533 -29.0075 325.556 -12.4031 -5.61325 74.3483 1.57224 -13 3741 1 0 1
25.8253 -56.8694 325.556 6.09615 -9.27074 63.7857 2.57073 -13 3742 1 0 1
-36.3146 30.3296 325.556 -8.96885 5.48408 65.6943 3.10132 -13 3743 1 0 1
75.7985 12.9756 325.556 16.6065 2.10691 57.6951 1.96992 -13 3744 1 0 1
-7.84286 33.7607 325.556 -0.730437 1.82388 30.6686 5.35957 -13 3745 1 0 1
-39.4872 -29.9261 325.556 -9.1653 -4.76638 62.6741 0.867479 -13 3746 1 0 1
5.9679 -11.8049 325.556 1.41111 -1.50546 50.9714 0.379438 -13 3747 1 0 1
29.1657 2.40246 325.556 7.16269 0.773553 67.8604 1.29275 -13 3748 1 0 1
7.53347 11.1117 325.556 1.73613 1.15317 58.8747 1.89807 -13 3749 1 0 1
8.38345 33.6438 325.556 1.94032 5.63698 60.555 1.4325 -13 3750 1 0 1
-22.5667 -21.2501 325.556 -5.06786 -3.26428 61.5735 2.30296 -13 3751 1 0 1
-81.6207 -55.9385 325.556 -17.9583 -8.10881 57.7157 3.35867 -13 3752 1 0 1
-82.1884 12.4755 325.556 -23.5078 2.5109 75.9904 2.42982 -13 3753 1 0 1
-84.281 30.0879 325.556 -22.2258 5.83362 70.0951 2.03384 -13 3754 1 0 1
-25.4124 6.87533 325.556 -6.79774 1.50481 69.5692 0.868663 -13 3755 1 0 1
11.2521 29.631 325.556 2.41099 6.03599 79.2517 2.62631 -13 3756 1 0 1
90.5983 -12.4157 325.556 20.2532 -1.33711 58.7753 0.394949 -13 3757 1 0 1
-18.227 12.1076 325.556 -3.52294 1.62461 54.4778 3.66586 -13 3758 1 0 1
38.0642 17.6664 325.556 9.35008 3.14633 67.3304 0.663405 -13 3759 1 0 1
49.6527 5.47746 325.556 9.60313 0.17039 48.1265 3.60388 -13 3760 1 0 1
-28.4182 -13.4827 325.556 -7.25969 -2.14646 67.973 1.19202 -13 3761 1 0 1
4.47617 48.857 325.556 0.845335 9.1416 72.9336 2.32417 -13 3762 1 0 1
21.0759 7.83803 325.556 5.02858 1.6119 64.1215 0.728794 -13 3763 1 0 1
-8.54282 36.0735 325.556 -2.33217 7.12048 68.3708 1.98691 -13 3764 1 0 1
-13.9548 85.6948 325.556 -3.36232 14.0925 64.4687 3.73785 -13 3765 1 0 1
43.6649 -36.2464 325.556 9.72649 -5.56909 58.0133 2.18954 -13 3766 1 0 1
-69.3227 -8.39946 325.556 -17.7028 -2.07088 68.0404 1.65362 -13 3767 1 0 1
102.404 7.92353 325.556 18.0104 1.21408 43.0894 1.91003 -13 3768 1 0 1
-15.4529 11.6817 325.556 -2.82929 1.61646 51.7686 0.826109 -13 3769 1 0 1
-7.35396 29.4698 325.556 -1.60817 4.8576 62.6859 -0.384631 -13 3770 1 0 1
25.1507 22.5438 325.556 5.82171 3.62383 60.9106 2.64013 -13 3771 1 0 1
44.9196 3.40157 325.556 9.54179 0.708906 53.9223 1.82 -13 3772 1 0 1
-22.2084 -109.489 325.556 -4.68961 -14.9654 57.3998 1.38406 -13 3774 1 0 1
-38.1477 -23.9495 325.556 -8.01907 -3.06958 56.9258 1.84706 -13 3775 1 0 1
43.5869 -4.91115 325.556 8.56214 -0.516981 49.3968 3.82968 -13 3776 1 0 1
-58.3022 -21.3286 325.556 -13.4335 -3.47846 61.1698 3.40811 -13 3777 1 0 1
-4.2423 42.1026 325.556 -1.51377 8.30823 73.4252 1.20974 -13 3778 1 0 1
23.0915 17.3171 325.556 4.94233 2.7934 54.496 2.32505 -13 3779 1 0 1
50.9489 -40.9133 325.556 10.6107 -5.43813 53.5205 3.03334 -13 3780 1 0 1
-9.54297 22.4309 325.556 -2.01599 3.49826 58.7894 1.14532 -13 3781 1 0 1
-1.91985 15.989 325.556 -0.654666 3.35915 68.96 2.18545 -13 3782 1 0 1
-30.1744 -54.9809 325.556 -7.55796 -9.87653 66.2172 1.04268 -13 3783 1 0 1
29.2548 17.1291 325.556 7.066 2.94165 64.4991 0.366851 -13 3784 1 0 1
-9.01258 12.8761 325.556 -2.17137 2.46715 64.2811 0.821737 -13 3785 1 0 1
-36.8054 -38.8265 325.556 -9.31279 -6.39681 67.5276 0.55791 -13 3786 1 0 1
1.13713 40.8703 325.556 -0.0218263 7.48391 73.7815 3.42589 -13 3787 1 0 1
28.8219 5.22738 325.556 6.68184 0.95264 63.0771 2.96495 -13 3788 1 0 1
-46.6497 3.73749 325.556 -12.2975 0.856398 70.4348 2.62552 -13 3789 1 0 1
-30.066 54.6169 325.556 -7.07018 8.74033 62.9196 4.34647 -13 3791 1 0 1
11.8936 -59.223 325.556 1.83288 -3.7134 32.4457 3.65289 -13 3792 1 0 1
-74.3627 10.2191 325.556 -17.632 1.36119 63.1507 2.80162 -13 3794 1 0 1
-66.5331 15.501 325.556 -13.9446 2.49423 55.4806 2.99466 -13 3795 1 0 1
-78.4627 -15.0173 325.556 -17.4278 -2.17992 58.547 3.12215 -13 3796 1 0 1
27.2643 -7.85709 325.556 6.27025 -1.0446 61.2221 3.21462 -13 3797 1 0 1
-9.50616 49.728 325.556 -3.60719 11.4221 78.088 3.45875 -13 3798 1 0 1
-22.7702 -33.7128 325.556 -5.69662 -6.04537 67.2767 1.80751 -13 3799 1 0 1
-4.84332 2.4679 325.556 -1.88668 0.758638 76.5074 2.54237 -13 3801 1 0 1
-39.8559 32.6188 325.556 -7.64671 4.00153 50.5915 2.85079 -13 3802 1 0 1
-27.5518 -6.58599 325.556 -7.50601 -1.8912 71.5788 0.347903 -13 3803 1 0 1
-31.9369 28.7096 325.556 -3.43261 0.962875 24.9498 6.64902 -13 3804 1 0 1
-24.7288 -3.1885 325.556 -5.74125 -0.692055 62.6 0.835857 -13 3805 1 0 1
31.871 -6.04475 325.556 5.90524 -1.12854 44.3678 2.82404 -13 3806 1 0 1
-44.9374 -23.8689 325.556 -11.6256 -4.6335 69.1994 1.75732 -13 3807 1 0 1
59.3296 -21.3904 325.556 13.2468 -2.95982 58.8687 4.86933 -13 3808 1 0 1
-39.1317 -0.0018638 325.556 -10.294 -0.15394 70.1439 0.419781 -13 3809 1 0 1
-14.6782 35.5235 325.556 -2.82836 5.07749 54.2999 2.0277 -13 3810 1 0 1
-13.189 -2.42552 325.556 -3.45098 -0.286655 68.1532 1.57575 -13 3811 1 0 1
29.7871 -55.5021 325.556 7.43198 -10.395 70.529 2.53167 -13 3812 1 0 1
69.1918 10.992 325.556 14.5036 1.17706 54.3456 4.59159 -13 3813 1 0 1
-43.6079 6.32187 325.556 -9.70314 0.540317 59.2216 1.22736 -13 3814 1 0 1
-80.596 25.3659 325.556 -22.4419 5.08934 74.014 1.8226 -13 3815 1 0 1
40.1906 -47.2779 325.556 7.25555 -4.59669 44.3142 1.84583 -13 3816 1 0 1
0.23784 -34.853 325.556 0.0669509 -5.52957 62.9572 1.51154 -13 3817 1 0 1
22.0773 4.83973 325.556 5.41658 1.08215 67.9038 1.94975 -13 3818 1 0 1
-2.95791 10.7527 325.556 -0.477475 1.6703 57.0989 2.8667 -13 3819 1 0 1
61.0268 -16.2241 325.556 15.2242 -2.60107 68.5133 2.44016 -13 3820 1 0 1
67.5232 48.5301 325.556 14.6206 6.70193 56.9242 4.37977 -13 3821 1 0 1
17.6102 -20.9584 325.556 4.34163 -3.97791 70.2518 0.814471 -13 3822 1 0 1
-68.9874 11.2651 325.556 -17.9164 1.96512 69.1719 0.863321 -13 3823 1 0 1
23.8391 -1.68673 325.556 5.42293 -0.267537 59.7166 4.03783 -13 3824 1 0 1
-4.6553 -2.35085 325.556 -1.09896 -0.514665 63.6885 2.78481 -13 3825 1 0 1
-38.2118 -44.6423 325.556 -8.27452 -6.12436 58.044 2.38295 -13 3826 1 0 1
32.8566 0.527134 325.556 5.57203 -0.302364 40.2196 3.18092 -13 3827 1 0 1
25.0732 -0.582085 325.556 5.22302 0.00751336 52.778 3.87815 -13 3828 1 0 1
34.7645 16.677 325.556 8.42268 2.97356 65.4179 0.0450588 -13 3829 1 0 1
48.9334 55.0562 325.556 11.2708 8.66382 60.6568 1.24945 -13 3830 1 0 1
33.9165 -62.7133 325.556 6.23542 -6.70375 45.3168 3.29705 -13 3831 1 0 1
-6.16538 -7.6418 325.556 -1.14902 -0.949176 54.1002 2.34919 -13 3832 1 0 1
15.1266 -27.1885 325.556 3.4895 -4.10912 61.5672 0.00782163 -13 3833 1 0 1
-21.076 49.2048 325.556 -5.79091 8.43149 70.444 2.05489 -13 3834 1 0 1
3.16454 9.30955 325.556 0.536456 1.21681 71.9962 2.24933 -13 3835 1 0 1
-0.696626 -27.7884 325.556 -1.0096 -6.38799 80.3972 4.04272 -13 3836 1 0 1
34.5653 -37.2794 325.556 7.68802 -5.70376 58.2292 0.980644 -13 3837 1 0 1
25.4612 -2.41715 325.556 5.11705 -0.437911 50.3913 3.5773 -13 3838 1 0 1
85.1681 -21.7561 325.556 12.8361 -1.52856 34.978 5.3999 -13 3840 1 0 1
-40.4377 66.5362 325.556 -8.07592 8.98269 53.4485 3.83682 -13 3841 1 0 1
-20.3191 1.92379 325.556 -4.95059 0.849828 65.1131 1.1463 -13 3842 1 0 1
51.0642 0.565417 325.556 10.4829 0.136938 52.7363 4.00252 -13 3843 1 0 1
-108.807 -4.07325 325.556 -23.2534 -0.421717 55.3529 2.87957 -13 3844 1 0 1
-46.3013 -29.821 325.556 -12.5737 -5.72683 71.9486 1.27504 -13 3845 1 0 1
-23.8324 -44.6234 325.556 -6.71703 -8.58832 73.0169 1.0343 -13 3846 1 0 1
-68.0078 -44.9637 325.556 -10.6382 -3.68679 39.2135 3.20345 -13 3847 1 0 1
61.4658 0.599859 325.556 12.4069 0.280051 51.2522 2.20437 -13 3848 1 0 1
-79.0715 -12.9661 325.556 -18.6429 -1.78246 62.4411 3.25942 -13 3849 1 0 1
-16.9187 89.055 325.556 -4.21477 15.2687 65.3318 2.36532 -13 3850 1 0 1
65.1118 -2.17685 325.556 12.7545 0.139266 49.4197 2.54601 -13 3851 1 0 1
70.2252 61.3358 325.556 11.0661 4.6352 37.5209 3.50676 -13 3852 1 0 1
-46.5805 -19.9282 325.556 -11.3364 -3.78566 64.4193 3.36934 -13 3853 1 0 1
-2.7084 0.926714 325.556 -0.260141 0.20326 42.4743 1.3388 -13 3854 1 0 1
14.6566 -50.9454 325.556 3.36943 -8.50059 62.1292 1.64362 -13 3855 1 0 1
3.42197 8.13032 325.556 0.838274 1.73077 59.003 0.294332 -13 3856 1 0 1
28.7121 -13.6434 325.556 6.54571 -2.19036 60.4504 0.859022 -13 3857 1 0 1
22.194 23.119 325.556 5.00801 3.27833 60.2324 0.744138 -13 3858 1 0 1
2.97672 -23.0798 325.556 0.633884 -3.10007 65.7089 0.831525 -13 3859 1 0 1
-2.64699 -26.8242 325.556 -0.935284 -4.79187 73.0879 1.19354 -13 3860 1 0 1
28.703 30.6136 325.556 6.87848 4.37618 65.5082 2.93814 -13 3861 1 0 1
11.5471 -5.72353 325.556 2.59771 -1.31215 59.0304 2.64793 -13 3862 1 0 1
-2.04733 -10.3279 325.556 -0.255951 -1.28378 56.6639 2.57743 -13 3863 1 0 1
22.7559 -6.47769 325.556 2.74043 0.0114048 25.5285 3.92169 -13 3864 1 0 1
23.0429 -0.182967 325.556 5.86728 -0.102137 73.6099 1.4819 -13 3865 1 0 1
-54.808 23.2598 325.556 -11.4315 3.49632 55.4605 1.62347 -13 3866 1 0 1
35.6554 -52.6349 325.556 8.27064 -7.33638 62.048 2.82064 -13 3867 1 0 1
-27.8489 2.61949 325.556 -5.12764 0.316951 50.3223 2.59582 -13 3868 1 0 1
-9.54634 -7.47061 325.556 -3.00625 -0.850429 75.1397 1.26761 -13 3869 1 0 1
-4.94063 -38.1073 325.556 -2.16571 -7.91555 79.5822 3.23604 -13 3870 1 0 1
-36.1926 -0.403318 325.556 -7.84415 0.258648 57.8568 1.62481 -13 3871 1 0 1
-24.7702 38.4002 325.556 -7.14387 7.11914 74.5052 3.49163 -13 3872 1 0 1
-33.5924 -5.60355 325.556 -9.43879 -1.17575 73.5338 3.66151 -13 3873 1 0 1
-61.8693 -9.04367 325.556 -15.3067 -1.87881 66.4496 3.57164 -13 3874 1 0 1
10.4552 45.6041 325.556 1.87276 3.51271 38.4267 2.65199 -13 3875 1 0 1
32.6949 -2.8599 325.556 7.62477 -0.387238 62.3445 3.27146 -13 3876 1 0 1
-47.6459 14.9203 325.556 -9.34238 1.72094 51.8113 0.779917 -13 3877 1 0 1
-2.80613 -50.9592 325.556 -0.501259 -7.26621 56.6301 3.21852 -13 3879 1 0 1
-46.2744 -26.9018 325.556 -11.4665 -4.90402 66.5279 3.16783 -13 3880 1 0 1
30.3616 -16.5526 325.556 7.76231 -3.26934 73.3052 2.68455 -13 3881 1 0 1
-60.0647 -47.4474 325.556 -13.4987 -7.27218 59.858 3.36713 -13 3882 1 0 1
54.7419 -66.2568 325.556 12.1267 -9.75215 59.016 3.48822 -13 3883 1 0 1
-4.18728 13.5268 325.556 -1.46361 2.88348 73.2414 1.72458 -13 3884 1 0 1
-16.651 -30.3695 325.556 -5.20149 -6.61587 76.6293 -0.540953 -13 3886 1 0 1
-35.0723 59.253 325.556 -8.4393 9.7513 64.1441 3.22145 -13 3887 1 0 1
3.20374 -34.4566 325.556 0.873244 -4.06898 49.3704 3.51174 -13 3888 1 0 1
-15.1037 2.13023 325.556 -3.71479 0.498771 65.4465 3.72829 -13 3889 1 0 1
-19.7592 -63.473 325.556 -3.34383 -7.16877 47.0209 2.58103 -13 3890 1 0 1
-12.3598 -16.7018 325.556 -3.20456 -2.74616 67.6789 4.62006 -13 3891 1 0 1
-41.7728 -57.3938 325.556 -9.24135 -8.77277 58.9732 3.01742 -13 3892 1 0 1
-25.053 22.6644 325.556 -6.90933 4.32586 72.3579 1.45844 -13 3893 1 0 1
-55.4979 50.474 325.556 -9.73536 5.17727 45.8234 3.93491 -13 3894 1 0 1
11.2066 3.37597 325.556 2.69968 0.705067 71.7823 2.32059 -13 3895 1 0 1
6.70323 -25.7799 325.556 1.4873 -4.45233 67.7232 1.19619 -13 3896 1 0 1
-22.0408 55.6563 325.556 -4.8897 8.14202 59.1015 2.87752 -13 3897 1 0 1
82.0114 -7.5071 325.556 19.0985 -1.20734 61.7931 3.92067 -13 3898 1 0 1
-107.481 59.4701 325.556 -9.47257 8.62853 26.744 3.68451 -13 3899 1 0 1
-35.5593 14.8406 325.556 -9.68356 2.45414 71.9523 1.60217 -13 3900 1 0 1
72.3978 -81.7046 325.556 13.3043 -8.26957 45.4035 1.13765 -13 3901 1 0 1
-12.3357 14.5988 325.556 -3.66435 2.53991 72.6479 2.36265 -13 3902 1 0 1
22.0926 93.8677 325.556 4.27897 10.8135 47.3159 1.68496 -13 3903 1 0 1
-25.6211 -34.7596 325.556 -5.15408 -4.73627 53.0182 4.58646 -13 3904 1 0 1
-42.6394 11.3399 325.556 -12.669 2.97942 77.8162 1.89338 -13 3905 1 0 1
32.5099 39.987 325.556 2.818 0.165844 16.142 7.51662 -13 3906 1 0 1
10.9769 -10.3475 325.556 2.60217 -1.4232 67.2346 0.955603 -13 3907 1 0 1
29.0114 -26.1058 325.556 6.25201 -3.45435 55.6208 3.0843 -13 3908 1 0 1
-38.9882 -3.4764 325.556 -10.8992 -0.540706 73.7823 2.40475 -13 3909 1 0 1
-16.6601 7.17616 325.556 -4.61874 1.41355 71.2333 2.04422 -13 3910 1 0 1
-78.5169 -34.8375 325.556 -18.132 -5.972 60.7852 2.57749 -13 3911 1 0 1
-2.45187 18.058 325.556 -0.626765 2.29056 66.1219 1.79183 -13 3912 1 0 1
-12.0161 -41.5559 325.556 -1.99728 -4.45698 46.2131 3.77817 -13 3913 1 0 1
5.76686 -27.9525 325.556 1.38108 -4.37844 56.8196 3.6708 -13 3914 1 0 1
6.36593 -8.86281 325.556 1.44068 -2.05723 64.5523 2.08809 -13 3915 1 0 1
-12.3427 19.5661 325.556 -2.73353 2.90999 60.8329 1.11937 -13 3916 1 0 1
-16.082 37.1358 325.556 -3.9746 6.66257 64.9255 1.76955 -13 3917 1 0 1
24.4088 -19.7448 325.556 6.20611 -3.82472 73.6993 0.838381 -13 3918 1 0 1
-28.6943 26.75 325.556 -8.49085 5.51626 76.4074 2.30091 -13 3919 1 0 1
24.4757 3.13529 325.556 5.93171 0.681727 67.0822 2.47026 -13 3920 1 0 1
-58.5649 -8.80806 325.556 -16.4705 -1.71989 74.7034 1.91665 -13 3921 1 0 1
16.7383 -38.0143 325.556 2.39476 -2.29801 31.1191 3.40029 -13 3922 1 0 1
-67.0091 -12.8028 325.556 -14.5087 -1.79176 57.1118 3.58004 -13 3923 1 0 1
56.3499 -34.0853 325.556 12.8354 -5.57396 60.9901 0.459305 -13 3924 1 0 1
-57.4311 35.609 325.556 -13.3343 5.1643 61.4679 3.58782 -13 3925 1 0 1
50.783 -53.7784 325.556 11.6072 -9.02587 60.8008 2.22559 -13 3926 1 0 1
-62.2978 -33.5051 325.556 -12.9033 -4.82489 54.8008 3.93883 -13 3927 1 0 1
-28.7465 -30.8616 325.556 -7.6618 -5.38615 69.9966 3.03857 -13 3928 1 0 1
13.3743 -15.6489 325.556 3.03637 -2.26468 56.0747 1.76759 -13 3929 1 0 1
1.37939 -53.8536 325.556 -0.518359 -11.0046 78.6769 0.911685 -13 3930 1 0 1
17.5312 -36.6868 325.556 4.33713 -6.7418 68.2268 -0.636174 -13 3931 1 0 1
22.3025 6.35081 325.556 4.27875 1.1498 46.7409 4.63464 -13 3932 1 0 1
-49.4162 -71.3422 325.556 -9.62359 -8.69009 51.188 5.2506 -13 3933 1 0 1
-41.8403 4.52975 325.556 -10.0856 0.454503 64.5108 1.12262 -13 3935 1 0 1
-42.165 -42.462 325.556 -7.70986 -5.09403 47.8559 2.82847 -13 3936 1 0 1
-5.55456 2.00871 325.556 -1.19496 0.538858 61.5282 3.09731 -13 3937 1 0 1
73.946 -30.0341 325.556 15.9391 -4.37772 56.1119 1.35322 -13 3938 1 0 1
74.5212 56.1671 325.556 17.1432 8.6965 61.0053 3.01063 -13 3939 1 0 1
-49.3537 -4.82573 325.556 -13.3969 -0.197992 72.3269 1.54862 -13 3940 1 0 1
-54.4734 -12.0585 325.556 -10.4848 -1.63252 50.5311 2.79836 -13 3941 1 0 1
10.9856 15.6888 325.556 2.59946 3.28294 69.6053 4.16515 -13 3942 1 0 1
25.2722 -29.1609 325.556 6.1526 -5.64873 68.763 0.909542 -13 3943 1 0 1
-77.4091 11.8565 325.556 -14.5275 1.21756 48.3256 2.37883 -13 3944 1 0 1
-49.436 -59.1137 325.556 -14.9077 -12.6838 77.4578 2.5574 -13 3945 1 0 1
-23.4046 20.672 325.556 -6.31666 4.37046 71.2522 -0.152423 -13 3946 1 0 1
-18.7307 38.7235 325.556 -3.8133 5.43596 56.5226 2.69757 -13 3947 1 0 1
-80.0361 0.953697 325.556 -18.5949 0.365541 61.6267 2.75583 -13 3948 1 0 1
12.2353 -43.8421 325.556 2.82498 -6.24288 59.0716 1.29635 -13 3949 1 0 1
92.4978 -23.4913 325.556 19.2215 -3.03738 53.1451 2.68591 -13 3950 1 0 1
-31.3201 -50.9447 325.556 -7.62531 -8.72597 65.1391 2.24124 -13 3951 1 0 1
10.0547 43.2901 325.556 2.41579 6.87002 63.5183 3.21569 -13 3953 1 0 1
-0.376564 7.07851 325.556 0.0159536 1.48112 61.4868 3.91359 -13 3955 1 0 1
27.5207 -17.5057 325.556 6.66575 -2.80324 67.4019 1.54045 -13 3956 1 0 1
-0.264017 34.408 325.556 -0.70821 7.63982 78.5237 -0.0366641 -13 3958 1 0 1
40.0447 34.2326 325.556 7.63909 3.93831 47.1681 2.68644 -13 3959 1 0 1
32.7381 20.3964 325.556 8.36656 3.96539 73.1257 0.409889 -13 3960 1 0 1
-68.5158 0.818446 325.556 -14.766 -0.296315 57.1464 1.2203 -13 3961 1 0 1
-123.379 -14.0378 325.556 -32.5393 -22.0365 37.5541 0.237772 -13 3963 1 0 1
-22.1001 8.99361 325.556 -5.89118 0.987439 70.4852 1.64631 -13 3964 1 0 1
39.1125 -10.2653 325.556 10.0646 -2.10977 72.5726 0.841364 -13 3965 1 0 1
-54.3792 29.4413 325.556 -12.8976 4.5795 63.3617 1.47381 -13 3966 1 0 1
47.935 -36.069 325.556 11.7969 -6.45193 67.1591 1.65529 -13 3967 1 0 1
29.9357 26.8869 325.556 7.07978 4.6722 63.3218 2.89712 -13 3968 1 0 1
-1.90328 -3.40054 325.556 -0.385543 -0.615453 62.2125 3.81672 -13 3969 1 0 1
21.8493 -10.6801 325.556 5.10939 -1.17689 62.1198 2.38234 -13 3970 1 0 1
29.1429 -9.40439 325.556 5.79273 -1.04008 48.6632 3.29613 -13 3971 1 0 1
-4.20037 36.4121 325.556 -0.732726 5.69601 57.1012 2.72018 -13 3972 1 0 1
-14.877 -31.47 325.556 -2.69002 -3.79806 49.5673 1.54015 -13 3973 1 0 1
-36.3843 -3.06545 325.556 -11.0067 -0.2824 78.1125 2.89186 -13 3974 1 0 1
-9.56361 27.2596 325.556 -3.60184 6.84063 79.8566 2.47011 -13 3975 1 0 1
-0.564249 16.4481 325.556 -0.822485 3.23503 79.3423 1.20437 -13 3976 1 0 1
9.06906 4.19497 325.556 2.08404 1.05304 63.0142 1.66902 -13 3977 1 0 1
-40.6562 -25.062 325.556 -9.32231 -3.94035 61.1781 1.67515 -13 3978 1 0 1
-10.8631 -59.7168 325.556 -3.10445 -11.3504 70.6924 1.78351 -13 3979 1 0 1
-58.8531 21.5604 325.556 -14.8884 2.9953 67.4867 2.03438 -13 3980 1 0 1
-32.5904 -11.8406 325.556 -7.34297 -1.82291 61.4731 -0.530536 -13 3981 1 0 1
8.09328 -14.067 325.556 2.08269 -2.07013 69.4129 3.25181 -13 3982 1 0 1
-5.2227 -4.8921 325.556 -1.13608 -0.69424 60.5806 1.45522 -13 3984 1 0 1
92.113 23.8567 325.556 23.0177 4.54235 67.9508 1.19329 -13 3985 1 0 1
61.7605 -56.5004 325.556 13.5094 -8.26461 57.4118 0.197881 -13 3986 1 0 1
-32.7381 2.39361 325.556 -7.2658 0.299955 60.2104 2.55036 -13 3987 1 0 1
41.017 -30.396 325.556 10.6228 -5.72505 72.5237 0.35669 -13 3988 1 0 1
49.2256 13.188 325.556 10.3339 1.88781 54.6571 3.07614 -13 3989 1 0 1
-63.4862 -14.3461 325.556 -14.981 -2.64087 63.0058 4.60085 -13 3990 1 0 1
19.2048 23.3798 325.556 4.42187 3.32501 60.4459 0.134937 -13 3991 1 0 1
75.4268 15.6868 325.556 16.6304 2.49851 57.654 1.96125 -13 3992 1 0 1
80.0388 -66.2118 325.556 16.8509 -8.53564 54.1149 0.322096 -13 3993 1 0 1
-3.88345 -20.6308 325.556 -1.44582 -4.10766 73.8317 1.73118 -13 3994 1 0 1
-8.60143 37.5906 325.556 -2.3137 6.1747 66.4069 3.4194 -13 3995 1 0 1
7.55586 69.6953 325.556 1.77935 11.8114 67.7553 1.7894 -13 3996 1 0 1
-18.2331 -4.95058 325.556 -3.93244 -1.02765 58.1551 2.47208 -13 3997 1 0 1
4.53022 -18.0318 325.556 0.579508 -4.76023 78.9023 2.88367 -13 3998 1 0 1
7.33957 -49.5739 325.556 1.68668 -7.97268 61.4753 2.7893 -13 3999 1 0 1
-75.9011 -38.5233 325.556 -15.795 -5.01231 54.8609 1.91805 -13 4000 1 0 1
-76.461 -28.8972 325.556 -12.5045 -2.42541 41.1388 2.27063 -13 4001 1 0 1
25.5365 -9.89683 325.556 5.02821 -0.868113 47.3349 2.09837 -13 4002 1 0 1
-16.7765 35.8491 325.556 -3.94721 6.15308 63.9218 1.8109 -13 4003 1 0 1
-49.8115 7.03437 325.556 -12.854 1.32259 68.8527 1.94314 -13 4004 1 0 1
-40.9803 -13.3723 325.556 -10.0508 -2.79097 65.5247 2.71216 -13 4005 1 0 1
56.1042 -66.2741 325.556 12.198 -9.51193 56.8664 2.52155 -13 4006 1 0 1
-5.87257 9.80952 325.556 -2.47036 1.89442 78.3819 3.71001 -13 4007 1 0 1
-14.5058 -39.1954 325.556 -2.39682 -4.29172 46.5931 1.38964 -13 4008 1 0 1
10.1085 52.0914 325.556 2.2684 7.36303 56.0644 0.727402 -13 4009 1 0 1
50.0568 28.4279 325.556 11.2641 4.63011 59.54 2.23554 -13 4010 1 0 1
8.01465 -26.1504 325.556 1.92957 -4.29556 63.9305 3.13155 -13 4011 1 0 1
-26.1256 10.5242 325.556 -7.29112 2.00122 72.2746 -0.304692 -13 4012 1 0 1
-69.3327 1.67921 325.556 -14.0272 0.702214 52.8913 2.85066 -13 4013 1 0 1
-38.5606 20.7891 325.556 -10.553 3.77422 72.434 0.671498 -13 4014 1 0 1
6.53295 30.5391 325.556 1.56525 5.3306 65.7799 3.92105 -13 4015 1 0 1
26.9515 -5.59432 325.556 6.68593 -1.13639 68.0096 1.78664 -13 4016 1 0 1
-30.4254 18.6614 325.556 -7.33008 2.87692 64.3814 2.18276 -13 4017 1 0 1
-87.8755 21.4875 325.556 -20.2606 3.81826 60.9276 3.52419 -13 4018 1 0 1
14.097 48.915 325.556 3.35775 8.06124 63.5141 1.7283 -13 4019 1 0 1
34.662 -20.4619 325.556 7.53874 -2.57437 56.5001 2.37151 -13 4020 1 0 1
-40.5808 30.1387 325.556 -11.7351 6.27066 75.5184 2.10711 -13 4021 1 0 1
76.0088 -35.9015 325.556 20.6507 -7.49811 77.2558 1.26567 -13 4022 1 0 1
36.0926 -20.081 325.556 7.2337 -2.12161 50.1946 2.44892 -13 4023 1 0 1
-67.2937 -5.83698 325.556 -16.9954 -0.766813 67.4312 3.10628 -13 4024 1 0 1
-33.7603 26.0889 325.556 -9.22927 4.5918 71.7971 -0.336509 -13 4025 1 0 1
43.7437 -4.49707 325.556 10.4848 -0.890536 64.0882 1.0373 -13 4026 1 0 1
-24.9764 32.632 325.556 -5.86552 5.57997 63.0459 2.4771 -13 4027 1 0 1
1.23355 16.0176 325.556 -0.252487 3.66947 78.2024 3.56209 -13 4028 1 0 1
-1.51078 -17.5069 325.556 -0.308545 -2.61999 58.9928 2.39496 -13 4029 1 0 1
-50.4021 -79.9494 325.556 -10.0617 -9.82374 52.6202 3.10519 -13 4030 1 0 1
-39.8157 -1.14899 325.556 -9.69859 0.0502144 64.9851 1.08144 -13 4031 1 0 1
-10.7231 -5.55192 325.556 -2.85645 -0.811422 68.3452 -0.679577 -13 4033 1 0 1
-56.4006 -39.7043 325.556 -14.6119 -7.14731 68.8508 2.35053 -13 4034 1 0 1
-0.124981 10.8325 325.556 -0.351021 1.77566 73.8008 1.75678 -13 4035 1 0 1
16.8671 11.5554 325.556 4.02023 2.23938 65.1394 4.56167 -13 4036 1 0 1
-35.8469 21.5366 325.556 -9.52419 3.43835 70.681 1.06869 -13 4037 1 0 1
18.909 -8.85143 325.556 3.91208 -1.15442 51.5729 1.90307 -13 4038 1 0 1
-23.4642 -45.6182 325.556 -4.39497 -5.21933 50.413 0.757891 -13 4039 1 0 1
-5.77375 9.10694 325.556 -0.846376 0.942435 50.9664 3.41827 -13 4040 1 0 1
-72.5153 -3.93466 325.556 -16.0783 -0.956505 58.4758 5.10287 -13 4041 1 0 1
8.38989 72.1281 325.556 1.86932 13.8686 71.4819 1.55083 -13 4042 1 0 1
32.1661 -31.6433 325.556 7.57652 -5.14502 64.065 1.73585 -13 4043 1 0 1
58.9041 12.8679 325.556 13.7583 2.49368 62.6701 4.65445 -13 4044 1 0 1
-31.0152 20.1943 325.556 -9.58986 4.5388 78.1091 0.0368795 -13 4045 1 0 1
-51.5379 -52.0344 325.556 -11.9155 -8.26531 61.5484 1.63162 -13 4046 1 0 1
-43.532 -11.2621 325.556 -7.27374 -1.28258 43.776 1.84338 -13 4047 1 0 1
56.6893 0.161838 325.556 8.56673 -0.131822 34.6273 3.44266 -13 4048 1 0 1
9.11505 18.1004 325.556 1.96069 3.49838 75.5613 3.01415 -13 4049 1 0 1
-29.116 -13.8628 325.556 -7.64545 -2.35482 69.431 1.68985 -13 4050 1 0 1
-9.50882 4.05998 325.556 -2.67916 0.849475 70.9414 2.57239 -13 4051 1 0 1
12.1375 -57.9851 325.556 2.91967 -9.61505 66.5703 2.38659 -13 4052 1 0 1
10.2144 42.765 325.556 2.27774 5.84974 54.364 2.93781 -13 4053 1 0 1
-67.6744 -59.5867 325.556 -16.6698 -9.73204 65.5318 1.43021 -13 4054 1 0 1
46.8277 -65.482 325.556 10.7225 -10.213 60.7181 3.27516 -13 4055 1 0 1
20.6351 -62.8334 325.556 4.95712 -11.0729 67.6305 3.40238 -13 4056 1 0 1
56.6339 0.0663179 325.556 12.1368 0.403752 55.2754 1.93802 -13 4057 1 0 1
-60.5064 -27.554 325.556 -16.0139 -5.75728 70.1735 2.48192 -13 4058 1 0 1
-31.756 -10.5472 325.556 -7.511 -2.18255 62.807 2.45065 -13 4059 1 0 1
6.85042 -20.6742 325.556 1.55452 -2.92295 63.146 3.31412 -13 4060 1 0 1
29.0518 -22.2112 325.556 6.42583 -3.41543 56.5515 1.50403 -13 4062 1 0 1
25.5553 -58.5196 325.556 5.29652 -7.50748 52.3486 1.74869 -13 4063 1 0 1
0.82127 -38.5715 325.556 0.18137 -7.72204 67.8837 0.990301 -13 4064 1 0 1
12.9468 -2.47934 325.556 2.99904 -0.341671 67.7247 2.05265 -13 4065 1 0 1
2.80931 -18.0099 325.556 0.496136 -2.85287 70.1645 2.52872 -13 4066 1 0 1
26.6234 31.7403 325.556 6.51302 5.83493 68.2292 5.77199 -13 4067 1 0 1
24.6266 38.3281 325.556 6.17135 7.36462 71.5206 0.26853 -13 4068 1 0 1
-10.6729 -31.7827 325.556 -2.73986 -5.79517 66.7682 2.26082 -13 4069 1 0 1
6.07721 60.9128 325.556 1.18067 12.6038 71.9826 0.933604 -13 4070 1 0 1
1.19474 17.4249 325.556 0.283261 3.54821 68.0058 -0.110291 -13 4071 1 0 1
-24.5597 -96.1202 325.556 -3.56646 -7.51896 37.9729 4.82245 -13 4072 1 0 1
-48.2236 23.9771 325.556 -12.5548 4.62503 69.3791 3.42585 -13 4073 1 0 1
14.7835 -24.2459 325.556 3.29724 -3.98181 56.6764 0.0937731 -13 4074 1 0 1
15.3108 53.2276 325.556 2.44735 3.77822 34.7758 1.95875 -13 4075 1 0 1
-34.9971 34.8087 325.556 -5.7734 3.20389 43.2679 2.27355 -13 4076 1 0 1
47.029 -50.3542 325.556 8.55265 -5.16896 44.6457 1.33102 -13 4077 1 0 1
-70.6174 -40.1555 325.556 -17.8404 -7.11815 67.4407 3.33531 -13 4078 1 0 1
4.70826 -0.5193 325.556 1.1663 -0.264738 52.6734 1.97404 -13 4079 1 0 1
0.826509 -43.1151 325.556 -0.283108 -9.14596 76.2249 -0.274411 -13 4080 1 0 1
-20.4921 5.20557 325.556 -4.52163 0.60164 60.2032 2.47265 -13 4081 1 0 1
-9.49219 19.799 325.556 -2.68441 3.74143 70.0385 1.79143 -13 4082 1 0 1
-17.6011 15.0697 325.556 -4.52059 2.23537 67.6726 2.80661 -13 4083 1 0 1
-40.1874 -20.0599 325.556 -8.71906 -3.18654 57.8197 2.73593 -13 4084 1 0 1
109.577 -7.80567 325.556 21.1261 -0.131188 48.3717 0.370171 -13 4085 1 0 1
-17.8547 -32.4155 325.556 -3.87706 -4.74757 59.8971 -0.981654 -13 4086 1 0 1
95.0207 45.3681 325.556 18.0363 5.10799 47.4489 2.93104 -13 4087 1 0 1
12.4708 19.7994 325.556 2.91431 3.20688 64.2582 3.40983 -13 4088 1 0 1
0.938297 34.006 325.556 0.394357 4.82102 52.464 2.13143 -13 4089 1 0 1
-17.57 -21.8445 325.556 -5.08589 -4.34555 74.4106 1.08634 -13 4090 1 0 1
-38.4365 -23.3056 325.556 -10.0988 -3.99299 69.4161 0.50036 -13 4091 1 0 1
-9.18878 -61.2445 325.556 -2.06404 -9.6099 62.3786 1.55326 -13 4092 1 0 1
-14.0979 -32.2853 325.556 -4.67378 -6.46291 78.0963 1.04978 -13 4093 1 0 1
-54.3717 59.7558 325.556 -12.3762 9.09838 60.4678 0.680471 -13 4094 1 0 1
-16.5852 61.1063 325.556 -3.68835 9.52084 61.3307 2.64041 -13 4095 1 0 1
-31.089 52.9947 325.556 -8.77461 10.8142 73.7261 1.92801 -13 4096 1 0 1
24.3156 -43.5357 325.556 6.08227 -8.59864 72.3713 1.31332 -13 4097 1 0 1
29.9097 29.4746 325.556 7.84198 6.54209 77.3643 0.374963 -13 4098 1 0 1
-34.1713 -9.81118 325.556 -8.41023 -1.62966 66.2512 2.42107 -13 4099 1 0 1
75.2465 -20.3316 325.556 17.8275 -3.55295 63.0458 0.189097 -13 4100 1 0 1
2.91443 -12.4053 325.556 0.311892 -2.65373 75.2254 1.70601 -13 4101 1 0 1
-47.1059 31.234 325.556 -13.0211 5.64853 73.372 0.116215 -13 4103 1 0 1
-61.4935 59.6794 325.556 -17.0145 11.735 73.3536 0.66515 -13 4105 1 0 1
-19.2194 77.2247 325.556 -5.52173 15.085 73.8738 -0.0755829 -13 4106 1 0 1
-39.1755 33.0867 325.556 -9.88457 5.30632 67.0944 3.00857 -13 4107 1 0 1
77.3142 6.7218 325.556 16.0791 0.799529 53.6557 3.39188 -13 4108 1 0 1
-10.7314 21.8584 325.556 -3.17565 4.0913 72.4776 2.35298 -13 4109 1 0 1
4.99348 4.4148 325.556 1.18206 1.45598 65.5112 3.36875 -13 4110 1 0 1
-45.7895 -20.1711 325.556 -12.7878 -3.75549 73.6934 2.96352 -13 4111 1 0 1
-17.0621 35.436 325.556 -3.0683 4.17078 48.4706 2.10609 -13 4112 1 0 1
-48.2066 5.77551 325.556 -9.56172 0.774022 52.695 3.61242 -13 4113 1 0 1
89.5934 2.85077 325.556 12.0428 0.320842 30.3697 2.44648 -13 4114 1 0 1
-41.4081 14.651 325.556 -11.6492 2.83138 74.0159 3.0682 -13 4116 1 0 1
-98.915 27.1066 325.556 -28.3994 5.18403 74.5305 2.23017 -13 4117 1 0 1
34.9294 -19.9779 325.556 8.86011 -3.62331 71.1834 4.60405 -13 4118 1 0 1
-56.4793 -19.5343 325.556 -16.1724 -4.37987 75.7234 1.87304 -13 4119 1 0 1
122.052 -20.5591 325.556 16.3984 -0.796271 44.8107 0.751966 -13 4120 1 0 1
-46.587 -24.9486 325.556 -10.4312 -4.1211 59.5188 1.74007 -13 4122 1 0 1
40.8682 42.6615 325.556 9.10564 6.33551 57.6308 0.610561 -13 4123 1 0 1
11.6591 -31.9289 325.556 2.42876 -3.69746 49.6099 2.08054 -13 4124 1 0 1
-44.7489 17.4771 325.556 -11.6188 2.96267 68.8179 0.613168 -13 4125 1 0 1
15.6101 27.7873 325.556 3.82805 5.15465 69.6796 0.478162 -13 4126 1 0 1
-27.4809 -81.0544 325.556 -4.8348 -8.87035 47.0309 2.06923 -13 4127 1 0 1
60.0889 24.6588 325.556 11.3133 2.85689 47.188 3.28179 -13 4130 1 0 1
-65.9785 16.075 325.556 -14.4174 2.61675 57.7546 2.36969 -13 4131 1 0 1
18.993 6.93333 325.556 4.39153 0.94847 59.4619 3.33632 -13 4134 1 0 1
-3.82556 43.6427 325.556 -1.53451 8.46882 75.1868 1.32969 -13 4135 1 0 1
-57.8541 24.9489 325.556 -10.2412 2.86615 45.325 0.143788 -13 4136 1 0 1
18.1432 -77.5793 325.556 3.81455 -10.3733 54.0818 2.52846 -13 4138 1 0 1
-1.53939 -34.815 325.556 -0.26217 -5.05119 57.6683 2.13013 -13 4139 1 0 1
-26.5728 -2.60211 325.556 -8.13102 -0.339483 77.962 1.59981 -13 4140 1 0 1
-8.89422 7.48632 325.556 -2.53501 1.75058 70.3966 -1.09448 -13 4141 1 0 1
26.1032 -55.1408 325.556 4.65709 -4.76094 43.1594 1.83631 -13 4142 1 0 1
-27.3241 -52.9588 325.556 -5.6013 -7.00304 54.8869 0.841159 -13 4143 1 0 1
-20.9736 18.4398 325.556 -4.94496 3.30386 63.4384 3.31492 -13 4144 1 0 1
34.9648 -26.99 325.556 8.81454 -4.7933 70.5685 2.32778 -13 4145 1 0 1
-34.1503 -27.3807 325.556 -8.75112 -4.43125 68.0464 1.16035 -13 4147 1 0 1
12.7171 -15.3049 325.556 3.03816 -3.33769 77.1262 1.10571 -13 4148 1 0 1
27.4643 -20.2377 325.556 6.70141 -3.48499 67.5661 1.7579 -13 4149 1 0 1
19.5309 8.34464 325.556 4.41697 1.0396 58.9166 1.81092 -13 4150 1 0 1
13.6035 26.31 325.556 2.93548 3.57661 51.6544 3.68014 -13 4151 1 0 1
-31.4866 -2.59669 325.556 -8.04056 -0.385789 68.1282 3.31272 -13 4152 1 0 1
-20.0423 -35.9894 325.556 -4.2075 -5.65327 56.4533 1.49498 -13 4153 1 0 1
88.5187 19.4137 325.556 17.4611 2.58005 49.4697 1.77826 -13 4154 1 0 1
-33.4712 -52.5194 325.556 -8.53128 -9.27714 67.3497 -0.251397 -13 4155 1 0 1
0.513238 -4.82577 325.556 -0.172089 -0.960102 71.0278 1.69681 -13 4156 1 0 1
55.3763 30.8488 325.556 14.0125 5.95676 70.4964 3.31394 -13 4157 1 0 1
-25.1249 -20.1387 325.556 -5.91131 -2.99628 63.2155 2.46391 -13 4158 1 0 1
-3.58224 8.09077 325.556 -0.471371 1.12794 48.4955 2.32626 -13 4159 1 0 1
4.52078 -6.44339 325.556 0.951107 -0.850576 69.7683 2.48807 -13 4160 1 0 1
-16.6252 -49.837 325.556 -3.75368 -7.08461 60.5476 3.5808 -13 4161 1 0 1
52.7056 29.3987 325.556 13.3177 5.47732 69.5809 0.953809 -13 4162 1 0 1
-16.6344 2.67711 325.556 -5.31651 0.439706 78.0177 1.08618 -13 4163 1 0 1
103.201 2.47394 325.556 19.5941 0.319061 47.3704 2.24365 -13 4164 1 0 1
90.4757 14.6509 325.556 19.5353 2.27321 55.7333 0.807168 -13 4165 1 0 1
13.2002 8.64314 325.556 3.06092 1.27166 57.5851 2.78776 -13 4166 1 0 1
48.5267 31.1439 325.556 11.4967 5.39337 64.1779 4.13118 -13 4167 1 0 1
-1.91754 -51.672 325.556 -0.430441 -8.22484 63.25 1.77475 -13 4168 1 0 1
43.885 -0.554759 325.556 9.99728 0.0392277 59.6453 2.88376 -13 4170 1 0 1
-7.3976 -27.8756 325.556 -1.92369 -5.26387 66.7068 -0.0164266 -13 4171 1 0 1
-10.6581 9.02144 325.556 -2.54047 1.84297 63.0703 2.22998 -13 4172 1 0 1
19.1775 58.2706 325.556 4.70172 10.452 70.0075 1.98953 -13 4173 1 0 1
19.8534 25.3733 325.556 4.37842 3.79749 56.8972 2.56364 -13 4174 1 0 1
-46.6291 -35.7121 325.556 -10.4178 -5.49715 59.808 2.54969 -13 4175 1 0 1
-0.798804 15.9566 325.556 -0.205614 2.75274 67.0305 -0.0316768 -13 4176 1 0 1
61.1747 -12.5812 325.556 12.6872 -1.74356 53.33 0.789832 -13 4177 1 0 1
-72.737 -47.695 325.556 -14.7713 -6.07057 53.0241 3.45409 -13 4178 1 0 1
-41.986 -42.6108 325.556 -10.9683 -7.18952 69.0763 0.562681 -13 4179 1 0 1
36.464 -0.83601 325.556 8.73369 0.0782627 64.8126 2.33513 -13 4180 1 0 1
10.4603 14.3842 325.556 2.28197 3.50559 78.1313 1.88283 -13 4181 1 0 1
18.0958 36.5539 325.556 4.42191 6.44187 67.364 -0.915906 -13 4182 1 0 1
36.165 25.1756 325.556 8.96167 4.87662 68.6638 3.01986 -13 4183 1 0 1
-10.0795 9.89791 325.556 -2.87631 1.89362 70.4486 -0.956865 -13 4184 1 0 1
-11.2239 -5.70613 325.556 -2.8801 -0.822202 66.8159 2.04432 -13 4185 1 0 1
-13.83 64.513 325.556 -3.64783 10.9185 67.5748 1.22718 -13 4186 1 0 1
29.5507 -7.66956 325.556 7.31136 -0.882333 68.4125 1.88695 -13 4187 1 0 1
116.942 22.3076 325.556 21.8165 2.62266 46.1768 3.69256 -13 4188 1 0 1
-7.31111 24.1855 325.556 -2.72469 4.45487 78.7185 0.718356 -13 4189 1 0 1
22.5288 -5.97802 325.556 5.13265 -0.669411 57.6777 3.82149 -13 4190 1 0 1
-17.0791 -64.9128 325.556 -3.22376 -8.06772 52.3569 1.74711 -13 4191 1 0 1
14.9749 -58.0541 325.556 3.57526 -12.9027 79.96 0.867323 -13 4192 1 0 1
-26.1484 -24.4416 325.556 -6.98245 -4.44856 70.1455 2.4386 -13 4193 1 0 1
-36.5904 69.7931 325.556 -6.66342 7.85316 48.0914 2.91382 -13 4194 1 0 1
-23.8593 -53.5967 325.556 -4.36145 -6.82563 50.1048 2.21221 -13 4195 1 0 1
-17.42 -0.522885 325.556 -5.99806 -0.0988586 80.3914 1.30987 -13 4196 1 0 1
-5.83199 -15.041 325.556 -1.58257 -2.29794 69.3801 4.32482 -13 4197 1 0 1
-11.2595 6.35413 325.556 -3.50739 0.98295 74.5079 2.27387 -13 4198 1 0 1
61.6286 -9.96736 325.556 13.4049 -1.27422 56.7502 2.06336 -13 4199 1 0 1
-8.85844 -8.60521 325.556 -3.12647 -0.62929 77.8998 2.75148 -13 4200 1 0 1
-37.0959 12.6005 325.556 -6.97997 1.62898 49.6516 3.4608 -13 4201 1 0 1
0.523315 38.4367 325.556 0.219575 6.1202 57.8547 3.50054 -13 4202 1 0 1
-106.398 54.8592 325.556 -24.3701 8.1896 59.9652 2.35525 -13 4203 1 0 1
-29.0598 -7.43246 325.556 -6.89657 -1.75983 64.2222 0.490866 -13 4204 1 0 1
-66.6525 -7.76499 325.556 -15.1591 -1.44626 60.3111 1.27344 -13 4205 1 0 1
-72.0513 -13.9284 325.556 -18.7594 -2.61419 69.2561 4.29389 -13 4206 1 0 1
-9.96686 16.0777 325.556 -2.84492 2.86615 71.2572 1.59325 -13 4207 1 0 1
-15.5884 10.5433 325.556 -4.06677 1.79704 68.4707 1.65784 -13 4208 1 0 1
-64.8063 -19.4058 325.556 -16.3768 -3.29335 67.1063 0.106317 -13 4210 1 0 1
-33.2795 -8.18698 325.556 -9.09071 -1.31327 72.3528 0.681783 -13 4211 1 0 1
-17.2346 43.1247 325.556 -4.76124 8.91628 71.6849 1.7158 -13 4212 1 0 1
16.0312 -43.0773 325.556 3.90439 -8.42846 70.2257 2.1711 -13 4213 1 0 1
-2.00218 38.568 325.556 -0.167935 4.76209 49.767 3.21214 -13 4214 1 0 1
-72.0334 14.8741 325.556 -15.6613 1.37249 57.4025 2.20897 -13 4215 1 0 1
54.3405 7.75022 325.556 12.0281 1.32892 58.1771 3.00806 -13 4216 1 0 1
96.7963 -1.79313 325.556 16.6742 -0.365106 41.9132 3.45278 -13 4217 1 0 1
-46.9736 7.11598 325.556 -7.90712 0.171698 43.3452 2.86349 -13 4218 1 0 1
-24.5617 24.2138 325.556 -6.13854 4.1648 66.0566 0.610389 -13 4219 1 0 1
7.97898 -4.54544 325.556 1.7755 -0.317025 72.4484 2.39396 -13 4220 1 0 1
-24.9993 -15.2875 325.556 -6.56191 -2.86222 69.2588 0.659225 -13 4221 1 0 1
-34.2769 -110.959 325.556 -7.45771 -15.2861 57.4021 1.45341 -13 4222 1 0 1
-52.5609 12.9035 325.556 -14.9234 3.22713 75.3436 1.0259 -13 4223 1 0 1
37.516 -16.7909 325.556 9.05609 -2.83559 66.6205 4.22675 -13 4224 1 0 1
-36.1847 34.2289 325.556 -9.9127 6.92728 72.7942 3.62255 -13 4225 1 0 1
-27.9291 -25.5713 325.556 -6.90709 -4.33719 65.3796 2.18846 -13 4226 1 0 1
6.74666 15.6594 325.556 1.54532 2.72285 67.348 6.11683 -13 4227 1 0 1
-44.9463 36.9348 325.556 -8.68208 4.60013 51.0652 0.818292 -13 4228 1 0 1
6.11857 -13.4654 325.556 1.38028 -3.01248 68.7268 2.14148 -13 4229 1 0 1
-30.0312 -15.3653 325.556 -6.83984 -2.17824 60.6617 1.55874 -13 4230 1 0 1
4.42301 95.5911 325.556 0.906505 17.2145 67.3862 1.36298 -13 4231 1 0 1
7.02099 16.3621 325.556 1.23925 1.03853 35.2976 3.71311 -13 4232 1 0 1
-35.9556 26.1558 325.556 -8.86712 4.28075 65.9499 2.486 -13 4233 1 0 1
32.3864 -23.0509 325.556 8.25946 -4.7833 72.2826 1.31891 -13 4234 1 0 1
-43.8597 -97.8738 325.556 -8.48844 -11.5103 50.6358 2.7278 -13 4235 1 0 1
-16.1866 15.9671 325.556 -4.15886 3.48525 67.3742 2.84424 -13 4236 1 0 1
-62.321 -22.7778 325.556 -14.9335 -3.52226 63.9589 1.75382 -13 4237 1 0 1
23.3882 38.5257 325.556 5.51209 7.03042 64.3257 2.34405 -13 4238 1 0 1
-21.5286 -25.7475 325.556 -6.19463 -5.71342 73.8992 1.39155 -13 4239 1 0 1
-41.3929 -16.5433 325.556 -9.98804 -2.65666 64.5699 3.53396 -13 4240 1 0 1
-11.3432 -23.4698 325.556 -4.23951 -5.26247 80.4128 2.45124 -13 4241 1 0 1
-2.23162 -76.0785 325.556 -1.37806 -16.0539 77.9462 2.52135 -13 4242 1 0 1
10.9379 -44.2411 325.556 2.56508 -6.5844 62.0366 2.59117 -13 4243 1 0 1
-47.8295 -62.4078 325.556 -9.84505 -9.17137 54.364 1.30863 -13 4244 1 0 1
-55.4042 -37.1758 325.556 -10.2221 -3.8666 48.1849 1.42689 -13 4245 1 0 1
-12.6445 -25.3713 325.556 -3.74165 -4.40614 72.7288 1.33238 -13 4246 1 0 1
-33.8351 57.0774 325.556 -8.81236 9.9855 69.0116 3.25017 -13 4247 1 0 1
-68.6133 -28.5044 325.556 -17.671 -5.50633 68.8883 2.81466 -13 4248 1 0 1
21.0634 -23.3158 325.556 4.36793 -2.63472 51.723 2.7755 -13 4249 1 0 1
47.6769 0.052038 325.556 8.90964 0.237418 46.0162 3.62327 -13 4250 1 0 1
-4.48327 -40.3589 325.556 -1.14233 -7.00322 63.2011 0.584499 -13 4251 1 0 1
18.3389 8.70019 325.556 4.4056 1.11019 65.6753 1.37881 -13 4252 1 0 1
-25.8419 -60.0278 325.556 -6.90497 -11.5156 70.1247 1.52564 -13 4253 1 0 1
3.81774 36.2223 325.556 0.106356 7.93349 79.4313 0.849572 -13 4254 1 0 1
18.7934 -23.2662 325.556 4.45161 -4.16236 57.4316 2.66358 -13 4255 1 0 1
29.4812 -48.8884 325.556 7.06921 -8.40012 64.9226 2.28284 -13 4256 1 0 1
17.7902 -6.38234 325.556 4.13114 -0.970398 60.7514 4.28306 -13 4257 1 0 1
27.5229 -31.3972 325.556 6.3595 -4.83423 60.2437 0.861454 -13 4258 1 0 1
3.53241 -15.1554 325.556 0.481046 -3.67987 76.8015 3.8031 -13 4259 1 0 1
-11.9816 -35.2727 325.556 -3.35883 -6.03847 70.43 3.30691 -13 4260 1 0 1
18.969 -54.4231 325.556 3.27701 -4.77155 39.0738 3.04837 -13 4261 1 0 1
-11.3777 36.3824 325.556 -3.60638 8.12255 75.804 1.95336 -13 4262 1 0 1
-35.762 40.3983 325.556 -8.13784 5.6609 61.4747 1.27477 -13 4263 1 0 1
-58.9361 -38.3318 325.556 -14.104 -6.58779 64.2221 1.15739 -13 4264 1 0 1
-45.7405 9.40746 325.556 -13.9017 2.46176 78.2608 0.982155 -13 4265 1 0 1
-29.0328 79.1941 325.556 -7.43007 14.135 66.9715 2.81404 -13 4266 1 0 1
-4.5597 20.0689 325.556 -1.89107 4.38821 77.9742 3.58381 -13 4267 1 0 1
-27.6296 7.20141 325.556 -5.68637 1.3538 55.6989 1.94288 -13 4268 1 0 1
-49.1142 -23.8416 325.556 -10.3062 -3.66468 55.802 0.753321 -13 4269 1 0 1
6.53449 37.6574 325.556 1.53694 6.47676 64.8372 2.18721 -13 4270 1 0 1
13.0248 12.8834 325.556 2.9888 1.8722 59.317 0.0741883 -13 4271 1 0 1
67.2987 -12.84 325.556 16.0897 -2.81457 64.5394 2.47999 -13 4272 1 0 1
-29.6051 12.8683 325.556 -7.18543 1.83701 65.0493 1.47654 -13 4273 1 0 1
-50.357 -59.5481 325.556 -9.83066 -7.37303 51.7236 3.11626 -13 4275 1 0 1
-26.3008 31.6806 325.556 -5.24738 4.10745 54.3957 1.90482 -13 4276 1 0 1
-26.7744 -5.21509 325.556 -8.43546 -0.907845 79.9795 2.49518 -13 4277 1 0 1
-83.663 -6.14124 325.556 -19.07 -0.114346 60.0561 1.37591 -13 4278 1 0 1
2.49186 33.7887 325.556 0.322718 6.52372 72.4047 2.92936 -13 4279 1 0 1
5.16036 -37.3316 325.556 1.22091 -5.61066 56.9277 1.82003 -13 4280 1 0 1
-23.4938 -64.9234 325.556 -4.8948 -9.74454 56.3232 1.16766 -13 4281 1 0 1
-1.5156 -11.5353 325.556 -0.25048 -2.05791 59.8526 2.05111 -13 4282 1 0 1
-27.4514 -37.9566 325.556 -8.20642 -7.47621 77.3739 -0.0153512 -13 4283 1 0 1
-13.5779 20.2111 325.556 -3.90128 3.67787 71.1055 2.15953 -13 4284 1 0 1
7.19963 0.144887 325.556 1.69193 -0.267593 57.458 2.4593 -13 4285 1 0 1
39.63 -32.8013 325.556 9.47162 -5.67945 66.2124 2.09888 -13 4286 1 0 1
16.0981 4.75257 325.556 3.75951 0.571412 60.1324 3.12547 -13 4287 1 0 1
-16.7894 76.9902 325.556 -3.36469 10.4587 54.9323 2.08959 -13 4288 1 0 1
33.248 6.70539 325.556 8.41926 1.43787 72.0908 1.80026 -13 4290 1 0 1
-24.4374 -22.6665 325.556 -6.55389 -4.01111 71.7999 2.80511 -13 4291 1 0 1
-0.376175 7.72932 325.556 -0.731046 1.46593 77.0682 3.66768 -13 4292 1 0 1
-54.4548 -39.7488 325.556 -15.0479 -7.53781 73.5556 1.05438 -13 4293 1 0 1
-33.4403 7.13374 325.556 -8.74477 0.800097 69.211 1.88444 -13 4294 1 0 1
-41.3974 -15.1702 325.556 -9.56777 -2.63398 61.6235 0.031186 -13 4295 1 0 1
-41.0189 17.5897 325.556 -10.9235 2.93311 71.1162 2.39455 -13 4296 1 0 1
-21.2519 14.7326 325.556 -4.26908 2.11612 54.8808 2.34742 -13 4297 1 0 1
-28.933 -15.6092 325.556 -7.16581 -2.78553 65.9243 1.90917 -13 4298 1 0 1
29.1634 14.3456 325.556 5.57296 1.4934 46.9173 2.06563 -13 4299 1 0 1
-16.4715 -29.6905 325.556 -5.21601 -5.89454 77.8073 4.53487 -13 4300 1 0 1
85.8407 46.0212 325.556 16.2376 5.19537 47.4766 4.45511 -13 4301 1 0 1
39.6182 21.758 325.556 7.81089 2.57567 49.6063 2.82018 -13 4302 1 0 1
-34.4764 21.3012 325.556 -8.23277 3.72561 63.753 2.42935 -13 4303 1 0 1
30.3207 3.80095 325.556 7.47998 1.00149 66.8211 -0.890072 -13 4304 1 0 1
65.2167 -2.43631 325.556 10.7252 0.0321646 39.1985 2.32334 -13 4305 1 0 1
-17.4076 46.1176 325.556 -4.20384 7.69156 64.2515 1.83741 -13 4306 1 0 1
-26.0586 -4.98288 325.556 -6.31586 -0.557916 64.8077 3.43579 -13 4307 1 0 1
-18.2953 38.3636 325.556 -5.25418 7.83279 72.988 4.54885 -13 4308 1 0 1
38.2601 -1.18039 325.556 9.60866 -0.67512 70.1303 1.00908 -13 4309 1 0 1
19.9421 19.8277 325.556 4.53542 2.46908 58.5009 2.19601 -13 4310 1 0 1
-86.7722 16.1103 325.556 -23.8043 3.05019 72.8051 2.21478 -13 4312 1 0 1
17.2005 -12.2976 325.556 4.0373 -2.04479 64.4123 1.37278 -13 4313 1 0 1
16.4934 -41.6895 325.556 3.76563 -6.22055 60.1808 2.56012 -13 4314 1 0 1
-51.6652 44.5943 325.556 -9.2081 4.93563 46.5201 3.21335 -13 4315 1 0 1
14.2537 3.5973 325.556 3.35349 0.237796 61.9907 1.07514 -13 4316 1 0 1
20.1936 54.5521 325.556 4.81349 9.45609 66.4888 3.26577 -13 4317 1 0 1
5.92001 -100.202 325.556 1.28363 -11.1559 47.8462 2.8926 -13 4318 1 0 1
6.89192 21.1029 325.556 1.56655 4.35026 74.3435 1.38727 -13 4319 1 0 1
64.7624 58.0599 325.556 15.9029 10.3304 67.1023 1.73908 -13 4320 1 0 1
-29.8509 20.2475 325.556 -8.05869 3.11787 70.749 2.74033 -13 4321 1 0 1
1.3983 8.91589 325.556 0.0317251 1.77571 72.16 0.702621 -13 4322 1 0 1
11.3975 -32.4079 325.556 2.68465 -5.83425 70.6697 0.575069 -13 4323 1 0 1
58.5032 8.27015 325.556 6.44009 -0.0017369 23.2704 4.11228 -13 4324 1 0 1
28.5726 -54.5189 325.556 6.92066 -9.61395 66.6632 2.93919 -13 4325 1 0 1
19.2916 -38.9293 325.556 4.61417 -7.17738 66.6743 1.49703 -13 4326 1 0 1
64.1758 56.1135 325.556 9.93094 4.04934 36.9414 2.29425 -13 4327 1 0 1
-74.052 10.9942 325.556 -21.3574 1.87061 76.3758 0.862511 -13 4328 1 0 1
115.695 -44.1856 325.556 24.1679 -15.0381 36.198 -0.0304257 -13 4329 1 0 1
-17.5807 7.24473 325.556 -4.66211 0.820688 68.9226 0.633024 -13 4330 1 0 1
-10.0945 40.4093 325.556 -2.03263 5.32661 56.2015 1.98072 -13 4331 1 0 1
-60.3345 -30.0834 325.556 -11.9025 -3.27388 51.8355 2.86277 -13 4332 1 0 1
60.7843 -19.7417 325.556 13.8343 -3.61866 60.4371 0.221054 -13 4333 1 0 1
-10.8069 10.1474 325.556 -1.87261 0.980494 51.3583 0.977097 -13 4334 1 0 1
-37.55 -16.865 325.556 -7.9065 -2.73061 57.0144 1.88463 -13 4335 1 0 1
-24.7588 63.213 325.556 -8.15955 13.4561 77.9091 0.274704 -13 4336 1 0 1
1.57134 -46.7647 325.556 0.498431 -7.10992 59.1435 1.64916 -13 4337 1 0 1
24.0516 -0.424868 325.556 4.70573 0.413867 47.4948 1.21046 -13 4338 1 0 1
11.6517 -23.0006 325.556 2.61511 -3.39704 56.2023 1.95739 -13 4339 1 0 1
21.2409 -2.06465 325.556 5.35146 -0.650665 72.8328 2.53872 -13 4340 1 0 1
-19.5176 -26.4894 325.556 -5.54075 -5.58023 73.4731 2.5541 -13 4341 1 0 1
-16.7026 44.5776 325.556 -3.63826 6.53465 58.3547 0.996932 -13 4342 1 0 1
13.6051 0.237876 325.556 3.19152 0.00968366 66.3769 3.14413 -13 4343 1 0 1
-23.0689 18.5843 325.556 -6.84901 3.66166 74.9577 -0.0482405 -13 4344 1 0 1
14.8959 -22.122 325.556 3.60293 -4.67987 70.8213 2.32933 -13 4345 1 0 1
-87.0012 -10.8893 325.556 -18.0168 -0.921982 54.055 0.69834 -13 4346 1 0 1
90.6898 15.458 325.556 7.50814 -0.117811 15.1204 7.97828 -13 4347 1 0 1
-0.876675 4.86315 325.556 -0.17022 0.615201 61.3991 5.14661 -13 4348 1 0 1
-37.754 71.0605 325.556 -8.78156 11.3312 61.9433 3.12291 -13 4349 1 0 1
-11.8769 47.0326 325.556 -2.22515 6.03342 54.4356 2.69465 -13 4350 1 0 1
2.19799 -11.2669 325.556 0.349153 -1.70127 67.5454 2.20949 -13 4351 1 0 1
21.0594 4.53495 325.556 4.65069 0.864966 56.1255 2.9634 -13 4352 1 0 1
25.5339 -5.467 325.556 4.96069 -0.870416 47.0191 3.12552 -13 4353 1 0 1
59.2334 -7.56297 325.556 13.5932 -0.80978 60.2085 2.82696 -13 4354 1 0 1
-3.87383 9.26394 325.556 -1.50445 1.90374 74.9233 1.53969 -13 4355 1 0 1
-38.1597 -8.38554 325.556 -9.60362 -1.69158 66.9649 2.18715 -13 4356 1 0 1
-34.7866 -19.4105 325.556 -10.1929 -4.0667 76.8599 0.694406 -13 4357 1 0 1
-19.9369 -26.998 325.556 -5.28545 -4.65265 69.541 0.752655 -13 4358 1 0 1
-12.5012 6.51789 325.556 -3.40626 1.57172 69.6511 3.38813 -13 4359 1 0 1
16.8548 -39.5383 325.556 3.69137 -5.2877 55.6198 0.891907 -13 4360 1 0 1
-20.6376 -47.7172 325.556 -6.22901 -9.61004 75.8604 3.16173 -13 4361 1 0 1
-0.693564 26.7925 325.556 -0.401392 5.48254 67.7276 2.36501 -13 4362 1 0 1
15.1329 -46.5269 325.556 3.39147 -7.34635 59.806 2.73915 -13 4363 1 0 1
24.8936 39.996 325.556 5.48564 5.66699 57.2005 3.18151 -13 4364 1 0 1
79.0736 -24.1868 325.556 16.1347 -3.25373 52.2195 4.80085 -13 4366 1 0 1
32.5435 5.77323 325.556 8.1594 1.43791 69.7219 1.5192 -13 4367 1 0 1
21.2645 -75.501 325.556 4.18799 -8.34669 47.8823 4.06149 -13 4368 1 0 1
-9.07826 -17.4312 325.556 -2.5038 -2.93339 69.4131 0.522975 -13 4369 1 0 1
23.7843 -47.6299 325.556 5.33086 -7.1865 58.7177 -0.0561141 -13 4370 1 0 1
-2.86293 42.8941 325.556 -0.983589 7.90607 71.44 2.86122 -13 4371 1 0 1
18.5437 -19.3719 325.556 3.99741 -2.30394 54.7238 0.364611 -13 4372 1 0 1
-44.9922 -4.04939 325.556 -9.91644 0.018242 59.1153 -0.339239 -13 4373 1 0 1
-8.17441 -26.3509 325.556 -2.04247 -5.2024 66.4837 1.51455 -13 4375 1 0 1
-16.8421 38.6129 325.556 -4.33525 7.04122 68.3544 3.08608 -13 4376 1 0 1
-38.1355 -49.505 325.556 -8.62493 -8.289 60.6003 4.14435 -13 4377 1 0 1
70.1001 20.2802 325.556 15.3637 3.13397 57.1907 2.00956 -13 4379 1 0 1
23.9398 -17.3401 325.556 6.0053 -3.39778 72.4307 0.97717 -13 4380 1 0 1
17.4241 27.8452 325.556 4.17688 5.50876 68.2761 2.78849 -13 4381 1 0 1
-37.1001 -12.1888 325.556 -8.06978 -1.36292 58.5129 0.437394 -13 4382 1 0 1
35.3025 6.95108 325.556 8.17747 1.00045 62.5872 2.34925 -13 4383 1 0 1
53.8579 5.19456 325.556 14.3222 1.19727 78.1055 2.25553 -13 4384 1 0 1
0.92127 1.91813 325.556 0.041249 0.317637 68.5751 3.00723 -13 4385 1 0 1
-31.8258 -0.389662 325.556 -7.7427 -0.37431 65.0269 3.24224 -13 4386 1 0 1
-81.2986 78.2895 325.556 -20.5979 13.8409 66.9241 2.14663 -13 4387 1 0 1
-20.0059 -69.9787 325.556 -4.62558 -11.0913 62.0381 3.01543 -13 4388 1 0 1
12.0795 -25.8885 325.556 2.45887 -3.18656 46.2881 2.81021 -13 4389 1 0 1
-35.2952 -24.4377 325.556 -6.11202 -2.56877 45.5159 3.41132 -13 4390 1 0 1
-31.0266 31.8169 325.556 -7.88514 5.48059 67.7249 0.473575 -13 4391 1 0 1
35.8142 -45.7812 325.556 7.5177 -5.92666 52.7572 4.22671 -13 4392 1 0 1
0.801406 25.8237 325.556 -0.0848577 4.94018 71.6295 0.829838 -13 4393 1 0 1
7.36462 59.0691 325.556 1.67174 9.04992 59.0483 0.572988 -13 4394 1 0 1
-89.158 -16.1141 325.556 -20.6017 -3.0767 60.8699 2.55614 -13 4395 1 0 1
-32.1611 13.0192 325.556 -7.19954 2.17637 60.5598 2.23083 -13 4396 1 0 1
-16.6066 27.5134 325.556 -4.3734 4.53949 70.2267 1.70999 -13 4397 1 0 1
6.78554 -11.0619 325.556 1.59032 -1.90401 61.0783 3.18542 -13 4398 1 0 1
10.0052 -56.0041 325.556 2.10283 -6.5073 48.471 2.62967 -13 4399 1 0 1
-3.47245 35.3129 325.556 -0.92119 6.88402 66.2559 3.61864 -13 4400 1 0 1
-27.6523 -37.8554 325.556 -7.72646 -7.46372 73.1959 0.51586 -13 4401 1 0 1
-44.7964 12.9761 325.556 -9.12972 2.05413 54.3065 0.83565 -13 4402 1 0 1
46.0695 -18.1336 325.556 10.8473 -3.20809 62.5168 3.9097 -13 4403 1 0 1
-18.1606 0.0139301 325.556 -3.19784 0.427144 48.438 2.00913 -13 4404 1 0 1
28.6479 7.43926 325.556 6.21332 0.79172 56.4447 3.67625 -13 4405 1 0 1
18.2681 -34.2204 325.556 4.48413 -6.66015 68.6944 3.56703 -13 4406 1 0 1
4.98928 23.7858 325.556 1.24064 3.0983 52.1064 4.26533 -13 4408 1 0 1
97.4669 30.3755 325.556 22.9868 4.43425 63.2258 1.77913 -13 4409 1 0 1
-29.5791 24.2174 325.556 -5.68308 3.25192 51.1539 2.08583 -13 4410 1 0 1
-12.1553 38.8743 325.556 -2.3451 5.23116 54.4942 1.97579 -13 4411 1 0 1
7.59739 -1.4058 325.556 1.81216 0.381056 67.5112 2.36562 -13 4412 1 0 1
-6.60661 -23.6266 325.556 -1.84853 -4.42809 69.8679 3.28614 -13 4413 1 0 1
18.0916 -3.35171 325.556 4.54386 -0.540863 81.4612 1.28753 -13 4414 1 0 1
14.7999 -6.14143 325.556 3.57492 -1.27989 66.7868 1.50781 -13 4415 1 0 1
98.8796 -0.568249 325.556 18.2615 0.173704 45.357 1.04007 -13 4416 1 0 1
122.434 1.90338 325.556 24.9707 -1.91378 46.3509 3.17293 -13 4417 1 0 1
-69.2198 -2.91735 325.556 -14.2971 -0.427105 54.619 0.512756 -13 4418 1 0 1
-69.7145 24.4026 325.556 -18.576 4.60089 71.0327 0.75229 -13 4419 1 0 1
-21.2049 -14.6709 325.556 -6.01741 -2.20108 72.9948 1.81163 -13 4420 1 0 1
3.91813 1.18003 325.556 0.873237 -0.101407 65.0647 0.182945 -13 4421 1 0 1
-2.71505 4.93495 325.556 -0.311365 0.696776 50.9525 3.43265 -13 4422 1 0 1
49.406 -38.1643 325.556 9.14551 -4.26341 46.0842 1.65798 -13 4423 1 0 1
11.1862 -38.7542 325.556 2.05194 -3.50141 41.8858 4.74681 -13 4424 1 0 1
-72.261 -1.77812 325.556 -15.1283 -0.103509 54.9289 3.45173 -13 4425 1 0 1
-39.0289 -5.64743 325.556 -9.65379 -0.941675 66.2941 0.780406 -13 4426 1 0 1
38.5327 -48.9373 325.556 8.14544 -6.0251 54.2812 4.23404 -13 4428 1 0 1
-7.58448 -16.1385 325.556 -1.91761 -2.70215 66.6659 2.8616 -13 4429 1 0 1
-44.752 -33.4502 325.556 -9.60799 -4.80683 57.4693 -0.0380958 -13 4430 1 0 1
-20.3166 39.9011 325.556 -5.32265 6.46635 69.3805 1.74661 -13 4431 1 0 1
93.1005 -8.04016 325.556 20.6184 -0.710889 57.7899 1.30978 -13 4432 1 0 1
-10.0499 -34.8536 325.556 -2.21452 -5.64171 61.8419 0.617141 -13 4433 1 0 1
-35.8191 -26.2759 325.556 -8.90751 -4.4441 66.708 2.70618 -13 4434 1 0 1
29.2701 -1.93949 325.556 7.01887 -0.847382 64.5745 3.4997 -13 4435 1 0 1
-97.7405 -66.4243 325.556 -23.1981 -10.6375 62.244 2.81929 -13 4436 1 0 1
100.9 29.5007 325.556 13.0229 1.38565 28.4591 5.84155 -13 4437 1 0 1
19.2235 29.3543 325.556 4.46745 4.67619 61.5787 1.92961 -13 4438 1 0 1
-39.5206 -40.9094 325.556 -10.5135 -7.52563 70.2548 1.32372 -13 4439 1 0 1
-42.9148 -15.477 325.556 -10.4465 -2.99421 65.2308 3.00785 -13 4440 1 0 1
45.8713 -1.14887 325.556 10.9141 -0.664015 64.7358 2.07017 -13 4441 1 0 1
57.2262 45.3053 325.556 11.9111 6.44157 54.0805 4.0558 -13 4442 1 0 1
-11.6145 8.99616 325.556 -2.73773 1.62462 63.2789 2.93024 -13 4443 1 0 1
-7.11026 2.87906 325.556 -1.60059 0.0991201 61.673 1.83626 -13 4444 1 0 1
-6.47842 39.6842 325.556 -2.21177 8.08132 73.951 1.65526 -13 4445 1 0 1
53.748 -7.52975 325.556 10.4817 -0.851161 49.0421 1.85856 -13 4446 1 0 1
-30.0512 45.1892 325.556 -4.07347 3.32226 34.3306 3.36975 -13 4447 1 0 1
-15.773 67.2945 325.556 -2.22396 5.42777 37.8756 5.42791 -13 4448 1 0 1
-1.61421 -2.18721 325.556 -0.0783182 -0.128246 44.8189 3.13875 -13 4449 1 0 1
-35.6994 -30.6845 325.556 -9.41603 -5.38697 69.9482 3.34574 -13 4450 1 0 1
-7.59021 -6.10099 325.556 -2.08614 -1.15965 68.673 2.30228 -13 4451 1 0 1
15.0027 -24.9941 325.556 3.03568 -2.68836 48.4741 1.56715 -13 4452 1 0 1
-51.6278 30.4328 325.556 -10.718 4.20871 55.7217 2.91862 -13 4453 1 0 1
-7.23548 54.1894 325.556 -1.39819 7.53044 53.6198 2.36423 -13 4454 1 0 1
-68.3104 2.11641 325.556 -14.1529 0.538236 54.5503 1.96126 -13 4455 1 0 1
3.65088 -9.50847 325.556 0.762056 -1.19306 66.4052 2.44845 -13 4456 1 0 1
-14.2219 29.2398 325.556 -3.94702 5.17977 71.5007 3.14352 -13 4457 1 0 1
12.7033 -58.8424 325.556 2.89071 -8.05626 57.2671 2.99961 -13 4458 1 0 1
40.6716 -10.2545 325.556 9.53748 -1.57179 62.6826 0.757092 -13 4460 1 0 1
0.972615 -2.2573 325.556 -0.304013 0.0412864 76.5532 3.71351 -13 4461 1 0 1
-66.7782 30.4937 325.556 -16.5343 5.01182 65.9314 3.44294 -13 4462 1 0 1
-3.53466 -4.44079 325.556 -0.620368 0.15027 55.9723 2.32124 -13 4463 1 0 1
19.0717 28.0989 325.556 4.64377 4.69366 69.6445 1.6811 -13 4464 1 0 1
0.896038 -49.7205 325.556 0.335451 -7.2349 59.5509 0.61396 -13 4465 1 0 1
33.9345 -24.3042 325.556 8.89341 -5.74828 78.6321 0.506126 -13 4466 1 0 1
-85.5211 2.02943 325.556 -21.4909 0.550296 66.7924 1.61495 -13 4467 1 0 1
-13.2463 22.6936 325.556 -3.7835 4.11484 72.2093 1.30269 -13 4468 1 0 1
11.0343 -21.1484 325.556 2.57725 -4.43312 72.8584 2.47969 -13 4469 1 0 1
70.2838 -0.991428 325.556 9.76785 -0.0437154 32.0844 2.61599 -13 4470 1 0 1
31.1846 -31.4466 325.556 7.17308 -5.05348 61.0778 1.74492 -13 4471 1 0 1
-31.5349 -11.7741 325.556 -7.78461 -1.88393 66.0718 2.1206 -13 4473 1 0 1
16.2091 8.26759 325.556 3.82133 1.31176 63.6518 2.19779 -13 4474 1 0 1
77.2742 -95.1755 325.556 3.36776 -7.47338 45.9418 2.89418 -13 4475 1 0 1
-0.971844 -16.7697 325.556 -0.154657 -2.59301 58.292 0.875202 -13 4476 1 0 1
23.5706 -8.73466 325.556 5.23535 -0.531535 56.3667 2.63234 -13 4477 1 0 1
20.6785 2.16645 325.556 4.16909 0.391306 50.9114 4.27562 -13 4478 1 0 1
4.97904 -4.77918 325.556 1.1144 -1.18051 64.8683 0.474913 -13 4479 1 0 1
-26.2765 65.0946 325.556 -6.40221 10.9841 64.3864 1.69235 -13 4480 1 0 1
22.7122 -51.0866 325.556 4.96317 -6.91302 56.733 2.98114 -13 4481 1 0 1
-6.37907 -10.008 325.556 -2.02755 -1.46275 71.6569 2.2419 -13 4482 1 0 1
-4.23525 28.0729 325.556 -1.9328 6.04043 79.5534 -0.0744103 -13 4483 1 0 1
-43.9921 41.7264 325.556 -6.13988 2.98968 34.5824 3.44904 -13 4484 1 0 1
-48.647 17.1344 325.556 -7.05471 1.77696 36.0996 5.8837 -13 4485 1 0 1
34.4408 29.3349 325.556 6.49696 3.67351 46.3547 2.12907 -13 4486 1 0 1
44.3589 -0.586609 325.556 10.1981 -0.0850371 60.8736 1.52327 -13 4487 1 0 1
-50.5315 -17.0664 325.556 -12.9701 -3.34639 68.5147 0.794257 -13 4488 1 0 1
59.3695 -4.09516 325.556 12.7593 -0.449021 55.3839 4.31909 -13 4489 1 0 1
19.4836 11.1197 325.556 3.60532 1.19018 42.0979 0.677307 -13 4490 1 0 1
-11.1888 -34.2804 325.556 -3.0617 -6.2247 69.5944 2.59901 -13 4491 1 0 1
5.21382 -9.0408 325.556 1.02504 -2.41409 72.9345 1.81785 -13 4492 1 0 1
-32.0004 -39.8465 325.556 -9.29712 -8.46669 75.8821 0.764447 -13 4493 1 0 1
-4.25013 0.330496 325.556 -0.750687 0.239014 57.1327 2.27666 -13 4494 1 0 1
35.5719 57.549 325.556 8.71659 10.0836 67.1698 1.71884 -13 4495 1 0 1
-11.7726 -10.7342 325.556 -2.7304 -1.58455 64.2124 0.428961 -13 4496 1 0 1
-23.907 22.2363 325.556 -7.53518 5.41924 79.0247 2.41147 -13 4497 1 0 1
32.9457 -2.62282 325.556 8.47571 0.634592 75.4791 3.59884 -13 4498 1 0 1
-31.8946 20.4408 325.556 -8.32775 3.7249 69.8425 2.02416 -13 4499 1 0 1
-26.0225 3.87539 325.556 -6.00014 0.512253 62.0235 1.70669 -13 4500 1 0 1
7.61538 -4.67715 325.556 1.71022 -1.21345 68.2669 2.68493 -13 4501 1 0 1
24.7474 64.7155 325.556 5.20078 8.44909 52.7203 3.01277 -13 4504 1 0 1
28.2129 64.9472 325.556 3.99122 3.88392 31.9456 4.23283 -13 4505 1 0 1
53.8001 -24.9504 325.556 11.8449 -4.11673 57.0999 1.73689 -13 4506 1 0 1
29.499 38.4038 325.556 6.81041 6.45635 61.911 0.359726 -13 4507 1 0 1
-32.2189 19.254 325.556 -7.73107 3.4182 64.2566 2.22316 -13 4508 1 0 1
-7.18415 29.7718 325.556 -2.2399 5.86218 72.8957 -0.351477 -13 4509 1 0 1
37.4515 13.5813 325.556 9.47504 2.62986 71.3735 0.655047 -13 4510 1 0 1
-55.684 -21.1935 325.556 -14.1364 -3.8466 67.6572 1.30843 -13 4511 1 0 1
32.6702 22.1197 325.556 7.99796 4.21657 66.9019 1.50698 -13 4512 1 0 1
4.89749 2.84162 325.556 1.1626 0.513262 58.1827 4.57509 -13 4513 1 0 1
14.8215 -1.61505 325.556 3.54253 -0.631396 64.164 1.65507 -13 4514 1 0 1
41.1407 27.0505 325.556 9.49239 4.50073 61.3505 -0.297823 -13 4515 1 0 1
-25.5693 -37.4872 325.556 -6.0199 -6.11205 63.0019 3.49074 -13 4516 1 0 1
9.36378 -73.5839 325.556 2.14608 -11.0776 59.7863 3.44963 -13 4517 1 0 1
40.7181 14.9081 325.556 9.04076 2.10887 58.6167 1.38184 -13 4518 1 0 1
6.70534 -14.5797 325.556 1.51468 -2.26869 56.3046 2.89227 -13 4519 1 0 1
12.3981 4.16107 325.556 2.8847 0.288479 62.7245 0.733244 -13 4520 1 0 1
-21.8274 7.96834 325.556 -7.01917 1.36608 80.5065 2.09819 -13 4521 1 0 1
-25.3256 51.5758 325.556 -6.105 8.93237 64.878 5.03964 -13 4523 1 0 1
11.4131 -14.7841 325.556 2.6403 -3.31051 68.4309 2.22908 -13 4524 1 0 1
103.645 64.2037 325.556 21.9782 8.35711 54.7157 3.94849 -13 4525 1 0 1
-18.9158 -44.1892 325.556 -4.65608 -7.93026 65.7304 1.85339 -13 4526 1 0 1
-17.397 -1.20279 325.556 -4.22903 -0.0804925 65.1087 3.6063 -13 4527 1 0 1
44.0473 0.178707 325.556 9.6584 -0.145228 56.572 3.99023 -13 4528 1 0 1
-3.49674 14.8727 325.556 -0.618733 1.611 55.0236 4.01408 -13 4529 1 0 1
25.6744 -7.39603 325.556 6.31839 -1.53207 68.004 2.6523 -13 4530 1 0 1
36.0048 -6.58092 325.556 8.03394 -0.848446 58.2612 -0.264898 -13 4531 1 0 1
-18.8734 70.3113 325.556 -3.49128 8.8179 50.2704 2.90616 -13 4532 1 0 1
-42.6537 11.1266 325.556 -8.08659 1.1033 49.9829 0.396805 -13 4533 1 0 1
-55.3397 4.84243 325.556 -11.0619 1.27877 52.9571 2.31736 -13 4534 1 0 1
53.8195 38.9383 325.556 12.1665 5.80443 59.4793 2.36882 -13 4535 1 0 1
8.28891 45.1533 325.556 2.01629 6.69101 62.8638 1.89676 -13 4536 1 0 1
-26.9472 -36.2399 325.556 -6.97878 -7.21772 68.2768 -0.0132316 -13 4537 1 0 1
-25.1315 -17.5119 325.556 -5.86864 -3.37852 62.7034 -0.232164 -13 4538 1 0 1
-26.9758 -10.2974 325.556 -6.83549 -1.6749 67.9489 1.55033 -13 4539 1 0 1
3.41248 -35.5754 325.556 0.454888 -6.95325 72.9405 2.86705 -13 4540 1 0 1
-19.3646 58.2246 325.556 -5.55941 10.7503 72.9994 0.684452 -13 4541 1 0 1
-32.5352 -24.5066 325.556 -7.94134 -4.57475 64.9494 -0.00200898 -13 4542 1 0 1
32.9976 -7.97636 325.556 7.91943 -1.50955 65.4038 1.91 -13 4543 1 0 1
-3.29759 -11.7421 325.556 -1.36188 -2.01878 74.9801 1.28218 -13 4544 1 0 1
-32.4192 14.588 325.556 -8.74051 2.21577 71.2495 2.5992 -13 4545 1 0 1
17.1357 26.3497 325.556 2.79174 1.69789 36.3376 3.70913 -13 4546 1 0 1
17.7301 4.40091 325.556 4.48541 0.458546 74.2218 1.64532 -13 4547 1 0 1
38.5309 -9.31087 325.556 9.66899 -1.35792 70.005 3.89967 -13 4548 1 0 1
5.42054 17.0686 325.556 1.21113 3.30061 65.6639 0.72333 -13 4549 1 0 1
-27.2646 43.6515 325.556 -8.41591 9.21305 77.7068 1.0241 -13 4550 1 0 1
37.099 -78.7809 325.556 9.38729 -15.0762 71.3069 0.884927 -13 4551 1 0 1
13.5208 -22.6778 325.556 3.21128 -3.22358 66.0431 1.99783 -13 4552 1 0 1
-20.3638 70.4527 325.556 -5.007 11.6179 64.6718 0.726073 -13 4553 1 0 1
37.5398 25.9416 325.556 7.96487 3.40454 53.9418 1.88581 -13 4554 1 0 1
-59.7974 73.8699 325.556 -13.9761 11.7254 61.6218 2.47364 -13 4555 1 0 1
-46.5183 14.0791 325.556 -12.2931 2.53037 70.4413 3.25253 -13 4556 1 0 1
-46.4951 4.22812 325.556 -10.8287 0.63219 62.451 0.291708 -13 4558 1 0 1
47.2309 106.598 325.556 11.1346 16.8028 63.3101 4.45213 -13 4559 1 0 1
-36.7324 -27.2044 325.556 -9.2109 -4.88571 66.4402 2.11945 -13 4560 1 0 1
-43.747 54.6989 325.556 -9.2835 7.1978 56.3109 2.36077 -13 4561 1 0 1
92.4246 -63.1997 325.556 14.8893 -5.18307 38.4078 4.26151 -13 4562 1 0 1
-32.7851 -102.302 325.556 -7.99074 -16.3829 64.5892 3.84088 -13 4563 1 0 1
44.8611 21.2485 325.556 10.9012 4.36609 65.6553 3.92003 -13 4565 1 0 1
53.5364 -8.21592 325.556 13.0769 -1.47051 67.1078 2.16461 -13 4566 1 0 1
82.1759 44.3724 325.556 18.5664 6.75426 59.6786 1.5155 -13 4567 1 0 1
-95.3825 -16.8219 325.556 -20.2382 -2.1782 55.2305 2.95572 -13 4568 1 0 1
-70.263 53.2666 325.556 -15.9839 7.81818 60.3173 2.19622 -13 4570 1 0 1
-2.77359 29.9213 325.556 -0.661836 5.33351 64 1.45894 -13 4571 1 0 1
-48.5079 -20.1025 325.556 -14.4874 -3.95891 77.9587 3.4106 -13 4572 1 0 1
-18.7754 -20.4286 325.556 -4.54574 -3.31449 64.07 2.38092 -13 4574 1 0 1
4.03695 -49.7093 325.556 0.898599 -7.85586 66.7735 2.07756 -13 4575 1 0 1
90.1292 -52.4282 325.556 18.4301 -6.33654 52.4341 2.52635 -13 4576 1 0 1
-18.6678 -7.92709 325.556 -3.69028 -0.957028 54.3519 1.17019 -13 4578 1 0 1
-44.1902 -5.90176 325.556 -9.2507 -1.51261 55.7541 0.974411 -13 4579 1 0 1
4.72803 -2.64889 325.556 0.727418 -1.24875 77.9476 1.54526 -13 4580 1 0 1
-66.5973 2.50225 325.556 -15.2584 0.320182 61.0337 4.28169 -13 4581 1 0 1
-19.264 3.56574 325.556 -3.95512 0.721511 56.537 1.12456 -13 4582 1 0 1
-23.3057 36.1448 325.556 -3.58761 3.13254 39.8385 3.00948 -13 4583 1 0 1
3.10388 39.6416 325.556 0.862528 6.15763 58.4404 1.07355 -13 4585 1 0 1
27.9243 15.0693 325.556 6.55639 2.55566 62.2545 2.01736 -13 4586 1 0 1
3.68863 -80.7432 325.556 0.857693 -11.8458 58.6666 3.30021 -13 4587 1 0 1
59.207 42.1582 325.556 6.02033 0.990998 20.9217 4.54284 -13 4589 1 0 1
46.7908 21.0425 325.556 10.4659 3.26756 58.6908 1.85581 -13 4590 1 0 1
18.4025 47.9799 325.556 3.92915 6.43441 54.5617 0.813019 -13 4591 1 0 1
-17.419 22.813 325.556 -3.98315 3.88032 62.1225 2.05559 -13 4592 1 0 1
-11.2124 55.754 325.556 -2.06777 6.83537 51.9843 3.01738 -13 4593 1 0 1
-21.7026 -5.08885 325.556 -5.18392 -0.516192 64.3079 1.21342 -13 4594 1 0 1
-4.05253 -6.79865 325.556 -1.09931 -1.29478 66.0416 1.51749 -13 4595 1 0 1
114.264 -43.3894 325.556 21.9884 -5.1791 47.0043 3.94075 -13 4596 1 0 1
-7.60677 3.61628 325.556 -1.25321 0.464323 47.6653 2.99276 -13 4597 1 0 1
62.0938 28.4607 325.556 13.0904 3.85838 54.3033 2.58588 -13 4598 1 0 1
-12.1019 35.8605 325.556 -3.92669 7.84193 76.2449 2.23922 -13 4599 1 0 1
-79.9956 13.2483 325.556 -19.3341 2.17913 64.1597 1.5656 -13 4600 1 0 1
-13.6949 39.2228 325.556 -3.2927 6.87825 65.6508 3.62278 -13 4601 1 0 1
-20.2027 -22.0517 325.556 -5.89377 -4.40054 74.8597 2.5652 -13 4602 1 0 1
28.549 -54.7992 325.556 6.82158 -9.36606 64.2679 1.5568 -13 4603 1 0 1
-63.0483 -22.4682 325.556 -12.1142 -2.57008 50.235 2.67816 -13 4604 1 0 1
-51.1456 -12.4793 325.556 -11.411 -1.96334 59.3049 3.95537 -13 4605 1 0 1
27.3797 26.4428 325.556 5.86585 4.21643 54.8914 2.17727 -13 4606 1 0 1
-17.398 -13.7545 325.556 -5.00035 -3.29411 73.2209 1.61774 -13 4607 1 0 1
-57.224 8.93706 325.556 -14.0242 2.15421 65.1257 3.20413 -13 4608 1 0 1
-1.92157 -17.6315 325.556 -0.112008 -2.17448 53.9816 2.71427 -13 4609 1 0 1
61.549 27.425 325.556 15.6969 5.19657 70.6373 1.98698 -13 4610 1 0 1
37.2394 -9.50298 325.556 8.5915 -1.62335 61.6109 3.86386 -13 4611 1 0 1
-16.9775 -28.6952 325.556 -3.93475 -4.25969 62.2618 0.589757 -13 4612 1 0 1
-25.821 -4.74846 325.556 -7.41483 -1.70726 74.3746 2.00941 -13 4613 1 0 1
9.12594 13.4179 325.556 1.87999 1.41504 45.6622 2.55736 -13 4614 1 0 1
-11.7673 43.3031 325.556 -3.31668 8.30994 70.6113 -0.0455929 -13 4615 1 0 1
-35.6254 3.91487 325.556 -9.7682 0.291601 71.9802 0.836906 -13 4616 1 0 1
-23.324 42.6795 325.556 -4.3854 5.58706 51.9105 4.19345 -13 4617 1 0 1
-22.7886 -49.8795 325.556 -5.0862 -7.77896 60.066 1.13151 -13 4618 1 0 1
23.3846 -47.9462 325.556 5.49521 -7.75851 63.03 2.98134 -13 4619 1 0 1
21.106 -48.3205 325.556 4.51397 -6.83134 54.3538 0.028741 -13 4620 1 0 1
-9.96452 23.9795 325.556 -1.8526 3.00818 52.6153 2.59473 -13 4621 1 0 1
-30.3123 -52.774 325.556 -8.01691 -9.58902 69.7386 2.45997 -13 4622 1 0 1
-74.5757 15.0715 325.556 -19.7367 2.65268 70.5813 2.10759 -13 4623 1 0 1
-56.5718 50.8988 325.556 -12.9796 7.41197 61.1618 2.6362 -13 4624 1 0 1
-7.15124 3.12781 325.556 -1.64862 0.411193 62.8635 2.64299 -13 4625 1 0 1
4.19687 -41.267 325.556 0.951457 -7.11214 65.4174 3.40471 -13 4626 1 0 1
70.1316 -32.2888 325.556 16.2921 -4.50871 61.4676 2.98092 -13 4627 1 0 1
37.2477 3.58038 325.556 7.73621 0.570909 52.9098 1.47934 -13 4628 1 0 1
7.99435 -30.947 325.556 1.8395 -4.70141 59.8465 2.88593 -13 4629 1 0 1
56.4095 -8.07924 325.556 14.4407 -1.66246 71.6047 2.32394 -13 4630 1 0 1
-1.62064 27.5606 325.556 -0.750331 4.89592 69.4801 1.71121 -13 4631 1 0 1
-26.3127 -16.7909 325.556 -6.28716 -2.98216 62.9885 2.14443 -13 4632 1 0 1
101.784 41.6678 325.556 23.7532 6.45772 61.8945 3.51911 -13 4633 1 0 1
-35.1634 19.2727 325.556 -10.1344 4.36074 75.3579 0.267144 -13 4634 1 0 1
80.0432 -57.1937 325.556 16.8337 -7.39659 53.7654 4.91468 -13 4635 1 0 1
-15.3113 64.3775 325.556 -3.00188 8.61558 53.7702 3.89724 -13 4636 1 0 1
13.098 10.2721 325.556 3.08386 1.69205 63.5604 3.22021 -13 4637 1 0 1
28.0315 26.2091 325.556 6.76328 5.09291 65.36 1.38521 -13 4638 1 0 1
45.0504 6.82826 325.556 10.4134 1.19029 61.8484 3.64491 -13 4639 1 0 1
-18.8436 23.2842 325.556 -4.48338 3.7207 64.8179 2.41002 -13 4640 1 0 1
-66.8639 -11.0902 325.556 -11.8011 -1.11479 45.2814 1.27627 -13 4641 1 0 1
-59.3524 -7.44951 325.556 -8.91141 -0.391161 37.2079 2.97553 -13 4642 1 0 1
-28.3324 -38.8126 325.556 -5.86885 -5.16376 56.4936 2.89644 -13 4643 1 0 1
60.7412 18.8376 325.556 14.2756 3.26326 62.9377 3.42684 -13 4644 1 0 1
-18.822 -2.58155 325.556 -5.88714 -0.440142 77.6965 2.60722 -13 4645 1 0 1
24.1415 -27.4337 325.556 6.06174 -5.35567 70.6318 -0.57865 -13 4646 1 0 1
-20.0281 12.8373 325.556 -5.48023 2.44707 71.2158 0.920041 -13 4647 1 0 1
82.7441 -52.2429 325.556 18.7425 -7.1113 59.8113 2.83705 -13 4648 1 0 1
-28.7393 13.9681 325.556 -8.07437 3.35367 73.7452 1.56327 -13 4649 1 0 1
-35.0482 75.042 325.556 -7.3509 10.124 56.4117 1.79477 -13 4650 1 0 1
-14.004 -42.8813 325.556 -3.28012 -7.02269 62.6825 -0.349084 -13 4651 1 0 1
28.0493 38.8952 325.556 7.03568 7.17532 69.8676 1.2083 -13 4652 1 0 1
25.5033 85.5379 325.556 3.65064 5.38472 32.0708 4.1991 -13 4653 1 0 1
109.222 18.4383 325.556 19.9987 1.2093 45.4258 1.86382 -13 4654 1 0 1
-25.4867 -14.1643 325.556 -5.8425 -2.66028 61.4232 0.4239 -13 4655 1 0 1
36.0965 4.04862 325.556 8.44269 0.445756 62.8497 1.8482 -13 4656 1 0 1
53.1407 46.2355 325.556 10.3349 5.42621 49.4415 4.50463 -13 4658 1 0 1
57.0139 -11.8996 325.556 13.3139 -2.11207 61.9463 3.37435 -13 4659 1 0 1
26.5647 -4.51662 325.556 5.14408 -0.589831 48.596 2.59408 -13 4660 1 0 1
15.1338 18.8891 325.556 3.60218 2.51636 62.3032 1.87975 -13 4661 1 0 1
-66.0589 -68.0811 325.556 -18.4627 -13.5267 74.0796 0.439057 -13 4662 1 0 1
21.7119 10.8609 325.556 5.46374 1.97155 75.6789 2.13102 -13 4663 1 0 1
11.0091 -23.6053 325.556 2.65042 -4.84967 76.0188 1.31907 -13 4664 1 0 1
3.61157 -27.8139 325.556 0.846861 -2.85612 44.8647 1.55307 -13 4666 1 0 1
0.954112 -23.9956 325.556 0.348096 -1.94807 38.237 3.55681 -13 4667 1 0 1
94.1942 55.2782 325.556 18.375 6.13063 49.4859 1.85009 -13 4670 1 0 1
5.72604 4.63941 325.556 1.42143 0.54341 55.8724 3.16604 -13 4671 1 0 1
-48.8795 -13.3004 325.556 -10.9448 -1.78871 59.9433 2.09173 -13 4672 1 0 1
-59.6282 18.5935 325.556 -13.6888 3.72726 61.5785 1.39423 -13 4673 1 0 1
-67.1445 -33.9701 325.556 -18.7063 -7.26164 73.9807 1.51619 -13 4674 1 0 1
1.8425 -50.2278 325.556 0.560539 -5.96412 47.1506 4.37344 -13 4675 1 0 1
-39.6309 -2.92786 325.556 -8.41459 -0.343478 56.8135 3.04938 -13 4676 1 0 1
33.6781 60.6874 325.556 7.65077 9.00514 59.3017 2.03986 -13 4677 1 0 1
-14.7227 2.24376 325.556 -4.02269 0.573815 71.0569 3.98212 -13 4678 1 0 1
54.3529 -12.3657 325.556 12.4193 -2.08729 60.718 0.0808918 -13 4679 1 0 1
-16.7569 5.57383 325.556 -4.97204 0.934743 74.905 1.87677 -13 4680 1 0 1
44.6254 -4.71855 325.556 11.2557 -1.01076 70.159 2.94609 -13 4681 1 0 1
20.309 -26.753 325.556 5.04534 -5.79207 72.4619 2.37079 -13 4682 1 0 1
41.3887 -5.23265 325.556 10.2116 -1.65678 67.8798 0.607709 -13 4683 1 0 1
107.647 -19.3686 325.556 20.6451 -2.93512 48.0119 5.01858 -13 4684 1 0 1
0.00560845 -30.8799 325.556 -0.0566906 -5.35632 66.6506 -0.128251 -13 4685 1 0 1
-14.7042 25.4655 325.556 -3.61632 4.05318 65.3404 2.48428 -13 4686 1 0 1
-80.5496 -4.26618 325.556 -16.1095 -1.11662 52.1422 1.63983 -13 4687 1 0 1
-4.50529 -42.8176 325.556 -1.04354 -6.77567 61.3381 3.54598 -13 4688 1 0 1
24.7897 -11.8879 325.556 5.31775 -2.08431 53.9673 0.215139 -13 4689 1 0 1
-25.2399 31.678 325.556 -7.12612 6.22685 73.4778 1.73006 -13 4690 1 0 1
40.5335 -2.54602 325.556 10.1405 0.0140365 69.2028 1.59365 -13 4691 1 0 1
-32.1426 3.19285 325.556 -4.19391 -0.0942122 32.1467 3.48564 -13 4692 1 0 1
-51.1683 29.8786 325.556 -11.4008 4.87443 59.4373 2.53992 -13 4693 1 0 1
-30.1088 16.5559 325.556 -8.09328 3.10199 70.888 3.97108 -13 4694 1 0 1
5.36731 15.9927 325.556 0.92969 3.08558 77.1278 1.73759 -13 4695 1 0 1
4.16035 -36.4048 325.556 1.01938 -6.03578 60.1397 2.47157 -13 4696 1 0 1
57.9448 -7.30651 325.556 13.6876 -0.739424 63.4 1.8374 -13 4697 1 0 1
42.5162 -9.48077 325.556 10.0148 -1.60431 63.1044 1.6621 -13 4698 1 0 1
-57.2457 -39.4092 325.556 -8.71041 -3.6879 38.1181 4.57173 -13 4699 1 0 1
6.42917 -45.7818 325.556 1.44598 -5.86671 50.5144 3.89323 -13 4700 1 0 1
25.9176 16.3954 325.556 6.33363 3.25783 67.5208 0.110508 -13 4701 1 0 1
-45.6362 -88.4083 325.556 -11.1238 -14.1768 64.9057 2.2355 -13 4702 1 0 1
-4.91045 -6.98319 325.556 -1.31044 -1.00405 67.095 1.762 -13 4703 1 0 1
54.7278 11.9463 325.556 11.8605 1.94721 56.5079 2.48654 -13 4704 1 0 1
-55.9018 -77.0995 325.556 -12.3918 -10.9373 58.6133 2.12973 -13 4705 1 0 1
71.408 -36.6684 325.556 16.4979 -5.97944 61.2747 -0.0360991 -13 4706 1 0 1
38.5895 0.252303 325.556 9.38065 0.517541 66.1621 1.87741 -13 4707 1 0 1
-6.64134 22.2859 325.556 -1.37525 3.61032 58.8239 2.26353 -13 4708 1 0 1
-46.2321 -22.117 325.556 -11.6917 -3.95238 67.4047 3.26758 -13 4709 1 0 1
-34.6817 -25.7807 325.556 -9.37414 -6.23637 71.6877 1.69907 -13 4710 1 0 1
88.2645 -8.18468 325.556 16.3496 -0.97021 45.6848 2.81957 -13 4711 1 0 1
33.7634 -39.7038 325.556 6.89794 -5.11908 51.1286 1.25429 -13 4712 1 0 1
-46.6481 -23.8862 325.556 -10.0491 -3.55019 57.411 2.33331 -13 4713 1 0 1
-9.83332 58.9905 325.556 -2.47018 10.277 65.9212 3.6188 -13 4714 1 0 1
-61.9029 17.9037 325.556 -13.9513 3.04718 59.8779 2.18352 -13 4716 1 0 1
-46.7224 -30.2928 325.556 -12.7862 -6.12926 72.6083 1.68544 -13 4717 1 0 1
-91.446 -0.935328 325.556 -13.3273 -0.0706523 34.8661 2.70868 -13 4718 1 0 1
11.0487 -23.6358 325.556 2.61803 -3.84664 66.7257 3.5515 -13 4719 1 0 1
6.61326 7.82167 325.556 1.54236 1.1539 55.1901 1.5718 -13 4720 1 0 1
91.6298 14.1292 325.556 15.2082 1.2498 39.6976 2.94591 -13 4721 1 0 1
61.0333 27.226 325.556 14.9977 4.63714 67.2245 0.664985 -13 4722 1 0 1
-42.5191 -7.24116 325.556 -12.5551 -1.53824 77.1419 -0.700624 -13 4723 1 0 1
-41.5574 -20.2296 325.556 -11.072 -3.59273 70.8913 2.9376 -13 4724 1 0 1
-30.6839 28.0725 325.556 -9.40019 6.05119 78.8432 1.82614 -13 4725 1 0 1
-28.3429 32.0012 325.556 -7.9646 6.77202 73.4533 1.70393 -13 4726 1 0 1
3.00582 2.62394 325.556 0.726788 0.171698 63.0172 3.32879 -13 4727 1 0 1
49.3732 1.44997 325.556 7.41578 -0.171976 35.031 1.57629 -13 4728 1 0 1
-24.039 -26.4925 325.556 -4.17006 -3.09906 47.3579 0.872503 -13 4729 1 0 1
51.2085 -38.8083 325.556 12.9389 -7.07378 69.1718 1.41715 -13 4730 1 0 1
30.1499 -1.95079 325.556 6.12736 -0.12167 51.1274 0.453908 -13 4731 1 0 1
14.3792 0.449583 325.556 3.50703 -0.220475 72.9037 2.43673 -13 4732 1 0 1
11.7678 40.7306 325.556 2.69841 8.26908 75.1614 1.09666 -13 4733 1 0 1
-14.0229 -78.4698 325.556 -2.70283 -10.8951 54.4198 3.57211 -13 4734 1 0 1
-3.42569 2.46634 325.556 -1.08905 0.277588 71.3688 1.16726 -13 4735 1 0 1
-7.94533 44.1905 325.556 -2.04708 7.35611 67.5658 2.85728 -13 4736 1 0 1
9.62592 10.7016 325.556 2.23392 1.0552 71.9214 1.49629 -13 4737 1 0 1
-24.0038 -82.5606 325.556 -5.35222 -12.165 59.6002 0.97002 -13 4738 1 0 1
-45.682 34.5984 325.556 -12.1573 6.90219 70.3846 2.01402 -13 4739 1 0 1
93.8171 15.394 325.556 21.5593 2.23588 59.9094 4.08724 -13 4740 1 0 1
88.3724 11.3536 325.556 18.9013 1.84953 55.7092 1.72317 -13 4741 1 0 1
-27.5524 -2.77745 325.556 -7.56427 -0.23589 72.2504 0.712196 -13 4742 1 0 1
98.8985 15.2755 325.556 20.424 1.98213 52.8613 1.80733 -13 4743 1 0 1
-47.6844 -16.6829 325.556 -12.1065 -2.40674 67.1999 2.58805 -13 4744 1 0 1
9.33584 -41.0856 325.556 2.13802 -5.8626 61.6466 3.13639 -13 4745 1 0 1
-42.3187 -14.0576 325.556 -8.76484 -1.65857 55.1515 2.64322 -13 4746 1 0 1
-11.7687 -12.5155 325.556 -3.79768 -3.34284 76.3124 0.690287 -13 4748 1 0 1
0.614307 -64.8493 325.556 0.139849 -11.6642 66.6282 3.97472 -13 4749 1 0 1
-24.0014 2.96089 325.556 -5.22275 0.689045 59.0399 1.62945 -13 4750 1 0 1
-8.40757 -18.0898 325.556 -1.73594 -3.11366 59.1471 1.93432 -13 4751 1 0 1
0.689964 -13.7096 325.556 -0.122474 -1.89951 68.9757 2.78067 -13 4752 1 0 1
26.6433 -18.5014 325.556 6.78278 -4.16329 72.8229 3.50846 -13 4753 1 0 1
26.5692 32.3668 325.556 6.15501 5.8693 63.8318 2.06874 -13 4754 1 0 1
27.2228 23.0638 325.556 6.9598 4.56024 74.3831 2.34349 -13 4755 1 0 1
39.8349 -27.0744 325.556 8.53908 -3.9699 56.4838 2.20898 -13 4756 1 0 1
31.1116 -28.2978 325.556 7.27393 -4.23669 61.9761 3.22528 -13 4757 1 0 1
63.4101 65.496 325.556 15.2414 10.5823 64.8172 3.3196 -13 4758 1 0 1
2.73001 18.8808 325.556 0.583561 3.75824 68.2262 0.955022 -13 4760 1 0 1
14.025 20.9897 325.556 3.14584 2.84687 56.8344 0.33873 -13 4761 1 0 1
-60.7357 -92.3268 325.556 -12.6259 -11.6685 54.6575 2.7444 -13 4762 1 0 1
-85.6607 -36.0952 325.556 -22.2239 -6.12524 68.8253 1.8879 -13 4763 1 0 1
7.03571 23.0355 325.556 1.48984 4.1675 76.1598 2.7372 -13 4764 1 0 1
8.44604 6.67697 325.556 1.95834 1.56534 64.8342 1.65608 -13 4765 1 0 1
62.8194 25.4697 325.556 14.6957 4.22941 62.4823 2.45557 -13 4766 1 0 1
12.405 18.6482 325.556 2.98372 3.02016 66.5954 1.72393 -13 4767 1 0 1
18.0801 -21.5799 325.556 4.09375 -3.68922 59.6195 2.2189 -13 4768 1 0 1
9.57992 15.3663 325.556 2.25705 2.14877 69.4729 0.749323 -13 4769 1 0 1
-48.3452 5.03365 325.556 -9.6193 0.77444 52.8369 2.8189 -13 4770 1 0 1
-53.2166 34.749 325.556 -10.2768 4.39393 50.2701 2.37195 -13 4771 1 0 1
-38.4139 7.61434 325.556 -9.96681 2.08335 69.2778 2.04419 -13 4772 1 0 1
22.1558 -5.01842 325.556 5.30421 -0.978008 67.1243 3.46896 -13 4773 1 0 1
76.8908 -59.0581 325.556 16.5832 -8.15105 56.0463 3.40829 -13 4774 1 0 1
59.6721 15.6728 325.556 12.2547 1.75524 52.5026 1.21901 -13 4775 1 0 1
68.0901 -60.6949 325.556 16.0874 -9.82892 63.0934 1.31008 -13 4776 1 0 1
-26.8611 1.17794 325.556 -5.91217 0.104431 59.8045 3.48863 -13 4777 1 0 1
-53.5188 58.306 325.556 -9.16275 6.14147 44.293 1.45641 -13 4778 1 0 1
65.5929 -10.1698 325.556 12.5037 -1.81699 47.3482 1.76999 -13 4779 1 0 1
-28.279 -11.9644 325.556 -6.88234 -2.09673 65.187 2.98689 -13 4780 1 0 1
7.75133 0.917972 325.556 1.87802 0.228533 59.1201 -0.405916 -13 4781 1 0 1
-70.9533 -11.3673 325.556 -20.7742 -2.2273 77.5117 1.93912 -13 4782 1 0 1
-13.6751 31.6121 325.556 -3.27943 4.90801 63.5132 2.82217 -13 4783 1 0 1
46.3638 7.14347 325.556 9.61297 0.88 52.9512 6.2488 -13 4784 1 0 1
-30.4883 -60.8205 325.556 -6.56754 -8.90287 57.9843 2.48207 -13 4785 1 0 1
-30.9619 -21.2791 325.556 -9.18303 -4.07115 76.6777 2.50155 -13 4786 1 0 1
-35.787 18.6828 325.556 -11.2765 4.63093 78.9325 1.01633 -13 4787 1 0 1
1.67521 -61.8348 325.556 0.484999 -8.28882 52.7485 1.71484 -13 4788 1 0 1
60.1262 -30.4428 325.556 12.631 -3.66138 54.3049 2.5381 -13 4789 1 0 1
47.4215 55.5398 325.556 11.6218 9.96377 67.773 3.79892 -13 4790 1 0 1
-46.3124 -9.69003 325.556 -10.6023 -1.12029 60.9003 2.27587 -13 4791 1 0 1
11.2407 39.1945 325.556 2.58868 7.80405 76.4001 1.9398 -13 4792 1 0 1
27.6309 21.2212 325.556 6.63604 3.80251 65.3491 2.12404 -13 4793 1 0 1
39.82 1.61219 325.556 10.0835 -0.327472 70.9423 3.44347 -13 4794 1 0 1
-105.164 -59.0975 325.556 -24.0678 -9.03021 59.7051 2.81496 -13 4795 1 0 1
-15.4606 3.89191 325.556 -3.77601 0.234124 65.2576 2.55127 -13 4796 1 0 1
-80.7944 -12.227 325.556 -13.7304 -1.29342 42.8143 2.49168 -13 4797 1 0 1
-4.30752 -8.20007 325.556 -1.09208 -2.32322 66.864 2.25638 -13 4798 1 0 1
17.3191 27.3018 325.556 4.08574 4.91553 63.9309 1.35344 -13 4799 1 0 1
8.10606 -13.4262 325.556 1.8294 -2.44294 72.2138 2.39863 -13 4800 1 0 1
-14.4047 -17.8411 325.556 -3.58867 -2.65446 65.2219 3.77797 -13 4801 1 0 1
-12.8159 -8.80885 325.556 -4.15422 -1.36135 76.8096 1.93144 -13 4802 1 0 1
52.0412 18.1325 325.556 11.8375 2.56052 60.7158 1.0759 -13 4803 1 0 1
-63.4016 -3.91883 325.556 -14.1698 -0.575351 59.1021 3.13473 -13 4804 1 0 1
-22.7913 -11.1518 325.556 -7.11425 -2.52012 78.3878 1.99481 -13 4805 1 0 1
-74.4282 46.7149 325.556 -17.1842 7.53624 61.2085 3.61331 -13 4806 1 0 1
16.5325 -3.58076 325.556 3.93073 -0.419086 67.0446 1.63339 -13 4807 1 0 1
15.4579 -4.10428 325.556 1.35232 -0.212379 15.3002 6.24522 -13 4808 1 0 1
93.9852 -22.7474 325.556 22.6728 -4.23518 64.8281 2.61599 -13 4809 1 0 1
38.3483 -14.5317 325.556 8.35587 -2.36324 57.0028 2.17883 -13 4810 1 0 1
-37.26 41.7422 325.556 -9.56745 7.64904 67.8001 2.23527 -13 4811 1 0 1
-75.7963 27.5177 325.556 -16.7239 3.71417 58.1308 1.07411 -13 4812 1 0 1
12.6443 49.0004 325.556 2.67728 5.94304 49.8332 1.17313 -13 4813 1 0 1
33.6411 79.9523 325.556 7.36177 11.845 57.785 3.18598 -13 4814 1 0 1
45.4815 -25.7113 325.556 11.4816 -5.2407 69.9824 2.23025 -13 4815 1 0 1
-15.0008 -17.0483 325.556 -4.08664 -3.59361 69.2515 2.73457 -13 4816 1 0 1
35.0244 -18.2584 325.556 9.00475 -3.09955 73.1889 2.9316 -13 4817 1 0 1
35.7916 10.7315 325.556 7.33904 1.52881 50.8056 1.92691 -13 4818 1 0 1
19.6808 -49.9873 325.556 3.78783 -4.92772 44.7018 1.79609 -13 4819 1 0 1
52.537 -3.06931 325.556 13.342 -0.114714 70.7489 2.32958 -13 4820 1 0 1
-64.3087 -22.8918 325.556 -10.5936 -2.54105 41.9346 4.54728 -13 4821 1 0 1
-55.7346 13.1603 325.556 -12.85 1.80776 61.4459 -0.12686 -13 4822 1 0 1
-1.03275 -6.1847 325.556 -0.454789 -0.90629 70.7032 1.72058 -13 4823 1 0 1
-22.4924 -31.3341 325.556 -4.67534 -4.59682 56.4865 4.39306 -13 4826 1 0 1
10.4396 -9.76806 325.556 2.1142 -2.2379 79.5726 3.0929 -13 4827 1 0 1
-52.4918 -33.3713 325.556 -14.8314 -6.94992 74.6415 2.83196 -13 4828 1 0 1
19.9626 -55.663 325.556 4.81694 -9.51915 67.658 2.26662 -13 4829 1 0 1
-36.3078 -51.5021 325.556 -8.33231 -8.49723 61.6876 3.36193 -13 4830 1 0 1
6.86069 13.8438 325.556 1.63372 2.38036 61.733 2.11944 -13 4831 1 0 1
-6.36415 8.46979 325.556 -1.2834 1.29815 58.388 2.48777 -13 4833 1 0 1
-1.92078 -14.3171 325.556 -0.333905 -2.29993 58.8413 1.41332 -13 4834 1 0 1
40.1938 21.3821 325.556 9.61078 3.37517 64.535 4.70669 -13 4835 1 0 1
-2.13627 -34.2085 325.556 -0.981005 -6.51023 73.1687 2.92541 -13 4836 1 0 1
16.1947 -15.6145 325.556 3.74817 -2.40333 60.383 0.649837 -13 4837 1 0 1
-78.4564 -71.7635 325.556 -15.8932 -8.71993 52.9206 1.32779 -13 4838 1 0 1
37.8102 26.8618 325.556 9.98661 5.68409 77.451 2.72981 -13 4839 1 0 1
-5.85129 -49.4402 325.556 -1.21771 -7.45202 58.8859 2.52453 -13 4840 1 0 1
-1.02017 -92.9838 325.556 -0.458464 -16.5236 68.4307 1.76884 -13 4841 1 0 1
6.70314 -12.285 325.556 1.53917 -2.22425 67.329 2.77401 -13 4842 1 0 1
-28.7005 85.8431 325.556 -7.44083 15.4092 67.9885 3.33272 -13 4843 1 0 1
-0.717317 55.8148 325.556 -0.407159 10.0797 68.2684 1.56445 -13 4844 1 0 1
67.6533 91.9836 325.556 12.0083 8.94462 43.1382 2.36687 -13 4846 1 0 1
-27.3153 -3.21895 325.556 -7.85048 -0.367391 74.5753 1.20984 -13 4847 1 0 1
-66.8161 36.0866 325.556 -17.5676 5.75112 70.1838 1.6074 -13 4848 1 0 1
31.7247 5.73498 325.556 5.95824 0.858657 44.8222 2.71398 -13 4849 1 0 1
8.24819 -2.64304 325.556 1.89867 -0.639703 53.96 3.59006 -13 4850 1 0 1
-7.33517 7.41651 325.556 -1.1305 1.33534 47.0501 2.49897 -13 4851 1 0 1
33.9493 6.21022 325.556 8.37429 1.24769 67.7983 2.55512 -13 4852 1 0 1
-1.03976 18.907 325.556 -0.85971 3.72353 77.3054 2.47307 -13 4853 1 0 1
-2.47768 23.484 325.556 -1.23128 5.06584 76.1199 3.46119 -13 4856 1 0 1
72.6485 28.447 325.556 15.2461 3.79449 54.1243 2.92676 -13 4857 1 0 1
20.7261 14.9541 325.556 4.62442 2.524 58.1033 2.52493 -13 4858 1 0 1
97.4729 17.3693 325.556 21.5628 2.54557 57.7783 2.52259 -13 4859 1 0 1
91.8463 -36.9348 325.556 18.5715 -4.5247 51.7111 2.2998 -13 4860 1 0 1
78.4322 -0.15682 325.556 18.0624 0.033009 61.1267 2.13216 -13 4862 1 0 1
-14.9467 1.82254 325.556 -3.94448 0.514843 69.694 2.5056 -13 4863 1 0 1
59.9006 72.3648 325.556 13.1561 10.0531 57.5628 1.38692 -13 4864 1 0 1
-64.0201 -42.0023 325.556 -18.077 -8.76542 75.1001 2.86937 -13 4866 1 0 1
16.993 18.7391 325.556 3.74733 3.23728 54.6468 1.67583 -13 4867 1 0 1
-50.8822 64.2423 325.556 -12.2953 10.6969 64.6578 -0.302057 -13 4868 1 0 1
-17.7259 0.427445 325.556 -3.50153 0.111072 53.9835 2.57035 -13 4869 1 0 1
-37.4194 -47.1839 325.556 -9.44177 -8.32832 67.5877 2.36533 -13 4870 1 0 1
-78.8345 -3.15782 325.556 -22.4027 -0.556952 75.6842 0.815329 -13 4871 1 0 1
-11.0563 6.59396 325.556 -3.49656 0.997528 75.2694 1.3652 -13 4872 1 0 1
-20.1739 18.2882 325.556 -5.73628 3.39138 72.8033 2.55299 -13 4873 1 0 1
-52.8224 -11.377 325.556 -11.7391 -1.77898 59.6355 0.907194 -13 4874 1 0 1
-41.7553 -0.354536 325.556 -10.4623 0.0614248 67.2055 1.3836 -13 4875 1 0 1
16.9422 11.568 325.556 3.96185 1.97893 67.399 2.40197 -13 4877 1 0 1
-32.2345 37.1005 325.556 -9.70322 6.86129 77.5359 -0.642415 -13 4878 1 0 1
45.9754 -18.2343 325.556 9.52788 -2.43747 52.8928 3.67343 -13 4879 1 0 1
-20.2217 -66.5608 325.556 -4.10497 -8.76474 55.097 1.43741 -13 4880 1 0 1
-1.74342 2.35059 325.556 -0.435139 -0.220268 64.6043 1.68378 -13 4881 1 0 1
41.7148 -36.2583 325.556 9.63173 -5.7953 62.2922 1.57832 -13 4882 1 0 1
10.6025 26.6833 325.556 2.51577 4.73248 66.4852 2.32029 -13 4883 1 0 1
-6.90693 -20.4461 325.556 -1.58389 -3.42825 60.4286 2.32814 -13 4884 1 0 1
-13.611 -14.8568 325.556 -3.0079 -1.85866 60.9144 1.19536 -13 4886 1 0 1
-4.15569 -5.13987 325.556 -1.97621 -1.01525 79.3584 0.465635 -13 4887 1 0 1
-11.0575 -51.7785 325.556 -3.64026 -10.6353 77 3.77834 -13 4888 1 0 1
30.8635 13.1722 325.556 6.4486 1.60378 52.2868 1.35807 -13 4889 1 0 1
-13.6049 0.573797 325.556 -2.4932 0.343516 51.9224 1.84353 -13 4890 1 0 1
46.8201 -3.34083 325.556 12.0488 -0.0461548 72.9037 2.37214 -13 4891 1 0 1
41.5088 69.7468 325.556 9.2452 10.0824 58.2658 2.54666 -13 4892 1 0 1
-13.02 42.7616 325.556 -3.35376 6.78902 67.5785 2.46803 -13 4893 1 0 1
-29.5766 -17.6771 325.556 -7.12863 -2.88884 64.8821 2.60874 -13 4894 1 0 1
25.1862 -13.6457 325.556 6.08613 -2.2795 65.9952 2.30778 -13 4895 1 0 1
-24.6442 -45.7141 325.556 -6.31638 -7.86049 67.6092 2.63015 -13 4896 1 0 1
37.5321 -23.2744 325.556 9.84841 -5.16991 77.5342 1.36782 -13 4897 1 0 1
-66.7678 18.8298 325.556 -15.3244 2.67242 60.9452 0.183909 -13 4898 1 0 1
81.6035 -17.0432 325.556 17.0539 -2.11524 53.6034 1.607 -13 4899 1 0 1
-81.0371 -4.90412 325.556 -19.5435 -0.474902 63.8648 1.37888 -13 4900 1 0 1
19.5335 11.5368 325.556 2.92832 0.647007 33.1301 3.90678 -13 4901 1 0 1
54.1858 5.72263 325.556 14.5584 0.810283 77.5479 -1.13852 -13 4902 1 0 1
61.3981 27.5365 325.556 12.0571 3.39839 49.7519 2.27187 -13 4903 1 0 1
-38.8116 34.1256 325.556 -8.25403 4.84332 57.367 3.63547 -13 4904 1 0 1
32.0289 58.8113 325.556 7.723 9.25941 65.3631 2.91954 -13 4905 1 0 1
-21.9722 -59.2254 325.556 -3.87202 -6.71965 46.3103 4.53235 -13 4906 1 0 1
80.2937 53.8789 325.556 15.384 6.26424 48.014 2.87495 -13 4907 1 0 1
-39.1183 8.51289 325.556 -10.3906 1.55235 71.1362 3.37417 -13 4908 1 0 1
-6.65221 20.1711 325.556 -1.96445 4.26121 70.592 1.71053 -13 4909 1 0 1
-21.7765 23.8018 325.556 -4.06163 3.27002 50.7427 2.73079 -13 4910 1 0 1
10.7757 21.0292 325.556 2.32746 2.95466 53.5725 3.48407 -13 4911 1 0 1
9.71359 -23.2222 325.556 2.16248 -4.40537 76.0702 1.37342 -13 4912 1 0 1
22.4367 38.6718 325.556 5.55861 6.56655 68.0978 1.14906 -13 4913 1 0 1
-38.9836 -35.7638 325.556 -9.8156 -6.40559 67.8081 3.88466 -13 4914 1 0 1
75.3841 17.3361 325.556 19.4367 3.13669 71.7749 0.895176 -13 4916 1 0 1
12.9608 63.2272 325.556 3.01918 12.5305 76.2985 -0.165174 -13 4917 1 0 1
25.0382 -50.7751 325.556 6.10452 -8.05148 68.0829 0.152658 -13 4918 1 0 1
21.1334 8.59988 325.556 4.87798 1.53472 60.6561 2.95391 -13 4921 1 0 1
-11.048 31.1599 325.556 -2.11919 4.68132 56.0435 2.73122 -13 4922 1 0 1
1.1905 -14.2321 325.556 -0.290516 -2.38226 76.4148 3.00979 -13 4923 1 0 1
-38.6155 -12.5883 325.556 -10.5407 -2.39553 72.1746 0.949107 -13 4924 1 0 1
13.617 1.70686 325.556 3.35743 0.420549 66.9467 1.33539 -13 4925 1 0 1
2.57888 38.0503 325.556 0.349884 7.3617 71.529 2.20829 -13 4926 1 0 1
-29.6726 27.197 325.556 -7.83883 4.45768 69.7215 2.69087 -13 4927 1 0 1
44.3416 83.0839 325.556 10.0925 12.5877 60.8841 3.11167 -13 4928 1 0 1
42.3479 -22.8552 325.556 11.285 -5.12304 76.9437 1.39891 -13 4929 1 0 1
11.6592 8.33557 325.556 2.7035 2.10482 64.7695 2.19023 -13 4930 1 0 1
-86.4048 -17.04 325.556 -19.9104 -2.2885 60.8862 1.3454 -13 4931 1 0 1
0.845119 -32.7285 325.556 0.145471 -5.47141 66.4443 3.65507 -13 4932 1 0 1
-66.0273 -3.57036 325.556 -17.0622 -0.727883 68.8004 2.09465 -13 4933 1 0 1
7.65165 22.2508 325.556 1.7893 3.41264 67.6536 2.35815 -13 4934 1 0 1
-67.3797 -1.99882 325.556 -17.9066 -0.281607 70.9006 0.390481 -13 4936 1 0 1
-19.2671 28.6172 325.556 -4.83713 5.52689 66.6957 2.04657 -13 4937 1 0 1
-22.2556 38.0031 325.556 -4.50133 5.38298 55.0893 3.52549 -13 4938 1 0 1
-82.2968 5.92462 325.556 -18.706 1.68617 60.0207 3.28151 -13 4939 1 0 1
18.0214 2.51139 325.556 4.26242 0.351849 62.9881 2.85547 -13 4940 1 0 1
68.779 4.0352 325.556 15.733 0.475363 60.1812 1.20524 -13 4941 1 0 1
-22.1186 65.3816 325.556 -4.03771 7.39346 49.6546 2.64705 -13 4942 1 0 1
-30.2709 34.4953 325.556 -9.59903 7.75995 78.9428 1.56168 -13 4943 1 0 1
-16.4755 -1.30576 325.556 -4.54009 -0.318733 72.6012 3.28076 -13 4944 1 0 1
-24.8613 -9.25438 325.556 -6.60292 -1.72707 69.7329 1.47118 -13 4945 1 0 1
-23.2771 -37.2185 325.556 -5.09195 -5.49257 60.2938 2.34807 -13 4946 1 0 1
8.87605 -39.0324 325.556 1.96712 -6.83892 65.6404 2.39641 -13 4947 1 0 1
17.6287 -15.9426 325.556 3.67843 -2.12923 50.756 1.18243 -13 4948 1 0 1
-2.41148 29.2386 325.556 -0.774072 4.96889 69.4034 0.775282 -13 4949 1 0 1
-23.5657 49.4975 325.556 -7.65542 10.5244 78.5693 1.24758 -13 4950 1 0 1
57.1876 2.42526 325.556 10.5694 0.00549664 45.8142 4.42314 -13 4951 1 0 1
-57.6418 -29.0765 325.556 -13.1894 -4.43897 60.2307 1.50568 -13 4953 1 0 1
84.9264 30.0206 325.556 14.5873 2.89714 41.8525 2.41952 -13 4954 1 0 1
9.67306 5.61399 325.556 2.3348 0.83343 58.1769 2.30038 -13 4955 1 0 1
-95.6774 17.592 325.556 -22.393 2.79973 61.5065 3.34103 -13 4956 1 0 1
98.0504 13.0129 325.556 24.1615 1.97194 66.596 2.35243 -13 4957 1 0 1
-37.2476 -49.1538 325.556 -7.94444 -7.45066 57.1735 0.483672 -13 4958 1 0 1
17.7837 36.6908 325.556 4.30995 6.93428 69.1317 2.54819 -13 4959 1 0 1
47.5888 25.0065 325.556 11.6694 4.91016 67.1058 2.65009 -13 4960 1 0 1
54.5099 -17.1777 325.556 13.3913 -3.40436 67.0059 3.29702 -13 4961 1 0 1
-33.8743 17.8943 325.556 -8.80427 3.07944 68.9646 1.98931 -13 4962 1 0 1
-19.6469 -21.0484 325.556 -5.67122 -4.20932 73.5449 1.17686 -13 4963 1 0 1
18.1223 9.08349 325.556 4.29534 1.84151 70.074 2.00655 -13 4964 1 0 1
-2.02541 -27.7554 325.556 -0.968414 -5.58984 75.0531 1.48709 -13 4965 1 0 1
-7.55705 53.6194 325.556 -1.50711 8.63532 60.9061 3.11696 -13 4966 1 0 1
35.6903 7.63166 325.556 9.34209 1.83189 78.0917 0.836555 -13 4967 1 0 1
-12.4387 -25.1708 325.556 -2.62857 -3.83972 59.4532 2.5102 -13 4968 1 0 1
12.4937 -55.7085 325.556 2.91033 -12.1752 78.4679 1.79535 -13 4969 1 0 1
-49.9849 60.2371 325.556 -9.81967 7.14949 51.8574 2.8091 -13 4970 1 0 1
-5.11771 -3.03703 325.556 -2.11833 -0.368332 79.1214 4.25748 -13 4971 1 0 1
-19.9637 -34.7276 325.556 -5.38344 -7.5123 70.951 3.42567 -13 4972 1 0 1
20.7211 28.4657 325.556 4.96244 4.5235 65.6411 -0.25745 -13 4973 1 0 1
0.108578 -40.8369 325.556 -0.345724 -8.28441 74.7637 2.8774 -13 4974 1 0 1
-19.3979 -29.9198 325.556 -5.84573 -5.99882 76.0707 0.922524 -13 4975 1 0 1
13.3644 54.6615 325.556 3.09798 10.6409 74.9972 2.91598 -13 4976 1 0 1
25.6179 54.7887 325.556 6.22377 8.37652 63.9339 2.46947 -13 4977 1 0 1
-15.0248 -64.6746 325.556 -3.35558 -10.3679 61.0457 3.23092 -13 4978 1 0 1
-17.7282 52.823 325.556 -3.48355 6.64525 54.1124 2.19206 -13 4979 1 0 1
55.705 -2.66471 325.556 13.6997 -0.709598 67.0499 3.04936 -13 4980 1 0 1
-79.8374 7.67447 325.556 -20.5649 2.28418 68.4772 2.11456 -13 4981 1 0 1
34.7547 -17.3786 325.556 8.35019 -2.76132 66.0576 3.4073 -13 4982 1 0 1
6.16957 -15.8298 325.556 1.26038 -4.28893 73.3129 2.80852 -13 4983 1 0 1
-59.7537 7.91583 325.556 -10.8517 1.37813 47.3672 2.0061 -13 4984 1 0 1
23.7935 54.2003 325.556 5.40172 8.17651 60.4307 3.26381 -13 4985 1 0 1
-33.1273 16.7706 325.556 -8.76979 2.71068 69.6688 2.28764 -13 4986 1 0 1
15.1135 32.6353 325.556 3.4979 5.17895 61.04 3.43467 -13 4987 1 0 1
26.7029 24.8012 325.556 5.94789 3.04014 58.7625 1.44364 -13 4988 1 0 1
54.9974 58.4339 325.556 12.3496 8.28837 59.6157 3.61603 -13 4989 1 0 1
41.7686 -4.89756 325.556 6.0326 -0.395005 33.5785 6.95904 -13 4990 1 0 1
67.3238 -12.7562 325.556 12.4809 -1.3629 45.7957 3.02422 -13 4991 1 0 1
-46.0215 -37.0296 325.556 -12.0293 -6.22292 69.1481 4.65334 -13 4992 1 0 1
-5.99009 89.3226 325.556 -1.20028 12.5004 57.1421 2.551 -13 4993 1 0 1
57.8383 -21.5224 325.556 11.4317 -2.30516 49.9325 0.486736 -13 4994 1 0 1
-12.452 23.7638 325.556 -3.26217 4.25872 67.9792 1.22557 -13 4995 1 0 1
14.6778 -93.5853 325.556 3.09523 -11.6178 52.6866 2.8585 -13 4996 1 0 1
-27.8693 5.87168 325.556 -6.51705 0.717397 63.3408 3.08673 -13 4997 1 0 1
53.7909 -33.6338 325.556 12.4312 -5.40821 62.1894 1.95171 -13 4998 1 0 1
12.0544 28.135 325.556 2.77457 4.46768 56.1356 1.69974 -13 4999 1 0 1
