#BLTrackFile NTuple/Z126
#x y z Px Py Pz t PDGid EventID TrackID ParentID Weight
#mm mm mm MeV/c MeV/c MeV/c ns - - - - -
-14.682 -13.1311 125.556 -10.3419 -7.23783 71.9218 -0.442771 -13 1 1 0 1
10.7556 1.74598 125.556 5.02284 -1.78511 80.8803 0.623862 -13 2 1 0 1
-4.16545 -3.47645 125.556 -3.62117 -2.22776 71.4838 1.61218 -13 3 1 0 1
-20.2336 -6.22693 125.556 -15.493 -2.82516 76.7864 1.04081 -13 4 1 0 1
-20.9634 -1.08643 125.556 -10.7992 -1.45718 59.8714 1.29043 -13 5 1 0 1
-12.6299 -2.41274 125.556 -9.46456 -0.77925 74.3997 -0.0759985 -13 6 1 0 1
0.243061 -10.8962 125.556 0.463118 -5.29627 61.2125 -0.104899 -13 7 1 0 1
-25.5661 8.8459 125.556 -9.75261 4.66104 45.6653 0.897048 -13 8 1 0 1
12.2494 19.2908 125.556 6.63843 10.6159 63.1641 1.87844 -13 9 1 0 1
4.98745 -9.60698 125.556 2.91112 -4.62487 66.6909 1.43489 -13 10 1 0 1
9.07219 6.08356 125.556 4.6644 3.43254 72.2749 0.189018 -13 11 1 0 1
-0.637315 -20.2257 125.556 -0.0958398 -11.1755 61.3061 2.47079 -13 12 1 0 1
21.1296 17.0171 125.556 7.91536 5.23931 38.7008 0.232998 -13 13 1 0 1
19.8347 -12.1634 125.556 11.2335 -5.60848 67.3132 -0.784937 -13 14 1 0 1
22.6345 -13.9487 125.556 13.0182 -7.65133 66.2344 2.23313 -13 15 1 0 1
42.0652 -39.3727 125.556 19.9933 -18.5449 54.5872 3.00674 -13 16 1 0 1
-8.76875 19.4791 125.556 -4.94971 11.0963 63.4945 0.114907 -13 17 1 0 1
-12.6905 -18.061 125.556 -5.15475 -8.55808 51.8385 2.28198 -13 18 1 0 1
-28.3843 10.3891 125.556 -16.3962 6.17702 63.6022 0.897164 -13 19 1 0 1
3.52878 -16.2793 125.556 1.87854 -8.50737 64.2095 3.71847 -13 20 1 0 1
-11.2806 7.34997 125.556 -5.05371 4.79339 56.4338 -0.358196 -13 22 1 0 1
-23.1995 34.2805 125.556 -7.18717 10.8395 38.195 1.62316 -13 23 1 0 1
-25.6032 20.0616 125.556 -11.5991 9.04832 52.9461 1.56807 -13 24 1 0 1
9.19123 -4.41551 125.556 4.89849 -1.44748 70.714 1.01926 -13 25 1 0 1
-1.16602 5.00617 125.556 -0.996623 3.10975 68.5209 0.610045 -13 26 1 0 1
1.71149 -2.62999 125.556 0.736941 0.397967 66.6409 2.21096 -13 27 1 0 1
3.52637 -22.5714 125.556 1.1993 -13.7686 72.6847 0.979968 -13 28 1 0 1
-7.91261 11.2648 125.556 -5.05229 7.375 66.779 1.76901 -13 30 1 0 1
-4.66652 2.58976 125.556 -3.96434 2.23759 71.8889 0.449473 -13 31 1 0 1
-9.62964 4.56908 125.556 -5.09799 2.48796 62.2553 0.296285 -13 32 1 0 1
7.14041 0.0637682 125.556 2.2969 0.411313 25.2126 2.50422 -13 33 1 0 1
-23.2561 -2.1621 125.556 -13.5825 -0.431912 64.9825 0.156575 -13 34 1 0 1
-36.4362 -24.0613 125.556 -22.842 -13.3621 68.5428 2.94833 -13 35 1 0 1
-1.60722 10.3331 125.556 -1.06903 7.21774 66.0945 -0.347775 -13 36 1 0 1
-0.220556 -11.7156 125.556 -2.03456 -8.74263 79.5864 -0.769675 -13 37 1 0 1
1.63888 -20.9521 125.556 1.10336 -11.1895 59.8743 2.26022 -13 38 1 0 1
-9.49021 11.4083 125.556 -4.06133 4.97602 51.6857 1.64894 -13 40 1 0 1
13.2057 25.5172 125.556 7.06527 12.6906 61.24 0.642427 -13 41 1 0 1
-5.42599 2.64681 125.556 -3.8516 0.360133 68.2531 1.99457 -13 42 1 0 1
-20.3231 -5.09773 125.556 -16.609 -3.5461 78.1983 1.00375 -13 43 1 0 1
5.97534 4.24256 125.556 3.52475 1.58079 56.5726 1.47644 -13 44 1 0 1
-1.48113 -13.2494 125.556 -1.54183 -7.51681 67.7866 1.14357 -13 46 1 0 1
2.18461 17.8119 125.556 1.26781 7.65089 59.7635 1.73189 -13 47 1 0 1
-8.71037 18.3078 125.556 -5.59833 11.8346 66.3433 1.45182 -13 48 1 0 1
2.362 -25.3876 125.556 0.765471 -17.3013 69.7606 0.183885 -13 49 1 0 1
12.8366 -0.334469 125.556 5.89928 0.292684 42.8261 0.352743 -13 50 1 0 1
-4.90476 5.88119 125.556 -4.37809 2.44132 72.7338 0.413849 -13 51 1 0 1
-8.04352 24.7714 125.556 -3.34521 11.8978 54.9474 0.932138 -13 52 1 0 1
11.3463 9.43814 125.556 6.32916 4.02836 56.7067 -1.52484 -13 53 1 0 1
5.73023 17.8884 125.556 3.0555 5.95255 42.9188 1.02581 -13 54 1 0 1
-6.1954 -8.40759 125.556 -4.73842 -5.62976 70.497 1.62493 -13 55 1 0 1
26.7823 16.041 125.556 14.1839 8.2722 60.522 -0.18211 -13 56 1 0 1
-9.45921 -17.1 125.556 -5.097 -8.41431 62.7623 0.36518 -13 58 1 0 1
0.612871 -15.2199 125.556 -0.08048 -8.77893 67.7004 2.69465 -13 59 1 0 1
12.8223 27.7118 125.556 6.74964 14.0745 56.1784 1.09063 -13 60 1 0 1
-6.72911 11.6683 125.556 -3.66829 6.84788 62.7858 -0.0764947 -13 61 1 0 1
0.59119 2.79007 125.556 -0.223024 2.85994 70.0337 0.167062 -13 62 1 0 1
7.0689 -14.6547 125.556 2.72228 -4.37032 35.0321 1.33853 -13 63 1 0 1
0.411537 -0.89365 125.556 0.420529 -0.171389 60.3233 0.922244 -13 64 1 0 1
5.75026 2.99841 125.556 3.13858 1.13522 65.7937 -0.702891 -13 65 1 0 1
-1.23638 2.96296 125.556 -1.46678 1.45837 71.4166 1.15843 -13 66 1 0 1
5.39381 -5.26457 125.556 3.23299 -1.88391 61.432 0.097162 -13 67 1 0 1
4.13908 24.8591 125.556 2.64347 10.4301 53.48 -0.103518 -13 68 1 0 1
-7.19641 -11.7571 125.556 -3.84143 -6.48156 62.9134 0.759434 -13 69 1 0 1
-7.61785 -12.7079 125.556 -7.42159 -11.023 79.8167 0.896797 -13 70 1 0 1
-4.6104 3.20333 125.556 -1.79937 0.523338 60.3509 -0.675236 -13 71 1 0 1
13.4558 22.1359 125.556 7.32446 10.8944 64.3439 1.87329 -13 72 1 0 1
-2.89386 -0.571951 125.556 -3.14963 -1.68974 74.5625 -0.220104 -13 73 1 0 1
5.14939 16.4269 125.556 3.02017 8.28192 58.5539 1.06601 -13 74 1 0 1
2.59316 10.7166 125.556 0.323287 6.16842 75.0245 -2.16896 -13 75 1 0 1
12.8398 3.28909 125.556 5.87965 2.00453 79.6116 -1.04733 -13 76 1 0 1
-7.22837 -2.84349 125.556 -3.41163 -2.69533 56.8287 3.20815 -13 77 1 0 1
-8.75489 -2.52741 125.556 -4.48422 -1.94802 60.0037 0.0333847 -13 78 1 0 1
3.67625 -6.36395 125.556 1.94249 -3.64694 62.896 2.20918 -13 79 1 0 1
1.72625 -10.4275 125.556 0.02782 -5.45979 72.4857 0.761262 -13 80 1 0 1
2.96219 15.3424 125.556 0.895402 11.1804 69.7301 0.809962 -13 81 1 0 1
3.49257 2.49503 125.556 2.28927 1.9167 62.7209 1.99537 -13 82 1 0 1
-17.8269 30.672 125.556 -10.8419 18.2849 66.5434 0.790652 -13 83 1 0 1
-28.93 -3.09381 125.556 -15.973 -1.81658 61.4528 0.945372 -13 84 1 0 1
3.93522 0.365622 125.556 1.49157 -0.261654 75.6949 1.84673 -13 85 1 0 1
4.01234 -10.1964 125.556 1.93844 -7.95108 68.0264 0.568716 -13 86 1 0 1
-2.80429 -21.4953 125.556 -0.39317 -9.57916 50.0777 1.76531 -13 87 1 0 1
-8.68514 -10.4749 125.556 -5.58923 -5.8859 67.8349 0.352808 -13 88 1 0 1
5.28293 -3.55765 125.556 2.84373 -0.89314 62.1942 0.22236 -13 89 1 0 1
1.80031 8.30487 125.556 0.962286 4.3994 65.7569 0.589848 -13 90 1 0 1
-17.8206 -6.15667 125.556 -9.83122 -3.58127 63.5209 1.66882 -13 91 1 0 1
12.7178 3.68118 125.556 6.94245 1.74938 54.9552 0.851937 -13 92 1 0 1
7.95802 0.644715 125.556 4.62155 -0.349556 58.9817 1.6627 -13 93 1 0 1
3.71061 37.7699 125.556 2.15717 16.8003 52.945 -0.440706 -13 94 1 0 1
5.87675 4.37942 125.556 3.01049 3.08146 70.4195 0.812538 -13 95 1 0 1
2.30643 16.4666 125.556 1.26928 9.47851 60.8387 -0.991558 -13 96 1 0 1
-2.12717 -4.1633 125.556 -0.30867 -0.58344 57.0688 -0.186671 -13 97 1 0 1
-1.30962 -4.46861 125.556 -1.0259 -1.41799 67.3885 1.20767 -13 98 1 0 1
-6.60051 18.4227 125.556 -3.66808 9.85642 62.8845 1.30999 -13 99 1 0 1
10.8715 -2.92031 125.556 6.02926 -0.297239 67.3692 -0.0960012 -13 100 1 0 1
16.3163 0.0703494 125.556 9.18605 -0.665132 68.0187 0.102003 -13 101 1 0 1
5.42233 3.80492 125.556 2.66766 1.94326 67.2543 0.691665 -13 102 1 0 1
22.2825 -0.95228 125.556 11.9706 1.31009 61.0835 -1.6223 -13 103 1 0 1
9.91731 1.66768 125.556 5.48404 0.104671 67.4422 0.472028 -13 104 1 0 1
-8.41857 11.2946 125.556 -4.05849 7.69795 60.1036 -0.628148 -13 105 1 0 1
-18.6041 -6.26763 125.556 -9.67688 -3.21164 59.4774 1.11664 -13 106 1 0 1
-2.2965 -11.0803 125.556 -2.22645 -6.74743 70.3044 -0.29008 -13 107 1 0 1
15.3659 12.0255 125.556 8.53257 7.85394 62.8837 0.00199708 -13 108 1 0 1
8.03817 5.09044 125.556 4.59319 3.19331 67.8116 1.77088 -13 109 1 0 1
-7.91683 3.62081 125.556 -6.33394 2.53101 72.4076 0.489399 -13 110 1 0 1
-8.93462 -9.33726 125.556 -7.62864 -4.75294 76.8432 0.429609 -13 111 1 0 1
10.9861 0.427908 125.556 5.42292 -0.550639 56.2222 -0.983735 -13 112 1 0 1
8.45188 10.09 125.556 4.60267 4.50268 54.8625 1.66039 -13 113 1 0 1
10.8367 -11.1275 125.556 6.08028 -6.24361 63.0237 0.746267 -13 114 1 0 1
16.1015 4.71231 125.556 7.83965 1.72122 49.2564 0.781205 -13 115 1 0 1
-14.1817 -4.86671 125.556 -10.0869 -3.08356 72.2165 1.26215 -13 116 1 0 1
-3.21592 3.95902 125.556 -1.31345 2.36524 55.4379 0.52123 -13 117 1 0 1
7.89421 -14.9217 125.556 4.20284 -7.30562 46.2513 0.570445 -13 118 1 0 1
-2.25956 4.60315 125.556 -2.08221 3.36782 70.5337 1.25713 -13 119 1 0 1
-17.0331 0.69327 125.556 -7.03365 0.641614 49.4181 0.76168 -13 120 1 0 1
8.23886 -15.1681 125.556 4.45661 -6.44416 60.9368 2.34759 -13 121 1 0 1
-9.77394 -9.30326 125.556 -8.04955 -5.34279 76.6093 1.34405 -13 122 1 0 1
-2.20944 -18.3326 125.556 -2.0327 -10.5471 70.6576 1.5038 -13 123 1 0 1
27.8639 2.86711 125.556 14.4051 1.73662 56.7858 1.15336 -13 124 1 0 1
-22.3825 -29.3458 125.556 -11.3977 -14.697 58.1878 -0.675444 -13 125 1 0 1
-6.11855 -2.00656 125.556 -6.28828 -3.20321 78.7952 1.65123 -13 126 1 0 1
4.931 17.8452 125.556 2.78374 8.27403 59.8793 -0.272259 -13 127 1 0 1
1.4969 -7.5683 125.556 0.846279 -5.38979 64.7167 1.11067 -13 128 1 0 1
26.992 12.0661 125.556 13.9915 6.11879 57.6952 0.371974 -13 129 1 0 1
15.7153 -4.39785 125.556 7.6425 -0.780416 49.904 1.51999 -13 130 1 0 1
0.924872 8.68421 125.556 -0.220123 5.07914 68.9638 0.285808 -13 131 1 0 1
-6.70607 4.41809 125.556 -5.37269 2.36085 73.7317 2.01298 -13 132 1 0 1
14.8959 0.0940605 125.556 8.36921 -0.298456 63.7071 -0.548739 -13 133 1 0 1
12.5827 1.50651 125.556 6.81626 0.791312 75.4648 1.10722 -13 134 1 0 1
4.84813 3.94083 125.556 2.08297 1.01228 69.9916 1.58429 -13 135 1 0 1
23.2952 9.18989 125.556 11.789 3.41248 55.1225 0.896987 -13 136 1 0 1
-11.7539 -1.01708 125.556 -6.50388 -0.880732 62.9541 2.28631 -13 137 1 0 1
-10.6217 23.5648 125.556 -4.7845 11.2066 54.8591 1.15493 -13 140 1 0 1
1.06558 13.2977 125.556 1.08779 6.82825 52.5747 0.754878 -13 141 1 0 1
18.1522 8.67205 125.556 10.1219 5.87365 64.1319 2.6839 -13 142 1 0 1
-16.597 -5.97954 125.556 -10.9488 -3.94245 70.559 -0.138222 -13 143 1 0 1
13.8012 -0.421698 125.556 7.80557 -1.0592 71.6498 3.61875 -13 144 1 0 1
12.2657 -31.103 125.556 6.34799 -14.3628 55.8578 2.52579 -13 145 1 0 1
10.3068 -9.1277 125.556 5.70403 -4.12568 65.8429 0.961494 -13 146 1 0 1
-2.25291 -3.90671 125.556 -1.36183 -2.21575 65.326 -0.468633 -13 147 1 0 1
-7.53716 -17.5425 125.556 -5.14869 -8.88085 68.8587 0.96578 -13 148 1 0 1
16.0705 15.07 125.556 8.06731 6.79685 55.9576 0.310434 -13 149 1 0 1
5.523 19.0657 125.556 2.97096 11.0089 65.4185 0.557091 -13 150 1 0 1
6.72419 -21.4478 125.556 3.61831 -10.6808 56.4672 1.98694 -13 151 1 0 1
3.21876 -3.49558 125.556 1.80294 -2.11194 64.4592 2.84177 -13 152 1 0 1
-7.73889 -11.6448 125.556 -4.95085 -8.06512 67.5484 0.207328 -13 153 1 0 1
-12.0466 -13.8685 125.556 -10.1485 -9.29181 77.6487 -1.45425 -13 154 1 0 1
-19.9177 7.78506 125.556 -11.6826 3.85351 65.0865 -0.747627 -13 155 1 0 1
26.1794 -10.9955 125.556 11.2543 -3.59378 45.4433 0.346622 -13 156 1 0 1
-6.73446 1.22196 125.556 -3.58007 1.44942 62.3244 0.609477 -13 157 1 0 1
-2.7179 6.20956 125.556 -4.37139 2.87707 79.3434 1.93098 -13 158 1 0 1
-11.2456 14.8501 125.556 -4.98229 6.40648 55.9983 0.104216 -13 159 1 0 1
25.8395 -0.309304 125.556 14.0272 -0.0700305 62.814 0.682834 -13 160 1 0 1
12.1187 -0.44725 125.556 6.66625 -1.63539 70.4864 2.2056 -13 161 1 0 1
-19.9191 6.57129 125.556 -6.40841 2.08593 39.9126 0.400584 -13 162 1 0 1
-9.12771 10.9661 125.556 -6.26657 7.87178 69.9238 -1.06796 -13 163 1 0 1
2.41339 -4.77064 125.556 1.0549 -3.71914 66.5225 0.706237 -13 164 1 0 1
-46.2821 -26.9663 125.556 -9.25141 -5.53728 22.6703 3.7537 -13 165 1 0 1
-34.2139 -2.85925 125.556 -21.2083 -1.78607 68.0238 0.421577 -13 166 1 0 1
15.6037 19.0484 125.556 8.54939 10.0072 61.811 1.28265 -13 167 1 0 1
-7.9265 12.8909 125.556 -8.02396 9.26381 78.5148 1.69316 -13 168 1 0 1
21.8645 -11.5337 125.556 11.2016 -6.22116 57.2058 0.438147 -13 169 1 0 1
-11.5034 -5.61443 125.556 -7.28555 -3.69396 67.342 -0.0240399 -13 170 1 0 1
38.1299 -12.7756 125.556 14.0999 -3.27762 39.9394 1.6678 -13 171 1 0 1
-1.87112 7.7322 125.556 -0.445279 2.93528 56.8117 0.324514 -13 172 1 0 1
19.9263 -10.4515 125.556 10.7058 -5.36589 58.2864 0.846949 -13 173 1 0 1
5.73216 9.91491 125.556 3.10943 4.00881 68.7874 0.871928 -13 174 1 0 1
-9.811 -13.0914 125.556 -3.33948 -6.16483 48.4595 0.621848 -13 176 1 0 1
27.9018 -17.7559 125.556 12.8101 -7.57579 50.1493 0.401185 -13 177 1 0 1
3.44817 -9.7689 125.556 2.24222 -3.82371 52.5903 0.161027 -13 178 1 0 1
13.4483 -22.1394 125.556 7.38994 -14.0112 68.6081 -0.12098 -13 179 1 0 1
11.1404 -14.5182 125.556 5.65861 -6.15946 52.1099 2.29262 -13 180 1 0 1
-13.8706 -5.60549 125.556 -4.09509 -1.81993 38.4745 -0.509174 -13 181 1 0 1
-16.7481 6.64077 125.556 -5.15945 2.57671 39.9521 0.0239865 -13 182 1 0 1
19.055 22.2251 125.556 8.04089 9.07853 42.2713 0.896257 -13 183 1 0 1
-25.3618 -6.60973 125.556 -12.3664 -4.11844 55.6468 0.731583 -13 184 1 0 1
-7.16627 -14.2613 125.556 -3.42252 -8.07131 59.9332 -0.103068 -13 185 1 0 1
13.4735 11.099 125.556 5.90995 4.54177 43.3171 0.203749 -13 186 1 0 1
6.27768 1.95665 125.556 3.2636 2.9629 71.3313 1.74793 -13 188 1 0 1
-16.2128 -7.74693 125.556 -13.3187 -5.45215 78.9265 0.762688 -13 189 1 0 1
14.3789 12.4082 125.556 8.20856 6.47189 60.7943 2.57602 -13 191 1 0 1
-3.99671 5.83082 125.556 -5.23912 5.72983 80.0443 1.42178 -13 192 1 0 1
-19.5981 -3.27435 125.556 -5.98951 -1.85261 38.059 -0.0690177 -13 193 1 0 1
1.64615 21.8977 125.556 0.433177 13.7367 69.0016 0.374302 -13 194 1 0 1
1.45615 -0.181923 125.556 1.06051 -0.0166827 60.3713 2.93224 -13 195 1 0 1
8.34719 -3.67171 125.556 2.71051 -4.43845 80.5522 3.14597 -13 196 1 0 1
-10.6537 16.2086 125.556 -5.78432 8.44522 62.9842 -0.265369 -13 197 1 0 1
22.0785 0.754355 125.556 10.1225 0.399899 49.3496 0.172576 -13 198 1 0 1
-19.4236 27.1992 125.556 -9.13419 11.6825 56.4723 -0.89415 -13 199 1 0 1
-8.83274 -9.29338 125.556 -3.50757 -3.50888 50.8138 1.42028 -13 200 1 0 1
-21.8339 -7.52821 125.556 -13.8215 -5.10088 68.5999 0.944831 -13 201 1 0 1
-5.52434 32.3712 125.556 -2.64396 15.1043 58.0919 -0.155586 -13 202 1 0 1
-2.97836 3.3006 125.556 -1.54644 0.950835 62.1583 0.926877 -13 203 1 0 1
-0.490353 4.91849 125.556 0.338095 1.01979 49.9847 2.18645 -13 205 1 0 1
-33.7509 3.32209 125.556 -24.5891 1.62347 74.1197 0.810966 -13 206 1 0 1
-16.3961 -19.903 125.556 -7.81197 -9.62111 56.8456 -0.363048 -13 207 1 0 1
-27.0572 3.07612 125.556 -16.6378 1.93663 67.7439 0.345528 -13 208 1 0 1
17.1556 20.5747 125.556 4.50146 4.25874 23.6339 1.55216 -13 209 1 0 1
29.0268 1.70585 125.556 12.7346 1.16495 46.4638 0.422924 -13 210 1 0 1
25.2132 15.5364 125.556 10.0083 4.77819 42.0464 1.46209 -13 211 1 0 1
-9.288 27.3579 125.556 -7.11868 16.7226 72.3159 2.7014 -13 212 1 0 1
-24.8029 14.0356 125.556 -12.514 6.41413 58.3217 -0.631945 -13 213 1 0 1
-3.23766 16.0363 125.556 -3.30743 9.36935 75.1876 1.62699 -13 214 1 0 1
0.955047 -13.506 125.556 -0.418938 -10.081 72.0101 2.35308 -13 215 1 0 1
2.43482 -2.82525 125.556 0.723351 -1.55459 70.3203 1.76255 -13 216 1 0 1
41.4813 14.3243 125.556 16.4006 6.131 42.96 -0.0867157 -13 217 1 0 1
-20.1759 4.37493 125.556 -11.6763 2.27472 64.032 0.841701 -13 218 1 0 1
-5.75296 -6.13363 125.556 -5.35492 -3.97417 77.5866 0.647327 -13 219 1 0 1
3.2117 2.50266 125.556 1.14716 0.589631 72.189 3.01536 -13 220 1 0 1
22.271 0.908576 125.556 11.6575 -0.246343 54.4533 1.72146 -13 221 1 0 1
-3.47378 17.768 125.556 -3.02788 11.1448 72.095 -0.147476 -13 222 1 0 1
-16.1835 3.57631 125.556 -8.80651 2.79084 61.4048 1.72099 -13 223 1 0 1
-13.5562 -0.361182 125.556 -7.27862 0.260369 62.2119 0.245351 -13 224 1 0 1
4.8414 21.8671 125.556 2.77768 10.3384 53.9896 0.491034 -13 226 1 0 1
-11.1247 -10.0498 125.556 -5.95593 -5.6257 61.9396 0.746066 -13 227 1 0 1
-2.1658 -0.309746 125.556 -3.56504 -0.40228 78.2934 -1.28145 -13 228 1 0 1
-13.918 1.63556 125.556 -9.93925 -0.271101 71.7523 0.911134 -13 229 1 0 1
11.4041 -20.474 125.556 5.3365 -7.78525 45.7091 0.517928 -13 230 1 0 1
26.7962 31.1273 125.556 14.5837 18.0913 63.917 1.95247 -13 231 1 0 1
39.4885 19.8472 125.556 20.7629 9.75911 58.6372 1.61764 -13 232 1 0 1
-16.0037 -2.67828 125.556 -9.35961 -1.91591 65.0627 -0.76471 -13 233 1 0 1
11.8888 3.43625 125.556 6.57789 1.90632 67.8145 0.0724809 -13 234 1 0 1
7.74551 -10.2873 125.556 3.77379 -7.79422 74.0274 0.937785 -13 235 1 0 1
-15.1004 -11.1754 125.556 -8.6161 -7.26136 64.3535 1.98743 -13 236 1 0 1
22.061 -21.9674 125.556 10.7697 -9.16028 52.897 1.58711 -13 237 1 0 1
-1.09969 2.79329 125.556 -0.620967 1.27666 62.91 0.81073 -13 238 1 0 1
-15.5012 1.00402 125.556 -10.3936 2.01667 70.2265 1.95611 -13 239 1 0 1
16.5025 34.4539 125.556 7.32209 13.0422 44.6427 0.555018 -13 240 1 0 1
20.5487 3.91884 125.556 7.04153 1.18085 33.7783 1.87903 -13 241 1 0 1
-7.08385 -4.54863 125.556 -3.30883 -3.39586 58.7074 2.59107 -13 242 1 0 1
16.7903 -15.7821 125.556 9.58451 -8.14688 67.9582 0.590426 -13 243 1 0 1
3.64135 7.1574 125.556 0.904773 4.5405 75.9533 1.3311 -13 244 1 0 1
11.2935 12.2004 125.556 6.15326 9.23574 71.323 -0.00886827 -13 245 1 0 1
0.95993 9.6568 125.556 -0.134351 7.28594 70.6879 0.491532 -13 246 1 0 1
4.36053 -10.2681 125.556 2.43279 -4.36945 61.0876 0.429237 -13 247 1 0 1
-5.41111 -10.4826 125.556 -3.62802 -5.87011 67.8624 1.38418 -13 248 1 0 1
29.4199 9.80002 125.556 15.3677 3.3947 60.2339 -0.16964 -13 249 1 0 1
6.75747 -17.8249 125.556 3.41486 -10.4652 68.2516 -0.784734 -13 250 1 0 1
17.4414 27.7743 125.556 9.42188 12.4136 61.3239 -0.253443 -13 251 1 0 1
16.3925 0.15376 125.556 9.29631 -0.538738 63.2911 1.02181 -13 252 1 0 1
2.92573 21.6659 125.556 0.754991 14.1342 70.9411 -0.650184 -13 253 1 0 1
11.3677 13.5942 125.556 5.97025 6.60427 54.5091 0.329376 -13 254 1 0 1
-1.32746 6.80966 125.556 -2.53222 5.71742 77.4325 0.618456 -13 255 1 0 1
-6.70548 6.86496 125.556 -2.65471 3.09621 53.113 -0.0985165 -13 256 1 0 1
-0.454841 -25.8697 125.556 0.622128 -9.79318 42.678 0.729203 -13 257 1 0 1
0.755623 -0.328719 125.556 0.311919 -0.785779 63.4504 0.875863 -13 258 1 0 1
10.7741 -1.93329 125.556 6.11277 -1.79267 56.8698 -0.372547 -13 259 1 0 1
-5.72738 -7.77677 125.556 -4.46301 -5.94772 72.4437 0.398099 -13 260 1 0 1
-6.43623 11.3226 125.556 -3.29148 5.6036 60.0555 -0.348707 -13 261 1 0 1
7.43653 0.0108815 125.556 4.48332 0.360596 63.1007 2.86286 -13 262 1 0 1
17.0121 -11.1358 125.556 9.38737 -5.84027 62.8123 -0.717181 -13 263 1 0 1
-2.06948 -8.52916 125.556 -0.425241 -3.76087 50.7984 0.659104 -13 264 1 0 1
18.315 12.4063 125.556 10.0592 7.20823 62.8615 1.46527 -13 265 1 0 1
11.1291 11.86 125.556 6.25735 6.05694 70.5358 1.30127 -13 266 1 0 1
-4.86473 3.60555 125.556 -2.79282 0.37007 63.6283 0.459318 -13 267 1 0 1
4.1142 8.80491 125.556 2.28963 3.84109 42.9929 -0.103046 -13 268 1 0 1
-9.5514 6.6995 125.556 -8.27281 2.5431 77.7003 1.15436 -13 269 1 0 1
-8.60144 -4.79901 125.556 -4.79928 -3.89441 63.8766 2.01886 -13 270 1 0 1
12.5442 -9.20274 125.556 6.75908 -7.38965 77.3773 -0.149575 -13 271 1 0 1
10.744 -19.0103 125.556 5.9809 -10.4616 62.5927 2.36028 -13 272 1 0 1
-18.1899 5.35006 125.556 -8.01652 2.02328 54.1909 3.66018 -13 273 1 0 1
6.45111 1.03027 125.556 3.46002 1.71169 67.4747 -1.30015 -13 274 1 0 1
16.5205 -6.28259 125.556 8.63857 -3.9778 58.9365 0.503141 -13 275 1 0 1
18.96 -12.608 125.556 10.1424 -6.5727 57.3386 1.99545 -13 277 1 0 1
-27.1895 2.14898 125.556 -14.3005 1.06513 60.2385 2.35376 -13 278 1 0 1
-18.6955 -8.13264 125.556 -11.6938 -6.80351 68.0838 -1.73716 -13 279 1 0 1
6.73672 4.15766 125.556 3.68156 1.51555 61.4351 1.01796 -13 280 1 0 1
-0.862089 -6.25061 125.556 -1.10834 -2.66531 66.6947 -0.555716 -13 281 1 0 1
-2.79506 21.4704 125.556 -0.62239 9.34552 47.9162 0.0926511 -13 282 1 0 1
14.9667 -21.0371 125.556 7.18163 -8.82985 49.9339 -0.705948 -13 283 1 0 1
-8.97999 11.6622 125.556 -3.62178 3.77534 52.9687 0.506948 -13 284 1 0 1
-26.4477 11.3328 125.556 -14.2668 6.52491 60.8856 0.293968 -13 285 1 0 1
-14.9218 -8.84832 125.556 -9.45327 -2.20706 68.9337 -0.7304 -13 286 1 0 1
-4.09894 0.925157 125.556 -1.39426 -0.561722 51.9452 -0.740179 -13 287 1 0 1
-3.91867 55.3802 125.556 -4.33777 34.9516 71.4147 0.455978 -13 288 1 0 1
-6.68207 18.493 125.556 -6.13944 12.2252 77.2433 1.13897 -13 289 1 0 1
41.5465 -3.73033 125.556 16.3555 -1.72691 42.7554 1.17387 -13 290 1 0 1
4.66147 -14.5436 125.556 1.45864 -9.97829 74.8732 1.13593 -13 291 1 0 1
-6.841 4.16516 125.556 -5.35021 3.19668 72.7161 0.428584 -13 292 1 0 1
-32.2111 19.6541 125.556 -13.2554 9.31418 47.8896 2.98954 -13 293 1 0 1
30.0054 13.3426 125.556 17.1166 9.93351 68.8641 2.32172 -13 294 1 0 1
-9.8189 1.67471 125.556 -5.80425 0.656956 65.234 0.825218 -13 295 1 0 1
-17.4842 7.26953 125.556 -8.65503 3.49652 58.7838 0.522272 -13 296 1 0 1
20.0195 -8.11512 125.556 9.96481 -4.3028 53.5553 3.39017 -13 297 1 0 1
4.80071 2.84928 125.556 2.44524 0.540117 67.3503 -1.13696 -13 298 1 0 1
-36.2665 12.3984 125.556 -14.2773 6.09523 45.2505 3.70831 -13 299 1 0 1
-12.7152 11.2316 125.556 -6.77993 5.01217 62.394 -0.00673114 -13 301 1 0 1
-12.3943 10.7697 125.556 -6.9226 6.95522 63.2569 0.992122 -13 302 1 0 1
-1.37538 3.11587 125.556 -0.669458 2.9896 62.449 0.767061 -13 303 1 0 1
-3.10553 11.485 125.556 -2.14071 7.45734 65.6625 1.26856 -13 304 1 0 1
-29.0699 21.3071 125.556 -10.4996 8.00947 43.1054 2.20282 -13 305 1 0 1
-6.19608 -6.09325 125.556 -3.8806 -4.32696 66.6152 -0.314828 -13 306 1 0 1
11.4295 -30.6007 125.556 5.99715 -19.2569 66.738 -0.562791 -13 307 1 0 1
-6.0525 -22.1309 125.556 -4.94957 -13.5678 72.6148 0.776899 -13 308 1 0 1
-4.39687 14.3248 125.556 -2.84042 8.12993 66.0779 -0.128332 -13 309 1 0 1
14.8494 -4.89573 125.556 8.17219 -2.88211 71.9903 0.295693 -13 310 1 0 1
8.04168 -16.3951 125.556 2.8925 -3.1995 31.9845 -0.363344 -13 311 1 0 1
-12.1659 3.3796 125.556 -8.36089 2.60074 71.1663 0.531689 -13 312 1 0 1
-11.9904 18.9767 125.556 -8.43185 11.173 71.5786 1.62808 -13 313 1 0 1
-12.0691 -1.63674 125.556 -7.93166 -0.801014 67.6402 0.120332 -13 314 1 0 1
17.333 -2.02376 125.556 9.64118 0.206863 61.8931 -0.708356 -13 315 1 0 1
3.77477 -37.5558 125.556 2.22099 -16.2848 50.9073 -0.36541 -13 316 1 0 1
-10.3165 -15.6978 125.556 -5.86153 -8.88484 63.7305 1.49178 -13 317 1 0 1
-0.290263 -4.41458 125.556 -0.743206 -1.83218 69.2317 -0.720021 -13 318 1 0 1
-5.11385 11.549 125.556 -4.09506 8.48531 70.0027 2.70483 -13 319 1 0 1
20.1891 10.831 125.556 11.6256 6.50108 70.3252 1.2825 -13 320 1 0 1
8.5012 -3.05109 125.556 4.47622 -1.82373 57.0464 -0.876722 -13 321 1 0 1
-9.27138 5.16099 125.556 -9.53097 4.05345 79.5459 2.49595 -13 322 1 0 1
11.8676 -6.44751 125.556 6.39215 -2.04443 75.7065 0.875588 -13 323 1 0 1
5.33768 13.2767 125.556 2.95959 7.49983 65.7618 0.0314569 -13 324 1 0 1
3.93237 -8.26304 125.556 1.56136 -5.48272 72.5493 0.651666 -13 325 1 0 1
-27.2811 22.9933 125.556 -14.2285 11.0034 58.6679 0.721445 -13 326 1 0 1
-19.5038 -43.7286 125.556 -7.86621 -18.4094 48.1972 1.08227 -13 327 1 0 1
-15.9631 -2.71692 125.556 -8.04597 -3.68938 58.9199 -0.765088 -13 328 1 0 1
-2.38766 15.6124 125.556 -1.89878 9.7744 68.6648 1.77555 -13 329 1 0 1
11.0285 -4.79002 125.556 5.7938 -1.96868 76.5677 -0.201968 -13 330 1 0 1
-16.8216 10.0191 125.556 -11.4198 3.90297 71.2466 -0.904327 -13 331 1 0 1
-7.43511 -6.18381 125.556 -1.11895 -0.868706 24.2408 0.323265 -13 332 1 0 1
12.5321 8.75755 125.556 6.03667 4.07398 48.7569 4.90521 -13 333 1 0 1
-12.2636 -10.0785 125.556 -6.9734 -5.31052 65.4491 1.02456 -13 334 1 0 1
10.7407 -14.2805 125.556 6.13488 -8.26726 66.2108 1.02418 -13 335 1 0 1
-2.04719 -17.0503 125.556 -2.16319 -9.59816 68.6571 0.0102072 -13 336 1 0 1
57.1135 -28.6051 125.556 28.9113 -13.7115 57.2099 -1.65454 -13 337 1 0 1
15.5138 -15.1725 125.556 7.75781 -8.38524 53.9339 1.66332 -13 338 1 0 1
0.507174 -12.326 125.556 0.741255 -4.88756 50.6378 1.17292 -13 339 1 0 1
4.34781 13.1308 125.556 2.18052 8.27891 69.2789 0.868667 -13 340 1 0 1
8.82437 1.06266 125.556 4.49613 -0.781136 77.6841 0.576317 -13 341 1 0 1
-5.84205 9.83011 125.556 -4.95092 6.88812 73.3673 1.25691 -13 342 1 0 1
1.62511 -10.1371 125.556 0.995115 -6.73404 62.1543 0.337831 -13 343 1 0 1
18.4399 1.53128 125.556 8.66862 1.87582 49.4103 0.501744 -13 344 1 0 1
-3.87925 0.0916778 125.556 -2.73721 0.823339 68.9733 -0.190373 -13 345 1 0 1
-23.5014 -3.07824 125.556 -13.4544 -1.76239 64.3938 1.26882 -13 346 1 0 1
-7.05275 2.37707 125.556 -4.54251 1.45373 68.2796 -0.17786 -13 347 1 0 1
-0.818784 9.10302 125.556 0.354063 5.63306 52.3567 0.278301 -13 348 1 0 1
22.0484 -2.068 125.556 11.161 -1.57273 56.1443 1.59092 -13 349 1 0 1
-3.14191 -24.5017 125.556 -2.01988 -13.1933 64.2487 1.46332 -13 350 1 0 1
-11.504 1.34754 125.556 -7.82174 0.121773 70.4174 -0.901892 -13 352 1 0 1
-5.19333 11.3973 125.556 -3.07318 5.82993 65.7305 0.439264 -13 353 1 0 1
-1.30939 14.4132 125.556 -0.2137 5.61758 53.8466 1.16046 -13 354 1 0 1
-10.2651 7.57197 125.556 -7.97767 5.06194 73.7179 0.153286 -13 355 1 0 1
15.5233 17.5521 125.556 8.31284 9.87625 59.0741 0.996 -13 356 1 0 1
0.186951 3.02982 125.556 0.694187 1.61073 42.5026 0.920234 -13 357 1 0 1
22.2078 15.9489 125.556 10.4876 7.91635 51.0775 1.39105 -13 358 1 0 1
10.5395 3.61509 125.556 6.00597 3.3519 62.1829 1.14502 -13 359 1 0 1
-8.74217 -4.21385 125.556 -6.93343 -2.54492 75.3889 0.00528669 -13 360 1 0 1
5.50364 2.91287 125.556 1.91178 2.90908 77.3036 0.478319 -13 361 1 0 1
-32.072 1.61635 125.556 -17.5653 -0.0960781 61.8037 -2.07841 -13 362 1 0 1
-2.95343 8.55519 125.556 -3.29274 6.3703 75.2091 0.308044 -13 363 1 0 1
0.331467 -8.39946 125.556 -0.285199 -4.06544 64.8231 0.915065 -13 364 1 0 1
-10.012 12.7461 125.556 -3.67441 5.88628 48.6282 -1.08363 -13 365 1 0 1
24.1717 -2.69913 125.556 10.5336 -1.20469 45.0828 3.10014 -13 366 1 0 1
25.1963 -6.67037 125.556 10.1603 -3.23265 40.9651 2.2372 -13 367 1 0 1
-6.02214 11.2988 125.556 -3.46343 6.82665 64.8056 1.22307 -13 368 1 0 1
0.0848143 -3.30088 125.556 0.303597 -0.77332 60.4686 -0.392085 -13 369 1 0 1
-18.0412 2.22214 125.556 -12.3528 1.02125 71.74 1.49415 -13 370 1 0 1
-2.34168 -8.61865 125.556 -1.34177 -4.29816 66.1723 3.05395 -13 371 1 0 1
0.898619 -18.128 125.556 1.17387 -9.67929 53.38 1.5825 -13 372 1 0 1
-12.74 -11.3897 125.556 -7.29582 -6.69524 64.2888 1.37453 -13 373 1 0 1
-13.3138 -0.244837 125.556 -10.3338 0.489184 76.0331 1.24344 -13 374 1 0 1
-23.4715 9.667 125.556 -17.6915 7.16601 76.8984 -0.784385 -13 375 1 0 1
-12.9028 -24.3999 125.556 -8.30844 -14.1125 68.1759 1.13212 -13 376 1 0 1
21.3083 -11.0013 125.556 12.6353 -8.20212 77.6473 1.79748 -13 377 1 0 1
3.45256 -10.1346 125.556 2.03791 -4.44771 41.2846 3.13705 -13 378 1 0 1
-3.98976 -26.7914 125.556 -2.95904 -16.2328 66.7917 1.31093 -13 379 1 0 1
-14.0065 -33.4822 125.556 -4.42071 -12.4122 41.8455 0.204133 -13 380 1 0 1
12.4496 2.57004 125.556 6.8128 2.6963 59.7864 1.87226 -13 381 1 0 1
12.6959 -15.592 125.556 7.06571 -9.65344 72.262 0.301161 -13 382 1 0 1
-28.6811 2.7798 125.556 -12.4447 0.86385 50.5044 2.13146 -13 383 1 0 1
23.1102 5.00037 125.556 12.3011 1.53233 57.9646 -0.613215 -13 384 1 0 1
-2.32361 -6.39294 125.556 -1.58468 -4.84502 67.3943 2.43863 -13 385 1 0 1
4.08429 -3.32341 125.556 2.03357 -2.4263 69.9073 2.57967 -13 386 1 0 1
-14.1308 -3.21438 125.556 -9.79222 -2.57403 71.7384 0.764373 -13 387 1 0 1
3.79781 -1.17838 125.556 2.40989 -0.223098 51.9185 0.030847 -13 388 1 0 1
28.5696 -2.42647 125.556 15.4626 -0.659792 60.641 1.75547 -13 389 1 0 1
-11.0763 2.55764 125.556 -5.99893 0.96544 63.5946 1.43891 -13 390 1 0 1
31.9344 1.73197 125.556 15.0587 0.425723 50.9317 0.569672 -13 391 1 0 1
-12.745 -1.7797 125.556 -5.48001 -2.1569 53.9023 0.982271 -13 392 1 0 1
-3.74145 20.4812 125.556 -2.01931 9.77641 60.5546 -0.0903408 -13 394 1 0 1
-10.3438 21.2899 125.556 -7.84556 14.621 73.8321 -1.02088 -13 395 1 0 1
22.7256 7.72969 125.556 12.4786 3.03042 63.41 0.544676 -13 396 1 0 1
8.6582 -11.5075 125.556 4.68587 -5.24374 59.8924 1.98569 -13 397 1 0 1
1.31132 -3.95425 125.556 0.374864 -2.69702 66.8146 1.53393 -13 398 1 0 1
-8.94457 -12.508 125.556 -6.56312 -6.69579 70.9298 2.69292 -13 399 1 0 1
4.28555 7.30396 125.556 2.35423 6.22704 64.6562 0.659085 -13 400 1 0 1
10.5457 0.631829 125.556 5.66917 0.74067 71.8486 0.416677 -13 401 1 0 1
-5.45944 15.7486 125.556 -2.31214 7.48721 57.8016 0.443488 -13 402 1 0 1
-1.30697 -38.6512 125.556 -1.29097 -23.6629 67.8649 0.906196 -13 403 1 0 1
5.87593 -12.4663 125.556 3.18311 -8.15445 66.1704 1.89036 -13 404 1 0 1
-6.06617 -12.2513 125.556 -3.18019 -7.56054 60.024 0.142635 -13 406 1 0 1
-5.1651 -10.4013 125.556 -3.13121 -5.00453 65.8608 1.9628 -13 407 1 0 1
23.4728 15.0413 125.556 12.1684 7.52921 57.1398 2.55436 -13 408 1 0 1
14.9391 -2.56689 125.556 8.39721 -1.41415 64.0642 1.01342 -13 409 1 0 1
-8.33896 -10.0073 125.556 -6.88436 -6.39592 75.7976 -1.94897 -13 410 1 0 1
-6.792 13.8537 125.556 -1.6836 3.74865 43.1911 1.46598 -13 411 1 0 1
-3.59466 -16.5198 125.556 -2.53003 -9.47937 66.7397 1.93619 -13 412 1 0 1
-14.6942 8.3073 125.556 -11.7968 4.75321 77.9718 0.704112 -13 413 1 0 1
-15.2248 0.0763082 125.556 -7.34516 0.557385 58.9302 1.72145 -13 414 1 0 1
12.611 14.6257 125.556 6.57749 7.48441 57.046 1.0926 -13 415 1 0 1
31.5319 8.52376 125.556 7.9941 2.21783 25.8352 6.34907 -13 416 1 0 1
18.5867 -37.4574 125.556 7.37929 -12.1168 40.5908 0.850237 -13 417 1 0 1
-1.84916 1.57473 125.556 -1.74763 -0.00986922 69.6257 2.12794 -13 418 1 0 1
20.091 3.37123 125.556 11.0844 1.9496 63.2007 1.21027 -13 419 1 0 1
-1.05052 -14.3778 125.556 -1.72167 -10.0456 73.42 0.197267 -13 421 1 0 1
7.49446 36.7464 125.556 3.91761 20.2471 63.9954 1.09629 -13 422 1 0 1
-24.9126 -30.022 125.556 -9.27075 -10.0665 44.6397 0.677774 -13 423 1 0 1
29.8382 27.1527 125.556 13.2257 9.41527 46.4604 1.50575 -13 424 1 0 1
-2.92501 5.01746 125.556 -1.55466 3.2509 64.1192 0.62782 -13 425 1 0 1
-2.90551 5.22525 125.556 -3.32876 4.52228 73.9111 -0.790109 -13 426 1 0 1
18.0973 -11.6749 125.556 9.80541 -5.18231 62.9361 0.169559 -13 427 1 0 1
-7.86315 20.594 125.556 -4.77592 12.592 65.029 1.06966 -13 428 1 0 1
23.4314 -20.4872 125.556 12.1672 -10.3977 56.5333 0.644272 -13 429 1 0 1
-21.8208 23.3414 125.556 -14.1891 14.0055 69.1049 -1.04171 -13 430 1 0 1
1.33781 -8.17284 125.556 -0.682836 -5.53484 75.8747 2.51324 -13 431 1 0 1
7.75168 7.89096 125.556 4.22106 5.43568 67.8435 2.60708 -13 432 1 0 1
-1.71259 -16.8652 125.556 -1.86124 -11.5182 69.6072 2.03094 -13 433 1 0 1
6.96683 16.4194 125.556 3.86596 9.70197 59.2709 0.838375 -13 434 1 0 1
34.5211 5.5315 125.556 17.4765 2.22256 57.8088 1.79882 -13 435 1 0 1
3.53723 0.110318 125.556 1.62314 0.385642 67.4684 -1.65552 -13 437 1 0 1
-4.72728 0.850372 125.556 -1.51756 0.571381 55.0269 2.70389 -13 438 1 0 1
-1.33951 -22.2866 125.556 -0.927323 -11.1907 62.9566 -0.437462 -13 439 1 0 1
9.49918 11.4656 125.556 5.15995 6.33926 61.2457 0.915257 -13 440 1 0 1
-12.591 0.385028 125.556 -8.74575 0.0856732 71.3129 1.99686 -13 441 1 0 1
-9.82322 -1.74173 125.556 -5.75919 0.52608 65.4102 0.528529 -13 442 1 0 1
5.97426 4.93916 125.556 3.50524 3.82381 56.7847 1.77082 -13 443 1 0 1
20.9969 -0.457342 125.556 12.0053 0.247941 69.5659 1.61903 -13 444 1 0 1
12.8845 -1.24697 125.556 7.16905 -2.33666 69.2972 0.707917 -13 445 1 0 1
-7.56228 -11.9537 125.556 -5.02841 -5.63205 68.9641 -0.913143 -13 446 1 0 1
15.1827 2.25357 125.556 7.96514 1.31545 56.8884 0.287248 -13 447 1 0 1
-2.64518 4.70556 125.556 -2.22114 3.64441 70.6091 -1.37201 -13 448 1 0 1
-1.54716 -0.229363 125.556 -0.237917 -0.62711 52.7601 0.576276 -13 449 1 0 1
6.74779 4.24026 125.556 2.43755 1.64925 81.1635 0.659981 -13 451 1 0 1
0.758369 -4.55266 125.556 0.365063 -3.04193 67.4372 1.7414 -13 452 1 0 1
10.0826 -6.12329 125.556 5.86629 -2.78893 59.6528 0.367941 -13 453 1 0 1
-10.459 6.2392 125.556 -3.75435 2.4527 50.5537 2.14244 -13 454 1 0 1
13.1199 -16.4884 125.556 6.91753 -8.60557 54.8261 0.94033 -13 455 1 0 1
22.3903 16.6847 125.556 12.4307 9.49436 64.1295 0.0391018 -13 456 1 0 1
20.5232 7.21989 125.556 10.8701 4.48354 56.4736 1.53148 -13 457 1 0 1
12.278 -37.3921 125.556 5.97222 -16.5787 53.4884 -0.330606 -13 458 1 0 1
15.7603 11.953 125.556 9.1941 6.28431 74.2557 2.29293 -13 459 1 0 1
-6.01403 1.98873 125.556 -3.81765 1.86321 65.4655 0.502492 -13 460 1 0 1
-12.4042 15.9237 125.556 -7.18381 9.61594 65.29 1.01531 -13 461 1 0 1
9.44704 5.48894 125.556 5.41662 3.22368 64.7917 0.377655 -13 462 1 0 1
3.72571 -3.38164 125.556 1.68549 -1.7806 69.2189 2.11419 -13 463 1 0 1
14.2926 32.9682 125.556 7.53134 17.0232 60.0504 0.562309 -13 464 1 0 1
-11.4247 30.5865 125.556 -3.28709 9.80105 38.1223 0.175765 -13 465 1 0 1
9.65864 14.9879 125.556 5.07857 7.61993 56.884 1.06622 -13 466 1 0 1
18.82 8.67364 125.556 7.35005 3.31506 37.9885 0.871908 -13 467 1 0 1
6.74994 -5.59135 125.556 3.99723 -4.07854 56.4814 -0.0991922 -13 468 1 0 1
-3.62996 27.7409 125.556 -1.02025 11.6043 50.0216 1.26835 -13 469 1 0 1
7.25429 -11.5424 125.556 3.88758 -5.58454 65.1008 0.208555 -13 470 1 0 1
6.79962 17.9988 125.556 3.69467 7.27411 49.3515 2.01754 -13 471 1 0 1
15.4535 -25.2249 125.556 6.59228 -9.0468 42.6772 2.11919 -13 472 1 0 1
1.10094 -7.52857 125.556 1.19168 -3.7567 55.4827 0.136563 -13 473 1 0 1
16.5114 -12.6413 125.556 9.16897 -6.60957 61.4707 0.0835951 -13 474 1 0 1
4.88511 10.9436 125.556 2.33995 7.42477 72.2004 2.20682 -13 475 1 0 1
-20.497 20.8976 125.556 -10.8351 11.0955 60.2828 0.715592 -13 476 1 0 1
3.56919 21.5013 125.556 2.07615 11.1839 66.8048 -0.615686 -13 477 1 0 1
-3.76814 -8.76461 125.556 -2.17868 -4.26038 62.1333 -1.08496 -13 478 1 0 1
8.24969 -1.09707 125.556 4.02067 -1.00825 48.1734 0.222299 -13 479 1 0 1
17.2082 9.18065 125.556 8.72367 4.78269 54.5579 1.08314 -13 480 1 0 1
18.8518 -11.6148 125.556 6.66985 -3.34074 33.5701 1.7316 -13 481 1 0 1
4.44652 -16.7485 125.556 2.6427 -7.42655 45.5002 1.28192 -13 482 1 0 1
-18.8733 17.8817 125.556 -11.8105 9.82103 67.9243 1.46457 -13 483 1 0 1
-14.5718 0.833926 125.556 -9.0841 -0.102328 67.018 -0.587691 -13 484 1 0 1
-22.2792 -19.0194 125.556 -10.7782 -9.74487 56.4159 2.6179 -13 485 1 0 1
0.915576 -23.5449 125.556 0.665016 -12.6115 57.9843 3.49736 -13 486 1 0 1
15.9121 2.10482 125.556 8.86603 0.381754 68.7514 0.809397 -13 487 1 0 1
-27.0766 -7.85114 125.556 -14.0813 -4.06645 59.6809 -0.152873 -13 488 1 0 1
2.337 14.5715 125.556 1.55593 6.7583 41.7725 2.29965 -13 489 1 0 1
-4.14657 -22.5148 125.556 -2.22602 -12.9383 62.3449 -1.09385 -13 490 1 0 1
6.47493 6.79517 125.556 3.28227 2.61914 69.9797 1.52982 -13 491 1 0 1
6.25308 8.92782 125.556 3.46364 5.82204 61.3992 1.90509 -13 492 1 0 1
-3.44184 -6.9219 125.556 -1.23281 -3.75256 59.5651 1.7619 -13 493 1 0 1
6.8303 -8.10724 125.556 3.01268 -3.18519 36.5303 1.16845 -13 494 1 0 1
10.8996 16.5053 125.556 5.02089 4.42036 41.9006 -1.73994 -13 495 1 0 1
6.84623 -22.394 125.556 3.33515 -8.16173 43.7293 1.20781 -13 496 1 0 1
4.16845 8.04553 125.556 2.14898 4.61523 64.3024 0.977171 -13 497 1 0 1
-8.39135 11.1132 125.556 -5.58184 6.71956 68.7142 0.254333 -13 498 1 0 1
4.38816 8.24279 125.556 2.55328 2.80936 52.198 -0.0206126 -13 499 1 0 1
32.563 -4.7449 125.556 15.0235 -2.95398 50.5123 -0.300562 -13 500 1 0 1
5.38974 10.394 125.556 1.68322 6.16952 79.3251 0.332199 -13 501 1 0 1
-18.616 12.5766 125.556 -11.2459 6.07744 66.1819 -0.472291 -13 502 1 0 1
-0.283913 -26.4574 125.556 -0.638477 -13.8511 68.552 -0.940642 -13 503 1 0 1
-4.07126 6.90921 125.556 -2.81561 4.41417 66.2188 0.985745 -13 504 1 0 1
30.9944 1.21682 125.556 15.7312 0.549758 55.7445 -0.356933 -13 505 1 0 1
-13.0815 -4.58514 125.556 -11.0423 -3.72565 78.5423 1.8985 -13 506 1 0 1
16.4718 27.6196 125.556 7.32382 11.3047 47.687 1.32349 -13 507 1 0 1
16.8515 -14.8984 125.556 9.46653 -7.24085 62.8599 1.68378 -13 508 1 0 1
15.0141 -13.2314 125.556 8.40898 -7.83556 72.2964 0.668853 -13 509 1 0 1
-17.2003 13.5266 125.556 -8.86815 6.66691 60.2408 1.88228 -13 510 1 0 1
-25.401 -0.164046 125.556 -16.3454 0.687352 70.0404 2.72027 -13 511 1 0 1
-12.8638 -6.57217 125.556 -6.44358 -3.03986 58.2828 0.333743 -13 512 1 0 1
8.59577 4.90069 125.556 4.44678 2.80355 51.4608 1.92488 -13 513 1 0 1
-8.81244 -1.02166 125.556 -4.02254 -0.404059 55.0753 -2.7149 -13 514 1 0 1
-21.123 1.41401 125.556 -12.6216 1.04536 65.4327 -0.761922 -13 515 1 0 1
-6.83109 5.13895 125.556 -3.13721 3.78067 56.5851 -1.19591 -13 516 1 0 1
0.74414 -4.30787 125.556 -0.406573 -3.71429 72.5838 -0.487519 -13 517 1 0 1
-1.35483 -5.05537 125.556 -0.805862 -2.37577 65.4952 1.48949 -13 518 1 0 1
-16.6582 3.9672 125.556 -13.32 2.07125 77.6155 0.536965 -13 519 1 0 1
2.11142 -10.4246 125.556 1.52499 -6.38306 60.5839 3.23145 -13 520 1 0 1
-8.09951 -17.6478 125.556 -5.46783 -9.85079 69.5793 -0.824694 -13 521 1 0 1
0.543987 7.73492 125.556 -1.92144 5.04071 80.5527 1.50426 -13 522 1 0 1
-12.2043 10.1129 125.556 -7.98292 5.13545 69.5032 1.51329 -13 523 1 0 1
3.78833 -6.15354 125.556 2.28557 -1.16339 62.0034 1.41756 -13 524 1 0 1
6.74147 22.6692 125.556 3.2145 7.26984 39.536 1.6389 -13 525 1 0 1
-14.926 -1.65947 125.556 -10.3914 0.397106 71.5091 0.676111 -13 526 1 0 1
-8.70369 20.2609 125.556 -4.31617 10.1913 58.9679 1.74432 -13 527 1 0 1
-7.94601 7.20274 125.556 -3.17108 3.17945 54.3532 3.44055 -13 528 1 0 1
18.5645 -21.2956 125.556 10.539 -14.2569 70.1118 1.43988 -13 529 1 0 1
1.26938 8.26899 125.556 0.555571 4.65713 67.1102 0.0477978 -13 530 1 0 1
-1.42895 9.09173 125.556 -0.262092 5.02398 59.2094 1.7015 -13 531 1 0 1
-22.192 16.3789 125.556 -9.67038 8.02043 52.2619 2.43347 -13 532 1 0 1
-11.6522 -34.245 125.556 -2.69297 -8.2713 29.3644 4.55929 -13 533 1 0 1
10.9105 -1.22262 125.556 6.05797 -0.277267 70.1717 1.60482 -13 534 1 0 1
3.79025 16.168 125.556 1.54161 11.5564 69.3946 -2.18893 -13 535 1 0 1
10.3723 1.4435 125.556 5.41294 1.62478 55.1322 -0.166458 -13 536 1 0 1
15.5915 15.4038 125.556 8.86268 7.57505 62.0445 0.797166 -13 538 1 0 1
-73.1149 42.3033 125.556 -37.3831 19.2402 56.1797 1.81991 -13 539 1 0 1
19.1145 -5.32247 125.556 11.0885 -3.02104 76.609 1.98442 -13 540 1 0 1
-5.12363 16.8295 125.556 -4.05148 10.8738 70.4739 1.58374 -13 541 1 0 1
7.19521 6.86385 125.556 3.86879 4.57887 67.704 0.659369 -13 542 1 0 1
14.3801 -10.8237 125.556 8.25112 -7.27278 66.5857 0.137621 -13 543 1 0 1
8.39865 -4.46767 125.556 4.74048 -2.74456 63.8957 1.09699 -13 544 1 0 1
-9.06898 -40.0333 125.556 -6.23025 -23.9134 68.2979 1.80276 -13 545 1 0 1
4.04431 -34.9981 125.556 2.01946 -12.4923 43.208 1.39344 -13 546 1 0 1
-0.536422 27.8572 125.556 0.203428 12.6205 51.6408 0.0810842 -13 547 1 0 1
8.55472 11.4653 125.556 4.63335 7.25133 61.7524 2.9523 -13 548 1 0 1
8.29858 -7.50362 125.556 4.58061 -2.62977 57.8472 3.28401 -13 549 1 0 1
-30.231 22.21 125.556 -18.0188 12.9738 65.5408 -1.8237 -13 550 1 0 1
12.6894 -11.4693 125.556 4.6856 -2.28212 35.55 2.28972 -13 551 1 0 1
-19.2877 -6.11173 125.556 -9.68207 -3.54373 58.7096 0.941152 -13 553 1 0 1
-17.0822 -4.26111 125.556 -9.98215 -2.9145 64.7441 -0.343266 -13 554 1 0 1
14.2431 12.8586 125.556 7.74581 8.07385 73.7135 1.85565 -13 555 1 0 1
-5.95867 17.1773 125.556 -2.68261 7.97426 56.324 1.22657 -13 556 1 0 1
10.3735 -1.00321 125.556 5.73199 -0.927548 61.5354 3.11811 -13 557 1 0 1
-5.70239 -6.29198 125.556 -3.01396 -3.99951 61.9146 -1.92219 -13 558 1 0 1
-23.6484 10.0726 125.556 -8.87976 3.979 45.0538 -0.552357 -13 560 1 0 1
-20.445 7.77165 125.556 -12.9117 3.57704 68.2143 1.74543 -13 562 1 0 1
10.3691 -5.41442 125.556 5.52358 -4.18857 70.5444 0.28919 -13 564 1 0 1
-15.294 17.6316 125.556 -7.0155 8.94104 55.1293 2.01049 -13 565 1 0 1
-21.7702 -5.17942 125.556 -14.8934 -3.5194 71.9604 1.36357 -13 566 1 0 1
-10.9804 -7.88933 125.556 -4.5713 -3.03848 53.2609 0.958334 -13 567 1 0 1
-9.49652 15.1097 125.556 -6.53075 9.61649 70.7399 0.804555 -13 568 1 0 1
1.89911 -10.0815 125.556 1.0248 -5.50177 61.7117 2.47752 -13 569 1 0 1
1.29358 -11.8323 125.556 1.30527 -4.57948 52.4373 -1.64025 -13 570 1 0 1
5.23447 27.8007 125.556 1.70109 6.10991 24.39 1.34005 -13 571 1 0 1
1.34057 -10.1432 125.556 -0.398844 -7.47798 75.3973 0.454413 -13 572 1 0 1
-12.053 -5.00511 125.556 -7.58386 -4.35558 68.4492 2.57974 -13 573 1 0 1
-13.8015 36.335 125.556 -6.96664 18.6692 57.8082 -0.238861 -13 574 1 0 1
3.37332 -4.41751 125.556 1.40902 -2.63073 69.6866 0.81081 -13 575 1 0 1
-2.0523 2.99376 125.556 -1.66481 0.00486523 68.7015 -0.260587 -13 576 1 0 1
5.05018 -7.67193 125.556 2.57763 -2.55658 65.7471 -1.32147 -13 577 1 0 1
-11.7718 21.1807 125.556 -8.34862 13.1283 71.6951 2.56358 -13 578 1 0 1
16.224 -24.6999 125.556 8.95814 -12.9386 61.2016 0.443613 -13 579 1 0 1
-21.7443 13.9959 125.556 -12.9595 8.82269 65.4547 2.13544 -13 580 1 0 1
17.2081 4.29176 125.556 9.48147 1.50611 62.107 0.752491 -13 581 1 0 1
27.1053 4.51997 125.556 12.0858 2.64015 47.8931 0.820135 -13 582 1 0 1
7.21632 -0.680818 125.556 3.71904 -0.955874 71.3199 0.177511 -13 583 1 0 1
12.5338 9.18712 125.556 6.74827 3.85541 64.3593 -0.0948391 -13 584 1 0 1
-2.69402 -10.4804 125.556 -1.93968 -6.67753 65.1514 -1.39454 -13 585 1 0 1
4.96427 -18.4002 125.556 2.18966 -11.7771 71.1787 2.80559 -13 586 1 0 1
-14.731 24.1409 125.556 -10.5533 16.0264 72.3341 0.984986 -13 587 1 0 1
11.7304 0.656303 125.556 6.55679 1.25022 66.7248 -1.4752 -13 588 1 0 1
0.0169154 6.12839 125.556 -0.679809 3.12627 70.5029 -0.6205 -13 589 1 0 1
-18.4561 -20.1481 125.556 -12.8602 -13.6547 72.8225 -0.244687 -13 590 1 0 1
-12.943 -0.681777 125.556 -10.5028 0.517489 77.5149 3.17577 -13 591 1 0 1
-3.95929 -1.24536 125.556 -2.98515 -1.26672 71.4149 -1.99233 -13 592 1 0 1
5.25126 5.93525 125.556 3.10087 1.6546 64.2711 2.60792 -13 593 1 0 1
-17.2569 0.745788 125.556 -9.88515 -0.335463 63.0077 0.918707 -13 594 1 0 1
6.44223 -4.90921 125.556 3.47055 -1.72486 63.8399 1.25525 -13 595 1 0 1
-23.946 -3.38756 125.556 -18.5758 -2.4362 77.614 0.525622 -13 597 1 0 1
0.524602 -15.4743 125.556 -2.07021 -11.0504 80.7396 -1.13163 -13 598 1 0 1
-9.48452 -1.42846 125.556 -3.1117 -0.552257 46.7814 -0.719749 -13 599 1 0 1
0.397208 -20.0325 125.556 0.852779 -8.65538 50.7349 1.35863 -13 600 1 0 1
7.88571 0.264894 125.556 4.19181 -0.0317896 59.5297 1.89775 -13 601 1 0 1
2.95923 -11.9182 125.556 1.73613 -6.34072 64.4518 1.3126 -13 602 1 0 1
-27.6981 -6.49089 125.556 -16.6046 -3.47599 66.2714 -0.591141 -13 603 1 0 1
18.1016 -6.36778 125.556 8.6062 -3.09943 47.3293 1.01102 -13 604 1 0 1
-4.47417 -42.2332 125.556 -2.06048 -19.9229 57.5678 0.810092 -13 605 1 0 1
14.3041 -3.23075 125.556 7.79783 -1.82694 66.7789 3.29182 -13 606 1 0 1
15.2455 21.1642 125.556 8.29162 15.0045 75.5327 -0.127562 -13 607 1 0 1
-22.736 5.99961 125.556 -15.3129 5.48757 71.6875 0.802229 -13 609 1 0 1
-10.1082 9.13184 125.556 -6.35888 7.33315 67.3633 -0.999087 -13 610 1 0 1
-5.44436 0.784258 125.556 -2.05286 -0.549236 54.1518 1.69506 -13 611 1 0 1
23.7112 6.77128 125.556 11.8918 4.15332 56.0529 -1.46932 -13 612 1 0 1
24.5914 -17.6849 125.556 9.06713 -5.5762 38.3081 2.38543 -13 613 1 0 1
3.28621 -10.0751 125.556 1.94635 -6.49073 64.531 0.394457 -13 614 1 0 1
-15.2716 -4.22607 125.556 -10.585 -4.14766 73.0262 1.46494 -13 615 1 0 1
6.16029 9.19598 125.556 2.49589 6.88337 78.1541 0.409088 -13 616 1 0 1
3.11498 -15.1716 125.556 1.60461 -7.58829 63.8146 0.0139673 -13 617 1 0 1
-5.4908 41.3057 125.556 -2.64787 20.2008 56.5236 -0.245837 -13 618 1 0 1
23.4671 25.5416 125.556 10.8968 11.4681 50.1317 1.56603 -13 619 1 0 1
-8.1595 5.26437 125.556 -7.33255 3.27536 77.6349 -1.58048 -13 620 1 0 1
4.27464 -8.93621 125.556 2.50647 -3.11271 60.0415 1.42166 -13 621 1 0 1
19.0226 -46.4439 125.556 9.51467 -20.4325 55.2192 1.1647 -13 622 1 0 1
0.0577533 0.126871 125.556 0.342129 1.35423 60.8314 0.439876 -13 623 1 0 1
10.5565 6.99245 125.556 6.10257 3.12079 65.1194 0.408268 -13 624 1 0 1
-13.5343 22.3463 125.556 -6.38514 9.47286 56.4017 -0.0623482 -13 625 1 0 1
8.29885 4.57633 125.556 4.22716 1.91702 70.8433 3.12308 -13 626 1 0 1
-18.174 14.1142 125.556 -13.4625 11.008 75.1899 1.22858 -13 627 1 0 1
13.772 -11.0734 125.556 7.99564 -6.33375 72.2802 0.808314 -13 628 1 0 1
-2.86232 25.1513 125.556 -1.51963 14.4388 64.8801 0.907484 -13 629 1 0 1
-20.1629 15.7365 125.556 -11.1279 9.03372 62.1793 1.39774 -13 630 1 0 1
2.70347 4.07662 125.556 2.03951 2.32439 59.1785 0.101866 -13 631 1 0 1
-2.85405 -14.0487 125.556 -2.01522 -7.69695 66.7958 -0.809083 -13 632 1 0 1
45.9012 14.0749 125.556 22.3227 6.02749 53.5451 0.0146737 -13 633 1 0 1
-24.0381 41.843 125.556 -11.9711 20.2459 56.8558 0.675979 -13 634 1 0 1
28.114 -1.26997 125.556 13.2949 -0.0434726 51.29 1.03815 -13 635 1 0 1
-15.8699 14.4514 125.556 -11.01 10.1435 71.9626 -1.4352 -13 636 1 0 1
12.2134 -0.584711 125.556 6.62495 -0.965109 72.1908 0.758915 -13 637 1 0 1
-6.21368 -26.4431 125.556 -1.02661 -6.15705 28.0325 1.43293 -13 638 1 0 1
10.0286 -16.3411 125.556 5.42256 -9.03823 65.8094 -1.25224 -13 639 1 0 1
13.6158 11.7555 125.556 5.32583 3.81525 39.109 -1.12012 -13 640 1 0 1
21.5217 -18.0179 125.556 11.5623 -9.75934 61.2134 -0.571717 -13 641 1 0 1
6.31964 -15.3964 125.556 3.74194 -6.75304 57.6827 0.735721 -13 642 1 0 1
-1.67858 -28.0086 125.556 -1.81117 -16.6821 69.7556 0.305471 -13 643 1 0 1
-11.5472 -21.85 125.556 -4.65176 -9.63408 49.7902 3.10525 -13 644 1 0 1
7.88328 -17.4443 125.556 4.33316 -8.03781 56.8349 1.78293 -13 645 1 0 1
-16.679 5.45805 125.556 -11.6185 3.11044 71.5654 2.01798 -13 646 1 0 1
-26.3393 -0.405868 125.556 -19.4975 0.4591 76.1694 -0.851329 -13 647 1 0 1
11.3161 1.68509 125.556 6.48627 1.35385 68.1935 0.565298 -13 649 1 0 1
-3.38411 -9.60752 125.556 -3.38926 -5.15165 73.6177 1.60252 -13 650 1 0 1
3.21979 4.73546 125.556 1.35527 2.50852 68.1865 1.16436 -13 651 1 0 1
-5.5317 -9.2326 125.556 -3.56336 -5.54092 65.8473 1.68464 -13 652 1 0 1
1.54925 -9.71509 125.556 0.329685 -4.85263 68.4411 1.29082 -13 653 1 0 1
15.072 -6.60703 125.556 6.64118 -2.15544 40.4733 0.571233 -13 654 1 0 1
-12.5831 -19.3143 125.556 -3.31481 -6.03462 34.3641 1.30084 -13 655 1 0 1
-20.5981 22.4844 125.556 -11.7405 12.9621 62.8603 0.595398 -13 656 1 0 1
-5.09945 -2.71431 125.556 -2.77842 -0.1703 61.4776 1.31518 -13 657 1 0 1
-5.96527 -14.0368 125.556 -4.34581 -6.8866 68.9133 2.87976 -13 659 1 0 1
0.0217782 -8.70073 125.556 -0.418665 -4.59717 67.124 -0.842096 -13 660 1 0 1
-7.2863 -7.53568 125.556 -6.59017 -6.57949 76.3074 2.24382 -13 661 1 0 1
-11.8303 7.46193 125.556 -5.75501 3.65827 57.7932 0.464287 -13 662 1 0 1
13.3614 6.72755 125.556 7.12105 3.88075 57.4356 1.17815 -13 663 1 0 1
-7.62729 -14.5921 125.556 -5.6739 -8.25298 70.1981 2.37812 -13 664 1 0 1
-6.11143 -7.12431 125.556 -5.59713 -5.23982 76.7394 0.910229 -13 665 1 0 1
-19.408 0.613015 125.556 -10.2189 0.839672 60.9861 1.68303 -13 666 1 0 1
-0.169452 2.48254 125.556 0.00250546 1.57551 60.4825 -1.4485 -13 667 1 0 1
-6.65982 -17.1646 125.556 -1.58315 -5.41295 35.1459 1.82597 -13 668 1 0 1
2.77616 -23.1158 125.556 1.48809 -13.0294 67.1483 2.04428 -13 669 1 0 1
5.58189 -15.8494 125.556 2.6208 -9.33481 72.323 0.657692 -13 670 1 0 1
21.3249 -21.3496 125.556 11.658 -11.0102 61.8867 1.18306 -13 671 1 0 1
18.5027 17.6986 125.556 9.09826 8.12451 55.984 2.30966 -13 672 1 0 1
0.221564 40.9986 125.556 0.308323 19.3869 57.8347 1.07875 -13 673 1 0 1
22.2803 8.4998 125.556 11.7186 4.51795 61.8726 1.55225 -13 674 1 0 1
-4.82983 -24.7421 125.556 -2.56538 -13.5036 62.0916 3.87071 -13 675 1 0 1
28.0868 11.6867 125.556 12.547 5.43243 48.4375 0.667018 -13 676 1 0 1
23.6523 -3.14472 125.556 12.9559 -2.19692 65.7695 1.67699 -13 677 1 0 1
1.28625 15.2692 125.556 -0.00153029 11.4715 71.485 2.18462 -13 678 1 0 1
-15.2268 23.2622 125.556 -9.34118 13.3183 66.3122 0.682021 -13 679 1 0 1
-10.3379 5.53848 125.556 -4.51255 2.01067 55.9317 -0.1384 -13 680 1 0 1
-3.01319 -7.86761 125.556 -2.88638 -7.08424 73.2168 -2.60686 -13 681 1 0 1
-2.32013 -35.4575 125.556 -0.0115751 -11.1129 32.4501 1.19181 -13 682 1 0 1
37.7644 18.1933 125.556 19.7314 10.8541 59.8937 2.77042 -13 683 1 0 1
-2.23096 -11.3627 125.556 -1.12735 -5.62602 61.452 0.494247 -13 684 1 0 1
40.6318 -15.4217 125.556 22.7543 -9.69287 66.0594 -0.986123 -13 685 1 0 1
10.0511 17.5585 125.556 5.54239 10.4945 69.4363 1.0701 -13 686 1 0 1
14.0232 0.263092 125.556 7.15918 0.829962 53.3211 2.46288 -13 687 1 0 1
-3.83758 8.25471 125.556 -2.52959 3.71991 66.5889 0.642379 -13 688 1 0 1
17.2591 -22.1667 125.556 9.31952 -11.9344 59.662 1.72859 -13 690 1 0 1
4.42451 0.00109158 125.556 2.18186 -1.04105 64.861 -1.268 -13 691 1 0 1
-7.19966 -0.424813 125.556 -4.00857 -1.60453 62.2808 -0.242 -13 692 1 0 1
12.3787 3.3509 125.556 5.94101 -0.590774 50.6982 2.64632 -13 693 1 0 1
1.21263 -15.0294 125.556 0.41577 -7.0362 64.9507 3.05737 -13 694 1 0 1
2.79896 14.6376 125.556 1.56316 8.09775 64.5843 1.04606 -13 696 1 0 1
-7.03909 11.3974 125.556 -5.42798 7.49275 70.5503 1.19087 -13 697 1 0 1
28.8261 -16.5606 125.556 12.1259 -5.48118 43.4095 0.221656 -13 699 1 0 1
1.24503 -6.81956 125.556 -0.205615 -4.13614 73.2376 2.03937 -13 700 1 0 1
7.31503 15.3371 125.556 3.95574 10.1574 69.8642 2.0049 -13 701 1 0 1
12.6549 2.26386 125.556 5.5909 1.03174 44.4122 2.23908 -13 702 1 0 1
-14.6787 8.42052 125.556 -12.209 4.98137 78.9418 -1.59915 -13 703 1 0 1
17.842 21.6184 125.556 9.36449 11.2219 56.3184 0.300476 -13 704 1 0 1
3.95258 8.23553 125.556 2.45538 3.29272 53.78 2.20935 -13 705 1 0 1
-4.65478 8.0753 125.556 -1.57679 3.8741 54.5884 -0.814114 -13 706 1 0 1
-2.02047 5.36444 125.556 -2.1854 5.14353 72.2478 3.97219 -13 707 1 0 1
-21.9608 -6.6542 125.556 -11.0574 -3.28496 58.388 1.26364 -13 708 1 0 1
-1.55226 -11.5171 125.556 -0.958808 -7.18649 65.6159 0.777277 -13 709 1 0 1
4.52276 -6.43571 125.556 2.65179 -3.29649 44.5175 -0.0510111 -13 710 1 0 1
11.2755 1.63254 125.556 5.53905 -0.188578 50.8009 0.504007 -13 711 1 0 1
0.962937 -12.8436 125.556 -0.047947 -7.27668 69.1537 2.06176 -13 712 1 0 1
-6.37654 -14.4046 125.556 -6.8257 -10.7108 80.1768 0.625756 -13 713 1 0 1
3.34795 -0.292644 125.556 2.10191 -1.01217 49.8741 2.49513 -13 714 1 0 1
-6.28788 10.9447 125.556 -4.76708 7.34639 71.042 -0.411222 -13 715 1 0 1
20.3307 17.1278 125.556 9.80183 7.11598 49.9139 2.06639 -13 716 1 0 1
-2.84847 -6.66451 125.556 -0.711198 -3.25313 52.8492 2.59633 -13 717 1 0 1
-10.0373 0.318453 125.556 -7.27414 -0.591371 72.0184 1.60005 -13 718 1 0 1
5.54771 5.29702 125.556 2.68335 4.1654 71.9135 0.559608 -13 719 1 0 1
-0.27044 21.6106 125.556 -0.329633 12.0577 65.4227 2.78572 -13 720 1 0 1
11.5092 -18.9753 125.556 6.24415 -11.2844 71.1048 0.579543 -13 721 1 0 1
12.4483 -11.9203 125.556 6.3502 -5.79786 53.927 -0.732532 -13 722 1 0 1
0.813087 -9.58874 125.556 0.427667 -4.02805 61.7639 -0.481404 -13 723 1 0 1
0.784444 18.4903 125.556 -0.477998 10.6818 72.239 2.66311 -13 724 1 0 1
-8.67811 20.3302 125.556 -3.88346 8.87041 55.2164 0.508525 -13 725 1 0 1
30.944 -22.885 125.556 14.9452 -10.3679 52.6563 -0.161853 -13 726 1 0 1
14.892 5.87653 125.556 6.46959 2.38183 44.6316 2.85518 -13 727 1 0 1
14.5953 48.2577 125.556 5.76368 16.8506 40.4727 0.683727 -13 728 1 0 1
6.18631 -9.40566 125.556 2.48863 -5.69675 76.2713 -1.1868 -13 729 1 0 1
-6.77336 -24.0887 125.556 -1.24149 -6.65604 36.0165 0.895524 -13 730 1 0 1
-6.18005 -7.2211 125.556 -4.49504 -3.73031 70.4445 -0.573907 -13 731 1 0 1
-7.79271 14.8175 125.556 -5.02498 7.80444 68.5888 2.68914 -13 732 1 0 1
-11.2482 -1.31709 125.556 -3.83404 -1.47174 46.5157 0.467466 -13 733 1 0 1
6.39508 0.468787 125.556 3.36621 -2.91534 71.4863 2.90914 -13 734 1 0 1
44.4685 15.1123 125.556 17.8222 4.96407 43.918 -0.239592 -13 735 1 0 1
9.57374 13.2658 125.556 4.61384 5.25408 47.1839 0.672243 -13 736 1 0 1
-5.90862 15.9019 125.556 -3.05263 8.04605 62.8454 2.78092 -13 737 1 0 1
-1.25743 -1.90602 125.556 -0.53962 -0.232477 57.7432 2.28805 -13 738 1 0 1
10.4237 -3.82385 125.556 5.62518 -1.05138 59.2614 -0.403511 -13 739 1 0 1
-11.765 2.14273 125.556 -8.55914 1.13783 72.7693 1.43016 -13 740 1 0 1
45.091 -0.331286 125.556 9.46835 0.129676 21.7679 3.45008 -13 741 1 0 1
-24.669 3.96468 125.556 -8.58931 1.86266 42.6969 -1.27374 -13 742 1 0 1
-5.35768 7.92489 125.556 -4.04242 5.53982 71.9417 1.98483 -13 743 1 0 1
-7.72707 12.8927 125.556 -3.35302 5.28728 55.6854 1.03804 -13 744 1 0 1
18.2592 17.6871 125.556 10.1988 10.3509 71.7873 2.6141 -13 745 1 0 1
-4.86852 -10.6514 125.556 -3.44126 -6.19237 68.3013 -1.14236 -13 746 1 0 1
2.32601 -4.86383 125.556 1.0008 -2.67123 68.0559 0.854524 -13 747 1 0 1
-12.7058 3.61207 125.556 -4.74156 1.91444 48.9753 -0.961931 -13 748 1 0 1
7.68593 -11.3949 125.556 3.75836 -7.17857 72.9944 1.77469 -13 749 1 0 1
-0.10973 10.4101 125.556 -0.00897457 3.16519 64.0503 1.41107 -13 750 1 0 1
-6.05324 18.8589 125.556 -2.28783 8.88825 52.5385 0.823546 -13 751 1 0 1
-3.93538 22.0771 125.556 -2.57724 13.5419 66.7119 0.203122 -13 752 1 0 1
-3.39321 3.45196 125.556 -1.8157 0.838283 64.3814 -0.33769 -13 753 1 0 1
-14.8802 -2.44309 125.556 -9.60386 -0.844421 69.7654 0.978563 -13 754 1 0 1
1.25925 -4.22691 125.556 -0.553891 -3.18184 75.7775 -0.797804 -13 755 1 0 1
11.9765 14.3307 125.556 6.61844 9.53295 67.93 -0.360441 -13 756 1 0 1
27.9835 -11.8604 125.556 13.5275 -4.77721 51.9678 -0.302532 -13 757 1 0 1
5.06185 -9.91724 125.556 3.29995 -6.02636 56.5603 1.11799 -13 758 1 0 1
11.925 -30.83 125.556 6.23353 -16.411 61.2358 1.8795 -13 759 1 0 1
7.80174 -6.14855 125.556 4.30247 -3.09233 54.9511 0.977215 -13 760 1 0 1
5.0215 -13.2895 125.556 2.72564 -6.0499 59.4724 1.42777 -13 761 1 0 1
-22.7273 9.66699 125.556 -6.65297 3.53256 35.1385 0.152358 -13 762 1 0 1
23.3714 10.736 125.556 12.2211 6.60881 59.8258 2.00456 -13 763 1 0 1
8.06051 4.65385 125.556 4.26943 3.08535 70.5837 -1.93376 -13 764 1 0 1
-3.51584 -10.4499 125.556 -1.76008 -6.12206 64.914 0.141463 -13 765 1 0 1
21.2171 33.7075 125.556 6.23922 8.16547 28.6366 0.159975 -13 766 1 0 1
6.16278 -5.29919 125.556 3.44694 -3.04983 58.9798 0.293002 -13 767 1 0 1
15.3559 -36.3053 125.556 8.48607 -20.0354 65.2391 1.32525 -13 768 1 0 1
10.2956 -0.172899 125.556 4.53015 -0.852814 40.0554 1.10676 -13 769 1 0 1
-12.5025 -9.00198 125.556 -8.25514 -7.98222 70.4262 -0.3851 -13 770 1 0 1
7.8324 -37.2584 125.556 3.45393 -12.1841 37.9472 0.364384 -13 771 1 0 1
13.2764 2.89171 125.556 7.13286 0.937225 55.7394 0.589895 -13 772 1 0 1
13.436 0.589817 125.556 7.29511 0.696546 76.6989 1.13872 -13 773 1 0 1
-12.1534 -4.94617 125.556 -5.82072 -1.75819 58.3094 1.68859 -13 774 1 0 1
28.5556 -8.17968 125.556 15.2078 -4.88035 59.8319 0.658991 -13 775 1 0 1
-5.83509 12.3519 125.556 -2.33986 5.94215 55.2786 3.29713 -13 776 1 0 1
-11.3194 -11.9577 125.556 -7.13198 -7.42907 67.2709 0.647932 -13 777 1 0 1
-1.09335 19.9792 125.556 0.194952 8.79118 46.0336 3.47211 -13 778 1 0 1
-22.7989 -6.29778 125.556 -13.8416 -3.45329 66.9929 2.37026 -13 779 1 0 1
11.0793 -0.608376 125.556 6.60615 -0.144226 67.6185 -0.232811 -13 780 1 0 1
-6.46322 4.5241 125.556 -3.94193 1.81356 66.1628 0.57122 -13 781 1 0 1
-10.4976 -11.8133 125.556 -5.95422 -6.26869 63.0588 1.21472 -13 782 1 0 1
19.0128 -8.94895 125.556 10.0854 -4.00373 58.5915 1.7233 -13 783 1 0 1
-22.5745 -33.5415 125.556 -12.6274 -18.7889 62.9045 -0.153514 -13 784 1 0 1
-21.0295 -6.65287 125.556 -15.8173 -6.48858 76.3935 0.429684 -13 785 1 0 1
26.8278 6.59957 125.556 11.7504 2.06326 46.6952 -0.15509 -13 787 1 0 1
-23.5977 0.519889 125.556 -12.5838 -0.228813 60.7535 -0.206802 -13 788 1 0 1
16.3216 -2.1458 125.556 9.3688 -2.70275 70.6878 1.09128 -13 789 1 0 1
4.75599 -7.63717 125.556 2.47651 -5.15498 60.2907 2.73314 -13 790 1 0 1
10.2743 -21.6403 125.556 5.74912 -13.3283 67.3882 -0.741236 -13 791 1 0 1
-6.88691 -2.23543 125.556 -4.19011 -1.10571 66.9238 2.86799 -13 792 1 0 1
11.8059 -2.15668 125.556 5.95767 -1.71353 53.1129 2.57376 -13 793 1 0 1
7.10229 -17.0196 125.556 3.90711 -9.23073 69.1622 0.951534 -13 794 1 0 1
-15.1774 -19.5202 125.556 -7.3148 -9.5344 55.9092 -1.63996 -13 795 1 0 1
-14.3214 2.82288 125.556 -6.86803 1.2626 58.6158 0.635668 -13 796 1 0 1
1.33136 -1.90316 125.556 1.3295 -1.82111 48.3402 0.0185819 -13 797 1 0 1
-1.17703 26.9215 125.556 -2.13449 17.166 73.8197 2.64247 -13 798 1 0 1
0.164343 9.1543 125.556 0.040072 4.48817 63.5931 1.60879 -13 799 1 0 1
-20.302 11.0128 125.556 -10.3527 6.41588 58.9645 1.93309 -13 800 1 0 1
16.17 4.85125 125.556 9.51468 1.13915 68.7828 2.89513 -13 801 1 0 1
-2.77693 -13.0797 125.556 -1.87704 -8.19325 66.3314 -0.600627 -13 802 1 0 1
4.20419 3.80174 125.556 1.26561 4.30561 75.8774 -1.0589 -13 803 1 0 1
31.5688 2.05345 125.556 14.2595 1.11383 49.1984 0.342361 -13 804 1 0 1
1.06641 -1.5678 125.556 0.728403 -0.245814 23.7992 1.18797 -13 805 1 0 1
6.35718 -3.6547 125.556 3.54573 -2.04152 56.6126 1.74567 -13 806 1 0 1
-11.2034 -17.7174 125.556 -6.57256 -9.23398 66.1355 1.07655 -13 807 1 0 1
-35.8069 11.1363 125.556 -8.90234 2.77699 29.1198 2.71168 -13 808 1 0 1
-15.4161 1.22488 125.556 -8.84741 0.581257 64.7525 0.137271 -13 809 1 0 1
-9.37516 -4.7319 125.556 -7.78199 -3.84798 76.6848 -0.0495773 -13 810 1 0 1
2.85266 4.08028 125.556 1.35333 3.14052 70.6385 0.440079 -13 811 1 0 1
-16.3826 -11.8066 125.556 -5.01333 -3.37322 39.2322 2.96031 -13 812 1 0 1
14.2267 19.0456 125.556 7.36043 9.77786 56.206 1.52289 -13 813 1 0 1
-0.383768 1.3186 125.556 -0.0574362 1.75697 62.6885 1.41506 -13 814 1 0 1
14.3538 13.2846 125.556 7.43225 6.45702 55.1601 -1.28829 -13 815 1 0 1
1.42266 -5.08752 125.556 -0.794282 -3.26279 77.0632 2.10916 -13 816 1 0 1
5.9006 -1.42411 125.556 3.11998 -0.402446 39.7148 -0.693821 -13 817 1 0 1
10.2808 -20.1275 125.556 5.16982 -8.94586 48.7777 0.730926 -13 820 1 0 1
-5.24284 -5.30418 125.556 -1.86325 -1.43176 52.8389 -0.958679 -13 821 1 0 1
-14.5317 6.18998 125.556 -13.3088 2.51125 80.3602 1.23426 -13 822 1 0 1
11.4036 -2.16356 125.556 6.29535 -1.73611 57.0453 0.655476 -13 823 1 0 1
-8.37264 -9.59577 125.556 -4.62855 -5.13926 61.2088 0.985104 -13 825 1 0 1
3.63361 12.1008 125.556 1.70503 7.89591 66.8043 -0.724769 -13 826 1 0 1
4.52255 -21.6919 125.556 2.55176 -12.2065 62.3132 3.36344 -13 827 1 0 1
4.75384 0.0902601 125.556 2.85851 -0.887038 65.0049 -1.78081 -13 828 1 0 1
23.5045 -40.4549 125.556 10.1217 -16.5127 47.5802 1.65504 -13 829 1 0 1
4.31756 -16.6891 125.556 2.31587 -9.37479 64.3702 0.520431 -13 830 1 0 1
7.06084 -4.93448 125.556 3.77053 -3.50149 65.8166 2.65612 -13 831 1 0 1
-0.467222 -14.5575 125.556 0.278278 -7.15084 55.7998 1.11408 -13 832 1 0 1
-2.9779 -6.46164 125.556 -1.66413 -3.54599 62.0391 1.07042 -13 833 1 0 1
-3.27192 -16.4651 125.556 -1.47154 -7.69874 60.5743 0.481001 -13 834 1 0 1
-8.03305 -21.3525 125.556 -7.44995 -14.5607 77.0828 -0.328421 -13 835 1 0 1
12.4909 21.6771 125.556 6.62533 12.4521 65.2868 0.564189 -13 836 1 0 1
21.5194 -24.314 125.556 11.9478 -11.9513 65.5373 1.71515 -13 837 1 0 1
9.28631 6.94997 125.556 4.94237 2.87135 71.7094 -0.688893 -13 838 1 0 1
1.31649 -15.1661 125.556 1.2298 -6.27461 55.5718 0.344703 -13 839 1 0 1
-14.7529 11.2882 125.556 -7.68052 5.42731 59.9535 3.14484 -13 840 1 0 1
-5.55105 14.3947 125.556 -2.50018 6.28295 58.6622 -1.10005 -13 841 1 0 1
-7.12058 -3.89149 125.556 -5.57275 -1.96751 73.4292 -0.344826 -13 842 1 0 1
-7.48648 -20.3226 125.556 -6.16915 -14.566 73.3265 1.12027 -13 843 1 0 1
-12.251 22.0468 125.556 -5.97354 10.8938 58.3177 1.62373 -13 844 1 0 1
9.9208 -1.22204 125.556 5.46623 0.0471316 60.2058 1.69486 -13 845 1 0 1
24.0308 -27.27 125.556 8.39915 -7.87685 36.6347 1.50459 -13 846 1 0 1
15.8208 -15.5478 125.556 8.37067 -5.67114 57.7932 -0.432487 -13 847 1 0 1
-11.4762 -2.34191 125.556 -5.22302 -1.98519 55.4385 -0.0505907 -13 848 1 0 1
-18.9259 -6.69971 125.556 -8.50598 -2.5419 53.404 -1.22456 -13 849 1 0 1
20.7389 -21.2809 125.556 11.6297 -11.9588 67.3167 -0.210908 -13 850 1 0 1
-7.50663 11.1484 125.556 -3.65654 5.00108 59.768 0.241596 -13 851 1 0 1
12.6405 -2.67542 125.556 6.62983 -1.41895 75.6241 1.12668 -13 852 1 0 1
0.860834 8.10063 125.556 0.594525 4.28317 62.0987 1.78432 -13 853 1 0 1
-4.73418 -2.4581 125.556 -3.7928 -2.92165 69.478 -0.170043 -13 854 1 0 1
-8.69913 18.1107 125.556 -4.5938 9.5212 61.739 0.825551 -13 855 1 0 1
-21.4894 -5.95028 125.556 -10.8362 -4.60573 57.7759 1.06528 -13 856 1 0 1
3.87101 -3.35099 125.556 2.17496 -0.154636 66.0627 -0.19905 -13 857 1 0 1
-35.562 7.62677 125.556 -20.1396 3.80006 63.0574 -1.69725 -13 858 1 0 1
1.53982 -2.73392 125.556 1.46891 -0.745728 55.4329 2.34505 -13 859 1 0 1
-6.39252 6.34225 125.556 -4.13317 3.78589 67.8473 1.98498 -13 860 1 0 1
-3.01072 -9.66488 125.556 -3.46849 -6.62602 77.0182 -1.20462 -13 861 1 0 1
-0.709921 9.42839 125.556 -0.448299 5.6915 63.9112 0.606205 -13 862 1 0 1
-26.2848 -15.8172 125.556 -13.4904 -7.36916 58.3057 0.936908 -13 863 1 0 1
-3.16928 1.98215 125.556 -1.57721 1.43015 62.6856 0.0875674 -13 864 1 0 1
-6.40433 -9.1906 125.556 -2.67756 -3.41731 55.3818 2.54214 -13 865 1 0 1
7.53862 24.716 125.556 4.01956 12.6848 56.0225 0.700514 -13 866 1 0 1
6.20438 6.95249 125.556 2.77781 3.65335 74.8678 -0.025431 -13 867 1 0 1
-8.08899 1.95142 125.556 -7.56074 0.415781 78.4136 -1.0204 -13 868 1 0 1
-40.3791 -25.9972 125.556 -19.7877 -12.2311 55.6931 0.0937508 -13 869 1 0 1
1.15798 -10.1883 125.556 0.717762 -5.83182 60.0372 1.47256 -13 870 1 0 1
4.7065 -29.9062 125.556 2.37813 -16.886 64.9381 -0.497997 -13 871 1 0 1
-7.05886 -5.00377 125.556 -4.54024 -2.27448 67.616 -0.460169 -13 872 1 0 1
8.12581 -1.81105 125.556 4.34454 -1.9722 71.7963 -0.435187 -13 873 1 0 1
-6.6321 14.0084 125.556 -4.27552 8.15761 66.7745 3.25399 -13 874 1 0 1
-9.59953 -10.2391 125.556 -5.3043 -5.84115 62.7981 0.909624 -13 875 1 0 1
7.53098 12.8463 125.556 3.56852 7.67042 74.9191 0.625667 -13 876 1 0 1
6.85403 19.0788 125.556 3.85321 13.0178 68.3617 -1.34277 -13 877 1 0 1
0.372344 17.7236 125.556 -0.863898 12.1955 72.752 -3.06965 -13 878 1 0 1
-13.9529 7.90421 125.556 -5.51283 3.06545 51.4132 1.94422 -13 879 1 0 1
10.6085 -11.9624 125.556 6.03546 -7.21374 68.2976 1.47151 -13 880 1 0 1
6.15182 -12.3299 125.556 3.45083 -5.94011 56.8293 2.56093 -13 881 1 0 1
20.1259 30.6949 125.556 11.5134 18.8869 72.8281 0.0788037 -13 882 1 0 1
22.7652 30.0512 125.556 11.9922 16.6661 62.468 0.349433 -13 883 1 0 1
31.2421 11.0102 125.556 11.0816 3.73935 36.009 0.840149 -13 885 1 0 1
5.68359 -4.75662 125.556 1.86868 -5.35978 79.7133 2.92932 -13 886 1 0 1
-18.8357 16.4635 125.556 -12.3201 9.39772 69.5612 1.15047 -13 887 1 0 1
1.19909 8.98413 125.556 1.2226 3.31023 55.4664 0.775738 -13 888 1 0 1
-3.21051 -7.70603 125.556 -1.2379 -3.49284 57.4599 0.0894561 -13 889 1 0 1
12.8737 -25.1867 125.556 7.10574 -14.7058 67.3685 -0.498041 -13 890 1 0 1
8.24754 -3.06824 125.556 3.30035 -0.704869 35.0632 -0.0950981 -13 891 1 0 1
-12.2014 -12.6039 125.556 -8.32515 -6.12891 70.9936 1.05672 -13 892 1 0 1
-20.0151 2.84884 125.556 -9.84284 2.14075 58.4664 -0.965765 -13 893 1 0 1
12.8824 -6.87593 125.556 7.17126 -3.98695 76.0417 0.561517 -13 894 1 0 1
-25.1087 25.5735 125.556 -16.8846 18.2155 70.2256 2.14566 -13 895 1 0 1
-10.9882 24.9473 125.556 -7.0177 14.9478 68.0869 -1.04581 -13 896 1 0 1
-3.20078 -11.2132 125.556 -0.991615 -4.58894 49.244 -0.982179 -13 897 1 0 1
5.05987 -2.69407 125.556 2.76223 -0.854901 55.6745 0.0205823 -13 898 1 0 1
25.9118 6.3347 125.556 13.9371 3.95985 60.3443 0.392619 -13 899 1 0 1
6.89043 0.225632 125.556 3.62725 -1.08297 68.5712 1.19514 -13 901 1 0 1
23.7635 -6.39141 125.556 11.8376 -3.72498 54.0737 1.29058 -13 902 1 0 1
0.191196 -19.0048 125.556 -1.24872 -9.77494 74.5934 1.73891 -13 903 1 0 1
9.12111 -4.18808 125.556 4.83301 -3.10799 58.7773 2.61645 -13 904 1 0 1
-24.884 6.70885 125.556 -18.6511 4.9977 76.7307 0.708886 -13 905 1 0 1
-21.9295 -9.241 125.556 -9.97471 -3.96176 54.465 1.98643 -13 906 1 0 1
3.0504 17.687 125.556 1.37557 9.17514 67.7298 0.92262 -13 907 1 0 1
-9.6817 -15.3817 125.556 -2.55576 -4.83095 37.4997 1.16106 -13 908 1 0 1
-2.76145 -7.02691 125.556 -3.0506 -3.28659 73.6757 1.26198 -13 909 1 0 1
-5.04448 -8.59846 125.556 -3.82489 -5.32093 70.448 0.429218 -13 910 1 0 1
-0.52667 44.1059 125.556 0.293797 15.3152 40.2952 0.300663 -13 911 1 0 1
10.1485 26.0937 125.556 4.87135 10.8958 54.7698 -0.0885337 -13 912 1 0 1
-4.95658 17.3144 125.556 -6.2123 13.4984 78.869 1.85765 -13 913 1 0 1
-32.9611 12.0059 125.556 -20.43 8.69428 68.2113 1.60623 -13 914 1 0 1
9.19 -16.4557 125.556 5.04575 -7.91559 61.3419 -0.206135 -13 915 1 0 1
-26.324 2.94283 125.556 -20.8691 2.57817 77.4706 4.86975 -13 916 1 0 1
-3.34197 21.0224 125.556 -0.380897 7.78491 41.1122 0.669684 -13 917 1 0 1
-21.7082 14.788 125.556 -14.4606 8.87633 70.7158 2.62279 -13 918 1 0 1
-6.13426 6.07677 125.556 -3.72974 2.64353 66.4138 0.00991676 -13 919 1 0 1
-15.3255 -2.24851 125.556 -12.5007 -0.344586 78.6742 1.00163 -13 920 1 0 1
18.5467 -4.77104 125.556 6.33721 -2.48834 33.9914 1.40948 -13 921 1 0 1
-14.1695 -18.5775 125.556 -12.2829 -12.0498 79.34 2.99161 -13 922 1 0 1
-11.9595 -0.960275 125.556 -5.97019 -0.556522 58.8396 0.513784 -13 923 1 0 1
-2.49979 5.47583 125.556 -1.93629 2.38262 68.4774 -0.444917 -13 924 1 0 1
-0.69855 14.3113 125.556 -0.467083 7.86161 62.811 1.00916 -13 925 1 0 1
-9.53727 8.80825 125.556 -8.09254 5.05478 77.0162 1.93052 -13 926 1 0 1
-4.22201 -4.97976 125.556 -2.44508 -1.52727 67.8941 1.15567 -13 927 1 0 1
7.23438 -8.32366 125.556 4.07328 -4.47229 58.0525 0.4437 -13 928 1 0 1
-4.15281 2.58664 125.556 -3.11645 1.47216 70.3789 1.9249 -13 930 1 0 1
16.8633 -3.2881 125.556 9.162 -2.72664 62.7187 2.63365 -13 931 1 0 1
-5.56832 -13.5075 125.556 -2.03821 -6.2119 52.6031 2.61227 -13 932 1 0 1
10.4035 20.4433 125.556 5.65174 12.7777 68.1172 1.63536 -13 933 1 0 1
-10.4341 9.58703 125.556 -8.04099 6.60714 74.0438 0.0157576 -13 934 1 0 1
-25.9186 5.33533 125.556 -13.1145 2.50715 57.6668 1.62087 -13 935 1 0 1
24.9908 -2.27182 125.556 13.5491 0.128073 59.8483 0.694894 -13 936 1 0 1
-5.24003 -7.6081 125.556 -4.54767 -3.35573 73.2722 0.359189 -13 938 1 0 1
1.33817 -6.44763 125.556 1.11308 -3.317 61.3292 0.0991773 -13 939 1 0 1
-2.27653 5.80581 125.556 -0.980733 3.59108 60.5638 0.614972 -13 940 1 0 1
-8.67566 10.0834 125.556 -5.26912 6.64935 66.495 0.827872 -13 941 1 0 1
18.6022 -3.4266 125.556 10.5754 -2.13112 71.6392 1.13485 -13 942 1 0 1
8.74041 -5.74748 125.556 4.72482 -2.82223 67.8658 2.02081 -13 943 1 0 1
-4.78739 5.59172 125.556 -1.54643 3.65398 52.4727 0.293079 -13 944 1 0 1
-4.18071 30.8329 125.556 -3.4577 19.3753 69.9504 1.48606 -13 945 1 0 1
-1.06916 13.9601 125.556 0.197937 5.35534 45.1702 0.0750438 -13 946 1 0 1
13.4999 0.741308 125.556 7.56329 1.38673 65.0109 -0.555149 -13 947 1 0 1
19.3638 -10.7877 125.556 9.09859 -3.96614 50.3211 2.05355 -13 948 1 0 1
-15.491 -7.64587 125.556 -6.59654 -3.45116 54.0351 1.12049 -13 949 1 0 1
-5.57247 9.52554 125.556 -3.22186 4.71585 65.8699 0.683336 -13 950 1 0 1
53.3012 -14.5863 125.556 24.1376 -5.62335 50.5675 1.39314 -13 951 1 0 1
11.7937 -9.71665 125.556 6.35945 -4.93386 59.2535 3.33422 -13 952 1 0 1
5.6973 -9.89603 125.556 2.92123 -5.32183 59.6395 0.929456 -13 953 1 0 1
2.09928 -33.5389 125.556 1.49262 -15.3636 54.5967 0.486693 -13 954 1 0 1
8.38626 -9.15588 125.556 4.48091 -6.25968 60.8373 1.19881 -13 955 1 0 1
-5.34276 7.04449 125.556 -2.18125 2.2822 54.5971 0.618913 -13 956 1 0 1
-17.5148 -10.4935 125.556 -8.507 -6.13446 57.2435 -0.329726 -13 957 1 0 1
-18.3124 -1.12311 125.556 -16.198 -1.33775 79.1094 -0.235468 -13 958 1 0 1
22.4188 -11.7116 125.556 11.9917 -6.4021 61.255 1.06199 -13 959 1 0 1
-12.4868 -4.0313 125.556 -9.24654 -3.00079 73.5863 -1.43067 -13 960 1 0 1
10.8884 -12.5479 125.556 5.99393 -5.22057 55.2783 0.898154 -13 961 1 0 1
18.7167 -6.50844 125.556 6.78266 -2.019 35.196 1.73769 -13 962 1 0 1
23.4899 -5.8575 125.556 13.1783 -5.64823 67.0353 2.61332 -13 963 1 0 1
-1.23699 3.00605 125.556 -0.403002 1.10402 62.5314 2.59783 -13 964 1 0 1
-5.48059 -15.9566 125.556 -3.29773 -9.21155 64.3736 2.05597 -13 965 1 0 1
-16.408 -6.54251 125.556 -7.25661 -1.83262 53.6783 3.03546 -13 966 1 0 1
16.0255 3.59141 125.556 8.33046 2.16107 53.8576 1.30302 -13 967 1 0 1
-37.7402 -0.341013 125.556 -20.2958 -0.834618 60.4551 -0.357396 -13 968 1 0 1
8.095 -12.9827 125.556 4.4514 -5.89749 50.2005 1.35558 -13 969 1 0 1
13.033 -13.77 125.556 7.15636 -8.12653 64.2362 0.578094 -13 970 1 0 1
5.92898 6.09981 125.556 3.28471 4.88079 68.0503 -0.514818 -13 971 1 0 1
-4.82662 25.794 125.556 -0.615482 7.33965 31.0895 0.246069 -13 972 1 0 1
-6.14728 2.49903 125.556 -1.26682 1.15404 33.7166 0.305713 -13 973 1 0 1
-8.13865 8.70117 125.556 -5.3089 5.23809 69.109 0.0104212 -13 974 1 0 1
-12.3582 -1.30014 125.556 -9.00308 1.17112 74.2032 2.25919 -13 975 1 0 1
-7.34157 -22.5549 125.556 -3.86531 -11.013 61.1894 1.06507 -13 977 1 0 1
-12.4351 -4.19018 125.556 -8.69706 -3.21531 71.0228 -0.8001 -13 979 1 0 1
-17.1316 -2.73237 125.556 -8.65226 -1.68667 59.1815 -0.698288 -13 980 1 0 1
-8.91248 -19.5736 125.556 -5.08449 -11.4052 62.2143 0.00909302 -13 981 1 0 1
7.07369 16.8326 125.556 4.00501 8.40437 64.3504 0.00495627 -13 982 1 0 1
0.881687 3.33711 125.556 -0.396859 4.07008 73.3842 0.29561 -13 983 1 0 1
68.1156 -32.2675 125.556 19.3632 -8.05246 30.9457 2.48678 -13 984 1 0 1
9.88498 12.4264 125.556 5.49606 6.54042 59.9912 1.59308 -13 985 1 0 1
-13.4074 -8.93846 125.556 -7.12277 -4.28358 61.0719 0.397219 -13 986 1 0 1
6.39662 -29.8143 125.556 3.44941 -15.545 60.1126 1.15412 -13 987 1 0 1
-14.795 37.5697 125.556 -2.71429 6.93293 23.2353 1.53774 -13 988 1 0 1
4.19117 -11.4799 125.556 2.12005 -6.25708 69.8676 1.7134 -13 989 1 0 1
-3.35889 -9.67001 125.556 -2.55944 -7.26899 69.7814 0.926803 -13 990 1 0 1
-11.1208 16.1203 125.556 -4.34911 6.11016 51.209 -1.40909 -13 991 1 0 1
-15.0057 13.4466 125.556 -4.69067 4.4337 41.8096 1.80942 -13 992 1 0 1
11.8823 -12.9721 125.556 6.2851 -5.22734 50.0632 2.45628 -13 993 1 0 1
33.7036 -55.9886 125.556 13.3496 -19.444 43.6346 0.171848 -13 994 1 0 1
14.1608 6.02964 125.556 7.9079 3.61653 64.0492 -1.11416 -13 995 1 0 1
-13.183 0.424854 125.556 -8.40829 0.107497 68.4798 0.8653 -13 996 1 0 1
-2.85888 6.88496 125.556 -0.616859 2.9286 48.2997 3.26017 -13 997 1 0 1
1.35443 -35.157 125.556 0.72034 -5.26472 17.2443 2.66296 -13 998 1 0 1
16.3894 -3.35006 125.556 8.50343 -1.35754 56.4869 0.729826 -13 999 1 0 1
-6.57001 -11.3003 125.556 -2.18178 -4.58382 47.8235 0.31146 -13 1000 1 0 1
-10.4909 -6.05712 125.556 -7.30682 -3.99416 71.7869 -0.0869252 -13 1001 1 0 1
-0.159265 24.2217 125.556 0.411935 10.2226 51.7393 -0.48661 -13 1002 1 0 1
-6.65785 1.61359 125.556 -1.679 1.46385 39.7889 0.995764 -13 1003 1 0 1
5.86929 -16.0179 125.556 3.40545 -7.56162 67.0531 1.50694 -13 1004 1 0 1
-9.70711 -11.8127 125.556 -2.66552 -4.20233 36.8656 0.42274 -13 1005 1 0 1
-9.73767 6.81051 125.556 -5.3534 3.33407 62.7762 2.83896 -13 1006 1 0 1
-16.8786 -6.92572 125.556 -11.2158 -3.87283 70.6548 1.69649 -13 1007 1 0 1
-17.7296 -16.1271 125.556 -11.8193 -9.75339 71.0702 3.59125 -13 1008 1 0 1
-2.38156 22.945 125.556 -1.10026 11.2965 60.0125 0.566719 -13 1009 1 0 1
-23.5617 -18.4074 125.556 -15.8299 -11.4771 70.6128 2.698 -13 1010 1 0 1
11.9024 -8.78609 125.556 5.81959 -3.83293 46.3855 0.477089 -13 1011 1 0 1
-2.03078 5.67857 125.556 -1.70137 1.97511 70.2888 0.425916 -13 1012 1 0 1
-9.62447 -0.506765 125.556 -5.40703 -1.71349 64.431 -0.775596 -13 1013 1 0 1
-3.01901 7.08535 125.556 -3.38841 4.91228 76.2719 -1.29717 -13 1014 1 0 1
3.37443 -1.7219 125.556 1.8934 -0.591439 66.2433 0.812733 -13 1015 1 0 1
5.11829 -12.7481 125.556 3.07958 -6.51187 59.0347 1.06739 -13 1016 1 0 1
-20.194 21.7038 125.556 -12.6677 12.317 67.9164 1.58538 -13 1017 1 0 1
0.894038 15.0927 125.556 0.863259 7.79778 50.8533 -0.600974 -13 1018 1 0 1
-11.0184 32.6033 125.556 -5.88518 15.4645 59.7336 0.287114 -13 1019 1 0 1
5.13066 -4.59023 125.556 2.7966 -1.9095 61.7103 1.10178 -13 1020 1 0 1
-0.340571 -17.5381 125.556 -0.408136 -10.9781 63.4165 1.48917 -13 1021 1 0 1
8.80242 -25.8175 125.556 4.71338 -14.823 69.7527 1.77538 -13 1022 1 0 1
12.2281 -11.8753 125.556 6.64949 -6.0649 61.7949 -1.14588 -13 1023 1 0 1
-13.7554 9.63476 125.556 -11.4956 5.82463 78.5427 0.754977 -13 1024 1 0 1
16.4461 7.55039 125.556 4.36012 0.906168 25.2954 -1.28046 -13 1025 1 0 1
5.29721 -7.38543 125.556 1.86255 -4.50688 78.5374 0.373214 -13 1026 1 0 1
-2.0596 -0.12002 125.556 -2.79726 -0.441404 76.0906 0.638147 -13 1027 1 0 1
-1.68266 -15.7129 125.556 -0.499666 -7.9384 61.5539 1.11361 -13 1028 1 0 1
14.1909 9.10499 125.556 7.72315 5.04632 60.45 -0.463325 -13 1029 1 0 1
5.64221 13.6895 125.556 3.08141 6.79768 58.5671 -0.129022 -13 1030 1 0 1
-33.5785 -4.30554 125.556 -24.0604 -2.69381 74.9356 1.73323 -13 1031 1 0 1
-9.00918 -9.96059 125.556 -5.20879 -6.75795 64.7408 1.86818 -13 1032 1 0 1
12.563 -4.96802 125.556 6.42723 -2.54273 54.6571 0.549179 -13 1033 1 0 1
-11.8467 1.23445 125.556 -6.66935 0.182241 65.212 1.87673 -13 1034 1 0 1
0.976121 18.433 125.556 0.971958 8.77943 54.1171 0.62212 -13 1035 1 0 1
-1.37659 10.1881 125.556 -1.52522 5.73193 70.1671 -0.250564 -13 1036 1 0 1
-31.1593 36.776 125.556 -11.6048 13.4684 43.9572 0.939894 -13 1037 1 0 1
-9.78378 -17.2802 125.556 -4.96095 -9.17826 57.7622 0.223684 -13 1038 1 0 1
-3.46262 9.15203 125.556 -1.40505 5.40007 58.4353 -0.555195 -13 1039 1 0 1
20.1845 -1.96714 125.556 11.8483 -1.42308 69.8293 2.37903 -13 1040 1 0 1
7.82174 -6.85267 125.556 4.2458 -2.62284 67.7775 0.410939 -13 1041 1 0 1
11.5418 13.5527 125.556 5.62929 5.02079 47.6084 0.462718 -13 1042 1 0 1
11.6827 1.72958 125.556 6.67955 0.574287 66.8886 1.29076 -13 1043 1 0 1
2.40406 4.70603 125.556 -0.184831 5.3589 78.4475 1.79478 -13 1044 1 0 1
12.1605 30.506 125.556 6.42959 15.3569 59.0629 0.478252 -13 1045 1 0 1
-21.2125 12.7188 125.556 -12.8789 7.70021 65.506 3.12058 -13 1046 1 0 1
-8.27172 2.02352 125.556 -5.81866 0.0624173 70.052 2.71517 -13 1047 1 0 1
-25.8718 0.424685 125.556 -5.31187 -0.114679 23.5189 1.64604 -13 1048 1 0 1
-16.3021 -14.758 125.556 -3.57939 -3.26902 28.5644 2.08468 -13 1049 1 0 1
21.8767 -6.56122 125.556 11.6839 -4.38554 59.4543 1.47499 -13 1050 1 0 1
14.5722 -10.4784 125.556 8.13786 -4.9163 64.1721 0.944178 -13 1051 1 0 1
-24.7615 9.67884 125.556 -10.3219 3.87528 50.6983 2.74943 -13 1052 1 0 1
-21.1087 -6.57994 125.556 -16.5298 -4.56818 77.2876 1.73599 -13 1053 1 0 1
3.91558 -2.05691 125.556 1.31988 -0.187493 73.8611 1.07354 -13 1054 1 0 1
1.28753 -11.9591 125.556 0.281415 -6.94884 68.9974 1.30972 -13 1055 1 0 1
-3.17315 -14.1506 125.556 -1.3829 -6.30615 60.2366 1.03239 -13 1056 1 0 1
15.7262 1.10678 125.556 7.81246 -0.359186 51.8073 0.196147 -13 1057 1 0 1
-2.06202 -14.3973 125.556 -2.02929 -9.28525 70.0272 0.703256 -13 1058 1 0 1
7.70091 -5.29599 125.556 3.92812 -2.60417 46.4066 -0.528776 -13 1059 1 0 1
13.6212 -6.10232 125.556 7.7159 -3.5794 66.243 -0.14175 -13 1060 1 0 1
-5.69897 14.0486 125.556 -1.68159 6.48077 47.973 -0.0204027 -13 1061 1 0 1
-2.93662 2.40455 125.556 -0.651813 1.22279 42.0959 0.983872 -13 1062 1 0 1
-13.2754 12.321 125.556 -8.3528 8.04578 68.283 0.529084 -13 1063 1 0 1
35.8899 8.71104 125.556 20.6999 5.65175 69.3362 0.345144 -13 1064 1 0 1
3.80253 -3.43041 125.556 1.50562 -0.963373 70.4466 2.56541 -13 1066 1 0 1
-7.5355 19.1754 125.556 -5.26388 12.0294 68.8946 0.800473 -13 1067 1 0 1
-31.3719 -2.54835 125.556 -10.2836 -0.562531 39.1805 0.532292 -13 1068 1 0 1
-13.7953 -7.05272 125.556 -7.00202 -2.63684 58.6127 0.013905 -13 1069 1 0 1
-0.144751 -14.2867 125.556 0.58915 -6.52881 52.8988 1.30293 -13 1070 1 0 1
21.5649 5.12565 125.556 12.2714 1.8618 68.095 2.6858 -13 1071 1 0 1
-5.31339 41.5211 125.556 -1.41986 17.4466 50.3429 0.641905 -13 1072 1 0 1
6.25155 7.41229 125.556 2.93596 4.81188 73.0418 0.48331 -13 1073 1 0 1
8.89612 4.32843 125.556 4.91252 3.34551 72.5319 1.76786 -13 1074 1 0 1
-17.2519 -4.67758 125.556 -9.02608 -1.10748 59.8509 0.591798 -13 1075 1 0 1
24.0982 10.3908 125.556 12.3489 5.2581 55.4639 0.360724 -13 1076 1 0 1
-37.3303 -2.00947 125.556 -17.6925 -1.07092 52.8477 0.201873 -13 1077 1 0 1
-14.0687 10.0941 125.556 -7.28654 4.68277 61.1762 -0.30811 -13 1078 1 0 1
14.4619 6.32407 125.556 7.98626 4.2364 67.501 1.3413 -13 1079 1 0 1
-8.76699 17.9526 125.556 -8.30929 11.7608 78.9238 0.685725 -13 1080 1 0 1
30.2806 -11.3902 125.556 16.284 -6.28166 61.9388 2.28255 -13 1081 1 0 1
-4.05462 1.47782 125.556 -2.19205 -0.272374 63.5403 1.16838 -13 1082 1 0 1
-8.80624 14.4033 125.556 -1.76405 4.44833 33.9126 -0.123776 -13 1083 1 0 1
0.805085 2.90787 125.556 -0.0950149 1.66294 71.4987 0.31732 -13 1084 1 0 1
13.5748 21.3268 125.556 7.2179 9.56487 61.41 0.457865 -13 1085 1 0 1
11.8201 4.35395 125.556 6.32806 2.33715 58.6165 0.812963 -13 1086 1 0 1
-1.22482 -2.75119 125.556 -2.23272 -3.30591 76.4023 1.41673 -13 1087 1 0 1
7.04047 25.1347 125.556 3.98415 12.9223 58.1598 1.53552 -13 1088 1 0 1
29.9303 22.8628 125.556 17.6847 14.1024 73.3438 -0.114739 -13 1089 1 0 1
4.3127 14.0578 125.556 2.41134 6.925 65.8669 1.2972 -13 1090 1 0 1
-45.1931 -3.28433 125.556 -22.5396 -0.866506 56.4758 -1.16389 -13 1091 1 0 1
-20.252 8.40685 125.556 -13.1428 3.74088 69.8518 -1.0815 -13 1092 1 0 1
5.83687 -12.9344 125.556 1.89703 -9.03948 79.063 -0.0237114 -13 1093 1 0 1
29.5689 -20.5973 125.556 11.4855 -7.63477 41.0914 -0.148864 -13 1094 1 0 1
11.379 9.17565 125.556 6.56994 5.71733 65.5207 0.945241 -13 1095 1 0 1
-15.2466 15.4155 125.556 -7.08228 6.00279 55.2041 0.441654 -13 1096 1 0 1
8.69049 -0.288744 125.556 4.73576 -0.798339 58.1105 1.02554 -13 1097 1 0 1
-12.8057 -5.09681 125.556 -8.25413 -1.5467 68.6515 1.29608 -13 1098 1 0 1
-6.75972 -16.0453 125.556 -2.72476 -7.5633 55.5495 -1.08409 -13 1099 1 0 1
-14.0523 -9.70623 125.556 -9.36647 -6.43104 69.1512 0.359576 -13 1100 1 0 1
13.0649 15.7477 125.556 6.12369 6.68112 45.5842 2.81334 -13 1101 1 0 1
-7.22214 14.9322 125.556 -3.0099 5.78779 57.1852 0.385338 -13 1102 1 0 1
8.18679 -19.1006 125.556 4.60585 -11.5601 68.1303 0.362502 -13 1103 1 0 1
-5.86025 14.1143 125.556 -5.12454 9.21152 74.5062 0.358881 -13 1104 1 0 1
13.1204 -15.2882 125.556 7.59108 -9.07341 62.864 -1.00634 -13 1105 1 0 1
-29.9619 -11.9214 125.556 -17.8963 -6.13436 65.7616 2.28746 -13 1106 1 0 1
16.4588 20.7513 125.556 7.62511 9.41747 49.8924 3.08847 -13 1107 1 0 1
6.92655 -22.0705 125.556 3.7686 -12.5646 63.6625 3.25117 -13 1108 1 0 1
-0.142844 -2.13203 125.556 -0.63187 -1.96675 67.5905 3.29774 -13 1109 1 0 1
6.63858 30.8809 125.556 3.38812 10.8384 41.6844 3.54906 -13 1110 1 0 1
-2.0745 10.8526 125.556 -0.976468 4.32261 62.9313 2.32664 -13 1111 1 0 1
-10.8844 13.8839 125.556 -5.39372 6.75468 59.4151 1.68917 -13 1112 1 0 1
7.18336 -6.68327 125.556 3.37964 -4.19113 76.4067 1.09232 -13 1113 1 0 1
-24.4233 -10.5351 125.556 -11.0222 -5.47983 52.5099 3.78643 -13 1114 1 0 1
23.47 39.4228 125.556 12.1099 20.0961 57.8066 1.26746 -13 1115 1 0 1
8.86309 19.488 125.556 4.68352 13.0947 69.4828 1.58747 -13 1116 1 0 1
6.44451 10.2836 125.556 3.42179 6.07944 74.2781 -0.852008 -13 1117 1 0 1
-3.45082 -12.5035 125.556 -1.31334 -7.11706 56.8378 0.0105499 -13 1118 1 0 1
14.9112 14.6323 125.556 8.22423 7.0887 61.6206 -1.41991 -13 1119 1 0 1
-1.64005 -0.690729 125.556 -1.48286 -0.910709 70.5724 -0.0977641 -13 1120 1 0 1
-0.0523315 -25.2326 125.556 0.218556 -11.755 58.6001 -0.696581 -13 1121 1 0 1
1.46088 1.76431 125.556 -0.412213 1.38791 77.6863 0.9422 -13 1122 1 0 1
-16.2989 9.02564 125.556 -9.59509 4.37901 65.5029 4.03063 -13 1123 1 0 1
9.22984 5.33456 125.556 4.99173 1.91999 63.7574 1.75949 -13 1124 1 0 1
-7.27872 11.0353 125.556 -3.82633 7.5287 60.6562 1.6006 -13 1125 1 0 1
26.4592 0.545394 125.556 12.4165 0.740124 52.0275 -0.609557 -13 1126 1 0 1
8.79417 18.3291 125.556 4.87818 9.85841 55.9616 0.987156 -13 1127 1 0 1
8.35096 -6.23907 125.556 4.65448 -1.44161 53.3381 0.296736 -13 1128 1 0 1
-6.51569 -9.87608 125.556 -4.93379 -7.54284 71.4344 0.560905 -13 1129 1 0 1
19.7865 20.0329 125.556 8.09814 7.10287 42.9675 2.11171 -13 1130 1 0 1
-6.20784 -3.22587 125.556 -3.59592 -3.42353 63.6438 1.28953 -13 1131 1 0 1
19.4242 9.2837 125.556 8.1066 2.91031 41.0374 0.322837 -13 1132 1 0 1
-7.60799 -1.99971 125.556 -5.1969 -3.30818 70.706 -1.34212 -13 1133 1 0 1
-0.725488 -3.79785 125.556 -1.52225 -3.22561 73.8895 0.292503 -13 1134 1 0 1
12.1226 3.0402 125.556 6.54426 -0.0494901 68.3254 1.01506 -13 1135 1 0 1
20.579 -17.4576 125.556 9.94017 -7.28947 49.0259 1.34286 -13 1136 1 0 1
2.85918 -19.3658 125.556 1.80104 -5.68106 41.4641 2.37281 -13 1137 1 0 1
-22.6376 -2.55779 125.556 -16.2185 -1.24564 74.3486 -0.360138 -13 1138 1 0 1
8.60763 -5.94446 125.556 4.68661 -3.10666 62.4092 1.35421 -13 1139 1 0 1
22.2942 16.3986 125.556 12.6802 7.9859 65.2635 0.670075 -13 1140 1 0 1
-31.248 -21.5461 125.556 -23.1684 -13.7845 76.5029 -0.48026 -13 1141 1 0 1
11.5362 19.1336 125.556 4.95317 6.84979 41.9646 0.837036 -13 1142 1 0 1
1.97061 1.48389 125.556 1.40207 0.934985 60.7005 0.879787 -13 1143 1 0 1
-5.66391 9.75015 125.556 -2.50616 5.40657 57.917 2.76871 -13 1144 1 0 1
20.3844 -4.07446 125.556 8.0815 -2.57943 41.5835 -0.13776 -13 1145 1 0 1
18.4232 -19.9839 125.556 8.69965 -7.64638 49.4944 2.41167 -13 1146 1 0 1
6.2847 2.19341 125.556 3.47992 1.05071 52.6167 1.76624 -13 1147 1 0 1
-7.8972 -8.47834 125.556 -4.80516 -5.02458 65.909 0.12069 -13 1148 1 0 1
10.1568 2.24745 125.556 5.73975 2.1901 70.2261 2.82751 -13 1149 1 0 1
18.4301 -37.4425 125.556 9.8815 -21.729 64.8508 0.718779 -13 1150 1 0 1
-10.0559 -8.85506 125.556 -3.67497 -4.36638 51.23 1.70946 -13 1151 1 0 1
-7.93098 -3.77349 125.556 -4.65355 -1.7242 63.9819 1.33793 -13 1152 1 0 1
21.597 18.1741 125.556 11.1598 8.33252 57.12 0.020717 -13 1153 1 0 1
13.8156 -8.89038 125.556 7.27975 -3.93007 57.8914 0.327263 -13 1155 1 0 1
19.9285 -3.72105 125.556 10.7285 -0.470318 60.6608 1.55502 -13 1156 1 0 1
-12.219 -25.5375 125.556 -5.17007 -11.3935 51.9285 0.0539022 -13 1157 1 0 1
17.0995 -3.39526 125.556 7.37993 -1.44221 45.9279 0.788949 -13 1158 1 0 1
-7.18379 -8.05619 125.556 -4.03779 -3.79505 62.4595 0.294134 -13 1159 1 0 1
-16.7305 10.0401 125.556 -11.5018 6.23494 71.7535 0.475583 -13 1160 1 0 1
-0.799375 5.71221 125.556 -0.519438 2.85341 63.3259 1.20514 -13 1161 1 0 1
7.61458 -15.8292 125.556 4.08927 -7.88421 64.6135 1.59504 -13 1162 1 0 1
-11.5555 -10.5552 125.556 -6.28992 -5.73106 62.3244 1.47252 -13 1163 1 0 1
16.6365 -4.34474 125.556 9.3433 -1.15927 63.1582 0.63515 -13 1164 1 0 1
4.16581 -3.86029 125.556 2.47428 -1.77319 59.8023 0.0569338 -13 1166 1 0 1
5.66498 9.81341 125.556 2.78523 6.20092 71.0284 2.21383 -13 1167 1 0 1
3.90162 8.19238 125.556 2.54415 4.90337 59.2901 -0.323176 -13 1168 1 0 1
-5.01558 -3.50879 125.556 -3.12098 -1.97812 64.8556 1.1547 -13 1169 1 0 1
38.4887 -11.2991 125.556 19.1615 -5.66041 55.3064 1.68794 -13 1170 1 0 1
23.7399 -3.80063 125.556 10.7513 -1.45596 47.4695 1.38046 -13 1171 1 0 1
-4.1287 -28.7815 125.556 -1.18928 -13.0851 50.8385 -0.49477 -13 1172 1 0 1
-12.2998 1.35666 125.556 -8.49805 -0.486946 69.809 -1.19939 -13 1173 1 0 1
10.7049 24.6616 125.556 5.74438 12.4684 59.4533 0.969595 -13 1174 1 0 1
4.44001 -1.37149 125.556 1.77306 -1.65399 74.5107 0.616445 -13 1175 1 0 1
6.01023 3.90748 125.556 2.66146 1.6244 74.2437 2.13767 -13 1176 1 0 1
31.679 0.620123 125.556 18.1297 0.462608 69.267 1.93794 -13 1177 1 0 1
6.06139 2.56554 125.556 2.76946 0.692949 75.6892 4.84063 -13 1178 1 0 1
-3.74982 -21.6285 125.556 -1.67405 -9.53768 58.6298 -0.300867 -13 1179 1 0 1
16.2076 -8.37576 125.556 8.51573 -3.76506 57.1765 0.801324 -13 1180 1 0 1
37.777 4.7218 125.556 20.9588 1.77401 64.5686 2.73313 -13 1181 1 0 1
11.4691 -8.05121 125.556 6.21085 -2.89989 61.2122 0.554049 -13 1182 1 0 1
2.72988 2.80172 125.556 1.64764 0.0342369 56.8481 1.12003 -13 1183 1 0 1
11.1212 -7.92637 125.556 6.04936 -3.04895 60.3386 1.45698 -13 1184 1 0 1
72.6644 -19.7023 125.556 34.2659 -9.87608 52.2243 0.34062 -13 1185 1 0 1
15.0108 -4.15528 125.556 8.39645 -3.10608 60.6913 1.23787 -13 1186 1 0 1
-3.77466 3.03666 125.556 -4.07773 2.0696 76.1936 0.301608 -13 1187 1 0 1
1.52806 10.7474 125.556 -0.15646 6.37199 74.761 -1.63214 -13 1188 1 0 1
-8.10572 -6.01836 125.556 -4.48035 -3.34635 63.9095 1.0952 -13 1189 1 0 1
3.24402 -17.1866 125.556 2.03465 -8.24294 55.6803 -0.699932 -13 1190 1 0 1
-15.7664 -1.88982 125.556 -7.21858 0.567283 54.3355 0.45207 -13 1191 1 0 1
-3.43157 1.6044 125.556 -1.38102 0.423303 57.8424 0.0615084 -13 1192 1 0 1
8.51908 -4.65292 125.556 4.61236 -2.31115 54.0456 0.167909 -13 1193 1 0 1
-0.825843 0.190737 125.556 -1.75885 1.70635 74.3916 1.05707 -13 1194 1 0 1
24.4751 2.19031 125.556 13.7108 2.04775 65.6031 1.66743 -13 1195 1 0 1
10.1599 0.739722 125.556 5.42186 -0.291232 70.0193 0.783155 -13 1196 1 0 1
20.3552 5.81561 125.556 10.8081 2.70137 59.8607 -0.600643 -13 1197 1 0 1
12.2307 -20.4978 125.556 6.11358 -14.7489 78.8864 1.3341 -13 1198 1 0 1
-7.69055 -17.3673 125.556 -4.74374 -10.7143 65.1403 -0.3201 -13 1199 1 0 1
-19.723 7.53832 125.556 -11.261 5.7756 64.6716 0.494806 -13 1200 1 0 1
14.2926 0.179107 125.556 7.51039 0.403011 60.44 -0.0453729 -13 1201 1 0 1
0.395142 -6.19525 125.556 0.80192 -3.19732 45.0618 -2.062 -13 1202 1 0 1
-15.1053 11.0902 125.556 -9.81799 7.42456 69.255 -1.6888 -13 1203 1 0 1
9.25184 4.01752 125.556 5.13524 2.28142 61.7582 2.13953 -13 1204 1 0 1
-6.10705 -23.9726 125.556 -5.80896 -17.4751 76.0011 0.976149 -13 1205 1 0 1
0.398068 -3.78227 125.556 0.456474 -1.01042 60.0411 -0.477014 -13 1206 1 0 1
-13.4358 -10.4321 125.556 -3.57566 -2.65752 33.2659 2.5744 -13 1207 1 0 1
34.7233 -16.2366 125.556 17.8177 -7.83928 58.6787 1.48881 -13 1208 1 0 1
-9.45237 9.21932 125.556 -9.68824 5.48558 78.4039 -1.18992 -13 1209 1 0 1
-33.6354 -7.03617 125.556 -19.1937 -3.15603 63.7554 2.06009 -13 1210 1 0 1
10.3885 -3.73082 125.556 4.63867 -0.813797 79.3953 0.20354 -13 1211 1 0 1
-7.99188 -1.84911 125.556 -5.61374 -0.212961 70.4679 -0.955697 -13 1212 1 0 1
-21.3585 18.8339 125.556 -8.5083 8.61703 48.3643 -1.17695 -13 1213 1 0 1
-1.64202 8.12929 125.556 -2.62774 6.32507 77.2607 1.84652 -13 1214 1 0 1
-2.16081 -4.34358 125.556 -2.31266 -2.17896 72.1082 0.789386 -13 1215 1 0 1
6.35326 7.53642 125.556 3.47063 4.48568 58.6416 -0.763627 -13 1216 1 0 1
36.8647 11.0028 125.556 20.0166 6.05105 61.574 2.66918 -13 1217 1 0 1
0.314783 42.4819 125.556 -0.0863713 22.324 62.9575 0.489761 -13 1218 1 0 1
24.5366 -0.891821 125.556 12.7963 -1.29333 59.1944 2.03202 -13 1219 1 0 1
-19.7746 -23.7409 125.556 -13.759 -16.0666 71.6019 2.35106 -13 1220 1 0 1
-27.2263 5.84089 125.556 -11.9142 1.70525 51.4522 -0.753207 -13 1221 1 0 1
-12.5209 11.1617 125.556 -4.89938 3.32506 48.6065 -0.285728 -13 1222 1 0 1
8.16983 -29.7106 125.556 4.36962 -15.1684 59.9054 2.53468 -13 1223 1 0 1
-14.2141 -15.2366 125.556 -8.40791 -9.07599 65.1018 1.61223 -13 1224 1 0 1
-10.6331 7.66036 125.556 -9.43135 7.14767 78.5979 1.73998 -13 1225 1 0 1
-4.25403 -10.2432 125.556 -3.66832 -4.84828 71.5652 -0.708376 -13 1226 1 0 1
16.8651 5.02108 125.556 8.29605 3.01669 49.348 2.86723 -13 1228 1 0 1
2.77982 -16.5436 125.556 1.29657 -9.31788 68.904 -1.79232 -13 1229 1 0 1
-7.24584 7.55372 125.556 -7.4645 5.42008 79.8345 -0.485526 -13 1230 1 0 1
-0.0971451 -9.99157 125.556 0.565498 -5.27856 56.4778 -1.71873 -13 1231 1 0 1
13.0788 11.766 125.556 6.26201 5.92056 53.5266 -0.141241 -13 1232 1 0 1
-7.98002 -10.4185 125.556 -3.10403 -4.90411 52.831 1.32671 -13 1233 1 0 1
-14.3206 -31.7408 125.556 -5.63683 -14.0361 48.6906 -0.378997 -13 1234 1 0 1
-4.26505 0.770283 125.556 -2.56578 -1.27626 65.0542 2.16991 -13 1235 1 0 1
-10.3543 -6.38034 125.556 -6.23824 -3.33263 66.0116 0.140009 -13 1236 1 0 1
2.73927 9.47429 125.556 1.99517 6.16485 58.8885 1.32399 -13 1237 1 0 1
19.0155 -3.39852 125.556 11.133 -1.39752 73.8335 0.673872 -13 1238 1 0 1
2.47534 18.68 125.556 1.1012 10.7972 63.084 2.33739 -13 1239 1 0 1
-14.3618 -8.9386 125.556 -9.03788 -5.04156 67.8102 2.31841 -13 1240 1 0 1
-6.53687 -8.02222 125.556 -5.20873 -6.10228 73.0559 -2.53975 -13 1241 1 0 1
3.66144 4.094 125.556 2.07591 2.70709 64.9977 1.64396 -13 1242 1 0 1
-1.47178 -14.159 125.556 -0.643714 -6.70586 61.3048 1.37325 -13 1243 1 0 1
17.7838 9.51566 125.556 9.93763 6.63719 71.7259 -0.146584 -13 1244 1 0 1
-0.490326 -14.0729 125.556 -0.0136916 -7.83449 63.95 2.02925 -13 1245 1 0 1
-20.6679 -23.784 125.556 -6.32832 -7.46902 39.542 0.921343 -13 1246 1 0 1
-11.6684 11.5074 125.556 -7.86654 6.95704 69.7355 0.127039 -13 1247 1 0 1
-7.18478 28.3671 125.556 -3.79247 13.8343 59.467 0.352046 -13 1248 1 0 1
-13.6945 11.0906 125.556 -7.87124 7.01608 63.9219 0.7895 -13 1249 1 0 1
4.33639 -21.5318 125.556 2.6326 -10.8765 58.8237 1.20692 -13 1250 1 0 1
51.1336 -16.9694 125.556 25.579 -8.89302 56.8328 0.226926 -13 1251 1 0 1
12.6384 6.30663 125.556 7.06657 3.23738 60.0362 1.05393 -13 1252 1 0 1
-12.7435 -4.79423 125.556 -6.96148 -3.12301 63.0684 1.87375 -13 1253 1 0 1
1.9973 0.57856 125.556 0.511112 0.670121 71.2838 -0.0365808 -13 1254 1 0 1
20.5139 17.2228 125.556 9.88045 7.50264 49.7677 2.28643 -13 1255 1 0 1
18.9166 19.442 125.556 10.7581 10.6065 63.7284 2.89474 -13 1256 1 0 1
10.245 16.1353 125.556 5.76552 7.16664 63.7118 1.18283 -13 1257 1 0 1
0.768886 -10.6741 125.556 1.28182 -4.97292 50.8047 2.05937 -13 1258 1 0 1
31.0832 16.7297 125.556 13.8639 6.48527 48.0765 1.02724 -13 1259 1 0 1
-29.9135 18.222 125.556 -12.6725 8.05256 49.5084 -1.45045 -13 1260 1 0 1
14.8043 -3.9527 125.556 7.76308 -1.01518 60.9451 0.62289 -13 1261 1 0 1
-28.8367 17.8203 125.556 -16.9743 10.3656 64.6277 -0.391644 -13 1262 1 0 1
36.6462 21.3258 125.556 16.1787 9.66408 48.2726 1.14062 -13 1263 1 0 1
11.4567 15.2706 125.556 6.40189 7.9534 61.1693 0.985085 -13 1264 1 0 1
-27.6426 3.96438 125.556 -15.4869 2.0292 62.8897 0.616617 -13 1265 1 0 1
-12.8161 0.173602 125.556 -8.65768 0.829791 71.4504 2.19909 -13 1266 1 0 1
13.4142 -23.8643 125.556 5.73872 -8.29497 41.6104 0.633266 -13 1267 1 0 1
-2.41619 -4.96426 125.556 -0.896033 -2.8642 61.8907 3.06802 -13 1268 1 0 1
-23.2624 3.82456 125.556 -15.057 2.09081 69.2687 -0.0745841 -13 1269 1 0 1
-7.44782 -9.54864 125.556 -5.56808 -7.66234 71.317 1.31835 -13 1270 1 0 1
-18.8982 -9.94065 125.556 -10.4594 -5.89819 63.4295 -0.708118 -13 1271 1 0 1
14.512 18.4291 125.556 7.26452 7.68228 52.0709 1.71347 -13 1272 1 0 1
6.90123 -13.5514 125.556 4.02459 -7.17749 56.8712 -0.19965 -13 1273 1 0 1
-4.14225 20.6892 125.556 -3.74907 13.4873 71.4732 0.906722 -13 1274 1 0 1
-12.1297 -13.9618 125.556 -5.46111 -6.21635 54.205 0.627528 -13 1275 1 0 1
35.4573 18.2583 125.556 14.9326 7.7208 44.9655 1.79059 -13 1276 1 0 1
-1.23885 2.24791 125.556 -0.352872 2.71278 59.4543 1.52729 -13 1277 1 0 1
3.56468 -16.2404 125.556 2.16206 -7.30569 47.6631 -0.103037 -13 1278 1 0 1
-0.0109099 11.2352 125.556 -0.0161786 4.79212 63.7163 1.26572 -13 1279 1 0 1
2.07608 5.45062 125.556 0.654053 5.65647 69.9505 1.43114 -13 1280 1 0 1
8.27414 19.8601 125.556 4.54495 7.73647 51.1367 0.439756 -13 1281 1 0 1
9.18391 -1.3896 125.556 4.6998 0.453534 73.9 -0.225724 -13 1282 1 0 1
-25.1893 -8.00785 125.556 -13.8455 -4.68713 61.3561 1.56023 -13 1283 1 0 1
18.7934 -7.71057 125.556 9.46299 -2.62431 54.1425 -0.377316 -13 1284 1 0 1
-0.792891 -17.9678 125.556 -1.01355 -10.1425 67.6601 1.27169 -13 1285 1 0 1
-15.4184 -5.33665 125.556 -8.42762 -1.68304 63.9159 -0.434083 -13 1286 1 0 1
-0.509241 1.38488 125.556 0.409688 0.39607 57.7756 -1.04683 -13 1287 1 0 1
17.1429 3.09291 125.556 8.36123 1.36344 50.2948 0.686938 -13 1288 1 0 1
12.6022 -3.78253 125.556 6.95925 -0.850505 59.0745 -1.01575 -13 1289 1 0 1
-19.3748 6.05004 125.556 -13.0676 1.12939 71.4645 1.26744 -13 1290 1 0 1
15.6393 7.01143 125.556 8.78201 4.85363 64.1534 -1.03824 -13 1291 1 0 1
-9.51108 -21.0758 125.556 -4.05249 -8.89653 53.819 1.50886 -13 1292 1 0 1
1.46359 -6.47439 125.556 0.563928 -1.20932 13.9686 1.69824 -13 1293 1 0 1
4.85605 3.1224 125.556 2.66269 3.04474 64.7033 0.671922 -13 1294 1 0 1
12.0114 11.7296 125.556 5.07949 3.93561 42.24 0.300189 -13 1295 1 0 1
-0.555858 -10.7898 125.556 -1.9281 -9.43412 75.5618 1.78478 -13 1296 1 0 1
-0.154897 17.6845 125.556 0.290484 8.5852 56.9867 -0.213436 -13 1297 1 0 1
-2.9154 9.99794 125.556 -1.24702 4.63089 57.6996 0.990623 -13 1298 1 0 1
11.9743 -0.612409 125.556 4.07737 -0.666117 32.6862 -0.398535 -13 1299 1 0 1
24.1831 12.2554 125.556 14.2677 9.08122 72.5357 0.844919 -13 1300 1 0 1
14.769 9.38889 125.556 8.05738 6.69725 78.3109 0.856046 -13 1301 1 0 1
-4.83228 -7.44923 125.556 -1.85273 -4.53948 54.8194 1.55655 -13 1302 1 0 1
-5.39924 -9.88032 125.556 -2.71304 -4.46718 60.7637 0.962993 -13 1303 1 0 1
-9.74882 20.6825 125.556 -3.46936 9.71924 49.967 1.25796 -13 1304 1 0 1
2.26565 -4.7526 125.556 0.349366 -4.17459 73.1733 0.345529 -13 1305 1 0 1
14.5861 -3.64371 125.556 7.56786 -2.76544 52.9436 0.651247 -13 1306 1 0 1
5.74661 21.0838 125.556 3.03708 8.15539 48.0219 0.317257 -13 1308 1 0 1
-1.66382 -4.22308 125.556 -2.34906 -3.11605 73.5767 -1.09069 -13 1309 1 0 1
-11.262 -17.0767 125.556 -9.93786 -12.6931 78.3321 -1.24208 -13 1310 1 0 1
-3.9166 25.9062 125.556 -3.67923 17.4899 72.9043 1.9998 -13 1311 1 0 1
-3.15554 -12.2377 125.556 -2.49605 -7.94381 68.8513 -0.488763 -13 1313 1 0 1
-9.27922 -6.45792 125.556 -3.36943 -2.61798 47.1447 2.02953 -13 1314 1 0 1
3.64402 -16.9427 125.556 2.16156 -9.50079 57.359 1.08138 -13 1315 1 0 1
-4.24659 -16.5369 125.556 -3.24629 -8.5516 69.4053 0.143427 -13 1316 1 0 1
-3.75507 3.92764 125.556 -3.09249 3.38468 73.0382 -0.00357783 -13 1317 1 0 1
-8.30738 2.64471 125.556 -2.39838 0.0816478 41.3518 -0.0305972 -13 1318 1 0 1
1.49096 -29.496 125.556 0.791704 -17.4212 64.8186 2.36035 -13 1319 1 0 1
-0.74615 -19.9009 125.556 0.388213 -8.21484 47.9001 1.83196 -13 1320 1 0 1
4.36815 -22.0816 125.556 2.31304 -9.22933 47.5759 -0.282434 -13 1321 1 0 1
13.6791 7.40585 125.556 7.6727 3.10851 57.8298 2.23045 -13 1322 1 0 1
2.31372 7.8993 125.556 0.571577 4.62492 74.7902 0.00951436 -13 1323 1 0 1
6.92359 20.3652 125.556 3.84305 10.8331 63.5745 1.44888 -13 1324 1 0 1
-3.77465 -25.923 125.556 -2.65133 -15.5546 67.5482 2.90641 -13 1325 1 0 1
-11.7152 7.99707 125.556 -7.89005 3.66461 69.5538 -2.00214 -13 1326 1 0 1
4.33524 5.07019 125.556 2.42044 1.65584 60.4391 0.432649 -13 1327 1 0 1
12.3391 -17.5097 125.556 6.79623 -10.266 66.8231 0.369642 -13 1328 1 0 1
-7.48688 -6.31408 125.556 -2.63779 -3.09686 52.2907 -0.0374373 -13 1329 1 0 1
8.96657 -3.0961 125.556 4.82078 -2.7524 61.9584 3.34303 -13 1330 1 0 1
5.85591 -0.399183 125.556 2.94099 -0.745949 72.1477 -0.00264606 -13 1331 1 0 1
-19.1994 -21.1977 125.556 -7.9966 -8.92001 50.226 0.883875 -13 1332 1 0 1
2.03374 10.8678 125.556 1.0369 7.02755 66.5052 2.90956 -13 1333 1 0 1
-4.91067 3.55141 125.556 -3.11322 2.26167 64.8635 -0.775137 -13 1334 1 0 1
9.40987 -15.052 125.556 5.14046 -5.51658 51.9609 -0.745114 -13 1335 1 0 1
-8.91561 -8.44096 125.556 -3.5111 -2.5923 50.5609 0.454728 -13 1336 1 0 1
16.1298 -7.65181 125.556 8.94675 -5.31895 73.0166 0.0297888 -13 1338 1 0 1
-2.67795 20.0212 125.556 -1.11051 10.3735 59.8904 1.20054 -13 1339 1 0 1
-9.78907 18.3434 125.556 -7.5453 13.0356 74.2938 0.236065 -13 1340 1 0 1
-16.64 -16.3907 125.556 -10.0109 -10.0347 65.5456 0.942264 -13 1341 1 0 1
-4.37894 12.8199 125.556 -1.60941 6.43209 53.4477 1.14815 -13 1342 1 0 1
20.4722 11.3569 125.556 9.76184 5.37581 50.9861 -1.06066 -13 1343 1 0 1
-0.435562 -0.482159 125.556 -2.21406 -0.528998 78.8025 1.33539 -13 1344 1 0 1
31.2092 0.0618305 125.556 15.6224 0.742122 55.8228 1.12511 -13 1345 1 0 1
3.14309 12.5137 125.556 2.2698 5.57437 54.0244 2.09439 -13 1346 1 0 1
-4.68281 -8.26691 125.556 -2.21183 -5.66875 60.7928 1.24648 -13 1347 1 0 1
-9.74975 1.51741 125.556 -8.2835 2.18527 77.2969 1.77487 -13 1348 1 0 1
-11.9974 -8.16404 125.556 -9.84073 -6.49822 77.0457 -0.474005 -13 1349 1 0 1
3.72461 35.841 125.556 0.595841 23.9722 77.0497 0.0123983 -13 1350 1 0 1
18.201 -58.5524 125.556 3.7171 -9.50524 20.4756 4.40391 -13 1351 1 0 1
-3.01823 -22.9923 125.556 -2.33725 -13.4115 68.4853 1.56537 -13 1352 1 0 1
-20.3119 29.4596 125.556 -8.69429 12.1908 50.0318 0.382687 -13 1354 1 0 1
-7.68108 10.5 125.556 -4.27161 5.82901 65.0573 1.59465 -13 1355 1 0 1
3.19482 6.79104 125.556 1.52672 3.98511 68.0316 1.02615 -13 1356 1 0 1
2.56293 -12.9703 125.556 1.40288 -6.97032 65.0275 0.4302 -13 1357 1 0 1
10.3104 -3.04342 125.556 5.44274 -1.47295 48.9274 -1.24747 -13 1358 1 0 1
14.484 -5.30991 125.556 6.81969 -1.59445 47.2716 -0.0656772 -13 1359 1 0 1
15.6258 14.9653 125.556 8.54498 9.9888 77.6277 -0.985859 -13 1360 1 0 1
5.11275 -18.4052 125.556 2.90603 -10.5845 60.3035 0.759111 -13 1361 1 0 1
-2.34312 -17.4201 125.556 -0.926266 -8.94251 58.79 2.62162 -13 1362 1 0 1
11.8773 -24.9722 125.556 6.34511 -14.1583 68.2139 -0.479704 -13 1363 1 0 1
-5.87289 3.60933 125.556 -3.3744 3.03834 65.6334 1.97773 -13 1364 1 0 1
-0.996123 1.80773 125.556 -0.0498912 -0.231502 61.3464 -0.44113 -13 1365 1 0 1
-11.7367 -17.6391 125.556 -9.54703 -8.27242 77.4825 2.35046 -13 1367 1 0 1
-11.84 5.99489 125.556 -5.53607 2.98823 56.811 1.00563 -13 1368 1 0 1
14.815 -7.38966 125.556 8.72864 -5.02949 70.6369 0.538155 -13 1369 1 0 1
83.3646 -6.63062 125.556 24.129 -2.28845 30.8861 1.30322 -13 1370 1 0 1
0.609104 22.3699 125.556 0.109003 13.278 65.3688 0.866325 -13 1371 1 0 1
-14.5846 -13.7626 125.556 -11.0313 -9.30206 75.1519 0.465169 -13 1372 1 0 1
3.87959 19.2993 125.556 2.39522 8.59904 58.3675 0.718966 -13 1373 1 0 1
2.23172 -7.6958 125.556 0.690275 -4.88397 67.4925 0.769241 -13 1374 1 0 1
1.07231 14.9001 125.556 0.344152 8.26066 63.9918 -0.110137 -13 1375 1 0 1
-14.5585 -5.59744 125.556 -6.91407 -3.62385 56.7118 -0.982064 -13 1376 1 0 1
12.0738 1.17606 125.556 6.92738 1.58007 70.2702 1.50292 -13 1377 1 0 1
-6.65413 -7.0894 125.556 -3.62888 -4.92942 63.1123 2.22432 -13 1378 1 0 1
-7.49568 13.9575 125.556 -6.59371 8.46728 75.3631 -0.940086 -13 1379 1 0 1
-19.732 7.88094 125.556 -12.0216 3.9787 67.354 0.393653 -13 1380 1 0 1
-19.0724 -14.6863 125.556 -9.07217 -7.42709 57.074 2.16531 -13 1381 1 0 1
11.6172 1.0505 125.556 6.59307 1.17266 69.9735 0.036139 -13 1382 1 0 1
26.754 6.36934 125.556 10.3919 1.21022 39.9771 2.42795 -13 1383 1 0 1
2.57789 24.5219 125.556 1.80682 11.4425 52.9226 0.411585 -13 1384 1 0 1
7.05544 0.159032 125.556 3.93974 0.119941 62.6457 1.25274 -13 1385 1 0 1
14.9272 2.0093 125.556 7.86974 0.830803 55.7421 1.89681 -13 1386 1 0 1
-21.0865 -20.2839 125.556 -10.5898 -8.4327 57.203 -0.245313 -13 1387 1 0 1
-3.89233 0.335352 125.556 -3.36505 -1.20122 72.9909 2.18454 -13 1388 1 0 1
49.2137 5.47221 125.556 15.3726 0.831322 32.7945 1.06036 -13 1390 1 0 1
-21.4498 -3.78832 125.556 -8.57114 -1.47853 48.5578 1.99692 -13 1391 1 0 1
19.0364 -24.3397 125.556 10.4465 -12.4819 59.6809 0.537829 -13 1392 1 0 1
3.34448 -5.47994 125.556 1.6635 -3.12644 65.9416 -0.896678 -13 1394 1 0 1
1.26553 1.43809 125.556 0.526389 1.76881 66.5699 0.591726 -13 1395 1 0 1
25.0957 -17.527 125.556 14.2168 -10.9955 68.9421 -1.33889 -13 1396 1 0 1
-0.142172 9.28906 125.556 -1.60538 5.06795 76.3788 3.27045 -13 1397 1 0 1
-11.0356 -5.09291 125.556 -4.06347 -1.06772 46.5821 0.475966 -13 1398 1 0 1
21.4014 6.45786 125.556 8.73832 1.25457 42.6257 0.400441 -13 1399 1 0 1
18.2642 -24.6902 125.556 9.7487 -11.8071 60.0652 1.30579 -13 1400 1 0 1
-17.6055 -10.0541 125.556 -8.73931 -4.73679 57.7964 0.942867 -13 1401 1 0 1
-31.329 9.61717 125.556 -12.2979 4.86782 46.3777 1.10801 -13 1402 1 0 1
16.2484 5.13044 125.556 8.46369 1.90584 52.0503 2.50612 -13 1403 1 0 1
1.36802 -14.0389 125.556 0.778651 -7.40819 62.649 -0.362 -13 1404 1 0 1
42.568 1.881 125.556 23.686 0.99869 64.3911 1.80341 -13 1405 1 0 1
13.0249 5.99345 125.556 7.16126 4.13848 62.4898 3.87316 -13 1406 1 0 1
-3.65881 -3.91525 125.556 -1.48534 -2.11968 57.8235 2.37844 -13 1407 1 0 1
-3.26054 4.79686 125.556 -2.63158 3.1183 70.6808 1.03575 -13 1408 1 0 1
-27.6241 9.92463 125.556 -12.7434 4.82101 53.5855 0.138502 -13 1409 1 0 1
5.80255 -14.6124 125.556 3.55295 -6.82897 54.1291 0.851764 -13 1410 1 0 1
-7.78093 3.56753 125.556 -3.43258 1.39443 56.1767 -0.336793 -13 1411 1 0 1
-47.934 -15.3389 125.556 -19.6773 -4.52892 46.781 1.88462 -13 1412 1 0 1
-9.26985 10.1756 125.556 -6.06929 4.18893 68.6093 -0.290916 -13 1413 1 0 1
1.10264 -14.7114 125.556 1.30613 -8.22157 53.8642 2.59489 -13 1414 1 0 1
5.12869 -14.092 125.556 2.71612 -7.60192 63.0334 2.89216 -13 1415 1 0 1
-12.5725 -9.86432 125.556 -7.83019 -6.97678 67.571 1.68881 -13 1416 1 0 1
18.2672 2.21743 125.556 10.5702 1.73837 71.9567 -1.62342 -13 1417 1 0 1
3.31481 5.59837 125.556 1.69077 1.526 34.214 0.548668 -13 1419 1 0 1
-3.71402 -10.3478 125.556 -3.87259 -7.17797 76.5776 1.659 -13 1420 1 0 1
8.19244 0.158621 125.556 3.71681 1.86427 79.3575 -0.345582 -13 1422 1 0 1
-10.5478 -0.786159 125.556 -4.38156 0.57438 52.5681 0.540581 -13 1423 1 0 1
4.99114 3.88348 125.556 2.96815 2.59383 60.2753 -1.05001 -13 1424 1 0 1
8.47199 -8.48286 125.556 4.37656 -5.76436 68.747 -0.650515 -13 1425 1 0 1
7.17922 -9.0194 125.556 3.75401 -4.03069 54.0226 -1.10181 -13 1426 1 0 1
0.575168 12.55 125.556 0.762922 5.22203 47.5398 3.50564 -13 1427 1 0 1
7.87354 -29.9814 125.556 4.01261 -18.1202 66.9407 3.39387 -13 1428 1 0 1
-18.1142 -2.30812 125.556 -13.2602 -1.8754 75.1207 2.68515 -13 1429 1 0 1
9.40768 -6.14736 125.556 5.08221 -5.23424 72.1031 1.0623 -13 1430 1 0 1
-8.82346 1.31991 125.556 -7.10959 -1.40835 74.4802 0.931821 -13 1431 1 0 1
11.9054 -4.99649 125.556 6.67411 -1.90031 63.5543 2.33456 -13 1432 1 0 1
-20.5136 14.7963 125.556 -15.425 10.58 76.9044 -0.302016 -13 1433 1 0 1
-23.8549 -28.104 125.556 -6.13107 -7.59354 30.2057 3.23978 -13 1434 1 0 1
13.2987 13.238 125.556 7.33668 7.17476 62.7101 2.5695 -13 1435 1 0 1
19.7456 -26.1025 125.556 10.501 -13.8605 60.2617 1.5855 -13 1436 1 0 1
1.54796 9.6303 125.556 0.875302 5.0925 62.3587 0.570018 -13 1437 1 0 1
-4.17523 6.26232 125.556 -2.23618 3.32874 61.8898 0.899363 -13 1438 1 0 1
3.03534 -13.0484 125.556 1.63811 -7.48659 61.187 -1.04358 -13 1440 1 0 1
-5.77482 7.74618 125.556 -5.00128 5.16529 74.0465 1.26489 -13 1441 1 0 1
1.94011 -3.78008 125.556 1.1761 -2.33247 62.8229 0.750113 -13 1442 1 0 1
8.7289 -6.63284 125.556 4.65908 -4.98887 70.505 3.3331 -13 1443 1 0 1
-2.43771 -28.5623 125.556 -0.832699 -13.5261 53.6454 1.71766 -13 1444 1 0 1
13.1077 0.602406 125.556 7.15769 -0.578336 61.6296 0.274717 -13 1445 1 0 1
-18.9045 -9.61578 125.556 -14.9293 -5.18107 78.1061 2.50077 -13 1446 1 0 1
4.04136 5.59409 125.556 2.27892 3.09483 58.5442 -0.988799 -13 1447 1 0 1
0.487417 16.0681 125.556 -0.340532 9.2448 69.9872 0.0142201 -13 1448 1 0 1
19.6754 4.69922 125.556 11.0041 2.3112 63.8812 -0.51115 -13 1449 1 0 1
-1.69068 -1.28195 125.556 -2.11496 -0.16608 73.4424 -0.573489 -13 1450 1 0 1
14.5081 22.3796 125.556 8.03744 15.3165 73.4865 0.366297 -13 1451 1 0 1
6.5122 -0.350472 125.556 3.3024 0.66801 72.7604 -1.16233 -13 1452 1 0 1
9.3797 -3.38518 125.556 4.74309 -1.89563 53.5623 0.12777 -13 1453 1 0 1
47.3042 -27.3238 125.556 13.1303 -7.04479 30.0709 3.13257 -13 1454 1 0 1
30.416 9.56746 125.556 15.3003 4.67648 57.1587 0.325202 -13 1455 1 0 1
-12.5051 -9.15632 125.556 -9.93037 -6.56723 75.8961 0.818933 -13 1456 1 0 1
17.8076 -9.08424 125.556 10.2014 -6.38929 69.3012 0.768234 -13 1457 1 0 1
10.322 -22.8497 125.556 5.79501 -11.7807 57.3088 2.71337 -13 1458 1 0 1
35.4233 37.0163 125.556 8.00431 6.58977 24.1491 2.54641 -13 1459 1 0 1
-19.3417 -0.0337042 125.556 -11.8103 -0.371493 66.6636 -0.955687 -13 1460 1 0 1
-33.6952 5.84255 125.556 -15.8166 1.69594 53.9814 2.14546 -13 1461 1 0 1
-14.2905 4.73229 125.556 -8.05144 3.72051 64.3655 0.207511 -13 1462 1 0 1
-13.4824 16.7216 125.556 -9.10847 10.2384 69.7451 2.76801 -13 1463 1 0 1
22.616 25.7152 125.556 10.5522 11.4156 50.266 1.31536 -13 1464 1 0 1
-7.85881 11.8324 125.556 -5.96725 7.0027 71.9868 -1.07613 -13 1465 1 0 1
-10.6607 11.1038 125.556 -7.18546 6.67347 68.9029 -0.433645 -13 1466 1 0 1
-17.8391 -23.5294 125.556 -12.4626 -15.8116 71.9816 0.261286 -13 1467 1 0 1
15.1762 -14.3087 125.556 8.46317 -9.98092 71.7411 -0.00763664 -13 1468 1 0 1
-14.5029 -2.26751 125.556 -7.24615 -1.31386 58.7536 -0.568061 -13 1469 1 0 1
-15.1374 12.6866 125.556 -8.35851 6.39077 61.5657 0.708722 -13 1470 1 0 1
4.81356 22.4066 125.556 1.5357 14.2004 73.994 0.848873 -13 1471 1 0 1
39.3434 -11.7624 125.556 16.569 -4.62074 45.7177 0.856429 -13 1472 1 0 1
-24.2142 -6.27674 125.556 -14.7547 -3.52796 66.6867 1.40372 -13 1473 1 0 1
1.77006 7.86837 125.556 0.886255 5.42977 65.1706 0.524958 -13 1474 1 0 1
5.6787 11.0611 125.556 2.45329 5.11332 74.6104 0.565518 -13 1475 1 0 1
-18.5499 -22.8484 125.556 -12.5038 -13.8653 71.3512 0.243015 -13 1476 1 0 1
-7.55821 -13.7511 125.556 -3.71847 -8.70298 61.9535 1.09462 -13 1477 1 0 1
7.84827 -11.8124 125.556 4.13886 -7.08683 70.0647 0.404755 -13 1478 1 0 1
-14.0966 -11.2275 125.556 -8.8146 -7.14778 68.1092 -0.422605 -13 1479 1 0 1
-19.286 -9.53604 125.556 -12.3089 -6.11434 68.7222 0.901506 -13 1480 1 0 1
-0.335131 13.1082 125.556 -1.4148 9.58436 73.38 -0.0201631 -13 1481 1 0 1
13.9575 4.92484 125.556 7.64578 1.15353 67.9199 1.85839 -13 1483 1 0 1
8.99445 -0.542033 125.556 4.79199 -0.40662 73.074 1.32874 -13 1484 1 0 1
17.1366 9.9647 125.556 8.21179 4.66582 50.5868 0.848356 -13 1485 1 0 1
-5.13008 -6.03768 125.556 -2.8084 -4.35126 64.7331 0.96667 -13 1486 1 0 1
6.27791 -6.26181 125.556 2.67847 -5.62819 74.0845 0.858191 -13 1487 1 0 1
-11.1808 1.61686 125.556 -7.15294 1.35305 67.9085 1.79915 -13 1488 1 0 1
-5.32675 26.9564 125.556 -2.57215 15.1389 59.7735 -1.55411 -13 1489 1 0 1
-6.06828 15.0445 125.556 -4.61321 8.65354 72.2704 1.13947 -13 1490 1 0 1
-13.607 12.1354 125.556 -8.10663 6.95412 65.3024 0.516801 -13 1491 1 0 1
-4.67701 -2.26868 125.556 -2.84327 -0.642611 66.0271 1.66619 -13 1492 1 0 1
-20.7549 -11.2451 125.556 -7.53569 -4.80519 44.7428 0.997426 -13 1493 1 0 1
-0.716033 -0.620442 125.556 -2.49642 -0.272196 79.613 1.84139 -13 1494 1 0 1
-14.2983 -19.7876 125.556 -12.8497 -14.8117 78.2232 0.453266 -13 1495 1 0 1
-2.97579 -10.0712 125.556 -0.934805 -5.09268 57.1006 1.07994 -13 1496 1 0 1
20.2227 7.42947 125.556 11.5485 2.69752 67.0404 0.205072 -13 1497 1 0 1
-10.8853 -12.7804 125.556 -5.50461 -6.09429 59.4103 4.54644 -13 1498 1 0 1
0.687627 -5.49584 125.556 0.89634 -2.88911 58.3568 3.70754 -13 1499 1 0 1
23.0725 39.7806 125.556 11.349 18.3241 54.6075 2.09341 -13 1500 1 0 1
3.16514 3.48984 125.556 1.72908 1.5827 63.4299 -1.38313 -13 1501 1 0 1
17.7698 -11.8701 125.556 9.31415 -5.43557 55.6941 -0.92296 -13 1502 1 0 1
9.82521 7.64016 125.556 5.19397 4.28671 74.1521 1.68421 -13 1504 1 0 1
-1.16361 4.91517 125.556 -1.40745 2.36086 71.1621 3.05924 -13 1505 1 0 1
-5.09806 -14.5119 125.556 -2.9005 -7.54164 64.7563 -1.14838 -13 1506 1 0 1
11.0811 -0.830962 125.556 6.09756 0.202794 63.3185 -0.281594 -13 1507 1 0 1
0.323768 -5.5336 125.556 0.579603 -3.69136 61.5484 1.30569 -13 1508 1 0 1
17.429 2.01721 125.556 8.70022 0.538258 51.7219 1.15411 -13 1509 1 0 1
-20.8726 -11.0315 125.556 -16.3553 -5.19585 77.9394 0.535973 -13 1510 1 0 1
-11.6567 -27.2089 125.556 -6.20878 -13.5956 61.8911 0.202921 -13 1511 1 0 1
-24.1818 -26.6697 125.556 -16.1779 -15.4042 70.9706 1.04387 -13 1512 1 0 1
-5.16567 -10.0936 125.556 -5.53989 -5.2757 77.5128 1.00817 -13 1513 1 0 1
-29.7838 6.93603 125.556 -20.7835 4.08891 74.1749 -0.869039 -13 1514 1 0 1
13.3747 -13.6032 125.556 7.27312 -6.28121 60.5315 1.31529 -13 1515 1 0 1
14.5021 9.44037 125.556 8.33554 5.9966 69.1248 0.719119 -13 1516 1 0 1
8.0214 6.16638 125.556 4.46485 2.24813 54.5481 1.32358 -13 1517 1 0 1
2.12206 35.2427 125.556 1.63432 14.4751 51.4343 0.755394 -13 1518 1 0 1
3.89098 -14.406 125.556 2.31955 -9.80811 63.153 -0.791652 -13 1519 1 0 1
10.8725 21.9175 125.556 5.99706 11.6841 63.2542 0.874861 -13 1520 1 0 1
16.9722 -2.61693 125.556 6.64979 -0.0937197 41.342 -0.491117 -13 1521 1 0 1
-7.9325 11.4005 125.556 -3.54135 5.54413 55.9759 2.93718 -13 1522 1 0 1
-9.0468 -19.3494 125.556 -5.8068 -11.3293 66.7009 0.00267194 -13 1523 1 0 1
-15.8909 -17.2378 125.556 -6.10311 -8.44535 48.1394 -0.11432 -13 1524 1 0 1
-5.95716 4.43976 125.556 -4.51767 4.3524 72.8212 1.36673 -13 1525 1 0 1
-20.2129 6.88512 125.556 -9.85134 2.87097 59.1592 0.243077 -13 1526 1 0 1
10.0235 -21.171 125.556 5.71414 -10.0615 59.3619 1.11927 -13 1527 1 0 1
-25.8369 36.1913 125.556 -8.2704 12.7285 38.8495 0.401495 -13 1528 1 0 1
6.91635 -17.2055 125.556 3.8005 -5.76269 41.6463 1.35134 -13 1529 1 0 1
-10.142 -7.10103 125.556 -6.0758 -3.71094 66.808 0.965319 -13 1530 1 0 1
15.1441 -13.0699 125.556 8.37661 -6.37131 61.5402 -0.700295 -13 1531 1 0 1
12.7356 9.04132 125.556 7.03764 4.9196 63.4735 0.34955 -13 1532 1 0 1
-1.14775 -7.46288 125.556 -2.14006 -6.44947 75.3369 0.790675 -13 1533 1 0 1
-2.75964 9.79765 125.556 -2.23285 4.23403 70.268 1.04286 -13 1534 1 0 1
-10.0352 -10.9968 125.556 -5.13245 -5.25052 61.3617 -0.656441 -13 1535 1 0 1
-15.3312 17.8036 125.556 -11.0017 11.1838 72.783 -0.849072 -13 1536 1 0 1
-18.4564 1.1074 125.556 -11.9866 -0.211344 69.6898 1.643 -13 1537 1 0 1
0.704091 -4.67606 125.556 -0.39936 -3.29514 69.9557 0.224233 -13 1538 1 0 1
-27.9452 2.17336 125.556 -15.6416 2.43538 63.4465 1.24722 -13 1539 1 0 1
-4.65232 24.7687 125.556 -4.4381 16.9921 73.8401 0.105057 -13 1540 1 0 1
-15.6846 4.39179 125.556 -9.22243 2.29622 65.9233 -0.934507 -13 1541 1 0 1
-2.95402 -24.2327 125.556 -2.76859 -12.4318 70.866 -0.900264 -13 1542 1 0 1
-19.39 -24.0924 125.556 -10.0607 -14.1239 59.6236 2.20205 -13 1543 1 0 1
-12.2723 9.4771 125.556 -8.26884 5.57719 69.4644 1.35824 -13 1544 1 0 1
-2.46774 -6.1258 125.556 -1.60517 -3.02866 65.7163 0.41196 -13 1546 1 0 1
6.63032 8.83513 125.556 3.63585 4.57189 58.716 -0.145123 -13 1547 1 0 1
-8.1613 22.7321 125.556 -5.05222 12.9493 65.4375 2.61866 -13 1548 1 0 1
-11.6948 14.3965 125.556 -6.13846 8.01096 59.6086 2.66257 -13 1549 1 0 1
0.767633 21.7786 125.556 0.381012 12.0554 63.2763 2.35179 -13 1550 1 0 1
-0.34244 4.00996 125.556 -1.87753 3.66292 76.3647 1.85716 -13 1552 1 0 1
27.1098 -0.403951 125.556 11.2233 -0.701948 44.4823 1.43434 -13 1554 1 0 1
-8.22801 1.84372 125.556 -6.95992 0.478408 76.9051 -0.033641 -13 1555 1 0 1
4.12652 -11.1304 125.556 2.41181 -5.39405 55.0772 1.71338 -13 1556 1 0 1
2.02153 -15.3515 125.556 -0.203771 -11.0562 75.0145 -0.26385 -13 1557 1 0 1
-1.57696 -12.8839 125.556 -3.03724 -7.36068 78.1346 0.764246 -13 1558 1 0 1
34.831 12.3722 125.556 13.3673 4.67983 39.3138 -0.442873 -13 1559 1 0 1
-5.52557 1.31994 125.556 -5.38365 2.21829 77.4828 1.77066 -13 1560 1 0 1
10.8457 7.72207 125.556 5.91431 6.26567 71.2851 -1.09994 -13 1561 1 0 1
-29.6287 -10.4641 125.556 -11.7885 -3.84977 46.4049 2.04319 -13 1562 1 0 1
17.8934 2.54442 125.556 8.47291 0.952468 48.8366 2.6412 -13 1563 1 0 1
-8.45565 23.2178 125.556 -5.51859 14.4715 67.5868 2.96433 -13 1564 1 0 1
-12.9373 2.27799 125.556 -4.10609 0.928254 42.2164 1.09922 -13 1566 1 0 1
2.24361 -19.8842 125.556 1.25881 -10.9804 64.0133 -0.00899483 -13 1567 1 0 1
15.0788 16.9708 125.556 6.0572 5.54421 40.3579 0.554131 -13 1568 1 0 1
-15.3745 13.0079 125.556 -11.0883 8.20613 73.4757 0.564942 -13 1569 1 0 1
14.7376 7.10832 125.556 7.93935 3.70397 56.189 -0.743375 -13 1570 1 0 1
-38.2261 -14.402 125.556 -19.371 -7.63318 57.5086 0.139059 -13 1571 1 0 1
4.05478 8.32882 125.556 2.14828 6.66541 66.4985 1.5936 -13 1572 1 0 1
-4.35892 -6.51718 125.556 -3.37118 -4.33193 69.9535 2.54014 -13 1573 1 0 1
24.525 14.0579 125.556 11.8595 5.97192 51.8173 -0.586755 -13 1574 1 0 1
1.79264 8.81518 125.556 -0.158728 3.96718 73.6563 0.815767 -13 1575 1 0 1
0.835549 -0.984523 125.556 0.162294 0.288089 64.2244 0.372013 -13 1576 1 0 1
-2.92684 5.43872 125.556 -1.80649 3.61039 64.3904 0.440664 -13 1577 1 0 1
-26.8782 8.23091 125.556 -15.7952 4.81456 65.0498 1.56856 -13 1578 1 0 1
14.3839 17.3106 125.556 7.82782 8.73379 60.448 0.433528 -13 1579 1 0 1
2.16992 -7.02594 125.556 0.732512 -5.02834 69.6351 0.599866 -13 1580 1 0 1
8.92519 2.67844 125.556 4.40888 0.602692 45.7948 0.195691 -13 1581 1 0 1
23.6432 4.6089 125.556 9.46862 1.96489 40.7753 1.72808 -13 1582 1 0 1
0.456624 -19.3706 125.556 1.09746 -6.07458 42.7972 1.90206 -13 1583 1 0 1
-1.21672 -11.5932 125.556 -1.21034 -7.59004 67.333 2.00066 -13 1584 1 0 1
-6.46179 -4.23635 125.556 -3.45247 -2.06019 62.4225 0.858039 -13 1585 1 0 1
14.1003 -3.22695 125.556 7.87456 -0.15879 70.0454 2.27923 -13 1586 1 0 1
-20.8004 1.34973 125.556 -12.3038 1.16557 65.9123 1.422 -13 1587 1 0 1
-8.95748 -11.4767 125.556 -7.7749 -7.35597 78.2729 2.53382 -13 1588 1 0 1
14.4809 4.88356 125.556 8.14392 3.0076 72.3756 0.00706964 -13 1589 1 0 1
-19.1585 -19.5316 125.556 -9.73405 -10.232 59.5282 -0.591098 -13 1590 1 0 1
-9.71105 -5.08687 125.556 -7.86116 -2.21232 75.1491 -1.4144 -13 1591 1 0 1
-10.7881 17.1048 125.556 -8.28931 11.3528 73.6277 1.6696 -13 1592 1 0 1
19.8781 26.7678 125.556 11.1703 15.2347 70.0551 1.86403 -13 1593 1 0 1
-2.03764 5.04702 125.556 -0.492365 1.8766 55.724 2.68312 -13 1594 1 0 1
-23.961 -20.5155 125.556 -9.49353 -7.94469 47.235 -0.192342 -13 1596 1 0 1
6.90319 6.83769 125.556 2.78616 4.16315 78.6857 3.62498 -13 1597 1 0 1
14.4527 19.1224 125.556 7.97613 12.878 70.5087 0.792851 -13 1598 1 0 1
26.9331 14.1555 125.556 10.2835 5.37169 39.09 0.322101 -13 1599 1 0 1
-7.1129 5.89472 125.556 -6.17077 3.62228 75.3076 1.34501 -13 1600 1 0 1
-1.38265 18.0075 125.556 -0.749227 10.0198 61.7454 1.42392 -13 1601 1 0 1
-11.8648 -5.78772 125.556 -8.59703 -2.73889 72.1975 -0.174511 -13 1602 1 0 1
13.7152 -21.4849 125.556 7.15639 -9.26704 55.9752 -0.00563379 -13 1603 1 0 1
-20.3469 8.89193 125.556 -13.6067 5.35837 71.3099 0.8673 -13 1604 1 0 1
3.73801 -20.2597 125.556 0.74752 -13.4536 77.1251 2.18738 -13 1605 1 0 1
-17.5935 9.65923 125.556 -13.5756 6.14069 76.7889 0.699341 -13 1606 1 0 1
19.3991 4.47607 125.556 11.0241 1.78958 64.5458 1.27247 -13 1607 1 0 1
-4.57046 -3.36497 125.556 -2.80739 -2.75164 66.189 2.08736 -13 1608 1 0 1
16.366 -0.713607 125.556 8.41135 -0.0676278 54.1458 1.33044 -13 1609 1 0 1
7.64429 -25.9505 125.556 2.35719 -6.05006 27.4235 3.33109 -13 1611 1 0 1
0.637305 -0.126745 125.556 0.278342 0.712314 64.2915 2.12281 -13 1612 1 0 1
4.59566 -15.413 125.556 2.17517 -7.87392 69.8327 1.26165 -13 1613 1 0 1
26.324 -2.66238 125.556 13.3256 -2.15194 55.2373 0.153467 -13 1614 1 0 1
2.58049 -6.87311 125.556 1.68029 -2.83666 49.5029 1.58995 -13 1615 1 0 1
-9.36868 26.9886 125.556 -8.29679 16.6967 76.9729 0.588137 -13 1616 1 0 1
-18.0622 -35.0736 125.556 -5.08286 -10.2484 35.4938 0.142879 -13 1617 1 0 1
-20.3907 -14.3852 125.556 -11.0469 -8.20411 62.0045 -0.0179915 -13 1618 1 0 1
11.2942 -9.14872 125.556 6.29179 -5.74244 64.1335 -2.61122 -13 1619 1 0 1
6.87812 -1.98409 125.556 3.5799 -1.03608 55.7156 2.72215 -13 1620 1 0 1
-9.35814 8.58255 125.556 -3.35654 4.19788 52.7666 0.937495 -13 1621 1 0 1
-9.85968 12.6413 125.556 -9.18691 9.80659 79.5773 1.63225 -13 1622 1 0 1
13.9234 -18.9266 125.556 7.65514 -11.3729 68.9289 1.65808 -13 1623 1 0 1
1.37256 -4.74671 125.556 1.35265 -2.04316 47.5502 -0.895286 -13 1624 1 0 1
5.6001 4.46173 125.556 3.15181 2.8043 59.3341 1.02379 -13 1625 1 0 1
-42.8557 -57.8663 125.556 -14.4052 -19.1582 38.5035 2.79445 -13 1626 1 0 1
10.2815 -20.0032 125.556 5.0135 -9.15085 49.5682 0.265398 -13 1627 1 0 1
-11.7442 -8.99049 125.556 -9.31812 -7.12634 75.5732 -1.3933 -13 1628 1 0 1
8.09543 17.4134 125.556 4.31924 9.14644 67.9045 -0.598111 -13 1630 1 0 1
-21.6262 -4.21264 125.556 -12.089 -2.1637 63.2722 0.913985 -13 1631 1 0 1
0.0964002 -5.51746 125.556 0.626391 -3.61039 52.9732 0.0296301 -13 1632 1 0 1
-14.3934 19.3104 125.556 -8.13333 10.3581 63.06 0.477403 -13 1633 1 0 1
-2.60153 -16.0226 125.556 -1.14701 -8.07045 58.4751 1.19265 -13 1634 1 0 1
11.8624 0.489175 125.556 6.50729 -0.0851388 59.4092 1.37118 -13 1635 1 0 1
-8.37144 -7.52415 125.556 -7.13215 -4.44008 76.1847 -0.181345 -13 1636 1 0 1
-0.40947 14.1447 125.556 -0.507286 8.33482 65.3214 0.345022 -13 1637 1 0 1
11.9435 13.6746 125.556 6.85283 7.28502 57.9654 2.50855 -13 1638 1 0 1
4.54392 -0.373217 125.556 2.64594 -0.361942 49.1291 3.3021 -13 1639 1 0 1
25.4432 4.30147 125.556 12.3227 2.53268 51.6107 1.84955 -13 1640 1 0 1
-1.52621 7.03183 125.556 -2.30001 4.3908 74.0126 2.11741 -13 1641 1 0 1
-0.0355577 10.0721 125.556 0.404606 4.64674 58.5349 0.889463 -13 1642 1 0 1
18.7928 28.6563 125.556 8.73182 12.5476 49.7443 -0.590484 -13 1643 1 0 1
-15.4578 14.0297 125.556 -11.3701 7.95157 74.0764 -1.62896 -13 1644 1 0 1
-27.4429 -14.5581 125.556 -17.8317 -9.26366 69.8628 -0.284086 -13 1645 1 0 1
2.50261 2.55018 125.556 1.34067 0.629432 63.9578 -1.71687 -13 1646 1 0 1
-20.2203 -8.31303 125.556 -4.03202 -1.7804 24.7682 1.41751 -13 1647 1 0 1
30.2828 -44.6014 125.556 11.7915 -14.6466 43.0694 1.05522 -13 1648 1 0 1
-10.5517 10.5583 125.556 -6.02269 5.4888 65.4181 2.34707 -13 1649 1 0 1
-15.8296 0.590413 125.556 -8.42833 -0.0264573 60.6676 -0.0212629 -13 1650 1 0 1
1.1269 14.5644 125.556 0.702067 7.54573 60.291 -0.875402 -13 1651 1 0 1
-4.89079 13.6852 125.556 -1.98191 6.68715 58.3825 -0.756637 -13 1652 1 0 1
1.87526 5.10346 125.556 1.29278 2.23796 52.3636 1.42873 -13 1653 1 0 1
-5.80096 -20.0567 125.556 -1.71749 -7.34546 45.5535 0.0524599 -13 1654 1 0 1
-7.57372 1.15324 125.556 -4.83777 -0.624752 66.8132 1.98459 -13 1655 1 0 1
-2.74262 16.332 125.556 -3.04067 11.4368 73.2511 0.891175 -13 1656 1 0 1
-36.5799 1.85946 125.556 -19.5066 0.629156 60.0349 2.07463 -13 1657 1 0 1
33.2885 -2.31125 125.556 13.9595 -1.38536 44.5841 -0.477555 -13 1658 1 0 1
11.6324 -13.0406 125.556 6.64374 -5.42077 60.2951 1.81986 -13 1659 1 0 1
-0.811529 11.3259 125.556 -0.615034 5.85353 62.6492 3.4816 -13 1660 1 0 1
21.2953 -25.581 125.556 11.7827 -14.441 62.4011 3.00434 -13 1661 1 0 1
3.24801 -9.87036 125.556 1.22952 -7.15822 70.9098 1.0072 -13 1662 1 0 1
-0.209881 5.1179 125.556 0.418311 1.28315 44.9329 0.990028 -13 1663 1 0 1
5.2038 -1.06377 125.556 2.83639 -0.888177 64.2934 0.480316 -13 1664 1 0 1
4.32864 -3.14558 125.556 1.26412 -3.27879 77.6365 -0.274373 -13 1665 1 0 1
7.62553 -16.6423 125.556 3.76687 -9.01779 68.6491 0.684462 -13 1666 1 0 1
26.5376 0.315776 125.556 14.0317 -0.317513 57.0675 1.91105 -13 1667 1 0 1
33.7391 -4.34618 125.556 16.8139 -3.85745 55.8592 -0.37264 -13 1668 1 0 1
32.507 19.6163 125.556 10.5104 5.12891 34.0584 0.271025 -13 1669 1 0 1
1.6042 -17.8821 125.556 1.1955 -9.90827 57.9563 0.672953 -13 1670 1 0 1
-12.7384 9.67465 125.556 -11.5495 6.22857 79.1226 0.629755 -13 1671 1 0 1
18.5858 -33.5032 125.556 9.46518 -15.3259 55.7054 -0.405213 -13 1672 1 0 1
5.41811 -10.3571 125.556 3.30767 -5.197 58.2947 1.46069 -13 1673 1 0 1
1.65899 -25.7292 125.556 1.26989 -11.3348 50.4142 0.946788 -13 1674 1 0 1
-14.436 -15.1695 125.556 -7.15022 -7.45367 60.4099 -1.10959 -13 1675 1 0 1
-30.6138 -20.0123 125.556 -5.11566 -3.23313 19.4478 2.6875 -13 1676 1 0 1
11.751 -6.00973 125.556 5.13688 -2.52987 43.425 3.13206 -13 1677 1 0 1
11.0699 4.11429 125.556 5.9382 2.71055 57.4513 0.330611 -13 1678 1 0 1
11.2387 27.5545 125.556 6.03784 13.5563 57.2652 3.05949 -13 1679 1 0 1
-8.48412 -7.76123 125.556 -3.56671 -3.16272 53.0151 2.33011 -13 1680 1 0 1
2.3417 -0.784964 125.556 1.59151 -0.600792 58.284 0.175704 -13 1681 1 0 1
16.6277 12.8014 125.556 7.97406 6.23867 49.1313 0.292359 -13 1682 1 0 1
18.1143 -11.6851 125.556 10.2147 -6.47843 66.158 -0.0698123 -13 1683 1 0 1
20.7908 4.57392 125.556 11.1048 2.56191 60.2475 2.74093 -13 1684 1 0 1
0.312415 -11.5514 125.556 -1.25016 -7.52243 74.0839 0.342322 -13 1685 1 0 1
-2.00691 14.7687 125.556 -0.443 7.01094 56.4386 3.08923 -13 1686 1 0 1
-9.05902 -22.7723 125.556 -3.9603 -12.0068 56.8714 0.575383 -13 1687 1 0 1
20.6462 14.2286 125.556 10.8115 7.25554 58.0968 -0.334674 -13 1688 1 0 1
5.89696 1.48991 125.556 2.89222 -0.118268 72.4605 -0.440704 -13 1690 1 0 1
-1.3428 -9.7755 125.556 -1.75105 -6.50007 70.6419 0.105417 -13 1691 1 0 1
-1.37165 -3.44105 125.556 -0.25778 -1.55465 59.0102 0.531884 -13 1692 1 0 1
15.586 -11.401 125.556 5.33045 -3.04107 32.6808 -1.10385 -13 1693 1 0 1
10.3532 1.26048 125.556 5.79101 0.142994 57.8341 0.821993 -13 1694 1 0 1
2.93417 1.35828 125.556 1.20906 0.468262 71.755 0.641504 -13 1695 1 0 1
-22.1875 -6.68225 125.556 -17.5644 -4.64018 77.2812 1.56072 -13 1696 1 0 1
28.1719 12.129 125.556 12.5003 4.83098 47.0934 -0.39072 -13 1697 1 0 1
-8.72549 5.96641 125.556 -3.84361 2.05321 55.4711 1.05654 -13 1698 1 0 1
7.10056 2.77342 125.556 4.00104 1.90651 66.2175 -1.37703 -13 1699 1 0 1
-4.07394 6.24453 125.556 -3.16397 2.08472 71.5456 0.735137 -13 1700 1 0 1
-1.39886 -1.84704 125.556 -2.028 -1.79594 73.1589 -1.17575 -13 1701 1 0 1
4.08957 1.75709 125.556 1.76001 1.5975 70.7566 1.39027 -13 1702 1 0 1
10.6912 -3.15722 125.556 6.04211 -2.17305 68.6705 0.837633 -13 1703 1 0 1
-11.0084 -19.4609 125.556 -4.77668 -8.52273 54.1007 -0.2021 -13 1704 1 0 1
-14.1025 -1.52428 125.556 -10.0967 0.105446 72.9343 -0.352489 -13 1705 1 0 1
-10.6265 -24.0455 125.556 -8.83791 -17.0151 76.4085 0.522 -13 1706 1 0 1
4.49824 -17.2305 125.556 2.59742 -7.78511 54.4953 -0.427295 -13 1707 1 0 1
-12.0374 13.3 125.556 -8.04037 8.45834 69.5184 0.107579 -13 1708 1 0 1
-6.17452 10.0334 125.556 -3.07549 5.62899 60.3532 -0.532517 -13 1709 1 0 1
9.70649 36.6961 125.556 4.11796 13.3716 38.467 0.455502 -13 1710 1 0 1
13.9447 16.8042 125.556 7.74179 9.31156 62.1159 0.518259 -13 1711 1 0 1
17.2266 -21.8727 125.556 7.86061 -8.34779 45.008 1.65842 -13 1712 1 0 1
-7.41983 -14.312 125.556 -3.02989 -6.47848 56.8196 1.51605 -13 1713 1 0 1
-4.46477 10.2986 125.556 -3.79716 6.68232 73.8156 0.183587 -13 1714 1 0 1
10.424 -12.4721 125.556 5.85777 -8.45174 62.7445 0.361657 -13 1715 1 0 1
-7.00806 12.7759 125.556 -3.15752 6.25734 57.0972 3.42355 -13 1716 1 0 1
13.6429 -9.10306 125.556 6.31154 -3.52118 48.1462 2.26062 -13 1717 1 0 1
22.7039 -9.49856 125.556 12.9872 -6.54632 70.698 -0.112567 -13 1718 1 0 1
-2.66784 -7.69444 125.556 -2.62605 -4.94837 71.0424 0.0895629 -13 1719 1 0 1
-8.29491 5.11042 125.556 -5.40501 3.59198 69.1551 0.104252 -13 1720 1 0 1
21.1128 11.1381 125.556 12.0718 7.02889 70.0162 0.939656 -13 1721 1 0 1
17.2495 2.93912 125.556 9.83309 1.28167 68.5726 0.878698 -13 1722 1 0 1
15.7501 3.5659 125.556 9.06838 2.04439 76.7778 -1.12316 -13 1723 1 0 1
-4.13597 -21.6792 125.556 -1.14866 -9.42708 51.9426 1.48003 -13 1724 1 0 1
29.5503 -8.82573 125.556 15.82 -3.80107 59.6543 1.17961 -13 1725 1 0 1
-0.233971 -20.614 125.556 0.529172 -9.27327 51.9074 1.67807 -13 1726 1 0 1
16.0769 1.86356 125.556 9.13209 1.07654 69.8577 2.27291 -13 1727 1 0 1
-8.51965 11.9955 125.556 -4.37177 6.78055 61.4874 2.14018 -13 1728 1 0 1
-20.4492 16.2221 125.556 -10.528 9.43437 59.1383 2.84689 -13 1729 1 0 1
11.8305 -5.43904 125.556 6.0682 -2.69732 50.4704 0.187907 -13 1731 1 0 1
-5.01987 10.8407 125.556 -3.50457 6.88013 68.8308 1.34897 -13 1732 1 0 1
8.83958 -1.8952 125.556 4.82701 -1.20556 61.3934 -0.633467 -13 1733 1 0 1
1.67057 -8.32406 125.556 0.0427552 -4.61703 74.6333 -1.7515 -13 1734 1 0 1
5.83762 1.04349 125.556 3.47376 -1.04758 61.4574 -0.728998 -13 1735 1 0 1
-8.2967 8.80734 125.556 -5.54245 4.62173 68.0256 0.0104941 -13 1736 1 0 1
-0.235565 0.967647 125.556 0.660828 -0.492894 48.7457 0.449803 -13 1737 1 0 1
17.1137 16.6681 125.556 9.15912 8.46842 58.4632 -0.684653 -13 1738 1 0 1
0.411543 6.20283 125.556 0.861549 2.06894 43.0499 2.07793 -13 1739 1 0 1
17.3999 -10.9907 125.556 9.67615 -7.40341 69.6369 -0.0796899 -13 1740 1 0 1
-2.59169 -10.8524 125.556 -1.73997 -8.1033 65.112 1.49505 -13 1741 1 0 1
-14.4954 -11.6618 125.556 -6.39551 -4.78692 53.9854 1.90446 -13 1742 1 0 1
15.5093 24.0643 125.556 8.43398 13.8118 65.1125 1.6923 -13 1743 1 0 1
33.2363 -4.54957 125.556 16.7451 -3.21958 57.1194 0.00587904 -13 1744 1 0 1
-2.16385 8.5655 125.556 -1.96956 4.88034 69.2962 2.9649 -13 1745 1 0 1
0.068294 -12.3109 125.556 -0.641007 -8.63199 70.7122 0.0175392 -13 1746 1 0 1
4.75479 7.49499 125.556 3.13959 3.81246 50.8208 -0.773326 -13 1747 1 0 1
0.236475 -1.92523 125.556 -0.898706 -1.97709 73.8609 1.26801 -13 1749 1 0 1
8.18616 7.30833 125.556 5.03678 3.48486 66.4761 0.726748 -13 1750 1 0 1
12.9449 32.1961 125.556 7.03437 19.237 67.1392 2.44447 -13 1751 1 0 1
-1.83397 2.35197 125.556 -0.0946523 0.255718 45.592 1.6497 -13 1753 1 0 1
10.3514 -4.75604 125.556 5.69284 -2.69689 72.0795 0.898182 -13 1754 1 0 1
-1.10443 -8.79513 125.556 -0.592566 -3.47427 64.2049 2.94359 -13 1755 1 0 1
29.718 7.50018 125.556 16.2193 4.85828 60.748 -0.756148 -13 1756 1 0 1
3.87701 -4.49864 125.556 1.75057 -3.58226 69.2772 0.883759 -13 1757 1 0 1
-3.5091 -4.67859 125.556 -1.38753 -2.2748 58.8894 -0.684278 -13 1758 1 0 1
15.0865 -8.30101 125.556 6.90345 -3.16972 47.6497 -1.31243 -13 1759 1 0 1
-31.973 5.61251 125.556 -19.7746 1.57513 67.2166 0.525906 -13 1760 1 0 1
35.6848 -2.42293 125.556 16.1426 -0.705655 49.7241 -0.845389 -13 1761 1 0 1
3.50207 -18.8256 125.556 0.235136 -13.7036 78.5795 1.47663 -13 1762 1 0 1
-15.9632 30.8589 125.556 -7.8482 16.2709 58.0056 2.27817 -13 1763 1 0 1
-15.9908 3.62593 125.556 -6.73846 2.36341 52.8218 0.377536 -13 1764 1 0 1
-18.6642 -27.0051 125.556 -8.28232 -12.7121 53.3136 1.13082 -13 1765 1 0 1
-29.9298 15.7552 125.556 -20.4155 10.1734 72.5122 3.79981 -13 1766 1 0 1
-10.8818 16.9274 125.556 -6.60796 10.0103 65.8444 -0.287369 -13 1767 1 0 1
18.5902 -11.5109 125.556 10.4371 -7.90289 73.2038 0.17907 -13 1768 1 0 1
-21.8462 -4.78146 125.556 -12.6855 -2.12735 64.8561 1.88884 -13 1770 1 0 1
4.9927 15.6839 125.556 3.01733 9.23846 62.2974 1.18166 -13 1771 1 0 1
-15.4489 -1.43912 125.556 -11.1052 -1.5889 73.2826 1.09068 -13 1772 1 0 1
-18.3893 -17.9897 125.556 -2.8406 -2.49652 18.6064 -0.587174 -13 1773 1 0 1
-10.6794 -8.40377 125.556 -8.4857 -6.19097 75.1647 1.38425 -13 1774 1 0 1
-2.55391 8.80991 125.556 -0.504722 4.76068 49.6654 1.35593 -13 1775 1 0 1
13.0306 -14.429 125.556 7.14208 -9.38865 73.8603 1.03899 -13 1776 1 0 1
5.95875 19.0485 125.556 3.33858 10.0076 57.2841 -0.103895 -13 1777 1 0 1
3.86712 -7.1529 125.556 2.13208 -2.01234 45.4935 3.20508 -13 1779 1 0 1
8.58706 4.04141 125.556 4.18864 1.50146 75.2592 0.38797 -13 1780 1 0 1
10.9466 -29.1057 125.556 5.02465 -11.1691 46.3546 2.05998 -13 1781 1 0 1
3.58724 -7.79492 125.556 1.90454 -3.64154 38.4626 2.91973 -13 1782 1 0 1
4.25214 15.6089 125.556 2.33508 5.88939 59.0935 1.70414 -13 1783 1 0 1
-17.4544 19.8281 125.556 -7.46252 9.30086 51.764 0.194951 -13 1784 1 0 1
13.7644 8.22652 125.556 7.19146 3.8026 52.8754 1.77233 -13 1785 1 0 1
21.4311 -21.6479 125.556 11.0088 -11.3034 57.9009 1.03701 -13 1786 1 0 1
0.0669182 6.63582 125.556 0.0355221 3.16983 59.9776 2.36573 -13 1787 1 0 1
5.16078 -2.5583 125.556 2.98063 -1.71778 58.5088 0.80282 -13 1788 1 0 1
15.4347 -12.4277 125.556 8.09994 -4.72487 55.6989 0.882556 -13 1789 1 0 1
11.3814 -5.94256 125.556 6.04203 -5.7316 77.4995 -0.451989 -13 1790 1 0 1
-9.19255 -12.5451 125.556 -9.0865 -9.30794 76.4185 -0.427057 -13 1791 1 0 1
-7.38348 3.55658 125.556 -3.61724 2.39544 59.9645 1.38803 -13 1792 1 0 1
-12.5016 13.8543 125.556 -8.54004 7.70123 70.4773 1.25191 -13 1793 1 0 1
-10.1773 -8.96716 125.556 -7.54168 -5.58337 72.7995 0.599291 -13 1794 1 0 1
-12.0839 0.351076 125.556 -7.77349 2.56652 69.6617 -0.174289 -13 1795 1 0 1
-6.06766 2.8153 125.556 -3.3792 1.41417 64.71 0.560065 -13 1796 1 0 1
-6.16641 7.72583 125.556 -6.12108 7.1623 78.394 1.15057 -13 1797 1 0 1
-0.359775 6.29719 125.556 -1.67062 3.73986 75.5876 0.733392 -13 1798 1 0 1
6.81449 5.33804 125.556 3.70749 3.57079 68.0661 1.66901 -13 1799 1 0 1
-2.77006 -14.5658 125.556 -1.15189 -9.01109 59.3314 1.36638 -13 1800 1 0 1
-16.9299 3.96261 125.556 -14.6653 1.21634 78.7001 -0.461155 -13 1801 1 0 1
3.04685 8.32113 125.556 1.37707 5.56602 68.7989 1.57675 -13 1802 1 0 1
28.2592 -14.1602 125.556 14.9734 -7.21876 59.6339 1.61533 -13 1803 1 0 1
-4.94732 4.56734 125.556 -0.360303 1.2189 28.992 1.96056 -13 1804 1 0 1
4.55255 22.405 125.556 2.18688 11.5397 65.4418 0.649439 -13 1805 1 0 1
-2.70978 7.55183 125.556 -1.94262 4.52616 67.9562 2.00029 -13 1806 1 0 1
8.65475 -4.28573 125.556 4.58597 -0.280213 70.6424 1.52051 -13 1807 1 0 1
-3.60535 -14.8474 125.556 -2.13238 -8.44449 63.2278 2.74612 -13 1808 1 0 1
-3.37079 -12.3648 125.556 -2.17627 -5.78943 65.9337 1.22178 -13 1809 1 0 1
16.2567 -1.85721 125.556 8.04263 -1.32755 53.7033 0.607841 -13 1810 1 0 1
-9.34879 11.6845 125.556 -5.44772 6.55489 64.5595 -0.255782 -13 1811 1 0 1
2.11569 -16.1724 125.556 1.431 -6.48415 56.9808 1.75841 -13 1812 1 0 1
8.59306 6.49174 125.556 4.66977 2.72111 62.2076 2.01458 -13 1813 1 0 1
4.021 22.466 125.556 2.11048 13.6971 65.7655 0.0403615 -13 1814 1 0 1
-5.89426 8.96325 125.556 -3.38223 3.88784 66.0418 -0.232623 -13 1815 1 0 1
18.9683 9.14867 125.556 10.5413 5.85861 66.7721 0.320473 -13 1816 1 0 1
-5.3365 -29.0088 125.556 -3.27391 -16.0281 64.6067 1.84873 -13 1817 1 0 1
-3.71375 4.25409 125.556 -1.58714 2.00362 60.0232 2.65853 -13 1818 1 0 1
11.3328 6.87376 125.556 4.88264 2.8672 38.4569 1.16749 -13 1819 1 0 1
-14.9589 -30.3954 125.556 -6.55817 -13.7955 52.063 1.62083 -13 1820 1 0 1
8.04232 -43.278 125.556 4.37159 -21.3321 61.4397 0.434763 -13 1821 1 0 1
7.61909 20.17 125.556 3.90414 11.5264 67.794 0.8786 -13 1823 1 0 1
-9.73702 5.67473 125.556 -7.37522 2.97591 73.1751 0.584973 -13 1824 1 0 1
-3.43572 -3.61438 125.556 -5.34395 -2.58702 79.6588 0.340458 -13 1825 1 0 1
-3.72951 12.5245 125.556 -2.75623 7.59145 70.2012 -0.458334 -13 1826 1 0 1
36.5573 -12.2147 125.556 16.4552 -5.09512 50.1195 0.434985 -13 1827 1 0 1
-15.1161 -13.9523 125.556 -7.50867 -7.23239 58.7518 1.00241 -13 1828 1 0 1
-12.3465 -22.2083 125.556 -6.03992 -10.3138 57.1763 1.2018 -13 1829 1 0 1
-2.80818 -7.41235 125.556 -2.52822 -4.44287 69.1755 0.408819 -13 1830 1 0 1
16.0283 30.8961 125.556 8.73866 16.768 65.1543 0.782462 -13 1831 1 0 1
-10.0253 2.94677 125.556 -5.6553 1.25677 64.9812 1.89307 -13 1832 1 0 1
8.55518 24.9726 125.556 4.48718 15.408 65.5449 -0.782156 -13 1833 1 0 1
-4.21778 8.19505 125.556 -2.57997 4.79811 65.902 3.44496 -13 1834 1 0 1
3.53756 2.82897 125.556 2.11954 1.7582 53.9785 2.10067 -13 1835 1 0 1
1.76679 17.3826 125.556 0.551647 10.5465 67.3199 2.43335 -13 1836 1 0 1
-24.721 -1.20863 125.556 -15.6157 -1.7084 68.9213 0.557272 -13 1837 1 0 1
21.3888 -1.54252 125.556 10.8954 -0.273007 56.5862 -1.11893 -13 1838 1 0 1
-20.4829 8.36283 125.556 -14.6626 3.40764 73.7049 1.64038 -13 1839 1 0 1
-28.7776 9.89888 125.556 -7.09856 3.27964 29.498 -0.151449 -13 1840 1 0 1
-4.39352 12.689 125.556 -3.08934 9.28903 65.7733 -1.87103 -13 1841 1 0 1
-6.71058 12.1819 125.556 -4.06313 8.96471 66.5663 1.34678 -13 1842 1 0 1
3.86276 -3.75836 125.556 1.22981 -3.17984 74.4133 0.731646 -13 1843 1 0 1
-6.38614 -4.80008 125.556 -3.21913 -3.7644 60.3655 1.90729 -13 1844 1 0 1
11.1398 -0.183102 125.556 5.65594 -0.588829 48.4489 1.30144 -13 1845 1 0 1
-23.0098 5.47461 125.556 -14.0513 3.64575 66.9527 2.59801 -13 1846 1 0 1
-11.6317 3.74186 125.556 -9.3653 1.82334 76.4673 -0.690525 -13 1847 1 0 1
21.1051 14.8268 125.556 10.5198 7.77644 54.206 1.83784 -13 1848 1 0 1
-13.524 13.7785 125.556 -8.95011 8.56401 69.5655 1.85656 -13 1849 1 0 1
4.48502 -6.16264 125.556 2.75256 -3.64155 62.126 1.56347 -13 1850 1 0 1
3.34426 14.6644 125.556 2.19968 6.57171 53.3444 3.12798 -13 1851 1 0 1
10.4838 5.05686 125.556 5.48136 3.61271 76.8168 1.11476 -13 1852 1 0 1
0.166967 15.9 125.556 -0.0440892 8.8946 65.6431 1.25848 -13 1853 1 0 1
5.52779 -34.8813 125.556 2.69008 -11.1362 37.424 -0.401279 -13 1854 1 0 1
-48.4446 -18.3344 125.556 -21.3289 -9.10387 49.9194 0.623559 -13 1855 1 0 1
0.163968 3.66952 125.556 0.381919 1.69367 60.0549 2.8207 -13 1856 1 0 1
9.58927 2.76751 125.556 5.19449 0.318958 53.1419 1.05363 -13 1857 1 0 1
19.3056 9.26532 125.556 9.66106 3.71464 49.6402 2.33866 -13 1858 1 0 1
18.5361 3.36064 125.556 10.7197 2.70192 72.978 1.77297 -13 1859 1 0 1
-10.7311 -25.3133 125.556 -3.64738 -10.6898 46.2116 0.955992 -13 1860 1 0 1
-9.57085 -4.44144 125.556 -1.71827 -1.4981 27.9209 1.80945 -13 1861 1 0 1
4.89725 -5.63388 125.556 3.16075 -3.76502 51.341 -1.31256 -13 1862 1 0 1
2.35325 -55.7789 125.556 1.45958 -23.0964 47.0187 0.210837 -13 1863 1 0 1
-23.8863 -14.4243 125.556 -14.5007 -8.13055 66.8541 1.48033 -13 1864 1 0 1
-5.8073 6.75025 125.556 -5.52539 5.3647 77.399 1.45858 -13 1865 1 0 1
6.9707 -6.48148 125.556 3.85198 -4.29628 61.5897 0.609813 -13 1866 1 0 1
-25.655 -9.92282 125.556 -13.9334 -5.68342 61.1408 1.37458 -13 1867 1 0 1
-27.6323 10.1138 125.556 -20.6973 5.55577 75.4661 1.22674 -13 1868 1 0 1
-22.3157 14.8443 125.556 -7.19882 5.43205 37.8653 1.52568 -13 1869 1 0 1
1.00124 8.67026 125.556 0.515535 5.50766 65.1992 1.70698 -13 1870 1 0 1
-21.3866 -2.48365 125.556 -11.3224 -0.301278 61.2579 1.73948 -13 1871 1 0 1
20.0586 4.5211 125.556 10.6441 2.45883 59.6118 0.794531 -13 1872 1 0 1
-26.6135 -2.89682 125.556 -18.2406 -1.54721 72.4339 1.29357 -13 1873 1 0 1
26.7821 -5.34187 125.556 16.1668 -4.21435 76.447 -1.56094 -13 1874 1 0 1
7.89763 5.90273 125.556 4.49008 1.66778 60.5782 3.18434 -13 1875 1 0 1
-8.69714 -10.9053 125.556 -5.17857 -4.8565 65.5332 0.973565 -13 1876 1 0 1
-8.47882 -5.82486 125.556 -6.14254 -4.17674 70.5903 2.2177 -13 1877 1 0 1
15.2501 -16.3546 125.556 8.55083 -10.5358 66.8445 0.423384 -13 1878 1 0 1
19.8987 -12.7204 125.556 10.9601 -6.52624 64.6754 -0.341657 -13 1879 1 0 1
-4.38637 -4.32403 125.556 -2.75045 -2.18527 65.3399 2.26997 -13 1880 1 0 1
-13.6782 -4.36566 125.556 -4.68597 -1.98759 45.5876 1.24597 -13 1881 1 0 1
-6.72742 0.366265 125.556 -3.33461 0.491339 60.2473 0.507328 -13 1882 1 0 1
-12.4614 11.8167 125.556 -8.16301 8.23483 69.4697 0.865433 -13 1883 1 0 1
-19.8671 -5.45148 125.556 -12.8164 -2.90424 69.8588 0.532869 -13 1884 1 0 1
16.1275 -11.1491 125.556 7.3595 -5.36739 46.3692 0.832302 -13 1885 1 0 1
6.46774 -8.77265 125.556 3.60801 -4.91676 68.7799 2.11716 -13 1886 1 0 1
-42.6633 12.0562 125.556 -10.4872 3.42952 28.2546 -1.75958 -13 1887 1 0 1
-13.8705 -8.63674 125.556 -7.09683 -6.10532 61.7695 -0.21321 -13 1888 1 0 1
-16.9689 11.0374 125.556 -5.88497 5.1189 42.6424 -0.39302 -13 1889 1 0 1
29.0022 -10.6351 125.556 15.9874 -6.62954 63.9871 -0.320643 -13 1890 1 0 1
21.1454 6.15079 125.556 5.40667 1.76417 26.637 1.252 -13 1891 1 0 1
-0.288329 4.37648 125.556 0.619622 1.79267 51.4977 -0.193259 -13 1892 1 0 1
-20.8621 -11.2061 125.556 -12.6281 -5.97422 67.2101 1.44653 -13 1893 1 0 1
-22.3406 4.16522 125.556 -14.2262 3.23271 68.6718 0.641603 -13 1894 1 0 1
3.02779 -11.4208 125.556 1.35412 -5.84721 67.1713 0.734447 -13 1896 1 0 1
-11.5084 -5.34847 125.556 -6.05472 -2.2868 61.7397 1.86881 -13 1897 1 0 1
-3.52273 17.201 125.556 -1.77282 10.0668 61.2593 1.4343 -13 1898 1 0 1
-10.6025 -8.84792 125.556 -6.24397 -4.79452 64.9513 0.194323 -13 1899 1 0 1
-15.8879 -18.6982 125.556 -7.82438 -9.14532 57.8167 0.102617 -13 1900 1 0 1
38.1396 -0.060052 125.556 17.2848 0.383484 49.849 2.36144 -13 1901 1 0 1
2.46433 0.616938 125.556 1.3239 0.203905 66.0307 -0.692639 -13 1902 1 0 1
30.9142 -0.310014 125.556 15.1059 -0.372578 54.059 1.63248 -13 1903 1 0 1
-7.62635 8.2158 125.556 -4.22172 4.81773 63.9571 0.951658 -13 1904 1 0 1
-18.3949 4.78535 125.556 -13.6645 2.32069 75.5458 0.307675 -13 1905 1 0 1
4.59919 19.3962 125.556 2.36827 10.9691 66.1277 0.418181 -13 1906 1 0 1
-2.43402 24.4123 125.556 -1.21732 13.5658 63.0401 2.46974 -13 1907 1 0 1
-6.61817 -6.86672 125.556 -4.13603 -4.92499 68.8178 -0.0460464 -13 1908 1 0 1
32.9419 6.91163 125.556 16.8572 2.69268 57.1385 3.53065 -13 1909 1 0 1
4.1405 7.60236 125.556 1.84792 3.03341 66.6187 -0.469546 -13 1910 1 0 1
-9.00437 -4.40041 125.556 -6.54925 -1.29751 72.521 -1.70132 -13 1911 1 0 1
-9.40898 3.73709 125.556 -6.68389 3.13235 69.319 0.942481 -13 1912 1 0 1
13.3539 -17.9754 125.556 7.42969 -10.3786 75.7955 -1.11565 -13 1913 1 0 1
-15.5257 23.9375 125.556 -9.15908 13.2162 63.7502 0.559285 -13 1914 1 0 1
-35.1221 -28.8885 125.556 -21.7411 -16.2009 67.003 0.642053 -13 1915 1 0 1
-6.52898 -6.30927 125.556 -4.2051 -2.7422 66.9381 0.60011 -13 1916 1 0 1
20.5096 3.6983 125.556 11.2642 2.34838 64.5945 0.417913 -13 1917 1 0 1
-5.36557 -2.13063 125.556 -3.56933 -2.8454 67.2465 -0.235072 -13 1918 1 0 1
-0.922706 -11.1326 125.556 0.16285 -5.59649 52.4172 -0.718912 -13 1919 1 0 1
6.10671 30.6466 125.556 3.29303 14.7504 59.5822 -0.72153 -13 1920 1 0 1
2.64257 0.711347 125.556 -1.16768 1.44799 80.1233 1.89728 -13 1921 1 0 1
-16.3654 7.03883 125.556 -11.8478 4.84104 72.8299 2.0169 -13 1922 1 0 1
-29.978 -11.7348 125.556 -14.1658 -6.3547 54.8423 2.20657 -13 1923 1 0 1
0.308293 11.3076 125.556 0.0979824 6.72715 65.095 2.48629 -13 1924 1 0 1
-13.7689 -65.4564 125.556 -3.23874 -17.0318 30.7372 2.44084 -13 1925 1 0 1
-24.0441 -23.1629 125.556 -7.58575 -8.62321 38.0486 0.242744 -13 1926 1 0 1
6.56107 -31.2397 125.556 3.48151 -15.7164 54.5544 1.53321 -13 1927 1 0 1
10.3935 -10.2607 125.556 4.18545 -3.31965 37.2327 -0.34501 -13 1928 1 0 1
-17.3074 -0.66678 125.556 -13.7411 0.970842 77.8233 0.749901 -13 1929 1 0 1
-5.08373 22.811 125.556 -4.22455 14.954 70.7575 2.93355 -13 1930 1 0 1
2.0163 22.718 125.556 0.918382 12.0333 64.3258 -1.90905 -13 1931 1 0 1
12.3424 -16.6161 125.556 6.82156 -9.6146 69.5292 0.331706 -13 1932 1 0 1
29.3235 -0.262556 125.556 17.7674 0.659593 77.0134 1.63373 -13 1933 1 0 1
-13.6497 3.22601 125.556 -5.49192 1.7978 48.687 0.469852 -13 1934 1 0 1
16.2515 -3.61103 125.556 9.32622 -1.91835 63.6713 0.792222 -13 1935 1 0 1
24.3277 5.41439 125.556 12.2116 2.10109 55.3042 -0.53169 -13 1936 1 0 1
4.86478 -16.7011 125.556 2.9328 -10.8707 59.5394 -0.612748 -13 1937 1 0 1
36.0819 -17.3313 125.556 20.8932 -9.93524 68.2965 1.02074 -13 1939 1 0 1
-22.5971 -7.87118 125.556 -12.61 -4.70409 63.2591 -0.389029 -13 1941 1 0 1
-2.36227 15.1869 125.556 -2.57997 9.53891 72.7653 2.20358 -13 1942 1 0 1
-3.9685 14.4411 125.556 -2.81365 7.88661 67.5583 1.3648 -13 1943 1 0 1
22.6756 22.1191 125.556 12.2744 12.9544 62.8052 0.00800278 -13 1944 1 0 1
7.31306 3.35186 125.556 4.087 2.25038 65.5104 -0.238891 -13 1945 1 0 1
-6.94071 7.55013 125.556 -3.97669 3.99748 63.068 0.418928 -13 1946 1 0 1
4.21941 10.09 125.556 2.73797 4.09989 61.6151 1.16301 -13 1947 1 0 1
-2.14951 21.6136 125.556 -2.28411 13.4747 71.0249 0.97169 -13 1948 1 0 1
-12.369 5.9239 125.556 -6.07199 2.85084 59.4874 0.674063 -13 1950 1 0 1
11.4091 6.0451 125.556 6.41303 2.9561 61.9384 1.25419 -13 1951 1 0 1
17.2398 0.921694 125.556 9.4192 -0.221695 58.5681 -0.801278 -13 1952 1 0 1
34.3422 -6.83026 125.556 16.9049 -3.34325 54.7378 -0.19229 -13 1953 1 0 1
8.8378 -1.68595 125.556 4.86499 -0.545799 65.7527 -1.09932 -13 1954 1 0 1
-30.6629 -15.3593 125.556 -14.5563 -7.11997 54.6998 0.777526 -13 1955 1 0 1
-15.1973 -11.3604 125.556 -7.05407 -5.14108 53.7423 0.431841 -13 1956 1 0 1
-22.2219 20.6935 125.556 -8.3403 9.02571 45.4215 0.885047 -13 1957 1 0 1
3.06684 -3.88438 125.556 1.56198 -2.99322 67.5918 -1.93715 -13 1958 1 0 1
0.283831 5.06234 125.556 0.771509 1.97383 37.6039 0.665934 -13 1959 1 0 1
12.7249 -16.8094 125.556 7.03829 -9.22525 67.0997 -0.959605 -13 1960 1 0 1
-13.8322 1.79962 125.556 -6.29202 0.508147 55.717 -1.31423 -13 1961 1 0 1
0.945107 -13.6503 125.556 0.989545 -2.98541 33.315 2.87333 -13 1962 1 0 1
11.6939 -2.20578 125.556 4.46144 -1.40685 78.3244 -0.80318 -13 1963 1 0 1
18.229 -21.9027 125.556 8.57913 -9.15291 49.3125 -0.437943 -13 1964 1 0 1
-7.54683 -26.6822 125.556 -4.58534 -15.8547 63.7642 1.4521 -13 1965 1 0 1
10.8411 0.217846 125.556 5.27852 0.0458978 46.4174 0.901999 -13 1966 1 0 1
9.44025 -7.05227 125.556 5.30873 -4.63381 68.2617 0.969171 -13 1967 1 0 1
-16.2946 27.0763 125.556 -10.5605 17.3309 68.6712 1.36875 -13 1968 1 0 1
15.5156 0.18014 125.556 8.82196 -4.09293 72.5338 -0.176552 -13 1969 1 0 1
-1.91588 -6.75236 125.556 -1.36033 -4.32039 66.0658 0.946314 -13 1970 1 0 1
-2.16142 20.6915 125.556 -1.93724 13.3397 69.6961 1.40505 -13 1971 1 0 1
4.58211 11.663 125.556 2.5341 5.68237 52.1383 0.822285 -13 1972 1 0 1
-10.2529 1.89415 125.556 -7.15529 0.754745 71.3138 2.17173 -13 1973 1 0 1
17.1412 -6.36757 125.556 8.91596 -4.90482 55.5598 2.3731 -13 1974 1 0 1
-2.11917 -10.5406 125.556 -1.73836 -5.12764 69.4916 0.189195 -13 1975 1 0 1
4.81785 17.4324 125.556 2.63809 9.93495 64.2682 -0.741438 -13 1976 1 0 1
-14.1406 -18.2032 125.556 -7.7093 -7.99092 61.5422 0.304771 -13 1977 1 0 1
14.2875 -24.3825 125.556 8.04376 -11.4071 61.6066 -1.05155 -13 1978 1 0 1
-26.2055 -16.1647 125.556 -19.7896 -10.5292 76.2546 2.67965 -13 1979 1 0 1
-13.0999 -27.0338 125.556 -8.60451 -18.5041 68.2389 2.27062 -13 1980 1 0 1
-10.0219 5.35077 125.556 -8.79613 1.92326 78.6108 0.105623 -13 1981 1 0 1
-14.2747 7.84455 125.556 -5.99902 2.91543 51.9206 -0.15434 -13 1982 1 0 1
27.7883 -0.0915557 125.556 15.0327 0.687267 61.7298 -0.739098 -13 1983 1 0 1
8.894 -25.1617 125.556 4.80197 -12.4351 58.8332 0.783206 -13 1984 1 0 1
9.70351 -11.7985 125.556 4.22703 -7.42358 79.0838 -0.229878 -13 1985 1 0 1
-9.12138 -11.4463 125.556 -7.46842 -7.97154 75.2582 -0.249372 -13 1986 1 0 1
3.93432 -11.3281 125.556 2.45143 -6.81956 59.1521 1.27682 -13 1987 1 0 1
31.6654 21.6733 125.556 16.2766 11.549 56.8806 1.41567 -13 1988 1 0 1
4.23116 4.7905 125.556 2.12934 0.580615 62.8616 0.316364 -13 1990 1 0 1
-22.0326 -4.29916 125.556 -11.4042 -2.66982 58.9436 1.69246 -13 1991 1 0 1
17.1669 -0.548833 125.556 9.09655 -0.603255 58.1904 1.20426 -13 1992 1 0 1
17.5453 10.1929 125.556 7.55569 6.12271 45.3236 0.829777 -13 1993 1 0 1
33.9479 52.5414 125.556 16.2528 24.0695 54.5417 1.32893 -13 1994 1 0 1
-10.0621 6.20497 125.556 -3.96441 3.2247 53.9016 1.70078 -13 1995 1 0 1
3.95689 6.94053 125.556 2.8678 3.47298 54.3599 -0.840255 -13 1996 1 0 1
-19.3407 -15.4543 125.556 -7.80718 -5.35295 48.8015 -1.54773 -13 1997 1 0 1
20.0265 -10.0502 125.556 5.84466 -2.14844 28.8079 2.73768 -13 1998 1 0 1
-8.41501 -6.55439 125.556 -4.67066 -4.48399 62.2056 -0.647988 -13 1999 1 0 1
-1.30143 15.3044 125.556 -1.51134 9.41268 69.1154 0.846893 -13 2000 1 0 1
-9.91964 -14.6607 125.556 -6.54967 -8.53128 68.9673 1.28379 -13 2001 1 0 1
-2.06782 -14.1084 125.556 -2.18912 -7.65241 72.2138 -0.858926 -13 2002 1 0 1
18.0933 2.33492 125.556 7.44198 1.09282 43.2972 1.17271 -13 2003 1 0 1
2.28163 -15.8145 125.556 1.31406 -8.93924 63.6204 -0.212791 -13 2004 1 0 1
20.501 -1.32417 125.556 7.00448 0.0609504 33.1432 2.98839 -13 2005 1 0 1
-11.1343 1.00041 125.556 -5.84824 1.35135 62.0023 -0.792061 -13 2006 1 0 1
1.07611 -1.26688 125.556 0.568012 -1.06907 65.8349 0.906375 -13 2007 1 0 1
6.27972 0.77842 125.556 3.23873 0.900517 69.2951 1.77468 -13 2008 1 0 1
12.0662 -15.2591 125.556 6.2078 -8.09446 54.0548 -0.393066 -13 2009 1 0 1
-2.34099 21.2745 125.556 -1.74842 12.353 65.5692 1.19892 -13 2010 1 0 1
-9.29264 3.88946 125.556 -5.86472 0.556279 66.8787 -0.896903 -13 2011 1 0 1
3.58996 -11.6327 125.556 1.42766 -6.79638 69.3751 2.08099 -13 2012 1 0 1
9.83411 14.6664 125.556 5.1536 8.47504 66.4122 0.808985 -13 2013 1 0 1
13.6409 22.3428 125.556 6.04468 8.60598 44.302 1.6341 -13 2014 1 0 1
-45.5397 -27.3396 125.556 -20.0876 -11.7787 50.2422 0.473115 -13 2017 1 0 1
7.12981 20.2113 125.556 3.36523 11.1516 70.3016 2.29515 -13 2018 1 0 1
-3.01522 -0.267509 125.556 -1.83699 -0.409476 62.8222 0.70835 -13 2019 1 0 1
3.66052 10.184 125.556 0.757628 6.74015 76.7976 -1.45218 -13 2020 1 0 1
23.1711 0.965847 125.556 12.9632 0.862371 64.6477 0.270403 -13 2021 1 0 1
97.5425 -53.1943 125.556 29.1474 -13.6546 32.1004 0.0261446 -13 2022 1 0 1
-0.197481 1.8263 125.556 0.397134 -0.386936 62.5671 -0.503597 -13 2023 1 0 1
-12.8334 11.4539 125.556 -8.07085 4.78376 68.2664 -0.309052 -13 2024 1 0 1
-2.493 16.3363 125.556 -1.08097 6.81136 57.0672 1.15887 -13 2025 1 0 1
-22.2359 -8.68476 125.556 -12.4944 -4.34987 63.2303 2.36591 -13 2026 1 0 1
5.24829 -2.74418 125.556 1.8488 -0.218656 25.2036 3.51012 -13 2027 1 0 1
8.5998 1.21622 125.556 4.56417 0.832723 73.8124 1.46341 -13 2028 1 0 1
-7.94736 5.47814 125.556 -5.55697 3.79887 69.6193 1.68877 -13 2029 1 0 1
-25.6267 -10.9338 125.556 -12.9596 -5.31506 58.434 1.21349 -13 2030 1 0 1
-11.6364 10.7146 125.556 -9.29915 7.22907 77.5581 -0.235468 -13 2031 1 0 1
8.88173 -4.45948 125.556 4.76212 -2.99938 71.7811 2.01353 -13 2032 1 0 1
-0.851431 -2.57737 125.556 -0.867889 -0.814776 66.1302 -1.59929 -13 2033 1 0 1
-4.58523 -12.7232 125.556 -2.24038 -5.89749 60.3813 1.61152 -13 2034 1 0 1
5.42471 8.33901 125.556 3.08216 3.73406 53.0868 2.07979 -13 2035 1 0 1
-7.83665 0.238822 125.556 -6.76995 -1.49831 76.7113 -0.248545 -13 2036 1 0 1
-20.1753 -22.6183 125.556 -11.3843 -12.346 63.6387 -0.191131 -13 2037 1 0 1
28.3063 -6.41811 125.556 13.7522 -3.76259 53.6916 0.993903 -13 2038 1 0 1
-5.46239 13.0102 125.556 -3.60025 7.81809 67.0185 1.08402 -13 2039 1 0 1
-4.82765 6.29704 125.556 -5.54284 5.00754 80.3935 2.2271 -13 2040 1 0 1
3.31146 4.85129 125.556 2.14315 2.75998 54.0731 0.309495 -13 2041 1 0 1
-21.1091 33.5349 125.556 -9.76869 15.4936 54.474 0.301718 -13 2042 1 0 1
35.8532 -2.71445 125.556 18.7042 -1.59242 60.9689 1.4559 -13 2043 1 0 1
-13.94 -10.4956 125.556 -5.77682 -3.85311 52.2169 -1.21795 -13 2044 1 0 1
-1.09385 -9.72639 125.556 -1.39116 -7.21238 71.712 1.69714 -13 2045 1 0 1
-2.71535 3.95262 125.556 -1.93688 1.43269 67.8475 1.58548 -13 2046 1 0 1
-21.601 -19.1026 125.556 -14.1561 -11.3189 69.663 0.44055 -13 2047 1 0 1
-10.8676 3.43192 125.556 -8.23653 1.71363 73.8166 1.41848 -13 2048 1 0 1
8.67268 30.8514 125.556 4.47877 17.4576 65.2694 0.201316 -13 2049 1 0 1
-12.0703 -34.1624 125.556 -7.41564 -19.9152 66.6307 1.59515 -13 2050 1 0 1
7.07169 5.63993 125.556 2.67182 1.81196 30.5144 1.40779 -13 2052 1 0 1
25.8835 8.99793 125.556 14.2929 4.77842 63.9448 0.118545 -13 2053 1 0 1
6.56365 18.3635 125.556 3.61273 9.01447 55.7614 -0.423212 -13 2054 1 0 1
4.55163 -26.0845 125.556 2.62346 -13.3712 57.1484 2.5078 -13 2055 1 0 1
-19.3987 3.02575 125.556 -11.2835 1.92354 64.2854 -0.356523 -13 2056 1 0 1
5.06709 1.08794 125.556 2.96643 1.04 60.4242 2.9164 -13 2057 1 0 1
6.02409 -11.3446 125.556 3.06171 -5.76882 62.6095 -0.637986 -13 2058 1 0 1
-11.0282 12.8811 125.556 -5.22346 5.5273 57.5488 -1.92471 -13 2059 1 0 1
-11.5461 10.436 125.556 -8.47834 3.92136 72.1744 2.37053 -13 2060 1 0 1
12.8436 -4.58474 125.556 7.05098 -2.87349 63.6578 1.34791 -13 2061 1 0 1
10.3839 0.248253 125.556 5.74191 -1.55441 72.7096 2.96693 -13 2062 1 0 1
3.92118 -22.9707 125.556 2.11914 -6.40255 38.6446 -0.632149 -13 2063 1 0 1
0.824764 -17.3769 125.556 0.432319 -11.7999 64.4064 0.674286 -13 2064 1 0 1
18.7648 14.8199 125.556 9.82504 7.2884 57.6124 -0.95296 -13 2065 1 0 1
2.42164 6.54514 125.556 1.57897 1.90948 56.3068 0.66332 -13 2067 1 0 1
29.8082 -5.10705 125.556 16.429 -4.14111 63.8842 -0.468666 -13 2068 1 0 1
-16.2977 -4.60926 125.556 -8.08927 -2.38044 58.0002 0.642137 -13 2069 1 0 1
-9.02235 -15.2494 125.556 -7.75797 -10.4366 76.6799 1.03998 -13 2070 1 0 1
-6.68736 4.0776 125.556 -2.44678 2.42675 51.7625 -0.392256 -13 2071 1 0 1
37.1213 30.2286 125.556 17.2782 13.3071 51.411 -1.1714 -13 2072 1 0 1
-7.17189 -24.2366 125.556 -3.33801 -12.9617 57.2084 1.78525 -13 2073 1 0 1
4.97039 2.82218 125.556 2.48211 0.780837 70.9795 0.000919662 -13 2074 1 0 1
-4.08861 -9.92615 125.556 -2.04188 -5.69463 59.2972 -1.0697 -13 2075 1 0 1
-2.95947 -8.3138 125.556 -1.8147 -4.4465 65.2066 1.08558 -13 2076 1 0 1
13.6989 -8.59639 125.556 7.78179 -4.59139 72.0589 0.74039 -13 2077 1 0 1
21.9283 18.5732 125.556 11.9374 10.7224 63.1017 0.494898 -13 2078 1 0 1
1.13827 -5.52484 125.556 0.515736 -4.83939 63.2728 0.332464 -13 2079 1 0 1
0.321376 2.3667 125.556 -0.371239 2.09782 69.3509 0.566395 -13 2080 1 0 1
0.154587 8.75253 125.556 -0.628033 5.10893 72.0073 2.42742 -13 2081 1 0 1
0.675835 17.9087 125.556 0.872667 8.48962 55.3219 0.258918 -13 2082 1 0 1
21.3454 20.4633 125.556 11.82 10.3178 63.7492 2.819 -13 2083 1 0 1
4.57824 26.5237 125.556 2.48361 13.5477 59.2876 0.847709 -13 2085 1 0 1
2.90275 1.47613 125.556 1.31757 0.988439 68.1693 0.855786 -13 2086 1 0 1
5.59009 10.4448 125.556 3.20771 5.32082 62.3096 1.0742 -13 2087 1 0 1
-21.1841 -10.5745 125.556 -15.878 -6.40596 75.4802 -0.130966 -13 2089 1 0 1
5.52327 -8.03571 125.556 2.91278 -2.71819 40.4961 0.15678 -13 2090 1 0 1
-4.10442 -2.21531 125.556 -2.86129 -1.13492 69.3663 -1.12505 -13 2091 1 0 1
-2.55741 40.2746 125.556 -1.17709 20.7022 58.7296 1.01506 -13 2092 1 0 1
27.0403 -29.9253 125.556 10.5381 -8.99164 41.1575 0.221203 -13 2093 1 0 1
-3.98485 -4.93156 125.556 -2.21639 -3.90892 61.7648 1.78941 -13 2094 1 0 1
3.43848 4.82442 125.556 1.03125 3.29114 74.8329 1.44015 -13 2095 1 0 1
12.5465 -6.51376 125.556 6.82154 -2.84363 58.3629 0.673572 -13 2096 1 0 1
0.326746 -2.94353 125.556 0.0630423 -0.475163 59.4904 0.360599 -13 2097 1 0 1
-0.394669 32.5057 125.556 0.233494 14.8682 53.8605 0.482433 -13 2098 1 0 1
-21.4727 -2.3375 125.556 -11.7902 -0.745174 62.8333 0.273344 -13 2099 1 0 1
-16.4021 -24.6092 125.556 -5.87906 -9.30665 45.751 0.53037 -13 2100 1 0 1
16.9984 -21.3754 125.556 8.48188 -9.89084 52.2214 0.1513 -13 2101 1 0 1
-15.4485 -2.02227 125.556 -2.49753 -0.615509 20.7938 4.53336 -13 2102 1 0 1
-3.67464 -6.91659 125.556 -2.46761 -4.39249 66.4096 -0.0667285 -13 2103 1 0 1
4.85475 5.01947 125.556 2.49088 2.699 69.5441 0.909391 -13 2104 1 0 1
2.92281 -17.229 125.556 0.169548 -11.2109 77.8651 -0.479216 -13 2105 1 0 1
-6.34716 10.2925 125.556 -4.463 6.63102 69.2576 0.610814 -13 2108 1 0 1
-5.10116 2.49782 125.556 -2.08767 1.16523 56.652 -0.0412128 -13 2109 1 0 1
9.30918 31.0394 125.556 5.21277 16.5953 64.0742 0.558781 -13 2110 1 0 1
-13.8215 -23.8155 125.556 -5.82026 -11.1837 52.4948 2.14443 -13 2111 1 0 1
3.82265 8.84071 125.556 2.24431 4.61297 61.0824 -0.243507 -13 2112 1 0 1
-0.314738 2.72025 125.556 -0.905843 2.50028 71.4351 -0.336193 -13 2113 1 0 1
-7.1562 -19.6479 125.556 -2.99409 -9.43066 54.9536 2.19869 -13 2114 1 0 1
-18.7002 -19.1713 125.556 -10.3814 -10.4903 61.753 3.30089 -13 2115 1 0 1
11.7807 -1.14392 125.556 6.75254 -1.1003 60.2675 0.577215 -13 2116 1 0 1
12.0272 15.7468 125.556 6.70641 8.21438 66.6943 0.67379 -13 2117 1 0 1
-3.29558 12.0735 125.556 -2.04814 6.16204 65.8763 -0.549655 -13 2118 1 0 1
0.0964896 11.3575 125.556 -0.504786 4.84066 67.9937 0.677737 -13 2119 1 0 1
6.20433 -2.70392 125.556 3.70478 -0.875107 57.0185 -1.9179 -13 2120 1 0 1
6.54694 16.158 125.556 3.53977 8.3233 58.3867 2.66294 -13 2121 1 0 1
-16.6853 -8.66207 125.556 -8.68113 -5.22825 61.0969 2.36664 -13 2122 1 0 1
-0.0647101 -0.58083 125.556 -1.37989 -0.358244 76.9681 1.20621 -13 2123 1 0 1
-23.136 20.4184 125.556 -9.32518 7.144 47.9592 3.37597 -13 2124 1 0 1
-14.6308 -10.8959 125.556 -6.71215 -4.96061 54.9076 0.020225 -13 2125 1 0 1
-9.03859 16.1343 125.556 -7.40108 11.0083 75.5512 0.0892043 -13 2126 1 0 1
12.6039 -6.73981 125.556 6.92132 -4.41526 60.8678 0.0582811 -13 2127 1 0 1
2.13116 -13.0963 125.556 0.883709 -6.49695 68.5317 2.92323 -13 2128 1 0 1
-9.67381 12.1333 125.556 -6.52528 7.49274 67.5935 0.138268 -13 2129 1 0 1
-1.55124 7.62452 125.556 -0.854398 2.65585 64.5131 0.472528 -13 2130 1 0 1
-14.0408 -10.0741 125.556 -7.26015 -4.93371 60.3886 2.72165 -13 2131 1 0 1
8.42654 8.71956 125.556 4.1224 6.59268 77.1915 1.46208 -13 2132 1 0 1
-8.11334 17.3705 125.556 -3.09701 10.5739 55.6842 1.15085 -13 2133 1 0 1
-7.4759 15.0956 125.556 -4.76557 9.92519 67.0351 0.244918 -13 2134 1 0 1
50.3234 -26.4246 125.556 27.2379 -13.1564 62.2382 1.73274 -13 2135 1 0 1
-15.6147 4.40765 125.556 -8.73375 2.50332 63.8893 1.23535 -13 2136 1 0 1
23.15 16.5047 125.556 12.8938 7.90312 66.1478 -0.707933 -13 2137 1 0 1
-14.9997 13.4252 125.556 -9.23681 7.93892 67.8429 -0.350227 -13 2138 1 0 1
11.7227 4.25382 125.556 6.60089 2.51795 71.6356 1.80493 -13 2139 1 0 1
-26.5353 9.27943 125.556 -10.2246 4.16994 44.6182 0.00806486 -13 2140 1 0 1
9.84405 -16.5335 125.556 5.49062 -8.9693 64.0609 2.06359 -13 2141 1 0 1
15.6239 10.0948 125.556 8.62209 8.26329 77.1539 1.54908 -13 2142 1 0 1
12.3865 5.933 125.556 6.36266 2.52582 53.3679 -0.127943 -13 2143 1 0 1
-24.2818 -8.03035 125.556 -12.1602 -3.93322 58.2282 0.351652 -13 2144 1 0 1
-26.0349 3.56054 125.556 -3.82089 0.498827 17.5271 4.54549 -13 2145 1 0 1
29.1683 -21.3195 125.556 15.3361 -11.2282 59.4102 0.562392 -13 2146 1 0 1
15.5387 28.0867 125.556 7.1983 11.5774 48.0909 1.45566 -13 2147 1 0 1
3.61305 11.1146 125.556 2.346 5.39714 58.1257 1.06863 -13 2148 1 0 1
-22.9984 9.64236 125.556 -12.4669 5.0534 62.0557 0.906702 -13 2149 1 0 1
-4.84004 17.4187 125.556 -1.69632 8.32438 53.551 -0.060168 -13 2150 1 0 1
-10.3889 -0.0979766 125.556 -6.69841 -0.342549 68.4253 -0.926219 -13 2151 1 0 1
-29.3073 3.20909 125.556 -16.3349 2.39003 62.5188 0.141175 -13 2152 1 0 1
-18.8453 -19.6277 125.556 -8.90558 -8.77568 56.0013 -1.40088 -13 2153 1 0 1
37.0299 35.1754 125.556 16.327 14.6588 47.7715 1.05212 -13 2154 1 0 1
3.48856 1.34976 125.556 1.95388 2.08667 64.7147 0.0426051 -13 2155 1 0 1
-3.3231 5.51199 125.556 -2.53354 2.48186 68.3292 2.96655 -13 2156 1 0 1
2.58264 -8.45122 125.556 -0.0125616 -5.97502 79.4133 2.17183 -13 2157 1 0 1
-18.0859 -3.85545 125.556 -7.13193 -1.27242 48.7212 1.66051 -13 2158 1 0 1
-20.0221 -10.7654 125.556 -8.85178 -4.23855 53.2316 2.35474 -13 2159 1 0 1
-10.7089 -26.3932 125.556 -5.15439 -14.3867 58.7952 2.35594 -13 2160 1 0 1
14.2886 5.1419 125.556 8.1416 3.02242 68.8283 2.79466 -13 2161 1 0 1
-14.0186 -6.15019 125.556 -12.1389 -5.48882 80.1764 2.61528 -13 2162 1 0 1
1.10593 11.1119 125.556 0.913884 5.90894 63.4066 1.32459 -13 2163 1 0 1
-6.1324 20.4832 125.556 -3.38192 12.5169 64.4436 0.214432 -13 2165 1 0 1
-11.2179 6.11918 125.556 -4.75097 2.8209 53.5207 -0.60592 -13 2166 1 0 1
4.94468 3.11852 125.556 2.22305 1.6987 70.5775 2.29055 -13 2167 1 0 1
-8.02426 -1.06791 125.556 -7.3121 -0.196793 78.2696 -0.211675 -13 2169 1 0 1
25.0717 -66.9744 125.556 8.3988 -19.0195 34.6274 1.56106 -13 2170 1 0 1
7.13303 16.0233 125.556 3.94943 7.90761 61.6137 3.48976 -13 2171 1 0 1
-12.8543 17.0837 125.556 -6.01572 8.13129 56.3756 0.103306 -13 2172 1 0 1
-23.1229 5.10563 125.556 -15.3125 1.56465 70.9323 -2.20795 -13 2173 1 0 1
-3.9981 -23.6157 125.556 -0.664586 -6.95178 41.7403 -0.712958 -13 2174 1 0 1
7.0925 15.8016 125.556 3.90191 10.7802 67.8822 1.05055 -13 2175 1 0 1
-13.6037 -18.2394 125.556 -3.03871 -3.7556 28.153 3.74103 -13 2176 1 0 1
-4.57971 -6.5986 125.556 -4.42846 -4.3897 75.8695 1.19574 -13 2177 1 0 1
-12.4139 -17.586 125.556 -4.35413 -6.79019 43.9584 2.75703 -13 2178 1 0 1
-17.4692 2.60318 125.556 -11.2607 1.7349 68.4974 1.69598 -13 2179 1 0 1
1.10972 -37.4376 125.556 1.13811 -16.1823 50.5123 0.153622 -13 2180 1 0 1
-8.5808 21.3467 125.556 -5.77665 13.572 69.7972 0.612102 -13 2181 1 0 1
-3.55375 -15.5289 125.556 -1.02174 -5.69617 50.523 1.01473 -13 2182 1 0 1
8.79756 -7.35748 125.556 4.63576 -4.31753 66.9441 0.179936 -13 2183 1 0 1
-6.12154 2.60585 125.556 -5.51655 0.862375 75.5133 -0.021721 -13 2184 1 0 1
1.46556 -1.41058 125.556 -1.37135 -2.71982 79.1987 1.03106 -13 2185 1 0 1
-3.47748 7.98888 125.556 -2.73194 5.16895 70.3891 1.55982 -13 2186 1 0 1
17.139 -9.5277 125.556 9.74146 -5.71851 69.5747 0.543393 -13 2187 1 0 1
-24.256 -15.1561 125.556 -17.6694 -9.66785 75.5657 2.11208 -13 2188 1 0 1
-1.65443 -28.4403 125.556 -0.492723 -14.3613 55.84 1.99533 -13 2189 1 0 1
-11.6197 12.3935 125.556 -9.00559 8.77677 75.397 0.232442 -13 2190 1 0 1
-5.27763 -2.19153 125.556 -2.14614 -0.182369 54.1639 -0.473246 -13 2191 1 0 1
-14.3065 -2.55751 125.556 -10.4987 0.123263 73.8549 1.57031 -13 2192 1 0 1
-16.2922 1.6766 125.556 -6.42076 0.884114 50.7034 1.43628 -13 2193 1 0 1
-11.1847 -1.91998 125.556 -5.96772 -1.09397 60.5755 1.75216 -13 2194 1 0 1
-2.41193 -10.1519 125.556 -2.15339 -5.71861 69.6606 2.28524 -13 2195 1 0 1
4.34502 30.9344 125.556 1.0174 19.8344 74.9348 1.30734 -13 2196 1 0 1
9.3678 4.16963 125.556 4.74625 3.71134 75.0916 1.74965 -13 2197 1 0 1
-0.155905 -0.735908 125.556 -1.60857 -1.37359 76.9893 1.25053 -13 2198 1 0 1
0.49778 -0.26236 125.556 0.246039 0.886253 64.5058 1.97071 -13 2199 1 0 1
-6.11402 10.5398 125.556 -3.35689 5.11126 63.8853 0.832896 -13 2200 1 0 1
-3.15251 -12.3558 125.556 -1.48002 -5.50838 59.0379 2.48454 -13 2201 1 0 1
9.42014 11.1354 125.556 5.10264 6.83572 70.4542 3.04486 -13 2202 1 0 1
6.97252 4.9289 125.556 3.92661 3.19144 64.543 2.62513 -13 2203 1 0 1
8.08028 -12.5248 125.556 4.30269 -8.08454 69.0031 2.05302 -13 2204 1 0 1
1.91649 21.1714 125.556 0.348826 14.1207 70.29 1.74692 -13 2205 1 0 1
1.60517 27.999 125.556 1.17059 12.0631 52.4755 1.14963 -13 2206 1 0 1
-13.5788 -8.23871 125.556 -8.20737 -4.53178 66.9405 0.293015 -13 2207 1 0 1
-26.7989 -11.5953 125.556 -8.03211 -3.36206 35.7682 3.90208 -13 2208 1 0 1
-15.8518 9.103 125.556 -7.84272 4.68467 57.4789 2.34073 -13 2209 1 0 1
27.468 20.6138 125.556 12.9173 7.39156 49.8871 1.37104 -13 2210 1 0 1
-12.5847 -1.09088 125.556 -7.98972 -0.990589 68.9046 -1.75479 -13 2211 1 0 1
-3.73128 -10.0805 125.556 -3.56669 -5.61174 73.2976 0.192708 -13 2212 1 0 1
-8.68257 4.7193 125.556 -4.3507 2.10294 62.4408 1.79623 -13 2213 1 0 1
-22.1669 -10.2025 125.556 -15.937 -6.4382 74.9126 1.60583 -13 2214 1 0 1
-42.9928 55.7451 125.556 -19.7722 23.3083 51.8407 -0.995684 -13 2215 1 0 1
-21.0254 -21.3384 125.556 -12.4856 -10.4764 64.8566 0.842797 -13 2216 1 0 1
5.79434 22.038 125.556 2.94616 11.914 67.041 3.28041 -13 2217 1 0 1
-12.7413 -19.2805 125.556 -5.85598 -7.69538 56.7571 1.03353 -13 2218 1 0 1
-9.59647 25.6646 125.556 -5.73228 13.8606 65.1722 -0.581219 -13 2219 1 0 1
6.57365 -3.39031 125.556 3.57639 -0.590377 66.51 1.00357 -13 2220 1 0 1
-10.5372 -10.7416 125.556 -5.56921 -4.91563 61.5531 1.24841 -13 2221 1 0 1
-9.39864 -5.17135 125.556 -2.7435 -0.862211 40.2254 1.60793 -13 2223 1 0 1
33.5533 -6.90321 125.556 19.7521 -3.80677 71.7433 0.00969204 -13 2224 1 0 1
10.4106 12.606 125.556 4.84814 4.98855 45.3849 1.48832 -13 2225 1 0 1
3.6685 4.9043 125.556 1.33012 2.07197 74.553 0.318881 -13 2226 1 0 1
-1.71107 8.90028 125.556 -1.15414 4.37988 64.4521 0.497329 -13 2227 1 0 1
-3.45061 -4.38968 125.556 -2.85101 -0.503212 68.8545 1.31122 -13 2228 1 0 1
13.2134 -6.79972 125.556 6.21993 -6.12133 78.7484 2.90091 -13 2229 1 0 1
5.96421 7.96578 125.556 3.34766 4.00064 45.8305 1.83593 -13 2230 1 0 1
-20.1975 12.6271 125.556 -10.8177 6.49881 62.1231 -0.0665575 -13 2231 1 0 1
7.68918 10.5059 125.556 4.18516 6.32245 53.9262 0.610708 -13 2232 1 0 1
-14.0058 -15.9057 125.556 -8.57891 -8.90653 67.1051 -1.29423 -13 2233 1 0 1
0.836057 -3.65042 125.556 0.305183 -2.17999 63.2361 -0.18548 -13 2234 1 0 1
7.92517 16.104 125.556 4.09619 7.14792 50.4088 -0.718395 -13 2235 1 0 1
-14.45 -5.00797 125.556 -7.78202 -3.85397 61.0101 2.35996 -13 2236 1 0 1
-5.66822 5.01679 125.556 -6.32253 3.10695 81.4182 3.83133 -13 2237 1 0 1
1.18504 5.65025 125.556 0.754247 3.33091 61.9412 1.98106 -13 2238 1 0 1
11.8917 -24.5806 125.556 6.3721 -13.5741 65.3718 3.57084 -13 2239 1 0 1
-14.7676 -10.6327 125.556 -10.3872 -7.62966 71.7303 0.218326 -13 2240 1 0 1
-3.73663 3.55323 125.556 -2.7329 2.88121 68.5642 -0.718732 -13 2241 1 0 1
-3.11638 2.01367 125.556 -2.34842 1.28155 70.4594 1.86728 -13 2242 1 0 1
2.28069 23.2501 125.556 1.53509 11.4945 58.5966 0.8181 -13 2243 1 0 1
-9.43451 27.4232 125.556 -3.63871 12.8771 51.2748 1.03955 -13 2244 1 0 1
4.49873 8.3508 125.556 2.25987 5.67241 69.5869 1.69713 -13 2245 1 0 1
-14.0687 0.649167 125.556 -9.53875 2.52214 71.5201 1.82925 -13 2246 1 0 1
1.80299 -1.1102 125.556 -1.20597 -1.1675 81.3662 -0.657661 -13 2247 1 0 1
13.3596 -2.86424 125.556 7.36929 -2.93036 75.9116 -0.0131467 -13 2248 1 0 1
25.8875 -4.45998 125.556 13.7886 -1.18058 59.5591 0.955991 -13 2249 1 0 1
2.72301 11.7946 125.556 0.161295 6.45745 77.5862 1.5421 -13 2250 1 0 1
12.8379 -6.41345 125.556 7.12747 -2.6333 68.6759 0.808449 -13 2251 1 0 1
0.486468 22.5467 125.556 0.440285 10.689 60.8056 0.82398 -13 2252 1 0 1
25.0755 29.911 125.556 11.4981 13.9939 51.0594 2.90997 -13 2253 1 0 1
-18.7614 17.0688 125.556 -10.2865 9.12659 62.5566 -1.53126 -13 2254 1 0 1
5.11099 -6.99207 125.556 2.78396 -4.14634 59.7613 1.52703 -13 2256 1 0 1
28.701 -10.3059 125.556 15.1998 -5.50514 59.9753 -0.651809 -13 2257 1 0 1
12.4197 -28.515 125.556 6.40221 -13.8765 56.2711 1.42236 -13 2258 1 0 1
19.7893 1.3104 125.556 10.8592 1.3338 61.2443 1.00497 -13 2259 1 0 1
27.9612 -4.98377 125.556 15.2932 -4.42425 62.3733 1.55291 -13 2260 1 0 1
-14.2647 22.9627 125.556 -11.8348 17.168 77.3457 2.17795 -13 2261 1 0 1
-5.60681 17.5547 125.556 -2.31651 8.60897 56.1101 1.84716 -13 2262 1 0 1
-13.4297 -10.6192 125.556 -9.06293 -4.95883 69.7481 1.55106 -13 2263 1 0 1
8.42295 -16.79 125.556 4.53252 -9.93885 64.0059 1.00711 -13 2264 1 0 1
7.35245 -9.80934 125.556 4.07838 -5.35944 68.5119 -0.11767 -13 2265 1 0 1
-20.1721 16.2963 125.556 -9.71752 8.39617 56.4114 2.35999 -13 2266 1 0 1
11.1517 -13.281 125.556 6.10886 -5.65067 63.6535 2.22933 -13 2267 1 0 1
-16.2567 20.1033 125.556 -6.1002 7.39849 46.8281 -0.358795 -13 2268 1 0 1
-15.0268 -16.5701 125.556 -9.65243 -11.9994 68.5307 0.84874 -13 2269 1 0 1
-1.64347 -10.9289 125.556 -2.91498 -6.11829 77.3703 0.223191 -13 2270 1 0 1
2.75221 10.6446 125.556 1.45994 5.39705 69.186 -0.26484 -13 2271 1 0 1
-26.1585 3.94465 125.556 -20.0359 1.75268 78.3002 0.159223 -13 2272 1 0 1
6.51775 8.66588 125.556 3.57114 4.18636 59.595 -0.0951016 -13 2273 1 0 1
-15.4708 -5.29483 125.556 -11.7292 -4.46509 75.2009 -0.517642 -13 2274 1 0 1
0.223553 -22.398 125.556 1.03292 -9.5377 48.9082 0.798441 -13 2275 1 0 1
14.4503 0.531601 125.556 8.24982 -0.808679 66.8476 0.230395 -13 2276 1 0 1
-19.0714 -6.29799 125.556 -9.30382 -1.89143 56.9972 -0.630617 -13 2277 1 0 1
-3.30433 3.35792 125.556 -2.73771 1.49608 70.6016 1.67899 -13 2278 1 0 1
-5.63453 10.293 125.556 -5.39406 9.10688 76.2764 1.44419 -13 2279 1 0 1
-5.21126 -6.45651 125.556 -2.75887 -3.32729 60.6329 0.392968 -13 2280 1 0 1
10.7939 -7.28773 125.556 5.77917 -3.7782 61.4643 -2.05833 -13 2281 1 0 1
-19.9433 4.26703 125.556 -12.3714 2.42123 66.9313 1.5047 -13 2282 1 0 1
-20.0437 9.5071 125.556 -6.60313 2.60978 42.1831 2.57833 -13 2283 1 0 1
-10.3763 4.10485 125.556 -7.34063 1.6122 71.7797 -0.702512 -13 2284 1 0 1
-21.1162 7.42989 125.556 -6.54159 2.82881 38.0377 1.55783 -13 2285 1 0 1
-6.31181 -4.12754 125.556 -2.42234 -1.90936 52.6129 0.454019 -13 2286 1 0 1
-11.8252 2.35922 125.556 -5.25848 1.46412 55.6426 -1.04915 -13 2287 1 0 1
-4.4226 1.95457 125.556 -2.90791 1.34549 66.4405 1.16456 -13 2288 1 0 1
-14.0441 -7.41962 125.556 -7.27438 -4.94005 60.2194 2.68617 -13 2289 1 0 1
-7.5884 -24.7769 125.556 -6.18678 -16.3327 73.2579 1.10188 -13 2290 1 0 1
-16.1633 -31.6962 125.556 -6.36712 -13.5652 48.9868 1.45962 -13 2291 1 0 1
7.51592 1.56883 125.556 3.61867 1.65164 71.1355 0.418208 -13 2292 1 0 1
26.5388 -13.8775 125.556 13.625 -7.80119 56.8208 0.350421 -13 2293 1 0 1
-4.21331 11.7377 125.556 -2.17335 7.58039 64.3837 1.80814 -13 2294 1 0 1
-9.87586 -7.02969 125.556 -7.13759 -3.00111 72.253 2.77166 -13 2295 1 0 1
-2.65808 -30.4921 125.556 -2.17718 -17.5611 67.9208 0.848898 -13 2296 1 0 1
-11.2449 -4.25533 125.556 -4.10652 -2.40434 46.3275 -1.97979 -13 2297 1 0 1
-28.711 35.3206 125.556 -8.11113 10.5375 34.854 -0.301784 -13 2298 1 0 1
-26.4008 -13.4245 125.556 -17.2407 -8.26675 70.4937 -0.323591 -13 2299 1 0 1
-15.7091 -1.84936 125.556 -10.6437 -0.306548 71.188 1.82934 -13 2300 1 0 1
-4.85594 -12.0869 125.556 -2.3361 -4.81583 57.8924 0.287905 -13 2301 1 0 1
-0.799509 3.41188 125.556 0.447732 1.35557 48.5649 -0.257692 -13 2302 1 0 1
-24.8509 -21.1351 125.556 -12.1816 -10.8526 56.2996 1.0668 -13 2303 1 0 1
-0.408879 4.99504 125.556 -0.43233 2.26824 65.739 0.497697 -13 2304 1 0 1
-16.639 5.98638 125.556 -6.85476 2.94997 51.1234 0.232077 -13 2305 1 0 1
-9.58735 2.03298 125.556 -6.50141 2.03551 70.0984 3.42817 -13 2306 1 0 1
-5.46007 6.38283 125.556 -4.2773 6.05097 71.1871 1.14528 -13 2307 1 0 1
-15.3028 -11.215 125.556 -9.63661 -4.65894 68.6145 1.74224 -13 2308 1 0 1
-1.60157 -13.7537 125.556 -0.869331 -6.91729 61.98 0.426203 -13 2309 1 0 1
-22.6852 -7.31768 125.556 -12.2587 -4.27436 61.3167 0.528385 -13 2310 1 0 1
-15.0556 18.911 125.556 -12.8147 12.9187 77.3259 0.170713 -13 2312 1 0 1
23.337 17.6143 125.556 10.1813 7.08509 46.1656 -0.7213 -13 2313 1 0 1
-13.0179 23.9988 125.556 -10.6313 16.0008 76.3958 -0.626196 -13 2314 1 0 1
10.789 -2.84588 125.556 5.77172 0.377751 73.7372 2.28229 -13 2315 1 0 1
11.5874 -19.0287 125.556 6.35592 -9.00201 58.5346 0.782728 -13 2316 1 0 1
10.0959 2.20989 125.556 5.44685 1.49145 56.4556 1.11071 -13 2318 1 0 1
3.24835 -18.2039 125.556 2.0521 -7.4605 42.2489 0.167924 -13 2319 1 0 1
11.0772 -13.9701 125.556 6.21214 -6.68143 66.6423 3.21476 -13 2320 1 0 1
-9.32966 -4.00456 125.556 -7.62998 -2.81021 76.1658 1.01061 -13 2321 1 0 1
-11.4276 21.9598 125.556 -8.16132 13.3035 71.5011 -1.76342 -13 2322 1 0 1
41.5653 6.65395 125.556 19.3738 3.05782 51.7315 -0.0506613 -13 2323 1 0 1
-1.96172 2.10542 125.556 -2.19421 1.51323 71.079 1.65452 -13 2324 1 0 1
-2.36579 0.435421 125.556 -1.91902 0.294214 67.7307 0.499149 -13 2325 1 0 1
39.7642 24.6532 125.556 15.2286 7.71754 40.8534 3.42314 -13 2326 1 0 1
10.811 2.87242 125.556 6.06693 0.936381 53.7956 0.303081 -13 2327 1 0 1
26.0615 3.56916 125.556 14.9217 1.54104 67.9014 1.958 -13 2328 1 0 1
-7.83459 -1.11077 125.556 -3.03013 -1.04318 51.8712 0.473191 -13 2329 1 0 1
-3.97274 -13.7129 125.556 -3.9948 -8.85649 74.9836 3.02417 -13 2330 1 0 1
4.49836 7.30916 125.556 2.31637 6.90483 66.0519 -0.76913 -13 2331 1 0 1
-1.50789 27.4716 125.556 -0.196937 10.9612 48.1994 -1.26209 -13 2332 1 0 1
6.68557 0.849943 125.556 3.96668 1.23036 55.1414 0.714952 -13 2334 1 0 1
-17.8944 -3.3028 125.556 -7.4943 -2.07075 51.4132 1.11599 -13 2335 1 0 1
-10.7439 18.0811 125.556 -5.76845 11.1483 61.5793 1.35712 -13 2336 1 0 1
11.1157 -0.0150395 125.556 6.20539 -0.23805 61.4723 -0.786353 -13 2337 1 0 1
-8.68466 17.4834 125.556 -4.23141 10.2811 58.1479 0.922522 -13 2338 1 0 1
-15.6438 32.3103 125.556 -5.41977 11.873 43.4554 -1.56831 -13 2339 1 0 1
-0.819235 -10.4011 125.556 -2.55559 -7.49754 79.5849 1.21513 -13 2340 1 0 1
10.3175 -16.1431 125.556 5.51916 -9.2987 64.4595 2.69682 -13 2341 1 0 1
19.9658 27.4305 125.556 9.6555 12.6932 52.1373 0.688107 -13 2343 1 0 1
-22.3195 -1.20131 125.556 -16.5745 0.910211 76.0828 0.451244 -13 2344 1 0 1
-11.6082 9.02091 125.556 -5.99519 5.50573 59.4542 1.88324 -13 2345 1 0 1
-12.0573 -6.34837 125.556 -6.7348 -1.89104 62.9389 0.174487 -13 2346 1 0 1
6.07654 -2.15755 125.556 3.52358 -2.18612 52.9634 2.91748 -13 2348 1 0 1
-28.2734 4.04735 125.556 -7.53728 0.938455 31.7212 2.9008 -13 2349 1 0 1
7.57243 0.0163387 125.556 4.53424 0.436585 55.8704 0.487992 -13 2350 1 0 1
-7.38533 -6.93161 125.556 -5.26385 -3.05851 69.6288 -0.638089 -13 2351 1 0 1
-12.758 6.85376 125.556 -8.10225 4.22001 67.3963 0.95738 -13 2352 1 0 1
-39.5328 -6.80131 125.556 -18.2738 -4.48905 53.0598 -0.0249884 -13 2353 1 0 1
-10.1576 19.5956 125.556 -4.7732 10.0285 56.5755 2.55785 -13 2354 1 0 1
-3.81853 -18.6671 125.556 -2.87545 -11.8663 68.1377 -0.435736 -13 2355 1 0 1
-2.8347 23.7323 125.556 -2.31463 14.2887 68.7123 2.83441 -13 2356 1 0 1
-9.78735 14.3486 125.556 -4.6631 7.23497 56.761 -0.518861 -13 2357 1 0 1
6.06599 5.67554 125.556 3.60167 3.12395 59.128 -0.426936 -13 2358 1 0 1
20.6147 -22.5564 125.556 8.5936 -7.94795 41.6763 1.21374 -13 2359 1 0 1
-14.9124 -6.38032 125.556 -10.8864 -3.61294 73.6124 -0.117709 -13 2360 1 0 1
-10.8535 -13.9809 125.556 -5.31265 -6.57946 59.8954 0.999829 -13 2361 1 0 1
-24.883 -4.96 125.556 -10.3783 -1.69851 49.482 0.526393 -13 2362 1 0 1
-9.13019 8.36469 125.556 -5.97252 5.52508 67.8162 -0.255778 -13 2363 1 0 1
-1.17216 -4.59454 125.556 -1.94181 -2.26394 75.6924 2.16107 -13 2364 1 0 1
1.1388 -9.03574 125.556 0.105578 -3.87045 68.1322 3.34388 -13 2365 1 0 1
7.47335 10.4147 125.556 3.7693 5.41153 74.7883 1.31462 -13 2366 1 0 1
-11.5442 3.37025 125.556 -8.06021 2.79961 71.3726 0.419607 -13 2367 1 0 1
11.6136 9.73719 125.556 6.36756 5.716 70.3306 0.939531 -13 2368 1 0 1
-6.08382 4.5861 125.556 -2.76221 2.64918 59.5983 0.539787 -13 2369 1 0 1
26.8747 -2.82818 125.556 15.5737 0.503278 69.3853 0.93441 -13 2370 1 0 1
8.87045 12.1521 125.556 5.08925 5.98064 63.7622 -0.3697 -13 2371 1 0 1
-15.0449 7.06306 125.556 -10.9475 5.42161 74.9843 3.64007 -13 2372 1 0 1
6.54902 25.5969 125.556 3.03671 14.3009 69.1824 1.57593 -13 2373 1 0 1
-21.1771 -1.07026 125.556 -15.1601 -0.789325 73.6528 2.39406 -13 2374 1 0 1
2.07771 -24.6202 125.556 1.44179 -10.4211 50.2276 0.779474 -13 2375 1 0 1
10.0924 10.116 125.556 5.63275 4.80663 63.5024 -0.187187 -13 2376 1 0 1
-3.16247 -0.777969 125.556 -2.23743 -1.41753 69.3347 1.66796 -13 2377 1 0 1
18.7197 20.5181 125.556 10.672 13.0267 74.4721 1.63881 -13 2378 1 0 1
4.51638 -24.4397 125.556 1.75089 -14.8486 68.9264 3.23898 -13 2379 1 0 1
-7.18283 -7.01397 125.556 -5.21594 -4.26564 70.682 0.266353 -13 2380 1 0 1
-27.3316 5.34245 125.556 -11.1309 2.66568 47.9438 0.499555 -13 2381 1 0 1
-9.96666 -2.68028 125.556 -3.99688 -1.03304 52.8725 0.707225 -13 2382 1 0 1
2.52839 29.8434 125.556 1.17501 15.0978 60.65 -0.491445 -13 2383 1 0 1
-6.02963 16.2096 125.556 -4.55065 8.69562 71.0382 1.14755 -13 2384 1 0 1
-3.32761 -12.9887 125.556 -0.782574 -3.9779 49.525 1.53902 -13 2385 1 0 1
14.1013 -11.804 125.556 5.45388 -3.53497 40.3945 -0.635618 -13 2386 1 0 1
-3.03616 -5.78954 125.556 -3.19362 -3.23964 74.752 3.16139 -13 2387 1 0 1
-21.9578 9.59129 125.556 -16.4692 6.27167 75.9253 0.636455 -13 2388 1 0 1
1.69861 -11.3327 125.556 0.886903 -6.69131 61.3591 -1.44526 -13 2389 1 0 1
16.1788 -2.82626 125.556 9.00338 -1.69849 66.2603 -1.0281 -13 2390 1 0 1
33.9452 -13.7279 125.556 16.1509 -6.68827 52.5471 1.38918 -13 2391 1 0 1
-39.8497 -9.2242 125.556 -23.4229 -3.77457 64.7084 0.29104 -13 2392 1 0 1
-6.91591 -2.58743 125.556 -4.86003 -0.711385 69.5415 0.0355235 -13 2393 1 0 1
11.0481 6.24035 125.556 6.25147 3.99181 66.8979 1.56168 -13 2394 1 0 1
9.50237 7.92886 125.556 5.03607 4.85619 70.5292 1.68613 -13 2395 1 0 1
-0.523996 -0.0548127 125.556 -0.0760165 1.04166 60.4621 3.24075 -13 2396 1 0 1
3.28268 -3.05665 125.556 0.71004 -2.78928 74.8316 -0.340976 -13 2397 1 0 1
-29.0822 3.70191 125.556 -10.8592 -0.409876 45.5407 1.04403 -13 2398 1 0 1
15.3969 -0.292629 125.556 7.83356 0.195003 56.6759 1.34677 -13 2399 1 0 1
-17.3737 -4.90703 125.556 -8.37214 -2.41271 57.6051 1.226 -13 2400 1 0 1
-18.8886 7.19231 125.556 -6.04353 2.5964 38.9174 -0.415784 -13 2401 1 0 1
-25.3316 13.2253 125.556 -12.4447 6.80168 57.3225 3.05539 -13 2402 1 0 1
15.2843 10.6402 125.556 8.04361 5.45617 53.8229 0.157058 -13 2403 1 0 1
7.51609 21.7692 125.556 3.65369 12.4571 69.2111 1.4953 -13 2404 1 0 1
-1.41813 -10.5788 125.556 -1.1906 -6.17437 66.9331 1.98015 -13 2405 1 0 1
14.3156 -6.31102 125.556 6.91541 -2.42456 48.922 -0.151447 -13 2406 1 0 1
-5.72939 12.165 125.556 -2.74696 5.53593 60.2137 2.96284 -13 2407 1 0 1
-5.82786 -16.5317 125.556 -2.81917 -9.13613 59.6192 0.65382 -13 2408 1 0 1
4.60021 -7.72413 125.556 2.34391 -3.75213 67.6924 2.08448 -13 2409 1 0 1
16.77 13.3925 125.556 9.50357 8.66575 67.5572 -0.731497 -13 2410 1 0 1
-6.33791 2.13647 125.556 -3.25052 1.50962 61.6086 0.238726 -13 2411 1 0 1
-14.0538 -14.5647 125.556 -8.49726 -8.66701 66.5219 2.02252 -13 2412 1 0 1
-21.4139 -7.02417 125.556 -15.7706 -4.48127 75.5729 3.32494 -13 2413 1 0 1
-9.21845 -5.20679 125.556 -8.87341 -2.92687 78.7861 -2.56764 -13 2414 1 0 1
18.4612 4.33125 125.556 10.853 0.562909 69.656 0.588872 -13 2415 1 0 1
-6.55331 7.83336 125.556 -5.39448 4.63851 74.2749 1.51583 -13 2416 1 0 1
-1.2126 -38.0378 125.556 -0.116554 -15.3811 49.0126 4.06187 -13 2417 1 0 1
-16.327 -2.9523 125.556 -9.85777 -2.36125 66.3972 1.64733 -13 2418 1 0 1
-2.90986 23.0509 125.556 -0.884331 9.72271 51.9959 0.326214 -13 2419 1 0 1
-10.0288 -14.8961 125.556 -7.39903 -9.57664 72.1356 -2.37395 -13 2420 1 0 1
0.114578 24.6983 125.556 -2.47593 16.1397 77.7606 0.284802 -13 2421 1 0 1
9.81705 21.2396 125.556 5.46809 11.01 58.8864 0.44514 -13 2422 1 0 1
-7.7409 -19.6654 125.556 -3.32032 -9.33965 55.0407 0.202313 -13 2423 1 0 1
-4.89114 11.716 125.556 -5.59941 8.17205 78.2761 -0.468254 -13 2424 1 0 1
0.369728 23.0203 125.556 0.999009 7.94393 42.6109 2.63424 -13 2425 1 0 1
14.0098 11.1608 125.556 7.65246 6.91169 66.4294 0.775295 -13 2426 1 0 1
-10.1629 9.83497 125.556 -4.50962 3.39854 54.6688 0.799108 -13 2427 1 0 1
6.31378 -3.06436 125.556 3.22734 -0.881267 46.6093 0.203653 -13 2428 1 0 1
4.087 11.5727 125.556 1.0802 9.96662 76.9866 -1.21934 -13 2429 1 0 1
35.5831 -27.2195 125.556 15.1697 -10.5936 45.9411 0.407835 -13 2430 1 0 1
-10.4701 2.83726 125.556 -7.37583 -0.125996 71.5833 3.14612 -13 2431 1 0 1
11.7297 41.3123 125.556 4.2721 11.1494 33.3073 2.44992 -13 2432 1 0 1
23.7864 -9.23054 125.556 11.8619 -4.73439 54.143 -0.261343 -13 2433 1 0 1
6.31484 5.66471 125.556 3.50965 1.97623 59.075 0.23256 -13 2434 1 0 1
-11.044 -37.3483 125.556 -5.74999 -19.1143 60.0249 1.78003 -13 2435 1 0 1
3.63667 -4.26403 125.556 1.78156 -1.17122 64.465 1.03437 -13 2436 1 0 1
4.00125 -6.06264 125.556 1.5873 -4.61317 69.338 0.409329 -13 2437 1 0 1
9.84649 -6.46234 125.556 4.92569 -2.70427 47.6074 0.942604 -13 2438 1 0 1
-7.07861 -4.45076 125.556 -5.4862 -3.92878 73.1158 0.98404 -13 2439 1 0 1
-31.019 -22.6922 125.556 -17.1883 -10.6194 62.585 1.638 -13 2440 1 0 1
-4.90193 -6.89645 125.556 -1.85415 -4.43183 52.9725 -0.228193 -13 2441 1 0 1
3.48048 10.5512 125.556 2.05782 5.32494 46.3023 0.676349 -13 2442 1 0 1
-0.647632 19.6513 125.556 0.0838218 9.27319 53.7186 1.44779 -13 2443 1 0 1
-5.52218 -17.9977 125.556 -4.53524 -11.5803 71.0599 1.31208 -13 2444 1 0 1
5.23111 12.4662 125.556 2.74147 7.00504 69.1128 1.17895 -13 2445 1 0 1
0.91099 -2.52414 125.556 -0.169891 -1.27816 69.185 -1.40677 -13 2446 1 0 1
-2.09294 10.8002 125.556 -2.11672 6.6208 71.9719 -0.285488 -13 2447 1 0 1
-17.9994 -10.6929 125.556 -11.0351 -5.64359 66.6219 -0.157728 -13 2448 1 0 1
-3.16378 -18.9636 125.556 -1.72512 -9.17529 66.1061 1.85697 -13 2449 1 0 1
17.6013 -2.7234 125.556 9.7639 -1.20253 62.7825 1.93478 -13 2450 1 0 1
-13.1519 -15.0886 125.556 -7.63979 -7.93073 64.2241 3.07848 -13 2451 1 0 1
1.73852 -16.2436 125.556 1.25594 -8.97223 60.1121 3.31062 -13 2452 1 0 1
5.06634 9.85621 125.556 2.76228 5.99766 64.917 1.71715 -13 2453 1 0 1
-9.45674 -21.8924 125.556 -4.59391 -12.4367 60.1675 0.433611 -13 2454 1 0 1
-1.57685 9.59654 125.556 -0.253358 3.79699 56.8772 0.399802 -13 2455 1 0 1
12.3441 2.81703 125.556 6.66029 0.86585 74.5577 -0.438172 -13 2456 1 0 1
-15.7514 -8.22847 125.556 -5.99288 -2.94 47.0522 0.224719 -13 2457 1 0 1
-9.80574 -25.8638 125.556 -4.83662 -12.7316 57.4453 1.01463 -13 2458 1 0 1
-3.992 -3.21683 125.556 -2.34952 -1.03387 64.937 2.78643 -13 2459 1 0 1
4.39778 -1.4613 125.556 2.52217 -1.60066 65.3016 1.10016 -13 2460 1 0 1
-3.2159 -13.3805 125.556 -2.27862 -6.04573 66.37 -0.364195 -13 2461 1 0 1
-8.8945 36.492 125.556 -3.56214 17.0142 51.7944 0.370625 -13 2462 1 0 1
-10.8532 32.5605 125.556 -3.00849 10.9149 37.061 -0.378503 -13 2463 1 0 1
-4.23709 1.45193 125.556 -1.23101 0.827481 52.5042 0.806654 -13 2464 1 0 1
-14.3289 48.841 125.556 -7.01229 23.3657 56.2699 0.980106 -13 2465 1 0 1
0.948885 -13.2526 125.556 1.02533 -5.78909 50.8957 1.30638 -13 2466 1 0 1
-8.00267 15.0564 125.556 -1.25542 3.87528 25.967 1.27885 -13 2467 1 0 1
-2.4417 1.85953 125.556 -1.92394 2.4285 68.8949 1.06518 -13 2468 1 0 1
5.33681 5.49564 125.556 2.75476 1.66216 42.3191 1.14002 -13 2469 1 0 1
-22.461 5.51578 125.556 -9.85489 2.10441 51.6649 0.852474 -13 2470 1 0 1
-7.43404 9.92286 125.556 -6.83125 6.01124 76.9832 -1.24579 -13 2471 1 0 1
-15.9874 -21.4287 125.556 -10.038 -12.0482 67.5093 2.47122 -13 2472 1 0 1
8.21194 -0.0831613 125.556 4.37313 -0.807031 46.389 0.818634 -13 2473 1 0 1
5.22447 21.4729 125.556 1.98563 6.15275 30.8644 3.84767 -13 2474 1 0 1
25.0301 2.00856 125.556 13.6143 1.07221 61.2551 1.0215 -13 2475 1 0 1
-14.3696 -24.2629 125.556 -6.50848 -11.3821 54.536 0.757698 -13 2476 1 0 1
5.35337 -2.2954 125.556 3.00132 -0.712344 64.5282 -0.114209 -13 2477 1 0 1
-2.76761 7.50419 125.556 -1.38745 2.72972 63.9525 0.0679043 -13 2478 1 0 1
-5.29524 7.17048 125.556 -4.00695 4.50445 72.2398 -0.812883 -13 2479 1 0 1
-11.0345 9.40993 125.556 -3.56848 3.06659 41.7292 -0.580564 -13 2480 1 0 1
-6.91899 5.51801 125.556 -6.50095 5.47925 77.1898 1.46867 -13 2481 1 0 1
14.8955 30.6471 125.556 7.99174 14.6613 62.4301 1.91246 -13 2483 1 0 1
-19.2139 -19.0759 125.556 -12.2249 -10.6598 68.2023 1.71963 -13 2485 1 0 1
20.2204 8.75287 125.556 10.9899 5.26155 58.2561 -1.12979 -13 2486 1 0 1
-7.06691 -5.42504 125.556 -6.73251 -3.50921 78.7552 -0.0955017 -13 2487 1 0 1
-1.03057 -1.79705 125.556 -2.12142 -1.06234 75.9252 -0.387155 -13 2488 1 0 1
11.4616 -72.9629 125.556 4.50257 -27.2215 43.4675 0.833689 -13 2489 1 0 1
-5.34139 -4.3644 125.556 -3.06269 -2.11527 64.4703 -1.01639 -13 2490 1 0 1
-5.99662 16.2459 125.556 -3.64539 8.20165 65.8516 2.16167 -13 2491 1 0 1
4.69283 -8.10594 125.556 2.37262 -4.34034 69.7894 1.84111 -13 2492 1 0 1
-20.3232 22.0695 125.556 -14.5123 13.9375 74.0809 -0.310876 -13 2493 1 0 1
1.87309 -9.45845 125.556 1.54495 -4.30986 56.2907 -1.11106 -13 2494 1 0 1
-2.1024 1.50228 125.556 -1.93853 1.87843 70.5036 2.81329 -13 2495 1 0 1
16.1905 -0.280404 125.556 6.89174 0.0357388 42.3288 1.97458 -13 2496 1 0 1
1.86947 -3.7107 125.556 -0.73612 -3.55534 80.0861 1.13524 -13 2497 1 0 1
6.66977 16.5858 125.556 3.38455 9.37129 71.8606 -0.41652 -13 2498 1 0 1
-3.42068 -2.04873 125.556 -2.74786 -1.22051 70.6742 1.25653 -13 2499 1 0 1
1.05592 2.42147 125.556 -0.935513 0.241858 78.2043 1.69301 -13 2500 1 0 1
6.13411 7.35543 125.556 2.64495 5.96049 76.0114 0.440923 -13 2501 1 0 1
-13.325 12.9409 125.556 -7.11786 6.14255 61.4223 0.908204 -13 2502 1 0 1
10.7885 14.9178 125.556 5.94646 8.03882 66.7504 -1.49955 -13 2503 1 0 1
-6.50317 -4.18426 125.556 -3.78279 -0.869929 65.0855 1.18003 -13 2504 1 0 1
-2.64067 -33.1623 125.556 -0.646899 -13.4341 48.4365 0.468962 -13 2505 1 0 1
11.1174 26.6037 125.556 5.56459 11.9851 51.7729 2.40401 -13 2506 1 0 1
28.3775 -27.0902 125.556 12.623 -10.7599 47.8107 -0.111279 -13 2507 1 0 1
8.20733 17.6079 125.556 4.49782 8.73627 56.1962 -0.267832 -13 2508 1 0 1
-14.637 30.4314 125.556 -4.95098 11.516 43.2415 1.91072 -13 2509 1 0 1
6.53544 -4.8156 125.556 3.4517 -3.10881 69.4178 0.212135 -13 2510 1 0 1
-35.698 5.55061 125.556 -17.4378 2.15366 55.4207 0.673388 -13 2511 1 0 1
7.74901 -25.3751 125.556 4.07473 -12.9837 54.0727 1.10161 -13 2512 1 0 1
16.1735 -11.0424 125.556 8.19876 -6.45718 54.4015 0.896885 -13 2513 1 0 1
7.68114 -6.18636 125.556 4.0496 -3.93323 72.9679 0.703176 -13 2514 1 0 1
10.2954 -6.49044 125.556 5.75501 -4.37577 68.2063 2.60477 -13 2515 1 0 1
-0.570439 12.0886 125.556 -0.481489 7.24872 66.0499 1.69558 -13 2516 1 0 1
-11.6605 -3.71756 125.556 -8.09926 -0.738422 71.106 1.88358 -13 2517 1 0 1
0.765508 -28.9822 125.556 0.63408 -14.0276 60.8779 0.426229 -13 2518 1 0 1
-1.02429 -8.49177 125.556 -2.14854 -5.81724 76.3458 -0.0431197 -13 2519 1 0 1
-3.07309 5.84025 125.556 -2.19145 4.0649 67.3882 -0.822219 -13 2520 1 0 1
-10.6213 -14.7347 125.556 -6.24694 -8.60825 65.4069 1.08797 -13 2521 1 0 1
-0.0152221 3.32784 125.556 0.773681 2.32396 55.9124 1.03042 -13 2522 1 0 1
8.79122 2.61373 125.556 4.57868 1.44373 70.1853 0.905999 -13 2523 1 0 1
-8.95731 17.353 125.556 -6.82801 10.6899 72.132 1.24412 -13 2524 1 0 1
4.15406 10.461 125.556 1.80348 6.67162 70.6177 1.02651 -13 2525 1 0 1
-3.45647 0.247159 125.556 -1.21133 0.976513 55.762 2.04984 -13 2526 1 0 1
-3.72755 -8.71304 125.556 -2.41068 -3.80155 66.5326 -0.922351 -13 2527 1 0 1
-7.87792 15.3516 125.556 -3.13942 6.74486 54.5872 0.828982 -13 2528 1 0 1
11.5321 2.65314 125.556 6.40696 1.57918 70.2397 -0.550195 -13 2529 1 0 1
-14.7056 -7.43246 125.556 -5.97872 -2.66907 51.8336 2.90314 -13 2530 1 0 1
0.526821 -30.4886 125.556 -0.0226968 -17.8861 64.0911 0.0773215 -13 2531 1 0 1
7.94859 -12.6644 125.556 4.04397 -7.56844 68.2694 -1.09336 -13 2532 1 0 1
20.9769 2.07163 125.556 10.5803 -0.670135 57.081 -0.76367 -13 2533 1 0 1
8.54623 8.90937 125.556 4.75741 4.8885 69.9015 3.18967 -13 2534 1 0 1
-17.9913 1.00832 125.556 -8.4349 0.200302 55.5514 0.891163 -13 2535 1 0 1
30.4012 25.6385 125.556 13.574 9.90572 47.3019 0.727483 -13 2536 1 0 1
10.2485 -15.3426 125.556 5.19735 -6.43416 47.4645 0.850821 -13 2537 1 0 1
-4.57413 6.07048 125.556 -3.51811 2.61424 71.549 0.820979 -13 2538 1 0 1
-7.75954 3.70728 125.556 -5.09466 1.82058 68.3157 2.20695 -13 2539 1 0 1
17.0636 -2.88452 125.556 9.63124 -2.45332 69.2131 3.59219 -13 2542 1 0 1
-8.38338 -20.5981 125.556 -5.1967 -12.2214 66.2856 0.500661 -13 2543 1 0 1
-7.76687 -8.83186 125.556 -3.77153 -4.10099 62.3515 0.974946 -13 2544 1 0 1
1.93363 10.6366 125.556 1.04122 6.5817 68.8126 0.995291 -13 2546 1 0 1
4.9334 -1.63517 125.556 2.65935 -1.87291 69.9629 1.17846 -13 2547 1 0 1
13.5987 29.4483 125.556 7.26713 15.0615 61.5433 0.245733 -13 2549 1 0 1
97.862 31.8238 125.556 26.123 7.40461 28.0621 2.68704 -13 2550 1 0 1
2.95722 21.9082 125.556 1.89269 8.96433 46.3802 1.23979 -13 2551 1 0 1
20.7701 -8.42498 125.556 10.661 -4.24371 55.2754 0.827644 -13 2552 1 0 1
-4.27134 -14.6442 125.556 -0.797266 -4.90281 44.3931 0.100293 -13 2553 1 0 1
15.3118 -10.6836 125.556 7.92211 -4.42903 56.1725 0.0196931 -13 2554 1 0 1
0.23712 18.3023 125.556 -1.68084 12.9441 76.354 1.41041 -13 2555 1 0 1
10.3201 16.2541 125.556 5.36101 7.087 53.6705 2.31677 -13 2556 1 0 1
-9.38311 10.3721 125.556 -4.75771 4.78935 59.7076 -0.463146 -13 2557 1 0 1
-10.1813 19.3143 125.556 -4.98389 9.38189 57.6836 1.70113 -13 2558 1 0 1
-10.2017 11.0504 125.556 -10.4241 8.86348 79.0855 1.09428 -13 2559 1 0 1
-3.24592 6.7284 125.556 -0.959549 3.72062 54.1786 0.603641 -13 2560 1 0 1
-10.8103 -4.67583 125.556 -8.00311 -2.86487 72.1034 -0.83682 -13 2561 1 0 1
5.08967 -13.9475 125.556 2.01504 -9.62498 74.0015 1.57538 -13 2562 1 0 1
-12.1537 17.2593 125.556 -9.99478 13.961 76.4403 2.60113 -13 2563 1 0 1
0.472902 21.1525 125.556 -1.36588 14.1593 76.1733 2.68487 -13 2564 1 0 1
8.54021 -19.2143 125.556 4.84402 -10.17 57.7125 0.208503 -13 2565 1 0 1
16.4014 -6.46744 125.556 9.25228 -3.04819 67.0984 0.0551986 -13 2566 1 0 1
-4.93182 11.4064 125.556 -2.59426 6.52274 63.0117 1.87795 -13 2568 1 0 1
28.8819 14.0091 125.556 15.0505 6.02259 59.6767 -0.188362 -13 2569 1 0 1
-5.67885 -9.90015 125.556 -4.10173 -5.00933 67.5467 -0.339025 -13 2570 1 0 1
1.87295 -0.510818 125.556 0.734821 0.393755 67.7074 2.34538 -13 2571 1 0 1
-14.9189 -6.18591 125.556 -10.8034 -2.88812 73.1584 0.438278 -13 2572 1 0 1
-26.1688 13.3272 125.556 -7.32466 2.66642 32.599 1.71844 -13 2573 1 0 1
10.5052 -1.39605 125.556 4.75447 -0.299431 42.1967 2.79295 -13 2574 1 0 1
-29.5673 -12.1676 125.556 -16.3937 -6.69798 62.2239 -1.63647 -13 2575 1 0 1
-13.3755 -11.5242 125.556 -2.07566 -1.42441 18.8736 1.08544 -13 2576 1 0 1
-5.89601 -9.03768 125.556 -4.92423 -6.06566 74.0853 2.05647 -13 2577 1 0 1
-9.84357 9.23476 125.556 -5.01733 6.65577 60.6864 0.524338 -13 2578 1 0 1
24.6527 10.9734 125.556 9.23196 2.61326 39.7614 3.537 -13 2579 1 0 1
17.7864 8.59503 125.556 10.3518 3.7742 72.2791 1.33624 -13 2580 1 0 1
10.1026 -20.6608 125.556 3.35685 -4.6036 29.395 -1.223 -13 2582 1 0 1
1.36274 -2.87906 125.556 0.455949 -3.94166 67.0745 1.49835 -13 2583 1 0 1
-48.472 2.14876 125.556 -24.2451 0.67068 56.0857 -0.221669 -13 2584 1 0 1
-5.93896 -10.6742 125.556 -2.91252 -5.27724 58.6793 0.92371 -13 2585 1 0 1
-6.93834 -14.118 125.556 -3.67723 -6.82067 60.8634 0.0331284 -13 2586 1 0 1
0.403465 -1.16589 125.556 0.821018 -0.53622 55.2702 -1.56405 -13 2587 1 0 1
29.5603 24.8276 125.556 10.824 7.46369 38.2792 1.20262 -13 2588 1 0 1
6.89957 -16.6735 125.556 3.84869 -8.09271 45.3923 0.720799 -13 2589 1 0 1
2.74268 -17.3495 125.556 1.35878 -10.2594 64.2595 0.172188 -13 2590 1 0 1
0.694592 16.5427 125.556 0.08318 9.60624 61.7364 -1.37825 -13 2591 1 0 1
2.64207 -11.5349 125.556 1.55194 -7.67435 62.9514 0.405691 -13 2592 1 0 1
-5.86131 -12.8653 125.556 -3.62856 -8.54633 66.7239 0.791119 -13 2593 1 0 1
-9.92943 -9.66779 125.556 -7.14502 -5.29918 71.1388 2.90301 -13 2594 1 0 1
21.3524 13.7757 125.556 12.4374 9.72511 77.4378 -0.397343 -13 2595 1 0 1
-25.4246 11.4233 125.556 -15.2708 4.84287 67.1861 2.25321 -13 2596 1 0 1
-5.60639 5.23351 125.556 -1.88403 1.90159 50.0914 0.0791627 -13 2597 1 0 1
11.8161 -12.6137 125.556 4.67682 -3.93649 38.844 0.232285 -13 2598 1 0 1
13.1852 -35.7749 125.556 6.91154 -17.4229 58.5362 1.42912 -13 2599 1 0 1
6.59918 -0.78757 125.556 3.30253 -2.22143 68.8559 0.914877 -13 2600 1 0 1
8.24959 19.898 125.556 4.258 10.4932 64.7127 0.291635 -13 2601 1 0 1
-18.9068 -8.70365 125.556 -12.5333 -6.44294 70.6857 1.30356 -13 2602 1 0 1
14.1397 -25.4113 125.556 6.34542 -9.26771 44.7315 1.4947 -13 2603 1 0 1
-8.51447 0.358835 125.556 -4.96081 -1.69295 65.6996 -0.212263 -13 2604 1 0 1
10.3966 -5.78483 125.556 5.70325 -1.37442 60.7897 3.12331 -13 2605 1 0 1
-15.5645 1.5817 125.556 -8.70982 0.286131 63.6573 1.38627 -13 2606 1 0 1
10.9058 -27.2527 125.556 6.07636 -13.9719 62.2915 2.53074 -13 2607 1 0 1
-8.25677 -10.031 125.556 -6.01168 -5.5203 70.6544 2.82711 -13 2608 1 0 1
9.39451 -5.09712 125.556 4.8633 -3.73695 74.7263 0.716229 -13 2609 1 0 1
17.1971 9.48678 125.556 9.33699 5.08309 64.1594 0.378 -13 2610 1 0 1
0.954118 -15.0652 125.556 0.286098 -8.81283 66.7632 0.390498 -13 2611 1 0 1
-1.46051 -15.7238 125.556 -0.775356 -10.1505 63.3063 1.35645 -13 2612 1 0 1
13.0835 -11.1525 125.556 7.3707 -5.88045 68.8927 1.35783 -13 2613 1 0 1
17.8949 -7.19541 125.556 8.13521 -3.11074 46.7675 2.31739 -13 2614 1 0 1
5.67793 6.18228 125.556 3.0456 2.73014 65.5972 0.617455 -13 2615 1 0 1
9.40403 23.9169 125.556 4.6173 10.2833 51.6475 0.716812 -13 2616 1 0 1
-35.3343 0.739445 125.556 -22.2407 -0.702847 68.3608 0.0317414 -13 2617 1 0 1
7.1669 -39.8966 125.556 2.96846 -10.8611 35.2722 -2.43928 -13 2618 1 0 1
-2.79222 -27.4841 125.556 0.0459705 -8.86635 37.8735 1.60288 -13 2619 1 0 1
21.9089 -74.8314 125.556 6.82608 -20.4301 31.8235 0.100892 -13 2621 1 0 1
30.3926 -17.9035 125.556 14.4147 -8.00005 52.8506 2.34126 -13 2622 1 0 1
-20.1523 -0.338315 125.556 -11.7462 -0.49887 65.1214 2.60716 -13 2623 1 0 1
-27.5376 -11.5909 125.556 -10.2903 -5.1662 44.5869 0.27504 -13 2624 1 0 1
-24.74 -13.4274 125.556 -15.0133 -7.56457 66.6094 -0.101404 -13 2625 1 0 1
56.7326 48.2009 125.556 26.673 20.7402 52.425 -0.145747 -13 2626 1 0 1
29.1896 3.7145 125.556 16.2263 2.37499 64.7176 1.39057 -13 2627 1 0 1
-29.4314 11.0274 125.556 -17.5022 7.02286 65.6603 0.16738 -13 2628 1 0 1
-25.5862 6.09379 125.556 -15.9487 3.37016 67.9738 2.44145 -13 2629 1 0 1
-6.08792 37.7413 125.556 -2.21154 16.9406 53.2177 -0.250252 -13 2630 1 0 1
-4.05015 -1.32834 125.556 -5.12599 -0.838507 80.5805 1.27481 -13 2631 1 0 1
-3.32328 30.9941 125.556 -1.07872 14.322 53.3766 0.358511 -13 2633 1 0 1
-13.7918 3.24543 125.556 -7.65101 2.03351 63.479 2.10468 -13 2634 1 0 1
2.05225 14.1484 125.556 1.41505 5.865 49.3402 1.41725 -13 2635 1 0 1
15.05 24.6079 125.556 8.26194 14.2291 63.314 0.0914325 -13 2636 1 0 1
-10.7884 -12.9002 125.556 -7.12747 -7.90964 68.3189 -1.54949 -13 2637 1 0 1
-2.69191 23.089 125.556 -4.03167 15.7189 79.1471 2.39621 -13 2638 1 0 1
4.73533 48.6638 125.556 2.50861 21.7657 50.7914 1.03081 -13 2640 1 0 1
-2.87312 -9.14969 125.556 -0.501978 -3.51698 51.3306 0.74765 -13 2641 1 0 1
-9.71662 -8.85692 125.556 -6.10652 -4.44297 66.63 0.226258 -13 2642 1 0 1
-2.51463 -4.22169 125.556 -3.75143 -2.70579 77.8319 0.656272 -13 2643 1 0 1
-8.48349 -11.7158 125.556 -4.7891 -6.5413 64.7039 1.83973 -13 2644 1 0 1
3.30598 13.2887 125.556 1.45465 7.82038 72.1442 1.11928 -13 2645 1 0 1
-2.24407 2.8731 125.556 -0.369528 1.56593 48.2164 -1.27272 -13 2646 1 0 1
62.5632 -36.5518 125.556 30.0686 -17.3772 54.7969 1.39772 -13 2647 1 0 1
-2.5981 0.824413 125.556 -2.21925 1.01101 70.6147 0.652732 -13 2648 1 0 1
1.26877 12.3183 125.556 -0.688754 6.71965 76.124 0.230995 -13 2649 1 0 1
-13.0976 -5.07066 125.556 -7.40221 -2.16034 64.0158 0.633592 -13 2650 1 0 1
-28.509 -6.36103 125.556 -15.6047 -3.1265 61.8942 -0.145166 -13 2651 1 0 1
4.72395 26.6063 125.556 2.73384 10.4182 47.428 1.14997 -13 2652 1 0 1
5.81944 -3.38077 125.556 2.4468 -2.07952 77.3087 -0.907973 -13 2654 1 0 1
5.62069 6.77514 125.556 3.11723 3.65993 52.5489 -0.272393 -13 2655 1 0 1
-3.25809 9.39415 125.556 -3.05242 6.10255 71.5156 -0.397796 -13 2656 1 0 1
-21.3294 -13.4383 125.556 -13.1567 -6.25644 66.4313 -1.58115 -13 2657 1 0 1
-11.0149 12.5976 125.556 -3.9321 5.72334 45.6196 1.44216 -13 2658 1 0 1
15.9818 9.91498 125.556 8.62908 5.58214 59.5026 2.2158 -13 2660 1 0 1
-6.04971 14.8767 125.556 -4.01872 10.0636 69.5403 3.19586 -13 2661 1 0 1
-5.89754 3.29603 125.556 -3.68284 2.57711 64.8903 -0.0946801 -13 2662 1 0 1
-3.33381 -0.206219 125.556 -1.02236 -0.15657 51.3476 2.00509 -13 2663 1 0 1
12.8961 -39.559 125.556 6.34867 -17.5663 51.4434 3.39928 -13 2664 1 0 1
2.28059 -13.0494 125.556 1.72209 -7.0324 56.5708 2.14245 -13 2665 1 0 1
-7.12945 -8.38581 125.556 -2.78852 -3.20216 54.6718 -0.583242 -13 2666 1 0 1
-4.74513 1.09448 125.556 -5.15209 0.710135 77.3236 0.248889 -13 2667 1 0 1
-4.49642 -6.71493 125.556 -3.93653 -3.9695 74.6799 -1.11821 -13 2668 1 0 1
-15.7926 11.9631 125.556 -8.25176 6.38788 61.2128 1.7375 -13 2670 1 0 1
4.16269 -21.8137 125.556 2.25455 -11.3043 60.0564 1.54244 -13 2671 1 0 1
-11.7334 -10.1353 125.556 -8.46527 -7.59759 72.6397 0.799861 -13 2672 1 0 1
27.5507 6.85442 125.556 15.9448 0.925607 71.1188 1.70253 -13 2673 1 0 1
-2.00602 -0.0685239 125.556 -2.28907 -1.32556 72.6049 -0.980672 -13 2674 1 0 1
-32.7993 0.62236 125.556 -22.1263 -0.309521 71.9473 -0.77742 -13 2675 1 0 1
2.72464 -7.19959 125.556 1.41941 -4.6433 58.1825 2.78581 -13 2676 1 0 1
9.3551 11.9422 125.556 5.3771 5.14733 57.1855 1.53599 -13 2677 1 0 1
11.1924 -15.6526 125.556 6.05848 -9.26699 69.8056 -0.297665 -13 2678 1 0 1
-15.528 14.638 125.556 -9.4494 7.8757 65.5249 0.0134905 -13 2679 1 0 1
-5.70633 23.9985 125.556 -4.18758 14.3315 67.4804 -0.331924 -13 2680 1 0 1
-9.24027 -0.281819 125.556 -5.78626 -0.789983 66.3077 0.862244 -13 2681 1 0 1
28.6821 -8.7874 125.556 8.86551 -2.18134 31.6226 0.533313 -13 2682 1 0 1
6.70199 -7.17352 125.556 2.95911 -3.17731 76.3078 -0.0740614 -13 2683 1 0 1
-5.78189 6.53998 125.556 -2.86772 3.80361 61.8773 0.576616 -13 2684 1 0 1
15.0671 -0.935501 125.556 8.1479 0.0217025 57.9275 -0.473848 -13 2685 1 0 1
-21.0477 5.19295 125.556 -11.5389 1.94742 62.3444 0.753508 -13 2686 1 0 1
2.22083 -6.86015 125.556 1.32887 -2.92873 60.8459 1.21828 -13 2687 1 0 1
-20.4844 -3.72316 125.556 -7.40037 -2.14336 44.4677 0.354114 -13 2688 1 0 1
-7.04511 17.1325 125.556 -4.56273 9.51803 68.1555 1.81575 -13 2689 1 0 1
6.49827 -8.55195 125.556 3.40962 -4.11712 70.6433 2.13024 -13 2690 1 0 1
17.8337 -9.8381 125.556 9.52054 -4.23 57.7537 -0.780711 -13 2691 1 0 1
-11.3116 12.4543 125.556 -5.31673 6.28582 57.5031 0.0318179 -13 2692 1 0 1
6.22328 -38.4643 125.556 2.96816 -20.8454 59.5268 0.832438 -13 2693 1 0 1
-14.059 -7.15744 125.556 -4.16412 -1.84133 38.1374 0.740147 -13 2694 1 0 1
3.33043 19.5474 125.556 1.77894 10.5157 58.7414 -0.743769 -13 2695 1 0 1
-21.4427 -25.5055 125.556 -9.04 -11.6615 50.4422 3.20114 -13 2696 1 0 1
46.5644 -18.5821 125.556 20.5336 -8.30854 48.6239 2.07006 -13 2697 1 0 1
11.3417 21.3722 125.556 6.37596 12.1833 68.1511 -1.29349 -13 2698 1 0 1
-22.1274 1.61433 125.556 -8.09355 0.594519 44.2882 0.725942 -13 2699 1 0 1
-17.251 -17.7909 125.556 -9.2628 -8.29282 62.0696 -0.750217 -13 2700 1 0 1
-23.0508 -2.84294 125.556 -12.3944 -1.27412 61.7648 1.33205 -13 2701 1 0 1
-17.2402 -14.1655 125.556 -6.27615 -5.82648 44.7965 0.524923 -13 2702 1 0 1
-1.12052 2.96479 125.556 -1.66445 1.57932 72.031 2.47336 -13 2703 1 0 1
-14.1013 15.9859 125.556 -7.54909 9.18497 61.377 0.230086 -13 2704 1 0 1
8.38186 -23.5284 125.556 4.68147 -12.049 62.8369 0.495975 -13 2705 1 0 1
-14.9356 27.3256 125.556 -7.14267 11.988 56.5123 3.53416 -13 2706 1 0 1
-13.5763 9.15719 125.556 -7.29958 4.94925 60.8855 0.467379 -13 2707 1 0 1
5.18667 -7.32207 125.556 2.33333 -6.86984 70.7378 -1.25828 -13 2708 1 0 1
-3.17884 17.0263 125.556 -3.23505 12.624 73.3311 1.10591 -13 2709 1 0 1
-18.5014 15.0323 125.556 -10.4529 8.98499 63.8031 -0.130746 -13 2710 1 0 1
-11.9317 -9.49155 125.556 -9.71465 -5.50481 77.0542 0.757272 -13 2711 1 0 1
9.04402 -27.4518 125.556 4.58625 -15.3392 71.6374 -1.35051 -13 2712 1 0 1
-10.9425 -18.696 125.556 -9.25508 -11.5096 77.0808 -1.38213 -13 2713 1 0 1
-28.4082 -24.0612 125.556 -14.4461 -12.7278 57.1721 0.420766 -13 2714 1 0 1
-17.2002 -6.2808 125.556 -10.4207 -3.43041 67.6713 0.152288 -13 2715 1 0 1
-21.2975 11.522 125.556 -7.94433 4.24936 46.6379 2.74028 -13 2716 1 0 1
4.67498 6.36638 125.556 2.43552 2.73302 66.9385 1.89524 -13 2717 1 0 1
23.0409 -10.511 125.556 11.7386 -5.14035 55.1725 2.05806 -13 2718 1 0 1
0.541998 -7.37363 125.556 -2.06522 -6.8741 80.6504 0.508246 -13 2719 1 0 1
-2.81535 32.3598 125.556 -0.828819 13.4203 48.7173 1.08921 -13 2720 1 0 1
15.8053 -12.2595 125.556 8.44477 -5.84992 56.5857 -1.44504 -13 2721 1 0 1
13.6618 -8.9363 125.556 7.64459 -3.37311 70.3995 -0.14003 -13 2722 1 0 1
-10.9664 4.29588 125.556 -6.98652 1.84702 69.1492 0.943883 -13 2723 1 0 1
19.9788 -19.4483 125.556 8.16284 -6.53222 41.4329 1.8704 -13 2724 1 0 1
-3.63233 -6.19091 125.556 -2.28774 -4.19577 66.3295 -0.0908552 -13 2725 1 0 1
9.98416 8.39485 125.556 5.55972 5.85415 65.9894 -0.307658 -13 2726 1 0 1
6.31932 -33.7419 125.556 2.24019 -9.04181 29.5785 1.65142 -13 2727 1 0 1
-13.2591 -26.4709 125.556 -6.2011 -13.3153 54.8968 1.18649 -13 2729 1 0 1
19.9285 28.7063 125.556 10.4528 15.6034 60.5282 1.13031 -13 2730 1 0 1
10.855 9.79275 125.556 5.587 4.45669 53.9056 1.56571 -13 2731 1 0 1
-24.9652 -16.569 125.556 -14.0306 -9.26035 62.605 0.718661 -13 2732 1 0 1
-29.4231 -29.4758 125.556 -14.6825 -14.8099 57.0856 -0.575519 -13 2733 1 0 1
-9.49071 -11.1123 125.556 -8.66303 -7.07287 79.597 0.0792089 -13 2734 1 0 1
29.9942 -5.78621 125.556 15.8096 -2.39268 59.6507 0.213972 -13 2735 1 0 1
4.25469 -9.61347 125.556 2.22198 -4.15146 65.7426 0.554494 -13 2736 1 0 1
-2.51412 -11.4633 125.556 -2.73966 -6.21757 73.6056 1.03863 -13 2737 1 0 1
1.98657 0.771698 125.556 0.825228 -0.198532 67.6515 1.32999 -13 2738 1 0 1
-5.11374 -35.5728 125.556 -2.42481 -18.2104 58.194 1.08076 -13 2739 1 0 1
10.1315 -18.8843 125.556 5.19166 -11.3224 73.2581 2.19259 -13 2740 1 0 1
11.7702 -4.59585 125.556 6.56419 -0.908747 57.4874 1.09272 -13 2741 1 0 1
0.627389 -2.70548 125.556 0.122151 -0.512026 65.8699 0.433453 -13 2742 1 0 1
9.49985 -5.78719 125.556 5.38052 -4.49423 66.1183 2.00551 -13 2743 1 0 1
-11.205 29.3727 125.556 -6.7255 17.3954 63.8966 0.144273 -13 2744 1 0 1
21.6648 -21.44 125.556 11.3986 -11.6544 58.9156 0.862851 -13 2745 1 0 1
-55.0617 67.581 125.556 -19.4759 21.8856 39.9179 -1.3713 -13 2746 1 0 1
12.465 -0.297486 125.556 6.76719 -0.454363 59.294 0.812045 -13 2747 1 0 1
0.0733634 17.9843 125.556 -1.25857 12.0334 73.886 -0.217884 -13 2748 1 0 1
-3.65939 19.4034 125.556 -5.12397 13.8413 78.931 0.686217 -13 2749 1 0 1
-36.1885 26.1568 125.556 -21.8027 13.1909 65.7987 0.961767 -13 2750 1 0 1
-32.1519 -6.12812 125.556 -16.4898 -2.30692 58.7153 0.434343 -13 2751 1 0 1
-17.2458 -3.96879 125.556 -8.61501 -2.86054 58.5733 0.526239 -13 2752 1 0 1
0.324767 3.91327 125.556 0.860644 1.52776 52.9291 0.937091 -13 2753 1 0 1
6.24295 11.9477 125.556 3.45909 4.91723 49.9689 0.831735 -13 2754 1 0 1
24.413 5.36841 125.556 10.1644 1.63549 44.9362 -0.764989 -13 2755 1 0 1
-10.7242 -2.74269 125.556 -8.25739 -0.464463 74.0016 -1.77929 -13 2756 1 0 1
2.42315 -8.75983 125.556 1.41673 -6.65655 62.8496 1.26208 -13 2757 1 0 1
8.90823 -12.6979 125.556 4.94771 -6.52142 60.4059 0.520792 -13 2758 1 0 1
9.96282 10.2542 125.556 5.35999 6.27454 68.0212 1.63952 -13 2759 1 0 1
11.8986 12.2734 125.556 3.91326 3.12866 27.7161 3.10088 -13 2760 1 0 1
-10.3725 1.08719 125.556 -5.20414 1.11467 59.986 0.67528 -13 2761 1 0 1
-13.7185 2.13903 125.556 -8.76696 1.13579 67.4932 2.5553 -13 2762 1 0 1
24.5731 -12.0628 125.556 11.6736 -5.41979 49.7257 0.0639024 -13 2763 1 0 1
-16.4014 9.92691 125.556 -13.8531 5.58701 80.022 -0.823991 -13 2764 1 0 1
-20.8618 -31.0883 125.556 -10.6268 -14.938 58.8233 0.339539 -13 2765 1 0 1
-10.1309 5.68001 125.556 -8.1381 1.20846 75.1702 -1.22055 -13 2766 1 0 1
16.1169 -7.61617 125.556 8.37956 -4.1139 55.2566 1.35828 -13 2767 1 0 1
-0.972455 12.3785 125.556 0.398599 5.44385 49.7904 -1.89984 -13 2768 1 0 1
0.445472 10.314 125.556 0.0778258 7.40078 65.871 0.543875 -13 2769 1 0 1
-14.1369 2.10249 125.556 -7.93772 2.21428 65.4064 2.99329 -13 2770 1 0 1
46.8481 40.6487 125.556 21.1655 17.76 50.9339 2.88843 -13 2771 1 0 1
4.02553 3.29651 125.556 2.6663 2.59186 58.0748 1.404 -13 2772 1 0 1
-16.6299 -14.4002 125.556 -10.8442 -8.63722 68.7271 1.0894 -13 2773 1 0 1
-4.03432 -9.54682 125.556 -3.18823 -6.86345 70.3637 1.98043 -13 2774 1 0 1
-8.10549 3.21717 125.556 -3.82061 1.03064 57.732 0.613599 -13 2775 1 0 1
-15.3937 -4.83688 125.556 -8.46513 -3.48925 63.5858 3.19228 -13 2776 1 0 1
50.1177 21.2214 125.556 24.1997 10.1256 55.3278 1.20348 -13 2777 1 0 1
11.9459 -1.74405 125.556 6.71652 -0.669462 70.1865 1.1775 -13 2778 1 0 1
-9.18999 19.9959 125.556 -5.62822 11.5568 64.5013 0.874703 -13 2780 1 0 1
-3.55046 7.84938 125.556 -2.42325 4.9404 68.2689 -0.000884437 -13 2781 1 0 1
-1.96504 -13.0902 125.556 -1.09942 -6.53208 63.9714 2.23361 -13 2782 1 0 1
-11.9031 3.47931 125.556 -8.11511 3.06068 70.8856 0.248957 -13 2783 1 0 1
-19.8766 -13.5798 125.556 -5.02519 -4.67419 31.4925 1.77409 -13 2784 1 0 1
-11.8071 -14.0728 125.556 -8.47758 -7.67861 71.3781 2.07643 -13 2785 1 0 1
0.563582 0.610559 125.556 0.757989 0.256215 58.8891 -0.235454 -13 2786 1 0 1
-3.78131 -0.538675 125.556 -2.50734 0.826245 68.0143 1.16582 -13 2787 1 0 1
0.682397 -24.5351 125.556 0.641263 -11.3339 56.095 1.45736 -13 2788 1 0 1
16.3741 3.46328 125.556 9.15258 0.311602 62.3591 -0.0411645 -13 2789 1 0 1
-13.6538 -18.4157 125.556 -5.68461 -6.5396 51.1167 1.15965 -13 2790 1 0 1
5.88108 -12.5335 125.556 3.22874 -5.81407 64.6906 -0.457797 -13 2791 1 0 1
-13.0848 2.59031 125.556 -7.67097 2.88692 64.7493 -0.601423 -13 2792 1 0 1
12.8834 -18.4068 125.556 7.18397 -9.73225 64.3611 0.804432 -13 2793 1 0 1
1.59145 14.9236 125.556 0.0902221 8.26105 73.1681 0.570633 -13 2794 1 0 1
7.04743 -23.6706 125.556 4.01281 -11.1641 60.3268 0.124753 -13 2795 1 0 1
2.545 -7.25005 125.556 1.32107 -1.94227 28.1159 1.53002 -13 2796 1 0 1
-10.7902 9.24015 125.556 -7.32525 5.91103 69.4385 0.573365 -13 2797 1 0 1
-7.03502 -9.65378 125.556 -6.2095 -5.35557 75.3406 0.537578 -13 2798 1 0 1
6.73479 8.04978 125.556 3.7038 3.08895 52.8298 1.95723 -13 2799 1 0 1
2.08448 3.58699 125.556 1.78783 2.14593 51.31 0.577852 -13 2800 1 0 1
-12.4132 -9.76844 125.556 -9.05708 -7.94312 73.6207 0.809868 -13 2801 1 0 1
-7.2788 9.85188 125.556 -5.56449 6.37413 72.8133 -0.960058 -13 2802 1 0 1
3.09055 9.43753 125.556 -0.160588 7.48117 80.207 1.89946 -13 2804 1 0 1
-5.80853 -11.5235 125.556 -4.98771 -8.27881 73.3444 2.3058 -13 2805 1 0 1
34.2561 2.55372 125.556 17.472 0.670971 56.4443 1.53315 -13 2806 1 0 1
2.79446 38.5041 125.556 0.996979 22.0656 66.6671 1.18304 -13 2807 1 0 1
13.4169 -3.97831 125.556 7.26772 -2.04568 69.9663 0.631035 -13 2808 1 0 1
4.00379 27.7755 125.556 2.72317 11.8438 49.4466 0.338634 -13 2809 1 0 1
-6.75601 17.9782 125.556 -5.30665 11.0925 71.7305 1.6544 -13 2810 1 0 1
9.28684 -29.3668 125.556 4.97242 -13.002 52.1315 0.496731 -13 2811 1 0 1
18.8575 8.35302 125.556 10.8717 3.82539 67.8654 0.899792 -13 2812 1 0 1
15.7665 6.04056 125.556 7.61898 3.7615 49.9211 0.390247 -13 2813 1 0 1
-12.7107 -3.46801 125.556 -6.21087 -1.48073 59.2533 2.63116 -13 2814 1 0 1
-15.1285 -5.08167 125.556 -9.3534 -2.61619 66.4166 2.44537 -13 2815 1 0 1
-10.2678 -4.22834 125.556 -6.19385 -4.25814 66.0367 2.57486 -13 2816 1 0 1
18.677 11.9768 125.556 10.5576 6.32655 67.6161 -0.135417 -13 2817 1 0 1
31.3934 6.59466 125.556 17.8164 5.7814 67.9786 1.25335 -13 2818 1 0 1
8.6405 11.7515 125.556 4.32436 7.39781 75.27 0.844245 -13 2820 1 0 1
-2.41049 9.37768 125.556 -2.81117 7.63569 74.7525 3.12464 -13 2821 1 0 1
-5.3225 20.2072 125.556 -2.51746 11.5703 58.8023 -1.03994 -13 2822 1 0 1
7.0278 18.8775 125.556 2.9929 13.5631 76.0048 1.74357 -13 2823 1 0 1
15.8662 -12.7172 125.556 8.50443 -6.291 62.5342 -0.570156 -13 2824 1 0 1
22.6248 13.3255 125.556 12.1324 6.37582 60.6863 1.44851 -13 2825 1 0 1
14.6616 -17.969 125.556 3.61973 -3.3469 24.5106 0.116895 -13 2826 1 0 1
18.3289 1.2992 125.556 10.4818 0.721786 71.3583 1.43881 -13 2827 1 0 1
-8.47934 -12.3806 125.556 -5.3898 -6.88263 68.7262 1.74793 -13 2828 1 0 1
39.9158 18.1973 125.556 20.2424 8.74018 56.5542 -1.68803 -13 2829 1 0 1
18.2885 -17.457 125.556 10.5228 -11.4254 69.5327 0.795779 -13 2830 1 0 1
-14.227 1.94056 125.556 -12.0015 2.96078 79.293 0.467345 -13 2831 1 0 1
1.91153 -3.2595 125.556 1.40162 -1.68074 61.5226 2.10132 -13 2832 1 0 1
-14.9758 -0.34954 125.556 -9.87281 -1.94649 69.0897 0.289832 -13 2833 1 0 1
2.86974 -2.35773 125.556 0.914962 -0.716201 72.03 -0.307329 -13 2834 1 0 1
4.02146 4.74994 125.556 1.88855 3.05398 68.9311 2.25659 -13 2835 1 0 1
-14.202 4.65498 125.556 -5.07897 1.42232 45.6716 -0.309347 -13 2836 1 0 1
-2.72255 19.4624 125.556 -1.66469 9.21598 63.6871 0.487936 -13 2837 1 0 1
12.097 -1.7822 125.556 5.35899 -1.75449 79.4904 3.02013 -13 2838 1 0 1
1.57682 -1.98414 125.556 0.480631 0.327321 65.9211 -0.372802 -13 2839 1 0 1
50.9331 -15.2556 125.556 17.5008 -5.77136 36.3876 1.53707 -13 2840 1 0 1
11.8911 7.69463 125.556 6.16917 4.1569 51.1806 0.635563 -13 2841 1 0 1
-0.349247 -0.819452 125.556 0.440475 0.626499 54.99 0.329626 -13 2842 1 0 1
-21.7776 -7.95228 125.556 -11.8503 -2.34798 61.5394 1.9438 -13 2843 1 0 1
36.9653 -1.55807 125.556 21.4498 -1.49477 69.3444 3.22449 -13 2844 1 0 1
11.4321 -10.6344 125.556 4.27328 -1.99086 33.2897 1.5891 -13 2845 1 0 1
2.06424 6.02874 125.556 1.25595 5.43138 64.7509 0.363873 -13 2846 1 0 1
5.81454 -0.0164426 125.556 3.13123 0.099877 64.9669 1.34681 -13 2847 1 0 1
-13.9425 -4.30988 125.556 -5.45006 -2.60709 49.5831 0.597 -13 2848 1 0 1
-10.4063 13.2763 125.556 -5.19032 7.32965 58.7385 -0.962057 -13 2849 1 0 1
28.8746 3.95483 125.556 12.2695 1.52001 45.3335 0.100518 -13 2850 1 0 1
7.18593 0.781962 125.556 2.9806 1.40179 77.472 -1.20936 -13 2851 1 0 1
25.9488 -4.7769 125.556 14.546 -1.44235 65.6279 -0.18429 -13 2852 1 0 1
-19.3675 -10.7667 125.556 -11.775 -6.42354 66.5351 2.49916 -13 2853 1 0 1
-4.43843 7.88941 125.556 -3.52013 5.17776 71.3457 -1.21006 -13 2854 1 0 1
1.66413 -6.20701 125.556 -0.80222 -4.61388 80.4772 1.47279 -13 2855 1 0 1
2.11108 4.56047 125.556 1.11657 1.76698 65.4173 -0.161496 -13 2857 1 0 1
-0.61151 -4.58336 125.556 0.0868403 -2.14996 56.2413 -0.457533 -13 2858 1 0 1
18.4095 8.58593 125.556 9.46871 4.25224 56.8506 1.45987 -13 2859 1 0 1
13.9324 3.25202 125.556 7.53853 1.4122 63.2922 -1.87773 -13 2860 1 0 1
6.71409 10.1705 125.556 2.60531 7.84887 77.9915 2.09648 -13 2861 1 0 1
-0.0593532 -7.28708 125.556 0.334546 -4.15697 61.2712 1.10494 -13 2862 1 0 1
-1.37615 7.44664 125.556 -1.18224 4.02587 67.4209 -0.155118 -13 2863 1 0 1
6.33859 -12.1052 125.556 3.34309 -6.81362 59.9149 -0.485892 -13 2864 1 0 1
9.33743 -4.50168 125.556 4.58683 -1.71519 44.4679 -0.672888 -13 2865 1 0 1
-30.1573 11.8255 125.556 -12.8273 5.91268 48.7484 -0.153272 -13 2866 1 0 1
-7.6468 12.7094 125.556 -2.07233 4.92922 40.7553 -0.794434 -13 2867 1 0 1
13.9112 -7.3035 125.556 7.86593 -3.34837 65.5335 2.46752 -13 2868 1 0 1
19.1195 11.4421 125.556 10.3453 5.53219 60.847 1.63721 -13 2869 1 0 1
15.8247 -16.2897 125.556 8.78878 -9.3605 66.5524 -0.553088 -13 2870 1 0 1
0.455918 4.12362 125.556 0.0539634 2.83754 66.9831 -0.0849182 -13 2871 1 0 1
6.71845 16.0093 125.556 3.74757 7.63506 61.1494 1.06861 -13 2872 1 0 1
4.06485 15.2394 125.556 1.83068 7.58078 70.5033 -1.33885 -13 2873 1 0 1
7.2721 31.2135 125.556 4.03046 13.2759 50.8237 0.204449 -13 2875 1 0 1
-35.377 -25.3302 125.556 -19.1789 -12.6205 60.6037 0.0856274 -13 2876 1 0 1
-18.0745 6.03166 125.556 -14.0811 4.397 77.1571 2.5912 -13 2877 1 0 1
-0.642741 8.1967 125.556 0.443136 1.81009 32.9541 -0.644989 -13 2878 1 0 1
-29.0636 6.40137 125.556 -11.1051 2.76399 45.2475 0.681216 -13 2879 1 0 1
-7.3104 7.779 125.556 -3.56963 5.55562 59.5636 1.80255 -13 2880 1 0 1
13.4818 -14.9219 125.556 7.46081 -7.78789 61.2049 3.06162 -13 2881 1 0 1
0.161085 8.29494 125.556 0.089493 4.37753 61.0827 1.15287 -13 2882 1 0 1
-11.8024 -12.5647 125.556 -8.40716 -7.71866 71.4179 0.812663 -13 2883 1 0 1
-13.0133 13.96 125.556 -6.30002 7.31993 58.2899 1.5795 -13 2884 1 0 1
-8.16101 -0.966932 125.556 -3.29465 0.364831 53.6325 3.1286 -13 2885 1 0 1
48.7958 17.8191 125.556 24.0806 8.80568 55.6204 -0.365751 -13 2886 1 0 1
-2.99024 -7.79295 125.556 -0.601409 -4.02578 50.3079 -1.48153 -13 2887 1 0 1
23.6949 32.3218 125.556 10.8232 13.6735 49.6135 -1.65545 -13 2888 1 0 1
-5.47468 -9.41845 125.556 -4.2483 -6.27491 71.5468 -0.432302 -13 2889 1 0 1
-8.6256 16.9729 125.556 -4.74977 9.62112 61.9782 -0.337556 -13 2890 1 0 1
-2.82473 14.156 125.556 -2.93799 9.19024 74.1243 2.81918 -13 2891 1 0 1
8.51018 27.8091 125.556 4.51519 13.2554 53.3297 0.743008 -13 2892 1 0 1
8.49308 0.362368 125.556 2.45163 0.441369 22.7514 -0.609333 -13 2893 1 0 1
26.62 3.1578 125.556 13.9634 2.53476 58.2491 2.45433 -13 2894 1 0 1
19.1532 -6.57618 125.556 6.64429 -1.55828 35.0557 1.19477 -13 2895 1 0 1
-13.7024 9.46101 125.556 -7.03083 6.31572 60.7912 0.622258 -13 2896 1 0 1
-2.34695 5.8622 125.556 -1.88986 3.54348 67.7877 1.54402 -13 2897 1 0 1
-4.7341 -16.6 125.556 -2.42059 -9.29017 62.0654 0.220189 -13 2898 1 0 1
-10.0199 23.8591 125.556 -4.69622 10.2852 56.6041 0.583226 -13 2899 1 0 1
28.4403 -19.9621 125.556 15.8598 -11.0564 65.6789 2.17575 -13 2900 1 0 1
-4.32746 -4.68849 125.556 -4.61676 -3.11496 77.0042 0.176762 -13 2901 1 0 1
-6.11871 14.0597 125.556 -3.61421 9.41809 64.956 3.02247 -13 2902 1 0 1
-2.62063 14.7448 125.556 -2.18048 8.48359 68.7225 -1.05299 -13 2904 1 0 1
5.05399 -3.95115 125.556 2.35275 -3.00034 72.8028 1.34334 -13 2905 1 0 1
-7.08631 12.9826 125.556 -2.38324 5.20986 46.2862 3.08159 -13 2906 1 0 1
-0.943627 1.18825 125.556 -2.36902 0.343664 78.2092 0.839856 -13 2907 1 0 1
-13.0509 -25.0124 125.556 -5.3526 -12.0201 52.3358 0.887697 -13 2908 1 0 1
-12.4084 5.86037 125.556 -7.32689 2.64701 63.6459 2.41843 -13 2909 1 0 1
-6.33081 2.52697 125.556 -6.82707 3.20565 79.8666 -0.13695 -13 2910 1 0 1
-16.7215 13.1622 125.556 -10.8594 8.07978 68.8429 3.60633 -13 2911 1 0 1
10.7544 -8.43362 125.556 5.90939 -3.22472 57.3582 0.677518 -13 2912 1 0 1
5.8436 15.9081 125.556 2.60946 11.5705 75.8573 -1.58472 -13 2913 1 0 1
-27.5343 12.11 125.556 -11.7426 5.60629 49.6895 0.760557 -13 2914 1 0 1
28.3554 -6.60483 125.556 16.2106 -4.23284 68.7884 1.37862 -13 2915 1 0 1
12.2912 -10.3978 125.556 6.77911 -6.98138 65.6962 0.959966 -13 2916 1 0 1
-3.27496 5.83247 125.556 -1.69387 3.0498 63.488 3.91558 -13 2917 1 0 1
12.8912 1.62066 125.556 6.98254 1.68149 60.808 0.350821 -13 2918 1 0 1
10.2708 7.75721 125.556 5.5357 4.48974 69.3613 0.84706 -13 2919 1 0 1
-9.70537 12.8412 125.556 -6.784 8.45155 69.7923 1.27634 -13 2920 1 0 1
-6.17264 8.15121 125.556 -5.1277 6.64422 73.363 1.02765 -13 2921 1 0 1
21.0718 -0.251237 125.556 11.8942 0.347149 68.4054 1.06919 -13 2922 1 0 1
15.0462 26.4172 125.556 8.07773 14.0108 64.9599 -2.46107 -13 2923 1 0 1
-7.94111 -2.22197 125.556 -5.57143 -1.26201 69.499 0.294463 -13 2924 1 0 1
-0.191117 12.7115 125.556 -0.926791 8.65115 72.6838 0.130918 -13 2926 1 0 1
27.9188 2.8045 125.556 11.3831 1.13755 43.4084 1.13146 -13 2927 1 0 1
7.02806 25.6502 125.556 3.82786 11.647 54.4301 -1.0835 -13 2928 1 0 1
6.27052 2.87902 125.556 2.8927 1.21788 35.3552 1.33457 -13 2929 1 0 1
-20.0591 18.9175 125.556 -13.2602 11.8767 70.14 -1.27603 -13 2930 1 0 1
-9.60757 21.4673 125.556 -4.56329 11.3823 57.9944 1.77111 -13 2931 1 0 1
-1.35667 -2.71498 125.556 0.114728 -2.12436 54.2928 -0.534014 -13 2932 1 0 1
-17.3745 -1.9873 125.556 -9.91276 -0.0209023 64.0289 1.0697 -13 2933 1 0 1
10.0562 -8.53916 125.556 5.45366 -6.19683 62.6925 2.4357 -13 2934 1 0 1
-4.87087 1.42589 125.556 -2.56468 1.74239 61.0122 0.569633 -13 2935 1 0 1
4.75602 8.07541 125.556 2.03735 4.50534 74.5766 -0.125884 -13 2936 1 0 1
-6.17401 -1.89103 125.556 -2.17003 0.765464 49.5227 -1.20207 -13 2937 1 0 1
25.7082 -4.60345 125.556 10.6561 -1.49535 43.9689 2.50854 -13 2938 1 0 1
6.78913 14.3121 125.556 2.54541 10.6477 78.3688 0.181109 -13 2939 1 0 1
10.4919 9.15643 125.556 6.07406 4.61761 63.35 0.282656 -13 2940 1 0 1
-42.9866 15.1289 125.556 -25.6025 7.47159 65.7417 0.0189494 -13 2941 1 0 1
6.20881 3.82498 125.556 3.31869 1.43352 55.3317 -0.703626 -13 2942 1 0 1
-2.37815 32.7078 125.556 -0.962451 15.0837 56.3411 0.315026 -13 2943 1 0 1
7.83995 0.0242088 125.556 4.42803 0.555432 61.8316 2.20431 -13 2944 1 0 1
-9.64541 0.349444 125.556 -4.29528 -2.11495 56.5816 4.18274 -13 2945 1 0 1
65.8436 -20.4645 125.556 23.0041 -6.08576 36.5217 0.020419 -13 2946 1 0 1
-10.9588 17.3833 125.556 -5.74233 10.8792 60.4882 -1.32715 -13 2947 1 0 1
-3.354 10.0493 125.556 -0.618627 3.79574 46.3164 0.653789 -13 2948 1 0 1
-7.37368 -17.8521 125.556 -5.15098 -11.7228 68.4506 1.33136 -13 2949 1 0 1
-7.03204 -10.9983 125.556 -2.68113 -3.99697 55.3487 0.154879 -13 2950 1 0 1
12.6213 -6.33688 125.556 6.87459 -5.16119 55.7543 0.037152 -13 2951 1 0 1
-10.9195 3.79576 125.556 -6.04598 2.45163 63.3641 0.952219 -13 2952 1 0 1
-1.46322 8.14294 125.556 -1.07167 4.8466 67.6564 0.669746 -13 2953 1 0 1
-2.00994 -2.0043 125.556 -0.43022 -2.56059 57.4116 -1.01136 -13 2955 1 0 1
-4.71624 6.04491 125.556 -3.41982 2.93759 70.8779 0.264181 -13 2956 1 0 1
-5.2843 5.17868 125.556 -3.99656 4.18408 69.7643 1.92851 -13 2957 1 0 1
16.0116 26.4593 125.556 8.20304 11.7318 58.2394 2.32968 -13 2958 1 0 1
15.7438 -6.17782 125.556 8.88602 -4.51542 77.6175 -0.472017 -13 2959 1 0 1
-5.21757 16.9629 125.556 -3.11098 8.22671 64.7825 1.18383 -13 2960 1 0 1
16.7976 -24.0849 125.556 9.42254 -13.0267 63.3125 3.08984 -13 2961 1 0 1
35.7418 -14.6216 125.556 6.21466 -1.71532 17.1941 1.94997 -13 2963 1 0 1
-26.1996 -41.3588 125.556 -9.39187 -14.2928 42.3324 -0.0699437 -13 2964 1 0 1
21.4714 -23.9316 125.556 7.85486 -7.76702 40.9881 3.02048 -13 2965 1 0 1
12.6418 3.3247 125.556 7.06345 1.63964 67.9047 -1.04405 -13 2966 1 0 1
-4.60083 -50.5294 125.556 -2.47838 -26.4333 57.8795 0.687194 -13 2967 1 0 1
-0.686762 -12.4617 125.556 -1.22815 -6.31001 71.6031 1.9776 -13 2968 1 0 1
-14.375 -9.81366 125.556 -9.04772 -6.0548 68.2689 2.27086 -13 2969 1 0 1
28.8164 -12.2959 125.556 16.0695 -7.0327 65.5614 0.212461 -13 2970 1 0 1
-10.0394 -9.15373 125.556 -7.43492 -6.35372 73.0337 -0.437561 -13 2971 1 0 1
9.87131 -2.60443 125.556 5.56018 -1.78767 69.6236 2.00673 -13 2972 1 0 1
-6.36765 -1.62748 125.556 -7.186 -1.3992 78.5202 1.5392 -13 2973 1 0 1
-2.81062 68.253 125.556 -0.00442655 7.06109 13.3622 2.36344 -13 2974 1 0 1
-7.74649 -7.78847 125.556 -5.20809 -6.76651 68.9145 1.29183 -13 2975 1 0 1
0.580937 -12.1151 125.556 0.0962897 -7.23541 64.5557 1.46896 -13 2976 1 0 1
19.3041 -20.5419 125.556 10.7461 -12.1132 62.7851 1.60822 -13 2977 1 0 1
-12.8315 16.1995 125.556 -5.18212 5.92017 51.6827 2.39425 -13 2978 1 0 1
8.52993 -23.1487 125.556 4.70188 -11.0848 59.5148 -0.0842068 -13 2979 1 0 1
-14.935 7.9357 125.556 -6.54773 3.62101 52.7384 0.330979 -13 2980 1 0 1
7.97334 -0.51255 125.556 4.58386 -1.0011 56.2185 3.09877 -13 2981 1 0 1
4.60511 -2.15954 125.556 2.3993 -1.12628 67.2626 -0.485735 -13 2982 1 0 1
5.28736 6.95996 125.556 2.89243 3.73595 62.5106 -0.753541 -13 2983 1 0 1
-21.7573 -1.97059 125.556 -15.6809 -0.10306 75.0814 1.52116 -13 2984 1 0 1
7.12415 -10.3872 125.556 3.86634 -4.64658 48.994 0.0231283 -13 2985 1 0 1
23.2152 3.30546 125.556 11.7981 2.33255 55.1103 1.74261 -13 2986 1 0 1
-12.5358 18.9808 125.556 -9.4347 12.8269 73.9396 0.297701 -13 2987 1 0 1
29.274 -24.2153 125.556 13.7374 -9.08283 49.892 1.18437 -13 2988 1 0 1
10.9506 -0.90254 125.556 6.16831 -0.682515 68.7929 0.10236 -13 2989 1 0 1
-13.6722 -7.5823 125.556 -7.59486 -4.93297 63.4622 -0.114237 -13 2990 1 0 1
3.12501 0.987004 125.556 1.13503 0.0173119 71.8006 0.701173 -13 2991 1 0 1
-17.1384 -1.27543 125.556 -11.639 0.704499 70.8747 0.458988 -13 2992 1 0 1
-6.80861 0.00626082 125.556 -5.52881 -0.510888 74.3395 -0.774934 -13 2993 1 0 1
-5.36385 8.46022 125.556 -2.76481 3.76377 62.9317 1.70847 -13 2994 1 0 1
1.85174 -11.7968 125.556 -0.557941 -7.71706 77.1365 -0.423721 -13 2995 1 0 1
-0.189375 -14.3728 125.556 0.150987 -6.52553 58.5953 -0.235804 -13 2996 1 0 1
-20.4172 -1.10342 125.556 -13.4256 -0.718347 70.462 -0.547808 -13 2998 1 0 1
1.82137 5.62528 125.556 0.847052 3.02062 66.0047 0.465031 -13 2999 1 0 1
3.7846 5.29659 125.556 1.2954 2.85708 73.7463 2.65531 -13 3000 1 0 1
-4.00841 -0.0906601 125.556 -2.74628 -1.89809 67.9908 0.849064 -13 3001 1 0 1
-23.0553 13.3824 125.556 -17.512 8.79821 77.0776 1.3487 -13 3002 1 0 1
-52.2734 21.7169 125.556 -17.1759 6.45357 37.325 0.631305 -13 3003 1 0 1
-10.3169 27.5123 125.556 -6.63981 16.0546 65.5733 2.39564 -13 3004 1 0 1
4.78103 -0.728516 125.556 2.54208 -0.054829 67.8783 -0.0727285 -13 3005 1 0 1
-12.0568 7.94452 125.556 -7.34076 5.24089 66.1553 2.62242 -13 3006 1 0 1
-24.3103 6.74046 125.556 -15.7598 5.24601 69.6633 -0.0352815 -13 3007 1 0 1
33.4513 -7.82553 125.556 15.2216 -4.02235 49.3177 -0.168303 -13 3008 1 0 1
-3.17185 1.26807 125.556 -2.88742 1.12308 72.893 -1.4407 -13 3009 1 0 1
4.51629 21.526 125.556 2.64616 11.2647 55.4274 1.0283 -13 3010 1 0 1
2.20841 2.07696 125.556 1.14059 1.5423 63.2043 -1.16273 -13 3011 1 0 1
-1.12622 -25.1254 125.556 -0.349086 -11.3294 55.1739 3.49177 -13 3012 1 0 1
20.0824 -16.6176 125.556 10.2807 -7.52058 56.3257 1.05057 -13 3013 1 0 1
5.24478 -6.34947 125.556 2.29037 -3.74425 74.0549 -0.126806 -13 3014 1 0 1
20.9524 -18.3903 125.556 12.0754 -10.6306 74.6013 2.24369 -13 3015 1 0 1
-12.6161 -12.0268 125.556 -5.10939 -4.55623 51.6951 2.41089 -13 3016 1 0 1
-5.51214 6.47752 125.556 -4.41092 2.56466 70.9962 0.396558 -13 3017 1 0 1
-10.7837 20.3263 125.556 -5.29561 10.771 57.5477 3.12037 -13 3018 1 0 1
16.9911 1.12374 125.556 9.62073 0.607354 69.9435 2.51417 -13 3020 1 0 1
11.3132 7.07484 125.556 6.33921 6.51779 68.4495 0.0540132 -13 3021 1 0 1
11.41 5.90323 125.556 6.00694 2.2407 56.2694 0.0406708 -13 3022 1 0 1
-0.814522 17.906 125.556 -0.274067 8.04872 61.4266 0.586031 -13 3023 1 0 1
13.7502 3.23164 125.556 5.27027 0.762518 35.9581 3.38794 -13 3024 1 0 1
13.4998 -18.3274 125.556 4.9166 -6.13024 36.3723 2.09385 -13 3025 1 0 1
9.70867 12.7704 125.556 5.46976 7.77269 61.1037 -0.345614 -13 3026 1 0 1
-21.9942 15.4788 125.556 -13.0434 8.57771 64.7933 2.44441 -13 3027 1 0 1
-11.4707 13.6533 125.556 -3.55162 4.48335 41.6834 -1.62657 -13 3028 1 0 1
23.3599 -16.4935 125.556 13.1792 -10.3568 67.1445 -0.455165 -13 3029 1 0 1
1.98907 13.2821 125.556 1.38041 5.0458 50.8116 1.08531 -13 3030 1 0 1
34.0081 -23.2703 125.556 13.2441 -7.0634 40.6607 0.979201 -13 3031 1 0 1
-13.7743 5.87109 125.556 -7.95051 2.54897 65.6434 1.02417 -13 3032 1 0 1
-10.9404 -13.7298 125.556 -6.24307 -7.03287 64.3614 -2.03597 -13 3033 1 0 1
25.5107 -21.5595 125.556 12.0099 -8.82857 51.5688 1.28977 -13 3034 1 0 1
4.34962 0.75605 125.556 2.46491 0.305716 63.5675 3.73772 -13 3035 1 0 1
-22.0584 -18.4458 125.556 -11.9096 -9.39648 61.3319 0.952527 -13 3036 1 0 1
-8.38891 -2.19099 125.556 -4.88708 -0.609943 64.3032 1.91495 -13 3037 1 0 1
-6.20427 -7.07024 125.556 -3.56686 -2.75042 64.8259 0.706051 -13 3038 1 0 1
4.17477 14.7206 125.556 2.48291 6.97661 60.6266 0.0971366 -13 3039 1 0 1
7.42493 3.81621 125.556 4.00739 -0.573572 66.3052 0.383247 -13 3040 1 0 1
18.5973 4.96463 125.556 8.59048 2.27818 49.3726 0.272823 -13 3041 1 0 1
-14.0024 -5.13181 125.556 -12.1644 -4.17026 80.2307 1.13489 -13 3042 1 0 1
19.0763 0.753795 125.556 9.91647 2.0459 58.7427 0.746323 -13 3043 1 0 1
-7.17136 -24.9235 125.556 -3.24249 -11.4297 58.1651 1.2334 -13 3044 1 0 1
22.6239 -24.5386 125.556 12.3498 -12.6257 62.8205 -1.02553 -13 3045 1 0 1
-0.217458 -12.2423 125.556 -1.50471 -7.85272 75.0073 -0.890009 -13 3046 1 0 1
3.83947 -10.54 125.556 2.44701 -4.79735 61.5396 0.762889 -13 3047 1 0 1
10.6803 -12.8311 125.556 6.13067 -5.06631 61.7084 0.611415 -13 3048 1 0 1
-0.828903 29.2433 125.556 0.483361 5.32365 21.9009 1.21214 -13 3049 1 0 1
6.77037 7.51104 125.556 3.07796 3.50435 76.2138 -0.793655 -13 3050 1 0 1
-0.0313775 -8.42601 125.556 0.438581 -4.45525 60.6 0.244801 -13 3051 1 0 1
3.61246 2.6086 125.556 1.46387 3.52022 71.9161 -0.453695 -13 3052 1 0 1
22.9586 3.8482 125.556 12.276 1.7433 59.5827 0.0344948 -13 3053 1 0 1
5.68718 15.5888 125.556 2.69001 10.0447 66.0246 0.874417 -13 3054 1 0 1
3.45641 7.53321 125.556 1.8431 3.13248 65.0215 2.75831 -13 3055 1 0 1
-33.445 -28.3313 125.556 -16.8684 -14.2165 56.8806 0.185504 -13 3056 1 0 1
-11.122 -15.2009 125.556 -7.52894 -8.55552 69.1995 -0.500389 -13 3057 1 0 1
6.72792 5.4768 125.556 3.88589 2.42902 55.8546 0.418745 -13 3058 1 0 1
4.29857 -6.22077 125.556 2.16184 -5.07768 65.6094 0.716416 -13 3059 1 0 1
-18.6884 -2.61785 125.556 -7.64858 -0.426651 50.5078 1.20966 -13 3060 1 0 1
1.92841 7.54212 125.556 1.07177 4.51806 63.4117 2.53076 -13 3061 1 0 1
9.71265 14.6256 125.556 2.19406 2.16219 18.343 2.51741 -13 3062 1 0 1
-7.19733 -6.86709 125.556 -4.82744 -4.67022 68.76 0.204214 -13 3063 1 0 1
3.20714 -32.6341 125.556 1.18348 -20.3976 69.6057 -0.0723489 -13 3064 1 0 1
6.74484 25.747 125.556 3.59734 13.768 65.9592 3.08032 -13 3065 1 0 1
-0.373462 -4.82433 125.556 -0.329683 -3.87935 64.008 2.48363 -13 3066 1 0 1
-15.8406 8.13359 125.556 -10.3707 5.35902 69.5617 2.36247 -13 3067 1 0 1
-15.8355 -3.48422 125.556 -8.23562 -2.19993 60.0911 2.14522 -13 3068 1 0 1
28.0847 -14.2561 125.556 10.9029 -6.40524 42.07 1.7074 -13 3069 1 0 1
-13.2871 8.2328 125.556 -8.18675 5.83289 66.5984 2.16972 -13 3070 1 0 1
34.1049 -8.33578 125.556 6.39799 -1.38776 18.4557 2.60358 -13 3071 1 0 1
-15.3641 6.44324 125.556 -12.8485 3.07114 79.128 1.03338 -13 3072 1 0 1
-30.6656 10.9503 125.556 -18.4155 5.93316 65.8107 -0.384486 -13 3073 1 0 1
9.34232 16.7234 125.556 5.00916 10.2367 68.8116 0.741904 -13 3074 1 0 1
-2.26229 6.13203 125.556 -3.06832 5.09088 77.6594 1.35069 -13 3075 1 0 1
0.8562 11.797 125.556 -0.546527 7.51651 73.3929 0.883119 -13 3076 1 0 1
5.56616 -7.26614 125.556 2.02979 -5.78179 77.4086 0.783301 -13 3077 1 0 1
24.7344 19.4952 125.556 10.4458 7.23498 45.4878 -0.0588257 -13 3078 1 0 1
5.0154 13.9317 125.556 1.88668 9.81229 74.4428 -1.09035 -13 3079 1 0 1
15.1868 13.0711 125.556 8.2269 6.84486 60.4694 -0.744118 -13 3080 1 0 1
-10.8001 -16.0228 125.556 -5.10351 -8.00156 58.4554 1.78191 -13 3081 1 0 1
4.31972 -16.9444 125.556 1.93902 -10.4545 67.1532 1.29765 -13 3082 1 0 1
17.8383 -1.65162 125.556 9.91402 -0.999188 61.1359 -0.837009 -13 3083 1 0 1
0.641314 -5.8407 125.556 0.0287667 -3.31024 69.2564 0.754247 -13 3084 1 0 1
9.25502 -8.04345 125.556 4.81677 -5.14378 67.1431 0.242031 -13 3085 1 0 1
-15.5622 0.506787 125.556 -5.63835 0.89846 45.0661 0.960766 -13 3086 1 0 1
9.89656 -13.4875 125.556 5.07229 -8.4737 68.7475 1.03944 -13 3087 1 0 1
-8.05035 -38.9192 125.556 -3.28357 -17.2111 51.9796 0.055152 -13 3088 1 0 1
-0.509597 11.789 125.556 -0.773441 8.13962 68.7634 1.05118 -13 3089 1 0 1
-19.6416 -0.709527 125.556 -9.62806 0.588047 58.0833 1.4718 -13 3090 1 0 1
4.64511 -24.7391 125.556 1.54362 -16.9623 74.6614 -0.0897569 -13 3091 1 0 1
-3.33512 22.7152 125.556 -3.145 14.7025 71.282 0.933838 -13 3092 1 0 1
12.6975 15.8354 125.556 5.95542 6.62004 47.1496 1.18074 -13 3093 1 0 1
-13.4393 -9.56665 125.556 -8.40455 -5.57052 67.7781 -0.555907 -13 3094 1 0 1
9.48947 9.10624 125.556 4.91342 4.46707 72.4826 2.94015 -13 3095 1 0 1
7.32959 -24.5 125.556 3.59261 -14.4097 69.5795 0.0711007 -13 3096 1 0 1
22.1824 22.2611 125.556 12.745 16.0737 73.2416 0.443059 -13 3097 1 0 1
0.476275 -11.2948 125.556 -0.157723 -6.15586 70.1526 -1.56881 -13 3099 1 0 1
2.3275 0.781351 125.556 1.54335 0.357838 57.7087 0.563263 -13 3100 1 0 1
-4.64565 10.3193 125.556 -3.24511 6.04578 69.3626 2.0359 -13 3101 1 0 1
10.1081 10.6216 125.556 5.55256 5.52137 61.0242 0.173482 -13 3102 1 0 1
-15.1774 -18.6138 125.556 -10.0854 -11.9692 69.7986 1.47393 -13 3103 1 0 1
-3.07767 -4.2403 125.556 -1.11495 -2.86087 57.0929 2.01607 -13 3104 1 0 1
-7.36957 -4.68473 125.556 -5.87539 -2.97706 73.3537 0.688189 -13 3105 1 0 1
10.8672 2.51954 125.556 5.72025 2.45849 75.3471 0.970467 -13 3106 1 0 1
-4.38156 9.31594 125.556 -4.15618 7.22985 74.9404 2.16368 -13 3107 1 0 1
-3.65012 11.8357 125.556 -1.74588 7.11724 62.366 0.558004 -13 3108 1 0 1
-5.25037 -1.48108 125.556 -1.29032 0.130138 44.7173 1.56864 -13 3109 1 0 1
-12.4098 5.57886 125.556 -7.1116 2.86937 65.7908 0.827998 -13 3110 1 0 1
35.1711 -33.0721 125.556 12.6747 -10.8709 38.1649 1.47315 -13 3111 1 0 1
-12.3241 -8.08224 125.556 -9.45784 -5.13419 75.454 0.939807 -13 3112 1 0 1
8.1192 -15.3966 125.556 3.84694 -10.7426 74.9131 1.53827 -13 3113 1 0 1
-7.64197 17.4503 125.556 -3.75656 9.20952 62.2989 -0.142012 -13 3114 1 0 1
0.018932 -4.96306 125.556 -1.85599 -2.53004 77.4977 1.47834 -13 3115 1 0 1
2.49248 -1.49409 125.556 0.161318 -0.666198 77.199 -0.0315638 -13 3116 1 0 1
-9.98142 18.1897 125.556 -8.10409 12.421 75.8156 0.380899 -13 3117 1 0 1
-13.3326 7.37156 125.556 -9.75994 2.76799 73.6511 0.130439 -13 3118 1 0 1
-7.97545 -7.88587 125.556 -6.1281 -5.91955 72.5077 1.31428 -13 3119 1 0 1
-11.5557 -7.18331 125.556 -8.37886 -5.13712 72.5827 -1.64862 -13 3120 1 0 1
-22.3089 -38.2837 125.556 -3.94236 -6.90772 20.7745 0.961525 -13 3121 1 0 1
-4.24255 -10.2717 125.556 -4.66803 -7.05222 77.1691 0.658908 -13 3122 1 0 1
-3.37535 -68.8478 125.556 -1.86651 -31.1203 54.8482 -1.70597 -13 3123 1 0 1
-19.4221 1.79771 125.556 -10.9304 -1.23542 63.8009 1.25766 -13 3124 1 0 1
-7.74562 -14.7628 125.556 -4.79115 -7.82413 65.7681 2.11603 -13 3125 1 0 1
32.3217 14.4428 125.556 16.4367 6.43232 57.9108 2.69755 -13 3126 1 0 1
-1.11972 0.907648 125.556 -0.233427 -0.0316102 58.6397 2.04732 -13 3127 1 0 1
6.12481 0.588424 125.556 3.11138 -0.371935 70.5115 2.83542 -13 3128 1 0 1
7.27586 21.256 125.556 2.30811 4.41176 28.3619 4.30511 -13 3129 1 0 1
9.6893 11.0853 125.556 5.3027 6.46948 67.1842 2.75816 -13 3130 1 0 1
-3.5949 9.80875 125.556 -1.78673 6.04374 63.1294 0.0211383 -13 3131 1 0 1
-13.5028 -15.5194 125.556 -8.68477 -9.06534 68.159 1.0579 -13 3132 1 0 1
2.41289 -25.1011 125.556 1.68649 -10.964 54.088 1.40525 -13 3133 1 0 1
25.1175 -25.6263 125.556 12.1997 -11.6938 53.1608 2.30225 -13 3134 1 0 1
25.3372 -11.2275 125.556 11.8302 -4.13376 50.1781 0.653648 -13 3135 1 0 1
3.63251 2.26584 125.556 2.4136 1.32862 54.7848 1.706 -13 3136 1 0 1
7.67416 -43.9314 125.556 3.38709 -16.106 42.3588 2.29322 -13 3137 1 0 1
21.8783 0.101487 125.556 9.19891 1.01007 44.4919 1.94859 -13 3138 1 0 1
16.1897 7.53792 125.556 8.69287 4.02722 59.9834 0.429366 -13 3139 1 0 1
23.7219 -16.6882 125.556 13.5237 -8.94682 67.9465 0.885379 -13 3140 1 0 1
23.1189 1.09093 125.556 12.636 1.48265 60.8903 -1.58808 -13 3141 1 0 1
0.767732 -0.984361 125.556 -1.09381 0.917919 77.4583 2.03293 -13 3142 1 0 1
2.96537 21.6755 125.556 1.56947 11.6847 60.3166 2.06967 -13 3143 1 0 1
11.1969 20.499 125.556 6.07898 9.16694 57.4446 0.114941 -13 3144 1 0 1
4.43324 20.4342 125.556 2.12245 11.9859 68.1248 1.62394 -13 3146 1 0 1
-24.5109 -2.4923 125.556 -17.458 -0.0676109 73.9856 -1.39893 -13 3147 1 0 1
2.73199 12.8276 125.556 0.827372 7.09216 67.2231 1.80315 -13 3148 1 0 1
-6.07114 -40.4075 125.556 -1.28902 -11.838 35.0408 2.66017 -13 3149 1 0 1
-1.3046 16.0925 125.556 -2.02118 9.39252 73.1261 0.391656 -13 3150 1 0 1
-3.43174 -25.6331 125.556 -1.80581 -13.7051 62.7018 1.41959 -13 3151 1 0 1
-28.0399 14.2591 125.556 -16.123 6.50846 63.9966 2.25815 -13 3152 1 0 1
-0.37208 -6.47927 125.556 -1.42503 -4.41711 75.2194 -1.57686 -13 3153 1 0 1
-15.1832 2.11893 125.556 -12.2418 1.49772 78.0609 0.649853 -13 3154 1 0 1
24.0351 -2.10205 125.556 13.1654 -1.49986 60.4983 -0.854836 -13 3155 1 0 1
-8.98163 -0.463391 125.556 -7.04974 0.193826 73.1838 3.02459 -13 3156 1 0 1
27.5287 -9.85031 125.556 12.5333 -5.04736 48.7362 -0.37252 -13 3157 1 0 1
26.6925 -1.28526 125.556 15.2239 -0.62114 65.9076 1.43353 -13 3158 1 0 1
-3.1488 -19.6772 125.556 -2.15361 -12.3381 66.0288 1.82472 -13 3160 1 0 1
-2.82085 -31.511 125.556 -1.07453 -15.8228 57.7068 2.27012 -13 3161 1 0 1
-13.0685 5.70785 125.556 -11.5524 3.06086 79.7273 1.87259 -13 3162 1 0 1
2.86708 -0.984203 125.556 0.335622 0.0454831 76.9972 0.629316 -13 3163 1 0 1
11.3983 9.37296 125.556 6.28762 6.26372 60.2189 -0.0217528 -13 3164 1 0 1
15.5985 21.7549 125.556 8.52434 10.5812 58.9376 3.04587 -13 3165 1 0 1
6.35142 -1.1655 125.556 3.77595 -0.317498 63.1238 0.747159 -13 3166 1 0 1
-1.89232 4.41673 125.556 -3.42309 1.38376 80.5679 2.48687 -13 3167 1 0 1
18.588 3.67011 125.556 9.98872 3.48616 57.8629 2.06755 -13 3168 1 0 1
22.9815 -1.9773 125.556 12.8924 -1.29376 65.4482 1.20107 -13 3169 1 0 1
-10.6213 4.72171 125.556 -5.41292 2.95231 60.482 -1.67126 -13 3170 1 0 1
14.0857 7.95802 125.556 7.59351 5.09236 60.807 0.315545 -13 3171 1 0 1
-9.83218 -11.401 125.556 -5.2627 -6.57014 62.0668 -0.963185 -13 3172 1 0 1
27.9067 -2.62357 125.556 11.9464 -1.59562 43.5604 2.24746 -13 3173 1 0 1
-4.22104 2.21968 125.556 -3.48667 0.565066 72.4065 0.793985 -13 3174 1 0 1
7.4196 11.4827 125.556 4.2026 6.93185 66.8205 -1.93419 -13 3175 1 0 1
5.84068 0.48404 125.556 2.45544 -0.588289 73.7244 1.34786 -13 3176 1 0 1
-15.8237 -1.21613 125.556 -8.43094 -0.821922 61.7923 -0.183244 -13 3177 1 0 1
-7.39579 -19.0122 125.556 -5.913 -12.9056 73.2875 -0.997012 -13 3178 1 0 1
-3.83493 -19.0916 125.556 -4.4892 -13.524 78.2304 0.730974 -13 3179 1 0 1
-8.50842 -1.77351 125.556 -8.20856 -2.87128 79.0472 0.407456 -13 3180 1 0 1
-8.01839 14.9985 125.556 -7.87196 9.59158 79.3337 2.09087 -13 3181 1 0 1
12.1045 7.24026 125.556 5.31144 2.80393 41.9277 2.90849 -13 3182 1 0 1
-2.64997 -6.04959 125.556 -3.26595 -4.5778 76.4569 -0.370542 -13 3183 1 0 1
27.013 -3.81279 125.556 7.18437 -0.71369 27.0704 2.36638 -13 3184 1 0 1
-18.4447 -2.54981 125.556 -12.1001 -1.61837 69.3574 -1.68749 -13 3185 1 0 1
24.3479 5.46201 125.556 13.4744 2.80283 65.1935 2.83816 -13 3186 1 0 1
-1.88618 -2.66888 125.556 -0.301235 -0.874719 54.894 1.69929 -13 3187 1 0 1
-17.5807 9.06725 125.556 -8.48518 3.99335 56.8906 1.42181 -13 3188 1 0 1
-7.25801 -13.0375 125.556 -6.40059 -8.60632 76.677 1.09642 -13 3189 1 0 1
-10.4016 -13.8673 125.556 -9.34761 -8.69272 78.6055 1.44948 -13 3190 1 0 1
-7.8814 -10.6742 125.556 -2.30612 -3.99562 44.0995 1.50737 -13 3191 1 0 1
15.8869 -2.1506 125.556 9.04415 0.763325 69.7487 0.023554 -13 3192 1 0 1
1.07301 -6.51839 125.556 0.809203 -3.34658 59.6431 0.166573 -13 3193 1 0 1
-42.5857 -29.5252 125.556 -22.6475 -13.9638 59.2705 1.05926 -13 3194 1 0 1
-13.0345 9.5125 125.556 -6.86242 5.14967 60.613 0.428338 -13 3195 1 0 1
-1.43976 8.19292 125.556 -2.59169 5.42644 77.2102 0.130858 -13 3196 1 0 1
-12.3156 -23.5976 125.556 -6.12415 -12.2184 58.2014 1.28544 -13 3197 1 0 1
-7.22592 3.51129 125.556 -5.78173 4.08497 73.1836 0.0839887 -13 3198 1 0 1
5.31724 -19.6661 125.556 2.74306 -9.78525 66.0935 -0.631445 -13 3199 1 0 1
-0.742925 -12.1567 125.556 0.274393 -4.16996 46.6458 1.90126 -13 3200 1 0 1
3.19736 -10.2142 125.556 2.01594 -5.5425 56.7808 0.168494 -13 3201 1 0 1
9.14808 -17.1201 125.556 5.02019 -8.49732 56.4848 0.349457 -13 3202 1 0 1
-7.0242 -9.30136 125.556 -2.14446 -3.49201 47.9388 -0.834613 -13 3203 1 0 1
-11.201 -3.46048 125.556 -4.73384 -2.36572 52.3167 1.56097 -13 3204 1 0 1
11.5229 6.75604 125.556 6.4473 3.17166 60.6823 0.859836 -13 3205 1 0 1
-16.4281 3.6916 125.556 -10.2209 2.16008 68.6754 1.36698 -13 3206 1 0 1
-12.939 -18.8926 125.556 -10.803 -13.0348 77.8103 -0.916267 -13 3207 1 0 1
-14.2489 4.5113 125.556 -5.82982 2.8639 51.2908 0.0170309 -13 3208 1 0 1
1.96029 -22.067 125.556 1.36133 -8.07637 38.7978 2.63104 -13 3209 1 0 1
7.3472 -3.73877 125.556 4.08601 -2.96819 60.4915 1.60864 -13 3211 1 0 1
-28.0467 -4.61064 125.556 -18.9289 -3.33345 72.1328 -2.4073 -13 3212 1 0 1
6.10227 -22.1959 125.556 3.00259 -11.9759 70.3308 0.956703 -13 3213 1 0 1
-2.87503 -5.87704 125.556 -1.65645 -4.00477 66.2394 0.167426 -13 3214 1 0 1
-13.4049 27.9242 125.556 -9.74714 17.357 71.7227 0.996318 -13 3215 1 0 1
4.74666 4.98583 125.556 2.88118 1.46058 53.1067 1.72129 -13 3216 1 0 1
-17.5031 2.79349 125.556 -13.1472 2.82173 75.7538 0.880302 -13 3217 1 0 1
0.250877 -28.1079 125.556 0.495293 -14.1162 56.198 1.64873 -13 3218 1 0 1
31.744 31.6183 125.556 14.2484 13.005 47.7301 1.69031 -13 3219 1 0 1
1.42935 12.7772 125.556 0.733097 9.07052 66.8733 -1.31047 -13 3220 1 0 1
-12.6023 -6.5298 125.556 -6.56063 -2.92255 59.7715 0.220621 -13 3221 1 0 1
0.304096 -1.64636 125.556 -0.506029 -1.94559 69.8973 0.573122 -13 3222 1 0 1
-5.28307 3.90188 125.556 -3.63245 2.97655 68.8143 0.964445 -13 3223 1 0 1
-8.10513 5.30368 125.556 -4.74304 1.57431 65.5589 0.948771 -13 3224 1 0 1
-13.4857 -13.48 125.556 -7.5905 -8.11118 63.7906 2.61569 -13 3225 1 0 1
-13.4282 -5.89112 125.556 -6.10768 -3.19344 55.3558 0.806226 -13 3226 1 0 1
20.9974 -2.04629 125.556 9.05065 -0.404139 43.9484 -0.737499 -13 3227 1 0 1
23.0362 2.68145 125.556 12.9071 1.69459 65.8026 0.590758 -13 3228 1 0 1
-3.49501 24.9824 125.556 -3.10106 14.5951 69.4412 -1.19453 -13 3229 1 0 1
8.67939 9.77648 125.556 4.52845 4.44245 55.7493 -1.3296 -13 3230 1 0 1
19.182 -3.79956 125.556 11.1153 -1.69937 69.8899 0.660025 -13 3231 1 0 1
2.85789 0.496484 125.556 1.95604 -0.199242 35.5323 2.59346 -13 3232 1 0 1
5.65621 -12.8618 125.556 3.10794 -5.48876 52.381 -0.189565 -13 3233 1 0 1
-13.1863 0.934438 125.556 -9.12188 0.317019 71.2745 2.76102 -13 3234 1 0 1
37.5006 -6.43618 125.556 21.0754 -4.5625 67.4842 -0.118556 -13 3235 1 0 1
-8.50966 -7.09372 125.556 -4.06559 -4.19913 59.3314 2.09839 -13 3236 1 0 1
10.3875 12.7774 125.556 5.62526 7.74153 66.175 1.01596 -13 3237 1 0 1
17.412 21.3968 125.556 8.37542 10.204 52.9695 1.20962 -13 3238 1 0 1
-7.87571 6.57049 125.556 -4.0614 3.05578 60.0292 0.681114 -13 3239 1 0 1
-9.50688 -28.9424 125.556 -6.13632 -14.6849 68.3536 0.0497697 -13 3240 1 0 1
-14.8937 -24.4647 125.556 -7.82251 -11.988 59.2267 1.46304 -13 3241 1 0 1
-15.7903 6.2818 125.556 -11.3649 2.79451 74.5641 0.404967 -13 3242 1 0 1
17.4125 8.00894 125.556 9.44049 4.97366 60.7391 1.25544 -13 3243 1 0 1
-12.6351 -11.1385 125.556 -7.01365 -5.46023 63.4232 0.4246 -13 3244 1 0 1
1.68109 -13.9882 125.556 -0.147668 -7.65896 74.7743 0.428561 -13 3246 1 0 1
6.89205 -25.6013 125.556 3.81185 -11.5794 49.3397 1.77084 -13 3247 1 0 1
5.35158 -15.6928 125.556 2.09158 -10.0972 72.5876 0.828615 -13 3248 1 0 1
-6.66512 22.9704 125.556 -2.89818 11.2081 56.2423 2.12341 -13 3249 1 0 1
-12.9971 -5.13848 125.556 -10.0096 -2.29134 75.3443 0.158172 -13 3250 1 0 1
-42.7151 16.7582 125.556 -3.21272 0.94158 7.68279 6.35813 -13 3251 1 0 1
-4.03504 -14.4918 125.556 -3.10388 -9.31096 69.9288 1.67276 -13 3252 1 0 1
-28.551 -8.33345 125.556 -13.7705 -3.41063 55.5843 0.98425 -13 3253 1 0 1
7.68253 -5.33509 125.556 3.99259 -2.5338 67.4794 1.0537 -13 3254 1 0 1
5.6711 -7.53846 125.556 3.06349 -3.63744 66.1125 3.54508 -13 3255 1 0 1
33.7281 -18.3053 125.556 16.9896 -8.81445 56.4926 -0.999504 -13 3256 1 0 1
13.9073 1.2051 125.556 7.8795 0.887079 71.8971 -1.13456 -13 3257 1 0 1
20.9329 2.17347 125.556 10.589 0.403876 55.9283 0.847105 -13 3258 1 0 1
-4.67072 9.48096 125.556 -3.21524 4.63975 67.7845 0.214781 -13 3259 1 0 1
-5.933 -0.73774 125.556 -1.40825 0.717902 36.9437 3.22789 -13 3260 1 0 1
1.16542 -29.2208 125.556 1.23467 -14.5195 57.8019 1.98991 -13 3261 1 0 1
-3.87611 -2.67743 125.556 -3.65033 -1.23999 73.2009 3.29013 -13 3262 1 0 1
-2.17529 -5.37253 125.556 -1.53742 -2.93985 65.6465 -0.359984 -13 3263 1 0 1
9.98132 11.1189 125.556 5.21831 7.2867 70.6702 0.882823 -13 3264 1 0 1
30.6726 10.1059 125.556 16.5444 5.45642 60.4857 0.93691 -13 3265 1 0 1
-27.3569 3.42625 125.556 -14.7986 0.665717 61.439 1.33184 -13 3266 1 0 1
-9.21152 10.8774 125.556 -6.31088 8.38763 69.2889 -1.16137 -13 3267 1 0 1
23.335 -29.1907 125.556 10.03 -10.016 44.3024 2.51782 -13 3268 1 0 1
-7.4714 -6.57352 125.556 -4.77094 -3.71023 67.4759 1.60094 -13 3269 1 0 1
2.69245 -18.9101 125.556 1.63588 -8.46535 53.025 1.37081 -13 3270 1 0 1
6.56504 -13.5911 125.556 3.65252 -6.9963 53.8517 1.66163 -13 3271 1 0 1
-3.48839 -2.76837 125.556 -1.50411 -1.94652 58.1227 0.520365 -13 3272 1 0 1
15.0252 -14.325 125.556 8.55266 -6.49234 68.0314 1.55324 -13 3273 1 0 1
5.03614 -4.79686 125.556 2.89745 -2.53751 61.4617 2.03683 -13 3274 1 0 1
-14.1478 -23.1847 125.556 -4.93907 -8.9719 46.4127 -0.640876 -13 3275 1 0 1
-7.14721 -16.9424 125.556 -3.84553 -10.0184 62.1066 1.70097 -13 3276 1 0 1
-5.33502 4.00011 125.556 -3.70121 3.074 66.6902 -0.434474 -13 3277 1 0 1
9.02836 4.98059 125.556 4.90577 1.36406 52.0968 -1.60277 -13 3278 1 0 1
-1.24241 -1.12763 125.556 -0.71761 0.0427465 62.8346 -1.82802 -13 3279 1 0 1
5.83763 -5.24475 125.556 2.95242 -2.88784 69.5021 0.49393 -13 3280 1 0 1
1.9131 -4.46974 125.556 1.67059 -1.09942 55.2766 0.932365 -13 3281 1 0 1
-9.2345 -11.1837 125.556 -6.21458 -5.70572 69.2047 0.830295 -13 3282 1 0 1
13.0151 28.4878 125.556 7.16946 16.2912 61.7352 1.67635 -13 3283 1 0 1
-21.9518 10.2711 125.556 -11.6632 5.91637 61.3926 -0.277798 -13 3284 1 0 1
2.33753 7.10364 125.556 1.62836 3.40398 63.4841 3.05097 -13 3285 1 0 1
14.4627 -14.5921 125.556 8.00403 -8.35536 71.5261 -0.57491 -13 3286 1 0 1
21.9575 2.50172 125.556 10.5271 1.39229 50.3006 -0.735563 -13 3287 1 0 1
20.4316 -16.1453 125.556 11.3593 -8.5769 64.1064 0.519362 -13 3288 1 0 1
-12.7297 0.372744 125.556 -10.8819 -0.262711 78.7895 -0.41769 -13 3289 1 0 1
18.4765 -14.5849 125.556 8.3867 -6.0197 46.475 2.37533 -13 3290 1 0 1
32.6386 10.9926 125.556 14.1449 4.1021 47.1603 1.34367 -13 3291 1 0 1
-6.09877 40.6695 125.556 -1.77569 14.6897 43.7386 1.91188 -13 3292 1 0 1
-24.4244 5.46846 125.556 -4.09853 1.53012 19.844 2.29856 -13 3293 1 0 1
3.03304 -9.64333 125.556 1.46527 -6.31768 65.4666 -1.3303 -13 3294 1 0 1
16.817 -6.88491 125.556 9.59679 -4.50746 70.825 2.93971 -13 3295 1 0 1
-3.83704 12.3682 125.556 -2.36829 7.60757 64.3134 2.97602 -13 3296 1 0 1
13.3587 1.47496 125.556 7.4022 0.375946 62.0969 1.57494 -13 3297 1 0 1
-12.6439 -6.13417 125.556 -7.44811 -2.5135 65.8483 0.519699 -13 3298 1 0 1
-9.57522 13.5088 125.556 -6.49118 8.23689 69.8453 1.2796 -13 3299 1 0 1
0.116369 -16.7708 125.556 0.0225758 -9.15531 62.8056 0.929914 -13 3300 1 0 1
-12.2227 2.11806 125.556 -6.17276 0.696828 59.4285 2.09456 -13 3301 1 0 1
-1.73251 -4.71142 125.556 -0.713856 -2.85633 61.4951 0.867155 -13 3302 1 0 1
9.32546 0.397407 125.556 5.43701 -1.27052 59.6941 0.595922 -13 3303 1 0 1
-2.87705 12.1594 125.556 -0.899296 5.41421 57.7762 -0.901896 -13 3304 1 0 1
-3.52287 -8.8599 125.556 -3.35657 -5.46016 73.3551 -1.85298 -13 3305 1 0 1
9.75561 -19.7399 125.556 5.19488 -9.62602 53.8202 1.3415 -13 3306 1 0 1
13.1103 -3.31022 125.556 6.83403 -3.81181 78.985 -0.186404 -13 3307 1 0 1
-5.30083 2.15282 125.556 -3.62004 1.88329 68.4729 1.19739 -13 3308 1 0 1
-11.7904 -10.725 125.556 -4.30615 -5.48389 46.3779 -1.57279 -13 3309 1 0 1
8.54653 15.7513 125.556 4.56402 9.39985 66.534 1.08253 -13 3310 1 0 1
-20.7689 -9.89707 125.556 -12.8297 -4.87913 67.7903 2.08272 -13 3311 1 0 1
4.14052 14.0456 125.556 1.28258 10.2663 75.6189 0.974273 -13 3312 1 0 1
22.2904 4.56234 125.556 11.6308 2.76549 55.2772 2.19278 -13 3313 1 0 1
20.567 7.12332 125.556 8.48037 2.23512 41.0167 -0.385031 -13 3314 1 0 1
-8.29953 2.77709 125.556 -4.47084 1.71853 62.6328 0.450187 -13 3315 1 0 1
-6.01661 1.55806 125.556 -0.494175 0.617277 19.6779 -1.14634 -13 3316 1 0 1
-8.77337 9.12742 125.556 -3.65275 4.15041 53.1186 2.29083 -13 3317 1 0 1
24.1723 -2.75705 125.556 13.697 -1.27665 67.1905 -0.28124 -13 3318 1 0 1
1.42599 -26.7014 125.556 0.361524 -15.4412 67.2328 -0.464603 -13 3319 1 0 1
-3.86992 -0.222767 125.556 -1.89583 -0.995557 60.8093 0.425126 -13 3320 1 0 1
9.64274 10.9058 125.556 5.32663 4.85143 61.2766 -0.47898 -13 3321 1 0 1
-12.1295 -2.9705 125.556 -7.91227 -0.659832 67.6954 2.51368 -13 3322 1 0 1
2.40989 -6.35808 125.556 0.584975 -3.84177 72.351 2.90653 -13 3323 1 0 1
-17.2303 2.02261 125.556 -14.0188 1.15451 77.5279 1.67796 -13 3324 1 0 1
-1.43731 2.17392 125.556 -0.810267 0.315523 66.3759 -0.0260392 -13 3325 1 0 1
16.2529 -6.63145 125.556 9.48248 -3.99767 69.4678 -0.246087 -13 3326 1 0 1
-1.23983 -0.0277992 125.556 -0.744377 -0.40344 65.4315 1.5532 -13 3327 1 0 1
7.00507 -14.4806 125.556 3.19502 -8.003 74.0015 1.46845 -13 3328 1 0 1
-15.5562 -6.83736 125.556 -9.78806 -4.11828 67.5464 0.607268 -13 3329 1 0 1
1.17045 -8.87203 125.556 1.11945 -3.33774 58.2911 1.24046 -13 3330 1 0 1
4.78665 -20.9908 125.556 2.59855 -12.3435 62.5959 1.4929 -13 3331 1 0 1
24.0705 -16.6109 125.556 12.7848 -8.26398 59.7355 1.78048 -13 3332 1 0 1
-19.458 10.4774 125.556 -12.3158 8.09188 68.1154 1.53719 -13 3333 1 0 1
8.60244 -1.83715 125.556 4.76556 -1.87669 51.5705 -1.16336 -13 3334 1 0 1
-21.2876 -3.1554 125.556 -9.00125 -2.30812 51.5651 3.39006 -13 3335 1 0 1
7.8436 -0.121921 125.556 4.32499 1.54324 70.0751 1.02995 -13 3336 1 0 1
12.4769 12.3868 125.556 6.83435 5.73508 58.2942 -0.469041 -13 3337 1 0 1
1.09216 15.2877 125.556 0.539529 9.04699 63.3258 -1.37823 -13 3338 1 0 1
9.93053 -7.83747 125.556 5.1554 -2.62578 48.7069 -0.945795 -13 3339 1 0 1
27.0747 1.63544 125.556 14.2184 2.56197 57.9198 0.22352 -13 3340 1 0 1
-15.8282 1.32291 125.556 -7.12328 1.40259 54.3106 0.458715 -13 3341 1 0 1
-9.72621 -1.15138 125.556 -7.16644 -0.508596 73.0112 0.666318 -13 3342 1 0 1
6.04098 -8.41757 125.556 3.23314 -6.1559 70.7913 2.05647 -13 3343 1 0 1
-8.56776 -1.76692 125.556 -4.96376 0.0794444 63.5733 -1.16095 -13 3344 1 0 1
-10.8216 -14.9196 125.556 -8.01297 -10.265 73.3855 1.67889 -13 3346 1 0 1
-42.5634 -12.4908 125.556 -20.0525 -5.9304 53.8938 0.272516 -13 3347 1 0 1
3.08821 -1.93346 125.556 1.94207 -1.23954 61.5877 -0.784089 -13 3348 1 0 1
-17.3012 -6.03774 125.556 -9.0096 -3.59423 59.7595 2.72216 -13 3349 1 0 1
2.21839 7.62648 125.556 1.11482 2.53636 65.3241 -0.536359 -13 3350 1 0 1
3.78294 -5.17752 125.556 1.53551 -2.64685 71.6037 0.203316 -13 3351 1 0 1
18.9421 -4.29301 125.556 10.6446 -1.04178 64.2081 -1.02952 -13 3352 1 0 1
-1.57142 15.3866 125.556 -1.5226 8.13908 69.6689 -0.454594 -13 3353 1 0 1
3.65505 11.5403 125.556 1.96902 5.31006 66.635 -0.12621 -13 3354 1 0 1
-6.11197 -6.64981 125.556 -6.69701 -5.40492 79.5339 -0.428877 -13 3355 1 0 1
-21.8816 -20.6604 125.556 -11.104 -11.1759 58.6029 -0.406533 -13 3356 1 0 1
-7.09049 -2.08149 125.556 -3.18213 -1.092 57.3293 0.672499 -13 3357 1 0 1
11.3985 28.8241 125.556 6.11996 16.9139 70.4015 1.99224 -13 3358 1 0 1
39.9995 -78.0489 125.556 12.3667 -21.5138 34.0863 1.16178 -13 3359 1 0 1
-8.84451 -9.05394 125.556 -3.79373 -4.21971 54.6567 -0.200744 -13 3360 1 0 1
11.6791 -14.0497 125.556 6.22422 -6.30578 56.5529 0.0249138 -13 3361 1 0 1
21.7798 5.46698 125.556 12.2692 3.43532 68.7161 0.851852 -13 3362 1 0 1
28.2561 -29.6855 125.556 13.7841 -13.1208 55.0322 1.35921 -13 3363 1 0 1
2.32976 -3.96969 125.556 0.946109 -2.81453 69.5692 2.25342 -13 3364 1 0 1
24.232 17.3117 125.556 13.0983 10.5369 63.8955 0.845478 -13 3365 1 0 1
-12.5212 -2.49203 125.556 -8.88658 -1.05923 72.256 1.33268 -13 3366 1 0 1
10.1558 -0.9848 125.556 5.33512 -0.138497 52.1042 -0.641807 -13 3367 1 0 1
-21.0885 9.88594 125.556 -15.0158 6.58716 73.6635 -0.658576 -13 3368 1 0 1
-20.1532 18.7259 125.556 -14.1181 11.8877 73.3927 1.03229 -13 3369 1 0 1
4.77963 27.3197 125.556 2.44343 14.9774 63.6855 1.20974 -13 3370 1 0 1
19.9795 28.6193 125.556 8.25313 10.3364 43.5467 0.892115 -13 3371 1 0 1
30.2908 -21.226 125.556 16.2241 -9.27123 62.0996 1.53302 -13 3372 1 0 1
8.67153 -10.0199 125.556 4.74646 -6.5984 60.3917 -0.61933 -13 3373 1 0 1
-15.9824 -1.27333 125.556 -10.9654 -1.02092 72.3943 -0.228354 -13 3374 1 0 1
12.5709 -12.5229 125.556 6.88569 -8.0665 65.3043 1.8611 -13 3375 1 0 1
14.5628 -28.4751 125.556 7.76851 -13.7703 54.6356 -2.25127 -13 3376 1 0 1
-26.1457 -38.7487 125.556 -16.3915 -21.5612 67.408 0.0810377 -13 3377 1 0 1
-11.8653 15.4303 125.556 -10.5911 11.3627 77.8861 2.50117 -13 3378 1 0 1
3.67828 -3.98342 125.556 1.36914 -2.4496 68.625 -0.590455 -13 3379 1 0 1
-8.07686 -28.5292 125.556 -5.44377 -15.6291 68.4779 -0.765933 -13 3380 1 0 1
5.62179 9.50605 125.556 3.16325 4.22923 46.4636 0.130741 -13 3381 1 0 1
0.341132 4.76478 125.556 -0.0677183 2.6125 65.474 -0.308788 -13 3382 1 0 1
1.88345 -21.1822 125.556 1.03279 -9.97 60.1765 0.997117 -13 3383 1 0 1
1.05009 -4.07168 125.556 -1.36346 -2.28044 80.0496 1.53783 -13 3384 1 0 1
8.08296 -3.08949 125.556 4.48091 -1.5333 62.1861 4.13076 -13 3386 1 0 1
2.43163 -19.1808 125.556 0.748833 -12.3396 69.0154 -1.46014 -13 3387 1 0 1
-22.5729 14.1298 125.556 -13.7915 6.35416 67.0346 0.641983 -13 3388 1 0 1
3.4403 4.19787 125.556 1.51337 2.04658 34.4295 0.189579 -13 3389 1 0 1
5.29486 -19.5465 125.556 2.95547 -8.48771 51.5501 -0.0022974 -13 3390 1 0 1
-11.7027 -8.7608 125.556 -5.42892 -4.15793 56.1979 2.10724 -13 3391 1 0 1
12.6415 2.16356 125.556 7.23095 -0.470195 64.2255 3.1622 -13 3392 1 0 1
14.2638 4.67704 125.556 7.88892 2.96963 68.7655 2.17467 -13 3393 1 0 1
14.133 13.7855 125.556 5.99288 5.16342 40.3338 1.6056 -13 3394 1 0 1
-10.0532 3.99548 125.556 -6.10988 1.87194 65.7459 0.191464 -13 3395 1 0 1
3.40571 15.3891 125.556 1.96655 5.86658 55.7997 2.38045 -13 3396 1 0 1
2.39079 -1.72075 125.556 0.938361 0.958477 71.3511 1.09785 -13 3397 1 0 1
12.0049 0.364512 125.556 6.88431 0.0205117 62.9743 -0.164309 -13 3398 1 0 1
6.70991 10.9245 125.556 3.47377 4.49259 57.6075 -0.656276 -13 3399 1 0 1
2.63237 9.04722 125.556 0.558222 4.92543 75.1133 0.862016 -13 3400 1 0 1
-2.50866 -7.96765 125.556 -0.0281631 -3.03062 42.5063 -0.467016 -13 3401 1 0 1
17.2971 -10.2339 125.556 8.57967 -4.93991 53.8169 1.86473 -13 3402 1 0 1
5.46695 19.7743 125.556 2.31467 11.8241 73.6079 1.73307 -13 3403 1 0 1
20.9892 -25.2625 125.556 9.02903 -8.93404 44.0116 0.963636 -13 3404 1 0 1
39.822 25.2287 125.556 18.7709 10.4922 52.22 1.11768 -13 3405 1 0 1
6.8533 5.36437 125.556 3.85592 3.10693 64.8584 0.906291 -13 3406 1 0 1
-13.1119 17.7128 125.556 -10.2093 11.8733 74.7754 -0.328037 -13 3407 1 0 1
6.44734 8.64608 125.556 3.4534 3.71057 67.4894 1.02938 -13 3408 1 0 1
11.0539 5.23917 125.556 6.05037 3.37207 68.6827 0.777239 -13 3409 1 0 1
33.4983 -24.5554 125.556 17.0228 -11.0561 57.7003 -0.827041 -13 3410 1 0 1
-4.52095 17.1972 125.556 -2.52066 9.87036 61.6205 2.86731 -13 3411 1 0 1
-1.78441 -6.24846 125.556 -3.74914 -2.29099 80.2961 1.07182 -13 3412 1 0 1
1.94493 -13.4091 125.556 1.21672 -7.44614 62.9533 0.775296 -13 3413 1 0 1
-27.7105 11.3151 125.556 -20.2975 7.45746 75.722 0.855488 -13 3414 1 0 1
-39.7994 -2.78217 125.556 -15.4088 -1.09406 44.8107 2.13194 -13 3415 1 0 1
34.359 13.9234 125.556 17.9912 6.78897 60.1887 0.181076 -13 3416 1 0 1
-15.7078 -13.8374 125.556 -7.26926 -6.33042 55.9245 -0.578406 -13 3417 1 0 1
1.89649 -11.7114 125.556 1.18296 -8.47872 60.2872 -0.319047 -13 3418 1 0 1
15.485 -12.7065 125.556 8.48025 -6.18405 58.8441 0.889904 -13 3419 1 0 1
12.3665 8.28268 125.556 6.94046 5.50756 70.9728 2.24777 -13 3420 1 0 1
-8.97337 -18.9279 125.556 -2.88257 -8.34134 46.8608 1.79235 -13 3421 1 0 1
11.9849 1.51934 125.556 5.07516 1.52178 40.0569 1.70249 -13 3423 1 0 1
-18.4517 -15.1767 125.556 -9.63754 -8.305 59.6532 3.77682 -13 3424 1 0 1
-11.8382 -2.85241 125.556 -7.1951 -2.30653 67.0952 2.0818 -13 3425 1 0 1
27.9704 -5.96881 125.556 15.3653 -3.01459 63.9718 1.11266 -13 3426 1 0 1
-1.19819 8.57014 125.556 -0.462318 3.55592 60.177 1.07862 -13 3427 1 0 1
-10.9449 -16.5942 125.556 -5.5145 -7.98978 57.8731 0.900038 -13 3428 1 0 1
25.2638 10.478 125.556 13.1634 4.85914 56.7006 1.95501 -13 3429 1 0 1
-7.4944 1.75694 125.556 -4.0297 -0.838911 61.4203 1.10721 -13 3430 1 0 1
-16.9545 12.9697 125.556 -3.17613 2.14933 24.6444 1.11099 -13 3431 1 0 1
-23.6771 3.42627 125.556 -14.9599 0.968492 69.0972 2.329 -13 3432 1 0 1
13.3057 -15.3451 125.556 7.46491 -8.4555 60.2694 0.413628 -13 3433 1 0 1
17.4867 10.1434 125.556 9.74671 4.63574 67.9513 2.51591 -13 3434 1 0 1
-19.6877 20.0593 125.556 -9.74013 11.1269 56.9412 0.431023 -13 3435 1 0 1
-6.50608 4.27775 125.556 -5.18774 2.22086 73.4011 2.12123 -13 3436 1 0 1
-20.8517 7.27393 125.556 -13.3894 3.49897 69.3293 -0.193187 -13 3437 1 0 1
0.259912 15.0387 125.556 0.14302 7.88077 65.5608 2.89104 -13 3438 1 0 1
-8.91729 -31.1732 125.556 -2.94698 -12.2608 45.9501 -0.98925 -13 3439 1 0 1
14.3772 -5.73546 125.556 7.88303 -3.26801 58.2867 0.432465 -13 3440 1 0 1
-18.6772 0.909483 125.556 -9.69517 -0.256909 60.5572 2.45534 -13 3441 1 0 1
1.68262 -8.05547 125.556 1.10569 -3.34552 59.924 -0.885548 -13 3442 1 0 1
-36.3674 6.11068 125.556 -3.77603 0.235412 11.3026 3.87784 -13 3443 1 0 1
-30.2241 -9.10697 125.556 -14.8884 -3.08864 57.4098 -1.0107 -13 3444 1 0 1
15.0168 -26.7175 125.556 8.03335 -12.7375 58.152 3.95087 -13 3445 1 0 1
16.8035 17.4718 125.556 8.87928 9.89393 56.3783 1.22665 -13 3446 1 0 1
2.34258 7.19196 125.556 1.09184 3.54265 66.5419 2.68705 -13 3447 1 0 1
6.04856 -2.98858 125.556 3.10516 -1.40202 43.881 3.17225 -13 3448 1 0 1
2.97584 22.7376 125.556 0.55086 13.2049 73.7819 1.72301 -13 3449 1 0 1
-13.3709 -11.6422 125.556 -8.87371 -7.1528 69.9554 -0.48817 -13 3451 1 0 1
14.4597 9.29085 125.556 7.0039 3.31179 50.6208 0.167 -13 3452 1 0 1
-1.31986 10.5267 125.556 0.11637 5.28066 51.5603 -0.863013 -13 3453 1 0 1
0.941544 -19.7869 125.556 0.399507 -13.1785 64.8769 -0.0509186 -13 3454 1 0 1
6.90616 -44.6388 125.556 3.6892 -21.6372 56.5557 1.05253 -13 3455 1 0 1
-6.09281 -21.2708 125.556 -4.6603 -13.3048 70.2798 0.241841 -13 3456 1 0 1
-2.80001 -6.18014 125.556 -1.30464 -3.53817 61.1932 0.941515 -13 3457 1 0 1
15.2352 -1.1889 125.556 8.44485 -1.73431 66.8323 2.49998 -13 3458 1 0 1
-13.3285 11.2653 125.556 -9.15752 7.24191 71.0644 2.13651 -13 3459 1 0 1
0.2484 8.72747 125.556 0.175728 4.1386 59.6927 -0.489977 -13 3460 1 0 1
-22.7026 -5.5666 125.556 -16.7553 -3.36639 75.9479 1.88444 -13 3461 1 0 1
33.5947 -5.98085 125.556 14.5648 -1.85608 46.625 0.502257 -13 3462 1 0 1
7.91539 -2.30051 125.556 4.07849 -0.614985 68.224 1.43034 -13 3463 1 0 1
18.0565 -4.31783 125.556 9.6714 -2.50037 57.4829 -0.692139 -13 3464 1 0 1
13.0533 -3.30302 125.556 6.93438 -0.0683631 61.2051 1.89051 -13 3465 1 0 1
5.95365 3.73788 125.556 2.06094 0.96236 27.9025 0.29892 -13 3466 1 0 1
-4.00359 13.1416 125.556 -4.99065 8.75547 79.7919 -0.0169909 -13 3467 1 0 1
0.0152631 -2.89848 125.556 0.141648 -1.45953 61.5434 -1.63789 -13 3468 1 0 1
3.82328 8.55178 125.556 1.28684 1.40254 21.1756 2.88679 -13 3469 1 0 1
35.0771 -5.2951 125.556 17.7929 -1.75852 55.8096 2.85343 -13 3470 1 0 1
-14.6901 11.8816 125.556 -5.15689 4.91856 45.7612 1.09184 -13 3471 1 0 1
19.6213 0.665669 125.556 8.52881 -0.441223 45.6193 2.58157 -13 3472 1 0 1
-15.3371 8.12572 125.556 -8.60945 4.91691 63.2143 0.38281 -13 3473 1 0 1
38.7604 21.5657 125.556 19.8153 9.58522 58.4034 1.88492 -13 3474 1 0 1
-6.933 -13.7389 125.556 -2.38748 -5.46056 51.0977 0.65437 -13 3475 1 0 1
10.1325 1.28255 125.556 4.42371 0.812718 40.1779 0.756414 -13 3477 1 0 1
14.6763 4.37856 125.556 8.10622 2.93288 61.0469 -0.248713 -13 3478 1 0 1
2.18541 5.30355 125.556 1.17999 2.94033 66.3139 1.52541 -13 3480 1 0 1
9.71431 21.9249 125.556 5.35873 10.9316 61.4445 2.71153 -13 3481 1 0 1
33.2751 -32.5782 125.556 15.967 -13.5557 53.3952 0.736044 -13 3482 1 0 1
-18.3435 -20.6941 125.556 -9.68794 -11.074 60.8396 -0.280958 -13 3483 1 0 1
11.1892 -1.18477 125.556 5.0847 -0.0171053 43.9878 1.65679 -13 3484 1 0 1
-11.5591 19.7783 125.556 -8.15621 12.9211 71.5328 1.39486 -13 3485 1 0 1
0.996145 9.97504 125.556 0.0935898 6.51 69.975 0.278623 -13 3486 1 0 1
-25.6084 5.25054 125.556 -8.66182 1.26722 40.7097 0.400638 -13 3487 1 0 1
1.718 -3.55903 125.556 -0.438216 -1.85811 78.1111 -0.669925 -13 3488 1 0 1
-20.2418 -26.4656 125.556 -9.55613 -12.4429 55.3452 0.735892 -13 3489 1 0 1
-12.4842 10.2154 125.556 -10.3378 9.19341 77.151 -0.5731 -13 3491 1 0 1
-13.4738 -2.7461 125.556 -8.49085 -2.16005 68.2357 -0.745897 -13 3492 1 0 1
-0.126859 -8.75508 125.556 -0.172159 -3.06238 63.3484 -0.0611218 -13 3493 1 0 1
-15.6706 16.2426 125.556 -8.10265 7.49556 60.4834 0.619332 -13 3494 1 0 1
-1.55769 -8.104 125.556 -1.04777 -6.01114 65.966 0.819504 -13 3495 1 0 1
13.0775 2.64227 125.556 7.5238 1.8034 73.5127 -1.66051 -13 3496 1 0 1
-4.52984 12.0283 125.556 -2.40641 6.56784 62.8977 -0.591307 -13 3497 1 0 1
30.0728 5.20289 125.556 13.5805 1.4384 48.7585 0.298068 -13 3498 1 0 1
10.095 2.94538 125.556 5.71154 2.93422 65.5862 -0.160754 -13 3499 1 0 1
-13.7204 -0.469565 125.556 -6.82292 0.237993 57.7741 0.667649 -13 3500 1 0 1
2.94249 7.48349 125.556 0.505993 4.78459 75.3621 1.28497 -13 3501 1 0 1
11.1814 9.11801 125.556 5.96723 3.11144 54.6113 -1.96868 -13 3502 1 0 1
8.23224 22.5024 125.556 4.94864 12.4412 58.3542 -0.0323298 -13 3503 1 0 1
-9.84602 -4.70168 125.556 -5.93604 -2.11337 65.8739 0.707349 -13 3504 1 0 1
-16.7503 9.73907 125.556 -12.9774 6.72703 76.3861 -1.68652 -13 3505 1 0 1
-3.40283 33.2612 125.556 -3.00493 20.2156 69.677 -0.0515318 -13 3506 1 0 1
15.1143 -13.9666 125.556 8.31363 -7.90609 66.418 0.438061 -13 3507 1 0 1
11.0495 10.0473 125.556 6.24222 5.41923 62.5592 0.0829414 -13 3508 1 0 1
7.6553 7.6383 125.556 3.99853 4.09659 73.2504 2.95641 -13 3509 1 0 1
14.7687 11.2691 125.556 8.2635 5.23772 65.5451 1.94385 -13 3510 1 0 1
6.31734 0.279214 125.556 3.43029 0.154075 64.9196 1.59956 -13 3511 1 0 1
2.81907 -4.42862 125.556 2.10742 -1.44829 59.5117 0.502073 -13 3512 1 0 1
-24.4854 19.4833 125.556 -13.8749 10.0957 63.2033 1.712 -13 3513 1 0 1
-18.0807 9.92897 125.556 -10.4495 5.73501 64.389 1.57239 -13 3514 1 0 1
-9.36465 7.58493 125.556 -5.15356 4.29975 62.7846 1.54711 -13 3515 1 0 1
-5.81817 -29.5372 125.556 -2.63682 -15.3368 56.6292 -0.071386 -13 3517 1 0 1
14.8901 -8.37442 125.556 8.29844 -4.91663 71.6402 0.865692 -13 3518 1 0 1
15.8431 -2.26405 125.556 8.88693 -2.31587 64.6062 -0.128585 -13 3520 1 0 1
0.056623 -4.44517 125.556 0.291178 -3.29767 59.2944 0.102258 -13 3521 1 0 1
-29.6532 -29.124 125.556 -14.3237 -13.9093 55.1375 0.042595 -13 3522 1 0 1
0.811885 -9.78962 125.556 0.963958 -3.40403 54.4673 0.435225 -13 3523 1 0 1
12.174 19.0593 125.556 6.65328 10.6385 67.0572 0.564832 -13 3524 1 0 1
-1.03754 -14.9927 125.556 -0.949146 -9.9391 66.4215 4.72069 -13 3525 1 0 1
-18.4897 9.30951 125.556 -11.0755 4.75001 65.87 2.64842 -13 3526 1 0 1
-11.5591 13.7011 125.556 -4.457 7.4531 49.7588 3.5732 -13 3527 1 0 1
-10.0572 18.4134 125.556 -6.77142 10.9978 69.2784 -0.169587 -13 3528 1 0 1
-12.9948 -14.8157 125.556 -5.15845 -6.84928 49.9986 1.13694 -13 3529 1 0 1
12.5634 -8.36559 125.556 6.84982 -4.96806 68.9043 0.646401 -13 3530 1 0 1
35.8516 34.2812 125.556 19.3786 18.3853 62.8222 -1.1365 -13 3531 1 0 1
22.3487 4.99759 125.556 10.2812 2.66729 48.8629 0.72439 -13 3532 1 0 1
-2.73098 10.8374 125.556 -2.23135 6.59411 69.517 1.85468 -13 3533 1 0 1
8.74208 -12.9055 125.556 4.69936 -6.68711 63.5685 -1.37404 -13 3534 1 0 1
-5.09537 -23.4233 125.556 -2.28733 -10.9969 54.8829 0.14155 -13 3535 1 0 1
4.57788 -10.8442 125.556 2.13319 -4.92316 69.1878 -1.33876 -13 3536 1 0 1
1.15756 2.79712 125.556 1.03846 0.54873 62.1241 0.0550577 -13 3537 1 0 1
-14.174 -19.6306 125.556 -9.33698 -12.4992 69.3056 -0.144901 -13 3538 1 0 1
-22.309 -4.97089 125.556 -11.4809 -2.25214 58.9997 -0.416138 -13 3539 1 0 1
3.91277 33.4679 125.556 2.18409 12.3296 42.9035 3.34703 -13 3540 1 0 1
9.17353 23.6336 125.556 4.80857 11.1971 54.598 -0.138764 -13 3541 1 0 1
17.7902 21.8998 125.556 7.27924 7.12475 39.8315 0.972224 -13 3542 1 0 1
2.14676 0.123682 125.556 1.52885 0.534931 57.1191 -1.48694 -13 3543 1 0 1
-10.7069 1.11127 125.556 -4.37614 0.275866 54.3217 0.661807 -13 3544 1 0 1
-16.0676 30.6859 125.556 -8.42686 15.3307 59.411 2.47864 -13 3545 1 0 1
9.12883 6.40238 125.556 5.307 3.32895 57.5056 -1.08892 -13 3546 1 0 1
-6.92817 -19.9365 125.556 -3.65174 -10.5799 60.7603 1.88045 -13 3547 1 0 1
12.8658 -15.0062 125.556 6.35354 -6.24215 51.9012 1.749 -13 3548 1 0 1
20.1991 0.793198 125.556 10.8932 0.859036 60.1824 -0.0584715 -13 3549 1 0 1
12.9501 -0.347617 125.556 7.54563 0.670317 70.5061 1.33658 -13 3550 1 0 1
6.82625 -9.91173 125.556 3.90298 -4.787 55.9335 -1.31533 -13 3551 1 0 1
-19.2987 13.4371 125.556 -12.2213 8.86151 69.2438 -0.992119 -13 3552 1 0 1
0.310041 -17.8048 125.556 -1.40275 -10.1839 77.2623 1.38982 -13 3553 1 0 1
-17.2518 -10.9208 125.556 -10.9385 -5.99393 68.2708 0.2315 -13 3554 1 0 1
-9.22701 6.94791 125.556 -4.98606 5.24858 64.167 -0.903577 -13 3555 1 0 1
-12.1447 6.7517 125.556 -7.532 5.0146 67.5444 -0.738698 -13 3556 1 0 1
-14.103 -16.2118 125.556 -5.16307 -5.70965 45.9841 2.43157 -13 3557 1 0 1
-2.01729 -2.30411 125.556 -0.362181 -0.0690905 54.8382 2.4645 -13 3558 1 0 1
-6.81092 -22.2717 125.556 -5.1848 -13.4214 69.9639 2.796 -13 3559 1 0 1
-19.9934 26.7201 125.556 -12.6705 14.882 68.5795 1.50482 -13 3560 1 0 1
-16.5606 6.24783 125.556 -14.0711 2.95073 78.5404 -0.103398 -13 3561 1 0 1
13.021 7.71449 125.556 7.17668 6.44171 68.7513 1.80616 -13 3562 1 0 1
-1.67667 7.48009 125.556 -0.47243 3.80232 53.5138 1.40732 -13 3563 1 0 1
12.4848 -7.55699 125.556 6.97858 -5.52071 67.4643 -0.200465 -13 3564 1 0 1
-8.8284 -2.80042 125.556 -5.91305 -1.96136 69.7277 2.33799 -13 3565 1 0 1
-12.1871 7.4503 125.556 -7.8735 3.47777 68.8888 2.11596 -13 3566 1 0 1
-57.836 16.7507 125.556 -25.9261 7.19717 50.1633 0.803296 -13 3567 1 0 1
13.6736 5.19747 125.556 7.47078 2.09261 59.9426 0.583043 -13 3568 1 0 1
10.5938 -1.33397 125.556 5.60414 -1.28167 76.1577 -0.96687 -13 3569 1 0 1
-14.6688 25.2194 125.556 -9.32894 13.287 68.2622 1.2139 -13 3570 1 0 1
-2.88281 -2.20595 125.556 -2.46544 -1.0766 70.3781 1.11438 -13 3571 1 0 1
-20.8629 4.42345 125.556 -16.8802 3.21564 78.5982 1.02224 -13 3572 1 0 1
28.1543 -43.4674 125.556 12.6453 -16.9601 48.1467 1.44072 -13 3574 1 0 1
-2.98141 -27.7887 125.556 -0.955626 -11.4415 50.4713 2.50664 -13 3575 1 0 1
-15.123 1.44472 125.556 -9.87379 -0.313787 69.0711 1.73102 -13 3576 1 0 1
22.1181 32.3371 125.556 11.7089 15.5285 56.1943 -1.22737 -13 3577 1 0 1
-7.90234 2.62786 125.556 -5.44983 2.16797 68.7371 0.647205 -13 3578 1 0 1
2.24224 -4.90768 125.556 1.54407 -2.06608 39.8297 1.46839 -13 3579 1 0 1
18.337 17.777 125.556 10.4527 10.2079 68.9393 1.53474 -13 3580 1 0 1
4.47065 -18.3299 125.556 1.06349 -14.1013 79.7139 -0.0408381 -13 3581 1 0 1
11.0772 -6.12585 125.556 6.15232 -4.03748 56.4712 1.18468 -13 3582 1 0 1
-0.589414 8.32211 125.556 -1.47441 4.57194 72.7643 1.34952 -13 3583 1 0 1
-4.13011 10.9566 125.556 -2.38519 6.40055 62.7473 -0.036745 -13 3584 1 0 1
-0.20242 -4.51447 125.556 -0.546359 -3.09909 68.5441 2.33066 -13 3585 1 0 1
1.20485 16.6527 125.556 -1.18483 10.8541 78.0638 -0.631273 -13 3586 1 0 1
-17.5624 -15.9482 125.556 -11.9906 -11.7911 71.8795 1.03709 -13 3587 1 0 1
6.41559 9.35523 125.556 3.46592 3.09799 53.0442 -0.707865 -13 3588 1 0 1
-6.52051 -6.52982 125.556 -3.55734 -4.23258 63.4448 3.03708 -13 3589 1 0 1
-13.453 -16.6771 125.556 -8.26081 -11.408 67.2087 1.39584 -13 3590 1 0 1
-10.3949 2.08558 125.556 -7.37499 1.20266 72.3996 0.272883 -13 3591 1 0 1
-14.3318 -20.0686 125.556 -11.733 -13.4341 78.1542 -0.179153 -13 3592 1 0 1
4.07911 -8.2445 125.556 2.14393 -2.89346 45.6712 1.96298 -13 3593 1 0 1
34.6237 2.35169 125.556 18.8939 -0.17863 61.7162 1.11103 -13 3594 1 0 1
19.185 9.55787 125.556 8.96086 2.22878 50.9454 1.24875 -13 3595 1 0 1
-12.777 -10.9807 125.556 -6.73901 -6.87285 60.9819 1.8884 -13 3596 1 0 1
19.8429 2.81304 125.556 8.78514 1.2998 43.9914 1.59661 -13 3597 1 0 1
8.18186 16.5222 125.556 4.29542 9.84458 69.0583 2.09891 -13 3598 1 0 1
8.77864 -2.35747 125.556 4.5024 -0.869399 72.124 2.64254 -13 3599 1 0 1
-7.39484 -1.71423 125.556 -3.09593 -1.13287 56.5505 0.99789 -13 3600 1 0 1
0.875504 -0.58226 125.556 -0.134227 -0.894057 71.2963 -0.274093 -13 3601 1 0 1
-25.3097 -20.2756 125.556 -11.0951 -6.92426 51.2404 0.684007 -13 3602 1 0 1
18.1748 -10.8004 125.556 10.153 -5.85733 63.4167 0.693291 -13 3603 1 0 1
17.2012 21.7445 125.556 9.75623 13.5417 67.753 0.117219 -13 3604 1 0 1
-10.8537 -24.2787 125.556 -8.373 -14.8246 73.6675 2.07889 -13 3605 1 0 1
3.65048 -19.1958 125.556 1.92881 -8.53668 62.903 1.17996 -13 3606 1 0 1
13.226 -12.7604 125.556 6.99517 -8.59031 62.694 3.17955 -13 3607 1 0 1
-17.5596 7.9272 125.556 -9.92216 3.28372 62.5312 0.368033 -13 3608 1 0 1
1.91738 8.48874 125.556 -0.530376 7.04283 75.2946 -1.17042 -13 3609 1 0 1
17.0966 6.77865 125.556 9.62357 3.10789 67.1238 1.77962 -13 3610 1 0 1
14.5509 -19.2754 125.556 7.21157 -8.39615 49.5735 0.959441 -13 3611 1 0 1
9.00687 22.377 125.556 4.72892 12.8249 64.9777 0.840678 -13 3612 1 0 1
-7.80173 17.257 125.556 -6.02887 12.7427 73.2707 1.30737 -13 3613 1 0 1
10.1287 -10.5949 125.556 5.72773 -5.31473 70.5365 0.0581991 -13 3614 1 0 1
14.6175 -1.23423 125.556 8.19911 -2.35384 75.5608 1.52258 -13 3615 1 0 1
3.51116 -12.8527 125.556 0.779991 -10.4004 74.9492 -0.0756084 -13 3616 1 0 1
15.4641 1.59213 125.556 8.42265 2.04438 63.9371 3.52629 -13 3617 1 0 1
-0.299492 -16.839 125.556 -0.528539 -9.46999 68.2058 0.592773 -13 3618 1 0 1
25.5505 3.00621 125.556 14.1398 2.36178 62.6037 -0.0151191 -13 3619 1 0 1
11.8286 12.436 125.556 6.79159 5.82773 58.3487 -0.906502 -13 3620 1 0 1
-1.98111 9.97644 125.556 -1.29059 5.23766 65.885 0.791372 -13 3621 1 0 1
-9.2669 6.00595 125.556 -6.66238 2.67577 71.691 0.467535 -13 3622 1 0 1
-4.82524 32.0718 125.556 -1.42887 14.1247 51.7844 0.0812393 -13 3623 1 0 1
21.3412 -14.0044 125.556 11.4742 -7.0162 61.1448 2.38475 -13 3624 1 0 1
-17.3481 7.05853 125.556 -14.3216 6.41411 77.3214 1.14112 -13 3625 1 0 1
8.76945 6.66889 125.556 4.88271 4.87135 66.5718 -0.856285 -13 3626 1 0 1
11.9959 -2.22922 125.556 6.45111 0.406664 53.785 0.920528 -13 3627 1 0 1
4.3801 -13.3352 125.556 2.41275 -5.07902 46.9289 2.22227 -13 3628 1 0 1
6.58875 3.87013 125.556 3.05739 2.18414 75.3024 1.27969 -13 3629 1 0 1
-17.8644 2.80116 125.556 -6.1137 0.872267 43.4272 0.687812 -13 3631 1 0 1
7.40991 -7.00335 125.556 3.70709 -3.28423 48.7812 1.44444 -13 3632 1 0 1
11.5422 -5.87928 125.556 6.4886 -3.55973 71.7932 1.20255 -13 3634 1 0 1
7.27394 10.4741 125.556 3.12295 8.53365 75.0664 1.88601 -13 3635 1 0 1
-25.2439 2.34688 125.556 -14.3442 2.02123 63.6412 -1.6901 -13 3639 1 0 1
-34.3977 -21.9711 125.556 -18.0124 -11.9124 59.2238 2.22367 -13 3640 1 0 1
14.7059 15.313 125.556 7.54009 6.90326 51.7242 1.70674 -13 3641 1 0 1
7.28319 -18.3467 125.556 3.6886 -10.8968 69.3641 0.735575 -13 3642 1 0 1
-33.2242 0.993663 125.556 -20.5595 1.95265 67.7766 1.13672 -13 3643 1 0 1
24.2055 -6.23001 125.556 11.962 -2.31938 53.6651 -0.22433 -13 3644 1 0 1
13.4276 -1.26248 125.556 7.51048 -1.19948 65.7629 -0.221258 -13 3645 1 0 1
-32.8345 25.7338 125.556 -16.2335 13.4829 56.2982 2.34723 -13 3647 1 0 1
-16.8761 -13.122 125.556 -10.3805 -8.01285 68.1472 1.00716 -13 3648 1 0 1
-2.23589 7.86073 125.556 -0.643098 3.81737 58.6529 1.76308 -13 3649 1 0 1
-12.1448 -21.1625 125.556 -7.83909 -11.6022 68.137 1.42977 -13 3650 1 0 1
8.51798 7.09563 125.556 4.24474 2.23381 44.0439 0.67133 -13 3651 1 0 1
-38.0523 -0.32261 125.556 -21.3859 0.766113 62.458 0.101492 -13 3652 1 0 1
7.29846 7.24635 125.556 4.22824 4.8197 66.9851 -0.612907 -13 3653 1 0 1
-11.99 14.0295 125.556 -4.7182 7.56297 49.6412 -0.35164 -13 3654 1 0 1
11.1867 0.468117 125.556 6.25786 -0.996809 54.6391 0.259028 -13 3655 1 0 1
12.8137 17.2975 125.556 7.01227 8.96443 58.4393 -0.842396 -13 3656 1 0 1
-1.07953 0.68287 125.556 -0.0983362 0.68569 56.3731 -0.0814373 -13 3657 1 0 1
-3.46247 9.65816 125.556 -3.14645 4.90227 71.7009 1.77828 -13 3658 1 0 1
7.33537 -10.5786 125.556 4.0865 -3.47894 62.4478 1.28851 -13 3659 1 0 1
8.48094 8.87942 125.556 4.69447 4.15981 67.6878 1.71063 -13 3660 1 0 1
-14.184 15.0608 125.556 -6.91325 7.45599 57.8404 1.35936 -13 3661 1 0 1
10.4991 -2.32246 125.556 6.12223 -2.30883 65.0773 1.3295 -13 3662 1 0 1
-0.0579426 19.3544 125.556 -0.16262 10.1649 63.5612 1.87628 -13 3663 1 0 1
-15.9969 -19.9653 125.556 -9.22548 -9.98088 63.4651 -0.690975 -13 3664 1 0 1
10.0287 -16.446 125.556 5.31613 -8.95178 57.5273 0.389763 -13 3665 1 0 1
29.8023 -21.2171 125.556 10.6208 -6.22867 36.7422 0.960789 -13 3666 1 0 1
-14.3229 10.5464 125.556 -7.20522 4.26872 58.8238 0.793708 -13 3667 1 0 1
-0.577224 1.61714 125.556 -0.0139014 0.900056 60.5352 1.06667 -13 3668 1 0 1
-7.2713 1.00081 125.556 -5.91648 1.03174 72.9667 0.549697 -13 3669 1 0 1
11.6946 13.7392 125.556 6.32424 8.95991 65.3087 2.15639 -13 3670 1 0 1
-12.4065 -26.7115 125.556 -7.56874 -15.1984 66.1183 1.77338 -13 3671 1 0 1
-8.84519 -3.2802 125.556 -6.13104 -1.37324 69.7457 0.956883 -13 3672 1 0 1
-8.47385 -2.774 125.556 -4.96036 -0.958234 63.9182 0.0610726 -13 3673 1 0 1
-15.5117 -15.4752 125.556 -9.67297 -8.96795 67.3076 1.49981 -13 3674 1 0 1
-2.52442 4.31128 125.556 -0.985269 3.35916 62.0669 -0.297834 -13 3675 1 0 1
-25.3187 13.5103 125.556 -15.2207 6.73462 66.77 0.0948405 -13 3676 1 0 1
-21.7302 -6.25147 125.556 -13.1383 -3.60521 66.9275 0.282482 -13 3677 1 0 1
-4.59839 1.78183 125.556 -2.67781 1.54088 65.3291 0.637768 -13 3678 1 0 1
1.9745 -16.3363 125.556 1.18488 -9.76025 64.4594 1.81509 -13 3679 1 0 1
-16.888 -36.3934 125.556 -8.68385 -18.5058 57.8116 -0.50867 -13 3680 1 0 1
-19.432 15.2887 125.556 -10.7086 6.88849 63.0772 2.18308 -13 3681 1 0 1
-4.92443 -0.805774 125.556 -3.99568 -1.30894 71.6038 0.881696 -13 3682 1 0 1
-12.29 -13.2547 125.556 -7.53956 -6.5948 66.6105 0.509268 -13 3683 1 0 1
-10.1053 -10.6762 125.556 -5.56692 -6.30901 63.5723 2.74587 -13 3684 1 0 1
2.91161 -2.62272 125.556 1.09506 -0.250342 68.7125 1.16756 -13 3685 1 0 1
-12.1761 -8.98016 125.556 -7.1259 -5.49908 65.4156 0.221374 -13 3686 1 0 1
-16.7709 -9.97181 125.556 -8.16428 -4.81985 56.8858 -0.736096 -13 3687 1 0 1
15.9825 25.0972 125.556 5.94678 7.44807 35.3984 1.38526 -13 3689 1 0 1
5.31605 -5.01065 125.556 2.70651 -4.55444 65.7137 2.6156 -13 3690 1 0 1
-12.1889 -7.8307 125.556 -3.29595 -2.49584 37.7782 1.14853 -13 3691 1 0 1
-14.8377 22.2324 125.556 -7.37766 12.2 57.5408 2.21046 -13 3692 1 0 1
18.5551 0.658147 125.556 10.6427 1.2543 70.3045 0.644298 -13 3693 1 0 1
-9.83019 -3.4851 125.556 -5.34972 -1.44486 61.431 1.88914 -13 3694 1 0 1
-8.33953 -19.7618 125.556 -5.18954 -11.1309 65.922 2.79011 -13 3695 1 0 1
-4.6457 -26.7596 125.556 -5.26361 -18.7583 76.5808 0.813412 -13 3696 1 0 1
22.057 -5.13109 125.556 13.3506 -2.54928 81.2009 -0.19358 -13 3697 1 0 1
7.75839 -0.656073 125.556 4.30542 0.412697 71.616 1.61678 -13 3698 1 0 1
10.378 -10.2312 125.556 6.10243 -5.35733 62.6103 -0.839163 -13 3699 1 0 1
6.16632 -4.00583 125.556 3.50618 -2.41144 52.8406 0.841245 -13 3700 1 0 1
26.683 7.41347 125.556 12.0176 3.7382 47.9144 1.14862 -13 3701 1 0 1
-7.816 7.12604 125.556 -3.70011 3.68902 59.7187 1.44973 -13 3702 1 0 1
-4.25703 13.2083 125.556 -2.97498 7.80557 68.6966 1.51368 -13 3703 1 0 1
-5.9062 10.6528 125.556 -0.567554 1.36881 14.836 1.97404 -13 3704 1 0 1
-3.86694 -17.957 125.556 -4.12381 -11.8829 75.9531 -0.307358 -13 3705 1 0 1
15.8455 -7.26136 125.556 8.73678 -6.65689 79.4475 -1.00725 -13 3706 1 0 1
-12.9006 0.348392 125.556 -6.78876 0.426647 60.5622 2.70312 -13 3707 1 0 1
7.12127 -1.16094 125.556 4.09814 -0.153073 63.4879 4.33167 -13 3708 1 0 1
15.524 -27.4851 125.556 8.50408 -15.7731 67.5913 1.30591 -13 3709 1 0 1
11.9339 -8.37505 125.556 6.27634 -5.51537 75.4394 2.13093 -13 3711 1 0 1
-7.04588 12.5432 125.556 -4.46003 6.9808 67.0336 0.124309 -13 3712 1 0 1
24.9151 -20.3224 125.556 14.3461 -12.0927 67.6871 0.297958 -13 3713 1 0 1
5.64686 -14.3998 125.556 3.25005 -7.85439 62.3963 2.02872 -13 3714 1 0 1
18.8956 -14.6207 125.556 9.73164 -7.07205 57.1417 0.280981 -13 3715 1 0 1
-16.4358 2.46741 125.556 -6.72701 0.0100635 51.1402 0.922708 -13 3716 1 0 1
-12.8562 -19.3278 125.556 -7.45229 -11.7727 63.8531 3.08486 -13 3717 1 0 1
11.4062 -11.4659 125.556 5.90941 -6.09373 53.7186 -1.4926 -13 3718 1 0 1
5.70776 -6.70765 125.556 3.49848 -3.34583 62.0266 2.45734 -13 3719 1 0 1
7.15384 15.3191 125.556 3.86914 8.939 68.8708 3.32037 -13 3720 1 0 1
-1.879 -7.07412 125.556 -0.385264 -3.4166 51.9703 3.44026 -13 3721 1 0 1
-1.03172 -12.2064 125.556 -0.212162 -7.51486 59.4605 0.346018 -13 3722 1 0 1
-16.843 9.05493 125.556 -12.7803 7.23878 76.1063 1.09644 -13 3723 1 0 1
30.6141 -13.8607 125.556 15.7479 -7.36904 57.4491 0.659655 -13 3724 1 0 1
10.7692 0.168746 125.556 5.93914 -0.082894 61.9463 0.70325 -13 3725 1 0 1
-4.49561 -5.0743 125.556 -2.86444 -3.48435 67.2689 1.74124 -13 3726 1 0 1
2.70695 -14.9053 125.556 1.55606 -5.48741 61.4166 0.319865 -13 3727 1 0 1
-0.515337 -4.15538 125.556 -0.955076 -1.58256 70.5575 -0.303462 -13 3728 1 0 1
-0.765776 -4.22805 125.556 -0.945988 -2.9516 69.0955 2.13987 -13 3729 1 0 1
-11.8305 -26.2473 125.556 -10.1256 -16.8667 76.4465 0.968372 -13 3730 1 0 1
11.4666 -29.5346 125.556 5.79421 -13.4559 54.788 0.0548796 -13 3731 1 0 1
15.5089 -9.00112 125.556 6.96741 -4.30022 45.8132 0.537361 -13 3732 1 0 1
8.13243 1.66274 125.556 4.44135 0.787287 63.2299 1.90485 -13 3733 1 0 1
-5.02156 3.24224 125.556 -3.13533 2.36222 65.602 1.09882 -13 3734 1 0 1
12.1247 -5.8495 125.556 6.69734 -4.76181 68.7827 0.114242 -13 3735 1 0 1
-10.5331 4.84035 125.556 -5.5104 2.09772 59.9657 0.408333 -13 3736 1 0 1
-14.5348 -8.87438 125.556 -12.4516 -4.6907 78.5285 -0.218578 -13 3738 1 0 1
0.932969 -7.04169 125.556 -1.32991 -5.58267 78.7524 3.04659 -13 3739 1 0 1
-11.8833 -6.48095 125.556 -4.52906 -3.92202 49.7986 0.973184 -13 3740 1 0 1
-13.9008 -11.7709 125.556 -10.2535 -7.22348 74.5368 0.408216 -13 3741 1 0 1
8.77768 -22.8597 125.556 4.79015 -12.3863 63.3668 1.27082 -13 3742 1 0 1
-11.7996 11.1611 125.556 -7.18944 7.10627 65.7578 1.83416 -13 3743 1 0 1
25.1587 4.45372 125.556 12.9073 2.81987 58.6036 0.576156 -13 3744 1 0 1
-4.489 15.5967 125.556 -0.266811 3.80575 30.491 2.96035 -13 3745 1 0 1
-13.4483 -12.1024 125.556 -7.20582 -6.42392 62.782 -0.443423 -13 3746 1 0 1
0.957566 -4.65338 125.556 1.16724 -2.14646 50.954 -1.1564 -13 3747 1 0 1
10.233 -0.0235947 125.556 5.70952 0.858983 67.9972 0.0575217 -13 3748 1 0 1
2.2602 6.10223 125.556 1.37923 1.83714 58.8666 0.527236 -13 3749 1 0 1
2.66165 12.0785 125.556 1.53251 7.40135 60.3765 0.0873642 -13 3750 1 0 1
-7.95843 -8.7723 125.556 -3.93992 -4.43774 61.5826 0.97657 -13 3751 1 0 1
-27.0162 -22.2236 125.556 -13.8819 -11.358 58.2895 1.95669 -13 3752 1 0 1
-26.0799 4.9446 125.556 -19.5296 3.23098 77.0823 1.27726 -13 3753 1 0 1
-27.3231 11.0503 125.556 -18.0979 7.53697 71.1131 0.816825 -13 3754 1 0 1
-7.67285 2.0489 125.556 -5.58815 1.84726 69.6687 -0.34536 -13 3755 1 0 1
5.95733 12.3709 125.556 1.75347 7.66399 79.1282 1.51235 -13 3756 1 0 1
30.0125 -6.55524 125.556 15.838 -2.14544 60.0921 -0.980275 -13 3757 1 0 1
-7.00341 4.94001 125.556 -2.59078 2.29085 54.5059 2.20978 -13 3758 1 0 1
13.1696 6.90556 125.556 7.45782 4.11058 67.5144 -0.58 -13 3759 1 0 1
14.8988 4.02072 125.556 7.26486 0.564689 48.5313 1.99626 -13 3760 1 0 1
-9.14549 -6.07021 125.556 -5.87987 -2.91595 68.0777 -0.0422336 -13 3761 1 0 1
2.50847 20.1158 125.556 0.575366 11.8155 72.5513 1.1439 -13 3762 1 0 1
7.03342 2.19653 125.556 3.99536 1.99488 64.1834 -0.557598 -13 3763 1 0 1
-2.32571 12.4662 125.556 -1.93173 8.98458 68.1634 0.754952 -13 3764 1 0 1
-4.64001 34.3698 125.556 -2.63714 18.7646 63.3014 2.43727 -13 3765 1 0 1
13.9414 -13.6475 125.556 7.59645 -7.54042 58.1083 0.798953 -13 3766 1 0 1
-22.611 -1.70983 125.556 -14.3282 -2.47097 68.8173 0.416536 -13 3767 1 0 1
31.7824 1.37732 125.556 13.1638 1.61141 44.7954 0.158744 -13 3768 1 0 1
-6.05048 4.24215 125.556 -2.03482 2.23399 51.7827 -0.690458 -13 3769 1 0 1
-2.82531 11.4497 125.556 -1.22859 6.44317 62.5513 -1.69455 -13 3770 1 0 1
8.09306 8.66058 125.556 4.59998 4.84015 60.9305 1.30261 -13 3771 1 0 1
13.6902 0.477311 125.556 7.41065 0.855664 54.2539 0.352463 -13 3772 1 0 1
-39.2449 147.175 125.556 -3.21351 8.26671 9.49582 5.06188 -13 3773 1 0 1
-7.94031 -45.8913 125.556 -3.48011 -21.0701 55.5393 -0.0465763 -13 3774 1 0 1
-13.3874 -10.8081 125.556 -6.11815 -4.45094 57.0702 0.438991 -13 3775 1 0 1
13.2971 -2.28818 125.556 6.48966 -0.818626 49.708 2.25549 -13 3776 1 0 1
-19.2957 -8.05488 125.556 -10.5792 -4.65544 61.6502 2.07365 -13 3777 1 0 1
-0.366831 16.3769 125.556 -1.3486 10.5658 73.1381 0.0360088 -13 3778 1 0 1
7.03472 5.4251 125.556 3.84176 3.67014 54.5325 0.868626 -13 3779 1 0 1
16.1463 -16.338 125.556 8.13192 -7.72977 53.6722 1.55229 -13 3780 1 0 1
-3.50932 8.49614 125.556 -1.53336 4.69636 58.7203 -0.228277 -13 3781 1 0 1
-0.139159 5.05806 125.556 -0.582392 4.16154 68.917 0.964026 -13 3782 1 0 1
-9.65403 -20.6086 125.556 -6.0583 -12.8235 65.8655 -0.222865 -13 3783 1 0 1
9.61753 6.58551 125.556 5.63567 3.8668 64.5909 -0.914961 -13 3784 1 0 1
-2.94743 4.17111 125.556 -1.72862 3.12094 64.2662 -0.462398 -13 3785 1 0 1
-11.9834 -16.6856 125.556 -7.5009 -8.58735 67.5103 -0.68581 -13 3786 1 0 1
1.31036 17.5411 125.556 -0.120228 9.75346 73.5159 2.25673 -13 3787 1 0 1
9.94028 1.77513 125.556 5.25562 1.22386 63.2073 1.66293 -13 3788 1 0 1
-15.0908 1.03759 125.556 -10.0304 1.04178 70.791 1.42034 -13 3789 1 0 1
-10.025 22.0212 125.556 -5.56213 11.744 62.5812 3.03403 -13 3791 1 0 1
2.25593 -25.869 125.556 1.32208 -7.11549 31.8962 1.36221 -13 3792 1 0 1
-24.7261 4.95548 125.556 -13.9964 1.98878 64.0386 1.49758 -13 3794 1 0 1
-22.5147 5.02525 125.556 -10.6773 3.32096 56.1581 1.5589 -13 3795 1 0 1
-26.0266 -6.11897 125.556 -13.5973 -3.05431 59.5149 1.74334 -13 3796 1 0 1
9.00745 -3.72536 125.556 4.93999 -1.50258 61.3342 1.88346 -13 3797 1 0 1
-0.793521 17.0887 125.556 -3.23665 13.9829 77.6867 2.32885 -13 3798 1 0 1
-7.53645 -13.0426 125.556 -4.57221 -7.86272 67.1746 0.561881 -13 3799 1 0 1
48.3188 -35.9127 125.556 18.1705 -11.9532 40.5932 1.56722 -13 3800 1 0 1
-0.179256 0.332702 125.556 -1.71631 0.85875 76.5104 1.40477 -13 3801 1 0 1
-13.6271 13.2434 125.556 -5.67444 5.82133 50.6743 1.30356 -13 3802 1 0 1
-8.48627 -0.878783 125.556 -6.18463 -2.16743 71.6975 -0.842702 -13 3803 1 0 1
-10.6955 14.2084 125.556 -1.91168 2.73016 24.9839 3.74891 -13 3804 1 0 1
-8.36656 -0.729801 125.556 -4.5251 -0.840763 62.6978 -0.473308 -13 3805 1 0 1
8.72778 -0.352475 125.556 4.44519 -1.36362 44.5309 1.10203 -13 3806 1 0 1
-14.6384 -8.63547 125.556 -9.42679 -5.91111 69.4363 0.535996 -13 3807 1 0 1
19.5181 -9.28569 125.556 10.3507 -4.20074 59.3714 3.49637 -13 3808 1 0 1
-12.5877 0.419965 125.556 -8.39558 -0.133642 70.3967 -0.788087 -13 3809 1 0 1
-5.64787 13.3063 125.556 -2.06911 6.97419 54.1232 0.564251 -13 3810 1 0 1
-4.01186 -1.37734 125.556 -2.82213 -0.437969 68.1814 0.344809 -13 3811 1 0 1
10.9091 -21.6932 125.556 5.88806 -13.4051 70.1662 1.32114 -13 3812 1 0 1
22.4319 5.46464 125.556 11.1583 1.85729 55.1109 3.13311 -13 3813 1 0 1
-14.5708 3.84764 125.556 -7.57042 0.953386 59.5267 -0.137756 -13 3814 1 0 1
-25.7537 9.69976 125.556 -18.5168 6.53378 74.9807 0.649603 -13 3815 1 0 1
11.9505 -20.4793 125.556 5.3387 -7.31181 44.2211 0.115453 -13 3816 1 0 1
0.0425739 -14.277 125.556 0.0569618 -7.43852 62.7603 0.205012 -13 3817 1 0 1
7.76528 1.2971 125.556 4.31528 1.31541 67.9786 0.715323 -13 3818 1 0 1
-1.57153 3.90956 125.556 -0.30711 2.23637 57.0802 1.46313 -13 3819 1 0 1
21.2317 -7.28876 125.556 12.1875 -3.55106 69.0759 1.21012 -13 3820 1 0 1
22.1532 20.3371 125.556 11.3524 9.78373 58.1593 2.95676 -13 3821 1 0 1
6.53062 -8.04308 125.556 3.44459 -5.10016 70.2291 -0.391877 -13 3822 1 0 1
-22.3916 4.67131 125.556 -14.5605 2.61358 69.9345 -0.359888 -13 3823 1 0 1
7.65812 -0.640274 125.556 4.27067 -0.358091 59.8095 2.68174 -13 3824 1 0 1
-1.56813 -0.553936 125.556 -0.870177 -0.623734 63.6911 1.4925 -13 3825 1 0 1
-13.0636 -19.2295 125.556 -6.3647 -8.65592 57.9624 0.991837 -13 3826 1 0 1
9.09984 1.83583 125.556 4.06779 -0.194991 40.3998 1.30799 -13 3827 1 0 1
7.61257 -0.534483 125.556 4.03486 -0.038954 52.8819 2.38537 -13 3828 1 0 1
11.6998 6.22635 125.556 6.71101 3.86839 65.569 -1.22393 -13 3829 1 0 1
15.924 21.4261 125.556 8.83342 11.7043 60.5499 -0.100198 -13 3830 1 0 1
10.1259 -25.306 125.556 4.58931 -10.1975 44.8587 1.59194 -13 3831 1 0 1
-2.50507 -3.35717 125.556 -0.827941 -1.37977 54.0966 0.885274 -13 3832 1 0 1
5.0176 -11.4309 125.556 2.74627 -5.61651 61.4857 -1.31931 -13 3833 1 0 1
-6.11111 21.3783 125.556 -4.77863 11.1916 70.135 0.845991 -13 3834 1 0 1
1.92615 5.18179 125.556 0.341474 1.7903 71.9856 1.06446 -13 3835 1 0 1
1.84358 -10.0779 125.556 -1.0696 -7.84091 80.2677 2.93886 -13 3836 1 0 1
11.1469 -14.2135 125.556 5.99639 -7.72443 58.1948 -0.405988 -13 3837 1 0 1
7.6261 -0.449558 125.556 3.9173 -0.545954 50.4974 2.02782 -13 3838 1 0 1
24.4797 -9.33444 125.556 8.91536 -2.86098 36.0945 3.30025 -13 3840 1 0 1
-14.1512 25.9096 125.556 -6.00193 12.6407 52.9794 2.34558 -13 3841 1 0 1
-6.6684 -0.777022 125.556 -3.96088 0.88087 65.1804 -0.125646 -13 3842 1 0 1
16.2016 0.00107595 125.556 8.03237 0.157969 53.1643 2.50926 -13 3843 1 0 1
-35.7746 -2.08235 125.556 -17.9794 -0.692847 57.2811 1.44143 -13 3844 1 0 1
-14.615 -11.6452 125.556 -10.3216 -7.36483 72.1579 0.0848172 -13 3845 1 0 1
-7.0513 -17.7666 125.556 -5.56746 -11.0161 72.7875 -0.145034 -13 3846 1 0 1
-22.7742 -19.4794 125.556 -7.30287 -6.35791 39.6307 1.28912 -13 3847 1 0 1
19.1723 -0.509638 125.556 9.47505 0.278185 51.874 0.677181 -13 3848 1 0 1
-26.073 -6.0406 125.556 -14.7862 -2.57322 63.4382 1.94409 -13 3849 1 0 1
-5.34431 34.504 125.556 -3.3428 20.0707 64.0713 1.07482 -13 3850 1 0 1
20.2472 -2.39175 125.556 9.65601 -0.0581045 50.1172 0.97389 -13 3851 1 0 1
20.901 26.8741 125.556 7.70605 8.31833 37.7244 1.51113 -13 3852 1 0 1
-15.0541 -6.55264 125.556 -9.06862 -4.82436 64.7085 2.08494 -13 3853 1 0 1
-1.85654 -0.113878 125.556 -0.085812 0.231302 42.4743 -0.449791 -13 3854 1 0 1
5.0059 -19.1296 125.556 2.63023 -11.2159 61.7327 0.319853 -13 3855 1 0 1
0.855937 1.60272 125.556 0.684069 2.09377 58.9931 -1.07425 -13 3856 1 0 1
9.43129 -5.19112 125.556 5.14594 -2.92576 60.5545 -0.485269 -13 3857 1 0 1
7.40885 10.119 125.556 3.91777 4.58316 60.228 -0.604474 -13 3858 1 0 1
1.28499 -11.6555 125.556 0.474068 -4.46798 65.6315 -0.432797 -13 3859 1 0 1
-0.244489 -11.7046 125.556 -0.83358 -6.2911 72.9755 0.0191807 -13 3860 1 0 1
9.92423 14.6164 125.556 5.44739 6.16447 65.499 1.66949 -13 3861 1 0 1
3.71189 -0.827007 125.556 2.03928 -1.55356 59.0463 1.27992 -13 3862 1 0 1
-1.35406 -4.78634 125.556 -0.124913 -1.87762 56.6477 1.1656 -13 3863 1 0 1
5.41269 -4.89289 125.556 1.7574 -0.468615 25.6087 1.08564 -13 3864 1 0 1
8.70579 0.103316 125.556 4.68878 -0.102397 73.6944 0.314319 -13 3865 1 0 1
-18.6724 8.38763 125.556 -8.72668 4.75841 55.8566 0.186433 -13 3866 1 0 1
11.9272 -24.1545 125.556 6.48958 -10.382 61.8247 1.49601 -13 3867 1 0 1
-10.2794 1.07613 125.556 -3.72629 0.462285 50.4439 1.04483 -13 3868 1 0 1
-2.14388 -4.61218 125.556 -2.58651 -1.33056 75.1484 0.116239 -13 3869 1 0 1
0.258441 -15.6161 125.556 -2.00626 -9.99434 79.3521 2.12354 -13 3870 1 0 1
-12.2321 -1.20513 125.556 -6.06924 0.18683 58.07 0.235554 -13 3871 1 0 1
-7.23485 16.4491 125.556 -5.9595 9.26279 74.3738 2.32961 -13 3872 1 0 1
-10.1892 -2.00623 125.556 -7.83496 -1.47239 73.7168 2.49199 -13 3873 1 0 1
-20.6262 -2.68527 125.556 -12.2749 -2.34461 67.0613 2.31508 -13 3874 1 0 1
1.95594 20.5946 125.556 1.43334 6.14343 38.1124 0.692033 -13 3875 1 0 1
10.8687 -1.35977 125.556 6.02612 -0.554531 62.5179 1.95808 -13 3876 1 0 1
-16.2673 6.65662 125.556 -7.00044 2.58663 52.1433 -0.735019 -13 3877 1 0 1
51.3378 10.2574 125.556 21.7515 3.50807 47.2884 1.94513 -13 3878 1 0 1
-1.30405 -20.3557 125.556 -0.344856 -10.0408 56.2056 1.79874 -13 3879 1 0 1
-15.3536 -9.98135 125.556 -9.18808 -6.35823 66.7583 1.91194 -13 3880 1 0 1
11.3129 -6.42421 125.556 6.21409 -4.1639 73.4075 1.51259 -13 3881 1 0 1
-20.2025 -18.707 125.556 -10.5002 -9.93554 60.076 2.00607 -13 3882 1 0 1
18.5102 -26.7926 125.556 9.34467 -13.4837 58.7869 2.10711 -13 3883 1 0 1
-0.440831 4.69335 125.556 -1.30155 3.58207 73.2137 0.552977 -13 3884 1 0 1
-4.11572 -11.0064 125.556 -4.44182 -8.2096 76.5231 -1.68034 -13 3886 1 0 1
-11.5546 23.6992 125.556 -6.67812 13.0108 63.7722 1.92564 -13 3887 1 0 1
-0.0768073 -14.1561 125.556 0.766734 -5.97055 49.178 1.93202 -13 3888 1 0 1
-4.89539 0.449177 125.556 -2.98074 0.595418 65.4833 2.46118 -13 3889 1 0 1
-7.73289 -25.4121 125.556 -2.30149 -10.6601 46.4168 0.926774 -13 3890 1 0 1
-3.79173 -7.23787 125.556 -2.61475 -3.67873 67.6599 3.38238 -13 3891 1 0 1
-14.08 -22.2285 125.556 -7.13601 -11.9177 58.7133 1.63856 -13 3892 1 0 1
-7.67102 9.0212 125.556 -5.70535 5.55919 72.3789 0.27561 -13 3893 1 0 1
-19.2998 21.5636 125.556 -6.95782 8.0957 45.9047 2.25344 -13 3894 1 0 1
4.49135 1.16706 125.556 2.11505 0.879179 71.8001 1.13331 -13 3895 1 0 1
2.82927 -10.5734 125.556 1.1298 -5.86313 67.6228 -0.0418032 -13 3896 1 0 1
-7.38477 22.8681 125.556 -3.78411 11.2147 58.6778 1.50229 -13 3897 1 0 1
27.2723 -2.9185 125.556 15.0925 -1.63927 62.8818 2.59547 -13 3898 1 0 1
-35.0664 25.393 125.556 -14.6522 9.82412 48.0832 2.03438 -13 3899 1 0 1
-11.1138 6.86752 125.556 -7.96948 3.3132 72.128 0.414895 -13 3900 1 0 1
22.2317 -34.4431 125.556 9.70103 -13.0948 45.18 -0.568643 -13 3901 1 0 1
-3.05751 6.50464 125.556 -3.10657 3.36329 72.6406 1.18443 -13 3902 1 0 1
6.34474 36.5831 125.556 3.17125 15.9445 45.9309 0.0222126 -13 3903 1 0 1
-8.60676 -13.3426 125.556 -3.88955 -6.61817 52.924 3.09532 -13 3904 1 0 1
-12.8224 2.95544 125.556 -10.6342 3.53018 78.0976 0.765037 -13 3905 1 0 1
6.58061 22.298 125.556 1.49675 2.84102 16.0492 3.107 -13 3906 1 0 1
4.06693 -5.2429 125.556 2.04575 -2.03714 67.2382 -0.287337 -13 3907 1 0 1
9.12066 -11.099 125.556 4.85303 -4.9201 55.6499 1.65018 -13 3908 1 0 1
-12.0899 -1.74163 125.556 -9.02653 -0.748361 74.0332 1.23745 -13 3909 1 0 1
-4.83354 2.67562 125.556 -3.83367 1.794 71.2715 0.8503 -13 3910 1 0 1
-25.7285 -12.0402 125.556 -14.2717 -7.89765 61.5893 1.23296 -13 3911 1 0 1
-0.746673 9.56726 125.556 -0.515434 3.38209 66.0758 0.533656 -13 3912 1 0 1
-4.71179 -17.3013 125.556 -1.37471 -6.76985 45.9535 2.10769 -13 3913 1 0 1
1.38519 -9.94161 125.556 1.1218 -5.84134 56.6934 2.25973 -13 3914 1 0 1
2.40452 -1.82749 125.556 1.1156 -2.45593 64.5448 0.808139 -13 3915 1 0 1
-4.37825 8.24916 125.556 -2.11597 3.99515 60.7959 -0.218729 -13 3916 1 0 1
-5.06984 13.5611 125.556 -3.19025 8.62219 64.7379 0.491073 -13 3917 1 0 1
9.27175 -7.92391 125.556 4.95191 -4.90088 73.7306 -0.329291 -13 3918 1 0 1
-8.32057 10.4283 125.556 -7.12838 6.96285 76.4288 1.15928 -13 3919 1 0 1
8.63586 0.868316 125.556 4.7102 0.834334 67.1773 1.22511 -13 3920 1 0 1
-18.4934 -3.55469 125.556 -13.6415 -2.21467 75.2588 0.75619 -13 3921 1 0 1
3.84146 -16.3656 125.556 1.6615 -4.47663 30.9272 1.0322 -13 3922 1 0 1
-22.3067 -5.2726 125.556 -11.2357 -2.52823 57.8175 2.17592 -13 3923 1 0 1
19.0446 -12.7512 125.556 10.0407 -7.44456 61.3137 -0.879927 -13 3924 1 0 1
-18.8686 15.5231 125.556 -10.5119 7.22658 61.8067 2.25627 -13 3925 1 0 1
16.9304 -19.2306 125.556 9.05874 -11.9191 60.7353 0.8781 -13 3926 1 0 1
-21.1219 -12.5302 125.556 -9.81915 -6.68227 55.2436 2.48668 -13 3927 1 0 1
-8.89965 -13.0525 125.556 -6.27149 -7.10671 69.9817 1.82735 -13 3928 1 0 1
3.69354 -6.07618 125.556 2.41642 -3.10891 56.0637 0.343717 -13 3929 1 0 1
2.87817 -22.1166 125.556 -0.696894 -13.9448 78.208 -0.212387 -13 3930 1 0 1
6.12024 -14.0335 125.556 3.45482 -8.70654 68.0546 -1.86992 -13 3931 1 0 1
6.29919 0.802147 125.556 3.24545 1.41524 46.8162 2.98586 -13 3932 1 0 1
-16.8539 -29.356 125.556 -7.10433 -12.7264 50.7533 3.70599 -13 3933 1 0 1
-13.8552 2.69762 125.556 -8.04155 0.746625 64.7947 -0.158867 -13 3935 1 0 1
-14.4472 -16.2842 125.556 -5.61535 -7.42487 47.842 1.20685 -13 3936 1 0 1
-2.13044 0.114607 125.556 -0.910219 0.615432 61.5323 1.77158 -13 3937 1 0 1
24.0646 -11.4431 125.556 12.3316 -6.07986 56.8569 -0.072376 -13 3938 1 0 1
24.8468 22.3701 125.556 13.4056 11.921 61.3949 1.66519 -13 3939 1 0 1
-15.7757 -3.83409 125.556 -11.0066 -0.556654 72.7274 0.364584 -13 3940 1 0 1
-18.4985 -4.31231 125.556 -7.81546 -2.28603 50.9867 1.25321 -13 3941 1 0 1
4.33007 5.09528 125.556 2.0289 4.07773 69.5823 2.95163 -13 3942 1 0 1
9.25949 -10.4846 125.556 4.86546 -7.18308 68.723 -0.316462 -13 3943 1 0 1
-25.7165 5.38363 125.556 -10.7689 1.9371 49.2763 0.779152 -13 3944 1 0 1
-14.1896 -22.1334 125.556 -12.5064 -15.8957 77.29 1.41565 -13 3945 1 0 1
-7.30232 6.89987 125.556 -5.1846 5.43313 71.2708 -1.34757 -13 3946 1 0 1
-6.93282 15.7417 125.556 -2.85644 7.56408 56.3339 1.27899 -13 3947 1 0 1
-26.5861 -0.282616 125.556 -14.688 0.388456 62.673 1.42836 -13 3948 1 0 1
3.69092 -18.6065 125.556 2.23544 -8.6831 58.7877 -0.0759265 -13 3949 1 0 1
29.5668 -9.49807 125.556 14.758 -4.43833 54.4572 1.20098 -13 3950 1 0 1
-10.3515 -19.8588 125.556 -6.06117 -11.4951 64.8731 0.962184 -13 3951 1 0 1
62.9193 -12.4949 125.556 31.3911 -7.25093 55.9214 0.820818 -13 3952 1 0 1
3.23738 17.9215 125.556 1.92109 9.25254 63.2321 1.91591 -13 3953 1 0 1
-0.472697 1.69516 125.556 0.0510095 1.81095 61.478 2.58702 -13 3955 1 0 1
9.81756 -7.75562 125.556 5.28459 -3.79532 67.4759 0.298695 -13 3956 1 0 1
7.56986 10.9046 125.556 3.31964 8.31186 78.351 -1.15872 -13 3958 1 0 1
11.8628 13.5372 125.556 5.74218 5.83699 47.2396 1.04728 -13 3959 1 0 1
12.1602 8.04844 125.556 6.69668 5.07526 73.2292 -0.764511 -13 3960 1 0 1
-23.0962 1.69532 125.556 -11.4111 -0.184115 57.9101 -0.182679 -13 3961 1 0 1
-39.9272 -5.92985 125.556 -26.2472 -3.02028 71.4536 -1.00224 -13 3963 1 0 1
-6.9413 5.42806 125.556 -4.82846 1.56164 70.5554 0.443501 -13 3964 1 0 1
14.1436 -3.70433 125.556 8.09211 -2.65541 72.801 -0.338797 -13 3965 1 0 1
-18.0866 12.3929 125.556 -10.2204 6.25644 63.7059 0.172566 -13 3966 1 0 1
16.4866 -13.921 125.556 9.39902 -8.42943 67.3182 0.406247 -13 3967 1 0 1
9.95462 9.86623 125.556 5.60617 6.10315 63.3476 1.59668 -13 3968 1 0 1
-0.823564 -1.13925 125.556 -0.283523 -0.789544 62.2111 2.50185 -13 3969 1 0 1
7.15036 -5.89337 125.556 4.04565 -1.83806 62.1821 1.06558 -13 3970 1 0 1
8.23381 -4.10233 125.556 4.43529 -1.59028 48.7898 1.70167 -13 3971 1 0 1
-2.03286 13.068 125.556 -0.496645 7.60649 56.8802 1.31283 -13 3972 1 0 1
-5.55184 -12.6857 125.556 -1.93444 -5.52576 49.4393 -0.0336526 -13 3973 1 0 1
-10.506 -2.09754 125.556 -9.29249 -0.491745 78.3341 1.76741 -13 3974 1 0 1
-1.06979 8.38076 125.556 -3.22454 8.19653 79.745 1.36105 -13 3975 1 0 1
1.53248 7.16619 125.556 -0.873333 4.15246 79.2992 0.0927333 -13 3976 1 0 1
3.17717 0.546832 125.556 1.63318 1.22695 63.0244 0.36646 -13 3977 1 0 1
-13.5499 -9.94963 125.556 -7.32372 -5.32202 61.3453 0.341261 -13 3978 1 0 1
-2.82712 -22.9725 125.556 -2.59136 -14.5487 70.125 0.574094 -13 3979 1 0 1
-19.2298 10.817 125.556 -12.0156 4.30941 67.9864 0.790928 -13 3980 1 0 1
-11.388 -4.86202 125.556 -5.72369 -2.4787 61.622 -1.85795 -13 3981 1 0 1
2.67311 -6.96408 125.556 1.68668 -2.89687 69.3941 2.03633 -13 3982 1 0 1
-1.9076 -2.15809 125.556 -0.87301 -0.969786 60.5812 0.113931 -13 3984 1 0 1
31.7805 8.53269 125.556 18.4365 5.89874 69.232 -0.0490407 -13 3985 1 0 1
20.3305 -22.1393 125.556 10.4257 -11.4417 57.509 -1.20942 -13 3986 1 0 1
-11.3525 1.17203 125.556 -5.64509 0.441709 60.3829 1.20255 -13 3987 1 0 1
14.6387 -12.3166 125.556 8.55076 -7.40549 72.6455 -0.826226 -13 3988 1 0 1
15.9771 4.97527 125.556 7.94934 2.61049 55.0248 1.62375 -13 3989 1 0 1
-21.1637 -4.75444 125.556 -11.8696 -3.40524 63.6292 3.29519 -13 3990 1 0 1
6.15037 10.2485 125.556 3.49018 4.64348 60.4198 -1.21009 -13 3991 1 0 1
24.6184 5.53564 125.556 12.9656 3.36765 58.5434 0.566396 -13 3992 1 0 1
25.7094 -27.4357 125.556 12.8605 -12.4387 54.4528 -1.15346 -13 3993 1 0 1
-0.188691 -8.0158 125.556 -1.3049 -5.21344 73.7647 0.565317 -13 3994 1 0 1
-2.2562 15.8927 125.556 -1.91506 8.25662 66.1932 2.16209 -13 3995 1 0 1
2.88941 29.048 125.556 1.37796 15.6516 66.9821 0.541321 -13 3996 1 0 1
-6.27908 -1.00579 125.556 -3.03198 -1.25085 58.2045 1.08839 -13 3997 1 0 1
3.41429 -4.82673 125.556 0.269014 -5.62138 78.8475 1.76757 -13 3998 1 0 1
2.45274 -19.2424 125.556 1.31949 -10.6409 61.0789 1.45576 -13 3999 1 0 1
-25.6654 -16.2089 125.556 -12.0367 -7.27462 55.5563 0.466551 -13 4000 1 0 1
-25.42 -12.9781 125.556 -8.79115 -4.18115 41.95 0.440339 -13 4001 1 0 1
6.88978 -5.03059 125.556 3.86115 -1.46549 47.4293 0.466897 -13 4002 1 0 1
-5.75079 13.5866 125.556 -3.10958 8.06928 63.7546 0.518277 -13 4003 1 0 1
-16.1574 2.64419 125.556 -10.4319 1.70596 69.2528 0.718557 -13 4004 1 0 1
-13.4637 -3.81553 125.556 -8.04818 -3.45582 65.7693 1.4444 -13 4005 1 0 1
18.3525 -26.1723 125.556 9.3746 -13.225 56.6591 1.10065 -13 4006 1 0 1
0.129154 4.29454 125.556 -2.27656 2.44265 78.3726 2.58993 -13 4007 1 0 1
-5.83333 -16.1403 125.556 -1.6413 -6.46389 46.3736 -0.268722 -13 4008 1 0 1
2.89876 20.7148 125.556 1.78512 10.198 55.6359 -0.703912 -13 4009 1 0 1
16.5152 10.3029 125.556 8.80662 6.16599 59.8142 0.873284 -13 4010 1 0 1
2.60049 -10.507 125.556 1.53796 -5.71839 63.8296 1.84099 -13 4011 1 0 1
-7.72944 4.20424 125.556 -6.0529 2.57497 72.371 -1.48752 -13 4012 1 0 1
-23.1226 -1.0409 125.556 -10.651 0.717163 53.6727 1.36149 -13 4013 1 0 1
-12.0957 8.79297 125.556 -8.68866 4.9404 72.6115 -0.511265 -13 4014 1 0 1
2.27461 11.8419 125.556 1.23832 6.97016 65.6336 2.6562 -13 4015 1 0 1
9.28904 -1.82785 125.556 5.35049 -1.42239 68.1223 0.553335 -13 4016 1 0 1
-10.027 8.12762 125.556 -5.84191 3.93094 64.4779 0.899164 -13 4017 1 0 1
-29.1477 7.03463 125.556 -15.9568 5.00495 62.1094 2.18356 -13 4018 1 0 1
4.64004 19.3229 125.556 2.65648 10.7122 63.1544 0.426751 -13 4019 1 0 1
11.0398 -9.32195 125.556 5.86478 -3.757 56.6319 0.955536 -13 4020 1 0 1
-12.1952 11.3827 125.556 -9.78621 7.89826 75.6438 0.95494 -13 4021 1 0 1
27.8638 -13.8958 125.556 16.7618 -9.52669 77.9706 0.125177 -13 4022 1 0 1
10.8216 -9.36884 125.556 5.527 -3.29912 50.3474 0.893728 -13 4023 1 0 1
-22.0854 -3.04683 125.556 -13.7148 -1.13139 68.1694 1.86201 -13 4024 1 0 1
-10.3968 11.2943 125.556 -7.60186 6.06278 71.8789 -1.52652 -13 4025 1 0 1
14.4837 -1.35824 125.556 8.34783 -1.11866 64.3978 -0.250438 -13 4026 1 0 1
-8.36286 12.1589 125.556 -4.62932 7.32081 62.9707 1.1717 -13 4027 1 0 1
2.01358 5.56789 125.556 -0.386683 4.49533 78.1589 2.43997 -13 4028 1 0 1
-0.596359 -7.02869 125.556 -0.230351 -3.57339 58.943 1.02562 -13 4029 1 0 1
-17.1953 -33.7233 125.556 -7.46843 -14.3887 51.9979 1.59079 -13 4030 1 0 1
-13.0583 -1.17342 125.556 -7.75926 -0.0465212 65.2451 -0.193174 -13 4031 1 0 1
39.5698 -13.2974 125.556 18.5851 -5.31728 52.0803 2.5947 -13 4032 1 0 1
-3.12942 -2.72139 125.556 -2.3515 -1.13615 68.3599 -1.90808 -13 4033 1 0 1
-18.1845 -15.7455 125.556 -11.8387 -9.36484 69.1174 1.12121 -13 4034 1 0 1
0.850273 5.20368 125.556 -0.385762 2.40346 73.7829 0.591509 -13 4035 1 0 1
5.824 3.76489 125.556 3.18374 2.82719 65.1627 3.28982 -13 4036 1 0 1
-11.4445 10.0955 125.556 -7.78314 4.69087 70.8222 -0.133597 -13 4037 1 0 1
5.52242 -3.45173 125.556 3.02688 -1.63434 51.6192 0.38204 -13 4038 1 0 1
-8.39754 -19.8479 125.556 -3.20914 -7.8024 50.1681 -0.797163 -13 4039 1 0 1
-3.07097 4.40577 125.556 -0.511932 1.47668 50.9578 1.88257 -13 4040 1 0 1
-24.0249 -0.359986 125.556 -12.5447 -1.12472 59.3314 3.72361 -13 4041 1 0 1
3.80592 27.7119 125.556 1.39356 17.7274 70.6351 0.346346 -13 4042 1 0 1
11.0635 -12.8837 125.556 5.97326 -6.8917 64.0705 0.445856 -13 4043 1 0 1
19.8559 3.8463 125.556 10.8625 3.15553 63.2068 3.34422 -13 4044 1 0 1
-8.40032 7.21027 125.556 -8.14808 5.60131 78.2037 -1.08824 -13 4045 1 0 1
-17.1535 -20.4578 125.556 -9.33859 -11.1543 61.5376 0.297381 -13 4046 1 0 1
-15.3494 -4.02322 125.556 -5.12257 -1.88843 44.0571 0.102862 -13 4047 1 0 1
15.2771 0.829533 125.556 6.00649 -0.0840032 35.1612 1.31234 -13 4048 1 0 1
4.58456 7.5468 125.556 1.44182 4.49254 75.5206 1.86646 -13 4049 1 0 1
-9.18304 -5.98405 125.556 -6.24024 -3.13272 69.5406 0.473676 -13 4050 1 0 1
-2.60363 1.36759 125.556 -2.23925 1.05641 70.9539 1.37542 -13 4051 1 0 1
4.30039 -24.2544 125.556 2.29738 -12.8171 66.0532 1.12652 -13 4052 1 0 1
2.74046 16.9536 125.556 1.80185 8.17667 54.0805 1.47412 -13 4053 1 0 1
-22.2682 -24.651 125.556 -13.2746 -13.159 65.7089 0.151836 -13 4054 1 0 1
15.5082 -25.7538 125.556 8.35533 -13.8347 60.3718 1.92322 -13 4055 1 0 1
7.56142 -24.9336 125.556 3.88097 -14.487 67.0532 2.15418 -13 4056 1 0 1
17.9372 -1.32081 125.556 9.41795 0.343812 55.8033 0.498718 -13 4057 1 0 1
-19.3213 -9.05988 125.556 -13.0648 -7.21389 70.6487 1.26969 -13 4058 1 0 1
-10.3723 -2.75832 125.556 -5.96561 -2.69157 62.9528 1.14402 -13 4059 1 0 1
2.47509 -9.59915 125.556 1.20927 -4.10971 63.0874 2.01269 -13 4060 1 0 1
8.86495 -8.04508 125.556 5.03798 -4.59594 56.6082 0.0885719 -13 4062 1 0 1
7.75123 -23.5985 125.556 4.05134 -10.7343 51.8952 0.235596 -13 4063 1 0 1
0.351846 -12.8421 125.556 0.137611 -9.69051 67.631 -0.248477 -13 4064 1 0 1
5.07176 -1.26405 125.556 2.32917 -0.489771 67.7503 0.816277 -13 4065 1 0 1
1.62173 -8.45391 125.556 0.327106 -3.88828 70.1158 1.32209 -13 4066 1 0 1
9.52399 12.137 125.556 5.1667 7.54126 68.1771 4.5389 -13 4067 1 0 1
9.14362 14.8405 125.556 4.90465 9.43019 71.3761 -0.926035 -13 4068 1 0 1
-3.25357 -11.8857 125.556 -2.22598 -7.48139 66.6196 1.00903 -13 4069 1 0 1
3.28052 21.3197 125.556 0.815719 15.7611 71.3631 -0.262054 -13 4070 1 0 1
0.451356 5.67021 125.556 0.222069 4.43108 67.9542 -1.34387 -13 4071 1 0 1
-9.19295 -41.3957 125.556 -2.26515 -13.0096 36.5613 2.81196 -13 4072 1 0 1
-15.5726 8.78999 125.556 -10.2016 5.91803 69.6665 2.20637 -13 4073 1 0 1
4.42396 -7.96737 125.556 2.59362 -5.22161 56.612 -1.31958 -13 4074 1 0 1
3.2711 22.8154 125.556 1.77669 6.80646 34.351 -0.188016 -13 4075 1 0 1
-12.4102 15.4598 125.556 -4.02791 5.21112 43.2701 0.510941 -13 4076 1 0 1
13.9977 -20.8148 125.556 6.30246 -8.03053 44.5965 -0.389093 -13 4077 1 0 1
-23.236 -15.707 125.556 -14.348 -9.39091 67.9939 2.08654 -13 4078 1 0 1
0.67967 0.500832 125.556 0.978324 -0.259063 52.6765 0.478759 -13 4079 1 0 1
1.67731 -16.0895 125.556 -0.387923 -11.4244 75.9166 -1.4197 -13 4080 1 0 1
-7.18358 2.71202 125.556 -3.50324 0.915807 60.267 1.12491 -13 4081 1 0 1
-2.47702 7.61076 125.556 -2.24872 4.80043 69.9894 0.582798 -13 4082 1 0 1
-5.52699 7.21854 125.556 -3.67193 3.11198 67.6894 1.56889 -13 4083 1 0 1
-13.5503 -7.18988 125.556 -6.74219 -4.25633 58.0147 1.34467 -13 4084 1 0 1
34.8415 -6.05088 125.556 15.8888 -0.754663 50.3299 -1.22425 -13 4085 1 0 1
-6.42123 -13.6007 125.556 -2.97469 -6.54633 59.7789 -2.3373 -13 4086 1 0 1
29.8905 18.2022 125.556 13.4321 7.83624 48.5894 1.30326 -13 4087 1 0 1
4.37743 8.15207 125.556 2.29162 4.29437 64.22 2.12484 -13 4088 1 0 1
-0.521087 12.1796 125.556 0.385347 6.60803 52.2687 0.627466 -13 4089 1 0 1
-5.05413 -8.59209 125.556 -4.25595 -5.52428 74.3847 -0.0739825 -13 4090 1 0 1
-12.1221 -9.95022 125.556 -8.23725 -5.30496 69.5741 -0.71754 -13 4091 1 0 1
-3.32967 -24.975 125.556 -1.58842 -12.9646 61.7827 0.230938 -13 4092 1 0 1
-2.97319 -13.4866 125.556 -4.0529 -8.2407 77.9642 -0.0755101 -13 4093 1 0 1
-18.1231 24.0639 125.556 -9.64023 12.4555 60.3678 -0.673672 -13 4094 1 0 1
-5.95017 24.5261 125.556 -2.83299 12.857 60.7648 1.30116 -13 4095 1 0 1
-9.40304 19.745 125.556 -7.25317 13.645 73.4215 0.753204 -13 4096 1 0 1
9.25293 -16.5254 125.556 4.81695 -10.928 72.1521 0.127144 -13 4097 1 0 1
11.6505 10.547 125.556 6.28381 8.09082 77.3602 -0.757672 -13 4098 1 0 1
-11.3789 -4.08623 125.556 -6.73421 -2.17666 66.4269 1.16407 -13 4099 1 0 1
24.9992 -7.2966 125.556 14.1383 -4.68181 63.9015 -1.11757 -13 4100 1 0 1
2.3275 -4.4868 125.556 0.106775 -3.30244 75.2005 0.555338 -13 4101 1 0 1
-14.8756 13.4663 125.556 -10.7291 7.42525 73.5846 -1.05855 -13 4103 1 0 1
-19.4941 23.0975 125.556 -13.9488 15.0583 73.394 -0.518834 -13 4105 1 0 1
-5.57508 30.4946 125.556 -4.56736 19.267 72.9611 -1.25569 -13 4106 1 0 1
-12.6667 14.5178 125.556 -7.96875 7.18928 67.1738 1.76008 -13 4107 1 0 1
24.9528 3.01466 125.556 12.3499 1.20472 54.6271 1.91914 -13 4108 1 0 1
-2.67487 8.94253 125.556 -2.68818 5.28577 72.4202 1.17223 -13 4109 1 0 1
1.76814 -0.303387 125.556 0.932644 1.59606 65.5119 2.1026 -13 4110 1 0 1
-14.2218 -8.47188 125.556 -10.5804 -4.89062 73.9765 1.79356 -13 4111 1 0 1
-6.1854 14.2284 125.556 -2.20776 6.11512 48.3098 0.502225 -13 4112 1 0 1
-16.5841 2.24219 125.556 -7.18973 1.09329 53.0648 2.11827 -13 4113 1 0 1
25.6903 0.295302 125.556 7.95466 0.452014 31.6842 0.0738698 -13 4114 1 0 1
-42.8604 -12.1221 125.556 -23.9217 -6.08719 62.0628 2.7701 -13 4115 1 0 1
-12.7353 5.92567 125.556 -9.66016 3.64227 74.2667 1.90254 -13 4116 1 0 1
-29.9923 11.0743 125.556 -23.6559 6.81515 76.0404 1.05697 -13 4117 1 0 1
12.5491 -8.26867 125.556 7.0997 -4.73154 71.3157 3.40791 -13 4118 1 0 1
-17.5822 -6.59988 125.556 -13.446 -5.41415 76.1886 0.72209 -13 4119 1 0 1
41.806 -9.59963 125.556 24.1769 -4.26043 68.7028 -0.518039 -13 4120 1 0 1
-15.5231 -8.86047 125.556 -8.1411 -5.45506 59.7684 0.378128 -13 4122 1 0 1
12.8456 16.609 125.556 7.11363 8.67772 57.6056 -0.788406 -13 4123 1 0 1
2.98551 -13.4853 125.556 1.89672 -5.47956 49.4677 0.507769 -13 4124 1 0 1
-14.2704 7.46459 125.556 -9.44941 3.95262 69.0999 -0.612015 -13 4125 1 0 1
5.76776 10.8527 125.556 3.03201 6.65117 69.592 -0.735861 -13 4126 1 0 1
-9.97322 -33.3828 125.556 -3.39597 -13.3942 46.0753 0.407381 -13 4127 1 0 1
44.1008 -4.87841 125.556 17.8286 -2.17019 43.5067 -2.10393 -13 4128 1 0 1
18.6272 9.64916 125.556 8.44512 4.24827 47.6807 1.64696 -13 4130 1 0 1
-21.9956 5.51923 125.556 -11.1894 3.48772 58.4203 0.977062 -13 4131 1 0 1
42.6088 -36.4986 125.556 15.899 -12.7773 39.7702 -0.889339 -13 4133 1 0 1
5.79193 3.09787 125.556 3.48841 1.34116 59.5142 1.97578 -13 4134 1 0 1
0.0512162 17.9476 125.556 -1.40378 10.8546 74.8823 0.174323 -13 4135 1 0 1
-19.2054 9.28141 125.556 -7.42396 4.24649 45.7628 -1.54663 -13 4136 1 0 1
-44.5169 -46.3363 125.556 -16.9504 -16.1197 43.4037 0.739529 -13 4137 1 0 1
5.73276 -31.0631 125.556 2.8993 -14.6241 53.1478 1.04618 -13 4138 1 0 1
-0.776217 -14.0197 125.556 -0.174385 -6.95058 57.4705 0.734164 -13 4139 1 0 1
-7.37613 -1.53492 125.556 -6.89208 -0.505336 78.0807 0.474951 -13 4140 1 0 1
-2.29635 1.98466 125.556 -2.1289 2.10842 70.4004 -2.29798 -13 4141 1 0 1
7.47939 -25.7268 125.556 3.42039 -7.98893 42.7963 0.0630522 -13 4142 1 0 1
-9.45097 -22.057 125.556 -4.22321 -9.95394 54.5532 -0.613976 -13 4143 1 0 1
-7.03908 6.497 125.556 -3.91251 4.26738 63.4531 2.01761 -13 4144 1 0 1
12.523 -11.3095 125.556 7.04948 -6.29749 70.6487 1.1237 -13 4145 1 0 1
8.05065 60.0021 125.556 3.4013 19.8063 38.6915 2.88535 -13 4146 1 0 1
-10.95 -12.1237 125.556 -7.08724 -5.99014 68.1207 -0.0746549 -13 4147 1 0 1
5.7151 -5.60679 125.556 2.34461 -4.14191 77.1116 -0.0265751 -13 4148 1 0 1
9.69132 -8.29729 125.556 5.32632 -4.60008 67.6218 0.517947 -13 4149 1 0 1
6.17354 4.0206 125.556 3.47694 1.52785 58.9687 0.440794 -13 4150 1 0 1
3.49218 9.74374 125.556 2.31515 4.97806 51.5695 2.15891 -13 4151 1 0 1
-10.196 -1.24887 125.556 -6.51105 -0.537514 68.2905 2.08067 -13 4152 1 0 1
-6.93108 -12.5754 125.556 -3.20728 -7.53336 56.2989 0.0751129 -13 4153 1 0 1
27.4749 6.80111 125.556 13.2394 3.68464 50.6941 0.207984 -13 4154 1 0 1
-10.6529 -20.6723 125.556 -6.875 -12.1439 67.083 -1.50094 -13 4155 1 0 1
1.06731 -1.76505 125.556 -0.238489 -1.21309 71.0239 0.500951 -13 4156 1 0 1
19.7262 11.5705 125.556 11.2163 7.64218 70.8335 2.10645 -13 4157 1 0 1
-8.41685 -8.90182 125.556 -4.67603 -4.13733 63.2547 1.16317 -13 4158 1 0 1
-2.04899 2.57831 125.556 -0.25767 1.53849 48.4856 0.726743 -13 4159 1 0 1
2.14141 -3.47554 125.556 0.700381 -1.24256 69.7655 1.27729 -13 4160 1 0 1
-5.61231 -21.8374 125.556 -2.92211 -9.89329 60.1986 2.23263 -13 4161 1 0 1
18.3544 11.35 125.556 10.6786 7.09544 69.8891 -0.264053 -13 4162 1 0 1
-8.86023 0.600363 125.556 -7.8423 0.0992366 77.7965 -0.0353105 -13 4163 1 0 1
32.4243 0.833848 125.556 14.6813 0.462332 49.1142 0.621711 -13 4164 1 0 1
29.1151 5.04154 125.556 15.1656 3.10068 57.0383 -0.624146 -13 4165 1 0 1
3.67532 3.4228 125.556 2.44857 1.74165 57.602 1.39343 -13 4166 1 0 1
16.5881 11.7044 125.556 9.08199 7.08865 64.3997 2.84187 -13 4167 1 0 1
-0.712399 -21.1661 125.556 -0.331167 -11.0558 62.8177 0.468824 -13 4168 1 0 1
-40.739 8.84597 125.556 -10.0994 2.63596 31.2606 2.28094 -13 4169 1 0 1
14.0677 -0.615229 125.556 7.87777 -0.0101716 59.962 1.5259 -13 4170 1 0 1
-2.17048 -9.893 125.556 -1.57096 -6.71639 66.5856 -1.26842 -13 4171 1 0 1
-3.4377 2.46114 125.556 -2.02314 2.27828 63.0749 0.92804 -13 4172 1 0 1
7.17077 23.7974 125.556 3.69957 13.6454 69.5164 0.772825 -13 4173 1 0 1
6.18583 9.6368 125.556 3.42315 5.16016 56.8552 1.15454 -13 4174 1 0 1
-15.7884 -14.05 125.556 -8.1032 -7.47122 59.9522 1.19105 -13 4175 1 0 1
-0.243541 6.46448 125.556 -0.167288 3.62193 66.9893 -1.27768 -13 4176 1 0 1
19.4733 -4.75076 125.556 9.74459 -2.44261 53.9179 -0.690617 -13 4177 1 0 1
-24.279 -19.6266 125.556 -11.1638 -8.84208 53.5144 1.96127 -13 4178 1 0 1
-13.3137 -18.346 125.556 -8.91227 -9.60439 69.0789 -0.662688 -13 4179 1 0 1
12.3584 -0.978167 125.556 6.93884 0.00164799 65.0292 1.05833 -13 4180 1 0 1
5.35315 4.47365 125.556 1.68174 4.22391 78.1112 0.760077 -13 4181 1 0 1
6.32989 14.4907 125.556 3.51139 8.42469 67.1986 -2.16065 -13 4182 1 0 1
12.7579 9.02199 125.556 7.14781 6.20743 68.7692 1.79262 -13 4183 1 0 1
-2.59827 3.7782 125.556 -2.41615 2.4221 70.4498 -2.15985 -13 4184 1 0 1
-3.42753 -2.76745 125.556 -2.34449 -1.15518 66.832 0.795937 -13 4185 1 0 1
-4.04808 26.8573 125.556 -2.97171 14.4769 66.9363 -0.0216904 -13 4186 1 0 1
10.366 -4.42906 125.556 5.83875 -1.36651 68.546 0.658661 -13 4187 1 0 1
36.792 8.11001 125.556 16.2318 3.9847 48.3297 2.03823 -13 4188 1 0 1
-0.794466 11.1679 125.556 -2.43758 5.83434 78.6379 -0.399671 -13 4189 1 0 1
6.64126 -3.06677 125.556 4.07204 -1.02959 57.7567 2.42891 -13 4190 1 0 1
-6.45992 -27.1065 125.556 -2.32939 -11.6769 51.7195 0.232138 -13 4191 1 0 1
7.06435 -21.8292 125.556 2.72302 -15.9822 79.4357 -0.247316 -13 4192 1 0 1
-8.09156 -9.87327 125.556 -5.72212 -5.78737 70.1622 1.23011 -13 4193 1 0 1
-12.8164 28.8375 125.556 -4.79013 11.7712 47.5112 1.2887 -13 4194 1 0 1
-8.90696 -20.4675 125.556 -3.12844 -9.72498 49.7162 0.646016 -13 4195 1 0 1
-3.50601 -0.241059 125.556 -5.24636 -0.128733 80.4439 0.207388 -13 4196 1 0 1
-1.67788 -7.20824 125.556 -1.30781 -3.17009 69.3515 3.10888 -13 4197 1 0 1
-2.5567 3.23309 125.556 -3.00959 1.35978 74.524 1.11594 -13 4198 1 0 1
19.975 -4.47757 125.556 10.4215 -1.8621 57.3568 0.652637 -13 4199 1 0 1
-1.34267 -6.29704 125.556 -2.76393 -1.23076 77.9066 1.62702 -13 4200 1 0 1
-12.75 4.67937 125.556 -5.15452 2.31013 49.8471 1.89259 -13 4201 1 0 1
-0.217474 13.7416 125.556 0.206788 8.13336 57.6059 2.10684 -13 4202 1 0 1
-35.1325 22.0552 125.556 -19.0658 11.5305 61.3218 0.990731 -13 4203 1 0 1
-9.85851 -1.40018 125.556 -5.46402 -2.09189 64.3501 -0.794325 -13 4204 1 0 1
-22.1342 -2.30009 125.556 -11.9048 -1.84958 61.026 -0.0743641 -13 4205 1 0 1
-23.3338 -5.27309 125.556 -15.2543 -3.39551 70.0784 3.07101 -13 4206 1 0 1
-2.65457 6.81077 125.556 -2.38522 3.75644 71.2329 0.399338 -13 4207 1 0 1
-4.82739 4.46657 125.556 -3.31584 2.38584 68.4937 0.430587 -13 4208 1 0 1
-21.0141 -7.97689 125.556 -13.2217 -4.40159 67.7362 -1.14281 -13 4210 1 0 1
-10.4464 -3.9208 125.556 -7.48584 -1.79235 72.5264 -0.500497 -13 4211 1 0 1
-5.14031 15.0539 125.556 -3.9281 11.1556 71.4215 0.521742 -13 4212 1 0 1
6.09332 -15.7888 125.556 3.07089 -10.7002 69.9573 0.960472 -13 4213 1 0 1
-1.57818 15.2145 125.556 -0.0278221 6.85933 49.5213 1.64165 -13 4214 1 0 1
-24.0473 8.49187 125.556 -12.1408 2.34689 58.2178 0.810167 -13 4215 1 0 1
17.7609 2.48364 125.556 9.3889 1.73393 58.6501 1.62395 -13 4216 1 0 1
29.668 0.119417 125.556 12.1168 -0.432947 43.4491 1.65964 -13 4217 1 0 1
-15.9779 5.25551 125.556 -5.61824 0.689367 43.6947 1.10921 -13 4218 1 0 1
-7.83011 9.62597 125.556 -4.9467 5.48345 66.0603 -0.650156 -13 4219 1 0 1
3.66396 -3.27787 125.556 1.33819 -0.632345 72.4559 1.21422 -13 4220 1 0 1
-7.84221 -5.84527 125.556 -5.35563 -3.683 69.324 -0.558998 -13 4221 1 0 1
-11.4664 -46.0163 125.556 -5.61924 -21.494 55.5942 0.0214949 -13 4222 1 0 1
-16.5005 3.4719 125.556 -12.3848 3.86526 75.7727 -0.127609 -13 4223 1 0 1
13.203 -6.90502 125.556 7.18205 -3.76822 66.8025 2.97417 -13 4224 1 0 1
-11.454 12.6717 125.556 -8.14505 8.75698 72.8166 2.44179 -13 4225 1 0 1
-8.93346 -10.1887 125.556 -5.54856 -5.73438 65.4016 0.918228 -13 4226 1 0 1
2.67309 6.32525 125.556 1.19415 3.5753 67.3153 4.87501 -13 4227 1 0 1
-15.442 14.9113 125.556 -6.44813 6.66561 51.1681 -0.718079 -13 4228 1 0 1
2.56615 -3.71817 125.556 1.05557 -3.66324 68.701 0.917325 -13 4229 1 0 1
-9.96 -6.78684 125.556 -5.36914 -3.05299 60.772 0.217885 -13 4230 1 0 1
2.10886 36.3226 125.556 0.644325 22.3181 65.8752 0.097156 -13 4231 1 0 1
0.866655 7.84502 125.556 0.967312 2.00663 35.2629 1.60673 -13 4232 1 0 1
-11.8168 10.995 125.556 -7.10388 5.7439 66.0523 1.2233 -13 4233 1 0 1
11.8345 -8.13524 125.556 6.61498 -5.99276 72.3617 0.134821 -13 4234 1 0 1
-14.9144 -40.8694 125.556 -6.18306 -17.0571 49.3895 1.15571 -13 4235 1 0 1
-5.02614 4.4298 125.556 -3.37974 4.2598 67.3735 1.60228 -13 4236 1 0 1
-20.6814 -9.75735 125.556 -11.8768 -4.83851 64.5111 0.461629 -13 4237 1 0 1
8.09536 13.4859 125.556 4.33714 9.0418 64.1641 1.05634 -13 4238 1 0 1
-6.19176 -8.47637 125.556 -5.17556 -7.02779 73.8645 0.224859 -13 4239 1 0 1
-13.7017 -6.90856 125.556 -7.96102 -3.5842 64.8067 2.25267 -13 4240 1 0 1
-1.42501 -8.83538 125.556 -3.78623 -6.50697 80.3443 1.34783 -13 4241 1 0 1
1.24153 -29.4325 125.556 -1.35166 -20.1253 76.996 1.38254 -13 4242 1 0 1
3.54882 -19.0669 125.556 2.02612 -9.05692 61.7441 1.26853 -13 4243 1 0 1
-16.1796 -22.2959 125.556 -7.42006 -12.5284 54.0782 -0.161959 -13 4244 1 0 1
-18.8975 -16.7074 125.556 -7.4826 -6.05428 48.4624 -0.182474 -13 4245 1 0 1
-3.18713 -11.3347 125.556 -3.16508 -5.8388 72.6556 0.154073 -13 4246 1 0 1
-10.7866 23.5217 125.556 -7.13196 13.1503 68.6746 2.02082 -13 4247 1 0 1
-22.533 -10.2621 125.556 -14.2998 -7.07204 69.5249 1.58616 -13 4248 1 0 1
6.16457 -10.6117 125.556 3.3793 -3.97405 51.7116 1.25679 -13 4249 1 0 1
14.1027 -0.936117 125.556 6.6774 0.189409 46.3937 1.95487 -13 4250 1 0 1
-1.21139 -14.7844 125.556 -0.93257 -9.13107 62.9325 -0.71989 -13 4251 1 0 1
6.32481 4.56164 125.556 3.49703 1.63522 65.719 0.114712 -13 4252 1 0 1
-8.00288 -22.4878 125.556 -5.6225 -14.7202 69.6383 0.30854 -13 4253 1 0 1
3.88495 13.81 125.556 -0.202217 9.85981 79.2151 -0.264076 -13 4254 1 0 1
4.85314 -6.71213 125.556 3.58864 -5.31163 57.3966 1.26452 -13 4255 1 0 1
10.0188 -18.8944 125.556 5.58696 -11.0464 64.6702 1.00135 -13 4256 1 0 1
5.63658 -2.62029 125.556 3.27417 -1.32161 60.7969 2.9444 -13 4257 1 0 1
8.68685 -12.5168 125.556 5.02494 -6.55299 60.2072 -0.488523 -13 4258 1 0 1
2.55885 -4.57254 125.556 0.244406 -4.42912 76.7633 2.66773 -13 4259 1 0 1
-3.2678 -15.3699 125.556 -2.79818 -8.01304 70.2575 2.101 -13 4260 1 0 1
4.48885 -22.1907 125.556 2.42195 -7.80367 38.6443 1.11325 -13 4261 1 0 1
-2.57182 12.433 125.556 -3.09575 9.99395 75.6029 0.804798 -13 4262 1 0 1
-12.2511 18.2802 125.556 -6.35268 7.98627 61.4269 -0.0563056 -13 4263 1 0 1
-19.7874 -14.5304 125.556 -11.1762 -8.70465 64.5456 -0.133481 -13 4264 1 0 1
-13.1309 2.51279 125.556 -11.7484 2.92263 78.5971 -0.142557 -13 4265 1 0 1
-9.06058 30.296 125.556 -5.95715 18.4082 66.0747 1.54992 -13 4266 1 0 1
0.0549799 7.45694 125.556 -1.73714 5.44708 77.9111 2.45913 -13 4267 1 0 1
-9.71474 1.70384 125.556 -4.3143 1.69275 55.8126 0.512129 -13 4268 1 0 1
-16.6813 -8.42041 125.556 -7.88423 -4.94215 56.0973 -0.67704 -13 4269 1 0 1
2.30398 14.5519 125.556 1.20728 8.49742 64.6104 0.907737 -13 4270 1 0 1
4.02535 5.3925 125.556 2.36539 2.58546 59.3182 -1.28911 -13 4271 1 0 1
22.8983 -3.11904 125.556 12.7693 -3.44786 65.2471 1.1965 -13 4272 1 0 1
-9.79658 6.10971 125.556 -5.7377 2.58702 65.1675 0.203018 -13 4273 1 0 1
-17.4094 -24.4888 125.556 -7.28215 -10.7415 51.5545 1.58926 -13 4275 1 0 1
-9.46924 13.3697 125.556 -3.92422 5.87901 54.3443 0.444628 -13 4276 1 0 1
-7.31165 -2.57675 125.556 -7.19313 -1.21475 80.097 1.38844 -13 4277 1 0 1
-27.5897 -5.02699 125.556 -14.9987 -0.595542 61.1975 0.0229226 -13 4278 1 0 1
1.81172 13.2604 125.556 0.155153 8.34117 72.2186 1.74621 -13 4279 1 0 1
1.30292 -14.0963 125.556 0.984489 -7.60396 56.7003 0.409297 -13 4280 1 0 1
-8.26251 -23.9529 125.556 -3.68611 -13.2064 55.7063 -0.263698 -13 4281 1 0 1
-0.82013 -3.66887 125.556 -0.162905 -2.63963 59.8299 0.697146 -13 4282 1 0 1
-7.99427 -15.939 125.556 -6.89436 -9.58183 77.27 -1.14916 -13 4283 1 0 1
-3.52011 8.33161 125.556 -3.27803 4.78701 71.0712 0.963349 -13 4284 1 0 1
1.90959 1.01575 125.556 1.36263 -0.213824 57.4668 1.06285 -13 4285 1 0 1
14.0984 -12.947 125.556 7.47203 -7.47843 66.2895 0.838567 -13 4286 1 0 1
4.90729 2.40442 125.556 2.99349 0.854739 60.172 1.77654 -13 4287 1 0 1
-6.13238 30.9544 125.556 -2.48157 14.6791 54.0055 0.625824 -13 4288 1 0 1
12.2572 2.23386 125.556 6.73337 1.78358 72.2602 0.615398 -13 4290 1 0 1
-7.88163 -9.76553 125.556 -5.36181 -5.27977 71.8168 1.61625 -13 4291 1 0 1
2.01569 3.44596 125.556 -0.481645 1.95136 77.496 2.53302 -13 4292 1 0 1
-17.3492 -16.2461 125.556 -12.3768 -9.77304 73.7905 -0.121 -13 4293 1 0 1
-10.5837 4.20797 125.556 -7.13014 1.25547 69.3893 0.665675 -13 4294 1 0 1
-13.7459 -5.32048 125.556 -7.54122 -3.43757 61.8648 -1.29456 -13 4295 1 0 1
-13.2116 7.96083 125.556 -8.92803 3.94673 71.3454 1.19717 -13 4296 1 0 1
-7.65447 5.58415 125.556 -3.20585 2.90589 54.917 0.899516 -13 4297 1 0 1
-9.38895 -5.896 125.556 -5.75736 -3.62283 66.0216 0.647512 -13 4298 1 0 1
8.43737 6.2823 125.556 4.2122 2.31162 47.0252 0.421907 -13 4299 1 0 1
-4.07651 -12.4627 125.556 -4.46449 -7.53288 77.7129 3.40718 -13 4300 1 0 1
27.112 18.4871 125.556 12.0692 7.91719 48.3353 2.8266 -13 4301 1 0 1
12.0953 8.95669 125.556 5.92644 3.79642 49.7881 1.24981 -13 4302 1 0 1
-11.3733 7.83328 125.556 -6.5437 4.86359 63.8721 1.13592 -13 4303 1 0 1
10.2163 0.539753 125.556 5.98882 1.1627 66.9686 -2.13902 -13 4304 1 0 1
18.8965 -2.15257 125.556 7.70625 -0.166338 39.9006 0.415345 -13 4305 1 0 1
-5.68229 18.2594 125.556 -3.3416 10.1949 63.9531 0.547451 -13 4306 1 0 1
-8.57758 -2.81053 125.556 -5.04488 -0.868901 64.9156 2.15931 -13 4307 1 0 1
-5.1222 14.0949 125.556 -4.38748 9.85832 72.7998 3.37051 -13 4308 1 0 1
13.6486 0.781999 125.556 7.69127 -0.680627 70.3664 -0.198627 -13 4309 1 0 1
6.11441 9.48286 125.556 3.5829 3.62645 58.5065 0.817681 -13 4310 1 0 1
42.0749 -4.46201 125.556 13.8471 -1.65424 35.3899 -0.437223 -13 4311 1 0 1
-27.7865 6.47571 125.556 -19.5932 3.99291 74.005 1.02894 -13 4312 1 0 1
6.00827 -4.9235 125.556 3.18124 -2.71447 64.4355 0.0905501 -13 4313 1 0 1
5.34791 -17.2154 125.556 2.95454 -8.51985 59.944 1.20737 -13 4314 1 0 1
-17.8009 17.9932 125.556 -6.63387 7.45229 46.6227 1.55384 -13 4315 1 0 1
4.57108 2.47382 125.556 2.66409 0.484109 62.0226 -0.243316 -13 4316 1 0 1
7.27903 21.5963 125.556 3.77451 12.4177 66.0675 2.00497 -13 4317 1 0 1
1.13016 -41.1936 125.556 1.00998 -16.7081 46.2077 1.24197 -13 4318 1 0 1
3.17363 7.89899 125.556 1.18722 5.4671 74.2768 0.226712 -13 4319 1 0 1
22.5015 22.3868 125.556 12.5971 13.5739 67.2265 0.482237 -13 4320 1 0 1
-9.165 9.81826 125.556 -6.6256 4.30641 70.8355 1.53938 -13 4321 1 0 1
1.44311 3.34342 125.556 -0.0817939 2.24812 72.1469 -0.480495 -13 4322 1 0 1
4.64196 -13.4052 125.556 2.08293 -7.61319 70.5207 -0.627601 -13 4323 1 0 1
15.3398 5.87778 125.556 3.86626 0.612463 23.8218 1.04712 -13 4324 1 0 1
10.0138 -21.1805 125.556 5.46249 -12.5669 66.3063 1.68029 -13 4325 1 0 1
6.92818 -14.2781 125.556 3.63328 -9.23562 66.4814 0.242344 -13 4326 1 0 1
19.2795 25.1936 125.556 6.86756 7.42439 37.1123 0.271806 -13 4327 1 0 1
-23.2118 5.25482 125.556 -17.7864 2.54013 77.2664 -0.284506 -13 4328 1 0 1
39.0223 -15.8297 125.556 21.3512 -10.0003 64.0879 -1.36137 -13 4329 1 0 1
-5.30471 4.24517 125.556 -3.82514 1.27915 68.9672 -0.588467 -13 4330 1 0 1
-3.77982 17.4752 125.556 -1.51483 7.59271 55.9565 0.555705 -13 4331 1 0 1
-20.4348 -14.0906 125.556 -8.93266 -5.07565 52.2849 1.34712 -13 4332 1 0 1
20.2065 -6.05774 125.556 10.8542 -4.64515 60.973 -1.12545 -13 4333 1 0 1
-4.60958 5.20066 125.556 -1.30033 1.58908 51.3605 -0.549089 -13 4334 1 0 1
-13.1632 -5.7315 125.556 -6.038 -3.6133 57.1935 0.478781 -13 4335 1 0 1
-5.32702 24.1954 125.556 -7.03161 16.8501 77.357 -0.861192 -13 4336 1 0 1
-0.00630675 -18.4125 125.556 0.444423 -9.64061 58.7843 0.277076 -13 4337 1 0 1
6.68146 -2.00667 125.556 3.59789 0.302061 47.5921 -0.416242 -13 4338 1 0 1
3.35202 -8.72691 125.556 2.06771 -4.6287 56.1369 0.535175 -13 4339 1 0 1
8.0397 -0.153265 125.556 4.2646 -0.731339 72.9038 1.36281 -13 4340 1 0 1
-5.74071 -9.40269 125.556 -4.611 -6.96366 73.4194 1.38303 -13 4341 1 0 1
-5.67675 17.9956 125.556 -2.80391 8.97547 58.0756 -0.388637 -13 4342 1 0 1
5.02966 0.185767 125.556 2.50218 0.0269877 66.4065 1.88992 -13 4343 1 0 1
-6.29 7.48075 125.556 -5.77644 4.67589 74.9919 -1.20295 -13 4344 1 0 1
5.83065 -7.28046 125.556 2.84555 -5.80142 70.7736 1.12946 -13 4345 1 0 1
-28.9717 -6.20191 125.556 -13.7801 -1.65014 55.2701 -0.765748 -13 4346 1 0 1
21.1791 9.7128 125.556 3.75831 1.06568 16.422 3.48874 -13 4347 1 0 1
-0.397916 2.41384 125.556 -0.122623 0.901917 61.3956 3.81877 -13 4348 1 0 1
-12.5504 27.9941 125.556 -6.85772 15.232 61.3469 1.78909 -13 4349 1 0 1
-4.84325 20.0691 125.556 -1.59697 8.66127 54.1013 1.23181 -13 4350 1 0 1
1.35471 -5.30363 125.556 0.215469 -2.34994 67.5268 0.97063 -13 4351 1 0 1
6.32404 1.06026 125.556 3.6541 1.07867 56.195 1.54116 -13 4352 1 0 1
7.05423 -1.19571 125.556 3.7854 -1.12387 47.1225 1.48507 -13 4353 1 0 1
19.1288 -4.12786 125.556 10.7261 -1.29127 60.7766 1.47783 -13 4354 1 0 1
-0.0713907 3.52747 125.556 -1.36953 2.39601 74.9119 0.386081 -13 4355 1 0 1
-12.3436 -2.68548 125.556 -7.74967 -2.12124 67.1926 0.939396 -13 4356 1 0 1
-10.5175 -7.47509 125.556 -8.52719 -5.11645 77.0002 -0.442521 -13 4357 1 0 1
-6.1547 -11.4949 125.556 -4.32415 -6.15488 69.4908 -0.463017 -13 4358 1 0 1
-3.59401 1.547 125.556 -2.81939 1.87494 69.67 2.17566 -13 4359 1 0 1
5.07386 -16.6091 125.556 2.88445 -7.48665 55.4144 -0.544708 -13 4360 1 0 1
-5.54214 -18.9505 125.556 -5.25554 -12.1991 75.5615 2.01136 -13 4361 1 0 1
0.469122 8.56124 125.556 -0.399065 6.83272 67.6049 1.12652 -13 4362 1 0 1
5.06547 -17.7384 125.556 2.63678 -9.8413 59.4846 1.37843 -13 4363 1 0 1
7.88259 16.3419 125.556 4.27275 7.87522 57.0421 1.77557 -13 4364 1 0 1
-57.8525 -28.8421 125.556 -22.4877 -10.1999 43.849 3.15527 -13 4365 1 0 1
25.266 -9.13265 125.556 12.3172 -4.63506 53.1467 3.29497 -13 4366 1 0 1
11.5124 1.24749 125.556 6.53217 1.70364 69.8872 0.306851 -13 4367 1 0 1
5.95822 -31.5976 125.556 3.15839 -12.5698 47.0308 2.42702 -13 4368 1 0 1
-2.49867 -7.60753 125.556 -2.08344 -3.90897 69.379 -0.692866 -13 4369 1 0 1
7.65884 -18.7089 125.556 4.15845 -9.77733 58.4374 -1.43619 -13 4370 1 0 1
-0.283576 17.4891 125.556 -0.871257 10.246 71.1438 1.66553 -13 4371 1 0 1
5.59454 -8.97638 125.556 3.11738 -3.42218 54.7224 -1.08694 -13 4372 1 0 1
-15.3152 -3.63225 125.556 -7.70338 -0.301851 59.4434 -1.70613 -13 4373 1 0 1
26.4064 -57.3119 125.556 9.92471 -18.2666 36.7944 2.99814 -13 4374 1 0 1
-2.64022 -8.64541 125.556 -1.64252 -6.54262 66.3763 0.259661 -13 4375 1 0 1
-5.38732 14.9633 125.556 -3.50904 9.11817 68.1561 1.85359 -13 4376 1 0 1
-12.8943 -17.7165 125.556 -6.71049 -10.9218 60.4249 2.7954 -13 4377 1 0 1
-37.3974 47.3836 125.556 -17.3547 21.2527 52.3564 2.43707 -13 4378 1 0 1
22.768 7.3801 125.556 11.9582 4.25979 57.9265 0.605874 -13 4379 1 0 1
9.05611 -6.68078 125.556 4.77825 -4.32937 72.4724 -0.204041 -13 4380 1 0 1
6.49586 9.57208 125.556 3.28508 6.94834 68.1935 1.55676 -13 4381 1 0 1
-12.7273 -6.32699 125.556 -6.23924 -2.10466 58.7145 -0.940263 -13 4382 1 0 1
12.0221 3.1369 125.556 6.4379 1.39976 62.7824 1.03948 -13 4383 1 0 1
20.8167 1.77873 125.556 11.5448 1.47164 78.5594 1.12993 -13 4384 1 0 1
0.890184 0.839447 125.556 -0.0308378 0.425094 68.5747 1.78181 -13 4385 1 0 1
-10.4671 0.758619 125.556 -6.19102 -0.34919 65.193 1.96865 -13 4386 1 0 1
-26.3885 30.0419 125.556 -16.4395 18.3232 66.9979 0.877358 -13 4387 1 0 1
-6.74565 -27.8956 125.556 -3.60324 -14.9077 61.3019 1.68421 -13 4388 1 0 1
2.67103 -9.15465 125.556 1.92981 -4.54862 46.1982 1.14525 -13 4389 1 0 1
-12.3585 -10.183 125.556 -4.36381 -3.94363 45.6179 1.72462 -13 4390 1 0 1
-10.0436 13.0654 125.556 -6.36534 7.23949 67.7197 -0.766164 -13 4391 1 0 1
10.6912 -18.5032 125.556 5.79781 -8.46932 52.6268 2.72717 -13 4392 1 0 1
1.12746 10.1022 125.556 -0.163538 6.32794 71.5202 -0.360794 -13 4393 1 0 1
2.32493 22.9091 125.556 1.3063 12.2322 58.4813 -0.804665 -13 4394 1 0 1
-29.3733 -4.60716 125.556 -16.2526 -3.93749 62.1242 1.21497 -13 4395 1 0 1
-11.0669 4.69391 125.556 -5.60829 2.86676 60.6992 0.888356 -13 4396 1 0 1
-5.32826 12.4189 125.556 -3.56365 6.10186 70.1541 0.502778 -13 4397 1 0 1
2.12386 -3.88056 125.556 1.26402 -2.47917 61.0652 1.85201 -13 4398 1 0 1
2.29923 -22.7282 125.556 1.64909 -9.5903 47.9735 1.01942 -13 4399 1 0 1
-0.945392 11.7465 125.556 -0.758713 8.68727 66.0457 2.35901 -13 4400 1 0 1
-8.42256 -14.666 125.556 -6.38823 -9.50748 73.0881 -0.660449 -13 4401 1 0 1
-15.3725 4.1625 125.556 -6.92183 2.72606 54.602 -0.624001 -13 4402 1 0 1
15.1107 -6.33117 125.556 8.59825 -4.17036 62.8092 2.59736 -13 4403 1 0 1
-6.85987 -1.65273 125.556 -2.2784 0.3482 48.4901 0.408583 -13 4404 1 0 1
9.15409 3.87565 125.556 4.83249 1.24335 56.5713 2.26021 -13 4405 1 0 1
6.56891 -12.1921 125.556 3.55693 -8.45041 68.5516 2.33945 -13 4406 1 0 1
-79.6413 -55.3201 125.556 -32.2119 -19.8225 44.5462 0.666344 -13 4407 1 0 1
0.649236 9.43075 125.556 1.04188 4.39213 52.017 2.75523 -13 4408 1 0 1
33.2567 13.4835 125.556 18.1566 6.30685 64.6229 0.472015 -13 4409 1 0 1
-10.2896 8.95677 125.556 -4.22208 4.54679 51.1977 0.553331 -13 4410 1 0 1
-4.69377 15.7779 125.556 -1.7144 7.36447 54.2711 0.515958 -13 4411 1 0 1
2.79992 -2.34871 125.556 1.42774 0.219649 67.5212 1.12655 -13 4412 1 0 1
-1.77011 -9.14677 125.556 -1.54237 -5.69437 69.7836 2.07509 -13 4413 1 0 1
8.11652 -1.7887 125.556 3.5591 -0.7438 81.5088 0.1946 -13 4414 1 0 1
5.21003 -1.84209 125.556 2.83646 -1.5843 66.8157 0.258933 -13 4415 1 0 1
30.1736 -1.18859 125.556 13.6031 0.088561 46.9645 -0.64027 -13 4416 1 0 1
39.1744 3.10338 125.556 18.8876 -0.18427 53.4697 1.644 -13 4417 1 0 1
-23.4889 -1.06273 125.556 -10.904 -0.589089 55.3947 -0.939577 -13 4418 1 0 1
-22.5576 9.54381 125.556 -15.175 5.97935 71.7348 -0.450528 -13 4419 1 0 1
-6.13969 -7.49811 125.556 -5.01774 -3.07673 73.0391 0.636898 -13 4420 1 0 1
1.54302 1.35683 125.556 0.670483 0.00504079 65.0671 -1.08934 -13 4421 1 0 1
-1.80216 1.69374 125.556 -0.137799 0.95235 50.9489 1.89672 -13 4422 1 0 1
15.1117 -15.058 125.556 6.78033 -6.39871 46.245 -0.013264 -13 4423 1 0 1
2.64176 -16.8703 125.556 1.55306 -5.69967 41.6635 2.93124 -13 4424 1 0 1
-24.0658 -1.19132 125.556 -11.6074 -0.22906 55.7788 2.00564 -13 4425 1 0 1
-12.8761 -2.3424 125.556 -7.74718 -1.25708 66.5388 -0.47616 -13 4426 1 0 1
12.0947 -21.6299 125.556 6.2668 -8.83394 54.1457 2.76769 -13 4428 1 0 1
-2.39295 -6.72347 125.556 -1.55127 -3.59092 66.6336 1.61069 -13 4429 1 0 1
-15.2992 -13.5133 125.556 -7.38538 -6.67121 57.6116 -1.43777 -13 4430 1 0 1
-6.43512 18.0544 125.556 -4.33035 8.73844 69.2004 0.527154 -13 4431 1 0 1
30.4759 -4.68278 125.556 16.1026 -1.25749 59.1981 -0.0827469 -13 4432 1 0 1
-3.71732 -13.5704 125.556 -1.70085 -7.51948 61.6582 -0.707002 -13 4433 1 0 1
-11.8254 -10.7984 125.556 -7.14755 -5.90138 66.8069 1.45368 -13 4434 1 0 1
9.80763 0.775658 125.556 5.58325 -0.880067 64.714 2.21978 -13 4435 1 0 1
-31.9714 -25.8959 125.556 -18.2732 -14.5754 63.0822 1.48718 -13 4436 1 0 1
28.301 13.3005 125.556 8.4379 3.30362 29.9866 3.33475 -13 4437 1 0 1
6.27124 11.5937 125.556 3.52642 6.2704 61.498 0.602121 -13 4438 1 0 1
-12.4348 -16.292 125.556 -8.5812 -9.77556 70.2405 0.112748 -13 4439 1 0 1
-14.2232 -5.05968 125.556 -8.34373 -3.79651 65.4915 1.73577 -13 4440 1 0 1
15.773 0.932802 125.556 8.64604 -0.661542 65.0776 0.791777 -13 4441 1 0 1
18.6421 16.8497 125.556 9.09156 8.93566 54.2728 2.58545 -13 4442 1 0 1
-3.87559 3.12044 125.556 -2.16857 2.09084 63.2873 1.6315 -13 4443 1 0 1
-2.49774 2.25754 125.556 -1.24665 0.308691 61.6805 0.512852 -13 4444 1 0 1
-0.888181 14.9553 125.556 -1.94708 10.1874 73.6981 0.487471 -13 4445 1 0 1
16.53 -3.19085 125.556 7.93219 -1.28066 49.5091 0.275654 -13 4446 1 0 1
-10.7402 18.4536 125.556 -2.57456 5.86692 34.1321 1.20391 -13 4447 1 0 1
-6.19216 28.4748 125.556 -1.39609 9.22771 37.1723 3.43195 -13 4448 1 0 1
-1.49759 -1.32326 125.556 0.0440134 -0.26972 44.8181 1.43038 -13 4449 1 0 1
-11.3431 -12.8696 125.556 -7.67721 -7.0997 70.0082 2.13349 -13 4450 1 0 1
-2.04611 -2.25636 125.556 -1.73587 -1.48185 68.6766 1.07792 -13 4451 1 0 1
3.95828 -11.0441 125.556 2.35028 -4.10845 48.4121 -0.03448 -13 4452 1 0 1
-17.9367 12.3027 125.556 -8.14785 5.91718 56.0005 1.4859 -13 4453 1 0 1
-2.71811 20.5708 125.556 -1.02389 10.434 53.139 0.880755 -13 4454 1 0 1
-22.9465 -0.0195459 125.556 -10.8153 0.617576 55.308 0.507445 -13 4455 1 0 1
1.64618 -5.09502 125.556 0.563205 -1.77066 66.3943 1.19457 -13 4456 1 0 1
-4.15563 12.5158 125.556 -3.27098 6.80594 71.3986 1.95086 -13 4457 1 0 1
3.70012 -24.9542 125.556 2.2776 -11.3346 56.7372 1.59008 -13 4458 1 0 1
13.5227 -4.34016 125.556 7.54762 -2.14947 62.9362 -0.551654 -13 4460 1 0 1
1.88341 -2.16164 125.556 -0.424281 -0.140551 76.5527 2.57646 -13 4461 1 0 1
-21.9143 12.6838 125.556 -13.256 6.76498 66.5132 2.17674 -13 4462 1 0 1
-1.6525 -4.42064 125.556 -0.425634 -0.219052 55.9738 0.896122 -13 4463 1 0 1
7.14274 12.3954 125.556 3.66882 6.27543 69.5786 0.466771 -13 4464 1 0 1
-0.178464 -20.8089 125.556 0.312227 -9.98392 59.1521 -0.751404 -13 4465 1 0 1
13.5761 -8.07386 125.556 7.11268 -6.99832 78.712 -0.614285 -13 4466 1 0 1
-28.0342 0.241185 125.556 -17.3269 0.641571 67.9914 0.359952 -13 4467 1 0 1
-3.65558 9.58881 125.556 -3.16499 5.37022 72.1568 0.118847 -13 4468 1 0 1
4.75684 -7.46025 125.556 1.98388 -5.53173 72.8019 1.30314 -13 4469 1 0 1
20.4782 -0.532743 125.556 6.53415 -0.109462 32.8943 0.342661 -13 4470 1 0 1
10.266 -12.1172 125.556 5.64097 -6.75791 61.0737 0.408625 -13 4471 1 0 1
-10.366 -5.0931 125.556 -6.24485 -2.5474 66.2131 0.861197 -13 4473 1 0 1
5.4744 3.44311 125.556 3.02395 1.76829 63.6835 0.904633 -13 4474 1 0 1
25.5876 -38.8359 125.556 12.7893 -18.653 56.1108 1.45496 -13 4475 1 0 1
-0.539081 -6.34501 125.556 -0.100276 -3.48816 58.2451 -0.506673 -13 4476 1 0 1
7.04395 -5.89105 125.556 4.12175 -1.12493 56.4502 1.21479 -13 4477 1 0 1
6.28872 0.424108 125.556 3.1896 0.488647 50.981 2.73891 -13 4478 1 0 1
1.93626 -0.793452 125.556 0.85782 -1.38637 64.8681 -0.800277 -13 4479 1 0 1
-8.46354 25.3509 125.556 -5.08216 14.5131 63.8028 0.39818 -13 4480 1 0 1
7.21734 -21.6943 125.556 3.84698 -9.77119 56.3982 1.56368 -13 4481 1 0 1
-1.12547 -5.13528 125.556 -1.75953 -2.05927 71.6496 1.05306 -13 4482 1 0 1
0.421497 11.0005 125.556 -1.80652 7.54766 79.4279 -1.18563 -13 4483 1 0 1
-14.8719 17.335 125.556 -3.97893 5.31619 34.6145 1.30264 -13 4484 1 0 1
-16.3438 4.83313 125.556 -4.6954 2.65001 36.4296 3.82617 -13 4485 1 0 1
10.0621 10.1147 125.556 4.87543 5.2231 46.4038 0.466412 -13 4486 1 0 1
14.5389 -0.253805 125.556 8.04041 -0.118469 61.1958 0.185981 -13 4487 1 0 1
-16.4343 -5.97469 125.556 -10.5052 -4.25529 68.8859 -0.435288 -13 4488 1 0 1
18.7697 -2.04152 125.556 9.91009 -0.699606 55.9612 2.8819 -13 4489 1 0 1
4.5236 4.05608 125.556 2.74975 1.78394 42.1407 -1.12496 -13 4490 1 0 1
-3.17346 -13.7294 125.556 -2.53249 -8.0861 69.4242 1.383 -13 4491 1 0 1
2.79945 -1.82736 125.556 0.720966 -2.81843 72.9238 0.643165 -13 4492 1 0 1
-9.60167 -14.712 125.556 -7.75116 -10.5891 75.7894 -0.385082 -13 4493 1 0 1
-2.01843 -0.506731 125.556 -0.515234 0.225955 57.1353 0.874097 -13 4494 1 0 1
12.3541 22.7707 125.556 6.90203 13.2342 66.8331 0.465557 -13 4495 1 0 1
-4.19277 -4.87727 125.556 -2.14133 -2.19585 64.2168 -0.855937 -13 4496 1 0 1
-6.32795 7.05012 125.556 -6.44766 6.52788 79.0381 1.295 -13 4497 1 0 1
12.7468 -4.00082 125.556 6.77634 0.352345 75.6526 2.45006 -13 4498 1 0 1
-10.3386 8.19069 125.556 -6.77075 4.84414 69.9421 0.812194 -13 4499 1 0 1
-8.77832 1.87204 125.556 -4.72211 0.739475 62.1317 0.388505 -13 4500 1 0 1
3.18445 -0.79994 125.556 1.30636 -1.41603 68.272 1.4555 -13 4501 1 0 1
48.4682 -4.51482 125.556 21.1282 -1.89048 48.2491 0.895186 -13 4503 1 0 1
7.35078 25.7842 125.556 3.9918 12.0016 52.1329 1.50572 -13 4504 1 0 1
7.46325 28.7967 125.556 2.68441 7.66622 31.3913 1.90873 -13 4505 1 0 1
17.1154 -8.21541 125.556 9.24072 -5.43219 57.4695 0.331021 -13 4506 1 0 1
9.90947 14.2092 125.556 5.34488 8.50683 61.8069 -0.964635 -13 4507 1 0 1
-10.678 7.02429 125.556 -6.1508 4.44238 64.3647 0.937453 -13 4508 1 0 1
-1.49761 11.5042 125.556 -1.92511 7.45568 72.7592 -1.52869 -13 4509 1 0 1
13.5957 5.19354 125.556 7.58412 3.36414 71.5684 -0.538578 -13 4510 1 0 1
-18.1232 -8.11809 125.556 -11.4174 -5.01605 68.0929 0.0671782 -13 4511 1 0 1
11.2367 7.77089 125.556 6.37327 5.37782 66.993 0.257629 -13 4512 1 0 1
1.30401 0.828893 125.556 0.938386 0.652646 58.1852 3.19203 -13 4513 1 0 1
4.92942 0.439268 125.556 2.81706 -0.667739 64.1996 0.369639 -13 4514 1 0 1
13.5948 10.0088 125.556 7.47222 5.95773 61.5053 -1.62939 -13 4515 1 0 1
-8.50347 -14.8493 125.556 -4.75457 -8.1551 62.8786 2.18388 -13 4516 1 0 1
2.97565 -29.5925 125.556 1.67432 -15.0943 58.9156 2.07984 -13 4517 1 0 1
13.3758 6.3107 125.556 7.05737 2.95017 58.8522 0.00559132 -13 4518 1 0 1
1.9043 -5.16013 125.556 1.20382 -3.02982 56.2762 1.47302 -13 4519 1 0 1
4.186 2.83298 125.556 2.27546 0.57059 62.7477 -0.573732 -13 4520 1 0 1
-5.6979 4.01606 125.556 -6.01744 1.83872 80.5784 0.996376 -13 4521 1 0 1
31.2958 -36.6108 125.556 9.31508 -9.87586 30.337 2.68076 -13 4522 1 0 1
-8.4883 19.6988 125.556 -4.8336 11.7067 64.5432 3.75683 -13 4523 1 0 1
4.55791 -4.02805 125.556 2.04476 -4.02303 68.4132 1.00101 -13 4524 1 0 1
33.9555 26.5157 125.556 16.7943 12.2936 55.7985 2.48633 -13 4525 1 0 1
-6.19475 -16.4385 125.556 -3.71794 -10.2782 65.4645 0.584597 -13 4526 1 0 1
-5.73618 -0.84092 125.556 -3.37961 -0.163199 65.1583 2.33441 -13 4527 1 0 1
13.8077 0.640499 125.556 7.54896 -0.109595 56.8918 2.57656 -13 4528 1 0 1
-1.58429 7.48607 125.556 -0.429367 2.49529 54.9922 2.56923 -13 4529 1 0 1
9.0011 -2.33253 125.556 5.03873 -1.90592 68.1013 1.41892 -13 4530 1 0 1
11.5148 -3.03614 125.556 6.29687 -1.23077 58.4674 -1.64698 -13 4531 1 0 1
-6.93026 27.3742 125.556 -2.50538 12.6412 49.5072 1.33733 -13 4532 1 0 1
-14.6203 5.43644 125.556 -5.99102 1.76983 50.258 -1.16246 -13 4533 1 0 1
-18.9307 -0.353313 125.556 -8.34269 1.44103 53.4488 0.829205 -13 4534 1 0 1
17.559 15.7729 125.556 9.52095 7.99539 59.7069 1.00361 -13 4535 1 0 1
2.525 19.8743 125.556 1.61504 9.23237 62.5527 0.586963 -13 4536 1 0 1
-8.47899 -12.2986 125.556 -5.66441 -9.09328 68.1746 -1.24712 -13 4537 1 0 1
-8.4237 -5.30718 125.556 -4.63308 -4.25495 62.7535 -1.54076 -13 4538 1 0 1
-8.84249 -4.53518 125.556 -5.51901 -2.25741 68.0517 0.316039 -13 4539 1 0 1
2.45099 -13.8894 125.556 0.226091 -8.86377 72.7343 1.68946 -13 4540 1 0 1
-5.44029 24.3341 125.556 -4.62816 13.9666 72.5185 -0.497974 -13 4541 1 0 1
-10.5997 -8.43446 125.556 -6.35079 -5.85445 65.0217 -1.27857 -13 4542 1 0 1
11.3327 -2.72283 125.556 6.28716 -1.92457 65.57 0.641526 -13 4543 1 0 1
0.161329 -5.49095 125.556 -1.25723 -2.69183 74.961 0.129097 -13 4544 1 0 1
-10.1537 7.20781 125.556 -7.17704 3.07992 71.3922 1.40428 -13 4545 1 0 1
3.9797 12.8464 125.556 2.04428 3.26888 36.2784 1.65596 -13 4546 1 0 1
6.87256 2.8081 125.556 3.57099 0.747235 74.2691 0.484403 -13 4547 1 0 1
13.7235 -4.67225 125.556 7.7381 -1.91485 70.2317 2.6903 -13 4548 1 0 1
2.15709 5.67074 125.556 0.928683 4.17176 65.6189 -0.541469 -13 4549 1 0 1
-7.32124 16.8929 125.556 -7.13374 11.5669 77.5202 -0.108177 -13 4550 1 0 1
13.5349 -30.2372 125.556 7.41629 -19.3451 70.5043 -0.325465 -13 4551 1 0 1
4.83344 -10.9884 125.556 2.53284 -4.54748 65.995 0.737966 -13 4552 1 0 1
-6.47523 28.4037 125.556 -3.98257 15.4727 63.9315 -0.565314 -13 4553 1 0 1
11.4702 10.6758 125.556 6.17178 4.855 54.0651 0.416749 -13 4554 1 0 1
-19.5599 28.915 125.556 -10.9341 15.8627 61.3099 1.13235 -13 4555 1 0 1
-14.9649 5.8 125.556 -10.0329 3.31834 70.7662 2.04697 -13 4556 1 0 1
-15.6063 1.82849 125.556 -8.54914 0.873576 62.8008 -1.02063 -13 4558 1 0 1
16.0771 43.3843 125.556 8.59476 22.7721 61.8227 3.12281 -13 4559 1 0 1
-11.7889 -10.2957 125.556 -7.42059 -6.35441 66.5402 0.862961 -13 4560 1 0 1
-14.7683 23.6191 125.556 -7.09123 10.3198 56.1438 0.934142 -13 4561 1 0 1
27.8578 -26.2203 125.556 10.4341 -9.04592 39.1528 2.31349 -13 4562 1 0 1
-10.7099 -42.1793 125.556 -6.25905 -22.0697 63.0698 2.53391 -13 4563 1 0 1
15.143 6.28508 125.556 8.68583 5.43744 65.9053 2.653 -13 4565 1 0 1
18.6863 -3.16957 125.556 10.4145 -1.92321 67.5608 0.917846 -13 4566 1 0 1
27.3586 17.4821 125.556 14.4894 9.32353 60.4565 0.150965 -13 4567 1 0 1
-31.5057 -7.14591 125.556 -15.5964 -3.20126 56.6677 1.51473 -13 4568 1 0 1
-23.437 22.2564 125.556 -12.473 10.9081 60.6652 0.841067 -13 4570 1 0 1
-0.922456 10.7816 125.556 -0.525479 6.90114 63.8511 0.168624 -13 4571 1 0 1
-14.4767 -8.52127 125.556 -12.1734 -5.09604 78.2877 2.2822 -13 4572 1 0 1
38.3818 -20.7561 125.556 15.6873 -7.98857 44.3788 -2.05344 -13 4573 1 0 1
-6.03937 -8.35727 125.556 -3.63201 -4.43648 64.0605 1.09293 -13 4574 1 0 1
1.66389 -22.0288 125.556 0.682901 -10.6554 66.387 0.822961 -13 4575 1 0 1
29.1683 -22.3063 125.556 13.9927 -9.50752 53.3194 1.01978 -13 4576 1 0 1
-6.82365 -3.60038 125.556 -2.75067 -1.41225 54.3976 -0.288303 -13 4578 1 0 1
-15.0322 -0.0277217 125.556 -7.07944 -1.72927 56.0649 -0.455263 -13 4579 1 0 1
3.22065 0.674333 125.556 0.419566 -1.30939 77.9491 0.421444 -13 4580 1 0 1
-22.2808 1.21471 125.556 -12.0003 0.472823 61.756 2.94589 -13 4581 1 0 1
-6.99525 0.708467 125.556 -2.98811 0.881118 56.5941 -0.289505 -13 4582 1 0 1
-8.24093 15.361 125.556 -2.43125 5.17604 39.7111 1.11459 -13 4583 1 0 1
0.38653 14.9217 125.556 0.738207 8.27039 58.1806 -0.309525 -13 4585 1 0 1
9.10281 5.57331 125.556 5.19697 3.35894 62.3447 0.702074 -13 4586 1 0 1
1.07766 -32.5301 125.556 0.6743 -16.2562 57.6029 1.90754 -13 4587 1 0 1
-44.9362 -23.2927 125.556 -14.9807 -8.19253 37.7754 1.33165 -13 4588 1 0 1
15.3018 20.3721 125.556 3.40947 3.66923 21.195 1.13952 -13 4589 1 0 1
15.1679 7.96777 125.556 8.19093 4.41679 58.9761 0.479966 -13 4590 1 0 1
5.67029 19.5433 125.556 3.0349 9.07645 54.242 -0.647728 -13 4591 1 0 1
-6.0053 8.37437 125.556 -3.11776 5.08749 62.0848 0.737656 -13 4592 1 0 1
-4.38005 23.4638 125.556 -1.48065 9.93811 51.5011 1.497 -13 4593 1 0 1
-7.26815 -3.01473 125.556 -4.11972 -0.840374 64.3815 -0.0700927 -13 4594 1 0 1
-1.01628 -2.34213 125.556 -0.916705 -1.64525 66.0366 0.258664 -13 4595 1 0 1
35.9809 -17.6661 125.556 16.1936 -7.47518 49.0463 2.31043 -13 4596 1 0 1
-3.172 1.26905 125.556 -0.854329 0.653407 47.6717 1.37046 -13 4597 1 0 1
19.7682 11.3318 125.556 10.0856 5.47094 54.8033 1.12425 -13 4598 1 0 1
-2.54543 12.8037 125.556 -3.39316 9.71294 76.0551 1.09523 -13 4599 1 0 1
-26.3522 5.29173 125.556 -15.4302 2.94472 65.179 0.275277 -13 4600 1 0 1
-4.71816 15.0501 125.556 -2.60586 8.98043 65.4273 2.35434 -13 4601 1 0 1
-5.7754 -8.71482 125.556 -4.94052 -5.59385 74.8493 1.40935 -13 4602 1 0 1
9.58494 -20.9733 125.556 5.38383 -12.3224 63.9045 0.264124 -13 4603 1 0 1
-21.3251 -9.68808 125.556 -9.02438 -3.87771 50.7973 1.12524 -13 4604 1 0 1
-17.0696 -4.72025 125.556 -8.90793 -2.64739 59.7058 2.59107 -13 4605 1 0 1
8.47821 8.56557 125.556 4.55083 5.57253 54.895 0.727744 -13 4606 1 0 1
-4.89626 -3.81473 125.556 -4.18615 -3.96074 73.2392 0.445399 -13 4607 1 0 1
-18.6697 1.66181 125.556 -11.2393 2.56448 65.649 1.92983 -13 4608 1 0 1
-1.73761 -7.77906 125.556 0.0318146 -3.17039 53.9321 1.24709 -13 4609 1 0 1
21.6769 10.5812 125.556 12.6065 6.71985 71.1263 0.780969 -13 4610 1 0 1
12.3979 -3.4166 125.556 6.76932 -2.12873 61.8222 2.53852 -13 4611 1 0 1
-5.71418 -12.4712 125.556 -3.10214 -5.86764 62.1773 -0.726514 -13 4612 1 0 1
-7.58776 0.107918 125.556 -6.19221 -1.87018 74.4826 0.849288 -13 4613 1 0 1
1.80972 5.61585 125.556 1.49287 2.16248 45.6468 0.875154 -13 4614 1 0 1
-3.18207 16.4626 125.556 -2.76328 10.6194 70.3252 -1.25152 -13 4615 1 0 1
-10.9503 2.76247 125.556 -8.06205 0.563562 72.1898 -0.34964 -13 4616 1 0 1
-8.73655 16.6595 125.556 -3.18835 7.90787 51.6941 2.67504 -13 4617 1 0 1
-7.77933 -19.4315 125.556 -3.93987 -10.4814 59.7404 -0.225665 -13 4618 1 0 1
7.82503 -19.1543 125.556 4.32743 -10.3767 62.7437 1.67258 -13 4619 1 0 1
6.41911 -18.3371 125.556 3.49091 -9.43108 54.0389 -1.43694 -13 4620 1 0 1
-3.89413 10.0567 125.556 -1.33941 4.33954 52.5375 1.09649 -13 4621 1 0 1
-9.5128 -21.0996 125.556 -6.52226 -12.4773 69.437 1.24069 -13 4622 1 0 1
-24.2172 6.34623 125.556 -16.1043 3.53124 71.4599 0.899859 -13 4623 1 0 1
-18.941 21.9143 125.556 -10.155 10.3445 61.2704 1.29648 -13 4624 1 0 1
-2.47574 1.54026 125.556 -1.29448 0.594951 62.8703 1.33821 -13 4625 1 0 1
1.61892 -16.1122 125.556 0.732585 -9.33348 65.1403 2.13275 -13 4626 1 0 1
23.1085 -14.5802 125.556 12.8504 -6.43189 62.1089 1.6492 -13 4627 1 0 1
11.498 1.07426 125.556 5.96133 0.751628 53.1366 -0.0103807 -13 4628 1 0 1
2.5067 -12.4366 125.556 1.45292 -6.38793 59.7008 1.52961 -13 4629 1 0 1
20.1792 -2.8362 125.556 11.6094 -2.09503 72.1066 1.13145 -13 4630 1 0 1
0.463536 11.3229 125.556 -0.715385 6.40419 69.3583 0.495076 -13 4631 1 0 1
-8.42941 -5.9201 125.556 -5.0112 -3.86255 63.0552 0.8403 -13 4632 1 0 1
34.196 16.8321 125.556 18.6999 8.97109 63.2983 2.18911 -13 4633 1 0 1
-10.5903 6.36992 125.556 -8.45303 5.35445 75.5014 -0.884709 -13 4634 1 0 1
25.3756 -23.4613 125.556 12.8926 -10.7574 54.2847 3.43477 -13 4635 1 0 1
-5.61707 25.6474 125.556 -2.20658 12.1314 53.1262 2.41381 -13 4636 1 0 1
4.42302 4.08249 125.556 2.4394 2.24946 63.5712 1.92563 -13 4637 1 0 1
9.50029 8.53823 125.556 5.37317 6.43399 65.3707 0.114351 -13 4638 1 0 1
15.0775 2.39487 125.556 8.20616 1.55279 62.1717 2.32314 -13 4639 1 0 1
-6.47367 9.8453 125.556 -3.54865 5.01445 64.7885 1.13262 -13 4640 1 0 1
-22.3844 -4.77164 125.556 -8.55117 -1.76698 45.985 -0.412218 -13 4641 1 0 1
-19.5607 -4.12243 125.556 -6.05984 -0.871704 37.7682 0.977072 -13 4642 1 0 1
-10.1145 -16.716 125.556 -4.4402 -7.35157 56.3813 1.4775 -13 4643 1 0 1
20.3792 6.85016 125.556 11.2892 4.29272 63.48 2.12002 -13 4644 1 0 1
-4.83072 -1.26245 125.556 -5.02774 -0.591204 77.756 1.48044 -13 4645 1 0 1
8.72238 -10.2017 125.556 4.83881 -6.81378 70.6006 -1.78168 -13 4646 1 0 1
-6.02137 5.00362 125.556 -4.52635 3.13925 71.2557 -0.274518 -13 4647 1 0 1
27.533 -23.2817 125.556 14.6226 -10.2681 60.4978 1.47347 -13 4648 1 0 1
-8.77435 3.91875 125.556 -6.69735 4.03699 73.849 0.39585 -13 4649 1 0 1
-12.219 31.5131 125.556 -5.54084 14.3371 55.7005 0.362614 -13 4650 1 0 1
-4.66089 -16.7612 125.556 -2.58451 -9.33832 62.4122 -1.66183 -13 4651 1 0 1
9.9646 15.3315 125.556 5.61446 9.28877 69.7473 -0.00587817 -13 4652 1 0 1
6.57611 36.1736 125.556 2.45148 10.278 30.9675 1.86431 -13 4653 1 0 1
34.5324 10.4192 125.556 14.7892 2.49745 47.3279 0.187189 -13 4654 1 0 1
-8.54153 -4.32227 125.556 -4.59056 -3.37111 61.4949 -0.904491 -13 4655 1 0 1
12.1282 2.25209 125.556 6.67183 0.698788 63.0599 0.542478 -13 4656 1 0 1
16.8165 19.009 125.556 7.74614 8.05514 49.5559 2.92554 -13 4658 1 0 1
18.7567 -4.06053 125.556 10.5336 -2.74696 62.4544 2.0531 -13 4659 1 0 1
8.07549 -1.59994 125.556 3.88751 -0.829261 48.7088 0.997956 -13 4660 1 0 1
4.77243 9.10957 125.556 2.8736 3.61859 62.2869 0.565408 -13 4661 1 0 1
-20.9385 -26.3126 125.556 -15.1391 -17.3395 74.0395 -0.740874 -13 4662 1 0 1
8.76535 4.85939 125.556 4.32751 2.58437 75.7342 0.984638 -13 4663 1 0 1
4.80121 -9.18951 125.556 2.05505 -6.11605 75.946 0.175229 -13 4664 1 0 1
31.2565 -43.1802 125.556 7.91861 -9.13528 25.6627 2.52647 -13 4665 1 0 1
0.171906 -11.6793 125.556 0.716824 -4.40756 44.7405 -0.156507 -13 4666 1 0 1
-0.820131 -10.332 125.556 0.354349 -3.30577 38.1415 1.59399 -13 4667 1 0 1
-45.5145 10.3782 125.556 -28.2261 5.59658 67.7867 1.2698 -13 4668 1 0 1
30.339 23.7664 125.556 13.7438 9.51774 50.4438 0.273253 -13 4670 1 0 1
1.10862 2.22963 125.556 1.17858 0.814042 55.8746 1.73886 -13 4671 1 0 1
-16.528 -6.08015 125.556 -8.54248 -2.56554 60.3045 0.738484 -13 4672 1 0 1
-20.1858 4.94999 125.556 -10.7485 4.6557 62.0967 0.0663587 -13 4673 1 0 1
-21.3148 -11.8503 125.556 -15.4239 -9.10512 74.5322 0.343797 -13 4674 1 0 1
-0.399409 -19.104 125.556 0.515922 -8.66592 46.7301 2.72736 -13 4675 1 0 1
-13.541 -1.42216 125.556 -6.46443 -0.515933 57.0669 1.64056 -13 4676 1 0 1
10.7561 24.5837 125.556 5.97601 12.3618 58.8877 0.666156 -13 4677 1 0 1
-4.4174 0.477318 125.556 -3.32366 0.67604 71.0924 2.78638 -13 4678 1 0 1
18.0328 -4.40073 125.556 9.76256 -2.75371 61.1749 -1.25983 -13 4679 1 0 1
-4.56393 2.66372 125.556 -4.19595 1.25798 74.948 0.722732 -13 4680 1 0 1
15.8067 -1.49005 125.556 9.02424 -1.25271 70.477 1.73816 -13 4681 1 0 1
7.83127 -8.84824 125.556 3.99316 -7.15861 72.4055 1.18871 -13 4682 1 0 1
14.4145 -0.0250922 125.556 8.15387 -1.84679 68.1527 -0.62813 -13 4683 1 0 1
34.0949 -4.99063 125.556 15.4839 -3.99245 49.8418 3.41296 -13 4684 1 0 1
0.183431 -12.3105 125.556 -0.0654002 -7.02937 66.495 -1.38118 -13 4685 1 0 1
-4.75413 10.928 125.556 -2.89931 5.47359 65.2726 1.21411 -13 4686 1 0 1
-26.949 0.337481 125.556 -12.1845 -1.26743 53.1928 0.134332 -13 4687 1 0 1
-1.46917 -16.9315 125.556 -0.821097 -9.09411 61.0409 2.21209 -13 4688 1 0 1
7.32987 -3.06253 125.556 4.14926 -2.65495 54.0445 -1.25204 -13 4689 1 0 1
-7.54244 12.4049 125.556 -5.91546 7.94059 73.4204 0.558084 -13 4690 1 0 1
14.2195 -2.33049 125.556 8.12091 -0.188525 69.4685 0.374585 -13 4691 1 0 1
-11.0098 3.0583 125.556 -2.63977 0.17032 32.3084 1.19854 -13 4692 1 0 1
-17.2273 10.7653 125.556 -8.87252 6.48622 59.7139 1.17566 -13 4693 1 0 1
-9.38835 6.54739 125.556 -6.64144 4.0035 70.9938 2.77187 -13 4694 1 0 1
3.3583 6.86624 125.556 0.593018 3.97288 77.0907 0.60549 -13 4695 1 0 1
1.1025 -13.1136 125.556 0.826097 -7.94653 59.92 1.11888 -13 4696 1 0 1
19.4808 -4.27249 125.556 10.8447 -1.21407 63.9403 0.538652 -13 4697 1 0 1
14.1917 -3.58974 125.556 7.93187 -2.11896 63.3847 0.359697 -13 4698 1 0 1
-19.4253 -14.0603 125.556 -5.96744 -5.77179 38.3663 2.60765 -13 4699 1 0 1
1.28969 -17.6148 125.556 1.16451 -8.33432 50.173 2.33963 -13 4700 1 0 1
9.10146 5.48373 125.556 5.03901 4.10172 67.5838 -1.12975 -13 4701 1 0 1
-15.0583 -36.7502 125.556 -8.7555 -19.1514 63.9847 0.939434 -13 4702 1 0 1
-1.35762 -3.40819 125.556 -1.08266 -1.41229 67.0918 0.51738 -13 4703 1 0 1
17.6899 3.93882 125.556 9.2116 2.57786 56.9745 1.07108 -13 4704 1 0 1
-18.6461 -32.1147 125.556 -9.53193 -15.333 58.1615 0.737523 -13 4705 1 0 1
23.7061 -13.8226 125.556 12.972 -8.03705 61.8842 -1.37228 -13 4706 1 0 1
13.1932 -1.26777 125.556 7.47548 0.467812 66.4047 0.619245 -13 4707 1 0 1
-2.54247 8.01333 125.556 -1.03414 4.78005 58.7473 0.890508 -13 4708 1 0 1
-15.0273 -8.60981 125.556 -9.43443 -5.16734 67.6759 2.02388 -13 4709 1 0 1
-10.9582 -6.58164 125.556 -7.68717 -7.47321 71.7704 0.507007 -13 4710 1 0 1
26.9423 -2.9338 125.556 12.1825 -1.4395 46.9557 1.14673 -13 4711 1 0 1
10.0508 -15.4295 125.556 5.28615 -7.2928 51.0564 -0.281966 -13 4712 1 0 1
-15.7876 -9.25387 125.556 -7.74965 -4.86494 57.6704 0.933991 -13 4713 1 0 1
-3.08641 22.8946 125.556 -1.98284 13.4493 65.3644 2.34889 -13 4714 1 0 1
30.0615 -34.1076 125.556 13.8162 -14.3289 50.0837 4.68811 -13 4715 1 0 1
-20.6593 6.12629 125.556 -10.9164 4.00954 60.4487 0.827987 -13 4716 1 0 1
-14.7736 -11.1621 125.556 -10.5117 -7.76057 72.8172 0.502244 -13 4717 1 0 1
-28.9306 -0.371205 125.556 -9.00912 -0.126267 36.2205 0.609048 -13 4718 1 0 1
4.04297 -10.1718 125.556 2.05773 -5.16441 66.6563 2.30065 -13 4719 1 0 1
1.58775 2.89112 125.556 1.24704 1.56878 55.187 0.130676 -13 4720 1 0 1
27.2724 5.74799 125.556 10.9319 2.10298 41.0466 1.06664 -13 4721 1 0 1
21.1571 11.1748 125.556 11.9529 6.18238 67.7087 -0.582693 -13 4722 1 0 1
-12.7255 -2.74987 125.556 -10.5317 -1.92994 77.4357 -1.83498 -13 4723 1 0 1
-13.2802 -8.52645 125.556 -9.05288 -4.72958 71.111 1.73725 -13 4724 1 0 1
-8.75794 10.8118 125.556 -7.94846 7.56498 78.8725 0.706952 -13 4725 1 0 1
-8.57497 11.2591 125.556 -6.59968 8.44636 73.4154 0.531143 -13 4726 1 0 1
0.932433 1.82245 125.556 0.582288 0.351476 63.018 2.02639 -13 4727 1 0 1
13.9544 2.06625 125.556 5.15401 -0.0172943 35.4342 -0.534898 -13 4728 1 0 1
-9.01421 -10.3709 125.556 -2.94933 -4.5456 47.3323 -0.760398 -13 4729 1 0 1
17.6367 -15.2669 125.556 10.3708 -9.22081 69.3514 0.192784 -13 4730 1 0 1
9.08019 -1.24084 125.556 4.70374 -0.251008 51.2773 -1.07736 -13 4731 1 0 1
5.77863 0.990242 125.556 2.75606 -0.157406 72.9362 1.26188 -13 4732 1 0 1
5.43276 15.807 125.556 2.04332 10.4531 74.9097 -0.0586586 -13 4733 1 0 1
-5.45369 -30.2724 125.556 -1.9477 -15.1317 53.4297 2.09613 -13 4734 1 0 1
-0.592878 1.48419 125.556 -0.9465 0.434815 71.3701 -0.0246248 -13 4735 1 0 1
-2.46892 18.8134 125.556 -1.6596 9.80894 67.2644 1.6141 -13 4736 1 0 1
4.11221 6.87402 125.556 1.71825 1.76039 71.9214 0.310516 -13 4737 1 0 1
-8.12882 -33.79 125.556 -4.10899 -16.724 58.5852 -0.40673 -13 4738 1 0 1
-14.4336 12.3494 125.556 -9.92818 8.7472 70.5294 0.804886 -13 4739 1 0 1
30.3486 6.43656 125.556 17.0145 3.16419 61.3142 2.73021 -13 4740 1 0 1
29.0397 3.61123 125.556 14.609 2.47328 56.9617 0.291888 -13 4741 1 0 1
-8.50451 -1.88658 125.556 -6.24346 -0.424214 72.3758 -0.470673 -13 4742 1 0 1
31.8536 6.09769 125.556 15.6553 2.90097 54.4229 0.31747 -13 4743 1 0 1
-15.2525 -8.10004 125.556 -9.79601 -3.40039 67.5329 1.34223 -13 4744 1 0 1
3.16022 -18.3585 125.556 1.6733 -8.18936 61.3953 1.80841 -13 4745 1 0 1
-14.4276 -6.60036 125.556 -6.68289 -2.48531 55.4114 1.20113 -13 4746 1 0 1
-2.5348 -2.95311 125.556 -3.27996 -3.9234 76.309 -0.44999 -13 4748 1 0 1
0.243236 -24.4817 125.556 0.106933 -15.1153 65.931 2.71229 -13 4749 1 0 1
-8.35407 0.395463 125.556 -4.03308 0.813326 59.1314 0.261629 -13 4750 1 0 1
-3.26558 -5.97562 125.556 -1.30235 -4.03763 59.1022 0.56748 -13 4751 1 0 1
1.13117 -7.0752 125.556 -0.196763 -2.71896 68.9482 1.55991 -13 4752 1 0 1
9.89207 -5.76438 125.556 5.42444 -5.09423 72.8776 2.33112 -13 4753 1 0 1
9.40304 11.2943 125.556 4.8163 7.56011 63.7689 0.775022 -13 4754 1 0 1
10.4001 9.13403 125.556 5.55669 5.81255 74.414 1.18249 -13 4755 1 0 1
13.1641 -10.4178 125.556 6.58755 -5.4485 56.6216 0.791576 -13 4756 1 0 1
10.1584 -12.1088 125.556 5.75196 -5.82719 62.0068 1.90414 -13 4757 1 0 1
21.5771 27.0202 125.556 12.0102 14.324 64.7776 2.02999 -13 4758 1 0 1
1.23162 6.42604 125.556 0.434552 4.72824 68.167 -0.275876 -13 4760 1 0 1
4.15943 8.95278 125.556 2.48214 4.0187 56.7962 -1.07079 -13 4761 1 0 1
-20.4898 -39.4803 125.556 -9.46181 -17.0232 53.8859 1.26902 -13 4762 1 0 1
-27.7877 -15.256 125.556 -18.0199 -8.2707 69.8233 0.655004 -13 4763 1 0 1
3.63177 10.426 125.556 1.08442 5.47141 76.0842 1.59512 -13 4764 1 0 1
3.06382 1.35391 125.556 1.53333 1.86497 64.8377 0.38029 -13 4765 1 0 1
21.0086 9.69446 125.556 11.6032 5.64555 63.0188 1.14089 -13 4766 1 0 1
4.38631 8.04887 125.556 2.36436 4.06071 66.565 0.471823 -13 4767 1 0 1
5.85347 -7.31199 125.556 3.21361 -4.80285 59.5939 0.85975 -13 4768 1 0 1
3.7932 7.92341 125.556 1.75916 3.06634 69.453 -0.46547 -13 4769 1 0 1
-16.6007 1.6048 125.556 -7.24088 1.03588 53.2104 1.32794 -13 4770 1 0 1
-17.759 13.4514 125.556 -7.66024 6.32677 50.5297 0.816782 -13 4771 1 0 1
-12.4333 1.09082 125.556 -8.09946 2.40984 69.5104 0.825721 -13 4772 1 0 1
8.02732 -1.71566 125.556 4.1887 -1.23752 67.1989 2.22443 -13 4773 1 0 1
25.0441 -23.8542 125.556 12.7537 -11.5801 56.4434 1.97412 -13 4774 1 0 1
18.7936 7.2707 125.556 9.39349 2.69058 53.0497 -0.279966 -13 4775 1 0 1
22.8331 -24.0378 125.556 12.6483 -13.2725 63.246 -0.00392133 -13 4776 1 0 1
-9.35346 0.710926 125.556 -4.5808 0.180382 59.921 2.13407 -13 4777 1 0 1
-18.4163 23.0963 125.556 -6.47117 9.42515 44.1905 -0.277604 -13 4778 1 0 1
19.8541 -1.47286 125.556 9.40555 -2.27242 48.0393 0.141753 -13 4779 1 0 1
-9.33711 -4.55302 125.556 -5.49979 -2.74027 65.2945 1.71533 -13 4780 1 0 1
2.02428 0.0763105 125.556 1.5248 0.264912 59.13 -1.77219 -13 4781 1 0 1
-22.1284 -4.79498 125.556 -17.3559 -2.88623 78.3265 0.803332 -13 4782 1 0 1
-4.41957 13.4322 125.556 -2.61097 6.66555 63.384 1.52461 -13 4783 1 0 1
14.4481 3.07202 125.556 7.39907 1.28979 53.297 4.76006 -13 4784 1 0 1
-10.5363 -24.2593 125.556 -5.01556 -12.2427 57.5286 1.08467 -13 4785 1 0 1
-9.00344 -9.13951 125.556 -7.71677 -5.26402 76.7669 1.36313 -13 4786 1 0 1
-9.43064 5.73417 125.556 -9.62512 5.57299 79.0901 -0.10188 -13 4787 1 0 1
-0.0380131 -23.9205 125.556 0.427368 -11.6255 52.115 0.209141 -13 4788 1 0 1
19.2989 -13.7436 125.556 9.71427 -5.45869 54.752 1.0765 -13 4789 1 0 1
16.7865 21.5824 125.556 9.19201 13.014 67.6289 2.55322 -13 4790 1 0 1
-15.3557 -5.08338 125.556 -8.34013 -1.71631 61.2375 0.938773 -13 4791 1 0 1
5.26131 15.9771 125.556 1.96119 9.94033 76.1706 0.797385 -13 4792 1 0 1
9.45597 7.85748 125.556 5.26605 4.93292 65.3983 0.85394 -13 4793 1 0 1
14.2699 2.34053 125.556 8.08439 -0.158464 71.1985 2.24519 -13 4794 1 0 1
-34.4762 -22.9464 125.556 -18.8112 -12.5849 60.9368 1.44457 -13 4795 1 0 1
-5.06557 2.80081 125.556 -3.02286 0.505231 65.2953 1.28151 -13 4796 1 0 1
-26.6021 -4.58257 125.556 -9.83284 -1.99566 43.8469 0.725284 -13 4797 1 0 1
-1.35898 -0.703489 125.556 -0.884577 -2.64532 66.8551 1.00848 -13 4798 1 0 1
5.89751 9.67199 125.556 3.22541 6.34257 63.8543 0.0623326 -13 4799 1 0 1
3.63369 -5.65454 125.556 1.3881 -3.18366 72.1949 1.21586 -13 4800 1 0 1
-4.48957 -8.18715 125.556 -2.89574 -3.67497 65.2069 2.507 -13 4801 1 0 1
-2.78028 -4.61116 125.556 -3.5922 -1.89027 76.8269 0.796404 -13 4802 1 0 1
17.4395 8.02023 125.556 9.28309 3.60984 61.1055 -0.26505 -13 4803 1 0 1
-21.0035 -1.60326 125.556 -11.0789 -0.799063 59.7563 1.76683 -13 4804 1 0 1
-6.04646 -3.97799 125.556 -6.06367 -3.10431 78.4584 0.87382 -13 4805 1 0 1
-24.7476 17.7882 125.556 -13.4814 10.1783 61.7514 2.27352 -13 4806 1 0 1
6.05814 -2.01933 125.556 3.09515 -0.641607 67.0866 0.388026 -13 4807 1 0 1
2.06039 -0.103429 125.556 0.776441 -0.373462 15.3299 1.59788 -13 4808 1 0 1
31.9752 -7.74407 125.556 18.0253 -5.51633 66.1765 1.33253 -13 4809 1 0 1
12.4074 -4.90227 125.556 6.49657 -3.12308 57.208 0.77284 -13 4810 1 0 1
-11.813 15.8339 125.556 -7.74018 9.90458 67.7415 0.993835 -13 4811 1 0 1
-25.1488 12.0091 125.556 -13.0089 5.34847 58.9479 -0.313259 -13 4812 1 0 1
3.10492 19.7267 125.556 2.09889 8.63232 49.4658 -0.398471 -13 4813 1 0 1
11.1724 31.0641 125.556 5.63003 16.209 56.9135 1.77665 -13 4814 1 0 1
16.019 -8.79212 125.556 9.19806 -6.59159 70.2053 1.01824 -13 4815 1 0 1
-4.24708 -5.40493 125.556 -3.37994 -4.45183 69.2398 1.51636 -13 4816 1 0 1
12.8739 -8.40401 125.556 7.22328 -4.1557 73.3338 1.75806 -13 4817 1 0 1
10.3612 3.6027 125.556 5.66679 2.08918 50.999 0.387508 -13 4818 1 0 1
4.82593 -21.6504 125.556 2.89184 -7.76128 44.3647 0.0758482 -13 4819 1 0 1
18.6667 -2.45331 125.556 10.7129 -0.343193 71.1938 1.12789 -13 4820 1 0 1
-21.7101 -7.80828 125.556 -7.45701 -3.78605 42.511 2.74411 -13 4821 1 0 1
-18.5703 6.05726 125.556 -10.1224 2.5828 61.926 -1.45583 -13 4822 1 0 1
0.20456 -3.13078 125.556 -0.427326 -1.27418 70.698 0.520926 -13 4823 1 0 1
30.4957 -47.8708 125.556 12.0075 -16.8793 41.8852 -0.205551 -13 4824 1 0 1
149.403 -21.84 125.556 51.5895 -6.70809 36.1776 1.07273 -13 4825 1 0 1
-7.95447 -12.0667 125.556 -3.54675 -6.28916 56.4054 2.9751 -13 4826 1 0 1
5.86221 -3.50256 125.556 1.4918 -2.74713 79.5707 1.98365 -13 4827 1 0 1
-16.3443 -12.3276 125.556 -12.2809 -8.75986 74.9141 1.66887 -13 4828 1 0 1
7.2491 -22.9623 125.556 3.78885 -12.5833 67.2218 1.02134 -13 4829 1 0 1
-12.3083 -19.3794 125.556 -6.50567 -11.2762 61.4614 2.03047 -13 4830 1 0 1
2.11305 4.95564 125.556 1.30537 3.10516 61.7085 0.796406 -13 4831 1 0 1
-2.52748 3.25145 125.556 -0.953534 1.7525 58.3823 1.10826 -13 4833 1 0 1
-0.962758 -5.21739 125.556 -0.225188 -3.05418 58.8073 0.0415271 -13 4834 1 0 1
13.5733 9.09516 125.556 7.62798 4.58056 64.7252 3.42458 -13 4835 1 0 1
0.443404 -13.8843 125.556 -0.927566 -8.37211 72.9799 1.75065 -13 4836 1 0 1
5.10411 -6.26224 125.556 2.9681 -3.25508 60.3864 -0.695492 -13 4837 1 0 1
-26.4084 -30.7096 125.556 -11.9132 -12.9843 53.0913 -0.174978 -13 4838 1 0 1
14.5691 10.3197 125.556 8.02767 7.13649 77.5587 1.59793 -13 4839 1 0 1
-2.22875 -19.5386 125.556 -0.913447 -10.132 58.4899 1.14716 -13 4840 1 0 1
0.274396 -36.8602 125.556 -0.431974 -21.5574 67.0157 0.518886 -13 4841 1 0 1
2.64158 -4.70989 125.556 1.19054 -2.8811 67.3112 1.53216 -13 4842 1 0 1
-8.98105 33.294 125.556 -5.97012 20.0613 66.9116 2.07923 -13 4843 1 0 1
0.452622 21.8103 125.556 -0.40242 13.0831 67.7571 0.32684 -13 4844 1 0 1
-39.914 -14.5093 125.556 -24.7503 -8.89353 67.6217 0.71691 -13 4845 1 0 1
20.2495 37.5898 125.556 8.6281 14.2977 42.5009 0.577606 -13 4846 1 0 1
-8.0652 -1.97423 125.556 -6.55654 -0.575025 74.6991 0.0518169 -13 4847 1 0 1
-21.7348 16.7198 125.556 -14.2858 7.90616 70.7171 0.394038 -13 4848 1 0 1
8.55615 1.27162 125.556 4.51037 1.12619 44.9847 1.00677 -13 4849 1 0 1
1.92869 -0.0604187 125.556 1.53394 -0.735782 53.9726 2.12319 -13 4850 1 0 1
-3.35027 1.00644 125.556 -0.732382 1.64627 47.0478 0.858781 -13 4851 1 0 1
11.7864 2.05449 125.556 6.68832 1.56792 67.9787 1.31874 -13 4852 1 0 1
1.17275 7.95056 125.556 -0.876456 4.76389 77.2483 1.34239 -13 4853 1 0 1
23.6613 -112.301 125.556 8.34867 -37.5368 40.2718 0.0813612 -13 4855 1 0 1
0.647329 8.55123 125.556 -1.1766 6.29685 76.029 2.31832 -13 4856 1 0 1
23.3353 11.4574 125.556 11.7236 5.43544 54.8568 1.46154 -13 4857 1 0 1
6.57222 4.92977 125.556 3.62449 3.29062 58.1356 1.13959 -13 4858 1 0 1
32.069 6.82683 125.556 16.8179 3.5786 59.2799 1.12894 -13 4859 1 0 1
29.6382 -15.2502 125.556 14.1014 -6.74386 52.8683 0.780876 -13 4860 1 0 1
26.1324 -0.240303 125.556 14.2313 0.0154035 62.1303 0.796999 -13 4862 1 0 1
-4.68659 0.224161 125.556 -3.22524 0.588965 69.7305 1.29374 -13 4863 1 0 1
19.6674 30.1241 125.556 10.1238 14.1996 57.3016 -0.0226603 -13 4864 1 0 1
-20.3261 -15.5805 125.556 -14.9304 -11.0787 75.4852 1.70745 -13 4866 1 0 1
4.78607 5.15761 125.556 2.95609 4.14851 54.6337 0.222262 -13 4867 1 0 1
-16.9535 25.536 125.556 -9.71833 14.2715 64.406 -1.59305 -13 4868 1 0 1
-6.40943 -0.0170272 125.556 -2.61422 0.125318 54.0336 1.10415 -13 4869 1 0 1
-12.3003 -18.6981 125.556 -7.58089 -10.9164 67.4536 1.12014 -13 4870 1 0 1
-25.1506 -1.44281 125.556 -18.5853 -0.746657 76.7096 -0.338987 -13 4871 1 0 1
-2.45623 3.44548 125.556 -3.01045 1.39337 75.2843 0.215081 -13 4872 1 0 1
-5.76933 7.61078 125.556 -4.78696 4.39983 72.8181 1.37581 -13 4873 1 0 1
-18.0008 -4.37432 125.556 -9.13728 -2.40666 60.0672 -0.451332 -13 4874 1 0 1
-13.7635 -0.492909 125.556 -8.42326 0.0251734 67.4916 0.139026 -13 4875 1 0 1
6.47057 4.77236 125.556 3.09109 2.61631 67.4229 1.16095 -13 4877 1 0 1
-9.26355 16.7288 125.556 -8.17004 8.97957 77.4964 -1.77475 -13 4878 1 0 1
14.3127 -7.13964 125.556 7.32787 -3.448 53.186 2.18249 -13 4879 1 0 1
-7.2114 -27.9215 125.556 -3.06293 -12.4716 54.4465 -0.017973 -13 4880 1 0 1
-0.528211 2.76102 125.556 -0.352113 -0.00463359 64.6052 0.404915 -13 4881 1 0 1
14.215 -14.4583 125.556 7.55459 -7.79803 62.3601 0.260251 -13 4882 1 0 1
3.84426 10.3013 125.556 1.97886 6.16385 66.3859 1.06564 -13 4883 1 0 1
-2.23068 -7.31932 125.556 -1.24817 -4.49917 60.3662 0.983073 -13 4884 1 0 1
-10.0023 6.28161 125.556 -5.52758 2.6041 62.541 1.55386 -13 4885 1 0 1
-4.86339 -7.3772 125.556 -2.32708 -2.73583 60.9108 -0.140877 -13 4886 1 0 1
0.632449 -2.22977 125.556 -1.86385 -1.30141 79.3569 -0.645376 -13 4887 1 0 1
-2.27395 -20.4844 125.556 -3.1477 -13.4305 76.5839 2.63854 -13 4888 1 0 1
9.0942 5.64908 125.556 4.99737 2.34774 52.4172 -0.146372 -13 4889 1 0 1
-5.34001 -0.755918 125.556 -1.79296 0.327167 51.9512 0.331008 -13 4890 1 0 1
17.0908 -2.89877 125.556 9.68373 -0.304346 73.2549 1.19524 -13 4891 1 0 1
13.4386 28.3274 125.556 7.15503 13.9698 57.7551 1.15106 -13 4892 1 0 1
-4.05176 19.1483 125.556 -2.72055 9.2099 67.3199 1.22548 -13 4893 1 0 1
-9.89584 -7.29092 125.556 -5.67527 -3.86706 64.9746 1.33242 -13 4894 1 0 1
8.66539 -5.61801 125.556 4.83805 -3.03212 66.0682 1.04753 -13 4895 1 0 1
-7.78493 -18.7433 125.556 -5.10677 -10.3776 67.3716 1.38646 -13 4896 1 0 1
14.657 -8.35076 125.556 7.89705 -6.40018 77.6657 0.237162 -13 4897 1 0 1
-22.1888 8.30068 125.556 -12.0557 3.77981 61.6173 -1.15423 -13 4898 1 0 1
26.0299 -7.31271 125.556 13.125 -3.13354 54.6491 0.132442 -13 4899 1 0 1
-26.58 -2.93109 125.556 -15.6001 -0.805927 64.9379 0.0846124 -13 4900 1 0 1
4.60437 5.63525 125.556 2.0754 1.33915 33.172 1.67811 -13 4901 1 0 1
18.4878 2.90569 125.556 10.578 0.983115 78.1585 -2.27075 -13 4902 1 0 1
19.2484 10.7978 125.556 9.10756 4.953 50.2458 0.705506 -13 4903 1 0 1
-13.4905 13.9633 125.556 -6.31637 6.74408 57.421 2.23389 -13 4904 1 0 1
10.9118 25.404 125.556 6.10171 12.575 64.9797 1.64224 -13 4905 1 0 1
-7.66537 -23.0899 125.556 -2.7586 -9.95192 45.8051 2.8585 -13 4906 1 0 1
25.0993 21.2769 125.556 11.4699 9.40478 48.5921 1.25766 -13 4907 1 0 1
-12.6767 3.49812 125.556 -8.4869 2.02551 71.3767 2.17772 -13 4908 1 0 1
-1.5309 6.62268 125.556 -1.66837 5.28562 70.5304 0.508325 -13 4909 1 0 1
-7.94273 8.42743 125.556 -2.96435 4.52265 50.722 1.18809 -13 4910 1 0 1
3.06074 7.90623 125.556 1.82465 4.07837 53.5181 2.00745 -13 4911 1 0 1
4.72007 -9.97859 125.556 1.61555 -5.69573 75.9983 0.230327 -13 4912 1 0 1
7.78412 16.2669 125.556 4.4318 8.71205 67.9396 -0.086531 -13 4913 1 0 1
-12.9572 -13.9978 125.556 -7.88557 -8.36041 67.8473 2.64469 -13 4914 1 0 1
35.1072 21.9665 125.556 14.5088 8.06307 44.2555 1.29193 -13 4915 1 0 1
26.8326 7.23253 125.556 15.6538 4.1423 72.6435 -0.298512 -13 4916 1 0 1
5.98046 25.7799 125.556 2.28742 15.9808 75.677 -1.31468 -13 4917 1 0 1
8.99668 -22.9265 125.556 4.82428 -10.9466 67.7811 -1.08537 -13 4918 1 0 1
-19.4406 -57.2878 125.556 -4.23046 -12.7277 27.188 -1.73217 -13 4919 1 0 1
6.77629 2.80678 125.556 3.85562 1.97399 60.7169 1.61349 -13 4921 1 0 1
-4.50886 11.4881 125.556 -1.53743 6.33322 55.8998 1.30449 -13 4922 1 0 1
2.08818 -6.95658 125.556 -0.426644 -3.21241 76.3839 1.871 -13 4923 1 0 1
-12.0895 -5.00775 125.556 -8.67885 -3.08649 72.3962 -0.235903 -13 4924 1 0 1
4.60315 0.32859 125.556 2.68716 0.496186 66.9764 0.0887714 -13 4925 1 0 1
1.81963 14.6113 125.556 0.178133 9.39418 71.2913 1.0144 -13 4926 1 0 1
-9.31045 12.243 125.556 -6.40199 6.0103 69.7519 1.47695 -13 4927 1 0 1
15.0161 33.8266 125.556 7.79204 17.229 60.0802 1.75593 -13 4928 1 0 1
15.8779 -7.9719 125.556 9.1138 -6.32528 77.1419 0.262114 -13 4929 1 0 1
4.22195 1.23585 125.556 2.11692 2.45658 64.779 0.913343 -13 4930 1 0 1
-28.6263 -7.86687 125.556 -15.6901 -3.33588 62.0605 0.00502006 -13 4931 1 0 1
0.479786 -13.5805 125.556 0.0951204 -7.27015 66.2717 2.39916 -13 4932 1 0 1
-21.4118 -1.17897 125.556 -13.8531 -0.917955 69.5156 0.867605 -13 4933 1 0 1
2.94214 10.337 125.556 1.39509 4.68801 67.5866 1.11984 -13 4934 1 0 1
47.025 16.8473 125.556 17.9509 5.43978 40.804 1.42618 -13 4935 1 0 1
-21.8139 -1.03835 125.556 -14.6318 -0.40694 71.6478 -0.811931 -13 4936 1 0 1
-6.20244 9.79471 125.556 -3.89574 7.00664 66.6183 0.793957 -13 4937 1 0 1
-7.96829 14.7177 125.556 -3.37716 7.44082 54.9297 2.07816 -13 4938 1 0 1
-27.2708 -0.101988 125.556 -14.6929 1.91321 61.1207 1.9279 -13 4939 1 0 1
5.90998 1.17267 125.556 3.3848 0.496699 63.0403 1.55242 -13 4940 1 0 1
22.444 2.05632 125.556 12.3952 0.725969 60.9538 -0.144765 -13 4941 1 0 1
-8.1627 28.1173 125.556 -2.89317 11.0807 49.0436 1.06583 -13 4942 1 0 1
-7.81797 12.5085 125.556 -8.19807 9.5833 78.9004 0.44204 -13 4943 1 0 1
-5.08704 -0.338406 125.556 -3.74966 -0.380694 72.6462 2.1024 -13 4944 1 0 1
-7.68839 -3.59363 125.556 -5.40998 -2.22719 69.8215 0.25912 -13 4945 1 0 1
-8.35395 -15.6056 125.556 -3.91413 -7.56167 60.1578 0.998206 -13 4946 1 0 1
3.58779 -14.994 125.556 1.49799 -8.92937 65.4013 1.12796 -13 4947 1 0 1
4.80298 -5.88158 125.556 2.86597 -2.97843 50.7654 -0.359011 -13 4948 1 0 1
-0.334053 12.6166 125.556 -0.67522 6.59791 69.2687 -0.441909 -13 4949 1 0 1
-5.51668 19.275 125.556 -6.57812 13.1941 78.2633 0.122138 -13 4950 1 0 1
17.3424 2.0337 125.556 7.87287 0.194607 46.3528 2.74973 -13 4951 1 0 1
-18.7726 -11.66 125.556 -10.3734 -6.07561 60.6372 0.15481 -13 4953 1 0 1
25.9288 12.0288 125.556 10.561 4.67805 42.8875 0.617216 -13 4954 1 0 1
2.43804 2.23339 125.556 1.89879 1.13933 58.1874 0.917104 -13 4955 1 0 1
-31.3582 6.8524 125.556 -17.7334 3.83825 62.9537 2.00917 -13 4956 1 0 1
33.6049 5.91815 125.556 19.3177 2.77745 68.1308 1.09318 -13 4957 1 0 1
-12.7956 -18.3865 125.556 -6.07011 -10.1042 56.9954 -0.92564 -13 4958 1 0 1
6.63725 13.787 125.556 3.3952 8.88683 68.9591 1.32576 -13 4959 1 0 1
16.4573 8.40692 125.556 9.2959 6.22199 67.3672 1.40202 -13 4960 1 0 1
18.7435 -5.66788 125.556 10.6871 -4.30712 67.4385 2.04803 -13 4961 1 0 1
-10.8022 7.54487 125.556 -7.16148 4.07943 69.1031 0.766789 -13 4962 1 0 1
-5.52571 -8.07708 125.556 -4.74889 -5.33772 73.5372 0.00734731 -13 4963 1 0 1
7.19997 3.15047 125.556 3.3533 2.31096 70.1117 0.799048 -13 4964 1 0 1
0.446009 -10.8783 125.556 -0.930676 -7.07969 74.9276 0.333075 -13 4965 1 0 1
-3.26958 20.4613 125.556 -1.09403 11.5054 60.4384 1.77282 -13 4966 1 0 1
14.1491 2.43738 125.556 7.48437 2.22028 78.2815 -0.287388 -13 4967 1 0 1
-4.66338 -9.97405 125.556 -1.99384 -5.20593 59.3738 1.14797 -13 4968 1 0 1
5.95259 -20.8257 125.556 2.19781 -15.1238 77.9768 0.667995 -13 4969 1 0 1
-17.115 25.9884 125.556 -7.2988 10.6135 51.6794 1.28542 -13 4970 1 0 1
-0.0314339 -1.87213 125.556 -1.94531 -0.560256 79.1249 3.14438 -13 4971 1 0 1
-6.18738 -11.0105 125.556 -4.41341 -9.26478 70.8107 2.22471 -13 4972 1 0 1
7.19639 12.3014 125.556 3.928 6.11851 65.5819 -1.52393 -13 4973 1 0 1
1.08104 -15.738 125.556 -0.39842 -10.4667 74.4894 1.71804 -13 4974 1 0 1
-5.2669 -12.0255 125.556 -4.93964 -7.62752 75.9893 -0.222141 -13 4975 1 0 1
6.06956 22.2716 125.556 2.35197 13.6235 74.5407 1.75588 -13 4976 1 0 1
8.1655 23.7774 125.556 4.95744 11.4619 63.565 1.17293 -13 4977 1 0 1
-5.29706 -24.8432 125.556 -2.58118 -13.8448 60.3902 1.8853 -13 4978 1 0 1
-6.53503 22.795 125.556 -2.5721 9.61416 53.7151 0.720799 -13 4979 1 0 1
19.1329 -0.364649 125.556 10.9452 -0.825708 67.553 1.80172 -13 4980 1 0 1
-25.9648 0.507489 125.556 -16.6814 2.60627 69.5143 0.881283 -13 4981 1 0 1
12.1497 -7.56719 125.556 6.61812 -3.74456 66.2053 2.14725 -13 4982 1 0 1
3.19369 -3.09695 125.556 0.904749 -4.99225 73.2737 1.63724 -13 4983 1 0 1
-20.4304 1.29915 125.556 -7.9238 1.73744 47.9319 0.378364 -13 4984 1 0 1
7.91001 22.164 125.556 4.21143 11.1647 60.0459 1.91185 -13 4985 1 0 1
-10.3239 7.64966 125.556 -7.17515 3.67491 69.8072 1.07388 -13 4986 1 0 1
4.88137 12.7829 125.556 2.75711 6.94434 60.9021 2.09792 -13 4987 1 0 1
8.72925 12.0637 125.556 4.64542 4.50169 58.7859 0.0694456 -13 4988 1 0 1
18.3708 25.0103 125.556 9.58933 11.6448 59.5623 2.24848 -13 4989 1 0 1
11.8903 -1.75226 125.556 4.11719 -0.660359 33.8609 4.76341 -13 4990 1 0 1
20.1317 -5.19038 125.556 9.22213 -2.08575 46.5358 1.35066 -13 4991 1 0 1
-14.6131 -16.0339 125.556 -9.78256 -8.3324 69.2805 3.42956 -13 4992 1 0 1
-2.35037 36.5403 125.556 -0.873312 17.4116 55.8478 1.12599 -13 4993 1 0 1
17.938 -9.81872 125.556 8.67098 -3.58083 50.4105 -1.07417 -13 4994 1 0 1
-3.75368 9.36007 125.556 -2.66659 5.54223 67.9127 -0.00907046 -13 4995 1 0 1
4.32973 -39.0932 125.556 2.35586 -16.8254 51.3008 1.33751 -13 4996 1 0 1
-9.50511 3.07413 125.556 -5.14265 1.07334 63.4622 1.78872 -13 4997 1 0 1
18.2827 -13.26 125.556 9.75933 -7.28024 62.4744 0.631904 -13 4998 1 0 1
3.2013 9.58673 125.556 2.21932 5.92235 56.0254 0.275182 -13 4999 1 0 1
