#BLTrackFile NTuple/Z326
#x y z Px Py Pz t PDGid EventID TrackID ParentID Weight
#mm mm mm MeV/c MeV/c MeV/c ns - - - - -
-40.657 -36.0136 325.556 -8.74557 -8.72505 71.9662 0.748124 -13 1 1 0 1
21.0753 -2.07357 325.556 3.91422 -1.61312 80.9451 1.72155 -13 2 1 0 1
-13.5839 -10.3999 325.556 -3.15987 -2.6197 71.4912 2.80333 -13 3 1 0 1
-56.9173 -14.8957 325.556 -13.3006 -3.53261 77.1633 2.18028 -13 4 1 0 1
-51.9617 -6.04795 325.556 -8.58836 -1.59248 60.2242 2.64349 -13 5 1 0 1
-35.7915 -5.0828 325.556 -8.10291 -1.052 74.5531 1.08438 -13 6 1 0 1
1.74526 -30.8824 325.556 0.429041 -6.52569 61.095 1.2288 -13 7 1 0 1
-60.0368 31.6907 325.556 -7.07475 5.72298 46.044 2.57501 -13 8 1 0 1
30.5543 57.4515 325.556 5.31496 12.8176 62.8805 3.18875 -13 9 1 0 1
12.6699 -25.6968 325.556 2.37987 -5.70196 66.6285 2.68672 -13 10 1 0 1
20.7753 12.4646 325.556 3.79578 2.97504 71.2015 1.39099 -13 11 1 0 1
-0.776961 -61.6153 325.556 -0.0341569 -13.4784 60.8416 3.81183 -13 12 1 0 1
54.4467 50.7797 325.556 5.64471 7.24822 38.7808 2.17561 -13 13 1 0 1
48.9315 -31.633 325.556 9.12246 -6.99022 67.5026 0.460388 -13 14 1 0 1
57.01 -40.1161 325.556 10.5932 -9.25685 66.4613 3.49514 -13 15 1 0 1
104.217 -118.186 325.556 15.149 -23.3343 54.3106 4.49934 -13 16 1 0 1
-22.4487 58.9844 325.556 -3.99459 13.3179 63.1341 1.42079 -13 17 1 0 1
-29.0608 -56.1922 325.556 -3.81104 -10.6388 51.5712 3.80628 -13 18 1 0 1
-73.4448 31.9883 325.556 -13.3584 7.39279 64.1772 2.1956 -13 19 1 0 1
8.59743 -46.626 325.556 1.50032 -10.3482 63.9479 5.00959 -13 20 1 0 1
-26.2826 26.0247 325.556 -3.8706 5.65062 56.452 1.05949 -13 22 1 0 1
-52.4325 105.781 325.556 -4.63959 14.9247 37.2464 3.62493 -13 23 1 0 1
-62.4572 59.7843 325.556 -8.84827 11.3898 53.0256 3.06603 -13 24 1 0 1
21.1339 -9.5568 325.556 3.93734 -1.93345 70.7618 2.21909 -13 25 1 0 1
-3.86584 15.121 325.556 -0.866143 3.67507 68.4945 1.83683 -13 26 1 0 1
3.57524 -2.24425 325.556 0.569024 0.124272 66.6431 3.4615 -13 27 1 0 1
6.03344 -65.2104 325.556 0.832694 -16.3142 72.1603 2.16927 -13 28 1 0 1
-21.4294 35.7012 325.556 -4.19548 8.65948 66.6829 3.02188 -13 30 1 0 1
-14.8798 9.24776 325.556 -3.44786 2.53181 71.9044 1.63602 -13 31 1 0 1
-23.7975 13.6093 325.556 -4.07967 3.00528 62.3068 1.61106 -13 32 1 0 1
21.8727 3.24219 325.556 1.52451 0.450167 25.3099 5.36851 -13 33 1 0 1
-59.8983 -4.10036 325.556 -11.1129 -0.677354 65.4461 1.43149 -13 34 1 0 1
-95.2712 -68.0983 325.556 -18.8352 -16.2224 69.1376 4.19332 -13 35 1 0 1
-4.61374 34.3512 325.556 -0.911783 8.41233 65.954 0.91389 -13 36 1 0 1
-5.46816 -35.7839 325.556 -1.98127 -10.0663 79.4271 0.343098 -13 37 1 0 1
4.99102 -63.5904 325.556 0.919132 -13.576 59.383 3.626 -13 38 1 0 1
-22.5797 33.9557 325.556 -3.06125 6.28524 51.6132 3.17052 -13 40 1 0 1
33.3091 73.4377 325.556 5.61535 15.6014 60.7156 1.9893 -13 41 1 0 1
-15.6922 4.03126 325.556 -3.26968 0.55572 68.2797 3.22436 -13 42 1 0 1
-59.2533 -15.0779 325.556 -14.3976 -4.13407 78.6068 2.13083 -13 43 1 0 1
30.0496 32.8299 325.556 4.92136 6.44201 56.677 2.89101 -13 44 1 0 1
-5.80031 -38.3627 325.556 -1.36843 -9.01757 67.6064 2.38343 -13 46 1 0 1
5.9418 48.106 325.556 1.03025 9.65728 59.477 3.09398 -13 47 1 0 1
-23.8342 57.9317 325.556 -4.64003 13.9266 66.0094 2.71695 -13 48 1 0 1
3.99872 -80.3871 325.556 0.516504 -20.189 68.9818 1.41406 -13 49 1 0 1
36.386 0.589178 325.556 4.51894 0.229256 43.0001 2.1263 -13 50 1 0 1
-16.0974 13.9066 325.556 -3.82848 3.09307 72.7384 1.59131 -13 51 1 0 1
-18.1243 75.0048 325.556 -2.48066 14.7331 54.304 2.39616 -13 52 1 0 1
30.9705 26.1793 325.556 5.11127 5.10144 56.745 -0.112005 -13 53 1 0 1
18.3971 52.1689 325.556 2.41298 8.01984 42.6306 2.80894 -13 54 1 0 1
-18.4919 -26.0462 325.556 -4.0575 -6.58303 70.4553 2.82937 -13 55 1 0 1
67.2444 47.1721 325.556 11.3121 10.1411 60.8427 1.16688 -13 56 1 0 1
-23.5523 -48.0923 325.556 -4.07565 -10.3535 62.5475 1.67844 -13 58 1 0 1
0.197595 -44.5004 325.556 -0.13667 -10.4976 67.4545 3.93707 -13 59 1 0 1
33.8206 85.3528 325.556 5.31249 17.2615 55.4408 2.53489 -13 60 1 0 1
-16.9064 36.1365 325.556 -2.94923 8.17796 62.6648 1.23348 -13 61 1 0 1
-0.234809 11.4058 325.556 -0.276253 3.18865 70.0175 1.37503 -13 62 1 0 1
19.7194 -45.9256 325.556 1.92708 -6.08477 34.8462 3.46626 -13 63 1 0 1
1.73141 -1.71394 325.556 0.371123 -0.267223 60.3235 2.26778 -13 64 1 0 1
14.0427 7.18372 325.556 2.53283 1.46779 65.8133 0.559375 -13 65 1 0 1
-5.13186 7.6629 325.556 -1.31424 1.78172 71.4098 2.35 -13 66 1 0 1
14.7311 -12.7732 325.556 2.65449 -2.46879 61.4403 1.42493 -13 67 1 0 1
13.108 71.2127 325.556 2.16889 13.261 52.8734 1.39055 -13 68 1 0 1
-17.7893 -35.095 325.556 -3.07541 -7.81786 62.8038 2.06719 -13 69 1 0 1
-25.0639 -42.468 325.556 -6.56421 -12.4813 79.6748 2.01028 -13 70 1 0 1
-9.39956 5.86679 325.556 -1.32476 0.868274 60.3611 0.669791 -13 71 1 0 1
33.2875 61.3438 325.556 5.86827 13.4048 64.0186 3.16722 -13 72 1 0 1
-10.9005 -5.08223 325.556 -2.81638 -1.76849 74.5719 0.937307 -13 73 1 0 1
14.2991 48.9042 325.556 2.45616 10.1519 58.2867 2.44985 -13 74 1 0 1
2.82607 29.3389 325.556 0.0676751 7.37036 74.9143 -1.01424 -13 75 1 0 1
25.0604 8.94466 325.556 4.55691 2.37341 79.6881 0.0616158 -13 76 1 0 1
-17.2983 -13.0244 325.556 -2.63441 -3.07586 56.8564 4.61678 -13 77 1 0 1
-21.615 -9.5355 325.556 -3.55893 -2.2448 60.056 1.38454 -13 78 1 0 1
9.02405 -19.4128 325.556 1.55437 -4.3711 62.8606 3.51458 -13 79 1 0 1
1.32735 -27.7114 325.556 -0.143601 -6.62446 72.3865 1.94269 -13 80 1 0 1
4.82013 50.4665 325.556 0.590944 12.9344 69.4271 2.02891 -13 81 1 0 1
10.0481 9.11456 325.556 1.90938 2.20852 62.7237 3.30263 -13 82 1 0 1
-46.8321 92.717 325.556 -8.82637 21.8179 65.7708 2.06931 -13 83 1 0 1
-73.9916 -9.62929 325.556 -12.9043 -2.17261 62.1568 2.27332 -13 84 1 0 1
7.04971 -0.216985 325.556 1.0935 -0.228477 75.7008 2.99225 -13 85 1 0 1
8.84976 -35.5348 325.556 1.52098 -9.12494 67.8894 1.80502 -13 86 1 0 1
-3.43357 -66.2696 325.556 -0.120008 -12.0474 49.5488 3.33814 -13 87 1 0 1
-23.4162 -30.1203 325.556 -4.65318 -7.07247 67.7904 1.59071 -13 88 1 0 1
13.2328 -7.40773 325.556 2.28597 -1.28392 62.2108 1.53763 -13 89 1 0 1
4.32831 23.5825 325.556 0.771092 5.33746 65.6892 1.8541 -13 90 1 0 1
-44.744 -18.7774 325.556 -7.94034 -4.28688 63.7412 2.96507 -13 91 1 0 1
34.7994 11.0617 325.556 5.57479 2.18106 55.098 2.29779 -13 92 1 0 1
21.7655 -0.350625 325.556 3.76307 -0.301462 59.0427 3.03144 -13 93 1 0 1
11.0482 113.174 325.556 1.71227 21.1318 51.3889 1.09144 -13 94 1 0 1
13.1944 14.0236 325.556 2.39819 3.58981 70.4174 2.01612 -13 95 1 0 1
5.96609 51.5515 325.556 1.02069 11.3581 60.5215 0.353667 -13 96 1 0 1
-2.62046 -7.46257 325.556 -0.111308 -1.0252 57.0649 1.21719 -13 97 1 0 1
-4.09601 -9.76437 325.556 -0.878994 -1.90401 67.3777 2.44858 -13 98 1 0 1
-16.8039 54.1893 325.556 -2.95154 11.9508 62.5591 2.62335 -13 99 1 0 1
26.4547 -4.61334 325.556 4.88563 -0.613964 67.4596 1.14515 -13 100 1 0 1
39.8395 -1.77688 325.556 7.46477 -0.664845 68.2292 1.33509 -13 101 1 0 1
12.163 10.4406 325.556 2.10289 2.37102 67.2603 1.93438 -13 102 1 0 1
56.1669 2.78054 325.556 9.60934 1.21734 61.5017 -0.289265 -13 103 1 0 1
24.059 2.33443 325.556 4.43923 0.25787 67.5183 1.71215 -13 104 1 0 1
-19.9293 39.3864 325.556 -3.17128 9.00492 59.9769 0.725892 -13 105 1 0 1
-46.667 -18.5987 325.556 -7.7078 -3.93716 59.7198 2.47755 -13 106 1 0 1
-8.28279 -32.5766 325.556 -1.96876 -7.99674 70.1797 0.917442 -13 107 1 0 1
39.0463 39.5643 325.556 6.88487 9.23948 62.8984 1.31155 -13 108 1 0 1
19.889 15.5732 325.556 3.74133 3.77274 67.8339 3.00691 -13 109 1 0 1
-24.008 11.3421 325.556 -5.46929 2.95271 72.4601 1.67072 -13 110 1 0 1
-27.3116 -23.6214 325.556 -6.64932 -5.79684 76.8599 1.56649 -13 111 1 0 1
27.5478 -1.32806 325.556 4.26909 -0.521025 56.3233 0.436136 -13 112 1 0 1
23.1591 29.2352 325.556 3.69206 5.64917 54.8272 3.1107 -13 113 1 0 1
27.7282 -33.5064 325.556 4.922 -7.51558 62.9874 2.05213 -13 114 1 0 1
43.4012 13.1602 325.556 6.11598 2.26486 49.4818 2.35897 -13 115 1 0 1
-39.4179 -14.3654 325.556 -8.55453 -3.63757 72.3854 2.44664 -13 116 1 0 1
-7.08354 13.4901 325.556 -0.978062 2.83035 55.4254 1.95758 -13 117 1 0 1
23.8986 -50.9586 325.556 3.32083 -9.04075 46.022 2.24286 -13 118 1 0 1
-7.7916 15.0482 325.556 -1.8298 3.89611 70.5126 2.4595 -13 119 1 0 1
-40.5328 3.39839 325.556 -5.25875 0.725199 49.6385 2.33418 -13 120 1 0 1
20.9814 -40.2312 325.556 3.57317 -8.15327 60.7902 3.68778 -13 121 1 0 1
-29.1167 -25.1126 325.556 -6.97716 -6.39275 76.6321 2.48352 -13 122 1 0 1
-7.60335 -52.1225 325.556 -1.77912 -12.6093 70.3244 2.71183 -13 123 1 0 1
71.4119 9.60681 325.556 11.4486 2.07587 57.4439 2.56164 -13 124 1 0 1
-56.2119 -87.597 325.556 -8.90519 -18.1056 57.6581 0.731044 -13 125 1 0 1
-21.1568 -10.3314 325.556 -5.60129 -3.447 78.8341 2.76846 -13 126 1 0 1
13.1209 50.0795 325.556 2.24874 10.2922 59.5886 1.08852 -13 127 1 0 1
3.78233 -25.7885 325.556 0.685926 -6.26163 64.6396 2.39001 -13 128 1 0 1
68.7185 36.1984 325.556 11.1105 7.53027 58.1549 1.76723 -13 129 1 0 1
41.9798 -9.11261 325.556 5.96632 -1.28181 50.1229 3.0809 -13 130 1 0 1
0.00954914 25.2661 325.556 -0.303708 6.05862 68.8806 1.50831 -13 131 1 0 1
-20.1144 11.7113 325.556 -4.64351 2.8485 73.7625 3.17968 -13 132 1 0 1
37.8289 -0.758197 325.556 6.78785 -0.289284 63.8953 0.743602 -13 133 1 0 1
28.1479 3.91458 325.556 5.50297 0.960836 75.5691 2.25548 -13 134 1 0 1
9.74009 7.80707 325.556 1.58647 1.44174 69.996 2.79245 -13 135 1 0 1
60.0262 24.1644 325.556 9.3108 4.47428 55.5207 2.3398 -13 136 1 0 1
-29.7709 -3.98374 325.556 -5.25848 -0.996936 63.0681 3.58989 -13 137 1 0 1
-25.3538 70.9779 325.556 -3.63628 13.9069 54.3276 2.61873 -13 140 1 0 1
5.07737 42.942 325.556 0.962462 8.36918 52.3586 2.25856 -13 141 1 0 1
45.6603 28.7679 325.556 8.18895 6.87964 64.3088 3.97268 -13 142 1 0 1
-44.3209 -18.3331 325.556 -9.1651 -4.62945 70.7692 1.06566 -13 143 1 0 1
32.7629 -3.37054 325.556 6.35382 -1.11574 71.7915 4.80797 -13 144 1 0 1
32.1006 -91.3918 325.556 4.96678 -17.9264 54.963 3.9798 -13 145 1 0 1
25.3972 -23.8099 325.556 4.61192 -5.14871 65.857 2.22467 -13 146 1 0 1
-5.94343 -11.5648 325.556 -1.12064 -2.6592 65.3136 0.800389 -13 147 1 0 1
-21.0278 -47.2918 325.556 -4.3212 -10.8513 68.632 2.19436 -13 148 1 0 1
40.89 43.3863 325.556 6.34693 8.52201 55.9443 1.74129 -13 149 1 0 1
13.4061 57.0749 325.556 2.3749 13.1748 65.0411 1.83422 -13 150 1 0 1
18.0067 -65.043 325.556 2.88716 -13.1386 55.9911 3.4159 -13 151 1 0 1
8.09652 -10.81 325.556 1.45951 -2.50859 64.4541 4.12309 -13 152 1 0 1
-20.8383 -37.8901 325.556 -4.11376 -9.39753 67.4317 1.45056 -13 153 1 0 1
-36.1547 -40.4093 325.556 -8.81139 -10.866 77.604 -0.321045 -13 154 1 0 1
-31.5874 0.15899 325.556 -6.05023 -0.129198 66.6309 0.491935 -13 155 1 0 1
67.5246 -30.4297 325.556 8.477 -4.87523 45.9287 2.03153 -13 156 1 0 1
-16.6952 6.04999 325.556 -2.87037 1.59951 62.3568 1.92271 -13 157 1 0 1
-13.4717 14.7324 325.556 -4.04221 3.56538 79.3329 3.04304 -13 158 1 0 1
-26.1137 41.7856 325.556 -3.79232 8.09479 55.8752 1.53388 -13 159 1 0 1
64.4507 -0.621176 325.556 11.2967 -0.105539 63.3627 1.98888 -13 160 1 0 1
28.5169 -5.00924 325.556 5.39493 -1.69891 70.5929 3.40815 -13 161 1 0 1
-45.4288 19.5257 325.556 -4.42715 2.85997 40.1396 2.284 -13 162 1 0 1
-25.2758 35.6378 325.556 -5.27158 9.13082 69.8517 0.145311 -13 163 1 0 1
5.0444 -16.8826 325.556 0.807509 -4.27214 66.4928 1.95926 -13 164 1 0 1
-98.4941 -91.7811 325.556 -4.43752 -8.90624 23.1168 6.86866 -13 165 1 0 1
-89.0551 -8.66212 325.556 -17.5689 -2.12672 69.0397 1.65911 -13 166 1 0 1
39.7325 56.0289 325.556 6.85753 12.19 61.63 2.6136 -13 167 1 0 1
-27.1809 38.8455 325.556 -7.12651 10.727 78.415 2.81746 -13 168 1 0 1
55.5812 -36.0717 325.556 8.86972 -7.56421 57.4543 1.84274 -13 169 1 0 1
-30.7596 -17.7148 325.556 -6.0487 -4.33252 67.4255 1.21876 -13 170 1 0 1
94.5657 -33.9601 325.556 10.0971 -4.80057 40.9889 3.53536 -13 171 1 0 1
-2.8856 20.211 325.556 -0.257337 3.80458 56.7631 1.73443 -13 172 1 0 1
51.8519 -31.3377 325.556 8.57745 -6.5584 58.5186 2.23093 -13 173 1 0 1
13.5019 23.9269 325.556 2.49294 5.116 68.7379 2.09627 -13 174 1 0 1
-20.6036 -42.3649 325.556 -2.3269 -7.67602 48.3066 2.22753 -13 176 1 0 1
71.0278 -53.0595 325.556 9.80853 -9.66637 50.4685 1.96199 -13 177 1 0 1
11.1814 -27.148 325.556 1.85933 -4.92781 52.5156 1.66061 -13 178 1 0 1
32.1857 -67.7425 325.556 5.93 -16.5413 68.1844 1.11805 -13 179 1 0 1
29.9807 -42.4035 325.556 4.45619 -7.83163 52.0043 3.80646 -13 180 1 0 1
-29.8698 -17.2022 325.556 -2.67823 -2.47162 38.5835 1.437 -13 181 1 0 1
-36.5579 21.7763 325.556 -3.45659 3.34423 40.0933 1.90682 -13 182 1 0 1
50.9405 72.4071 325.556 5.92564 11.6426 41.9987 2.70727 -13 183 1 0 1
-63.1874 -22.8676 325.556 -9.68699 -4.89805 56.112 2.1632 -13 184 1 0 1
-16.8846 -44.6219 325.556 -2.66497 -9.70326 59.7295 1.25525 -13 185 1 0 1
36.6102 35.7137 325.556 4.46522 5.8375 43.3392 1.96507 -13 186 1 0 1
14.202 10.3731 325.556 2.62455 3.18023 71.3501 2.94061 -13 188 1 0 1
-47.1972 -22.9515 325.556 -11.5504 -6.33818 79.1386 1.88218 -13 189 1 0 1
38.098 36.6876 325.556 6.65739 7.89378 60.8161 3.91811 -13 191 1 0 1
-16.5932 21.0457 325.556 -4.77316 6.40091 80.0226 2.52865 -13 192 1 0 1
-43.5904 -13.9854 325.556 -3.98398 -2.25805 38.3115 1.8922 -13 193 1 0 1
2.48471 66.4635 325.556 0.261536 16.2215 68.4597 1.60752 -13 194 1 0 1
4.65704 -0.285149 325.556 0.897398 -0.0346475 60.3747 4.27696 -13 195 1 0 1
13.3449 -15.1747 325.556 1.86696 -4.86682 80.5514 4.24704 -13 196 1 0 1
-26.6421 46.8947 325.556 -4.64034 10.2886 62.8046 1.04426 -13 197 1 0 1
56.66 2.52654 325.556 7.78011 0.481042 49.7756 1.74557 -13 198 1 0 1
-46.9633 76.1248 325.556 -7.02368 14.7966 56.041 0.53852 -13 199 1 0 1
-20.1607 -25.8544 325.556 -2.59398 -4.55539 50.7868 2.96127 -13 200 1 0 1
-57.5835 -23.8455 325.556 -11.4786 -5.97087 68.9577 2.1739 -13 201 1 0 1
-13.4906 93.264 325.556 -2.05606 18.7559 57.0379 1.25635 -13 202 1 0 1
-7.26892 7.22816 325.556 -1.23245 1.30975 62.1594 2.24268 -13 203 1 0 1
1.13879 10.6216 325.556 0.377126 1.55494 49.9715 3.74683 -13 205 1 0 1
-93.3904 8.37174 325.556 -20.9581 2.01179 75.2176 1.98242 -13 206 1 0 1
-39.7944 -58.9931 325.556 -6.05056 -11.9074 56.6271 1.05545 -13 207 1 0 1
-70.3348 9.39626 325.556 -13.7526 2.29477 68.3741 1.5847 -13 208 1 0 1
46.1457 69.7315 325.556 2.65244 6.75479 23.3948 4.62075 -13 209 1 0 1
74.7392 6.99732 325.556 9.66465 1.36142 47.1967 2.0724 -13 210 1 0 1
64.3875 43.9445 325.556 7.32404 6.61109 42.3566 3.26525 -13 211 1 0 1
-27.3746 79.4824 325.556 -6.0595 19.828 71.6222 3.90168 -13 212 1 0 1
-61.5542 39.5835 325.556 -9.87248 8.03643 58.6267 0.752599 -13 213 1 0 1
-11.5376 44.242 325.556 -2.93291 11.1738 74.9549 2.78336 -13 214 1 0 1
-0.498702 -44.1005 325.556 -0.501159 -11.6224 71.7759 3.54359 -13 215 1 0 1
3.95765 -7.84268 325.556 0.486137 -1.87018 70.3139 2.96681 -13 216 1 0 1
103.338 46.9256 325.556 12.0068 7.89026 44.1166 1.671 -13 217 1 0 1
-52.1302 12.4788 325.556 -9.52705 2.77813 64.3665 2.13026 -13 218 1 0 1
-18.6375 -17.5619 325.556 -4.71581 -4.67093 77.5879 1.77596 -13 219 1 0 1
5.68337 4.73627 325.556 0.823426 0.859354 72.19 4.19798 -13 220 1 0 1
59.2927 0.404479 325.556 9.28318 -0.146086 54.9103 3.17654 -13 221 1 0 1
-11.3022 52.3513 325.556 -2.63553 13.1521 71.7698 1.04434 -13 222 1 0 1
-41.132 13.3427 325.556 -7.09252 3.20813 61.6051 3.04945 -13 223 1 0 1
-33.8455 0.319614 325.556 -5.84656 0.223966 62.3629 1.5603 -13 224 1 0 1
13.9992 66.34 325.556 2.2371 12.8446 53.4788 1.97165 -13 226 1 0 1
-27.8037 -30.5633 325.556 -4.77066 -6.77773 61.927 2.06814 -13 227 1 0 1
-11.0726 -1.39722 325.556 -3.30211 -0.444571 78.3017 -0.160504 -13 228 1 0 1
-38.9613 1.36051 325.556 -8.43532 -0.0978909 71.9402 2.10024 -13 229 1 0 1
31.4459 -61.4142 325.556 4.07714 -10.1552 45.3769 2.2111 -13 230 1 0 1
66.5273 95.0358 325.556 11.5789 21.7303 63.3969 3.26944 -13 231 1 0 1
100.104 57.7809 325.556 16.4844 12.1406 59.5448 3.00161 -13 232 1 0 1
-41.2739 -9.10282 325.556 -7.65475 -2.22795 65.2732 0.50856 -13 233 1 0 1
28.7522 9.79537 325.556 5.3253 2.29357 67.9119 1.30814 -13 234 1 0 1
16.3675 -33.256 325.556 2.96938 -8.96892 73.9284 2.10386 -13 235 1 0 1
-38.5777 -36.1224 325.556 -7.00072 -8.55202 64.3886 3.27447 -13 236 1 0 1
56.9704 -62.9149 325.556 8.36706 -11.7064 52.8312 3.08857 -13 237 1 0 1
-2.83007 7.52725 325.556 -0.504096 1.58903 62.9035 2.11493 -13 238 1 0 1
-42.0288 6.77828 325.556 -8.72946 2.14687 70.4464 3.163 -13 239 1 0 1
44.636 105.421 325.556 5.4225 17.0715 43.5463 2.30931 -13 240 1 0 1
53.8786 12.551 325.556 4.87979 1.64685 34.1528 4.05732 -13 241 1 0 1
-16.6068 -17.0787 325.556 -2.56655 -3.92957 58.7118 3.96544 -13 242 1 0 1
41.4482 -43.309 325.556 7.78648 -9.94245 67.9487 1.82977 -13 243 1 0 1
5.17233 20.501 325.556 0.533981 5.34488 75.9022 2.47525 -13 244 1 0 1
26.2215 40.4027 325.556 4.95511 10.6347 71.2208 1.18877 -13 245 1 0 1
0.326401 32.1051 325.556 -0.219894 8.38739 70.5648 1.69445 -13 246 1 0 1
11.3449 -27.1838 325.556 1.96766 -5.52013 61.0117 1.7643 -13 247 1 0 1
-15.0375 -30.0753 325.556 -3.04229 -7.05289 67.7773 2.62151 -13 248 1 0 1
73.2355 23.6447 325.556 12.255 4.51905 60.8713 1.17872 -13 249 1 0 1
15.304 -52.3925 325.556 2.69472 -12.4832 67.9429 0.452897 -13 250 1 0 1
44.2386 75.4799 325.556 7.50124 15.5803 60.8644 1.09276 -13 251 1 0 1
42.0859 -1.41685 325.556 7.55551 -0.52806 63.5234 2.32049 -13 252 1 0 1
4.33447 66.0747 325.556 0.451521 16.5952 70.4068 0.559548 -13 253 1 0 1
15.9223 30.0434 325.556 2.58849 5.92867 54.3413 1.78873 -13 254 1 0 1
-7.78534 22.7913 325.556 -2.36512 6.50699 77.3736 1.74888 -13 255 1 0 1
-14.8467 20.4409 325.556 -1.96009 3.88276 53.0988 1.38776 -13 256 1 0 1
2.85844 -81.2549 325.556 0.636108 -12.7939 41.8867 2.53692 -13 257 1 0 1
1.56653 -2.81227 325.556 0.235782 -0.833798 63.4505 2.17171 -13 258 1 0 1
29.6768 -8.63076 325.556 4.95242 -2.03534 56.9748 1.03529 -13 259 1 0 1
-17.0435 -25.6575 325.556 -3.8401 -6.84102 72.3991 1.58024 -13 260 1 0 1
-15.8712 32.8038 325.556 -2.60599 6.8893 59.9562 1.00463 -13 261 1 0 1
20.0187 1.11804 325.556 3.68541 0.368887 63.1525 4.16413 -13 262 1 0 1
43.0609 -32.3215 325.556 7.57426 -7.11367 62.9263 0.591818 -13 263 1 0 1
-3.06957 -25.8158 325.556 -0.220493 -4.73823 50.7195 2.20097 -13 264 1 0 1
46.1664 38.1207 325.556 8.10111 8.638 62.9648 2.77483 -13 265 1 0 1
26.5774 31.6376 325.556 5.07726 7.39309 70.5027 2.50593 -13 266 1 0 1
-12.5831 5.82269 325.556 -2.27681 0.760686 63.6472 1.75256 -13 267 1 0 1
13.7885 29.4818 325.556 1.84907 4.85882 42.9235 1.66965 -13 268 1 0 1
-29.28 14.6928 325.556 -7.22864 3.28494 77.7745 2.28231 -13 269 1 0 1
-21.76 -17.8788 325.556 -3.89211 -4.44749 63.9022 3.30947 -13 270 1 0 1
27.5628 -29.9108 325.556 5.4424 -8.44314 77.372 0.982641 -13 271 1 0 1
27.4764 -56.9544 325.556 4.81411 -12.6312 62.2926 3.67923 -13 272 1 0 1
-42.9248 14.3422 325.556 -6.12165 2.63484 54.4119 5.12125 -13 273 1 0 1
15.3101 6.19995 325.556 2.78047 1.84412 67.5015 -0.0604359 -13 274 1 0 1
41.8625 -21.1897 325.556 6.8869 -4.71111 59.1149 1.87383 -13 275 1 0 1
49.7704 -38.5967 325.556 8.11413 -8.02166 57.4801 3.39854 -13 277 1 0 1
-68.0322 6.19264 325.556 -11.429 1.31536 60.8428 3.70069 -13 278 1 0 1
-49.1583 -29.5491 325.556 -9.68452 -7.75687 68.2957 -0.501248 -13 279 1 0 1
17.1845 10.1759 325.556 2.96686 1.97874 61.461 2.34549 -13 280 1 0 1
-4.07877 -15.7075 325.556 -1.00501 -3.35687 66.6644 0.694833 -13 281 1 0 1
-4.57451 67.426 325.556 -0.354816 11.8476 47.3675 1.72439 -13 282 1 0 1
39.7418 -62.8107 325.556 5.55206 -11.264 49.6556 0.867846 -13 283 1 0 1
-20.2491 29.3576 325.556 -2.69624 5.06795 52.9116 1.99807 -13 284 1 0 1
-67.0215 35.295 325.556 -11.4467 7.85351 61.3206 1.63432 -13 285 1 0 1
-39.3141 -17.5086 325.556 -7.8576 -3.18799 69.0942 0.4923 -13 286 1 0 1
-8.29743 -0.768168 325.556 -0.979898 -0.468358 51.9536 0.771854 -13 287 1 0 1
-15.7767 167.816 325.556 -3.76298 41.2721 67.9887 1.72942 -13 288 1 0 1
-21.533 53.7278 325.556 -5.38312 14.3147 76.9383 2.27841 -13 289 1 0 1
103.276 -12.7759 325.556 12.0146 -2.18613 44.1547 2.93058 -13 290 1 0 1
7.50141 -44.01 325.556 0.978787 -11.6228 74.6416 2.29543 -13 291 1 0 1
-20.315 13.7001 325.556 -4.6009 3.6676 72.7431 1.60643 -13 292 1 0 1
-77.7062 64.0937 325.556 -9.79629 11.6701 48.211 4.61127 -13 293 1 0 1
73.2073 44.6159 325.556 13.9068 11.5112 69.3392 3.5519 -13 294 1 0 1
-25.4968 4.10872 325.556 -4.75722 0.846099 65.3166 2.09542 -13 295 1 0 1
-42.6439 20.9726 325.556 -6.81217 4.3279 58.9704 1.89539 -13 296 1 0 1
51.9771 -26.2293 325.556 7.83452 -5.24996 53.8267 4.86664 -13 297 1 0 1
11.0126 5.18014 325.556 1.9431 0.843357 67.3623 0.10426 -13 298 1 0 1
-87.4385 42.6835 325.556 -10.4607 7.60905 46.0681 5.39525 -13 299 1 0 1
-31.4963 30.1033 325.556 -5.42029 6.28736 62.4123 1.30798 -13 301 1 0 1
-31.5808 35.1438 325.556 -5.60667 8.20745 63.2354 2.29503 -13 302 1 0 1
-3.19051 13.2302 325.556 -0.52397 3.35883 62.4317 2.07876 -13 303 1 0 1
-9.00691 36.6474 325.556 -1.80003 8.76708 65.5098 2.53665 -13 304 1 0 1
-68.021 65.6767 325.556 -7.40398 10.5382 43.2132 3.97481 -13 305 1 0 1
-16.5747 -20.3024 325.556 -3.2168 -5.02452 66.6006 0.93751 -13 306 1 0 1
26.9867 -95.3683 325.556 4.72175 -22.7598 65.7294 0.713968 -13 307 1 0 1
-18.6397 -64.1796 325.556 -4.25963 -16.0789 72.1419 1.96714 -13 308 1 0 1
-12.1969 42.1737 325.556 -2.37906 9.75847 65.8745 1.13529 -13 309 1 0 1
34.4982 -13.8921 325.556 6.61274 -3.43486 72.1251 1.48158 -13 310 1 0 1
22.8069 -44.6318 325.556 2.00978 -5.08258 31.8233 1.94752 -13 311 1 0 1
-33.2898 11.3142 325.556 -7.0474 2.9912 71.2901 1.72733 -13 312 1 0 1
-33.3143 54.2069 325.556 -7.11268 13.3287 71.3502 2.82711 -13 313 1 0 1
-33.0313 -4.64358 325.556 -6.627 -1.04903 67.7754 1.35857 -13 314 1 0 1
44.488 -2.10165 325.556 7.79906 -0.0256178 62.153 0.61181 -13 315 1 0 1
11.6956 -113.892 325.556 1.76675 -20.6072 49.3383 1.21645 -13 316 1 0 1
-26.4585 -47.1802 325.556 -4.7483 -10.6723 63.5486 2.79038 -13 317 1 0 1
-2.33768 -10.7593 325.556 -0.681124 -2.32894 69.2171 0.497552 -13 318 1 0 1
-15.9008 38.0282 325.556 -3.52747 9.80359 69.8591 3.91747 -13 319 1 0 1
49.051 31.5439 325.556 9.48132 7.74274 70.5207 2.49062 -13 320 1 0 1
22.8944 -10.0788 325.556 3.69436 -2.15795 57.0926 0.528059 -13 321 1 0 1
-31.8443 16.2408 325.556 -8.4922 4.64258 79.6314 3.6079 -13 322 1 0 1
26.4045 -13.3072 325.556 5.15357 -2.7534 75.7774 2.02173 -13 323 1 0 1
13.1927 39.0745 325.556 2.39018 9.00485 65.5958 1.29859 -13 324 1 0 1
7.34928 -25.0255 325.556 1.15204 -6.42245 72.4785 1.8321 -13 325 1 0 1
-69.1178 66.359 325.556 -11.2501 13.6915 58.7486 2.10881 -13 326 1 0 1
-46.8 -135.673 325.556 -5.57067 -23.5258 46.2549 2.75299 -13 327 1 0 1
-39.3891 -15.4877 325.556 -6.36267 -4.02682 59.1051 0.60509 -13 328 1 0 1
-7.48249 47.3936 325.556 -1.62997 11.5435 68.3959 3.00659 -13 329 1 0 1
23.9789 -10.9661 325.556 4.64476 -2.50055 76.6279 0.935518 -13 330 1 0 1
-45.5941 23.2883 325.556 -9.60796 5.0295 71.4414 0.292205 -13 331 1 0 1
-12.2635 -17.6737 325.556 -0.420793 -1.61385 24.2759 3.29826 -13 332 1 0 1
33.774 27.992 325.556 4.68944 5.08897 48.8135 6.499 -13 333 1 0 1
-30.9101 -28.6082 325.556 -5.6652 -6.45575 65.4718 2.29418 -13 334 1 0 1
26.9797 -42.411 325.556 4.98197 -9.89121 66.0847 2.28617 -13 335 1 0 1
-8.06478 -48.7671 325.556 -1.92608 -11.5205 68.3665 1.24165 -13 336 1 0 1
142.032 -82.9577 325.556 22.6292 -17.3407 59.0257 -0.237316 -13 337 1 0 1
40.4018 -50.088 325.556 6.09657 -10.1389 53.8482 3.13821 -13 338 1 0 1
3.392 -35.3575 325.556 0.670703 -6.29271 50.4875 2.72076 -13 339 1 0 1
9.70253 39.7901 325.556 1.72034 9.77058 69.0964 2.09007 -13 340 1 0 1
18.629 -0.595222 325.556 3.57318 -0.672994 77.732 1.70268 -13 341 1 0 1
-18.3444 30.4972 325.556 -4.30398 8.00602 73.2925 2.42985 -13 342 1 0 1
4.47627 -34.0224 325.556 0.818945 -7.89945 62.0205 1.6572 -13 343 1 0 1
48.3083 9.26127 325.556 6.71284 2.07158 49.7091 2.07459 -13 344 1 0 1
-11.0503 2.45101 325.556 -2.31429 0.852922 68.9885 1.03019 -13 345 1 0 1
-59.9987 -9.18874 325.556 -10.9592 -2.11286 64.8519 2.55218 -13 346 1 0 1
-18.9206 7.12545 325.556 -3.78383 1.72155 68.3185 1.0517 -13 347 1 0 1
0.845537 32.8964 325.556 0.413523 6.69557 52.2317 1.78447 -13 348 1 0 1
56.1704 -8.09399 325.556 8.82819 -1.82371 56.5513 3.01183 -13 349 1 0 1
-8.78983 -71.4727 325.556 -1.66691 -15.97 63.6256 2.7627 -13 350 1 0 1
-31.4726 2.04944 325.556 -6.58526 0.266546 70.5419 0.30195 -13 352 1 0 1
-13.4462 31.782 325.556 -2.51627 7.11789 65.6265 1.70528 -13 353 1 0 1
-1.70047 39.4565 325.556 -0.0871047 7.24698 53.6535 2.63476 -13 354 1 0 1
-30.0784 22.7723 325.556 -6.85881 5.9242 73.764 1.32189 -13 355 1 0 1
40.0351 55.2338 325.556 6.63215 11.9025 58.9145 2.37259 -13 356 1 0 1
3.5812 11.509 325.556 0.653962 1.96873 42.4957 2.70795 -13 357 1 0 1
57.1718 51.2573 325.556 8.09565 9.78514 51.1917 2.93015 -13 358 1 0 1
27.5032 14.9652 325.556 4.88449 3.76742 62.2594 2.46115 -13 359 1 0 1
-25.5926 -11.8255 325.556 -5.97941 -3.02779 75.4503 1.15518 -13 360 1 0 1
9.28276 10.8958 325.556 1.35449 3.24723 77.2999 1.60852 -13 361 1 0 1
-81.1795 1.87396 325.556 -14.1732 0.0888865 62.667 -0.756249 -13 362 1 0 1
-11.2965 27.0734 325.556 -2.95472 7.3426 75.1325 1.46095 -13 363 1 0 1
-0.669892 -22.9193 325.556 -0.308626 -5.00802 64.7567 2.19233 -13 364 1 0 1
-22.0395 40.8268 325.556 -2.62081 7.37907 48.4983 0.516969 -13 365 1 0 1
63.3052 -8.8303 325.556 7.97421 -1.52356 45.6002 4.79402 -13 366 1 0 1
66.1542 -24.377 325.556 7.4897 -4.03225 41.475 4.07475 -13 367 1 0 1
-15.4316 34.8652 325.556 -2.82135 8.11424 64.6874 2.50285 -13 368 1 0 1
1.10493 -6.78007 325.556 0.288536 -1.13185 60.4646 0.951088 -13 369 1 0 1
-48.9444 5.55905 325.556 -10.4134 1.27335 72.0406 2.6841 -13 370 1 0 1
-5.8993 -23.5948 325.556 -1.09274 -5.26624 66.1065 4.31247 -13 371 1 0 1
5.21132 -59.2654 325.556 1.05397 -11.7641 52.9657 3.07361 -13 372 1 0 1
-32.6631 -35.44 325.556 -5.93038 -8.15223 64.2562 2.66258 -13 373 1 0 1
-38.1149 0.952209 325.556 -8.8882 0.474411 76.2134 2.38749 -13 374 1 0 1
-65.1783 29.9684 325.556 -15.1408 8.28456 77.3254 0.357188 -13 375 1 0 1
-34.7599 -71.2507 325.556 -6.8791 -16.891 67.6999 2.37835 -13 376 1 0 1
49.7689 -34.0685 325.556 10.3814 -9.46671 77.8362 2.92923 -13 377 1 0 1
12.2029 -34.7536 325.556 1.6247 -5.59005 41.2007 4.97243 -13 378 1 0 1
-12.1163 -81.5689 325.556 -2.49758 -19.2864 65.9929 2.57957 -13 379 1 0 1
-30.4128 -105.889 325.556 -2.88239 -16.3421 40.629 2.05903 -13 380 1 0 1
32.3253 11.9931 325.556 5.48853 3.00871 59.9088 3.2274 -13 381 1 0 1
29.6798 -45.493 325.556 5.71364 -11.4219 72.1229 1.48933 -13 382 1 0 1
-69.5867 7.08921 325.556 -9.44475 1.19133 51.1469 3.67323 -13 383 1 0 1
59.8334 11.6907 325.556 9.84556 2.10036 58.4152 0.773817 -13 384 1 0 1
-6.56763 -22.0414 325.556 -1.33291 -5.58632 67.3415 3.68076 -13 385 1 0 1
9.07431 -10.8835 325.556 1.61699 -2.80053 69.904 3.78908 -13 386 1 0 1
-38.6758 -10.9123 325.556 -8.2648 -2.93323 71.9153 1.9538 -13 387 1 0 1
12.1545 -2.3974 325.556 1.98765 -0.346903 51.937 1.54354 -13 388 1 0 1
72.6227 -5.36448 325.556 12.4352 -0.956375 61.33 3.096 -13 389 1 0 1
-27.4445 6.28848 325.556 -4.82725 1.26248 63.6892 2.73281 -13 390 1 0 1
81.8519 3.93415 325.556 11.6891 0.621616 51.8089 2.10065 -13 391 1 0 1
-29.6328 -9.95153 325.556 -4.15061 -2.37052 54.0132 2.44979 -13 392 1 0 1
-9.55791 58.0176 325.556 -1.61219 12.0952 60.1473 1.26161 -13 394 1 0 1
-29.7745 65.1083 325.556 -6.68665 17.0428 73.422 0.157368 -13 395 1 0 1
56.8734 19.2026 325.556 10.0694 3.90827 63.7896 1.84275 -13 396 1 0 1
22.2851 -31.9513 325.556 3.75834 -6.54663 59.83 3.34165 -13 397 1 0 1
2.1185 -12.8442 325.556 0.244775 -3.15061 66.7955 2.78264 -13 398 1 0 1
-25.793 -34.0574 325.556 -5.58652 -8.09845 70.8648 3.89386 -13 399 1 0 1
10.6435 27.9262 325.556 1.90166 7.07876 64.5843 1.93969 -13 400 1 0 1
24.1545 2.78585 325.556 4.56608 0.81707 71.9257 1.60333 -13 401 1 0 1
-12.0059 45.7938 325.556 -1.72805 9.28009 57.5637 1.83998 -13 402 1 0 1
-4.94755 -117.778 325.556 -1.12351 -28.0633 66.1688 2.18189 -13 403 1 0 1
14.224 -39.7524 325.556 2.5567 -9.57684 66.0066 3.15214 -13 404 1 0 1
-15.2556 -40.2676 325.556 -2.53251 -8.96774 59.8611 1.49834 -13 406 1 0 1
-13.5884 -28.0209 325.556 -2.57639 -6.1705 65.7857 3.22631 -13 407 1 0 1
60.2435 45.1442 325.556 9.65019 9.277 57.3652 3.96252 -13 408 1 0 1
37.8292 -7.55904 325.556 6.8133 -1.70754 64.2451 2.30069 -13 409 1 0 1
-25.0835 -28.8166 325.556 -5.96804 -7.52469 75.7698 -0.801187 -13 410 1 0 1
-12.1611 36.3951 325.556 -1.00249 5.32437 43.0551 3.23352 -13 411 1 0 1
-10.4858 -48.6157 325.556 -2.13346 -11.3491 66.4601 3.19253 -13 412 1 0 1
-42.46 22.1174 325.556 -10.2062 5.69128 78.1311 1.83152 -13 413 1 0 1
-36.3785 1.8999 325.556 -5.74544 0.5732 59.1091 3.09057 -13 414 1 0 1
32.6245 44.5753 325.556 5.22251 9.15933 56.9428 2.50294 -13 415 1 0 1
76.2853 29.9203 325.556 4.75714 3.26462 26.5404 9.10876 -13 416 1 0 1
49.0653 -112.48 325.556 5.22466 -16.5063 39.3684 2.75927 -13 417 1 0 1
-6.54734 2.00928 325.556 -1.53641 0.162934 69.6302 3.34044 -13 418 1 0 1
50.5764 10.2736 325.556 8.95569 2.33704 63.5243 2.51067 -13 419 1 0 1
-5.65005 -44.545 325.556 -1.58839 -11.6765 73.18 1.37236 -13 421 1 0 1
18.1579 109.423 325.556 3.06517 24.4338 62.5646 2.4201 -13 422 1 0 1
-58.6329 -85.9182 325.556 -6.56851 -13.5913 44.2062 2.41289 -13 423 1 0 1
77.8315 76.6624 325.556 9.9414 12.6206 46.5232 3.17689 -13 424 1 0 1
-7.08199 16.2711 325.556 -1.23868 3.83314 64.0944 1.91455 -13 425 1 0 1
-11.5064 18.374 325.556 -2.99397 5.12566 73.8839 0.375123 -13 426 1 0 1
45.1057 -31.012 325.556 7.87562 -6.51148 63.0831 1.47627 -13 427 1 0 1
-20.9334 63.9529 325.556 -3.91265 14.9394 64.5878 2.35509 -13 428 1 0 1
60.66 -62.4678 325.556 9.61238 -12.7814 56.5383 2.06996 -13 429 1 0 1
-58.5719 68.8446 325.556 -11.7798 16.6977 68.9574 0.193558 -13 430 1 0 1
-0.87124 -24.3128 325.556 -0.801675 -6.45595 75.7992 3.65873 -13 431 1 0 1
18.5391 25.4987 325.556 3.40124 6.33577 67.8111 3.84389 -13 432 1 0 1
-6.82248 -53.4199 325.556 -1.65973 -13.4378 69.2652 3.25232 -13 433 1 0 1
18.4358 53.1116 325.556 3.11115 11.5918 58.9766 2.21091 -13 434 1 0 1
86.006 14.6382 325.556 13.8355 2.87232 58.7595 3.18762 -13 435 1 0 1
7.56564 1.24179 325.556 1.25852 0.402794 67.4758 -0.415931 -13 437 1 0 1
-8.936 3.11301 325.556 -1.04318 0.668797 55.038 4.14804 -13 438 1 0 1
-4.03413 -63.3464 325.556 -0.779014 -13.7113 62.4579 0.877925 -13 439 1 0 1
24.1869 34.8886 325.556 4.14582 7.65212 61.174 2.24933 -13 440 1 0 1
-34.7084 0.726911 325.556 -7.3938 0.129347 71.4641 3.19054 -13 441 1 0 1
-25.334 -0.753635 325.556 -4.71692 0.338706 65.4933 1.79623 -13 442 1 0 1
16.8945 19.4201 325.556 2.85481 4.40268 56.7795 3.18128 -13 443 1 0 1
51.0728 0.0941535 325.556 9.79089 0.201355 69.912 2.83338 -13 444 1 0 1
30.8716 -8.05816 325.556 5.81383 -2.49685 69.4185 1.92495 -13 445 1 0 1
-20.661 -31.0036 325.556 -4.21139 -6.97068 68.8958 0.310428 -13 446 1 0 1
39.4325 7.4026 325.556 6.3515 1.57561 57.0858 1.69433 -13 447 1 0 1
-8.46672 15.91 325.556 -1.92739 4.1841 70.5869 -0.17044 -13 448 1 0 1
-1.97635 -2.58101 325.556 -0.0919162 -0.66344 52.7621 2.06952 -13 449 1 0 1
11.3844 9.18358 325.556 1.75264 2.11554 81.1703 1.75527 -13 451 1 0 1
1.67646 -14.5102 325.556 0.286675 -3.5612 67.4121 2.98203 -13 452 1 0 1
27.4281 -16.9998 325.556 4.78109 -3.47798 59.7151 1.72587 -13 453 1 0 1
-22.2494 17.7846 325.556 -2.6819 3.16057 50.5843 3.68838 -13 454 1 0 1
35.1096 -52.175 325.556 5.49039 -10.5074 54.6586 2.39729 -13 455 1 0 1
56.1391 50.0079 325.556 10.0199 11.4208 64.2373 1.33313 -13 456 1 0 1
53.9014 24.6205 325.556 8.67991 5.30985 56.7821 2.94809 -13 457 1 0 1
31.6347 -110.959 325.556 4.5575 -20.8806 52.1052 1.18684 -13 458 1 0 1
37.4074 31.3668 325.556 7.52393 7.63118 74.3166 3.4567 -13 459 1 0 1
-16.4266 7.99833 325.556 -3.17191 2.09141 65.4923 1.76951 -13 460 1 0 1
-31.7581 48.9299 325.556 -5.84391 11.4452 65.1273 2.29208 -13 461 1 0 1
24.1001 16.6686 325.556 4.40939 3.85365 64.8333 1.65487 -13 462 1 0 1
7.78239 -9.2622 325.556 1.30185 -2.15931 69.2161 3.33183 -13 463 1 0 1
36.1744 98.3904 325.556 5.91528 20.8067 59.0313 1.94241 -13 464 1 0 1
-24.5112 94.9757 325.556 -2.06431 13.3692 37.1154 2.18087 -13 465 1 0 1
25.1927 45.6337 325.556 4.03848 9.33563 56.7169 2.47995 -13 466 1 0 1
50.3312 30.2167 325.556 5.30357 4.48995 38.2676 2.83649 -13 467 1 0 1
19.3221 -21.2118 325.556 3.26518 -4.72854 56.4806 1.31732 -13 468 1 0 1
-6.6057 82.896 325.556 -0.643237 14.7771 49.1867 2.85139 -13 469 1 0 1
17.6069 -31.4201 325.556 3.11905 -6.88369 65.0177 1.48326 -13 470 1 0 1
20.0263 53.0188 325.556 2.94157 9.33132 49.0589 3.60358 -13 471 1 0 1
41.6315 -76.6844 325.556 4.88314 -11.9753 42.192 3.9208 -13 472 1 0 1
5.23475 -23.0731 325.556 1.0589 -4.62383 55.4216 1.57326 -13 473 1 0 1
42.574 -37.1378 325.556 7.39979 -8.05632 61.538 1.41468 -13 474 1 0 1
10.3425 33.6632 325.556 1.83052 8.66483 72.0759 3.39266 -13 475 1 0 1
-51.6616 62.7975 325.556 -8.6097 13.5104 60.1475 2.07401 -13 476 1 0 1
9.04891 59.9953 325.556 1.68832 13.6075 66.3647 0.643159 -13 477 1 0 1
-9.9486 -24.6078 325.556 -1.77521 -5.24938 62.07 0.232983 -13 478 1 0 1
22.6185 -5.45836 325.556 3.13588 -1.13878 48.2415 1.82981 -13 479 1 0 1
44.7554 29.058 325.556 6.88409 5.84951 54.7198 2.53908 -13 480 1 0 1
50.9773 -36.8044 325.556 4.64899 -4.7487 33.7576 3.9302 -13 481 1 0 1
14.867 -54.7512 325.556 2.12703 -9.37075 45.1637 2.98001 -13 482 1 0 1
-49.7589 50.7162 325.556 -9.75599 11.8635 67.9219 2.7073 -13 483 1 0 1
-38.6431 0.790366 325.556 -7.52837 -0.0127113 67.209 0.658744 -13 484 1 0 1
-54.8532 -58.4194 325.556 -8.38045 -11.9568 56.3975 4.04402 -13 485 1 0 1
3.03982 -73.163 325.556 0.560509 -15.302 57.3359 4.90103 -13 486 1 0 1
38.318 3.77645 325.556 7.18944 0.614713 68.9448 2.03318 -13 487 1 0 1
-67.6131 -23.304 325.556 -11.2131 -4.98018 60.216 1.20491 -13 488 1 0 1
8.82885 52.1969 325.556 1.23543 8.53807 41.4676 4.12477 -13 489 1 0 1
-10.3744 -69.4248 325.556 -1.77343 -15.5054 61.7712 0.233768 -13 490 1 0 1
14.4087 15.9351 325.556 2.5921 3.38801 69.9747 2.73868 -13 491 1 0 1
16.1124 29.8893 325.556 2.79389 6.85558 61.3263 3.23575 -13 492 1 0 1
-6.69414 -21.192 325.556 -0.882078 -4.54115 59.5171 3.12172 -13 493 1 0 1
21.0495 -28.6792 325.556 2.26841 -4.15669 36.4996 3.21194 -13 494 1 0 1
31.476 43.9581 325.556 3.82438 6.31254 41.7833 0.0764244 -13 495 1 0 1
20.1644 -67.6967 325.556 2.56878 -10.7527 43.2256 2.96977 -13 496 1 0 1
9.91631 24.2228 325.556 1.70937 5.53135 64.2429 2.26221 -13 497 1 0 1
-22.9858 33.0293 325.556 -4.67371 7.98244 68.6453 1.48167 -13 498 1 0 1
13.0508 21.5384 325.556 2.06837 3.74435 52.1605 1.48712 -13 499 1 0 1
82.539 -17.4492 325.556 11.5877 -3.52676 51.3756 1.24101 -13 500 1 0 1
8.51754 27.994 325.556 1.14295 7.34212 79.2333 1.44549 -13 501 1 0 1
-48.6294 33.8115 325.556 -9.24538 7.5028 66.3416 0.78898 -13 502 1 0 1
-2.15608 -73.0116 325.556 -0.597213 -16.8285 67.8809 0.300376 -13 503 1 0 1
-11.7566 21.706 325.556 -2.3711 5.20204 66.1787 2.24354 -13 504 1 0 1
79.2304 3.45952 325.556 12.453 0.685579 56.567 1.07068 -13 505 1 0 1
-38.9897 -14.8566 325.556 -9.6106 -4.25443 78.7006 3.01974 -13 506 1 0 1
42.2253 75.9022 325.556 5.56105 13.2963 47.8606 2.93468 -13 507 1 0 1
43.1853 -41.5283 325.556 7.65466 -8.94187 62.8879 2.99413 -13 508 1 0 1
35.2281 -37.6224 325.556 6.81712 -9.33572 72.2848 1.85489 -13 509 1 0 1
-42.4883 39.02 325.556 -7.02303 8.2223 60.2934 3.23365 -13 510 1 0 1
-66.847 1.65434 325.556 -13.6384 0.676357 70.6139 3.9311 -13 511 1 0 1
-31.821 -18.6951 325.556 -5.08321 -3.79037 58.3742 1.71577 -13 512 1 0 1
23.6393 17.0815 325.556 3.52587 3.37976 51.5003 3.44907 -13 513 1 0 1
-21.1305 -2.76917 325.556 -3.10036 -0.51868 55.1344 -1.2719 -13 514 1 0 1
-55.0691 4.89775 325.556 -10.369 1.2158 65.823 0.506634 -13 515 1 0 1
-16.1596 19.6412 325.556 -2.4172 4.39038 56.5783 0.218239 -13 516 1 0 1
-0.621508 -15.2808 325.556 -0.472475 -4.20664 72.5542 0.691454 -13 517 1 0 1
-3.55765 -13.4829 325.556 -0.666826 -2.93868 65.4738 2.75625 -13 518 1 0 1
-48.0281 10.1171 325.556 -11.5028 2.52472 77.8885 1.66729 -13 519 1 0 1
6.70528 -33.8898 325.556 1.28818 -7.57795 60.4531 4.57623 -13 520 1 0 1
-22.2622 -49.8249 325.556 -4.58222 -11.8451 69.3307 0.395891 -13 521 1 0 1
-4.51914 21.6818 325.556 -1.94384 5.90802 80.4932 2.60608 -13 522 1 0 1
-32.7489 27.1152 325.556 -6.66864 6.27522 69.5468 2.73012 -13 523 1 0 1
10.3222 -11.6494 325.556 1.87732 -1.83253 62.0022 2.73601 -13 524 1 0 1
20.9001 68.6665 325.556 2.44169 9.93134 39.0147 3.56284 -13 525 1 0 1
-41.0736 -1.06609 325.556 -8.77871 0.219344 71.7235 1.86798 -13 526 1 0 1
-21.2774 60.0337 325.556 -3.37833 12.5023 58.5831 3.12445 -13 527 1 0 1
-17.4711 20.8701 325.556 -2.35018 3.99765 54.3426 4.89999 -13 528 1 0 1
44.8218 -66.3122 325.556 8.52466 -16.7048 69.8441 2.66048 -13 529 1 0 1
2.6366 23.9722 325.556 0.424026 5.59183 67.0395 1.29378 -13 530 1 0 1
-1.88759 28.2756 325.556 -0.118924 6.06491 59.1134 3.06866 -13 531 1 0 1
-53.099 51.4815 325.556 -7.31343 9.92743 52.3187 3.94446 -13 532 1 0 1
-24.4988 -110.289 325.556 -1.42737 -12.3462 28.0146 7.12527 -13 533 1 0 1
25.907 -2.3163 325.556 4.91106 -0.410045 70.2604 2.81096 -13 534 1 0 1
7.38853 52.7207 325.556 1.14738 13.4 69.0697 -0.965251 -13 535 1 0 1
27.4511 7.54063 325.556 4.31468 1.80288 55.228 1.2755 -13 536 1 0 1
40.6529 43.5495 325.556 7.17976 9.33053 62.0239 2.1207 -13 538 1 0 1
44.3306 -14.2487 325.556 9.07913 -3.62129 76.8461 3.12275 -13 540 1 0 1
-15.7261 51.157 325.556 -3.4812 12.7801 70.1819 2.79409 -13 541 1 0 1
17.0971 21.7946 325.556 3.11319 5.36204 67.6855 1.89741 -13 542 1 0 1
36.0928 -34.8784 325.556 6.71591 -8.51575 66.6109 1.39312 -13 543 1 0 1
21.3903 -14.0374 325.556 3.84905 -3.25592 63.932 2.38691 -13 544 1 0 1
-25.7153 -119.784 325.556 -5.14351 -28.4781 66.6154 3.07446 -13 545 1 0 1
12.3791 -106.415 325.556 1.54376 -16.5571 41.8466 3.20159 -13 546 1 0 1
0.495067 85.1897 325.556 0.247012 15.8137 50.7579 1.62509 -13 547 1 0 1
21.6204 37.5168 325.556 3.71877 8.57043 61.646 4.27885 -13 548 1 0 1
22.14 -18.7082 325.556 3.68778 -3.47764 57.8677 4.67421 -13 549 1 0 1
-78.6042 66.5805 325.556 -14.7046 15.5842 65.7958 -0.542062 -13 550 1 0 1
34.3165 -29.6418 325.556 3.33437 -3.60894 35.6003 4.38178 -13 551 1 0 1
-47.5412 -19.5734 325.556 -7.64801 -4.2491 58.9632 2.31538 -13 553 1 0 1
-44.1688 -14.1343 325.556 -8.16177 -3.41019 64.9723 0.934991 -13 554 1 0 1
32.3812 37.3248 325.556 6.24064 9.53309 73.6804 3.0261 -13 555 1 0 1
-13.9809 50.1184 325.556 -2.05109 9.92798 56.0398 2.6527 -13 556 1 0 1
26.6238 -4.20346 325.556 4.62895 -1.04888 61.6276 4.44382 -13 557 1 0 1
-14.13 -20.599 325.556 -2.40968 -4.72106 61.8899 -0.601309 -13 558 1 0 1
-55.4159 30.9185 325.556 -6.41006 5.1587 45.3583 1.14563 -13 560 1 0 1
-54.0344 20.0374 325.556 -10.7191 4.46523 68.5385 2.97846 -13 562 1 0 1
23.8683 -18.292 325.556 4.43748 -4.80998 70.5805 1.49186 -13 564 1 0 1
-36.7445 54.7296 325.556 -5.37223 10.9774 54.9457 3.46159 -13 565 1 0 1
-58.8877 -15.9109 325.556 -12.555 -4.1125 72.3695 2.55273 -13 566 1 0 1
-25.1983 -21.5322 325.556 -3.43464 -3.92484 53.2862 2.44141 -13 567 1 0 1
-26.1813 45.3934 325.556 -5.49928 11.3314 70.5719 2.01043 -13 568 1 0 1
4.78713 -30.2883 325.556 0.822064 -6.64565 61.6025 3.80309 -13 569 1 0 1
6.06016 -32.833 325.556 1.14734 -5.92834 52.3086 -0.135975 -13 570 1 0 1
16.5878 96.2129 325.556 1.06858 9.4578 23.3835 4.37631 -13 571 1 0 1
-0.0918981 -31.8455 325.556 -0.520277 -8.62444 75.273 1.60597 -13 572 1 0 1
-31.7561 -18.6407 325.556 -6.29415 -4.94694 68.5379 3.80853 -13 573 1 0 1
-34.7366 111.088 325.556 -5.3811 22.853 56.4597 1.1899 -13 574 1 0 1
6.65607 -12.9344 325.556 1.06066 -3.13932 69.6705 2.02301 -13 575 1 0 1
-6.49372 3.87367 325.556 -1.43215 0.328186 68.7052 0.963306 -13 576 1 0 1
11.7615 -17.3932 325.556 2.04592 -3.40656 65.7266 -0.0579259 -13 577 1 0 1
-32.8938 62.2083 325.556 -7.04403 15.5326 71.3519 3.76405 -13 578 1 0 1
41.8585 -73.0961 325.556 7.16929 -15.7713 60.7722 1.79118 -13 579 1 0 1
-56.6349 43.8983 325.556 -10.6129 10.449 65.6354 3.40956 -13 580 1 0 1
43.786 10.2641 325.556 7.65595 1.99034 62.3451 2.06956 -13 581 1 0 1
69.4534 16.6364 325.556 9.22596 3.18433 48.4956 2.43118 -13 582 1 0 1
16.1399 -3.44007 325.556 2.96696 -1.03884 71.3531 1.37006 -13 583 1 0 1
30.621 23.5046 325.556 5.40539 4.90692 64.4095 1.18939 -13 584 1 0 1
-8.1258 -33.2346 325.556 -1.64399 -7.87182 65.0255 -0.120037 -13 585 1 0 1
10.0357 -55.3309 325.556 1.66619 -13.8657 70.8139 4.00867 -13 586 1 0 1
-41.2232 73.3794 325.556 -8.89991 18.7886 71.8884 2.18352 -13 587 1 0 1
28.8417 4.42151 325.556 5.31553 1.33267 66.8335 -0.22545 -13 588 1 0 1
-1.99169 16.32 325.556 -0.669132 3.80851 70.4677 0.582223 -13 589 1 0 1
-50.3109 -61.614 325.556 -10.8218 -15.9735 72.6801 0.944546 -13 590 1 0 1
-37.8146 0.433441 325.556 -9.09675 0.450921 77.689 4.30566 -13 591 1 0 1
-11.5799 -4.98311 325.556 -2.55255 -1.41096 71.4283 -0.800762 -13 592 1 0 1
13.7651 12.6545 325.556 2.53998 2.30855 64.2753 3.8921 -13 593 1 0 1
-44.7639 -0.0212345 325.556 -8.05203 -0.255675 63.2666 2.22184 -13 594 1 0 1
15.8703 -11.5781 325.556 2.78898 -2.2724 63.8559 2.54569 -13 595 1 0 1
-67.4746 -10.2567 325.556 -15.9875 -2.83043 78.175 1.65872 -13 597 1 0 1
-4.9096 -45.664 325.556 -2.08634 -12.7938 80.4814 -0.0267273 -13 598 1 0 1
-19.8003 -4.20161 325.556 -2.14876 -0.709294 46.8379 0.927076 -13 599 1 0 1
3.80833 -60.1828 325.556 0.78929 -10.9476 50.29 2.91252 -13 600 1 0 1
20.105 0.259207 325.556 3.35533 -0.00179318 59.583 3.2568 -13 601 1 0 1
7.71225 -34.3603 325.556 1.41817 -7.68857 64.3128 2.59722 -13 602 1 0 1
-71.6724 -18.4107 325.556 -13.646 -4.2379 66.8961 0.667886 -13 603 1 0 1
49.1871 -21.3352 325.556 6.66436 -3.86013 47.5885 2.64192 -13 604 1 0 1
-10.5975 -124.043 325.556 -1.54421 -24.7418 55.6846 2.25312 -13 605 1 0 1
34.5463 -9.40232 325.556 6.29105 -2.19434 66.9266 4.5411 -13 606 1 0 1
34.22 64.9471 325.556 6.65717 17.4144 75.175 1.03253 -13 607 1 0 1
-60.9463 22.2617 325.556 -12.8693 6.19898 72.1046 1.99535 -13 609 1 0 1
-26.9302 32.6089 325.556 -5.27188 8.3893 67.3324 0.245685 -13 610 1 0 1
-11.5428 -0.866746 325.556 -1.49651 -0.473961 54.1715 3.15754 -13 611 1 0 1
60.0724 23.1147 325.556 9.38166 4.95153 56.4643 -0.0453078 -13 612 1 0 1
62.9321 -53.674 325.556 6.42592 -7.67778 38.487 4.34352 -13 613 1 0 1
8.61367 -32.3751 325.556 1.59281 -7.64381 64.4144 1.67764 -13 614 1 0 1
-48.6449 -14.2657 325.556 -10.4667 -4.15858 73.2985 2.64205 -13 615 1 0 1
11.2855 28.4465 325.556 1.86388 7.92017 78.0695 1.53335 -13 616 1 0 1
7.424 -42.5915 325.556 1.26942 -9.30078 63.5944 1.30978 -13 617 1 0 1
-13.5902 125.182 325.556 -2.00494 24.9303 54.6319 1.21867 -13 618 1 0 1
60.5121 78.8315 325.556 8.30833 14.4612 49.8576 3.14048 -13 619 1 0 1
-25.728 14.7116 325.556 -6.43385 3.86888 77.6856 -0.452076 -13 620 1 0 1
11.668 -21.716 325.556 2.0479 -4.10872 59.9997 2.77334 -13 621 1 0 1
49.1517 -135.094 325.556 7.23901 -25.8124 53.28 2.66318 -13 622 1 0 1
1.30392 4.4182 325.556 0.344789 1.3857 60.8289 1.77705 -13 623 1 0 1
26.9756 18.3364 325.556 4.98385 3.93492 65.3162 1.67782 -13 624 1 0 1
-32.7798 62.1523 325.556 -4.92521 12.0197 56.0628 1.36605 -13 625 1 0 1
18.4727 11.0408 325.556 3.35933 2.42871 70.8731 4.32143 -13 626 1 0 1
-50.6699 45.8731 325.556 -11.47 12.633 75.2624 2.3885 -13 627 1 0 1
38.5303 -28.7429 325.556 7.581 -6.99941 71.7646 2.00414 -13 628 1 0 1
-6.93672 75.5993 325.556 -1.20752 17.2969 64.1839 2.19963 -13 629 1 0 1
-51.3626 48.3746 325.556 -8.95628 10.8531 62.2381 2.72072 -13 630 1 0 1
9.0536 12.8902 325.556 1.73926 2.78891 59.1692 1.46763 -13 631 1 0 1
-8.33704 -40.2484 325.556 -1.70191 -9.28091 66.6018 0.444224 -13 632 1 0 1
115.913 40.059 325.556 17.4372 7.74098 55.1172 1.4882 -13 633 1 0 1
-60.5326 125.228 325.556 -9.15268 25.1315 55.4098 2.13264 -13 634 1 0 1
72.0073 -1.90435 325.556 10.3281 -0.183014 51.9705 2.56176 -13 635 1 0 1
-43.4414 45.4199 325.556 -9.2765 11.8019 71.9514 -0.242096 -13 636 1 0 1
28.0554 -3.30844 325.556 5.34533 -1.03805 72.294 1.94186 -13 637 1 0 1
-10.0733 -85.7985 325.556 -0.39566 -9.31952 27.2077 4.08085 -13 638 1 0 1
24.3381 -47.5205 325.556 4.35046 -10.8927 65.6079 0.016463 -13 639 1 0 1
36.1447 35.7445 325.556 3.87071 5.18439 39.1287 0.803683 -13 640 1 0 1
54.2939 -54.1342 325.556 9.23825 -11.839 61.2419 0.768228 -13 641 1 0 1
17.8348 -42.9255 325.556 3.04844 -8.49725 57.4941 2.13375 -13 642 1 0 1
-6.65535 -82.1273 325.556 -1.60688 -19.8546 68.9228 1.53614 -13 643 1 0 1
-27.0026 -67.201 325.556 -3.42121 -12.1569 49.3396 4.68509 -13 644 1 0 1
21.2647 -50.426 325.556 3.47394 -10.0283 56.5783 3.19926 -13 645 1 0 1
-45.9388 15.287 325.556 -9.82429 3.73517 71.8017 3.21033 -13 646 1 0 1
-73.2636 -2.83861 325.556 -16.8055 -0.500058 76.8159 0.296433 -13 647 1 0 1
27.9543 5.95668 325.556 5.28951 1.54681 68.2922 1.79599 -13 649 1 0 1
-12.0795 -25.5949 325.556 -3.00827 -6.22225 73.5501 2.77159 -13 650 1 0 1
6.46867 13.1345 325.556 1.02447 3.03977 68.1702 2.39517 -13 651 1 0 1
-15.2148 -28.0664 325.556 -2.96424 -6.58822 65.78 2.94851 -13 652 1 0 1
2.13234 -26.0804 325.556 0.177333 -5.94071 68.3552 2.51985 -13 653 1 0 1
42.8624 -19.6107 325.556 5.00937 -2.91501 40.6744 2.43329 -13 654 1 0 1
-26.6386 -62.8608 325.556 -2.01142 -8.30562 34.0025 3.47353 -13 655 1 0 1
-53.4 68.9024 325.556 -9.47715 15.5605 62.6506 1.91544 -13 656 1 0 1
-12.9719 -4.08894 325.556 -2.23749 -0.460358 61.4982 2.64175 -13 657 1 0 1
-17.4611 -37.1886 325.556 -3.69262 -8.45854 68.7744 4.10517 -13 659 1 0 1
-1.27605 -24.3527 325.556 -0.411204 -5.57649 67.0491 0.403759 -13 660 1 0 1
-23.3838 -26.0472 325.556 -5.78318 -7.44488 76.2913 3.38629 -13 661 1 0 1
-28.7769 22.0362 325.556 -4.50094 4.51551 57.8462 1.85564 -13 662 1 0 1
34.9437 21.86 325.556 5.6998 4.66252 57.5377 2.57637 -13 663 1 0 1
-22.4198 -41.2288 325.556 -4.84139 -9.89819 70.0458 3.58914 -13 664 1 0 1
-19.7036 -22.0659 325.556 -4.91638 -6.04554 76.7246 2.04758 -13 665 1 0 1
-48.3048 3.34709 325.556 -8.16674 0.900188 61.294 3.01755 -13 666 1 0 1
-0.125615 8.25451 325.556 0.0154771 1.86203 60.4738 -0.105408 -13 667 1 0 1
-12.7621 -55.2352 325.556 -0.897465 -7.41339 34.8211 3.95265 -13 668 1 0 1
6.62219 -67.2142 325.556 1.1872 -15.644 66.5935 3.3014 -13 669 1 0 1
11.6959 -44.954 325.556 2.0444 -11.115 72.0885 1.84458 -13 670 1 0 1
54.1383 -62.0735 325.556 9.3383 -13.4711 61.7938 2.51508 -13 671 1 0 1
46.3551 51.4646 325.556 7.11276 10.1645 55.9398 3.7422 -13 672 1 0 1
1.29003 120.125 325.556 0.276456 24.0592 56.0535 2.51371 -13 673 1 0 1
54.9166 25.0521 325.556 9.35932 5.49703 62.1943 2.87445 -13 674 1 0 1
-12.0219 -74.3372 325.556 -2.03536 -16.319 61.4318 5.20438 -13 675 1 0 1
71.5507 37.3485 325.556 9.55909 6.8183 48.9457 2.26681 -13 676 1 0 1
57.7473 -10.431 325.556 10.4604 -2.56331 66.1986 2.94059 -13 677 1 0 1
0.93443 50.3037 325.556 -0.126337 13.2119 71.1831 3.38284 -13 678 1 0 1
-40.2804 68.715 325.556 -7.66138 15.9808 65.9369 1.95193 -13 679 1 0 1
-23.7683 14.3473 325.556 -3.43352 2.64595 55.9836 1.28773 -13 680 1 0 1
-10.4166 -28.6002 325.556 -2.5464 -8.00224 73.1333 -1.43278 -13 681 1 0 1
-0.82555 -122.426 325.556 0.216815 -15.3607 30.7369 3.54257 -13 682 1 0 1
94.1775 58.2881 325.556 15.6568 13.0432 60.6576 4.13319 -13 683 1 0 1
-5.37744 -32.4579 325.556 -0.890375 -6.91111 61.3251 1.82438 -13 684 1 0 1
100.058 -47.7359 325.556 18.4055 -11.5526 67.1072 0.282255 -13 685 1 0 1
23.9238 51.5535 325.556 4.46483 12.4871 69.1828 2.29285 -13 686 1 0 1
37.2842 2.89131 325.556 5.67378 0.792414 53.5075 3.9428 -13 687 1 0 1
-10.5599 21.426 325.556 -2.0962 4.65609 66.5465 1.89495 -13 688 1 0 1
44.4948 -67.6449 325.556 7.42627 -14.489 59.3625 3.09965 -13 690 1 0 1
10.1551 -3.07261 325.556 1.72042 -1.05403 64.8747 0.00721069 -13 691 1 0 1
-18.4376 -5.46925 325.556 -3.24191 -1.66845 62.3243 1.0719 -13 692 1 0 1
32.453 2.58939 325.556 4.62995 -0.208005 50.8366 4.18758 -13 693 1 0 1
2.18143 -40.3893 325.556 0.288848 -8.74178 64.7452 4.33601 -13 694 1 0 1
7.03824 43.093 325.556 1.26382 9.75777 64.3621 2.33078 -13 696 1 0 1
-21.1831 34.9563 325.556 -4.65993 8.79203 70.453 2.39646 -13 697 1 0 1
75.2004 -47.4332 325.556 9.02336 -7.43419 43.877 1.97555 -13 699 1 0 1
0.321847 -19.4603 325.556 -0.325069 -4.89547 73.1887 3.21154 -13 700 1 0 1
17.1232 47.5652 325.556 3.17707 11.9029 69.6278 3.2213 -13 701 1 0 1
34.0403 7.48794 325.556 4.25555 1.27784 44.5573 3.95904 -13 702 1 0 1
-43.1306 22.6531 325.556 -10.6053 5.93403 79.105 -0.480363 -13 703 1 0 1
46.8782 67.065 325.556 7.42459 13.7239 56.0568 1.73281 -13 704 1 0 1
12.1431 22.8175 325.556 2.0191 4.22315 53.7353 3.68169 -13 705 1 0 1
-9.07097 24.4246 325.556 -1.09343 4.79518 54.5304 0.641026 -13 706 1 0 1
-7.75483 20.479 325.556 -1.95012 5.76517 72.2068 5.15558 -13 707 1 0 1
-54.389 -19.5334 325.556 -8.7381 -4.05257 58.7317 2.64349 -13 708 1 0 1
-4.205 -35.9277 325.556 -0.800806 -8.49855 65.4593 2.0458 -13 709 1 0 1
15.2016 -22.9599 325.556 2.14275 -4.02154 44.4985 1.66824 -13 710 1 0 1
30.062 1.56116 325.556 4.34273 -0.0134183 50.9217 2.0428 -13 711 1 0 1
0.583829 -36.6458 325.556 -0.133414 -8.7174 68.9863 3.28386 -13 712 1 0 1
-22.4973 -43.7033 325.556 -6.097 -12.3435 80.0005 1.73598 -13 713 1 0 1
10.9641 -4.29435 325.556 1.73173 -1.0687 49.8926 4.05781 -13 714 1 0 1
-18.5836 33.8147 325.556 -4.08163 8.59145 70.9426 0.788254 -13 715 1 0 1
53.9953 50.6667 325.556 7.60085 9.09848 49.9796 3.63468 -13 716 1 0 1
-4.74051 -20.7844 325.556 -0.437016 -4.01653 52.7996 4.08903 -13 717 1 0 1
-28.3086 -1.16261 325.556 -6.17976 -0.561681 72.1179 2.78541 -13 718 1 0 1
11.8443 17.8499 325.556 2.10749 4.7711 71.8944 1.74628 -13 719 1 0 1
-1.26435 63.5225 325.556 -0.29945 14.5092 64.9218 4.06506 -13 720 1 0 1
26.7075 -54.7484 325.556 5.0112 -13.436 70.8155 1.78359 -13 721 1 0 1
41.8703 -54.5632 325.556 6.49416 -10.8478 55.0181 0.705667 -13 722 1 0 1
2.00973 -25.0664 325.556 0.341132 -5.10224 61.6847 0.842387 -13 723 1 0 1
-0.798944 51.9774 325.556 -0.544196 12.76 71.8988 3.85286 -13 724 1 0 1
-20.4989 58.19 325.556 -2.95352 11.1909 54.8526 1.9596 -13 725 1 0 1
79.2959 -68.5294 325.556 11.5665 -13.0801 52.9061 1.34544 -13 726 1 0 1
39.3681 18.4066 325.556 4.89624 3.06297 44.7949 4.56835 -13 727 1 0 1
38.8055 153.374 325.556 3.93812 22.5564 37.8409 2.64682 -13 728 1 0 1
11.4217 -26.2122 325.556 1.85512 -6.75677 76.1987 -0.0450183 -13 729 1 0 1
-10.7501 -71.7273 325.556 -0.56721 -9.44807 35.4239 2.98715 -13 730 1 0 1
-17.7748 -19.3701 325.556 -3.82253 -4.5376 70.435 0.630121 -13 731 1 0 1
-20.8903 40.8598 325.556 -4.17944 9.46958 68.4344 3.91948 -13 732 1 0 1
-24.196 -7.85584 325.556 -2.68597 -1.64567 46.5942 2.12194 -13 733 1 0 1
14.4729 -7.24176 325.556 2.69527 -2.89898 71.5146 4.09994 -13 734 1 0 1
110.171 42.4596 325.556 13.1288 6.79774 45.3073 1.48257 -13 735 1 0 1
26.4205 39.6929 325.556 3.57547 6.77382 47.0866 2.31313 -13 736 1 0 1
-14.2863 45.3518 325.556 -2.42229 9.84575 62.6165 4.09212 -13 737 1 0 1
-2.78942 -3.311 325.556 -0.406531 -0.439422 57.7436 3.67916 -13 738 1 0 1
26.9572 -8.46315 325.556 4.51912 -1.47766 59.3476 0.960421 -13 739 1 0 1
-33.1071 5.73948 325.556 -7.29106 1.38456 72.9012 2.60763 -13 740 1 0 1
101.693 0.0920946 325.556 4.98092 0.0668539 23.2397 6.60701 -13 741 1 0 1
-56.5041 13.8687 325.556 -6.05178 2.33433 43.111 0.499344 -13 742 1 0 1
-15.6286 24.8424 325.556 -3.45992 6.43627 71.8961 3.17232 -13 743 1 0 1
-17.7304 35.5095 325.556 -2.53773 6.75631 55.5716 2.47266 -13 744 1 0 1
42.9314 50.2066 325.556 8.24604 12.3641 71.7181 3.80925 -13 745 1 0 1
-14.0442 -31.0732 325.556 -2.91722 -7.39478 68.2048 0.089557 -13 746 1 0 1
4.74083 -13.7843 325.556 0.760712 -3.22048 68.0348 2.08707 -13 747 1 0 1
-28.2197 12.5536 325.556 -3.42392 2.36148 49.0697 0.623495 -13 748 1 0 1
16.3819 -33.3525 325.556 2.95414 -8.46608 72.8921 2.95168 -13 749 1 0 1
-0.0864772 22.9738 325.556 0.00481329 4.30267 63.9901 2.69923 -13 750 1 0 1
-13.0308 58.1157 325.556 -1.64505 11.062 52.1523 2.33301 -13 751 1 0 1
-10.9022 67.6191 325.556 -2.1418 16.0542 66.1668 1.46656 -13 752 1 0 1
-8.27302 6.9711 325.556 -1.45675 1.2138 64.385 0.944514 -13 753 1 0 1
-39.4204 -5.4467 325.556 -8.01335 -1.11673 69.9605 2.19056 -13 754 1 0 1
-0.611153 -13.3947 325.556 -0.674213 -3.66206 75.7527 0.347487 -13 755 1 0 1
28.9253 45.3515 325.556 5.33839 11.1714 67.7927 0.879664 -13 756 1 0 1
72.2798 -33.5685 325.556 10.5422 -6.16358 52.5135 1.2092 -13 757 1 0 1
15.583 -33.5709 325.556 2.73718 -7.16602 56.459 2.53524 -13 758 1 0 1
29.6378 -92.3477 325.556 4.90133 -19.9389 60.3036 3.23615 -13 759 1 0 1
21.543 -18.989 325.556 3.46203 -3.79436 54.9684 2.42411 -13 760 1 0 1
13.0165 -37.0626 325.556 2.18551 -7.55298 59.3229 2.79207 -13 761 1 0 1
-51.2917 33.4619 325.556 -4.31746 4.68885 35.3933 2.25751 -13 762 1 0 1
58.5922 35.18 325.556 9.73285 7.86284 60.1309 3.36218 -13 763 1 0 1
18.4776 14.3307 325.556 3.42601 3.61602 70.6038 -0.732055 -13 764 1 0 1
-8.15856 -31.6475 325.556 -1.39128 -7.30992 64.7997 1.41893 -13 765 1 0 1
51.9263 113.563 325.556 3.55601 12.5702 27.3752 2.79248 -13 766 1 0 1
16.4228 -16.8852 325.556 2.7885 -3.65535 58.9812 1.6626 -13 767 1 0 1
38.1965 -106.728 325.556 6.73611 -24.1903 64.0239 2.62931 -13 768 1 0 1
29.5136 -4.09936 325.556 3.41933 -0.869366 40.1697 2.98665 -13 769 1 0 1
-33.4702 -33.2049 325.556 -6.90147 -9.02699 70.4453 0.8221 -13 770 1 0 1
23.844 -117.943 325.556 2.51731 -16.5391 36.3562 2.40074 -13 771 1 0 1
35.5399 7.19895 325.556 5.70852 1.28479 55.897 2.01956 -13 772 1 0 1
29.8112 2.48292 325.556 5.89171 0.765616 76.8175 2.27484 -13 773 1 0 1
-29.0963 -12.3279 325.556 -4.54293 -2.31329 58.4046 3.06943 -13 774 1 0 1
72.4027 -26.2583 325.556 12.174 -5.84417 60.4379 2.0149 -13 775 1 0 1
-12.7393 37.1464 325.556 -1.7312 7.35158 55.1335 4.74052 -13 776 1 0 1
-30.2021 -36.5626 325.556 -5.90862 -8.78999 67.2242 1.8947 -13 777 1 0 1
0.235695 64.6516 325.556 0.287431 11.1102 45.5371 5.15772 -13 778 1 0 1
-59.2358 -17.9557 325.556 -11.4101 -4.17717 67.4066 3.61895 -13 779 1 0 1
28.2934 -1.19135 325.556 5.42804 -0.210833 67.7233 1.00522 -13 780 1 0 1
-17.0092 11.1148 325.556 -3.24859 2.32078 66.1839 1.82873 -13 781 1 0 1
-27.0783 -34.4494 325.556 -4.83245 -7.60896 63.0062 2.52028 -13 782 1 0 1
48.8384 -24.8946 325.556 8.06149 -5.02772 58.8265 3.10063 -13 783 1 0 1
-57.8297 -101.548 325.556 -10.0552 -22.6867 62.0761 1.18265 -13 784 1 0 1
-58.5886 -24.5874 325.556 -13.536 -7.2616 76.7546 1.57444 -13 785 1 0 1
68.9645 17.6444 325.556 8.92199 2.84045 47.2795 1.49002 -13 787 1 0 1
-59.3615 -0.028341 325.556 -10.0864 -0.175738 61.217 1.13161 -13 788 1 0 1
39.4528 -10.0401 325.556 7.64666 -2.95803 70.8843 2.29214 -13 789 1 0 1
11.8581 -26.4269 325.556 1.97152 -6.04058 60.2283 4.08141 -13 790 1 0 1
25.1885 -65.9521 325.556 4.63163 -15.7939 66.94 0.51262 -13 791 1 0 1
-17.9792 -6.05077 325.556 -3.45683 -1.35748 66.9604 4.11504 -13 792 1 0 1
31.1902 -9.05023 325.556 4.7044 -1.97142 53.2318 4.05888 -13 793 1 0 1
16.9635 -47.4637 325.556 3.15638 -11.1454 68.9182 2.17621 -13 794 1 0 1
-37.5381 -58.8072 325.556 -5.67961 -11.7776 55.6717 -0.203042 -13 795 1 0 1
-34.216 7.86467 325.556 -5.3669 1.58571 58.7657 2.01063 -13 796 1 0 1
6.59259 -9.76415 325.556 1.16396 -2.05315 48.3387 1.62231 -13 797 1 0 1
-6.91237 79.0762 325.556 -1.97582 20.2082 73.048 3.82551 -13 798 1 0 1
0.248939 25.4561 325.556 0.0239802 5.51942 63.5118 2.90441 -13 799 1 0 1
-50.4675 35.3157 325.556 -8.19244 7.6959 59.1503 3.3056 -13 800 1 0 1
40.4617 9.41134 325.556 7.80331 1.67665 68.9869 4.11897 -13 801 1 0 1
-7.89602 -40.6165 325.556 -1.57519 -9.68305 66.1369 0.659163 -13 802 1 0 1
6.61446 15.7065 325.556 0.842313 4.75407 75.8548 0.0856163 -13 803 1 0 1
80.1485 7.11979 325.556 10.9406 1.36828 50.0389 1.91615 -13 804 1 0 1
6.7409 -4.52611 325.556 0.570199 -0.416847 23.8605 4.21284 -13 805 1 0 1
17.2859 -11.8801 325.556 2.85181 -2.48488 56.6315 3.15874 -13 806 1 0 1
-28.7164 -49.7357 325.556 -5.3604 -11.2423 65.9334 2.34153 -13 807 1 0 1
-78.8563 35.5114 325.556 -5.26487 4.13442 29.8722 5.17944 -13 808 1 0 1
-39.3493 3.31338 325.556 -7.21015 0.72161 64.9534 1.41456 -13 809 1 0 1
-28.0563 -15.5779 325.556 -6.75275 -4.38792 76.7514 1.08808 -13 810 1 0 1
6.09477 13.743 325.556 1.06186 3.60934 70.6208 1.641 -13 811 1 0 1
-35.9345 -33.7882 325.556 -3.33439 -4.76055 39.2814 4.87667 -13 812 1 0 1
37.008 58.8235 325.556 5.82273 11.9775 55.9626 2.95423 -13 813 1 0 1
-0.524754 7.1036 325.556 -0.0314411 1.92398 62.683 2.72267 -13 814 1 0 1
37.7116 40.1805 325.556 5.88845 7.98221 55.1491 0.158008 -13 815 1 0 1
-1.02495 -14.5832 325.556 -0.909622 -3.84908 77.0333 3.24196 -13 816 1 0 1
19.7744 -4.07162 325.556 2.45593 -0.57562 39.7569 1.20196 -13 817 1 0 1
28.7242 -62.9258 325.556 4.03214 -11.2693 48.4058 2.33592 -13 820 1 0 1
-10.811 -12.3743 325.556 -1.32798 -2.02091 52.8374 0.533113 -13 821 1 0 1
-45.3173 13.718 325.556 -11.7098 3.20081 80.5843 2.34024 -13 822 1 0 1
30.7158 -8.64463 325.556 5.07371 -1.9854 57.1599 2.05986 -13 823 1 0 1
-21.5866 -28.6752 325.556 -3.73314 -6.23273 61.1686 2.31857 -13 825 1 0 1
7.92604 38.2997 325.556 1.32404 9.27607 66.6348 0.528049 -13 826 1 0 1
11.7462 -66.1077 325.556 2.05892 -14.6812 61.7971 4.69014 -13 827 1 0 1
12.5426 -2.47661 325.556 2.35236 -0.884028 65.0263 -0.50761 -13 828 1 0 1
59.5826 -123.903 325.556 7.37736 -21.2728 46.1793 3.33095 -13 829 1 0 1
10.5483 -49.7012 325.556 1.84969 -11.2749 64.0789 1.81019 -13 830 1 0 1
16.9693 -16.5666 325.556 3.02601 -4.06723 65.8223 3.91879 -13 831 1 0 1
0.720555 -44.059 325.556 0.312362 -8.81279 55.5622 2.54894 -13 832 1 0 1
-7.67123 -19.3988 325.556 -1.34631 -4.27907 62.0004 2.38915 -13 833 1 0 1
-7.32475 -46.0646 325.556 -1.12402 -9.55712 60.3171 1.82876 -13 834 1 0 1
-26.138 -63.2602 325.556 -6.53418 -16.9795 76.6676 0.816227 -13 835 1 0 1
30.0686 64.7852 325.556 5.27415 14.923 64.8905 1.84608 -13 836 1 0 1
53.3087 -66.5424 325.556 9.60675 -14.7336 65.3551 2.99443 -13 837 1 0 1
21.1597 16.5322 325.556 3.97113 3.64418 71.7338 0.499963 -13 838 1 0 1
5.50732 -41.9722 325.556 1.07197 -7.98761 55.3573 1.78348 -13 839 1 0 1
-36.8698 32.2102 325.556 -6.10948 6.71699 60.0042 4.49972 -13 840 1 0 1
-12.6948 39.612 325.556 -1.91509 7.90873 58.4883 0.279061 -13 841 1 0 1
-21.018 -10.0912 325.556 -4.79509 -2.40723 73.4699 0.825021 -13 842 1 0 1
-23.0264 -64.0589 325.556 -5.31627 -16.8862 72.8923 2.30335 -13 843 1 0 1
-29.7816 65.1618 325.556 -4.64824 13.4158 57.9128 3.01737 -13 844 1 0 1
25.767 -1.47371 325.556 4.40946 -0.0847599 60.2929 3.0424 -13 845 1 0 1
60.9985 -81.8933 325.556 5.7646 -11.1075 36.3135 3.56062 -13 846 1 0 1
40.9892 -39.4706 325.556 6.67605 -7.43159 57.8152 0.962238 -13 847 1 0 1
-27.3439 -9.95289 325.556 -4.02287 -2.26441 55.5286 1.38509 -13 848 1 0 1
-45.6328 -18.1554 325.556 -6.51656 -3.31173 53.6427 0.253727 -13 849 1 0 1
50.8695 -61.5255 325.556 9.38448 -14.3999 67.1887 1.04268 -13 850 1 0 1
-17.9404 30.74 325.556 -2.86401 6.26044 59.6925 1.59938 -13 851 1 0 1
27.6652 -6.95874 325.556 5.31776 -1.71494 75.7199 2.27338 -13 852 1 0 1
2.59756 23.8228 325.556 0.499996 5.20265 62.0295 3.10268 -13 853 1 0 1
-14.777 -11.1795 325.556 -3.26915 -3.20789 69.4909 1.04488 -13 854 1 0 1
-21.6072 53.3652 325.556 -3.65705 11.5829 61.447 2.15665 -13 855 1 0 1
-53.6426 -23.0132 325.556 -8.56238 -5.30736 58.0953 2.45681 -13 856 1 0 1
9.63574 -4.84581 325.556 1.76802 -0.527965 66.0721 1.05941 -13 857 1 0 1
-90.9895 21.3722 325.556 -16.3649 4.70189 64.0771 -0.391917 -13 858 1 0 1
6.5427 -6.21042 325.556 1.28393 -1.04241 55.4341 3.78114 -13 859 1 0 1
-17.2802 18.8463 325.556 -3.44462 4.50302 67.8407 3.22093 -13 860 1 0 1
-11.6056 -28.6904 325.556 -3.12205 -7.71803 76.9298 -0.0693694 -13 861 1 0 1
-1.95225 29.3459 325.556 -0.369402 6.76697 63.8072 1.89781 -13 862 1 0 1
-66.0467 -45.0776 325.556 -10.6768 -9.20683 58.6256 2.3233 -13 863 1 0 1
-7.48 6.95171 325.556 -1.24696 1.65861 62.6872 1.39519 -13 864 1 0 1
-14.3056 -24.2089 325.556 -1.99951 -4.46563 55.3391 3.98073 -13 865 1 0 1
20.1375 76.68 325.556 3.18499 15.5187 55.3614 2.14357 -13 866 1 0 1
24.5432 30.9345 325.556 4.73425 7.71426 74.5668 1.13674 -13 867 1 0 1
-26.0808 3.45575 325.556 -6.66497 0.626907 78.4914 0.100255 -13 868 1 0 1
-100.634 -76.4488 325.556 -15.3702 -15.3561 56.3089 1.53891 -13 869 1 0 1
3.30984 -32.0527 325.556 0.594196 -7.00046 59.9155 2.82612 -13 870 1 0 1
11.03 -89.1632 325.556 1.86215 -20.2858 63.975 0.79996 -13 871 1 0 1
-19.0546 -12.88 325.556 -3.78242 -2.83246 67.6407 0.77822 -13 872 1 0 1
18.5647 -7.56436 325.556 3.49661 -2.18325 71.835 0.752143 -13 873 1 0 1
-18.0984 41.5253 325.556 -3.55442 9.74558 66.601 4.50814 -13 874 1 0 1
-24.3369 -31.1891 325.556 -4.27863 -7.01048 62.7568 2.21845 -13 875 1 0 1
15.5161 35.9105 325.556 2.78437 9.11544 74.7892 1.78273 -13 876 1 0 1
16.707 61.1579 325.556 3.11083 15.1985 67.9479 -0.103216 -13 877 1 0 1
-2.19162 54.7817 325.556 -0.882114 14.2053 72.3848 -1.88435 -13 878 1 0 1
-31.4316 22.1858 325.556 -4.06578 3.97204 51.4893 3.46924 -13 879 1 0 1
26.0505 -35.6508 325.556 4.90293 -8.57805 68.2298 2.70448 -13 880 1 0 1
16.8467 -36.4535 325.556 2.78539 -7.34404 56.7033 3.9735 -13 881 1 0 1
47.7954 89.1072 325.556 9.28394 22.4017 72.1452 1.27832 -13 882 1 0 1
56.053 90.716 325.556 9.45711 20.1485 61.8746 1.6855 -13 883 1 0 1
80.3854 35.8439 325.556 7.77596 5.07071 36.7132 2.89096 -13 885 1 0 1
9.17763 -18.8745 325.556 1.29184 -5.9126 79.684 4.03818 -13 886 1 0 1
-50.7644 43.5552 325.556 -10.3052 10.4323 69.5094 2.37365 -13 887 1 0 1
5.05654 23.5327 325.556 1.02396 4.33098 55.3931 2.21302 -13 888 1 0 1
-6.67915 -21.8935 325.556 -0.907605 -4.36705 57.4077 1.48729 -13 889 1 0 1
31.2679 -74.5411 325.556 5.69564 -17.5761 66.8121 0.759599 -13 890 1 0 1
24.0636 -8.42038 325.556 2.41367 -1.05224 35.1402 2.02047 -13 891 1 0 1
-33.1928 -32.7358 325.556 -6.98213 -7.56844 71.0001 2.25679 -13 892 1 0 1
-48.7097 10.7402 325.556 -7.73844 2.47848 58.7696 0.411802 -13 893 1 0 1
29.2211 -18.7415 325.556 5.82153 -4.76511 76.111 1.70504 -13 894 1 0 1
-68.2861 82.5271 325.556 -14.0537 21.2196 70.0023 3.37529 -13 895 1 0 1
-29.4511 74.4425 325.556 -5.7949 17.7959 67.513 0.20282 -13 896 1 0 1
-6.24552 -33.246 325.556 -0.666196 -5.86784 49.1169 0.600757 -13 897 1 0 1
13.7317 -6.56922 325.556 2.21773 -1.15981 55.695 1.45171 -13 898 1 0 1
65.8513 20.7916 325.556 11.1852 4.70229 60.8628 1.73922 -13 899 1 0 1
16.026 -2.69146 325.556 2.91128 -1.06012 68.6056 2.42069 -13 901 1 0 1
61.2181 -21.6584 325.556 9.30731 -4.47715 54.5111 2.75461 -13 902 1 0 1
-2.51843 -43.0065 325.556 -1.07132 -10.3195 74.571 2.89657 -13 903 1 0 1
23.3846 -15.6285 325.556 3.86239 -3.59624 58.8216 3.98949 -13 904 1 0 1
-68.907 20.8774 325.556 -15.9634 5.77703 77.2764 1.85129 -13 905 1 0 1
-52.6806 -26.3088 325.556 -7.66649 -5.02998 54.7517 3.44272 -13 906 1 0 1
6.43881 48.8195 325.556 1.05641 11.1651 67.4356 2.16568 -13 907 1 0 1
-19.566 -47.3666 325.556 -1.57319 -6.62057 37.2951 3.16351 -13 908 1 0 1
-10.6481 -17.4787 325.556 -2.73505 -4.07151 73.6475 2.42941 -13 909 1 0 1
-14.9635 -25.4775 325.556 -3.27049 -6.29435 70.3947 1.63397 -13 910 1 0 1
1.34867 139.713 325.556 0.326282 20.4726 37.9496 2.25764 -13 911 1 0 1
25.4062 73.4172 325.556 3.76188 13.8608 54.1856 1.37822 -13 912 1 0 1
-20.0964 54.6583 325.556 -5.62269 15.468 78.5509 2.98275 -13 913 1 0 1
-85.7072 39.6136 325.556 -16.8818 10.1193 68.977 2.84552 -13 914 1 0 1
23.566 -46.3634 325.556 4.05592 -9.78094 61.1464 1.12916 -13 915 1 0 1
-75.4087 10.0555 325.556 -18.017 2.92857 78.1708 6.00595 -13 916 1 0 1
-3.49231 67.1426 325.556 -0.0237177 10.2943 40.5737 2.52816 -13 917 1 0 1
-58.3005 42.894 325.556 -12.1052 10.5746 70.9217 3.83041 -13 918 1 0 1
-16.0867 15.4794 325.556 -3.07488 3.32285 66.4159 1.26434 -13 919 1 0 1
-44.4991 -4.94757 325.556 -10.8413 -0.940599 78.9137 2.12162 -13 920 1 0 1
48.4589 -20.7237 325.556 4.39082 -3.05316 34.2581 3.57949 -13 921 1 0 1
-42.8376 -52.4661 325.556 -10.7008 -14.1607 79.2204 4.11321 -13 922 1 0 1
-29.3494 -3.07634 325.556 -4.71195 -0.667005 58.9518 1.88484 -13 923 1 0 1
-7.67234 13.7108 325.556 -1.65826 2.99412 68.4596 0.782322 -13 924 1 0 1
-2.08783 42.7254 325.556 -0.398078 9.48829 62.5836 2.32035 -13 925 1 0 1
-28.9253 23.7122 325.556 -7.03847 6.05434 77.0457 3.06591 -13 926 1 0 1
-10.5244 -10.7153 325.556 -1.99447 -2.07455 67.895 2.39005 -13 927 1 0 1
19.5889 -25.7956 325.556 3.29776 -5.42802 58.0217 1.83122 -13 928 1 0 1
-12.2368 7.30489 325.556 -2.66444 1.76079 70.3898 3.12864 -13 930 1 0 1
42.2297 -12.5887 325.556 7.37855 -3.11491 62.936 3.94135 -13 931 1 0 1
-11.7229 -40.9098 325.556 -1.45794 -7.75445 52.4225 4.11441 -13 932 1 0 1
24.8118 62.3845 325.556 4.52852 15.1078 67.7227 2.87837 -13 933 1 0 1
-30.2963 29.2258 325.556 -6.90266 7.68913 74.0515 1.1819 -13 934 1 0 1
-64.8065 15.3366 325.556 -10.3706 3.12285 58.1913 3.01311 -13 935 1 0 1
64.2258 -2.60712 325.556 10.9002 -0.11769 60.3887 2.04855 -13 936 1 0 1
-16.7782 -18.4493 325.556 -3.97042 -4.20394 73.2601 1.53122 -13 938 1 0 1
4.72636 -18.8072 325.556 0.963887 -4.04534 61.2883 1.4292 -13 939 1 0 1
-4.96061 19.0026 325.556 -0.745453 4.26136 60.5245 1.95758 -13 940 1 0 1
-22.7394 32.1826 325.556 -4.34168 7.80159 66.4353 2.08384 -13 941 1 0 1
44.2893 -10.0616 325.556 8.61608 -2.5236 71.8873 2.3249 -13 942 1 0 1
20.7911 -15.3609 325.556 3.80421 -3.46719 67.8936 3.25603 -13 943 1 0 1
-9.2624 20.8764 325.556 -1.05669 4.31228 52.4375 1.79416 -13 944 1 0 1
-13.376 93.1458 325.556 -2.96108 22.8811 68.9051 2.7204 -13 945 1 0 1
0.284091 42.3216 325.556 0.287612 6.96067 44.9554 1.77885 -13 946 1 0 1
33.8085 5.03968 325.556 6.13637 1.48357 65.1594 0.718305 -13 947 1 0 1
50.1105 -29.842 325.556 7.034 -5.21369 50.5414 3.60585 -13 948 1 0 1
-35.7323 -22.4792 325.556 -4.98186 -4.32513 54.1463 2.58616 -13 949 1 0 1
-14.1646 26.0546 325.556 -2.62713 5.78797 65.8107 1.94641 -13 950 1 0 1
131.787 -40.594 325.556 18.5034 -7.4369 52.6667 2.9279 -13 951 1 0 1
30.4819 -28.7742 325.556 5.09966 -6.04525 59.2736 4.70065 -13 952 1 0 1
14.1966 -30.1313 325.556 2.32458 -6.44734 59.5557 2.28944 -13 953 1 0 1
7.12444 -99.8942 325.556 1.23188 -19.2097 53.3738 1.97281 -13 954 1 0 1
21.1773 -31.7 325.556 3.58631 -7.3159 60.7798 2.53893 -13 955 1 0 1
-11.8539 17.6123 325.556 -1.62176 3.09696 54.5952 2.0724 -13 956 1 0 1
-42.8497 -34.3998 325.556 -6.65125 -7.35162 57.3461 1.07387 -13 957 1 0 1
-56.2001 -4.64728 325.556 -14.1914 -1.47239 79.4915 0.882804 -13 958 1 0 1
56.2958 -35.3031 325.556 9.6011 -7.75677 61.52 2.39607 -13 959 1 0 1
-35.3327 -12.9273 325.556 -7.89802 -3.46349 73.7211 -0.261394 -13 960 1 0 1
29.8571 -34.9639 325.556 4.80616 -6.65846 55.2395 2.34109 -13 961 1 0 1
49.9923 -20.7065 325.556 4.7958 -2.79915 35.476 3.84116 -13 962 1 0 1
57.6432 -23.6094 325.556 10.6873 -6.34781 67.415 3.86152 -13 963 1 0 1
-2.21376 7.30252 325.556 -0.278353 1.43636 62.5253 3.90784 -13 964 1 0 1
-14.5664 -48.2136 325.556 -2.70183 -11.0249 64.1156 3.3453 -13 965 1 0 1
-39.1442 -15.0486 325.556 -5.55728 -2.50596 53.8492 4.50803 -13 966 1 0 1
42.7947 12.4307 325.556 6.61429 2.57379 54.0801 2.77172 -13 967 1 0 1
-95.3369 -3.0278 325.556 -16.3017 -0.882227 61.647 0.986258 -13 968 1 0 1
23.6074 -40.2468 325.556 3.54328 -7.39247 50.0792 2.91531 -13 969 1 0 1
32.4401 -42.1482 325.556 5.76248 -9.70219 64.158 1.86792 -13 970 1 0 1
14.5074 21.4997 325.556 2.6926 5.56432 68.0314 0.71863 -13 971 1 0 1
-6.27857 86.144 325.556 -0.143968 10.3993 30.2249 2.65234 -13 972 1 0 1
-10.5172 12.3586 325.556 -0.629888 1.72847 33.7245 2.49936 -13 973 1 0 1
-21.8865 25.6903 325.556 -4.43279 6.22471 69.0878 1.2315 -13 974 1 0 1
-34.346 1.3577 325.556 -7.67137 1.03689 74.3533 3.42132 -13 975 1 0 1
-18.1399 -64.2777 325.556 -3.03846 -13.5724 60.7259 2.40865 -13 977 1 0 1
-34.535 -14.026 325.556 -7.35541 -3.70062 71.1488 0.397528 -13 979 1 0 1
-42.2074 -9.04487 325.556 -6.84758 -2.0042 59.4063 0.666839 -13 980 1 0 1
-23.33 -60.8458 325.556 -4.1141 -13.6445 61.833 1.3355 -13 981 1 0 1
17.9876 46.9747 325.556 3.24218 10.3065 64.1162 1.29412 -13 982 1 0 1
-0.465697 14.9069 325.556 -0.473911 4.47216 73.3588 1.46587 -13 983 1 0 1
157.555 -97.0842 325.556 12.0155 -12.2988 33.1965 4.77174 -13 984 1 0 1
25.9867 37.2419 325.556 4.44127 7.95544 59.9093 2.94859 -13 985 1 0 1
-33.6095 -25.1664 325.556 -5.69802 -5.30149 61.1419 1.73227 -13 986 1 0 1
16.4626 -89.3503 325.556 2.73304 -18.9465 59.1669 2.52801 -13 987 1 0 1
-29.2913 126.742 325.556 -1.09737 11.5796 21.5017 4.78257 -13 988 1 0 1
9.38096 -31.8828 325.556 1.68221 -7.54794 69.7516 2.92583 -13 989 1 0 1
-10.082 -32.3715 325.556 -2.19096 -8.37781 69.6686 2.1407 -13 990 1 0 1
-24.8963 44.9225 325.556 -3.17658 7.95561 51.0482 0.126398 -13 991 1 0 1
-32.2536 39.5262 325.556 -3.15203 5.98696 41.7722 3.6253 -13 992 1 0 1
33.7807 -37.707 325.556 4.98003 -6.7094 50.0381 4.01842 -13 993 1 0 1
85.1638 -168.659 325.556 5.54652 -24.8282 41.5648 2.01867 -13 994 1 0 1
35.7104 18.6476 325.556 6.40535 4.30983 64.1748 0.174142 -13 995 1 0 1
-35.032 0.859854 325.556 -6.9947 0.157496 68.6373 2.09276 -13 996 1 0 1
-4.47683 21.0626 325.556 -0.337361 3.71267 48.251 4.86623 -13 997 1 0 1
10.5309 -132.855 325.556 0.492415 -9.73027 15.4483 7.00345 -13 998 1 0 1
42.4045 -9.05354 325.556 6.76289 -1.73795 56.7128 2.14461 -13 999 1 0 1
-13.6375 -34.0188 325.556 -1.50482 -5.88559 47.7123 1.93294 -13 1000 1 0 1
-28.8143 -18.3813 325.556 -6.168 -4.68436 71.8506 1.10197 -13 1001 1 0 1
1.59341 71.0623 325.556 0.415023 12.9853 51.1186 1.04752 -13 1002 1 0 1
-12.5197 9.31658 325.556 -1.00883 1.67615 39.8097 2.88794 -13 1003 1 0 1
14.7995 -42.326 325.556 2.77529 -9.35898 66.8549 2.75716 -13 1004 1 0 1
-20.1677 -39.1851 325.556 -1.6586 -5.58566 36.7653 2.45122 -13 1005 1 0 1
-24.594 19.0698 325.556 -4.31789 4.10638 62.81 4.14622 -13 1006 1 0 1
-45.2822 -19.3337 325.556 -9.40248 -4.6603 70.8691 2.89944 -13 1007 1 0 1
-47.5366 -46.9166 325.556 -9.89099 -11.6033 71.085 4.79488 -13 1008 1 0 1
-5.47907 66.5132 325.556 -0.844393 13.8987 59.4685 1.93116 -13 1009 1 0 1
-63.7244 -54.6084 325.556 -13.247 -13.6023 70.7644 3.9108 -13 1010 1 0 1
33.558 -28.004 325.556 4.52943 -4.85462 46.4396 2.13815 -13 1011 1 0 1
-6.50248 12.6257 325.556 -1.47444 2.5962 70.2723 1.63086 -13 1012 1 0 1
-24.2947 -5.74997 325.556 -4.38759 -1.7902 64.5052 0.506072 -13 1013 1 0 1
-11.4388 21.3369 325.556 -3.03443 5.7242 76.2291 -0.155743 -13 1014 1 0 1
8.37175 -3.90506 325.556 1.53772 -0.774523 66.2504 2.06871 -13 1015 1 0 1
14.4097 -38.006 325.556 2.52282 -7.96453 58.8842 2.43969 -13 1016 1 0 1
-53.3879 62.7471 325.556 -10.4526 14.8116 67.7924 2.83253 -13 1017 1 0 1
4.13814 50.0053 325.556 0.752455 9.5479 50.5597 0.945848 -13 1018 1 0 1
-28.2653 93.2118 325.556 -4.6448 19.1799 58.7572 1.66947 -13 1019 1 0 1
13.027 -11.9454 325.556 2.25236 -2.42482 61.7148 2.425 -13 1020 1 0 1
-1.59388 -56.1395 325.556 -0.367683 -12.9845 63.0359 2.79528 -13 1021 1 0 1
20.4998 -73.9622 325.556 3.75549 -17.7185 69.1315 3.00215 -13 1022 1 0 1
30.96 -34.3477 325.556 5.34319 -7.41538 61.7748 0.179236 -13 1023 1 0 1
-40.787 26.3076 325.556 -10.0032 6.91243 78.6374 1.87794 -13 1024 1 0 1
42.3997 19.7025 325.556 2.65874 1.79459 25.5053 1.56923 -13 1025 1 0 1
8.94599 -20.271 325.556 1.32776 -5.33156 78.4953 1.49264 -13 1026 1 0 1
-9.1486 -1.22845 325.556 -2.55093 -0.448405 76.0977 1.77997 -13 1027 1 0 1
-2.87238 -45.368 325.556 -0.329595 -9.71734 61.2997 2.44517 -13 1028 1 0 1
36.4505 27.9232 325.556 6.21055 6.08875 60.5288 0.882572 -13 1029 1 0 1
14.7773 40.4311 325.556 2.46174 8.36418 58.3929 1.25221 -13 1030 1 0 1
-91.1587 -12.2809 325.556 -20.4554 -3.20289 75.9791 2.8958 -13 1031 1 0 1
-23.1482 -32.9149 325.556 -4.24271 -7.90064 64.682 3.14861 -13 1032 1 0 1
32.8945 -15.538 325.556 5.09076 -3.11279 54.7694 2.00152 -13 1033 1 0 1
-29.7132 2.14744 325.556 -5.4156 0.319097 65.3272 3.14722 -13 1034 1 0 1
4.39624 55.9898 325.556 0.848915 10.8859 53.7373 2.09588 -13 1035 1 0 1
-5.53071 28.6891 325.556 -1.36631 6.87416 70.0666 0.957789 -13 1036 1 0 1
-73.9983 111.355 325.556 -8.08851 17.8484 43.186 2.71332 -13 1037 1 0 1
-24.6036 -53.4297 325.556 -3.90615 -11.1581 57.4944 1.6234 -13 1038 1 0 1
-7.39293 29.8198 325.556 -1.04712 6.45255 58.3369 0.826031 -13 1039 1 0 1
49.8955 -6.40188 325.556 9.71255 -1.64871 70.1529 3.59043 -13 1040 1 0 1
18.6409 -16.2913 325.556 3.41461 -3.39694 67.7891 1.64733 -13 1041 1 0 1
29.1562 3.87916 325.556 5.44281 0.766908 66.9988 2.53835 -13 1043 1 0 1
1.33707 19.0253 325.556 -0.412462 5.90552 78.4055 2.91512 -13 1044 1 0 1
31.1829 90.6484 325.556 5.06673 18.8495 58.1787 1.8711 -13 1045 1 0 1
-55.9819 38.9386 325.556 -10.5943 9.17292 65.7228 4.39284 -13 1046 1 0 1
-23.2924 2.83834 325.556 -4.92555 0.298887 70.1186 3.923 -13 1047 1 0 1
-55.5015 -0.234033 325.556 -2.74256 -0.0831104 23.9714 4.67409 -13 1048 1 0 1
-33.3839 -45.5363 325.556 -1.95223 -5.0089 28.5003 4.64229 -13 1049 1 0 1
55.9094 -22.6898 325.556 9.35888 -5.15599 59.8044 2.83689 -13 1050 1 0 1
36.7114 -28.2904 325.556 6.58714 -6.1016 64.2484 2.23199 -13 1051 1 0 1
-58.2808 27.8095 325.556 -7.72704 5.00618 51.0659 4.28995 -13 1052 1 0 1
-60.1077 -19.5852 325.556 -14.2394 -5.32806 77.6938 2.87183 -13 1053 1 0 1
6.63669 -3.07896 325.556 0.926872 -0.405866 73.8652 2.23794 -13 1054 1 0 1
1.81195 -34.682 325.556 0.158541 -8.30036 68.8481 2.53338 -13 1055 1 0 1
-6.97846 -38.7342 325.556 -1.04938 -7.90253 60.0559 2.3839 -13 1056 1 0 1
27.2795 3.28478 325.556 4.19246 0.324365 52.8298 1.67626 -13 1057 1 0 1
5.41452 -37.0151 325.556 0.778629 -9.27723 70.1039 1.90976 -13 1058 1 0 1
22.4998 -18.0595 325.556 3.09676 -3.22073 46.4367 1.13069 -13 1059 1 0 1
33.9743 -18.2291 325.556 6.27158 -4.27614 66.3543 1.11556 -13 1060 1 0 1
-10.887 45.3041 325.556 -1.09815 8.10631 47.7479 1.60018 -13 1061 1 0 1
-5.03233 8.86468 325.556 -0.372396 1.49329 42.096 2.78621 -13 1062 1 0 1
-35.0292 38.416 325.556 -6.9173 9.45614 68.259 1.76348 -13 1063 1 0 1
87.6848 26.6405 325.556 16.8973 6.68505 70.2688 1.56681 -13 1064 1 0 1
7.2461 -7.00514 325.556 1.1207 -1.33944 70.4468 3.76812 -13 1066 1 0 1
-16.6934 59.7642 325.556 -3.53187 14.6407 68.7986 2.02676 -13 1067 1 0 1
-72.1162 -6.46992 325.556 -7.07226 -0.863627 39.8985 2.43316 -13 1068 1 0 1
-34.327 -18.0377 325.556 -5.54222 -3.45041 58.729 1.38986 -13 1069 1 0 1
2.26013 -42.9741 325.556 0.587581 -8.15643 52.6754 2.79924 -13 1070 1 0 1
52.9692 11.8183 325.556 9.99306 2.43792 68.4483 3.91881 -13 1071 1 0 1
-9.12953 124.501 325.556 -0.815629 22.1383 48.4846 2.24568 -13 1072 1 0 1
12.9829 22.0559 325.556 2.28829 5.65101 73.0039 1.65795 -13 1073 1 0 1
20.6391 14.3489 325.556 3.97891 3.84179 72.5643 2.94745 -13 1074 1 0 1
-43.2827 -9.73798 325.556 -7.20131 -1.63189 60.0857 1.94548 -13 1075 1 0 1
62.4234 31.9398 325.556 9.77475 6.47104 55.8493 1.79808 -13 1076 1 0 1
-93.618 -6.55568 325.556 -13.7676 -1.31991 54.0014 1.68741 -13 1077 1 0 1
-34.5996 27.9009 325.556 -5.79598 5.82851 61.2369 1.02561 -13 1078 1 0 1
35.0129 20.153 325.556 6.45781 4.96223 67.6147 2.58209 -13 1079 1 0 1
-28.4807 51.1733 325.556 -7.31803 13.7893 78.6932 1.8093 -13 1080 1 0 1
81.0781 -34.2553 325.556 13.9486 -7.61557 62.371 3.61383 -13 1081 1 0 1
-10.0414 1.11611 325.556 -1.76271 -0.116507 63.5543 2.46287 -13 1082 1 0 1
-15.3889 46.9712 325.556 -0.901876 6.14469 33.6997 2.06777 -13 1083 1 0 1
0.329204 8.15755 325.556 -0.167533 1.98765 71.4892 1.5079 -13 1084 1 0 1
33.9833 57.9244 325.556 5.74882 11.983 61.1407 1.79556 -13 1085 1 0 1
30.5945 13.3847 325.556 5.07193 2.83716 58.7175 2.18863 -13 1086 1 0 1
-6.98342 -11.7942 325.556 -2.08047 -3.63383 76.3902 2.55589 -13 1087 1 0 1
19.1481 76.2047 325.556 3.19618 15.7978 57.4965 2.93735 -13 1088 1 0 1
72.1235 65.8587 325.556 14.4418 16.7586 73.4941 1.07076 -13 1089 1 0 1
10.7048 38.379 325.556 1.94962 8.50657 65.6965 2.56258 -13 1090 1 0 1
-112.438 -7.24579 325.556 -17.7864 -1.24754 58.137 0.247389 -13 1091 1 0 1
-53.7882 20.9723 325.556 -10.9732 4.68522 70.1661 0.131617 -13 1092 1 0 1
9.42897 -38.208 325.556 1.30819 -10.5028 78.8917 1.09401 -13 1093 1 0 1
75.2856 -64.8589 325.556 8.28577 -10.0984 41.3364 1.69543 -13 1094 1 0 1
28.9802 28.5801 325.556 5.35443 6.76398 65.5318 2.21389 -13 1095 1 0 1
-36.9585 41.5318 325.556 -5.46321 7.75936 55.1701 1.88699 -13 1096 1 0 1
22.9178 -2.99208 325.556 3.80931 -0.838558 58.1791 2.40986 -13 1097 1 0 1
-34.2562 -10.8573 325.556 -6.8817 -2.11017 68.786 2.52168 -13 1098 1 0 1
-14.7642 -47.6019 325.556 -2.01381 -9.39154 55.3036 0.356557 -13 1099 1 0 1
-38.3663 -30.2647 325.556 -7.85003 -7.54562 69.2231 1.58183 -13 1100 1 0 1
36.6013 49.9601 325.556 4.756 8.49539 45.4474 4.50553 -13 1101 1 0 1
-15.903 39.2913 325.556 -2.25755 7.46623 57.026 1.7915 -13 1102 1 0 1
20.0135 -57.2 325.556 3.72362 -13.7304 67.7807 1.6034 -13 1103 1 0 1
-18.6679 41.6147 325.556 -4.47337 10.8061 74.3316 1.52209 -13 1104 1 0 1
34.3498 -47.652 325.556 6.16371 -10.8344 62.7403 0.305737 -13 1105 1 0 1
-77.7261 -33.1612 325.556 -14.6865 -7.51692 66.4066 3.55602 -13 1106 1 0 1
42.5098 64.6026 325.556 5.83144 11.8219 49.6243 4.66367 -13 1107 1 0 1
17.252 -66.7511 325.556 3.01292 -15.0772 63.1552 4.55743 -13 1108 1 0 1
-2.04355 -8.32407 325.556 -0.605446 -2.21652 67.5815 4.53601 -13 1109 1 0 1
21.2638 94.7767 325.556 2.6219 14.4092 40.6495 5.40384 -13 1110 1 0 1
-4.67702 27.3245 325.556 -0.756292 5.53017 62.8397 3.63247 -13 1111 1 0 1
-26.4413 40.1178 325.556 -4.23863 8.33365 59.3089 3.05507 -13 1112 1 0 1
14.5748 -18.9419 325.556 2.63675 -4.94125 76.39 2.23187 -13 1113 1 0 1
-59.7192 -33.9936 325.556 -8.45007 -6.69684 52.8442 5.2864 -13 1114 1 0 1
41.8084 103.917 325.556 6.77038 21.8498 57.9773 2.6503 -13 1115 1 0 1
20.4933 61.2283 325.556 3.73196 15.3169 69.0844 2.81301 -13 1116 1 0 1
14.3511 28.7588 325.556 2.7428 7.24219 74.2006 0.310439 -13 1117 1 0 1
-7.13002 -40.6585 325.556 -0.950852 -8.55658 56.6478 1.42401 -13 1118 1 0 1
38.2168 41.2097 325.556 6.62434 8.75317 61.6002 -0.0903703 -13 1119 1 0 1
-5.56398 -3.35195 325.556 -1.2996 -0.992549 70.5744 1.10344 -13 1120 1 0 1
0.741342 -72.1266 325.556 0.216189 -14.6136 57.9546 0.695116 -13 1121 1 0 1
0.0143466 5.66615 325.556 -0.543879 1.5934 77.6801 2.06854 -13 1122 1 0 1
-42.0813 24.5106 325.556 -7.85537 5.40954 65.6552 5.29929 -13 1123 1 0 1
22.8182 12.7593 325.556 4.01521 2.52387 63.804 3.05131 -13 1124 1 0 1
-18.2063 38.2577 325.556 -3.04882 8.80208 60.5291 2.94518 -13 1125 1 0 1
66.7911 3.41715 325.556 9.62611 0.811624 52.6165 0.897188 -13 1126 1 0 1
14.1032 52.4041 325.556 2.36829 10.8339 55.937 2.41179 -13 1127 1 0 1
23.7338 -13.3948 325.556 3.75467 -2.09013 53.3908 1.77741 -13 1128 1 0 1
-19.1542 -32.8698 325.556 -4.22233 -8.67885 71.3499 1.75576 -13 1129 1 0 1
51.1874 60.0911 325.556 5.9593 9.44003 42.8738 3.89187 -13 1130 1 0 1
-16.1457 -14.4968 325.556 -2.93318 -3.81066 63.6547 2.58326 -13 1131 1 0 1
52.2809 26.7193 325.556 6.01378 3.97206 41.3135 2.16209 -13 1132 1 0 1
-20.8447 -11.5156 325.556 -4.37962 -3.55464 70.7485 -0.14172 -13 1133 1 0 1
-4.80459 -13.1755 325.556 -1.42509 -3.65767 73.87 1.45723 -13 1134 1 0 1
28.6925 3.82127 325.556 5.27271 0.287611 68.4342 2.24388 -13 1135 1 0 1
55.3492 -52.4513 325.556 7.69895 -9.32965 49.0857 2.93487 -13 1136 1 0 1
10.9282 -54.2853 325.556 1.47604 -7.90943 41.1201 4.21114 -13 1137 1 0 1
-61.9111 -6.38928 325.556 -13.7752 -1.5238 74.8316 0.803343 -13 1138 1 0 1
21.6753 -17.3032 325.556 3.77304 -3.78207 62.4338 2.66694 -13 1139 1 0 1
56.246 44.6826 325.556 10.286 9.8651 65.4277 1.94638 -13 1140 1 0 1
-85.9967 -61.6207 325.556 -19.7155 -16.3211 76.9701 0.676635 -13 1141 1 0 1
31.5474 58.6306 325.556 3.69434 9.06517 41.6851 2.65608 -13 1142 1 0 1
6.17516 4.9022 325.556 1.18411 1.10654 60.7027 2.21911 -13 1143 1 0 1
-12.8004 30.8791 325.556 -1.89853 6.53813 57.8265 4.15948 -13 1144 1 0 1
52.418 -17.4748 325.556 5.93501 -3.0741 41.916 1.67859 -13 1145 1 0 1
48.4569 -57.127 325.556 6.69487 -9.96466 49.3951 3.99372 -13 1146 1 0 1
17.9153 6.80077 325.556 2.79925 1.30541 52.6525 3.26285 -13 1147 1 0 1
-20.8199 -25.5703 325.556 -3.95814 -5.98755 65.8847 1.38336 -13 1148 1 0 1
24.4184 8.83933 325.556 4.67251 2.45119 70.2962 4.03325 -13 1149 1 0 1
45.029 -113.715 325.556 7.76652 -26.0425 63.5366 2.03329 -13 1150 1 0 1
-21.4117 -28.414 325.556 -2.62654 -5.40129 51.2019 3.24043 -13 1151 1 0 1
-20.7546 -10.0715 325.556 -3.80808 -2.14881 64.0239 2.62634 -13 1152 1 0 1
55.336 52.0996 325.556 8.82812 10.4308 57.185 1.43141 -13 1153 1 0 1
35.6194 -24.7798 325.556 5.80737 -4.94114 57.9816 1.71735 -13 1155 1 0 1
50.5581 -6.40483 325.556 8.61357 -0.882677 60.9933 2.89504 -13 1156 1 0 1
-28.7829 -77.0451 325.556 -3.83806 -14.3364 51.3145 1.58565 -13 1157 1 0 1
44.0633 -10.7131 325.556 5.57764 -1.83823 46.1712 2.45985 -13 1158 1 0 1
-18.5065 -22.1696 325.556 -3.27154 -4.70352 62.4424 1.60665 -13 1159 1 0 1
-45.5928 29.4508 325.556 -9.70049 7.38762 71.9082 1.66758 -13 1160 1 0 1
-2.27197 16.0791 325.556 -0.432836 3.49751 63.2941 2.50363 -13 1161 1 0 1
18.5972 -43.9939 325.556 3.2756 -9.6718 64.4165 2.87954 -13 1162 1 0 1
-29.118 -31.4066 325.556 -5.05755 -6.93392 62.3144 2.78872 -13 1163 1 0 1
42.4515 -9.27596 325.556 7.57396 -1.66257 63.3834 1.93603 -13 1164 1 0 1
11.49 -10.7682 325.556 2.02446 -2.20951 59.8052 1.41169 -13 1166 1 0 1
12.3084 29.2794 325.556 2.19308 7.31255 70.9426 3.41217 -13 1167 1 0 1
11.6159 26.64 325.556 2.11349 5.84245 59.2234 1.04234 -13 1168 1 0 1
-13.5721 -10.4072 325.556 -2.58084 -2.37889 64.8657 2.43038 -13 1169 1 0 1
97.1449 -34.7039 325.556 15.0514 -7.07567 56.3989 3.12666 -13 1170 1 0 1
61.9612 -11.0753 325.556 8.23876 -1.89696 47.9567 3.00416 -13 1171 1 0 1
-7.5995 -89.1509 325.556 -0.760154 -16.3936 49.8821 1.0712 -13 1172 1 0 1
-34.2326 0.407104 325.556 -7.17091 -0.345384 69.9568 0.0118976 -13 1173 1 0 1
27.6302 72.9923 325.556 4.57266 15.2879 58.8958 2.3466 -13 1174 1 0 1
8.16419 -6.12094 325.556 1.30094 -1.84787 74.5149 1.77416 -13 1175 1 0 1
11.8959 9.13835 325.556 2.03822 2.05603 74.2517 3.29826 -13 1176 1 0 1
77.098 2.06635 325.556 14.7886 0.536621 70.0541 3.15746 -13 1177 1 0 1
12.1388 4.9913 325.556 2.14597 0.973447 75.7055 5.98629 -13 1178 1 0 1
-8.53895 -59.9728 325.556 -1.27464 -11.9832 58.19 1.08519 -13 1179 1 0 1
42.0188 -23.7183 325.556 6.78898 -4.72153 57.3377 2.20451 -13 1180 1 0 1
93.7215 11.3523 325.556 16.9695 2.32626 65.7128 4.01502 -13 1181 1 0 1
29.1215 -19.6424 325.556 4.99298 -3.80094 61.2749 1.88603 -13 1182 1 0 1
7.94092 3.87012 325.556 1.35931 0.334913 56.8556 2.52805 -13 1183 1 0 1
28.5756 -20.1326 325.556 4.86331 -3.94413 60.3943 2.80348 -13 1184 1 0 1
178.996 -60.7964 325.556 22.8798 -17.0597 54.3366 1.8359 -13 1185 1 0 1
39.2126 -15.1753 325.556 6.79719 -3.58288 60.8657 2.57816 -13 1186 1 0 1
-13.9141 9.04462 325.556 -3.64705 2.41386 76.2032 1.44284 -13 1187 1 0 1
0.712559 29.9603 325.556 -0.299026 7.57817 74.6468 -0.4746 -13 1188 1 0 1
-20.332 -17.8656 325.556 -3.62072 -4.03195 63.9237 2.38527 -13 1189 1 0 1
9.81809 -51.4274 325.556 1.6723 -10.2028 55.3684 0.739601 -13 1190 1 0 1
-38.1937 -0.781066 325.556 -5.57145 0.333518 54.5319 1.90979 -13 1191 1 0 1
-7.32709 3.56179 325.556 -1.02881 0.606262 57.8501 1.45072 -13 1192 1 0 1
23.4525 -14.4319 325.556 3.69648 -2.84536 54.0933 1.63332 -13 1193 1 0 1
-5.52199 4.65512 325.556 -1.65106 1.74484 74.3915 2.21611 -13 1194 1 0 1
60.8029 8.78122 325.556 11.1246 2.31136 66.0827 2.93351 -13 1195 1 0 1
23.4991 0.148472 325.556 4.35589 -0.215426 70.0933 1.99101 -13 1196 1 0 1
51.589 16.2724 325.556 8.65049 3.3674 60.1775 0.753458 -13 1197 1 0 1
25.3592 -61.7026 325.556 4.81713 -17.0714 78.5069 2.46047 -13 1198 1 0 1
-20.7472 -54.1276 325.556 -3.91848 -12.6985 64.8357 0.960339 -13 1199 1 0 1
-50.1709 26.8213 325.556 -9.15735 6.65806 64.9172 1.77578 -13 1200 1 0 1
35.7748 1.50611 325.556 6.001 0.427591 60.6089 1.29815 -13 1201 1 0 1
3.97731 -22.2318 325.556 0.736613 -3.92731 45.0111 -0.359838 -13 1202 1 0 1
-40.438 34.7505 325.556 -8.18776 8.69809 69.317 -0.466965 -13 1203 1 0 1
23.7728 12.3318 325.556 4.15025 2.74097 61.8143 3.46209 -13 1204 1 0 1
-20.4651 -74.6009 325.556 -5.09389 -20.1983 75.3729 2.13577 -13 1205 1 0 1
1.84438 -8.2006 325.556 0.405949 -1.42496 60.0317 0.873513 -13 1206 1 0 1
-29.2464 -31.2599 325.556 -2.21401 -3.88299 33.2789 4.79532 -13 1207 1 0 1
86.6403 -46.8453 325.556 14.1036 -9.75913 59.3976 2.86845 -13 1208 1 0 1
-32.7443 24.9951 325.556 -8.62448 6.52454 78.4485 -0.0666008 -13 1209 1 0 1
-85.9856 -18.5511 325.556 -15.6244 -3.97623 64.674 3.35462 -13 1210 1 0 1
19.9985 -6.62939 325.556 3.57043 -1.21977 79.4453 1.31421 -13 1211 1 0 1
-22.3965 -2.93158 325.556 -4.75231 -0.410463 70.529 0.247165 -13 1212 1 0 1
-50.1699 60.1371 325.556 -6.22997 10.8384 48.2752 0.434723 -13 1213 1 0 1
-8.2915 25.9793 325.556 -2.42774 7.25641 77.1834 2.97901 -13 1214 1 0 1
-8.27526 -11.3103 325.556 -2.07047 -2.66099 72.0973 1.97339 -13 1215 1 0 1
16.6999 24.6139 325.556 2.79149 5.35377 58.6063 0.613006 -13 1216 1 0 1
92.9132 33.0035 325.556 16.1069 7.36064 62.5721 3.99839 -13 1217 1 0 1
-0.0738272 124.949 325.556 -0.114518 27.1554 61.0288 1.8402 -13 1218 1 0 1
61.7541 -5.32937 325.556 10.2062 -1.41055 59.6946 3.39664 -13 1219 1 0 1
-54.491 -73.3529 325.556 -11.5492 -18.7997 71.3239 3.55898 -13 1220 1 0 1
-65.7166 14.3571 325.556 -9.05955 2.39104 52.0101 0.766719 -13 1221 1 0 1
-28.9377 28.5426 325.556 -3.58962 4.59194 48.622 1.31196 -13 1222 1 0 1
20.9445 -88.1739 325.556 3.45724 -18.5571 59.005 3.91143 -13 1223 1 0 1
-37.0085 -46.4957 325.556 -6.87106 -10.8238 65.0132 2.89114 -13 1224 1 0 1
-32.8992 27.0659 325.556 -8.25727 8.03302 78.6445 2.86175 -13 1225 1 0 1
-13.765 -26.0622 325.556 -3.19261 -5.99342 71.4999 0.483374 -13 1226 1 0 1
45.7815 18.4389 325.556 6.48988 3.60199 49.5839 4.443 -13 1228 1 0 1
5.93736 -47.233 325.556 1.00446 -11.1853 68.6299 -0.564524 -13 1229 1 0 1
-24.8705 22.4861 325.556 -6.65103 6.27528 79.8438 0.623776 -13 1230 1 0 1
2.02154 -31.2016 325.556 0.558537 -6.41722 56.3615 -0.300446 -13 1231 1 0 1
33.0926 37.031 325.556 4.87317 7.28182 53.5054 1.33885 -13 1232 1 0 1
-17.5172 -31.9074 325.556 -2.27648 -6.10733 52.7515 2.82137 -13 1233 1 0 1
-33.3772 -99.6188 325.556 -4.04568 -17.7098 47.6441 1.24856 -13 1234 1 0 1
-11.2506 -2.78016 325.556 -2.11151 -1.21521 65.0714 3.44243 -13 1235 1 0 1
-27.0662 -17.9253 325.556 -5.13218 -4.0556 66.0651 1.40041 -13 1236 1 0 1
8.92305 32.6101 325.556 1.68421 7.26815 58.7707 2.69785 -13 1237 1 0 1
45.3667 -7.94779 325.556 9.12999 -1.78255 74.0972 1.84 -13 1238 1 0 1
5.40212 57.299 325.556 0.841975 12.9269 62.6867 3.64882 -13 1239 1 0 1
-38.0558 -25.7507 325.556 -7.49424 -6.06197 67.9131 3.55646 -13 1240 1 0 1
-19.6595 -26.2127 325.556 -4.49506 -7.01898 73.0195 -1.36411 -13 1241 1 0 1
9.2885 13.2737 325.556 1.6934 3.17259 64.9883 2.91776 -13 1242 1 0 1
-3.21845 -39.5764 325.556 -0.490076 -8.30411 61.1104 2.70731 -13 1243 1 0 1
41.8305 29.8581 325.556 8.05762 7.73333 71.8512 1.04468 -13 1244 1 0 1
-0.394368 -41.8377 325.556 0.032524 -9.43196 63.7342 3.32295 -13 1245 1 0 1
-45.4123 -70.8714 325.556 -4.17704 -10.2426 39.217 2.83961 -13 1246 1 0 1
-31.9535 33.8401 325.556 -6.60308 8.26011 69.7219 1.34239 -13 1247 1 0 1
-18.3067 82.437 325.556 -2.99395 17.0613 58.6694 1.73329 -13 1248 1 0 1
-35.3242 35.422 325.556 -6.40375 8.28817 63.9324 2.08259 -13 1249 1 0 1
12.3345 -64.0859 325.556 2.14917 -13.3286 58.3384 2.59131 -13 1250 1 0 1
126.781 -51.8652 325.556 20.1126 -11.0131 58.6314 1.63881 -13 1251 1 0 1
33.2527 18.5787 325.556 5.71725 3.94971 60.138 2.40547 -13 1252 1 0 1
-31.9445 -15.7125 325.556 -5.61158 -3.67398 63.1734 3.17629 -13 1253 1 0 1
2.97544 2.55137 325.556 0.315299 0.7412 71.2837 1.15628 -13 1254 1 0 1
54.5968 52.3498 325.556 7.66333 9.50167 49.8247 3.85892 -13 1255 1 0 1
48.5103 57.2274 325.556 8.70303 12.8399 63.6317 4.19693 -13 1256 1 0 1
26.0926 42.6132 325.556 4.6641 8.98477 63.5718 2.4802 -13 1257 1 0 1
5.76595 -33.2728 325.556 1.16858 -6.19347 50.6764 3.60264 -13 1258 1 0 1
79.4292 48.7305 325.556 10.5344 8.4662 48.6136 2.63907 -13 1259 1 0 1
-72.2534 55.9802 325.556 -9.4755 10.2137 49.8268 0.126336 -13 1260 1 0 1
36.8135 -8.38763 325.556 6.20167 -1.45404 61.1153 1.95824 -13 1261 1 0 1
-42.4552 73.7449 325.556 -8.19601 17.4557 66.6489 0.849388 -13 1262 1 0 1
92.5564 67.235 325.556 12.204 12.2304 48.8589 2.75167 -13 1263 1 0 1
29.7938 44.9685 325.556 5.16488 9.69335 61.0356 2.32293 -13 1264 1 0 1
-70.4465 11.299 325.556 -12.5544 2.48709 63.5225 1.92244 -13 1265 1 0 1
-34.547 2.41606 325.556 -7.28075 0.849724 71.6026 3.3911 -13 1266 1 0 1
36.8014 -72.5557 325.556 4.25078 -11.0658 41.1505 2.47285 -13 1267 1 0 1
-4.72004 -15.3676 325.556 -0.651285 -3.43142 61.8651 4.38865 -13 1268 1 0 1
-61.9383 10.6518 325.556 -12.5683 2.52789 69.7459 1.14541 -13 1269 1 0 1
-21.6898 -32.795 325.556 -4.7522 -8.76247 71.248 2.51467 -13 1270 1 0 1
-47.618 -30.728 325.556 -8.44685 -7.0467 63.6109 0.591418 -13 1271 1 0 1
38.6359 53.344 325.556 5.68813 9.80412 51.9136 3.23135 -13 1272 1 0 1
19.4759 -42.2414 325.556 3.27451 -8.7323 56.7034 1.21366 -13 1273 1 0 1
-13.9601 62.7158 325.556 -3.27042 15.8326 71.0126 2.10929 -13 1274 1 0 1
-29.0977 -40.7771 325.556 -4.1785 -7.81672 54.1147 2.09385 -13 1275 1 0 1
90.3453 57.9957 325.556 11.1122 9.9268 45.6391 3.49331 -13 1276 1 0 1
-2.09239 11.7219 325.556 -0.228902 2.99674 59.4413 2.88813 -13 1277 1 0 1
11.6053 -51.8473 325.556 1.73821 -9.17588 47.3615 1.52879 -13 1278 1 0 1
-0.0316422 29.0396 325.556 -0.00956318 6.04459 63.6095 2.56001 -13 1279 1 0 1
3.46277 22.4823 325.556 0.444635 6.2964 69.8969 2.64128 -13 1280 1 0 1
23.9023 56.294 325.556 3.61759 10.0227 50.8104 1.98199 -13 1281 1 0 1
20.0598 -0.713243 325.556 3.75122 0.275489 73.9536 0.938408 -13 1282 1 0 1
-64.3702 -25.0369 325.556 -11.1625 -5.62188 61.819 2.89122 -13 1283 1 0 1
48.8432 -19.6576 325.556 7.46133 -3.50403 54.4064 1.0857 -13 1284 1 0 1
-3.76777 -51.9529 325.556 -0.930081 -12.1692 67.3255 2.51675 -13 1285 1 0 1
-38.3227 -11.9859 325.556 -6.79656 -2.27734 64.0909 0.855497 -13 1286 1 0 1
1.10505 3.15129 325.556 0.442412 0.54896 57.7746 0.343714 -13 1287 1 0 1
45.6841 9.35287 325.556 6.53919 1.71474 50.5568 2.23773 -13 1288 1 0 1
33.1711 -7.81799 325.556 5.61255 -1.27981 59.2101 0.351479 -13 1289 1 0 1
-52.1572 10.6763 325.556 -10.9963 1.78062 71.7972 2.46088 -13 1290 1 0 1
39.5634 23.5444 325.556 7.12206 5.65944 64.2933 0.249302 -13 1291 1 0 1
-22.011 -60.2495 325.556 -3.03303 -11.3038 53.4359 2.99019 -13 1292 1 0 1
8.73279 -29.8609 325.556 0.352657 -2.03939 13.8734 6.80715 -13 1293 1 0 1
12.0128 13.054 325.556 2.14801 3.41239 64.7042 1.94994 -13 1294 1 0 1
32.3373 34.6173 325.556 3.80393 5.30022 42.2306 2.10016 -13 1295 1 0 1
-5.69498 -37.6126 325.556 -1.83766 -10.6709 75.3979 2.93617 -13 1296 1 0 1
0.970027 52.4991 325.556 0.297923 10.5984 56.6491 1.20068 -13 1297 1 0 1
-6.4937 28.658 325.556 -0.942744 5.76391 57.6034 2.38511 -13 1298 1 0 1
31.9951 -4.68271 325.556 2.8113 -0.745466 32.8282 1.85322 -13 1299 1 0 1
58.5974 39.5251 325.556 11.6889 10.5063 72.804 2.03038 -13 1300 1 0 1
32.4922 28.1935 325.556 6.50866 7.76371 78.354 1.97934 -13 1301 1 0 1
-10.3177 -25.8058 325.556 -1.35984 -5.40013 54.7581 3.00714 -13 1302 1 0 1
-13.0134 -27.0932 325.556 -2.1347 -5.58465 60.6958 2.30333 -13 1303 1 0 1
-20.792 65.6734 325.556 -2.44476 12.0999 49.5143 2.83246 -13 1304 1 0 1
2.61923 -17.0151 325.556 0.115875 -4.73039 73.1384 1.51822 -13 1305 1 0 1
39.3844 -14.7159 325.556 6.00803 -3.17503 53.1248 2.14029 -13 1306 1 0 1
16.9521 61.939 325.556 2.40337 10.584 47.5862 1.94332 -13 1308 1 0 1
-7.85652 -13.4986 325.556 -2.14899 -3.60086 73.5588 0.0774651 -13 1309 1 0 1
-34.8244 -52.5972 325.556 -8.67424 -14.6419 78.1419 -0.11184 -13 1310 1 0 1
-13.4286 79.2842 325.556 -3.21971 20.4374 72.1531 3.19333 -13 1311 1 0 1
-9.82868 -37.8629 325.556 -2.14431 -9.33702 68.687 0.737625 -13 1313 1 0 1
-20.7459 -19.5835 325.556 -2.41534 -3.3623 47.1592 3.66723 -13 1314 1 0 1
10.3601 -54.3219 325.556 1.7602 -11.4448 57.0191 2.48911 -13 1315 1 0 1
-12.8101 -44.8694 325.556 -2.77191 -10.4078 69.1713 1.36443 -13 1316 1 0 1
-11.5607 13.88 325.556 -2.67844 3.83733 73.031 1.17044 -13 1317 1 0 1
-17.1385 5.55815 325.556 -1.58224 0.573558 41.4029 1.79822 -13 1318 1 0 1
-9.26477 -93.9424 325.556 -1.66267 -21.4339 63.2329 3.67535 -13 1319 1 0 1
1.33218 -60.455 325.556 0.453392 -10.4869 47.4591 3.46075 -13 1320 1 0 1
12.866 -68.1277 325.556 1.81018 -11.7974 47.0304 1.35934 -13 1321 1 0 1
36.9769 20.0105 325.556 6.20813 3.92915 57.9584 3.62115 -13 1322 1 0 1
3.31808 21.8474 325.556 0.34125 5.50802 74.731 1.16554 -13 1323 1 0 1
17.5062 59.3205 325.556 3.09129 13.1442 63.1786 2.75352 -13 1324 1 0 1
-10.9236 -77.8536 325.556 -2.22352 -18.4965 66.8177 4.16309 -13 1325 1 0 1
-32.0633 20.3629 325.556 -6.62097 4.56761 69.6321 -0.786849 -13 1326 1 0 1
11.3418 11.9137 325.556 1.95654 2.21701 60.4377 1.77666 -13 1327 1 0 1
30.0466 -52.0987 325.556 5.47118 -12.26 66.6082 1.62609 -13 1328 1 0 1
-15.4689 -19.852 325.556 -1.8776 -3.81768 52.2792 1.46747 -13 1329 1 0 1
22.527 -12.4992 325.556 3.8801 -3.10861 62.0081 4.66241 -13 1330 1 0 1
12.8004 -2.49214 325.556 2.33456 -0.796175 72.1687 1.18046 -13 1331 1 0 1
-45.5826 -63.1014 325.556 -5.9387 -11.3777 50.0181 2.44903 -13 1332 1 0 1
4.71221 34.3145 325.556 0.823489 8.26776 66.3653 4.16552 -13 1333 1 0 1
-13.487 11.2626 325.556 -2.58588 2.66224 64.8707 0.500516 -13 1334 1 0 1
26.8728 -40.6862 325.556 4.12095 -7.2018 51.8525 0.771673 -13 1335 1 0 1
-20.2316 -21.4217 325.556 -2.5834 -3.55198 50.5619 2.00114 -13 1336 1 0 1
37.3568 -23.6634 325.556 7.24891 -6.19153 73.1351 1.20557 -13 1338 1 0 1
-5.72438 59.7287 325.556 -0.827931 12.653 59.4558 2.5645 -13 1339 1 0 1
-28.3773 56.9925 325.556 -6.45389 15.13 73.9973 1.40654 -13 1340 1 0 1
-43.6421 -50.5465 325.556 -8.20149 -11.9149 65.48 2.21642 -13 1341 1 0 1
-9.13711 40.4018 325.556 -1.14941 7.91244 53.2623 2.63143 -13 1342 1 0 1
53.1827 35.559 325.556 7.58157 6.70057 51.2022 0.476513 -13 1343 1 0 1
-6.135 -1.89382 325.556 -2.13514 -0.584894 78.8024 2.45147 -13 1344 1 0 1
78.917 2.59142 325.556 12.3302 0.762895 56.6421 2.55098 -13 1345 1 0 1
10.9027 36.5929 325.556 1.91791 6.99233 53.8753 3.5642 -13 1346 1 0 1
-10.8451 -28.6849 325.556 -1.72106 -6.6187 60.714 2.58671 -13 1347 1 0 1
-29.5517 7.34823 325.556 -7.21862 2.37129 77.3956 2.9063 -13 1348 1 0 1
-35.4924 -26.4764 325.556 -8.52681 -7.44014 77.1126 0.662258 -13 1349 1 0 1
4.4132 105.589 325.556 0.214269 28.0197 75.6717 1.17649 -13 1350 1 0 1
-9.30452 -67.2734 325.556 -1.99407 -16.0087 67.9355 2.80529 -13 1352 1 0 1
-49.4088 87.3839 325.556 -6.45303 15.6081 49.4228 1.96523 -13 1354 1 0 1
-19.1457 30.797 325.556 -3.45455 7.0206 64.9872 2.87 -13 1355 1 0 1
6.98915 19.9761 325.556 1.19574 4.75574 67.9879 2.25965 -13 1356 1 0 1
6.32298 -37.402 325.556 1.13015 -8.43768 64.8589 1.70719 -13 1357 1 0 1
29.7225 -9.87342 325.556 4.32079 -1.81731 49.0329 0.339703 -13 1358 1 0 1
39.1491 -13.8487 325.556 5.27344 -2.20335 47.4479 1.56679 -13 1359 1 0 1
34.6241 43.5366 325.556 6.89646 11.6892 77.5527 0.146973 -13 1360 1 0 1
13.6024 -57.9567 325.556 2.34564 -12.6907 59.9204 2.11554 -13 1361 1 0 1
-4.90432 -52.2743 325.556 -0.682242 -10.9258 58.4578 4.00228 -13 1362 1 0 1
27.9877 -72.1187 325.556 5.0544 -16.9914 67.6718 0.765685 -13 1363 1 0 1
-14.8979 13.5216 325.556 -2.75125 3.45539 65.6413 3.2427 -13 1364 1 0 1
-0.880157 1.62828 325.556 0.0418703 -0.0479708 61.3469 0.8875 -13 1365 1 0 1
-34.3836 -42.6924 325.556 -8.25034 -10.2448 77.3935 3.4849 -13 1367 1 0 1
-28.3291 18.0346 325.556 -4.29309 3.67337 56.8795 2.41496 -13 1368 1 0 1
36.4935 -23.0679 325.556 7.15516 -5.87418 70.7481 1.74083 -13 1369 1 0 1
0.77243 68.141 325.556 0.046379 15.8219 64.7993 2.14836 -13 1371 1 0 1
-41.3444 -41.1509 325.556 -9.43671 -10.875 75.1536 1.62323 -13 1372 1 0 1
11.2348 53.9145 325.556 1.96594 10.783 58.0206 2.10772 -13 1373 1 0 1
3.74296 -23.7858 325.556 0.465675 -5.75836 67.4248 2.01022 -13 1374 1 0 1
1.86461 44.1897 325.556 0.231965 9.95303 63.7499 1.18358 -13 1375 1 0 1
-35.2568 -19.6468 325.556 -5.38318 -4.27769 56.8315 0.429281 -13 1376 1 0 1
29.2692 5.92399 325.556 5.64743 1.75067 70.378 2.70818 -13 1377 1 0 1
-16.6764 -24.1978 325.556 -2.92412 -5.74642 63.0791 3.52716 -13 1378 1 0 1
-23.7921 39.2238 325.556 -5.7638 10.043 75.2349 0.214043 -13 1379 1 0 1
-51.2653 21.4317 325.556 -9.91575 4.87359 67.6355 1.63754 -13 1380 1 0 1
-46.0566 -44.447 325.556 -7.04556 -9.12608 57.1152 3.57438 -13 1381 1 0 1
28.0571 4.55807 325.556 5.36968 1.29865 70.0755 1.2448 -13 1382 1 0 1
69.4164 15.0384 325.556 7.59015 1.94638 40.5786 4.30219 -13 1383 1 0 1
8.88215 74.8518 325.556 1.50607 14.2442 52.2508 1.91997 -13 1384 1 0 1
18.0475 0.574406 325.556 3.19006 0.138524 62.6889 2.56087 -13 1385 1 0 1
39.4376 5.50027 325.556 6.28097 1.05304 55.9415 3.32622 -13 1386 1 0 1
-52.8882 -55.2513 325.556 -8.31691 -10.7586 57.1874 1.16471 -13 1387 1 0 1
-12.446 -2.74874 325.556 -2.93482 -1.18097 73.0086 3.35856 -13 1388 1 0 1
119.785 13.2468 325.556 10.3045 1.51393 34.7049 3.24254 -13 1390 1 0 1
-50.3438 -10.918 325.556 -6.34472 -1.89908 48.8844 3.5912 -13 1391 1 0 1
24.8088 -79.5509 325.556 4.21226 -16.6417 58.5979 1.92361 -13 1392 1 0 1
7.647 -16.1736 325.556 1.31401 -3.74683 65.917 0.364147 -13 1394 1 0 1
2.58208 6.96113 325.556 0.401506 1.9455 66.5658 1.84338 -13 1395 1 0 1
61.0073 -53.0066 325.556 11.521 -13.0257 69.0913 -0.108195 -13 1396 1 0 1
-4.50746 24.4063 325.556 -1.5745 6.09515 76.3029 4.41093 -13 1397 1 0 1
-25.1255 -11.2207 325.556 -2.93178 -1.58689 46.6506 2.12902 -13 1398 1 0 1
55.3616 14.9538 325.556 6.47938 2.00419 43.0033 2.17815 -13 1399 1 0 1
46.5144 -70.3375 325.556 7.74833 -14.638 59.7331 2.67085 -13 1400 1 0 1
-43.4835 -29.0128 325.556 -6.87446 -5.89038 57.9417 2.33512 -13 1401 1 0 1
-74.3755 33.1404 325.556 -9.02014 6.01711 46.9986 2.76199 -13 1402 1 0 1
44.3888 14.324 325.556 6.7071 2.56153 52.2748 4.01561 -13 1403 1 0 1
3.53957 -41.0468 325.556 0.628931 -9.00041 62.4416 0.951168 -13 1404 1 0 1
105.802 5.37877 325.556 19.197 1.2271 65.8657 3.08821 -13 1405 1 0 1
32.9899 20.4733 325.556 5.77706 4.82961 62.5837 5.18514 -13 1406 1 0 1
-7.85944 -12.2181 325.556 -1.10888 -2.56922 57.8146 3.76847 -13 1407 1 0 1
-10.1096 14.588 325.556 -2.27026 3.66257 70.6661 2.23637 -13 1408 1 0 1
-67.639 30.4713 325.556 -9.82779 5.98696 54.0797 1.61331 -13 1409 1 0 1
17.5861 -43.7378 325.556 2.91136 -8.47639 53.9379 2.32108 -13 1410 1 0 1
-18.084 9.10512 325.556 -2.63626 1.71404 56.2076 1.08441 -13 1411 1 0 1
-116.023 -39.5563 325.556 -14.6379 -6.39738 48.3858 3.51753 -13 1412 1 0 1
-25.1199 24.776 325.556 -5.0721 5.32431 68.61 0.936219 -13 1413 1 0 1
5.68423 -49.1157 325.556 1.14585 -9.92759 53.5773 4.07194 -13 1414 1 0 1
12.6 -41.537 325.556 2.16949 -9.20164 62.8413 4.19955 -13 1415 1 0 1
-33.1594 -32.481 325.556 -6.47708 -8.1133 67.5859 2.93099 -13 1416 1 0 1
43.9059 7.44235 325.556 8.64337 1.99455 72.2065 -0.437024 -13 1417 1 0 1
12.0548 16.9759 325.556 1.30806 2.17466 34.2084 2.7143 -13 1419 1 0 1
-13.2666 -31.0576 325.556 -3.44787 -8.35251 76.4771 2.79899 -13 1420 1 0 1
15.9446 4.75461 325.556 2.87697 1.90739 79.3899 0.76545 -13 1422 1 0 1
-24.3041 1.02426 325.556 -3.28577 0.504061 52.6506 2.03755 -13 1423 1 0 1
13.709 13.3329 325.556 2.42973 3.04074 60.2788 0.296938 -13 1424 1 0 1
19.385 -26.9588 325.556 3.48566 -6.73164 68.7091 0.575029 -13 1425 1 0 1
27.1645 -27.0816 325.556 4.15322 -5.18557 54.0042 0.366968 -13 1426 1 0 1
3.77143 38.4297 325.556 0.689137 6.66285 47.3639 5.13682 -13 1427 1 0 1
18.3016 -91.0662 325.556 3.16355 -21.5299 65.969 4.66524 -13 1428 1 0 1
-50.0847 -7.70673 325.556 -11.3128 -2.14638 75.4292 3.83954 -13 1429 1 0 1
21.6153 -21.7887 325.556 4.10212 -5.9547 72.1091 2.24754 -13 1430 1 0 1
-26.3953 -1.90905 325.556 -6.15349 -1.26718 74.5658 2.09072 -13 1431 1 0 1
30.243 -12.2478 325.556 5.40796 -2.46238 63.6556 3.62946 -13 1432 1 0 1
-56.9085 44.9849 325.556 -13.1728 12.2842 77.0669 0.841472 -13 1433 1 0 1
-53.2055 -93.1564 325.556 -3.5477 -11.0193 29.5986 5.69749 -13 1434 1 0 1
33.7133 39.2109 325.556 5.91268 8.68672 62.6697 3.88147 -13 1435 1 0 1
50.0706 -78.6272 325.556 8.3231 -16.8782 59.8319 2.9512 -13 1436 1 0 1
4.01685 28.2544 325.556 0.710646 6.18564 62.2622 1.88499 -13 1437 1 0 1
-10.4516 18.4974 325.556 -1.79396 4.03867 61.8617 2.22035 -13 1438 1 0 1
7.6999 -40.5875 325.556 1.31284 -8.97466 60.9948 0.292773 -13 1440 1 0 1
-18.3428 23.214 325.556 -4.36903 6.04629 74.0179 2.42944 -13 1441 1 0 1
5.26698 -12.0387 325.556 0.968465 -2.76347 62.8093 2.05592 -13 1442 1 0 1
20.1368 -22.0432 325.556 3.74492 -5.74988 70.501 4.53663 -13 1443 1 0 1
-4.86868 -87.3403 325.556 -0.573471 -16.7963 52.7187 3.2166 -13 1444 1 0 1
33.3206 -0.989835 325.556 5.76846 -0.519741 61.7769 1.59888 -13 1445 1 0 1
-53.8157 -24.786 325.556 -12.8737 -6.27369 78.3887 3.62861 -13 1446 1 0 1
10.876 17.4962 325.556 1.84399 3.72962 58.524 0.388612 -13 1447 1 0 1
-0.661884 45.9537 325.556 -0.381322 11.0559 69.7225 1.22843 -13 1448 1 0 1
49.6858 13.032 325.556 8.91669 2.8496 64.1847 0.779357 -13 1449 1 0 1
-7.2084 -2.06067 325.556 -1.91296 -0.305091 73.4462 0.595509 -13 1450 1 0 1
33.4932 68.5355 325.556 6.46685 17.8716 73.0627 1.54903 -13 1451 1 0 1
3.3466 -15.5636 325.556 0.365446 -3.62532 72.7331 0.0145273 -13 1452 1 0 1
24.6913 -11.3043 325.556 3.74737 -2.28525 53.6288 1.60326 -13 1453 1 0 1
111.359 -86.6324 325.556 8.04572 -10.4688 30.8614 5.53676 -13 1454 1 0 1
76.1135 28.2702 325.556 12.078 5.80372 57.8242 1.72818 -13 1455 1 0 1
-36.5071 -28.138 325.556 -8.5677 -7.61006 75.962 1.9666 -13 1456 1 0 1
43.516 -29.2818 325.556 8.31101 -7.43626 69.449 1.98808 -13 1457 1 0 1
28.0779 -70.0166 325.556 4.63454 -14.4146 56.8122 4.12825 -13 1458 1 0 1
82.0446 117.052 325.556 4.07888 11.1861 23.4384 5.59163 -13 1459 1 0 1
-50.6513 -1.10699 325.556 -9.74925 -0.37982 66.9946 0.295962 -13 1460 1 0 1
-82.9425 13.8371 325.556 -12.2744 2.37076 54.8679 3.60813 -13 1461 1 0 1
-27.6182 -6.81448 325.556 -4.97857 -1.14964 64.5714 1.48667 -13 1462 1 0 1
-36.9951 49.5968 325.556 -7.63523 12.1467 69.6131 3.98743 -13 1463 1 0 1
58.4117 78.7441 325.556 8.05213 14.4187 49.9593 2.88663 -13 1464 1 0 1
-23.0111 33.7343 325.556 -5.10577 8.33903 71.9087 0.112628 -13 1465 1 0 1
-29.4598 32.8081 325.556 -6.03705 7.93334 68.8774 0.79161 -13 1466 1 0 1
-49.1276 -72.2398 325.556 -10.467 -18.525 71.6489 1.46395 -13 1467 1 0 1
35.6769 -44.9393 325.556 6.84802 -11.6236 71.6657 1.1866 -13 1468 1 0 1
-35.6312 -7.26908 325.556 -5.71949 -1.57576 58.915 0.804561 -13 1469 1 0 1
-38.8284 36.4941 325.556 -6.73596 7.83724 61.5974 2.03808 -13 1470 1 0 1
7.93619 65.4533 325.556 1.04784 16.7436 73.4672 2.02423 -13 1471 1 0 1
98.9321 -35.3887 325.556 12.4125 -6.04242 46.8582 2.5258 -13 1472 1 0 1
-63.247 -18.1985 325.556 -12.1713 -4.2555 67.1615 2.65682 -13 1473 1 0 1
4.1001 26.1726 325.556 0.701435 6.33322 65.0919 1.79786 -13 1474 1 0 1
11.0053 27.1816 325.556 1.85534 6.35111 74.531 1.72401 -13 1475 1 0 1
-50.0401 -66.4686 325.556 -10.4495 -16.4772 71.1239 1.45003 -13 1476 1 0 1
-17.8115 -44.9448 325.556 -2.91692 -10.2834 61.7546 2.4198 -13 1477 1 0 1
18.0069 -34.5319 325.556 3.30901 -8.42542 69.9595 1.61549 -13 1478 1 0 1
-37.0919 -34.5251 325.556 -7.29656 -8.4296 68.1404 0.813169 -13 1479 1 0 1
-51.1163 -29.2159 325.556 -10.2283 -7.20487 68.9556 2.12941 -13 1480 1 0 1
-17.3528 16.9039 325.556 -4.09885 4.77274 73.2715 1.15137 -13 1481 1 0 1
33.4608 9.59137 325.556 6.17338 1.69505 68.058 3.09268 -13 1483 1 0 1
20.2759 -1.75809 325.556 3.85236 -0.469294 73.1284 2.50175 -13 1484 1 0 1
44.8782 31.203 325.556 6.37848 5.82584 50.733 2.39492 -13 1485 1 0 1
-12.705 -20.7074 325.556 -2.26951 -5.04612 64.7036 2.24507 -13 1486 1 0 1
12.1766 -22.5125 325.556 2.03177 -6.34982 74.0453 2.02183 -13 1487 1 0 1
-29.9647 5.86672 325.556 -5.95541 1.53497 68.0193 3.03376 -13 1488 1 0 1
-12.7015 84.4814 325.556 -1.98833 18.2238 58.9296 -0.176873 -13 1489 1 0 1
-17.7426 42.1531 325.556 -3.94433 10.3491 72.0846 2.32659 -13 1490 1 0 1
-35.5296 36.1302 325.556 -6.64349 8.34056 65.3037 1.79024 -13 1491 1 0 1
-12.2975 -4.79884 325.556 -2.34223 -0.891898 66.0435 2.9252 -13 1492 1 0 1
-47.744 -36.1897 325.556 -5.37687 -6.11648 44.9003 2.70806 -13 1493 1 0 1
-7.03297 -1.43797 325.556 -2.38899 -0.342353 79.6144 2.9502 -13 1494 1 0 1
-44.8711 -61.2742 325.556 -11.2282 -17.0846 78.0091 1.58877 -13 1495 1 0 1
-5.43324 -30.407 325.556 -0.632927 -6.22466 56.9943 2.48596 -13 1496 1 0 1
50.3006 17.3343 325.556 9.40649 3.54535 67.3344 1.45209 -13 1497 1 0 1
-26.8116 -36.5372 325.556 -4.34594 -7.54856 59.3396 5.9116 -13 1498 1 0 1
3.69663 -16.7579 325.556 0.813576 -3.5159 58.3256 5.08827 -13 1499 1 0 1
59.0599 118.827 325.556 8.66381 22.9695 53.3307 3.5909 -13 1500 1 0 1
7.91456 9.32163 325.556 1.39471 1.97299 63.4275 -0.0867282 -13 1501 1 0 1
46.7529 -34.5123 325.556 7.40493 -6.7991 55.8326 0.510954 -13 1502 1 0 1
21.8501 20.751 325.556 4.16622 5.14147 74.1618 2.84693 -13 1504 1 0 1
-4.94915 12.6171 325.556 -1.26856 2.90553 71.1434 4.25398 -13 1505 1 0 1
-12.9608 -41.1947 325.556 -2.35357 -9.18034 64.5664 0.133395 -13 1506 1 0 1
27.8494 -0.485287 325.556 4.92389 0.113884 63.4204 1.01637 -13 1507 1 0 1
2.17752 -18.7239 325.556 0.53408 -4.32645 61.5081 2.63217 -13 1508 1 0 1
46.3339 4.8109 325.556 6.83811 0.779837 52.0002 2.67012 -13 1509 1 0 1
-59.1468 -26.612 325.556 -14.0875 -6.44307 78.2884 1.66623 -13 1510 1 0 1
-29.1292 -78.0284 325.556 -4.92487 -16.6892 61.2452 1.54134 -13 1511 1 0 1
-65.0568 -75.787 325.556 -13.4749 -18.4906 70.7939 2.26036 -13 1512 1 0 1
-18.6964 -25.7359 325.556 -4.95015 -6.39725 77.465 2.13851 -13 1513 1 0 1
-79.9585 19.266 325.556 -17.5835 4.89087 74.9435 0.299597 -13 1514 1 0 1
34.3138 -37.7808 325.556 5.83978 -7.82771 60.5069 2.66174 -13 1515 1 0 1
35.6021 28.7164 325.556 6.79662 7.07383 69.1913 1.94072 -13 1516 1 0 1
22.3697 16.2438 325.556 3.59256 2.95608 54.5784 2.77862 -13 1517 1 0 1
8.13039 102.915 325.556 1.37129 18.5075 50.1366 2.31594 -13 1518 1 0 1
10.4009 -48.6008 325.556 1.89609 -11.467 62.8875 0.516096 -13 1519 1 0 1
27.4304 64.1508 325.556 4.80835 14.1836 62.8424 2.18625 -13 1520 1 0 1
43.4827 -4.17183 325.556 4.87113 -0.369245 41.5915 1.33528 -13 1521 1 0 1
-18.5923 34.1718 325.556 -2.71464 6.83934 55.8798 4.36576 -13 1522 1 0 1
-24.628 -57.6163 325.556 -4.80974 -13.5246 66.3686 1.2627 -13 1523 1 0 1
-36.5523 -57.3233 325.556 -4.42682 -10.4512 47.9323 1.50417 -13 1524 1 0 1
-17.2767 17.0968 325.556 -3.86822 4.86709 72.8249 2.54361 -13 1525 1 0 1
-48.5388 18.3761 325.556 -7.72834 3.65765 59.4308 1.60902 -13 1526 1 0 1
26.9577 -60.5845 325.556 4.60405 -12.4749 58.9988 2.49275 -13 1527 1 0 1
-59.2026 116.548 325.556 -5.36618 17.0287 37.7102 2.38227 -13 1528 1 0 1
22.5692 -50.8813 325.556 2.94134 -7.69941 41.4128 3.17957 -13 1529 1 0 1
-26.1942 -19.7972 325.556 -4.99239 -4.51181 66.8485 2.21509 -13 1530 1 0 1
38.9031 -36.9612 325.556 6.75222 -7.86153 61.5684 0.629541 -13 1531 1 0 1
32.0823 26.5882 325.556 5.68573 5.94386 63.5219 1.64737 -13 1532 1 0 1
-6.75734 -25.8559 325.556 -1.99519 -7.3024 75.2615 1.94203 -13 1533 1 0 1
-8.62026 24.0717 325.556 -1.9278 5.31987 70.2021 2.24923 -13 1534 1 0 1
-42.7091 52.119 325.556 -9.31254 13.2122 72.6742 0.336747 -13 1536 1 0 1
-49.1653 0.832363 325.556 -10.0221 -0.0960261 69.9967 2.85657 -13 1537 1 0 1
-0.673799 -15.0409 325.556 -0.45942 -3.83425 69.9266 1.4334 -13 1538 1 0 1
-70.76 10.1144 325.556 -12.6787 2.70477 64.092 2.54463 -13 1539 1 0 1
-15.978 75.8191 325.556 -3.89255 19.8031 73.165 1.28703 -13 1540 1 0 1
-40.2834 12.3357 325.556 -7.55349 2.79412 66.1148 0.326948 -13 1541 1 0 1
-8.63127 -65.1472 325.556 -2.09751 -15.2931 70.573 0.305041 -13 1542 1 0 1
-48.6148 -77.3132 325.556 -7.92868 -16.9266 59.2117 3.57819 -13 1543 1 0 1
-33.6541 27.5067 325.556 -6.94039 6.64933 69.514 2.5758 -13 1544 1 0 1
-6.85046 -16.7646 325.556 -1.33953 -3.71761 65.6861 1.67597 -13 1546 1 0 1
17.4737 26.6037 325.556 2.9279 5.5804 58.6696 1.23049 -13 1547 1 0 1
-21.9335 67.5649 325.556 -4.14878 15.5329 64.936 3.89963 -13 1548 1 0 1
-29.5489 44.7345 325.556 -4.88448 9.6611 59.4794 4.02653 -13 1549 1 0 1
1.79637 65.1032 325.556 0.297869 14.5297 62.755 3.66313 -13 1550 1 0 1
-5.33721 14.2646 325.556 -1.81065 4.12407 76.3412 2.99684 -13 1552 1 0 1
68.8273 -3.53616 325.556 8.37807 -0.764029 45.108 3.14531 -13 1554 1 0 1
-24.9385 3.50612 325.556 -6.05936 0.678853 76.9782 1.10097 -13 1555 1 0 1
11.9203 -33.6761 325.556 1.96348 -6.6638 54.9578 3.16028 -13 1556 1 0 1
-4.68219 -61.4146 325.556 -1.58855 -16.2611 74.3014 0.905511 -13 1557 1 0 1
-9.23294 -34.2684 325.556 -2.83119 -8.79837 77.9901 1.88976 -13 1558 1 0 1
89.8895 40.352 325.556 9.65793 6.20066 40.187 1.45532 -13 1559 1 0 1
-18.5318 7.15545 325.556 -4.76131 2.3782 77.5155 2.89962 -13 1560 1 0 1
25.1957 26.7095 325.556 4.77026 7.15825 71.2861 0.0953533 -13 1561 1 0 1
-71.0494 -30.3908 325.556 -8.68382 -5.09278 46.9706 3.69702 -13 1562 1 0 1
47.4883 7.18159 325.556 6.56934 1.23883 49.1255 4.22918 -13 1563 1 0 1
-23.1287 71.1549 325.556 -4.57541 17.1163 67.0356 4.21792 -13 1564 1 0 1
-27.9178 7.47741 325.556 -2.78653 1.20091 42.3166 2.89522 -13 1566 1 0 1
5.68882 -58.8798 325.556 1.01433 -13.2356 63.5893 1.28896 -13 1567 1 0 1
40.1009 50.7255 325.556 4.43333 7.50572 40.2595 2.43073 -13 1568 1 0 1
-46.4431 33.3338 325.556 -10.1965 8.52015 73.5397 1.74019 -13 1569 1 0 1
39.3597 22.0641 325.556 6.35978 4.5224 56.3307 0.678767 -13 1570 1 0 1
-95.5758 -44.3849 325.556 -15.2907 -9.39843 58.465 1.53879 -13 1571 1 0 1
9.63828 29.9703 325.556 1.72027 7.62911 66.4073 2.8489 -13 1572 1 0 1
-13.187 -20.2148 325.556 -2.89121 -5.07312 69.9243 3.75005 -13 1573 1 0 1
63.5952 41.0723 325.556 9.23197 7.61463 52.1382 0.931252 -13 1574 1 0 1
0.893699 21.5068 325.556 -0.325672 4.94454 73.5951 1.98357 -13 1575 1 0 1
1.12323 -0.404839 325.556 0.0809665 0.190801 64.2244 1.65639 -13 1576 1 0 1
-7.91617 17.8063 325.556 -1.49171 4.23348 64.3604 1.72364 -13 1577 1 0 1
-69.4245 24.7313 325.556 -12.9249 5.76675 65.6007 2.84485 -13 1578 1 0 1
36.9654 50.4695 325.556 6.27276 10.7095 60.3125 1.78485 -13 1579 1 0 1
3.76115 -22.8637 325.556 0.51048 -5.8343 69.573 1.81379 -13 1580 1 0 1
25.6374 6.30225 325.556 3.44935 0.9071 45.8766 1.87253 -13 1581 1 0 1
61.9543 15.5717 325.556 6.96932 2.49332 41.2537 3.57283 -13 1582 1 0 1
5.72941 -54.8251 325.556 1.01412 -8.27639 42.4344 3.69117 -13 1583 1 0 1
-4.62315 -36.5727 325.556 -1.07058 -8.91106 67.1726 3.24612 -13 1584 1 0 1
-16.0534 -11.8591 325.556 -2.76912 -2.53892 62.4389 2.17003 -13 1585 1 0 1
33.6177 -4.59652 325.556 6.3869 -0.514768 70.1939 3.4871 -13 1586 1 0 1
-53.6059 5.1168 325.556 -10.0927 1.3253 66.2824 2.68383 -13 1587 1 0 1
-27.3484 -32.4591 325.556 -6.78346 -8.65282 78.2305 3.6587 -13 1588 1 0 1
34.0354 14.1767 325.556 6.62027 3.56336 72.5051 1.18872 -13 1589 1 0 1
-47.2835 -58.7294 325.556 -7.6664 -12.4858 59.4017 0.778398 -13 1590 1 0 1
-28.9488 -12.0611 325.556 -6.80308 -2.77616 75.2315 -0.261829 -13 1591 1 0 1
-31.3908 51.3199 325.556 -7.0936 13.2967 73.425 2.84539 -13 1592 1 0 1
47.7133 76.1369 325.556 8.99856 18.2923 69.6335 3.08894 -13 1593 1 0 1
-3.25532 13.2059 325.556 -0.297361 2.44401 55.7053 4.11368 -13 1594 1 0 1
-56.8565 -60.6469 325.556 -6.93754 -10.3383 47.2307 1.44994 -13 1596 1 0 1
4.98383 13.0154 325.556 0.364795 3.38131 78.6081 4.7429 -13 1597 1 0 1
34.0978 59.5475 325.556 6.41953 15.0672 70.2325 2.00576 -13 1598 1 0 1
69.8292 46.6043 325.556 7.40064 7.07589 39.4805 2.24028 -13 1599 1 0 1
-22.2316 16.7391 325.556 -5.3701 4.30395 75.3311 2.49599 -13 1600 1 0 1
-3.49178 54.7922 325.556 -0.59827 12.0706 61.3796 2.75541 -13 1601 1 0 1
-33.4515 -14.6279 325.556 -7.31269 -3.3866 72.3097 1.00976 -13 1602 1 0 1
35.9932 -60.5724 325.556 5.66719 -11.7259 55.689 1.43079 -13 1603 1 0 1
-54.4859 25.7401 325.556 -11.4178 6.38638 71.6055 2.06436 -13 1604 1 0 1
4.83465 -59.111 325.556 0.373258 -15.7386 76.6915 3.32892 -13 1605 1 0 1
-49.8342 27.5011 325.556 -11.6651 7.24767 77.0029 1.83947 -13 1606 1 0 1
49.2344 11.1217 325.556 8.96512 2.29731 64.8483 2.55325 -13 1607 1 0 1
-12.0902 -12.3006 325.556 -2.31691 -3.13956 66.1905 3.34457 -13 1608 1 0 1
43.227 -1.2468 325.556 6.67177 -0.15393 54.3899 2.79246 -13 1609 1 0 1
21.2911 -83.4844 325.556 1.49448 -8.96811 26.6983 6.02807 -13 1611 1 0 1
1.38225 1.96191 325.556 0.217707 0.708964 64.2916 3.40622 -13 1612 1 0 1
9.82802 -41.393 325.556 1.69213 -9.60191 69.629 2.4764 -13 1613 1 0 1
67.6715 -10.9015 325.556 10.5364 -2.46938 55.8244 1.59212 -13 1614 1 0 1
8.65732 -20.3903 325.556 1.37834 -3.62093 49.4614 3.16383 -13 1615 1 0 1
-29.4942 75.849 325.556 -7.22364 19.7446 76.3544 1.73864 -13 1616 1 0 1
-39.5665 -109.074 325.556 -3.09241 -14.373 34.2982 2.28917 -13 1617 1 0 1
-51.3592 -44.1027 325.556 -8.86575 -9.86233 62.11 1.30647 -13 1618 1 0 1
28.4279 -29.027 325.556 5.08985 -6.78907 64.1386 -1.32274 -13 1619 1 0 1
18.0156 -6.19072 325.556 2.84703 -1.26029 55.7547 4.15239 -13 1620 1 0 1
-19.4627 26.821 325.556 -2.40125 5.18367 52.7338 2.43247 -13 1621 1 0 1
-31.4063 39.5055 325.556 -8.08518 11.2483 79.5061 2.74749 -13 1622 1 0 1
33.2312 -55.9806 325.556 6.16109 -13.526 68.689 2.88867 -13 1623 1 0 1
6.83392 -14.7787 325.556 1.18434 -2.58834 47.5336 0.730914 -13 1624 1 0 1
19.0855 17.6051 325.556 3.2382 3.87716 59.5053 2.38317 -13 1625 1 0 1
27.7985 -62.8829 325.556 3.89024 -11.4596 49.1937 1.84925 -13 1627 1 0 1
-34.3329 -29.4296 325.556 -8.02976 -8.15591 75.6148 -0.242355 -13 1628 1 0 1
19.1305 48.3776 325.556 3.46235 11.1289 67.6553 0.642765 -13 1630 1 0 1
-54.903 -12.0511 325.556 -9.79442 -2.65581 63.6481 2.21364 -13 1631 1 0 1
2.55721 -20.4746 325.556 0.6024 -4.25734 52.9273 1.5195 -13 1632 1 0 1
-37.028 56.7065 325.556 -6.57101 12.5584 62.8405 1.78922 -13 1633 1 0 1
-5.88318 -47.7149 325.556 -0.873406 -9.89184 58.1999 2.57753 -13 1634 1 0 1
30.9947 0.408406 325.556 5.24755 -0.026924 59.5348 2.73236 -13 1635 1 0 1
-25.6759 -20.6567 325.556 -6.20937 -5.28405 76.2095 0.96151 -13 1636 1 0 1
-1.9098 42.8269 325.556 -0.457132 9.94008 65.0964 1.61923 -13 1637 1 0 1
32.802 42.2231 325.556 5.55327 8.85984 57.8859 3.90133 -13 1638 1 0 1
14.1327 -1.9561 325.556 2.14495 -0.41581 49.1545 4.88426 -13 1639 1 0 1
66.1427 15.1158 325.556 9.62503 3.04281 52.1567 3.36722 -13 1640 1 0 1
-7.57878 20.3006 325.556 -2.11337 5.18453 73.9635 3.28159 -13 1641 1 0 1
1.40441 28.5567 325.556 0.395409 5.78692 58.4338 2.26866 -13 1642 1 0 1
50.775 82.4242 325.556 6.99 15.0481 49.7456 0.976731 -13 1643 1 0 1
-41.4926 29.4811 325.556 -9.29656 7.25977 74.1446 -0.462615 -13 1644 1 0 1
-72.861 -43.9687 325.556 -14.8603 -10.9715 70.305 0.935286 -13 1645 1 0 1
6.12804 5.20688 325.556 1.07512 0.909255 63.9594 -0.428517 -13 1646 1 0 1
-41.45 -26.996 325.556 -2.04957 -2.72419 24.987 4.31597 -13 1647 1 0 1
75.7429 -130.212 325.556 8.24138 -19.9572 41.7416 2.87953 -13 1648 1 0 1
-26.6829 29.7659 325.556 -4.89622 6.68562 65.4005 3.61723 -13 1649 1 0 1
-39.8894 0.71522 325.556 -6.75362 0.04076 60.8763 1.31854 -13 1650 1 0 1
3.21239 43.1929 325.556 0.578757 9.19998 60.0625 0.476459 -13 1651 1 0 1
-10.4213 40.1072 325.556 -1.47095 8.24305 58.2001 0.627699 -13 1652 1 0 1
6.39025 15.106 325.556 1.08301 2.82223 52.3432 2.93178 -13 1653 1 0 1
-11.4282 -59.1461 325.556 -1.11787 -9.64863 45.1463 1.75034 -13 1654 1 0 1
-20.5118 -0.297519 325.556 -4.02792 -0.507983 66.8661 3.23313 -13 1655 1 0 1
-10.6504 50.7493 325.556 -2.71643 13.2882 72.9491 2.06998 -13 1656 1 0 1
-92.3434 4.46779 325.556 -15.6438 0.852403 61.1481 3.42517 -13 1657 1 0 1
84.9214 -8.99344 325.556 10.4562 -1.6611 45.5275 1.22636 -13 1658 1 0 1
31.0207 -34.3872 325.556 5.39104 -6.89031 60.2712 3.16955 -13 1659 1 0 1
-2.61368 32.714 325.556 -0.524001 7.13449 62.517 4.79288 -13 1660 1 0 1
54.3075 -77.9168 325.556 9.42839 -17.4013 62.0458 4.33524 -13 1661 1 0 1
5.98932 -31.9769 325.556 0.896786 -8.28432 70.7911 2.20746 -13 1662 1 0 1
1.64626 12.7756 325.556 0.399572 1.87388 44.9162 2.69519 -13 1663 1 0 1
12.8804 -4.03127 325.556 2.28771 -1.01338 64.3136 1.76376 -13 1664 1 0 1
6.65119 -12.054 325.556 0.830119 -3.64034 77.6248 0.85276 -13 1665 1 0 1
16.9551 -46.6187 325.556 2.9614 -10.8951 68.4136 1.91529 -13 1666 1 0 1
68.9801 0.133716 325.556 11.2146 -0.132661 57.6881 3.31408 -13 1667 1 0 1
84.9129 -18.7159 325.556 13.2471 -4.38109 56.7735 1.05314 -13 1668 1 0 1
80.5987 58.331 325.556 7.04948 7.49771 34.5158 2.4348 -13 1669 1 0 1
5.40302 -56.5704 325.556 1.01065 -11.9558 57.5728 2.07037 -13 1670 1 0 1
-39.8784 27.2245 325.556 -10.1405 7.32556 79.2217 1.74746 -13 1671 1 0 1
48.0872 -98.1387 325.556 7.35397 -19.1963 54.8193 1.05551 -13 1672 1 0 1
15.5487 -30.7475 325.556 2.71833 -6.36508 58.2115 2.84465 -13 1673 1 0 1
6.35173 -78.6245 325.556 1.06543 -14.2869 49.6667 2.51744 -13 1674 1 0 1
-34.6805 -43.6038 325.556 -5.61608 -9.18227 60.3343 0.240111 -13 1675 1 0 1
-61.4265 -68.7798 325.556 -2.06392 -5.72564 19.4945 6.34093 -13 1676 1 0 1
31.7683 -19.5596 325.556 3.88475 -3.22467 43.5143 4.88655 -13 1677 1 0 1
29.0877 14.5017 325.556 4.76145 3.19574 57.5376 1.72773 -13 1678 1 0 1
29.7295 82.3652 325.556 4.78265 16.7118 56.5468 4.48104 -13 1679 1 0 1
-19.6424 -21.9115 325.556 -2.68386 -4.0447 53.0079 3.81888 -13 1680 1 0 1
7.2722 -3.02247 325.556 1.3304 -0.695493 58.2909 1.5569 -13 1681 1 0 1
44.5147 41.7584 325.556 6.18996 7.72601 49.1849 1.87869 -13 1682 1 0 1
45.0548 -33.8383 325.556 8.28399 -7.81295 66.2838 1.19132 -13 1683 1 0 1
52.6964 14.1255 325.556 8.90179 3.09214 60.5884 4.08834 -13 1684 1 0 1
-3.25997 -34.1484 325.556 -1.25562 -8.8289 73.9376 1.50785 -13 1685 1 0 1
-2.9685 43.5724 325.556 -0.239778 8.6969 56.2076 4.51119 -13 1686 1 0 1
-20.7216 -70.9865 325.556 -2.98925 -14.6195 56.3183 1.99884 -13 1687 1 0 1
52.8379 42.7073 325.556 8.59745 8.89868 58.2396 1.05526 -13 1688 1 0 1
12.6691 1.61218 325.556 2.28486 0.0479289 72.4808 0.738912 -13 1690 1 0 1
-6.13896 -30.1398 325.556 -1.59066 -7.60794 70.5338 1.30852 -13 1691 1 0 1
-1.83029 -9.59361 325.556 -0.119786 -1.94311 59.0002 1.9003 -13 1692 1 0 1
41.9336 -35.1133 325.556 3.67719 -4.37138 32.7728 1.15176 -13 1693 1 0 1
27.9065 2.16682 325.556 4.6812 0.283131 57.9355 2.2114 -13 1694 1 0 1
5.685 2.94527 325.556 0.913005 0.609062 71.7581 1.82898 -13 1695 1 0 1
-63.6737 -19.8892 325.556 -15.1539 -5.41418 77.7397 2.69734 -13 1696 1 0 1
72.7306 36.2613 325.556 9.50417 6.25803 47.626 1.24598 -13 1697 1 0 1
-20.3171 15.0983 325.556 -2.93468 2.72626 55.4993 2.49211 -13 1698 1 0 1
17.6587 9.10339 325.556 3.24972 2.22583 66.2492 -0.12042 -13 1699 1 0 1
-12.1792 13.5012 325.556 -2.7188 2.76188 71.5404 1.9256 -13 1700 1 0 1
-6.79484 -7.06157 325.556 -1.8607 -2.01204 73.1547 -0.00350905 -13 1701 1 0 1
8.09928 6.67696 325.556 1.32546 1.82683 70.7591 2.58938 -13 1702 1 0 1
26.0225 -10.1777 325.556 4.90976 -2.54986 68.7474 2.06244 -13 1703 1 0 1
-25.6581 -56.5179 325.556 -3.589 -10.7543 53.7984 1.2715 -13 1704 1 0 1
-39.1317 -1.68814 325.556 -8.57694 -0.0649454 73.1268 0.823495 -13 1705 1 0 1
-32.027 -73.2643 325.556 -7.62849 -19.7579 75.8747 1.67764 -13 1706 1 0 1
12.9634 -50.5997 325.556 2.10101 -9.7487 54.2018 1.03644 -13 1707 1 0 1
-32.8025 40.3857 325.556 -6.73092 9.97799 69.4531 1.32708 -13 1708 1 0 1
-14.9115 31.0801 325.556 -2.42346 6.77729 60.2653 0.815491 -13 1709 1 0 1
28.3513 122.01 325.556 2.96323 17.6985 36.8134 2.4696 -13 1710 1 0 1
35.4017 50.5252 325.556 6.17705 11.1919 61.9805 1.84226 -13 1711 1 0 1
47.0157 -66.2905 325.556 5.95517 -10.8942 44.7616 3.37424 -13 1712 1 0 1
-16.1559 -40.9494 325.556 -2.25546 -8.10519 56.6488 2.92967 -13 1713 1 0 1
-13.9915 30.4387 325.556 -3.30143 7.84729 73.7235 1.35146 -13 1714 1 0 1
26.8087 -42.0672 325.556 4.74174 -9.88678 62.6297 1.6739 -13 1715 1 0 1
-16.2986 38.0091 325.556 -2.41949 7.71344 56.9558 4.83124 -13 1716 1 0 1
35.9915 -26.5167 325.556 4.85959 -4.56284 48.2304 3.87053 -13 1717 1 0 1
54.6962 -29.8251 325.556 10.5797 -7.64408 70.9877 1.09119 -13 1718 1 0 1
-9.65148 -23.1915 325.556 -2.32622 -5.82231 70.985 1.28697 -13 1719 1 0 1
-22.2696 16.4916 325.556 -4.51384 4.17361 69.1855 1.32365 -13 1720 1 0 1
51.1797 33.4558 325.556 9.82968 8.30975 70.2263 2.1519 -13 1721 1 0 1
42.2713 7.34332 325.556 8.01163 1.61076 68.8022 2.10505 -13 1722 1 0 1
36.3051 9.59427 325.556 7.41358 2.447 76.9426 0.0127978 -13 1723 1 0 1
-7.27564 -64.4534 325.556 -0.719152 -11.9125 51.4407 3.00616 -13 1724 1 0 1
75.3075 -23.7475 325.556 12.6788 -4.82429 60.3277 2.53813 -13 1725 1 0 1
1.68873 -62.4451 325.556 0.490097 -11.6413 51.4248 3.20456 -13 1726 1 0 1
38.8602 5.33466 325.556 7.43718 1.28861 70.0543 3.4833 -13 1727 1 0 1
-20.7755 36.8643 325.556 -3.46782 8.15115 61.3781 3.47075 -13 1728 1 0 1
-51.1434 51.9018 325.556 -8.33038 11.3151 59.1571 4.22099 -13 1729 1 0 1
32.7173 -17.5683 325.556 4.79787 -3.31879 50.5734 1.73597 -13 1731 1 0 1
-14.2456 33.0866 325.556 -2.95954 8.1103 68.7214 2.57464 -13 1732 1 0 1
22.5396 -6.23395 325.556 3.88956 -1.42242 61.4556 0.694579 -13 1733 1 0 1
1.42306 -22.4016 325.556 -0.105789 -5.5478 74.5692 -0.593796 -13 1734 1 0 1
15.8317 -1.85307 325.556 2.84571 -0.943284 61.492 0.597901 -13 1735 1 0 1
-22.9224 24.3465 325.556 -4.64215 5.61363 68.0172 1.24501 -13 1736 1 0 1
2.63423 -0.598359 325.556 0.653138 -0.403126 48.7494 2.04221 -13 1737 1 0 1
44.3656 49.7955 325.556 7.30878 10.3835 58.416 0.700923 -13 1738 1 0 1
4.34495 17.9855 325.556 0.778609 2.77659 43.0208 3.84683 -13 1739 1 0 1
41.5407 -34.4309 325.556 7.83217 -8.66514 69.7226 1.13685 -13 1740 1 0 1
-7.44221 -37.9484 325.556 -1.46182 -9.35767 64.9493 2.77125 -13 1741 1 0 1
-34.5349 -32.4039 325.556 -4.90232 -6.064 54.0077 3.37342 -13 1742 1 0 1
38.0604 72.0395 325.556 6.73955 16.5661 64.6657 2.9798 -13 1743 1 0 1
83.1706 -16.6109 325.556 13.2355 -3.7557 58.002 1.40761 -13 1744 1 0 1
-7.47905 24.4927 325.556 -1.72496 5.84683 69.2253 4.18322 -13 1745 1 0 1
-1.8377 -39.1636 325.556 -0.63578 -10.0324 70.5264 1.22166 -13 1746 1 0 1
15.9497 24.5749 325.556 2.60075 4.6824 50.7814 0.767775 -13 1747 1 0 1
-2.36145 -7.59431 325.556 -0.908931 -2.20565 73.8525 2.43266 -13 1749 1 0 1
21.6289 19.481 325.556 4.15922 4.30523 66.489 1.98084 -13 1750 1 0 1
31.2168 97.0468 325.556 5.58244 22.9192 66.1103 3.71668 -13 1751 1 0 1
-1.51753 4.39308 325.556 0.0778371 0.513051 45.5997 3.33313 -13 1753 1 0 1
24.0242 -13.2196 325.556 4.60456 -3.23155 72.1346 2.08273 -13 1754 1 0 1
-2.70095 -21.8051 325.556 -0.474899 -4.45244 64.1451 4.22959 -13 1755 1 0 1
75.9168 24.9907 325.556 13.0561 5.74275 61.4301 0.584644 -13 1756 1 0 1
8.07312 -15.6796 325.556 1.3487 -4.10011 69.2567 2.10121 -13 1757 1 0 1
-7.3252 -13.5828 325.556 -1.02686 -2.80553 58.8747 0.686548 -13 1758 1 0 1
39.6708 -24.1892 325.556 5.29381 -4.1256 47.7867 0.310469 -13 1759 1 0 1
-83.7688 11.731 325.556 -16.365 2.22194 68.1045 1.77328 -13 1760 1 0 1
89.871 -5.98664 325.556 12.3897 -0.98529 50.7864 0.713238 -13 1761 1 0 1
3.27702 -57.2077 325.556 -0.107684 -15.8311 78.1789 2.60407 -13 1762 1 0 1
-39.2523 95.2067 325.556 -6.06334 19.8322 57.1049 3.69273 -13 1763 1 0 1
-37.1249 13.3897 325.556 -5.0782 2.78564 52.9881 1.86864 -13 1764 1 0 1
-44.8162 -82.3945 325.556 -6.23816 -15.8373 52.7551 2.63262 -13 1765 1 0 1
-80.2526 46.7851 325.556 -17.1555 12.018 73.0688 4.99108 -13 1766 1 0 1
-28.6966 51.0919 325.556 -5.42667 11.94 65.6289 0.982298 -13 1767 1 0 1
43.3101 -35.2462 325.556 8.46373 -9.20902 73.3066 1.35504 -13 1768 1 0 1
-56.134 -12.4332 325.556 -10.3656 -2.66453 65.2454 3.16574 -13 1770 1 0 1
13.5955 48.9802 325.556 2.47061 11.0292 62.0298 2.50265 -13 1771 1 0 1
-42.8462 -6.00012 325.556 -9.43922 -1.76562 73.5096 2.26336 -13 1772 1 0 1
-35.6875 -60.2253 325.556 -1.05374 -4.72068 18.4578 3.25304 -13 1773 1 0 1
-31.3953 -26.4131 325.556 -7.31961 -7.14914 75.2002 2.53853 -13 1774 1 0 1
-3.68541 30.3991 325.556 -0.245832 5.78679 49.5655 2.92706 -13 1775 1 0 1
29.7512 -42.7125 325.556 5.75955 -11.0304 73.7531 2.20911 -13 1776 1 0 1
16.251 58.9074 325.556 2.68646 12.1875 56.8964 1.3069 -13 1777 1 0 1
12.0756 -18.5513 325.556 1.69247 -2.82721 45.4719 4.89304 -13 1779 1 0 1
17.9673 8.91962 325.556 3.29853 1.94504 75.2921 1.53816 -13 1780 1 0 1
29.5761 -87.2725 325.556 3.79154 -14.529 45.5371 3.74793 -13 1781 1 0 1
12.6311 -29.2328 325.556 1.52156 -4.54761 38.3875 4.8731 -13 1782 1 0 1
11.3235 39.6849 325.556 1.90221 7.61936 58.9146 3.07548 -13 1783 1 0 1
-41.4744 61.3832 325.556 -5.59252 11.5964 51.5384 1.72228 -13 1784 1 0 1
37.4007 24.8189 325.556 5.71143 4.74272 52.9825 3.26443 -13 1785 1 0 1
54.2401 -66.1659 325.556 8.67051 -13.8215 57.7538 2.43846 -13 1786 1 0 1
0.169879 18.8654 325.556 0.0284365 3.91976 59.9332 3.71821 -13 1787 1 0 1
14.1451 -8.97088 325.556 2.42491 -2.00888 58.5258 2.1802 -13 1788 1 0 1
40.6664 -32.8665 325.556 6.44308 -6.13641 55.7794 2.3161 -13 1789 1 0 1
24.7486 -21.6525 325.556 4.85349 -6.41481 77.5278 0.677762 -13 1790 1 0 1
-31.559 -39.2037 325.556 -8.04531 -10.7402 76.3473 0.717688 -13 1791 1 0 1
-17.7036 12.3197 325.556 -2.8465 2.80651 59.9902 2.74001 -13 1792 1 0 1
-34.3178 38.665 325.556 -7.18 9.26904 70.4384 2.45949 -13 1793 1 0 1
-29.0204 -26.105 325.556 -6.43325 -6.60058 72.8192 1.77805 -13 1794 1 0 1
-31.9975 7.47844 325.556 -6.48541 2.62595 69.7898 1.03869 -13 1795 1 0 1
-15.1807 7.84138 325.556 -2.73653 1.73182 64.7327 1.83765 -13 1796 1 0 1
-20.8582 27.2298 325.556 -5.43254 8.04701 78.3569 2.27334 -13 1797 1 0 1
-4.84318 17.4272 325.556 -1.6065 4.44157 75.5495 1.88096 -13 1798 1 0 1
16.2644 16.9205 325.556 2.99076 4.18065 68.0665 2.90182 -13 1799 1 0 1
-5.97622 -48.3722 325.556 -0.864178 -10.6879 59.0577 2.73633 -13 1800 1 0 1
-51.3502 7.92352 325.556 -12.8134 1.65597 79.0147 0.659913 -13 1801 1 0 1
6.39362 26.1995 325.556 1.06414 6.51383 68.7212 2.80143 -13 1802 1 0 1
71.5787 -41.7207 325.556 11.9486 -8.87343 60.0926 2.97776 -13 1803 1 0 1
-4.40523 15.4324 325.556 0.100027 1.77858 28.9909 4.47991 -13 1804 1 0 1
10.2138 63.0047 325.556 1.69894 14.0685 64.9593 1.92809 -13 1805 1 0 1
-19.6214 15.3063 325.556 -3.90749 3.68617 68.0718 3.23267 -13 1806 1 0 1
19.8016 -6.24655 325.556 3.67516 -0.744548 70.6911 2.72098 -13 1807 1 0 1
-9.57702 -45.0025 325.556 -1.74201 -10.1331 62.991 4.05153 -13 1808 1 0 1
-9.265 -32.8486 325.556 -1.8073 -7.17621 65.8082 2.48507 -13 1809 1 0 1
41.9661 -7.1797 325.556 6.32213 -1.54398 53.9288 2.07943 -13 1810 1 0 1
-24.2087 34.6356 325.556 -4.44422 7.88292 64.487 1.02757 -13 1811 1 0 1
6.77331 -43.3516 325.556 1.20886 -8.29643 56.7518 3.16974 -13 1812 1 0 1
21.6554 16.8737 325.556 3.75822 3.45055 62.233 3.33039 -13 1813 1 0 1
9.57505 69.2106 325.556 1.67465 16.2533 65.1939 1.31731 -13 1814 1 0 1
-14.8427 22.8749 325.556 -2.74839 4.88884 66.0049 1.02758 -13 1815 1 0 1
46.4154 28.5799 325.556 8.52938 6.91283 66.9584 1.57241 -13 1816 1 0 1
-14.4049 -85.6858 325.556 -2.67335 -19.3247 63.7248 3.14973 -13 1817 1 0 1
-8.08989 11.9891 325.556 -1.20409 2.48293 60.0146 4.00954 -13 1818 1 0 1
32.9607 24.0228 325.556 3.66266 3.65692 38.5353 3.11737 -13 1819 1 0 1
-36.1704 -92.5584 325.556 -4.8952 -17.307 51.1949 3.15786 -13 1820 1 0 1
20.5901 -124.856 325.556 3.42178 -26.2634 59.561 1.80931 -13 1821 1 0 1
17.5128 58.6672 325.556 3.09072 13.8073 67.408 2.12413 -13 1823 1 0 1
-28.1252 14.9901 325.556 -6.31785 3.61086 73.2426 1.75831 -13 1824 1 0 1
-16.4994 -10.7585 325.556 -4.93144 -2.99528 79.6711 1.44974 -13 1825 1 0 1
-10.8873 36.7635 325.556 -2.34622 9.00321 70.0481 0.751259 -13 1826 1 0 1
91.3587 -35.9258 325.556 12.5875 -6.56042 51.0634 1.98778 -13 1827 1 0 1
-37.0037 -42.0302 325.556 -5.89825 -8.83448 58.7171 2.38038 -13 1828 1 0 1
-30.4414 -64.2708 325.556 -4.69986 -12.8517 56.7875 2.61632 -13 1829 1 0 1
-9.64788 -21.8137 325.556 -2.21438 -5.27931 69.1262 1.62832 -13 1830 1 0 1
39.4562 89.8276 325.556 6.95559 20.2999 64.3597 2.07779 -13 1831 1 0 1
-25.2379 7.53153 325.556 -4.59236 1.58834 65.0577 3.16689 -13 1832 1 0 1
20.4228 77.7053 325.556 3.55451 18.2625 64.8659 0.501746 -13 1833 1 0 1
-11.1637 24.5553 325.556 -2.12702 5.7272 65.8437 4.70743 -13 1834 1 0 1
10.5588 9.98427 325.556 1.73638 2.07915 53.9817 3.56736 -13 1835 1 0 1
2.98712 52.5197 325.556 0.372282 12.5172 66.9824 3.68312 -13 1836 1 0 1
-64.8608 -6.26668 325.556 -12.9796 -1.85847 69.4591 1.78138 -13 1837 1 0 1
54.4669 -2.98645 325.556 8.63131 -0.444825 56.9759 0.293277 -13 1838 1 0 1
-56.4095 19.4534 325.556 -12.4581 4.35116 74.0574 2.81082 -13 1839 1 0 1
-62.7893 36.5604 325.556 -4.17677 4.51017 29.928 2.30402 -13 1840 1 0 1
-12.8953 43.5308 325.556 -2.5991 10.7527 65.571 -0.602628 -13 1841 1 0 1
-17.5348 41.5769 325.556 -3.34037 10.3699 66.4008 2.60388 -13 1842 1 0 1
6.32493 -12.9498 325.556 0.843001 -3.60855 74.3957 1.89079 -13 1843 1 0 1
-15.5597 -18.2276 325.556 -2.54881 -4.32387 60.359 3.25317 -13 1844 1 0 1
31.3314 -2.68606 325.556 4.44713 -0.642874 48.5772 2.90107 -13 1845 1 0 1
-60.0394 17.4326 325.556 -11.5935 4.28058 67.3833 3.84728 -13 1846 1 0 1
-34.0933 9.29421 325.556 -8.09675 2.24474 76.5987 0.449209 -13 1847 1 0 1
54.4545 47.2903 325.556 8.25044 9.50512 54.3273 3.30525 -13 1848 1 0 1
-36.5831 41.2494 325.556 -7.48042 10.1344 69.5265 3.07582 -13 1849 1 0 1
12.3788 -19.2872 325.556 2.27036 -4.34558 62.1022 2.88084 -13 1850 1 0 1
10.8517 43.4321 325.556 1.82635 8.24453 53.1287 4.61445 -13 1851 1 0 1
22.6857 15.3944 325.556 4.38932 4.18758 76.8565 2.25018 -13 1852 1 0 1
-0.0192813 46.6213 325.556 -0.0587 10.694 65.374 2.52913 -13 1853 1 0 1
18.0221 -110.119 325.556 1.98009 -15.2333 35.9864 1.6551 -13 1854 1 0 1
-118.726 -59.1123 325.556 -16.143 -11.3828 51.3755 2.18222 -13 1855 1 0 1
1.43105 10.2274 325.556 0.35624 2.10626 60.0425 4.17108 -13 1856 1 0 1
26.71 4.89009 325.556 4.16415 0.617829 53.2316 2.53816 -13 1857 1 0 1
52.8752 26.9649 325.556 7.58407 4.78728 49.9104 3.908 -13 1858 1 0 1
44.1864 11.2945 325.556 8.77173 3.07637 73.2218 2.94836 -13 1859 1 0 1
-22.6999 -79.9694 325.556 -2.44538 -13.6268 45.5297 2.64264 -13 1860 1 0 1
-16.9569 -17.3032 325.556 -0.801706 -2.04248 27.968 4.41427 -13 1861 1 0 1
15.9943 -21.6381 325.556 2.60807 -4.4275 51.3227 0.215332 -13 1862 1 0 1
8.12297 -177.16 325.556 1.11416 -29.58 43.2551 1.96767 -13 1863 1 0 1
-62.1463 -41.8291 325.556 -11.9231 -9.79217 67.1374 2.73522 -13 1864 1 0 1
-19.2028 21.7837 325.556 -4.88488 6.13085 77.3835 2.58961 -13 1865 1 0 1
17.8165 -22.0428 325.556 3.095 -5.0869 61.5724 1.93614 -13 1866 1 0 1
-65.162 -30.7121 325.556 -11.2019 -6.84089 61.5809 2.70986 -13 1867 1 0 1
-77.2761 26.8234 325.556 -17.7033 6.72654 76.1297 2.3836 -13 1868 1 0 1
-51.9347 49.2411 325.556 -4.86248 7.22142 37.9495 3.50389 -13 1869 1 0 1
2.37262 27.4394 325.556 0.41219 6.49802 65.1093 2.97966 -13 1870 1 0 1
-53.285 -4.20754 325.556 -9.06362 -0.574107 61.63 3.06967 -13 1871 1 0 1
50.9579 13.8316 325.556 8.51979 2.98299 59.9303 2.15265 -13 1872 1 0 1
-71.6977 -7.73758 325.556 -15.3913 -1.87619 73.0815 2.47847 -13 1873 1 0 1
63.7923 -17.2651 325.556 13.3383 -4.83801 76.9536 -0.419029 -13 1874 1 0 1
20.9299 13.0462 325.556 3.64773 2.32184 60.614 4.52613 -13 1875 1 0 1
-22.6128 -28.3601 325.556 -4.23887 -6.08613 65.4981 2.24177 -13 1876 1 0 1
-24.2827 -18.7606 325.556 -5.22244 -4.83796 70.6205 3.4203 -13 1877 1 0 1
37.575 -51.3305 325.556 6.90995 -12.4127 66.7118 1.67964 -13 1878 1 0 1
49.3554 -35.8133 325.556 8.83998 -7.97994 64.8369 0.940534 -13 1879 1 0 1
-11.8807 -12.0234 325.556 -2.27812 -2.67518 65.3393 3.53888 -13 1880 1 0 1
-42.4972 -49.0972 325.556 -4.46755 -7.82481 42.97 3.07033 -13 1881 1 0 1
-16.1796 2.06496 325.556 -2.62584 0.542269 60.2827 1.85408 -13 1882 1 0 1
-33.4999 37.855 325.556 -6.81507 9.58843 69.4398 2.08498 -13 1883 1 0 1
-52.5076 -14.8953 325.556 -10.6876 -3.51904 70.1858 1.74517 -13 1884 1 0 1
43.1222 -37.4617 325.556 5.62766 -6.65901 46.4481 2.49497 -13 1885 1 0 1
15.6075 -24.9654 325.556 2.92419 -5.90591 68.7344 3.3419 -13 1886 1 0 1
-94.6186 41.0048 325.556 -6.17331 4.86765 29.3537 0.756047 -13 1887 1 0 1
-33.6265 -30.1844 325.556 -5.63075 -7.1051 61.8138 1.11145 -13 1888 1 0 1
-38.853 38.4797 325.556 -4.118 6.41567 42.676 1.39132 -13 1889 1 0 1
72.2832 -33.5569 325.556 12.9007 -7.88245 64.5403 0.971757 -13 1890 1 0 1
50.8486 22.2386 325.556 3.2405 2.49064 26.9538 3.95892 -13 1891 1 0 1
2.32011 12.5812 325.556 0.625883 2.28412 51.481 1.32989 -13 1892 1 0 1
-54.0103 -31.4497 325.556 -10.3921 -7.26015 67.4647 2.69394 -13 1893 1 0 1
-59.1138 14.3342 325.556 -11.8333 3.72299 69.0944 1.86891 -13 1894 1 0 1
6.37291 -31.4263 325.556 1.03835 -7.1308 67.0523 1.98078 -13 1896 1 0 1
-28.4617 -14.101 325.556 -4.83901 -2.89031 61.8217 3.19173 -13 1897 1 0 1
-8.4967 54.1338 325.556 -1.39507 12.0313 60.9143 2.77347 -13 1898 1 0 1
-27.5719 -25.6252 325.556 -5.11393 -5.80091 64.9666 1.47053 -13 1899 1 0 1
-39.0731 -55.1578 325.556 -6.11804 -11.2892 57.6432 1.50153 -13 1900 1 0 1
95.9382 1.30723 325.556 13.2799 0.377515 51.0647 3.91576 -13 1901 1 0 1
5.93858 1.38695 325.556 1.06483 0.271419 66.0352 0.566187 -13 1902 1 0 1
78.3697 -1.70924 325.556 11.8449 -0.411946 54.8685 3.09389 -13 1903 1 0 1
-19.1431 25.1135 325.556 -3.4108 5.75281 63.9281 2.24196 -13 1904 1 0 1
-51.1957 11.8935 325.556 -11.6795 2.85395 75.8571 1.45817 -13 1905 1 0 1
10.724 57.0157 325.556 1.86868 13.1707 65.7393 1.68539 -13 1906 1 0 1
-5.75537 73.3667 325.556 -0.953713 16.34 62.3834 3.78816 -13 1907 1 0 1
-17.2973 -22.5352 325.556 -3.42686 -5.71237 68.7954 1.17808 -13 1908 1 0 1
83.3538 18.1838 325.556 13.3686 3.50946 58.0111 4.93245 -13 1909 1 0 1
8.74574 18.5336 325.556 1.41875 3.87595 66.5847 0.782228 -13 1910 1 0 1
-25.4119 -9.05164 325.556 -5.58021 -1.78898 72.5903 -0.521518 -13 1911 1 0 1
-26.909 13.4171 325.556 -5.67054 3.55917 69.3867 2.15996 -13 1912 1 0 1
30.4077 -48.9919 325.556 6.02221 -12.4 75.6139 0.0360498 -13 1913 1 0 1
-40.9792 71.1112 325.556 -7.44774 15.9698 63.3388 1.86665 -13 1914 1 0 1
-92.5276 -83.4445 325.556 -17.8208 -19.6138 67.244 1.91298 -13 1915 1 0 1
-17.7607 -15.9808 325.556 -3.50287 -3.44499 66.9449 1.84762 -13 1916 1 0 1
50.7725 11.7189 325.556 9.09709 2.77232 64.9184 1.69792 -13 1917 1 0 1
-14.911 -10.8504 325.556 -2.99258 -3.10477 67.263 1.00798 -13 1918 1 0 1
0.0221627 -35.5144 325.556 0.238973 -6.8748 52.27 0.786311 -13 1919 1 0 1
15.8018 88.4208 325.556 2.60838 18.2351 58.6443 0.660869 -13 1920 1 0 1
-0.996136 4.36391 325.556 -1.4034 1.53565 80.1179 3.00154 -13 1921 1 0 1
-45.8021 21.6306 325.556 -10.0723 5.63993 73.0369 3.19604 -13 1922 1 0 1
-73.5805 -37.7061 325.556 -10.9872 -7.74235 55.3912 3.65622 -13 1923 1 0 1
0.532199 34.4823 325.556 0.0664995 8.01078 64.9496 3.76175 -13 1924 1 0 1
-54.9349 -77.6419 325.556 -5.01408 -11.4286 37.7493 2.22743 -13 1926 1 0 1
17.806 -97.88 325.556 2.73206 -19.3107 53.4347 3.01877 -13 1927 1 0 1
29.2363 -32.1196 325.556 3.06628 -4.51338 37.2269 1.66403 -13 1928 1 0 1
-49.5903 1.56743 325.556 -11.8674 0.911214 78.1288 1.87821 -13 1929 1 0 1
-16.1962 69.8673 325.556 -3.64697 17.5425 70.1856 4.14743 -13 1930 1 0 1
4.40959 65.584 325.556 0.703191 14.6036 63.7938 -0.61329 -13 1931 1 0 1
29.3861 -47.8504 325.556 5.50088 -11.5002 69.3591 1.55229 -13 1932 1 0 1
69.6928 1.2974 325.556 14.6829 0.635683 77.6594 2.76996 -13 1933 1 0 1
-32.1166 11.4992 325.556 -4.06256 2.18239 48.8166 2.06265 -13 1934 1 0 1
41.9171 -10.4616 325.556 7.59582 -2.33146 63.887 2.08561 -13 1935 1 0 1
62.1635 14.4891 325.556 9.63668 2.72446 55.785 0.906073 -13 1936 1 0 1
13.6717 -57.0839 325.556 2.40025 -12.8002 59.1806 0.756557 -13 1937 1 0 1
89.2936 -49.9538 325.556 17.0191 -11.9824 69.0393 2.2605 -13 1939 1 0 1
-57.2727 -24.46 325.556 -10.1999 -5.62225 63.6161 0.912243 -13 1941 1 0 1
-9.11689 44.5059 325.556 -2.30471 11.2552 72.527 3.38572 -13 1942 1 0 1
-11.543 41.0141 325.556 -2.37912 9.51511 67.3642 2.60826 -13 1943 1 0 1
56.6216 68.4193 325.556 9.79875 15.5212 62.6587 1.32835 -13 1944 1 0 1
18.2039 10.9127 325.556 3.31326 2.63336 65.54 1.02758 -13 1945 1 0 1
-18.0507 21.9582 325.556 -3.24097 4.84646 63.0502 1.7221 -13 1946 1 0 1
12.1957 25.9558 325.556 2.27622 5.22382 61.5494 2.48936 -13 1947 1 0 1
-8.27671 64.1471 325.556 -2.02872 15.9211 70.5237 2.1797 -13 1948 1 0 1
-29.7886 16.9884 325.556 -4.77117 3.52583 59.5702 2.03455 -13 1950 1 0 1
29.5369 17.0364 325.556 5.19768 3.63971 62.0167 2.57437 -13 1951 1 0 1
45.2816 0.521962 325.556 7.58745 -0.122524 58.8362 0.574702 -13 1952 1 0 1
86.7839 -20.7259 325.556 13.2784 -4.16092 55.6753 1.25597 -13 1953 1 0 1
21.7105 -3.78405 325.556 3.93241 -0.735045 65.8131 0.163494 -13 1954 1 0 1
-75.6477 -45.3669 325.556 -11.2886 -8.92746 55.205 2.23208 -13 1955 1 0 1
-37.407 -33.6243 325.556 -5.44061 -6.45057 53.7898 1.9061 -13 1956 1 0 1
-51.9555 67.035 325.556 -5.96656 11.4692 45.2502 2.58564 -13 1957 1 0 1
7.01509 -13.4833 325.556 1.23982 -3.4395 67.5771 -0.698602 -13 1958 1 0 1
4.49107 17.457 325.556 0.710357 2.57221 37.5775 2.65643 -13 1959 1 0 1
30.9795 -48.0802 325.556 5.67291 -11.1349 66.9388 0.291903 -13 1960 1 0 1
-32.7814 4.19137 325.556 -4.83923 0.716356 55.8607 0.115325 -13 1961 1 0 1
7.74988 -37.8611 325.556 0.933286 -4.53048 33.199 5.09495 -13 1962 1 0 1
20.6574 -6.21291 325.556 3.27039 -1.65478 78.3783 0.317123 -13 1963 1 0 1
47.9797 -65.7431 325.556 6.58133 -11.7012 49.0845 1.15252 -13 1964 1 0 1
-20.3778 -82.7559 325.556 -3.73656 -18.903 62.9836 2.76436 -13 1965 1 0 1
23.8653 -19.8662 325.556 3.4522 -3.53106 48.7773 2.45775 -13 1966 1 0 1
22.7155 -22.4448 325.556 4.25289 -5.52757 68.2687 2.20026 -13 1967 1 0 1
-43.9128 83.4384 325.556 -8.73207 20.4454 68.0668 2.61513 -13 1968 1 0 1
36.6511 -10.5634 325.556 7.18239 -4.11157 72.7126 1.00331 -13 1969 1 0 1
-5.68076 -21.2709 325.556 -1.1555 -5.09115 66.0119 2.20612 -13 1970 1 0 1
-7.37395 63.3739 325.556 -1.68854 15.6912 69.2102 2.62867 -13 1971 1 0 1
13.1688 36.6909 325.556 2.0357 7.0234 51.9992 2.33431 -13 1972 1 0 1
-28.3597 4.44095 325.556 -6.05151 0.964954 71.4112 3.36509 -13 1973 1 0 1
44.9403 -25.2336 325.556 7.08941 -5.64859 55.755 3.80791 -13 1974 1 0 1
-6.73424 -27.6484 325.556 -1.50108 -6.30295 69.3997 1.40545 -13 1975 1 0 1
11.9765 52.3644 325.556 2.11891 11.9139 63.9499 0.55063 -13 1976 1 0 1
-35.9761 -48.8031 325.556 -6.18491 -10.0552 61.4109 1.6375 -13 1977 1 0 1
37.2292 -67.6209 325.556 6.4734 -14.1826 61.2148 0.286892 -13 1978 1 0 1
-73.2945 -46.7998 325.556 -16.918 -12.4118 76.6615 3.83238 -13 1979 1 0 1
-35.8029 -87.0845 325.556 -7.1194 -21.6137 67.4905 3.52418 -13 1980 1 0 1
-30.7478 11.3618 325.556 -7.69463 2.50472 78.707 1.22508 -13 1981 1 0 1
-33.3102 21.6735 325.556 -4.4949 3.86044 52.0181 1.35848 -13 1982 1 0 1
69.8631 1.98619 325.556 12.0956 0.686669 62.3727 0.583814 -13 1983 1 0 1
23.1877 -74.0485 325.556 3.81949 -15.3035 58.2278 2.17163 -13 1984 1 0 1
18.4475 -32.8122 325.556 3.22525 -8.74803 78.9955 0.886473 -13 1985 1 0 1
-27.4287 -34.8077 325.556 -6.46818 -9.27521 75.1984 0.905205 -13 1986 1 0 1
11.3661 -37.0382 325.556 2.02289 -8.11845 59.0057 2.64686 -13 1987 1 0 1
80.8877 67.5051 325.556 12.825 14.1182 57.186 2.83599 -13 1988 1 0 1
10.0067 8.07498 325.556 1.68083 1.10833 62.8678 1.62126 -13 1990 1 0 1
-55.3346 -14.2727 325.556 -9.07501 -3.16693 59.322 3.06208 -13 1991 1 0 1
44.2678 -2.70376 325.556 7.27748 -0.671735 58.4464 2.58695 -13 1992 1 0 1
45.4605 39.89 325.556 5.67263 7.34526 45.4194 2.52434 -13 1993 1 0 1
85.4237 157.611 325.556 12.0446 30.3564 52.4583 2.86009 -13 1994 1 0 1
-22.0206 19.8125 325.556 -2.92503 3.94427 53.9214 3.16958 -13 1995 1 0 1
13.5968 21.585 325.556 2.41406 4.27499 54.3269 0.619557 -13 1996 1 0 1
-45.7958 -42.0151 325.556 -5.79209 -7.07687 48.8599 0.0467218 -13 1997 1 0 1
51.2128 -30.2047 325.556 3.75232 -3.33638 29.0607 5.26088 -13 1998 1 0 1
-21.585 -22.3285 325.556 -3.78296 -5.23292 62.2067 0.668628 -13 1999 1 0 1
-5.52928 45.806 325.556 -1.36224 11.1475 68.8587 2.07187 -13 2000 1 0 1
-26.9725 -42.5461 325.556 -5.4734 -10.1918 68.8344 2.51018 -13 2001 1 0 1
-7.84129 -38.3066 325.556 -1.95347 -9.23314 72.0335 0.327632 -13 2002 1 0 1
46.6805 8.09515 325.556 5.53912 1.37013 43.5788 2.92801 -13 2003 1 0 1
5.91862 -47.5804 325.556 1.06711 -10.7342 63.3477 1.08737 -13 2004 1 0 1
54.3623 -1.75487 325.556 4.8518 -0.0857771 33.5396 5.20347 -13 2005 1 0 1
-27.4241 5.46567 325.556 -4.673 1.47443 62.0992 0.526196 -13 2006 1 0 1
2.56034 -4.75967 325.556 0.453988 -1.21883 65.8328 2.16797 -13 2007 1 0 1
14.296 3.48921 325.556 2.58423 0.993449 69.3208 2.99124 -13 2008 1 0 1
31.9675 -49.2072 325.556 4.8963 -9.86003 53.8994 1.0792 -13 2009 1 0 1
-7.2478 63.8376 325.556 -1.48506 14.7679 65.073 2.47644 -13 2010 1 0 1
-24.8624 6.96814 325.556 -4.86009 1.0615 66.952 0.350948 -13 2011 1 0 1
6.88784 -33.7407 325.556 1.05636 -8.11615 69.2388 3.29981 -13 2012 1 0 1
23.2176 43.4752 325.556 4.10952 10.1494 66.2511 2.06833 -13 2013 1 0 1
36.9383 68.8167 325.556 4.54975 11.1985 43.9074 3.37549 -13 2014 1 0 1
-111.753 -81.6674 325.556 -15.1043 -15.1252 51.0812 2.03664 -13 2017 1 0 1
15.1741 56.3579 325.556 2.61056 13.424 69.9344 3.50855 -13 2018 1 0 1
-8.21443 -1.58029 325.556 -1.51432 -0.439699 62.8307 2.01375 -13 2019 1 0 1
4.8179 29.6722 325.556 0.396798 7.88496 76.69 -0.314982 -13 2020 1 0 1
58.0482 3.79406 325.556 10.5121 0.97786 65.0898 1.54959 -13 2021 1 0 1
1.16203 1.17427 325.556 0.403306 -0.204743 62.568 0.805702 -13 2023 1 0 1
-33.8719 28.1448 325.556 -6.69474 6.06395 68.3118 0.923179 -13 2024 1 0 1
-5.63948 44.6996 325.556 -0.817262 8.65924 56.8214 2.56895 -13 2025 1 0 1
-56.6714 -24.5067 325.556 -10.1229 -5.35966 63.5758 3.6676 -13 2026 1 0 1
17.2565 -6.70379 325.556 1.25638 -0.567635 25.2737 6.37715 -13 2027 1 0 1
19.2232 3.74199 325.556 3.66612 0.980205 73.8597 2.62852 -13 2028 1 0 1
-22.3681 17.4942 325.556 -4.69522 4.43001 69.6435 2.9027 -13 2029 1 0 1
-63.5748 -31.8062 325.556 -10.2381 -6.58451 58.8448 2.59421 -13 2030 1 0 1
-33.6152 31.3524 325.556 -8.02609 8.44333 77.5759 0.896325 -13 2031 1 0 1
20.3219 -13.6882 325.556 3.83204 -3.50567 71.8131 3.20141 -13 2032 1 0 1
-3.33495 -5.67503 325.556 -0.769028 -1.09454 66.1273 -0.341734 -13 2033 1 0 1
-10.8596 -35.4918 325.556 -1.74557 -7.33707 60.2403 2.95988 -13 2034 1 0 1
15.8293 24.678 325.556 2.5114 4.67641 53.0473 3.56761 -13 2035 1 0 1
-24.186 -3.45382 325.556 -5.91205 -1.48684 76.7803 0.887952 -13 2036 1 0 1
-51.5239 -66.7274 325.556 -9.17859 -14.9547 63.433 1.11605 -13 2037 1 0 1
71.8618 -21.9054 325.556 10.7563 -4.5268 54.3143 2.46521 -13 2038 1 0 1
-15.11 39.1602 325.556 -3.00494 9.29333 66.8587 2.33428 -13 2039 1 0 1
-17.9672 19.8508 325.556 -4.99611 5.72726 80.3793 3.33075 -13 2040 1 0 1
10.4567 16.2931 325.556 1.77496 3.32295 54.0546 1.77477 -13 2041 1 0 1
-51.6339 100.167 325.556 -7.39804 19.3856 53.5958 1.78871 -13 2042 1 0 1
88.2668 -8.49976 325.556 14.9287 -1.91596 61.9925 2.79071 -13 2043 1 0 1
-32.1446 -28.3985 325.556 -4.31388 -5.052 52.26 0.289228 -13 2044 1 0 1
-4.83857 -31.7037 325.556 -1.26149 -8.32334 71.593 2.88821 -13 2045 1 0 1
-7.87723 9.14389 325.556 -1.63794 1.87256 67.8443 2.82042 -13 2046 1 0 1
-57.9219 -55.5881 325.556 -11.791 -13.5149 69.7095 1.66413 -13 2047 1 0 1
-31.219 8.7959 325.556 -7.06006 2.09776 73.9264 2.58476 -13 2048 1 0 1
20.5414 91.7954 325.556 3.5174 20.9681 64.2873 1.49597 -13 2049 1 0 1
-31.9678 -102.115 325.556 -6.02952 -23.8188 65.4787 2.87736 -13 2050 1 0 1
21.4716 20.1074 325.556 1.88277 2.48932 30.5407 3.81063 -13 2052 1 0 1
64.6621 25.9472 325.556 11.5454 5.8199 64.4126 1.40992 -13 2053 1 0 1
17.9727 55.6201 325.556 2.89512 11.115 55.4256 1.01607 -13 2054 1 0 1
13.6977 -83.6211 325.556 2.27133 -17.1485 56.5129 3.92721 -13 2055 1 0 1
-39.3168 3.17723 325.556 -7.30703 0.816413 64.9896 0.915062 -13 2056 1 0 1
13.7444 4.7112 325.556 2.42381 1.16775 60.446 4.26036 -13 2057 1 0 1
14.4341 -32.4899 325.556 2.4262 -7.0529 62.506 0.67384 -13 2058 1 0 1
-26.4148 35.5571 325.556 -4.05425 6.99414 57.4879 -0.526432 -13 2059 1 0 1
-32.8004 23.5948 325.556 -7.20521 5.05609 72.2398 3.5558 -13 2060 1 0 1
32.1253 -14.6033 325.556 5.69183 -3.40072 63.7683 2.64149 -13 2061 1 0 1
24.1273 -3.55737 325.556 4.66487 -1.48636 72.789 4.14405 -13 2062 1 0 1
13.8586 -65.6555 325.556 1.66933 -9.04697 38.146 1.32925 -13 2063 1 0 1
1.9704 -57.8044 325.556 0.340822 -13.7952 64.0088 1.96639 -13 2064 1 0 1
48.294 43.8788 325.556 7.80814 8.9971 57.6804 0.446294 -13 2065 1 0 1
7.41967 15.2725 325.556 1.3025 2.64209 56.283 2.08259 -13 2067 1 0 1
74.3044 -18.9445 325.556 13.2725 -4.75413 64.5724 0.822975 -13 2068 1 0 1
-40.158 -13.9519 325.556 -6.37118 -2.91127 58.1901 2.02867 -13 2069 1 0 1
-27.7539 -45.397 325.556 -6.74844 -12.174 76.5169 2.18297 -13 2070 1 0 1
-14.2263 14.482 325.556 -1.76062 2.90198 51.7686 1.12445 -13 2071 1 0 1
93.9483 90.584 325.556 13.1454 16.9475 51.5644 0.374064 -13 2072 1 0 1
-17.0692 -75.9308 325.556 -2.5549 -15.7418 56.5478 3.20475 -13 2073 1 0 1
10.9069 5.70255 325.556 1.96335 1.08824 70.9902 1.19739 -13 2074 1 0 1
-10 -31.5084 325.556 -1.60886 -6.83254 59.191 0.296535 -13 2075 1 0 1
-7.90397 -23.8493 325.556 -1.4969 -5.38545 65.1433 2.35759 -13 2076 1 0 1
32.506 -23.1536 325.556 6.33391 -5.56009 72.1314 1.92646 -13 2077 1 0 1
54.7955 56.7645 325.556 9.56763 12.8742 63.104 1.80627 -13 2078 1 0 1
2.47858 -21.8686 325.556 0.393287 -5.49253 63.2195 1.63253 -13 2079 1 0 1
-0.917698 8.83884 325.556 -0.402688 2.37404 69.3407 1.78245 -13 2080 1 0 1
-1.70806 24.7744 325.556 -0.633661 6.0974 71.9277 3.61386 -13 2081 1 0 1
3.75044 53.4587 325.556 0.782932 10.5264 54.9743 1.70641 -13 2082 1 0 1
53.659 57.6879 325.556 9.508 12.669 63.7122 4.12087 -13 2083 1 0 1
11.9192 79.1728 325.556 1.97374 16.5682 58.5346 2.23062 -13 2085 1 0 1
6.14338 4.67114 325.556 1.02154 1.15537 68.1709 2.08641 -13 2086 1 0 1
14.647 30.0277 325.556 2.60796 6.50346 62.2254 2.39029 -13 2087 1 0 1
-59.372 -29.6094 325.556 -13.5786 -7.62266 75.8121 1.02342 -13 2089 1 0 1
18.2631 -24.3381 325.556 2.29609 -3.63555 40.4732 2.02239 -13 2090 1 0 1
-11.5577 -5.97845 325.556 -2.41747 -1.38425 69.3778 0.0907726 -13 2091 1 0 1
-5.96971 122.338 325.556 -0.881881 25.3094 56.9023 2.4353 -13 2092 1 0 1
69.2391 -85.1844 325.556 7.54663 -12.5261 40.8909 2.07912 -13 2093 1 0 1
-10.3108 -18.5595 325.556 -1.80033 -4.48257 61.7379 3.11249 -13 2094 1 0 1
5.41914 14.5203 325.556 0.683205 3.83142 74.8101 2.59502 -13 2095 1 0 1
32.7816 -18.0705 325.556 5.45758 -3.6074 58.4536 2.05452 -13 2096 1 0 1
0.433182 -5.39945 325.556 0.0288216 -0.790669 59.4882 1.7204 -13 2097 1 0 1
0.686373 97.4493 325.556 0.266022 18.5812 52.6965 1.98284 -13 2098 1 0 1
-54.0514 -5.31702 325.556 -9.51722 -1.00765 63.2131 1.57912 -13 2099 1 0 1
-36.9913 -73.651 325.556 -4.12822 -12.1602 45.2773 2.22684 -13 2100 1 0 1
45.108 -65.3017 325.556 6.62305 -12.3623 51.9666 1.67013 -13 2101 1 0 1
-29.0579 -10.2509 325.556 -0.993611 -0.962362 20.691 8.02699 -13 2102 1 0 1
-10.445 -21.6294 325.556 -2.08403 -5.18437 66.365 1.18846 -13 2103 1 0 1
10.9961 13.8708 325.556 1.98551 3.26342 69.5352 2.1234 -13 2104 1 0 1
2.66284 -49.3456 325.556 -0.115193 -13.1461 77.5602 0.652216 -13 2105 1 0 1
-18.0292 31.5514 325.556 -3.77401 7.79896 69.1754 1.83104 -13 2108 1 0 1
-11.1692 7.2347 325.556 -1.56576 1.44292 56.664 1.3706 -13 2109 1 0 1
23.6206 90.5328 325.556 4.16878 20.1244 63.1326 1.87004 -13 2110 1 0 1
-32.2715 -73.2929 325.556 -4.33036 -13.9323 51.984 3.66072 -13 2111 1 0 1
10.3269 26.075 325.556 1.83413 5.61642 61.013 1.09153 -13 2112 1 0 1
-2.85757 10.1972 325.556 -0.858318 2.81959 71.4232 0.855278 -13 2113 1 0 1
-16.1618 -59.3569 325.556 -2.23253 -11.6777 54.5583 3.65576 -13 2114 1 0 1
-48.0877 -57.689 325.556 -8.3495 -12.7016 61.6443 4.63361 -13 2115 1 0 1
31.4962 -4.98583 325.556 5.49557 -1.23683 60.3941 1.92391 -13 2116 1 0 1
29.5652 43.9684 325.556 5.41905 9.9969 66.5675 1.92953 -13 2117 1 0 1
-8.82852 33.5726 325.556 -1.69194 7.52201 65.7448 0.714626 -13 2118 1 0 1
-1.46229 28.2555 325.556 -0.501597 6.10161 67.8914 1.91273 -13 2119 1 0 1
17.7586 -6.54788 325.556 3.03433 -1.17833 57.0541 -0.513013 -13 2120 1 0 1
17.1389 48.7713 325.556 2.83069 10.1679 58.1345 4.04973 -13 2121 1 0 1
-41.1889 -27.7137 325.556 -6.91377 -6.22837 61.2285 3.7017 -13 2122 1 0 1
-3.7532 -1.63064 325.556 -1.34947 -0.425141 76.9668 2.33934 -13 2123 1 0 1
-55.0283 56.6552 325.556 -6.85581 9.48479 47.9813 4.99647 -13 2124 1 0 1
-35.2414 -31.9251 325.556 -5.16591 -6.21456 54.9506 1.4694 -13 2125 1 0 1
-27.1092 48.3895 325.556 -6.39858 12.8416 75.3512 1.24404 -13 2126 1 0 1
32.4267 -22.6969 325.556 5.5763 -5.19191 60.9449 1.39645 -13 2127 1 0 1
4.23846 -35.0272 325.556 0.665089 -7.96544 68.3787 4.15265 -13 2128 1 0 1
-27.0574 36.8612 325.556 -5.47085 8.8708 67.5188 1.38089 -13 2129 1 0 1
-3.83056 17.7738 325.556 -0.684771 3.49509 64.4754 1.75355 -13 2130 1 0 1
-34.773 -28.8904 325.556 -5.771 -6.08202 60.4441 4.06857 -13 2131 1 0 1
17.4159 27.3873 325.556 3.24364 7.58791 77.1405 2.59532 -13 2132 1 0 1
-17.0979 59.702 325.556 -2.24903 12.5944 55.3058 2.59307 -13 2133 1 0 1
-20.1741 47.8915 325.556 -3.94896 11.649 66.8096 1.49744 -13 2134 1 0 1
125.165 -74.3865 325.556 21.7474 -16.3906 63.616 3.06525 -13 2135 1 0 1
-39.4637 13.2159 325.556 -7.07699 3.00621 64.072 2.52556 -13 2136 1 0 1
57.0589 44.199 325.556 10.4193 9.78818 66.3315 0.55587 -13 2137 1 0 1
-39.1436 39.6884 325.556 -7.62127 9.46868 67.8461 0.890078 -13 2138 1 0 1
27.7566 12.1554 325.556 5.36721 2.99926 71.7194 2.99454 -13 2139 1 0 1
-63.7213 30.6487 325.556 -7.44517 5.25928 45.054 1.71832 -13 2140 1 0 1
24.8332 -48.3885 325.556 4.43029 -10.8484 63.8519 3.35755 -13 2141 1 0 1
34.9231 33.2539 325.556 6.97642 9.42287 77.1863 2.68436 -13 2142 1 0 1
33.0743 17.0315 325.556 5.04519 3.20006 53.4751 1.35221 -13 2143 1 0 1
-59.9711 -23.5001 325.556 -9.59355 -4.86204 58.6345 1.73475 -13 2144 1 0 1
-49.9776 11.3141 325.556 -1.3826 0.868275 17.9276 8.54197 -13 2145 1 0 1
73.7107 -64.213 325.556 12.1634 -13.7304 59.6194 1.93596 -13 2146 1 0 1
41.1888 85.3059 325.556 5.45692 14.834 47.426 3.09041 -13 2147 1 0 1
10.8783 32.5322 325.556 1.94611 6.65947 58.0098 2.45608 -13 2148 1 0 1
-57.8198 28.1377 325.556 -10.022 6.16361 62.3961 2.2268 -13 2149 1 0 1
-9.78448 53.3601 325.556 -1.18877 10.3202 53.2186 1.42481 -13 2150 1 0 1
-27.8734 -1.06681 325.556 -5.58717 -0.352664 68.5231 0.301672 -13 2151 1 0 1
-74.6607 11.3869 325.556 -13.2285 2.76112 63.2315 1.45276 -13 2152 1 0 1
-45.8244 -56.2874 325.556 -6.87958 -11.0324 55.8889 0.0327151 -13 2153 1 0 1
94.4945 107.582 325.556 12.107 18.9192 47.5346 2.70199 -13 2154 1 0 1
8.76611 7.9156 325.556 1.58451 2.25366 64.7192 1.32011 -13 2155 1 0 1
-10.1107 14.0485 325.556 -2.1684 3.09756 68.3158 4.19574 -13 2156 1 0 1
1.94691 -25.0469 325.556 -0.257614 -6.93023 79.3337 3.28403 -13 2157 1 0 1
-41.9729 -10.3631 325.556 -5.25601 -1.7237 48.9501 3.25123 -13 2158 1 0 1
-47.7835 -29.7558 325.556 -6.74082 -5.47403 53.4324 3.83828 -13 2159 1 0 1
-25.7106 -82.1524 325.556 -3.98092 -17.418 58.0625 3.74905 -13 2160 1 0 1
34.9399 15.0036 325.556 6.63076 3.60715 68.962 4.01808 -13 2161 1 0 1
-41.991 -20.8241 325.556 -10.6032 -6.19973 80.3423 3.72302 -13 2162 1 0 1
3.78714 32.3567 325.556 0.789622 7.16697 63.2791 2.62424 -13 2163 1 0 1
-15.3024 63.9889 325.556 -2.71415 14.854 63.9775 1.50816 -13 2165 1 0 1
-25.9437 18.3303 325.556 -3.58358 3.52217 53.5707 0.8709 -13 2166 1 0 1
10.1613 8.64306 325.556 1.71111 2.05997 70.5811 3.49183 -13 2167 1 0 1
-25.4229 -1.79771 325.556 -6.42944 -0.30683 78.3448 0.910204 -13 2169 1 0 1
18.3519 45.6442 325.556 3.18054 9.72285 61.3982 4.82047 -13 2171 1 0 1
-30.9824 50.45 325.556 -4.64901 10.0834 56.1895 1.52817 -13 2172 1 0 1
-61.6142 10.7174 325.556 -12.8324 2.1333 71.4054 -1.00762 -13 2173 1 0 1
-5.36224 -66.5334 325.556 -0.245783 -9.79523 41.553 1.10066 -13 2174 1 0 1
17.0876 50.8423 325.556 3.14004 12.5871 67.6099 2.29274 -13 2175 1 0 1
-28.3862 -55.3842 325.556 -1.65699 -5.93286 27.9267 6.34335 -13 2176 1 0 1
-15.6296 -19.5748 325.556 -3.93634 -5.17282 75.846 2.34114 -13 2177 1 0 1
-28.1018 -54.4546 325.556 -3.03872 -8.82896 43.7148 4.5031 -13 2178 1 0 1
-46.7558 8.18625 325.556 -9.38765 2.03553 68.7688 2.92415 -13 2179 1 0 1
5.50726 -113.936 325.556 0.982876 -20.4926 48.9297 1.74564 -13 2180 1 0 1
-23.4945 64.783 325.556 -4.82487 16.0034 69.3513 1.83537 -13 2181 1 0 1
-6.52046 -42.9711 325.556 -0.662448 -7.4725 50.2993 2.5675 -13 2182 1 0 1
20.7297 -21.8516 325.556 3.70879 -5.15336 66.9422 1.42794 -13 2183 1 0 1
-14.5314 3.14462 325.556 -3.71786 0.540802 75.5381 1.12576 -13 2184 1 0 1
-2.46778 -8.36692 325.556 -1.49059 -2.89269 79.1904 2.1437 -13 2185 1 0 1
-10.706 24.2208 325.556 -2.36894 6.05607 70.3304 2.76499 -13 2186 1 0 1
41.5563 -27.939 325.556 7.92494 -6.8058 69.707 1.7595 -13 2187 1 0 1
-66.525 -43.6371 325.556 -15.0276 -11.4239 75.8888 3.26934 -13 2188 1 0 1
-2.9648 -87.8421 325.556 -0.320066 -17.6224 54.9011 3.44815 -13 2189 1 0 1
-33.4951 37.9681 325.556 -7.73903 10.1819 75.3587 1.38665 -13 2190 1 0 1
-11.787 -3.54324 325.556 -1.60209 -0.406739 54.1828 0.989012 -13 2191 1 0 1
-40.1029 -2.9532 325.556 -8.95803 -0.159299 74.0549 2.73662 -13 2192 1 0 1
-36.8485 5.471 325.556 -4.72689 1.05449 50.8916 2.97627 -13 2193 1 0 1
-28.2732 -5.98434 325.556 -4.78304 -1.31575 60.6759 3.09359 -13 2194 1 0 1
-8.18832 -28.7531 325.556 -1.88293 -6.86212 69.5644 3.49974 -13 2195 1 0 1
6.07864 90.4145 325.556 0.571486 23.3313 73.9229 2.48399 -13 2196 1 0 1
20.1221 14.7619 325.556 3.77344 4.19423 75.1197 2.9021 -13 2197 1 0 1
-4.44159 -4.37526 325.556 -1.5669 -1.46991 76.9867 2.38355 -13 2198 1 0 1
1.16909 2.30024 325.556 0.197945 0.871801 64.506 3.25102 -13 2199 1 0 1
-15.2628 29.061 325.556 -2.70481 6.29989 63.8103 2.12479 -13 2200 1 0 1
-7.39786 -34.2278 325.556 -1.14779 -6.90264 58.8991 3.85581 -13 2201 1 0 1
21.9449 32.8451 325.556 4.10678 8.09755 70.385 4.2507 -13 2202 1 0 1
17.6136 15.8623 325.556 3.18615 3.75452 64.5553 3.9057 -13 2203 1 0 1
18.8468 -38.5465 325.556 3.44743 -9.5083 68.8692 3.27763 -13 2204 1 0 1
2.43123 65.7843 325.556 0.15617 16.5274 69.7631 2.96429 -13 2205 1 0 1
5.74349 82.4435 325.556 0.977745 15.258 51.644 2.67233 -13 2206 1 0 1
-35.2419 -23.5922 325.556 -6.75451 -5.46885 67.0318 1.54185 -13 2207 1 0 1
-60.9937 -35.3727 325.556 -5.28539 -4.76989 36.1511 5.97064 -13 2208 1 0 1
-39.1045 27.7608 325.556 -6.1488 5.7512 57.5917 3.73861 -13 2209 1 0 1
71.4896 56.6921 325.556 9.94455 9.82198 50.1504 2.94032 -13 2210 1 0 1
-33.2261 -4.1021 325.556 -6.64664 -1.10667 69.0446 -0.532677 -13 2211 1 0 1
-12.8671 -27.4672 325.556 -3.14609 -6.73722 73.2194 1.36555 -13 2212 1 0 1
-20.6067 12.6186 325.556 -3.43964 2.63415 62.4777 3.10793 -13 2213 1 0 1
-60.5621 -29.4235 325.556 -13.5414 -7.63396 75.2677 2.76581 -13 2214 1 0 1
-54.9769 -58.7067 325.556 -10.1871 -12.9268 64.8144 2.1294 -13 2216 1 0 1
13.3287 62.6619 325.556 2.32339 14.4041 66.5742 4.53713 -13 2217 1 0 1
-30.1788 -51.7257 325.556 -4.50142 -9.8737 56.5406 2.45128 -13 2218 1 0 1
-25.2153 74.3073 325.556 -4.66989 16.7757 64.5677 0.706265 -13 2219 1 0 1
15.9191 -6.09496 325.556 2.8866 -0.962262 66.5389 2.25602 -13 2220 1 0 1
-26.1968 -29.4002 325.556 -4.44825 -6.13359 61.5355 2.57632 -13 2221 1 0 1
-19.6095 -11.6066 325.556 -1.7909 -1.43698 40.2729 3.48151 -13 2223 1 0 1
81.5066 -18.886 325.556 16.2079 -4.60941 72.5771 1.20214 -13 2224 1 0 1
28.7501 38.7013 325.556 3.72518 6.44925 45.3124 3.18309 -13 2225 1 0 1
6.39044 11.5779 325.556 0.946732 2.62601 74.5403 1.47637 -13 2226 1 0 1
-4.94801 24.5872 325.556 -0.968589 5.38033 64.3788 1.7802 -13 2227 1 0 1
-11.1191 -6.91979 325.556 -2.47104 -0.949773 68.8635 2.53339 -13 2228 1 0 1
26.3789 -23.4449 325.556 4.85159 -6.90171 78.7801 4.01915 -13 2229 1 0 1
18.9156 27.7275 325.556 2.68062 4.92569 45.791 3.51464 -13 2230 1 0 1
-50.3509 36.5285 325.556 -8.66442 7.951 62.2908 1.25395 -13 2231 1 0 1
21.3113 36.5375 325.556 3.35227 7.54135 53.8328 2.08238 -13 2232 1 0 1
-36.6904 -45.9599 325.556 -7.06542 -10.7147 67.0157 -0.0428898 -13 2233 1 0 1
1.60003 -11.3874 325.556 0.220826 -2.60179 63.2202 1.11399 -13 2234 1 0 1
22.1456 49.2203 325.556 3.23476 9.00124 50.1784 0.838953 -13 2235 1 0 1
-36.5991 -18.6134 325.556 -6.24803 -4.4377 61.1456 3.69528 -13 2236 1 0 1
-20.4043 13.5809 325.556 -5.68223 3.66919 81.442 4.9257 -13 2237 1 0 1
3.38486 17.7006 325.556 0.629115 3.97709 61.9054 3.30113 -13 2238 1 0 1
28.827 -71.8624 325.556 5.07632 -16.3688 64.8422 4.85434 -13 2239 1 0 1
-40.9429 -33.9163 325.556 -8.78817 -8.84961 71.8014 1.41122 -13 2240 1 0 1
-11.0116 12.6399 325.556 -2.32898 3.29688 68.5577 0.507494 -13 2241 1 0 1
-9.20456 6.05927 325.556 -2.00905 1.50936 70.4641 3.06995 -13 2242 1 0 1
7.05686 68.6037 325.556 1.27696 14.1398 58.0229 2.20843 -13 2243 1 0 1
-20.9935 85.9209 325.556 -2.61561 16.0416 50.4425 2.59225 -13 2244 1 0 1
10.0342 26.3321 325.556 1.78907 6.62327 69.5161 2.91215 -13 2245 1 0 1
-37.9975 7.52657 325.556 -8.02706 2.60522 71.7006 3.0209 -13 2246 1 0 1
-1.68092 -4.14227 325.556 -1.36102 -1.29539 81.3618 0.43589 -13 2247 1 0 1
30.1469 -11.0131 325.556 5.97301 -3.26373 76.0193 1.1311 -13 2248 1 0 1
65.8549 -9.68725 325.556 11.0458 -1.68742 60.1173 2.31465 -13 2249 1 0 1
2.4994 30.8109 325.556 -0.100643 7.773 77.464 2.67181 -13 2250 1 0 1
30.8621 -15.5865 325.556 5.77055 -3.35145 68.7717 2.03359 -13 2251 1 0 1
1.86048 63.5119 325.556 0.38383 13.2384 60.3028 2.17377 -13 2252 1 0 1
63.351 93.5203 325.556 8.69254 17.5124 50.5289 4.46958 -13 2253 1 0 1
-47.3999 50.2488 325.556 -8.26495 11.087 62.5387 -0.21377 -13 2254 1 0 1
13.2787 -22.4799 325.556 2.24505 -4.94466 59.7244 2.88369 -13 2256 1 0 1
72.3736 -31.0199 325.556 12.147 -6.71196 60.5474 0.702406 -13 2257 1 0 1
32.2464 -85.7448 325.556 5.01766 -17.1545 55.5045 2.86499 -13 2258 1 0 1
50.6186 5.84013 325.556 8.75932 1.48779 61.5774 2.33562 -13 2259 1 0 1
70.4016 -19.8898 325.556 12.3282 -5.00895 62.9825 2.86716 -13 2260 1 0 1
-42.513 71.6473 325.556 -10.2157 19.8043 76.9454 3.3251 -13 2261 1 0 1
-12.3751 52.9355 325.556 -1.72105 10.6158 55.7879 3.27846 -13 2262 1 0 1
-36.7697 -27.2428 325.556 -7.61043 -6.15863 69.8239 2.76523 -13 2263 1 0 1
20.7306 -51.6616 325.556 3.62764 -11.8539 63.737 2.3029 -13 2264 1 0 1
17.7028 -27.6274 325.556 3.29817 -6.47164 68.4572 1.11087 -13 2265 1 0 1
-49.5171 50.1854 325.556 -7.56067 10.2826 56.4296 3.78352 -13 2266 1 0 1
27.8633 -34.3282 325.556 4.91953 -7.14473 63.6063 3.52567 -13 2267 1 0 1
-37.3239 58.3008 325.556 -4.37819 9.71449 46.605 1.29742 -13 2268 1 0 1
-40.1731 -54.8909 325.556 -8.0064 -13.9176 68.3784 2.08508 -13 2269 1 0 1
-9.04612 -28.9279 325.556 -2.70814 -7.33884 77.2699 1.35492 -13 2270 1 0 1
6.39386 28.624 325.556 1.17037 6.59182 69.0874 0.955302 -13 2271 1 0 1
-72.566 9.22146 325.556 -17.216 2.20133 78.9569 1.28664 -13 2272 1 0 1
16.9928 24.8902 325.556 2.87531 5.16976 59.5566 1.26475 -13 2273 1 0 1
-43.8624 -18.0776 325.556 -10.0518 -5.08219 75.4018 0.636242 -13 2274 1 0 1
4.63858 -68.3847 325.556 0.979627 -12.1029 48.3447 2.40312 -13 2275 1 0 1
36.0099 -1.59419 325.556 6.71761 -0.753814 67.0194 1.47866 -13 2276 1 0 1
-46.9082 -14.7442 325.556 -7.29729 -2.60149 57.2594 0.774431 -13 2277 1 0 1
-10.4645 8.36146 325.556 -2.37134 1.87225 70.6047 2.88011 -13 2278 1 0 1
-18.885 35.9338 325.556 -4.75724 10.2954 76.1651 2.58862 -13 2279 1 0 1
-13.103 -19.0015 325.556 -2.20637 -4.06143 60.6098 1.73446 -13 2280 1 0 1
27.1114 -21.3183 325.556 4.63358 -4.60739 61.5047 -0.730164 -13 2281 1 0 1
-52.6843 12.3856 325.556 -10.2399 2.90493 67.2682 2.75348 -13 2282 1 0 1
-44.535 25.4172 325.556 -4.55577 3.70344 42.3806 4.37439 -13 2283 1 0 1
-28.8634 9.54501 325.556 -6.22177 2.0718 71.8718 0.485762 -13 2284 1 0 1
-47.4908 25.2143 325.556 -4.37284 3.74477 38.28 3.52116 -13 2285 1 0 1
-13.7793 -12.5672 325.556 -1.77589 -2.38942 52.6214 1.9509 -13 2286 1 0 1
-27.6477 8.1794 325.556 -4.02562 1.73934 55.7389 0.382227 -13 2287 1 0 1
-12.277 6.42249 325.556 -2.43157 1.57373 66.4539 2.41805 -13 2288 1 0 1
-34.875 -25.4248 325.556 -5.78525 -5.79956 60.3039 4.03541 -13 2289 1 0 1
-23.2488 -74.4778 325.556 -5.32687 -19.1476 72.6391 2.28968 -13 2290 1 0 1
-37.501 -97.3085 325.556 -4.57373 -17.2384 48.0296 3.07702 -13 2291 1 0 1
16.1016 6.45681 325.556 2.84162 1.83702 71.1654 1.61294 -13 2292 1 0 1
67.7766 -44.577 325.556 10.778 -9.43148 57.1847 1.76417 -13 2293 1 0 1
-10.028 37.8307 325.556 -1.72737 8.92254 64.225 3.09462 -13 2294 1 0 1
-27.898 -16.9541 325.556 -6.09141 -3.79671 72.31 3.95518 -13 2295 1 0 1
-8.65232 -89.3362 325.556 -1.8683 -21.0193 66.9397 2.10621 -13 2296 1 0 1
-25.4231 -15.8079 325.556 -2.9398 -2.90866 46.3911 -0.319024 -13 2297 1 0 1
-63.7636 111.966 325.556 -4.94653 14.761 33.9214 1.87146 -13 2298 1 0 1
-70.0082 -39.5532 325.556 -14.4029 -9.83001 70.9323 0.88686 -13 2299 1 0 1
-42.5284 -3.23085 325.556 -8.95647 -0.520627 71.4171 3.02492 -13 2300 1 0 1
-11.796 -31.938 325.556 -1.83276 -6.16264 57.7825 1.67936 -13 2301 1 0 1
1.40974 10.0207 325.556 0.503156 1.74149 48.5554 1.33996 -13 2302 1 0 1
-61.8487 -65.0878 325.556 -9.48919 -13.3243 56.2858 2.49768 -13 2303 1 0 1
-1.6466 13.0695 325.556 -0.382225 2.82517 65.7173 1.76103 -13 2304 1 0 1
-38.7389 19.1668 325.556 -5.12254 3.64776 51.2831 1.7632 -13 2305 1 0 1
-26.2678 8.1654 325.556 -5.47105 2.27511 70.1774 4.63574 -13 2306 1 0 1
-16.4979 24.4228 325.556 -3.67953 6.7886 71.153 2.34147 -13 2307 1 0 1
-40.2818 -27.4161 325.556 -7.99713 -5.91874 68.7253 2.9703 -13 2308 1 0 1
-4.06366 -39.4291 325.556 -0.700814 -8.47344 61.7878 1.74945 -13 2309 1 0 1
-57.3519 -22.788 325.556 -9.85427 -5.10521 61.6854 1.85936 -13 2310 1 0 1
-45.7051 55.9035 325.556 -11.1274 15.0819 77.1954 1.31245 -13 2312 1 0 1
60.42 53.8556 325.556 7.66867 9.15581 46.2913 0.950513 -13 2313 1 0 1
-38.6866 70.6272 325.556 -9.15747 18.7383 75.9608 0.528828 -13 2314 1 0 1
24.2709 -2.72653 325.556 4.64772 0.049893 73.8167 3.44824 -13 2315 1 0 1
30.608 -54.7194 325.556 5.0944 -11.1678 58.2854 2.16871 -13 2316 1 0 1
26.9567 7.94839 325.556 4.3734 1.74192 56.5441 2.52637 -13 2318 1 0 1
12.09 -59.9804 325.556 1.66189 -9.6011 41.8455 1.97867 -13 2319 1 0 1
27.3439 -37.2744 325.556 5.02892 -8.25512 66.5655 4.4695 -13 2320 1 0 1
-27.7367 -12.1346 325.556 -6.60688 -3.26761 76.241 2.15298 -13 2321 1 0 1
-32.1973 63.8134 325.556 -6.89832 15.7969 71.1198 -0.560131 -13 2322 1 0 1
104.132 20.0944 325.556 14.9949 3.86047 53.1152 1.4593 -13 2323 1 0 1
-7.88285 6.6876 325.556 -1.97425 1.73325 71.0774 2.85003 -13 2324 1 0 1
-7.59124 1.38364 325.556 -1.65611 0.341757 67.7369 1.73541 -13 2325 1 0 1
100.103 71.1032 325.556 10.9265 10.6914 41.557 5.2701 -13 2326 1 0 1
30.6522 7.23129 325.556 4.89683 1.26499 53.9079 1.77344 -13 2327 1 0 1
64.3301 8.91785 325.556 12.1671 1.94712 68.4386 3.19391 -13 2328 1 0 1
-17.3369 -5.30631 325.556 -2.22731 -1.17334 51.9125 1.98661 -13 2329 1 0 1
-14.0191 -40.0281 325.556 -3.54044 -10.4025 74.8058 4.18188 -13 2330 1 0 1
10.5191 29.4743 325.556 1.84172 7.76157 65.9717 0.492192 -13 2331 1 0 1
-1.72126 82.0615 325.556 -0.0395488 14.1212 47.379 0.369511 -13 2332 1 0 1
19.5209 5.39388 325.556 3.24804 1.34063 55.1881 2.15694 -13 2334 1 0 1
-41.9828 -12.1048 325.556 -5.6292 -2.45329 51.6363 2.63913 -13 2335 1 0 1
-27.0491 58.4498 325.556 -4.6043 13.2266 61.2651 2.69272 -13 2336 1 0 1
28.7742 -0.757425 325.556 5.02474 -0.242551 61.5808 0.540369 -13 2337 1 0 1
-21.1425 57.111 325.556 -3.29907 12.2943 57.8175 2.31646 -13 2338 1 0 1
-35.5607 98.9932 325.556 -3.6985 15.6428 42.4374 0.221546 -13 2339 1 0 1
-7.27299 -31.1285 325.556 -2.43549 -8.67205 79.4673 2.32701 -13 2340 1 0 1
25.1802 -48.6726 325.556 4.41664 -11.1404 64.2524 3.98505 -13 2341 1 0 1
51.865 84.12 325.556 7.43972 15.8913 51.6268 2.21782 -13 2343 1 0 1
-61.7824 0.781318 325.556 -14.1761 0.790921 76.5633 1.5975 -13 2344 1 0 1
-28.7472 29.9565 325.556 -4.71716 6.61851 59.4579 3.24633 -13 2345 1 0 1
-30.8566 -13.5642 325.556 -5.47055 -2.48884 63.0235 1.47915 -13 2346 1 0 1
17.8974 -10.775 325.556 2.86479 -2.45122 52.9948 4.40643 -13 2348 1 0 1
-62.7846 12.0088 325.556 -4.66624 1.43733 32.2731 5.19525 -13 2349 1 0 1
21.9877 1.52456 325.556 3.70878 0.44791 55.9332 1.91513 -13 2350 1 0 1
-21.5145 -16.34 325.556 -4.54676 -3.60033 69.6486 0.57554 -13 2351 1 0 1
-34.1885 20.8003 325.556 -6.73417 4.99933 67.4918 2.2 -13 2352 1 0 1
-97.0408 -25.04 325.556 -14.1144 -5.32715 54.238 1.45687 -13 2353 1 0 1
-24.4618 60.258 325.556 -3.67521 12.2893 56.2121 3.98253 -13 2354 1 0 1
-11.5575 -57.5013 325.556 -2.44727 -13.9875 67.7498 0.805275 -13 2355 1 0 1
-9.09599 70.5786 325.556 -1.99095 16.9775 68.1071 4.07291 -13 2356 1 0 1
-23.7774 43.5522 325.556 -3.62236 8.87765 56.6051 0.896635 -13 2357 1 0 1
16.8372 17.5983 325.556 2.9423 3.77106 59.1285 0.940138 -13 2358 1 0 1
55.1148 -68.8016 325.556 6.31993 -10.5923 41.5035 3.04477 -13 2359 1 0 1
-41.7297 -17.4751 325.556 -9.2761 -4.33163 73.7912 1.05215 -13 2360 1 0 1
-25.9355 -39.5685 325.556 -4.15191 -8.18293 59.7928 2.3572 -13 2361 1 0 1
-59.4465 -13.3824 325.556 -7.7772 -2.27746 49.9373 2.09535 -13 2362 1 0 1
-24.927 26.3722 325.556 -4.99075 6.48015 67.8092 0.981896 -13 2363 1 0 1
-6.23139 -11.5105 325.556 -1.80509 -2.76849 75.6776 3.30709 -13 2364 1 0 1
1.14712 -22.4899 325.556 -0.00466047 -4.87066 68.0683 4.57627 -13 2365 1 0 1
15.9507 27.2067 325.556 2.97025 6.61336 74.726 2.47146 -13 2366 1 0 1
-31.9351 11.8184 325.556 -6.81922 3.1916 71.4835 1.61288 -13 2367 1 0 1
27.3032 28.0321 325.556 5.14107 6.81913 70.3315 2.14608 -13 2368 1 0 1
-13.8775 14.5485 325.556 -2.13112 3.17335 59.5989 1.89826 -13 2369 1 0 1
65.9945 -2.26228 325.556 12.7348 0.19832 69.9633 2.15185 -13 2370 1 0 1
22.8973 33.7994 325.556 4.13871 7.35251 63.6882 0.925008 -13 2371 1 0 1
-41.5574 22.773 325.556 -9.3378 6.23135 75.137 4.79634 -13 2372 1 0 1
13.9566 72.7436 325.556 2.34387 17.1951 68.5462 2.80913 -13 2373 1 0 1
-58.3108 -3.39281 325.556 -12.883 -0.910482 74.0805 3.56436 -13 2374 1 0 1
7.40224 -73.7959 325.556 1.19988 -13.2479 49.5684 2.35232 -13 2375 1 0 1
25.5955 27.6792 325.556 4.55735 5.94784 63.4925 1.11027 -13 2376 1 0 1
-9.00239 -4.90401 325.556 -1.89406 -1.51266 69.3423 2.8841 -13 2377 1 0 1
43.6855 59.5885 325.556 8.65897 15.3651 74.2859 2.80805 -13 2378 1 0 1
8.58152 -72.9312 325.556 1.27612 -17.6186 68.2799 4.47569 -13 2379 1 0 1
-20.5969 -20.5347 325.556 -4.43676 -5.06078 70.6812 1.46788 -13 2380 1 0 1
-65.48 17.6071 325.556 -8.28914 3.24938 48.4855 2.10869 -13 2381 1 0 1
-22.3296 -7.36342 325.556 -2.96654 -1.33699 52.935 2.19756 -13 2382 1 0 1
5.81904 87.4599 325.556 0.898701 18.4888 59.7085 0.872178 -13 2383 1 0 1
-17.7391 44.2117 325.556 -3.88354 10.518 70.83 2.3491 -13 2384 1 0 1
-5.6626 -33.1966 325.556 -0.485122 -5.426 49.3927 3.1146 -13 2385 1 0 1
36.3444 -33.8114 325.556 3.96242 -4.90431 40.4512 1.23275 -13 2386 1 0 1
-11.1192 -15.6152 325.556 -2.8476 -3.8825 74.7338 4.31742 -13 2387 1 0 1
-61.3162 27.9073 325.556 -14.0879 7.37834 76.2971 1.78653 -13 2388 1 0 1
4.24782 -35.7933 325.556 0.714399 -7.99124 61.2069 -0.112841 -13 2389 1 0 1
39.8186 -8.55188 325.556 7.29386 -2.02193 66.4609 0.228294 -13 2390 1 0 1
85.8864 -42.6501 325.556 12.5286 -8.32756 53.2992 2.88833 -13 2391 1 0 1
-102.85 -22.9694 325.556 -19.1837 -4.8524 66.0134 1.57415 -13 2392 1 0 1
-19.5583 -5.25642 325.556 -4.11266 -0.991109 69.5852 1.24942 -13 2393 1 0 1
27.3758 19.4744 325.556 5.08052 4.70475 66.9508 2.8102 -13 2394 1 0 1
21.7886 23.3341 325.556 4.03681 5.75482 70.5252 2.8895 -13 2395 1 0 1
-0.610008 3.24596 325.556 -0.0225706 1.05565 60.4619 4.58398 -13 2396 1 0 1
4.43224 -11.0174 325.556 0.386571 -3.14079 74.8184 0.813681 -13 2397 1 0 1
-67.2388 3.61104 325.556 -7.84619 -0.00700386 46.1643 2.72005 -13 2398 1 0 1
39.2515 0.20917 325.556 6.21346 0.155885 56.8781 2.75766 -13 2399 1 0 1
-42.0742 -14.4788 325.556 -6.5455 -2.96948 57.8166 2.61964 -13 2400 1 0 1
-43.0172 22.9979 325.556 -4.10352 3.42009 39.1101 1.5101 -13 2401 1 0 1
-62.3168 40.1766 325.556 -9.74961 8.34065 57.6405 4.45818 -13 2402 1 0 1
41.2754 33.6024 325.556 6.39634 6.67365 53.9092 1.62986 -13 2403 1 0 1
16.4681 62.5875 325.556 2.85297 14.9191 68.7593 2.72422 -13 2404 1 0 1
-4.72551 -31.3618 325.556 -1.03214 -7.3761 66.8126 3.22978 -13 2405 1 0 1
38.5978 -18.14 325.556 5.38796 -3.14845 49.0771 1.43603 -13 2406 1 0 1
-13.4127 33.675 325.556 -2.1313 6.91504 60.0996 4.31353 -13 2407 1 0 1
-13.8932 -51.2353 325.556 -2.19714 -11.0264 59.326 2.01953 -13 2408 1 0 1
10.5237 -20.575 325.556 1.86125 -4.61874 67.653 3.32239 -13 2409 1 0 1
41.3351 41.8088 325.556 7.71023 10.2028 67.5709 0.512851 -13 2410 1 0 1
-15.4243 7.48673 325.556 -2.58436 1.75705 61.6334 1.56331 -13 2411 1 0 1
-36.6698 -43.7815 325.556 -6.98125 -10.33 66.4594 3.28111 -13 2412 1 0 1
-59.1418 -20.2112 325.556 -13.4498 -5.2895 75.965 4.47689 -13 2413 1 0 1
-30.3036 -13.653 325.556 -7.84962 -3.51117 78.8708 -1.44946 -13 2414 1 0 1
45.7588 7.1355 325.556 8.89681 1.04568 69.9271 1.80211 -13 2415 1 0 1
-19.9758 21.9072 325.556 -4.68071 5.52197 74.2604 2.67783 -13 2416 1 0 1
-1.22484 -113.938 325.556 0.00755964 -19.7576 47.4216 5.69371 -13 2417 1 0 1
-41.3819 -1.58661 325.556 -7.89999 -0.602299 66.7056 2.90003 -13 2418 1 0 1
-5.463 67.3498 325.556 -0.584252 12.3485 51.4409 1.85246 -13 2419 1 0 1
-28.7197 -44.4747 325.556 -6.29948 -11.2745 71.9928 -1.18404 -13 2420 1 0 1
-6.53224 71.1055 325.556 -2.43828 18.9208 77.1323 1.42487 -13 2421 1 0 1
26.1462 64.0594 325.556 4.38873 13.4407 58.4722 1.82842 -13 2422 1 0 1
-17.8018 -58.982 325.556 -2.49844 -11.5841 54.6578 1.65738 -13 2423 1 0 1
-18.527 34.7661 325.556 -5.03605 9.4963 78.1649 0.656682 -13 2424 1 0 1
4.98398 68.7663 325.556 0.897582 10.5916 42.0422 4.43694 -13 2425 1 0 1
34.0283 34.3496 325.556 6.16819 8.18945 66.4382 2.03257 -13 2426 1 0 1
-23.969 25.2097 325.556 -3.44154 4.52146 54.6694 2.25232 -13 2427 1 0 1
18.4351 -7.90267 325.556 2.54885 -1.22906 46.6468 1.85638 -13 2428 1 0 1
5.98534 39.4675 325.556 0.667291 11.2937 76.8049 -0.0816684 -13 2429 1 0 1
90.5267 -81.9289 325.556 11.2503 -13.868 46.2004 2.09356 -13 2430 1 0 1
-29.0884 3.25762 325.556 -6.24835 0.171907 71.6882 4.3364 -13 2431 1 0 1
33.4688 130.031 325.556 2.86014 16.0444 31.4418 4.75706 -13 2432 1 0 1
61.3171 -29.0308 325.556 9.32641 -5.81366 54.5357 1.20245 -13 2433 1 0 1
16.7082 13.9035 325.556 2.83239 2.6098 59.087 1.60016 -13 2434 1 0 1
-27.7756 -111.268 325.556 -4.48155 -23.3909 58.6024 3.16894 -13 2435 1 0 1
8.32149 -9.04448 325.556 1.39888 -1.64477 64.4633 2.31546 -13 2436 1 0 1
7.67444 -20.5174 325.556 1.17696 -5.30622 69.2955 1.62656 -13 2437 1 0 1
27.7818 -19.7884 325.556 3.86261 -3.44871 47.6625 2.5671 -13 2438 1 0 1
-20.8145 -15.9282 325.556 -4.71481 -4.43579 73.1392 2.15776 -13 2439 1 0 1
-78.7629 -62.08 325.556 -13.819 -13.2675 62.9106 2.95961 -13 2440 1 0 1
-10.5647 -25.3091 325.556 -1.35258 -5.24054 52.9122 1.26239 -13 2441 1 0 1
11.5139 36.6441 325.556 1.67289 6.55339 46.1646 2.34311 -13 2442 1 0 1
-0.101429 59.635 325.556 0.140941 11.5082 53.2859 2.93155 -13 2443 1 0 1
-17.3176 -54.3102 325.556 -3.91022 -13.6213 70.733 2.5166 -13 2444 1 0 1
12.0569 35.4412 325.556 2.18926 8.41013 68.9753 2.40134 -13 2445 1 0 1
0.149546 -6.76944 325.556 -0.253985 -1.55896 69.178 -0.188801 -13 2446 1 0 1
-7.65504 31.4284 325.556 -1.87823 7.84355 71.8545 0.902513 -13 2447 1 0 1
-47.3238 -30.0053 325.556 -9.10243 -6.86207 66.7966 1.09696 -13 2448 1 0 1
-7.69744 -51.2199 325.556 -1.38401 -11.3053 65.7837 3.12232 -13 2449 1 0 1
44.6931 -7.22246 325.556 7.89751 -1.51294 63.0383 3.24128 -13 2450 1 0 1
-34.0942 -43.2884 325.556 -6.22243 -9.64554 64.1418 4.36886 -13 2451 1 0 1
5.56222 -50.0481 325.556 1.05921 -10.8237 59.8126 4.66752 -13 2452 1 0 1
12.4663 30.4974 325.556 2.22384 7.11995 64.8243 2.99439 -13 2453 1 0 1
-22.535 -68.6264 325.556 -3.57604 -14.9491 59.6612 1.79648 -13 2454 1 0 1
-2.0341 25.5756 325.556 -0.105939 4.87516 56.7946 1.80932 -13 2455 1 0 1
27.7315 5.78884 325.556 5.37074 1.17605 74.6566 0.719353 -13 2456 1 0 1
-36.4772 -23.2058 325.556 -4.367 -3.8564 47.1653 1.86428 -13 2457 1 0 1
-24.3192 -77.1747 325.556 -3.76402 -15.6933 56.7904 2.43008 -13 2458 1 0 1
-10.3628 -7.21139 325.556 -1.92268 -1.3862 64.9449 4.06069 -13 2459 1 0 1
11.166 -6.59359 325.556 2.05388 -1.77699 65.3133 2.36928 -13 2460 1 0 1
-9.4806 -34.7585 325.556 -1.93053 -7.5389 66.2269 0.893515 -13 2461 1 0 1
-20.2543 113.742 325.556 -2.55628 21.223 50.2816 1.92983 -13 2462 1 0 1
-23.1097 105.745 325.556 -1.83911 14.7357 35.7843 1.68883 -13 2463 1 0 1
-7.60807 4.95754 325.556 -0.79724 0.992567 52.5143 2.30559 -13 2464 1 0 1
-36.158 147.386 325.556 -5.28046 29.007 53.7769 2.46879 -13 2465 1 0 1
4.96071 -39.8652 325.556 0.922906 -7.30157 50.7061 2.84905 -13 2466 1 0 1
-12.8738 53.2971 325.556 -0.467295 5.67322 25.6822 4.09005 -13 2467 1 0 1
-7.50869 9.22201 325.556 -1.64216 2.672 68.893 2.28694 -13 2468 1 0 1
16.7932 15.3381 325.556 2.1684 2.28713 42.332 2.93449 -13 2469 1 0 1
-54.3136 15.2118 325.556 -7.50439 2.73062 52.0299 2.3691 -13 2470 1 0 1
-24.0104 27.4489 325.556 -6.00894 7.12015 76.9552 -0.109808 -13 2471 1 0 1
-42.494 -61.9076 325.556 -8.28402 -14.4962 67.2636 3.72267 -13 2472 1 0 1
24.7563 -3.37899 325.556 3.47389 -0.827524 46.4687 2.47747 -13 2473 1 0 1
15.9086 71.7964 325.556 1.38045 8.68005 30.3148 6.25341 -13 2474 1 0 1
63.5312 5.96547 325.556 10.9635 1.30547 61.7811 2.35206 -13 2475 1 0 1
-34.5201 -72.8327 325.556 -4.94658 -14.1792 54.0462 2.22874 -13 2476 1 0 1
13.4859 -5.10179 325.556 2.43462 -0.966856 64.5485 1.16588 -13 2477 1 0 1
-6.46323 17.9309 325.556 -1.09432 3.55935 63.9177 1.35714 -13 2478 1 0 1
-15.4138 21.0876 325.556 -3.42762 5.31587 72.2131 0.370717 -13 2479 1 0 1
-24.3572 27.5487 325.556 -2.43817 4.15393 41.7219 1.23676 -13 2480 1 0 1
-22.6698 20.5502 325.556 -5.73259 6.11338 77.2009 2.60184 -13 2481 1 0 1
37.2285 85.4831 325.556 6.33919 18.1513 61.698 3.24588 -13 2483 1 0 1
-51.1594 -54.5012 325.556 -10.1274 -12.8447 68.1679 2.96018 -13 2485 1 0 1
53.0124 28.7736 325.556 8.81936 6.27768 58.5259 0.254325 -13 2486 1 0 1
-23.0719 -15.3655 325.556 -5.95099 -4.12368 78.7865 1.02245 -13 2487 1 0 1
-6.53667 -4.88873 325.556 -1.98216 -1.24742 75.9261 0.75627 -13 2488 1 0 1
-13.6712 -11.9937 325.556 -2.49295 -2.61521 64.476 0.264903 -13 2490 1 0 1
-15.821 44.9517 325.556 -2.99569 10.0332 65.6299 3.42899 -13 2491 1 0 1
10.4832 -22.3016 325.556 1.87971 -5.25018 69.7413 3.053 -13 2492 1 0 1
-55.7642 64.0859 325.556 -12.2624 16.4684 73.9654 0.866259 -13 2493 1 0 1
6.98421 -27.28 325.556 1.32798 -5.38062 56.2055 0.310159 -13 2494 1 0 1
-7.25414 7.03004 325.556 -1.70387 2.05842 70.5034 4.01548 -13 2495 1 0 1
43.4889 -0.195543 325.556 5.16824 0.0143515 42.5776 3.76467 -13 2496 1 0 1
-0.504867 -13.2059 325.556 -0.911375 -3.99066 80.062 2.24028 -13 2497 1 0 1
14.6799 46.2028 325.556 2.6746 11.2399 71.6211 0.775868 -13 2498 1 0 1
-10.5705 -5.93115 325.556 -2.37018 -1.4526 70.6827 2.45671 -13 2499 1 0 1
-1.62018 3.63587 325.556 -1.0094 0.505051 78.1979 2.8145 -13 2500 1 0 1
11.8254 24.3293 325.556 2.01381 6.79893 75.9591 1.58511 -13 2501 1 0 1
-33.4256 36.1363 325.556 -5.69458 7.61312 61.4055 2.23963 -13 2502 1 0 1
26.2976 42.3667 325.556 4.79521 9.72779 66.618 -0.245016 -13 2503 1 0 1
-16.732 -7.97351 325.556 -3.0921 -1.32319 65.1132 2.4523 -13 2504 1 0 1
-4.46274 -99.8489 325.556 -0.370649 -17.2477 47.2195 2.1058 -13 2505 1 0 1
29.8107 80.838 325.556 4.32494 15.0465 51.0919 3.9418 -13 2506 1 0 1
72.8961 -80.6242 325.556 9.48889 -13.9623 47.7126 1.52389 -13 2507 1 0 1
22.3408 53.3071 325.556 3.61362 10.7418 55.9154 1.16189 -13 2508 1 0 1
-32.8291 94.8425 325.556 -3.36021 15.0567 42.2995 3.70526 -13 2509 1 0 1
15.0952 -14.7515 325.556 2.76598 -3.65524 69.4216 1.42781 -13 2510 1 0 1
-88.9435 14.7615 325.556 -13.6792 2.80155 56.4349 2.10691 -13 2511 1 0 1
20.9775 -80.5247 325.556 3.21091 -15.9134 53.3462 2.58731 -13 2512 1 0 1
42.2295 -37.4747 325.556 6.472 -7.74564 54.4692 2.35811 -13 2513 1 0 1
17.2113 -18.1915 325.556 3.24593 -4.63158 72.9664 1.87824 -13 2514 1 0 1
24.9887 -20.6243 325.556 4.66543 -5.11606 68.2376 3.83636 -13 2515 1 0 1
-1.92543 36.6895 325.556 -0.416916 8.62017 65.8851 2.9582 -13 2516 1 0 1
-29.9946 -10.2731 325.556 -6.32897 -2.00318 70.525 3.09196 -13 2517 1 0 1
2.71806 -82.6816 325.556 0.542884 -17.3109 60.0285 1.78341 -13 2518 1 0 1
-6.59812 -25.3384 325.556 -2.01312 -6.77711 76.2689 1.09799 -13 2519 1 0 1
-8.97432 19.0848 325.556 -1.85567 4.73285 67.3539 0.419619 -13 2520 1 0 1
-27.4768 -44.3594 325.556 -5.10278 -10.2918 65.2614 2.36171 -13 2521 1 0 1
2.8574 12.386 325.556 0.751229 2.71292 55.8976 2.4572 -13 2522 1 0 1
19.9806 7.28091 325.556 3.6594 1.73736 70.232 2.11196 -13 2523 1 0 1
-26.2982 50.5899 325.556 -5.83785 12.6599 71.8981 2.43559 -13 2524 1 0 1
8.35086 31.5003 325.556 1.37279 7.85736 70.5045 2.23002 -13 2525 1 0 1
-6.8627 3.66084 325.556 -0.860467 1.0161 55.7677 3.47914 -13 2526 1 0 1
-10.1941 -22.1964 325.556 -2.0047 -4.77156 66.4824 0.331108 -13 2527 1 0 1
-17.1722 44.3265 325.556 -2.30256 8.49066 54.3886 2.2884 -13 2528 1 0 1
27.3739 7.70096 325.556 5.19357 1.88033 70.3314 0.655349 -13 2529 1 0 1
-33.6446 -19.9302 325.556 -4.45084 -3.50996 51.9399 4.41777 -13 2530 1 0 1
0.30609 -93.7418 325.556 -0.0712248 -21.3603 63.0186 1.39036 -13 2531 1 0 1
18.0717 -37.5582 325.556 3.20385 -9.00547 68.1387 0.140144 -13 2532 1 0 1
52.7585 0.533633 325.556 8.36606 -0.459333 57.4507 0.639037 -13 2533 1 0 1
20.3078 24.8846 325.556 3.83914 5.90981 69.8782 4.40072 -13 2534 1 0 1
-43.6873 2.02066 325.556 -6.54906 0.30778 55.8062 2.32365 -13 2535 1 0 1
78.7542 75.5879 325.556 10.2311 12.9484 47.4128 2.37322 -13 2536 1 0 1
30.0891 -46.6558 325.556 4.1759 -8.1181 47.3787 2.48315 -13 2537 1 0 1
-13.5534 14.7628 325.556 -3.01435 3.29395 71.5421 2.0116 -13 2538 1 0 1
-21.1103 9.88097 325.556 -4.25921 2.23938 68.3592 3.43627 -13 2539 1 0 1
41.2958 -10.4667 325.556 7.8323 -2.78812 69.4267 4.81073 -13 2542 1 0 1
-22.3624 -62.1033 325.556 -4.27599 -14.5665 65.8749 1.76787 -13 2543 1 0 1
-18.0458 -24.146 325.556 -2.95566 -5.09551 62.3233 2.28926 -13 2544 1 0 1
4.55431 32.0132 325.556 0.837166 7.78854 68.6892 2.22078 -13 2546 1 0 1
11.4841 -7.26099 325.556 2.13799 -2.07599 69.9743 2.38705 -13 2547 1 0 1
34.1998 85.9168 325.556 5.75509 18.4273 60.7832 1.59377 -13 2549 1 0 1
10.4099 67.8659 325.556 1.54461 11.5038 45.8356 2.91664 -13 2551 1 0 1
54.0481 -25.8909 325.556 8.44914 -5.21936 55.5757 2.26801 -13 2552 1 0 1
-6.19027 -41.6962 325.556 -0.364503 -6.5534 44.2012 1.82835 -13 2553 1 0 1
39.7026 -29.3458 325.556 6.28625 -5.64568 56.2719 1.44313 -13 2554 1 0 1
-4.38243 55.7351 325.556 -1.66999 15.0204 75.9711 2.55865 -13 2555 1 0 1
27.7014 47.2428 325.556 4.24175 8.94386 53.4951 3.79689 -13 2556 1 0 1
-23.0836 29.0512 325.556 -3.76259 5.96536 59.6726 0.895379 -13 2557 1 0 1
-25.0332 56.8887 325.556 -3.89605 11.5821 57.3656 3.10344 -13 2558 1 0 1
-35.0353 35.3741 325.556 -9.27106 10.1295 79.0771 2.21372 -13 2559 1 0 1
-5.77884 22.2386 325.556 -0.621792 4.50763 54.127 2.06723 -13 2560 1 0 1
-31.0284 -13.4702 325.556 -6.83622 -3.37158 72.199 0.34835 -13 2561 1 0 1
9.43132 -42.6854 325.556 1.48722 -11.2089 73.7893 2.74367 -13 2562 1 0 1
-36.2628 56.8667 325.556 -8.6364 15.9447 76.2153 3.75096 -13 2563 1 0 1
-3.39487 62.5176 325.556 -1.39024 16.5506 75.6876 3.83703 -13 2564 1 0 1
23.3491 -59.3526 325.556 3.90258 -12.3687 57.3553 1.61138 -13 2565 1 0 1
40.452 -17.0269 325.556 7.5175 -3.77792 67.2785 1.30104 -13 2566 1 0 1
-12.0618 34.7379 325.556 -2.0716 7.82223 62.8826 3.18414 -13 2568 1 0 1
72.2339 37.7104 325.556 11.9742 7.64681 60.1854 1.17206 -13 2569 1 0 1
-16.748 -26.9634 325.556 -3.48419 -6.12039 67.4883 0.901928 -13 2570 1 0 1
3.6314 0.451003 325.556 0.547215 0.342342 67.7095 3.58185 -13 2571 1 0 1
-41.6457 -15.438 325.556 -9.18861 -3.58954 73.3457 1.61272 -13 2572 1 0 1
-59.6331 36.2882 325.556 -4.6361 4.24912 32.934 3.96851 -13 2573 1 0 1
29.7304 -3.41105 325.556 3.62483 -0.46515 42.3128 4.58995 -13 2574 1 0 1
-75.3109 -36.4153 325.556 -13.2348 -8.13076 62.8002 -0.316734 -13 2575 1 0 1
-25.8558 -35.6525 325.556 -0.797932 -2.76961 18.923 4.85151 -13 2576 1 0 1
-18.1978 -27.1509 325.556 -4.27769 -7.08637 74.0331 3.22115 -13 2577 1 0 1
-24.0579 33.11 325.556 -3.9716 7.72875 60.638 1.86719 -13 2578 1 0 1
62.3428 28.5405 325.556 6.63754 3.89643 40.1775 5.42412 -13 2579 1 0 1
42.8046 20.9723 325.556 8.46786 4.74848 72.4657 2.52001 -13 2580 1 0 1
28.6385 -63.0488 325.556 2.24641 -7.03088 29.032 1.28691 -13 2582 1 0 1
2.3991 -14.966 325.556 0.318528 -4.29157 67.0534 2.74385 -13 2583 1 0 1
-121.136 5.12385 325.556 -19.1475 0.930687 58.0188 1.1963 -13 2584 1 0 1
-14.4241 -31.3557 325.556 -2.28358 -6.49007 58.5862 2.30078 -13 2585 1 0 1
-17.3824 -40.071 325.556 -2.92802 -8.42387 60.7049 1.37452 -13 2586 1 0 1
3.36383 -3.41723 325.556 0.760433 -0.668703 55.2733 -0.124821 -13 2587 1 0 1
75.3055 73.4288 325.556 7.60357 10.3969 38.3773 3.16835 -13 2588 1 0 1
21.8697 -57.6164 325.556 3.04804 -10.0644 45.0592 2.42296 -13 2589 1 0 1
6.35296 -53.2513 325.556 1.06603 -12.2356 63.9178 1.4647 -13 2590 1 0 1
0.765233 51.5633 325.556 0.0153549 11.4935 61.4129 -0.0476205 -13 2591 1 0 1
7.06901 -38.4405 325.556 1.27922 -9.00217 62.7829 1.7137 -13 2592 1 0 1
-15.5335 -41.176 325.556 -2.9944 -10.0145 66.5507 2.04585 -13 2593 1 0 1
-28.1364 -26.6163 325.556 -6.06386 -6.38921 71.1479 4.10035 -13 2594 1 0 1
49.3496 41.4053 325.556 10.1706 11.3048 77.5528 0.737807 -13 2595 1 0 1
-65.3914 28.483 325.556 -12.5523 6.14458 67.6377 3.50096 -13 2596 1 0 1
-11.4537 14.4204 325.556 -1.3129 2.49247 50.0851 1.63691 -13 2597 1 0 1
31.8274 -37.7642 325.556 3.40913 -5.39794 38.8085 2.169 -13 2598 1 0 1
33.8306 -105.262 325.556 5.40344 -21.5241 57.3184 2.84034 -13 2599 1 0 1
14.7462 -7.2353 325.556 2.61068 -2.33966 68.8792 2.13703 -13 2600 1 0 1
19.5867 57.0275 325.556 3.37299 12.7474 64.359 1.57865 -13 2601 1 0 1
-50.6108 -28.5185 325.556 -10.4968 -7.44477 70.9164 2.50794 -13 2602 1 0 1
38.3491 -75.7059 325.556 4.77166 -12.2124 44.2241 3.22575 -13 2603 1 0 1
-21.7859 -4.47049 325.556 -4.05535 -1.67603 65.7613 1.05139 -13 2604 1 0 1
26.763 -11.9482 325.556 4.59844 -2.01366 60.8661 4.46148 -13 2605 1 0 1
-39.4444 2.93317 325.556 -7.06063 0.462116 63.8582 2.67945 -13 2606 1 0 1
28.0474 -78.9657 325.556 4.86775 -17.0775 61.6203 3.86338 -13 2607 1 0 1
-23.7178 -27.8117 325.556 -5.11029 -6.65388 70.6239 4.03012 -13 2608 1 0 1
20.514 -16.0367 325.556 3.88383 -4.31626 74.7514 1.87251 -13 2609 1 0 1
42.4434 27.4896 325.556 7.51291 6.16759 64.3038 1.66592 -13 2610 1 0 1
1.58092 -44.7996 325.556 0.189691 -10.5187 66.5158 1.64538 -13 2611 1 0 1
-3.58727 -51.2963 325.556 -0.618876 -11.9526 62.993 2.66261 -13 2612 1 0 1
31.738 -30.6731 325.556 5.9824 -7.14077 68.9078 2.58237 -13 2613 1 0 1
47.3696 -22.6646 325.556 6.22706 -3.95201 47.0029 3.96446 -13 2614 1 0 1
13.715 15.9815 325.556 2.44601 3.42187 65.5899 1.88302 -13 2615 1 0 1
24.8813 70.9023 325.556 3.58362 13.0243 51.1104 2.25266 -13 2616 1 0 1
-92.5918 -1.02059 325.556 -18.4691 -0.637495 69.4717 1.26542 -13 2617 1 0 1
21.3832 -120.32 325.556 2.06781 -15.4297 33.613 -0.261429 -13 2618 1 0 1
-1.00758 -85.7734 325.556 0.312716 -12.0549 37.0143 3.6122 -13 2619 1 0 1
76.6393 -52.9612 325.556 11.1551 -10.1022 53.2795 3.83792 -13 2622 1 0 1
-51.7849 -1.92104 325.556 -9.60475 -0.546655 65.4705 3.8797 -13 2623 1 0 1
-64.6905 -38.2211 325.556 -7.41115 -6.54125 44.9808 1.98763 -13 2624 1 0 1
-64.6436 -39.6295 325.556 -12.3735 -9.25956 66.9362 1.15686 -13 2625 1 0 1
72.632 11.7927 325.556 13.1405 2.81143 65.3973 2.66958 -13 2627 1 0 1
-88.6373 37.7216 325.556 -16.6563 9.04753 66.3617 1.44461 -13 2628 1 0 1
-67.0648 17.277 325.556 -13.2143 4.07171 68.5173 3.67818 -13 2629 1 0 1
-12.7261 113.227 325.556 -1.53317 21.2649 51.6716 1.27532 -13 2630 1 0 1
-16.2542 -3.65642 325.556 -4.65925 -0.987467 80.6072 2.37561 -13 2631 1 0 1
-6.40285 93.8474 325.556 -0.720356 17.8565 52.3099 1.86719 -13 2633 1 0 1
-34.8081 10.3662 325.556 -6.18981 2.41024 63.6236 3.40071 -13 2634 1 0 1
7.41893 42.1855 325.556 1.19286 7.4752 49.1318 3.00013 -13 2635 1 0 1
37.855 75.3546 325.556 6.60615 17.0541 62.8087 1.40689 -13 2636 1 0 1
-29.5115 -38.7776 325.556 -5.95614 -9.37733 68.2435 -0.315686 -13 2637 1 0 1
-12.6223 67.2446 325.556 -3.69458 18.3222 78.6019 3.52226 -13 2638 1 0 1
13.5854 151.768 325.556 1.9042 27.3926 48.0224 2.65038 -13 2640 1 0 1
-3.99747 -25.5966 325.556 -0.23651 -4.55631 51.2548 2.2764 -13 2641 1 0 1
-26.0279 -24.2296 325.556 -5.06007 -5.44573 66.6425 1.47906 -13 2642 1 0 1
-11.9179 -11.9483 325.556 -3.45801 -3.17299 77.8261 1.78192 -13 2643 1 0 1
-21.4491 -34.5973 325.556 -3.88338 -7.87289 64.6158 3.1209 -13 2644 1 0 1
6.6107 37.7342 325.556 1.10728 9.31601 71.9715 2.30645 -13 2645 1 0 1
-2.95949 10.1884 325.556 -0.146646 1.90666 48.2091 0.33439 -13 2646 1 0 1
153.711 -108.454 325.556 22.994 -22.1169 56.4886 2.87206 -13 2647 1 0 1
-8.41564 3.79317 325.556 -1.92868 1.10807 70.6208 1.85351 -13 2648 1 0 1
-0.923554 32.481 325.556 -0.798797 8.09329 75.9873 1.37517 -13 2649 1 0 1
-33.308 -13.086 325.556 -6.00849 -2.73776 64.1389 1.92183 -13 2650 1 0 1
-72.153 -17.929 325.556 -12.58 -3.86481 62.5355 1.17636 -13 2651 1 0 1
15.1805 79.3475 325.556 2.19675 13.4659 46.6919 2.80174 -13 2652 1 0 1
10.9644 -9.4052 325.556 1.85309 -2.45681 77.3129 0.222066 -13 2654 1 0 1
16.13 22.4486 325.556 2.51593 4.43769 52.525 1.22724 -13 2655 1 0 1
-11.2567 28.339 325.556 -2.68375 7.16412 71.4306 0.794975 -13 2656 1 0 1
-56.3753 -35.3806 325.556 -10.8544 -7.7907 66.683 -0.322472 -13 2657 1 0 1
-24.7667 41.8021 325.556 -2.78314 7.22524 45.4981 3.13025 -13 2658 1 0 1
41.1928 30.9917 325.556 6.9187 6.72284 59.6098 3.5783 -13 2660 1 0 1
-16.4427 46.842 325.556 -3.36085 11.7553 69.309 4.41614 -13 2661 1 0 1
-15.9955 11.8749 325.556 -3.04757 2.95849 64.9064 1.18068 -13 2662 1 0 1
-6.35716 -0.877657 325.556 -0.691732 -0.184219 51.3596 3.53105 -13 2663 1 0 1
34.4946 -120.755 325.556 4.83384 -22.1505 49.8167 4.97249 -13 2664 1 0 1
7.90205 -41.2133 325.556 1.46217 -8.52536 56.374 3.56131 -13 2665 1 0 1
-15.4096 -22.4222 325.556 -2.05381 -4.13608 54.6435 0.869717 -13 2666 1 0 1
-17.3861 3.11332 325.556 -4.61615 0.826725 77.3538 1.37921 -13 2667 1 0 1
-14.3159 -18.6976 325.556 -3.44535 -4.72524 74.6586 0.0389534 -13 2668 1 0 1
-38.9948 35.6973 325.556 -6.55913 7.76593 61.261 3.0721 -13 2670 1 0 1
10.7346 -64.983 325.556 1.80024 -13.7855 59.5521 2.9056 -13 2671 1 0 1
-32.8456 -32.9391 325.556 -7.18614 -8.76013 72.6446 1.98189 -13 2672 1 0 1
66.5702 11.2255 325.556 13.0367 1.67999 71.6946 2.89978 -13 2673 1 0 1
-8.03105 -3.56468 325.556 -2.05887 -1.33915 72.6105 0.19749 -13 2674 1 0 1
-87.429 0.0866421 325.556 -18.5957 -0.217001 72.9342 0.414567 -13 2675 1 0 1
6.9513 -24.8058 325.556 1.1294 -5.47496 58.1179 4.17077 -13 2676 1 0 1
25.9581 33.1172 325.556 4.36211 6.49795 57.1361 2.941 -13 2677 1 0 1
26.2034 -45.5581 325.556 4.86494 -11.0474 69.6376 0.918915 -13 2678 1 0 1
-41.0763 42.0006 325.556 -7.76939 9.54723 65.5218 1.28539 -13 2679 1 0 1
-17.1276 71.8621 325.556 -3.55149 17.0546 66.8784 0.923196 -13 2680 1 0 1
-24.7554 -2.63091 325.556 -4.79463 -0.826372 66.3853 2.11768 -13 2681 1 0 1
72.0781 -26.6604 325.556 5.88217 -3.24125 32.2308 2.83657 -13 2682 1 0 1
13.0381 -17.0214 325.556 2.26018 -3.97087 76.2932 1.06614 -13 2683 1 0 1
-13.6934 20.3152 325.556 -2.25834 4.54623 61.8518 1.89801 -13 2684 1 0 1
39.5647 -1.19736 325.556 6.54563 -0.0829213 58.1324 0.913708 -13 2685 1 0 1
-53.1744 12.8113 325.556 -9.3048 2.5471 62.6954 2.06714 -13 2686 1 0 1
6.08189 -18.2345 325.556 1.08744 -3.69848 60.8091 2.5561 -13 2687 1 0 1
-47.0214 -14.7488 325.556 -5.27638 -2.65486 44.7444 2.06979 -13 2688 1 0 1
-19.0342 48.869 325.556 -3.79361 11.4545 67.9036 3.0537 -13 2689 1 0 1
14.8369 -22.0547 325.556 2.73701 -5.06144 70.6105 3.33192 -13 2690 1 0 1
46.4491 -27.0807 325.556 7.61339 -5.35849 57.9432 0.612252 -13 2691 1 0 1
-26.9781 37.4836 325.556 -4.11996 7.71043 57.4286 1.43154 -13 2692 1 0 1
14.7992 -119.166 325.556 2.25545 -25.2529 57.8283 2.23598 -13 2693 1 0 1
-30.5701 -19.7121 325.556 -2.73032 -2.65954 38.2208 2.70315 -13 2694 1 0 1
8.6177 60.2992 325.556 1.41625 12.7495 58.3081 0.640666 -13 2695 1 0 1
-51.3164 -79.2728 325.556 -6.70976 -14.6327 50.0303 4.76837 -13 2696 1 0 1
116.255 -57.4829 325.556 15.545 -10.5962 50.0118 3.66175 -13 2697 1 0 1
27.6978 61.8797 325.556 5.14799 14.6078 67.7772 -0.0512179 -13 2698 1 0 1
-51.8112 5.3252 325.556 -5.85223 0.864725 44.6409 2.44633 -13 2699 1 0 1
-43.5318 -48.7208 325.556 -7.47411 -10.2776 62.0111 0.574383 -13 2700 1 0 1
-57.7532 -7.6499 325.556 -9.95663 -1.59813 62.1968 2.65439 -13 2701 1 0 1
-39.6894 -44.9156 325.556 -4.46413 -7.50607 44.7679 2.23831 -13 2702 1 0 1
-5.61516 7.97688 325.556 -1.5266 1.91096 72.0241 3.658 -13 2703 1 0 1
-35.4566 49.6498 325.556 -6.02964 11.022 61.2433 1.56592 -13 2704 1 0 1
21.4646 -67.6716 325.556 3.76423 -14.7191 62.3282 1.81501 -13 2705 1 0 1
-36.5318 77.3972 325.556 -5.50747 15.1124 55.9447 4.96712 -13 2706 1 0 1
-34.4089 27.5739 325.556 -5.85509 5.99684 60.9469 1.80597 -13 2707 1 0 1
10.6691 -27.9759 325.556 1.79751 -7.72 70.6651 -0.0566176 -13 2708 1 0 1
-11.5542 54.712 325.556 -2.87139 14.559 72.9851 2.28522 -13 2709 1 0 1
-47.1616 46.518 325.556 -8.46008 10.7184 63.8297 1.16705 -13 2710 1 0 1
-35.0842 -25.6324 325.556 -8.40603 -6.57108 77.1226 1.89302 -13 2711 1 0 1
19.985 -76.3978 325.556 3.60667 -18.447 70.9566 -0.145047 -13 2712 1 0 1
-33.1568 -52.2336 325.556 -8.03417 -13.6197 76.8713 -0.240893 -13 2713 1 0 1
-71.8684 -74.5724 325.556 -11.3273 -15.5598 57.1704 1.8391 -13 2714 1 0 1
-44.3747 -17.8049 325.556 -8.58489 -4.15206 67.887 1.39125 -13 2715 1 0 1
-48.6169 33.3819 325.556 -5.71643 5.57731 46.8278 4.39179 -13 2716 1 0 1
10.933 16.0433 325.556 1.9445 3.44416 66.9211 3.14255 -13 2717 1 0 1
59.6536 -31.7962 325.556 9.27869 -6.35874 55.5149 3.50133 -13 2718 1 0 1
-4.88364 -25.5934 325.556 -2.08505 -7.71745 80.5735 1.60997 -13 2719 1 0 1
-5.32154 98.2278 325.556 -0.524915 17.1398 47.5436 2.71702 -13 2720 1 0 1
41.7811 -36.1105 325.556 6.74515 -7.25792 56.6528 -0.0281207 -13 2721 1 0 1
32.5332 -20.6006 325.556 6.2012 -4.36671 70.4861 1.06467 -13 2722 1 0 1
-28.9728 10.6306 325.556 -5.81611 2.32861 69.2415 2.16307 -13 2723 1 0 1
52.7869 -57.9955 325.556 5.9924 -8.799 41.3928 3.70543 -13 2724 1 0 1
-9.8037 -20.1249 325.556 -1.90157 -4.90477 66.2921 1.16521 -13 2725 1 0 1
24.6708 27.8405 325.556 4.49827 6.81766 65.9775 0.954298 -13 2726 1 0 1
18.9301 -114.17 325.556 1.47231 -13.0969 28.104 4.20609 -13 2727 1 0 1
-32.5103 -82.2859 325.556 -4.74139 -16.3631 54.2159 2.65497 -13 2729 1 0 1
49.906 87.4584 325.556 8.23455 18.9248 59.9209 2.49601 -13 2730 1 0 1
28.8216 29.0222 325.556 4.42348 5.58131 53.9116 3.03606 -13 2731 1 0 1
-64.0743 -49.8746 325.556 -11.3343 -11.1841 62.836 2.03583 -13 2732 1 0 1
-73.5656 -89.0306 325.556 -11.4093 -18.2786 56.8268 0.851496 -13 2733 1 0 1
-29.7845 -30.9688 325.556 -7.61789 -8.32486 79.5804 1.19215 -13 2734 1 0 1
75.5619 -15.2556 325.556 12.6348 -3.06328 60.3733 1.57133 -13 2735 1 0 1
10.0534 -24.5324 325.556 1.76897 -5.22048 65.679 1.819 -13 2736 1 0 1
-9.58844 -30.7382 325.556 -2.449 -7.49648 73.4952 2.20855 -13 2737 1 0 1
3.98775 0.436004 325.556 0.624166 -0.117378 67.6533 2.56719 -13 2738 1 0 1
-12.2565 -108.106 325.556 -1.84581 -22.2763 56.7846 2.50049 -13 2739 1 0 1
22.2468 -53.7081 325.556 4.1181 -13.4555 72.9636 3.37182 -13 2740 1 0 1
31.7444 -9.39047 325.556 5.29633 -1.46443 57.6062 2.48884 -13 2741 1 0 1
0.831578 -4.97536 325.556 0.0597713 -0.802634 65.8666 1.69454 -13 2742 1 0 1
23.7469 -20.3484 325.556 4.37519 -5.13071 66.1466 3.26456 -13 2743 1 0 1
-29.9556 90.8638 325.556 -5.45578 20.7595 63.0058 1.459 -13 2744 1 0 1
55.1958 -66.252 325.556 9.0334 -14.146 58.7809 2.24621 -13 2745 1 0 1
32.3589 -1.83596 325.556 5.44489 -0.488813 59.4313 2.17521 -13 2747 1 0 1
-3.48639 54.1353 325.556 -1.24136 14.0659 73.524 0.954912 -13 2748 1 0 1
-16.2464 58.1053 325.556 -4.67746 16.0358 78.5424 1.81137 -13 2749 1 0 1
-94.6179 72.1272 325.556 -17.8451 16.2882 66.2912 2.24344 -13 2750 1 0 1
-80.1415 -15.5992 325.556 -13.0939 -3.02325 59.5333 1.80742 -13 2751 1 0 1
-42.4439 -14.5475 325.556 -6.80027 -3.32507 58.7872 1.90247 -13 2752 1 0 1
3.6284 10.7941 325.556 0.808372 1.96589 52.9183 2.42691 -13 2753 1 0 1
18.4674 35.2086 325.556 2.77217 6.28265 49.8608 2.39629 -13 2754 1 0 1
61.934 14.3718 325.556 7.59909 2.24191 45.4177 0.93385 -13 2755 1 0 1
-31.1041 -4.69058 325.556 -7.09241 -0.767038 74.1181 -0.615125 -13 2756 1 0 1
6.44375 -31.7528 325.556 1.16351 -7.67943 62.7406 2.5702 -13 2757 1 0 1
23.2498 -37.3966 325.556 3.98945 -7.96634 60.3037 1.86931 -13 2758 1 0 1
23.5788 30.8965 325.556 4.30357 7.44579 67.977 2.87498 -13 2759 1 0 1
34.6692 41.011 325.556 2.61983 4.56656 27.7127 5.72849 -13 2760 1 0 1
-25.2419 4.97037 325.556 -4.11268 1.24392 60.0682 2.02649 -13 2761 1 0 1
-36.8777 5.96735 325.556 -7.29838 1.37667 67.6623 3.79559 -13 2762 1 0 1
64.5816 -37.2202 325.556 9.04634 -6.83277 50.1034 1.63163 -13 2763 1 0 1
-48.2845 25.7957 325.556 -12.0592 6.70896 80.226 0.286299 -13 2764 1 0 1
-52.0623 -90.193 325.556 -8.29606 -18.53 58.1738 1.73585 -13 2765 1 0 1
-30.0038 10.266 325.556 -7.03258 1.83232 75.2669 -0.068296 -13 2766 1 0 1
42.3933 -24.4049 325.556 6.65994 -4.998 55.4194 2.79922 -13 2767 1 0 1
1.02251 37.9312 325.556 0.469146 6.86589 49.6169 -0.329847 -13 2768 1 0 1
0.563217 34.9041 325.556 0.0336723 8.58803 65.7263 1.80868 -13 2769 1 0 1
-35.3293 9.17981 325.556 -6.44434 2.46298 65.5609 4.26143 -13 2770 1 0 1
116.48 122.25 325.556 15.7351 22.7935 50.8986 4.46292 -13 2771 1 0 1
12.332 12.8889 325.556 2.2264 2.97794 58.0765 2.78957 -13 2772 1 0 1
-44.8769 -42.5853 325.556 -9.04437 -10.2893 68.7577 2.31981 -13 2773 1 0 1
-12.3648 -30.9151 325.556 -2.74204 -7.9522 70.2669 3.1871 -13 2774 1 0 1
-19.3237 7.6783 325.556 -2.97184 1.38621 57.7749 2.00492 -13 2775 1 0 1
-32.3859 -10.692 325.556 -5.78221 -2.74812 64.256 4.47342 -13 2776 1 0 1
123.308 62.7392 325.556 18.8072 12.7501 56.8613 2.64693 -13 2777 1 0 1
28.6 -4.15747 325.556 5.45792 -0.887824 70.2928 2.38359 -13 2778 1 0 1
-24.7086 60.4319 325.556 -4.61492 13.8363 64.1306 2.16642 -13 2780 1 0 1
-9.9605 23.9637 325.556 -2.03999 5.83124 68.2104 1.23021 -13 2781 1 0 1
-4.96872 -36.6295 325.556 -0.88839 -8.0078 63.8068 3.52568 -13 2782 1 0 1
-32.4961 12.7066 325.556 -6.83632 3.46452 70.9999 1.44789 -13 2783 1 0 1
-42.9232 -49.0459 325.556 -2.99936 -6.29588 31.4641 4.11157 -13 2784 1 0 1
-33.3564 -38.6006 325.556 -7.18983 -9.27163 71.3279 3.27358 -13 2785 1 0 1
3.07 1.63988 325.556 0.686907 0.324757 58.8916 1.13484 -13 2786 1 0 1
-10.4104 1.64238 325.556 -2.10282 0.779744 68.0275 2.39846 -13 2787 1 0 1
2.81844 -71.736 325.556 0.550984 -14.1188 55.4632 2.89654 -13 2788 1 0 1
42.0112 5.5035 325.556 7.41678 0.690231 62.5874 1.27175 -13 2789 1 0 1
-32.106 -49.7266 325.556 -4.24269 -8.64186 50.9467 2.69876 -13 2790 1 0 1
14.5672 -33.5227 325.556 2.60076 -7.22321 64.5765 0.823139 -13 2791 1 0 1
-33.9165 11.8435 325.556 -6.27396 3.19074 64.8853 0.676238 -13 2792 1 0 1
32.4101 -52.9728 325.556 5.7954 -11.8285 64.1501 2.09546 -13 2793 1 0 1
1.45181 40.641 325.556 -0.0607113 9.9327 72.9591 1.74706 -13 2794 1 0 1
18.8215 -66.8244 325.556 3.24097 -13.8462 59.8162 1.48394 -13 2795 1 0 1
11.2163 -24.659 325.556 1.02519 -2.79085 28.0864 4.12422 -13 2796 1 0 1
-29.7547 28.1968 325.556 -6.15299 6.97456 69.4516 1.79123 -13 2797 1 0 1
-22.3682 -25.8456 325.556 -5.43259 -6.44112 75.313 1.68933 -13 2798 1 0 1
19.0224 22.113 325.556 2.96888 4.00533 52.8143 3.4505 -13 2799 1 0 1
8.69888 12.8708 325.556 1.55159 2.56642 51.3017 2.10556 -13 2800 1 0 1
-34.7339 -33.0431 325.556 -7.70669 -9.0604 73.6438 1.9815 -13 2801 1 0 1
-21.2629 29.3581 325.556 -4.77076 7.50098 72.7606 0.218719 -13 2802 1 0 1
1.94646 29.7254 325.556 -0.45535 8.55023 80.0989 3.00546 -13 2804 1 0 1
-18.4366 -36.3224 325.556 -4.34231 -9.59655 73.2228 3.48019 -13 2805 1 0 1
87.0741 5.7003 325.556 13.8508 0.971727 57.4379 2.94688 -13 2806 1 0 1
5.13928 114.276 325.556 0.692218 26.4391 65.0597 2.4719 -13 2807 1 0 1
31.3672 -10.6908 325.556 5.85913 -2.49423 70.0832 1.84002 -13 2808 1 0 1
14.1305 84.5095 325.556 2.23913 15.0343 48.6013 1.93772 -13 2809 1 0 1
-20.3512 52.6335 325.556 -4.55079 13.1244 71.4372 2.85071 -13 2810 1 0 1
26.1277 -88.1505 325.556 3.9164 -16.3759 51.2673 2.03051 -13 2811 1 0 1
46.8233 21.6325 325.556 8.86082 4.79431 68.0955 2.13647 -13 2812 1 0 1
41.9413 22.5608 325.556 5.93715 4.47265 50.0917 1.95218 -13 2813 1 0 1
-30.5865 -9.35326 325.556 -4.87745 -1.87155 59.3677 3.99506 -13 2814 1 0 1
-40.092 -14.1092 325.556 -7.73226 -3.19551 66.5974 3.70045 -13 2815 1 0 1
-26.873 -17.8063 325.556 -5.09996 -4.75986 66.0949 3.83501 -13 2816 1 0 1
45.8789 33.3484 325.556 8.56554 7.69452 67.7553 1.10625 -13 2817 1 0 1
76.8641 24.6422 325.556 14.4921 6.57469 68.6927 2.4906 -13 2818 1 0 1
18.389 33.7193 325.556 3.42164 8.72263 75.1731 1.99741 -13 2820 1 0 1
-9.03824 30.802 325.556 -2.41108 8.53489 74.6668 4.28246 -13 2821 1 0 1
-12.6099 64.568 325.556 -1.94562 13.8863 58.3222 0.345067 -13 2822 1 0 1
13.4525 58.1847 325.556 2.25797 15.7063 75.6151 2.896 -13 2823 1 0 1
39.4476 -35.8782 325.556 6.81435 -7.73907 62.5791 0.743667 -13 2824 1 0 1
57.259 37.5759 325.556 9.71519 7.90872 60.9412 2.79235 -13 2825 1 0 1
36.2804 -56.7639 325.556 2.07711 -5.49988 24.3294 3.07988 -13 2826 1 0 1
43.9205 3.58851 325.556 8.55067 0.86857 71.6133 2.63179 -13 2827 1 0 1
-22.4718 -35.0925 325.556 -4.47693 -8.27767 68.6364 2.97538 -13 2828 1 0 1
100.857 53.4527 325.556 15.9508 10.9259 57.5406 -0.268251 -13 2829 1 0 1
44.772 -53.8833 325.556 8.5536 -13.4313 69.4441 2.01893 -13 2830 1 0 1
-42.1076 9.59475 325.556 -10.4505 3.19641 79.5031 1.58179 -13 2831 1 0 1
6.05747 -9.50695 325.556 1.18665 -2.05079 61.5152 3.42744 -13 2832 1 0 1
-40.5594 -5.79923 325.556 -8.26955 -1.99692 69.296 1.51028 -13 2833 1 0 1
4.76757 -4.89166 325.556 0.627876 -0.971151 72.0294 0.877079 -13 2834 1 0 1
8.6165 14.6036 325.556 1.47041 3.59724 68.9135 3.47822 -13 2835 1 0 1
-31.911 12.4245 325.556 -3.61408 1.94493 45.8001 1.37006 -13 2836 1 0 1
-7.37816 53.1935 325.556 -1.36677 11.4081 63.3379 1.78861 -13 2837 1 0 1
23.1602 -6.46751 325.556 4.11568 -1.95988 79.5596 4.13002 -13 2838 1 0 1
2.66453 -1.59781 325.556 0.325383 0.124269 65.9229 0.8875 -13 2839 1 0 1
125.402 -51.5303 325.556 12.1339 -7.70918 38.1767 3.54195 -13 2840 1 0 1
32.8872 25.911 325.556 4.8909 5.04326 51.2415 2.16751 -13 2841 1 0 1
1.39178 1.09976 325.556 0.45346 0.555792 54.9922 1.77463 -13 2842 1 0 1
-55.2015 -17.7634 325.556 -9.54169 -3.25038 61.8983 3.27051 -13 2843 1 0 1
90.6268 -6.07998 325.556 17.5493 -1.68619 70.4282 4.44443 -13 2844 1 0 1
32.7833 -27.8008 325.556 3.05277 -3.21711 33.3457 3.80811 -13 2845 1 0 1
5.46128 23.974 325.556 1.02607 6.15681 64.6886 1.64255 -13 2846 1 0 1
14.1736 0.264534 325.556 2.51892 0.0974437 64.9928 2.62053 -13 2847 1 0 1
-37.4325 -41.6091 325.556 -4.70647 -7.65215 49.1182 2.19137 -13 2848 1 0 1
-25.5417 41.4831 325.556 -4.07691 8.8556 58.6186 0.416165 -13 2849 1 0 1
73.7854 11.8902 325.556 9.22692 1.99035 46.0364 1.7842 -13 2850 1 0 1
13.4007 4.45887 325.556 2.24518 1.49758 77.4925 -0.0810284 -13 2851 1 0 1
64.4297 -10.4295 325.556 11.7989 -1.99155 66.1625 1.08161 -13 2852 1 0 1
-50.6447 -32.3704 325.556 -9.69529 -7.66471 66.737 3.75563 -13 2853 1 0 1
-13.4952 23.9726 325.556 -3.02913 6.07019 71.2969 -0.0159997 -13 2854 1 0 1
-0.771001 -18.7474 325.556 -0.945391 -5.30856 80.4314 2.57488 -13 2855 1 0 1
5.06947 11.0691 325.556 0.896219 2.27027 65.4054 1.10615 -13 2857 1 0 1
-0.0809471 -13.4266 325.556 0.142548 -2.66913 56.2207 0.9628 -13 2858 1 0 1
47.132 25.6822 325.556 7.50984 5.23744 57.062 2.86935 -13 2859 1 0 1
34.5953 8.51785 325.556 6.06549 1.78103 63.4407 -0.579121 -13 2860 1 0 1
12.0174 32.1043 325.556 1.91979 9.00191 77.8847 3.2229 -13 2861 1 0 1
1.10759 -22.5658 325.556 0.334212 -4.99013 61.2101 2.43637 -13 2862 1 0 1
-4.62799 21.0532 325.556 -1.026 4.86734 67.3677 1.08641 -13 2863 1 0 1
16.0459 -37.7554 325.556 2.66973 -8.19961 59.7751 0.871038 -13 2864 1 0 1
27.223 -13.7668 325.556 3.57528 -2.24635 44.5416 1.04658 -13 2865 1 0 1
-73.7832 39.048 325.556 -9.64829 7.29376 49.2929 1.43756 -13 2866 1 0 1
-15.0109 41.3673 325.556 -1.29523 6.40327 40.5938 1.06494 -13 2867 1 0 1
34.8887 -19.2402 325.556 6.38991 -4.17217 65.647 3.73466 -13 2868 1 0 1
48.6599 32.4062 325.556 8.30652 6.84223 61.0271 2.97733 -13 2869 1 0 1
38.8331 -48.0183 325.556 7.09243 -11.2222 66.4668 0.705959 -13 2870 1 0 1
0.497554 13.4447 325.556 0.0100208 3.31095 66.9613 1.16161 -13 2871 1 0 1
17.4676 44.9879 325.556 3.02308 9.44589 60.9367 2.40664 -13 2872 1 0 1
8.3651 40.1477 325.556 1.40448 9.28943 70.3073 -0.132431 -13 2873 1 0 1
21.3952 93.3132 325.556 3.18714 16.8592 49.8148 1.77338 -13 2875 1 0 1
-90.1705 -73.0447 325.556 -15.3003 -15.6299 61.0003 1.4433 -13 2876 1 0 1
-51.3874 18.5601 325.556 -12.1251 5.10647 77.4405 3.72698 -13 2877 1 0 1
2.55262 23.3005 325.556 0.473013 2.78008 32.9045 1.59721 -13 2878 1 0 1
-68.6256 20.4764 325.556 -8.07449 3.51844 45.8411 2.36789 -13 2879 1 0 1
-17.5274 28.0816 325.556 -2.79681 6.45677 59.5151 3.16345 -13 2880 1 0 1
34.8069 -43.9798 325.556 6.01129 -9.49542 61.1241 4.39866 -13 2881 1 0 1
0.422121 24.6247 325.556 0.0730648 5.31998 61.008 2.48767 -13 2882 1 0 1
-33.1237 -36.7338 325.556 -7.12095 -9.14208 71.3881 2.009 -13 2883 1 0 1
-31.4548 42.5468 325.556 -4.91912 8.91978 58.1998 2.966 -13 2884 1 0 1
-18.2272 0.107582 325.556 -2.45211 0.291607 53.6757 4.60222 -13 2885 1 0 1
121.586 53.4695 325.556 18.8574 11.004 57.2246 1.06958 -13 2886 1 0 1
-4.42407 -25.9579 325.556 -0.309817 -4.92982 50.2336 0.072465 -13 2887 1 0 1
60.8983 97.5797 325.556 8.15386 17.4583 48.9362 -0.0561912 -13 2888 1 0 1
-16.3697 -28.8301 325.556 -3.64888 -7.34369 71.4769 0.76033 -13 2889 1 0 1
-22.0187 52.0231 325.556 -3.81621 11.5591 61.7114 0.989375 -13 2890 1 0 1
-10.336 41.8133 325.556 -2.61366 10.8021 73.9175 3.98612 -13 2891 1 0 1
23.4061 85.5869 325.556 3.55534 16.4495 52.5105 2.24773 -13 2892 1 0 1
25.3805 4.23093 325.556 1.53746 0.507071 22.8695 2.54573 -13 2893 1 0 1
67.9225 12.3126 325.556 11.1454 2.89207 58.8384 3.83601 -13 2894 1 0 1
49.9585 -18.0645 325.556 4.6673 -2.28479 35.3454 3.30527 -13 2895 1 0 1
-33.6224 32.2821 325.556 -5.57927 7.41139 60.818 1.9632 -13 2896 1 0 1
-7.47807 17.5877 325.556 -1.62726 4.21314 67.7549 2.78048 -13 2897 1 0 1
-11.4718 -50.4865 325.556 -1.91705 -11.1823 61.7697 1.5452 -13 2898 1 0 1
-24.1252 66.848 325.556 -3.61295 12.9976 56.1245 2.00985 -13 2899 1 0 1
70.4097 -58.0223 325.556 12.7881 -13.3796 65.9162 3.45082 -13 2900 1 0 1
-15.6818 -13.6494 325.556 -4.12707 -3.64001 77.0072 1.3105 -13 2901 1 0 1
-15.9466 46.0545 325.556 -2.95189 11.0282 64.7359 4.30294 -13 2902 1 0 1
-8.52282 42.6446 325.556 -1.88937 10.1485 68.504 0.176003 -13 2904 1 0 1
10.3805 -13.0012 325.556 1.81502 -3.47037 72.7959 2.51968 -13 2905 1 0 1
-14.9836 39.6665 325.556 -1.63199 6.70557 46.1346 4.74914 -13 2906 1 0 1
-6.99167 2.32047 325.556 -2.24239 0.470226 78.2103 1.96139 -13 2907 1 0 1
-29.9571 -78.1797 325.556 -3.94166 -14.9082 51.7185 2.41029 -13 2908 1 0 1
-32.7103 15.6065 325.556 -5.99996 3.31162 63.7528 3.71246 -13 2909 1 0 1
-22.5105 10.8716 325.556 -6.11401 3.50307 79.9119 0.970838 -13 2910 1 0 1
-44.9111 39.3631 325.556 -9.05024 9.58569 68.9092 4.83449 -13 2911 1 0 1
28.7687 -21.9917 325.556 4.75432 -4.17808 57.4051 2.07725 -13 2912 1 0 1
11.4694 49.457 325.556 1.98732 13.386 75.5755 -0.433541 -13 2913 1 0 1
-66.7206 38.0059 325.556 -8.8372 7.03194 50.1085 2.32792 -13 2914 1 0 1
69.3317 -20.1973 325.556 13.2106 -5.00308 69.3755 2.60467 -13 2915 1 0 1
30.249 -33.8038 325.556 5.47057 -8.17492 65.6806 2.22714 -13 2916 1 0 1
-7.87154 16.8025 325.556 -1.34925 3.70937 63.4611 5.2117 -13 2917 1 0 1
32.8705 7.38084 325.556 5.61741 1.87204 60.9443 1.6885 -13 2918 1 0 1
24.0647 22.3564 325.556 4.45423 5.36965 69.3761 2.06436 -13 2919 1 0 1
-27.291 39.6624 325.556 -5.72472 9.9131 69.6918 2.49218 -13 2920 1 0 1
-19.0681 27.7601 325.556 -4.44263 7.58894 73.314 2.20028 -13 2921 1 0 1
51.3213 0.645211 325.556 9.67208 0.324044 68.7547 2.29779 -13 2922 1 0 1
36.6651 75.8489 325.556 6.43146 17.0195 64.4228 -1.17 -13 2923 1 0 1
-22.4211 -6.33957 325.556 -4.71004 -1.51644 69.5568 1.50903 -13 2924 1 0 1
-12.9202 40.0421 325.556 -2.97326 10.3214 72.2885 1.3171 -13 2926 1 0 1
71.1667 8.95122 325.556 8.45525 1.47759 44.0703 2.87737 -13 2927 1 0 1
19.4127 75.7589 325.556 3.03981 14.5709 53.7742 0.391941 -13 2928 1 0 1
20.3385 10.8158 325.556 2.18603 1.56054 35.4104 3.43489 -13 2929 1 0 1
-53.9134 56.6748 325.556 -11.0617 14.0568 70.1154 -0.0579782 -13 2930 1 0 1
-23.0026 66.2278 325.556 -3.52513 13.8404 57.5318 3.17129 -13 2931 1 0 1
-0.498593 -11.1228 325.556 0.230803 -2.44755 54.277 0.926126 -13 2932 1 0 1
-44.4676 -2.69713 325.556 -8.06854 -0.244891 64.2859 2.35756 -13 2933 1 0 1
25.1796 -30.0619 325.556 4.38243 -7.18639 62.6714 3.74599 -13 2934 1 0 1
-12.1982 7.27421 325.556 -2.05847 1.90483 61.0266 1.90389 -13 2935 1 0 1
9.19298 21.8185 325.556 1.54232 5.41163 74.5275 1.03234 -13 2936 1 0 1
-13.1043 0.37302 325.556 -1.54004 0.587929 49.5493 0.369479 -13 2937 1 0 1
65.9576 -13.1244 325.556 7.96117 -2.06102 44.5166 4.23794 -13 2938 1 0 1
11.8807 44.0825 325.556 1.84797 12.266 78.1495 1.30666 -13 2939 1 0 1
27.3585 25.8918 325.556 4.95095 5.65463 63.3642 1.58222 -13 2940 1 0 1
-110.904 40.9571 325.556 -21.0097 9.26346 67.1189 1.29241 -13 2941 1 0 1
16.6894 10.0743 325.556 2.65765 1.86216 55.3566 0.734606 -13 2942 1 0 1
-5.17069 95.6915 325.556 -0.699403 18.8113 55.2147 1.76222 -13 2943 1 0 1
20.4005 1.6804 325.556 3.59473 0.550753 61.8861 3.52524 -13 2944 1 0 1
-22.4599 -6.53084 325.556 -3.30822 -2.08552 56.6532 5.59558 -13 2945 1 0 1
161.408 -61.0569 325.556 16.0181 -8.90136 39.5476 1.99163 -13 2946 1 0 1
-27.4439 57.3974 325.556 -4.56211 12.8885 60.1895 0.0261063 -13 2947 1 0 1
-4.84369 29.7104 325.556 -0.290977 4.94723 46.2161 2.31847 -13 2948 1 0 1
-20.9946 -55.8607 325.556 -4.33044 -13.7595 68.1269 2.56812 -13 2949 1 0 1
-14.7774 -28.5392 325.556 -1.94882 -5.22485 55.2805 1.59477 -13 2950 1 0 1
6.79369 5.79445 325.556 1.3008 0.46412 56.6163 1.43819 -13 2951 1 0 1
-27.5622 12.3402 325.556 -4.88845 2.88664 63.4445 2.25 -13 2952 1 0 1
-4.33054 24.2318 325.556 -0.907499 5.77111 67.5861 1.90865 -13 2953 1 0 1
-2.93808 -11.1852 325.556 -0.233894 -2.81231 57.4018 0.386307 -13 2955 1 0 1
-13.4458 15.6936 325.556 -2.90117 3.62051 70.8685 1.46259 -13 2956 1 0 1
-15.7408 18.0952 325.556 -3.4156 4.77334 69.7566 3.14056 -13 2957 1 0 1
40.3415 73.9345 325.556 6.43854 14.7589 57.7697 3.72841 -13 2958 1 0 1
35.5804 -18.9171 325.556 7.2314 -5.21916 77.744 0.656646 -13 2959 1 0 1
-13.7199 46.4243 325.556 -2.5457 10.1373 64.5355 2.46653 -13 2960 1 0 1
42.874 -71.006 325.556 7.57471 -15.7925 62.9297 4.40341 -13 2961 1 0 1
79.6359 -47.5254 325.556 2.65616 -3.57513 17.8862 5.96739 -13 2963 1 0 1
-62.1198 -125.328 325.556 -6.37133 -19.1955 40.942 1.77862 -13 2964 1 0 1
52.2754 -70.9203 325.556 5.51267 -10.5788 40.7438 4.87901 -13 2965 1 0 1
30.7506 8.90147 325.556 5.72949 2.01456 68.0201 0.190451 -13 2966 1 0 1
-12.2172 -157.826 325.556 -1.89412 -32.2488 54.8767 2.15482 -13 2967 1 0 1
-4.07102 -32.801 325.556 -1.13999 -7.70303 71.4672 3.16982 -13 2968 1 0 1
-37.9486 -29.5834 325.556 -7.50431 -7.17334 68.3465 3.50369 -13 2969 1 0 1
71.3447 -36.3657 325.556 13.0008 -8.46771 66.0705 1.48318 -13 2970 1 0 1
-28.5491 -28.3086 325.556 -6.33995 -7.39661 73.0374 0.739019 -13 2971 1 0 1
23.7889 -8.25314 325.556 4.51981 -2.08501 69.6898 3.21965 -13 2972 1 0 1
-23.7714 -5.46183 325.556 -6.46275 -1.58558 78.5795 2.65897 -13 2973 1 0 1
-21.3402 -28.8019 325.556 -4.37026 -7.66875 68.8774 2.516 -13 2975 1 0 1
0.651133 -37.2158 325.556 0.0260131 -8.60838 64.3875 2.75271 -13 2976 1 0 1
49.2161 -63.8141 325.556 8.63896 -14.4863 62.6083 2.9271 -13 2977 1 0 1
-29.3488 44.1892 325.556 -3.84282 7.79413 51.5589 3.918 -13 2978 1 0 1
22.3996 -66.4558 325.556 3.7649 -13.7205 59.0309 1.28884 -13 2979 1 0 1
-35.679 23.8969 325.556 -4.97896 4.54291 52.8434 1.82539 -13 2980 1 0 1
22.3612 -4.0531 325.556 3.72263 -1.06611 56.2825 4.51903 -13 2981 1 0 1
10.7366 -6.01034 325.556 1.91618 -1.37368 67.273 0.756682 -13 2982 1 0 1
13.3561 20.5459 325.556 2.33151 4.52644 62.4822 0.557943 -13 2983 1 0 1
-59.4108 -2.75944 325.556 -13.3376 -0.319873 75.5271 2.67682 -13 2984 1 0 1
20.9887 -32.479 325.556 3.08076 -5.85306 48.9229 1.61242 -13 2985 1 0 1
60.0885 12.3625 325.556 9.34815 2.70916 55.5635 3.18441 -13 2986 1 0 1
-35.8378 57.4024 325.556 -8.04647 14.9893 73.6933 1.47246 -13 2987 1 0 1
76.0559 -68.0143 325.556 10.5364 -11.932 50.0725 2.75769 -13 2988 1 0 1
26.5819 -3.05822 325.556 5.01381 -0.786567 68.8856 1.32535 -13 2989 1 0 1
-34.5733 -24.755 325.556 -6.14425 -5.80971 63.5435 1.18363 -13 2990 1 0 1
5.59462 1.31327 325.556 0.818989 0.125546 71.804 1.88812 -13 2991 1 0 1
-46.6471 0.307646 325.556 -9.80641 0.583425 71.1466 1.65862 -13 2992 1 0 1
-20.5153 -1.32058 325.556 -4.78955 -0.517431 74.3884 0.385055 -13 2993 1 0 1
-12.9306 22.5035 325.556 -2.1993 4.71328 62.89 3.01366 -13 2994 1 0 1
-0.102952 -34.0621 325.556 -0.726516 -9.043 76.988 0.711075 -13 2995 1 0 1
0.399999 -40.411 325.556 0.163318 -8.15155 58.3923 1.14482 -13 2996 1 0 1
-54.4323 -3.38026 325.556 -11.2451 -0.851238 70.8391 0.65707 -13 2998 1 0 1
4.00114 16.0382 325.556 0.662483 3.65339 65.9751 1.72495 -13 2999 1 0 1
6.4699 14.1457 325.556 0.913832 3.44946 73.7251 3.82147 -13 3000 1 0 1
-11.3022 -5.48554 325.556 -2.31452 -1.93352 68.0046 2.08213 -13 3001 1 0 1
-64.447 40.0416 325.556 -15.0132 10.6976 77.3623 2.49115 -13 3002 1 0 1
-122.532 64.1776 325.556 -11.6664 9.18531 38.8662 2.59914 -13 3003 1 0 1
-28.5329 82.9257 325.556 -5.47423 19.1967 64.8302 3.68197 -13 3004 1 0 1
11.2473 -1.0655 325.556 2.04083 -0.126772 67.8934 1.16161 -13 3005 1 0 1
-31.7098 25.4369 325.556 -6.0481 6.15322 66.2051 3.88208 -13 3006 1 0 1
-64.5653 22.9939 325.556 -13.1536 6.03924 70.1356 1.1815 -13 3007 1 0 1
85.1911 -26.1041 325.556 11.6826 -4.96784 50.1923 1.40386 -13 3008 1 0 1
-10.6258 4.36268 325.556 -2.54701 1.21802 72.9046 -0.265664 -13 3009 1 0 1
12.9432 68.0036 325.556 2.127 13.7463 54.8854 2.47961 -13 3010 1 0 1
5.32244 7.38425 325.556 0.909548 1.78385 63.2016 0.136986 -13 3011 1 0 1
-2.07487 -73.3325 325.556 -0.231707 -14.1884 54.5102 4.95052 -13 3012 1 0 1
51.5814 -47.7098 325.556 8.12039 -9.43297 56.3919 2.47522 -13 3013 1 0 1
10.3303 -17.7355 325.556 1.75149 -4.45542 74.0284 1.03645 -13 3014 1 0 1
49.1933 -50.6117 325.556 9.83948 -12.7217 74.6016 3.40891 -13 3015 1 0 1
-28.8735 -33.3899 325.556 -3.79574 -5.95375 51.6704 3.93162 -13 3016 1 0 1
-16.9333 15.1995 325.556 -3.80274 3.28478 70.9995 1.59371 -13 3017 1 0 1
-26.5996 62.9859 325.556 -4.13328 13.105 57.1569 4.52761 -13 3018 1 0 1
40.9527 3.03032 325.556 7.83248 0.718063 70.1647 3.72354 -13 3020 1 0 1
27.4455 27.3168 325.556 5.13946 7.34372 68.4663 1.28366 -13 3021 1 0 1
29.9447 15.5067 325.556 4.79051 2.90854 56.3569 1.46045 -13 3022 1 0 1
-1.50064 48.6766 325.556 -0.19071 10.0642 61.1291 1.92048 -13 3023 1 0 1
38.4629 9.17552 325.556 3.85096 1.17671 36.1385 5.45425 -13 3024 1 0 1
35.4193 -59.5554 325.556 3.43832 -8.29714 36.1232 4.15536 -13 3025 1 0 1
25.4138 41.1154 325.556 4.42205 9.23681 60.9852 0.992352 -13 3026 1 0 1
-57.4406 45.4148 325.556 -10.6642 10.3662 64.9651 3.72812 -13 3027 1 0 1
-24.5952 40.2914 325.556 -2.38189 6.07845 41.5777 0.195684 -13 3028 1 0 1
57.5667 -50.7763 325.556 10.6689 -12.2682 67.2681 0.7976 -13 3029 1 0 1
7.01348 37.18 325.556 1.15942 6.55314 50.6502 2.62923 -13 3030 1 0 1
87.2737 -66.6168 325.556 9.56591 -9.85657 41.115 2.8375 -13 3031 1 0 1
-35.0143 15.0441 325.556 -6.48641 3.21171 65.7752 2.28943 -13 3032 1 0 1
-27.9554 -38.8016 325.556 -5.06824 -8.58946 64.2749 -0.74887 -13 3033 1 0 1
65.0982 -62.0787 325.556 9.24175 -11.345 51.649 2.82053 -13 3034 1 0 1
11.1458 1.89615 325.556 2.00291 0.387882 63.5831 5.03184 -13 3035 1 0 1
-55.7788 -53.5346 325.556 -9.52856 -11.5267 61.3838 2.29039 -13 3036 1 0 1
-21.7572 -4.67617 325.556 -3.9928 -0.853827 64.3616 3.19841 -13 3037 1 0 1
-15.8615 -17.3067 325.556 -2.90572 -3.53781 64.8201 1.98266 -13 3038 1 0 1
11.432 41.458 325.556 2.02717 8.64352 60.4294 1.44286 -13 3039 1 0 1
17.8961 3.31833 325.556 3.22589 -0.163843 66.3491 1.63838 -13 3040 1 0 1
48.1071 15.5809 325.556 6.62029 2.85433 49.6487 1.84713 -13 3041 1 0 1
-42.0227 -16.3852 325.556 -10.6321 -4.75973 80.4154 2.24165 -13 3042 1 0 1
48.1757 7.60328 325.556 7.89744 2.15404 59.0454 2.11908 -13 3043 1 0 1
-16.5292 -70.8852 325.556 -2.46456 -14.2437 57.5814 2.63222 -13 3044 1 0 1
56.8584 -70.6326 325.556 9.87519 -15.4545 62.6264 0.295332 -13 3045 1 0 1
-4.31866 -35.5982 325.556 -1.4559 -9.2341 74.8493 0.266211 -13 3046 1 0 1
10.9672 -28.5418 325.556 2.0291 -5.93613 61.4561 2.09081 -13 3047 1 0 1
28.1082 -32.5954 325.556 4.9742 -6.51535 61.6757 1.93752 -13 3048 1 0 1
4.71927 100.24 325.556 0.490392 8.90978 20.8657 4.57373 -13 3049 1 0 1
13.4509 18.2984 325.556 2.37682 4.34106 76.1946 0.347617 -13 3050 1 0 1
1.47506 -25.1704 325.556 0.429044 -5.41384 60.5224 1.58767 -13 3051 1 0 1
6.90461 12.7171 325.556 1.09637 3.83487 71.9056 0.732494 -13 3052 1 0 1
58.6107 10.6748 325.556 9.84245 2.19074 60.0192 1.39291 -13 3053 1 0 1
12.5485 49.39 325.556 2.08697 11.8253 65.7495 2.14077 -13 3054 1 0 1
8.36511 19.0038 325.556 1.47863 3.97241 64.9846 4.03224 -13 3055 1 0 1
-84.2931 -85.5474 325.556 -13.1563 -17.5857 56.918 1.6141 -13 3056 1 0 1
-30.7092 -43.2338 325.556 -6.3145 -10.2807 69.0838 0.723497 -13 3057 1 0 1
19.0295 15.6352 325.556 3.15765 3.04953 55.8709 1.84698 -13 3058 1 0 1
9.92802 -22.8737 325.556 1.7102 -5.79839 65.5628 1.98271 -13 3059 1 0 1
-43.6136 -5.23505 325.556 -5.71018 -0.721772 50.7614 2.7542 -13 3060 1 0 1
4.88514 23.4774 325.556 0.867125 5.37702 63.3482 3.82886 -13 3061 1 0 1
27.1596 48.81 325.556 1.16409 3.83547 18.2874 6.39828 -13 3062 1 0 1
-19.8214 -21.8481 325.556 -4.05107 -5.45805 68.7507 1.4291 -13 3063 1 0 1
5.89399 -98.653 325.556 0.840202 -24.0993 68.4168 1.16899 -13 3064 1 0 1
16.201 73.6257 325.556 2.85901 16.6875 65.3171 4.35619 -13 3065 1 0 1
-1.33193 -17.8792 325.556 -0.286511 -4.43988 63.9718 3.7722 -13 3066 1 0 1
-42.4826 25.1541 325.556 -8.66602 6.2906 69.7148 3.57899 -13 3067 1 0 1
-39.4781 -11.5788 325.556 -6.56302 -2.605 60.2802 3.495 -13 3068 1 0 1
70.374 -49.0205 325.556 7.91141 -8.10797 42.4494 3.50883 -13 3069 1 0 1
-35.0907 27.3865 325.556 -6.7599 6.78201 66.6673 3.42385 -13 3070 1 0 1
77.9898 -29.3871 325.556 2.99769 -2.43183 19.252 6.35655 -13 3071 1 0 1
-45.2431 15.5057 325.556 -11.1735 3.79355 79.3506 2.14996 -13 3072 1 0 1
-79.7444 31.3285 325.556 -15.122 7.217 66.5149 0.883237 -13 3073 1 0 1
21.937 50.0434 325.556 4.01256 12.1349 68.5675 1.9719 -13 3074 1 0 1
-9.89995 20.2916 325.556 -2.80278 5.78892 77.6185 2.47868 -13 3075 1 0 1
-0.913342 34.656 325.556 -0.619198 8.85142 73.2416 2.05604 -13 3076 1 0 1
9.64864 -23.4876 325.556 1.46499 -6.61006 77.3532 1.91379 -13 3077 1 0 1
63.0572 57.6334 325.556 7.78383 9.51557 45.605 1.6345 -13 3078 1 0 1
8.98284 42.983 325.556 1.3666 11.3948 74.2268 0.0734023 -13 3079 1 0 1
38.8737 38.86 325.556 6.60006 8.34279 60.4818 0.603683 -13 3080 1 0 1
-25.5648 -47.5022 325.556 -3.94769 -9.83488 58.2683 3.16675 -13 3081 1 0 1
9.13282 -51.7737 325.556 1.48594 -12.38 66.8362 2.54941 -13 3082 1 0 1
46.0952 -5.2856 325.556 8.01289 -1.19071 61.4119 0.495366 -13 3083 1 0 1
0.564344 -16.6542 325.556 -0.0306187 -3.96875 69.2217 1.97199 -13 3084 1 0 1
21.5751 -25.0664 325.556 3.83987 -6.06453 67.1197 1.48806 -13 3085 1 0 1
-35.6055 4.46693 325.556 -4.03412 0.97011 45.2394 2.65843 -13 3086 1 0 1
22.5428 -40.9639 325.556 4.02858 -10.0065 68.6096 2.2678 -13 3087 1 0 1
-18.5252 -117.68 325.556 -2.36277 -21.6801 50.3364 1.61301 -13 3088 1 0 1
-2.7199 37.8626 325.556 -0.711271 9.48555 68.5896 2.27863 -13 3089 1 0 1
-47.8888 0.967062 325.556 -7.56485 0.518306 58.3894 2.85592 -13 3090 1 0 1
7.7713 -75.1775 325.556 1.06147 -19.7671 73.9752 1.0828 -13 3091 1 0 1
-11.6306 68.7358 325.556 -2.7528 17.2771 70.7168 2.14084 -13 3092 1 0 1
34.3968 48.8328 325.556 4.58445 8.44927 47.0174 2.82502 -13 3093 1 0 1
-35.4759 -28.0571 325.556 -6.96121 -6.66099 67.8418 0.682793 -13 3094 1 0 1
21.0847 23.4196 325.556 3.91959 5.49028 72.4715 4.12112 -13 3095 1 0 1
16.1054 -71.3253 325.556 2.80543 -17.1802 68.9836 1.29895 -13 3096 1 0 1
52.5553 70.4269 325.556 10.3326 18.6459 73.0106 1.63036 -13 3097 1 0 1
-0.111712 -31.2939 325.556 -0.198646 -7.42565 70.0287 -0.359916 -13 3099 1 0 1
7.15823 2.20674 325.556 1.28744 0.442735 57.7158 1.95501 -13 3100 1 0 1
-13.1196 29.9745 325.556 -2.74173 7.21786 69.271 3.25435 -13 3101 1 0 1
25.9892 31.2658 325.556 4.47114 6.72904 60.9928 1.51042 -13 3102 1 0 1
-41.1597 -56.7553 325.556 -8.4278 -14.1005 69.6184 2.69524 -13 3103 1 0 1
-6.16001 -15.2418 325.556 -0.800116 -3.35863 57.0722 3.42009 -13 3104 1 0 1
-22.0722 -13.7117 325.556 -5.06773 -3.50324 73.3887 1.8592 -13 3105 1 0 1
23.8744 9.41898 325.556 4.58722 2.74515 75.4132 2.12002 -13 3106 1 0 1
-14.7803 30.2734 325.556 -3.66456 8.28461 74.8553 3.31999 -13 3107 1 0 1
-8.42877 37.3697 325.556 -1.3666 8.47174 62.2041 1.87481 -13 3108 1 0 1
-9.22311 -1.56281 325.556 -0.772375 -0.0265692 44.7344 3.27977 -13 3109 1 0 1
-31.3514 15.5805 325.556 -5.79456 3.50391 65.8883 2.09121 -13 3110 1 0 1
88.8337 -103.266 325.556 8.71801 -14.9105 37.9165 3.4614 -13 3111 1 0 1
-35.1936 -23.2467 325.556 -8.11718 -6.04912 75.5403 2.09086 -13 3112 1 0 1
16.7139 -47.0483 325.556 2.99294 -12.4909 74.6794 2.69827 -13 3113 1 0 1
-17.9448 51.2209 325.556 -2.94343 11.1913 62.0181 1.17941 -13 3114 1 0 1
-4.93845 -12.4692 325.556 -1.82634 -3.07316 77.4768 2.60688 -13 3115 1 0 1
2.33823 -3.54017 325.556 -0.0748189 -0.833153 77.196 1.09931 -13 3116 1 0 1
-29.6795 54.4987 325.556 -6.99266 14.4952 75.555 1.53511 -13 3117 1 0 1
-37.7942 3.28343 325.556 -8.45947 0.200625 74.1999 1.29237 -13 3118 1 0 1
-23.4498 -25.6851 325.556 -5.25892 -6.82148 72.4949 2.49601 -13 3119 1 0 1
-32.4926 -22.6881 325.556 -7.12699 -5.95665 72.6523 -0.467722 -13 3120 1 0 1
-45.7077 -137.044 325.556 -1.46139 -11.6633 18.9799 4.57633 -13 3121 1 0 1
-15.7392 -30.4712 325.556 -4.18294 -8.21119 77.0784 1.79327 -13 3122 1 0 1
-49.324 -1.32476 325.556 -8.87421 -1.05369 64.1207 2.54893 -13 3124 1 0 1
-20.7081 -41.9341 325.556 -3.95171 -9.49148 65.6033 3.38389 -13 3125 1 0 1
80.8411 40.2576 325.556 12.993 8.12251 58.5708 4.08915 -13 3126 1 0 1
-1.60783 1.09247 325.556 -0.125074 0.0625505 58.6401 3.42208 -13 3127 1 0 1
13.6593 -0.24882 325.556 2.4739 -0.310251 70.5364 4.0373 -13 3128 1 0 1
20.2983 64.7988 325.556 1.50695 6.95726 27.9216 6.90439 -13 3129 1 0 1
23.4075 32.7542 325.556 4.27621 7.72806 67.1241 4.00482 -13 3130 1 0 1
-8.45446 31.1482 325.556 -1.4118 7.16563 63.0209 1.32483 -13 3131 1 0 1
-36.2572 -45.4499 325.556 -7.21461 -10.8287 68.0712 2.29558 -13 3132 1 0 1
8.1583 -72.9391 325.556 1.4066 -13.8226 53.4394 2.88683 -13 3133 1 0 1
64.45 -76.8293 325.556 9.43477 -14.6964 52.9819 3.8037 -13 3134 1 0 1
65.2747 -31.0731 325.556 9.1331 -5.44241 50.6175 2.20823 -13 3135 1 0 1
11.6042 7.67847 325.556 2.00992 1.59169 54.7959 3.15549 -13 3136 1 0 1
21.6909 -138.315 325.556 2.45182 -21.2358 40.1124 4.16377 -13 3137 1 0 1
56.2982 4.28999 325.556 6.89443 1.02495 44.9095 3.66212 -13 3138 1 0 1
41.3687 22.7491 325.556 6.97351 4.89201 60.1446 1.78225 -13 3139 1 0 1
58.4471 -46.671 325.556 10.9812 -10.8632 68.1252 2.12645 -13 3140 1 0 1
59.1586 5.9886 325.556 10.1878 1.60644 61.3459 -0.251602 -13 3141 1 0 1
-2.2473 1.17397 325.556 -1.12844 0.855468 77.4574 3.16136 -13 3142 1 0 1
7.49164 65.8356 325.556 1.24543 14.1542 59.793 3.42882 -13 3143 1 0 1
29.6503 57.9825 325.556 4.84411 11.5102 57.1369 1.52223 -13 3144 1 0 1
9.70002 60.155 325.556 1.65081 14.2999 67.6895 2.86573 -13 3146 1 0 1
-66.97 -3.38998 325.556 -14.8218 -0.354552 74.5539 -0.231081 -13 3147 1 0 1
4.53619 36.7836 325.556 0.551684 8.53867 67.0567 3.04992 -13 3148 1 0 1
-10.6765 -128.026 325.556 -0.616103 -16.569 33.1002 4.86323 -13 3149 1 0 1
-6.726 45.1378 325.556 -1.86112 11.2038 72.8732 1.56985 -13 3150 1 0 1
-8.43807 -75.6909 325.556 -1.43013 -16.6171 62.0035 2.74423 -13 3151 1 0 1
-72.0406 37.9841 325.556 -13.1137 8.16406 64.4903 3.55171 -13 3152 1 0 1
-4.2057 -19.4467 325.556 -1.3652 -5.14629 75.1729 -0.425359 -13 3153 1 0 1
-43.9057 6.30511 325.556 -10.5903 1.73125 78.2948 1.77538 -13 3154 1 0 1
61.8048 -7.43253 325.556 10.6122 -1.7397 60.9926 0.488173 -13 3155 1 0 1
-26.661 -0.0776847 325.556 -6.07652 0.146611 73.2689 4.19718 -13 3156 1 0 1
70.8962 -33.115 325.556 9.60971 -6.21643 49.2658 1.21867 -13 3157 1 0 1
66.9201 -3.4632 325.556 12.3993 -0.770225 66.4955 2.69565 -13 3158 1 0 1
-9.10819 -61.4361 325.556 -1.81182 -14.5853 65.5764 3.09516 -13 3160 1 0 1
-5.82969 -95.063 325.556 -0.769596 -19.4205 56.6037 3.69059 -13 3161 1 0 1
-39.9131 14.5006 325.556 -10.1191 3.70202 79.8947 2.9833 -13 3162 1 0 1
3.09863 -1.11088 325.556 0.0628675 -0.0562123 76.9961 1.76209 -13 3163 1 0 1
29.6369 32.213 325.556 5.06461 7.34788 60.2124 1.32887 -13 3164 1 0 1
40.9069 63.2489 325.556 6.81713 13.0718 58.6604 4.42778 -13 3165 1 0 1
16.9159 -2.52641 325.556 3.09488 -0.455203 63.1601 2.04804 -13 3166 1 0 1
-10.2531 8.79985 325.556 -3.19312 1.86549 80.5642 3.58763 -13 3167 1 0 1
48.5962 16.2014 325.556 8.01202 3.90655 58.1469 3.45696 -13 3168 1 0 1
57.25 -6.32671 325.556 10.4627 -1.52332 65.8756 2.46906 -13 3169 1 0 1
-25.9929 15.5645 325.556 -4.29004 3.50158 60.5439 -0.327734 -13 3170 1 0 1
35.781 26.4418 325.556 6.093 6.01036 60.8923 1.65526 -13 3171 1 0 1
-24.5531 -35.1907 325.556 -4.21447 -7.87188 61.9951 0.357813 -13 3172 1 0 1
73.611 -10.5108 325.556 8.99094 -1.90778 44.2563 3.98861 -13 3173 1 0 1
-13.0878 4.18652 325.556 -3.01802 0.774669 72.424 1.97443 -13 3174 1 0 1
18.4222 34.7087 325.556 3.41097 8.23578 66.7177 -0.682328 -13 3175 1 0 1
11.2593 -0.923175 325.556 1.85745 -0.543238 73.7411 2.51371 -13 3176 1 0 1
-39.4386 -4.13205 325.556 -6.7593 -0.963358 61.995 1.13838 -13 3177 1 0 1
-22.2491 -58.0282 325.556 -5.08193 -15.0678 72.9341 0.184098 -13 3178 1 0 1
-14.8393 -57.2882 325.556 -4.0429 -15.6891 77.8477 1.86214 -13 3179 1 0 1
-27.9509 -9.19776 325.556 -7.26437 -3.08603 79.1315 1.52283 -13 3180 1 0 1
-26.6536 42.0251 325.556 -6.96775 11.2822 79.1957 3.20819 -13 3181 1 0 1
33.631 23.0108 325.556 4.0166 3.63731 42.0129 4.71704 -13 3182 1 0 1
-10.8205 -19.1234 325.556 -2.95256 -5.2665 76.4233 0.768835 -13 3183 1 0 1
66.4278 -11.6536 325.556 4.42507 -1.21959 27.6608 5.01836 -13 3184 1 0 1
-49.5941 -7.71606 325.556 -10.1224 -1.90899 69.664 -0.469681 -13 3185 1 0 1
60.198 15.2831 325.556 10.8993 3.43183 65.6433 4.11024 -13 3186 1 0 1
-2.42815 -6.6291 325.556 -0.122657 -1.17179 54.893 3.14632 -13 3187 1 0 1
-42.9658 25.503 325.556 -6.62964 5.03317 57.0563 2.83027 -13 3188 1 0 1
-22.616 -37.9055 325.556 -5.55931 -10.0593 76.5628 2.23714 -13 3189 1 0 1
-32.5187 -38.6359 325.556 -8.19059 -10.2586 78.5457 2.57304 -13 3190 1 0 1
-15.258 -32.7062 325.556 -1.45776 -5.27657 44.0215 3.24188 -13 3191 1 0 1
38.5163 -0.664931 325.556 7.37294 0.539662 69.9469 1.23516 -13 3192 1 0 1
3.56417 -19.341 325.556 0.688543 -4.08667 59.5986 1.52487 -13 3193 1 0 1
-108.169 -83.9092 325.556 -17.9126 -17.5555 59.934 2.44364 -13 3194 1 0 1
-32.6288 28.7557 325.556 -5.47714 6.23753 60.6519 1.77157 -13 3195 1 0 1
-8.03981 23.809 325.556 -2.41049 6.35091 77.1436 1.26342 -13 3196 1 0 1
-30.4265 -71.6934 325.556 -4.78147 -14.9225 57.6951 2.68414 -13 3197 1 0 1
-21.7462 15.117 325.556 -4.99127 4.48858 73.2166 1.25702 -13 3198 1 0 1
12.4645 -53.915 325.556 2.17563 -11.9985 65.7483 0.634977 -13 3199 1 0 1
0.724813 -34.0672 325.556 0.324963 -5.55127 46.5014 3.55746 -13 3200 1 0 1
9.58897 -32.2908 325.556 1.66642 -6.71147 56.6668 1.58117 -13 3201 1 0 1
24.7426 -51.6791 325.556 4.02161 -10.4518 56.2383 1.77296 -13 3202 1 0 1
-13.6931 -26.864 325.556 -1.42388 -4.56304 47.8825 0.781933 -13 3203 1 0 1
-26.5405 -12.9342 325.556 -3.61289 -2.70426 52.3782 3.06478 -13 3204 1 0 1
30.1386 18.8783 325.556 5.21967 3.93736 60.7571 2.20054 -13 3205 1 0 1
-42.815 10.7692 325.556 -8.47031 2.58485 68.8967 2.59267 -13 3206 1 0 1
-38.533 -55.9247 325.556 -9.35082 -15.1777 77.607 0.219938 -13 3207 1 0 1
-32.9097 16.6666 325.556 -4.34227 3.37738 51.4107 1.54413 -13 3208 1 0 1
8.4919 -72.3271 325.556 1.11117 -10.6573 38.1936 4.58882 -13 3209 1 0 1
19.1758 -14.2868 325.556 3.30402 -3.40464 60.5167 2.95204 -13 3211 1 0 1
-74.8889 -14.6825 325.556 -15.925 -3.8788 72.8246 -1.21838 -13 3212 1 0 1
13.3573 -61.1706 325.556 2.35331 -14.4696 69.8844 2.17132 -13 3213 1 0 1
-7.26688 -19.1882 325.556 -1.35118 -4.67888 66.2024 1.42454 -13 3214 1 0 1
-38.188 82.3165 325.556 -8.22362 20.5462 71.0658 2.20538 -13 3215 1 0 1
14.445 11.9655 325.556 2.36022 2.00797 53.1161 3.2072 -13 3216 1 0 1
-49.0318 10.6189 325.556 -11.2578 3.14078 76.042 2.02853 -13 3217 1 0 1
2.04299 -86.1362 325.556 0.458012 -17.3295 55.2944 3.09334 -13 3218 1 0 1
82.1948 96.0636 325.556 10.6686 16.7823 47.4915 3.33588 -13 3219 1 0 1
3.34784 42.5128 325.556 0.588654 10.5326 66.6597 -0.0574609 -13 3220 1 0 1
-31.551 -17.9731 325.556 -5.22429 -3.66463 59.8614 1.57646 -13 3221 1 0 1
-1.29773 -7.46553 325.556 -0.528845 -2.14671 69.89 1.78249 -13 3222 1 0 1
-14.7952 13.3349 325.556 -3.05919 3.43415 68.8194 2.18763 -13 3223 1 0 1
-20.8393 11.4586 325.556 -3.88064 2.15672 65.5981 2.21464 -13 3224 1 0 1
-34.3066 -41.9172 325.556 -6.14153 -9.65943 63.7301 3.91215 -13 3225 1 0 1
-31.9831 -18.9109 325.556 -4.69771 -3.87575 55.4526 2.24418 -13 3226 1 0 1
55.5238 -4.5872 325.556 6.82709 -0.624794 44.3513 0.994269 -13 3227 1 0 1
60.0143 10.6643 325.556 10.9898 2.53162 66.1601 1.85683 -13 3228 1 0 1
-11.8527 72.5737 325.556 -2.69161 17.4192 68.8027 0.0357147 -13 3229 1 0 1
22.7787 28.3253 325.556 3.59932 5.55478 55.7185 0.102396 -13 3230 1 0 1
46.9724 -9.52672 325.556 9.08718 -2.13117 70.1702 1.8706 -13 3231 1 0 1
13.0279 -0.128845 325.556 1.60153 -0.129252 35.5681 4.68479 -13 3232 1 0 1
16.0988 -37.5077 325.556 2.48998 -6.95332 52.2422 1.317 -13 3233 1 0 1
-36.2122 2.02837 325.556 -7.69888 0.416958 71.44 3.95521 -13 3234 1 0 1
91.4244 -21.1067 325.556 17.1161 -5.33827 68.5396 1.12522 -13 3235 1 0 1
-20.1494 -22.9051 325.556 -3.17221 -5.01445 59.3227 3.46246 -13 3236 1 0 1
25.1394 38.9523 325.556 4.52046 9.19805 66.0731 2.27752 -13 3237 1 0 1
44.4715 65.939 325.556 6.47354 12.6923 52.7001 2.71149 -13 3238 1 0 1
-19.5456 18.4048 325.556 -3.228 3.7997 60.0372 2.03262 -13 3239 1 0 1
-25.6436 -78.7238 325.556 -5.07532 -17.9521 67.6553 1.29612 -13 3240 1 0 1
-37.8535 -71.2841 325.556 -6.19053 -14.7873 58.784 2.84313 -13 3241 1 0 1
-43.349 15.1141 325.556 -9.6651 3.49591 74.7722 1.56466 -13 3242 1 0 1
44.4094 26.1443 325.556 7.58325 5.90062 60.9176 2.59624 -13 3243 1 0 1
-31.927 -31.0179 325.556 -5.6645 -6.72513 63.4367 1.72391 -13 3244 1 0 1
0.827426 -37.3675 325.556 -0.310192 -9.22177 74.5955 1.58728 -13 3246 1 0 1
20.6679 -80.4204 325.556 3.02754 -14.525 48.6158 3.36997 -13 3247 1 0 1
9.95565 -46.689 325.556 1.54026 -11.8705 72.3313 2.01312 -13 3248 1 0 1
-15.2968 69.0586 325.556 -2.18568 13.8301 55.6899 3.55838 -13 3249 1 0 1
-33.5544 -2.24385 325.556 -7.81666 -0.242389 75.5861 1.30661 -13 3250 1 0 1
-57.8734 75.9651 325.556 0.391108 3.34823 7.87607 14.8689 -13 3251 1 0 1
-12.174 -44.1199 325.556 -2.65514 -10.9541 69.7077 2.88749 -13 3252 1 0 1
-70.5468 -22.8065 325.556 -10.7584 -4.37586 56.1775 2.41649 -13 3253 1 0 1
17.8475 -14.07 325.556 3.18678 -3.13264 67.4967 2.29377 -13 3254 1 0 1
13.7053 -20.2945 325.556 2.46454 -4.48434 66.0851 4.80402 -13 3255 1 0 1
85.0886 -54.0563 325.556 13.3586 -10.9855 57.0857 0.422412 -13 3256 1 0 1
32.9869 3.90011 325.556 6.4168 1.02604 72.0398 0.0518847 -13 3257 1 0 1
53.4153 4.32709 325.556 8.36954 0.652505 56.3028 2.27213 -13 3258 1 0 1
-13.2352 25.3213 325.556 -2.707 5.70113 67.7245 1.45225 -13 3259 1 0 1
-11.1425 2.66162 325.556 -0.818488 0.675919 36.9723 5.24768 -13 3260 1 0 1
5.27109 -87.4496 325.556 1.08215 -17.8523 56.8653 3.40424 -13 3261 1 0 1
-13.2097 -6.64325 325.556 -3.21515 -1.53716 73.2139 4.46202 -13 3262 1 0 1
-6.42189 -15.5311 325.556 -1.29915 -3.54556 65.6214 0.904889 -13 3263 1 0 1
22.6577 33.9824 325.556 4.16665 8.55079 70.597 2.08638 -13 3264 1 0 1
77.9076 30.4086 325.556 13.2789 6.64394 61.169 2.28278 -13 3265 1 0 1
-68.9777 6.62196 325.556 -11.9028 1.06102 62.0591 2.65947 -13 3266 1 0 1
-25.6465 37.1415 325.556 -5.30968 9.63707 69.2091 0.0600174 -13 3267 1 0 1
61.5609 -84.7594 325.556 7.43318 -13.4373 43.9139 4.26491 -13 3268 1 0 1
-20.0473 -19.0949 325.556 -3.96031 -4.47568 67.4842 2.84173 -13 3269 1 0 1
8.23467 -56.2682 325.556 1.33389 -10.6252 52.6458 2.86871 -13 3270 1 0 1
18.5829 -43.1858 325.556 2.94373 -8.55822 53.6728 3.13681 -13 3271 1 0 1
-7.8059 -10.0862 325.556 -1.1464 -2.27212 58.1218 1.90471 -13 3272 1 0 1
36.9782 -36.7725 325.556 6.94692 -8.11597 68.0388 2.78989 -13 3273 1 0 1
13.3497 -14.1814 325.556 2.36161 -3.07977 61.4607 3.36425 -13 3274 1 0 1
-31.1435 -69.468 325.556 -3.4535 -11.6335 45.9492 1.03422 -13 3275 1 0 1
-17.9249 -53.1358 325.556 -3.07437 -11.9533 61.8071 3.02622 -13 3276 1 0 1
-15.4085 13.9464 325.556 -3.12839 3.52503 66.6955 0.816245 -13 3277 1 0 1
25.5397 11.8211 325.556 3.93032 1.92788 52.1632 -0.0940425 -13 3278 1 0 1
-3.24452 -1.33372 325.556 -0.58386 -0.074476 62.8368 -0.522858 -13 3279 1 0 1
13.0242 -14.7333 325.556 2.33067 -3.49012 69.497 1.70853 -13 3280 1 0 1
7.56392 -9.78239 325.556 1.44462 -1.58788 55.2746 2.37174 -13 3281 1 0 1
-25.3782 -30.1518 325.556 -5.21392 -6.96426 69.1709 2.05099 -13 3282 1 0 1
33.406 88.3016 325.556 5.71336 19.5644 60.9325 3.02294 -13 3283 1 0 1
-54.7968 31.8505 325.556 -9.33097 7.10719 61.6635 1.05338 -13 3284 1 0 1
6.98669 19.5305 325.556 1.37168 4.20325 63.4433 4.34744 -13 3285 1 0 1
33.8736 -41.0178 325.556 6.46717 -10.0082 71.4683 0.620458 -13 3286 1 0 1
57.6384 8.65803 325.556 8.19551 1.68734 50.7276 0.813895 -13 3287 1 0 1
51.3114 -46.6073 325.556 9.16431 -10.4303 64.1831 1.81257 -13 3288 1 0 1
-38.1945 -0.1999 325.556 -9.4849 -0.231991 78.9682 0.700551 -13 3289 1 0 1
49.149 -45.0116 325.556 6.39967 -7.71862 46.546 4.03651 -13 3290 1 0 1
82.4844 31.6715 325.556 10.6913 5.39914 47.9359 2.97486 -13 3291 1 0 1
-12.1418 123.975 325.556 -1.09169 19.4111 41.8903 3.71697 -13 3292 1 0 1
-48.2213 23.6923 325.556 -1.67074 2.16424 19.8768 5.9386 -13 3293 1 0 1
6.8219 -30.9935 325.556 1.14635 -7.41934 65.3567 -0.0607176 -13 3294 1 0 1
40.4379 -20.9686 325.556 7.81893 -5.29436 70.9883 4.13996 -13 3295 1 0 1
-10.3193 38.7958 325.556 -1.9389 9.02524 64.148 4.26368 -13 3296 1 0 1
34.1489 3.10352 325.556 5.98364 0.541924 62.2488 2.89179 -13 3297 1 0 1
-32.5521 -15.1963 325.556 -6.10052 -3.18943 65.9563 1.78213 -13 3298 1 0 1
-26.3462 39.9317 325.556 -5.45686 9.77204 69.7345 2.49469 -13 3299 1 0 1
0.155329 -49.9155 325.556 0.0107828 -11.0599 62.4981 2.24314 -13 3300 1 0 1
-30.0344 5.05056 325.556 -4.88217 0.935398 59.5464 3.45527 -13 3301 1 0 1
-3.63392 -15.0697 325.556 -0.536063 -3.39565 61.4693 2.1941 -13 3302 1 0 1
25.431 -3.51981 325.556 4.44135 -1.24284 59.7783 1.9523 -13 3303 1 0 1
-5.56708 34.0233 325.556 -0.665359 6.76985 57.6356 0.492211 -13 3304 1 0 1
-12.1246 -25.5293 325.556 -2.9632 -6.45914 73.2895 -0.681035 -13 3305 1 0 1
26.6633 -60.9219 325.556 4.12243 -11.8895 53.4625 2.82331 -13 3306 1 0 1
27.8634 -13.4104 325.556 5.46912 -4.19894 79.0716 0.928754 -13 3307 1 0 1
-14.8305 8.02904 325.556 -3.0479 2.13206 68.493 2.42448 -13 3308 1 0 1
-26.4566 -37.8284 325.556 -3.04822 -6.79861 46.3104 0.0906697 -13 3309 1 0 1
20.4263 47.4729 325.556 3.65249 11.191 66.313 2.34134 -13 3310 1 0 1
-35.9222 -6.75982 325.556 -7.20979 -1.33758 69.1014 3.29381 -13 3311 1 0 1
6.62759 43.8339 325.556 0.862382 11.8591 75.3902 2.12624 -13 3312 1 0 1
58.636 15.5404 325.556 9.2543 3.28964 55.6971 3.63167 -13 3313 1 0 1
54.9681 20.5715 325.556 6.28981 3.06129 41.361 1.45342 -13 3314 1 0 1
-20.6942 8.87902 325.556 -3.59317 2.03726 62.6794 1.75877 -13 3315 1 0 1
-6.90066 8.38505 325.556 0.010618 0.804987 19.7818 2.46787 -13 3316 1 0 1
-20.1293 27.2991 325.556 -2.7363 5.19721 53.0835 3.7781 -13 3317 1 0 1
59.6444 -7.18355 325.556 11.1428 -1.59212 67.6542 0.963467 -13 3318 1 0 1
2.1444 -78.7885 325.556 0.214469 -18.4638 66.4663 0.796431 -13 3319 1 0 1
-9.17131 -3.47026 325.556 -1.48751 -1.04323 60.8206 1.76256 -13 3320 1 0 1
24.7906 29.5096 325.556 4.28891 6.08825 61.2473 0.85348 -13 3321 1 0 1
-33.0425 -5.69211 325.556 -6.61091 -0.985981 67.8296 3.7512 -13 3322 1 0 1
3.4546 -18.2834 325.556 0.343543 -4.56027 72.3096 4.08827 -13 3323 1 0 1
-50.3922 5.39333 325.556 -12.1458 1.38406 77.8396 2.80931 -13 3324 1 0 1
-3.57237 3.711 325.556 -0.658467 0.548618 66.3754 1.22812 -13 3325 1 0 1
40.1661 -19.515 325.556 7.75838 -4.75554 69.6331 0.9702 -13 3326 1 0 1
-3.25129 -1.23975 325.556 -0.611971 -0.416524 65.4332 2.82031 -13 3327 1 0 1
14.1784 -39.1355 325.556 2.46566 -9.62889 73.8345 2.63563 -13 3328 1 0 1
-41.3307 -20.4466 325.556 -8.1231 -4.89549 67.7134 1.8482 -13 3329 1 0 1
4.81684 -22.6921 325.556 0.983732 -4.32199 58.2303 2.62306 -13 3330 1 0 1
12.0347 -65.3816 325.556 2.07691 -14.7389 62.0958 2.81494 -13 3331 1 0 1
61.1165 -48.3344 325.556 10.1973 -10.1895 59.9369 3.14308 -13 3332 1 0 1
-51.6065 36.1792 325.556 -10.2179 9.31549 68.3034 2.77427 -13 3333 1 0 1
24.8417 -9.35293 325.556 3.82839 -2.09246 51.6441 0.357485 -13 3334 1 0 1
-50.17 -12.776 325.556 -6.78179 -2.68796 51.8869 4.90892 -13 3335 1 0 1
18.5406 4.06215 325.556 3.49783 1.54573 70.1206 2.23716 -13 3336 1 0 1
32.9805 35.2626 325.556 5.49391 7.14792 58.2818 0.91579 -13 3337 1 0 1
2.546 47.3586 325.556 0.42325 10.7874 63.0536 -0.073642 -13 3338 1 0 1
28.3933 -21.1475 325.556 4.07908 -3.52116 48.756 0.648668 -13 3339 1 0 1
69.3556 10.4327 325.556 11.3482 2.75793 58.5408 1.61103 -13 3340 1 0 1
-37.8784 6.63442 325.556 -5.47214 1.55641 54.4993 1.91706 -13 3341 1 0 1
-27.5695 -2.81069 325.556 -6.11643 -0.640467 73.1043 1.84073 -13 3342 1 0 1
13.9223 -27.4338 325.556 2.59736 -7.11852 70.7269 3.25737 -13 3343 1 0 1
-22.292 -2.0637 325.556 -4.04987 -0.107619 63.6379 0.133204 -13 3344 1 0 1
-30.7207 -45.7942 325.556 -6.82864 -11.9647 73.2456 2.85565 -13 3346 1 0 1
-104.801 -37.494 325.556 -15.5459 -7.44324 55.1798 1.73848 -13 3347 1 0 1
8.72104 -6.38448 325.556 1.60789 -1.46147 61.5927 0.540817 -13 3348 1 0 1
-43.3192 -19.4223 325.556 -7.1786 -4.29052 59.9606 4.07834 -13 3349 1 0 1
4.73582 17.5138 325.556 0.809103 3.42145 65.2756 0.733353 -13 3350 1 0 1
7.24507 -13.682 325.556 1.14871 -3.22482 71.5868 1.393 -13 3351 1 0 1
47.8739 -8.69858 325.556 8.64027 -1.52022 64.498 0.25593 -13 3352 1 0 1
-5.70635 42.1611 325.556 -1.34476 9.86862 69.4474 0.762446 -13 3353 1 0 1
8.77774 30.1859 325.556 1.58222 6.60078 66.5298 1.12701 -13 3354 1 0 1
-22.0799 -21.3755 325.556 -6.00441 -6.16261 79.5342 0.682808 -13 3355 1 0 1
-54.4918 -63.8699 325.556 -8.73298 -13.5753 58.4972 0.981209 -13 3356 1 0 1
-16.403 -6.41541 325.556 -2.44455 -1.33118 57.3609 2.07132 -13 3357 1 0 1
26.472 83.2782 325.556 4.87097 20.1811 69.6333 3.21566 -13 3358 1 0 1
-20.4418 -26.8799 325.556 -2.87808 -5.24291 54.6213 1.25336 -13 3360 1 0 1
30.8447 -40.1121 325.556 4.96373 -7.90908 56.4772 1.44357 -13 3361 1 0 1
52.8239 16.565 325.556 9.96951 4.06494 69.053 2.07743 -13 3362 1 0 1
71.147 -85.6489 325.556 10.6545 -16.5978 54.7888 2.82476 -13 3363 1 0 1
4.53282 -12.8489 325.556 0.708448 -3.26944 69.552 3.46703 -13 3364 1 0 1
59.7553 54.0628 325.556 10.4939 12.5533 64.0129 2.14419 -13 3365 1 0 1
-34.7566 -5.98103 325.556 -7.53895 -1.33827 72.4013 2.51589 -13 3366 1 0 1
27.9901 -1.86517 325.556 4.24536 -0.24905 52.2073 0.866111 -13 3367 1 0 1
-29.2561 32.5031 325.556 -6.78813 8.53198 74.6034 0.493303 -13 3368 1 0 1
-54.8493 54.8313 325.556 -11.909 14.0381 73.4018 2.2134 -13 3369 1 0 1
11.4043 81.0345 325.556 1.91952 18.0814 62.8929 2.52191 -13 3370 1 0 1
51.7447 86.3502 325.556 6.03205 13.6854 42.9895 2.66745 -13 3371 1 0 1
75.4102 -56.3117 325.556 12.9595 -11.734 62.4495 2.85939 -13 3372 1 0 1
22.3789 -34.0859 325.556 3.81489 -7.75499 60.3205 0.728754 -13 3373 1 0 1
-43.1877 -4.32243 325.556 -9.24932 -1.16953 72.6287 0.953784 -13 3374 1 0 1
30.912 -39.892 325.556 5.54467 -9.50238 65.2389 3.1351 -13 3375 1 0 1
39.5075 -86.8914 325.556 6.12356 -17.0535 53.9174 -0.774591 -13 3376 1 0 1
-69.6413 -111.962 325.556 -13.3484 -26.0836 66.4705 1.36096 -13 3377 1 0 1
-37.1473 47.4216 325.556 -9.26241 13.1254 77.7782 3.63433 -13 3378 1 0 1
6.81614 -11.9618 325.556 0.993602 -2.90202 68.6128 0.634749 -13 3379 1 0 1
-22.4555 -80.7765 325.556 -4.53213 -18.8584 67.7255 0.480014 -13 3380 1 0 1
17.6987 30.6919 325.556 2.53518 5.34087 46.3947 1.79102 -13 3381 1 0 1
0.0355756 13.8183 325.556 -0.0972535 3.15112 65.4501 0.958306 -13 3382 1 0 1
4.86806 -59.7969 325.556 0.823569 -12.3652 59.7336 2.3561 -13 3383 1 0 1
-2.72356 -10.5459 325.556 -1.44359 -2.73054 80.0324 2.64298 -13 3384 1 0 1
20.67 -8.76134 325.556 3.62298 -1.88311 62.2332 5.44629 -13 3386 1 0 1
4.03763 -59.0204 325.556 0.501605 -14.5183 68.5916 -0.229829 -13 3387 1 0 1
-58.9456 36.3587 325.556 -11.3684 7.96578 67.3139 1.89294 -13 3388 1 0 1
11.0358 17.4741 325.556 1.13577 2.54537 34.422 2.34286 -13 3389 1 0 1
15.461 -58.2288 325.556 2.36744 -10.7196 51.1655 1.53059 -13 3390 1 0 1
-28.0369 -25.8461 325.556 -4.19795 -5.15824 56.2212 3.5296 -13 3391 1 0 1
32.3955 1.52077 325.556 5.89241 -0.221469 64.3624 4.4469 -13 3392 1 0 1
34.182 14.2638 325.556 6.38575 3.50264 68.8957 3.39873 -13 3393 1 0 1
39.2992 44.193 325.556 4.47098 6.76201 40.3094 3.48043 -13 3394 1 0 1
-26.4948 10.6359 325.556 -5.03269 2.32438 65.8215 1.4549 -13 3395 1 0 1
9.659 40.7901 325.556 1.59537 7.6018 55.6038 3.81425 -13 3396 1 0 1
4.49883 0.425023 325.556 0.695853 0.794542 71.3548 2.28992 -13 3397 1 0 1
31.1888 0.5392 325.556 5.60609 0.0598803 63.1015 1.13898 -13 3398 1 0 1
17.153 29.477 325.556 2.75902 5.72767 57.5374 0.739998 -13 3399 1 0 1
3.48226 24.0387 325.556 0.290465 5.94133 75.04 2.01499 -13 3400 1 0 1
-1.6132 -24.9588 325.556 0.195487 -3.95016 42.4391 1.32249 -13 3401 1 0 1
44.7321 -31.3071 325.556 6.74235 -6.12387 53.9587 3.33687 -13 3402 1 0 1
10.5918 56.0066 325.556 1.74209 14.0501 73.2299 2.90908 -13 3403 1 0 1
55.436 -74.8248 325.556 6.6939 -11.9062 43.7251 2.71549 -13 3404 1 0 1
100.42 72.34 325.556 14.4299 13.5268 52.8992 2.63357 -13 3405 1 0 1
17.2576 16.1273 325.556 3.1301 3.71487 64.866 2.18237 -13 3406 1 0 1
-38.1201 52.8883 325.556 -8.75507 13.885 74.6107 0.836791 -13 3407 1 0 1
15.2965 21.6841 325.556 2.77397 4.67654 67.4604 2.27005 -13 3408 1 0 1
26.328 16.1323 325.556 4.88586 3.97 68.743 2.00232 -13 3409 1 0 1
84.0406 -69.1597 325.556 13.3745 -13.945 58.0356 0.578109 -13 3410 1 0 1
-11.6854 53.3103 325.556 -2.02844 11.8329 61.2931 4.20035 -13 3411 1 0 1
-11.0232 -13.2781 325.556 -3.52014 -2.97789 80.2839 2.1752 -13 3412 1 0 1
5.39286 -40.2027 325.556 1.00384 -8.96986 62.7581 2.08361 -13 3413 1 0 1
-76.1047 33.1214 325.556 -17.2975 8.78762 76.3182 2.01056 -13 3414 1 0 1
-95.0693 -8.4902 325.556 -11.2779 -1.43208 46.0148 3.82356 -13 3415 1 0 1
85.6036 39.7407 325.556 14.329 8.43071 60.9596 1.53333 -13 3416 1 0 1
-37.674 -40.1621 325.556 -5.60622 -7.91495 55.9145 0.85206 -13 3417 1 0 1
5.44777 -42.3443 325.556 0.981848 -9.83565 60.0856 1.03279 -13 3418 1 0 1
40.6592 -36.9054 325.556 6.81739 -7.63736 58.8908 2.26526 -13 3419 1 0 1
29.3827 25.4439 325.556 5.63432 6.45175 71.0087 3.44652 -13 3420 1 0 1
-18.4513 -60.5511 325.556 -1.94971 -10.5421 46.4715 3.45035 -13 3421 1 0 1
33.3957 9.30672 325.556 3.8 1.71469 40.1985 3.58179 -13 3423 1 0 1
-46.3843 -46.6488 325.556 -7.659 -10.0571 59.6699 5.14044 -13 3424 1 0 1
-30.8097 -10.2311 325.556 -5.93343 -2.63258 67.206 3.32714 -13 3425 1 0 1
69.5352 -16.7391 325.556 12.4051 -3.70713 64.5756 2.40254 -13 3426 1 0 1
-2.50132 22.5873 325.556 -0.35088 4.51209 60.1119 2.42819 -13 3427 1 0 1
-27.305 -48.5329 325.556 -4.33276 -9.88743 57.6854 2.29585 -13 3428 1 0 1
65.2635 30.1987 325.556 10.4622 6.06165 57.1462 3.36776 -13 3429 1 0 1
-18.9415 -0.0149982 325.556 -3.24505 -0.600858 61.4704 2.43463 -13 3430 1 0 1
-32.7136 38.485 325.556 -1.49603 3.66571 24.6721 4.03899 -13 3431 1 0 1
-62.0155 7.07002 325.556 -12.4291 1.35152 69.5887 3.55063 -13 3432 1 0 1
35.0558 -47.125 325.556 6.02741 -10.2265 60.1577 1.76715 -13 3433 1 0 1
42.4385 26.117 325.556 7.89697 5.78209 68.1028 3.75181 -13 3434 1 0 1
-49.0286 64.1341 325.556 -7.60604 13.4589 56.7626 1.84967 -13 3435 1 0 1
-19.4816 11.2105 325.556 -4.47537 2.69515 73.4304 3.29139 -13 3436 1 0 1
-55.1851 18.9682 325.556 -11.1521 4.32611 69.6753 1.02607 -13 3437 1 0 1
0.617512 42.5701 325.556 0.111048 9.57788 65.334 4.16171 -13 3438 1 0 1
-18.9732 -95.4104 325.556 -1.98361 -15.8565 44.8968 0.716875 -13 3439 1 0 1
37.9727 -18.2741 325.556 6.34409 -3.92476 58.4353 1.81458 -13 3440 1 0 1
-46.2474 0.401463 325.556 -7.72647 -0.160805 60.8401 3.79684 -13 3441 1 0 1
5.00937 -21.3153 325.556 0.921593 -4.24955 59.87 0.468129 -13 3442 1 0 1
-61.4498 20.8996 325.556 -0.582678 1.12716 12.133 9.67283 -13 3443 1 0 1
-74.2773 -22.3408 325.556 -11.7 -4.13434 58.0772 0.386386 -13 3444 1 0 1
39.1558 -77.6663 325.556 6.36843 -15.8006 57.6052 5.35327 -13 3445 1 0 1
44.1921 56.9173 325.556 7.04805 11.9296 56.2459 2.6538 -13 3446 1 0 1
5.08644 19.5078 325.556 0.846155 4.35297 66.4963 3.94004 -13 3447 1 0 1
18.408 -10.3365 325.556 2.43967 -1.75743 43.9192 4.91118 -13 3448 1 0 1
-6.32266 55.283 325.556 -1.86636 13.7673 73.6598 2.89174 -13 3449 1 0 1
-36.0911 -34.5151 325.556 -7.42408 -8.48398 69.9742 0.72485 -13 3451 1 0 1
38.1875 25.2019 325.556 5.46 4.37105 50.7341 1.71198 -13 3452 1 0 1
-0.319622 33.8637 325.556 0.242704 6.4839 51.4273 0.661906 -13 3453 1 0 1
1.95743 -64.7641 325.556 0.300401 -15.4431 64.3765 1.23695 -13 3454 1 0 1
18.3723 -134.967 325.556 2.83788 -26.7707 54.3642 2.52475 -13 3455 1 0 1
-18.2647 -63.6967 325.556 -3.97356 -15.7264 69.8185 1.45879 -13 3456 1 0 1
-6.39108 -19.1824 325.556 -1.01147 -4.24337 61.1545 2.27376 -13 3457 1 0 1
37.195 -6.48038 325.556 6.83634 -1.87892 67.0121 3.74853 -13 3458 1 0 1
-36.5247 33.8924 325.556 -7.71049 8.52318 71.0923 3.33649 -13 3459 1 0 1
0.788155 24.7972 325.556 0.14867 5.12572 59.6165 0.868177 -13 3460 1 0 1
-62.5919 -15.5233 325.556 -14.3032 -4.01343 76.4128 3.03271 -13 3461 1 0 1
85.489 -15.8981 325.556 11.0298 -2.56759 47.555 2.14551 -13 3462 1 0 1
18.1639 -4.73624 325.556 3.25115 -0.879732 68.2644 2.66033 -13 3463 1 0 1
47.2557 -14.0435 325.556 7.74419 -3.00646 57.7513 0.704162 -13 3464 1 0 1
32.6728 -4.57432 325.556 5.55449 -0.426121 61.3443 3.22149 -13 3465 1 0 1
17.9258 12.4802 325.556 1.40534 1.39604 27.9429 2.90841 -13 3466 1 0 1
-16.0052 37.5369 325.556 -4.52337 10.2345 79.6436 1.09459 -13 3467 1 0 1
0.480894 -8.34193 325.556 0.135408 -1.78763 61.5351 -0.312222 -13 3468 1 0 1
13.4274 27.3105 325.556 0.826608 2.37466 21.2032 6.2659 -13 3469 1 0 1
89.4415 -13.065 325.556 14.0847 -2.37875 56.8378 4.27971 -13 3470 1 0 1
-32.5713 37.1488 325.556 -3.6358 6.29866 45.7466 2.77302 -13 3471 1 0 1
51.0694 -0.807408 325.556 6.46593 -0.367131 45.9628 4.26059 -13 3472 1 0 1
-39.1376 25.4694 325.556 -6.97467 5.85271 63.3348 1.68458 -13 3473 1 0 1
96.6741 59.7305 325.556 15.6371 12.1511 59.1902 3.27321 -13 3474 1 0 1
-14.2316 -39.2325 325.556 -1.67086 -7.02571 50.9366 2.19159 -13 3475 1 0 1
28.879 5.65129 325.556 3.34039 0.966056 40.2891 2.63121 -13 3477 1 0 1
37.849 14.9173 325.556 6.54625 3.44116 61.2087 1.08565 -13 3478 1 0 1
5.27139 15.35 325.556 0.949756 3.53931 66.288 2.78108 -13 3480 1 0 1
24.9048 63.0432 325.556 4.28342 13.4329 61.0309 4.05078 -13 3481 1 0 1
84.2947 -92.7533 325.556 12.2521 -17.4139 53.2592 2.23925 -13 3482 1 0 1
-45.9558 -62.1306 325.556 -7.69888 -13.4594 60.6407 1.06795 -13 3483 1 0 1
30.8517 -1.78962 325.556 3.88373 -0.148416 44.1139 3.3909 -13 3484 1 0 1
-32.2147 59.9392 325.556 -6.87656 15.1726 71.2222 2.59646 -13 3485 1 0 1
1.00476 30.614 325.556 -0.00336636 7.64077 69.8596 1.48964 -13 3486 1 0 1
-58.9799 13.4444 325.556 -6.02245 1.86405 41.1668 2.24636 -13 3487 1 0 1
0.135395 -9.03466 325.556 -0.597089 -2.25478 78.0982 0.45256 -13 3488 1 0 1
-49.6564 -78.7259 325.556 -7.33912 -15.5039 54.909 2.19245 -13 3489 1 0 1
-37.1526 35.7152 325.556 -8.96037 10.3732 77.1702 0.56417 -13 3491 1 0 1
-35.5901 -9.58013 325.556 -7.0495 -2.47735 68.3878 0.48493 -13 3492 1 0 1
-0.970443 -20.8523 325.556 -0.211576 -4.06944 63.2679 1.23806 -13 3493 1 0 1
-38.7731 45.1414 325.556 -6.42526 9.34808 60.4274 1.96827 -13 3494 1 0 1
-4.41922 -27.9536 325.556 -0.878111 -6.94507 65.8772 2.08165 -13 3495 1 0 1
30.9329 8.0565 325.556 6.14763 2.10545 73.6319 -0.491674 -13 3496 1 0 1
-11.1632 35.7248 325.556 -1.92436 7.93268 62.7573 0.716791 -13 3497 1 0 1
76.7737 12.8086 325.556 10.4061 2.04603 49.5149 1.88425 -13 3498 1 0 1
25.3257 12.3395 325.556 4.64204 3.27594 65.6545 1.10489 -13 3499 1 0 1
-33.9286 0.154728 325.556 -5.37456 0.190519 57.9281 2.05781 -13 3500 1 0 1
3.60854 21.6431 325.556 0.218291 5.62819 75.3038 2.43518 -13 3501 1 0 1
30.1769 23.2195 325.556 4.75749 4.14938 54.6632 -0.514353 -13 3502 1 0 1
23.3528 70.8681 325.556 4.02226 15.0274 57.8154 1.36365 -13 3503 1 0 1
-25.8139 -12.2134 325.556 -4.89084 -2.63788 65.9396 1.96911 -13 3504 1 0 1
-47.7471 29.1474 325.556 -11.1517 7.84184 76.5649 -0.54241 -13 3505 1 0 1
-11.5178 98.9373 325.556 -2.5955 23.9935 68.4829 1.1892 -13 3506 1 0 1
36.8789 -40.862 325.556 6.70212 -9.49917 66.3913 1.69694 -13 3507 1 0 1
28.5419 29.7028 325.556 5.06117 6.56112 62.5574 1.39521 -13 3508 1 0 1
16.9519 20.5239 325.556 3.18572 4.97843 73.2348 4.12862 -13 3509 1 0 1
36.7536 29.9255 325.556 6.69071 6.51623 65.6096 3.21237 -13 3510 1 0 1
15.4937 0.817713 325.556 2.76396 0.18594 64.9513 2.87396 -13 3511 1 0 1
9.32363 -10.5005 325.556 1.79346 -1.93861 59.5094 1.86182 -13 3512 1 0 1
-62.8759 55.9687 325.556 -11.2189 12.3493 63.3293 3.02196 -13 3513 1 0 1
-46.5712 29.9182 325.556 -8.51867 6.87408 64.5585 2.85789 -13 3514 1 0 1
-23.6731 23.0059 325.556 -4.157 5.16296 62.7933 2.85477 -13 3515 1 0 1
-13.6933 -91.8399 325.556 -1.99243 -18.724 55.6298 1.36789 -13 3517 1 0 1
34.9983 -23.8166 325.556 6.7285 -5.86533 71.7327 2.05664 -13 3518 1 0 1
39.8366 -9.75716 325.556 7.20755 -2.58118 64.805 1.15099 -13 3520 1 0 1
1.07137 -16.5133 325.556 0.280192 -3.81795 59.2648 1.46628 -13 3521 1 0 1
-73.9735 -87.4905 325.556 -11.0324 -17.3475 54.9192 1.50677 -13 3522 1 0 1
3.9996 -25.2344 325.556 0.825495 -4.51941 54.3914 1.89317 -13 3523 1 0 1
29.4278 55.0688 325.556 5.34523 12.8023 66.7953 1.81899 -13 3524 1 0 1
-3.71057 -48.1158 325.556 -0.827532 -11.6518 66.1444 5.98128 -13 3525 1 0 1
-48.1375 25.8305 325.556 -9.09626 5.81097 66.086 3.9125 -13 3526 1 0 1
-26.1492 47.3975 325.556 -3.24891 9.05123 49.5919 5.14566 -13 3527 1 0 1
-27.6666 54.1296 325.556 -5.66766 13.0912 69.0121 1.05633 -13 3528 1 0 1
-29.5971 -46.6995 325.556 -3.75216 -8.59705 49.8658 2.70252 -13 3529 1 0 1
29.7896 -24.5503 325.556 5.52516 -5.91891 68.9474 1.86978 -13 3530 1 0 1
89.3224 100.975 325.556 15.3287 22.4591 62.6164 0.200448 -13 3531 1 0 1
57.945 17.1746 325.556 7.91129 3.25172 49.2704 2.31116 -13 3532 1 0 1
-8.66019 32.085 325.556 -1.92698 7.81938 69.3981 3.07157 -13 3533 1 0 1
21.5775 -36.9903 325.556 3.76796 -8.1503 63.4596 -0.0758024 -13 3534 1 0 1
-12.0914 -70.0794 325.556 -1.73078 -13.6746 54.3009 1.60474 -13 3535 1 0 1
9.74753 -27.5591 325.556 1.65744 -6.13343 69.1034 -0.118876 -13 3536 1 0 1
4.28625 5.32848 325.556 0.905601 0.847836 62.1232 1.37136 -13 3537 1 0 1
-38.3467 -59.8415 325.556 -7.77753 -14.7509 69.0534 1.08325 -13 3538 1 0 1
-55.7432 -13.839 325.556 -9.122 -2.82154 59.3853 0.952375 -13 3539 1 0 1
13.1512 103.703 325.556 1.71051 16.2066 41.6296 5.16316 -13 3540 1 0 1
24.5722 71.2806 325.556 3.7953 13.9094 54.0563 1.33086 -13 3541 1 0 1
48.3793 66.0979 325.556 5.31852 9.69071 39.5997 2.87726 -13 3542 1 0 1
7.01559 1.98761 325.556 1.28668 0.563462 57.125 -0.0840807 -13 3543 1 0 1
-23.9308 2.45759 325.556 -3.26996 0.396899 54.4026 2.12019 -13 3544 1 0 1
-40.7671 90.3954 325.556 -6.62874 18.8511 58.6197 3.86508 -13 3545 1 0 1
25.4278 19.5929 325.556 4.31853 4.0654 57.5414 0.307902 -13 3546 1 0 1
-17.373 -59.6882 325.556 -2.90198 -12.8499 60.3615 3.22972 -13 3547 1 0 1
33.983 -43.4517 325.556 4.97013 -7.96678 51.8184 3.26778 -13 3548 1 0 1
51.586 3.74586 325.556 8.75185 0.953696 60.5309 1.2895 -13 3549 1 0 1
31.7039 1.33476 325.556 6.17941 0.629968 70.6395 2.539 -13 3550 1 0 1
19.1794 -29.6192 325.556 3.16654 -5.91621 55.8755 0.113308 -13 3551 1 0 1
-50.6663 41.702 325.556 -10.1354 10.4068 69.3647 0.231927 -13 3552 1 0 1
-3.53865 -47.7582 325.556 -1.40891 -12.1753 76.9718 2.52637 -13 3553 1 0 1
-45.7377 -30.862 325.556 -9.07866 -7.24399 68.4212 1.46491 -13 3554 1 0 1
-22.7202 24.6861 325.556 -4.00901 6.05357 64.1642 0.383654 -13 3555 1 0 1
-31.6309 23.4017 325.556 -6.17287 5.9112 67.6159 0.502052 -13 3556 1 0 1
-31.8995 -45.9266 325.556 -3.65596 -7.48359 45.8795 4.10839 -13 3557 1 0 1
-2.74908 -3.34417 325.556 -0.169942 -0.314904 54.8398 3.91264 -13 3558 1 0 1
-1.27035 -77.9431 325.556 -0.63419 -18.7348 68.4242 4.03854 -13 3559 1 0 1
-52.9561 76.0592 325.556 -10.4462 17.9383 68.22 2.74877 -13 3560 1 0 1
-49.5886 15.0303 325.556 -12.2612 3.6531 78.8138 1.01918 -13 3561 1 0 1
31.1632 27.8282 325.556 5.80337 7.33398 68.7912 3.03214 -13 3562 1 0 1
-2.92228 23.7222 325.556 -0.30006 4.66881 53.448 2.88564 -13 3563 1 0 1
30.5178 -25.3977 325.556 5.65741 -6.39112 67.5111 1.04149 -13 3564 1 0 1
-24.0477 -8.94525 325.556 -4.9635 -2.27468 69.7919 3.5499 -13 3565 1 0 1
-32.5957 19.235 325.556 -6.56616 4.31592 68.9771 3.33927 -13 3566 1 0 1
-142.257 49.298 325.556 -19.7912 9.30449 52.5529 2.34719 -13 3567 1 0 1
35.3958 13.5331 325.556 6.01625 2.68064 60.0839 1.9356 -13 3568 1 0 1
23.2142 -4.90672 325.556 4.50138 -1.43508 76.2264 0.17439 -13 3569 1 0 1
-39.1502 69.9641 325.556 -7.71533 16.1616 67.8399 2.45846 -13 3570 1 0 1
-9.40606 -5.69603 325.556 -2.15011 -1.30938 70.383 2.31803 -13 3571 1 0 1
-60.1631 13.3774 325.556 -14.6148 3.72728 79.0283 2.14559 -13 3572 1 0 1
73.0367 -129.008 325.556 9.30821 -22.1113 46.8012 3.10345 -13 3574 1 0 1
-5.87469 -81.8953 325.556 -0.639329 -14.6196 49.6527 4.07762 -13 3575 1 0 1
-40.6435 0.983251 325.556 -8.25057 -0.162482 69.2817 2.95152 -13 3576 1 0 1
58.5088 96.5667 325.556 9.19185 19.2934 55.4931 0.222562 -13 3577 1 0 1
-22.2198 9.41074 325.556 -4.59813 2.47134 68.7863 1.87135 -13 3578 1 0 1
9.32945 -16.908 325.556 1.26827 -2.63171 39.8145 3.36027 -13 3579 1 0 1
44.8318 51.2146 325.556 8.48305 12.2377 68.8793 2.7641 -13 3580 1 0 1
6.54859 -55.3999 325.556 0.699027 -15.7512 79.423 1.07461 -13 3581 1 0 1
30.2218 -21.7427 325.556 4.96629 -4.73865 56.5358 2.60139 -13 3582 1 0 1
-4.64923 22.6262 325.556 -1.39335 5.50316 72.7001 2.52726 -13 3583 1 0 1
-10.8227 33.8635 325.556 -1.94074 7.64944 62.6227 1.27334 -13 3584 1 0 1
-1.80371 -14.4717 325.556 -0.516682 -3.61543 68.5181 3.55713 -13 3585 1 0 1
-2.24457 47.6764 325.556 -1.28214 12.7286 77.7748 0.497965 -13 3586 1 0 1
-47.5473 -51.7626 325.556 -10.0668 -13.6332 71.8471 2.2333 -13 3587 1 0 1
17.7677 23.9682 325.556 2.75867 4.17195 53.0091 0.780937 -13 3588 1 0 1
-16.2752 -21.2749 325.556 -2.8648 -4.97992 63.4253 4.33445 -13 3589 1 0 1
-35.2708 -54.0735 325.556 -6.7957 -13.3278 67.0179 2.64848 -13 3590 1 0 1
-28.7954 5.78594 325.556 -6.25227 1.42579 72.5004 1.45405 -13 3591 1 0 1
-45.5248 -55.1253 325.556 -10.9299 -14.877 77.9821 0.954999 -13 3592 1 0 1
12.3704 -23.6703 325.556 1.70197 -3.83641 45.6267 3.6461 -13 3593 1 0 1
87.4071 2.56469 325.556 15.2355 0.0810344 62.7207 2.43457 -13 3594 1 0 1
49.0361 21.4481 325.556 6.92727 3.30563 51.2048 2.78421 -13 3595 1 0 1
-31.9028 -35.9688 325.556 -5.37554 -8.13718 60.9621 3.22703 -13 3596 1 0 1
53.5597 9.32607 325.556 6.6735 1.59468 44.3527 3.32798 -13 3597 1 0 1
18.8993 48.5848 325.556 3.4262 11.716 68.8141 3.32532 -13 3598 1 0 1
19.4302 -5.31209 325.556 3.58564 -1.13058 72.1704 3.82604 -13 3599 1 0 1
-16.4287 -6.09634 325.556 -2.33217 -1.32944 56.5838 2.41153 -13 3600 1 0 1
0.261483 -3.14672 325.556 -0.213556 -0.964908 71.2943 0.918649 -13 3601 1 0 1
-61.3901 -53.4774 325.556 -8.38088 -9.25764 51.3946 2.21839 -13 3602 1 0 1
46.1039 -31.7371 325.556 8.21241 -7.09674 63.5717 1.99313 -13 3603 1 0 1
42.3977 66.4023 325.556 7.88388 16.0366 67.4519 1.36696 -13 3604 1 0 1
-31.6894 -69.5934 325.556 -7.14683 -17.5801 73.1874 3.26041 -13 3605 1 0 1
8.97022 -51.1702 325.556 1.53742 -10.6942 62.5826 2.49181 -13 3606 1 0 1
32.5582 -42.9001 325.556 5.58656 -10.0658 62.6162 4.49273 -13 3607 1 0 1
-45.2928 20.4111 325.556 -8.04732 4.18315 62.7455 1.67957 -13 3608 1 0 1
-0.0534452 28.7004 325.556 -0.711129 8.01607 75.1933 -0.0182651 -13 3609 1 0 1
42.0851 17.5915 325.556 7.81502 3.87184 67.3191 3.02522 -13 3610 1 0 1
39.7635 -58.9198 325.556 5.62098 -10.627 49.3568 2.54091 -13 3611 1 0 1
21.6048 67.0422 325.556 3.75412 15.3719 64.4871 2.12778 -13 3612 1 0 1
-22.8871 55.3599 325.556 -5.16054 14.715 72.9652 2.48794 -13 3613 1 0 1
24.3358 -27.9245 325.556 4.66492 -6.48845 70.517 1.26216 -13 3614 1 0 1
33.4171 -7.53044 325.556 6.66424 -2.50804 75.7043 2.67028 -13 3615 1 0 1
4.78926 -42.9269 325.556 0.429578 -11.8687 74.7319 1.08308 -13 3616 1 0 1
38.3288 8.17696 325.556 6.78839 2.24104 64.1251 4.81535 -13 3617 1 0 1
-1.83487 -48.3458 325.556 -0.489577 -11.3709 67.9138 1.82972 -13 3618 1 0 1
64.7647 11.0807 325.556 11.4318 2.71656 63.1409 1.29473 -13 3619 1 0 1
32.3085 35.6642 325.556 5.50298 7.25719 58.325 0.47758 -13 3620 1 0 1
-5.49548 28.1553 325.556 -1.0761 6.3623 65.7895 2.05455 -13 3621 1 0 1
-26.1097 14.8087 325.556 -5.65974 3.34696 71.7479 1.65702 -13 3622 1 0 1
-8.884 96.6637 325.556 -0.911086 17.8089 50.652 1.62883 -13 3623 1 0 1
53.8746 -40.3112 325.556 9.19025 -8.62795 61.3246 3.72177 -13 3624 1 0 1
-51.3901 24.7725 325.556 -12.4229 7.23912 77.5765 2.27648 -13 3625 1 0 1
21.5511 22.6175 325.556 3.95302 5.6374 66.5731 0.396908 -13 3626 1 0 1
32.9045 -1.63292 325.556 5.15911 0.165598 53.9274 2.39068 -13 3627 1 0 1
13.5468 -39.2857 325.556 1.93346 -6.60654 46.7662 3.87118 -13 3628 1 0 1
13.3497 10.4542 325.556 2.37625 2.61823 75.312 2.4295 -13 3629 1 0 1
-39.9851 7.79471 325.556 -4.2735 1.19339 43.647 2.43845 -13 3631 1 0 1
20.6047 -22.5322 325.556 2.91253 -4.10026 48.7795 3.03724 -13 3632 1 0 1
27.2579 -16.9874 325.556 5.27177 -4.22449 71.8558 2.39078 -13 3634 1 0 1
14.0662 35.0494 325.556 2.36954 9.72509 74.9476 3.04164 -13 3635 1 0 1
-64.5642 9.09369 325.556 -11.6672 2.30258 64.1748 -0.395651 -13 3639 1 0 1
-86.7194 -67.2784 325.556 -14.2673 -14.5231 59.6568 3.60162 -13 3640 1 0 1
40.051 46.3281 325.556 5.94798 8.66744 51.6711 3.23037 -13 3641 1 0 1
16.3777 -53.7372 325.556 2.91497 -12.9755 69.042 1.95971 -13 3642 1 0 1
-86.6026 6.74 325.556 -17.026 2.08861 68.7422 2.37702 -13 3643 1 0 1
62.2957 -16.634 325.556 9.39223 -3.03784 54.1413 1.24766 -13 3644 1 0 1
33.3375 -5.11776 325.556 6.09075 -1.34825 65.9068 1.04166 -13 3645 1 0 1
-82.0632 80.0633 325.556 -12.6174 16.5445 56.4082 3.78397 -13 3647 1 0 1
-43.8502 -39.4058 325.556 -8.56167 -9.51971 68.2042 2.24377 -13 3648 1 0 1
-3.82313 22.8941 325.556 -0.419116 4.71394 58.5916 3.13918 -13 3649 1 0 1
-32.7715 -59.96 325.556 -6.50838 -14.0017 67.824 2.67196 -13 3650 1 0 1
25.2844 19.5745 325.556 3.31573 3.02047 44.0809 2.40572 -13 3651 1 0 1
-97.2282 1.87099 325.556 -17.3523 0.739539 63.6927 1.41454 -13 3652 1 0 1
18.4236 23.093 325.556 3.45958 5.63861 66.9665 0.634779 -13 3653 1 0 1
-27.4812 48.3461 325.556 -3.44967 9.19873 49.472 1.22413 -13 3654 1 0 1
31.3381 -2.73132 325.556 5.05524 -0.942389 54.7663 1.7112 -13 3655 1 0 1
33.8296 52.2905 325.556 5.62301 10.9405 58.2542 0.544543 -13 3656 1 0 1
-1.10705 3.25572 325.556 0.00187042 0.773161 56.3741 1.33575 -13 3657 1 0 1
-11.658 25.4302 325.556 -2.75733 5.98431 71.6334 2.96838 -13 3658 1 0 1
18.7 -24.5481 325.556 3.29054 -4.66067 62.4183 2.60136 -13 3659 1 0 1
20.5418 23.2272 325.556 3.79607 5.15873 67.6747 2.94903 -13 3660 1 0 1
-34.5625 44.7328 325.556 -5.39603 9.19055 57.7543 2.75457 -13 3661 1 0 1
27.0337 -9.77692 325.556 5.00326 -2.58022 65.163 2.60218 -13 3662 1 0 1
-0.565754 55.9912 325.556 -0.151464 12.3565 63.171 3.1799 -13 3663 1 0 1
-41.5836 -56.2388 325.556 -7.48647 -12.2626 63.2933 0.614624 -13 3664 1 0 1
26.1291 -51.6748 325.556 4.23107 -10.8375 57.294 1.79331 -13 3665 1 0 1
76.3162 -63.7145 325.556 7.41312 -8.77201 37.0168 2.99178 -13 3666 1 0 1
-35.2826 27.8852 325.556 -5.67812 5.47045 58.8947 2.16718 -13 3667 1 0 1
-0.457914 4.97278 325.556 0.0387967 1.08445 60.5329 2.40871 -13 3668 1 0 1
-22.1742 3.99516 325.556 -5.11378 1.1521 73.0238 1.72443 -13 3669 1 0 1
28.5011 44.1017 325.556 5.07486 10.5349 65.1822 3.43136 -13 3670 1 0 1
-32.7969 -78.9157 325.556 -6.18702 -18.2495 65.4838 3.05016 -13 3671 1 0 1
-24.7064 -7.97065 325.556 -5.1762 -1.73852 69.8129 2.16862 -13 3672 1 0 1
-22.1556 -6.48181 325.556 -4.05857 -1.26646 63.9739 1.35029 -13 3673 1 0 1
-41.0429 -45.5112 325.556 -7.9881 -10.7414 67.2675 2.74867 -13 3674 1 0 1
-5.08872 16.0122 325.556 -0.728408 3.86413 62.0413 1.02009 -13 3675 1 0 1
-65.409 36.7475 325.556 -12.4967 8.30108 67.1583 1.34964 -13 3676 1 0 1
-56.3217 -18.3531 325.556 -10.8177 -4.32683 67.297 1.53187 -13 3677 1 0 1
-11.8029 6.83037 325.556 -2.18754 1.75028 65.3414 1.90654 -13 3678 1 0 1
5.23237 -50.3095 325.556 0.969624 -11.6179 64.1547 3.10375 -13 3679 1 0 1
-43.0465 -110.562 325.556 -6.73827 -22.712 56.5587 0.919524 -13 3680 1 0 1
-48.9915 40.859 325.556 -8.62794 8.62947 63.1813 3.4899 -13 3681 1 0 1
-15.2103 -4.54224 325.556 -3.45573 -1.41059 71.6287 2.07127 -13 3682 1 0 1
-32.2757 -36.1993 325.556 -6.19821 -8.11633 66.5815 1.76454 -13 3683 1 0 1
-25.3845 -32.9007 325.556 -4.49114 -7.5249 63.5246 4.04333 -13 3684 1 0 1
5.44558 -4.04394 325.556 0.801584 -0.527711 68.7146 2.39126 -13 3685 1 0 1
-31.3497 -27.727 325.556 -5.82479 -6.52602 65.4492 1.49146 -13 3686 1 0 1
-41.251 -29.4916 325.556 -6.38861 -5.96958 57.0044 0.673308 -13 3687 1 0 1
43.7287 78.1561 325.556 4.16777 10.4029 34.922 3.50853 -13 3689 1 0 1
12.3714 -19.7513 325.556 2.1482 -5.13984 65.6908 3.88005 -13 3690 1 0 1
-24.9496 -24.1164 325.556 -2.06967 -3.40695 37.805 3.12934 -13 3691 1 0 1
-36.8955 70.2824 325.556 -5.76019 14.766 57.1235 3.62073 -13 3692 1 0 1
44.949 4.25022 325.556 8.68354 1.33837 70.5714 1.84961 -13 3693 1 0 1
-24.9734 -9.09205 325.556 -4.30414 -1.84077 61.5023 3.21671 -13 3694 1 0 1
-22.3784 -58.0502 325.556 -4.27492 -13.3763 65.5688 4.06075 -13 3695 1 0 1
-17.797 -81.055 325.556 -4.69987 -21.7927 75.8102 1.96997 -13 3696 1 0 1
50.8293 -12.4045 325.556 11.031 -3.12457 81.5284 0.903679 -13 3697 1 0 1
18.1884 0.260545 325.556 3.48944 0.344491 71.6603 2.80596 -13 3698 1 0 1
27.6004 -29.747 325.556 4.98927 -6.51899 62.6003 0.47237 -13 3699 1 0 1
17.9038 -14.0992 325.556 2.83707 -2.87329 52.8614 2.33321 -13 3700 1 0 1
68.9059 24.9616 325.556 9.19229 4.61622 48.4637 2.76055 -13 3701 1 0 1
-18.3172 21.2268 325.556 -2.88148 4.50151 59.7092 2.80682 -13 3702 1 0 1
-12.1317 38.7611 325.556 -2.51555 9.29667 68.5272 2.74215 -13 3703 1 0 1
-8.00985 40.081 325.556 -0.0465043 2.7199 14.8102 6.72817 -13 3704 1 0 1
-14.1498 -52.8009 325.556 -3.66935 -13.92 75.6281 0.844052 -13 3705 1 0 1
34.8041 -25.1683 325.556 7.07545 -7.49368 79.5383 0.105477 -13 3706 1 0 1
-32.286 1.79458 325.556 -5.42547 0.468059 60.699 4.04464 -13 3707 1 0 1
18.455 -2.0002 325.556 3.3387 -0.284248 63.5321 5.62704 -13 3708 1 0 1
37.4443 -80.4178 325.556 6.79813 -18.9086 66.9767 2.56334 -13 3709 1 0 1
26.1733 -24.5978 325.556 5.02519 -6.46252 75.4566 3.28105 -13 3711 1 0 1
-18.9288 36.1416 325.556 -3.70041 8.39618 66.9165 1.37369 -13 3712 1 0 1
61.9921 -60.3842 325.556 11.6458 -14.4469 67.7445 1.54708 -13 3713 1 0 1
14.8248 -42.9835 325.556 2.64033 -9.49157 62.1977 3.34638 -13 3714 1 0 1
48.3078 -43.0882 325.556 7.70668 -8.75134 57.2199 1.68871 -13 3715 1 0 1
-38.0659 3.61236 325.556 -5.02031 0.309647 51.3356 2.45226 -13 3716 1 0 1
-33.4262 -60.5655 325.556 -6.04777 -13.9906 63.5533 4.38629 -13 3717 1 0 1
30.5224 -37.1095 325.556 4.68212 -7.41495 53.6753 -0.0164142 -13 3718 1 0 1
15.7531 -19.0882 325.556 2.88472 -4.09988 62.0134 3.77629 -13 3719 1 0 1
16.8419 44.6227 325.556 3.09855 10.6794 68.6606 4.54802 -13 3720 1 0 1
-2.59984 -22.5138 325.556 -0.176778 -4.29267 51.9238 4.95297 -13 3721 1 0 1
-1.45114 -40.3227 325.556 -0.109397 -8.91573 59.2686 1.71141 -13 3722 1 0 1
-47.3836 29.6027 325.556 -10.9447 8.27416 76.2823 2.24332 -13 3723 1 0 1
77.6403 -42.7909 325.556 12.4717 -9.01054 58.0186 2.06077 -13 3724 1 0 1
27.4883 -0.0402732 325.556 4.79607 -0.0673045 62.0453 2.02239 -13 3725 1 0 1
-12.1367 -16.4415 325.556 -2.38956 -4.05905 67.2538 2.98439 -13 3726 1 0 1
-9.8889 -38.4853 325.556 -1.63303 -7.48435 60.648 1.66702 -13 3727 1 0 1
-3.1956 -9.57316 325.556 -0.890012 -2.03335 70.5463 0.898093 -13 3728 1 0 1
-21.6883 1.38347 325.556 -4.38496 0.171258 68.3497 3.37532 -13 3729 1 0 1
-36.423 -75.6523 325.556 -8.76964 -19.8492 75.8959 2.12469 -13 3730 1 0 1
29.8426 -87.1852 325.556 4.51114 -16.842 53.9679 1.52861 -13 3731 1 0 1
41.2932 -30.431 325.556 5.30972 -5.35743 45.93 2.2152 -13 3732 1 0 1
20.3551 4.54993 325.556 3.58085 0.974343 63.2821 3.20413 -13 3733 1 0 1
-13.5389 11.1018 325.556 -2.59829 2.73749 65.6103 2.36406 -13 3734 1 0 1
29.0368 -20.7552 325.556 5.41791 -5.4375 68.8442 1.33872 -13 3735 1 0 1
-26.4225 13.0804 325.556 -4.39547 2.64603 60.0358 1.7604 -13 3736 1 0 1
-43.8169 -22.581 325.556 -10.8578 -5.69002 78.6989 0.90409 -13 3738 1 0 1
-2.78173 -22.4261 325.556 -1.39682 -6.37608 78.6891 4.16453 -13 3739 1 0 1
-26.5876 -23.9166 325.556 -3.29782 -4.69138 49.8336 2.53871 -13 3740 1 0 1
-38.8936 -33.4822 325.556 -8.74353 -8.55956 74.5855 1.57048 -13 3741 1 0 1
21.9811 -67.4554 325.556 3.83266 -14.9875 62.8683 2.58176 -13 3742 1 0 1
-31.1777 35.1386 325.556 -5.91762 8.38338 65.7331 3.101 -13 3743 1 0 1
62.9478 15.0273 325.556 10.2484 3.34357 59.0999 1.95161 -13 3744 1 0 1
-3.91545 48.3939 325.556 0.126552 5.62578 30.2352 5.3783 -13 3745 1 0 1
-33.3599 -35.3998 325.556 -5.7744 -7.80352 62.7732 0.866495 -13 3746 1 0 1
5.39984 -14.4218 325.556 1.0423 -2.68472 50.9366 0.379989 -13 3747 1 0 1
24.8555 2.34002 325.556 4.63119 0.854776 68.0785 1.29052 -13 3748 1 0 1
6.43235 14.0661 325.556 1.13385 2.51541 58.8478 1.89851 -13 3749 1 0 1
7.12582 39.3938 325.556 1.24217 8.78784 60.1967 1.43692 -13 3750 1 0 1
-18.8924 -25.3018 325.556 -3.10248 -5.43249 61.5508 2.30331 -13 3751 1 0 1
-67.9415 -66.7182 325.556 -10.9274 -13.9585 58.3518 3.3509 -13 3752 1 0 1
-71.9128 14.2329 325.556 -16.7169 3.807 77.7111 2.41608 -13 3753 1 0 1
-72.6878 34.3378 325.556 -15.1527 8.83741 71.6459 2.01959 -13 3754 1 0 1
-22.2223 7.66979 325.556 -4.74877 2.07772 69.7235 0.867238 -13 3755 1 0 1
9.12189 34.11 325.556 1.15195 9.05 78.9927 2.62845 -13 3756 1 0 1
75.3233 -15.4565 325.556 12.6624 -2.90139 60.8095 0.369638 -13 3757 1 0 1
-14.5691 14.693 325.556 -1.87072 2.85745 54.5106 3.66532 -13 3758 1 0 1
32.4581 20.5503 325.556 6.06262 4.89731 67.6014 0.660645 -13 3759 1 0 1
40.66 7.93557 325.556 5.67444 1.03267 48.7376 3.59325 -13 3760 1 0 1
-24.5615 -16.0057 325.556 -4.89724 -3.596 68.1223 1.19063 -13 3761 1 0 1
3.50503 56.9333 325.556 0.322969 14.0782 72.1461 2.33171 -13 3762 1 0 1
17.9505 8.7802 325.556 3.25009 2.24838 64.218 0.727695 -13 3763 1 0 1
-7.58591 41.3317 325.556 -1.67128 10.4121 67.9665 1.9909 -13 3764 1 0 1
-15.2832 66.1945 325.556 -2.77504 15.0805 64.4739 3.70445 -13 3765 1 0 1
36.8144 -42.9323 325.556 6.09722 -9.11525 58.0613 2.18914 -13 3766 1 0 1
-59.4999 -9.0124 325.556 -11.9052 -2.67826 69.2668 1.64159 -13 3767 1 0 1
80.1884 8.6036 325.556 9.83072 1.79157 45.6394 1.85702 -13 3768 1 0 1
-12.1304 14.0446 325.556 -1.41702 2.73224 51.7815 0.825811 -13 3769 1 0 1
-6.07886 34.7032 325.556 -0.934133 7.74286 62.4095 -0.381337 -13 3770 1 0 1
21.3423 26.5775 325.556 3.72938 5.82836 60.9046 2.64028 -13 3771 1 0 1
37.5362 3.64753 325.556 5.94008 0.922295 54.4354 1.81258 -13 3772 1 0 1
-18.5798 -136.372 325.556 -2.54821 -26.34 53.2966 1.44738 -13 3774 1 0 1
-31.4362 -29.3345 325.556 -4.71316 -5.67916 57.0969 1.84487 -13 3775 1 0 1
35.8868 -6.42183 325.556 5.09142 -1.10449 49.8659 3.82187 -13 3776 1 0 1
-49.1225 -24.9671 325.556 -8.5209 -5.58652 61.8892 3.39964 -13 3777 1 0 1
-4.14047 48.6193 325.556 -1.295 12.4257 72.8426 1.21518 -13 3778 1 0 1
19.4287 20.1441 325.556 3.09103 4.30824 54.5356 2.32444 -13 3779 1 0 1
42.2821 -49.578 325.556 6.38336 -9.61388 53.6059 3.03258 -13 3780 1 0 1
-7.82326 26.5705 325.556 -1.16243 5.67117 58.6483 1.1471 -13 3781 1 0 1
-1.88129 18.0941 325.556 -0.562721 4.75177 68.8781 2.18622 -13 3782 1 0 1
-26.0847 -64.1111 325.556 -4.99239 -15.1775 65.4524 1.05107 -13 3783 1 0 1
24.9992 20.0164 325.556 4.611 4.61838 64.624 0.365529 -13 3784 1 0 1
-7.81067 14.6648 325.556 -1.43604 3.59055 64.2483 0.822083 -13 3785 1 0 1
-31.7536 -45.9006 325.556 -6.19916 -10.4715 67.3751 0.559925 -13 3786 1 0 1
0.623816 47.7685 325.556 -0.245696 11.7189 73.2271 3.43117 -13 3787 1 0 1
24.3162 6.01342 325.556 4.20818 1.42785 63.2812 2.9626 -13 3788 1 0 1
-40.4487 4.13606 325.556 -8.41367 1.16325 70.9975 2.62034 -13 3789 1 0 1
-25.5788 64.864 325.556 -4.4638 14.245 62.148 4.356 -13 3791 1 0 1
10.0424 -83.3444 325.556 1.03845 -10.1578 31.0909 3.70959 -13 3792 1 0 1
-62.8119 12.3833 325.556 -11.3716 2.55659 64.5334 2.78627 -13 3794 1 0 1
-54.7085 17.9267 325.556 -8.31185 3.91124 56.5199 2.97992 -13 3795 1 0 1
-65.3348 -17.8323 325.556 -10.8428 -3.76414 60.0372 3.10332 -13 3796 1 0 1
23.0476 -9.58202 325.556 3.98266 -1.92159 61.3925 3.21261 -13 3797 1 0 1
-9.24547 56.1345 325.556 -3.10094 15.9299 77.3165 3.46494 -13 3798 1 0 1
-19.589 -39.2642 325.556 -3.75946 -9.34261 67.0352 1.81012 -13 3799 1 0 1
120.252 -107.548 325.556 12.7225 -16.4335 41.1002 3.43979 -13 3800 1 0 1
-4.71109 2.6757 325.556 -1.6558 0.928278 76.5099 2.54238 -13 3801 1 0 1
-32.1833 40.0624 325.556 -4.24016 7.34622 50.6177 2.85058 -13 3802 1 0 1
-24.1655 -6.90575 325.556 -5.2693 -2.28113 71.7651 0.34624 -13 3803 1 0 1
-19.7934 45.0453 325.556 -0.855774 4.42739 24.7811 6.66368 -13 3804 1 0 1
-20.9155 -3.48703 325.556 -3.64202 -0.922747 62.7548 0.834054 -13 3805 1 0 1
26.1412 -6.25184 325.556 3.49255 -1.42543 44.6162 2.81898 -13 3806 1 0 1
-38.8402 -27.3497 325.556 -7.85171 -6.89967 69.5397 1.7541 -13 3807 1 0 1
49.705 -25.7666 325.556 8.27539 -5.26233 59.6128 4.86009 -13 3808 1 0 1
-33.9641 0.155992 325.556 -7.04652 -0.094275 70.5423 0.416102 -13 3809 1 0 1
-11.7863 42.6205 325.556 -1.49193 8.50903 53.9233 2.03339 -13 3810 1 0 1
-11.4991 -2.99285 325.556 -2.38583 -0.587644 68.1965 1.57535 -13 3811 1 0 1
25.4398 -64.5475 325.556 4.71081 -15.8729 69.7372 2.53955 -13 3812 1 0 1
57.0795 13.7689 325.556 8.78332 2.48263 55.5158 4.57486 -13 3813 1 0 1
-36.5172 8.18141 325.556 -6.03022 1.38683 59.6933 1.22145 -13 3814 1 0 1
-70.2539 28.9175 325.556 -15.7345 7.66535 75.5038 1.81019 -13 3815 1 0 1
32.5709 -60.6757 325.556 4.03419 -9.6775 43.9094 1.85611 -13 3816 1 0 1
0.215407 -41.4071 325.556 0.0509499 -9.05628 62.5471 1.51654 -13 3817 1 0 1
18.8221 5.37246 325.556 3.49831 1.46795 68.0222 1.94853 -13 3818 1 0 1
-2.15218 12.7184 325.556 -0.147667 2.6904 57.0652 2.8671 -13 3819 1 0 1
52.0155 -19.1833 325.556 9.9402 -4.38104 69.3872 2.43154 -13 3820 1 0 1
56.1993 58.5071 325.556 8.85172 11.829 57.2785 4.37568 -13 3821 1 0 1
14.962 -24.2374 325.556 2.7568 -6.01799 70.1857 0.815123 -13 3822 1 0 1
-59.4522 13.1138 325.556 -12.1619 3.15008 70.3661 0.852048 -13 3823 1 0 1
20.1663 -1.99121 325.556 3.45451 -0.431828 59.8627 4.03602 -13 3824 1 0 1
-3.95723 -2.60175 325.556 -0.704717 -0.691791 63.6921 2.78477 -13 3825 1 0 1
-31.8403 -54.2004 325.556 -4.96435 -10.8451 57.7312 2.38776 -13 3826 1 0 1
26.2697 1.90949 325.556 3.08421 0.0169287 40.4908 3.17435 -13 3827 1 0 1
20.9296 -0.869672 325.556 3.21918 -0.0970836 52.9397 3.8757 -13 3828 1 0 1
29.6314 19.3548 325.556 5.46527 4.58086 65.6385 0.042715 -13 3829 1 0 1
41.5262 65.3038 325.556 7.09439 14.1701 60.2528 1.25495 -13 3830 1 0 1
27.7338 -79.3992 325.556 3.46469 -13.1293 44.2004 3.3219 -13 3831 1 0 1
-4.84545 -9.42931 325.556 -0.572219 -1.76544 54.0907 2.34932 -13 3832 1 0 1
12.8126 -32.5025 325.556 2.20985 -6.90943 61.3757 0.0103109 -13 3833 1 0 1
-18.6545 58.0864 325.556 -4.09203 13.5993 69.7503 2.06226 -13 3834 1 0 1
2.4048 11.3644 325.556 0.151505 2.36093 71.9686 2.24964 -13 3835 1 0 1
-1.34975 -31.3745 325.556 -1.22991 -8.98137 80.1458 4.04467 -13 3836 1 0 1
29.1085 -44.2646 325.556 4.79288 -9.35599 58.0679 0.982961 -13 3837 1 0 1
23.5752 3.67805 325.556 3.43994 0.547595 50.7297 3.56854 -13 3838 1 0 1
64.1136 -28.9555 325.556 6.29037 -3.98174 36.5486 5.35252 -13 3840 1 0 1
-33.0229 81.0289 325.556 -4.46065 15.6328 52.3317 3.85483 -13 3841 1 0 1
-17.3662 1.57405 325.556 -3.24495 0.807861 65.2211 1.14512 -13 3842 1 0 1
42.1571 0.551791 325.556 6.31562 0.158335 53.3985 3.99246 -13 3843 1 0 1
-89.1078 -5.06147 325.556 -14.2114 -0.934973 58.3252 2.83912 -13 3844 1 0 1
-40.4686 -34.3808 325.556 -8.73605 -8.69231 72.2174 1.27286 -13 3845 1 0 1
-21.1245 -51.6726 325.556 -4.78357 -13.0225 72.5092 1.03922 -13 3846 1 0 1
-51.4169 -58.8622 325.556 -4.91988 -8.63023 39.5818 3.19453 -13 3847 1 0 1
50.5401 0.298151 325.556 7.4414 0.224687 52.2073 2.1893 -13 3848 1 0 1
-66.7155 -15.5909 325.556 -12.018 -3.2635 63.9861 3.24206 -13 3849 1 0 1
-14.7297 105.774 325.556 -2.71962 24.0073 62.7327 2.39549 -13 3850 1 0 1
53.0861 -3.56383 325.556 7.50679 -0.325367 50.4851 2.52812 -13 3851 1 0 1
54.3149 82.4616 325.556 5.39028 11.5444 37.2799 3.51846 -13 3852 1 0 1
-39.8442 -22.7412 325.556 -7.45766 -5.58372 64.8521 3.36466 -13 3853 1 0 1
-1.49313 0.799464 325.556 0.0845725 0.214243 42.4793 1.33854 -13 3854 1 0 1
12.4036 -59.9994 325.556 2.08983 -13.4024 61.3166 1.65345 -13 3855 1 0 1
2.99698 8.90608 325.556 0.586177 2.29509 58.9878 0.294452 -13 3856 1 0 1
24.2439 -16.0536 325.556 4.14254 -3.51687 60.6008 0.857207 -13 3857 1 0 1
18.6969 27.9053 325.556 3.1304 5.72618 60.1769 0.745013 -13 3858 1 0 1
2.42952 -28.1581 325.556 0.343872 -5.76374 65.5308 0.833708 -13 3859 1 0 1
-2.55228 -31.3999 325.556 -0.79497 -7.5964 72.8504 1.19585 -13 3860 1 0 1
24.3952 36.9809 325.556 4.38924 7.79815 65.4042 2.93964 -13 3861 1 0 1
9.75364 -6.12639 325.556 1.64421 -1.66519 59.0566 2.64755 -13 3862 1 0 1
-1.39323 -12.7179 325.556 0.00111468 -2.41348 56.6284 2.57795 -13 3863 1 0 1
16.5132 -11.9122 325.556 1.16884 -1.04054 25.6433 3.9143 -13 3864 1 0 1
19.6824 -0.196736 325.556 3.78111 -0.107877 73.7456 1.48066 -13 3865 1 0 1
-45.0954 27.4486 325.556 -6.76053 5.73416 56.038 1.6152 -13 3866 1 0 1
30.2568 -64.0128 325.556 5.19018 -13.1142 61.4266 2.82922 -13 3867 1 0 1
-22.0446 3.2321 325.556 -2.67358 0.58767 50.5131 2.59239 -13 3868 1 0 1
-8.67566 -9.28775 325.556 -2.32475 -1.85296 75.1454 1.26763 -13 3869 1 0 1
-5.04275 -43.7851 325.556 -1.99725 -11.7466 79.1119 3.23996 -13 3870 1 0 1
-30.1075 -1.02135 325.556 -4.77829 0.0545935 58.1913 1.62036 -13 3871 1 0 1
-22.0282 44.7835 325.556 -5.15504 11.1165 74.1777 3.4949 -13 3872 1 0 1
-29.6143 -6.33493 325.556 -6.72998 -1.69231 73.8191 3.65915 -13 3873 1 0 1
-52.7899 -10.1124 325.556 -10.079 -2.6575 67.4134 3.5617 -13 3874 1 0 1
8.78789 61.3971 325.556 1.16105 8.53537 37.6705 2.67511 -13 3875 1 0 1
27.7007 -3.47759 325.556 4.87492 -0.707804 62.6175 3.26831 -13 3876 1 0 1
-38.6274 18.5404 325.556 -5.30135 3.3531 52.3024 0.772066 -13 3877 1 0 1
125.983 28.0102 325.556 16.3693 4.77247 49.3064 3.55897 -13 3878 1 0 1
-2.15336 -61.5625 325.556 -0.211225 -12.3643 55.7419 3.23148 -13 3879 1 0 1
-39.6447 -31.1141 325.556 -7.5451 -7.50526 66.8434 3.16465 -13 3880 1 0 1
17.8754 -20.0153 325.556 3.32706 -5.13428 73.3172 2.68416 -13 3881 1 0 1
-50.3872 -56.3149 325.556 -8.3216 -12.0955 60.0203 3.36548 -13 3882 1 0 1
45.9172 -79.6239 325.556 7.3078 -16.5696 58.2857 3.49865 -13 3883 1 0 1
-4.00207 15.3354 325.556 -1.23399 4.11486 73.1855 1.72509 -13 3884 1 0 1
-15.1255 -34.4909 325.556 -3.9693 -9.46284 76.4026 -0.538975 -13 3886 1 0 1
-30.0281 70.1508 325.556 -5.40465 15.7135 63.2821 3.23181 -13 3887 1 0 1
3.26895 -42.7282 325.556 0.75353 -7.5893 48.9585 3.51939 -13 3888 1 0 1
-12.9831 2.32104 325.556 -2.46095 0.650002 65.5035 3.72769 -13 3889 1 0 1
-15.1723 -79.7623 325.556 -1.49084 -13.5941 45.6854 2.60827 -13 3890 1 0 1
-10.6898 -19.7916 325.556 -2.18735 -4.50349 67.6262 4.62067 -13 3891 1 0 1
-35.0473 -68.4335 325.556 -5.60187 -14.4721 58.3044 3.02655 -13 3892 1 0 1
-22.0279 26.2095 325.556 -4.8694 6.57965 72.3524 1.45864 -13 3893 1 0 1
-43.4184 64.0581 325.556 -4.89874 10.6084 45.6744 3.93851 -13 3894 1 0 1
9.4744 4.00501 325.556 1.65955 1.05505 71.8081 2.32036 -13 3895 1 0 1
5.52299 -30.2557 325.556 0.839024 -7.05722 67.5109 1.19848 -13 3896 1 0 1
-18.5384 67.1006 325.556 -2.97698 13.8208 58.1669 2.89044 -13 3897 1 0 1
68.9009 -8.77458 325.556 12.2044 -1.98165 63.4965 3.90103 -13 3898 1 0 1
-85.3638 74.0108 325.556 -10.8515 12.8441 48.3804 3.6546 -13 3899 1 0 1
-31.1251 17.5231 325.556 -6.76814 4.07822 72.2101 1.60001 -13 3900 1 0 1
58.7285 -104.571 325.556 7.15576 -17.1438 44.2965 1.16475 -13 3901 1 0 1
-11.1134 17.1518 325.556 -2.75482 4.09149 72.6158 2.36306 -13 3902 1 0 1
18.5867 119.058 325.556 2.41232 20.1978 44.2849 1.74798 -13 3903 1 0 1
-21.0046 -41.9806 325.556 -2.97398 -8.15216 52.7727 4.59037 -13 3904 1 0 1
-31.3573 14.0157 325.556 -7.79141 4.32736 78.3976 1.88609 -13 3905 1 0 1
20.4705 80.936 325.556 0.744581 5.69225 15.5156 7.58694 -13 3906 1 0 1
9.23996 -12.5866 325.556 1.61668 -2.62429 67.2286 0.955716 -13 3907 1 0 1
24.351 -31.8078 325.556 3.87711 -6.18818 55.6013 3.08489 -13 3908 1 0 1
-34.2603 -4.15084 325.556 -7.71831 -0.94475 74.1767 2.40147 -13 3909 1 0 1
-14.7206 8.24414 325.556 -3.30451 2.09937 71.2882 2.04378 -13 3910 1 0 1
-66.11 -40.1459 325.556 -11.5211 -9.30636 61.9652 2.56347 -13 3911 1 0 1
-1.94572 22.1853 325.556 -0.394459 4.44036 66.0167 1.7931 -13 3912 1 0 1
-9.12291 -52.3795 325.556 -0.888404 -8.74457 45.6367 3.79021 -13 3913 1 0 1
5.07177 -32.9748 325.556 0.963174 -6.98712 56.5681 3.67423 -13 3914 1 0 1
5.31198 -9.6814 325.556 0.866579 -2.68562 64.5392 2.08818 -13 3915 1 0 1
-10.3001 23.4332 325.556 -1.65623 4.92861 60.742 1.12057 -13 3916 1 0 1
-13.8757 43.1614 325.556 -2.63878 10.1721 64.5371 1.77385 -13 3917 1 0 1
20.7589 -22.6256 325.556 3.96548 -5.75198 73.7289 0.838051 -13 3918 1 0 1
-25.6061 30.6539 325.556 -6.21343 8.14922 76.3892 2.30129 -13 3919 1 0 1
20.8035 3.49883 325.556 3.80165 0.936888 67.2336 2.46867 -13 3920 1 0 1
-51.3131 -10.1393 325.556 -11.6429 -2.62541 75.5776 1.90946 -13 3921 1 0 1
13.2238 -53.1406 325.556 1.2246 -6.38598 30.6282 3.42154 -13 3922 1 0 1
-55.6055 -15.3269 325.556 -8.88249 -3.13659 58.1943 3.5657 -13 3923 1 0 1
47.3466 -39.9372 325.556 8.00832 -8.9203 61.4165 0.454212 -13 3924 1 0 1
-48.5753 42.7235 325.556 -8.48213 9.00054 61.8846 3.5834 -13 3925 1 0 1
42.8707 -62.9079 325.556 7.21819 -14.1511 60.5042 2.22919 -13 3926 1 0 1
-51.1944 -39.8325 325.556 -7.58758 -8.13655 55.3989 3.93022 -13 3927 1 0 1
-25.1466 -36.1974 325.556 -5.30465 -8.58062 69.8941 3.03988 -13 3928 1 0 1
11.5012 -18.7696 325.556 2.0126 -3.81296 56.0419 1.76806 -13 3929 1 0 1
0.329665 -62.141 325.556 -0.962163 -16.4281 77.7214 0.919793 -13 3930 1 0 1
14.999 -42.6209 325.556 2.80135 -10.3024 67.8609 -0.632382 -13 3931 1 0 1
18.4484 6.83048 325.556 2.568 1.52599 46.8593 4.63232 -13 3932 1 0 1
-40.229 -88.572 325.556 -5.24972 -16.1247 50.0087 5.27207 -13 3933 1 0 1
-35.6389 5.72953 325.556 -6.56626 1.05004 64.9559 1.11781 -13 3935 1 0 1
-33.4399 -52.3027 325.556 -4.06697 -9.33103 47.6704 2.83196 -13 3936 1 0 1
-4.58085 2.04034 325.556 -0.692 0.631013 61.5354 3.09721 -13 3937 1 0 1
61.3839 -35.5908 325.556 9.76495 -7.41528 57.1979 1.33855 -13 3938 1 0 1
62.7765 66.5309 325.556 10.6986 14.5208 61.3673 3.00688 -13 3939 1 0 1
-43.0163 -6.32335 325.556 -9.30868 -0.971904 72.958 1.5431 -13 3940 1 0 1
-43.8872 -14.4337 325.556 -5.88257 -2.79553 51.2236 2.78667 -13 3941 1 0 1
9.21831 17.7699 325.556 1.57917 4.66613 69.5565 4.16558 -13 3942 1 0 1
21.4551 -33.5115 325.556 3.89024 -8.38312 68.6483 0.910629 -13 3943 1 0 1
-61.7748 14.891 325.556 -8.07961 2.56399 49.7616 2.35335 -13 3944 1 0 1
-44.2714 -67.4455 325.556 -10.8892 -18.434 76.9704 2.56195 -13 3945 1 0 1
-20.5282 23.3477 325.556 -4.40441 6.20831 71.2571 -0.152445 -13 3946 1 0 1
-15.2683 46.7766 325.556 -2.12925 9.35852 56.0974 2.70379 -13 3947 1 0 1
-67.2586 0.835417 325.556 -11.8767 0.369882 63.2637 2.7369 -13 3948 1 0 1
10.4783 -53.0176 325.556 1.8284 -10.7916 58.4526 1.30496 -13 3949 1 0 1
75.8701 -28.3019 325.556 11.6154 -5.57235 55.1118 2.65726 -13 3950 1 0 1
-26.8518 -59.8389 325.556 -4.93231 -13.7596 64.5264 2.24829 -13 3951 1 0 1
155.884 -40.4722 325.556 24.7228 -8.88542 58.9508 2.24342 -13 3952 1 0 1
8.62688 51.5062 325.556 1.56944 11.281 62.912 3.22304 -13 3953 1 0 1
-0.188978 7.87704 325.556 0.088671 2.01951 61.4714 3.91374 -13 3955 1 0 1
23.3634 -20.7757 325.556 4.24876 -4.669 67.4936 1.53957 -13 3956 1 0 1
-12.7865 46.8782 325.556 -3.56831 12.9223 77.6838 -0.0245097 -13 3958 1 0 1
32.8319 42.4135 325.556 4.455 7.40743 47.1648 2.68702 -13 3959 1 0 1
28.0005 23.527 325.556 5.41954 5.99275 73.2645 0.408627 -13 3960 1 0 1
-56.6951 1.6634 325.556 -8.98382 -0.00255788 58.3367 1.2044 -13 3961 1 0 1
-104.837 -15.6123 325.556 -21.9874 -3.73644 72.8391 0.19838 -13 3963 1 0 1
-19.2103 11.2988 325.556 -4.06285 2.18804 70.5883 1.64541 -13 3964 1 0 1
27.7024 2.91045 325.556 5.29039 0.599943 71.6586 0.858765 -13 3965 1 0 1
-46.1435 34.9171 325.556 -8.28586 7.66958 63.8313 1.46879 -13 3966 1 0 1
40.8976 -41.9353 325.556 7.63353 -10.0246 67.3243 1.65366 -13 3967 1 0 1
25.4504 31.3168 325.556 4.54202 7.23553 63.3144 2.89723 -13 3968 1 0 1
-1.53687 -3.92202 325.556 -0.201747 -0.921596 62.2101 3.81674 -13 3969 1 0 1
18.5621 -13.3417 325.556 3.28436 -2.48354 62.205 2.38143 -13 3970 1 0 1
24.4925 -10.8179 325.556 3.57905 -1.87086 48.8589 3.2927 -13 3971 1 0 1
-3.19012 43.0568 325.556 -0.292016 9.11574 56.6642 2.72608 -13 3972 1 0 1
-11.6708 -38.847 325.556 -1.35479 -6.98539 49.2786 1.54536 -13 3973 1 0 1
-32.5107 -3.83632 325.556 -8.14031 -0.722338 78.4585 2.88933 -13 3974 1 0 1
-9.18614 30.2449 325.556 -3.06989 9.15964 79.6463 2.47168 -13 3975 1 0 1
-1.1043 19.0094 325.556 -1.00473 4.94749 79.2505 1.20516 -13 3976 1 0 1
7.62745 4.43561 325.556 1.2979 1.30027 63.0305 1.66881 -13 3977 1 0 1
-34.3092 -29.6422 325.556 -5.88048 -6.45776 61.3906 1.67273 -13 3978 1 0 1
-9.74428 -69.3859 325.556 -2.25648 -17.1527 69.5445 1.79488 -13 3979 1 0 1
-50.5314 26.1025 325.556 -9.94558 5.54211 68.2307 2.02721 -13 3980 1 0 1
-27.2743 -14.0879 325.556 -4.52312 -3.03592 61.6977 -0.53324 -13 3981 1 0 1
6.98693 -16.9177 325.556 1.39841 -3.66789 69.3639 3.25237 -13 3982 1 0 1
-4.32736 -5.90565 325.556 -0.674289 -1.21323 60.5792 1.45525 -13 3984 1 0 1
78.1256 27.1398 325.556 15.0632 6.90462 69.9513 1.17333 -13 3985 1 0 1
51.6456 -67.5738 325.556 8.20552 -14.0073 57.3027 0.199945 -13 3986 1 0 1
-27.3401 2.94373 325.556 -4.45312 0.57341 60.482 2.54696 -13 3987 1 0 1
35.2386 -35.2194 325.556 6.99189 -8.80572 72.6552 0.355568 -13 3988 1 0 1
40.7786 15.7009 325.556 6.25742 3.18312 55.2142 3.06814 -13 3989 1 0 1
-53.6847 -16.3938 325.556 -9.62388 -3.96269 63.9734 4.58995 -13 3990 1 0 1
16.3105 28.2248 325.556 2.83061 5.80243 60.3555 0.136255 -13 3991 1 0 1
62.8408 18.2478 325.556 10.3545 4.01628 59.0219 1.94352 -13 3992 1 0 1
66.393 -80.7169 325.556 10.0116 -15.6409 54.2265 0.322133 -13 3993 1 0 1
-3.80497 -23.7271 325.556 -1.2628 -6.11824 73.694 1.73246 -13 3994 1 0 1
-7.64629 44.518 325.556 -1.65926 10.0488 65.9498 3.42461 -13 3995 1 0 1
6.37412 82.6805 325.556 1.06385 18.9324 66.1343 1.80731 -13 3996 1 0 1
-15.1609 -5.45117 325.556 -2.37403 -1.37905 58.2333 2.47101 -13 3997 1 0 1
3.30572 -19.782 325.556 -0.0620322 -6.19244 78.8038 2.88434 -13 3998 1 0 1
6.2314 -58.779 325.556 1.05516 -12.835 60.662 2.79946 -13 3999 1 0 1
-62.2784 -46.6812 325.556 -9.30612 -9.15584 55.8034 1.90489 -13 4000 1 0 1
-58.5239 -37.495 325.556 -6.1481 -5.69359 42.2495 2.2445 -13 4001 1 0 1
21.2834 -12.8871 325.556 3.09864 -2.03122 47.4682 2.0961 -13 4002 1 0 1
-14.2246 41.9721 325.556 -2.49329 9.61787 63.5668 1.81498 -13 4003 1 0 1
-43.0029 8.08264 325.556 -8.70174 2.005 69.4822 1.93711 -13 4004 1 0 1
-35.0908 -14.99 325.556 -6.61752 -3.90713 65.9015 2.70817 -13 4005 1 0 1
47.0346 -79.8592 325.556 7.3472 -16.2613 56.1681 2.5322 -13 4006 1 0 1
-5.91582 11.3702 325.556 -2.25291 2.9223 78.3569 3.71029 -13 4007 1 0 1
-10.8709 -49.268 325.556 -1.03132 -8.32436 46.1021 1.39963 -13 4008 1 0 1
8.66021 63.037 325.556 1.45855 12.5732 55.1601 0.740854 -13 4009 1 0 1
42.1135 33.2214 325.556 7.05299 7.34816 59.9145 2.2309 -13 4010 1 0 1
6.86614 -30.8599 325.556 1.25971 -6.90965 63.7181 3.13405 -13 4011 1 0 1
-23.9921 11.2027 325.556 -5.38478 2.8121 72.3327 -0.304225 -13 4012 1 0 1
-56.5038 1.02836 325.556 -8.22009 0.600666 54.102 2.83212 -13 4013 1 0 1
-33.2272 13.4194 325.556 -7.2726 3.21406 72.7415 0.667608 -13 4014 1 0 1
5.55033 35.731 325.556 0.995496 8.31897 65.479 3.92439 -13 4015 1 0 1
23.0446 -6.34711 325.556 4.36717 -1.63313 68.1878 1.78483 -13 4016 1 0 1
-25.9619 22.2472 325.556 -4.76929 4.85074 64.5033 2.18155 -13 4017 1 0 1
-73.6079 24.4948 325.556 -12.8593 5.84262 62.7509 3.50262 -13 4018 1 0 1
12.0438 57.8255 325.556 2.14987 12.9075 62.7627 1.73725 -13 4019 1 0 1
29.0663 -25.1316 325.556 4.68554 -4.81271 56.6642 2.3695 -13 4020 1 0 1
-35.9637 34.4054 325.556 -8.44924 9.19576 75.6538 2.10625 -13 4021 1 0 1
65.4634 -40.8236 325.556 13.7986 -11.1308 78.338 1.25663 -13 4022 1 0 1
29.8949 -25.3016 325.556 4.36291 -4.35352 50.3845 2.44612 -13 4023 1 0 1
-57.6721 -7.11478 325.556 -11.3598 -1.48148 68.592 3.09478 -13 4024 1 0 1
-29.6477 30.5567 325.556 -6.47526 7.33368 71.8687 -0.336857 -13 4025 1 0 1
37.2175 -5.07048 325.556 6.80776 -1.27524 64.5766 1.03194 -13 4026 1 0 1
-21.2259 38.16 325.556 -3.73718 8.7133 62.8518 2.47941 -13 4027 1 0 1
0.51375 18.0552 325.556 -0.570944 5.13338 78.1168 3.56278 -13 4028 1 0 1
-1.22255 -20.9009 325.556 -0.168693 -4.37191 58.89 2.39634 -13 4029 1 0 1
-41.3535 -99.5366 325.556 -5.54399 -18.285 51.0081 3.13356 -13 4030 1 0 1
-34.0108 -1.6955 325.556 -6.36496 -0.181074 65.3953 1.07706 -13 4031 1 0 1
99.467 -37.2796 325.556 14.3877 -6.9067 53.2129 4.10093 -13 4032 1 0 1
-9.39514 -6.70388 325.556 -2.00523 -1.44403 68.3644 -0.679731 -13 4033 1 0 1
-48.7942 -46.1473 325.556 -9.86176 -11.1669 69.1577 2.34791 -13 4034 1 0 1
-0.442408 12.8383 325.556 -0.458402 2.98025 73.7604 1.75719 -13 4035 1 0 1
14.3208 13.1929 325.556 2.56853 3.26328 65.1698 4.56131 -13 4036 1 0 1
-31.2015 25.5996 325.556 -6.54641 5.82536 70.861 1.06726 -13 4037 1 0 1
15.7938 -10.7888 325.556 2.4233 -2.03961 51.6385 1.90206 -13 4038 1 0 1
-18.7739 -57.0816 325.556 -2.32281 -10.0667 49.8144 0.76903 -13 4039 1 0 1
-4.12186 11.5436 325.556 -0.221207 1.96951 50.9467 3.41857 -13 4040 1 0 1
-60.4221 -4.02943 325.556 -10.0057 -1.17159 59.8108 5.08586 -13 4041 1 0 1
6.90811 83.9335 325.556 0.992575 20.8704 69.7769 1.56747 -13 4042 1 0 1
27.2523 -37.3812 325.556 4.79459 -8.35584 63.9953 1.7368 -13 4043 1 0 1
49.6848 14.5165 325.556 8.75933 3.60718 63.5088 4.6448 -13 4044 1 0 1
-27.9331 22.7996 325.556 -7.21048 6.42351 78.2326 0.0360942 -13 4045 1 0 1
-43.6198 -61.6162 325.556 -7.47398 -13.5083 61.3189 1.63485 -13 4046 1 0 1
-33.5296 -13.844 325.556 -3.55332 -2.36492 44.1948 1.83391 -13 4047 1 0 1
43.6643 0.74192 325.556 4.36378 -0.00745138 35.411 3.41828 -13 4048 1 0 1
7.38021 20.9606 325.556 0.975395 5.34303 75.4707 3.01496 -13 4049 1 0 1
-25.2992 -16.3401 325.556 -5.24378 -3.81685 69.5888 1.68844 -13 4050 1 0 1
-8.43256 4.64595 325.556 -1.94464 1.22428 70.9598 2.57223 -13 4051 1 0 1
10.3392 -68.8053 325.556 1.83036 -15.5585 65.4757 2.39898 -13 4052 1 0 1
8.79416 51.8476 325.556 1.49265 10.1154 53.765 2.94713 -13 4053 1 0 1
-57.9625 -70.3842 325.556 -10.823 -15.9989 65.5264 1.43121 -13 4054 1 0 1
39.6562 -78.0546 325.556 6.63767 -16.7992 59.8305 3.28691 -13 4055 1 0 1
17.5295 -73.8442 325.556 3.06234 -17.318 66.4212 3.41544 -13 4056 1 0 1
47.1709 -0.678266 325.556 7.50949 0.192851 56.0939 1.92663 -13 4057 1 0 1
-52.4731 -31.1101 325.556 -10.9733 -8.27413 70.8848 2.47532 -13 4058 1 0 1
-26.9919 -11.7669 325.556 -4.85501 -3.01938 63.0336 2.44802 -13 4059 1 0 1
5.74477 -25.012 325.556 0.950636 -5.18395 63.0129 3.31582 -13 4060 1 0 1
24.5776 -26.2101 325.556 4.08407 -5.51731 56.6051 1.50337 -13 4062 1 0 1
21.4111 -71.9089 325.556 3.18571 -13.4426 51.3251 1.76615 -13 4063 1 0 1
0.655596 -44.0556 325.556 0.0970111 -11.1689 67.4019 0.995029 -13 4064 1 0 1
10.84 -2.9879 325.556 1.80878 -0.624274 67.7637 2.05224 -13 4065 1 0 1
2.14714 -21.4475 325.556 0.164923 -4.82977 70.057 2.52987 -13 4066 1 0 1
22.663 36.8237 325.556 4.15702 8.92234 68.0794 5.77354 -13 4067 1 0 1
21.0213 44.2843 325.556 3.93765 11.1088 71.1934 0.271657 -13 4068 1 0 1
-9.29147 -36.9203 325.556 -1.86991 -8.83995 66.4627 2.26409 -13 4069 1 0 1
3.3512 63.6131 325.556 0.192392 16.6723 70.7991 0.942795 -13 4070 1 0 1
1.00702 19.7897 325.556 0.175097 5.08313 67.9085 -0.109357 -13 4071 1 0 1
-17.759 -132.435 325.556 -1.22266 -17.8776 34.5083 4.93595 -13 4072 1 0 1
-41.7343 27.5059 325.556 -8.52198 6.92509 69.797 3.42195 -13 4073 1 0 1
12.5764 -28.2739 325.556 2.11698 -6.15133 56.5408 0.0955469 -13 4074 1 0 1
12.6777 72.9009 325.556 1.38086 9.49577 33.7449 1.9962 -13 4075 1 0 1
-26.9339 45.1209 325.556 -2.75127 7.00542 43.119 2.27758 -13 4076 1 0 1
38.1162 -63.845 325.556 4.76478 -10.4453 44.2904 1.34001 -13 4077 1 0 1
-60.5823 -46.6373 325.556 -11.835 -11.2117 68.1995 3.32799 -13 4078 1 0 1
4.28088 -0.244195 325.556 0.880902 -0.208282 52.6853 1.97375 -13 4079 1 0 1
0.197497 -49.246 325.556 -0.542414 -13.2437 75.6177 -0.269229 -13 4080 1 0 1
-17.0955 6.48883 325.556 -2.75119 1.21929 60.3017 2.47142 -13 4081 1 0 1
-8.47892 22.9024 325.556 -1.96914 5.66461 69.9323 1.79251 -13 4082 1 0 1
-15.2717 18.1006 325.556 -3.07574 3.916 67.6765 2.80669 -13 4083 1 0 1
-33.4618 -23.5405 325.556 -5.3092 -5.08638 58.0976 2.73221 -13 4084 1 0 1
87.6848 -11.1942 325.556 12.2269 -1.44462 51.3295 0.320173 -13 4085 1 0 1
-14.8496 -38.9272 325.556 -2.30365 -8.08503 59.6203 -0.977918 -13 4086 1 0 1
76.3689 55.6364 325.556 10.2137 9.98075 48.982 2.90429 -13 4087 1 0 1
10.5363 23.415 325.556 1.82963 5.21603 64.1667 3.41092 -13 4088 1 0 1
1.23335 40.7118 325.556 0.425468 8.01566 52.0739 2.13756 -13 4089 1 0 1
-15.6394 -25.1565 325.556 -3.69901 -6.50109 74.3338 1.08712 -13 4090 1 0 1
-33.4302 -27.3835 325.556 -6.92663 -6.43584 69.6197 0.498653 -13 4091 1 0 1
-7.71108 -73.2154 325.556 -1.22944 -15.7992 61.1272 1.56894 -13 4092 1 0 1
-13.0374 -37.2363 325.556 -3.70125 -9.74879 77.8017 1.05245 -13 4093 1 0 1
-45.8993 71.3414 325.556 -7.65534 15.2241 60.0143 0.686893 -13 4094 1 0 1
-13.8845 73.0406 325.556 -2.18884 15.6471 60.1349 2.65572 -13 4095 1 0 1
-27.5131 60.8153 325.556 -6.20201 15.8929 73.063 1.93414 -13 4096 1 0 1
20.7014 -50.1352 325.556 3.83455 -12.8018 71.9016 1.31767 -13 4097 1 0 1
33.3505 42.8861 325.556 6.63785 11.6506 75.9593 0.399285 -13 4098 1 0 1
-29.2798 -11.5156 325.556 -5.53119 -2.63111 66.5207 2.41831 -13 4099 1 0 1
63.5655 -23.4363 325.556 11.4792 -5.5335 64.3655 0.174317 -13 4100 1 0 1
2.0372 -14.0962 325.556 -0.117678 -3.81124 75.1748 1.70645 -13 4101 1 0 1
-41.2724 36.4183 325.556 -9.1089 8.9458 73.6319 0.114309 -13 4103 1 0 1
-53.9256 68.7733 325.556 -11.778 17.7203 73.1773 0.667353 -13 4105 1 0 1
-16.1946 77.8589 325.556 -3.73439 19.7567 72.3526 -0.0676892 -13 4106 1 0 1
-33.7187 39.311 325.556 -6.58459 8.84521 67.1266 3.00863 -13 4107 1 0 1
63.5762 8.24296 325.556 9.71301 1.55271 55.1501 3.37009 -13 4108 1 0 1
-9.67214 25.3879 325.556 -2.38192 6.29449 72.3489 2.35427 -13 4109 1 0 1
4.22496 4.30634 325.556 0.74662 1.59069 65.5148 3.36865 -13 4110 1 0 1
-40.2165 -23.403 325.556 -9.03635 -5.85049 74.1091 2.96016 -13 4111 1 0 1
-13.4495 44.0069 325.556 -1.56363 7.77101 48.1062 2.11293 -13 4112 1 0 1
-39.1124 6.95098 325.556 -5.45464 1.35124 53.2672 3.60339 -13 4113 1 0 1
64.5492 3.03954 325.556 5.28854 0.49424 32.2468 2.37364 -13 4114 1 0 1
-109.256 -34.3576 325.556 -19.3496 -7.55015 63.4775 4.09299 -13 4115 1 0 1
-36.4809 16.8829 325.556 -8.28616 4.3095 74.3937 3.06515 -13 4116 1 0 1
-86.6164 31.0626 325.556 -20.3832 8.11789 76.8558 2.21158 -13 4117 1 0 1
29.8876 -23.2614 325.556 5.77346 -5.66659 71.3667 4.60236 -13 4118 1 0 1
-49.7109 -21.9485 325.556 -11.5374 -6.18404 76.4402 1.8673 -13 4119 1 0 1
102.677 -24.066 325.556 19.7515 -5.39166 70.0254 0.712153 -13 4120 1 0 1
-39.1145 -29.089 325.556 -6.49612 -6.47609 59.867 1.73571 -13 4122 1 0 1
34.5413 50.9033 325.556 5.7191 10.5803 57.4456 0.613426 -13 4123 1 0 1
9.97739 -39.7276 325.556 1.56547 -7.01567 49.2886 2.08658 -13 4124 1 0 1
-38.7648 20.5107 325.556 -7.91295 4.79496 69.2373 0.609274 -13 4125 1 0 1
13.2528 32.2623 325.556 2.42156 7.88527 69.486 0.480112 -13 4126 1 0 1
-21.638 -103.226 325.556 -2.30082 -17.2509 44.8541 2.11505 -13 4127 1 0 1
110.522 -16.1856 325.556 13.2163 -2.78341 45.0926 -0.37408 -13 4128 1 0 1
48.5895 30.3191 325.556 6.45715 5.37482 47.8811 3.26924 -13 4130 1 0 1
-54.8506 18.6389 325.556 -8.86297 4.12902 58.7772 2.35627 -13 4131 1 0 1
107.324 -114.288 325.556 11.0289 -17.302 39.7173 1.02965 -13 4133 1 0 1
16.1652 8.47877 325.556 2.85699 1.70636 59.5377 3.33543 -13 4134 1 0 1
-3.85137 50.6013 325.556 -1.38146 12.8747 74.5606 1.33542 -13 4135 1 0 1
-45.6099 30.6663 325.556 -5.41281 5.34444 45.9362 0.131295 -13 4136 1 0 1
-108.083 -137.877 325.556 -11.697 -21.8313 42.6377 2.54561 -13 4137 1 0 1
15.2842 -95.3977 325.556 2.25243 -18.194 52.0687 2.56114 -13 4138 1 0 1
-1.15761 -41.8375 325.556 -0.0966702 -8.54645 57.256 2.13592 -13 4139 1 0 1
-23.8714 -3.14128 325.556 -6.07958 -0.667332 78.1448 1.59851 -13 4140 1 0 1
-7.96 8.28109 325.556 -1.87109 2.34237 70.3991 -1.09449 -13 4141 1 0 1
21.2767 -72.8124 325.556 2.58572 -10.9482 42.2006 1.86111 -13 4142 1 0 1
-22.4964 -64.7678 325.556 -3.20741 -12.4735 54.1043 0.853539 -13 4143 1 0 1
-17.8221 21.3536 325.556 -3.1664 5.01611 63.439 3.31492 -13 4144 1 0 1
29.9146 -31.5418 325.556 5.72512 -7.57594 70.6426 2.32717 -13 4145 1 0 1
-29.5564 -32.4259 325.556 -5.90516 -7.34993 68.0996 1.16012 -13 4147 1 0 1
10.6122 -17.3755 325.556 1.75885 -4.77979 77.0891 1.10599 -13 4148 1 0 1
23.3755 -23.7257 325.556 4.30169 -5.54013 67.6238 1.75736 -13 4149 1 0 1
16.5469 10.2845 325.556 2.81931 1.97977 58.9925 1.80999 -13 4150 1 0 1
11.7012 31.704 325.556 1.92855 6.10107 51.4675 3.68326 -13 4151 1 0 1
-27.181 -3.13657 325.556 -5.41772 -0.682862 68.3836 3.31022 -13 4152 1 0 1
-16.5137 -42.4376 325.556 -2.46334 -8.99405 56.1239 1.49944 -13 4153 1 0 1
71.9313 22.9676 325.556 10.3172 4.48632 51.3085 1.74793 -13 4154 1 0 1
-29.0291 -61.4871 325.556 -5.70071 -14.499 66.7224 -0.244447 -13 4155 1 0 1
0.100422 -5.55211 325.556 -0.333106 -1.41973 71.0186 1.69691 -13 4156 1 0 1
47.316 35.434 325.556 9.12272 8.97325 70.9772 3.30931 -13 4157 1 0 1
-21.3231 -24.1396 325.556 -3.77911 -5.14017 63.2394 2.4638 -13 4158 1 0 1
-2.42161 9.60031 325.556 -0.0657506 1.84134 48.477 2.32654 -13 4159 1 0 1
3.65002 -7.86172 325.556 0.48397 -1.6259 69.7587 2.48819 -13 4160 1 0 1
-14.0311 -60.4078 325.556 -2.31439 -12.3608 59.7677 3.59138 -13 4161 1 0 1
45.1083 33.9605 325.556 8.72439 8.39481 70.0161 0.949616 -13 4162 1 0 1
-18.549 1.35765 325.556 -4.87087 0.26093 78.0938 1.08615 -13 4163 1 0 1
82.4853 2.91995 325.556 11.2672 0.564026 50.0095 2.19716 -13 4164 1 0 1
74.8434 17.0052 325.556 12.0784 3.70193 57.7371 0.780034 -13 4165 1 0 1
11.3742 10.3028 325.556 2.0461 2.12607 57.606 2.78753 -13 4166 1 0 1
41.117 36.2686 325.556 7.3168 8.43396 64.4626 4.12806 -13 4167 1 0 1
-1.60421 -61.536 325.556 -0.255576 -13.4545 62.3482 1.78573 -13 4168 1 0 1
-89.4569 27.0296 325.556 -6.33021 3.44481 32.3918 4.5742 -13 4169 1 0 1
37.0833 -0.85788 325.556 6.3817 -0.0788984 60.1407 2.87768 -13 4170 1 0 1
-6.50697 -32.1475 325.556 -1.33952 -7.85368 66.4648 -0.0138915 -13 4171 1 0 1
-9.1177 10.1376 325.556 -1.65877 2.57228 63.0736 2.22993 -13 4172 1 0 1
16.3192 68.3534 325.556 2.92772 16.3385 68.969 2.00022 -13 4173 1 0 1
16.7549 30.1952 325.556 2.75686 6.26235 56.7817 2.56531 -13 4174 1 0 1
-39.0779 -42.3636 325.556 -6.41838 -9.08298 59.9334 2.54831 -13 4175 1 0 1
-0.699207 18.7058 325.556 -0.141696 4.35266 66.9454 -0.0307502 -13 4176 1 0 1
50.5223 -15.0533 325.556 7.67758 -3.00232 54.2254 0.776581 -13 4177 1 0 1
-59.5038 -58.0669 325.556 -8.55719 -11.125 53.5685 3.44643 -13 4178 1 0 1
-36.4785 -50.225 325.556 -7.44874 -11.6788 68.93 0.564715 -13 4179 1 0 1
30.99 -1.27065 325.556 5.63118 -0.104166 65.156 2.33139 -13 4180 1 0 1
8.51187 15.9802 325.556 1.14083 4.73194 78.0898 1.8831 -13 4181 1 0 1
15.4395 42.7547 325.556 2.83523 10.0672 67.0041 -0.91203 -13 4182 1 0 1
30.8106 28.9602 325.556 5.78538 7.26243 68.7928 3.01854 -13 4183 1 0 1
-9.02237 11.4093 325.556 -2.12389 2.84754 70.442 -0.956756 -13 4184 1 0 1
-9.75054 -6.88467 325.556 -1.97185 -1.46378 66.8376 2.04413 -13 4185 1 0 1
-12.2028 76.4198 325.556 -2.5126 17.5094 66.2258 1.24214 -13 4186 1 0 1
25.2162 -9.50698 325.556 4.74427 -1.85516 68.6188 1.88491 -13 4187 1 0 1
92.578 26.6997 325.556 12.3484 4.97614 49.3767 3.63433 -13 4188 1 0 1
-7.04863 28.2505 325.556 -2.32728 7.0762 78.5373 0.720015 -13 4189 1 0 1
19.2024 -7.44619 325.556 3.34877 -1.36372 57.7982 3.81996 -13 4190 1 0 1
-13.6678 -80.5472 325.556 -1.64323 -14.7828 50.9487 1.7714 -13 4191 1 0 1
12.4882 -66.1324 325.556 1.98692 -18.4501 78.921 0.875538 -13 4192 1 0 1
-22.8514 -28.4355 325.556 -4.84082 -6.90117 70.1256 2.43896 -13 4193 1 0 1
-29.165 87.9272 325.556 -3.39368 15.1009 46.6867 2.94206 -13 4194 1 0 1
-18.8881 -65.6437 325.556 -2.19458 -12.0864 49.2499 2.2273 -13 4195 1 0 1
-16.1692 -0.608205 325.556 -4.82994 -0.15558 80.4699 1.30941 -13 4196 1 0 1
-5.15474 -18.0043 325.556 -1.12617 -3.97273 69.3123 4.32559 -13 4197 1 0 1
-10.2548 7.60645 325.556 -2.70881 1.7221 74.5257 2.27379 -13 4198 1 0 1
51.3565 -12.1342 325.556 8.30268 -2.37167 57.6847 2.05091 -13 4199 1 0 1
-8.37543 -10.9153 325.556 -2.59401 -1.91068 77.8969 2.75162 -13 4200 1 0 1
-29.7702 15.2063 325.556 -3.83127 2.84571 49.9402 3.45571 -13 4201 1 0 1
0.801295 45.3625 325.556 0.253324 9.72236 57.3618 3.5071 -13 4202 1 0 1
-88.8787 64.7261 325.556 -15.2445 14.1463 61.8389 2.33322 -13 4203 1 0 1
-24.6952 -8.02027 325.556 -4.42662 -2.26354 64.4229 0.488614 -13 4204 1 0 1
-55.8958 -8.76291 325.556 -9.56021 -2.11871 61.4278 1.2599 -13 4205 1 0 1
-62.1079 -15.9917 325.556 -12.7545 -4.00681 70.5417 4.28178 -13 4206 1 0 1
-8.90495 18.7827 325.556 -2.08876 4.51665 71.1967 1.5939 -13 4207 1 0 1
-13.6567 12.2267 325.556 -2.81217 2.84387 68.4945 1.65769 -13 4208 1 0 1
-55.5972 -22.6937 325.556 -10.9584 -5.32013 68.0699 0.096769 -13 4210 1 0 1
-29.143 -9.72286 325.556 -6.36099 -2.23115 72.6196 0.679506 -13 4211 1 0 1
-15.2157 49.2193 325.556 -3.35763 12.8777 71.1596 1.72063 -13 4212 1 0 1
13.5802 -49.6067 325.556 2.42459 -12.4992 69.683 2.17633 -13 4213 1 0 1
-1.12982 47.4481 325.556 0.116089 8.60815 49.2517 3.22141 -13 4214 1 0 1
-59.7588 18.9781 325.556 -9.60238 3.30722 58.6428 2.19283 -13 4215 1 0 1
45.4815 8.92135 325.556 7.50703 2.02661 58.9125 2.99857 -13 4216 1 0 1
75.5505 -1.65922 325.556 9.00026 -0.426253 44.2046 3.40271 -13 4217 1 0 1
-36.3069 10.4083 325.556 -3.95875 1.25564 43.862 2.85212 -13 4218 1 0 1
-21.1451 28.3806 325.556 -4.09424 6.58093 66.018 0.610925 -13 4219 1 0 1
6.53913 -5.85273 325.556 0.964624 -0.991846 72.4569 2.39389 -13 4220 1 0 1
-21.7677 -17.6888 325.556 -4.51017 -4.3509 69.3429 0.658504 -13 4221 1 0 1
-29.0794 -137.871 325.556 -4.24245 -26.7912 53.3721 1.51545 -13 4222 1 0 1
-46.1861 14.1542 325.556 -10.5996 4.27753 76.0186 1.02038 -13 4223 1 0 1
31.8387 -19.7008 325.556 5.78825 -4.54948 66.8887 4.22396 -13 4224 1 0 1
-31.7131 39.2157 325.556 -6.9009 10.212 72.7533 3.62309 -13 4225 1 0 1
-24.0358 -29.996 325.556 -4.58655 -6.88979 65.363 2.1888 -13 4226 1 0 1
5.63545 18.332 325.556 0.920589 4.2896 67.2776 6.11759 -13 4227 1 0 1
-36.3561 45.2131 325.556 -4.82315 8.37946 51.0962 0.818038 -13 4228 1 0 1
5.06146 -14.9894 325.556 0.792509 -4.09799 68.6795 2.14188 -13 4229 1 0 1
-25.395 -18.4689 325.556 -4.32329 -3.8052 60.8122 1.55703 -13 4230 1 0 1
3.55827 112.979 325.556 0.418397 26.4603 64.3253 1.39658 -13 4231 1 0 1
6.2364 22.7012 325.556 0.840087 2.91526 35.2155 3.71574 -13 4232 1 0 1
-30.832 30.8939 325.556 -5.83613 6.99202 66.0547 2.48511 -13 4233 1 0 1
27.7098 -26.2257 325.556 5.36518 -6.92358 72.3814 1.31792 -13 4234 1 0 1
-35.9348 -123.942 325.556 -4.45706 -21.7924 47.686 2.78387 -13 4235 1 0 1
-14.0707 17.8405 325.556 -2.83926 4.78453 67.3615 2.84432 -13 4236 1 0 1
-52.8873 -27.0316 325.556 -9.66631 -5.96083 64.7856 1.74489 -13 4237 1 0 1
19.8338 44.5671 325.556 3.47372 10.5926 63.98 2.3478 -13 4238 1 0 1
-19.141 -28.9989 325.556 -4.49113 -7.99948 73.8087 1.39235 -13 4239 1 0 1
-35.3034 -19.5526 325.556 -6.50325 -4.36969 64.9184 3.53029 -13 4240 1 0 1
-10.8416 -26.6047 325.556 -3.58952 -7.50477 80.2663 2.45249 -13 4241 1 0 1
-2.72337 -87.6488 325.556 -1.44319 -23.4505 76.0475 2.53753 -13 4242 1 0 1
9.33193 -53.2006 325.556 1.64024 -11.2109 61.4013 2.59934 -13 4243 1 0 1
-39.4413 -74.4736 325.556 -5.65838 -15.1234 53.6273 1.31953 -13 4244 1 0 1
-44.2242 -46.8806 325.556 -5.49823 -7.95837 48.4517 1.42272 -13 4245 1 0 1
-11.3874 -29.8349 325.556 -2.7997 -7.10663 72.5551 1.33419 -13 4246 1 0 1
-29.4428 67.1158 325.556 -5.93029 15.8229 68.2217 3.25876 -13 4247 1 0 1
-59.0325 -32.5907 325.556 -11.8765 -8.26812 69.8461 2.80548 -13 4248 1 0 1
17.5555 -29.2284 325.556 2.69277 -5.19045 51.6433 2.7772 -13 4249 1 0 1
38.745 -0.213093 325.556 5.16634 0.149137 46.5796 3.61281 -13 4250 1 0 1
-3.9402 -47.149 325.556 -0.795214 -10.8205 62.6655 0.590702 -13 4251 1 0 1
15.5969 10.6816 325.556 2.82924 2.14322 65.7363 1.3782 -13 4252 1 0 1
-22.7208 -69.5716 325.556 -4.73771 -17.292 69.1089 1.53582 -13 4253 1 0 1
2.42685 41.2378 325.556 -0.573012 11.4173 79.0038 0.853004 -13 4254 1 0 1
16.496 -26.483 325.556 3.06838 -6.07861 57.3556 2.66443 -13 4255 1 0 1
25.1342 -57.359 325.556 4.5023 -13.2009 64.3504 2.28938 -13 4256 1 0 1
15.137 -7.60449 325.556 2.67101 -1.61895 60.8199 4.28225 -13 4257 1 0 1
23.4151 -37.3295 325.556 4.08554 -7.97837 60.1074 0.863369 -13 4258 1 0 1
2.57897 -16.8333 325.556 -0.00683562 -4.95512 76.73 3.80365 -13 4259 1 0 1
-10.6748 -41.5596 325.556 -2.43115 -9.73534 70.0513 3.31089 -13 4260 1 0 1
15.7107 -71.349 325.556 1.88968 -10.3952 38.0735 3.07722 -13 4261 1 0 1
-10.4259 41.0968 325.556 -2.79419 11.4108 75.4123 1.95663 -13 4262 1 0 1
-30.1183 48.9451 325.556 -5.04155 10.0517 61.2454 1.27815 -13 4263 1 0 1
-50.053 -44.6805 325.556 -9.05135 -10.3834 64.6289 1.15305 -13 4264 1 0 1
-40.8714 10.2844 325.556 -10.3049 3.21958 78.7878 0.978277 -13 4265 1 0 1
-25.3509 93.1113 325.556 -4.91694 21.8695 65.0968 2.83467 -13 4266 1 0 1
-4.5984 22.7807 325.556 -1.71909 6.28671 77.8468 3.58489 -13 4267 1 0 1
-22.6429 8.04296 325.556 -3.29977 1.89687 55.8766 1.94025 -13 4268 1 0 1
-40.4798 -28.0258 325.556 -6.11871 -5.91721 56.2245 0.747261 -13 4269 1 0 1
5.53156 44.1514 325.556 0.961686 10.1511 64.3754 2.19243 -13 4270 1 0 1
11.0966 15.466 325.556 1.93426 3.19638 59.3051 0.0743931 -13 4271 1 0 1
56.9154 -14.0861 325.556 10.3471 -3.82333 65.6543 2.46775 -13 4272 1 0 1
-25.2766 15.5509 325.556 -4.69014 3.27738 65.22 1.47478 -13 4273 1 0 1
-40.8476 -73.4128 325.556 -5.40066 -13.5705 51.1217 3.12701 -13 4275 1 0 1
-21.3076 38.7442 325.556 -2.92291 7.40847 54.2233 1.90759 -13 4276 1 0 1
-24.1321 -6.14662 325.556 -6.37584 -1.50567 80.1592 2.49396 -13 4277 1 0 1
-69.9974 -8.46369 325.556 -12.0774 -1.15092 61.8295 1.35461 -13 4278 1 0 1
1.71222 39.0432 325.556 -0.0359556 9.83324 72.0271 2.93294 -13 4279 1 0 1
4.5206 -44.4953 325.556 0.837268 -9.2172 56.4645 1.82652 -13 4280 1 0 1
-19.3947 -77.7182 325.556 -2.78608 -15.9661 55.0341 1.18612 -13 4281 1 0 1
-1.09607 -13.2823 325.556 -0.0760427 -3.06776 59.8113 2.05157 -13 4282 1 0 1
-24.5224 -43.8903 325.556 -6.00267 -11.3761 77.099 -0.0127266 -13 4283 1 0 1
-12.1828 23.54 325.556 -2.8855 5.72211 71.0172 2.1605 -13 4284 1 0 1
6.24212 0.651188 325.556 1.15039 -0.107554 57.4733 2.45909 -13 4285 1 0 1
33.5618 -38.3558 325.556 5.97747 -8.95469 66.2578 2.09847 -13 4286 1 0 1
13.751 5.87798 325.556 2.46241 1.12084 60.1926 3.12476 -13 4287 1 0 1
-13.7399 94.3977 325.556 -1.81333 18.2229 52.9449 2.12088 -13 4288 1 0 1
28.3839 7.57002 325.556 5.4476 2.04039 72.3609 1.79772 -13 4290 1 0 1
-21.3099 -26.5295 325.556 -4.51181 -6.37463 71.7856 2.8054 -13 4291 1 0 1
4.59045 14.9823 325.556 0.299995 3.87947 77.3048 3.66424 -13 4292 1 0 1
-47.6701 -45.9961 325.556 -10.4811 -11.6236 73.813 1.05256 -13 4293 1 0 1
-29.0525 8.87022 325.556 -5.99294 1.72261 69.4855 1.8819 -13 4294 1 0 1
-34.9793 -17.5521 325.556 -6.08089 -4.0458 61.9881 0.026889 -13 4295 1 0 1
-35.6652 20.7375 325.556 -7.50451 4.83973 71.453 2.39161 -13 4296 1 0 1
-17.2255 17.7114 325.556 -2.39999 3.56775 54.9203 2.34681 -13 4297 1 0 1
-24.8467 -18.1464 325.556 -4.74988 -4.2987 66.0608 1.90778 -13 4298 1 0 1
23.9831 18.1554 325.556 3.30179 3.03594 47.0624 2.06306 -13 4299 1 0 1
-15.0003 -34.2925 325.556 -4.00053 -8.93329 77.5879 4.53689 -13 4300 1 0 1
69.1073 56.698 325.556 9.14942 10.0988 48.5725 4.43612 -13 4301 1 0 1
32.608 26.8683 325.556 4.63125 4.83141 49.839 2.81648 -13 4302 1 0 1
-29.3677 24.7601 325.556 -5.32909 5.76048 63.9093 2.42765 -13 4303 1 0 1
25.945 4.02305 325.556 4.90552 1.2348 67.0558 -0.892508 -13 4304 1 0 1
51.0526 -3.92519 325.556 5.7019 -0.401223 40.2428 2.29719 -13 4305 1 0 1
-14.921 54.4021 325.556 -2.72259 12.2686 63.617 1.84485 -13 4306 1 0 1
-22.2586 -6.22871 325.556 -4.129 -1.18366 64.9752 3.43401 -13 4307 1 0 1
-16.341 43.9439 325.556 -3.81946 11.4638 72.5939 4.55252 -13 4308 1 0 1
32.6755 -0.840206 325.556 6.25457 -0.601064 70.5089 1.0054 -13 4309 1 0 1
16.946 24.4493 325.556 2.92047 4.69261 58.4691 2.19666 -13 4310 1 0 1
102.485 -15.2581 325.556 9.49874 -2.20721 36.7739 1.62247 -13 4311 1 0 1
-75.3074 18.4681 325.556 -16.6032 4.73986 74.686 2.19864 -13 4312 1 0 1
14.5496 -14.4639 325.556 2.54898 -3.27226 64.4379 1.37251 -13 4313 1 0 1
13.9913 -49.9886 325.556 2.37556 -10.4731 59.6601 2.56707 -13 4314 1 0 1
-40.7689 55.642 325.556 -4.75549 9.54258 46.4767 3.21451 -13 4315 1 0 1
12.1515 4.68903 325.556 2.17663 0.743751 62.0398 1.07458 -13 4316 1 0 1
17.1241 64.1348 325.556 2.98901 14.8722 65.5986 3.27561 -13 4317 1 0 1
5.35291 -128.881 325.556 0.845019 -21.4795 44.1992 2.96947 -13 4318 1 0 1
5.67089 24.1321 325.556 0.860643 6.36194 74.2099 1.38844 -13 4319 1 0 1
55.1761 67.61 325.556 10.1496 16.1598 67.0688 1.73964 -13 4320 1 0 1
-26.1547 24.2154 325.556 -5.63137 5.40787 70.8441 2.73972 -13 4321 1 0 1
0.842803 10.2218 325.556 -0.215454 2.6246 72.1328 0.702882 -13 4322 1 0 1
9.52376 -37.8665 325.556 1.59598 -9.1235 70.3529 0.57825 -13 4323 1 0 1
39.1521 15.3856 325.556 2.27313 1.32466 24.0316 4.06045 -13 4324 1 0 1
24.3643 -63.8479 325.556 4.37902 -14.9793 65.8845 2.9477 -13 4325 1 0 1
16.355 -45.106 325.556 2.89622 -10.8645 66.2708 1.50126 -13 4326 1 0 1
49.3428 75.8015 325.556 4.76551 10.3846 36.7386 2.30411 -13 4327 1 0 1
-65.0317 12.8907 325.556 -15.279 3.13749 77.7793 0.851456 -13 4328 1 0 1
96.3515 -50.2338 325.556 17.1632 -11.926 65.0099 -0.0654529 -13 4329 1 0 1
-15.3791 8.98575 325.556 -3.2489 1.7426 68.9858 0.632485 -13 4330 1 0 1
-8.20484 49.4285 325.556 -1.11954 9.57249 55.6643 1.98884 -13 4331 1 0 1
-48.9504 -37.7086 325.556 -6.77528 -6.69308 52.4307 2.85368 -13 4332 1 0 1
51.0699 -22.4473 325.556 8.71201 -5.35721 61.259 0.210986 -13 4333 1 0 1
-8.2612 13.0695 325.556 -0.836569 2.18209 51.3507 0.97723 -13 4334 1 0 1
-30.9677 -19.6676 325.556 -4.66425 -4.27632 57.2768 1.88096 -13 4335 1 0 1
-22.9116 72.4721 325.556 -6.37439 19.5945 76.7652 0.284603 -13 4336 1 0 1
1.56591 -55.8702 325.556 0.431002 -11.7358 58.4033 1.65908 -13 4337 1 0 1
19.9706 -1.64619 325.556 2.86831 0.0860637 47.6452 1.20774 -13 4338 1 0 1
9.95399 -27.431 325.556 1.70167 -5.6279 56.06 1.95944 -13 4339 1 0 1
26.1922 6.70683 325.556 5.10384 1.47685 72.9693 2.53873 -13 4340 1 0 1
-17.2972 -30.13 325.556 -3.97966 -8.03416 73.3455 2.55528 -13 4341 1 0 1
-13.9633 53.5614 325.556 -2.194 11.0249 57.7485 1.00536 -13 4342 1 0 1
11.4531 0.315109 325.556 1.97789 0.0464571 66.4238 3.14363 -13 4343 1 0 1
-20.672 21.4038 325.556 -5.07607 5.51546 74.9833 -0.0482831 -13 4344 1 0 1
12.0737 -25.2397 325.556 2.12504 -6.69138 70.7135 2.33029 -13 4345 1 0 1
-71.0604 -14.0488 325.556 -10.7297 -2.36471 55.9167 0.671444 -13 4346 1 0 1
49.9665 32.5658 325.556 1.61882 2.31654 16.6577 7.78272 -13 4347 1 0 1
-0.689711 5.97648 325.556 -0.0818845 1.17015 61.3945 5.14664 -13 4348 1 0 1
-32.134 84.6747 325.556 -5.45797 18.4392 60.6028 3.13991 -13 4349 1 0 1
-9.3465 57.8193 325.556 -1.09061 10.943 53.7044 2.70628 -13 4350 1 0 1
1.55655 -13.5132 325.556 0.0665138 -2.94418 67.5014 2.21001 -13 4351 1 0 1
17.8257 4.95832 325.556 2.97257 1.18405 56.2378 2.96181 -13 4352 1 0 1
21.2138 -6.17512 325.556 3.01952 -1.27129 47.1775 3.12261 -13 4353 1 0 1
49.9627 -9.35515 325.556 8.68933 -1.72658 61.0895 2.81641 -13 4354 1 0 1
-3.84544 10.6256 325.556 -1.34016 2.802 74.8969 1.53996 -13 4355 1 0 1
-32.8566 -9.50492 325.556 -6.42945 -2.43403 67.3197 2.18358 -13 4356 1 0 1
-30.8636 -22.1523 325.556 -7.37922 -5.96392 77.0555 0.692984 -13 4357 1 0 1
-17.426 -31.7333 325.556 -3.65486 -7.45094 69.4007 0.754245 -13 4358 1 0 1
-11.0127 7.14406 325.556 -2.42221 2.06079 69.6782 3.38789 -13 4359 1 0 1
14.2328 -48.1761 325.556 2.32055 -9.37391 55.155 0.899078 -13 4360 1 0 1
-18.6077 -54.9719 325.556 -4.62501 -14.3308 75.226 3.16746 -13 4361 1 0 1
-0.886678 30.4051 325.556 -0.43513 7.82047 67.4967 2.36724 -13 4362 1 0 1
12.7512 -55.1971 325.556 2.08957 -11.8696 59.1359 2.74785 -13 4363 1 0 1
20.9996 48.2493 325.556 3.41876 9.73851 56.8133 3.18722 -13 4364 1 0 1
-139.358 -84.0489 325.556 -16.1987 -13.8719 45.5733 4.88485 -13 4365 1 0 1
64.7904 -28.8782 325.556 9.62947 -5.70552 53.5979 4.77986 -13 4366 1 0 1
27.8236 6.2583 325.556 5.32005 1.85367 69.9861 1.5166 -13 4367 1 0 1
17.9019 -95.9537 325.556 2.46364 -16.2209 45.947 4.10141 -13 4368 1 0 1
-7.99545 -20.5628 325.556 -1.79318 -4.76404 69.3328 0.523858 -13 4369 1 0 1
20.1154 -56.9307 325.556 3.32448 -11.916 58.0938 -0.0475625 -13 4370 1 0 1
-2.75668 50.0173 325.556 -0.826763 12.217 70.8312 2.86723 -13 4371 1 0 1
15.6076 -24.0481 325.556 2.51059 -4.43684 54.6822 0.365453 -13 4372 1 0 1
-37.5379 -5.84029 325.556 -6.09324 -0.708608 59.6264 -0.345731 -13 4373 1 0 1
-7.06302 -30.0601 325.556 -1.3617 -7.53733 66.277 1.51662 -13 4375 1 0 1
-14.6196 44.9385 325.556 -2.92297 10.8165 67.9345 3.09047 -13 4376 1 0 1
-32.1084 -57.9672 325.556 -5.31674 -12.9647 60.1601 4.14972 -13 4377 1 0 1
-93.983 143.435 325.556 -12.84 26.971 51.0036 4.00173 -13 4378 1 0 1
58.4225 23.7668 325.556 9.53633 5.11971 58.3068 1.99488 -13 4379 1 0 1
20.3772 -19.966 325.556 3.82892 -5.09016 72.4784 0.976713 -13 4380 1 0 1
14.7233 31.8446 325.556 2.60189 8.04547 68.1018 2.79015 -13 4381 1 0 1
-30.8656 -15.2409 325.556 -4.90007 -2.81318 58.8116 0.43359 -13 4382 1 0 1
29.7929 8.362 325.556 5.16802 1.75347 62.8907 2.34576 -13 4383 1 0 1
46.1566 5.81809 325.556 9.36918 1.67653 78.8444 2.24935 -13 4384 1 0 1
0.566024 2.26377 325.556 -0.112189 0.518633 68.5725 3.00727 -13 4385 1 0 1
-27.1923 -0.180902 325.556 -5.07351 -0.304529 65.29 3.23941 -13 4386 1 0 1
-70.0136 91.3979 325.556 -13.4441 21.8427 66.6074 2.15085 -13 4387 1 0 1
-17.0101 -83.6161 325.556 -2.85447 -18.0872 60.4798 3.03513 -13 4388 1 0 1
10.4161 -31.5314 325.556 1.61921 -5.6123 46.1031 2.8137 -13 4389 1 0 1
-27.5733 -30.8035 325.556 -3.08631 -5.12375 45.6113 3.40937 -13 4390 1 0 1
-26.8047 37.3178 325.556 -5.27983 8.71732 67.6376 0.474712 -13 4391 1 0 1
30.1124 -55.9013 325.556 4.6279 -10.5883 52.3611 4.23368 -13 4392 1 0 1
0.356365 29.8666 325.556 -0.267908 7.4708 71.4085 0.831963 -13 4393 1 0 1
6.29299 70.6636 325.556 1.05252 14.8516 57.8776 0.588777 -13 4394 1 0 1
-74.705 -18.0145 325.556 -13.1307 -4.4897 62.8195 2.53312 -13 4395 1 0 1
-26.948 15.2005 325.556 -4.44518 3.40746 60.7669 2.22828 -13 4396 1 0 1
-14.4517 32.5775 325.556 -2.98673 7.4917 70.0457 1.71197 -13 4397 1 0 1
5.8045 -12.8749 325.556 1.03811 -2.92751 61.05 3.18575 -13 4398 1 0 1
8.74003 -70.0103 325.556 1.38124 -12.2116 47.3878 2.6508 -13 4399 1 0 1
-3.06595 40.4071 325.556 -0.652 10.0344 65.8558 3.6227 -13 4400 1 0 1
-24.3907 -43.6181 325.556 -5.46038 -11.1721 72.9261 0.5185 -13 4401 1 0 1
-36.6541 15.1202 325.556 -5.31172 3.21923 54.7587 0.828821 -13 4402 1 0 1
39.0858 -20.9652 325.556 6.98456 -4.90645 62.9555 3.90469 -13 4403 1 0 1
-14.1227 -0.974282 325.556 -1.57697 0.172017 48.5234 2.00738 -13 4404 1 0 1
23.99 9.38281 325.556 3.857 1.67734 56.6368 3.67366 -13 4405 1 0 1
15.5581 -39.3105 325.556 2.85898 -9.84232 68.3985 3.56991 -13 4406 1 0 1
4.63755 28.9819 325.556 0.953865 5.47604 51.9217 4.26835 -13 4408 1 0 1
81.7221 36.0738 325.556 14.6216 7.87663 65.343 1.75577 -13 4409 1 0 1
-23.7795 29.1528 325.556 -3.13124 5.58148 51.1762 2.08531 -13 4410 1 0 1
-9.7801 47.2494 325.556 -1.23599 9.16107 54.0065 1.98345 -13 4411 1 0 1
6.41258 -2.40396 325.556 1.13377 -0.0286394 67.5265 2.36546 -13 4412 1 0 1
-5.89164 -27.3753 325.556 -1.34541 -6.73208 69.6943 3.28789 -13 4413 1 0 1
15.2475 -3.97258 325.556 2.72362 -0.939236 81.5373 1.2869 -13 4414 1 0 1
12.587 -6.92197 325.556 2.28953 -1.79952 66.8309 1.50734 -13 4415 1 0 1
78.6881 -1.04439 325.556 10.4005 0.00739775 47.7813 0.994095 -13 4416 1 0 1
98.6596 3.63379 325.556 14.7644 0.16749 54.7534 3.11575 -13 4417 1 0 1
-56.6598 -3.42922 325.556 -8.44564 -0.710631 55.8214 0.495343 -13 4418 1 0 1
-60.2934 28.0737 325.556 -12.7243 7.07755 72.1081 0.742564 -13 4419 1 0 1
-18.7905 -17.5967 325.556 -4.34061 -3.90786 73.0397 1.81142 -13 4420 1 0 1
3.24604 1.76817 325.556 0.511451 0.147856 65.0685 0.182902 -13 4421 1 0 1
-1.74717 5.89726 325.556 0.0283469 1.15318 50.9475 3.43268 -13 4422 1 0 1
39.9849 -47.4589 325.556 5.14999 -8.15513 46.1841 1.65665 -13 4423 1 0 1
9.38844 -50.4617 325.556 1.24806 -7.64643 41.3756 4.75971 -13 4424 1 0 1
-59.3958 -2.35672 325.556 -9.07634 -0.357246 56.2459 3.43301 -13 4425 1 0 1
-33.448 -6.62482 325.556 -6.37755 -1.51934 66.6773 0.776468 -13 4426 1 0 1
32.2362 -60.5196 325.556 4.94331 -11.3038 53.8246 4.24209 -13 4428 1 0 1
-6.56334 -19.0037 325.556 -1.29358 -4.34707 66.5936 2.86242 -13 4429 1 0 1
-37.1441 -40.1056 325.556 -5.7618 -8.21893 57.5969 -0.0396128 -13 4430 1 0 1
-17.6833 47.4163 325.556 -3.62245 10.7597 68.9548 1.75132 -13 4431 1 0 1
77.272 -10.2768 325.556 12.879 -1.79977 59.9686 1.28202 -13 4432 1 0 1
-8.35853 -41.1953 325.556 -1.31119 -9.06676 61.4584 0.621868 -13 4433 1 0 1
-30.7579 -30.8865 325.556 -5.88093 -7.1319 66.8095 2.70531 -13 4434 1 0 1
24.9166 -1.56027 325.556 4.54241 -0.800791 64.7965 3.49725 -13 4435 1 0 1
-82.6147 -78.005 325.556 -14.7263 -17.6456 63.2201 2.80892 -13 4436 1 0 1
71.4812 41.6606 325.556 5.4696 4.90249 30.4708 5.75699 -13 4437 1 0 1
16.33 34.739 325.556 2.85306 7.58847 61.3846 1.93207 -13 4438 1 0 1
-34.4877 -47.5577 325.556 -7.22002 -11.6294 70.1093 1.32549 -13 4439 1 0 1
-36.6397 -17.6091 325.556 -6.82945 -4.37833 65.63 3.00357 -13 4440 1 0 1
38.8506 -0.713737 325.556 6.98286 -0.566105 65.2788 2.06421 -13 4441 1 0 1
47.3204 54.1428 325.556 7.07939 10.8989 54.216 4.054 -13 4442 1 0 1
-9.86881 10.3963 325.556 -1.75708 2.45024 63.2872 2.93014 -13 4443 1 0 1
-5.96573 3.91206 325.556 -0.986124 0.551324 61.6836 1.83614 -13 4444 1 0 1
-6.14006 45.5418 325.556 -1.82367 11.8813 73.4458 1.65984 -13 4445 1 0 1
43.8709 -9.56225 325.556 6.16282 -1.6939 49.749 1.84653 -13 4446 1 0 1
-21.2218 60.7648 325.556 -1.47752 8.02456 33.7791 3.38869 -13 4447 1 0 1
-11.2478 90.3147 325.556 -0.757436 12.5469 36.2176 5.47968 -13 4448 1 0 1
-0.712965 -3.02808 325.556 0.174787 -0.418311 44.8188 3.13871 -13 4449 1 0 1
-31.0666 -35.9529 325.556 -6.44565 -8.56306 69.9668 3.34588 -13 4450 1 0 1
-6.73891 -7.02871 325.556 -1.50884 -1.7376 68.6756 2.30227 -13 4451 1 0 1
12.646 -31.5275 325.556 1.90747 -5.37141 48.3124 1.57044 -13 4452 1 0 1
-42.366 36.6406 325.556 -6.25357 7.33448 56.0798 2.91359 -13 4453 1 0 1
-5.77049 65.6456 325.556 -0.72924 12.8135 52.624 2.37995 -13 4454 1 0 1
-56.0135 2.08065 325.556 -8.40762 0.624321 55.7245 1.94426 -13 4455 1 0 1
2.95846 -11.6855 325.556 0.398462 -2.33195 66.3772 2.4488 -13 4456 1 0 1
-12.574 34.2657 325.556 -2.81216 8.21273 71.2688 3.14591 -13 4457 1 0 1
10.9082 -71.8291 325.556 1.85803 -14.1718 56.1125 3.0167 -13 4458 1 0 1
34.4576 -12.1997 325.556 6.11082 -2.64312 63.0731 0.752659 -13 4460 1 0 1
0.315164 -3.06857 325.556 -0.587866 -0.372173 76.5495 3.71357 -13 4461 1 0 1
-57.1002 35.8598 325.556 -10.9038 8.23021 66.7723 3.4345 -13 4462 1 0 1
-2.72394 -6.65326 325.556 -0.26539 -0.687959 55.9718 2.32125 -13 4463 1 0 1
16.1118 33.2523 325.556 2.90525 7.68129 69.4688 1.68304 -13 4464 1 0 1
0.984044 -59.9872 325.556 0.320687 -12.3422 58.7066 0.625447 -13 4465 1 0 1
29.0065 -27.1886 325.556 5.69358 -7.92377 78.7397 0.505062 -13 4466 1 0 1
-74.1455 0.145394 325.556 -14.5587 0.205307 68.6369 1.5976 -13 4467 1 0 1
-11.8131 26.4965 325.556 -2.75982 6.4502 72.0833 1.304 -13 4468 1 0 1
9.19038 -24.0686 325.556 1.4964 -6.38388 72.743 2.48069 -13 4469 1 0 1
51.632 -1.34227 325.556 4.40752 -0.157679 33.2561 2.5735 -13 4470 1 0 1
26.3913 -37.0959 325.556 4.53945 -8.14178 60.9969 1.74604 -13 4471 1 0 1
-27.0357 -13.9531 325.556 -5.13786 -3.12271 66.2815 2.11849 -13 4473 1 0 1
13.761 9.80123 325.556 2.44486 2.15746 63.6973 2.19729 -13 4474 1 0 1
57.8765 -127.161 325.556 8.5815 -25.0021 54.0253 2.94656 -13 4475 1 0 1
-0.606021 -19.8556 325.556 -0.0278048 -4.2105 58.2003 0.876389 -13 4476 1 0 1
19.9709 -11.7036 325.556 3.35874 -1.77336 56.4858 2.63084 -13 4477 1 0 1
17.1317 2.40921 325.556 2.51675 0.543741 51.0207 4.27382 -13 4478 1 0 1
4.13256 -5.12834 325.556 0.6578 -1.4892 64.8677 0.474897 -13 4479 1 0 1
-22.6336 76.894 325.556 -4.13813 17.4067 63.1434 1.70694 -13 4480 1 0 1
19.1657 -62.2995 325.556 3.05953 -12.2375 55.965 2.99274 -13 4481 1 0 1
-5.93645 -12.0365 325.556 -1.6227 -2.62359 71.6319 2.24222 -13 4482 1 0 1
-4.3891 32.0387 325.556 -1.81773 8.78604 79.2972 -0.0722886 -13 4483 1 0 1
-31.6749 56.2382 325.556 -2.44188 7.44635 34.3832 3.45598 -13 4484 1 0 1
-35.9044 20.632 325.556 -3.05282 3.20846 36.5528 5.86961 -13 4485 1 0 1
28.205 35.4743 325.556 3.78568 6.39929 46.3675 2.12874 -13 4486 1 0 1
37.4677 -0.703844 325.556 6.49766 -0.147452 61.3799 1.51722 -13 4487 1 0 1
-43.5936 -19.4872 325.556 -8.74528 -4.9471 69.0828 0.788776 -13 4488 1 0 1
49.4811 -5.12758 325.556 7.91434 -0.93339 56.2762 4.30677 -13 4489 1 0 1
16.3538 13.8833 325.556 2.23647 2.26443 42.1552 0.676073 -13 4490 1 0 1
-9.90728 -39.9627 325.556 -2.18069 -9.63707 69.2369 2.60269 -13 4491 1 0 1
4.11049 -9.74661 325.556 0.43797 -3.04291 72.9157 1.81796 -13 4492 1 0 1
-28.407 -45.3825 325.556 -6.68715 -12.2562 75.6377 0.766668 -13 4493 1 0 1
-3.26985 0.0993577 325.556 -0.317818 0.179817 57.1377 2.27658 -13 4494 1 0 1
30.4142 67.5088 325.556 5.55732 15.8281 66.3931 1.72736 -13 4495 1 0 1
-9.91074 -12.8932 325.556 -1.70004 -2.74273 64.2091 0.42903 -13 4496 1 0 1
-21.9155 24.3853 325.556 -5.78671 7.25325 79.0248 2.41152 -13 4497 1 0 1
28.139 -4.18991 325.556 5.45213 -0.0839621 75.7588 3.59636 -13 4498 1 0 1
-27.6769 23.7895 325.556 -5.66311 5.78073 69.9685 2.02308 -13 4499 1 0 1
-21.9743 4.73536 325.556 -3.79355 0.950548 62.1916 1.70474 -13 4500 1 0 1
6.31961 -5.00549 325.556 0.985994 -1.51744 68.2747 2.68482 -13 4501 1 0 1
120.186 -13.4985 325.556 16.057 -2.44766 50.1432 2.48425 -13 4503 1 0 1
20.9431 79.3972 325.556 3.17049 14.9598 51.4244 3.03454 -13 4504 1 0 1
21.8056 92.5129 325.556 1.83339 11.0734 30.4422 4.29894 -13 4505 1 0 1
45.1017 -28.9099 325.556 7.40543 -6.39099 57.6369 1.72972 -13 4506 1 0 1
24.9553 44.9955 325.556 4.28077 10.1359 61.6445 0.362941 -13 4507 1 0 1
-27.4743 22.3274 325.556 -5.01435 5.24538 64.4017 2.22159 -13 4508 1 0 1
-6.60742 34.3159 325.556 -1.74737 8.76048 72.6165 -0.348846 -13 4509 1 0 1
31.9893 15.6231 325.556 6.15204 3.95548 71.6749 0.652186 -13 4510 1 0 1
-47.9124 -24.5009 325.556 -9.47428 -5.94335 68.3144 1.302 -13 4511 1 0 1
27.8928 25.3976 325.556 5.18468 6.27101 67.0182 1.50574 -13 4512 1 0 1
4.24937 3.27309 325.556 0.792879 0.756162 58.1875 4.57502 -13 4513 1 0 1
12.636 -1.39884 325.556 2.29488 -0.624815 64.2207 1.65443 -13 4514 1 0 1
34.8037 31.643 325.556 6.02329 7.10805 61.543 -0.300059 -13 4515 1 0 1
-21.7444 -44.2645 325.556 -3.8393 -9.84387 62.699 3.49446 -13 4516 1 0 1
8.00493 -88.7692 325.556 1.33762 -18.4699 57.957 3.47441 -13 4517 1 0 1
34.1435 17.9408 325.556 5.63481 3.67098 58.9656 1.37744 -13 4518 1 0 1
5.66191 -17.2319 325.556 0.981763 -3.63495 56.2458 2.89308 -13 4519 1 0 1
10.4952 5.45061 325.556 1.83238 0.881103 62.7585 0.73287 -13 4520 1 0 1
-19.7983 9.37423 325.556 -5.37756 2.27879 80.6103 2.09754 -13 4521 1 0 1
78.5218 -120.591 325.556 5.67981 -14.3441 29.4716 5.14634 -13 4522 1 0 1
-21.6605 60.478 325.556 -3.91112 13.9559 64.1559 5.04788 -13 4523 1 0 1
9.52932 -16.4471 325.556 1.57483 -4.49669 68.3958 2.22933 -13 4524 1 0 1
85.3522 77.5074 325.556 13.0684 15.4344 56.0177 3.93124 -13 4525 1 0 1
-16.2712 -51.4717 325.556 -3.04675 -12.1574 65.1754 1.85948 -13 4526 1 0 1
-14.8869 -1.56786 325.556 -2.77007 -0.254217 65.1858 3.60549 -13 4527 1 0 1
36.9633 0.590952 325.556 6.07095 -0.0222335 57.0702 3.98355 -13 4528 1 0 1
-2.66506 18.7348 325.556 -0.267668 3.33091 54.9508 4.01525 -13 4529 1 0 1
21.8994 -8.35533 325.556 4.09013 -2.17533 68.1567 2.65073 -13 4530 1 0 1
30.3139 -8.04151 325.556 5.0692 -1.57234 58.5801 -0.268976 -13 4531 1 0 1
-15.0829 86.9161 325.556 -1.76344 15.7921 48.6285 2.93583 -13 4532 1 0 1
-34.39 14.6607 325.556 -4.48536 2.47449 50.3839 0.390158 -13 4533 1 0 1
-44.9949 4.61584 325.556 -6.36549 1.42508 53.7209 2.30546 -13 4534 1 0 1
45.3581 46.4488 325.556 7.63234 9.81035 59.709 2.36636 -13 4535 1 0 1
7.16308 54.3773 325.556 1.33621 11.4715 62.1882 1.90531 -13 4536 1 0 1
-23.4077 -41.3943 325.556 -4.73755 -10.5069 68.0404 -0.0109133 -13 4537 1 0 1
-21.2854 -19.8825 325.556 -3.73627 -4.87124 62.7683 -0.233003 -13 4538 1 0 1
-23.249 -12.1754 325.556 -4.57338 -2.76458 68.1028 1.54885 -13 4539 1 0 1
2.45547 -41.0649 325.556 -0.0138616 -10.4309 72.5246 2.87093 -13 4540 1 0 1
-17.3097 68.1112 325.556 -4.00553 16.7131 71.9707 0.694551 -13 4541 1 0 1
-27.8497 -28.16 325.556 -5.20982 -6.8228 65.0278 -0.00286454 -13 4542 1 0 1
28.0314 -9.15096 325.556 5.08881 -2.24083 65.6637 1.90719 -13 4543 1 0 1
-3.35384 -13.8364 325.556 -1.25089 -3.30445 74.9342 1.28265 -13 4544 1 0 1
-28.344 17.4573 325.556 -6.08221 3.88359 71.4521 2.59752 -13 4545 1 0 1
13.7733 36.5861 325.556 1.56976 4.76839 36.1487 3.71572 -13 4546 1 0 1
15.0885 5.47872 325.556 2.85315 1.05342 74.2955 1.64466 -13 4547 1 0 1
32.9091 -11.1945 325.556 6.29216 -2.43601 70.3595 3.89626 -13 4548 1 0 1
4.49462 19.5218 325.556 0.70696 4.82449 65.5769 0.724217 -13 4549 1 0 1
-24.615 49.9413 325.556 -6.30115 13.48 77.2829 1.02787 -13 4550 1 0 1
31.8595 -91.7223 325.556 5.91607 -22.7965 69.6086 0.901602 -13 4551 1 0 1
11.4081 -27.4354 325.556 2.01496 -5.77339 65.914 1.99944 -13 4552 1 0 1
-17.6184 83.7664 325.556 -3.25246 18.7015 63.1034 0.744659 -13 4553 1 0 1
31.4413 31.5124 325.556 4.9354 6.07134 54.0737 1.88415 -13 4554 1 0 1
-50.8956 87.8233 325.556 -8.73918 19.2075 60.7006 2.48576 -13 4555 1 0 1
-40.3762 16.3793 325.556 -8.42464 3.97641 70.9401 3.248 -13 4556 1 0 1
-39.2752 5.03977 325.556 -6.89641 1.07989 63.0005 0.285381 -13 4558 1 0 1
40.499 128.961 325.556 6.69498 27.764 59.9902 4.49455 -13 4559 1 0 1
-31.6455 -31.5853 325.556 -6.14746 -7.53005 66.5452 2.1185 -13 4560 1 0 1
-36.3589 66.93 325.556 -5.49047 13.0183 55.7607 2.36962 -13 4561 1 0 1
71.4653 -82.4027 325.556 7.37524 -12.1862 39.0049 4.24929 -13 4562 1 0 1
-28.4325 -123.501 325.556 -4.98953 -26.8843 61.2874 3.88168 -13 4563 1 0 1
38.2043 23.8846 325.556 7.07108 6.172 66.0338 3.91586 -13 4565 1 0 1
45.4721 -9.52307 325.556 8.44263 -2.28714 67.8238 2.15722 -13 4566 1 0 1
68.7405 52.4122 325.556 11.5443 11.365 60.7414 1.50268 -13 4567 1 0 1
-78.2717 -20.2517 325.556 -12.2678 -4.04158 57.428 2.92535 -13 4568 1 0 1
-59.0804 63.7228 325.556 -9.92529 13.4779 60.6167 2.19337 -13 4570 1 0 1
-2.3505 34.7753 325.556 -0.42358 8.13837 63.7068 1.46222 -13 4571 1 0 1
-43.132 -23.1737 325.556 -10.5885 -6.06083 78.4492 3.40704 -13 4572 1 0 1
96.3703 -63.1253 325.556 11.5586 -10.4928 45.1252 -0.332211 -13 4573 1 0 1
-16.1287 -24.1377 325.556 -2.99184 -5.3818 64.0199 2.3816 -13 4574 1 0 1
3.33278 -59.4006 325.556 0.507349 -13.1329 65.9426 2.08708 -13 4575 1 0 1
73.8152 -64.1888 325.556 10.8267 -12.1274 53.5255 2.51085 -13 4576 1 0 1
-15.1442 -9.73552 325.556 -2.05312 -1.80458 54.4176 1.16919 -13 4578 1 0 1
-36.4303 -5.8412 325.556 -5.50277 -1.74741 56.2411 0.967424 -13 4579 1 0 1
3.56788 -2.40289 325.556 0.107415 -1.2533 77.9492 1.54523 -13 4580 1 0 1
-55.8974 3.03878 325.556 -9.64281 0.607874 62.1662 4.26822 -13 4581 1 0 1
-15.7483 3.9573 325.556 -2.26328 0.978374 56.6256 1.1233 -13 4582 1 0 1
-17.347 47.3027 325.556 -1.56883 6.96266 39.4933 3.01882 -13 4583 1 0 1
2.92543 47.0199 325.556 0.683692 9.9706 57.9145 1.08059 -13 4585 1 0 1
23.7307 17.6032 325.556 4.22381 3.9991 62.3801 2.01594 -13 4586 1 0 1
3.20337 -98.0409 325.556 0.54947 -19.9694 56.4257 3.33183 -13 4587 1 0 1
-106.286 -74.8412 325.556 -10.1642 -11.09 38.642 3.29866 -13 4588 1 0 1
38.4769 69.3535 325.556 1.8111 6.13134 20.9494 4.53513 -13 4589 1 0 1
39.3359 24.8376 325.556 6.57257 5.33541 59.1055 1.85058 -13 4590 1 0 1
15.5076 58.4738 325.556 2.41667 11.3108 53.8543 0.824192 -13 4591 1 0 1
-14.6713 26.6539 325.556 -2.48217 6.04632 62.0276 2.05671 -13 4592 1 0 1
-8.81385 69.2204 325.556 -1.01442 12.6302 50.9228 3.03586 -13 4593 1 0 1
-18.4689 -6.42564 325.556 -3.34739 -1.17381 64.4206 1.21221 -13 4594 1 0 1
-3.58609 -7.82135 325.556 -0.796608 -1.91845 66.0304 1.51761 -13 4595 1 0 1
91.2151 -53.0979 325.556 12.3334 -9.59266 49.7976 3.89581 -13 4596 1 0 1
-5.733 4.38652 325.556 -0.538316 0.804048 47.6763 2.99248 -13 4597 1 0 1
51.5212 34.2161 325.556 7.97218 6.77757 55.008 2.57595 -13 4598 1 0 1
-11.1493 40.6822 325.556 -3.08505 11.1646 75.867 2.24243 -13 4599 1 0 1
-67.8212 15.5004 325.556 -12.6283 3.56801 65.7459 1.54855 -13 4600 1 0 1
-11.6672 45.8577 325.556 -2.10011 10.692 65.1879 3.6279 -13 4601 1 0 1
-18.02 -25.3785 325.556 -4.30608 -6.58145 74.8061 2.56581 -13 4602 1 0 1
24.3763 -64.3784 325.556 4.33986 -14.715 63.477 1.56596 -13 4603 1 0 1
-50.6485 -28.0274 325.556 -6.77288 -5.04256 51.0506 2.66447 -13 4604 1 0 1
-42.817 -14.6764 325.556 -7.10124 -3.18994 59.9211 3.94764 -13 4605 1 0 1
22.9512 30.8581 325.556 3.63581 6.56927 54.8553 2.17768 -13 4606 1 0 1
-15.4729 -15.2298 325.556 -3.64212 -4.40967 73.2402 1.61758 -13 4607 1 0 1
-48.8528 9.59541 325.556 -9.24433 2.77323 65.9496 3.19536 -13 4608 1 0 1
-1.02623 -21.738 325.556 0.191137 -4.05089 53.8751 2.71597 -13 4609 1 0 1
52.6503 31.571 325.556 10.3043 7.93605 71.371 1.98002 -13 4610 1 0 1
31.4562 -11.0486 325.556 5.45433 -2.52091 61.9379 3.86 -13 4611 1 0 1
-14.1851 -34.5679 325.556 -2.45436 -7.30743 62.0604 0.592318 -13 4612 1 0 1
-22.9142 -4.70669 325.556 -5.36754 -1.88243 74.5445 2.00801 -13 4613 1 0 1
7.93216 16.9221 325.556 1.27157 2.80852 45.6215 2.55827 -13 4614 1 0 1
-10.5058 50.0829 325.556 -2.40287 12.4875 70.0296 -0.0398735 -13 4615 1 0 1
-31.2494 4.99972 325.556 -6.87754 0.863005 72.3075 0.834083 -13 4616 1 0 1
-18.5758 52.0726 325.556 -2.27717 9.84035 51.4238 4.20139 -13 4617 1 0 1
-19.1589 -59.3582 325.556 -3.10196 -12.7023 59.3577 1.14077 -13 4618 1 0 1
19.8896 -56.8164 325.556 3.47812 -12.5563 62.3971 2.98906 -13 4619 1 0 1
17.8044 -58.2039 325.556 2.7882 -11.5414 53.6723 0.0392409 -13 4620 1 0 1
-7.84511 29.4557 325.556 -0.936144 5.48761 52.4425 2.59757 -13 4621 1 0 1
-26.4817 -61.625 325.556 -5.46674 -14.8718 69.0539 2.46714 -13 4622 1 0 1
-64.4254 17.5237 325.556 -13.5079 4.26114 71.9536 2.0951 -13 4623 1 0 1
-47.736 61.1652 325.556 -8.09813 12.8494 61.1008 2.6378 -13 4624 1 0 1
-6.027 3.82403 325.556 -1.0331 0.766626 62.8738 2.64287 -13 4625 1 0 1
3.50976 -48.4255 325.556 0.564441 -11.1627 64.8541 3.41102 -13 4626 1 0 1
59.1654 -38.8854 325.556 10.3744 -8.10521 62.3763 2.97072 -13 4627 1 0 1
31.0245 4.15789 325.556 4.74141 0.881336 53.2587 1.47413 -13 4628 1 0 1
6.80034 -36.9303 325.556 1.18033 -7.80298 59.5378 2.89002 -13 4629 1 0 1
48.2379 -9.16113 325.556 9.48322 -2.42178 72.4064 2.31644 -13 4630 1 0 1
-1.82519 32.2258 325.556 -0.749083 7.67717 69.2233 1.7139 -13 4631 1 0 1
-22.4969 -19.4456 325.556 -4.11016 -4.54318 63.0738 2.14351 -13 4632 1 0 1
85.2256 48.8974 325.556 15.0317 10.9571 63.9599 3.49563 -13 4633 1 0 1
-31.1198 21.6161 325.556 -7.29444 6.07996 75.5649 0.265505 -13 4634 1 0 1
66.3523 -69.4807 325.556 10.1048 -13.4991 54.2649 4.90859 -13 4635 1 0 1
-12.4159 78.7755 325.556 -1.60472 15.0754 52.392 3.91945 -13 4636 1 0 1
11.1173 12.0932 325.556 1.97106 2.71231 63.5693 3.22012 -13 4637 1 0 1
23.9114 29.8993 325.556 4.36576 7.41948 65.342 1.38529 -13 4638 1 0 1
38.0206 7.90658 325.556 6.61031 1.83091 62.3548 3.63897 -13 4639 1 0 1
-15.9773 27.6077 325.556 -2.85546 6.12364 64.7281 2.41112 -13 4640 1 0 1
-52.5156 -13.9641 325.556 -6.22971 -2.3202 46.3373 1.25492 -13 4641 1 0 1
-44.2254 -10.6489 325.556 -4.06034 -1.36674 38.0289 2.95168 -13 4642 1 0 1
-23.2376 -47.3245 325.556 -3.36632 -9.2488 56.1781 2.90126 -13 4643 1 0 1
51.3145 21.8027 325.556 9.12412 5.08182 63.7697 3.4174 -13 4644 1 0 1
-17.0456 -3.04398 325.556 -4.48575 -0.731338 77.7861 2.60661 -13 4645 1 0 1
20.6278 -31.5478 325.556 3.9147 -7.97495 70.5357 -0.577746 -13 4646 1 0 1
-16.2014 13.8892 325.556 -3.59786 3.48248 71.442 0.916202 -13 4647 1 0 1
69.3537 -63.1168 325.556 11.6357 -12.9612 60.6296 2.82804 -13 4648 1 0 1
-25.3242 15.4564 325.556 -5.74252 4.49675 73.901 1.56194 -13 4649 1 0 1
-29.0705 92.0844 325.556 -4.18847 17.9479 54.7654 1.82006 -13 4650 1 0 1
-11.9038 -50.6613 325.556 -2.07966 -11.2467 62.1158 -0.342224 -13 4651 1 0 1
24.006 45.218 325.556 4.54875 11.0307 69.5703 1.21133 -13 4652 1 0 1
19.813 122.5 325.556 1.62847 14.6102 29.267 4.32245 -13 4653 1 0 1
86.2302 24.4959 325.556 11.157 3.70846 48.2378 1.81109 -13 4654 1 0 1
-21.5333 -16.1292 325.556 -3.68887 -3.87229 61.524 0.422671 -13 4655 1 0 1
30.5542 5.05934 325.556 5.38754 0.948595 63.1801 1.84443 -13 4656 1 0 1
43.4705 57.1898 325.556 5.94028 10.256 49.4492 4.50438 -13 4658 1 0 1
48.2056 -13.6884 325.556 8.53956 -3.2189 62.7364 3.3652 -13 4659 1 0 1
21.782 -5.40151 325.556 3.0253 -1.00734 48.7692 2.59101 -13 4660 1 0 1
12.9057 23.081 325.556 2.3508 4.64318 62.2401 1.88069 -13 4661 1 0 1
-58.0269 -78.4052 325.556 -12.7791 -20.3719 73.7077 0.44307 -13 4662 1 0 1
18.3887 12.7502 325.556 3.41102 3.14671 75.7575 2.13033 -13 4663 1 0 1
9.22839 -27.0581 325.556 1.5629 -7.15341 75.8659 1.32038 -13 4664 1 0 1
77.2858 -143.518 325.556 4.19042 -14.4939 24.0427 5.46446 -13 4665 1 0 1
3.49386 -35.2754 325.556 0.67616 -5.74739 44.5954 1.55895 -13 4666 1 0 1
1.46054 -31.7298 325.556 0.403439 -4.50313 38.0367 3.56222 -13 4667 1 0 1
-118.238 28.9452 325.556 -23.3609 6.8647 69.492 2.51613 -13 4668 1 0 1
76.203 68.5238 325.556 10.4459 12.3173 50.6302 1.83229 -13 4670 1 0 1
5.13522 5.77503 325.556 1.04278 1.0649 55.8749 3.16602 -13 4671 1 0 1
-40.9147 -16.149 325.556 -6.79495 -3.25767 60.4932 2.08498 -13 4672 1 0 1
-50.1015 20.7459 325.556 -8.61178 5.24743 62.381 1.38458 -13 4673 1 0 1
-58.7363 -38.3614 325.556 -13.1088 -10.4793 74.7912 1.50941 -13 4674 1 0 1
2.03931 -62.2722 325.556 0.526682 -10.8872 46.2634 4.39112 -13 4675 1 0 1
-32.7932 -3.71381 325.556 -5.04491 -0.694773 57.2092 3.04395 -13 4676 1 0 1
28.6224 72.9856 325.556 4.78538 15.1751 58.338 2.05321 -13 4677 1 0 1
-12.9162 2.41485 325.556 -2.83616 0.729497 71.1114 3.98165 -13 4678 1 0 1
45.7422 -14.3635 325.556 7.85111 -3.26492 61.4251 0.072388 -13 4679 1 0 1
-14.9999 6.58246 325.556 -3.6858 1.55347 74.9678 1.87631 -13 4680 1 0 1
38.1384 -5.29784 325.556 7.35811 -1.42422 70.6665 2.94118 -13 4681 1 0 1
17.2403 -30.2169 325.556 3.17262 -8.17231 72.3377 2.37179 -13 4682 1 0 1
35.2853 -5.21782 325.556 6.63333 -1.87116 68.3171 0.603216 -13 4683 1 0 1
86.1795 -21.8557 325.556 11.8997 -4.62132 50.7703 4.97086 -13 4684 1 0 1
-0.0662291 -36.194 325.556 -0.0801611 -8.42321 66.3329 -0.124786 -13 4685 1 0 1
-12.6307 30.2462 325.556 -2.38629 6.70403 65.178 2.48623 -13 4686 1 0 1
-65.2924 -3.97279 325.556 -9.36233 -1.24183 53.7652 1.61449 -13 4687 1 0 1
-3.83582 -50.8638 325.556 -0.66262 -11.0207 60.7241 3.55373 -13 4688 1 0 1
20.8928 -13.4991 325.556 3.35833 -3.02641 54.0822 0.213409 -13 4689 1 0 1
-22.206 36.4236 325.556 -5.061 9.32422 73.3172 1.73163 -13 4690 1 0 1
34.6244 -3.5099 325.556 6.61985 -0.441472 69.6265 1.58948 -13 4691 1 0 1
-22.3611 6.09533 325.556 -1.53679 0.544902 32.4003 3.4744 -13 4692 1 0 1
-42.8325 34.9478 325.556 -7.04096 7.73468 59.8083 2.53525 -13 4693 1 0 1
-26.339 19.1793 325.556 -5.63092 4.74923 71.0332 3.96986 -13 4694 1 0 1
4.15703 18.5329 325.556 0.267846 4.74147 77.0476 1.73829 -13 4695 1 0 1
3.65096 -42.7046 325.556 0.703555 -9.44982 59.7041 2.477 -13 4696 1 0 1
49.0037 -9.19631 325.556 8.78074 -1.69153 64.2459 1.82797 -13 4697 1 0 1
36.037 -11.0692 325.556 6.42605 -2.53097 63.5405 1.65718 -13 4698 1 0 1
-40.9646 -51.5619 325.556 -3.74098 -7.81943 38.4785 4.55429 -13 4699 1 0 1
5.76053 -56.0801 325.556 1.01379 -10.3776 49.8001 3.90576 -13 4700 1 0 1
22.0698 18.6804 325.556 4.0769 4.73218 67.6072 0.109573 -13 4701 1 0 1
-39.3483 -105.994 325.556 -7.02463 -23.3556 62.7898 2.26135 -13 4702 1 0 1
-4.32428 -8.42255 325.556 -0.931038 -1.79003 67.0847 1.76213 -13 4703 1 0 1
45.6314 13.8514 325.556 7.33259 3.03872 57.2253 2.47683 -13 4704 1 0 1
-47.067 -93.5864 325.556 -7.44137 -19.0312 57.3671 2.14804 -13 4705 1 0 1
60.107 -42.8783 325.556 10.4268 -9.64559 62.1359 -0.0461878 -13 4706 1 0 1
32.8506 -0.375517 325.556 6.07834 0.318265 66.548 1.87333 -13 4707 1 0 1
-5.42083 26.1651 325.556 -0.771739 5.69813 58.6702 2.26549 -13 4708 1 0 1
-39.8036 -25.6811 325.556 -7.82072 -6.14768 67.7981 3.26374 -13 4709 1 0 1
-30.303 -28.3319 325.556 -6.50076 -8.25169 71.8002 1.69785 -13 4710 1 0 1
70.6586 -9.90066 325.556 9.33264 -1.79701 47.5958 2.78359 -13 4711 1 0 1
28.1784 -48.3512 325.556 4.18926 -9.06666 50.8773 1.25888 -13 4712 1 0 1
-38.7431 -28.3944 325.556 -6.07941 -5.92804 57.7716 2.32852 -13 4713 1 0 1
-8.52661 69.3314 325.556 -1.63717 16.0517 64.7844 3.63147 -13 4714 1 0 1
76.9348 -101.852 325.556 10.4049 -18.3715 49.5919 6.2759 -13 4715 1 0 1
-51.8671 20.6958 325.556 -8.72881 4.72596 60.751 2.17276 -13 4716 1 0 1
-40.8454 -34.6645 325.556 -8.90082 -9.05323 72.8796 1.68321 -13 4717 1 0 1
-66.9721 -1.28114 325.556 -6.03723 -0.181105 36.8515 2.64637 -13 4718 1 0 1
9.33348 -27.9909 325.556 1.63311 -6.30785 66.5696 3.55326 -13 4719 1 0 1
5.79939 9.30567 325.556 1.06962 1.90063 55.1831 1.57189 -13 4720 1 0 1
71.068 18.0539 325.556 8.04613 2.80677 41.6672 2.89893 -13 4721 1 0 1
51.9139 31.845 325.556 9.7052 7.4622 67.939 0.657753 -13 4722 1 0 1
-37.7386 -8.25603 325.556 -9.14142 -2.24878 77.6002 -0.704107 -13 4723 1 0 1
-36.1681 -23.5932 325.556 -7.62065 -5.6877 71.2067 2.93486 -13 4724 1 0 1
-27.5135 31.9665 325.556 -6.97597 8.78754 78.8355 1.82642 -13 4725 1 0 1
-25.0153 36.3648 325.556 -5.65712 9.73232 73.3328 1.70506 -13 4726 1 0 1
2.59997 3.4307 325.556 0.485436 0.546094 63.017 3.3288 -13 4727 1 0 1
37.7761 3.16335 325.556 3.67689 0.219785 35.6231 1.55789 -13 4728 1 0 1
-18.66 -32.7499 325.556 -2.02738 -5.74494 47.2559 0.874355 -13 4729 1 0 1
43.8945 -45.0554 325.556 8.47663 -10.967 69.3543 1.41551 -13 4730 1 0 1
25.0169 -2.65983 325.556 3.72768 -0.393383 51.3586 0.450223 -13 4731 1 0 1
12.129 0.83396 325.556 2.15853 -0.0552497 72.9556 2.43624 -13 4732 1 0 1
9.73195 46.8217 325.556 1.48545 12.238 74.6507 1.10116 -13 4733 1 0 1
-11.289 -95.856 325.556 -1.36359 -18.6281 52.3342 3.60508 -13 4734 1 0 1
-3.17034 3.06192 325.556 -0.869245 0.598009 71.3692 1.16728 -13 4735 1 0 1
-6.92339 52.298 325.556 -1.38837 11.9258 66.9258 2.86435 -13 4736 1 0 1
8.05691 13.3559 325.556 1.30841 2.49012 71.9118 1.49641 -13 4737 1 0 1
-20.2789 -100.217 325.556 -3.18739 -20.5836 57.4027 1.00046 -13 4738 1 0 1
-39.8013 39.5515 325.556 -8.35803 10.1676 70.5393 2.01272 -13 4739 1 0 1
78.5623 18.1968 325.556 13.7834 3.90736 62.0781 4.06136 -13 4740 1 0 1
72.8209 13.0487 325.556 11.5421 2.91142 57.6424 1.69669 -13 4741 1 0 1
-24.1647 -3.52849 325.556 -5.32035 -0.632033 72.4464 0.710509 -13 4742 1 0 1
80.7412 18.273 325.556 12.2873 3.62094 55.24 1.77229 -13 4743 1 0 1
-41.0984 -20.094 325.556 -8.15141 -4.31627 67.6969 2.58325 -13 4744 1 0 1
7.89506 -49.7327 325.556 1.33383 -10.2566 61.0923 3.14368 -13 4745 1 0 1
-34.8125 -17.4162 325.556 -5.16865 -3.23212 55.5344 2.6378 -13 4746 1 0 1
-10.8669 -13.6025 325.556 -2.99527 -4.27563 76.2996 0.690402 -13 4748 1 0 1
0.511573 -75.9111 325.556 0.08068 -17.902 65.2302 3.98989 -13 4749 1 0 1
-19.9754 3.13916 325.556 -3.15978 0.865134 59.1842 1.62757 -13 4750 1 0 1
-6.85092 -20.9695 325.556 -0.967284 -4.73103 59.0586 1.93537 -13 4751 1 0 1
0.208964 -16.6092 325.556 -0.30456 -3.49548 68.9118 2.7814 -13 4752 1 0 1
22.7676 -20.7243 325.556 4.3839 -5.75984 72.8974 3.50767 -13 4753 1 0 1
22.3974 37.4273 325.556 3.82243 8.86122 63.6691 2.07047 -13 4754 1 0 1
23.2398 26.5637 325.556 4.46455 6.84897 74.3984 2.34335 -13 4755 1 0 1
33.1642 -32.2885 325.556 5.18768 -6.64774 56.6399 2.20694 -13 4756 1 0 1
26.4389 -33.8655 325.556 4.66243 -7.19948 61.955 3.2258 -13 4757 1 0 1
53.9782 77.6393 325.556 9.63358 17.4336 64.4114 3.32499 -13 4758 1 0 1
2.22032 21.5602 325.556 0.309645 5.46488 68.1122 0.956133 -13 4760 1 0 1
11.9327 25.4757 325.556 2.02948 5.03239 56.7352 0.340248 -13 4761 1 0 1
-50.494 -114.828 325.556 -7.11112 -21.5962 52.5937 2.77917 -13 4762 1 0 1
-73.6874 -42.1111 325.556 -15.0159 -10.0311 70.2979 1.87421 -13 4763 1 0 1
5.68043 26.963 325.556 0.717227 6.63642 75.9945 2.73872 -13 4764 1 0 1
7.09534 7.267 325.556 1.21127 2.03242 64.8394 1.65598 -13 4765 1 0 1
53.0415 29.7409 325.556 9.36591 6.76519 63.2808 2.44646 -13 4766 1 0 1
10.483 22.1184 325.556 1.89015 4.97244 66.5178 1.72483 -13 4767 1 0 1
15.2906 -25.0969 325.556 2.58958 -5.65499 59.5512 2.21971 -13 4768 1 0 1
8.03116 18.6393 325.556 1.36576 3.94921 69.416 0.749992 -13 4769 1 0 1
-39.3005 5.86892 325.556 -5.50944 1.22469 53.4149 2.80986 -13 4770 1 0 1
-43.0776 42.2529 325.556 -5.78045 7.88461 50.5648 2.36707 -13 4771 1 0 1
-33.2263 8.0042 325.556 -6.7635 2.54594 69.6477 2.0406 -13 4772 1 0 1
18.7499 -5.73951 325.556 3.34796 -1.43495 67.2417 3.46772 -13 4773 1 0 1
64.0126 -71.1166 325.556 10.0116 -14.3611 56.3593 3.40494 -13 4774 1 0 1
49.2449 19.5219 325.556 7.39368 3.52427 53.3193 1.20675 -13 4775 1 0 1
57.7299 -71.63 325.556 10.1425 -16.0559 63.0519 1.31117 -13 4776 1 0 1
-22.3924 1.51614 325.556 -3.5996 0.259213 59.9879 3.4863 -13 4777 1 0 1
-41.7796 73.5052 325.556 -4.50657 12.1197 43.7795 1.46816 -13 4778 1 0 1
53.2976 -11.034 325.556 7.29562 -2.48882 48.4022 1.75083 -13 4779 1 0 1
-24.1759 -13.9298 325.556 -4.5039 -3.2584 65.3461 2.98522 -13 4780 1 0 1
6.76031 0.934489 325.556 1.29795 0.272173 59.1366 -0.406125 -13 4781 1 0 1
-62.5036 -13.0639 325.556 -14.9615 -3.43572 78.7968 1.92925 -13 4782 1 0 1
-22.7644 11.3062 325.556 -4.0194 2.28163 62.1431 2.85242 -13 4783 1 0 1
38.4499 8.70391 325.556 5.85748 1.62919 53.4812 6.24086 -13 4784 1 0 1
-25.4211 -73.2534 325.556 -3.87102 -15.02 56.956 2.49662 -13 4785 1 0 1
-27.5912 -24.6594 325.556 -6.72248 -6.28978 76.7807 2.50096 -13 4786 1 0 1
-32.3469 20.7126 325.556 -8.56716 6.23729 79.1622 1.01477 -13 4787 1 0 1
1.70568 -75.5001 325.556 0.416191 -14.3774 51.4267 1.7366 -13 4788 1 0 1
49.8393 -37.5456 325.556 7.6502 -7.03875 54.9006 2.53001 -13 4789 1 0 1
40.4125 64.7783 325.556 7.3748 15.4838 67.33 3.80368 -13 4790 1 0 1
-39.0465 -12.0312 325.556 -6.71379 -2.2849 61.4164 2.26978 -13 4791 1 0 1
9.27877 45.276 325.556 1.41638 11.7452 75.9232 1.944 -13 4792 1 0 1
23.5027 24.6214 325.556 4.26201 5.82987 65.3976 2.12352 -13 4793 1 0 1
34.0536 2.56967 325.556 6.58477 0.0936689 71.3524 3.43957 -13 4794 1 0 1
-87.9618 -69.418 325.556 -15.0408 -15.3024 61.3577 2.79536 -13 4795 1 0 1
-13.2394 5.11302 325.556 -2.48159 0.809667 65.3147 2.55068 -13 4796 1 0 1
-62.523 -15.0871 325.556 -7.06708 -2.54213 44.3535 2.45776 -13 4797 1 0 1
-3.71788 -8.4756 325.556 -0.736275 -2.74775 66.8529 2.2564 -13 4798 1 0 1
14.727 31.6293 325.556 2.60323 7.45349 63.7634 1.35529 -13 4799 1 0 1
6.69052 -15.6631 325.556 1.02003 -3.82096 72.169 2.39907 -13 4800 1 0 1
-12.4405 -21.4115 325.556 -2.41029 -4.59063 65.168 3.77869 -13 4801 1 0 1
-11.7789 -10.5249 325.556 -3.26709 -2.40038 76.8254 1.93143 -13 4802 1 0 1
43.7393 21.8318 325.556 7.43363 4.52471 61.298 1.06898 -13 4803 1 0 1
-53.022 -4.66043 325.556 -8.85775 -0.983273 60.1214 3.12198 -13 4804 1 0 1
-20.5824 -12.5651 325.556 -5.38731 -3.55106 78.4836 1.99418 -13 4805 1 0 1
-62.6668 54.7856 325.556 -10.8064 12.2501 61.9003 3.60533 -13 4806 1 0 1
13.9691 -4.44502 325.556 2.46332 -0.866306 67.11 1.63271 -13 4807 1 0 1
10.9669 -4.01376 325.556 0.50128 -0.376115 15.4119 6.21028 -13 4808 1 0 1
79.207 -25.8455 325.556 14.6343 -6.43871 66.9261 2.59349 -13 4809 1 0 1
32.102 -16.9168 325.556 5.17957 -3.68918 57.3096 2.1747 -13 4810 1 0 1
-32.3281 48.4559 325.556 -6.45345 11.7166 67.585 2.23772 -13 4811 1 0 1
-63.109 33.1764 325.556 -10.3346 6.7337 59.3331 1.05892 -13 4812 1 0 1
10.93 60.6444 325.556 1.74331 10.8982 49.0348 1.18783 -13 4813 1 0 1
28.3956 96.576 325.556 4.37998 19.7874 55.8847 3.21314 -13 4814 1 0 1
38.9111 -29.2244 325.556 7.4991 -7.60732 70.3046 2.22704 -13 4815 1 0 1
-13.344 -19.2855 325.556 -2.93323 -5.08334 69.216 2.73494 -13 4816 1 0 1
30.0939 -21.3579 325.556 5.89099 -5.05463 73.3971 2.92976 -13 4817 1 0 1
29.8639 12.7515 325.556 4.54064 2.51781 51.0947 1.92234 -13 4818 1 0 1
16.6913 -64.2507 325.556 2.33724 -10.2536 43.895 1.81494 -13 4819 1 0 1
44.9032 -4.07438 325.556 8.74579 -0.616653 71.4597 2.32282 -13 4820 1 0 1
-49.2607 -28.0814 325.556 -5.19965 -4.73398 42.7581 4.52765 -13 4821 1 0 1
-46.951 15.9394 325.556 -8.15045 3.27901 62.1844 -0.135504 -13 4822 1 0 1
-1.16298 -7.38009 325.556 -0.450583 -1.60321 70.6888 1.72075 -13 4823 1 0 1
78.5864 -148.14 325.556 8.28513 -22.6343 40.0381 1.68182 -13 4824 1 0 1
-18.5172 -37.4635 325.556 -2.71274 -7.67354 56.2806 4.39602 -13 4826 1 0 1
8.34787 -11.0131 325.556 0.906128 -3.14393 79.5649 3.09292 -13 4827 1 0 1
-46.1761 -38.0142 325.556 -10.4962 -10.1774 75.0036 2.82914 -13 4828 1 0 1
16.8304 -65.9156 325.556 2.97872 -15.2345 66.7097 2.27714 -13 4829 1 0 1
-30.6764 -60.6495 325.556 -5.17228 -13.5009 61.1392 3.36869 -13 4830 1 0 1
5.88491 16.1165 325.556 1.07756 3.6714 61.6824 2.12003 -13 4831 1 0 1
-5.14443 10.0511 325.556 -0.696068 2.12384 58.3744 2.48794 -13 4833 1 0 1
-1.45898 -16.8406 325.556 -0.129846 -3.65301 58.7745 1.41417 -13 4834 1 0 1
34.1574 25.3619 325.556 6.18329 5.61331 64.7981 4.70393 -13 4835 1 0 1
-2.30928 -39.6841 325.556 -0.95232 -9.9364 72.7817 2.92908 -13 4836 1 0 1
13.7796 -18.5661 325.556 2.41986 -3.96811 60.3689 0.650072 -13 4837 1 0 1
-64.2386 -88.617 325.556 -8.99292 -16.5624 52.6704 1.33363 -13 4838 1 0 1
32.4342 30.617 325.556 6.49465 8.30466 77.5845 2.72863 -13 4839 1 0 1
-4.78525 -59.1906 325.556 -0.677598 -12.3582 58.0647 2.53565 -13 4840 1 0 1
-1.15503 -110.195 325.556 -0.445007 -25.7436 65.5211 1.80044 -13 4841 1 0 1
5.62284 -14.2655 325.556 0.924326 -3.41379 67.2906 2.77441 -13 4842 1 0 1
-25.1619 101.129 325.556 -4.93111 23.8603 65.7377 3.35715 -13 4843 1 0 1
-0.904753 65.2707 325.556 -0.43502 15.5528 67.2319 1.57535 -13 4844 1 0 1
-104.151 -43.6007 325.556 -20.4461 -10.647 68.7892 1.96668 -13 4845 1 0 1
54.4276 119.469 325.556 6.19202 18.7659 41.1576 2.41791 -13 4846 1 0 1
-24.2103 -3.99564 325.556 -5.67522 -0.798048 74.7673 1.20832 -13 4847 1 0 1
-57.8118 42.7372 325.556 -11.932 9.80033 70.9132 1.60114 -13 4848 1 0 1
26.1729 6.58087 325.556 3.57397 1.29395 45.0677 2.70917 -13 4849 1 0 1
7.20506 -2.68399 325.556 1.31207 -0.755484 53.9781 3.58977 -13 4850 1 0 1
-5.34169 8.05057 325.556 -0.404895 1.78766 47.0497 2.49877 -13 4851 1 0 1
28.9649 7.0523 325.556 5.44256 1.80414 68.0838 2.55221 -13 4852 1 0 1
-1.50163 21.8656 325.556 -0.982622 5.66115 77.1847 2.47415 -13 4853 1 0 1
-2.70213 26.6776 325.556 -1.21444 7.26284 75.9405 3.46272 -13 4856 1 0 1
60.0084 34.2347 325.556 9.23156 6.76649 55.1859 2.91164 -13 4857 1 0 1
17.5091 17.3656 325.556 2.92481 3.8657 58.1422 2.52439 -13 4858 1 0 1
80.7627 20.4506 325.556 13.4214 4.38328 60.0877 2.49311 -13 4859 1 0 1
74.856 -44.8549 325.556 10.9354 -8.53503 53.3591 2.2747 -13 4860 1 0 1
65.7771 -0.265635 325.556 11.4675 -0.0098666 62.6999 2.11363 -13 4862 1 0 1
-13.0137 1.94575 325.556 -2.71732 0.628696 69.751 2.50507 -13 4863 1 0 1
50.3294 87.8794 325.556 7.92848 17.6723 56.6801 1.40055 -13 4864 1 0 1
-56.1762 -47.7845 325.556 -12.7061 -12.8713 75.6059 2.8654 -13 4866 1 0 1
14.4468 21.4648 325.556 2.42564 4.77187 54.6097 1.67625 -13 4867 1 0 1
-43.5109 75.8535 325.556 -7.8453 17.2012 63.9423 -0.293386 -13 4868 1 0 1
-14.3477 0.423169 325.556 -1.95069 0.12642 54.0624 2.56912 -13 4869 1 0 1
-32.2777 -55.1805 325.556 -6.24161 -13.0453 67.2109 2.36956 -13 4870 1 0 1
-68.9213 -3.70392 325.556 -15.8803 -0.919332 77.3106 0.802202 -13 4871 1 0 1
-10.0926 7.89244 325.556 -2.71789 1.77201 75.2858 1.36514 -13 4872 1 0 1
-17.9076 21.2677 325.556 -4.14987 5.25824 72.7988 2.55318 -13 4873 1 0 1
-44.0921 -13.408 325.556 -7.24055 -2.91101 60.3036 0.898821 -13 4874 1 0 1
-35.8549 -0.566563 325.556 -6.95755 -0.0280077 67.6571 1.37906 -13 4875 1 0 1
14.2699 13.5117 325.556 2.43047 3.13794 67.4273 2.40168 -13 4877 1 0 1
-28.844 43.3263 325.556 -7.13572 10.8614 77.3552 -0.640394 -13 4878 1 0 1
38.1412 -21.9438 325.556 5.79541 -4.2588 53.3189 3.66708 -13 4879 1 0 1
-16.599 -81.853 325.556 -2.28024 -15.6584 53.6568 1.46021 -13 4880 1 0 1
-1.51144 3.5178 325.556 -0.295329 0.27643 64.6052 1.68377 -13 4881 1 0 1
35.2017 -42.8579 325.556 6.03471 -9.44861 62.2976 1.57845 -13 4882 1 0 1
8.96551 31.1152 325.556 1.57383 7.33261 66.2778 2.32253 -13 4883 1 0 1
-5.85397 -23.8947 325.556 -1.00898 -5.33801 60.302 2.32969 -13 4884 1 0 1
-11.3189 -18.3158 325.556 -1.81304 -3.56253 60.8875 1.19577 -13 4886 1 0 1
-4.37851 -5.93941 325.556 -1.8956 -1.55045 79.3517 0.465738 -13 4887 1 0 1
-10.2621 -59.593 325.556 -2.87163 -15.7396 76.1523 3.78573 -13 4888 1 0 1
25.8436 16.2438 325.556 4.01293 2.99672 52.4701 1.35541 -13 4889 1 0 1
-10.7173 0.177205 325.556 -1.25458 0.254604 51.9692 1.8427 -13 4890 1 0 1
40.0572 -4.49954 325.556 7.88577 -0.625863 73.4668 2.367 -13 4891 1 0 1
35.1026 84.3356 325.556 5.65317 17.2209 57.0412 2.5643 -13 4892 1 0 1
-11.3116 50.992 325.556 -2.26979 11.3577 67.0076 2.47449 -13 4893 1 0 1
-25.2041 -20.8652 325.556 -4.61899 -4.69525 65.003 2.60751 -13 4894 1 0 1
21.4383 -16.054 325.556 3.92065 -3.66742 66.0968 2.30674 -13 4895 1 0 1
-21.4142 -53.7756 325.556 -4.25411 -12.5003 67.0682 2.63616 -13 4896 1 0 1
32.1322 -26.2852 325.556 6.36203 -7.34793 77.7214 1.36614 -13 4897 1 0 1
-56.135 22.5681 325.556 -9.70027 4.72679 61.9652 0.171916 -13 4898 1 0 1
67.2088 -20.7357 325.556 10.361 -3.98685 55.1872 1.58411 -13 4899 1 0 1
-68.6662 -6.14951 325.556 -12.7752 -1.13103 65.5435 1.36074 -13 4900 1 0 1
15.4551 16.3435 325.556 1.56042 1.99222 33.1825 3.90473 -13 4901 1 0 1
39.4743 5.02235 325.556 8.08565 1.02761 78.4589 -1.14955 -13 4902 1 0 1
50.1674 33.5543 325.556 7.05451 6.2116 50.4399 2.26058 -13 4903 1 0 1
-32.0936 41.0617 325.556 -4.8845 8.34114 57.3516 3.63587 -13 4904 1 0 1
27.363 70.2927 325.556 4.90626 15.4536 64.4576 2.93044 -13 4905 1 0 1
-17.3528 -74.1567 325.556 -1.93952 -12.6303 45.186 4.55573 -13 4906 1 0 1
65.0375 66.2382 325.556 8.72297 11.9058 48.6189 2.86511 -13 4907 1 0 1
-33.9915 9.87895 325.556 -7.12859 2.41784 71.511 3.3708 -13 4908 1 0 1
-6.02419 22.8456 325.556 -1.48915 6.04833 70.4721 1.71164 -13 4909 1 0 1
-17.3493 28.5555 325.556 -2.14538 5.50601 50.6708 2.73182 -13 4910 1 0 1
9.12197 25.2353 325.556 1.4862 4.98627 53.4526 3.48594 -13 4911 1 0 1
7.96079 -26.9586 325.556 1.13759 -6.80848 75.914 1.37482 -13 4912 1 0 1
19.2024 45.5686 325.556 3.5963 10.5488 67.7282 1.15312 -13 4913 1 0 1
-33.5399 -41.6536 325.556 -6.49031 -9.95796 67.778 3.88517 -13 4914 1 0 1
89.1988 65.5221 325.556 10.709 10.704 44.7789 3.02126 -13 4915 1 0 1
64.3992 20.0771 325.556 12.8207 4.97342 73.1443 0.882548 -13 4916 1 0 1
10.7424 73.3304 325.556 1.65519 18.8865 75.0194 -0.153768 -13 4917 1 0 1
21.332 -60.6282 325.556 3.85588 -13.525 67.376 0.160666 -13 4918 1 0 1
17.9491 9.90472 325.556 3.13433 2.29954 60.748 2.9528 -13 4921 1 0 1
-8.78668 37.0683 325.556 -1.07752 7.6566 55.7467 2.73539 -13 4922 1 0 1
0.431659 -16.8188 325.556 -0.615736 -3.9797 76.3452 3.01046 -13 4923 1 0 1
-33.7947 -14.5395 325.556 -7.37301 -3.65567 72.512 0.946212 -13 4924 1 0 1
11.6559 1.85227 325.556 2.19857 0.539082 66.9939 1.3349 -13 4925 1 0 1
1.85991 43.9593 325.556 0.00108219 11.048 71.0531 2.21284 -13 4926 1 0 1
-25.8632 32.1966 325.556 -5.39064 7.38285 69.7036 2.69136 -13 4927 1 0 1
37.5789 100.182 325.556 6.09484 21.1098 59.0292 3.1365 -13 4928 1 0 1
36.4367 -25.7421 325.556 7.44192 -7.23601 77.2401 1.39632 -13 4929 1 0 1
9.79612 8.91385 325.556 1.67312 2.6295 64.7851 2.18997 -13 4930 1 0 1
-72.405 -20.5462 325.556 -12.652 -4.24757 62.6938 1.32422 -13 4931 1 0 1
0.628485 -38.6218 325.556 0.044869 -8.80347 66.085 3.65908 -13 4932 1 0 1
-56.9098 -4.0457 325.556 -11.5695 -1.05968 69.928 2.08389 -13 4933 1 0 1
6.41851 26.6314 325.556 1.08798 5.84585 67.5011 2.35989 -13 4934 1 0 1
117.305 49.1289 325.556 12.9677 7.53541 42.3361 3.25451 -13 4935 1 0 1
-58.3505 -2.38112 325.556 -12.302 -0.51719 72.0811 0.379793 -13 4936 1 0 1
-16.6201 32.8012 325.556 -3.22573 8.12983 66.526 2.04829 -13 4937 1 0 1
-18.1674 45.7192 325.556 -2.53827 9.12991 54.7215 3.53099 -13 4938 1 0 1
-68.7963 5.75735 325.556 -11.8081 1.92183 61.7402 3.26064 -13 4939 1 0 1
15.3392 3.03977 325.556 2.75549 0.62824 63.0703 2.85454 -13 4940 1 0 1
57.8089 5.00928 325.556 10.0106 0.966698 61.3875 1.19071 -13 4941 1 0 1
-17.4931 82.4616 325.556 -2.01079 14.3052 48.2572 2.67373 -13 4942 1 0 1
-27.457 39.023 325.556 -7.30853 11.0078 78.8019 1.56303 -13 4943 1 0 1
-14.4783 -1.44392 325.556 -3.20019 -0.422774 72.671 3.28017 -13 4944 1 0 1
-21.704 -10.6874 325.556 -4.57863 -2.62887 69.8658 1.46998 -13 4945 1 0 1
-19.3668 -44.6613 325.556 -3.03172 -9.32845 59.9593 2.35257 -13 4946 1 0 1
7.33476 -45.6434 325.556 1.12438 -10.6321 65.1529 2.40179 -13 4947 1 0 1
14.9418 -19.2557 325.556 2.34316 -3.6627 50.7498 1.18263 -13 4948 1 0 1
-2.30861 34.446 325.556 -0.637599 8.01017 69.1189 0.778284 -13 4949 1 0 1
-21.6167 56.6613 325.556 -5.9259 15.374 77.9168 1.25321 -13 4950 1 0 1
46.1423 3.66389 325.556 6.03198 0.419235 46.6311 4.40745 -13 4951 1 0 1
-48.5998 -34.4873 325.556 -8.35914 -7.4201 60.7988 1.49898 -13 4953 1 0 1
66.642 37.723 325.556 7.80676 6.09939 43.3029 2.38765 -13 4954 1 0 1
8.43223 6.66203 325.556 1.6184 1.38436 58.1924 2.30019 -13 4955 1 0 1
-80.31 20.4916 325.556 -14.3966 4.64036 63.7437 3.31539 -13 4956 1 0 1
82.8266 15.4933 325.556 15.762 3.49641 69.0068 2.32786 -13 4957 1 0 1
-30.9154 -58.484 325.556 -4.69564 -12.2229 56.7111 0.490091 -13 4958 1 0 1
15.0692 42.4438 325.556 2.69363 10.4566 68.769 2.55181 -13 4959 1 0 1
40.559 28.466 325.556 7.55385 7.18875 67.489 2.64605 -13 4960 1 0 1
46.4139 -19.4779 325.556 8.70191 -4.96124 67.6779 3.29005 -13 4961 1 0 1
-29.3831 20.9836 325.556 -5.99781 4.93112 69.1557 1.98761 -13 4962 1 0 1
-17.5205 -24.155 325.556 -4.14076 -6.2478 73.5008 1.17737 -13 4963 1 0 1
15.187 10.4051 325.556 2.60439 2.68543 70.1288 2.00599 -13 4964 1 0 1
-1.87319 -31.9734 325.556 -0.878024 -8.32468 74.8014 1.48933 -13 4965 1 0 1
-6.06412 63.5566 325.556 -0.757967 13.842 59.9525 3.12899 -13 4966 1 0 1
30.5048 8.49847 325.556 6.0102 2.50083 78.4 0.833925 -13 4967 1 0 1
-10.2137 -29.9732 325.556 -1.50783 -6.34255 59.2783 2.5125 -13 4968 1 0 1
10.3673 -63.5389 325.556 1.58285 -17.4793 77.4964 1.80326 -13 4969 1 0 1
-40.691 74.9822 325.556 -5.44381 13.6127 51.207 2.82116 -13 4970 1 0 1
-5.04191 -3.84061 325.556 -1.89613 -0.802858 79.1223 4.25752 -13 4971 1 0 1
-17.4896 -39.1737 325.556 -3.73682 -10.5362 70.671 3.42813 -13 4972 1 0 1
17.6044 33.8214 325.556 3.16166 7.50283 65.479 -0.255498 -13 4973 1 0 1
-0.306543 -46.9406 325.556 -0.49533 -12.2438 74.2161 2.88229 -13 4974 1 0 1
-17.4459 -34.4325 325.556 -4.35137 -8.97835 75.8748 0.924378 -13 4975 1 0 1
11.1023 63.4393 325.556 1.72253 16.1376 74.052 2.92461 -13 4976 1 0 1
22.0481 65.7202 325.556 4.05458 14.1475 63.0855 2.48005 -13 4977 1 0 1
-12.6173 -76.9215 325.556 -2.00383 -16.6833 59.6917 3.24812 -13 4978 1 0 1
-14.3622 65.2748 325.556 -1.88186 12.2159 53.2193 2.20662 -13 4979 1 0 1
47.4139 -2.78001 325.556 8.92094 -0.86922 67.8489 3.04115 -13 4980 1 0 1
-68.5403 7.76247 325.556 -13.9065 2.68652 70.117 2.09871 -13 4981 1 0 1
29.4882 -20.6255 325.556 5.33319 -4.60148 66.2669 3.40514 -13 4982 1 0 1
4.931 -17.0153 325.556 0.583574 -5.37273 73.2491 2.80891 -13 4983 1 0 1
-47.2858 8.59309 325.556 -5.80834 1.90213 48.2319 1.98962 -13 4984 1 0 1
20.1287 65.0038 325.556 3.348 13.6874 59.5765 3.27516 -13 4985 1 0 1
-28.8609 19.8744 325.556 -6.05459 4.53207 69.8611 2.28598 -13 4986 1 0 1
12.9142 38.6372 325.556 2.24439 8.39584 60.7432 3.43841 -13 4987 1 0 1
22.4703 30.6556 325.556 3.71319 5.85712 58.7341 1.44436 -13 4988 1 0 1
46.2844 70.6261 325.556 7.58168 14.5115 59.2221 3.62217 -13 4989 1 0 1
31.5199 -6.45516 325.556 2.86709 -0.884572 33.9996 6.94422 -13 4990 1 0 1
54.1615 -15.8615 325.556 7.12841 -2.71093 46.8723 3.00369 -13 4991 1 0 1
-39.956 -43.6493 325.556 -8.18674 -10.1539 69.2426 4.65294 -13 4992 1 0 1
-4.87388 109.725 325.556 -0.615411 21.5924 54.3725 2.5926 -13 4993 1 0 1
47.3699 -27.0295 325.556 6.75132 -4.71456 50.6125 0.475799 -13 4994 1 0 1
-10.8896 27.7023 325.556 -2.25857 6.60381 67.8317 1.22716 -13 4995 1 0 1
12.5086 -117.561 325.556 1.83486 -21.3153 49.6277 2.91241 -13 4996 1 0 1
-23.5828 7.24684 325.556 -4.13941 1.41566 63.5285 3.08462 -13 4997 1 0 1
45.3304 -39.6169 325.556 7.80844 -8.80239 62.5531 1.9476 -13 4998 1 0 1
10.4069 33.0329 325.556 1.85791 7.03346 55.9119 1.70281 -13 4999 1 0 1
