#BLTrackFile NTuple/Z226
#x y z Px Py Pz t PDGid EventID TrackID ParentID Weight
#mm mm mm MeV/c MeV/c MeV/c ns - - - - -
-29.8306 -22.5333 225.556 -11.2743 -6.45446 71.8561 0.153186 -13 1 1 0 1
17.4551 -0.532328 225.556 5.64129 -1.83888 80.8383 1.17325 -13 2 1 0 1
-9.45088 -6.41521 225.556 -3.89707 -2.01727 71.4756 2.20781 -13 3 1 0 1
-41.4339 -9.61909 225.556 -16.7733 -2.46374 76.5293 1.61342 -13 4 1 0 1
-40.3493 -3.45362 225.556 -12.0901 -1.36791 59.6262 1.9714 -13 5 1 0 1
-25.9958 -3.34504 225.556 -10.2648 -0.647256 74.2947 0.505406 -13 6 1 0 1
1.01533 -18.8978 225.556 0.4856 -4.65452 61.2644 0.560782 -13 7 1 0 1
-49.1058 18.3649 225.556 -11.3358 4.07007 45.3553 1.74492 -13 8 1 0 1
23.4699 34.9658 225.556 7.40645 9.44706 63.2642 2.53121 -13 9 1 0 1
9.62928 -16.0184 225.556 3.21969 -4.06694 66.7131 2.06028 -13 10 1 0 1
15.9898 10.5276 225.556 5.20396 3.07307 72.2542 0.780531 -13 11 1 0 1
-0.830855 -37.2153 225.556 -0.130375 -9.95503 61.516 3.13681 -13 12 1 0 1
43.6869 28.9803 225.556 9.27394 4.20684 38.5248 1.20862 -13 13 1 0 1
37.6402 -19.8501 225.556 12.4538 -4.89216 67.1541 -0.160167 -13 14 1 0 1
43.5962 -24.7465 225.556 14.4257 -6.79278 66.0361 2.86683 -13 15 1 0 1
81.6886 -70.7127 225.556 22.8065 -15.8917 54.3206 3.75407 -13 16 1 0 1
-17.0671 35.81 225.556 -5.50404 9.91466 63.6442 0.764673 -13 17 1 0 1
-23.533 -33.281 225.556 -5.93827 -7.45641 51.9248 3.0412 -13 18 1 0 1
-55.9344 19.5282 225.556 -18.173 5.50488 63.1796 1.55298 -13 19 1 0 1
6.65483 -28.5931 225.556 2.09666 -7.54291 64.3231 4.36165 -13 20 1 0 1
-20.9804 15.3642 225.556 -5.74156 4.32042 56.4062 0.351225 -13 22 1 0 1
-44.2121 59.306 225.556 -8.68662 8.75304 38.4185 2.60686 -13 23 1 0 1
-49.3588 35.7877 225.556 -13.2092 7.79817 52.7675 2.31977 -13 24 1 0 1
16.6008 -6.23942 225.556 5.44986 -1.20591 70.6781 1.61965 -13 25 1 0 1
-2.68445 9.277 225.556 -1.07442 2.80666 68.5328 1.22323 -13 26 1 0 1
2.91229 -1.89604 225.556 0.837313 0.516331 66.6389 2.83626 -13 27 1 0 1
5.34906 -40.3466 225.556 1.40131 -12.4222 72.9233 1.57071 -13 28 1 0 1
-15.9181 21.6858 225.556 -5.55299 6.67836 66.8125 2.39475 -13 30 1 0 1
-10.4255 5.56878 225.556 -4.27115 2.06977 71.8763 1.04288 -13 31 1 0 1
-18.3961 8.29873 225.556 -5.68958 2.21193 62.2144 0.954321 -13 32 1 0 1
17.3423 1.67753 225.556 2.78428 0.385476 25.1645 3.94311 -13 33 1 0 1
-45.5534 -2.71054 225.556 -15.0248 -0.315464 64.6649 0.798958 -13 34 1 0 1
-71.9055 -42.3292 225.556 -25.1752 -11.7961 68.0108 3.57739 -13 35 1 0 1
-3.31589 20.6728 225.556 -1.17223 6.57136 66.1602 0.281899 -13 36 1 0 1
-2.79091 -22.1552 225.556 -2.08088 -8.02713 79.6604 -0.214307 -13 37 1 0 1
3.58076 -38.325 225.556 1.2129 -9.92791 60.0943 2.93815 -13 38 1 0 1
-18.0291 20.2313 225.556 -4.6462 4.29404 51.6976 2.40904 -13 40 1 0 1
25.5215 44.6828 225.556 7.90547 11.1637 61.4343 1.31092 -13 41 1 0 1
-11.3676 3.03398 225.556 -4.19813 0.224287 68.2332 2.6097 -13 42 1 0 1
-42.5789 -9.40012 225.556 -17.9085 -3.22653 77.9249 1.57026 -13 43 1 0 1
12.6025 6.76663 225.556 3.90762 1.33832 56.5538 2.1836 -13 44 1 0 1
-3.8375 -23.619 225.556 -1.64741 -6.72746 67.867 1.76199 -13 46 1 0 1
4.43968 29.5206 225.556 1.40726 6.62038 59.8833 2.40992 -13 47 1 0 1
-17.6291 35.1109 225.556 -6.15885 10.703 66.4857 2.0817 -13 48 1 0 1
3.5789 -48.7801 225.556 0.902631 -15.7405 70.1276 0.792974 -13 49 1 0 1
27.7627 0.372414 225.556 6.73034 0.298701 42.7035 1.24336 -13 50 1 0 1
-11.1781 8.94657 225.556 -4.7036 2.11125 72.7238 1.00261 -13 51 1 0 1
-14.6547 44.7218 225.556 -3.84468 10.4093 55.2162 1.65677 -13 52 1 0 1
23.261 15.9407 225.556 7.04963 3.47264 56.6585 -0.817777 -13 53 1 0 1
13.3447 30.2313 225.556 3.44528 4.90632 43.0216 1.91225 -13 54 1 0 1
-13.2453 -15.9551 225.556 -5.13942 -5.11371 70.5082 2.22687 -13 55 1 0 1
51.9362 28.7667 225.556 15.8605 7.26537 60.2345 0.496919 -13 56 1 0 1
-18.1332 -29.5066 225.556 -5.686 -7.40332 62.839 1.01989 -13 58 1 0 1
0.526084 -27.3555 225.556 -0.0513602 -7.86932 67.8122 3.31381 -13 59 1 0 1
25.6532 50.8849 225.556 7.58846 12.3817 56.4692 1.80483 -13 60 1 0 1
-12.9673 21.8901 225.556 -4.08623 6.13563 62.8336 0.577461 -13 61 1 0 1
0.302172 6.72415 225.556 -0.197877 2.66974 70.0413 0.770933 -13 62 1 0 1
15.5886 -25.6031 225.556 3.18836 -3.50051 35.0908 2.39834 -13 63 1 0 1
1.13475 -1.12511 225.556 0.450425 -0.12458 60.3232 1.59501 -13 64 1 0 1
10.8453 4.56006 225.556 3.48967 0.967082 65.7787 -0.0715412 -13 65 1 0 1
-3.35592 4.8548 225.556 -1.55584 1.28769 71.418 1.75416 -13 66 1 0 1
10.9847 -8.0231 225.556 3.57341 -1.5884 61.4215 0.76116 -13 67 1 0 1
9.36025 42.6239 225.556 2.92557 8.97025 53.7296 0.635938 -13 68 1 0 1
-13.7246 -21.3735 225.556 -4.2861 -5.77313 62.9537 1.41237 -13 69 1 0 1
-17.2726 -25.9236 225.556 -7.933 -10.2156 79.8749 1.45272 -13 70 1 0 1
-7.87335 3.88244 225.556 -2.06977 0.357522 60.3434 -0.00257468 -13 71 1 0 1
25.6027 37.7993 225.556 8.16658 9.58367 64.451 2.51749 -13 72 1 0 1
-7.2655 -2.8063 225.556 -3.35051 -1.63108 74.555 0.358671 -13 73 1 0 1
10.6302 29.5331 225.556 3.35175 7.29791 58.6667 1.75515 -13 74 1 0 1
3.14794 18.4164 225.556 0.458524 5.5395 75.0728 -1.59239 -13 75 1 0 1
20.8192 5.65773 225.556 6.61791 1.81025 79.5583 -0.492194 -13 76 1 0 1
-13.7042 -7.39972 225.556 -3.85406 -2.4935 56.8098 3.91295 -13 77 1 0 1
-16.773 -5.61831 225.556 -5.02246 -1.78121 59.9663 0.709651 -13 78 1 0 1
6.98118 -11.792 225.556 2.16808 -3.26141 62.9098 2.86158 -13 79 1 0 1
1.84931 -17.4355 225.556 0.114361 -4.85448 72.5286 1.35121 -13 80 1 0 1
4.3993 30.5483 225.556 1.06264 10.2225 69.8745 1.41716 -13 81 1 0 1
7.35086 5.40361 225.556 2.5128 1.75477 62.7171 2.64905 -13 82 1 0 1
-35.0783 56.3858 225.556 -12.011 16.3901 66.8357 1.42381 -13 83 1 0 1
-56.8058 -5.87472 225.556 -17.7701 -1.61504 60.9631 1.61769 -13 84 1 0 1
6.09576 0.00325512 225.556 1.71395 -0.274719 75.6901 2.41955 -13 85 1 0 1
7.07834 -21.3244 225.556 2.17894 -7.29994 68.0921 1.18586 -13 86 1 0 1
-3.78948 -39.0128 225.556 -0.547155 -8.28941 50.3059 2.54455 -13 87 1 0 1
-17.4013 -18.5882 225.556 -6.13621 -5.25951 67.839 0.971471 -13 88 1 0 1
10.1714 -4.78982 225.556 3.16907 -0.702262 62.1809 0.880194 -13 89 1 0 1
3.36462 14.5344 225.556 1.07209 3.9084 65.7862 1.22138 -13 90 1 0 1
-34.3648 -11.446 225.556 -10.9316 -3.19956 63.3612 2.31949 -13 91 1 0 1
26.2298 6.62333 225.556 7.74931 1.52635 54.854 1.57689 -13 92 1 0 1
16.3004 0.0145518 225.556 5.12451 -0.372575 58.94 2.34782 -13 93 1 0 1
8.01921 66.689 225.556 2.41605 14.5571 53.5942 0.30571 -13 94 1 0 1
10.4601 8.52745 225.556 3.36131 2.81032 70.4149 1.41436 -13 95 1 0 1
4.53111 31.0355 225.556 1.41501 8.47429 60.9835 -0.322009 -13 96 1 0 1
-2.80354 -4.92731 225.556 -0.422448 -0.36968 57.0699 0.515223 -13 97 1 0 1
-2.90478 -6.33502 225.556 -1.11166 -1.17408 67.3919 1.82803 -13 98 1 0 1
-12.8159 33.0092 225.556 -4.08321 8.75351 63.022 1.96368 -13 99 1 0 1
20.4244 -3.20903 225.556 6.69182 -0.149966 67.3071 0.525499 -13 100 1 0 1
30.7286 -0.909392 225.556 10.1814 -0.654515 67.8769 0.72066 -13 101 1 0 1
9.68684 6.48917 225.556 2.9916 1.72032 67.2467 1.31311 -13 102 1 0 1
43.2945 1.24408 225.556 13.3478 1.32449 60.7971 -0.950742 -13 103 1 0 1
18.5976 1.73455 225.556 6.08794 0.0215574 67.3904 1.09287 -13 104 1 0 1
-15.6882 23.4022 225.556 -4.57541 6.97681 60.1545 0.0478626 -13 105 1 0 1
-36.0683 -11.2904 225.556 -10.8281 -2.82753 59.2982 1.80024 -13 106 1 0 1
-5.58611 -20.098 225.556 -2.38483 -6.08218 70.3598 0.312704 -13 107 1 0 1
29.8514 23.8133 225.556 9.49241 7.09143 62.8367 0.657383 -13 108 1 0 1
15.2526 9.5255 225.556 5.08582 2.88256 67.7903 2.38917 -13 109 1 0 1
-17.077 6.93409 225.556 -6.84647 2.3075 72.3683 1.08049 -13 110 1 0 1
-19.3001 -15.0833 225.556 -8.20898 -4.21424 76.8148 0.998169 -13 111 1 0 1
21.3668 -0.576105 225.556 6.1024 -0.557653 56.1525 -0.27239 -13 112 1 0 1
17.4174 17.6281 225.556 5.14115 3.90306 54.8606 2.38527 -13 113 1 0 1
21.1246 -20.389 225.556 6.75577 -5.56754 63.0183 1.39906 -13 114 1 0 1
33.2733 7.8653 225.556 8.86227 1.44208 49.0918 1.57404 -13 115 1 0 1
-28.8955 -8.89315 225.556 -10.9825 -2.78575 72.0978 1.85585 -13 116 1 0 1
-5.79948 7.96304 225.556 -1.50639 2.11693 55.4431 1.2393 -13 117 1 0 1
17.6156 -29.5146 225.556 4.73037 -6.37015 46.3387 1.40349 -13 118 1 0 1
-5.33255 9.13765 225.556 -2.2348 3.0807 70.5421 1.85816 -13 119 1 0 1
-32.5782 1.93951 225.556 -8.07976 0.589238 49.2586 1.55196 -13 120 1 0 1
16.0511 -24.8377 225.556 4.97084 -5.56703 60.9834 3.01627 -13 121 1 0 1
-20.7611 -15.837 225.556 -8.67993 -4.79424 76.5767 1.91398 -13 122 1 0 1
-5.20107 -32.2967 225.556 -2.18436 -9.45977 70.8069 2.10519 -13 123 1 0 1
55.1911 5.74943 225.556 16.142 1.54557 56.321 1.86653 -13 124 1 0 1
-43.3771 -52.7164 225.556 -12.843 -12.881 58.3169 0.0231109 -13 125 1 0 1
-14.3938 -5.97432 225.556 -6.70045 -3.04992 78.7672 2.21011 -13 126 1 0 1
9.88107 30.5655 225.556 3.09709 7.22641 59.9994 0.405148 -13 127 1 0 1
2.89002 -15.463 225.556 0.938956 -4.9119 64.7534 1.7497 -13 128 1 0 1
53.0822 21.9338 225.556 15.6821 5.35445 57.3353 1.0761 -13 129 1 0 1
32.2372 -5.65144 225.556 8.63674 -0.544877 49.7447 2.30416 -13 130 1 0 1
0.652954 15.5879 225.556 -0.178277 4.56041 69 0.896379 -13 131 1 0 1
-14.335 7.40272 225.556 -5.80512 2.103 73.7067 2.59658 -13 132 1 0 1
28.9184 -0.37853 225.556 9.28945 -0.296292 63.5794 0.0995124 -13 133 1 0 1
22.2352 2.48335 225.556 7.56422 0.703696 75.3944 1.68226 -13 134 1 0 1
8.07883 5.1865 225.556 2.36468 0.802603 69.9854 2.18843 -13 135 1 0 1
46.3308 14.7927 225.556 13.2475 2.86657 54.8216 1.62425 -13 136 1 0 1
-22.787 -2.35633 225.556 -7.22972 -0.811857 62.8758 2.93939 -13 137 1 0 1
-20.0416 42.3821 225.556 -5.45192 9.78763 55.068 1.88084 -13 140 1 0 1
3.21186 25.3475 225.556 1.17029 6.01364 52.6724 1.50407 -13 141 1 0 1
35.0097 17.3405 225.556 11.2467 5.31781 63.9928 3.33047 -13 142 1 0 1
-33.0101 -11.2614 225.556 -11.987 -3.57007 70.4099 0.46567 -13 143 1 0 1
25.417 -1.87666 225.556 8.63981 -1.01788 71.5546 4.21468 -13 144 1 0 1
24.4055 -54.6939 225.556 7.15119 -12.4996 56.2077 3.24274 -13 145 1 0 1
19.5525 -14.893 225.556 6.33661 -3.59746 65.8161 1.59334 -13 146 1 0 1
-4.46579 -7.08038 225.556 -1.50235 -1.9814 65.3305 0.165775 -13 147 1 0 1
-15.4167 -29.5051 225.556 -5.63131 -7.85556 68.9455 1.57822 -13 148 1 0 1
31.5654 26.2396 225.556 9.07611 5.89114 55.9057 1.02624 -13 149 1 0 1
10.3704 34.8057 225.556 3.31421 9.85989 65.585 1.1924 -13 150 1 0 1
13.5639 -38.9397 225.556 4.0519 -9.38913 56.667 2.69619 -13 151 1 0 1
6.20101 -6.57348 225.556 2.00124 -1.89887 64.46 3.48241 -13 152 1 0 1
-15.4928 -22.9455 225.556 -5.4402 -7.33789 67.5937 0.828103 -13 153 1 0 1
-25.6985 -25.1804 225.556 -10.9327 -8.44789 77.6386 -0.887868 -13 154 1 0 1
-39.0414 13.2796 225.556 -12.9215 3.38526 64.878 -0.107326 -13 155 1 0 1
53.2361 -18.0549 225.556 12.912 -2.92594 45.0488 1.19953 -13 156 1 0 1
-12.8814 3.47309 225.556 -3.99373 1.35851 62.3013 1.26649 -13 157 1 0 1
-8.36043 9.5533 225.556 -4.58111 2.52736 79.3435 2.4869 -13 158 1 0 1
-20.8838 25.3246 225.556 -5.67074 5.53128 56.0261 0.817901 -13 159 1 0 1
49.7842 -0.403655 225.556 15.6184 -0.0530464 62.4374 1.34215 -13 160 1 0 1
22.2185 -2.74042 225.556 7.3976 -1.58119 70.4146 2.80791 -13 161 1 0 1
-37.8899 11.2142 225.556 -7.63187 1.69172 39.7157 1.34892 -13 162 1 0 1
-18.5756 21.6442 225.556 -6.84717 7.18492 69.9433 -0.461754 -13 163 1 0 1
4.1327 -10.0957 225.556 1.19691 -3.41309 66.5365 1.33252 -13 164 1 0 1
-96.1689 -47.3505 225.556 -12.2975 -3.62384 21.5838 5.39364 -13 165 1 0 1
-67.4646 -5.34228 225.556 -23.3372 -1.59675 67.3278 1.05033 -13 166 1 0 1
30.3703 34.1058 225.556 9.53304 8.8508 61.8436 1.94677 -13 167 1 0 1
-18.5254 24.0838 225.556 -8.56205 8.4746 78.5471 2.25466 -13 168 1 0 1
42.9162 -21.6858 225.556 12.5702 -5.49301 56.9956 1.14421 -13 169 1 0 1
-22.9645 -10.7958 225.556 -8.00619 -3.34495 67.2784 0.598236 -13 170 1 0 1
77.5104 -19.897 225.556 16.5147 -2.47592 39.0621 2.63097 -13 171 1 0 1
-2.77472 12.4069 225.556 -0.549526 2.49369 56.8319 1.02892 -13 172 1 0 1
39.6059 -19.0135 225.556 11.9571 -4.71852 58.0989 1.5422 -13 173 1 0 1
10.5591 15.2232 225.556 3.45659 3.451 68.8011 1.48371 -13 174 1 0 1
-17.4476 -24.8173 225.556 -3.93046 -5.36044 48.5108 1.4229 -13 176 1 0 1
55.6302 -31.6063 225.556 14.5824 -6.45472 49.821 1.18828 -13 177 1 0 1
7.95788 -16.365 225.556 2.47322 -3.25557 52.6182 0.909871 -13 178 1 0 1
24.9306 -41.3493 225.556 8.22874 -12.6513 68.7766 0.495398 -13 179 1 0 1
22.7969 -25.3227 225.556 6.37003 -5.29384 52.123 3.04845 -13 180 1 0 1
-25.8714 -9.81207 225.556 -4.93951 -1.48458 38.39 0.467719 -13 181 1 0 1
-31.2498 12.4912 225.556 -6.18069 2.16459 39.8316 0.969997 -13 182 1 0 1
39.7673 41.7513 225.556 9.29402 7.6793 42.2918 1.79884 -13 183 1 0 1
-49.3702 -13.5905 225.556 -13.941 -3.67853 55.3043 1.45427 -13 184 1 0 1
-13.3155 -26.8471 225.556 -3.86272 -7.19954 60.0174 0.574174 -13 185 1 0 1
28.2967 20.6526 225.556 6.7778 3.85739 43.2564 1.08561 -13 186 1 0 1
11.1796 6.00351 225.556 3.63871 2.81101 71.3193 2.3445 -13 188 1 0 1
-33.8747 -14.3005 225.556 -14.3564 -4.97282 78.7761 1.32398 -13 189 1 0 1
28.7703 22.312 225.556 9.11595 5.71818 60.7405 3.24763 -13 191 1 0 1
-10.7329 12.7178 225.556 -5.52718 5.34945 80.0512 1.97508 -13 192 1 0 1
-37.3116 -7.83056 225.556 -7.19277 -1.62303 37.8607 0.919823 -13 193 1 0 1
2.35863 40.6045 225.556 0.525572 12.4109 69.2517 0.986586 -13 194 1 0 1
3.30347 -0.198827 225.556 1.1568 -0.00753881 60.3695 3.60464 -13 195 1 0 1
12.0892 -9.01034 225.556 3.17158 -4.18536 80.5489 3.6966 -13 196 1 0 1
-20.4604 28.6719 225.556 -6.44821 7.47547 63.0423 0.387927 -13 197 1 0 1
44.3397 1.50997 225.556 11.5062 0.350612 49.0459 0.96661 -13 198 1 0 1
-36.8553 46.1094 225.556 -10.3602 10.0569 56.5735 -0.182036 -13 199 1 0 1
-16.3809 -15.5369 225.556 -4.04498 -2.96706 50.8084 2.19062 -13 200 1 0 1
-43.2137 -14.5717 225.556 -15.1868 -4.61895 68.3449 1.5629 -13 201 1 0 1
-10.4082 56.232 225.556 -2.998 13.1928 58.5385 0.538956 -13 202 1 0 1
-5.64407 4.64011 225.556 -1.72864 0.771162 62.156 1.5848 -13 203 1 0 1
0.152981 6.60794 225.556 0.322631 0.756535 49.9895 2.96645 -13 205 1 0 1
-68.8279 5.35923 225.556 -26.7194 1.41655 73.3829 1.40573 -13 206 1 0 1
-31.2044 -35.5407 225.556 -8.83715 -8.4135 56.887 0.344346 -13 207 1 0 1
-53.2006 5.77612 225.556 -18.3193 1.73887 67.314 0.971344 -13 208 1 0 1
38.9879 35.4408 225.556 5.66064 3.00985 23.5775 3.08352 -13 209 1 0 1
58.9725 4.08563 225.556 14.5637 1.0391 45.9265 1.26224 -13 210 1 0 1
51.3742 25.5956 225.556 11.6139 3.83661 41.729 2.37234 -13 211 1 0 1
-19.59 49.0445 225.556 -7.73892 15.0765 72.6134 3.29635 -13 212 1 0 1
-47.9028 24.1788 225.556 -14.0569 5.55491 58.0578 0.064792 -13 213 1 0 1
-7.79609 27.7122 225.556 -3.53082 8.42493 75.2891 2.20349 -13 214 1 0 1
0.419836 -26.8032 225.556 -0.37904 -9.23912 72.1231 2.94665 -13 215 1 0 1
3.5901 -4.88983 225.556 0.858723 -1.38827 70.3222 2.36463 -13 216 1 0 1
83.8392 27.4877 225.556 19.0444 5.12033 41.9908 0.821024 -13 217 1 0 1
-39.6246 7.68432 225.556 -12.93 2.00804 63.7996 1.48965 -13 218 1 0 1
-12.934 -10.9678 225.556 -5.73486 -3.60711 77.5773 1.21166 -13 219 1 0 1
4.96349 3.19601 225.556 1.32854 0.45785 72.1868 3.60669 -13 220 1 0 1
45.2854 0.398548 225.556 13.0609 -0.284089 54.1337 2.45559 -13 221 1 0 1
-7.85045 32.3084 225.556 -3.26195 10.0763 72.2418 0.445992 -13 222 1 0 1
-31.5269 7.90897 225.556 -9.80922 2.55165 61.263 2.38765 -13 223 1 0 1
-26.0777 0.076683 225.556 -8.11294 0.271909 62.1086 0.904578 -13 224 1 0 1
10.3107 39.4969 225.556 3.09774 9.02619 54.2072 1.22523 -13 226 1 0 1
-21.4095 -18.5402 225.556 -6.64473 -5.01329 61.9221 1.4072 -13 227 1 0 1
-6.82731 -0.808877 225.556 -3.73412 -0.380377 78.2856 -0.720949 -13 228 1 0 1
-28.5086 1.17861 225.556 -10.819 -0.345277 71.6245 1.50729 -13 229 1 0 1
23.9988 -35.8547 225.556 6.0816 -6.56069 45.8081 1.3596 -13 230 1 0 1
51.1546 57.6 225.556 16.3213 16.1146 64.0258 2.60744 -13 231 1 0 1
77.6925 35.3353 225.556 23.2666 8.4401 57.8972 2.32245 -13 232 1 0 1
-31.324 -5.47396 225.556 -10.3522 -1.74334 64.9169 -0.125829 -13 233 1 0 1
22.2444 6.06408 225.556 7.30159 1.70066 67.7458 0.691318 -13 234 1 0 1
13.2272 -20.3018 225.556 4.23138 -7.15265 74.0674 1.52022 -13 235 1 0 1
-29.3705 -21.8238 225.556 -9.55814 -6.55764 64.2959 2.63167 -13 236 1 0 1
43.9982 -37.779 225.556 12.1793 -7.82326 52.8058 2.33813 -13 237 1 0 1
-2.15174 4.66174 225.556 -0.689154 1.11462 62.9124 1.46277 -13 238 1 0 1
-31.1431 3.82103 225.556 -11.3658 1.9265 70.0782 2.56155 -13 239 1 0 1
34.2083 60.7129 225.556 8.43548 10.9518 45.0066 1.41469 -13 240 1 0 1
43.8022 7.00427 225.556 8.36455 0.937651 33.4832 2.98214 -13 241 1 0 1
-13.1681 -10.0458 225.556 -3.7396 -3.09729 58.6981 3.27845 -13 242 1 0 1
31.8159 -26.9289 225.556 10.6225 -7.2069 67.9101 1.21036 -13 243 1 0 1
5.00561 12.7909 225.556 1.10221 4.11363 75.9749 1.90283 -13 244 1 0 1
20.5046 24.515 225.556 6.83947 8.465 71.3562 0.589415 -13 245 1 0 1
0.81831 19.4559 225.556 -0.0888249 6.67996 70.7478 1.09209 -13 246 1 0 1
8.60751 -16.8109 225.556 2.70523 -3.77758 61.1156 1.09602 -13 247 1 0 1
-11.0533 -18.5674 225.556 -3.9717 -5.24586 67.8943 2.00216 -13 248 1 0 1
56.8733 14.8703 225.556 17.1869 2.81698 59.7703 0.512569 -13 249 1 0 1
12.1202 -32.188 225.556 3.82551 -9.39512 68.3853 -0.168389 -13 250 1 0 1
33.8402 46.3436 225.556 10.5331 10.7697 61.4537 0.415442 -13 251 1 0 1
32.0669 -0.704399 225.556 10.3123 -0.533934 63.1335 1.67374 -13 252 1 0 1
4.13647 40.4332 225.556 0.918431 12.8187 71.1886 -0.0493806 -13 253 1 0 1
23.0985 24.7967 225.556 6.69407 5.77808 54.5189 1.05883 -13 254 1 0 1
-4.66499 13.868 225.556 -2.64289 5.288 77.4593 1.18328 -13 255 1 0 1
-12.1711 12.2243 225.556 -3.05864 2.68654 53.1137 0.644594 -13 256 1 0 1
0.965586 -46.5183 225.556 0.620251 -8.24733 43.0037 1.61887 -13 257 1 0 1
1.29118 -1.54585 225.556 0.356286 -0.75306 63.4506 1.52379 -13 258 1 0 1
22.2393 -4.95926 225.556 6.79646 -1.65516 56.7964 0.332768 -13 259 1 0 1
-12.1837 -15.5905 225.556 -4.83307 -5.45927 72.4584 0.988887 -13 260 1 0 1
-12.3128 19.9641 225.556 -3.68916 4.93041 60.0914 0.327023 -13 261 1 0 1
14.9831 0.58046 225.556 4.95003 0.352189 63.0659 3.51406 -13 262 1 0 1
32.9805 -19.7939 225.556 10.4446 -5.16424 62.7045 -0.0611425 -13 263 1 0 1
-3.05491 -15.3193 225.556 -0.540581 -3.25131 50.8325 1.429 -13 264 1 0 1
35.4188 23.1579 225.556 11.1996 6.43665 62.7523 2.1216 -13 265 1 0 1
20.5843 19.8375 225.556 6.93492 5.36355 70.5285 1.90347 -13 266 1 0 1
-9.53889 3.98754 225.556 -3.09465 0.188636 63.6152 1.10615 -13 267 1 0 1
9.8029 16.9862 225.556 2.5702 3.29766 43.0223 0.782266 -13 268 1 0 1
-20.6638 9.66395 225.556 -8.89218 2.17241 77.643 1.71885 -13 269 1 0 1
-16.6175 -10.6172 225.556 -5.33099 -3.57832 63.8529 2.66455 -13 270 1 0 1
21.8782 -18.3155 225.556 7.5052 -6.81041 77.3617 0.416708 -13 271 1 0 1
20.9276 -34.5965 225.556 6.65915 -9.31008 62.706 3.01712 -13 272 1 0 1
-34.258 8.7319 225.556 -9.12739 1.70946 54.0257 4.39419 -13 273 1 0 1
11.9338 3.50773 225.556 3.85076 1.62713 67.4556 -0.679998 -13 274 1 0 1
32.2427 -12.6456 225.556 9.66477 -3.57531 58.8028 1.19091 -13 275 1 0 1
37.9107 -23.2762 225.556 11.3402 -5.7887 57.1986 2.69928 -13 277 1 0 1
-52.7135 3.79263 225.556 -15.9798 0.931008 59.8171 3.03471 -13 278 1 0 1
-36.9199 -17.6905 225.556 -12.865 -6.25953 67.9245 -1.11693 -13 279 1 0 1
13.1383 6.38139 225.556 4.09877 1.28138 61.414 1.68205 -13 280 1 0 1
-2.57378 -9.90804 225.556 -1.1738 -2.30984 66.7068 0.0692829 -13 281 1 0 1
-4.30441 39.2919 225.556 -0.783867 8.05302 48.148 0.900487 -13 282 1 0 1
30.46 -37.1689 225.556 8.14707 -7.55862 49.9944 0.0776983 -13 283 1 0 1
-16.4458 17.9962 225.556 -4.16573 3.11615 52.9715 1.25192 -13 284 1 0 1
-51.5802 21.3911 225.556 -15.9175 5.79722 60.5491 0.96974 -13 285 1 0 1
-29.4548 -11.5956 225.556 -10.3826 -1.73119 68.8135 -0.117518 -13 286 1 0 1
-7.07488 -0.214708 225.556 -1.63583 -0.591106 51.9378 0.0159943 -13 287 1 0 1
-10.1383 100.895 225.556 -4.67299 31.6154 72.9323 1.06591 -13 288 1 0 1
-14.9483 33.4289 225.556 -6.58806 11.1119 77.3744 1.70664 -13 289 1 0 1
84.0691 -7.48629 225.556 18.9711 -1.45728 41.6712 2.08569 -13 290 1 0 1
6.83377 -27.1489 225.556 1.71937 -9.0947 74.9801 1.71409 -13 291 1 0 1
-14.5519 8.35049 225.556 -5.79046 2.93457 72.6934 1.01775 -13 292 1 0 1
-62.5462 37.6482 225.556 -15.2967 8.01281 47.5151 3.80906 -13 293 1 0 1
56.5658 27.0822 225.556 18.9736 9.03991 68.4996 2.94205 -13 294 1 0 1
-19.2809 2.58978 225.556 -6.41381 0.562054 65.1778 1.46119 -13 295 1 0 1
-33.3355 12.7741 225.556 -9.72993 3.05732 58.64 1.2114 -13 296 1 0 1
40.068 -15.606 225.556 11.2236 -3.78725 53.3449 4.13274 -13 297 1 0 1
8.69506 3.5008 225.556 2.73346 0.391813 67.3403 -0.516221 -13 298 1 0 1
-71.1233 24.9342 225.556 -16.555 5.23514 44.5774 4.57075 -13 299 1 0 1
-24.3418 18.615 225.556 -7.56461 4.35585 62.3531 0.651042 -13 301 1 0 1
-24.0702 21.14 225.556 -7.69514 6.27948 63.2382 1.64366 -13 302 1 0 1
-2.52874 7.71527 225.556 -0.752615 2.77431 62.458 1.42278 -13 303 1 0 1
-6.54079 22.1936 225.556 -2.34134 6.74901 65.7322 1.90133 -13 304 1 0 1
-56.0386 38.1219 225.556 -12.3326 6.66233 42.8485 3.0947 -13 305 1 0 1
-12.368 -12.2516 225.556 -4.2691 -3.94372 66.6152 0.311286 -13 306 1 0 1
21.0152 -57.6648 225.556 6.7269 -17.3764 67.183 0.0673337 -13 307 1 0 1
-13.1704 -39.6727 225.556 -5.35373 -12.2419 72.8214 1.36849 -13 308 1 0 1
-8.94051 25.8285 225.556 -3.12075 7.2714 66.1653 0.50173 -13 309 1 0 1
26.9731 -8.65394 225.556 9.06568 -2.58784 71.8944 0.889928 -13 310 1 0 1
18.0284 -24.5591 225.556 3.42558 -2.28199 32.0107 0.787937 -13 311 1 0 1
-24.5598 6.8608 225.556 -9.12572 2.38524 71.0798 1.13062 -13 312 1 0 1
-24.3883 33.6079 225.556 -9.20203 10.0326 71.6526 2.22596 -13 313 1 0 1
-24.4698 -2.73718 225.556 -8.6911 -0.705891 67.5478 0.740747 -13 314 1 0 1
33.9799 -1.57672 225.556 10.7164 0.300331 61.7157 -0.0452576 -13 315 1 0 1
8.38539 -66.6339 225.556 2.48819 -14.0496 51.5568 0.404405 -13 316 1 0 1
-20.1108 -28.7302 225.556 -6.50905 -7.93222 63.7933 2.13959 -13 317 1 0 1
-1.37937 -6.83158 225.556 -0.77155 -1.5836 69.2375 -0.11136 -13 318 1 0 1
-11.2355 23.0564 225.556 -4.43226 7.76141 70.0661 3.3101 -13 319 1 0 1
37.8077 19.522 225.556 12.8619 5.83621 70.1681 1.88862 -13 320 1 0 1
16.9184 -6.05133 225.556 5.01072 -1.63218 57.0078 -0.173765 -13 321 1 0 1
-21.6983 10.0195 225.556 -10.1548 3.73125 79.4845 3.05247 -13 322 1 0 1
20.8923 -8.84479 225.556 7.09692 -1.69471 75.6524 1.4493 -13 323 1 0 1
10.1364 23.938 225.556 3.28942 6.70385 65.8321 0.663616 -13 324 1 0 1
6.28197 -15.402 225.556 1.78681 -4.98109 72.5803 1.24138 -13 325 1 0 1
-53.3165 40.3383 225.556 -15.9628 9.56985 58.4726 1.41739 -13 326 1 0 1
-37.1788 -78.2883 225.556 -9.17979 -15.7334 48.9075 1.89027 -13 327 1 0 1
-30.6461 -8.80437 225.556 -9.02981 -3.46768 58.7906 -0.077465 -13 328 1 0 1
-5.28081 29.0013 225.556 -2.05745 8.82784 68.7883 2.38891 -13 329 1 0 1
19.1284 -7.13725 225.556 6.44478 -1.70125 76.522 0.367315 -13 330 1 0 1
-33.7495 14.9965 225.556 -12.4765 3.33458 71.098 -0.304315 -13 331 1 0 1
-13.201 -8.86673 225.556 -1.5633 -0.530006 24.2269 1.81543 -13 332 1 0 1
25.8852 16.4603 225.556 6.83566 3.53323 48.6937 5.70344 -13 333 1 0 1
-23.6181 -17.634 225.556 -7.7322 -4.70871 65.4099 1.65978 -13 334 1 0 1
20.6057 -25.9742 225.556 6.80262 -7.40273 66.2479 1.65426 -13 335 1 0 1
-5.30879 -30.1107 225.556 -2.3103 -8.58581 68.7862 0.623534 -13 336 1 0 1
112.242 -51.2887 225.556 25.1349 -18.5628 39.8312 -0.916719 -13 337 1 0 1
30.9766 -29.6825 225.556 8.74433 -7.4265 53.9235 2.40044 -13 338 1 0 1
2.01025 -21.0894 225.556 0.786768 -4.16564 50.7017 1.94479 -13 339 1 0 1
7.72441 24.38 225.556 2.44198 7.48269 69.3607 1.47795 -13 340 1 0 1
15.0308 0.0114103 225.556 5.01288 -0.818528 77.652 1.13991 -13 341 1 0 1
-12.888 18.7249 225.556 -5.33528 6.2839 73.3946 1.84286 -13 342 1 0 1
3.32291 -20.3653 225.556 1.09863 -6.09863 62.2182 0.996313 -13 343 1 0 1
37.427 5.21241 225.556 9.83067 1.74542 49.1972 1.29343 -13 344 1 0 1
-8.05793 1.27836 225.556 -2.98387 0.802673 68.9633 0.420051 -13 345 1 0 1
-45.8173 -5.64585 225.556 -14.9097 -1.56923 64.0774 1.91549 -13 346 1 0 1
-14.0915 4.37922 225.556 -4.98364 1.3096 68.2517 0.437297 -13 347 1 0 1
-0.197727 19.2137 225.556 0.321886 5.04988 52.4164 1.02992 -13 348 1 0 1
43.4547 -4.73777 225.556 12.5326 -1.42928 55.858 2.30707 -13 349 1 0 1
-6.46026 -43.5972 225.556 -2.22525 -11.7339 64.5244 2.10733 -13 350 1 0 1
-23.2284 1.45311 225.556 -8.54443 0.0540196 70.3334 -0.298863 -13 352 1 0 1
-10.1607 19.6338 225.556 -3.39701 5.15926 65.7706 1.07137 -13 353 1 0 1
-1.79406 23.8692 225.556 -0.285022 4.7843 53.9267 1.8952 -13 354 1 0 1
-21.6118 14.0641 225.556 -8.63689 4.59866 73.6739 0.737999 -13 355 1 0 1
30.5727 33.1731 225.556 9.29702 8.78493 59.0998 1.68317 -13 356 1 0 1
1.84154 6.55572 225.556 0.7255 1.41434 42.5092 1.81404 -13 357 1 0 1
44.4086 30.3176 225.556 11.9004 6.90101 50.915 2.16361 -13 358 1 0 1
20.8348 8.78847 225.556 6.66338 3.1017 62.129 1.80404 -13 359 1 0 1
-18.3756 -7.38728 225.556 -7.4928 -2.29407 75.3433 0.580709 -13 360 1 0 1
8.23629 6.53583 225.556 2.21913 2.71697 77.3023 1.04344 -13 361 1 0 1
-62.5989 1.37052 225.556 -19.5512 -0.174544 61.2043 -1.40716 -13 362 1 0 1
-7.48004 16.6052 225.556 -3.49995 5.8414 75.2426 0.883969 -13 363 1 0 1
-0.0910108 -14.1996 225.556 -0.274559 -3.57578 64.852 1.55309 -13 364 1 0 1
-18.3274 23.8884 225.556 -4.28382 5.10659 48.6666 -0.28478 -13 365 1 0 1
49.6692 -5.16064 225.556 12.0645 -1.03043 44.7019 3.95787 -13 366 1 0 1
52.4626 -13.9876 225.556 11.7712 -2.77961 40.5653 3.16921 -13 367 1 0 1
-11.71 21.1904 225.556 -3.83878 6.13745 64.8534 1.86198 -13 368 1 0 1
0.593111 -4.38514 225.556 0.314571 -0.597285 60.4705 0.279461 -13 369 1 0 1
-36.2264 3.53559 225.556 -13.4836 0.891746 71.5378 2.09174 -13 370 1 0 1
-4.50024 -14.64 225.556 -1.48631 -3.79458 66.2 3.68263 -13 371 1 0 1
3.16055 -34.9814 225.556 1.2507 -8.56269 53.5687 2.32313 -13 372 1 0 1
-24.7951 -21.1289 225.556 -8.07947 -5.98937 64.2638 2.01841 -13 373 1 0 1
-27.5714 0.409112 225.556 -11.1794 0.492061 75.9133 1.81684 -13 374 1 0 1
-47.6721 18.5378 225.556 -19.1793 6.54422 76.5964 -0.210215 -13 375 1 0 1
-25.7763 -43.7585 225.556 -9.14176 -12.6367 68.3585 1.75147 -13 376 1 0 1
38.6161 -21.0532 225.556 13.9246 -7.50874 77.4968 2.36513 -13 377 1 0 1
8.70182 -19.9977 225.556 2.27946 -3.8158 41.336 4.0537 -13 378 1 0 1
-8.63097 -49.5542 225.556 -3.22933 -14.61 67.1529 1.93852 -13 379 1 0 1
-25.7387 -60.0572 225.556 -5.31412 -10.3898 42.2905 1.10997 -13 380 1 0 1
24.6308 6.91931 225.556 7.5891 2.50834 59.701 2.5514 -13 381 1 0 1
23.12 -28.1579 225.556 7.83922 -8.71099 72.302 0.894401 -13 382 1 0 1
-55.5838 4.29952 225.556 -14.216 0.699077 50.0373 2.91355 -13 383 1 0 1
45.8906 7.34088 225.556 13.7435 1.24627 57.6465 0.0861946 -13 384 1 0 1
-4.80331 -13.2307 225.556 -1.7327 -4.43896 67.4186 3.05929 -13 385 1 0 1
7.20925 -6.61903 225.556 2.2766 -2.21855 69.9067 3.18438 -13 386 1 0 1
-28.5282 -6.63871 225.556 -10.6805 -2.36631 71.6187 1.36064 -13 387 1 0 1
8.71578 -1.52725 225.556 2.66242 -0.160672 51.9064 0.78746 -13 388 1 0 1
55.9486 -3.37646 225.556 17.2343 -0.521986 60.1628 2.43411 -13 389 1 0 1
-21.1619 3.93191 225.556 -6.67878 0.820705 63.5288 2.08693 -13 390 1 0 1
64.0767 2.45034 225.556 17.0598 0.324741 50.2976 1.34982 -13 391 1 0 1
-23.799 -5.65515 225.556 -6.25559 -2.01462 53.8234 1.71784 -13 392 1 0 1
-7.29978 35.3713 225.556 -2.25546 8.57112 60.7286 0.581513 -13 394 1 0 1
-21.4806 40.0071 225.556 -8.52309 13.3121 74.0039 -0.434581 -13 395 1 0 1
43.7893 12.0786 225.556 13.8807 2.5791 63.138 1.19805 -13 396 1 0 1
17.0189 -19.5643 225.556 5.22673 -4.56781 59.9031 2.66314 -13 397 1 0 1
1.944 -7.77323 225.556 0.44791 -2.45157 66.8236 2.15813 -13 398 1 0 1
-18.6681 -21.3053 225.556 -7.13746 -5.95924 70.94 3.29292 -13 399 1 0 1
8.17216 16.5115 225.556 2.61865 5.74338 64.6908 1.29887 -13 400 1 0 1
18.9819 1.62986 225.556 6.30071 0.695797 71.7964 1.01073 -13 401 1 0 1
-9.80384 27.6988 225.556 -2.64247 6.55296 57.9009 1.13922 -13 402 1 0 1
-3.27171 -71.2141 225.556 -1.39116 -21.3287 68.6323 1.52996 -13 403 1 0 1
11.0126 -24.0907 225.556 3.54456 -7.38451 66.2424 2.51995 -13 404 1 0 1
-11.7369 -24.0891 225.556 -3.55855 -6.79785 60.0939 0.81899 -13 406 1 0 1
-10.2099 -17.4254 225.556 -3.45423 -4.39916 65.8879 2.59391 -13 407 1 0 1
46.3524 27.2749 225.556 13.6478 6.58907 56.9214 3.26208 -13 408 1 0 1
28.9291 -4.63007 225.556 9.3195 -1.25808 63.9398 1.65905 -13 409 1 0 1
-17.8337 -17.9629 225.556 -7.42475 -5.79413 75.7949 -1.37524 -13 410 1 0 1
-11.2655 21.3772 225.556 -2.07951 2.96822 43.2347 2.34748 -13 411 1 0 1
-7.58317 -29.8054 225.556 -2.76391 -8.48936 66.8636 2.56199 -13 412 1 0 1
-30.542 14.02 225.556 -12.7348 4.26038 77.8526 1.26899 -13 413 1 0 1
-28.6639 1.0156 225.556 -8.27381 0.540186 58.8072 2.40836 -13 414 1 0 1
24.9642 26.8052 225.556 7.37295 6.59239 57.0588 1.79698 -13 415 1 0 1
67.6389 15.9756 225.556 10.0378 1.64584 25.1563 7.77844 -13 416 1 0 1
38.3749 -63.7913 225.556 8.63319 -9.8634 40.9522 1.78198 -13 417 1 0 1
-4.45957 1.48153 225.556 -1.87348 -0.0854544 69.6224 2.73422 -13 418 1 0 1
38.85 6.26556 225.556 12.3244 1.7393 62.9768 1.86415 -13 419 1 0 1
-3.44985 -27.3305 225.556 -1.80709 -9.16559 73.533 0.783094 -13 421 1 0 1
14.0137 66.1145 225.556 4.40572 18.0425 64.6202 1.74512 -13 422 1 0 1
-47.7462 -50.114 225.556 -10.8565 -8.25432 44.6544 1.54038 -13 423 1 0 1
60.8125 45.3272 225.556 15.1661 7.72799 46.178 2.34518 -13 424 1 0 1
-5.51813 9.80022 225.556 -1.73339 2.94023 64.1296 1.27099 -13 425 1 0 1
-7.55893 11.0815 225.556 -3.53464 4.18633 73.9213 -0.207678 -13 426 1 0 1
34.7649 -19.2449 225.556 10.9243 -4.49417 62.8046 0.824799 -13 427 1 0 1
-15.6461 38.7645 225.556 -5.28028 11.331 65.2216 1.70863 -13 428 1 0 1
46.5309 -37.5613 225.556 13.6646 -9.1101 56.4132 1.35839 -13 429 1 0 1
-43.5382 42.3654 225.556 -15.5956 12.5525 69.081 -0.424718 -13 430 1 0 1
0.499011 -15.0718 225.556 -0.628433 -5.04112 75.9095 3.08546 -13 431 1 0 1
14.3963 15.4748 225.556 4.69325 4.94438 67.8501 3.22533 -13 432 1 0 1
-4.47752 -32.5022 225.556 -1.98542 -10.4797 69.7677 2.63899 -13 433 1 0 1
13.9203 31.7522 225.556 4.31002 8.68598 59.3978 1.5218 -13 434 1 0 1
67.2016 9.04964 225.556 19.6143 1.8785 57.1312 2.50604 -13 435 1 0 1
6.13638 0.67482 225.556 1.8319 0.372508 67.4631 -1.03564 -13 437 1 0 1
-7.80157 1.83159 225.556 -1.79133 0.516327 55.0192 3.42615 -13 438 1 0 1
-2.88935 -38.7403 225.556 -1.01622 -9.87672 63.1747 0.215477 -13 439 1 0 1
18.5001 21.1302 225.556 5.75219 5.64235 61.2612 1.58176 -13 440 1 0 1
-25.5239 0.48613 225.556 -9.53816 0.0653086 71.2112 2.59501 -13 441 1 0 1
-19.1912 -0.846369 225.556 -6.3677 0.598899 65.3531 1.16325 -13 442 1 0 1
12.5411 11.3487 225.556 3.88801 3.49343 56.7811 2.47612 -13 443 1 0 1
39.4097 -0.0784789 225.556 13.2843 0.265051 69.333 2.22956 -13 444 1 0 1
23.9264 -4.54925 225.556 7.95099 -2.22882 69.2154 1.31765 -13 445 1 0 1
-15.261 -19.4916 225.556 -5.50604 -4.94204 68.9805 -0.301891 -13 446 1 0 1
30.1998 4.4227 225.556 8.91321 1.173 56.7508 0.993454 -13 447 1 0 1
-5.93145 9.62077 225.556 -2.39556 3.34699 70.6181 -0.771381 -13 448 1 0 1
-2.10509 -1.39904 225.556 -0.321598 -0.59984 52.76 1.32294 -13 449 1 0 1
10.0539 6.08508 225.556 2.81353 1.41665 81.1557 1.20771 -13 451 1 0 1
1.34118 -8.81534 225.556 0.410231 -2.76116 67.449 2.36152 -13 452 1 0 1
20.5523 -10.4275 225.556 6.50334 -2.42795 59.6025 1.04771 -13 453 1 0 1
-18.6545 10.6451 225.556 -4.37966 2.08557 50.5199 2.91616 -13 454 1 0 1
26.6273 -31.0738 225.556 7.75825 -7.58576 54.8642 1.6673 -13 455 1 0 1
43.1 30.5491 225.556 13.831 8.45392 63.9883 0.687918 -13 456 1 0 1
41.1771 14.6989 225.556 12.1615 4.01158 56.2453 2.24418 -13 457 1 0 1
24.2282 -65.6604 225.556 6.78921 -14.3409 54.0349 0.411224 -13 458 1 0 1
28.9336 19.836 225.556 10.1506 5.58294 74.1871 2.87551 -13 459 1 0 1
-12.1892 4.72118 225.556 -4.19628 1.72806 65.446 1.13629 -13 460 1 0 1
-24.1096 29.7515 225.556 -7.96251 8.63793 65.3364 1.65252 -13 461 1 0 1
18.3517 10.1562 225.556 6.0014 2.88956 64.7559 1.01677 -13 462 1 0 1
6.35884 -5.77669 225.556 1.90406 -1.5825 69.218 2.723 -13 463 1 0 1
27.6685 59.1992 225.556 8.46449 15.0253 60.4579 1.24233 -13 464 1 0 1
-21.1056 53.2563 225.556 -4.00784 7.98319 38.4758 1.15689 -13 465 1 0 1
19.2146 27.413 225.556 5.68943 6.71116 56.9407 1.77146 -13 466 1 0 1
40.0919 16.5937 225.556 8.56535 2.76608 37.7785 1.86336 -13 467 1 0 1
14.2754 -12.4444 225.556 4.43142 -3.70968 56.4745 0.60921 -13 468 1 0 1
-5.92572 48.8348 225.556 -1.2364 9.96005 50.3699 2.04834 -13 469 1 0 1
13.6373 -19.4755 225.556 4.33224 -4.91001 65.1271 0.845221 -13 470 1 0 1
14.794 31.3941 225.556 4.14361 6.20684 49.4616 2.80652 -13 471 1 0 1
32.2305 -44.2286 225.556 7.60906 -7.52313 42.8038 3.01224 -13 472 1 0 1
3.32513 -13.8032 225.556 1.27594 -3.30303 55.5097 0.854211 -13 473 1 0 1
32.4405 -22.6487 225.556 10.2031 -5.83981 61.3856 0.750253 -13 474 1 0 1
8.37349 20.6675 225.556 2.62885 6.75623 72.256 2.79886 -13 475 1 0 1
-39.7422 38.0321 225.556 -12.1318 9.80215 60.26 1.39422 -13 476 1 0 1
6.86973 37.0454 225.556 2.30054 9.91982 66.9969 0.00992548 -13 477 1 0 1
-7.49959 -15.1076 225.556 -2.41481 -3.74491 62.1578 -0.426586 -13 478 1 0 1
17.2419 -3.10364 225.556 4.54685 -0.926402 48.1283 1.0273 -13 479 1 0 1
34.4001 17.3393 225.556 9.80599 4.20905 54.4213 1.81375 -13 480 1 0 1
40.9131 -20.3327 225.556 7.90056 -2.62999 33.3659 2.8393 -13 481 1 0 1
10.6143 -31.698 225.556 2.94972 -6.40101 45.6368 2.12568 -13 482 1 0 1
-37.3066 31.3839 225.556 -13.0043 8.73463 67.8546 2.08633 -13 483 1 0 1
-28.9523 0.638087 225.556 -9.99325 -0.140642 66.8884 0.037411 -13 484 1 0 1
-42.8755 -35.0657 225.556 -12.1786 -8.55556 56.3238 3.3319 -13 485 1 0 1
2.11917 -43.7503 225.556 0.728518 -11.1847 58.2756 4.19234 -13 486 1 0 1
29.6806 2.55237 225.556 9.83283 0.271632 68.6203 1.42321 -13 487 1 0 1
-52.4564 -14.2033 225.556 -15.7583 -3.57124 59.2921 0.532914 -13 488 1 0 1
6.26633 29.4458 225.556 1.72588 5.84244 41.9039 3.20688 -13 489 1 0 1
-7.95561 -41.899 225.556 -2.48873 -11.5715 62.6031 -0.435396 -13 490 1 0 1
11.5058 10.1897 225.556 3.66811 2.2403 69.9737 2.13425 -13 491 1 0 1
12.2719 17.8729 225.556 3.8541 5.26177 61.4265 2.56983 -13 492 1 0 1
-5.72363 -12.7964 225.556 -1.43316 -3.33382 59.5855 2.44135 -13 493 1 0 1
15.7863 -16.0136 225.556 3.4709 -2.67799 36.5306 2.18998 -13 494 1 0 1
23.8597 25.6364 225.556 5.73669 3.47935 41.8973 -0.833666 -13 495 1 0 1
15.0428 -39.1538 225.556 3.79345 -6.83257 43.9196 2.0802 -13 496 1 0 1
7.74983 14.7647 225.556 2.40284 4.12974 64.3265 1.61918 -13 497 1 0 1
-16.9689 20.2995 225.556 -6.11321 6.0471 68.7314 0.867523 -13 498 1 0 1
9.59439 13.0557 225.556 2.83936 2.34026 52.2064 0.732776 -13 499 1 0 1
64.9517 -10.2725 225.556 17.0633 -2.61748 49.8791 0.485122 -13 500 1 0 1
7.75799 17.694 225.556 1.981 5.56161 79.3632 0.888257 -13 501 1 0 1
-36.6776 21.0777 225.556 -12.4109 5.32861 66.038 0.160155 -13 502 1 0 1
-1.23045 -45.2113 225.556 -0.666599 -12.3021 68.8466 -0.325764 -13 503 1 0 1
-8.55249 13.192 225.556 -3.07665 3.98999 66.2341 1.61433 -13 504 1 0 1
61.4741 2.12745 225.556 17.6637 0.47253 55.1633 0.368505 -13 505 1 0 1
-27.7754 -9.11623 225.556 -11.8838 -3.43477 78.4326 2.46026 -13 506 1 0 1
33.0833 49.1539 225.556 8.39786 9.62557 47.8782 2.13762 -13 507 1 0 1
32.9188 -25.5602 225.556 10.5209 -6.3497 62.7886 2.33963 -13 508 1 0 1
27.4162 -23.4039 225.556 9.32095 -7.03974 72.2664 1.26205 -13 509 1 0 1
-32.994 23.782 225.556 -9.93472 5.84983 60.1592 2.55904 -13 510 1 0 1
-50.1686 0.825 225.556 -17.9263 0.680278 69.6526 3.33097 -13 511 1 0 1
-24.7485 -11.3813 225.556 -7.2369 -2.64872 58.2087 1.02606 -13 512 1 0 1
17.8658 9.99963 225.556 4.99479 2.49219 51.4266 2.68771 -13 513 1 0 1
-16.7139 -1.68874 225.556 -4.56178 -0.344805 55.0337 -1.99252 -13 514 1 0 1
-41.6625 2.93472 225.556 -13.9355 0.952221 65.167 -0.123569 -13 515 1 0 1
-12.8235 11.4832 225.556 -3.55451 3.4416 56.5821 -0.488743 -13 516 1 0 1
0.219388 -9.20459 225.556 -0.377103 -3.43673 72.5976 0.101762 -13 517 1 0 1
-2.66235 -8.40283 225.556 -0.890176 -2.08295 65.5041 2.12268 -13 518 1 0 1
-34.6451 6.45359 225.556 -14.3805 1.83831 77.4319 1.10414 -13 519 1 0 1
4.75833 -20.3233 225.556 1.66542 -5.73796 60.6448 3.9026 -13 520 1 0 1
-16.3854 -30.87 225.556 -5.98517 -8.80232 69.6771 -0.216352 -13 521 1 0 1
-1.82145 13.6414 225.556 -1.92678 4.58189 80.5799 2.05477 -13 522 1 0 1
-24.3487 16.9757 225.556 -8.74904 4.54104 69.4523 2.12219 -13 523 1 0 1
7.70268 -7.67725 225.556 2.52443 -0.841713 61.9994 2.07679 -13 524 1 0 1
15.4933 38.9348 225.556 3.67471 5.93386 39.7187 2.59018 -13 525 1 0 1
-30.2528 -1.02406 225.556 -11.3304 0.4699 71.3658 1.27391 -13 526 1 0 1
-16.5595 36.2654 225.556 -4.8608 8.97646 59.1227 2.4305 -13 527 1 0 1
-14.3218 12.5713 225.556 -3.64844 2.75269 54.3466 4.17031 -13 528 1 0 1
34.5707 -40.4984 225.556 11.6987 -12.9244 70.1861 2.04863 -13 529 1 0 1
2.16658 14.7579 225.556 0.630242 4.16436 67.1419 0.670194 -13 530 1 0 1
-1.95892 17.0124 225.556 -0.339732 4.47146 59.2533 2.38411 -13 531 1 0 1
-42.3063 30.5904 225.556 -11.0533 6.99148 52.1354 3.19112 -13 532 1 0 1
-22.2057 -57.9925 225.556 -3.44118 -6.25723 29.7819 5.7973 -13 533 1 0 1
20.1235 -1.55595 225.556 6.71783 -0.212638 70.1118 2.20874 -13 534 1 0 1
6.20935 31.9437 225.556 1.76414 10.5499 69.5495 -1.57954 -13 535 1 0 1
20.9003 4.29132 225.556 6.06453 1.51392 55.0676 0.555902 -13 536 1 0 1
30.8175 26.7111 225.556 9.84431 6.65157 62.0024 1.45909 -13 538 1 0 1
34.5297 -9.01775 225.556 12.236 -2.70433 76.4459 2.5556 -13 540 1 0 1
-11.1398 31.3684 225.556 -4.39036 9.84985 70.604 2.18669 -13 541 1 0 1
13.3031 13.2547 225.556 4.30581 4.15466 67.705 1.27833 -13 542 1 0 1
27.5802 -21.1507 225.556 9.14238 -6.59249 66.5401 0.76593 -13 543 1 0 1
16.3085 -8.50777 225.556 5.26009 -2.46957 63.8663 1.7424 -13 544 1 0 1
-18.6318 -72.6863 225.556 -6.85808 -21.4941 69.0379 2.42476 -13 545 1 0 1
9.03785 -60.7786 225.556 2.30238 -10.4274 43.7383 2.27321 -13 546 1 0 1
-0.179106 50.2324 225.556 0.181843 10.9537 52.02 0.841598 -13 547 1 0 1
16.5708 22.5212 225.556 5.16644 6.53596 61.79 3.61474 -13 548 1 0 1
16.7539 -11.5839 225.556 5.10277 -2.20547 57.8213 3.97944 -13 549 1 0 1
-59.5233 40.7916 225.556 -19.9522 11.5414 65.2479 -1.17927 -13 550 1 0 1
27.231 -16.7419 225.556 5.50701 -1.64174 35.4676 3.33812 -13 551 1 0 1
-37.034 -11.7737 225.556 -10.8713 -3.15741 58.5232 1.6317 -13 553 1 0 1
-33.5056 -8.52506 225.556 -11.0435 -2.6418 64.5832 0.298342 -13 554 1 0 1
25.4655 23.1753 225.556 8.60351 7.29598 73.6995 2.44088 -13 555 1 0 1
-11.1075 30.2098 225.556 -3.04974 6.95469 56.4404 1.93648 -13 556 1 0 1
20.3212 -2.4501 225.556 6.37537 -0.858083 61.4732 3.78205 -13 557 1 0 1
-10.9121 -12.3779 225.556 -3.36514 -3.60787 61.9206 -1.26191 -13 558 1 0 1
-45.3877 18.1109 225.556 -10.3419 3.35339 44.7921 0.303991 -13 560 1 0 1
-40.5282 12.6112 225.556 -14.1888 3.11803 67.9827 2.36511 -13 562 1 0 1
18.7447 -11.0698 225.556 6.14707 -3.84431 70.5124 0.89097 -13 564 1 0 1
-29.0467 32.6716 225.556 -7.96892 7.85683 55.1649 2.73452 -13 565 1 0 1
-43.644 -9.81374 225.556 -16.2593 -3.19057 71.6794 1.96174 -13 566 1 0 1
-20.3323 -13.0597 225.556 -5.23839 -2.57911 53.2237 1.70047 -13 567 1 0 1
-19.2254 27.9145 225.556 -7.13656 8.69621 70.8005 1.40629 -13 568 1 0 1
3.67327 -18.3968 225.556 1.14261 -4.89532 61.7607 3.13926 -13 569 1 0 1
3.87712 -19.7449 225.556 1.40425 -3.89325 52.4902 -0.889794 -13 570 1 0 1
12.9685 48.5693 225.556 2.07664 4.46246 24.7166 2.81268 -13 571 1 0 1
0.874153 -19.5629 225.556 -0.339103 -6.85343 75.4569 1.02935 -13 572 1 0 1
-23.795 -11.0992 225.556 -8.33581 -4.0236 68.382 3.19507 -13 573 1 0 1
-26.6729 66.1555 225.556 -7.88049 16.4567 58.3604 0.46135 -13 574 1 0 1
5.57273 -7.96172 225.556 1.60447 -2.36643 69.6918 1.41679 -13 575 1 0 1
-4.58746 2.84848 225.556 -1.79955 -0.139278 68.698 0.351394 -13 576 1 0 1
9.25447 -11.1419 225.556 2.88261 -2.13389 65.7495 -0.689866 -13 577 1 0 1
-24.0176 38.3904 225.556 -9.11085 11.8432 71.8259 3.16133 -13 578 1 0 1
31.829 -44.335 225.556 9.99808 -11.4346 61.3399 1.11361 -13 579 1 0 1
-42.815 26.7027 225.556 -14.3287 7.93344 65.2828 2.77482 -13 580 1 0 1
33.5303 6.47142 225.556 10.5468 1.26218 61.9405 1.41379 -13 581 1 0 1
54.6066 9.70264 225.556 13.7906 2.32884 47.4467 1.63709 -13 582 1 0 1
12.8053 -1.98466 225.556 4.14875 -0.904554 71.2968 0.774108 -13 583 1 0 1
23.7456 14.6654 225.556 7.5165 3.32703 64.3035 0.547945 -13 584 1 0 1
-5.82491 -20.1348 225.556 -2.1155 -6.03288 65.2087 -0.758362 -13 585 1 0 1
8.29198 -33.9795 225.556 2.48339 -10.6639 71.3443 3.40439 -13 586 1 0 1
-30.0638 45.039 225.556 -11.5177 14.5338 72.502 1.58117 -13 587 1 0 1
22.2156 2.49148 225.556 7.27409 1.19215 66.6515 -0.849189 -13 588 1 0 1
-0.948482 10.2469 225.556 -0.692012 2.77048 70.5176 -0.0194261 -13 589 1 0 1
-37.0625 -37.8757 225.556 -14.0473 -12.3936 72.8286 0.349268 -13 590 1 0 1
-27.1286 0.0156362 225.556 -11.3293 0.541219 77.3982 3.74199 -13 591 1 0 1
-8.34678 -2.95387 225.556 -3.23861 -1.18232 71.4052 -1.39643 -13 592 1 0 1
10.3802 8.17987 225.556 3.42796 1.3335 64.2619 3.25007 -13 593 1 0 1
-33.9929 0.173102 225.556 -10.9579 -0.364011 62.8298 1.57316 -13 594 1 0 1
12.2537 -7.33522 225.556 3.86538 -1.45127 63.824 1.90068 -13 595 1 0 1
-49.1007 -6.3725 225.556 -20.0913 -2.21956 77.2421 1.09637 -13 597 1 0 1
-2.01969 -28.4479 225.556 -2.07983 -10.1166 80.8617 -0.58081 -13 598 1 0 1
-16.8909 -2.49832 225.556 -3.67764 -0.46737 46.7413 0.104898 -13 599 1 0 1
2.10836 -35.6219 225.556 0.896814 -7.46353 50.9232 2.12955 -13 600 1 0 1
15.4227 0.196199 225.556 4.68052 -0.04377 59.4932 2.57794 -13 601 1 0 1
5.82214 -21.0779 225.556 1.92132 -5.63274 64.5123 1.95366 -13 602 1 0 1
-54.4117 -11.3944 225.556 -18.3278 -3.0704 65.8358 0.0448557 -13 603 1 0 1
37.7663 -12.4338 225.556 9.76304 -2.6932 47.1293 1.83149 -13 604 1 0 1
-8.30949 -73.9038 225.556 -2.35453 -17.424 58.3617 1.51078 -13 605 1 0 1
26.7863 -5.7921 225.556 8.66883 -1.63155 66.6765 3.91801 -13 606 1 0 1
26.9564 39.9787 225.556 9.22236 13.6966 75.6731 0.450328 -13 607 1 0 1
-45.3324 13.3549 225.556 -16.739 5.07563 71.3983 1.40256 -13 609 1 0 1
-20.108 19.5143 225.556 -6.99498 6.73961 67.3623 -0.376743 -13 610 1 0 1
-9.60764 -0.277502 225.556 -2.37646 -0.572872 54.1383 2.42662 -13 611 1 0 1
46.5764 13.7514 225.556 13.3697 3.70751 55.7503 -0.751352 -13 612 1 0 1
50.7713 -30.5965 225.556 10.6503 -4.4818 38.0436 3.3721 -13 613 1 0 1
6.49048 -19.5561 225.556 2.15231 -5.86824 64.5841 1.03506 -13 614 1 0 1
-30.5612 -9.69317 225.556 -11.5427 -3.86017 72.8967 2.05452 -13 615 1 0 1
9.64099 17.5694 225.556 2.84697 6.31864 78.1897 0.970718 -13 616 1 0 1
5.80756 -26.1892 225.556 1.79571 -6.69594 63.9093 0.659833 -13 617 1 0 1
-10.4953 74.0954 225.556 -3.01504 17.7297 57.3286 0.465124 -13 618 1 0 1
46.9602 46.538 225.556 12.4203 9.86537 50.1185 2.35117 -13 619 1 0 1
-18.0018 9.23709 225.556 -7.8665 2.96168 77.5951 -1.01592 -13 620 1 0 1
8.7143 -13.5846 225.556 2.77679 -2.61203 60.0535 2.09707 -13 621 1 0 1
37.3943 -80.0972 225.556 10.8147 -17.6322 55.9404 1.89146 -13 622 1 0 1
0.626291 2.3395 225.556 0.352991 1.31763 60.8321 1.10845 -13 623 1 0 1
20.5338 11.3987 225.556 6.75626 2.71613 65.0725 1.04526 -13 624 1 0 1
-25.7315 37.6851 225.556 -7.23122 8.15632 56.5052 0.648306 -13 625 1 0 1
14.6989 7.05023 225.556 4.72112 1.65884 70.8186 3.72257 -13 626 1 0 1
-36.996 28.0662 225.556 -14.6261 10.1017 75.0997 1.80942 -13 627 1 0 1
25.5429 -19.2813 225.556 8.83505 -5.6732 72.2373 1.40116 -13 628 1 0 1
-5.36131 45.9299 225.556 -1.69997 12.9251 65.1941 1.54738 -13 629 1 0 1
-39.2868 29.3454 225.556 -12.3945 8.04981 62.0747 2.06051 -13 630 1 0 1
6.3223 7.75207 225.556 2.22114 2.07469 59.1813 0.784667 -13 631 1 0 1
-6.0287 -24.7977 225.556 -2.20005 -6.86293 66.8808 -0.184089 -13 632 1 0 1
91.3884 24.4738 225.556 25.2164 5.06374 52.347 0.776382 -13 633 1 0 1
-46.5554 74.5656 225.556 -13.5893 17.6521 57.3543 1.38924 -13 634 1 0 1
56.2382 -1.26855 225.556 15.0542 0.0209846 50.8015 1.81115 -13 635 1 0 1
-31.9984 27.8094 225.556 -12.0209 9.23584 71.9229 -0.838422 -13 636 1 0 1
22.0209 -1.89063 225.556 7.35685 -0.918087 72.1205 1.35135 -13 637 1 0 1
-10.6657 -44.8992 225.556 -1.40137 -4.61162 28.3124 2.72735 -13 638 1 0 1
18.8277 -29.1605 225.556 6.04188 -8.05829 65.8827 -0.619506 -13 639 1 0 1
28.5549 20.4259 225.556 6.20139 3.11101 39.0424 -0.156732 -13 640 1 0 1
41.7395 -32.8917 225.556 12.9158 -8.63924 61.111 0.0993812 -13 641 1 0 1
13.2114 -26.1271 225.556 4.14936 -5.85113 57.7534 1.4327 -13 642 1 0 1
-4.35986 -50.3856 225.556 -1.93593 -15.007 70.1317 0.91415 -13 643 1 0 1
-21.7329 -39.5628 225.556 -5.3742 -8.31304 49.9553 3.88937 -13 644 1 0 1
16.0172 -30.4569 225.556 4.83732 -7.0026 56.9311 2.48832 -13 645 1 0 1
-33.8057 9.53104 225.556 -12.6697 2.78096 71.4004 2.61622 -13 646 1 0 1
-53.3172 0.215876 225.556 -21.1539 0.470032 75.726 -0.272601 -13 647 1 0 1
21.4489 3.57967 225.556 7.17857 1.24452 68.1261 1.18163 -13 649 1 0 1
-8.16122 -16.1301 225.556 -3.62083 -4.59215 73.6437 2.18654 -13 650 1 0 1
5.38077 8.16188 225.556 1.54269 2.23017 68.1922 1.77964 -13 651 1 0 1
-11.2554 -17.1327 225.556 -3.91386 -4.98029 65.8722 2.31604 -13 652 1 0 1
2.11287 -16.2886 225.556 0.41365 -4.28809 68.4783 1.90461 -13 653 1 0 1
32.9201 -11.3476 225.556 7.62313 -1.75896 40.3194 1.50747 -13 654 1 0 1
-23.5753 -34.8036 225.556 -4.09591 -4.86742 34.4651 2.37929 -13 655 1 0 1
-40.4967 41.7817 225.556 -13.0594 11.5554 62.8745 1.25419 -13 656 1 0 1
-9.92786 -2.83608 225.556 -3.09384 -0.0359505 61.4628 1.97871 -13 657 1 0 1
-12.5925 -23.287 225.556 -4.73122 -6.07178 68.9645 3.49132 -13 659 1 0 1
-0.601967 -15.0766 225.556 -0.426022 -4.0849 67.1571 -0.219815 -13 660 1 0 1
-16.2823 -15.792 225.556 -7.07171 -6.09523 76.3044 2.815 -13 661 1 0 1
-22.5534 13.3243 225.556 -6.48231 3.20943 57.7429 1.16084 -13 662 1 0 1
26.6388 13.0585 225.556 7.95872 3.45942 57.3525 1.87874 -13 663 1 0 1
-16.1134 -25.5856 225.556 -6.16834 -7.38509 70.253 2.98245 -13 664 1 0 1
-13.7045 -13.6113 225.556 -6.00084 -4.80104 76.7375 1.47882 -13 665 1 0 1
-37.3835 1.95197 225.556 -11.4141 0.789378 60.7744 2.35402 -13 666 1 0 1
-0.175568 4.93658 225.556 -0.00597595 1.42064 60.4863 -0.777039 -13 667 1 0 1
-11.8551 -30.7654 225.556 -1.98589 -4.38609 35.2688 2.88177 -13 668 1 0 1
5.14019 -41.2245 225.556 1.66078 -11.6518 67.3969 2.66814 -13 669 1 0 1
9.48636 -27.9478 225.556 2.95138 -8.3936 72.4255 1.2494 -13 670 1 0 1
41.4548 -37.8816 225.556 13.0071 -9.69982 61.8371 1.84891 -13 671 1 0 1
35.9948 31.0627 225.556 10.2602 7.05167 55.9285 3.02615 -13 672 1 0 1
0.766649 71.6952 225.556 0.328798 16.9646 58.591 1.77665 -13 673 1 0 1
42.6045 15.3127 225.556 13.0917 3.99218 61.633 2.21733 -13 674 1 0 1
-9.2387 -44.9781 225.556 -2.87198 -12.0157 62.3833 4.53127 -13 675 1 0 1
56.3001 22.0544 225.556 14.3216 4.67315 48.0228 1.47696 -13 676 1 0 1
44.7416 -6.31528 225.556 14.4024 -1.99201 65.4745 2.3134 -13 677 1 0 1
1.34818 30.5118 225.556 0.0631875 10.5168 71.6316 2.78155 -13 678 1 0 1
-30.154 42.0389 225.556 -10.3186 11.9003 66.4368 1.31404 -13 679 1 0 1
-19.0946 8.77831 225.556 -5.13881 1.69414 55.8882 0.575499 -13 680 1 0 1
-7.10995 -17.1419 225.556 -3.09086 -6.57236 73.2561 -2.02036 -13 681 1 0 1
-2.60209 -65.3721 225.556 -0.134129 -8.97274 33.1067 2.31941 -13 682 1 0 1
73.2833 35.2692 225.556 22.1178 9.61038 59.2693 3.46257 -13 683 1 0 1
-4.19898 -19.8412 225.556 -1.26422 -4.95477 61.5071 1.15807 -13 684 1 0 1
77.6264 -29.3087 225.556 25.2859 -8.63908 65.2805 -0.340145 -13 685 1 0 1
18.5618 31.7363 225.556 6.16046 9.43623 69.536 1.67958 -13 686 1 0 1
28.4524 1.79361 225.556 8.04237 0.793865 53.1958 3.20564 -13 687 1 0 1
-7.84948 13.3927 225.556 -2.77224 3.24604 66.604 1.2683 -13 688 1 0 1
33.9472 -40.7902 225.556 10.4227 -10.5664 59.7374 2.41165 -13 690 1 0 1
8.04103 -1.59998 225.556 2.44791 -1.01907 64.8519 -0.630232 -13 691 1 0 1
-14.0676 -2.97073 225.556 -4.45468 -1.54844 62.2519 0.415471 -13 692 1 0 1
25.0236 1.95996 225.556 6.71909 -0.735397 50.599 3.41926 -13 693 1 0 1
1.92035 -25.0161 225.556 0.485371 -6.16541 65.0386 3.69479 -13 694 1 0 1
5.37806 26.3389 225.556 1.73734 7.22213 64.6836 1.68644 -13 696 1 0 1
-15.1054 21.4228 225.556 -5.88636 6.79534 70.5841 1.79296 -13 697 1 0 1
59.425 -27.848 225.556 13.9747 -4.45082 42.9695 1.11036 -13 699 1 0 1
1.02416 -12.1265 225.556 -0.147468 -3.73022 73.2595 2.62509 -13 700 1 0 1
13.3595 29.0591 225.556 4.40279 9.21722 69.9677 2.61135 -13 701 1 0 1
26.3312 4.40125 225.556 6.39696 0.889544 44.3064 3.10213 -13 702 1 0 1
-30.8537 14.3466 225.556 -13.1506 4.47959 78.8205 -1.03858 -13 703 1 0 1
35.6478 40.1211 225.556 10.5128 9.87911 56.3674 1.01442 -13 704 1 0 1
8.79384 13.8026 225.556 2.71538 2.81353 53.7948 2.94499 -13 705 1 0 1
-7.85609 14.6316 225.556 -1.84937 3.38943 54.6122 -0.0871577 -13 706 1 0 1
-5.15116 12.2058 225.556 -2.32717 4.78748 72.2678 4.56362 -13 707 1 0 1
-42.3492 -11.8754 225.556 -12.4136 -2.87506 58.1365 1.95819 -13 708 1 0 1
-3.10151 -21.8202 225.556 -1.05698 -6.4827 65.6876 1.4102 -13 709 1 0 1
10.864 -13.3053 225.556 2.96018 -2.88641 44.5267 0.808531 -13 710 1 0 1
23.0198 1.15033 225.556 6.2509 -0.261933 50.718 1.27538 -13 711 1 0 1
0.943619 -22.683 225.556 -0.000530836 -6.51449 69.2297 2.67145 -13 712 1 0 1
-15.1867 -27.0968 225.556 -7.26393 -9.82856 80.2512 1.17976 -13 713 1 0 1
7.81672 -2.29539 225.556 2.32644 -0.970341 49.865 3.27679 -13 714 1 0 1
-13.3278 20.7175 225.556 -5.17402 6.6754 71.0797 0.187801 -13 715 1 0 1
41.525 30.1451 225.556 11.1049 6.06623 49.7796 2.85261 -13 716 1 0 1
-4.39243 -12.3585 225.556 -0.872664 -2.84952 52.8701 3.34209 -13 717 1 0 1
-20.6627 -0.516422 225.556 -7.90976 -0.595272 71.9513 2.19357 -13 718 1 0 1
9.563 10.8172 225.556 3.01059 3.83047 71.9191 1.15286 -13 719 1 0 1
-0.789697 38.8015 225.556 -0.35066 10.7668 65.6473 3.42096 -13 720 1 0 1
20.8806 -33.8581 225.556 6.94789 -10.1453 71.2111 1.17948 -13 721 1 0 1
25.0889 -21.8654 225.556 7.13808 -5.0704 53.9018 0.0033062 -13 722 1 0 1
1.5541 -15.5475 225.556 0.477733 -3.47816 61.797 0.179694 -13 723 1 0 1
0.16039 32.3275 225.556 -0.447956 9.58913 72.3923 3.25539 -13 724 1 0 1
-16.2824 35.0353 225.556 -4.42177 7.67073 55.3555 1.22992 -13 725 1 0 1
61.637 -41.0262 225.556 16.9325 -8.89961 52.3224 0.597459 -13 726 1 0 1
30.6644 10.7392 225.556 7.41532 2.02134 44.5022 3.71537 -13 727 1 0 1
29.9816 85.0163 225.556 6.7972 13.9399 41.4089 1.6139 -13 728 1 0 1
9.7449 -16.4246 225.556 2.84165 -5.14054 76.2984 -0.616379 -13 729 1 0 1
-10.8945 -40.0991 225.556 -1.63742 -5.25891 36.2314 1.92725 -13 730 1 0 1
-12.8889 -12.1445 225.556 -4.88969 -3.30877 70.4392 0.0280533 -13 731 1 0 1
-15.5381 25.4051 225.556 -5.51686 6.93171 68.6447 3.30309 -13 732 1 0 1
-20.3946 -4.37252 225.556 -4.51035 -1.36432 46.4583 1.29646 -13 733 1 0 1
11.4351 -3.62328 225.556 3.74836 -2.88182 71.4686 3.50486 -13 734 1 0 1
89.5232 25.2779 225.556 20.639 3.95162 42.7725 0.654129 -13 735 1 0 1
20.1103 23.3751 225.556 5.23137 4.46124 47.2013 1.49152 -13 736 1 0 1
-11.1099 27.7737 225.556 -3.41714 7.10478 62.94 3.43439 -13 737 1 0 1
-2.27233 -2.19208 225.556 -0.615004 -0.135526 57.7428 2.98362 -13 738 1 0 1
20.5769 -5.3682 225.556 6.27396 -0.842126 59.1996 0.279539 -13 739 1 0 1
-24.1391 3.60061 225.556 -9.3036 1.01191 72.6797 2.01998 -13 740 1 0 1
98.6035 0.324963 225.556 12.401 0.134132 20.2418 5.17652 -13 741 1 0 1
-47.0396 7.99913 225.556 -10.1045 1.60243 42.3746 -0.376815 -13 742 1 0 1
-11.2547 15.2198 225.556 -4.38645 5.0514 71.9575 2.57827 -13 743 1 0 1
-14.2595 21.5461 225.556 -3.82348 4.53673 55.7213 1.75414 -13 744 1 0 1
33.4093 31.2077 225.556 11.3159 9.2815 71.766 3.21155 -13 745 1 0 1
-10.1722 -19.1458 225.556 -3.75388 -5.55441 68.3397 -0.527175 -13 746 1 0 1
3.92206 -8.5287 225.556 1.13667 -2.38343 68.0644 1.47063 -13 747 1 0 1
-23.3585 7.25371 225.556 -5.50983 1.68597 48.9033 -0.167296 -13 748 1 0 1
13.2204 -20.6564 225.556 4.21328 -6.4932 73.0337 2.36251 -13 749 1 0 1
-0.12947 14.7683 225.556 -0.0145194 2.59703 64.076 2.05456 -13 750 1 0 1
-10.8249 34.4393 225.556 -2.65614 7.75169 52.701 1.57354 -13 751 1 0 1
-8.01094 41.1231 225.556 -2.83305 12.201 66.9597 0.830271 -13 752 1 0 1
-6.40889 4.56289 225.556 -2.02296 0.654378 64.3774 0.303459 -13 753 1 0 1
-29.4559 -3.52897 225.556 -10.5309 -0.708318 69.633 1.58636 -13 754 1 0 1
0.585722 -8.22065 225.556 -0.50127 -2.92067 75.7883 -0.225331 -13 755 1 0 1
22.37 27.5835 225.556 7.35644 8.64302 67.9732 0.258744 -13 756 1 0 1
56.1598 -20.2539 225.556 15.2922 -4.04102 51.5393 0.462459 -13 757 1 0 1
11.2305 -19.9219 225.556 3.63417 -5.40301 56.6028 1.82561 -13 758 1 0 1
22.7895 -55.6937 225.556 7.00308 -14.5469 61.6227 2.5489 -13 759 1 0 1
16.164 -11.3681 225.556 4.79923 -2.71851 54.9297 1.701 -13 760 1 0 1
9.91586 -22.6457 225.556 3.04057 -5.27137 59.5312 2.10839 -13 761 1 0 1
-44.1673 18.7389 225.556 -8.06739 2.91219 34.8987 1.21596 -13 762 1 0 1
45.3073 21.1399 225.556 13.6765 5.91412 59.583 2.68759 -13 763 1 0 1
14.5322 8.78421 225.556 4.75308 2.80041 70.5646 -1.33266 -13 764 1 0 1
-6.42643 -19.2888 225.556 -1.97328 -5.49014 64.9644 0.779209 -13 765 1 0 1
45.685 57.8347 225.556 7.67895 6.10411 28.7992 1.43484 -13 766 1 0 1
12.3973 -10.1412 225.556 3.83425 -2.72363 58.9718 0.977899 -13 767 1 0 1
29.1771 -64.8465 225.556 9.49043 -17.8375 65.7368 1.96674 -13 768 1 0 1
22.5871 -2.27901 225.556 5.20104 -0.814381 39.9746 2.0496 -13 769 1 0 1
-24.8898 -19.8615 225.556 -9.04246 -7.38554 70.3946 0.218935 -13 770 1 0 1
17.6318 -65.528 225.556 4.00964 -9.96321 38.5364 1.34771 -13 771 1 0 1
26.9776 4.38904 225.556 7.96929 0.77366 55.6285 1.3069 -13 772 1 0 1
23.5992 1.4694 225.556 8.09178 0.655197 76.6193 1.70779 -13 773 1 0 1
-22.9167 -7.65787 225.556 -6.56303 -1.47713 58.2384 2.38032 -13 774 1 0 1
55.8692 -15.8584 225.556 16.9861 -4.34372 59.3932 1.34471 -13 775 1 0 1
-10.4553 22.2811 225.556 -2.69139 5.20154 55.3373 4.01724 -13 776 1 0 1
-22.5487 -22.3491 225.556 -7.84532 -6.69522 67.2685 1.27111 -13 777 1 0 1
-0.754208 37.4445 225.556 0.145208 7.5764 46.2494 4.30724 -13 778 1 0 1
-44.7824 -11.1195 225.556 -15.26 -3.06541 66.703 2.99881 -13 779 1 0 1
21.4639 -0.789734 225.556 7.28998 -0.11181 67.5482 0.387242 -13 780 1 0 1
-12.7855 7.01921 225.556 -4.34463 1.55775 66.1441 1.2002 -13 781 1 0 1
-20.5595 -21.0704 225.556 -6.61006 -5.55921 63.0599 1.86717 -13 782 1 0 1
37.4679 -15.2367 225.556 11.2718 -3.46686 58.4093 2.41512 -13 783 1 0 1
-43.9363 -61.369 225.556 -14.1136 -16.6943 63.1787 0.507622 -13 784 1 0 1
-42.804 -14.8321 225.556 -17.1494 -6.03311 76.1428 1.00496 -13 785 1 0 1
54.2919 10.5255 225.556 13.4404 1.66678 46.2532 0.679044 -13 787 1 0 1
-45.8241 0.113755 225.556 -14.0418 -0.248673 60.4331 0.46803 -13 788 1 0 1
30.4466 -5.85645 225.556 10.3613 -2.54359 70.5551 1.6936 -13 789 1 0 1
9.15583 -15.7182 225.556 2.77074 -4.67042 60.3174 3.40675 -13 790 1 0 1
19.3572 -40.2108 225.556 6.39335 -12.0077 67.5782 -0.117863 -13 791 1 0 1
-13.5322 -3.76681 225.556 -4.61788 -0.975128 66.8976 3.49188 -13 792 1 0 1
23.8641 -5.23263 225.556 6.70029 -1.56397 53.029 3.31815 -13 793 1 0 1
13.1266 -29.4598 225.556 4.3428 -8.22607 69.263 1.56193 -13 794 1 0 1
-29.263 -35.2861 225.556 -8.26922 -8.34609 55.9661 -0.923678 -13 795 1 0 1
-26.9584 4.80418 225.556 -7.74186 1.09553 58.5101 1.32515 -13 796 1 0 1
4.18882 -5.51959 225.556 1.43324 -1.67835 48.3425 0.820472 -13 797 1 0 1
-4.12534 48.78 225.556 -2.23781 15.5509 74.1737 3.22836 -13 798 1 0 1
0.236752 15.6873 225.556 0.0491538 3.95162 63.6287 2.25583 -13 799 1 0 1
-39.1721 21.2199 225.556 -11.6141 5.7175 58.8012 2.62215 -13 800 1 0 1
30.893 6.25841 225.556 10.5073 0.879516 68.642 3.50904 -13 801 1 0 1
-5.76123 -24.7006 225.556 -2.05564 -7.39468 66.4198 0.027639 -13 802 1 0 1
6.07364 9.28767 225.556 1.49768 4.04463 75.8875 -0.486746 -13 803 1 0 1
63.1807 4.17508 225.556 16.2363 0.973447 48.585 1.14432 -13 804 1 0 1
4.30478 -2.36518 225.556 0.823366 -0.158309 23.7978 2.70592 -13 805 1 0 1
13.0399 -7.02622 225.556 3.9479 -1.81637 56.5936 2.45249 -13 806 1 0 1
-21.7648 -30.6962 225.556 -7.27517 -8.18181 66.2005 1.70742 -13 807 1 0 1
-71.5158 19.3692 225.556 -11.1554 2.05322 28.3953 3.98974 -13 808 1 0 1
-29.9824 2.0549 225.556 -9.80057 0.508933 64.6157 0.778068 -13 809 1 0 1
-19.9844 -9.52342 225.556 -8.38614 -3.54852 76.6355 0.519768 -13 810 1 0 1
4.91739 8.31301 225.556 1.52155 2.88313 70.646 1.04042 -13 811 1 0 1
-30.734 -19.3288 225.556 -6.01667 -2.683 39.1446 3.92114 -13 812 1 0 1
28.2592 35.1881 225.556 8.2676 8.60832 56.2712 2.23628 -13 813 1 0 1
-0.498296 4.04026 225.556 -0.0780724 1.65528 62.6912 2.06883 -13 814 1 0 1
28.8055 24.1133 225.556 8.3407 5.64669 55.1192 -0.564799 -13 815 1 0 1
0.456527 -9.08107 225.556 -0.737176 -2.95984 77.076 2.67535 -13 816 1 0 1
14.324 -2.31016 225.556 3.52265 -0.320698 39.6818 0.25502 -13 817 1 0 1
21.6535 -36.9309 225.556 5.84387 -7.72076 48.9107 1.52847 -13 820 1 0 1
-9.13546 -7.65499 225.556 -2.1734 -1.14035 52.8342 -0.212736 -13 821 1 0 1
-31.7897 9.04029 225.556 -14.2556 2.16338 80.2078 1.78872 -13 822 1 0 1
23.195 -5.06659 225.556 7.01441 -1.5887 56.9656 1.3592 -13 823 1 0 1
-16.4433 -17.4194 225.556 -5.15102 -4.56044 61.2129 1.65157 -13 825 1 0 1
6.38473 23.2484 225.556 1.92252 7.15163 66.8821 -0.0997343 -13 826 1 0 1
8.87921 -39.9685 225.556 2.84041 -10.8947 62.5435 4.02195 -13 827 1 0 1
9.42418 -1.27518 225.556 3.15491 -0.872458 64.9914 -1.14398 -13 828 1 0 1
46.501 -71.8515 225.556 11.7091 -14.0061 48.018 2.47368 -13 829 1 0 1
8.15945 -30.291 225.556 2.58355 -8.37226 64.4981 1.16271 -13 830 1 0 1
13.1878 -9.97861 225.556 4.20059 -3.19028 65.8063 3.2876 -13 831 1 0 1
0.00234 -26.4087 225.556 0.261605 -6.27761 55.9049 1.8288 -13 832 1 0 1
-5.83837 -11.7965 225.556 -1.8493 -3.15706 62.0548 1.72943 -13 833 1 0 1
-5.8977 -28.1753 225.556 -1.66978 -6.73371 60.6841 1.15228 -13 834 1 0 1
-18.0786 -39.2015 225.556 -7.99541 -13.2638 77.262 0.241116 -13 835 1 0 1
23.334 39.5099 225.556 7.40437 11.1361 65.4406 1.20189 -13 836 1 0 1
40.969 -41.1964 225.556 13.2997 -10.4903 65.527 2.35375 -13 837 1 0 1
16.658 10.606 225.556 5.4984 2.48024 71.6835 -0.0941891 -13 838 1 0 1
3.61838 -25.4585 225.556 1.32654 -5.39277 55.6621 1.06156 -13 839 1 0 1
-28.4871 19.66 225.556 -8.59542 4.75141 59.8866 3.82319 -13 840 1 0 1
-10.1597 24.209 225.556 -2.83762 5.44416 58.7307 -0.412318 -13 841 1 0 1
-15.0742 -6.37973 225.556 -6.02967 -1.74244 73.3988 0.240423 -13 842 1 0 1
-16.2712 -39.1383 225.556 -6.66973 -13.3083 73.5214 1.70877 -13 843 1 0 1
-23.258 39.3206 225.556 -6.74208 9.56743 58.4665 2.31652 -13 844 1 0 1
19.6189 -1.0731 225.556 6.0839 0.104953 60.1465 2.36969 -13 845 1 0 1
49.4422 -46.0634 225.556 9.97052 -6.21106 36.5612 2.52877 -13 846 1 0 1
31.3343 -24.3945 225.556 9.36422 -4.77552 57.7217 0.265489 -13 847 1 0 1
-21.6734 -5.76584 225.556 -5.92456 -1.82211 55.3736 0.668624 -13 848 1 0 1
-36.2052 -11.0132 225.556 -9.67009 -2.1468 53.223 -0.481552 -13 849 1 0 1
39.1613 -37.8891 225.556 12.9254 -10.6565 67.2991 0.415395 -13 850 1 0 1
-14.0887 18.8378 225.556 -4.11621 4.34909 59.7891 0.919796 -13 851 1 0 1
22.0282 -4.42424 225.556 7.3773 -1.2631 75.5575 1.70088 -13 852 1 0 1
1.86991 14.521 225.556 0.650572 3.79959 62.1296 2.44284 -13 853 1 0 1
-10.4493 -6.52898 225.556 -4.10242 -2.74517 69.4676 0.437557 -13 854 1 0 1
-16.6547 32.4464 225.556 -5.13733 8.43478 61.854 1.48839 -13 855 1 0 1
-41.6792 -13.5503 225.556 -12.1688 -4.19555 57.5413 1.76553 -13 856 1 0 1
7.38105 -3.40741 225.556 2.41236 0.00969531 66.0547 0.430279 -13 857 1 0 1
-69.8322 13.2422 225.556 -22.3535 3.30938 62.3349 -1.03293 -13 858 1 0 1
4.29624 -3.90248 225.556 1.58148 -0.596126 55.4316 3.0631 -13 859 1 0 1
-12.8356 11.5809 225.556 -4.53471 3.40308 67.8419 2.60295 -13 860 1 0 1
-7.66185 -17.8066 225.556 -3.68032 -6.04159 77.0564 -0.637596 -13 861 1 0 1
-1.45235 17.7903 225.556 -0.493362 5.11646 63.9595 1.25108 -13 862 1 0 1
-51.1729 -27.4933 225.556 -15.1357 -6.3911 58.0164 1.63486 -13 863 1 0 1
-5.87279 4.14684 225.556 -1.76937 1.30358 62.6833 0.741416 -13 864 1 0 1
-11.6655 -14.7623 225.556 -3.06384 -2.89127 55.3918 3.26102 -13 865 1 0 1
15.1956 45.6818 225.556 4.51053 11.1836 56.3043 1.41474 -13 866 1 0 1
10.2183 11.4957 225.556 3.13713 3.25097 74.8721 0.551856 -13 867 1 0 1
-18.1224 2.39331 225.556 -8.09293 0.313821 78.3609 -0.459552 -13 868 1 0 1
-78.8717 -46.3405 225.556 -22.377 -10.4978 55.0631 0.827251 -13 869 1 0 1
2.42525 -19.2764 225.556 0.79226 -5.20972 60.0935 2.14814 -13 870 1 0 1
8.62214 -54.1319 225.556 2.67546 -15.0913 65.367 0.14241 -13 871 1 0 1
-14.1637 -8.10038 225.556 -4.98291 -1.98661 67.5938 0.159282 -13 872 1 0 1
14.5966 -4.46348 225.556 4.83099 -1.84678 71.7685 0.158861 -13 873 1 0 1
-13.4015 25.4515 225.556 -4.69704 7.31364 66.8439 3.87964 -13 874 1 0 1
-18.6143 -18.9439 225.556 -5.90074 -5.21768 62.7998 1.56381 -13 875 1 0 1
12.661 22.4564 225.556 4.01058 6.90949 74.9707 1.20333 -13 876 1 0 1
12.8537 37.0666 225.556 4.28101 11.8358 68.5508 -0.726187 -13 877 1 0 1
-0.798218 33.5715 225.556 -0.861979 11.1127 72.9252 -2.47967 -13 878 1 0 1
-25.6915 13.3139 225.556 -6.35847 2.60024 51.3412 2.70829 -13 879 1 0 1
20.0205 -21.8832 225.556 6.68828 -6.48829 68.3096 2.0876 -13 880 1 0 1
12.6256 -21.9873 225.556 3.84329 -5.20333 56.8764 3.26589 -13 881 1 0 1
36.9245 55.0323 225.556 12.7865 17.0103 73.0777 0.673923 -13 882 1 0 1
43.2876 54.9163 225.556 13.4571 14.7941 62.6407 1.01275 -13 883 1 0 1
65.6178 20.3388 225.556 13.093 3.01217 35.3969 1.88991 -13 885 1 0 1
8.28704 -11.2563 225.556 2.1836 -5.03803 79.7262 3.48363 -13 886 1 0 1
-37.5706 29.1154 225.556 -13.5138 8.39366 69.4677 1.76205 -13 887 1 0 1
3.48398 14.3667 225.556 1.31189 2.79779 55.4925 1.49347 -13 888 1 0 1
-5.5704 -13.2969 225.556 -1.42787 -3.03974 57.4813 0.78782 -13 889 1 0 1
24.1084 -45.6067 225.556 7.91592 -13.18 67.5935 0.12634 -13 890 1 0 1
18.5577 -4.76546 225.556 3.8441 -0.530643 35.011 0.965303 -13 891 1 0 1
-24.5699 -20.5962 225.556 -9.09502 -5.39614 70.9586 1.65692 -13 892 1 0 1
-38.1613 6.33467 225.556 -11.0712 1.94796 58.2531 -0.272932 -13 893 1 0 1
22.9424 -11.7925 225.556 7.9409 -3.58037 75.9854 1.13394 -13 894 1 0 1
-50.4988 50.1504 225.556 -18.5359 16.5453 70.2224 2.75966 -13 895 1 0 1
-21.876 45.5165 225.556 -7.72866 13.4336 68.3251 -0.426083 -13 896 1 0 1
-5.45273 -19.6997 225.556 -1.18029 -3.92483 49.2973 -0.192467 -13 897 1 0 1
10.3612 -4.05622 225.556 3.08205 -0.704475 55.6598 0.736438 -13 898 1 0 1
50.696 12.5268 225.556 15.548 3.5448 59.9755 1.0724 -13 899 1 0 1
12.5532 -1.36101 225.556 4.04206 -1.07191 68.5482 1.80826 -13 901 1 0 1
47.3768 -12.8607 225.556 13.3272 -3.30505 53.7535 2.02929 -13 902 1 0 1
-1.47621 -31.1728 225.556 -1.26274 -8.68 74.7285 2.31827 -13 903 1 0 1
17.9245 -9.21248 225.556 5.40044 -2.8326 58.7419 3.30363 -13 904 1 0 1
-50.4732 12.9133 225.556 -20.2224 4.56312 76.3588 1.28434 -13 905 1 0 1
-41.7886 -15.9121 225.556 -11.3243 -3.40197 54.2385 2.71918 -13 906 1 0 1
5.24447 30.2708 225.556 1.55722 8.13856 67.8582 1.54166 -13 907 1 0 1
-17.448 -26.7672 225.556 -3.14234 -3.91938 37.5617 2.15842 -13 908 1 0 1
-7.04449 -11.1431 225.556 -3.24425 -2.88662 73.6841 1.84546 -13 909 1 0 1
-10.7409 -15.7043 225.556 -4.15067 -4.80236 70.4668 1.0312 -13 910 1 0 1
0.154607 77.6835 225.556 0.278526 12.7029 41.1937 1.23216 -13 911 1 0 1
19.7082 44.2122 225.556 5.51686 9.36267 54.9918 0.637993 -13 912 1 0 1
-13.0665 33.6031 225.556 -6.57386 12.4248 79.016 2.41817 -13 913 1 0 1
-64.8682 24.1427 225.556 -22.5015 7.87561 67.6566 2.23373 -13 914 1 0 1
17.9671 -28.3761 225.556 5.6224 -6.9429 61.4095 0.459693 -13 915 1 0 1
-54.6296 6.13802 225.556 -22.5439 2.3782 77.0063 5.44308 -13 916 1 0 1
-4.55592 38.0497 225.556 -0.564075 6.5257 41.3289 1.58869 -13 917 1 0 1
-43.3346 26.5878 225.556 -15.8341 7.95987 70.5304 3.22871 -13 918 1 0 1
-12.0942 9.72691 225.556 -4.1117 2.29587 66.4042 0.637182 -13 919 1 0 1
-31.9619 -2.58575 225.556 -13.4772 -0.228392 78.5132 1.56333 -13 920 1 0 1
39.3253 -11.5809 225.556 7.53163 -2.14859 33.7703 2.50476 -13 921 1 0 1
-30.319 -32.9045 225.556 -13.2136 -10.9251 79.3533 3.5517 -13 922 1 0 1
-22.8697 -1.84682 225.556 -6.7045 -0.49686 58.7609 1.20077 -13 923 1 0 1
-5.46395 8.66657 225.556 -2.09902 2.07134 68.4827 0.168549 -13 924 1 0 1
-1.4838 25.9855 225.556 -0.512699 7.00274 62.9122 1.66262 -13 925 1 0 1
-20.511 14.9573 225.556 -8.71067 4.53609 76.981 2.49844 -13 926 1 0 1
-8.05385 -6.9669 225.556 -2.70404 -1.2566 67.8899 1.77288 -13 927 1 0 1
14.7162 -15.5031 225.556 4.53126 -3.96523 58.0555 1.13724 -13 928 1 0 1
-8.80197 4.54464 225.556 -3.38303 1.31872 70.3696 2.52687 -13 930 1 0 1
32.493 -7.44452 225.556 10.2018 -2.50404 62.5673 3.29004 -13 931 1 0 1
-9.83029 -24.372 225.556 -2.37213 -5.40212 52.6785 3.36118 -13 932 1 0 1
19.2545 38.0766 225.556 6.29734 11.5293 68.2831 2.25382 -13 933 1 0 1
-21.8233 18.0358 225.556 -8.71077 6.01709 74.0183 0.598978 -13 934 1 0 1
-50.4266 9.35817 225.556 -14.7194 2.17632 57.2916 2.32409 -13 935 1 0 1
49.274 -1.92571 225.556 15.1032 0.236955 59.4748 1.37839 -13 936 1 0 1
-11.7156 -11.8135 225.556 -4.89289 -2.92542 73.2684 0.945101 -13 938 1 0 1
3.23538 -11.4726 225.556 1.20451 -2.93319 61.347 0.763787 -13 939 1 0 1
-4.03445 11.3827 225.556 -1.11655 3.23106 60.5817 1.28592 -13 940 1 0 1
-17.0849 19.5246 225.556 -5.81231 6.0238 66.5093 1.45548 -13 941 1 0 1
34.3473 -6.23006 225.556 11.7016 -1.92101 71.4698 1.7322 -13 942 1 0 1
16.1807 -9.59983 225.556 5.25492 -2.48728 67.84 2.63875 -13 943 1 0 1
-8.07022 12.1597 225.556 -1.82665 3.29041 52.4878 1.04331 -13 944 1 0 1
-9.33068 56.8125 225.556 -3.74931 17.51 70.4255 2.095 -13 945 1 0 1
-0.714867 24.6814 225.556 0.149873 4.52692 45.261 0.923446 -13 946 1 0 1
25.9164 2.83021 225.556 8.39364 1.32062 64.9103 0.0831824 -13 947 1 0 1
38.9237 -17.9054 225.556 10.3185 -3.32417 50.1319 2.83375 -13 948 1 0 1
-28.7764 -13.5231 225.556 -7.53907 -2.99054 53.9392 1.85528 -13 949 1 0 1
-10.7769 16.1589 225.556 -3.56691 4.15862 65.8897 1.31438 -13 950 1 0 1
105.972 -24.8002 225.556 27.4953 -4.58849 48.9314 2.19801 -13 951 1 0 1
23.2718 -17.4475 225.556 7.09688 -4.34737 59.2157 4.0179 -13 952 1 0 1
10.9496 -18.2106 225.556 3.27395 -4.72321 59.6716 1.60866 -13 953 1 0 1
4.96452 -59.2949 225.556 1.6436 -13.3721 55.114 1.21507 -13 954 1 0 1
16.2637 -18.8874 225.556 5.00249 -5.67588 60.8539 1.86851 -13 955 1 0 1
-9.69909 10.7624 225.556 -2.50258 1.8872 54.5988 1.34575 -13 956 1 0 1
-33.5317 -20.5436 225.556 -9.59128 -5.46967 57.1394 0.37392 -13 957 1 0 1
-39.6941 -2.76272 225.556 -17.3852 -1.25735 78.8584 0.326297 -13 958 1 0 1
43.4011 -21.4791 225.556 13.386 -5.6707 61.0379 1.73254 -13 959 1 0 1
-25.6956 -7.90986 225.556 -10.0385 -2.74723 73.4923 -0.844917 -13 960 1 0 1
22.4686 -21.1696 225.556 6.68906 -4.48271 55.2633 1.61937 -13 961 1 0 1
40.0708 -11.587 225.556 7.99173 -1.61839 34.9623 2.79922 -13 962 1 0 1
44.5003 -13.9689 225.556 14.6211 -5.23341 66.7693 3.24153 -13 963 1 0 1
-1.95397 4.59855 225.556 -0.473464 0.935391 62.5337 3.25278 -13 964 1 0 1
-10.9154 -29.3463 225.556 -3.6452 -8.24653 64.4856 2.69837 -13 965 1 0 1
-31.0854 -9.52017 225.556 -8.2616 -1.466 53.5441 3.77446 -13 966 1 0 1
32.6324 7.36234 225.556 9.34191 1.92859 53.7003 2.04069 -13 967 1 0 1
-73.9313 -1.70483 225.556 -22.6364 -0.792876 59.6187 0.329133 -13 968 1 0 1
17.5628 -23.7812 225.556 4.98127 -5.11034 50.2371 2.13401 -13 969 1 0 1
24.9272 -25.6343 225.556 7.96568 -7.28154 64.2423 1.22259 -13 970 1 0 1
11.0812 12.9386 225.556 3.64737 4.48783 68.059 0.101843 -13 971 1 0 1
-7.35879 46.2719 225.556 -0.894565 5.79906 31.4069 1.42279 -13 972 1 0 1
-10.5787 5.65945 225.556 -1.62861 0.989919 33.7065 1.40327 -13 973 1 0 1
-16.2594 15.8207 225.556 -5.82007 4.71286 69.1057 0.620866 -13 974 1 0 1
-25.122 0.336347 225.556 -9.78176 1.21186 74.1039 2.84148 -13 975 1 0 1
-14.0886 -39.1802 225.556 -4.32667 -9.67904 61.3839 1.73235 -13 977 1 0 1
-25.343 -8.50213 225.556 -9.48255 -2.94795 70.9338 -0.200157 -13 979 1 0 1
-32.8522 -5.41589 225.556 -9.70587 -1.51275 59.0225 -0.012816 -13 980 1 0 1
-17.6073 -36.7266 225.556 -5.65274 -10.2069 62.3732 0.66885 -13 981 1 0 1
13.7001 28.9317 225.556 4.44723 7.41322 64.4431 0.647441 -13 982 1 0 1
0.382825 8.71106 225.556 -0.360201 3.83352 73.3971 0.880588 -13 983 1 0 1
19.6596 22.57 225.556 6.11864 5.78888 60.0082 2.27018 -13 985 1 0 1
-25.8941 -15.4239 225.556 -7.95232 -3.75177 61.0044 1.06574 -13 986 1 0 1
12.5077 -53.7656 225.556 3.8651 -13.7556 60.522 1.83155 -13 987 1 0 1
-28.6815 61.3325 225.556 -3.67161 4.74325 23.651 3.07545 -13 988 1 0 1
7.44554 -19.8348 225.556 2.37117 -5.58134 69.9167 2.3187 -13 989 1 0 1
-7.20573 -19.5718 225.556 -2.7779 -6.66031 69.8337 1.53292 -13 990 1 0 1
-20.4124 26.9072 225.556 -5.02707 5.16887 51.2507 -0.643168 -13 991 1 0 1
-27.564 22.89 225.556 -5.60401 3.63754 41.7742 2.71782 -13 992 1 0 1
25.3303 -22.4724 225.556 7.05572 -4.45363 50.0354 3.23737 -13 993 1 0 1
66.8735 -95.4198 225.556 15.7405 -15.8906 44.2718 1.05501 -13 994 1 0 1
27.3405 11.3351 225.556 8.78275 3.24405 63.9551 -0.468546 -13 995 1 0 1
-26.1894 0.559958 225.556 -9.23062 0.0846963 68.3738 1.48053 -13 996 1 0 1
-4.35272 12.4282 225.556 -0.777941 2.51631 48.3207 4.06253 -13 997 1 0 1
5.79613 -58.0218 225.556 0.85621 -3.23752 17.7341 4.69705 -13 998 1 0 1
32.551 -5.54155 225.556 9.52628 -1.16012 56.3278 1.44032 -13 999 1 0 1
-11.6377 -20.0225 225.556 -2.57518 -3.91109 47.8637 1.12073 -13 1000 1 0 1
-21.2179 -11.3137 225.556 -7.9677 -3.62295 71.7363 0.508122 -13 1001 1 0 1
0.626822 42.2242 225.556 0.415435 8.79334 52.0013 0.272292 -13 1002 1 0 1
-11.4979 5.13658 225.556 -2.07172 1.3362 39.7749 1.94265 -13 1003 1 0 1
11.2689 -26.4222 225.556 3.76996 -6.6348 67.1316 2.13035 -13 1004 1 0 1
-17.9114 -22.0391 225.556 -3.25736 -3.4811 36.8938 1.43574 -13 1005 1 0 1
-18.8446 11.7288 225.556 -5.95545 2.93151 62.7421 3.49305 -13 1006 1 0 1
-33.6635 -12.0553 225.556 -12.2731 -3.45546 70.5005 2.29993 -13 1007 1 0 1
-35.2996 -29.0248 225.556 -12.9424 -8.76567 71.0032 4.19351 -13 1008 1 0 1
-4.35708 40.3361 225.556 -1.24739 9.93739 60.2496 1.24337 -13 1009 1 0 1
-47.2597 -33.7182 225.556 -17.3354 -10.3189 70.4377 3.30621 -13 1010 1 0 1
25.422 -16.3612 225.556 6.58964 -3.29266 46.324 1.30899 -13 1011 1 0 1
-4.55961 8.19851 225.556 -1.83515 1.66309 70.2935 1.02824 -13 1012 1 0 1
-18.5758 -3.13258 225.556 -6.00042 -1.65201 64.38 -0.133936 -13 1013 1 0 1
-7.61093 13.1855 225.556 -3.59899 4.48219 76.2887 -0.726753 -13 1014 1 0 1
6.42182 -2.52124 225.556 2.10017 -0.496267 66.2378 1.4408 -13 1015 1 0 1
10.656 -22.9851 225.556 3.40849 -5.74731 59.096 1.75202 -13 1016 1 0 1
-39.9588 38.6684 225.556 -13.957 10.9848 67.8922 2.2084 -13 1017 1 0 1
2.65748 29.3178 225.556 0.932202 6.86568 50.9864 0.168665 -13 1018 1 0 1
-21.5163 56.4085 225.556 -6.60172 13.5298 60.1269 0.968294 -13 1019 1 0 1
9.97184 -7.41603 225.556 3.11398 -1.6462 61.7027 1.76347 -13 1020 1 0 1
-1.00419 -33.8084 225.556 -0.434515 -9.89858 63.5937 2.13881 -13 1021 1 0 1
16.0093 -45.672 225.556 5.25971 -13.2834 70.0233 2.38389 -13 1022 1 0 1
23.7266 -20.9906 225.556 7.41017 -5.35261 61.7741 -0.48327 -13 1023 1 0 1
-29.0583 16.6073 225.556 -12.3815 5.24885 78.4481 1.31715 -13 1024 1 0 1
36.2339 10.0862 225.556 5.4349 0.493818 25.0983 0.159532 -13 1025 1 0 1
7.91423 -12.7812 225.556 2.1586 -4.07187 78.5536 0.932671 -13 1026 1 0 1
-5.8399 -0.692864 225.556 -2.94916 -0.427515 76.0849 1.2091 -13 1027 1 0 1
-2.59329 -27.6679 225.556 -0.595578 -7.00721 61.666 1.7769 -13 1028 1 0 1
27.8511 16.906 225.556 8.60839 4.48631 60.3745 0.210784 -13 1029 1 0 1
11.2576 24.4377 225.556 3.43725 5.98005 58.6365 0.559805 -13 1030 1 0 1
-67.5424 -7.70457 225.556 -26.1685 -2.41394 74.2353 2.32303 -13 1031 1 0 1
-17.5717 -19.8308 225.556 -5.77067 -6.13225 64.7554 2.50805 -13 1032 1 0 1
25.1912 -9.29075 225.556 7.2154 -2.23696 54.572 1.27704 -13 1033 1 0 1
-22.7561 1.44725 225.556 -7.398 0.11865 65.1335 2.5132 -13 1034 1 0 1
2.83881 33.3874 225.556 1.04663 7.67421 54.2835 1.35445 -13 1035 1 0 1
-3.62457 17.8256 225.556 -1.6237 5.12945 70.2115 0.352809 -13 1036 1 0 1
-60.1727 64.2967 225.556 -13.6487 11.1475 44.02 1.81739 -13 1037 1 0 1
-18.9939 -32.0596 225.556 -5.57623 -8.12452 57.8638 0.920897 -13 1038 1 0 1
-6.08487 17.815 225.556 -1.61161 4.83404 58.4795 0.134447 -13 1039 1 0 1
38.2575 -3.90411 225.556 13.0831 -1.29689 69.611 2.98783 -13 1040 1 0 1
14.5137 -10.3598 225.556 4.72046 -2.23903 67.7599 1.0293 -13 1041 1 0 1
22.3239 2.49596 225.556 7.39657 0.47859 66.8139 1.91568 -13 1043 1 0 1
2.27764 11.3111 225.556 -0.0681894 5.03848 78.4688 2.35472 -13 1044 1 0 1
23.7735 54.5315 225.556 7.22029 13.5185 59.4199 1.16568 -13 1045 1 0 1
-42.116 23.775 225.556 -14.2155 6.90013 65.3184 3.75926 -13 1046 1 0 1
-17.0218 2.01205 225.556 -6.3426 -0.0363615 70.0065 3.31967 -13 1047 1 0 1
-52.8981 -0.126726 225.556 -6.94735 -0.127543 23.0891 3.1992 -13 1048 1 0 1
-30.9851 -24.3506 225.556 -4.58682 -2.40268 28.5067 3.36528 -13 1049 1 0 1
42.9527 -13.5425 225.556 13.047 -3.95315 59.2007 2.1605 -13 1050 1 0 1
28.1063 -17.5511 225.556 9.03977 -4.29907 64.0956 1.58908 -13 1051 1 0 1
-47.0123 16.649 225.556 -11.844 3.28453 50.4065 3.5265 -13 1052 1 0 1
-43.5623 -12.1872 225.556 -17.8722 -4.15442 77.0117 2.30698 -13 1053 1 0 1
5.89611 -2.21253 225.556 1.53893 -0.0848603 73.8571 1.65579 -13 1054 1 0 1
1.76304 -21.3931 225.556 0.351569 -6.23552 69.0652 1.92034 -13 1055 1 0 1
-5.66132 -23.7611 225.556 -1.57369 -5.48311 60.3124 1.70629 -13 1056 1 0 1
31.9691 0.340347 225.556 8.80335 -0.402828 51.6479 0.956841 -13 1057 1 0 1
-10.6673 2.17441 225.556 -4.20778 0.295409 71.11 1.29166 -13 1058 1 0 1
16.7929 -10.4899 225.556 4.42973 -2.2722 46.3789 0.301665 -13 1059 1 0 1
26.0417 -11.1723 225.556 8.5538 -3.20721 66.1591 0.488135 -13 1060 1 0 1
-9.63783 26.4738 225.556 -2.01841 5.62319 48.0682 0.786794 -13 1061 1 0 1
-4.74329 5.09775 225.556 -0.82092 1.06818 42.0972 1.88515 -13 1062 1 0 1
-26.2347 23.4422 225.556 -9.18742 7.28117 68.2615 1.14634 -13 1063 1 0 1
67.8445 16.4348 225.556 22.9029 5.07391 68.6851 0.965285 -13 1064 1 0 1
6.13783 -4.62415 225.556 1.72394 -0.779427 70.4439 3.16678 -13 1066 1 0 1
-15.5753 35.5944 225.556 -5.75327 10.8621 69.0492 1.41362 -13 1067 1 0 1
-60.8578 -3.76013 225.556 -12.2224 -0.412782 38.6218 1.50377 -13 1068 1 0 1
-26.6278 -11.1216 225.556 -7.85362 -2.23206 58.5215 0.703468 -13 1069 1 0 1
0.961519 -25.6331 225.556 0.597268 -5.67566 52.9971 2.0483 -13 1070 1 0 1
40.801 7.59424 225.556 13.5902 1.57016 67.8515 3.30586 -13 1071 1 0 1
-8.48457 72.8781 225.556 -1.74447 14.9867 51.1193 1.41845 -13 1072 1 0 1
10.5853 13.6287 225.556 3.30241 4.36389 73.0543 1.0704 -13 1073 1 0 1
16.1239 8.72178 225.556 5.44749 3.07257 72.5057 2.35801 -13 1074 1 0 1
-33.4308 -6.25216 225.556 -10.0914 -0.853338 59.6847 1.27158 -13 1075 1 0 1
48.0604 19.2059 225.556 13.8647 4.60073 55.1634 1.08518 -13 1076 1 0 1
-73.7817 -3.90946 225.556 -20.0173 -0.932899 52.0144 0.962899 -13 1077 1 0 1
-26.8414 17.1533 225.556 -8.15322 4.08553 61.1096 0.359678 -13 1078 1 0 1
27.097 12.2596 225.556 8.86896 3.84069 67.4145 1.96296 -13 1079 1 0 1
-19.7068 32.0121 225.556 -8.89803 10.6822 79.0129 1.246 -13 1080 1 0 1
58.5127 -20.8903 225.556 18.1651 -5.55004 61.484 2.95167 -13 1081 1 0 1
-7.74155 0.968968 225.556 -2.44078 -0.337535 63.531 1.81578 -13 1082 1 0 1
-14.9629 25.9655 225.556 -2.2854 3.58363 33.984 0.967235 -13 1083 1 0 1
0.712366 5.08556 225.556 -0.0566373 1.49104 71.5025 0.912536 -13 1084 1 0 1
26.1393 35.6297 225.556 8.06917 8.31242 61.4863 1.12427 -13 1085 1 0 1
23.3754 8.07193 225.556 7.06493 2.07073 58.5424 1.50213 -13 1086 1 0 1
-4.21027 -6.94239 225.556 -2.33317 -3.11405 76.4073 1.98623 -13 1087 1 0 1
14.3235 45.7147 225.556 4.44415 11.4067 58.4428 2.22947 -13 1088 1 0 1
55.5998 40.9711 225.556 19.5492 12.662 73.133 0.480171 -13 1089 1 0 1
8.21385 23.7907 225.556 2.67784 6.10418 65.9378 1.92839 -13 1090 1 0 1
-88.6292 -4.62495 225.556 -25.3443 -0.664855 55.2767 -0.434771 -13 1091 1 0 1
-40.1838 13.3346 225.556 -14.4087 3.24893 69.6263 -0.472005 -13 1092 1 0 1
8.50329 -23.7636 225.556 2.22218 -8.25874 79.1399 0.534073 -13 1093 1 0 1
60.3742 -37.3947 225.556 13.397 -6.30611 40.7367 0.78259 -13 1094 1 0 1
22.0546 17.3894 225.556 7.27624 5.15125 65.493 1.57988 -13 1095 1 0 1
-29.1066 25.2815 225.556 -8.02598 5.10183 55.1656 1.16439 -13 1096 1 0 1
17.4016 -1.64154 225.556 5.27983 -0.765298 58.0641 1.71859 -13 1097 1 0 1
-25.5334 -7.08566 225.556 -9.05463 -1.26763 68.5562 1.91015 -13 1098 1 0 1
-12.1088 -28.5956 225.556 -3.13385 -6.60543 55.65 -0.366487 -13 1099 1 0 1
-28.3643 -18.4947 225.556 -10.2549 -5.82674 69.0786 0.971516 -13 1100 1 0 1
27.5755 29.1356 225.556 6.97386 5.71311 45.5938 3.65778 -13 1101 1 0 1
-12.9485 24.1047 225.556 -3.44498 4.93077 57.2409 1.0867 -13 1102 1 0 1
15.3839 -35.0221 225.556 5.1151 -10.404 68.2802 0.980184 -13 1103 1 0 1
-13.0305 25.7779 225.556 -5.51374 8.35917 74.5789 0.939255 -13 1104 1 0 1
25.971 -28.8254 225.556 8.42051 -8.12874 62.8876 -0.351142 -13 1105 1 0 1
-58.9949 -20.6173 225.556 -19.771 -5.38698 65.2884 2.92866 -13 1106 1 0 1
32.966 38.089 225.556 8.68165 8.13918 49.9447 3.87324 -13 1107 1 0 1
13.238 -40.5011 225.556 4.20556 -11.2298 63.8842 3.89974 -13 1108 1 0 1
-1.08727 -4.92406 225.556 -0.651563 -1.82435 67.5943 3.9168 -13 1109 1 0 1
15.3351 54.0529 225.556 3.85646 9.00338 42.0786 4.457 -13 1110 1 0 1
-3.74716 17.0971 225.556 -1.10128 3.70694 62.9685 2.97866 -13 1111 1 0 1
-20.6402 24.3988 225.556 -6.06589 5.92623 59.4387 2.37124 -13 1112 1 0 1
11.9516 -11.8497 225.556 3.79746 -3.79304 76.4078 1.66204 -13 1113 1 0 1
-47.2183 -20.2557 225.556 -12.54 -4.80308 52.2349 4.54231 -13 1114 1 0 1
45.8379 71.5183 225.556 13.6892 17.6351 58.2556 1.97196 -13 1115 1 0 1
16.0655 37.2776 225.556 5.22862 11.8935 69.6597 2.19727 -13 1116 1 0 1
11.3697 17.9629 225.556 3.80634 5.47079 74.3066 -0.271304 -13 1117 1 0 1
-5.98309 -24.2086 225.556 -1.51891 -6.34558 56.924 0.715285 -13 1118 1 0 1
29.1631 25.2741 225.556 9.15766 6.21466 61.5833 -0.754997 -13 1119 1 0 1
-3.82895 -1.94372 225.556 -1.59285 -0.859739 70.5706 0.502855 -13 1120 1 0 1
0.317655 -43.6746 225.556 0.22133 -10.2702 58.8785 -0.007663 -13 1121 1 0 1
0.996537 3.46757 225.556 -0.346656 1.27847 77.6885 1.50532 -13 1122 1 0 1
-31.8897 15.2166 225.556 -10.6089 3.84374 65.3799 4.66666 -13 1123 1 0 1
17.5991 8.04654 225.556 5.55808 1.62099 63.7188 2.40595 -13 1124 1 0 1
-14.0305 22.7696 225.556 -4.27931 6.82601 60.709 2.27184 -13 1125 1 0 1
52.3437 1.93094 225.556 14.0645 0.690875 51.6071 0.153329 -13 1126 1 0 1
18.0861 34.7211 225.556 5.44726 8.73099 56.0962 1.70176 -13 1127 1 0 1
17.6679 -8.52301 225.556 5.19034 -1.10339 53.2967 1.03786 -13 1128 1 0 1
-13.7625 -19.9227 225.556 -5.35476 -6.92026 71.467 1.15778 -13 1129 1 0 1
40.3783 34.8718 225.556 9.3716 5.88307 42.893 3.00181 -13 1130 1 0 1
-12.2217 -8.41374 225.556 -3.98239 -3.19401 63.6327 1.93659 -13 1131 1 0 1
41.0227 15.57 225.556 9.35526 2.35245 40.8069 1.24973 -13 1132 1 0 1
-15.3611 -6.56884 225.556 -5.67546 -3.14677 70.6766 -0.741496 -13 1133 1 0 1
-2.82481 -7.97275 225.556 -1.58618 -2.98279 73.8983 0.874728 -13 1134 1 0 1
22.3641 2.81295 225.556 7.27751 -0.195355 68.2509 1.63057 -13 1135 1 0 1
42.462 -31.0399 225.556 11.2665 -6.21292 48.8871 2.14097 -13 1136 1 0 1
7.46017 -31.3615 225.556 2.00696 -4.5703 41.5919 3.2853 -13 1137 1 0 1
-45.6436 -4.1112 225.556 -17.6398 -1.09364 74.0266 0.225551 -13 1138 1 0 1
16.6315 -10.5763 225.556 5.2183 -2.75106 62.3837 2.01093 -13 1139 1 0 1
43.0242 27.735 225.556 14.0699 6.9978 65.0919 1.31036 -13 1140 1 0 1
-63.1561 -38.5667 225.556 -25.1826 -12.3978 76.1026 0.102241 -13 1141 1 0 1
24.3586 33.7787 225.556 5.70656 5.70095 42.0409 1.74203 -13 1142 1 0 1
4.40242 2.93451 225.556 1.53153 0.842612 60.6988 1.54948 -13 1143 1 0 1
-10.3502 18.4666 225.556 -2.84909 4.80999 57.9538 3.46323 -13 1144 1 0 1
41.733 -9.92397 225.556 9.37308 -2.28813 41.3288 0.778842 -13 1145 1 0 1
37.4014 -33.9683 225.556 9.88058 -6.44756 49.4434 3.20218 -13 1146 1 0 1
13.3477 4.03894 225.556 3.8836 0.917869 52.5909 2.51509 -13 1147 1 0 1
-15.6339 -15.6314 225.556 -5.29921 -4.51002 65.9083 0.751908 -13 1148 1 0 1
18.8693 5.24734 225.556 6.35627 2.03804 70.1776 3.43107 -13 1149 1 0 1
34.6487 -68.6716 225.556 11.0937 -19.4223 65.3844 1.36483 -13 1150 1 0 1
-17.9553 -16.7466 225.556 -4.278 -3.82281 51.2267 2.47494 -13 1151 1 0 1
-15.6678 -6.25538 225.556 -5.14746 -1.50495 63.9495 1.9826 -13 1152 1 0 1
42.5714 31.6142 225.556 12.5241 7.22404 56.9879 0.7277 -13 1153 1 0 1
27.2901 -15.1257 225.556 8.14261 -3.40327 57.8098 1.02364 -13 1155 1 0 1
38.8784 -4.28163 225.556 11.9622 -0.277151 60.4308 2.22906 -13 1156 1 0 1
-23.0204 -45.6305 225.556 -5.9403 -9.85655 52.1602 0.812246 -13 1157 1 0 1
34.6002 -6.27067 225.556 8.45613 -1.23198 45.7482 1.62937 -13 1158 1 0 1
-14.0764 -13.6643 225.556 -4.48461 -3.32308 62.4559 0.950298 -13 1159 1 0 1
-33.647 18.2244 225.556 -12.5573 5.61902 71.6273 1.07303 -13 1160 1 0 1
-1.6667 9.88994 225.556 -0.570443 2.5172 63.3397 1.85408 -13 1161 1 0 1
14.3755 -27.1331 225.556 4.55939 -6.95295 64.6889 2.23556 -13 1162 1 0 1
-22.339 -19.1334 225.556 -7.00693 -5.09202 62.3034 2.13075 -13 1163 1 0 1
32.432 -5.93778 225.556 10.3732 -0.921732 63.0012 1.28812 -13 1164 1 0 1
8.56343 -6.59136 225.556 2.73817 -1.54695 59.7971 0.734367 -13 1166 1 0 1
9.87887 18.0363 225.556 3.1219 5.60801 71.0637 2.81239 -13 1167 1 0 1
8.43817 15.9533 225.556 2.79798 4.3961 59.3184 0.358956 -13 1168 1 0 1
-10.1163 -6.36184 225.556 -3.4361 -1.76728 64.8458 1.79266 -13 1169 1 0 1
76.0585 -20.8502 225.556 21.575 -4.90001 54.4839 2.42361 -13 1170 1 0 1
48.3673 -6.58597 225.556 12.2497 -1.22183 47.1118 2.20154 -13 1171 1 0 1
-6.75364 -52.343 225.556 -1.4371 -11.3558 51.2462 0.275529 -13 1172 1 0 1
-25.1408 0.592413 225.556 -9.27478 -0.542912 69.7096 -0.592419 -13 1173 1 0 1
21.0162 44.0752 225.556 6.43055 10.9857 59.6751 1.65253 -13 1174 1 0 1
7.0365 -3.52326 225.556 2.02571 -1.55789 74.5063 1.19536 -13 1175 1 0 1
9.89184 5.90616 225.556 3.0089 1.40589 74.2348 2.71806 -13 1176 1 0 1
59.6773 1.25722 225.556 20.0623 0.420834 68.7323 2.55542 -13 1177 1 0 1
10.0146 3.36037 225.556 3.12042 0.556616 75.6767 5.41362 -13 1178 1 0 1
-6.83551 -36.5301 225.556 -1.90402 -8.27647 58.8141 0.387426 -13 1179 1 0 1
32.1787 -14.4346 225.556 9.52998 -3.26334 57.0472 1.50521 -13 1180 1 0 1
72.6653 7.22177 225.556 23.2851 1.4858 63.774 3.38674 -13 1181 1 0 1
22.3177 -12.3173 225.556 6.92145 -2.44451 61.1559 1.22085 -13 1182 1 0 1
5.80876 2.68951 225.556 1.82325 -0.101004 56.8427 1.82414 -13 1183 1 0 1
21.8377 -12.5077 225.556 6.74114 -2.59544 60.2864 2.13098 -13 1184 1 0 1
29.7847 -9.02286 225.556 9.33409 -2.83102 60.5677 1.91016 -13 1186 1 0 1
-9.31452 5.60731 225.556 -4.3377 1.8857 76.184 0.87228 -13 1187 1 0 1
1.39136 18.7442 225.556 -0.0830278 5.73752 74.8125 -1.0542 -13 1188 1 0 1
-15.5885 -10.9117 225.556 -4.98014 -2.98376 63.8904 1.74047 -13 1189 1 0 1
7.11199 -30.8466 225.556 2.2496 -7.21543 55.8146 0.0162714 -13 1190 1 0 1
-30.1523 -0.728191 225.556 -8.18671 0.643449 54.1973 1.1839 -13 1191 1 0 1
-6.03832 2.23745 225.556 -1.58472 0.33634 57.8378 0.756229 -13 1192 1 0 1
17.6463 -8.61605 225.556 5.15423 -2.02779 54.0081 0.90136 -13 1193 1 0 1
-3.23477 2.47039 225.556 -1.83183 1.66579 74.3907 1.63659 -13 1194 1 0 1
46.8266 5.19305 225.556 15.2146 1.89234 65.2755 2.3056 -13 1195 1 0 1
18.4429 0.287753 225.556 6.0323 -0.321169 69.9692 1.38781 -13 1196 1 0 1
39.7188 9.98286 225.556 12.0703 2.35028 59.6339 0.0803999 -13 1197 1 0 1
20.5401 -38.2199 225.556 6.84255 -13.4965 79.0506 1.89501 -13 1198 1 0 1
-15.4063 -32.8197 225.556 -5.23514 -9.64926 65.269 0.317554 -13 1199 1 0 1
-38.3018 16.0468 225.556 -12.4861 5.27562 64.4891 1.13815 -13 1200 1 0 1
27.6128 0.834188 225.556 8.39167 0.384855 60.3241 0.628457 -13 1201 1 0 1
2.21137 -12.7829 225.556 0.845786 -2.80442 45.0872 -1.21166 -13 1202 1 0 1
-30.1041 21.2265 225.556 -10.7696 6.73146 69.1843 -1.07709 -13 1203 1 0 1
18.1276 7.47497 225.556 5.70958 2.03627 61.7164 2.8015 -13 1204 1 0 1
-14.0384 -45.7568 225.556 -6.23298 -15.999 76.292 1.55172 -13 1205 1 0 1
1.18374 -5.23995 225.556 0.486518 -0.805753 60.0439 0.198143 -13 1206 1 0 1
-25.7058 -17.2965 225.556 -4.40484 -2.04722 33.2099 3.68702 -13 1207 1 0 1
67.4805 -28.6401 225.556 19.9923 -6.79364 58.1057 2.18867 -13 1208 1 0 1
-22.2687 15.7889 225.556 -10.3277 4.93932 78.3585 -0.627998 -13 1209 1 0 1
-65.8972 -11.6082 225.556 -21.2839 -2.71779 63.1087 2.71761 -13 1210 1 0 1
16.7116 -4.58942 225.556 5.23399 -0.619312 79.36 0.759308 -13 1211 1 0 1
-16.3842 -2.05866 225.556 -6.11915 -0.119405 70.426 -0.353731 -13 1212 1 0 1
-40.6099 35.2291 225.556 -9.8445 7.43643 48.3068 -0.370697 -13 1213 1 0 1
-5.12522 15.9273 225.556 -2.75605 5.8209 77.2958 2.41225 -13 1214 1 0 1
-5.4823 -7.14706 225.556 -2.4637 -1.92821 72.1103 1.38129 -13 1215 1 0 1
12.6751 14.7133 225.556 3.86936 4.01774 58.6506 -0.0755745 -13 1216 1 0 1
71.8466 20.224 225.556 22.314 5.32066 60.8474 3.34597 -13 1217 1 0 1
0.195019 75.2159 225.556 -0.0722597 19.8012 63.7959 1.14658 -13 1218 1 0 1
47.7771 -3.0227 225.556 14.3147 -1.21597 58.8473 2.72071 -13 1219 1 0 1
-40.0166 -44.9403 225.556 -15.0492 -14.5687 71.6627 2.9534 -13 1220 1 0 1
-52.469 8.76019 225.556 -13.5927 1.36535 51.0448 0.0162383 -13 1221 1 0 1
-23.5623 17.18 225.556 -5.66572 2.69208 48.5624 0.513821 -13 1222 1 0 1
15.9436 -53.1312 225.556 4.89918 -13.3882 60.2876 3.21395 -13 1223 1 0 1
-27.9425 -28.3183 225.556 -9.30326 -8.13844 65.1039 2.25122 -13 1224 1 0 1
-23.1444 16.3939 225.556 -10.126 6.6476 78.5554 2.30126 -13 1225 1 0 1
-9.60229 -16.499 225.556 -3.95032 -4.26125 71.5876 -0.113026 -13 1226 1 0 1
34.9933 10.765 225.556 9.37083 2.68349 49.1746 3.65933 -13 1228 1 0 1
4.80782 -29.179 225.556 1.46245 -8.33649 69.0263 -1.18065 -13 1229 1 0 1
-16.9395 13.9966 225.556 -7.95265 4.95983 79.8173 0.0691804 -13 1230 1 0 1
0.900022 -18.6864 225.556 0.574229 -4.67141 56.5312 -1.01087 -13 1231 1 0 1
25.693 22.0242 225.556 7.08129 5.19606 53.4998 0.599007 -13 1232 1 0 1
-14.413 -18.9802 225.556 -3.58546 -4.27585 52.8552 2.07324 -13 1233 1 0 1
-26.9314 -58.0515 225.556 -6.55848 -12.0997 49.0933 0.420546 -13 1234 1 0 1
-8.45355 -1.22844 225.556 -2.83162 -1.28647 65.0429 2.80636 -13 1235 1 0 1
-20.3921 -11.079 225.556 -6.88309 -2.95373 65.9655 0.770813 -13 1236 1 0 1
6.30094 19.3455 225.556 2.17896 5.56638 58.9415 2.00977 -13 1237 1 0 1
35.0701 -5.12834 225.556 12.2833 -1.20431 73.6542 1.25927 -13 1238 1 0 1
4.36288 34.6862 225.556 1.25113 9.66534 63.2645 2.98945 -13 1239 1 0 1
-28.489 -15.8969 225.556 -9.93702 -4.5014 67.7223 2.93854 -13 1240 1 0 1
-14.0018 -15.9698 225.556 -5.63247 -5.59935 73.0647 -1.95214 -13 1241 1 0 1
7.06479 8.0274 225.556 2.30192 2.45295 65.0002 2.2808 -13 1242 1 0 1
-2.60949 -24.251 225.556 -0.732073 -5.8761 61.3889 2.03834 -13 1243 1 0 1
32.5694 18.2881 225.556 11.0164 6.04079 71.621 0.450427 -13 1244 1 0 1
-0.539198 -25.5109 225.556 -0.0386323 -6.99053 64.0478 2.67413 -13 1245 1 0 1
-38.6096 -40.4801 225.556 -7.61521 -6.04229 39.559 1.87607 -13 1246 1 0 1
-23.575 20.881 225.556 -8.60538 6.25887 69.7143 0.734754 -13 1247 1 0 1
-13.9892 49.8202 225.556 -4.25461 12.1491 59.803 1.03444 -13 1248 1 0 1
-26.8111 21.4311 225.556 -8.7276 6.32277 63.883 1.43647 -13 1249 1 0 1
9.07837 -38.6507 225.556 2.91662 -9.58835 59.0341 1.89405 -13 1250 1 0 1
100.206 -31.6725 225.556 28.8067 -7.65722 55.4516 0.959169 -13 1251 1 0 1
25.2031 11.3186 225.556 7.85805 2.85592 59.9571 1.73101 -13 1252 1 0 1
-24.5408 -9.46906 225.556 -7.74745 -2.82117 62.9909 2.52628 -13 1253 1 0 1
2.8163 1.48809 225.556 0.620323 0.629424 71.2833 0.559851 -13 1254 1 0 1
41.9435 31.0451 225.556 11.198 6.43529 49.6381 3.07471 -13 1255 1 0 1
36.9073 34.9689 225.556 11.9532 9.41397 63.7028 3.5455 -13 1256 1 0 1
19.888 26.4625 225.556 6.40476 6.23071 63.7492 1.83031 -13 1257 1 0 1
3.35192 -19.6899 225.556 1.35486 -4.32787 50.8618 2.82931 -13 1258 1 0 1
62.5205 29.0029 225.556 15.8397 5.42498 47.5952 1.84425 -13 1259 1 0 1
-57.8774 33.1837 225.556 -14.5522 6.88689 49.1663 -0.654675 -13 1260 1 0 1
28.4605 -5.38862 225.556 8.67425 -0.799904 60.8253 1.29263 -13 1261 1 0 1
-56.8512 32.8789 225.556 -18.8015 9.22025 64.2946 0.257725 -13 1262 1 0 1
73.267 39.8075 225.556 18.5359 8.22743 47.6878 1.95942 -13 1263 1 0 1
22.6166 27.357 225.556 7.12365 7.03304 61.2022 1.65291 -13 1264 1 0 1
-54.0121 6.97096 225.556 -17.2007 1.78142 62.4503 1.27674 -13 1265 1 0 1
-25.6114 1.32396 225.556 -9.45922 0.804826 71.349 2.79643 -13 1266 1 0 1
28.3897 -41.6739 225.556 6.62384 -6.86236 41.7398 1.54518 -13 1267 1 0 1
-4.00758 -9.29844 225.556 -1.03644 -2.5623 61.9017 3.7281 -13 1268 1 0 1
-46.3134 6.64791 225.556 -16.5106 1.85606 68.9434 0.539886 -13 1269 1 0 1
-15.6449 -19.7953 225.556 -6.04805 -7.05223 71.3409 1.9161 -13 1270 1 0 1
-36.5206 -18.6744 225.556 -11.6319 -5.27732 63.2798 -0.0560779 -13 1271 1 0 1
29.5022 31.8902 225.556 8.19395 6.57958 52.084 2.47086 -13 1272 1 0 1
14.4278 -25.2923 225.556 4.47004 -6.35124 56.9362 0.505274 -13 1273 1 0 1
-9.59824 38.4684 225.556 -4.03402 12.2306 71.6834 1.50454 -13 1274 1 0 1
-23.0349 -24.4915 225.556 -6.21068 -5.38238 54.2136 1.35995 -13 1275 1 0 1
71.9191 34.0235 225.556 17.2106 6.49426 44.3409 2.65833 -13 1276 1 0 1
-1.90912 6.66558 225.556 -0.422998 2.54244 59.4614 2.20762 -13 1277 1 0 1
8.3752 -30.3013 225.556 2.40565 -6.31833 47.7925 0.708533 -13 1278 1 0 1
-0.0366661 18.1161 225.556 -0.0169731 4.14918 63.7614 1.91184 -13 1279 1 0 1
3.1193 13.2429 225.556 0.770519 5.28336 69.9785 2.03587 -13 1280 1 0 1
17.7558 33.5631 225.556 5.08825 6.57203 51.2483 1.20656 -13 1281 1 0 1
16.0039 -0.712929 225.556 5.24281 0.511653 73.863 0.356834 -13 1282 1 0 1
-49.3623 -15.1858 225.556 -15.4144 -4.17385 61.0181 2.23138 -13 1283 1 0 1
37.6058 -12.0521 225.556 10.6413 -2.17734 53.9432 0.358175 -13 1284 1 0 1
-2.33569 -31.9716 225.556 -1.07494 -9.07297 67.8109 1.89141 -13 1285 1 0 1
-29.5155 -7.67318 225.556 -9.37516 -1.38641 63.791 0.212671 -13 1286 1 0 1
0.169737 1.9846 225.556 0.393648 0.320241 57.7762 -0.351571 -13 1287 1 0 1
35.0808 5.58344 225.556 9.44515 1.17357 50.1074 1.46673 -13 1288 1 0 1
25.1891 -4.99586 225.556 7.74759 -0.647359 58.9788 -0.330437 -13 1289 1 0 1
-38.7059 7.33193 225.556 -14.2797 0.80927 71.2365 1.86708 -13 1290 1 0 1
30.2497 14.179 225.556 9.75056 4.4046 64.0459 -0.392787 -13 1291 1 0 1
-17.6821 -36.1601 225.556 -4.64065 -7.65412 53.9624 2.245 -13 1292 1 0 1
5.9173 -13.444 225.556 0.694516 -0.79602 13.9926 4.24059 -13 1293 1 0 1
9.24996 7.64688 225.556 2.96071 2.82977 64.7001 1.311 -13 1294 1 0 1
25.1115 20.0439 225.556 5.85085 3.24048 42.1994 1.20061 -13 1295 1 0 1
-3.13759 -22.7391 225.556 -1.9911 -8.7431 75.6433 2.35941 -13 1296 1 0 1
0.346047 31.5983 225.556 0.289857 7.53101 57.1357 0.489889 -13 1297 1 0 1
-5.26251 17.3914 225.556 -1.42262 4.04111 57.7399 1.68683 -13 1298 1 0 1
25.8544 -2.57654 225.556 4.85215 -0.607776 32.5815 0.732958 -13 1299 1 0 1
45.1271 24.1678 225.556 15.7531 8.28948 72.3228 1.44043 -13 1300 1 0 1
25.7568 17.5044 225.556 8.93494 6.12109 78.2628 1.41822 -13 1301 1 0 1
-8.5373 -15.2272 225.556 -2.14137 -4.06838 54.8459 2.28125 -13 1302 1 0 1
-10.1917 -16.6413 225.556 -3.04382 -3.89111 60.7877 1.63252 -13 1303 1 0 1
-17.3984 38.5814 225.556 -4.06553 8.45721 50.1513 2.03945 -13 1304 1 0 1
2.8542 -10.2166 225.556 0.468574 -3.86767 73.1894 0.931641 -13 1305 1 0 1
29.9321 -8.61328 225.556 8.49226 -2.51374 52.8159 1.3986 -13 1306 1 0 1
12.5082 36.4407 225.556 3.41882 6.91179 48.1911 1.12385 -13 1308 1 0 1
-4.94376 -8.24731 225.556 -2.47504 -2.85455 73.5831 -0.50675 -13 1309 1 0 1
-24.4834 -32.4697 225.556 -10.684 -11.6343 78.3982 -0.678113 -13 1310 1 0 1
-9.15408 48.5302 225.556 -3.95464 15.9117 73.2505 2.59108 -13 1311 1 0 1
-6.95073 -23.1174 225.556 -2.70419 -7.19627 68.9255 0.123137 -13 1313 1 0 1
-17.1596 -11.5144 225.556 -3.93271 -2.23136 47.121 2.84893 -13 1314 1 0 1
7.64494 -32.4 225.556 2.39904 -8.46025 57.5123 1.78167 -13 1315 1 0 1
-9.14895 -27.9831 225.556 -3.52426 -7.58552 69.504 0.752014 -13 1316 1 0 1
-8.18185 8.36251 225.556 -3.33679 3.13167 73.0387 0.583401 -13 1317 1 0 1
-14.8577 2.62818 225.556 -2.89541 -0.0456529 41.3203 0.885262 -13 1318 1 0 1
2.79238 -54.6043 225.556 0.886959 -15.6365 65.2708 3.00178 -13 1319 1 0 1
0.0109071 -35.5028 225.556 0.362046 -7.0293 48.0887 2.63984 -13 1320 1 0 1
9.56101 -39.743 225.556 2.60522 -7.90695 47.7985 0.530338 -13 1321 1 0 1
27.8439 12.3201 225.556 8.5371 2.67298 57.7304 2.92752 -13 1322 1 0 1
3.18995 13.6977 225.556 0.697309 4.15959 74.8164 0.587107 -13 1323 1 0 1
13.3634 36.2123 225.556 4.27888 9.61737 63.742 2.0976 -13 1324 1 0 1
-7.89808 -47.4843 225.556 -2.90207 -13.9911 67.879 3.52868 -13 1325 1 0 1
-23.6926 12.8524 225.556 -8.62811 3.20292 69.4889 -1.39374 -13 1326 1 0 1
8.60717 7.50866 225.556 2.691 1.37447 60.4348 1.10466 -13 1327 1 0 1
23.1878 -31.9045 225.556 7.56097 -9.20316 66.8958 0.996272 -13 1328 1 0 1
-13.0609 -11.7954 225.556 -3.08183 -2.71223 52.2878 0.715055 -13 1329 1 0 1
17.2887 -7.35197 225.556 5.37405 -2.54128 61.9219 4.00336 -13 1330 1 0 1
10.232 -1.41141 225.556 3.28757 -0.712493 72.133 0.589112 -13 1331 1 0 1
-36.5406 -37.4132 225.556 -9.199 -7.63178 50.2325 1.66471 -13 1332 1 0 1
3.70516 20.8301 225.556 1.16024 6.36012 66.5703 3.53638 -13 1333 1 0 1
-9.99312 6.83742 225.556 -3.42305 2.04267 64.8551 -0.137211 -13 1334 1 0 1
19.9795 -24.6159 225.556 5.75054 -4.6435 51.9825 0.0120184 -13 1335 1 0 1
-16.5152 -12.9693 225.556 -4.05243 -2.11623 50.5427 1.22816 -13 1336 1 0 1
29.2093 -14.5561 225.556 9.9185 -4.84334 72.9241 0.618888 -13 1338 1 0 1
-4.69328 36.0927 225.556 -1.27236 9.17521 60.0825 1.87811 -13 1339 1 0 1
-20.4291 34.9651 225.556 -8.18377 11.902 74.4163 0.819314 -13 1340 1 0 1
-32.8631 -30.7818 225.556 -11.064 -9.01545 65.5244 1.57921 -13 1341 1 0 1
-7.68968 23.9687 225.556 -1.87148 5.65258 53.5273 1.88761 -13 1342 1 0 1
41.1656 21.1009 225.556 11.0561 4.66393 50.7916 -0.288012 -13 1343 1 0 1
-3.27025 -1.13057 225.556 -2.2735 -0.49655 78.801 1.89341 -13 1344 1 0 1
61.4632 1.38843 225.556 17.5625 0.717254 55.2435 1.84966 -13 1345 1 0 1
7.56261 21.9831 225.556 2.48557 4.83255 54.0864 2.82749 -13 1346 1 0 1
-8.60535 -17.0866 225.556 -2.49626 -5.14327 60.8285 1.91593 -13 1347 1 0 1
-20.9442 4.27059 225.556 -8.91325 2.07215 77.2298 2.3413 -13 1348 1 0 1
-25.359 -16.2103 225.556 -10.6138 -5.9821 76.9848 0.0946874 -13 1349 1 0 1
4.66468 65.1076 225.556 0.800927 21.8204 77.6846 0.585043 -13 1350 1 0 1
38.9882 -93.549 225.556 5.02303 -6.07067 21.4794 6.10617 -13 1351 1 0 1
-6.58955 -41.3102 225.556 -2.53964 -12.0363 68.7331 2.18083 -13 1352 1 0 1
-39.1642 51.6267 225.556 -9.99803 10.3987 50.1926 1.16672 -13 1354 1 0 1
-14.6841 18.8695 225.556 -4.74588 5.19904 65.0778 2.23179 -13 1355 1 0 1
5.61185 12.2839 225.556 1.71666 3.57801 68.0497 1.64255 -13 1356 1 0 1
4.86501 -22.9564 225.556 1.56108 -6.19978 65.1019 1.06719 -13 1357 1 0 1
22.2353 -5.82761 225.556 6.1097 -1.28405 48.854 -0.45205 -13 1358 1 0 1
30.0829 -8.28264 225.556 7.74169 -1.28947 47.1388 0.753904 -13 1359 1 0 1
27.3751 27.1275 225.556 9.48122 9.08009 77.6306 -0.419679 -13 1360 1 0 1
10.2402 -34.8121 225.556 3.2332 -9.45842 60.4738 1.43361 -13 1361 1 0 1
-4.06313 -31.5298 225.556 -1.06666 -7.89823 58.937 3.30849 -13 1362 1 0 1
21.8043 -44.3535 225.556 7.08413 -12.6608 68.4352 0.138678 -13 1363 1 0 1
-11.3471 8.03418 225.556 -3.73702 2.80069 65.6243 2.61035 -13 1364 1 0 1
-1.13612 1.3281 225.556 -0.100818 -0.313213 61.346 0.223194 -13 1365 1 0 1
-24.623 -27.4915 225.556 -10.3047 -7.26468 77.4864 2.91707 -13 1367 1 0 1
-22.3647 10.8724 225.556 -6.26071 2.62528 56.7537 1.71137 -13 1368 1 0 1
27.9593 -14.1297 225.556 9.63632 -4.56941 70.5501 1.14065 -13 1369 1 0 1
0.808838 41.3864 225.556 0.14228 11.925 65.629 1.50237 -13 1371 1 0 1
-29.9938 -25.4706 225.556 -11.9659 -8.4541 75.109 1.04439 -13 1372 1 0 1
8.22605 32.8119 225.556 2.64859 7.47003 58.5118 1.40959 -13 1373 1 0 1
3.37491 -14.5129 225.556 0.815711 -4.41463 67.5234 1.38918 -13 1374 1 0 1
1.67052 26.9479 225.556 0.405432 7.36794 64.1003 0.534518 -13 1375 1 0 1
-27.7173 -11.6274 225.556 -7.80869 -3.26219 56.6175 -0.274556 -13 1376 1 0 1
22.575 3.36144 225.556 7.66187 1.49155 70.1959 2.10658 -13 1377 1 0 1
-12.7957 -14.485 225.556 -4.0401 -4.48031 63.1207 2.87554 -13 1378 1 0 1
-16.6162 24.5134 225.556 -7.08998 7.63612 75.4068 -0.363928 -13 1379 1 0 1
-38.7038 13.3707 225.556 -13.2493 3.50583 67.1496 1.01846 -13 1380 1 0 1
-36.226 -26.7668 225.556 -10.2538 -6.52264 56.9844 2.87112 -13 1381 1 0 1
21.6602 2.67046 225.556 7.29892 1.09838 69.9046 0.641452 -13 1382 1 0 1
55.4567 8.84167 225.556 12.0938 0.847014 39.5052 3.38101 -13 1383 1 0 1
6.16663 44.3883 225.556 1.98842 9.97153 53.213 1.15742 -13 1384 1 0 1
13.7648 0.341136 225.556 4.37652 0.109638 62.6167 1.9073 -13 1385 1 0 1
30.0664 3.37034 225.556 8.80672 0.711945 55.6035 2.61428 -13 1386 1 0 1
-40.9882 -33.7467 225.556 -11.9148 -7.2221 57.1079 0.460326 -13 1387 1 0 1
-8.70337 -1.32293 225.556 -3.62092 -1.19484 72.9787 2.77169 -13 1388 1 0 1
103.322 7.45405 225.556 18.5184 0.481087 31.1341 2.23005 -13 1390 1 0 1
-40.8026 -6.55544 225.556 -9.88637 -1.24858 48.3136 2.80033 -13 1391 1 0 1
37.7186 -43.7426 225.556 11.6711 -10.9871 59.7479 1.22156 -13 1392 1 0 1
6.05442 -9.91773 225.556 1.86457 -2.79779 65.951 -0.266461 -13 1394 1 0 1
2.12661 4.01285 225.556 0.600326 1.66327 66.572 1.21753 -13 1395 1 0 1
47.1015 -32.5589 225.556 15.7732 -9.88955 68.7709 -0.721429 -13 1396 1 0 1
-2.25513 15.4813 225.556 -1.64131 4.52919 76.4118 3.84014 -13 1397 1 0 1
-20.6468 -6.99422 225.556 -4.73554 -0.79084 46.5241 1.30398 -13 1398 1 0 1
43.87 8.87004 225.556 10.0927 0.895164 42.3346 1.29819 -13 1399 1 0 1
35.6132 -42.8307 225.556 10.9119 -10.3184 60.1393 1.98545 -13 1400 1 0 1
-33.88 -17.6245 225.556 -9.82838 -4.12945 57.6679 1.64119 -13 1401 1 0 1
-60.5522 19.3928 225.556 -14.2442 4.21814 45.8819 1.94863 -13 1402 1 0 1
33.7081 8.44452 225.556 9.49725 1.60441 51.8818 3.26438 -13 1403 1 0 1
2.69086 -25.0382 225.556 0.86447 -6.57181 62.7412 0.292618 -13 1404 1 0 1
82.1848 3.33632 225.556 26.3103 0.872765 63.366 2.46223 -13 1405 1 0 1
25.2685 12.2652 225.556 7.96812 3.75474 62.4163 4.53035 -13 1406 1 0 1
-6.46127 -7.33361 225.556 -1.70303 -1.88148 57.8258 3.0734 -13 1407 1 0 1
-7.15652 8.96022 225.556 -2.84437 2.82666 70.6848 1.63596 -13 1408 1 0 1
-53.4344 18.2709 225.556 -14.4573 4.18878 53.2023 0.883945 -13 1409 1 0 1
12.7642 -26.2334 225.556 3.93628 -5.95285 54.206 1.58421 -13 1410 1 0 1
-14.3852 5.813 225.556 -3.89789 1.18673 56.1483 0.374328 -13 1411 1 0 1
-94.5742 -23.9458 225.556 -22.681 -3.52355 45.4899 2.7346 -13 1412 1 0 1
-18.6207 15.7471 225.556 -6.65227 3.61216 68.588 0.322711 -13 1413 1 0 1
3.60288 -28.9531 225.556 1.39516 -7.30771 53.9935 3.33006 -13 1414 1 0 1
9.73625 -25.3285 225.556 3.03334 -6.75831 63.115 3.5441 -13 1415 1 0 1
-24.8576 -19.6532 225.556 -8.61882 -6.35297 67.5365 2.31028 -13 1416 1 0 1
33.9184 4.52205 225.556 11.6784 1.59532 71.7885 -1.02792 -13 1417 1 0 1
8.62673 9.46782 225.556 1.925 1.19914 34.2149 1.63158 -13 1419 1 0 1
-8.95304 -19.2237 225.556 -4.1273 -6.54982 76.6206 2.22831 -13 1420 1 0 1
13.2553 2.49648 225.556 4.18749 1.82436 79.3349 0.210225 -13 1422 1 0 1
-19.6332 0.355754 225.556 -5.02205 0.59694 52.5106 1.29043 -13 1423 1 0 1
10.2248 7.94941 225.556 3.28404 2.34786 60.269 -0.376444 -13 1424 1 0 1
15.2932 -16.414 225.556 4.88686 -5.23912 68.7547 -0.0379238 -13 1425 1 0 1
14.6243 -15.8728 225.556 4.2087 -3.4941 54.0265 -0.36836 -13 1426 1 0 1
2.22762 22.565 225.556 0.814052 4.47192 47.6154 4.31861 -13 1427 1 0 1
14.2807 -55.3128 225.556 4.50985 -16.3023 67.375 4.02145 -13 1428 1 0 1
-36.6948 -4.69421 225.556 -14.4004 -1.72582 74.9141 3.2648 -13 1429 1 0 1
16.9399 -13.0919 225.556 5.64774 -4.83677 72.0888 1.65511 -13 1430 1 0 1
-18.8173 -0.62873 225.556 -7.67753 -1.4457 74.4231 1.51194 -13 1431 1 0 1
23.1103 -7.70519 225.556 7.41009 -1.61671 63.4806 2.98316 -13 1432 1 0 1
-41.5909 27.856 225.556 -16.7343 9.64643 76.7532 0.271215 -13 1433 1 0 1
-47.0894 -49.8154 225.556 -7.67333 -5.85098 30.2418 4.45636 -13 1434 1 0 1
25.7886 23.9086 225.556 8.16579 6.37202 62.6944 3.2254 -13 1435 1 0 1
38.3731 -47.4857 225.556 11.7682 -12.2484 60.3767 2.26474 -13 1436 1 0 1
3.04348 17.2313 225.556 0.971956 4.51799 62.4016 1.22659 -13 1437 1 0 1
-8.03869 11.2716 225.556 -2.49378 2.95382 61.899 1.55962 -13 1438 1 0 1
5.89483 -24.4944 225.556 1.82767 -6.69196 61.2736 -0.377233 -13 1440 1 0 1
-12.8223 14.3389 225.556 -5.38135 4.69499 74.0511 1.84697 -13 1441 1 0 1
3.92728 -7.2721 225.556 1.29825 -2.09992 62.8287 1.4029 -13 1442 1 0 1
15.7954 -13.3624 225.556 5.1847 -4.57074 70.4967 3.93496 -13 1443 1 0 1
-4.14953 -51.7315 225.556 -0.981251 -11.8135 54.0459 2.45584 -13 1444 1 0 1
25.5244 -0.368047 225.556 7.96856 -0.594184 61.5299 0.938529 -13 1445 1 0 1
-38.952 -15.8098 225.556 -16.132 -4.61061 77.9023 3.06679 -13 1446 1 0 1
8.19116 10.5303 225.556 2.53371 2.75345 58.5509 -0.300263 -13 1447 1 0 1
0.0248047 28.4285 225.556 -0.322906 8.29072 70.1067 0.619213 -13 1448 1 0 1
38.0818 8.05536 225.556 12.2193 2.02843 63.6696 0.137491 -13 1449 1 0 1
-4.65854 -1.44641 225.556 -2.23779 -0.101198 73.4388 0.0110311 -13 1450 1 0 1
26.1604 42.0766 225.556 8.93278 13.937 73.6575 0.954897 -13 1451 1 0 1
11.382 0.580392 225.556 3.68802 0.671632 72.7418 -0.573909 -13 1452 1 0 1
18.8937 -6.69336 225.556 5.33233 -1.68333 53.514 0.866556 -13 1453 1 0 1
98.0051 -47.6956 225.556 16.2429 -5.10813 28.9202 4.38855 -13 1454 1 0 1
59.313 17.1679 225.556 17.1923 4.0666 56.6655 1.03602 -13 1455 1 0 1
-26.2123 -17.3688 225.556 -10.7336 -5.99927 75.8337 1.39334 -13 1456 1 0 1
33.4975 -17.8281 225.556 11.2935 -5.81348 69.1824 1.3798 -13 1457 1 0 1
21.0861 -41.9084 225.556 6.46679 -10.3914 57.5054 3.41563 -13 1458 1 0 1
74.3813 58.8176 225.556 10.3688 4.25098 23.7719 4.06026 -13 1459 1 0 1
-38.1749 -0.588505 225.556 -13.0136 -0.361652 66.4392 -0.326537 -13 1460 1 0 1
-65.5441 8.61266 225.556 -17.9019 1.34957 53.336 2.89042 -13 1461 1 0 1
-27.6369 10.2433 225.556 -8.93478 3.40878 64.2661 0.850905 -13 1462 1 0 1
-27.2612 30.5191 225.556 -9.96998 9.21772 69.7696 3.37687 -13 1463 1 0 1
45.2902 46.5358 225.556 12.0203 9.81155 50.2751 2.09834 -13 1464 1 0 1
-16.5551 20.9587 225.556 -6.47405 6.29583 72.0082 -0.482305 -13 1465 1 0 1
-21.6681 20.2001 225.556 -7.86214 6.00021 68.8909 0.178893 -13 1466 1 0 1
-36.0671 -44.2715 225.556 -13.6245 -14.3402 72.0791 0.860493 -13 1467 1 0 1
27.7564 -27.4869 225.556 9.39002 -9.08903 71.7443 0.589258 -13 1468 1 0 1
-27.7683 -4.36415 225.556 -8.13734 -1.17228 58.6398 0.120364 -13 1469 1 0 1
-29.6372 22.32 225.556 -9.30461 5.62672 61.5045 1.37408 -13 1470 1 0 1
7.12123 40.4581 225.556 1.80923 12.8581 74.2328 1.43275 -13 1471 1 0 1
79.268 -21.0069 225.556 19.0568 -3.83133 44.8124 1.71553 -13 1472 1 0 1
-47.7602 -11.2349 225.556 -16.2639 -3.13703 66.3544 2.03512 -13 1473 1 0 1
3.23009 15.7532 225.556 0.993368 4.93735 65.2083 1.16075 -13 1474 1 0 1
9.24382 17.3784 225.556 2.78098 4.48601 74.6393 1.1442 -13 1475 1 0 1
-37.0386 -41.097 225.556 -13.6971 -12.4627 71.3908 0.845129 -13 1476 1 0 1
-14.008 -26.9724 225.556 -4.18261 -7.84703 62.0382 1.75549 -13 1477 1 0 1
14.1671 -21.3088 225.556 4.6127 -6.37738 70.1032 1.00938 -13 1478 1 0 1
-27.8153 -21.1202 225.556 -9.69855 -6.45327 68.0583 0.19581 -13 1479 1 0 1
-38.2706 -17.9333 225.556 -13.5183 -5.51635 68.5452 1.51783 -13 1480 1 0 1
-2.28305 25.5031 225.556 -1.45862 8.77408 73.4804 0.565769 -13 1481 1 0 1
25.9855 6.36661 225.556 8.49334 0.890887 67.8231 2.47695 -13 1483 1 0 1
16.0084 -1.07137 225.556 5.32815 -0.372746 73.037 1.91575 -13 1484 1 0 1
34.6626 18.4775 225.556 9.29573 4.04777 50.4523 1.62447 -13 1485 1 0 1
-9.76253 -12.4148 225.556 -3.12372 -3.96824 64.7433 1.60567 -13 1486 1 0 1
10.2037 -13.5443 225.556 3.04091 -5.22181 74.1002 1.43982 -13 1487 1 0 1
-22.3343 3.52158 225.556 -7.85228 1.24673 67.8332 2.41753 -13 1488 1 0 1
-9.94465 50.5443 225.556 -2.9102 13.4962 60.1502 -0.873904 -13 1489 1 0 1
-12.7616 26.2531 225.556 -5.00583 7.76231 72.3454 1.73163 -13 1490 1 0 1
-26.8012 22.1072 225.556 -8.95955 6.21463 65.2655 1.1538 -13 1491 1 0 1
-9.24709 -3.11925 225.556 -3.13444 -0.520012 66.015 2.29587 -13 1492 1 0 1
-39.3657 -21.0812 225.556 -8.8157 -4.1007 44.5788 1.85726 -13 1493 1 0 1
-3.88994 -0.934373 225.556 -2.57427 -0.237604 79.6106 2.39578 -13 1494 1 0 1
-31.4073 -37.7785 225.556 -13.8086 -13.5721 78.2847 1.01975 -13 1495 1 0 1
-4.80329 -18.342 225.556 -1.10648 -4.4871 57.1484 1.78182 -13 1496 1 0 1
38.602 11.0617 225.556 12.7907 2.27522 66.8303 0.831622 -13 1497 1 0 1
-20.8305 -22.2548 225.556 -6.17825 -5.33441 59.4172 5.22849 -13 1498 1 0 1
2.26987 -10.1024 225.556 0.951559 -2.55757 58.3714 4.39758 -13 1499 1 0 1
45.3322 70.5093 225.556 12.8979 15.8675 55.0311 2.82799 -13 1500 1 0 1
6.07646 5.7858 225.556 1.92383 1.38067 63.429 -0.734935 -13 1501 1 0 1
35.7089 -20.8625 225.556 10.4361 -4.71517 55.5607 -0.203743 -13 1502 1 0 1
17.3191 13.0474 225.556 5.77878 3.83729 74.1335 2.26575 -13 1504 1 0 1
-3.20385 7.98257 225.556 -1.49205 2.07867 71.1691 3.65646 -13 1505 1 0 1
-9.86624 -25.3349 225.556 -3.21826 -6.68311 64.8355 -0.509178 -13 1506 1 0 1
21.3678 -0.465577 225.556 6.7802 0.238433 63.249 0.368532 -13 1507 1 0 1
1.28632 -11.199 225.556 0.608479 -3.34342 61.568 1.96856 -13 1508 1 0 1
35.5485 2.92062 225.556 9.79992 0.425142 51.526 1.91654 -13 1509 1 0 1
-42.8969 -17.1955 225.556 -17.682 -4.55161 77.6896 1.1037 -13 1510 1 0 1
-22.362 -47.5221 225.556 -6.95082 -11.9738 62.1467 0.866018 -13 1511 1 0 1
-48.2553 -46.9948 225.556 -17.7447 -13.7523 70.9354 1.65131 -13 1512 1 0 1
-12.5643 -16.427 225.556 -5.89466 -4.69383 77.524 1.57298 -13 1513 1 0 1
-59.4217 12.124 225.556 -22.6493 3.65124 73.6495 -0.27829 -13 1514 1 0 1
26.2155 -23.165 225.556 8.10962 -5.47582 60.5034 1.98854 -13 1515 1 0 1
27.3461 17.6187 225.556 9.22541 5.41539 69.0597 1.33075 -13 1516 1 0 1
16.7589 9.88128 225.556 4.97687 1.89441 54.5172 2.05157 -13 1517 1 0 1
5.43966 60.7359 225.556 1.79378 12.4039 51.9675 1.5183 -13 1518 1 0 1
7.78976 -29.0798 225.556 2.56718 -8.90229 63.2774 -0.140082 -13 1519 1 0 1
20.9773 39.0982 225.556 6.6837 10.3677 63.4146 1.52688 -13 1520 1 0 1
34.6412 -2.6219 225.556 7.7213 0.0361378 41.1555 0.428276 -13 1521 1 0 1
-14.783 20.5593 225.556 -4.02666 4.85913 56.0068 3.65053 -13 1522 1 0 1
-18.2481 -35.2539 225.556 -6.38724 -10.1586 66.8363 0.629968 -13 1523 1 0 1
-29.7924 -33.455 225.556 -7.09051 -7.36282 48.1818 0.692979 -13 1524 1 0 1
-12.4671 10.189 225.556 -4.89868 4.05562 72.8136 1.95526 -13 1525 1 0 1
-38.1693 11.3244 225.556 -11.0881 2.46391 58.9584 0.929672 -13 1526 1 0 1
20.2653 -36.8003 225.556 6.35789 -8.80367 59.4961 1.80236 -13 1527 1 0 1
-49.5086 65.3934 225.556 -9.96799 10.4591 39.1275 1.37207 -13 1528 1 0 1
16.6551 -29.5271 225.556 4.27685 -4.74727 41.7282 2.2614 -13 1529 1 0 1
-19.8038 -12.2706 225.556 -6.70536 -3.29027 66.7699 1.59068 -13 1530 1 0 1
29.6795 -22.6539 225.556 9.32357 -5.58904 61.48 -0.0347399 -13 1531 1 0 1
24.5747 16.2746 225.556 7.82599 4.37268 63.4212 0.999167 -13 1532 1 0 1
-4.04813 -15.6548 225.556 -2.23611 -5.97241 75.3734 1.36585 -13 1533 1 0 1
-6.08392 15.3188 225.556 -2.4137 3.67946 70.2932 1.6455 -13 1534 1 0 1
-31.2332 32.2705 225.556 -11.9862 10.0951 72.7865 -0.256755 -13 1536 1 0 1
-36.6748 0.748941 225.556 -13.1384 -0.261088 69.4816 2.2526 -13 1537 1 0 1
0.168026 -9.14069 225.556 -0.371959 -3.00566 69.9689 0.828592 -13 1538 1 0 1
-54.3464 5.89204 225.556 -17.3708 2.26681 63.0013 1.90321 -13 1539 1 0 1
-10.8879 46.4959 225.556 -4.76422 15.4805 74.1514 0.691223 -13 1540 1 0 1
-30.5766 7.63573 225.556 -10.194 2.03276 65.7887 -0.301771 -13 1541 1 0 1
-7.01118 -40.5032 225.556 -2.97389 -11.024 71.0902 -0.299654 -13 1542 1 0 1
-37.4593 -46.2617 225.556 -11.3028 -12.6023 59.7419 2.8868 -13 1543 1 0 1
-24.8401 17.01 225.556 -9.04442 5.00413 69.4114 1.96757 -13 1544 1 0 1
-5.0502 -10.3959 225.556 -1.76139 -2.67083 65.7278 1.0437 -13 1546 1 0 1
13.2429 16.0717 225.556 4.05235 4.03945 58.7278 0.542281 -13 1547 1 0 1
-16.3322 41.215 225.556 -5.578 11.5787 65.6513 3.25482 -13 1548 1 0 1
-22.7199 26.9463 225.556 -6.87051 7.12705 59.641 3.34352 -13 1549 1 0 1
1.41327 39.5353 225.556 0.42857 10.7485 63.511 3.00262 -13 1550 1 0 1
-2.82164 8.61147 225.556 -1.92773 3.40391 76.3754 2.42684 -13 1552 1 0 1
54.7895 -1.95053 225.556 12.9276 -0.656927 44.018 2.30339 -13 1554 1 0 1
-17.682 2.38049 225.556 -7.49117 0.380471 76.8557 0.534193 -13 1555 1 0 1
8.78419 -20.1826 225.556 2.6791 -4.72541 55.1263 2.43548 -13 1556 1 0 1
1.84519 -29.3251 225.556 -0.106148 -10.1149 75.1474 0.31382 -13 1557 1 0 1
-5.54222 -21.7012 225.556 -3.16935 -6.60991 78.1964 1.32599 -13 1558 1 0 1
72.5738 23.203 225.556 15.6071 3.84214 38.5723 0.531583 -13 1559 1 0 1
-12.7433 4.11717 225.556 -5.75211 2.11497 77.4591 2.33537 -13 1560 1 0 1
19.7064 16.1117 225.556 6.5695 5.76985 71.2696 -0.502084 -13 1561 1 0 1
-57.5744 -17.9756 225.556 -13.6291 -3.19799 45.9481 2.88227 -13 1562 1 0 1
36.6591 4.3089 225.556 9.60447 0.800081 48.6296 3.44031 -13 1563 1 0 1
-17.0713 43.3275 225.556 -6.06788 13.0537 67.8279 3.58668 -13 1564 1 0 1
-23.8148 4.28193 225.556 -4.88862 0.788104 42.136 1.99986 -13 1566 1 0 1
4.33675 -35.8762 225.556 1.40013 -9.78981 64.2033 0.63612 -13 1567 1 0 1
31.4965 29.1816 225.556 7.03186 4.52825 40.3268 1.49163 -13 1568 1 0 1
-31.2554 23.5324 225.556 -12.0665 7.41134 73.4059 1.15284 -13 1569 1 0 1
29.8641 13.2428 225.556 8.86957 3.26487 56.077 -0.0302423 -13 1570 1 0 1
-74.6669 -26.8281 225.556 -21.7688 -6.66404 56.7665 0.85255 -13 1571 1 0 1
7.51022 17.8846 225.556 2.39555 6.12703 66.5418 2.22058 -13 1572 1 0 1
-9.41113 -12.3678 225.556 -3.65399 -3.93269 69.9628 3.14488 -13 1573 1 0 1
49.2594 24.6194 225.556 13.412 5.10139 51.531 0.177994 -13 1574 1 0 1
1.6638 13.7685 225.556 -0.0722497 3.4688 73.6816 1.3992 -13 1575 1 0 1
1.13552 -0.483311 225.556 0.20741 0.329317 64.2241 1.0142 -13 1576 1 0 1
-5.90147 10.7348 225.556 -1.99065 3.27194 64.403 1.08191 -13 1577 1 0 1
-52.7902 15.1874 225.556 -17.4707 4.28994 64.6569 2.21269 -13 1578 1 0 1
28.2172 30.7099 225.556 8.73423 7.68916 60.4658 1.10818 -13 1579 1 0 1
3.33529 -13.8746 225.556 0.855126 -4.59133 69.6638 1.20636 -13 1580 1 0 1
19.2925 3.78651 225.556 4.98673 0.455852 45.7373 1.03569 -13 1581 1 0 1
49.1728 9.02774 225.556 10.9756 1.66383 40.4094 2.66272 -13 1582 1 0 1
3.06461 -31.9048 225.556 1.15655 -4.95693 42.9395 2.78993 -13 1583 1 0 1
-3.08204 -22.2274 225.556 -1.29609 -6.87796 67.4079 2.62208 -13 1584 1 0 1
-12.3778 -7.29073 225.556 -3.84978 -1.81078 62.407 1.51426 -13 1585 1 0 1
26.0974 -3.29271 225.556 8.72843 0.00072402 69.9443 2.8846 -13 1586 1 0 1
-40.6858 3.04454 225.556 -13.5932 1.07314 65.66 2.05675 -13 1587 1 0 1
-19.3192 -20.3387 225.556 -8.35841 -6.66872 78.2743 3.09601 -13 1588 1 0 1
26.4821 8.79549 225.556 9.0177 2.7119 72.2836 0.599124 -13 1589 1 0 1
-36.7105 -35.5177 225.556 -10.9361 -9.02925 59.5141 0.0930803 -13 1590 1 0 1
-20.6603 -7.78768 225.556 -8.48592 -1.92456 75.089 -0.837492 -13 1591 1 0 1
-22.5888 31.6627 225.556 -8.99065 10.3069 73.6992 2.25613 -13 1592 1 0 1
36.8562 47.094 225.556 12.4167 13.6109 70.1795 2.4736 -13 1593 1 0 1
-3.05542 8.08775 225.556 -0.606485 1.5885 55.7318 3.39819 -13 1594 1 0 1
-45.9831 -35.7689 225.556 -10.9961 -6.68643 47.1041 0.63082 -13 1596 1 0 1
10.7641 11.8124 225.556 3.17777 3.76043 78.6911 4.18383 -13 1597 1 0 1
26.5151 36.3753 225.556 8.86835 11.6925 70.6086 1.39751 -13 1598 1 0 1
55.9933 26.6175 225.556 12.0192 4.45178 38.7088 1.29382 -13 1599 1 0 1
-15.6617 10.4208 225.556 -6.63554 3.27083 75.2841 1.92068 -13 1600 1 0 1
-2.67727 33.146 225.556 -0.836139 8.93285 61.9109 2.08617 -13 1601 1 0 1
-24.3937 -9.29317 225.556 -9.34918 -2.4045 72.1159 0.418579 -13 1602 1 0 1
27.4029 -36.6306 225.556 8.03228 -7.99263 56.0529 0.709598 -13 1603 1 0 1
-40.5264 15.9607 225.556 -14.883 4.81038 71.0936 1.46854 -13 1604 1 0 1
4.87986 -36.7188 225.556 0.949696 -12.2384 77.3249 2.75523 -13 1605 1 0 1
-36.1505 17.2037 225.556 -14.695 5.55059 76.6275 1.27108 -13 1606 1 0 1
37.6304 7.00278 225.556 12.2229 1.53025 64.3362 1.91615 -13 1607 1 0 1
-9.06903 -7.33358 225.556 -3.09267 -2.53247 66.185 2.71602 -13 1608 1 0 1
33.0594 -0.792764 225.556 9.43977 -0.0312843 53.9761 2.06501 -13 1609 1 0 1
17.2439 -44.4802 225.556 2.87774 -4.51869 27.6683 4.6533 -13 1611 1 0 1
1.10705 0.985278 225.556 0.316058 0.703256 64.2914 2.76452 -13 1612 1 0 1
7.94991 -25.88 225.556 2.44844 -6.97693 69.9189 1.86739 -13 1613 1 0 1
52.3408 -6.38855 225.556 14.9701 -1.95906 54.8218 0.881245 -13 1614 1 0 1
6.17133 -12.0983 225.556 1.85564 -2.42915 49.5183 2.37632 -13 1615 1 0 1
-20.5848 47.3565 225.556 -8.93244 15.0852 77.234 1.15912 -13 1616 1 0 1
-34.1721 -60.1977 225.556 -6.24506 -8.14834 35.8512 1.18883 -13 1617 1 0 1
-39.4549 -26.7766 225.556 -12.3208 -7.30534 61.8767 0.645988 -13 1618 1 0 1
21.7617 -17.5801 225.556 6.9913 -5.17479 64.1094 -1.96671 -13 1619 1 0 1
13.7655 -3.71374 225.556 4.01045 -0.914967 55.6884 3.43782 -13 1620 1 0 1
-16.375 15.944 225.556 -3.91324 3.67548 52.7672 1.68484 -13 1621 1 0 1
-21.8693 24.3777 225.556 -9.84046 9.01995 79.5923 2.18947 -13 1622 1 0 1
25.7698 -34.4103 225.556 8.51478 -10.2228 69.0082 2.27171 -13 1623 1 0 1
4.32953 -8.67966 225.556 1.45987 -1.75735 47.5585 -0.0824092 -13 1624 1 0 1
11.2648 8.91165 225.556 3.50372 2.52464 59.3269 1.70549 -13 1625 1 0 1
21.1568 -36.9595 225.556 5.6809 -7.93047 49.7064 1.0525 -13 1627 1 0 1
-24.66 -17.9831 225.556 -10.0735 -6.55645 75.5278 -0.817404 -13 1628 1 0 1
14.8917 29.9408 225.556 4.81498 8.12081 68.0014 0.0202875 -13 1630 1 0 1
-42.0532 -7.39662 225.556 -13.4272 -1.90621 63.0101 1.56806 -13 1631 1 0 1
1.28866 -11.946 225.556 0.647251 -3.25277 52.9962 0.774048 -13 1632 1 0 1
-28.1339 34.607 225.556 -9.04297 9.18799 63.1174 1.13157 -13 1633 1 0 1
-4.72516 -28.81 225.556 -1.30545 -7.11243 58.596 1.8822 -13 1634 1 0 1
23.5696 0.317788 225.556 7.24747 -0.106664 59.3235 2.05332 -13 1635 1 0 1
-18.1468 -12.9934 225.556 -7.67628 -3.99459 76.1564 0.390278 -13 1636 1 0 1
-1.20971 26.1021 225.556 -0.538626 7.48014 65.4245 0.980165 -13 1637 1 0 1
24.5363 25.3769 225.556 7.61771 6.44654 57.9693 3.20437 -13 1638 1 0 1
10.279 -1.08139 225.556 2.9461 -0.333992 49.1122 4.09359 -13 1639 1 0 1
51.2769 8.91552 225.556 13.9225 2.2436 51.2158 2.6173 -13 1640 1 0 1
-4.71347 12.6169 225.556 -2.41821 3.9706 74.0325 2.69913 -13 1641 1 0 1
0.654762 17.3827 225.556 0.412152 4.05475 58.5789 1.57797 -13 1642 1 0 1
37.7209 51.713 225.556 9.96315 10.7837 49.9263 0.197344 -13 1643 1 0 1
-31.5946 24.0779 225.556 -12.3555 7.11272 74.0038 -1.04426 -13 1644 1 0 1
-54.5112 -27.0797 225.556 -19.5662 -8.32892 69.5153 0.33002 -13 1645 1 0 1
4.74383 3.39227 225.556 1.49372 0.493356 63.9556 -1.07267 -13 1646 1 0 1
-39.6676 -14.3081 225.556 -5.29255 -1.27702 24.5621 2.88708 -13 1647 1 0 1
60.1684 -74.6821 225.556 13.8356 -11.88 43.3126 1.94684 -13 1648 1 0 1
-20.3584 18.3621 225.556 -6.67632 4.86154 65.4043 2.98214 -13 1649 1 0 1
-30.7131 0.513119 225.556 -9.40607 -0.0544343 60.5237 0.651167 -13 1650 1 0 1
2.36015 26.1881 225.556 0.774872 6.67513 60.3927 -0.201769 -13 1651 1 0 1
-8.59155 24.278 225.556 -2.27451 5.87276 58.4594 -0.0663604 -13 1652 1 0 1
4.47946 9.02294 225.556 1.42005 1.93496 52.3724 2.18001 -13 1653 1 0 1
-10.0316 -34.5552 225.556 -2.06511 -6.16584 45.7139 0.894898 -13 1654 1 0 1
-15.2394 0.159953 225.556 -5.31289 -0.667421 66.7766 2.60938 -13 1655 1 0 1
-7.0322 31.1103 225.556 -3.23708 10.4354 73.392 1.47841 -13 1656 1 0 1
-71.6107 2.8026 225.556 -21.7748 0.516505 59.2509 2.76378 -13 1657 1 0 1
67.7123 -5.24322 225.556 16.0588 -1.2157 43.8768 0.394837 -13 1658 1 0 1
23.3724 -21.249 225.556 7.37775 -4.66393 60.2731 2.49463 -13 1659 1 0 1
-1.84145 20.0066 225.556 -0.669115 5.18144 62.7078 4.13598 -13 1660 1 0 1
41.4373 -47.1951 225.556 13.1505 -12.844 62.477 3.66723 -13 1661 1 0 1
5.14878 -19.4491 225.556 1.4158 -6.54464 70.9656 1.60647 -13 1662 1 0 1
0.70674 7.56559 225.556 0.420121 0.999834 44.9401 1.84234 -13 1663 1 0 1
9.91644 -2.38387 225.556 3.15545 -0.817995 64.2795 1.12227 -13 1664 1 0 1
6.15948 -7.21733 225.556 1.50162 -3.06918 77.6408 0.289148 -13 1665 1 0 1
13.5172 -28.8862 225.556 4.22622 -8.03434 68.7443 1.298 -13 1666 1 0 1
52.9773 -0.249719 225.556 15.6908 -0.322069 56.6338 2.62088 -13 1667 1 0 1
66.3177 -10.9882 225.556 18.9155 -3.5218 55.2054 0.353438 -13 1668 1 0 1
67.2728 32.6691 225.556 12.6071 3.89004 33.5065 1.3741 -13 1669 1 0 1
3.76823 -33.8209 225.556 1.30585 -8.81623 58.1301 1.36764 -13 1670 1 0 1
-27.9485 17.1032 225.556 -12.384 5.64473 79.0402 1.1893 -13 1671 1 0 1
36.7641 -58.7293 225.556 10.687 -13.2931 56.0058 0.315535 -13 1672 1 0 1
11.4384 -18.6213 225.556 3.65687 -4.57617 58.3259 2.15184 -13 1673 1 0 1
4.29493 -46.2762 225.556 1.3918 -9.79637 50.7325 1.72198 -13 1674 1 0 1
-27.1595 -26.5931 225.556 -8.04023 -6.54446 60.4034 -0.435129 -13 1675 1 0 1
-63.3083 -33.0349 225.556 -7.08898 -1.98246 18.9913 4.55607 -13 1676 1 0 1
24.6083 -11.3336 225.556 5.88877 -2.15862 43.3496 4.01149 -13 1677 1 0 1
22.1318 8.57032 225.556 6.63182 2.44584 57.3873 1.03037 -13 1678 1 0 1
22.4832 49.4031 225.556 6.77017 11.8951 57.5518 3.7626 -13 1679 1 0 1
-15.8066 -13.1969 225.556 -4.0834 -2.70732 53.0031 3.07458 -13 1680 1 0 1
5.22317 -1.76586 225.556 1.74516 -0.549006 58.2801 0.86639 -13 1681 1 0 1
34.145 24.5501 225.556 9.0385 5.43296 49.0428 1.08722 -13 1682 1 0 1
34.5879 -20.8402 225.556 11.3339 -5.76689 66.0415 0.562318 -13 1683 1 0 1
40.5533 8.55562 225.556 12.3936 2.27498 60.0072 3.41887 -13 1684 1 0 1
-1.3627 -21.1306 225.556 -1.25767 -6.82697 74.1511 0.924027 -13 1685 1 0 1
-2.92006 26.227 225.556 -0.554829 6.13277 56.5398 3.79762 -13 1686 1 0 1
-16.5958 -42.3719 225.556 -4.52321 -10.6193 57.105 1.28127 -13 1687 1 0 1
40.6111 25.8344 225.556 12.1088 6.37417 57.9441 0.362684 -13 1688 1 0 1
10.1887 1.25542 225.556 3.23969 -0.187743 72.4456 0.149299 -13 1690 1 0 1
-3.89414 -18.4664 225.556 -1.85211 -5.90328 70.6917 0.706143 -13 1691 1 0 1
-1.89273 -5.86408 225.556 -0.332179 -1.35342 59.0148 1.21599 -13 1692 1 0 1
33.7351 -19.4549 225.556 6.34625 -2.35814 32.5558 0.0290006 -13 1693 1 0 1
21.0416 1.4311 225.556 6.44321 0.0787625 57.7652 1.51799 -13 1694 1 0 1
4.76937 1.94266 225.556 1.37798 0.393783 71.7524 1.23528 -13 1695 1 0 1
-46.0435 -12.3794 225.556 -18.9789 -4.218 76.9703 2.13248 -13 1696 1 0 1
57.1106 21.4848 225.556 14.287 4.06348 46.6557 0.438518 -13 1697 1 0 1
-16.24 9.2817 225.556 -4.37397 1.71509 55.4434 1.77482 -13 1698 1 0 1
13.542 5.4991 225.556 4.4367 1.7331 66.1945 -0.748374 -13 1699 1 0 1
-8.70943 8.84528 225.556 -3.42663 1.74353 71.5426 1.33032 -13 1700 1 0 1
-4.24523 -4.20779 225.556 -2.13506 -1.67332 73.1587 -0.589667 -13 1701 1 0 1
6.7879 3.92407 225.556 1.9968 1.48237 70.7528 1.98987 -13 1702 1 0 1
20.0709 -6.15477 225.556 6.69376 -1.9765 68.616 1.45082 -13 1703 1 0 1
-20.5798 -33.8894 225.556 -5.45762 -7.36626 54.206 0.531324 -13 1704 1 0 1
-28.6818 -1.3072 225.556 -10.9854 0.177438 72.8056 0.237105 -13 1705 1 0 1
-22.6964 -45.119 225.556 -9.54883 -15.5358 76.6377 1.09627 -13 1706 1 0 1
9.56761 -30.3488 225.556 2.8911 -6.76211 54.617 0.301089 -13 1707 1 0 1
-24.249 24.7647 225.556 -8.80419 7.64213 69.5204 0.716988 -13 1708 1 0 1
-11.6481 18.7495 225.556 -3.45467 5.01805 60.3866 0.140697 -13 1709 1 0 1
21.2648 67.6658 225.556 4.80386 11.1337 39.0955 1.42806 -13 1710 1 0 1
27.241 30.7996 225.556 8.6198 8.28464 62.1457 1.17941 -13 1711 1 0 1
36.1233 -38.6355 225.556 8.98847 -7.01526 45.0244 2.51337 -13 1712 1 0 1
-13.2307 -24.7918 225.556 -3.47657 -5.6336 56.8841 2.22106 -13 1713 1 0 1
-9.83443 18.8387 225.556 -4.09058 6.06102 73.8535 0.766867 -13 1714 1 0 1
20.3764 -25.2038 225.556 6.5118 -7.66131 62.7816 1.01699 -13 1715 1 0 1
-12.9898 22.9142 225.556 -3.58584 5.49223 57.1506 4.12595 -13 1716 1 0 1
27.8261 -15.7348 225.556 7.17594 -2.97761 48.0619 3.06739 -13 1717 1 0 1
42.2999 -18.2768 225.556 14.3742 -5.94228 70.4826 0.492261 -13 1718 1 0 1
-6.50618 -14.2625 225.556 -2.80952 -4.48215 71.0663 0.687824 -13 1719 1 0 1
-16.5592 10.0335 225.556 -5.92455 3.27307 69.1284 0.714283 -13 1720 1 0 1
39.4987 20.6053 225.556 13.3654 6.33574 69.8472 1.54804 -13 1721 1 0 1
32.5424 4.65543 225.556 10.8864 1.11165 68.4163 1.49415 -13 1722 1 0 1
28.3294 6.06197 225.556 10.0116 1.8333 76.6659 -0.553787 -13 1723 1 0 1
-6.63236 -38.2709 225.556 -1.39012 -8.14055 52.1538 2.23662 -13 1724 1 0 1
58.0505 -14.6832 225.556 17.6606 -3.25823 59.1679 1.86742 -13 1725 1 0 1
0.763478 -36.9958 225.556 0.529892 -8.04245 52.1121 2.43505 -13 1726 1 0 1
30.0175 3.3088 225.556 10.1094 0.963937 69.7246 2.88 -13 1727 1 0 1
-16.1417 22.3058 225.556 -4.8973 6.04988 61.524 2.80455 -13 1728 1 0 1
-39.558 31.1735 225.556 -11.812 8.4061 59.0508 3.53505 -13 1729 1 0 1
24.7434 -10.3918 225.556 6.82443 -2.35938 50.3908 0.963728 -13 1731 1 0 1
-10.3821 20.2561 225.556 -3.82571 6.22017 68.8765 1.96096 -13 1732 1 0 1
17.2409 -3.74599 225.556 5.37436 -1.08691 61.3501 0.0312989 -13 1733 1 0 1
1.80865 -14.1042 225.556 0.127091 -4.13128 74.6616 -1.17312 -13 1734 1 0 1
11.8453 -0.715782 225.556 3.84125 -1.0742 61.4351 -0.0651392 -13 1735 1 0 1
-16.8997 15.1311 225.556 -6.06749 4.10208 68.0141 0.627745 -13 1736 1 0 1
1.1058 -0.109446 225.556 0.666909 -0.525301 48.7453 1.24608 -13 1737 1 0 1
33.8785 30.1128 225.556 10.2416 7.44778 58.4226 0.0082062 -13 1738 1 0 1
2.45181 10.487 225.556 0.908768 1.70738 43.065 2.96192 -13 1739 1 0 1
32.2321 -21.0481 225.556 10.7386 -6.71565 69.5509 0.529704 -13 1740 1 0 1
-5.41158 -22.6738 225.556 -1.90709 -7.41082 65.1897 2.13182 -13 1741 1 0 1
-27.3502 -19.7459 225.556 -7.28654 -4.09692 53.9291 2.63967 -13 1742 1 0 1
29.3276 43.8924 225.556 9.41219 12.3417 65.2735 2.33248 -13 1743 1 0 1
64.926 -9.91398 225.556 18.8082 -2.89637 56.4912 0.718936 -13 1744 1 0 1
-5.12334 15.1564 225.556 -2.11623 4.37141 69.3257 3.57348 -13 1745 1 0 1
-0.836282 -23.8705 225.556 -0.650134 -7.87227 70.8007 0.618206 -13 1746 1 0 1
11.2855 14.4554 225.556 3.46209 3.34967 50.8325 -0.00322721 -13 1747 1 0 1
-0.971506 -4.50468 225.556 -0.903399 -1.84776 73.8642 1.85028 -13 1749 1 0 1
16.2225 12.1528 225.556 5.54804 3.05952 66.4563 1.35398 -13 1750 1 0 1
24.0958 58.9864 225.556 7.8656 17.2771 67.5785 3.07214 -13 1751 1 0 1
-2.18668 2.73106 225.556 -0.189569 0.135822 45.5924 2.49161 -13 1753 1 0 1
18.7828 -8.25863 225.556 6.3153 -2.41493 72.0376 1.491 -13 1754 1 0 1
-2.09084 -13.7115 225.556 -0.660225 -2.97739 64.2292 3.58602 -13 1755 1 0 1
58.3756 15.0679 225.556 18.0726 4.35484 60.2612 -0.0773096 -13 1756 1 0 1
6.60962 -9.42917 225.556 1.97814 -3.29474 69.2853 1.49236 -13 1757 1 0 1
-6.08491 -8.25239 225.556 -1.59482 -1.9972 58.8943 0.00100692 -13 1758 1 0 1
30.7804 -14.3273 225.556 7.85861 -2.67273 47.5322 -0.498176 -13 1759 1 0 1
-63.3308 7.66797 225.556 -21.7678 1.2537 66.6045 1.15847 -13 1760 1 0 1
71.1542 -3.67581 225.556 18.3729 -0.558042 48.9458 -0.0472932 -13 1761 1 0 1
3.95974 -35.3632 225.556 0.415804 -12.5575 78.77 2.03777 -13 1762 1 0 1
-30.4689 56.8627 225.556 -8.88137 14.3748 58.3565 2.97639 -13 1763 1 0 1
-29.8915 7.85014 225.556 -7.71244 2.12399 52.6987 1.12589 -13 1764 1 0 1
-35.4709 -48.9489 225.556 -9.47037 -11.0545 53.485 1.87576 -13 1765 1 0 1
-59.7265 29.0203 225.556 -22.3141 9.15464 72.0872 4.4006 -13 1766 1 0 1
-21.5267 31.1788 225.556 -7.29724 8.97898 65.9203 0.345771 -13 1767 1 0 1
33.7991 -21.7359 225.556 11.5639 -7.18604 73.1083 0.76827 -13 1768 1 0 1
-42.71 -7.80041 225.556 -14.0404 -1.84339 64.585 2.53147 -13 1770 1 0 1
10.1299 29.5761 225.556 3.33668 8.28013 62.4157 1.8397 -13 1771 1 0 1
-31.4079 -3.53552 225.556 -12.0788 -1.48762 73.1305 1.6789 -13 1772 1 0 1
-37.4527 -27.9822 225.556 -4.01264 -1.45531 18.5026 1.34179 -13 1773 1 0 1
-22.5042 -16.2307 225.556 -9.17282 -5.66758 75.1252 1.96173 -13 1774 1 0 1
-3.75658 17.7389 225.556 -0.646982 4.20797 49.7138 2.14025 -13 1775 1 0 1
23.3496 -26.4231 225.556 7.92967 -8.51143 73.8862 1.62349 -13 1776 1 0 1
12.166 35.2751 225.556 3.72324 8.85155 57.4505 0.597382 -13 1777 1 0 1
8.87277 -11.0118 225.556 2.38933 -1.60982 45.4968 4.04874 -13 1779 1 0 1
14.5732 5.84415 225.556 4.69108 1.27875 75.2337 0.963378 -13 1780 1 0 1
22.6269 -50.8281 225.556 5.74898 -9.43278 46.6553 2.89142 -13 1781 1 0 1
8.89371 -16.5105 225.556 2.15375 -3.14008 38.4938 3.89504 -13 1782 1 0 1
8.47145 24.6146 225.556 2.60373 5.00245 59.164 2.38789 -13 1783 1 0 1
-33.1195 36.3845 225.556 -8.55441 8.08094 51.8 0.956616 -13 1784 1 0 1
28.3533 14.8553 225.556 8.06701 3.30188 52.7826 2.52019 -13 1785 1 0 1
41.8309 -39.7972 225.556 12.3721 -9.95307 57.8736 1.73714 -13 1786 1 0 1
0.130279 11.5181 225.556 0.0396698 2.77889 59.9969 3.04152 -13 1787 1 0 1
10.5851 -5.33282 225.556 3.3072 -1.55433 58.4959 1.49174 -13 1788 1 0 1
31.0251 -20.1094 225.556 9.07327 -4.00017 55.6055 1.6007 -13 1789 1 0 1
19.7205 -13.054 225.556 6.71554 -5.34096 77.4719 0.113259 -13 1790 1 0 1
-21.5368 -24.1187 225.556 -9.7115 -8.52819 76.4326 0.144855 -13 1791 1 0 1
-13.8741 7.33323 225.556 -4.0678 2.16911 59.9443 2.0644 -13 1792 1 0 1
-25.2818 24.0655 225.556 -9.33339 6.87457 70.4622 1.85553 -13 1793 1 0 1
-21.0614 -16.1879 225.556 -8.19088 -5.04165 72.7688 1.1889 -13 1794 1 0 1
-23.8972 4.01027 225.556 -8.52644 2.49755 69.576 0.433418 -13 1795 1 0 1
-11.6386 4.84299 225.556 -3.7523 1.2485 64.6929 1.19911 -13 1796 1 0 1
-14.2711 16.4952 225.556 -6.5356 6.6622 78.4046 1.71176 -13 1797 1 0 1
-2.59114 10.941 225.556 -1.71844 3.36851 75.6039 1.30689 -13 1798 1 0 1
12.6325 10.2966 225.556 4.12129 3.24116 68.0588 2.28549 -13 1799 1 0 1
-4.88174 -28.8338 225.556 -1.31888 -8.10382 59.4586 2.04868 -13 1800 1 0 1
-36.3992 5.3298 225.556 -15.7589 0.999162 78.4915 0.10157 -13 1801 1 0 1
5.21105 15.9657 225.556 1.5567 5.05464 68.8345 2.18849 -13 1802 1 0 1
55.2318 -25.4283 225.556 16.7432 -6.32325 59.2638 2.30278 -13 1803 1 0 1
-6.81677 8.20216 225.556 -0.629713 0.946075 28.9978 3.22104 -13 1804 1 0 1
8.14381 38.762 225.556 2.46475 10.22 65.651 1.28446 -13 1805 1 0 1
-5.71714 13.8053 225.556 -2.1168 4.07137 67.9798 2.61726 -13 1806 1 0 1
15.6007 -4.46942 225.556 5.1044 -0.0679404 70.6073 2.12122 -13 1807 1 0 1
-7.1871 -27.3329 225.556 -2.36062 -7.5474 63.333 3.39667 -13 1808 1 0 1
-6.86021 -20.4625 225.556 -2.39002 -5.07403 65.9852 1.85231 -13 1809 1 0 1
32.3897 -4.20311 225.556 9.05861 -1.20167 53.5443 1.34703 -13 1810 1 0 1
-18.3246 21.1751 225.556 -6.03206 5.84967 64.5753 0.385373 -13 1811 1 0 1
4.76501 -26.5149 225.556 1.5723 -5.55231 57.0755 2.46146 -13 1812 1 0 1
16.615 10.4897 225.556 5.20055 2.34754 62.1807 2.67283 -13 1813 1 0 1
7.44909 41.9967 225.556 2.36145 12.3309 66.0268 0.673952 -13 1814 1 0 1
-11.3461 14.3594 225.556 -3.74598 3.37506 66.0503 0.397183 -13 1815 1 0 1
35.8316 17.4282 225.556 11.7062 5.28455 66.6258 0.948576 -13 1816 1 0 1
-10.6942 -52.0953 225.556 -3.62364 -14.2913 64.9943 2.49129 -13 1817 1 0 1
-6.58648 7.33478 225.556 -1.80844 1.75348 60.0248 3.33397 -13 1818 1 0 1
25.1564 13.6774 225.556 5.62789 2.43174 38.3852 2.14498 -13 1819 1 0 1
-28.5751 -54.6666 225.556 -7.52085 -11.951 52.388 2.3788 -13 1820 1 0 1
15.5868 -75.1813 225.556 4.91216 -18.7705 62.2298 1.10334 -13 1821 1 0 1
13.7844 36.0633 225.556 4.37065 10.3196 67.9597 1.49823 -13 1823 1 0 1
-20.3173 9.46136 225.556 -7.99662 2.6442 73.1225 1.1722 -13 1824 1 0 1
-10.3118 -6.69601 225.556 -5.60544 -2.36762 79.6477 0.895138 -13 1825 1 0 1
-7.85215 22.6811 225.556 -2.99703 6.83958 70.2686 0.145275 -13 1826 1 0 1
72.4224 -21.5523 225.556 18.7507 -4.29697 49.3827 1.22844 -13 1827 1 0 1
-28.8567 -25.3963 225.556 -8.44604 -6.38107 58.7232 1.6915 -13 1828 1 0 1
-23.6964 -38.8078 225.556 -6.81697 -8.98841 57.3125 1.90504 -13 1829 1 0 1
-6.6158 -13.4428 225.556 -2.71802 -3.99777 69.1955 1.01817 -13 1830 1 0 1
30.3145 54.8286 225.556 9.7653 14.9005 65.4616 1.42337 -13 1831 1 0 1
-19.3056 4.71784 225.556 -6.27272 1.08753 64.9275 2.53081 -13 1832 1 0 1
15.8668 47.0234 225.556 5.02565 13.8792 65.8467 -0.145938 -13 1833 1 0 1
-8.37002 15.0201 225.556 -2.844 4.30367 65.9253 4.07572 -13 1834 1 0 1
7.71059 5.89256 225.556 2.34958 1.57769 53.9746 2.83409 -13 1835 1 0 1
2.68076 32.0848 225.556 0.652223 9.49596 67.4752 3.05543 -13 1836 1 0 1
-48.7881 -3.62485 225.556 -17.1542 -1.61048 68.5569 1.17445 -13 1837 1 0 1
42.1094 -1.92941 225.556 12.2247 -0.190289 56.3144 -0.407481 -13 1838 1 0 1
-41.4533 12.5845 225.556 -15.9533 2.92735 73.457 2.22852 -13 1839 1 0 1
-56.7444 19.843 225.556 -8.90277 2.61681 29.0723 1.10253 -13 1840 1 0 1
-9.33689 26.0887 225.556 -3.37551 8.48411 65.868 -1.23844 -13 1841 1 0 1
-13.1865 24.9656 225.556 -4.48508 8.19176 66.6388 1.97408 -13 1842 1 0 1
5.70462 -7.8446 225.556 1.44463 -2.94013 74.4193 1.31112 -13 1843 1 0 1
-12.1122 -10.7403 225.556 -3.6109 -3.44749 60.3622 2.58028 -13 1844 1 0 1
23.6891 -1.38197 225.556 6.37178 -0.562864 48.3603 2.10351 -13 1845 1 0 1
-45.3345 10.6294 225.556 -15.4848 3.29357 66.654 3.22702 -13 1846 1 0 1
-24.456 5.95077 225.556 -10.1094 1.60795 76.3773 -0.119678 -13 1847 1 0 1
42.0011 28.1824 225.556 11.8568 6.83663 54.0566 2.57416 -13 1848 1 0 1
-27.1166 25.3639 225.556 -9.80681 7.72009 69.5487 2.4661 -13 1849 1 0 1
9.18491 -11.6606 225.556 3.03679 -3.26459 62.1337 2.22197 -13 1850 1 0 1
7.70068 25.9724 225.556 2.42529 5.69957 53.4349 3.86856 -13 1851 1 0 1
18.1237 9.51975 225.556 6.09999 3.30287 76.784 1.68287 -13 1852 1 0 1
0.108776 28.5529 225.556 -0.0366301 7.94474 65.7648 1.89145 -13 1853 1 0 1
13.2139 -61.0329 225.556 3.08935 -9.06739 37.9478 0.594093 -13 1854 1 0 1
-95.473 -35.3839 225.556 -24.4106 -7.76305 48.7196 1.43089 -13 1855 1 0 1
0.811145 6.2679 225.556 0.398637 1.47886 60.0605 3.49576 -13 1856 1 0 1
20.0463 3.18374 225.556 5.80608 0.177243 53.0792 1.79722 -13 1857 1 0 1
40.2772 16.0822 225.556 10.8965 3.15087 49.423 3.12813 -13 1858 1 0 1
34.1865 6.89606 225.556 11.8418 2.48426 72.8121 2.36289 -13 1859 1 0 1
-19.4483 -46.3729 225.556 -4.31267 -9.15507 46.4834 1.78932 -13 1860 1 0 1
-17.0098 -9.22613 225.556 -2.29069 -1.2139 27.8941 3.11604 -13 1861 1 0 1
11.4135 -12.5591 225.556 3.48987 -3.39366 51.3456 -0.548721 -13 1862 1 0 1
5.59316 -99.7303 225.556 1.64864 -19.7695 48.5057 1.03125 -13 1863 1 0 1
-46.9551 -25.8148 225.556 -16.0007 -7.23352 66.6145 2.11096 -13 1864 1 0 1
-13.2292 13.36 225.556 -5.91204 4.94265 77.3985 2.02401 -13 1865 1 0 1
13.6466 -13.0697 225.556 4.2857 -3.88791 61.5882 1.27292 -13 1866 1 0 1
-50.0846 -18.6443 225.556 -15.532 -5.04935 60.8103 2.04774 -13 1867 1 0 1
-56.5268 17.0069 225.556 -22.451 4.93132 75.0068 1.81046 -13 1868 1 0 1
-43.5882 27.781 225.556 -8.60009 4.49569 37.6955 2.52009 -13 1869 1 0 1
1.84869 16.6274 225.556 0.576473 4.97517 65.2415 2.34255 -13 1870 1 0 1
-41.2164 -2.83368 225.556 -12.6397 -0.172416 61.0002 2.40904 -13 1871 1 0 1
39.2092 8.37525 225.556 11.8886 2.177 59.3872 1.47762 -13 1872 1 0 1
-53.2588 -4.8928 225.556 -19.9068 -1.36928 71.9974 1.8916 -13 1873 1 0 1
49.2865 -10.6083 225.556 17.7883 -3.86588 76.1046 -0.985702 -13 1874 1 0 1
15.7976 8.30796 225.556 4.98461 1.34532 60.5475 3.85568 -13 1875 1 0 1
-17.0924 -17.7139 225.556 -5.72095 -4.22743 65.5317 1.60743 -13 1876 1 0 1
-17.6315 -11.4389 225.556 -6.68346 -3.8128 70.5617 2.81931 -13 1877 1 0 1
28.8876 -31.2125 225.556 9.49957 -9.51736 66.8691 1.0508 -13 1878 1 0 1
38.0117 -22.1049 225.556 12.1905 -5.75671 64.5281 0.301484 -13 1879 1 0 1
-8.84602 -7.42844 225.556 -3.02607 -1.93124 65.3357 2.90444 -13 1880 1 0 1
-22.1945 -9.10562 225.556 -4.81927 -1.83128 45.4831 2.09084 -13 1881 1 0 1
-12.6776 1.15874 225.556 -3.74508 0.462551 60.2234 1.18115 -13 1882 1 0 1
-24.8825 23.0445 225.556 -8.95006 7.49447 69.4565 1.4752 -13 1883 1 0 1
-39.3081 -9.3306 225.556 -14.0553 -2.57549 69.633 1.14207 -13 1884 1 0 1
33.3246 -21.8485 225.556 8.39238 -4.65945 46.2702 1.66591 -13 1885 1 0 1
12.0611 -15.4559 225.556 4.00242 -4.3954 68.7933 2.72921 -13 1886 1 0 1
-86.4308 22.7823 225.556 -13.1973 2.57497 27.1903 -0.433507 -13 1887 1 0 1
-26.2004 -18.0066 225.556 -7.94957 -5.54729 61.7182 0.449971 -13 1888 1 0 1
-32.2714 22.0979 225.556 -6.93433 4.41361 42.5634 0.501296 -13 1889 1 0 1
55.7748 -20.4129 225.556 17.7856 -5.93616 63.5794 0.332024 -13 1890 1 0 1
44.5879 11.9527 225.556 6.76466 1.3669 26.349 2.62669 -13 1891 1 0 1
0.897926 7.54874 225.556 0.621281 1.53542 51.506 0.568098 -13 1892 1 0 1
-40.8406 -19.4991 225.556 -13.9294 -5.2927 67.0098 2.07295 -13 1893 1 0 1
-44.3228 8.65665 225.556 -15.6212 2.95663 68.3804 1.25933 -13 1894 1 0 1
5.20849 -19.5048 225.556 1.5331 -5.17843 67.2223 1.3566 -13 1896 1 0 1
-22.0136 -8.74086 225.556 -6.76208 -1.97655 61.6769 2.53128 -13 1897 1 0 1
-6.62573 32.5827 225.556 -1.99161 9.01507 61.4161 2.10061 -13 1898 1 0 1
-20.8262 -15.7346 225.556 -6.90507 -4.26373 64.9214 0.832712 -13 1899 1 0 1
-30.4391 -33.3297 225.556 -8.81818 -8.0125 57.8418 0.800708 -13 1900 1 0 1
76.0693 0.715269 225.556 19.6686 0.37271 48.9576 3.16002 -13 1901 1 0 1
4.60763 0.892228 225.556 1.47378 0.16999 66.0276 -0.0631776 -13 1902 1 0 1
61.179 -0.979707 225.556 17.0315 -0.345765 53.4838 2.37534 -13 1903 1 0 1
-14.67 15.2784 225.556 -4.69297 4.31764 63.9599 1.59665 -13 1904 1 0 1
-37.4212 7.63155 225.556 -14.8248 2.04084 75.3347 0.885373 -13 1905 1 0 1
8.43148 34.8902 225.556 2.65094 9.80814 66.2991 1.04845 -13 1906 1 0 1
-4.50258 44.4618 225.556 -1.3695 12.0984 63.335 3.12284 -13 1907 1 0 1
-12.9858 -13.6558 225.556 -4.54819 -4.49511 68.8212 0.565911 -13 1908 1 0 1
64.7972 11.2094 225.556 18.9073 2.26639 56.512 4.2435 -13 1909 1 0 1
7.14277 11.7442 225.556 2.09206 2.60508 66.6296 0.156054 -13 1910 1 0 1
-18.5024 -5.97372 225.556 -7.11954 -1.05984 72.471 -1.11084 -13 1911 1 0 1
-19.5631 8.05686 225.556 -7.28356 2.88842 69.2691 1.55186 -13 1912 1 0 1
23.8018 -30.7995 225.556 8.2373 -9.31517 75.8501 -0.540921 -13 1913 1 0 1
-30.7836 43.2678 225.556 -10.158 11.756 63.8846 1.20952 -13 1914 1 0 1
-69.6364 -51.5248 225.556 -24.0281 -14.3179 66.6497 1.28119 -13 1915 1 0 1
-13.1752 -10.0657 225.556 -4.61574 -2.38145 66.9248 1.22396 -13 1916 1 0 1
39.1652 7.12899 225.556 12.5237 2.11385 64.3703 1.06149 -13 1917 1 0 1
-10.9719 -6.24066 225.556 -3.90864 -2.68447 67.2343 0.386655 -13 1918 1 0 1
-0.674855 -21.0256 225.556 0.120523 -4.91728 52.4855 0.0318982 -13 1919 1 0 1
11.9922 53.4388 225.556 3.68947 12.9368 59.979 -0.0400629 -13 1920 1 0 1
1.30034 2.48354 225.556 -1.05592 1.38895 80.1259 2.44937 -13 1921 1 0 1
-33.4917 13.3363 225.556 -12.8852 4.4008 72.6815 2.60826 -13 1922 1 0 1
-57.9757 -22.5727 225.556 -16.0322 -5.5846 54.4106 2.94013 -13 1923 1 0 1
0.476004 21.0011 225.556 0.115493 6.04207 65.1621 3.12275 -13 1924 1 0 1
-25.5224 -111.531 225.556 -4.21521 -13.1651 32.47 3.60693 -13 1925 1 0 1
-46.3579 -43.5894 225.556 -9.11617 -7.15213 38.0179 1.23262 -13 1926 1 0 1
13.3604 -57.8141 225.556 3.92007 -13.82 55.0359 2.26292 -13 1927 1 0 1
22.6927 -18.1781 225.556 4.8651 -2.70346 37.2001 0.660166 -13 1928 1 0 1
-35.8224 0.609354 225.556 -14.8402 0.985361 77.6209 1.3163 -13 1929 1 0 1
-11.3133 42.7202 225.556 -4.57007 13.5631 71.0157 3.53613 -13 1930 1 0 1
3.55614 40.1005 225.556 1.04101 10.6855 64.5615 -1.26603 -13 1931 1 0 1
22.8058 -29.566 225.556 7.57882 -8.61659 69.5816 0.940833 -13 1932 1 0 1
53.8849 0.605365 225.556 19.5381 0.659145 76.5833 2.20717 -13 1933 1 0 1
-25.9858 6.67775 225.556 -6.32903 1.59015 48.5926 1.26879 -13 1934 1 0 1
31.8698 -6.42043 225.556 10.3352 -1.69935 63.5215 1.44131 -13 1935 1 0 1
48.1353 8.86945 225.556 13.7286 1.77614 54.9588 0.19412 -13 1936 1 0 1
10.0896 -33.8975 225.556 3.24936 -9.81701 59.7059 0.0684923 -13 1937 1 0 1
68.8002 -31.0026 225.556 23.1404 -8.81077 67.724 1.64859 -13 1939 1 0 1
-43.9112 -14.8644 225.556 -14.012 -4.20568 62.9986 0.265777 -13 1941 1 0 1
-6.02879 27.5231 225.556 -2.74787 8.62737 72.8728 2.79287 -13 1942 1 0 1
-8.35008 25.3287 225.556 -3.07032 7.03096 67.6416 1.9849 -13 1943 1 0 1
43.5705 41.4482 225.556 13.7113 11.5598 62.7801 0.667759 -13 1944 1 0 1
13.9674 6.59947 225.556 4.53609 2.04135 65.4877 0.394691 -13 1945 1 0 1
-13.6561 13.452 225.556 -4.40935 3.54619 63.0662 1.07042 -13 1946 1 0 1
8.91803 16.151 225.556 3.00936 3.52321 61.6382 1.82553 -13 1947 1 0 1
-5.47539 39.439 225.556 -2.43926 12.1739 71.2542 1.57184 -13 1948 1 0 1
-23.355 10.3566 225.556 -6.82865 2.49738 59.4212 1.35545 -13 1950 1 0 1
22.4549 10.465 225.556 7.12322 2.59693 61.8769 1.91524 -13 1951 1 0 1
34.4513 0.489059 225.556 10.4975 -0.261009 58.3843 -0.109896 -13 1952 1 0 1
67.8111 -12.5133 225.556 19.0479 -2.89449 54.0554 0.545792 -13 1953 1 0 1
16.7381 -2.42452 225.556 5.40541 -0.452985 65.7112 -0.467271 -13 1954 1 0 1
-59.495 -27.392 225.556 -16.4736 -6.14343 54.2727 1.51309 -13 1955 1 0 1
-29.3859 -20.1621 225.556 -7.99755 -4.45482 53.6714 1.17013 -13 1956 1 0 1
-42.4203 38.8941 225.556 -9.73958 7.72166 45.3835 1.73475 -13 1957 1 0 1
5.54522 -8.1002 225.556 1.74618 -2.74556 67.5978 -1.31797 -13 1958 1 0 1
2.36971 9.81894 225.556 0.813287 1.66141 37.6182 1.6607 -13 1959 1 0 1
23.9128 -29.639 225.556 7.82452 -8.21833 67.1435 -0.335003 -13 1960 1 0 1
-26.0591 2.59699 225.556 -7.13597 0.408366 55.6161 -0.597346 -13 1961 1 0 1
4.04245 -21.1337 225.556 1.08059 -2.21641 33.3733 3.98165 -13 1962 1 0 1
17.9367 -3.89987 225.556 5.1199 -1.27536 78.2864 -0.242528 -13 1963 1 0 1
37.0066 -38.8335 225.556 9.75591 -7.81601 49.3239 0.355039 -13 1964 1 0 1
-15.1577 -49.9381 225.556 -5.07981 -14.2254 64.1101 2.10126 -13 1965 1 0 1
23.1018 0.299489 225.556 5.97575 0.0339199 46.3329 1.73305 -13 1966 1 0 1
17.7276 -13.4665 225.556 5.88451 -4.2001 68.2425 1.58492 -13 1967 1 0 1
-32.5312 50.8128 225.556 -11.6272 15.6482 68.9025 1.98742 -13 1968 1 0 1
28.4826 -5.46116 225.556 9.75966 -4.02123 72.4176 0.415102 -13 1969 1 0 1
-4.08345 -12.9162 225.556 -1.48408 -3.90601 66.0889 1.57576 -13 1970 1 0 1
-5.05352 38.71 225.556 -2.0867 12.0815 69.9209 2.01306 -13 1971 1 0 1
9.76917 21.7381 225.556 2.83152 4.97334 52.1954 1.57661 -13 1972 1 0 1
-20.828 2.85736 225.556 -7.80115 0.648233 71.247 2.76925 -13 1973 1 0 1
34.3685 -14.7753 225.556 9.99506 -4.46662 55.413 3.09351 -13 1974 1 0 1
-4.73432 -17.3676 225.556 -1.87823 -4.51901 69.5302 0.796561 -13 1975 1 0 1
9.19558 31.8814 225.556 2.9387 8.88394 64.4089 -0.0982311 -13 1976 1 0 1
-27.5193 -30.1124 225.556 -8.59529 -6.92457 61.554 0.970091 -13 1977 1 0 1
28.1903 -41.4359 225.556 8.95601 -9.96178 61.7313 -0.385946 -13 1978 1 0 1
-53.5082 -29.2182 225.556 -21.4687 -9.50527 75.9342 3.25939 -13 1979 1 0 1
-26.3955 -52.6166 225.556 -9.47043 -16.8089 68.5621 2.89169 -13 1980 1 0 1
-21.6945 7.55374 225.556 -9.44569 1.62909 78.542 0.666012 -13 1981 1 0 1
-26.8605 12.9205 225.556 -6.87135 2.4579 51.8363 0.603917 -13 1982 1 0 1
53.9258 1.02674 225.556 16.7493 0.67427 61.2865 -0.0700441 -13 1983 1 0 1
17.5983 -44.6882 225.556 5.37425 -10.9299 59.0821 1.47117 -13 1984 1 0 1
15.4957 -20.6402 225.556 4.78472 -6.72383 79.1146 0.327811 -13 1985 1 0 1
-19.499 -21.4794 225.556 -8.0613 -7.26936 75.268 0.327556 -13 1986 1 0 1
8.32542 -22.1468 225.556 2.70621 -6.11696 59.2178 1.96042 -13 1987 1 0 1
62.4745 40.619 225.556 18.3045 10.1279 56.534 2.1315 -13 1988 1 0 1
7.86778 5.44534 225.556 2.38605 0.33766 62.8542 0.968894 -13 1990 1 0 1
-42.827 -8.56847 225.556 -12.7681 -2.39119 58.6752 2.38219 -13 1991 1 0 1
33.9281 -1.55079 225.556 10.1653 -0.561526 58.0137 1.89891 -13 1992 1 0 1
35.6947 22.8756 225.556 8.67431 5.43103 45.2114 1.68015 -13 1993 1 0 1
65.8567 92.8031 225.556 18.6386 20.6966 55.1593 2.07183 -13 1994 1 0 1
-18.1107 11.7677 225.556 -4.5686 2.8432 53.8752 2.4357 -13 1995 1 0 1
9.50678 12.8628 225.556 3.13734 3.05211 54.3703 -0.110714 -13 1996 1 0 1
-36.8363 -25.287 225.556 -9.00345 -4.44224 48.6868 -0.748575 -13 1997 1 0 1
43.0552 -16.2741 225.556 7.14293 -1.55094 28.5528 4.01398 -13 1998 1 0 1
-16.4284 -13.3743 225.556 -5.1938 -4.06798 62.1927 0.0104778 -13 1999 1 0 1
-3.55897 28.1013 225.556 -1.60739 8.48962 69.2326 1.45732 -13 2000 1 0 1
-19.9494 -26.2499 225.556 -7.17915 -7.64962 69.008 1.89601 -13 2001 1 0 1
-5.20658 -23.9892 225.556 -2.33452 -6.82746 72.2919 -0.267045 -13 2002 1 0 1
36.8988 4.66565 225.556 8.58432 0.942528 43.0889 2.05677 -13 2003 1 0 1
4.47815 -28.9427 225.556 1.45772 -7.98665 63.7439 0.434807 -13 2004 1 0 1
44.0924 -1.00181 225.556 8.32862 0.122352 32.8355 4.11097 -13 2005 1 0 1
-21.2396 3.11838 225.556 -6.53126 1.2725 61.9358 -0.131776 -13 2006 1 0 1
1.99932 -2.81934 225.556 0.633273 -0.985942 65.8356 1.53715 -13 2007 1 0 1
11.2891 2.0356 225.556 3.61466 0.845108 69.2772 2.38322 -13 2008 1 0 1
24.3801 -29.1903 225.556 6.97804 -7.14682 54.0945 0.341644 -13 2009 1 0 1
-5.13675 38.8931 225.556 -1.90537 11.0719 65.7933 1.83335 -13 2010 1 0 1
-18.583 4.51794 225.556 -6.446 0.357403 66.8266 -0.27225 -13 2011 1 0 1
5.83622 -20.8137 225.556 1.63548 -6.10222 69.435 2.68932 -13 2012 1 0 1
18.1382 26.6147 225.556 5.75523 7.58985 66.4698 1.43742 -13 2013 1 0 1
28.4202 39.8986 225.556 6.93735 7.25233 44.4135 2.49887 -13 2014 1 0 1
-89.3511 -48.9345 225.556 -23.025 -9.89436 49.3808 1.27288 -13 2017 1 0 1
12.2823 35.0078 225.556 3.79201 9.95897 70.4587 2.89899 -13 2018 1 0 1
-6.11853 -0.902496 225.556 -2.02684 -0.387625 62.8165 1.36115 -13 2019 1 0 1
4.81899 18.4731 225.556 0.953892 6.12901 76.8466 -0.8843 -13 2020 1 0 1
44.614 2.24652 225.556 14.3899 0.794776 64.346 0.914808 -13 2021 1 0 1
0.427243 1.10711 225.556 0.395735 -0.46629 62.5666 0.151064 -13 2023 1 0 1
-25.361 17.8584 225.556 -8.87305 4.12936 68.2095 0.307585 -13 2024 1 0 1
-4.54637 27.2241 225.556 -1.23256 5.86428 57.1692 1.86113 -13 2025 1 0 1
-43.3537 -15.077 225.556 -13.8755 -3.8204 62.976 3.02076 -13 2026 1 0 1
13.3835 -3.2338 225.556 2.21498 -0.0782439 25.1756 4.94871 -13 2027 1 0 1
15.2146 2.2847 225.556 5.0756 0.758512 73.7798 2.04639 -13 2028 1 0 1
-16.3571 10.6467 225.556 -6.06147 3.45865 69.5949 2.29599 -13 2029 1 0 1
-49.5125 -19.3684 225.556 -14.5492 -4.63563 58.1168 1.90955 -13 2030 1 0 1
-24.1902 19.5312 225.556 -10.0446 6.5772 77.5231 0.330639 -13 2031 1 0 1
15.9745 -8.41115 225.556 5.29444 -2.72618 71.7547 2.60782 -13 2032 1 0 1
-2.21282 -3.66975 225.556 -0.927981 -0.673906 66.131 -0.970541 -13 2033 1 0 1
-8.57423 -21.7207 225.556 -2.52108 -5.152 60.4384 2.28429 -13 2034 1 0 1
11.6152 14.7998 225.556 3.4337 3.2368 53.0979 2.82328 -13 2035 1 0 1
-17.0481 -1.72142 225.556 -7.27883 -1.48274 76.665 0.320207 -13 2036 1 0 1
-39.2433 -40.7102 225.556 -12.6664 -10.9538 63.6513 0.461183 -13 2037 1 0 1
56.0252 -13.0087 225.556 15.5214 -3.33196 53.2358 1.73921 -13 2038 1 0 1
-11.1354 23.9594 225.556 -3.94837 7.03066 67.0861 1.70785 -13 2039 1 0 1
-11.9504 12.2379 225.556 -5.87691 4.61728 80.3931 2.77882 -13 2040 1 0 1
7.50497 9.626 225.556 2.36244 2.4573 54.0786 1.04194 -13 2041 1 0 1
-40.4255 59.6358 225.556 -11.1396 13.4375 54.7561 1.03572 -13 2042 1 0 1
68.9487 -5.176 225.556 20.9116 -1.41058 60.252 2.13588 -13 2043 1 0 1
-26.0008 -17.1524 225.556 -6.62718 -3.24262 52.1574 -0.463286 -13 2044 1 0 1
-3.09178 -19.2805 225.556 -1.47247 -6.60627 71.7687 2.29181 -13 2045 1 0 1
-5.7196 5.85507 225.556 -2.11067 1.2135 67.8466 2.20292 -13 2046 1 0 1
-43.0987 -34.3544 225.556 -15.5335 -10.1354 69.5516 1.05324 -13 2047 1 0 1
-22.5825 5.58608 225.556 -8.9282 1.51458 73.7405 2.0025 -13 2048 1 0 1
15.999 55.7729 225.556 5.02971 15.6011 65.698 0.840048 -13 2049 1 0 1
-23.827 -62.0488 225.556 -8.21635 -17.8422 67.1224 2.22656 -13 2050 1 0 1
16.7099 10.9054 225.556 3.14907 1.462 30.4879 2.611 -13 2052 1 0 1
49.8149 15.9748 225.556 15.8928 4.21862 63.6057 0.769592 -13 2053 1 0 1
13.4733 33.3059 225.556 4.03618 7.90896 55.9 0.292691 -13 2054 1 0 1
9.4247 -47.7396 225.556 2.92428 -11.7978 57.4794 3.21091 -13 2055 1 0 1
-38.1109 5.84925 225.556 -12.4887 1.73154 64.0676 0.289247 -13 2056 1 0 1
10.29 2.74147 225.556 3.2856 0.96398 60.4089 3.58864 -13 2057 1 0 1
11.2691 -19.8962 225.556 3.43049 -5.09614 62.6487 0.0169976 -13 2058 1 0 1
-20.815 21.6738 225.556 -5.90137 4.77225 57.5509 -1.22601 -13 2059 1 0 1
-23.8957 15.3516 225.556 -9.21351 3.33856 72.1134 2.96374 -13 2060 1 0 1
24.6784 -8.83701 225.556 7.84221 -2.58793 63.5774 1.99599 -13 2061 1 0 1
18.8131 -1.89434 225.556 6.36576 -1.5358 72.6581 3.55623 -13 2062 1 0 1
9.77663 -37.3547 225.556 2.39678 -5.08174 38.8244 0.337686 -13 2063 1 0 1
1.5422 -34.6759 225.556 0.48355 -10.7141 64.5955 1.31693 -13 2064 1 0 1
37.0523 26.54 225.556 11.0065 6.38057 57.5064 -0.251889 -13 2065 1 0 1
5.38685 9.51971 225.556 1.73781 1.54902 56.3131 1.37267 -13 2067 1 0 1
57.3832 -11.3115 225.556 18.2691 -3.78277 63.4049 0.184964 -13 2068 1 0 1
-31.3101 -8.42772 225.556 -9.093 -2.09785 57.8622 1.33799 -13 2069 1 0 1
-19.5767 -28.1251 225.556 -8.35169 -9.50792 76.7383 1.61042 -13 2070 1 0 1
-11.8924 8.47601 225.556 -2.84589 2.16666 51.7537 0.366342 -13 2071 1 0 1
73.596 54.0145 225.556 19.7042 11.3138 51.0143 -0.392784 -13 2072 1 0 1
-13.4545 -45.2808 225.556 -3.79012 -11.4848 57.4951 2.48798 -13 2073 1 0 1
8.72561 3.78043 225.556 2.77677 0.629724 70.97 0.599267 -13 2074 1 0 1
-7.78663 -18.9127 225.556 -2.29408 -5.08603 59.3433 -0.387613 -13 2075 1 0 1
-5.9108 -14.6674 225.556 -2.00041 -3.9531 65.2329 1.72103 -13 2076 1 0 1
25.2071 -14.5377 225.556 8.61194 -4.08476 71.995 1.33419 -13 2077 1 0 1
42.1568 34.493 225.556 13.3144 9.55879 63.0132 1.15146 -13 2078 1 0 1
2.01925 -12.8459 225.556 0.583626 -4.46923 63.2994 0.98207 -13 2079 1 0 1
-0.198989 5.26471 225.556 -0.362601 1.94252 69.3555 1.17435 -13 2080 1 0 1
-0.711785 15.4033 225.556 -0.632255 4.59038 72.0422 3.02003 -13 2081 1 0 1
2.29908 32.0525 225.556 0.928945 7.42113 55.4745 0.978627 -13 2082 1 0 1
41.1444 35.4835 225.556 13.1607 9.07522 63.6755 3.47025 -13 2083 1 0 1
9.04101 47.6728 225.556 2.7794 11.9603 59.6151 1.53139 -13 2085 1 0 1
4.99255 2.84672 225.556 1.48837 0.897523 68.167 1.47112 -13 2086 1 0 1
11.0705 18.3717 225.556 3.55791 4.7007 62.3404 1.73148 -13 2087 1 0 1
-43.3088 -18.5616 225.556 -17.2238 -5.75698 75.2369 0.448907 -13 2089 1 0 1
13.2332 -14.0274 225.556 3.28882 -2.24178 40.4967 1.08932 -13 2090 1 0 1
-8.45042 -3.73575 225.556 -3.12137 -1.00573 69.357 -0.517034 -13 2091 1 0 1
-4.70604 72.7574 225.556 -1.34471 18.2897 59.5216 1.70587 -13 2092 1 0 1
55.1467 -49.1415 225.556 12.3038 -7.16683 41.0256 1.14817 -13 2093 1 0 1
-7.81369 -10.9629 225.556 -2.46444 -3.58492 61.775 2.45076 -13 2094 1 0 1
4.98337 8.98594 225.556 1.22108 2.99829 74.8424 2.01744 -13 2095 1 0 1
25.043 -10.9859 225.556 7.60656 -2.46022 58.283 1.36528 -13 2096 1 0 1
0.452464 -3.56676 225.556 0.0807303 -0.322887 59.4914 1.04048 -13 2097 1 0 1
0.0132251 57.7726 225.556 0.219996 12.9349 54.3573 1.2184 -13 2098 1 0 1
-41.5566 -3.39238 225.556 -13.1153 -0.612975 62.5715 0.930566 -13 2099 1 0 1
-30.5579 -42.9595 225.556 -6.90315 -7.82946 45.8846 1.372 -13 2100 1 0 1
34.4513 -38.804 225.556 9.57964 -8.57744 52.2638 0.908218 -13 2101 1 0 1
-30.3243 -4.6465 225.556 -3.45844 -0.478883 20.6562 6.26822 -13 2102 1 0 1
-7.59768 -13.1485 225.556 -2.702 -3.96885 66.4272 0.560506 -13 2103 1 0 1
8.69433 8.63824 225.556 2.78137 2.40391 69.5439 1.51635 -13 2104 1 0 1
3.27406 -30.8049 225.556 0.319208 -10.1833 78.0057 0.0844594 -13 2105 1 0 1
-13.1322 19.32 225.556 -4.86886 6.00234 69.2875 1.22032 -13 2108 1 0 1
-9.11997 4.39419 225.556 -2.39259 1.01697 56.6428 0.66489 -13 2109 1 0 1
17.9535 55.0806 225.556 5.81458 14.7391 64.4751 1.20586 -13 2110 1 0 1
-25.8625 -43.4197 225.556 -6.6873 -9.73452 52.68 2.89669 -13 2111 1 0 1
7.72936 15.8635 225.556 2.48567 4.08439 61.1107 0.423354 -13 2112 1 0 1
-1.60111 6.07869 225.556 -0.938586 2.32143 71.4407 0.259458 -13 2113 1 0 1
-13.0765 -35.4775 225.556 -3.43391 -8.25078 55.1174 2.92272 -13 2114 1 0 1
-36.6439 -35.0208 225.556 -11.5657 -9.30683 61.7322 3.9668 -13 2115 1 0 1
23.7239 -2.89906 225.556 7.49199 -1.01925 60.1815 1.25208 -13 2116 1 0 1
22.7483 27.2005 225.556 7.44969 7.27988 66.724 1.30075 -13 2117 1 0 1
-6.58927 20.7573 225.556 -2.25571 5.45287 65.9321 0.0813297 -13 2118 1 0 1
-0.642144 17.8715 225.556 -0.510034 4.19673 68.0364 1.29434 -13 2119 1 0 1
13.1109 -4.0687 225.556 4.10244 -0.723934 56.9934 -1.215 -13 2120 1 0 1
13.021 29.3894 225.556 3.9545 7.34973 58.4907 3.35376 -13 2121 1 0 1
-31.9256 -16.7054 225.556 -9.71097 -4.68429 60.986 3.03599 -13 2122 1 0 1
-1.86396 -1.01888 225.556 -1.40721 -0.323896 76.9677 1.77275 -13 2123 1 0 1
-44.4069 33.7857 225.556 -10.7706 5.92213 47.8228 4.18833 -13 2124 1 0 1
-27.8538 -19.2127 225.556 -7.61394 -4.30545 54.8453 0.745835 -13 2125 1 0 1
-19.2777 29.9133 225.556 -7.99255 10.0238 75.6279 0.665289 -13 2126 1 0 1
24.7536 -13.5886 225.556 7.70661 -3.98679 60.803 0.728441 -13 2127 1 0 1
3.53399 -21.8788 225.556 1.00807 -5.73694 68.5978 3.53666 -13 2128 1 0 1
-19.8608 22.5586 225.556 -7.1431 6.75126 67.6092 0.759076 -13 2129 1 0 1
-2.96436 11.3162 225.556 -0.949657 2.23286 64.5278 1.11268 -13 2130 1 0 1
-26.9351 -17.6406 225.556 -8.12756 -4.33012 60.3243 3.39602 -13 2131 1 0 1
14.1673 16.8446 225.556 4.61578 6.05374 77.2077 2.02846 -13 2132 1 0 1
-14.2047 35.1796 225.556 -3.58855 9.47744 55.8518 1.86805 -13 2133 1 0 1
-14.9951 29.0626 225.556 -5.2413 8.99221 67.1312 0.869413 -13 2134 1 0 1
97.611 -46.1652 225.556 30.4508 -11.3168 61.1005 2.41687 -13 2135 1 0 1
-30.2104 8.07724 225.556 -9.69811 2.2331 63.7601 1.88251 -13 2136 1 0 1
43.9745 27.5608 225.556 14.3266 6.91313 65.9636 -0.0737144 -13 2137 1 0 1
-29.4432 24.4056 225.556 -10.1774 7.11922 67.7993 0.270243 -13 2138 1 0 1
21.5474 7.55382 225.556 7.30949 2.26293 71.5752 2.40054 -13 2139 1 0 1
-51.7912 17.8915 225.556 -11.8776 3.56741 44.2597 0.873519 -13 2140 1 0 1
18.9798 -29.5835 225.556 6.10577 -7.9764 64.1365 2.70881 -13 2141 1 0 1
27.5507 20.3247 225.556 9.55692 7.6213 77.1098 2.11726 -13 2142 1 0 1
25.1877 10.265 225.556 7.14469 2.17237 53.2844 0.61381 -13 2143 1 0 1
-46.7852 -14.2974 225.556 -13.6607 -3.43547 57.9262 1.04874 -13 2144 1 0 1
-53.9028 5.69742 225.556 -5.47857 0.28348 17.0874 6.61396 -13 2145 1 0 1
56.8868 -38.9332 225.556 17.1884 -9.86517 59.1445 1.25302 -13 2146 1 0 1
31.6748 49.9636 225.556 8.21965 9.87257 48.307 2.26399 -13 2147 1 0 1
7.88036 19.6998 225.556 2.58238 4.73589 58.1733 1.76113 -13 2148 1 0 1
-44.5191 17.2331 225.556 -13.893 4.45692 61.7979 1.57092 -13 2149 1 0 1
-8.33514 31.755 225.556 -1.98549 7.2762 53.6936 0.678345 -13 2150 1 0 1
-20.7496 -0.592311 225.556 -7.34806 -0.330742 68.3586 -0.31135 -13 2151 1 0 1
-57.3112 6.85331 225.556 -18.1529 2.16855 62.0234 0.805194 -13 2152 1 0 1
-36.0024 -34.0227 225.556 -10.0827 -7.5927 55.9746 -0.684613 -13 2153 1 0 1
74.2296 63.1747 225.556 18.8016 12.3265 47.5198 1.8782 -13 2154 1 0 1
6.70809 4.49278 225.556 2.16866 1.97749 64.7113 0.681436 -13 2155 1 0 1
-7.21309 8.85263 225.556 -2.74929 2.1666 68.3316 3.58103 -13 2156 1 0 1
2.68304 -15.5842 225.556 0.116017 -5.46454 79.45 2.72742 -13 2157 1 0 1
-34.1371 -6.18635 225.556 -8.2371 -1.04797 48.552 2.46027 -13 2158 1 0 1
-38.0823 -18.0065 225.556 -10.0839 -3.59765 53.0594 3.10005 -13 2159 1 0 1
-20.1248 -49.1471 225.556 -5.83407 -12.7739 59.1034 3.04515 -13 2160 1 0 1
26.8973 9.26337 225.556 9.01425 2.71075 68.7325 3.40773 -13 2161 1 0 1
-29.8265 -12.7161 225.556 -13.0431 -5.0906 80.0606 3.17032 -13 2162 1 0 1
2.61244 19.7882 225.556 0.989005 5.24732 63.4637 1.97323 -13 2163 1 0 1
-11.724 38.7065 225.556 -3.76836 11.2635 64.6531 0.85725 -13 2165 1 0 1
-20.8776 10.9756 225.556 -5.43343 2.45264 53.4739 0.133434 -13 2166 1 0 1
8.35208 5.36543 225.556 2.51187 1.51556 70.572 2.89125 -13 2167 1 0 1
-17.7549 -1.2707 225.556 -7.83711 -0.141461 78.2188 0.349776 -13 2169 1 0 1
13.9682 27.9016 225.556 4.39721 6.95894 61.6978 4.15307 -13 2171 1 0 1
-24.3666 30.3947 225.556 -6.81378 7.10355 56.4237 0.813998 -13 2172 1 0 1
-45.9839 7.05848 225.556 -16.7562 1.27908 70.6109 -1.60353 -13 2173 1 0 1
-5.92831 -38.1952 225.556 -0.889601 -5.60051 41.9419 0.193682 -13 2174 1 0 1
13.222 30.811 225.556 4.34015 9.79953 68.0042 1.66956 -13 2175 1 0 1
-26.1971 -29.2491 225.556 -3.88606 -2.70248 28.1702 5.03689 -13 2176 1 0 1
-10.6442 -12.0664 225.556 -4.73581 -3.99151 75.8728 1.76826 -13 2177 1 0 1
-23.3583 -31.5623 225.556 -5.12314 -5.72944 44.0267 3.62665 -13 2178 1 0 1
-34.8859 4.99941 225.556 -12.3534 1.57095 68.3127 2.31265 -13 2179 1 0 1
3.43401 -66.5465 225.556 1.23239 -13.9551 51.1702 0.928037 -13 2180 1 0 1
-17.3029 39.6408 225.556 -6.33069 12.271 69.9897 1.22033 -13 2181 1 0 1
-5.83201 -25.6824 225.556 -1.22875 -4.7987 50.6115 1.78803 -13 2182 1 0 1
16.2095 -13.4062 225.556 5.16916 -3.87324 66.9322 0.80404 -13 2183 1 0 1
-15.0466 0.517575 225.556 -6.40444 -0.278795 75.3818 0.553823 -13 2184 1 0 1
-0.203079 -4.77482 225.556 -1.32178 -2.6048 79.2034 1.58733 -13 2185 1 0 1
-7.54304 14.9155 225.556 -2.95833 4.68327 70.414 2.16196 -13 2186 1 0 1
32.0673 -17.2525 225.556 10.7892 -5.13663 69.4654 1.15289 -13 2187 1 0 1
-48.8862 -27.2336 225.556 -19.2116 -8.71951 75.3042 2.69348 -13 2188 1 0 1
-2.64094 -52.1952 225.556 -0.591069 -12.6469 56.2521 2.71109 -13 2189 1 0 1
-24.1416 23.4298 225.556 -9.75254 8.01085 75.3893 0.8094 -13 2190 1 0 1
-9.60146 -2.38544 225.556 -2.46365 -0.0725414 54.1506 0.258186 -13 2191 1 0 1
-29.2602 -2.27014 225.556 -11.4025 0.245275 73.7204 2.15509 -13 2192 1 0 1
-30.169 3.30004 225.556 -7.40805 0.777937 50.5704 2.20966 -13 2193 1 0 1
-21.73 -3.61103 225.556 -6.6591 -0.975978 60.5054 2.4241 -13 2194 1 0 1
-5.63288 -17.8279 225.556 -2.31612 -5.11721 69.7021 2.89172 -13 2195 1 0 1
5.90503 55.8033 225.556 1.26078 17.9823 75.3969 1.88846 -13 2196 1 0 1
16.1491 8.90705 225.556 5.2985 3.44149 75.0674 2.32619 -13 2197 1 0 1
-2.25656 -2.48287 225.556 -1.64445 -1.31378 76.9895 1.81701 -13 2198 1 0 1
0.907924 1.1223 225.556 0.276069 0.880081 64.5058 2.61087 -13 2199 1 0 1
-11.7224 17.9399 225.556 -3.73443 4.49366 63.9108 1.47819 -13 2200 1 0 1
-5.85559 -20.9222 225.556 -1.67246 -4.78725 59.0956 3.16871 -13 2201 1 0 1
17.1557 20.2589 225.556 5.67317 6.16339 70.4726 3.64736 -13 2202 1 0 1
13.4583 9.59359 225.556 4.35706 2.88568 64.5299 3.26561 -13 2203 1 0 1
14.7461 -23.5709 225.556 4.79388 -7.31845 69.0562 2.66437 -13 2204 1 0 1
2.50981 40.1175 225.556 0.453112 12.8271 70.537 2.35156 -13 2205 1 0 1
3.94392 48.9629 225.556 1.28586 10.4082 52.826 1.90031 -13 2206 1 0 1
-26.6025 -14.5635 225.556 -9.05239 -4.03621 66.8632 0.918445 -13 2207 1 0 1
-52.2036 -19.8627 225.556 -9.7008 -2.64855 35.4135 4.95147 -13 2208 1 0 1
-30.5355 16.6818 225.556 -8.82315 4.12676 57.3795 3.04146 -13 2209 1 0 1
55.5191 33.9668 225.556 14.673 6.13308 49.5712 2.16135 -13 2210 1 0 1
-24.8693 -2.46975 225.556 -8.77318 -0.917236 68.8103 -1.14241 -13 2211 1 0 1
-8.78843 -17.2347 225.556 -3.81929 -5.02029 73.3277 0.778535 -13 2212 1 0 1
-16.1676 7.81438 225.556 -4.87836 1.82886 62.4104 2.45256 -13 2213 1 0 1
-44.5893 -18.3124 225.556 -17.3353 -5.80531 74.6533 2.18877 -13 2214 1 0 1
-41.4964 -36.2986 225.556 -13.8202 -9.18942 64.781 1.48626 -13 2216 1 0 1
10.4996 38.5824 225.556 3.30187 10.6086 67.2434 3.90481 -13 2217 1 0 1
-23.8838 -31.6012 225.556 -6.6424 -6.57431 56.8114 1.74021 -13 2218 1 0 1
-18.9199 45.4492 225.556 -6.34942 12.3258 65.4229 0.0572263 -13 2219 1 0 1
12.3183 -4.09755 225.556 3.97664 -0.414835 66.4886 1.6301 -13 2220 1 0 1
-20.2218 -18.0955 225.556 -6.22017 -4.28581 61.5379 1.91236 -13 2221 1 0 1
-17.0908 -6.85862 225.556 -3.30923 -0.585567 40.188 2.54625 -13 2223 1 0 1
62.9589 -11.8789 225.556 21.8001 -3.37313 71.1696 0.613684 -13 2224 1 0 1
21.9537 22.5851 225.556 5.52065 4.2288 45.3854 2.33494 -13 2225 1 0 1
5.63161 7.4471 225.556 1.53663 1.79767 74.5562 0.897539 -13 2226 1 0 1
-3.60055 15.1928 225.556 -1.26401 3.85888 64.4833 1.13809 -13 2227 1 0 1
-7.78011 -4.89422 225.556 -3.07875 -0.281364 68.8459 1.92238 -13 2228 1 0 1
21.7297 -14.2548 225.556 6.98633 -5.68352 78.717 3.46046 -13 2229 1 0 1
13.7592 16.0543 225.556 3.74732 3.49841 45.8407 2.67488 -13 2230 1 0 1
-38.8466 22.3582 225.556 -12.0707 5.72779 61.968 0.595992 -13 2231 1 0 1
15.9817 21.5073 225.556 4.67902 5.65477 53.9598 1.34568 -13 2232 1 0 1
-27.567 -28.3109 225.556 -9.4609 -7.94596 67.1071 -0.669078 -13 2233 1 0 1
1.3673 -6.88648 225.556 0.353484 -1.95738 63.2431 0.46411 -13 2234 1 0 1
16.6329 29.1059 225.556 4.61025 6.17791 50.4927 0.0573372 -13 2235 1 0 1
-28.1001 -11.024 225.556 -8.67776 -3.52123 60.9093 3.02936 -13 2236 1 0 1
-13.6983 8.60898 225.556 -6.70945 2.81144 81.398 4.37865 -13 2237 1 0 1
2.4743 10.6933 225.556 0.830021 2.98583 61.9579 2.64077 -13 2238 1 0 1
22.294 -43.9335 225.556 7.1186 -12.0953 65.5847 4.20811 -13 2239 1 0 1
-30.0268 -20.7274 225.556 -11.3256 -6.95951 71.6563 0.815558 -13 2240 1 0 1
-7.92672 7.56381 225.556 -2.97313 2.65245 68.5634 -0.105653 -13 2241 1 0 1
-6.61497 3.7281 225.556 -2.54857 1.1596 70.4545 2.46866 -13 2242 1 0 1
5.04058 41.3748 225.556 1.68887 10.1101 58.8471 1.50718 -13 2243 1 0 1
-17.183 50.4908 225.556 -4.23006 11.2132 51.6192 1.80531 -13 2244 1 0 1
7.984 16.0602 225.556 2.52893 5.15834 69.6177 2.30413 -13 2245 1 0 1
-28.1523 4.1371 225.556 -10.4196 2.44015 71.3999 2.42669 -13 2246 1 0 1
0.397251 -2.49421 225.556 -1.13632 -1.09431 81.3682 -0.110925 -13 2247 1 0 1
23.7228 -6.58519 225.556 8.16566 -2.73728 75.8373 0.559936 -13 2248 1 0 1
50.7521 -6.1808 225.556 15.3951 -0.929363 59.1687 1.64232 -13 2249 1 0 1
3.05637 19.5632 225.556 0.299983 5.77493 77.6396 2.10611 -13 2250 1 0 1
23.9151 -9.91344 225.556 7.90792 -2.26887 68.6035 1.42201 -13 2251 1 0 1
1.23974 38.744 225.556 0.475312 9.36613 61.0231 1.49378 -13 2252 1 0 1
49.4103 55.1225 225.556 13.1392 12.1004 51.1473 3.68465 -13 2253 1 0 1
-36.3307 30.6651 225.556 -11.4624 8.08121 62.4959 -0.872107 -13 2254 1 0 1
10.0878 -13.5002 225.556 3.10316 -3.71475 59.774 2.20505 -13 2256 1 0 1
55.9399 -18.8834 225.556 16.9869 -4.84657 59.5511 0.0326888 -13 2257 1 0 1
24.584 -51.2493 225.556 7.21017 -12.1525 56.5713 2.13531 -13 2258 1 0 1
38.7641 3.41022 225.556 12.0867 1.23756 61.016 1.67426 -13 2259 1 0 1
54.2553 -11.7959 225.556 17.0258 -4.06465 61.9474 2.21726 -13 2260 1 0 1
-30.2423 44.0369 225.556 -12.785 15.7299 77.5002 2.74905 -13 2261 1 0 1
-10.0983 31.7369 225.556 -2.65769 7.55559 56.2466 2.55924 -13 2262 1 0 1
-27.1492 -17.1811 225.556 -9.91063 -4.34214 69.6738 2.1589 -13 2263 1 0 1
15.9857 -31.3425 225.556 5.05677 -8.91451 64.1174 1.65272 -13 2264 1 0 1
13.7017 -17.1103 225.556 4.52691 -4.77851 68.5267 0.496216 -13 2265 1 0 1
-38.7473 30.1301 225.556 -10.9777 7.38227 56.322 3.07291 -13 2266 1 0 1
21.3993 -21.4039 225.556 6.79873 -4.88484 63.6469 2.8772 -13 2267 1 0 1
-30.5662 34.336 225.556 -7.10854 6.20239 46.8597 0.466795 -13 2268 1 0 1
-29.9274 -33.1793 225.556 -10.6112 -10.9431 68.5658 1.46608 -13 2269 1 0 1
-5.4934 -18.3215 225.556 -3.04845 -5.48268 77.4127 0.788337 -13 2270 1 0 1
5.00854 17.8849 225.556 1.62624 4.77777 69.2278 0.344423 -13 2271 1 0 1
-53.0794 6.00687 225.556 -21.6835 1.52073 77.8649 0.727815 -13 2272 1 0 1
12.9169 15.1612 225.556 3.97888 3.67256 59.6031 0.5845 -13 2273 1 0 1
-31.8537 -10.9765 225.556 -12.7118 -4.12115 75.0607 0.0609174 -13 2274 1 0 1
2.35417 -40.1798 225.556 1.07483 -8.20015 49.1493 1.59275 -13 2275 1 0 1
27.6071 -0.70329 225.556 9.13654 -0.817168 66.7321 0.856293 -13 2276 1 0 1
-36.6737 -9.22568 225.556 -10.4786 -1.53628 56.8037 0.0755601 -13 2277 1 0 1
-7.35782 5.30547 225.556 -2.95454 1.30524 70.5966 2.27958 -13 2278 1 0 1
-12.9826 21.7281 225.556 -5.77357 8.4448 76.3248 2.01573 -13 2279 1 0 1
-10.0806 -11.5561 225.556 -3.08106 -2.9414 60.6373 1.06353 -13 2280 1 0 1
20.8529 -13.0044 225.556 6.44651 -3.34041 61.4232 -1.39365 -13 2281 1 0 1
-39.5764 7.65696 225.556 -13.6162 2.15853 66.6982 2.13247 -13 2282 1 0 1
-37.5091 14.8953 225.556 -7.82676 2.05928 42.004 3.48193 -13 2283 1 0 1
-21.1475 6.14627 225.556 -7.99542 1.38202 71.7145 -0.107586 -13 2284 1 0 1
-40.4507 14.1716 225.556 -7.84416 2.35906 37.823 2.54784 -13 2285 1 0 1
-11.3609 -7.47176 225.556 -2.80086 -1.66154 52.6026 1.20269 -13 2286 1 0 1
-22.0716 4.83572 225.556 -5.97762 1.31351 55.5738 -0.332016 -13 2287 1 0 1
-9.04804 3.87189 225.556 -3.18741 1.22361 66.43 1.79144 -13 2288 1 0 1
-27.0007 -15.1724 225.556 -8.14243 -4.46436 60.1453 3.36206 -13 2289 1 0 1
-16.4058 -45.7848 225.556 -6.69776 -14.8261 73.5328 1.6913 -13 2290 1 0 1
-30.3273 -56.9137 225.556 -7.40253 -11.64 49.3354 2.25556 -13 2291 1 0 1
12.9932 3.80823 225.556 4.06175 1.54397 71.114 1.01588 -13 2292 1 0 1
52.3445 -26.7376 225.556 15.2976 -6.89952 56.5109 1.06294 -13 2293 1 0 1
-7.82933 22.835 225.556 -2.43139 6.8542 64.4558 2.45004 -13 2294 1 0 1
-20.27 -10.8344 225.556 -7.76401 -2.60294 72.2038 3.3639 -13 2295 1 0 1
-6.00003 -54.6155 225.556 -2.36258 -15.7402 68.3595 1.46935 -13 2296 1 0 1
-21.0176 -9.1082 225.556 -4.79165 -2.12746 46.2752 -1.14785 -13 2297 1 0 1
-54.9976 61.7698 225.556 -9.97736 8.33141 34.9668 0.767639 -13 2298 1 0 1
-52.3252 -24.4764 225.556 -18.9032 -7.4163 70.1613 0.28586 -13 2299 1 0 1
-31.5022 -2.18904 225.556 -11.6276 -0.210412 71.0343 2.42915 -13 2300 1 0 1
-9.20199 -19.6471 225.556 -2.6351 -4.12088 57.9332 0.982442 -13 2301 1 0 1
0.0653555 5.94806 225.556 0.4198 1.15421 48.5704 0.541004 -13 2302 1 0 1
-48.1648 -39.0465 225.556 -13.7564 -9.51746 56.1782 1.78351 -13 2303 1 0 1
-1.08993 8.17029 225.556 -0.461495 1.98079 65.748 1.12917 -13 2304 1 0 1
-31.2782 11.3345 225.556 -7.87152 2.57751 50.997 1.00059 -13 2305 1 0 1
-19.3762 4.82912 225.556 -7.10427 1.89669 70.0437 4.03268 -13 2306 1 0 1
-11.7559 14.5471 225.556 -4.63192 5.62581 71.1998 1.7432 -13 2307 1 0 1
-30.1894 -17.4199 225.556 -10.5923 -4.01626 68.5141 2.35741 -13 2308 1 0 1
-3.09927 -24.099 225.556 -0.969138 -6.10377 62.0639 1.08596 -13 2309 1 0 1
-44.1097 -13.8631 225.556 -13.6661 -3.80986 61.0492 1.19841 -13 2310 1 0 1
-32.3575 34.7148 225.556 -13.8087 11.7531 77.3407 0.740823 -13 2312 1 0 1
47.3436 31.5904 225.556 11.6754 5.98603 45.9671 0.118583 -13 2313 1 0 1
-27.556 43.7633 225.556 -11.4955 14.535 76.5633 -0.0515758 -13 2314 1 0 1
19.16 -2.20081 225.556 6.4143 0.507832 73.6833 2.86599 -13 2315 1 0 1
23.1748 -33.211 225.556 7.09391 -7.8668 58.6134 1.47328 -13 2316 1 0 1
20.4182 4.70761 225.556 6.08197 1.34785 56.3944 1.81975 -13 2318 1 0 1
8.38825 -34.2524 225.556 2.28609 -6.34997 42.4183 1.06617 -13 2319 1 0 1
21.014 -23.2346 225.556 6.89511 -5.86606 66.6519 3.8416 -13 2320 1 0 1
-19.8093 -7.50275 225.556 -8.22963 -2.56469 76.1119 1.58237 -13 2321 1 0 1
-23.4262 39.4202 225.556 -8.90378 11.9773 71.6467 -1.1646 -13 2322 1 0 1
82.4912 12.1413 225.556 21.9725 2.60343 50.7078 0.727343 -13 2323 1 0 1
-5.15458 4.12464 225.556 -2.33368 1.38235 71.0772 2.25225 -13 2324 1 0 1
-5.33046 0.846141 225.556 -2.07503 0.267276 67.7262 1.11733 -13 2325 1 0 1
81.1377 41.4703 225.556 17.8031 6.09814 40.0791 4.36844 -13 2326 1 0 1
22.8514 4.42249 225.556 6.75988 0.773437 53.7155 1.03986 -13 2327 1 0 1
49.5363 5.65461 225.556 16.5183 1.32975 67.5352 2.58137 -13 2328 1 0 1
-14.2381 -3.04088 225.556 -3.50144 -0.962032 51.8432 1.23063 -13 2329 1 0 1
-9.49774 -24.849 225.556 -4.26747 -8.03241 75.0613 3.60176 -13 2330 1 0 1
8.25651 17.3452 225.556 2.58972 6.40951 66.0917 -0.139003 -13 2331 1 0 1
-2.0257 48.0559 225.556 -0.279851 9.33811 48.5398 -0.458402 -13 2332 1 0 1
14.3368 3.02112 225.556 4.39815 1.15862 55.1103 1.43658 -13 2334 1 0 1
-33.7945 -7.09758 225.556 -8.58851 -1.85222 51.2501 1.88145 -13 2335 1 0 1
-20.7502 35.0846 225.556 -6.44587 10.0227 61.7055 2.02221 -13 2336 1 0 1
21.8908 -0.40053 225.556 6.89633 -0.231887 61.3987 -0.121727 -13 2337 1 0 1
-16.5071 34.0364 225.556 -4.77459 9.19459 58.2876 1.61627 -13 2338 1 0 1
-29.3867 56.8032 225.556 -6.42036 9.92996 43.8052 -0.690224 -13 2339 1 0 1
-4.0724 -19.3398 225.556 -2.64051 -6.8667 79.639 1.7703 -13 2340 1 0 1
19.4678 -29.6432 225.556 6.15844 -8.3185 64.5355 3.33926 -13 2341 1 0 1
39.891 49.8068 225.556 10.9576 10.995 52.2656 1.44748 -13 2343 1 0 1
-45.2545 0.0494694 225.556 -17.9793 0.951491 75.7626 1.02811 -13 2344 1 0 1
-22.4167 17.7297 225.556 -6.71368 4.94135 59.427 2.56514 -13 2345 1 0 1
-23.4795 -8.98731 225.556 -7.48175 -1.54011 62.8637 0.827785 -13 2346 1 0 1
13.1619 -6.13026 225.556 3.91768 -2.02545 52.9422 3.66247 -13 2348 1 0 1
-55.6084 6.56424 225.556 -9.2957 0.693238 31.2579 4.07348 -13 2349 1 0 1
16.1992 0.794848 225.556 5.022 0.424996 55.8288 1.20239 -13 2350 1 0 1
-15.3493 -10.9535 225.556 -5.73671 -2.65952 69.6077 -0.0310971 -13 2351 1 0 1
-25.4935 12.7458 225.556 -8.90253 3.79908 67.3203 1.57969 -13 2352 1 0 1
-77.118 -14.8397 225.556 -20.7328 -3.98905 52.1887 0.734976 -13 2353 1 0 1
-19.2483 36.0314 225.556 -5.40793 8.83829 56.7167 3.2664 -13 2354 1 0 1
-8.24285 -35.0535 225.556 -3.12833 -10.7284 68.315 0.181645 -13 2355 1 0 1
-6.35138 43.2188 225.556 -2.50781 12.8614 68.9869 3.44875 -13 2356 1 0 1
-18.6389 26.1655 225.556 -5.26983 6.36673 56.812 0.187383 -13 2357 1 0 1
12.5407 10.6081 225.556 3.98732 2.77805 59.1205 0.256682 -13 2358 1 0 1
43.108 -39.6522 225.556 9.94281 -6.56131 41.6178 2.12804 -13 2359 1 0 1
-30.4725 -10.9765 225.556 -11.8299 -3.23152 73.4844 0.468705 -13 2360 1 0 1
-20.3924 -24.1156 225.556 -5.97972 -5.75204 59.9177 1.67767 -13 2361 1 0 1
-47.8206 -8.04112 225.556 -11.9106 -1.40272 49.145 1.31925 -13 2362 1 0 1
-18.4405 16.0595 225.556 -6.54905 5.00749 67.8031 0.363114 -13 2363 1 0 1
-3.79855 -7.36567 225.556 -2.03498 -2.00138 75.6973 2.73396 -13 2364 1 0 1
1.35386 -14.2366 225.556 0.164534 -3.35787 68.1592 3.95952 -13 2365 1 0 1
12.8792 17.1454 225.556 4.21048 4.80929 74.8059 1.89263 -13 2366 1 0 1
-23.4482 7.11978 225.556 -8.78815 2.58102 71.2948 1.01723 -13 2367 1 0 1
21.2798 17.3608 225.556 7.07135 5.13139 70.3084 1.54299 -13 2368 1 0 1
-11.0969 8.74958 225.556 -3.12908 2.36751 59.592 1.21911 -13 2369 1 0 1
50.8366 -1.96181 225.556 17.2159 0.63189 68.9951 1.54875 -13 2370 1 0 1
17.3681 20.8375 225.556 5.64297 5.26419 63.7788 0.277067 -13 2371 1 0 1
-30.4075 13.9508 225.556 -11.8971 4.97367 74.8706 4.21949 -13 2372 1 0 1
11.2755 44.874 225.556 3.43345 12.7837 69.4603 2.18738 -13 2373 1 0 1
-42.8812 -2.09005 225.556 -16.4922 -0.720473 73.3667 2.98274 -13 2374 1 0 1
5.09714 -43.5232 225.556 1.58969 -8.95927 50.5045 1.55684 -13 2375 1 0 1
19.5544 17.1078 225.556 6.25849 4.21272 63.486 0.461586 -13 2376 1 0 1
-6.55988 -2.77812 225.556 -2.43846 -1.35198 69.3292 2.27611 -13 2377 1 0 1
33.9752 36.9961 225.556 11.8212 11.7741 74.5071 2.2225 -13 2378 1 0 1
7.28937 -44.6356 225.556 2.01766 -13.3772 69.2197 3.85214 -13 2379 1 0 1
-14.9427 -12.687 225.556 -5.67442 -3.84344 70.6709 0.867152 -13 2380 1 0 1
-52.8005 10.5103 225.556 -12.82 2.31471 47.5385 1.31477 -13 2381 1 0 1
-18.229 -4.45164 225.556 -4.59794 -0.87705 52.8264 1.45345 -13 2382 1 0 1
4.61158 52.8504 225.556 1.33381 13.3247 61.0608 0.180892 -13 2383 1 0 1
-12.7484 27.6127 225.556 -4.94197 7.74468 71.1221 1.7467 -13 2384 1 0 1
-5.15457 -20.0733 225.556 -0.972004 -3.24651 49.575 2.3249 -13 2385 1 0 1
28.9263 -19.5056 225.556 6.35107 -2.84231 40.3185 0.300915 -13 2386 1 0 1
-7.46218 -9.84163 225.556 -3.40258 -2.90084 74.7567 3.73926 -13 2387 1 0 1
-44.7752 17.4013 225.556 -17.8619 5.67303 75.6569 1.21446 -13 2388 1 0 1
3.24661 -21.5551 225.556 0.992243 -5.99772 61.4292 -0.780492 -13 2389 1 0 1
30.6903 -5.23606 225.556 9.99371 -1.5244 66.1224 -0.397785 -13 2390 1 0 1
67.3171 -25.555 225.556 18.2916 -5.77993 51.95 2.15145 -13 2391 1 0 1
-78.6666 -14.5779 225.556 -25.9095 -3.19306 63.7852 0.946799 -13 2392 1 0 1
-14.2776 -3.47756 225.556 -5.29875 -0.572301 69.5107 0.64286 -13 2393 1 0 1
21.0096 11.8672 225.556 6.92983 3.60668 66.853 2.18657 -13 2394 1 0 1
17.1412 14.4042 225.556 5.60746 4.37779 70.5174 2.28791 -13 2395 1 0 1
-0.68097 1.66662 225.556 -0.103845 1.02075 60.4624 3.91237 -13 2396 1 0 1
4.39047 -6.63235 225.556 0.886377 -2.59093 74.8368 0.236277 -13 2397 1 0 1
-55.4649 2.52074 225.556 -12.6429 -0.578164 45.0763 1.89563 -13 2398 1 0 1
30.2526 0.0680713 225.556 8.78995 0.204088 56.5354 2.05497 -13 2399 1 0 1
-33.0522 -8.78963 225.556 -9.43783 -2.11384 57.4519 1.92576 -13 2400 1 0 1
-36.2748 13.2012 225.556 -7.20929 2.1515 38.7457 0.55343 -13 2401 1 0 1
-48.7519 24.2699 225.556 -14.0197 5.96811 57.0511 3.76168 -13 2402 1 0 1
31.3069 20.0587 225.556 9.01697 4.79401 53.7316 0.895094 -13 2403 1 0 1
13.1856 38.5928 225.556 4.10912 11.1598 69.4066 2.10617 -13 2404 1 0 1
-3.27608 -19.2228 225.556 -1.28591 -5.5392 66.9869 2.60394 -13 2405 1 0 1
29.568 -10.8039 225.556 7.82542 -2.04844 48.802 0.645118 -13 2406 1 0 1
-10.6407 20.6226 225.556 -3.09637 4.82471 60.258 3.63708 -13 2407 1 0 1
-10.9131 -30.8239 225.556 -3.17962 -8.13074 59.7465 1.33379 -13 2408 1 0 1
8.31331 -12.8531 225.556 2.62043 -3.30416 67.7056 2.70312 -13 2409 1 0 1
31.7664 25.4951 225.556 10.5409 7.82991 67.5054 -0.108765 -13 2410 1 0 1
-11.9967 4.4591 225.556 -3.63815 1.37304 61.5901 0.901336 -13 2411 1 0 1
-27.6154 -26.7912 225.556 -9.38093 -7.77505 66.5133 2.65156 -13 2412 1 0 1
-43.3833 -12.6232 225.556 -17.1213 -4.04583 75.303 3.90406 -13 2413 1 0 1
-20.9264 -8.68292 225.556 -9.48439 -2.62213 78.7256 -2.00799 -13 2414 1 0 1
35.0507 4.9217 225.556 11.983 0.34003 69.4719 1.19809 -13 2415 1 0 1
-14.1475 13.6944 225.556 -5.82002 4.17372 74.2703 2.09673 -13 2416 1 0 1
-1.5349 -66.3721 225.556 -0.183277 -13.1361 49.6612 4.8548 -13 2417 1 0 1
-32.1098 -6.34741 225.556 -10.8729 -2.16637 66.2452 2.27715 -13 2418 1 0 1
-4.81085 40.0939 225.556 -1.05661 8.36328 52.2286 1.08212 -13 2419 1 0 1
-20.8022 -27.4106 225.556 -8.04529 -8.66969 72.181 -1.77997 -13 2420 1 0 1
-3.06595 44.2501 225.556 -2.51705 14.6649 78.0509 0.850576 -13 2421 1 0 1
19.7097 38.5893 225.556 6.0992 9.72527 59.0504 1.13264 -13 2422 1 0 1
-14.2839 -35.3052 225.556 -3.79795 -8.16076 55.1971 0.925512 -13 2423 1 0 1
-12.28 21.6043 225.556 -5.94232 7.46173 78.3218 0.093468 -13 2424 1 0 1
2.74532 39.6519 225.556 1.05089 6.59202 42.8398 3.52522 -13 2425 1 0 1
26.3161 20.9519 225.556 8.51274 6.22361 66.3927 1.40432 -13 2426 1 0 1
-19.1033 15.4055 225.556 -5.13095 2.83889 54.646 1.52594 -13 2427 1 0 1
13.75 -4.71947 225.556 3.6376 -0.708406 46.5821 1.03073 -13 2428 1 0 1
5.68171 23.9552 225.556 1.30444 9.23144 77.0746 -0.651631 -13 2429 1 0 1
71.7095 -48.18 225.556 17.4887 -8.81181 45.491 1.2596 -13 2430 1 0 1
-21.3256 2.52262 225.556 -8.03604 -0.261001 71.5118 3.74216 -13 2431 1 0 1
25.7352 69.9617 225.556 5.09678 8.70768 33.9142 3.55252 -13 2432 1 0 1
47.4112 -17.3695 225.556 13.3561 -4.1464 53.8424 0.476679 -13 2433 1 0 1
12.6548 8.66551 225.556 3.90538 1.65766 59.06 0.916544 -13 2434 1 0 1
-21.2494 -66.7422 225.556 -6.47927 -16.8691 60.6207 2.46013 -13 2435 1 0 1
6.60874 -5.84482 225.556 2.0002 -0.941267 64.4624 1.67491 -13 2436 1 0 1
6.50175 -12.3923 225.556 1.81812 -4.23002 69.3567 1.01765 -13 2437 1 0 1
20.9754 -11.6507 225.556 5.5604 -2.31404 47.5581 1.756 -13 2438 1 0 1
-14.9455 -9.5985 225.556 -5.94058 -3.63926 73.0952 1.57113 -13 2439 1 0 1
-60.4219 -38.3771 225.556 -19.1501 -9.20793 62.2381 2.30338 -13 2440 1 0 1
-8.74439 -14.7791 225.556 -2.14815 -3.98626 52.9968 0.516484 -13 2441 1 0 1
8.20673 21.2062 225.556 2.29457 4.66249 46.3627 1.50775 -13 2442 1 0 1
-0.534385 35.5468 225.556 0.0531962 8.09569 53.9087 2.18442 -13 2443 1 0 1
-12.1892 -33.348 225.556 -4.90377 -10.4874 71.205 1.91187 -13 2444 1 0 1
9.47529 21.9404 225.556 3.05783 6.26527 69.1705 1.78906 -13 2445 1 0 1
0.711957 -4.2392 225.556 -0.127814 -1.13136 69.1876 -0.797846 -13 2446 1 0 1
-5.14316 19.4483 225.556 -2.26162 5.97449 72.024 0.307621 -13 2447 1 0 1
-35.5912 -18.5871 225.556 -12.162 -4.99807 66.4771 0.471522 -13 2448 1 0 1
-5.94699 -31.7867 225.556 -1.92073 -8.07287 66.2444 2.48678 -13 2449 1 0 1
34.2229 -4.48427 225.556 10.8523 -1.04214 62.6064 2.59094 -13 2450 1 0 1
-25.8092 -26.5792 225.556 -8.46543 -7.02511 64.226 3.72316 -13 2451 1 0 1
3.93416 -30.1632 225.556 1.37286 -7.98788 60.2483 3.9861 -13 2452 1 0 1
9.60947 18.5364 225.556 3.07411 5.3963 64.9557 2.355 -13 2453 1 0 1
-17.6596 -41.1889 225.556 -5.18575 -11.0954 60.3813 1.11021 -13 2454 1 0 1
-2.12325 15.6605 225.556 -0.338596 3.24531 56.9109 1.10361 -13 2455 1 0 1
21.8929 3.84404 225.556 7.39515 0.713253 74.49 0.141473 -13 2456 1 0 1
-29.7519 -13.8487 225.556 -6.95806 -2.45348 46.9472 1.0471 -13 2457 1 0 1
-18.8361 -46.3267 225.556 -5.46105 -11.178 57.712 1.71538 -13 2458 1 0 1
-7.8389 -4.63133 225.556 -2.59737 -0.857194 64.9302 3.42365 -13 2459 1 0 1
8.51052 -3.82804 225.556 2.79357 -1.49668 65.293 1.73486 -13 2460 1 0 1
-6.82887 -21.7558 225.556 -2.48674 -5.27681 66.428 0.263382 -13 2461 1 0 1
-16.3559 66.5483 225.556 -4.13784 14.81 52.4249 1.1309 -13 2462 1 0 1
-19.994 58.6198 225.556 -3.7003 8.95415 37.5209 0.626529 -13 2463 1 0 1
-6.8776 2.92603 225.556 -1.47462 0.736211 52.4994 1.55632 -13 2464 1 0 1
-27.6023 86.7771 225.556 -8.00233 20.4199 57.2749 1.69624 -13 2465 1 0 1
3.03606 -23.6698 225.556 1.10123 -4.99903 50.9778 2.07519 -13 2466 1 0 1
-13.9698 27.8507 225.556 -1.73489 2.96157 26.0599 2.67426 -13 2467 1 0 1
-5.36647 5.28206 225.556 -2.08303 2.29088 68.895 1.67607 -13 2468 1 0 1
12.3243 8.95541 225.556 3.11118 1.34547 42.3058 2.03764 -13 2469 1 0 1
-43.2176 9.21139 225.556 -11.2393 1.77361 51.394 1.61696 -13 2470 1 0 1
-16.6712 17.2611 225.556 -7.32332 5.42243 76.9817 -0.677993 -13 2471 1 0 1
-31.7313 -38.1037 225.556 -11.0593 -10.7485 67.5691 3.09517 -13 2472 1 0 1
18.3118 -1.81143 225.556 4.9121 -0.778814 46.3356 1.64953 -13 2473 1 0 1
12.273 38.813 225.556 2.34624 4.86239 31.0692 5.03428 -13 2474 1 0 1
48.8592 3.64372 225.556 15.1646 0.946167 60.8919 1.69305 -13 2475 1 0 1
-27.2595 -43.4724 225.556 -7.41457 -9.91432 54.7067 1.48789 -13 2476 1 0 1
10.3133 -3.27207 225.556 3.33102 -0.586673 64.5133 0.526057 -13 2477 1 0 1
-5.09679 11.35 225.556 -1.55494 2.31039 63.9651 0.712197 -13 2478 1 0 1
-11.1155 13.043 225.556 -4.34627 4.07269 72.2458 -0.221261 -13 2479 1 0 1
-20.5732 15.9452 225.556 -4.24171 2.51364 41.7033 0.328579 -13 2480 1 0 1
-15.6797 12.3501 225.556 -6.96028 5.11379 77.1748 2.03537 -13 2481 1 0 1
28.5464 52.2853 225.556 8.94486 12.842 62.701 2.57234 -13 2483 1 0 1
-38.1978 -33.6866 225.556 -13.4465 -9.49619 68.1443 2.34004 -13 2485 1 0 1
40.4221 17.2441 225.556 12.2619 4.69903 58.05 -0.434008 -13 2486 1 0 1
-15.9549 -9.63036 225.556 -7.19999 -3.18488 78.7276 0.463678 -13 2487 1 0 1
-3.87844 -3.11041 225.556 -2.2102 -0.95661 75.9241 0.184553 -13 2488 1 0 1
-10.4001 -7.40052 225.556 -3.39334 -1.86018 64.4616 -0.375656 -13 2490 1 0 1
-11.8665 27.7948 225.556 -4.02339 7.24755 65.9414 2.79339 -13 2491 1 0 1
8.3399 -13.9023 225.556 2.65294 -3.8645 69.8073 2.4467 -13 2492 1 0 1
-40.9419 39.7886 225.556 -15.8228 12.573 74.0567 0.277224 -13 2493 1 0 1
4.74318 -16.5017 225.556 1.67613 -3.75119 56.327 -0.401418 -13 2494 1 0 1
-4.96468 4.0856 225.556 -2.08035 1.76957 70.5023 3.41439 -13 2495 1 0 1
33.95 -0.172537 225.556 7.92567 0.0481584 42.1475 2.87538 -13 2496 1 0 1
1.03151 -7.97838 225.556 -0.655722 -3.31578 80.0971 1.68761 -13 2497 1 0 1
11.7168 28.7768 225.556 3.78467 8.39211 71.9616 0.177882 -13 2498 1 0 1
-7.49036 -3.67014 225.556 -2.97059 -1.09811 70.6672 1.85669 -13 2499 1 0 1
-0.0936571 2.62165 225.556 -0.898828 0.120898 78.2049 2.2537 -13 2500 1 0 1
9.90892 14.839 225.556 2.99838 5.49792 76.0331 1.01273 -13 2501 1 0 1
-25.7229 22.1774 225.556 -7.94532 5.3749 61.3928 1.57403 -13 2502 1 0 1
20.2929 26.1427 225.556 6.61126 7.14998 66.7889 -0.873268 -13 2503 1 0 1
-12.6878 -5.29242 225.556 -4.18546 -0.649879 65.0634 1.81646 -13 2504 1 0 1
-4.16512 -58.2529 225.556 -0.803891 -11.471 48.9363 1.26954 -13 2505 1 0 1
22.6361 47.8109 225.556 6.29312 10.3791 52.0357 3.16438 -13 2506 1 0 1
57.0582 -47.541 225.556 14.468 -9.05424 47.6413 0.707458 -13 2507 1 0 1
16.7486 31.9923 225.556 5.02539 7.67323 56.3066 0.444013 -13 2508 1 0 1
-27.2872 54.385 225.556 -5.88166 9.67731 43.5742 2.79234 -13 2509 1 0 1
11.8561 -9.04031 225.556 3.84483 -2.81498 69.4097 0.820065 -13 2510 1 0 1
-69.8286 9.09583 225.556 -19.6531 1.80575 54.6869 1.40492 -13 2511 1 0 1
15.7966 -47.5932 225.556 4.58392 -11.4322 54.3814 1.836 -13 2512 1 0 1
32.3709 -22.1701 225.556 9.221 -5.74996 54.3171 1.62901 -13 2513 1 0 1
13.6196 -11.2673 225.556 4.50769 -3.56027 72.9602 1.29077 -13 2514 1 0 1
19.2949 -12.5577 225.556 6.38354 -3.97275 68.175 3.22098 -13 2515 1 0 1
-1.33156 22.3873 225.556 -0.520113 6.51718 66.1258 2.32548 -13 2516 1 0 1
-23.6704 -4.57102 225.556 -8.83354 -0.543547 71.0203 2.48265 -13 2517 1 0 1
1.85133 -50.2157 225.556 0.688742 -12.3213 61.2455 1.09624 -13 2518 1 0 1
-3.89143 -15.7026 225.556 -2.23794 -5.30347 76.3806 0.526898 -13 2519 1 0 1
-6.49521 11.5529 225.556 -2.38889 3.70103 67.4024 -0.201562 -13 2520 1 0 1
-20.7728 -27.0664 225.556 -6.91358 -7.71228 65.4515 1.72373 -13 2521 1 0 1
1.37077 7.26343 225.556 0.791438 2.10746 55.9208 1.74366 -13 2522 1 0 1
15.7794 4.53578 225.556 5.10467 1.28908 70.152 1.50945 -13 2523 1 0 1
-18.8816 31.2827 225.556 -7.41155 9.64388 72.2218 1.83814 -13 2524 1 0 1
6.92273 19.3632 225.556 2.04617 6.03827 70.668 1.62742 -13 2525 1 0 1
-5.85784 1.97738 225.556 -1.41368 0.940557 55.7579 2.76459 -13 2526 1 0 1
-7.55896 -13.9527 225.556 -2.64591 -3.30369 66.5502 -0.296061 -13 2527 1 0 1
-14.1564 26.6766 225.556 -3.61559 5.83702 54.6624 1.55648 -13 2528 1 0 1
21.2664 4.76468 225.556 7.10459 1.41941 70.1759 0.0534703 -13 2529 1 0 1
-27.3055 -12.0681 225.556 -6.87251 -2.23732 51.7432 3.66244 -13 2530 1 0 1
0.520413 -56.5379 225.556 0.00391731 -16.0403 64.5778 0.724163 -13 2531 1 0 1
14.2994 -23.0685 225.556 4.52387 -6.80468 68.3197 -0.477585 -13 2532 1 0 1
40.9334 0.772511 225.556 11.8792 -0.753983 56.8239 -0.0572888 -13 2533 1 0 1
15.8035 15.4401 225.556 5.27631 4.36189 69.8991 3.7951 -13 2534 1 0 1
-34.4103 1.30475 225.556 -9.53964 0.146047 55.3726 1.6111 -13 2535 1 0 1
61.6158 44.6392 225.556 15.5486 8.28002 47.0057 1.5551 -13 2536 1 0 1
22.0628 -27.7239 225.556 5.8823 -5.50828 47.5023 1.66645 -13 2537 1 0 1
-9.73017 9.41866 225.556 -3.81236 2.27138 71.5456 1.41624 -13 2538 1 0 1
-15.6423 6.17626 225.556 -5.58202 1.60476 68.283 2.82203 -13 2539 1 0 1
31.9111 -6.27749 225.556 10.67 -2.26195 69.0671 4.20358 -13 2542 1 0 1
-16.6827 -37.8714 225.556 -5.73334 -10.9719 66.4597 1.13084 -13 2543 1 0 1
-14.2765 -14.8952 225.556 -4.2421 -3.58485 62.3531 1.63193 -13 2544 1 0 1
3.54998 19.6321 225.556 1.15871 5.93884 68.8692 1.60705 -13 2546 1 0 1
8.99532 -4.22419 225.556 2.95639 -1.7574 69.954 1.78289 -13 2547 1 0 1
26.1931 52.1068 225.556 8.1412 13.2907 61.8411 0.912573 -13 2549 1 0 1
7.26944 39.4665 225.556 2.102 7.65265 46.6057 2.06974 -13 2551 1 0 1
41.5099 -15.5577 225.556 11.9658 -3.71685 55.0458 1.55229 -13 2552 1 0 1
-6.41496 -24.4843 225.556 -1.03745 -4.05248 44.4741 0.961214 -13 2553 1 0 1
30.4458 -17.8844 225.556 8.88232 -3.79796 56.075 0.733005 -13 2554 1 0 1
-1.95539 34.3547 225.556 -1.70017 11.8301 76.534 1.98193 -13 2555 1 0 1
21.0216 28.3494 225.556 6.02042 6.11925 53.7196 3.05489 -13 2556 1 0 1
-17.9352 17.7627 225.556 -5.33641 4.17808 59.7046 0.215904 -13 2557 1 0 1
-19.4669 34.3392 225.556 -5.62104 8.22472 57.8015 2.39903 -13 2558 1 0 1
-23.8721 21.7425 225.556 -11.1159 8.16793 79.0662 1.65397 -13 2559 1 0 1
-5.23602 13.1393 225.556 -1.14624 3.3041 54.202 1.33488 -13 2560 1 0 1
-22.4762 -8.4138 225.556 -8.69177 -2.58233 72.0341 -0.243422 -13 2561 1 0 1
8.06176 -26.2543 225.556 2.30802 -8.77438 74.0985 2.15806 -13 2562 1 0 1
-25.8189 34.6755 225.556 -10.7949 12.8633 76.524 3.17473 -13 2563 1 0 1
-1.30011 38.6948 225.556 -1.36804 12.8858 76.399 3.2576 -13 2564 1 0 1
17.4745 -35.5929 225.556 5.39594 -8.99989 57.8577 0.90628 -13 2565 1 0 1
31.1141 -10.6653 225.556 10.2574 -2.66856 66.9683 0.680015 -13 2566 1 0 1
-9.33731 21.0917 225.556 -2.8981 5.83187 63.0661 2.5299 -13 2568 1 0 1
56.0091 23.2788 225.556 16.8482 5.16565 59.2752 0.498613 -13 2569 1 0 1
-12.0653 -16.7828 225.556 -4.46831 -4.42982 67.5639 0.280967 -13 2570 1 0 1
3.05997 0.0956525 225.556 0.842879 0.410354 67.706 2.96364 -13 2571 1 0 1
-30.4624 -9.83145 225.556 -11.7464 -2.53016 73.0262 1.02706 -13 2572 1 0 1
-51.805 20.0772 225.556 -8.96305 1.88844 32.2423 2.85972 -13 2573 1 0 1
22.7219 -1.98841 225.556 5.43464 -0.222534 42.1151 3.6941 -13 2574 1 0 1
-57.8004 -22.248 225.556 -18.2414 -5.9182 61.7872 -0.969592 -13 2575 1 0 1
-27.0885 -16.9141 225.556 -2.9212 -0.780317 18.8012 2.98619 -13 2576 1 0 1
-12.8407 -16.7772 225.556 -5.30934 -5.51619 74.1016 2.63845 -13 2577 1 0 1
-18.7137 19.6372 225.556 -5.6249 6.0578 60.6958 1.19558 -13 2578 1 0 1
50.3262 16.5785 225.556 10.7935 1.97281 39.4036 4.49236 -13 2579 1 0 1
33.036 13.3932 225.556 11.4328 3.28033 72.1401 1.92989 -13 2580 1 0 1
22.8015 -33.7659 225.556 4.0351 -3.40295 29.4733 0.0206393 -13 2582 1 0 1
2.11684 -8.59001 225.556 0.533204 -3.7227 67.0864 2.12098 -13 2583 1 0 1
-95.6168 3.2198 225.556 -27.2604 0.532305 54.6851 0.515012 -13 2584 1 0 1
-11.2762 -19.0023 225.556 -3.27815 -4.64038 58.7139 1.61133 -13 2585 1 0 1
-13.3993 -24.4753 225.556 -4.10878 -5.98666 60.9235 0.702314 -13 2586 1 0 1
1.91897 -2.05938 225.556 0.861111 -0.467037 55.2703 -0.844392 -13 2587 1 0 1
60.8802 42.0123 225.556 12.7476 5.90909 37.9573 2.19288 -13 2588 1 0 1
15.9374 -33.1249 225.556 4.31886 -7.04694 45.5242 1.56689 -13 2589 1 0 1
5.012 -32.3065 225.556 1.52691 -9.20669 64.4149 0.815407 -13 2590 1 0 1
0.869626 31.1019 225.556 0.120111 8.59885 61.8847 -0.716001 -13 2591 1 0 1
5.26313 -23.0435 225.556 1.719 -6.95289 63.0308 1.05821 -13 2592 1 0 1
-11.6232 -24.9574 225.556 -3.99824 -7.75008 66.7999 1.41712 -13 2593 1 0 1
-20.4963 -16.6235 225.556 -7.7776 -4.72703 71.1128 3.50182 -13 2594 1 0 1
38.448 25.6904 225.556 13.7302 8.86719 77.3222 0.171522 -13 2595 1 0 1
-49.6305 18.0332 225.556 -16.8519 4.16662 66.8526 2.88174 -13 2596 1 0 1
-9.78131 8.65222 225.556 -2.2161 1.59876 50.0884 0.858044 -13 2597 1 0 1
25.0043 -21.5732 225.556 5.44015 -3.18853 38.8133 1.20071 -13 2598 1 0 1
25.7704 -63.1673 225.556 7.78132 -15.274 59.0251 2.12199 -13 2599 1 0 1
11.7498 -3.96664 225.556 3.69609 -2.13917 68.8385 1.52623 -13 2600 1 0 1
15.2921 34.9728 225.556 4.76744 9.31009 64.858 0.932037 -13 2601 1 0 1
-37.6615 -17.3731 225.556 -13.7211 -5.88282 70.5137 1.90798 -13 2602 1 0 1
29.4802 -44.0209 225.556 7.27466 -7.74587 44.8794 2.35242 -13 2603 1 0 1
-16.5499 -2.23119 225.556 -5.48723 -1.67452 65.6582 0.420227 -13 2604 1 0 1
20.4203 -7.70756 225.556 6.34906 -1.06364 60.7319 3.79332 -13 2605 1 0 1
-30.1743 1.94374 225.556 -9.67087 0.202929 63.5187 2.03508 -13 2606 1 0 1
21.2858 -48.0318 225.556 6.77695 -12.3427 62.5628 3.19075 -13 2607 1 0 1
-17.2021 -17.3276 225.556 -6.5401 -4.927 70.6512 3.42842 -13 2608 1 0 1
16.3671 -9.84826 225.556 5.41947 -3.42142 74.7031 1.29466 -13 2609 1 0 1
32.7622 16.8768 225.556 10.396 4.50736 64.0395 1.02374 -13 2610 1 0 1
1.43427 -27.4292 225.556 0.339996 -7.90764 66.8762 1.01584 -13 2611 1 0 1
-2.76936 -30.8251 225.556 -0.866285 -9.17549 63.4538 2.00675 -13 2612 1 0 1
24.4893 -19.1017 225.556 8.17111 -5.22003 68.8556 1.97043 -13 2613 1 0 1
36.765 -13.2954 225.556 9.27147 -2.66359 46.5834 3.14571 -13 2614 1 0 1
10.6416 10.0037 225.556 3.39173 2.37521 65.5941 1.25021 -13 2615 1 0 1
19.0025 42.097 225.556 5.22567 8.85635 51.8535 1.4779 -13 2616 1 0 1
-70.0185 -0.328168 225.556 -24.4425 -0.722946 67.6045 0.659396 -13 2617 1 0 1
16.2577 -66.3199 225.556 3.47535 -8.53872 35.8599 -1.39198 -13 2618 1 0 1
-2.92997 -48.1509 225.556 -0.0957245 -7.24169 38.2178 2.5888 -13 2619 1 0 1
59.9448 -31.847 225.556 16.3368 -6.86044 52.4502 3.09738 -13 2622 1 0 1
-39.3818 -1.08555 225.556 -12.9947 -0.471061 64.884 3.24712 -13 2623 1 0 1
-53.0395 -22.2598 225.556 -12.0015 -4.41378 44.2387 1.14125 -13 2624 1 0 1
-48.7214 -24.0668 225.556 -16.566 -6.72636 66.3306 0.531243 -13 2625 1 0 1
56.0531 7.18476 225.556 18.0231 2.13179 64.249 2.03753 -13 2627 1 0 1
-57.8711 21.1357 225.556 -19.3453 6.30016 65.2148 0.80911 -13 2628 1 0 1
-50.5313 10.7367 225.556 -17.5439 2.99128 67.5974 3.06516 -13 2629 1 0 1
-10.6308 66.7779 225.556 -2.59529 14.696 53.8637 0.493286 -13 2630 1 0 1
-10.604 -2.309 225.556 -5.41308 -0.759976 80.5625 1.82536 -13 2631 1 0 1
-5.56078 55.5829 225.556 -1.28069 12.4708 53.8348 1.09972 -13 2633 1 0 1
-26.6643 6.26374 225.556 -8.50222 1.83088 63.3767 2.75434 -13 2634 1 0 1
5.07628 24.9814 225.556 1.55834 5.02518 49.4286 2.20576 -13 2635 1 0 1
28.9611 45.6171 225.556 9.22175 12.7154 63.5033 0.744905 -13 2636 1 0 1
-21.8092 -23.7846 225.556 -7.81245 -7.12297 68.3305 -0.933064 -13 2637 1 0 1
-7.90954 41.8467 225.556 -4.2421 14.3319 79.399 2.95566 -13 2638 1 0 1
9.95999 87.4956 225.556 2.85212 18.8521 51.9257 1.80325 -13 2640 1 0 1
-4.05572 -15.3543 225.556 -0.659905 -2.9852 51.3625 1.51104 -13 2641 1 0 1
-19.4265 -15.0436 225.556 -6.71645 -3.92206 66.604 0.852869 -13 2642 1 0 1
-7.46012 -7.49997 225.556 -3.94188 -2.45418 77.8308 1.21903 -13 2643 1 0 1
-16.3705 -21.1621 225.556 -5.31584 -5.83616 64.7302 2.47963 -13 2644 1 0 1
5.48865 23.4512 225.556 1.64779 7.03177 72.2212 1.71157 -13 2645 1 0 1
-3.17969 5.90165 225.556 -0.492432 1.38412 48.2209 -0.469225 -13 2646 1 0 1
-5.87921 2.21179 225.556 -2.39092 0.95165 70.6099 1.25317 -13 2648 1 0 1
0.421791 20.5546 225.556 -0.637868 6.00515 76.1841 0.802101 -13 2649 1 0 1
-25.4309 -8.16161 225.556 -8.21212 -1.86718 63.9261 1.27909 -13 2650 1 0 1
-55.5514 -11.0544 225.556 -17.3722 -2.72992 61.4404 0.523192 -13 2651 1 0 1
10.8445 46.4578 225.556 3.06051 8.8431 47.7271 1.96474 -13 2652 1 0 1
9.26011 -5.91152 225.556 2.77912 -1.87945 77.3026 -0.342889 -13 2654 1 0 1
11.9542 13.2661 225.556 3.47989 3.23871 52.5539 0.47723 -13 2655 1 0 1
-7.69714 17.4441 225.556 -3.27342 5.5326 71.5521 0.197951 -13 2656 1 0 1
-42.3676 -22.135 225.556 -14.4967 -5.4555 66.2226 -0.94909 -13 2657 1 0 1
-20.5289 24.1299 225.556 -4.60819 4.94429 45.6475 2.28485 -13 2658 1 0 1
31.4995 18.6917 225.556 9.62901 4.96561 59.4038 2.89866 -13 2660 1 0 1
-12.1484 28.5509 225.556 -4.40374 9.14682 69.6436 3.80426 -13 2661 1 0 1
-11.9124 7.07962 225.556 -4.05374 2.36358 64.8763 0.5432 -13 2662 1 0 1
-5.56453 -0.496348 225.556 -1.21635 -0.142562 51.3436 2.76829 -13 2663 1 0 1
26.0827 -70.6589 225.556 7.22796 -15.177 52.0839 4.16479 -13 2664 1 0 1
5.47486 -24.626 225.556 1.87893 -6.23591 56.6592 2.84974 -13 2665 1 0 1
-12.7119 -13.688 225.556 -3.21502 -2.71872 54.6746 0.143014 -13 2666 1 0 1
-11.6419 1.96099 225.556 -5.47794 0.644479 77.3017 0.814236 -13 2667 1 0 1
-9.99402 -11.7029 225.556 -4.23216 -3.57238 74.6837 -0.53978 -13 2668 1 0 1
-30.2401 21.6898 225.556 -9.22913 5.65814 61.1451 2.40574 -13 2670 1 0 1
8.16652 -39.2736 225.556 2.51959 -9.99818 60.2771 2.21894 -13 2671 1 0 1
-23.9931 -20.0814 225.556 -9.21228 -6.95851 72.6127 1.39108 -13 2672 1 0 1
51.4839 7.82097 225.556 17.6202 0.566196 70.7261 2.30657 -13 2673 1 0 1
-5.2644 -1.88639 225.556 -2.43143 -1.29713 72.6008 -0.391548 -13 2674 1 0 1
-65.425 0.163203 225.556 -24.1753 -0.333366 71.2847 -0.172702 -13 2675 1 0 1
5.33781 -14.722 225.556 1.58911 -4.18828 58.2127 3.47767 -13 2676 1 0 1
19.3693 20.1848 225.556 5.97504 4.44609 57.185 2.23808 -13 2677 1 0 1
20.4599 -28.1035 225.556 6.7413 -8.32515 69.8616 0.309454 -13 2678 1 0 1
-30.8383 25.8453 225.556 -10.4287 6.99142 65.4766 0.649723 -13 2679 1 0 1
-12.2163 43.8887 225.556 -4.56878 12.8823 67.7473 0.290638 -13 2680 1 0 1
-18.4898 -1.45552 225.556 -6.36449 -0.759737 66.255 1.49074 -13 2681 1 0 1
60.4478 -14.7218 225.556 10.7078 -1.63306 31.081 1.71202 -13 2682 1 0 1
10.901 -10.9987 225.556 3.34506 -2.77393 76.3075 0.495974 -13 2683 1 0 1
-10.7622 12.2997 225.556 -3.2196 3.40436 61.8832 1.23714 -13 2684 1 0 1
30.1237 -0.841958 225.556 9.09049 0.0664773 57.7871 0.222574 -13 2685 1 0 1
-40.8567 8.02283 225.556 -12.8401 1.64693 62.0981 1.41441 -13 2686 1 0 1
4.54059 -11.2651 225.556 1.46938 -2.53322 60.8604 1.88682 -13 2687 1 0 1
-38.8954 -8.2423 225.556 -8.65652 -1.89163 44.2518 1.21844 -13 2688 1 0 1
-14.1186 30.1698 225.556 -5.01055 8.49879 68.2586 2.43268 -13 2689 1 0 1
11.6646 -13.941 225.556 3.79954 -3.62439 70.6504 2.73086 -13 2690 1 0 1
35.4967 -16.5528 225.556 10.6387 -3.64413 57.5983 -0.0815794 -13 2691 1 0 1
-21.2869 22.5937 225.556 -6.01239 5.53244 57.512 0.731155 -13 2692 1 0 1
11.5599 -70.8766 225.556 3.37731 -18.5174 60.2701 1.51689 -13 2693 1 0 1
-26.3666 -11.3157 225.556 -5.02214 -1.43023 38.0516 1.72472 -13 2694 1 0 1
6.56425 36.2007 225.556 1.99081 9.33191 58.9343 -0.0560236 -13 2695 1 0 1
-40.932 -46.7439 225.556 -10.4039 -10.0758 50.5209 3.98063 -13 2696 1 0 1
93.0261 -34.4181 225.556 23.5063 -6.98615 47.4721 2.89352 -13 2697 1 0 1
21.3017 38.0823 225.556 7.08311 10.9001 68.2984 -0.675287 -13 2698 1 0 1
-42.3403 2.83189 225.556 -9.45392 0.496608 44.0192 1.59408 -13 2699 1 0 1
-33.212 -30.1118 225.556 -10.3393 -7.23455 62.032 -0.0881212 -13 2700 1 0 1
-44.5666 -4.74332 225.556 -13.8165 -1.10333 61.4656 1.99833 -13 2701 1 0 1
-32.6958 -26.0232 225.556 -7.34321 -4.95489 44.7392 1.38243 -13 2702 1 0 1
-3.49167 5.00795 225.556 -1.75136 1.40647 72.0325 3.06562 -13 2703 1 0 1
-27.2531 29.991 225.556 -8.43244 8.19828 61.4017 0.897102 -13 2704 1 0 1
16.3127 -41.3032 225.556 5.2141 -10.6495 63.0473 1.15075 -13 2705 1 0 1
-28.5276 46.7375 225.556 -8.08929 10.3643 56.7055 4.24458 -13 2706 1 0 1
-26.4028 16.7401 225.556 -8.14301 4.39073 60.8213 1.13761 -13 2707 1 0 1
8.75435 -16.6453 225.556 2.63788 -6.3837 70.7726 -0.657889 -13 2708 1 0 1
-7.75028 33.3656 225.556 -3.45807 11.5668 73.495 1.69313 -13 2709 1 0 1
-35.9767 28.2556 225.556 -11.613 8.04636 63.7277 0.518976 -13 2710 1 0 1
-25.1239 -16.1896 225.556 -10.4813 -4.94241 76.9918 1.32568 -13 2711 1 0 1
15.8934 -47.4207 225.556 5.1399 -13.7186 71.9279 -0.752994 -13 2712 1 0 1
-23.4755 -32.7335 225.556 -9.97435 -10.3915 77.1499 -0.812911 -13 2713 1 0 1
-55.5805 -44.7933 225.556 -16.2691 -11.1796 57.0058 1.13173 -13 2714 1 0 1
-33.5659 -11.0175 225.556 -11.4877 -3.05101 67.5166 0.773952 -13 2715 1 0 1
-40.0721 19.7524 225.556 -9.25076 3.55455 46.4549 3.57071 -13 2716 1 0 1
8.57155 10.1059 225.556 2.71793 2.37048 66.9414 2.51876 -13 2717 1 0 1
45.941 -19.1497 225.556 13.1875 -4.4821 54.902 2.78491 -13 2718 1 0 1
-1.99903 -15.5561 225.556 -2.0731 -6.4017 80.689 1.05864 -13 2719 1 0 1
-4.71669 57.3408 225.556 -1.00027 11.4976 49.2035 1.88615 -13 2720 1 0 1
31.7856 -21.8135 225.556 9.44393 -5.10583 56.4998 -0.735326 -13 2721 1 0 1
25.2452 -13.2741 225.556 8.47298 -2.87243 70.3268 0.463207 -13 2722 1 0 1
-21.6659 6.74405 225.556 -7.66952 1.60171 69.0829 1.55435 -13 2723 1 0 1
41.5188 -33.5163 225.556 9.45666 -5.35009 41.3273 2.78907 -13 2724 1 0 1
-7.28522 -12.1729 225.556 -2.516 -3.81102 66.3444 0.536888 -13 2725 1 0 1
18.9719 16.7978 225.556 6.17429 5.3252 65.9795 0.323408 -13 2726 1 0 1
14.6231 -59.906 225.556 2.68878 -7.02736 30.0846 2.87973 -13 2727 1 0 1
-25.4213 -48.8943 225.556 -7.04933 -11.6956 55.1628 1.91325 -13 2729 1 0 1
38.3914 52.6927 225.556 11.7382 13.824 60.7248 1.80787 -13 2730 1 0 1
21.9749 17.4007 225.556 6.2732 3.86873 53.8756 2.30123 -13 2731 1 0 1
-48.9139 -30.4114 225.556 -15.6037 -8.21482 62.3782 1.38049 -13 2732 1 0 1
-57.087 -53.5187 225.556 -16.5875 -12.9301 57.0205 0.137019 -13 2733 1 0 1
-20.8234 -19.4889 225.556 -9.28596 -6.40931 79.5829 0.635583 -13 2734 1 0 1
58.5129 -9.46128 225.556 17.6688 -2.03932 59.1399 0.90179 -13 2735 1 0 1
7.87281 -15.3985 225.556 2.48033 -3.60211 65.7658 1.18619 -13 2736 1 0 1
-6.36474 -19.3418 225.556 -2.91611 -5.54905 73.6522 1.62276 -13 2737 1 0 1
3.31447 0.439078 225.556 0.940744 -0.231629 67.6498 1.94861 -13 2738 1 0 1
-9.57969 -64.4511 225.556 -2.75722 -16.0741 58.8053 1.77561 -13 2739 1 0 1
17.7202 -33.3858 225.556 5.80139 -10.1957 73.3777 2.78014 -13 2740 1 0 1
23.9626 -5.89654 225.556 7.30623 -0.66514 57.4011 1.79233 -13 2741 1 0 1
0.847358 -3.33692 225.556 0.155937 -0.371246 65.8707 1.06397 -13 2742 1 0 1
18.1736 -12.2614 225.556 5.9657 -4.12028 66.0924 2.63546 -13 2743 1 0 1
-22.3496 54.8189 225.556 -7.46362 15.5944 64.2784 0.793773 -13 2744 1 0 1
42.392 -39.8838 225.556 12.7791 -10.3086 58.8832 1.55411 -13 2745 1 0 1
24.6723 -1.04428 225.556 7.54373 -0.429099 59.2004 1.49533 -13 2747 1 0 1
-1.62847 33.3591 225.556 -1.27904 10.9442 74.0547 0.365916 -13 2748 1 0 1
-10.3225 36.0158 225.556 -5.40123 12.6627 79.1102 1.24626 -13 2749 1 0 1
-71.533 44.8097 225.556 -24.1273 11.5106 65.3008 1.6086 -13 2750 1 0 1
-62.4507 -9.69786 225.556 -18.4791 -1.93513 58.1334 1.13159 -13 2751 1 0 1
-33.0732 -8.60646 225.556 -9.67677 -2.59712 58.4196 1.21723 -13 2752 1 0 1
1.97739 6.53194 225.556 0.898797 1.30075 52.9345 1.68187 -13 2753 1 0 1
13.6319 20.9154 225.556 3.86806 4.2082 50.0037 1.61261 -13 2754 1 0 1
49.181 8.58786 225.556 11.6984 1.31534 44.5722 0.0947493 -13 2755 1 0 1
-22.4311 -3.2395 225.556 -8.94155 -0.322691 73.9227 -1.19629 -13 2756 1 0 1
4.82064 -18.8304 225.556 1.56933 -6.09049 62.9034 1.91522 -13 2757 1 0 1
17.6458 -22.7241 225.556 5.50758 -5.75937 60.435 1.19416 -13 2758 1 0 1
18.3844 18.9271 225.556 5.96618 5.65118 68.0253 2.25704 -13 2759 1 0 1
27.6639 21.9582 225.556 4.71592 2.38373 27.6658 4.41786 -13 2760 1 0 1
-19.6952 2.87746 225.556 -5.83921 1.03629 59.9289 1.35193 -13 2761 1 0 1
-27.4787 3.70777 225.556 -9.62603 1.00798 67.3781 3.17709 -13 2762 1 0 1
49.9921 -22.1011 225.556 13.2359 -4.656 49.4109 0.854831 -13 2763 1 0 1
-34.4986 16.4635 225.556 -14.9065 4.99924 79.8714 -0.26742 -13 2764 1 0 1
-40.2091 -54.4994 225.556 -11.9722 -13.044 59.0151 1.03159 -13 2765 1 0 1
-21.4669 7.02 225.556 -8.78831 0.910577 75.1011 -0.643689 -13 2766 1 0 1
32.3929 -14.563 225.556 9.39411 -3.63666 55.1267 2.08124 -13 2767 1 0 1
-0.240756 22.3982 225.556 0.360366 4.70218 49.8663 -1.11723 -13 2768 1 0 1
0.588033 20.966 225.556 0.101793 6.75109 65.9407 1.1751 -13 2769 1 0 1
-27.0882 5.36869 225.556 -8.80699 2.06425 65.2999 3.62903 -13 2770 1 0 1
92.1127 72.6596 225.556 24.3276 14.9361 50.4256 3.6817 -13 2771 1 0 1
8.8774 7.54803 225.556 2.92959 2.37213 58.0715 2.09685 -13 2772 1 0 1
-33.3212 -26.2051 225.556 -11.8981 -7.75322 68.6581 1.70517 -13 2773 1 0 1
-8.77899 -18.7987 225.556 -3.45205 -6.26935 70.4066 2.58306 -13 2774 1 0 1
-15.2465 4.80272 225.556 -4.31499 0.851153 57.7001 1.30986 -13 2775 1 0 1
-29.6214 -10.0475 225.556 -9.41443 -3.17599 63.4686 3.84167 -13 2776 1 0 1
97.8705 38.2802 225.556 27.3795 8.61988 54.0868 1.94942 -13 2777 1 0 1
22.1516 -2.61009 225.556 7.44061 -0.572006 70.1143 1.78157 -13 2778 1 0 1
-18.4351 36.7548 225.556 -6.21762 10.3424 64.6531 1.51737 -13 2780 1 0 1
-7.29349 14.6639 225.556 -2.64888 4.46314 68.2934 0.614204 -13 2781 1 0 1
-3.79648 -22.5516 225.556 -1.22152 -5.763 64.0431 2.87812 -13 2782 1 0 1
-23.9852 7.61664 225.556 -8.8632 2.83111 70.8055 0.849464 -13 2783 1 0 1
-38.2386 -26.8555 225.556 -6.266 -3.80309 31.3869 2.94633 -13 2784 1 0 1
-24.3026 -24.1128 225.556 -9.23267 -6.84428 71.3693 2.67471 -13 2785 1 0 1
1.88829 1.00813 225.556 0.803438 0.220949 58.8887 0.44972 -13 2786 1 0 1
-7.6755 0.700983 225.556 -2.74549 0.835523 68.005 1.78227 -13 2787 1 0 1
1.86882 -43.0943 225.556 0.692451 -9.88139 56.3684 2.16972 -13 2788 1 0 1
32.0513 3.76826 225.556 10.1678 0.136062 62.2023 0.617904 -13 2789 1 0 1
-25.7616 -29.9029 225.556 -6.52833 -5.47121 51.1415 1.92734 -13 2790 1 0 1
11.2071 -20.8158 225.556 3.59147 -5.08697 64.7327 0.181657 -13 2791 1 0 1
-25.6945 6.89928 225.556 -8.48416 2.6982 64.6559 0.0389087 -13 2792 1 0 1
24.7826 -32.4762 225.556 7.99035 -8.6282 64.4235 1.44826 -13 2793 1 0 1
1.79254 25.4651 225.556 0.171637 7.38774 73.2613 1.15727 -13 2794 1 0 1
14.1207 -40.714 225.556 4.46586 -9.76942 60.5366 0.799178 -13 2795 1 0 1
7.59568 -13.2207 225.556 1.51446 -1.50571 28.1334 2.82686 -13 2796 1 0 1
-21.922 17.2665 225.556 -8.00865 5.34424 69.409 1.18254 -13 2797 1 0 1
-15.628 -16.2966 225.556 -6.67273 -4.79023 75.339 1.11325 -13 2798 1 0 1
14.2228 13.3459 225.556 4.13625 2.62155 52.823 2.70374 -13 2799 1 0 1
5.72546 7.5113 225.556 1.93946 1.91677 51.3137 1.34162 -13 2800 1 0 1
-25.3494 -20.0681 225.556 -9.84725 -7.31608 73.5842 1.39605 -13 2801 1 0 1
-15.2942 18.1104 225.556 -6.03264 5.77706 72.8258 -0.37102 -13 2802 1 0 1
3.02749 18.3292 225.556 -0.00910374 6.89836 80.2593 2.4518 -13 2804 1 0 1
-12.9043 -22.2297 225.556 -5.37226 -7.56669 73.3941 2.89215 -13 2805 1 0 1
67.7175 3.58761 225.556 19.6049 0.521785 55.741 2.25381 -13 2806 1 0 1
4.43172 69.2941 225.556 1.16702 19.7629 67.3828 1.81362 -13 2807 1 0 1
24.5212 -6.69756 225.556 8.07664 -1.8118 69.884 1.23669 -13 2808 1 0 1
9.79702 49.5888 225.556 3.01063 10.1851 49.7982 1.12632 -13 2809 1 0 1
-14.4997 32.5109 225.556 -5.75098 10.0105 71.8553 2.25036 -13 2810 1 0 1
19.4554 -52.1612 225.556 5.59314 -11.2423 52.4767 1.25266 -13 2811 1 0 1
35.9322 13.5522 225.556 12.0303 3.33595 67.6955 1.52052 -13 2812 1 0 1
32.2361 13.1345 225.556 8.61858 3.35993 49.787 1.17435 -13 2813 1 0 1
-23.9978 -5.75664 225.556 -6.98748 -1.27799 59.1715 3.31461 -13 2814 1 0 1
-30.0762 -8.74604 225.556 -10.2986 -2.31273 66.2879 3.07476 -13 2815 1 0 1
-20.2305 -10.4374 225.556 -6.83392 -3.96371 65.9919 3.20563 -13 2816 1 0 1
35.3333 20.6967 225.556 11.7064 5.6065 67.4904 0.487054 -13 2817 1 0 1
59.4405 14.7633 225.556 19.7447 5.31455 67.4821 1.87939 -13 2818 1 0 1
14.8061 21.0078 225.556 4.83506 6.69457 75.3047 1.42023 -13 2820 1 0 1
-6.29326 19.1253 225.556 -2.98335 7.04341 74.8039 3.70308 -13 2821 1 0 1
-9.93053 38.5847 225.556 -2.84943 10.3293 59.0179 -0.352263 -13 2822 1 0 1
11.2983 35.7883 225.556 3.40362 12.4072 76.1848 2.31721 -13 2823 1 0 1
30.4177 -22.0418 225.556 9.48689 -5.52955 62.4648 0.0875805 -13 2824 1 0 1
44.0492 23.0482 225.556 13.5435 5.56355 60.4673 2.12387 -13 2825 1 0 1
31.7028 -28.9933 225.556 4.58013 -2.29821 24.4712 1.59504 -13 2826 1 0 1
33.9909 2.24562 225.556 11.5928 0.643817 71.187 2.03768 -13 2827 1 0 1
-16.7792 -21.7364 225.556 -5.92203 -6.14581 68.7522 2.36099 -13 2828 1 0 1
78.6615 32.5604 225.556 22.7679 7.5243 55.7632 -0.963463 -13 2829 1 0 1
34.401 -32.9654 225.556 11.6591 -10.3365 69.5219 1.40715 -13 2830 1 0 1
-30.0495 5.58318 225.556 -12.9138 2.81257 79.1549 1.02605 -13 2831 1 0 1
4.30625 -5.79863 225.556 1.52766 -1.48673 61.5245 2.76431 -13 2832 1 0 1
-30.0914 -3.14405 225.556 -10.8121 -1.88902 68.9505 0.901985 -13 2833 1 0 1
4.28537 -3.2349 225.556 1.07504 -0.588972 72.0289 0.284878 -13 2834 1 0 1
6.97592 8.92824 225.556 2.12613 2.76456 68.9364 2.86729 -13 2835 1 0 1
-26.4933 7.40477 225.556 -5.94281 1.15421 45.575 0.533269 -13 2836 1 0 1
-5.49191 32.8057 225.556 -1.83851 8.08215 63.8361 1.13498 -13 2837 1 0 1
19.3984 -3.90667 225.556 6.05154 -1.63758 79.4431 3.57568 -13 2838 1 0 1
2.39342 -1.38326 225.556 0.569132 0.416014 65.9199 0.257372 -13 2839 1 0 1
105.702 -29.8085 225.556 20.7935 -4.59299 34.7878 2.60187 -13 2840 1 0 1
24.8242 15.267 225.556 6.93065 3.67075 51.1204 1.40275 -13 2841 1 0 1
0.430544 0.368674 225.556 0.433575 0.650212 54.9898 1.05216 -13 2842 1 0 1
-42.4008 -11.3129 225.556 -13.1991 -1.90117 61.2797 2.61143 -13 2843 1 0 1
70.0858 -3.63896 225.556 23.7116 -1.37885 68.6064 3.84508 -13 2844 1 0 1
25.5849 -15.4786 225.556 5.02728 -1.39833 33.2148 2.70137 -13 2845 1 0 1
4.12167 14.068 225.556 1.38541 5.02682 64.7809 1.00273 -13 2846 1 0 1
10.967 0.137712 225.556 3.48616 0.0985283 64.9488 1.98395 -13 2847 1 0 1
-25.9919 -9.25017 225.556 -6.29884 -2.32497 49.4965 1.38405 -13 2848 1 0 1
-19.8977 24.9227 225.556 -5.83602 6.51559 58.7739 -0.273935 -13 2849 1 0 1
58.5217 7.00565 225.556 14.088 1.26903 44.8096 0.957091 -13 2850 1 0 1
11.373 2.55218 225.556 3.38994 1.33915 77.4562 -0.644995 -13 2851 1 0 1
49.6596 -6.72092 225.556 16.1401 -1.17266 65.2596 0.454369 -13 2852 1 0 1
-38.1762 -19.8386 225.556 -12.9875 -5.75482 66.3704 3.12964 -13 2853 1 0 1
-9.60461 14.7407 225.556 -3.80871 4.69756 71.3641 -0.613382 -13 2854 1 0 1
0.739615 -11.6565 225.556 -0.732788 -4.23594 80.4986 2.02354 -13 2855 1 0 1
3.93744 7.01035 225.556 1.24493 1.51062 65.4214 0.472223 -13 2857 1 0 1
-0.495639 -8.10936 225.556 0.0583229 -1.87781 56.2511 0.252405 -13 2858 1 0 1
36.302 15.5232 225.556 10.6183 3.72459 56.6843 2.16767 -13 2859 1 0 1
26.6727 5.29925 225.556 8.39457 1.22306 63.1883 -1.22673 -13 2860 1 0 1
10.3679 19.7517 225.556 2.98664 7.21983 78.0385 2.65906 -13 2861 1 0 1
0.484486 -13.6353 225.556 0.338999 -3.71413 61.2997 1.77007 -13 2862 1 0 1
-3.20618 13.0152 225.556 -1.27467 3.58584 67.4441 0.465195 -13 2863 1 0 1
12.3091 -22.7322 225.556 3.73843 -6.07466 59.971 0.191258 -13 2864 1 0 1
20.4504 -7.99351 225.556 5.19544 -1.44527 44.4106 0.188411 -13 2865 1 0 1
-58.9371 23.1043 225.556 -14.7147 5.12815 48.3021 0.653087 -13 2866 1 0 1
-13.4215 23.6577 225.556 -2.52999 4.15614 40.8158 0.132602 -13 2867 1 0 1
26.7122 -12.0125 225.556 8.72317 -2.92191 65.4453 3.10236 -13 2868 1 0 1
37.318 19.8595 225.556 11.5366 4.84052 60.6916 2.30969 -13 2869 1 0 1
29.9137 -29.4588 225.556 9.76946 -8.36839 66.5479 0.0760694 -13 2870 1 0 1
0.561075 8.13336 225.556 0.077819 2.58122 66.9934 0.538169 -13 2871 1 0 1
13.2507 27.5344 225.556 4.17042 6.69229 61.2324 1.73556 -13 2872 1 0 1
6.8708 25.2018 225.556 2.06994 6.6995 70.5859 -0.737209 -13 2873 1 0 1
15.7025 54.9821 225.556 4.52571 11.4167 51.232 0.97539 -13 2875 1 0 1
-69.3465 -44.681 225.556 -21.4449 -10.9807 60.1618 0.770652 -13 2876 1 0 1
-37.2276 11.4502 225.556 -15.2293 4.01776 76.9594 3.16124 -13 2877 1 0 1
0.636141 12.7985 225.556 0.428378 1.34744 32.9768 0.474932 -13 2878 1 0 1
-56.1621 12.0173 225.556 -12.902 2.35006 44.792 1.53779 -13 2879 1 0 1
-13.7582 16.6209 225.556 -4.01797 5.05248 59.5799 2.4827 -13 2880 1 0 1
26.4923 -26.755 225.556 8.30811 -6.88504 61.204 3.72965 -13 2881 1 0 1
0.317424 14.9646 225.556 0.0995647 3.88108 61.1162 1.81954 -13 2882 1 0 1
-24.1927 -22.7292 225.556 -9.16028 -6.95677 71.4035 1.41073 -13 2883 1 0 1
-24.6502 25.6403 225.556 -7.10471 6.46849 58.2981 2.27216 -13 2884 1 0 1
-14.8702 -0.223809 225.556 -3.78592 0.402249 53.5997 3.8661 -13 2885 1 0 1
95.9926 32.6169 225.556 27.1676 7.53761 54.3705 0.376346 -13 2886 1 0 1
-4.40263 -15.2249 225.556 -0.768095 -3.54325 50.3419 -0.705462 -13 2887 1 0 1
47.2561 57.4348 225.556 12.3848 11.6669 49.7606 -0.863679 -13 2888 1 0 1
-11.6979 -17.7046 225.556 -4.60302 -5.69967 71.573 0.163517 -13 2889 1 0 1
-16.7992 31.4791 225.556 -5.29262 8.5878 62.086 0.323511 -13 2890 1 0 1
-6.93033 25.8484 225.556 -3.13458 8.33788 74.2169 3.40116 -13 2891 1 0 1
17.5428 50.6716 225.556 5.07922 11.5737 53.6695 1.48548 -13 2892 1 0 1
20.7166 2.23416 225.556 3.03245 0.39682 22.6827 0.978215 -13 2893 1 0 1
52.4024 7.31753 225.556 15.6198 2.30989 57.8364 3.15291 -13 2894 1 0 1
40.2494 -10.3551 225.556 7.87164 -1.17341 34.816 2.26013 -13 2895 1 0 1
-26.1117 19.2786 225.556 -7.87698 5.7108 60.7473 1.29341 -13 2896 1 0 1
-5.26451 10.7734 225.556 -2.04462 3.18975 67.8008 2.16198 -13 2897 1 0 1
-8.91246 -30.5741 225.556 -2.71398 -8.28657 62.1952 0.879926 -13 2898 1 0 1
-18.9555 40.4666 225.556 -5.32337 8.88385 56.7856 1.29125 -13 2899 1 0 1
54.2568 -35.7102 225.556 17.6403 -9.80067 65.4237 2.81659 -13 2900 1 0 1
-10.5361 -8.51117 225.556 -4.91321 -2.83279 76.9967 0.743642 -13 2901 1 0 1
-12.0289 27.7505 225.556 -3.99983 8.54118 65.0546 3.6609 -13 2902 1 0 1
-5.93482 26.2977 225.556 -2.35606 7.60452 68.8195 -0.44028 -13 2904 1 0 1
8.53982 -7.87348 225.556 2.64785 -2.75358 72.8024 1.9315 -13 2905 1 0 1
-12.7962 23.211 225.556 -2.81134 4.43363 46.3432 3.91325 -13 2906 1 0 1
-4.0219 1.57331 225.556 -2.4568 0.280275 78.2067 1.40061 -13 2907 1 0 1
-24.1753 -46.1735 225.556 -6.17141 -10.4925 52.5738 1.64172 -13 2908 1 0 1
-24.6551 9.68838 225.556 -8.10211 2.30465 63.5652 3.06664 -13 2909 1 0 1
-15.1806 6.42175 225.556 -7.25748 3.02773 79.8356 0.417234 -13 2910 1 0 1
-33.4133 24.2037 225.556 -11.916 7.268 68.7585 4.22128 -13 2911 1 0 1
21.7615 -13.5267 225.556 6.58732 -2.73897 57.3096 1.37809 -13 2912 1 0 1
9.56158 30.3776 225.556 2.95121 10.594 75.9873 -1.01099 -13 2913 1 0 1
-53.341 22.533 225.556 -13.4574 4.83104 49.3348 1.5525 -13 2914 1 0 1
53.5393 -12.4223 225.556 17.9467 -3.80866 68.3809 1.99754 -13 2915 1 0 1
23.3066 -20.4428 225.556 7.53685 -6.32898 65.6797 1.5937 -13 2916 1 0 1
-6.13391 10.3015 225.556 -1.89354 2.70351 63.4981 4.56341 -13 2917 1 0 1
25.1741 4.28639 225.556 7.78137 1.56392 60.7141 1.02132 -13 2918 1 0 1
18.8011 13.8236 225.556 6.1568 4.02494 69.3374 1.45597 -13 2919 1 0 1
-19.9432 24.2722 225.556 -7.40517 7.66121 69.8203 1.88359 -13 2920 1 0 1
-13.477 16.7964 225.556 -5.53143 6.12559 73.3788 1.61367 -13 2921 1 0 1
39.6395 0.268415 225.556 13.1789 0.35194 68.1695 1.68697 -13 2922 1 0 1
28.3164 46.4632 225.556 9.02645 12.4234 65.1576 -1.82005 -13 2923 1 0 1
-16.3867 -3.92204 225.556 -6.07508 -1.12954 69.4591 0.902267 -13 2924 1 0 1
-1.47772 23.9654 225.556 -0.954032 7.87605 72.7715 0.720381 -13 2926 1 0 1
56.7421 5.2011 225.556 13.1432 0.956518 42.9128 2.01947 -13 2927 1 0 1
14.5226 45.2726 225.556 4.28927 10.1192 54.7006 -0.353562 -13 2928 1 0 1
15.1286 6.0256 225.556 3.31942 1.03309 35.3239 2.38665 -13 2929 1 0 1
-40.043 34.8639 225.556 -14.5413 10.6979 70.0758 -0.666726 -13 2930 1 0 1
-18.0755 39.704 225.556 -5.16479 10.0761 58.1853 2.4665 -13 2931 1 0 1
-1.23517 -6.4407 225.556 0.0494085 -1.94067 54.2997 0.195882 -13 2932 1 0 1
-33.8918 -1.91203 225.556 -10.9883 0.0762187 63.8531 1.71644 -13 2933 1 0 1
19.3525 -17.9196 225.556 6.07668 -5.64692 62.6871 3.09089 -13 2934 1 0 1
-9.37243 4.19128 225.556 -2.86491 1.6343 61.0019 1.23696 -13 2935 1 0 1
7.72065 13.7228 225.556 2.31137 4.03321 74.5957 0.452893 -13 2936 1 0 1
-11.0184 -0.216341 225.556 -2.5386 0.834827 49.5041 -0.415774 -13 2937 1 0 1
52.2784 -7.63828 225.556 12.2778 -1.215 43.5527 3.38535 -13 2938 1 0 1
10.3504 27.219 225.556 2.93104 9.77043 78.4695 0.742529 -13 2939 1 0 1
20.699 15.921 225.556 6.72932 4.07339 63.3211 0.932728 -13 2940 1 0 1
-84.7453 25.728 225.556 -28.3033 6.46862 64.7328 0.670513 -13 2941 1 0 1
12.627 6.16652 225.556 3.71024 1.214 55.3121 0.0158582 -13 2942 1 0 1
-4.23218 57.2416 225.556 -1.11098 13.1501 56.8209 1.02576 -13 2943 1 0 1
15.476 0.918072 225.556 4.91586 0.541603 61.7949 2.8654 -13 2944 1 0 1
-17.8741 -3.39909 225.556 -4.88048 -2.0795 56.5355 4.89024 -13 2945 1 0 1
-21.117 34.2916 225.556 -6.43236 9.78885 60.6048 -0.653139 -13 2947 1 0 1
-4.95347 17.4542 225.556 -0.805798 3.2035 46.3583 1.48461 -13 2948 1 0 1
-15.2929 -34.0008 225.556 -5.62986 -10.6243 68.5921 1.94723 -13 2949 1 0 1
-12.3431 -17.5014 225.556 -3.09951 -3.36938 55.3687 0.874119 -13 2950 1 0 1
25.8082 -15.1712 225.556 7.67631 -4.7235 55.6885 0.754238 -13 2951 1 0 1
-21.1072 7.44629 225.556 -6.72009 2.21409 63.3049 1.60205 -13 2952 1 0 1
-3.12738 14.8654 225.556 -1.16616 4.35674 67.6882 1.28862 -13 2953 1 0 1
-2.88709 -6.3291 225.556 -0.540983 -2.40334 57.4175 -0.312579 -13 2955 1 0 1
-9.78932 9.88103 225.556 -3.72001 2.58926 70.8764 0.863323 -13 2956 1 0 1
-11.2965 10.901 225.556 -4.33774 3.85164 69.7631 2.53452 -13 2957 1 0 1
31.0955 44.9209 225.556 9.2224 10.1596 58.3822 3.02435 -13 2958 1 0 1
27.9489 -11.7068 225.556 9.82557 -4.13273 77.5255 0.0934388 -13 2959 1 0 1
-10.3147 28.7004 225.556 -3.43991 7.2356 64.8841 1.82295 -13 2960 1 0 1
32.651 -43.2447 225.556 10.4931 -11.5588 63.429 3.74349 -13 2961 1 0 1
81.2894 -21.6814 225.556 8.59246 -0.791387 16.2108 4.09565 -13 2963 1 0 1
-50.5592 -71.3766 225.556 -11.1306 -11.7466 42.6927 0.831693 -13 2964 1 0 1
42.6014 -40.7574 225.556 9.22766 -6.3197 40.9508 3.94731 -13 2965 1 0 1
23.7414 5.56321 225.556 7.83405 1.44473 67.8245 -0.425622 -13 2966 1 0 1
-9.12405 -92.4465 225.556 -2.80759 -23.3871 59.1613 1.38852 -13 2967 1 0 1
-2.43928 -20.6395 225.556 -1.28599 -5.58926 71.662 2.57263 -13 2968 1 0 1
-28.4211 -18.1602 225.556 -9.94794 -5.45163 68.1944 2.88818 -13 2969 1 0 1
55.0513 -22.3639 225.556 17.8527 -6.25216 65.1781 0.853579 -13 2970 1 0 1
-20.7347 -17.3942 225.556 -8.07544 -5.78867 73.0126 0.150858 -13 2971 1 0 1
18.3857 -5.03553 225.556 6.15985 -1.62612 69.577 2.61385 -13 2972 1 0 1
-15.8298 -3.33321 225.556 -7.62609 -1.29568 78.4805 2.09945 -13 2973 1 0 1
-3.45542 100.933 225.556 -0.153921 3.3111 14.753 4.83979 -13 2974 1 0 1
-15.7231 -17.1856 225.556 -5.69902 -6.25442 68.924 1.90376 -13 2975 1 0 1
0.762495 -22.6294 225.556 0.127479 -6.49965 64.6339 2.10935 -13 2976 1 0 1
37.5648 -38.6257 225.556 11.9716 -10.8274 62.7983 2.2667 -13 2977 1 0 1
-23.7766 26.5204 225.556 -5.9673 4.97944 51.6974 3.15488 -13 2978 1 0 1
16.9484 -40.3243 225.556 5.24805 -9.71168 59.7088 0.597382 -13 2979 1 0 1
-28.4167 14.2591 225.556 -7.4658 3.13981 52.6473 1.08013 -13 2980 1 0 1
16.6611 -2.25636 225.556 5.0923 -0.95163 56.1756 3.80976 -13 2981 1 0 1
8.42563 -3.71763 225.556 2.67695 -0.999359 67.2541 0.13559 -13 2982 1 0 1
10.2285 12.5302 225.556 3.21947 3.31892 62.5181 -0.0980207 -13 2983 1 0 1
-43.7726 -2.01617 225.556 -17.0455 -0.00385003 74.7834 2.10257 -13 2984 1 0 1
15.56 -19.0959 225.556 4.33257 -4.01684 49.0107 0.816918 -13 2985 1 0 1
46.2738 7.32475 225.556 13.2503 2.10558 54.7885 2.47004 -13 2986 1 0 1
-25.9223 35.3735 225.556 -10.249 11.6592 74.0244 0.883458 -13 2987 1 0 1
59.1041 -40.6915 225.556 15.6227 -7.58052 49.5873 1.97587 -13 2988 1 0 1
20.5119 -1.84667 225.556 6.83486 -0.625015 68.7304 0.714771 -13 2989 1 0 1
-26.4497 -14.9198 225.556 -8.44192 -4.45551 63.3904 0.535768 -13 2990 1 0 1
4.86502 0.963075 225.556 1.31197 -0.0305097 71.7975 1.29468 -13 2991 1 0 1
-34.4884 -0.219473 225.556 -12.7143 0.752488 70.6891 1.06121 -13 2992 1 0 1
-14.5911 -0.679925 225.556 -5.968 -0.501713 74.3056 -0.194566 -13 2993 1 0 1
-10.0725 13.9537 225.556 -3.09253 3.27452 62.9438 2.3607 -13 2994 1 0 1
1.21276 -21.2381 225.556 -0.475409 -7.01151 77.2043 0.142665 -13 2995 1 0 1
0.0571269 -24.6103 225.556 0.144988 -5.68346 58.683 0.452326 -13 2996 1 0 1
-40.5924 -2.0674 225.556 -14.7 -0.649127 70.2078 0.0580384 -13 2998 1 0 1
3.20667 9.89102 225.556 0.955438 2.68737 66.0177 1.09474 -13 2999 1 0 1
5.72832 8.91004 225.556 1.5077 2.54875 73.7536 3.23825 -13 3000 1 0 1
-8.26807 -2.87118 225.556 -3.00052 -1.85545 67.9812 1.46575 -13 3001 1 0 1
-46.9424 24.1777 225.556 -18.982 7.96174 76.82 1.92211 -13 3002 1 0 1
-104.751 37.132 225.556 -20.5176 4.90762 35.8436 1.66948 -13 3003 1 0 1
-21.0029 50.3928 225.556 -7.3197 14.3828 65.8882 3.03244 -13 3004 1 0 1
8.78704 -0.77122 225.556 2.83082 -0.0185494 67.8669 0.544595 -13 3005 1 0 1
-23.837 15.4278 225.556 -8.09475 4.74465 66.1048 3.2529 -13 3006 1 0 1
-48.3004 13.9275 225.556 -17.2825 4.79703 69.3337 0.5776 -13 3007 1 0 1
67.1151 -15.44 225.556 17.3271 -3.48942 48.6591 0.633713 -13 3008 1 0 1
-7.29805 2.74193 225.556 -3.09903 1.04006 72.8856 -0.853092 -13 3009 1 0 1
9.58343 40.3816 225.556 2.94469 9.95267 55.6629 1.74783 -13 3010 1 0 1
4.1426 4.39568 225.556 1.27517 1.40904 63.2049 -0.512887 -13 3011 1 0 1
-1.83145 -43.9456 225.556 -0.415618 -9.84468 55.4576 4.21331 -13 3012 1 0 1
39.6878 -28.905 225.556 11.5475 -6.51135 56.2058 1.76446 -13 3013 1 0 1
8.5971 -11.0931 225.556 2.59363 -3.3687 74.0629 0.454662 -13 3014 1 0 1
38.1863 -31.7475 225.556 13.3553 -9.5227 74.5327 2.82676 -13 3015 1 0 1
-23.408 -20.0017 225.556 -5.87879 -3.8536 51.6705 3.17134 -13 3016 1 0 1
-12.0165 9.76192 225.556 -4.76949 2.20237 70.9851 0.99516 -13 3017 1 0 1
-20.6687 37.7224 225.556 -5.97466 9.52989 57.6999 3.82005 -13 3018 1 0 1
31.6645 1.93379 225.556 10.6528 0.539976 69.7943 3.12098 -13 3020 1 0 1
21.19 16.212 225.556 7.03172 6.04243 68.4254 0.669246 -13 3021 1 0 1
22.8493 9.50861 225.556 6.72213 1.89986 56.201 0.751807 -13 3022 1 0 1
-1.30858 29.9377 225.556 -0.321253 7.0095 61.5536 1.25026 -13 3023 1 0 1
29.888 5.03469 225.556 6.16371 0.577222 35.8193 4.42672 -13 3024 1 0 1
28.401 -33.3305 225.556 5.79641 -5.01112 36.4144 3.12022 -13 3025 1 0 1
19.2495 24.7182 225.556 6.08186 6.97927 61.1416 0.322434 -13 3026 1 0 1
-43.4234 27.8576 225.556 -14.4298 7.61833 64.619 3.08851 -13 3027 1 0 1
-21.0116 23.2224 225.556 -4.24928 3.67991 41.697 -0.716747 -13 3028 1 0 1
44.3091 -31.0292 225.556 14.6326 -9.31444 66.996 0.173104 -13 3029 1 0 1
4.85282 22.2595 225.556 1.51789 4.27394 50.8786 1.85508 -13 3030 1 0 1
69.9937 -38.6425 225.556 15.4463 -5.58739 40.1098 1.92306 -13 3031 1 0 1
-26.6765 9.43362 225.556 -8.80163 2.2093 65.547 1.65821 -13 3032 1 0 1
-21.2709 -23.8786 225.556 -6.92548 -6.21651 64.3756 -1.39305 -13 3033 1 0 1
50.7004 -37.1777 225.556 13.6364 -7.49958 51.3744 2.05789 -13 3034 1 0 1
8.48199 1.19408 225.556 2.73414 0.26273 63.5566 4.38495 -13 3035 1 0 1
-42.8394 -32.6791 225.556 -13.2963 -8.26276 61.2101 1.62279 -13 3036 1 0 1
-16.4771 -3.01817 225.556 -5.40793 -0.491147 64.2625 2.55731 -13 3037 1 0 1
-12.0623 -10.9203 225.556 -3.95096 -2.35144 64.8193 1.34434 -13 3038 1 0 1
8.52367 25.3377 225.556 2.74915 6.11113 60.7084 0.768022 -13 3039 1 0 1
13.8854 2.75217 225.556 4.45895 -0.745442 66.2747 1.01129 -13 3040 1 0 1
37.4491 9.21912 225.556 9.75933 1.9688 49.1683 1.06493 -13 3041 1 0 1
-29.8315 -10.0973 225.556 -13.0669 -3.84533 80.105 1.68954 -13 3042 1 0 1
37.2043 4.18621 225.556 11.0981 1.95801 58.534 1.43664 -13 3043 1 0 1
-13.1865 -42.9703 225.556 -3.68743 -9.96091 58.4082 1.92658 -13 3044 1 0 1
43.6252 -43.2048 225.556 13.7853 -11.1202 62.8065 -0.366144 -13 3045 1 0 1
-2.23711 -22.1103 225.556 -1.5432 -7.11948 75.0796 -0.313027 -13 3046 1 0 1
8.04746 -17.7122 225.556 2.69331 -4.1836 61.5741 1.42605 -13 3047 1 0 1
21.2599 -20.2914 225.556 6.80103 -4.3318 61.6941 1.27427 -13 3048 1 0 1
1.24114 48.5851 225.556 0.471888 3.63344 22.2465 2.84039 -13 3049 1 0 1
11.1343 11.7536 225.556 3.46974 3.07874 76.2153 -0.223117 -13 3050 1 0 1
0.691916 -15.2688 225.556 0.446779 -3.95002 60.635 0.915462 -13 3051 1 0 1
5.83227 7.3648 225.556 1.67153 3.32748 71.9207 0.13937 -13 3052 1 0 1
45.0628 6.5464 225.556 13.702 1.51001 59.2774 0.719172 -13 3053 1 0 1
10.0748 29.9206 225.556 3.03355 9.08523 66.1485 1.50534 -13 3054 1 0 1
6.48759 11.9322 225.556 2.05404 2.70404 65.0344 3.39494 -13 3055 1 0 1
-65.3823 -51.5263 225.556 -19.034 -12.3738 56.6273 0.902693 -13 3056 1 0 1
-22.5992 -26.76 225.556 -8.23797 -7.64576 69.2251 0.11073 -13 3057 1 0 1
14.1372 9.47003 225.556 4.31657 2.10554 55.8361 1.13313 -13 3058 1 0 1
7.83543 -13.6067 225.556 2.42156 -4.67209 65.6304 1.34924 -13 3059 1 0 1
-35.2427 -3.28053 225.556 -8.78962 -0.287443 50.3228 1.98642 -13 3060 1 0 1
3.73118 14.2301 225.556 1.19118 4.05794 63.4407 3.17924 -13 3061 1 0 1
23.7073 23.5529 225.556 2.86402 1.31541 18.3329 4.46741 -13 3062 1 0 1
-14.6088 -13.2927 225.556 -5.28214 -4.24495 68.7541 0.816651 -13 3063 1 0 1
5.0669 -60.0949 225.556 1.37572 -18.4268 70.1497 0.538897 -13 3064 1 0 1
12.5628 45.15 225.556 4.01979 12.2407 66.2353 3.71265 -13 3065 1 0 1
-0.910505 -10.6044 225.556 -0.35529 -3.56449 64.0262 3.12762 -13 3066 1 0 1
-31.6133 15.4139 225.556 -11.3652 4.85193 69.4434 2.97225 -13 3067 1 0 1
-30.5397 -6.9355 225.556 -9.21217 -1.97838 59.9569 2.8225 -13 3068 1 0 1
56.6531 -28.2798 225.556 12.694 -5.45535 41.7001 2.61923 -13 3069 1 0 1
-26.3305 16.5386 225.556 -9.01925 5.30947 66.5345 2.79765 -13 3070 1 0 1
77.0281 -14.3174 225.556 8.65604 -0.832142 17.5467 4.59897 -13 3071 1 0 1
-32.3461 10.0335 225.556 -13.8329 2.7001 78.9754 1.59323 -13 3072 1 0 1
-60.5182 19.3879 225.556 -20.3348 5.23716 65.3026 0.256896 -13 3073 1 0 1
17.1178 30.6989 225.556 5.58141 9.22311 68.9108 1.35507 -13 3074 1 0 1
-6.3249 12.3953 225.556 -3.2347 4.70509 77.6769 1.91442 -13 3075 1 0 1
0.151815 21.4464 225.556 -0.513983 6.80818 73.4622 1.46847 -13 3076 1 0 1
8.45028 -14.3887 225.556 2.34307 -5.32885 77.4322 1.34823 -13 3077 1 0 1
49.8006 33.8645 225.556 12.0265 6.0303 45.2726 0.792019 -13 3078 1 0 1
7.79343 26.417 225.556 2.17331 8.96007 74.5423 -0.509951 -13 3079 1 0 1
29.7343 23.6046 225.556 9.17741 6.04886 60.4175 -0.0696797 -13 3080 1 0 1
-20.2095 -28.7035 225.556 -5.76913 -7.03834 58.5174 2.4726 -13 3081 1 0 1
7.44029 -31.5709 225.556 2.1973 -9.42561 67.2974 1.92092 -13 3082 1 0 1
35.1717 -3.18903 225.556 11.0234 -0.894908 60.9473 -0.167551 -13 3083 1 0 1
0.716241 -10.3128 225.556 0.0613808 -2.96373 69.2721 1.36284 -13 3084 1 0 1
16.9392 -15.2658 225.556 5.37694 -4.64945 67.1366 0.864975 -13 3085 1 0 1
-29.3819 2.45582 225.556 -6.58926 0.845481 44.938 1.81347 -13 3086 1 0 1
17.8035 -25.0901 225.556 5.67102 -7.6514 68.7971 1.65266 -13 3087 1 0 1
-14.8876 -69.0637 225.556 -3.80694 -14.8888 52.6567 0.812902 -13 3088 1 0 1
-1.6629 22.9889 225.556 -0.814554 7.41033 68.8453 1.66354 -13 3089 1 0 1
-37.5131 0.34373 225.556 -10.8334 0.607723 57.8704 2.16795 -13 3090 1 0 1
6.93302 -46.1902 225.556 1.8105 -15.4592 74.981 0.491717 -13 3091 1 0 1
-7.91565 42.1323 225.556 -3.37842 13.325 71.5416 1.53305 -13 3092 1 0 1
26.3361 28.6453 225.556 6.77425 5.65766 47.1645 2.00144 -13 3093 1 0 1
-26.5848 -17.2732 225.556 -9.2457 -4.98985 67.7137 0.0641958 -13 3094 1 0 1
16.7512 14.8152 225.556 5.47878 3.94192 72.4725 3.53064 -13 3095 1 0 1
12.8686 -43.8806 225.556 4.03996 -12.9436 69.8426 0.680322 -13 3096 1 0 1
40.7034 43.0753 225.556 14.1281 14.6588 73.2847 1.03575 -13 3097 1 0 1
0.275351 -19.4809 225.556 -0.136964 -5.4921 70.2077 -0.96536 -13 3099 1 0 1
5.15348 1.3521 225.556 1.69563 0.311786 57.7047 1.25923 -13 3100 1 0 1
-9.57285 18.4907 225.556 -3.54135 5.4288 69.3991 2.64441 -13 3101 1 0 1
19.824 19.0346 225.556 6.18351 4.88257 61.018 0.841818 -13 3102 1 0 1
-30.4347 -34.7747 225.556 -11.0572 -10.8175 69.8393 2.08344 -13 3103 1 0 1
-5.22899 -8.97656 225.556 -1.29541 -2.58877 57.1021 2.7179 -13 3104 1 0 1
-15.757 -8.51041 225.556 -6.3507 -2.6943 73.3249 1.27399 -13 3105 1 0 1
18.9935 5.65849 225.556 6.36377 2.29114 75.3007 1.54585 -13 3106 1 0 1
-10.1467 18.5025 225.556 -4.45106 6.64741 74.9773 2.74127 -13 3107 1 0 1
-6.66469 22.5456 225.556 -1.96782 6.3919 62.4379 1.21493 -13 3108 1 0 1
-8.56892 -1.07618 225.556 -1.59318 0.19672 44.7074 2.42464 -13 3109 1 0 1
-23.9274 9.63439 225.556 -7.87719 2.53797 65.7171 1.46067 -13 3110 1 0 1
72.0063 -58.4183 225.556 15.0219 -8.70155 37.8685 2.46945 -13 3111 1 0 1
-25.4756 -14.4979 225.556 -10.2429 -4.64518 75.3831 1.51605 -13 3112 1 0 1
13.6481 -28.9727 225.556 4.32642 -9.8018 75.0158 2.11673 -13 3113 1 0 1
-14.1192 31.1967 225.556 -4.22626 8.1653 62.4144 0.516115 -13 3114 1 0 1
-2.37964 -7.99551 225.556 -1.88737 -2.24589 77.5056 2.04245 -13 3115 1 0 1
2.81759 -2.28739 225.556 0.288242 -0.582375 77.1992 0.533851 -13 3116 1 0 1
-21.1562 33.6804 225.556 -8.75825 11.31 75.9166 0.956272 -13 3117 1 0 1
-27.27 10.7727 225.556 -10.6033 2.35618 73.5488 0.71602 -13 3118 1 0 1
-16.8395 -15.6494 225.556 -6.6416 -5.42494 72.5011 1.90512 -13 3119 1 0 1
-23.6995 -13.8994 225.556 -9.11245 -4.68898 72.5245 -1.05752 -13 3120 1 0 1
-45.0854 -64.5883 225.556 -5.42615 -4.58851 21.0806 2.67609 -13 3121 1 0 1
-10.4989 -18.9207 225.556 -4.96271 -6.43034 77.2049 1.22547 -13 3122 1 0 1
-6.93238 -119.809 225.556 -2.13103 -27.0583 56.9524 -0.975304 -13 3123 1 0 1
-37.7234 -0.233992 225.556 -12.1307 -1.2947 63.5824 1.90684 -13 3124 1 0 1
-15.4651 -25.8355 225.556 -5.2807 -6.94742 65.829 2.74857 -13 3125 1 0 1
62.9429 24.6844 225.556 18.4549 5.52466 57.3943 3.40262 -13 3126 1 0 1
-1.58745 0.799701 225.556 -0.294798 -0.0744444 58.6394 2.7347 -13 3127 1 0 1
10.8586 0.0330859 225.556 3.47594 -0.392994 70.4943 3.43661 -13 3128 1 0 1
16.3599 34.0907 225.556 2.79546 3.19291 28.4816 5.58926 -13 3129 1 0 1
18.1159 20.111 225.556 5.89596 5.80043 67.1959 3.38112 -13 3130 1 0 1
-6.63509 18.8089 225.556 -2.00567 5.44088 63.1777 0.672027 -13 3131 1 0 1
-26.9827 -27.9851 225.556 -9.54058 -8.12325 68.1633 1.67624 -13 3132 1 0 1
5.691 -43.6288 225.556 1.85475 -9.48353 54.3617 2.13811 -13 3133 1 0 1
49.8505 -45.859 225.556 13.8212 -10.091 53.0924 3.05232 -13 3134 1 0 1
50.9031 -18.6783 225.556 13.4268 -3.45167 49.8267 1.4388 -13 3135 1 0 1
8.28839 4.53893 225.556 2.65466 1.18653 54.777 2.4309 -13 3136 1 0 1
16.2543 -77.7599 225.556 3.9305 -13.484 43.2191 3.18743 -13 3137 1 0 1
44.4849 2.35975 225.556 10.578 0.97051 44.1853 2.81435 -13 3138 1 0 1
31.7057 13.7986 225.556 9.70016 3.5644 59.8581 1.10793 -13 3139 1 0 1
44.9542 -28.9755 225.556 14.9933 -7.92773 67.7644 1.50815 -13 3140 1 0 1
45.3518 3.46045 225.556 14.0711 1.39192 60.5769 -0.914369 -13 3141 1 0 1
-0.610116 0.244521 225.556 -1.07401 0.949793 77.4582 2.59714 -13 3142 1 0 1
5.74419 39.6943 225.556 1.75742 10.3785 60.5499 2.74403 -13 3143 1 0 1
22.4932 35.1435 225.556 6.79423 7.95385 57.5451 0.815372 -13 3144 1 0 1
7.78298 36.9054 225.556 2.39084 10.761 68.3201 2.24127 -13 3146 1 0 1
-49.4164 -2.46689 225.556 -18.9967 0.0572034 73.6055 -0.810321 -13 3147 1 0 1
4.11005 22.6765 225.556 0.981181 6.33059 67.297 2.42513 -13 3148 1 0 1
-10.3285 -69.6585 225.556 -1.66705 -9.46152 35.7404 3.71241 -13 3149 1 0 1
-4.13633 28.1245 225.556 -2.12524 8.44131 73.239 0.978853 -13 3150 1 0 1
-6.50619 -45.9401 225.556 -2.02296 -12.174 63.0104 2.07531 -13 3151 1 0 1
-54.9579 23.6471 225.556 -17.8765 5.63833 63.6122 2.91061 -13 3152 1 0 1
-2.28785 -12.0354 225.556 -1.46925 -4.0244 75.2405 -1.00144 -13 3153 1 0 1
-31.6105 3.93932 225.556 -13.2086 1.36646 77.9055 1.21432 -13 3154 1 0 1
47.3531 -4.45772 225.556 14.6601 -1.35823 60.157 -0.177332 -13 3155 1 0 1
-19.0786 -0.176855 225.556 -7.62678 0.212576 73.1258 3.61156 -13 3156 1 0 1
55.4997 -19.4964 225.556 14.2746 -4.39378 48.3189 0.433194 -13 3157 1 0 1
51.3847 -2.1596 225.556 16.8673 -0.542874 65.507 2.07078 -13 3158 1 0 1
-6.58401 -37.2392 225.556 -2.35998 -11.1355 66.2351 2.45611 -13 3160 1 0 1
-4.85274 -56.8122 225.556 -1.24855 -13.9368 58.1876 2.96841 -13 3161 1 0 1
-28.1847 9.2898 225.556 -12.3987 2.72784 79.6122 2.42908 -13 3162 1 0 1
3.43738 -0.880415 225.556 0.484278 0.0921419 76.9964 1.1957 -13 3163 1 0 1
22.5475 19.2007 225.556 7.00265 5.66484 60.1993 0.653807 -13 3164 1 0 1
31.0384 38.3466 225.556 9.52171 9.26754 59.0061 3.73433 -13 3165 1 0 1
12.7093 -1.60307 225.556 4.17338 -0.254561 63.0991 1.398 -13 3166 1 0 1
-6.23339 5.9383 225.556 -3.57459 1.14694 80.565 3.03719 -13 3167 1 0 1
37.0866 9.46174 225.556 11.1532 3.21838 57.6654 2.76607 -13 3168 1 0 1
44.0397 -3.84686 225.556 14.3048 -1.16688 65.1564 1.83963 -13 3169 1 0 1
-20.2273 9.31814 225.556 -6.06486 2.65641 60.4338 -0.998653 -13 3170 1 0 1
27.4456 15.8549 225.556 8.46928 4.58776 60.7315 0.986642 -13 3171 1 0 1
-18.8989 -21.3123 225.556 -5.87243 -5.87274 62.082 -0.303183 -13 3172 1 0 1
57.9414 -6.07686 225.556 13.7224 -1.40569 43.0406 3.13353 -13 3173 1 0 1
-9.25526 2.88928 225.556 -3.76157 0.446788 72.3936 1.38434 -13 3174 1 0 1
14.1189 21.2247 225.556 4.66066 6.23494 66.8588 -1.30904 -13 3175 1 0 1
9.46199 -0.335145 225.556 2.79109 -0.600668 73.7123 1.93095 -13 3176 1 0 1
-30.4386 -2.47503 225.556 -9.4049 -0.743822 61.6525 0.479962 -13 3177 1 0 1
-15.833 -35.6492 225.556 -6.40125 -11.7428 73.4419 -0.408967 -13 3178 1 0 1
-9.75397 -35.4633 225.556 -4.76447 -12.3646 78.4058 1.29403 -13 3179 1 0 1
-19.3021 -5.32032 225.556 -8.77205 -2.7346 78.9915 0.965713 -13 3180 1 0 1
-18.3185 26.3938 225.556 -8.41117 8.69634 79.3815 2.64861 -13 3181 1 0 1
25.8728 13.3023 225.556 6.09365 2.36091 41.8486 3.81504 -13 3182 1 0 1
-7.05337 -11.7458 225.556 -3.45577 -4.20381 76.47 0.198916 -13 3183 1 0 1
57.6632 -5.96473 225.556 8.92483 -0.48436 26.5531 3.72792 -13 3184 1 0 1
-36.9135 -4.75144 225.556 -13.2549 -1.45939 69.1495 -1.07574 -13 3185 1 0 1
46.4658 9.46587 225.556 14.9699 2.46864 64.88 3.4791 -13 3186 1 0 1
-2.5601 -4.08751 225.556 -0.40314 -0.724968 54.8956 2.42281 -13 3187 1 0 1
-33.6667 15.5155 225.556 -9.56912 3.45137 56.7539 2.12854 -13 3188 1 0 1
-15.9559 -23.635 225.556 -6.87808 -7.81969 76.7199 1.66604 -13 3189 1 0 1
-22.7899 -24.2809 225.556 -10.0322 -7.86376 78.6084 2.01088 -13 3190 1 0 1
-13.7648 -18.8559 225.556 -2.77407 -3.36094 44.1258 2.37373 -13 3191 1 0 1
29.7134 -0.95051 225.556 10.0105 0.852142 69.6156 0.631271 -13 3192 1 0 1
2.49733 -11.7303 225.556 0.881208 -2.9568 59.6627 0.845265 -13 3193 1 0 1
-83.7561 -51.3627 225.556 -25.4036 -11.9912 58.5813 1.76188 -13 3194 1 0 1
-25.1617 17.4379 225.556 -7.66999 4.56955 60.5627 1.10066 -13 3195 1 0 1
-4.86914 14.8321 225.556 -2.70913 4.935 77.2391 0.696675 -13 3196 1 0 1
-23.6036 -43.0682 225.556 -6.90461 -10.7842 58.3972 1.97973 -13 3197 1 0 1
-15.4978 8.91212 225.556 -6.2488 3.83775 73.1585 0.670815 -13 3198 1 0 1
9.75896 -33.3727 225.556 3.06917 -8.63523 66.2392 -0.00126683 -13 3199 1 0 1
-0.211792 -20.1489 225.556 0.244591 -3.467 46.7035 2.72706 -13 3200 1 0 1
6.9575 -19.3126 225.556 2.22504 -4.91834 56.8305 0.873615 -13 3201 1 0 1
18.6323 -31.0429 225.556 5.60674 -7.46327 56.5757 1.05863 -13 3202 1 0 1
-12.0367 -15.882 225.556 -2.55846 -2.94659 47.9552 -0.0269806 -13 3203 1 0 1
-21.0563 -7.7344 225.556 -5.41893 -2.13493 52.2598 2.31395 -13 3204 1 0 1
22.8615 11.5806 225.556 7.16734 2.77173 60.6211 1.53115 -13 3205 1 0 1
-32.2213 6.64407 225.556 -11.241 1.93499 68.5225 1.98196 -13 3206 1 0 1
-27.4395 -34.7438 225.556 -11.652 -11.8766 77.8731 -0.349406 -13 3207 1 0 1
-26.6596 9.77238 225.556 -6.69844 2.5669 51.2004 0.782824 -13 3208 1 0 1
5.65203 -40.7417 225.556 1.51227 -6.74204 39.0465 3.59744 -13 3209 1 0 1
14.5558 -8.41614 225.556 4.54458 -2.72026 60.4704 2.28071 -13 3211 1 0 1
-55.8429 -9.00931 225.556 -20.6831 -3.02969 71.6629 -1.80677 -13 3212 1 0 1
10.6831 -38.0502 225.556 3.37134 -10.6723 70.5237 1.56048 -13 3213 1 0 1
-5.53659 -11.5962 225.556 -1.83392 -3.63916 66.2558 0.795693 -13 3214 1 0 1
-27.6659 50.6449 225.556 -10.6362 15.6559 71.9874 1.59599 -13 3215 1 0 1
10.5084 7.39926 225.556 3.1919 1.18347 53.0959 2.46439 -13 3216 1 0 1
-35.7472 6.38393 225.556 -14.2533 2.63041 75.5603 1.45668 -13 3217 1 0 1
1.148 -51.3031 225.556 0.521534 -12.4258 56.5956 2.36087 -13 3218 1 0 1
64.1528 56.4418 225.556 16.3499 10.9656 47.5685 2.51291 -13 3219 1 0 1
2.6043 25.6261 225.556 0.82035 8.27025 66.976 -0.685675 -13 3220 1 0 1
-24.3704 -11.026 225.556 -7.33933 -2.53802 59.6985 0.89974 -13 3221 1 0 1
-0.405985 -4.34081 225.556 -0.50067 -1.8283 69.9004 1.17775 -13 3222 1 0 1
-10.8484 8.01877 225.556 -3.96715 2.72907 68.806 1.57612 -13 3223 1 0 1
-15.8015 7.41605 225.556 -5.24493 1.28521 65.5269 1.58213 -13 3224 1 0 1
-26.1723 -25.4198 225.556 -8.43314 -7.27822 63.7852 3.26369 -13 3225 1 0 1
-25.3724 -11.2738 225.556 -6.92986 -2.82751 55.2789 1.52678 -13 3226 1 0 1
43.4685 -2.80154 225.556 10.3843 -0.290208 43.6535 0.137134 -13 3227 1 0 1
44.0053 5.11219 225.556 14.3213 1.52414 65.5136 1.22683 -13 3228 1 0 1
-8.14078 44.6388 225.556 -3.34403 13.1035 69.7268 -0.584553 -13 3229 1 0 1
17.3831 17.1073 225.556 5.0744 3.86122 55.7456 -0.613801 -13 3230 1 0 1
36.1307 -6.03808 225.556 12.286 -1.47849 69.6986 1.26801 -13 3231 1 0 1
8.67529 -0.109913 225.556 2.17396 -0.215003 35.5198 3.64026 -13 3232 1 0 1
11.9906 -22.4424 225.556 3.47397 -4.72722 52.4323 0.562006 -13 3233 1 0 1
-26.6857 1.33236 225.556 -9.95095 0.265258 71.1636 3.35956 -13 3234 1 0 1
71.0115 -12.8768 225.556 23.3755 -4.11956 66.7512 0.51432 -13 3235 1 0 1
-15.8947 -13.7329 225.556 -4.58474 -3.75959 59.3231 2.7805 -13 3236 1 0 1
19.4679 23.766 225.556 6.26376 6.96146 66.2043 1.64605 -13 3237 1 0 1
34.4421 39.1679 225.556 9.48838 8.88555 53.0195 1.95801 -13 3238 1 0 1
-15.1299 11.2643 225.556 -4.54678 2.66901 60.0129 1.35706 -13 3239 1 0 1
-18.9789 -48.8357 225.556 -6.75267 -12.9876 68.6384 0.667101 -13 3240 1 0 1
-29.0172 -43.168 225.556 -8.77189 -10.514 59.3735 2.14884 -13 3241 1 0 1
-31.8391 9.72879 225.556 -12.3575 2.43406 74.4187 0.9865 -13 3242 1 0 1
34.0448 15.7202 225.556 10.5245 4.46508 60.6003 1.92819 -13 3243 1 0 1
-24.4378 -19.1116 225.556 -7.79737 -4.79994 63.3851 1.07461 -13 3244 1 0 1
1.56301 -23.546 225.556 -0.0664911 -6.84483 74.8533 1.00661 -13 3246 1 0 1
15.1174 -47.0953 225.556 4.27962 -10.027 49.6405 2.56048 -13 3247 1 0 1
8.49981 -28.8007 225.556 2.40057 -9.15019 72.7034 1.41901 -13 3248 1 0 1
-12.2438 41.3637 225.556 -3.31167 9.83076 56.4766 2.83476 -13 3249 1 0 1
-26.9374 -7.93566 225.556 -10.8361 -1.99826 75.2382 0.734955 -13 3250 1 0 1
-117.531 21.0023 225.556 -6.26933 -0.243191 5.55675 11.6586 -13 3251 1 0 1
-8.68641 -27.0375 225.556 -3.36821 -8.42983 70.0282 2.27842 -13 3252 1 0 1
-55.3614 -13.9466 225.556 -15.5386 -2.8998 55.1454 1.70909 -13 3253 1 0 1
14.0212 -8.80429 225.556 4.45572 -2.22474 67.4613 1.67396 -13 3254 1 0 1
10.6223 -12.6268 225.556 3.40944 -3.19874 66.1182 4.17435 -13 3255 1 0 1
66.2017 -32.7788 225.556 19.1204 -7.62973 55.9817 -0.279349 -13 3256 1 0 1
25.5915 2.37806 225.556 8.71986 0.811225 71.8009 -0.540018 -13 3257 1 0 1
41.316 2.75959 225.556 11.8914 0.286904 55.6667 1.56487 -13 3258 1 0 1
-9.67034 15.8175 225.556 -3.51301 4.08889 67.8052 0.833017 -13 3259 1 0 1
-10.3415 1.26722 225.556 -1.75942 0.726199 36.9287 4.23886 -13 3260 1 0 1
3.37158 -52.399 225.556 1.32671 -12.7746 58.2104 2.68692 -13 3261 1 0 1
-9.06289 -4.23936 225.556 -3.91045 -1.08755 73.1898 3.87617 -13 3262 1 0 1
-4.64103 -9.55237 225.556 -1.67761 -2.62004 65.6566 0.272237 -13 3263 1 0 1
17.8857 20.8516 225.556 5.81926 6.60645 70.6901 1.48419 -13 3264 1 0 1
60.0574 18.5464 225.556 18.4576 4.80427 59.9854 1.61845 -13 3265 1 0 1
-53.2065 4.3163 225.556 -16.4902 0.478989 61.0085 2.00304 -13 3266 1 0 1
-18.8149 22.3993 225.556 -6.89852 7.69308 69.3134 -0.55114 -13 3267 1 0 1
47.9465 -49.3823 225.556 11.5631 -8.23723 44.2954 3.38666 -13 3268 1 0 1
-14.9546 -11.7187 225.556 -5.23941 -3.31734 67.4617 2.22147 -13 3269 1 0 1
5.96314 -33.5509 225.556 1.81564 -7.34057 53.1866 2.11502 -13 3270 1 0 1
13.8001 -25.6496 225.556 4.07765 -6.16395 53.9229 2.39721 -13 3271 1 0 1
-6.2986 -5.94126 225.556 -1.71356 -1.76772 58.1227 1.21257 -13 3272 1 0 1
28.4202 -23.1097 225.556 9.47736 -5.66135 67.9831 2.17187 -13 3273 1 0 1
10.0561 -8.64096 225.556 3.21279 -2.24997 61.4572 2.70058 -13 3274 1 0 1
-25.8988 -40.6634 225.556 -5.81392 -7.58407 46.5585 0.19007 -13 3275 1 0 1
-13.7594 -32.0551 225.556 -4.29361 -8.98005 62.236 2.36089 -13 3276 1 0 1
-11.1849 8.38741 225.556 -4.04256 2.81762 66.6816 0.190972 -13 3277 1 0 1
19.0996 7.25788 225.556 5.4849 1.08801 52.0455 -0.847378 -13 3278 1 0 1
-2.45797 -0.996897 225.556 -0.794956 0.0960241 62.8336 -1.17541 -13 3279 1 0 1
10.3948 -9.12598 225.556 3.30063 -2.57812 69.4986 1.10123 -13 3280 1 0 1
5.06722 -6.16985 225.556 1.80684 -0.857771 55.2766 1.65203 -13 3281 1 0 1
-18.712 -18.8416 225.556 -6.79879 -5.05029 69.2007 1.44043 -13 3282 1 0 1
25.3781 53.1037 225.556 8.01511 14.5409 62.0674 2.34227 -13 3283 1 0 1
-42.3221 19.3089 225.556 -13.0245 5.26908 61.1775 0.391313 -13 3284 1 0 1
5.04003 12.0589 225.556 1.77984 2.98897 63.5009 3.69882 -13 3285 1 0 1
26.4011 -25.5304 225.556 8.88362 -7.48251 71.5189 0.0225765 -13 3286 1 0 1
44.5973 5.0929 225.556 11.9108 1.22774 49.9954 0.0463866 -13 3287 1 0 1
39.3556 -28.6143 225.556 12.6341 -7.58987 63.9922 1.1673 -13 3288 1 0 1
-27.1574 0.0229032 225.556 -11.701 -0.276247 78.672 0.142683 -13 3289 1 0 1
38.0414 -26.4027 225.556 9.57161 -5.11958 46.3539 3.20825 -13 3290 1 0 1
65.4662 18.8875 225.556 16.2011 3.4035 46.5504 2.17486 -13 3291 1 0 1
-10.624 70.581 225.556 -2.16113 12.2907 44.4554 2.78218 -13 3292 1 0 1
-50.0112 12.203 225.556 -5.64882 1.14792 19.4871 4.12547 -13 3293 1 0 1
5.44132 -18.7489 225.556 1.64776 -5.7216 65.517 -0.696422 -13 3294 1 0 1
31.261 -12.8979 225.556 10.62 -4.0812 70.7047 3.54147 -13 3295 1 0 1
-7.73836 23.4853 225.556 -2.61134 6.85037 64.3891 3.61842 -13 3296 1 0 1
26.0915 1.99625 225.556 8.22962 0.29599 61.9931 2.23512 -13 3297 1 0 1
-24.677 -9.61671 225.556 -8.23189 -2.16238 65.7674 1.15207 -13 3298 1 0 1
-19.3783 24.5913 225.556 -7.09991 7.41921 69.8777 1.88636 -13 3299 1 0 1
0.158947 -30.3565 225.556 0.0289337 -8.15017 62.9439 1.58364 -13 3300 1 0 1
-23.3823 3.1635 225.556 -6.9233 0.578065 59.347 2.77643 -13 3301 1 0 1
-2.99713 -9.07503 225.556 -0.816153 -2.5664 61.5066 1.53039 -13 3302 1 0 1
19.0222 -1.74895 225.556 6.0256 -1.25996 59.6378 1.27513 -13 3303 1 0 1
-4.61853 20.7612 225.556 -1.06603 4.70226 57.8356 -0.206379 -13 3304 1 0 1
-8.27933 -15.8612 225.556 -3.59477 -4.93069 73.3813 -1.26749 -13 3305 1 0 1
20.0721 -36.2585 225.556 5.82734 -8.42577 53.9567 2.07833 -13 3306 1 0 1
22.3773 -7.98042 225.556 7.60366 -3.58386 78.9253 0.371946 -13 3307 1 0 1
-10.8772 4.78652 225.556 -3.95555 1.74164 68.4581 1.81114 -13 3308 1 0 1
-22.02 -21.6989 225.556 -5.02923 -4.80351 46.3807 -0.741398 -13 3309 1 0 1
15.8766 29.0028 225.556 5.08975 8.44463 66.6239 1.71017 -13 3310 1 0 1
-40.8719 -16.5745 225.556 -14.1255 -4.28666 67.5724 2.70527 -13 3311 1 0 1
6.03425 26.9297 225.556 1.51391 9.40336 75.7267 1.54873 -13 3312 1 0 1
44.908 9.27105 225.556 13.0322 2.46549 54.978 2.91824 -13 3313 1 0 1
43.2107 11.9573 225.556 9.79786 1.80557 40.7435 0.542951 -13 3314 1 0 1
-15.9322 5.35901 225.556 -4.98145 1.54667 62.5988 1.10504 -13 3315 1 0 1
-9.679 4.39426 225.556 -0.84157 0.501447 19.6709 0.675753 -13 3316 1 0 1
-16.2623 16.3155 225.556 -4.18674 3.6037 53.1191 3.03424 -13 3317 1 0 1
45.9532 -4.51279 225.556 15.1777 -1.11217 66.8745 0.345865 -13 3318 1 0 1
2.03841 -48.1523 225.556 0.442125 -13.8432 67.5794 0.159441 -13 3319 1 0 1
-7.22351 -1.84317 225.556 -2.13102 -0.962501 60.802 1.09399 -13 3320 1 0 1
18.921 18.1785 225.556 5.92784 4.21519 61.2685 0.187088 -13 3321 1 0 1
-24.4951 -3.78974 225.556 -8.67441 -0.502103 67.6033 3.13372 -13 3322 1 0 1
3.339 -11.3471 225.556 0.716034 -3.46287 72.3689 3.49709 -13 3323 1 0 1
-36.172 3.4186 225.556 -15.12 1.03355 77.3224 2.24591 -13 3324 1 0 1
-2.7384 2.53334 225.556 -0.898381 0.204425 66.3752 0.601034 -13 3325 1 0 1
30.7857 -12.0421 225.556 10.4786 -3.59268 69.3467 0.363723 -13 3326 1 0 1
-2.44797 -0.641562 225.556 -0.821524 -0.393729 65.4306 2.18678 -13 3327 1 0 1
11.667 -24.5793 225.556 3.60506 -7.1558 74.0694 2.05085 -13 3328 1 0 1
-30.9213 -12.5686 225.556 -10.7615 -3.69794 67.4225 1.22943 -13 3329 1 0 1
3.16728 -14.0475 225.556 1.20402 -2.83344 58.3161 1.93108 -13 3330 1 0 1
9.21358 -39.4429 225.556 2.90133 -11.0634 62.8215 2.14932 -13 3331 1 0 1
47.0207 -29.449 225.556 14.297 -7.23542 59.5259 2.46491 -13 3332 1 0 1
-38.6306 21.7976 225.556 -13.5412 7.40369 67.9609 2.15785 -13 3333 1 0 1
18.4742 -5.34062 225.556 5.32106 -1.73745 51.5211 -0.401753 -13 3334 1 0 1
-40.3304 -7.41107 225.556 -10.3049 -2.08794 51.3299 4.15504 -13 3335 1 0 1
14.4312 2.08146 225.556 4.79892 1.51866 70.0448 1.63401 -13 3336 1 0 1
25.0026 21.4538 225.556 7.62145 4.99725 58.2646 0.22351 -13 3337 1 0 1
2.00697 28.6753 225.556 0.606403 8.11686 63.4512 -0.72841 -13 3338 1 0 1
21.2864 -12.65 225.556 5.79725 -2.17326 48.657 -0.147602 -13 3339 1 0 1
53.482 5.9583 225.556 15.9052 2.41098 57.486 0.925503 -13 3340 1 0 1
-30.048 3.81412 225.556 -8.09266 1.30141 54.1772 1.19079 -13 3341 1 0 1
-20.0441 -1.79153 225.556 -7.78297 -0.443172 72.9485 1.25428 -13 3342 1 0 1
10.9226 -16.6742 225.556 3.59738 -5.63048 70.8174 2.6565 -13 3343 1 0 1
-16.8803 -1.54496 225.556 -5.49634 0.162933 63.5293 -0.513163 -13 3344 1 0 1
-22.2886 -28.1555 225.556 -8.70901 -9.34555 73.429 2.26638 -13 3346 1 0 1
-83.1504 -22.7279 225.556 -22.7122 -5.07897 52.9167 1.02592 -13 3347 1 0 1
6.42899 -3.83085 225.556 2.1387 -1.11901 61.5835 -0.121571 -13 3348 1 0 1
-33.4785 -11.6876 225.556 -10.0798 -3.21356 59.61 3.40288 -13 3349 1 0 1
4.04392 11.0927 225.556 1.24652 2.11712 65.3364 0.0980296 -13 3350 1 0 1
6.12095 -8.61186 225.556 1.75302 -2.34677 71.6092 0.798043 -13 3351 1 0 1
36.6495 -5.67995 225.556 11.8136 -0.808578 64.0067 -0.383619 -13 3352 1 0 1
-3.84098 26.258 225.556 -1.63175 7.23842 69.7658 0.152117 -13 3353 1 0 1
6.8118 18.8797 225.556 2.19211 4.64542 66.6777 0.499479 -13 3354 1 0 1
-14.824 -13.1376 225.556 -7.11594 -4.98899 79.5247 0.126964 -13 3355 1 0 1
-42.2313 -38.4383 225.556 -12.4873 -9.87996 58.5573 0.287254 -13 3356 1 0 1
-13.1009 -3.85416 225.556 -3.61147 -0.965684 57.3061 1.37237 -13 3357 1 0 1
20.6642 51.2907 225.556 6.83252 15.1857 70.7292 2.59804 -13 3358 1 0 1
-16.3865 -16.1705 225.556 -4.33218 -3.67731 54.6558 0.526064 -13 3360 1 0 1
23.4551 -24.2955 225.556 6.96314 -5.47061 56.5537 0.733639 -13 3361 1 0 1
40.8482 10.1827 225.556 13.5978 3.09336 68.4819 1.46804 -13 3362 1 0 1
55.2383 -51.556 225.556 15.6083 -11.271 54.955 2.09081 -13 3363 1 0 1
3.81257 -7.80554 225.556 1.08068 -2.56805 69.5768 2.8601 -13 3364 1 0 1
46.1756 32.8217 225.556 14.6123 9.43534 63.7392 1.49694 -13 3365 1 0 1
-25.4764 -3.8346 225.556 -9.67599 -0.91751 72.1564 1.92551 -13 3366 1 0 1
21.1329 -1.18397 225.556 5.98153 -0.0873757 52.0341 0.113736 -13 3367 1 0 1
-35.6818 17.8781 225.556 -13.8417 5.84044 73.638 -0.0737406 -13 3368 1 0 1
-40.4276 33.9927 225.556 -15.4062 10.7276 73.3123 1.6233 -13 3369 1 0 1
8.88136 49.1998 225.556 2.74472 13.3412 64.036 1.85855 -13 3370 1 0 1
40.6182 49.9139 225.556 9.56282 8.59209 43.6578 1.77162 -13 3371 1 0 1
58.3191 -34.9496 225.556 18.1213 -7.97285 61.7542 2.20103 -13 3372 1 0 1
17.0644 -20.3317 225.556 5.28962 -5.96386 60.4126 0.0542153 -13 3373 1 0 1
-31.9714 -2.61992 225.556 -11.9655 -0.938534 72.2368 0.364724 -13 3374 1 0 1
23.8297 -24.1691 225.556 7.66278 -7.28678 65.3094 2.49782 -13 3375 1 0 1
29.7386 -51.6996 225.556 8.73083 -12.0309 54.9004 -1.52095 -13 3376 1 0 1
-51.8511 -68.5337 225.556 -18.1484 -19.1419 67.6876 0.713742 -13 3377 1 0 1
-26.0344 29.2862 225.556 -11.3775 10.405 77.909 3.06712 -13 3378 1 0 1
5.8696 -7.34086 225.556 1.57948 -2.20894 68.6287 0.0220667 -13 3379 1 0 1
-16.4445 -49.7737 225.556 -5.97398 -13.9359 68.7984 -0.149174 -13 3380 1 0 1
12.8844 17.859 225.556 3.53912 3.64852 46.4858 0.959963 -13 3381 1 0 1
0.256219 8.48957 225.556 -0.0520549 2.32877 65.4847 0.324547 -13 3382 1 0 1
3.71254 -36.4425 225.556 1.15227 -8.72628 60.3673 1.67205 -13 3383 1 0 1
-0.60956 -6.73577 225.556 -1.33425 -2.04499 80.0564 2.09028 -13 3384 1 0 1
15.7744 -5.37521 225.556 4.98162 -1.35026 62.1523 4.78909 -13 3386 1 0 1
3.64308 -36.0144 225.556 0.887184 -11.1719 69.2124 -0.848338 -13 3387 1 0 1
-44.4434 22.8595 225.556 -15.2048 5.51589 66.8026 1.27043 -13 3388 1 0 1
8.21535 9.68812 225.556 1.74693 1.76551 34.4342 1.26639 -13 3389 1 0 1
11.4034 -34.6039 225.556 3.30483 -7.32379 51.7072 0.759161 -13 3390 1 0 1
-22.1404 -15.594 225.556 -6.14703 -3.63179 56.1604 2.819 -13 3391 1 0 1
24.6425 1.31625 225.556 8.01333 -0.564314 64.1318 3.80604 -13 3392 1 0 1
26.514 8.74919 225.556 8.75546 2.68169 68.6724 2.78804 -13 3393 1 0 1
30.322 25.3416 225.556 6.91553 4.31521 40.2861 2.5437 -13 3394 1 0 1
-19.92 6.62381 225.556 -6.73669 1.63917 65.6908 0.823973 -13 3395 1 0 1
7.15537 24.8987 225.556 2.18627 4.9841 55.8773 3.09503 -13 3396 1 0 1
3.8288 -0.295787 225.556 1.07519 1.02305 71.3482 1.69393 -13 3397 1 0 1
23.6554 0.376772 225.556 7.63064 0.00242125 62.8882 0.488755 -13 3398 1 0 1
13.1721 18.0355 225.556 3.89226 3.8598 57.6267 0.0411504 -13 3399 1 0 1
3.50158 15.1664 225.556 0.699396 4.39975 75.1447 1.43798 -13 3400 1 0 1
-2.78819 -14.4135 225.556 -0.155842 -2.55327 42.5375 0.426612 -13 3401 1 0 1
34.4637 -18.7272 225.556 9.66699 -4.30921 53.6867 2.60325 -13 3402 1 0 1
8.8784 34.8385 225.556 2.63436 10.6506 73.7761 2.31832 -13 3403 1 0 1
43.2934 -43.462 225.556 10.3998 -7.3959 43.9944 1.8363 -13 3404 1 0 1
78.9116 43.6534 225.556 21.3272 8.83078 51.5416 1.88859 -13 3405 1 0 1
13.1917 9.85288 225.556 4.27855 2.78234 64.8467 1.54447 -13 3406 1 0 1
-27.4173 32.715 225.556 -11.0622 10.7857 74.8188 0.253352 -13 3407 1 0 1
11.9175 13.6815 225.556 3.8446 3.21824 67.4935 1.64951 -13 3408 1 0 1
20.4627 9.87104 225.556 6.72102 3.05026 68.6353 1.39044 -13 3409 1 0 1
65.2884 -42.2129 225.556 19.1529 -9.50064 57.3083 -0.118579 -13 3410 1 0 1
-8.87894 32.1731 225.556 -2.80648 8.82368 61.7668 3.53075 -13 3411 1 0 1
-6.54184 -8.82258 225.556 -3.90098 -1.95015 80.2978 1.62339 -13 3412 1 0 1
3.99138 -24.4509 225.556 1.34105 -6.63976 63.0409 1.42764 -13 3413 1 0 1
-55.9736 20.6393 225.556 -22.0518 6.73466 75.2979 1.43787 -13 3414 1 0 1
-77.9641 -5.01661 225.556 -17.8784 -0.907576 43.8881 3.00446 -13 3415 1 0 1
66.5601 24.4057 225.556 20.1322 5.8971 59.6018 0.867257 -13 3416 1 0 1
-29.7562 -24.2598 225.556 -8.23874 -5.49872 55.878 0.137259 -13 3417 1 0 1
3.97536 -25.0437 225.556 1.30585 -7.72366 60.386 0.35504 -13 3418 1 0 1
30.8887 -22.4334 225.556 9.45611 -5.41629 58.7711 1.5785 -13 3419 1 0 1
22.7939 15.617 225.556 7.6913 4.9977 70.9331 2.84763 -13 3420 1 0 1
-15.8204 -35.2221 225.556 -3.42638 -7.1889 47.015 2.61581 -13 3421 1 0 1
25.8009 5.17346 225.556 5.85025 1.39477 39.9559 2.64584 -13 3423 1 0 1
-35.7724 -28.1725 225.556 -10.7927 -7.36287 59.5791 4.45948 -13 3424 1 0 1
-23.2257 -6.1339 225.556 -7.9303 -2.12001 67.0184 2.7056 -13 3425 1 0 1
53.7142 -10.3555 225.556 17.0883 -2.64441 63.5497 1.76439 -13 3426 1 0 1
-2.04031 13.9629 225.556 -0.532924 3.06347 60.2035 1.75272 -13 3427 1 0 1
-21.1699 -29.347 225.556 -6.19884 -6.99652 57.9325 1.59616 -13 3428 1 0 1
50.2281 18.3952 225.556 14.7487 4.20868 56.3614 2.66771 -13 3429 1 0 1
-14.5113 0.296132 225.556 -4.49232 -0.904171 61.3873 1.77152 -13 3430 1 0 1
-32.4565 19.826 225.556 -4.22306 1.40953 24.541 2.58361 -13 3431 1 0 1
-46.667 4.65403 225.556 -16.4322 0.778041 68.7643 2.94447 -13 3432 1 0 1
26.5139 -28.4393 225.556 8.30814 -7.51377 60.2838 1.0896 -13 3433 1 0 1
32.8003 16.4314 225.556 10.8155 4.04372 67.8272 3.13551 -13 3434 1 0 1
-38.0833 38.2983 225.556 -10.9869 9.862 56.9474 1.13935 -13 3435 1 0 1
-13.9067 7.09234 225.556 -5.60709 1.97235 73.3773 2.70655 -13 3436 1 0 1
-41.3256 11.9484 225.556 -14.6916 3.06663 69.0856 0.419724 -13 3437 1 0 1
0.492213 26.2149 225.556 0.158974 6.99324 65.6613 3.52436 -13 3438 1 0 1
-16.0098 -55.2555 225.556 -3.50506 -10.4008 46.3678 -0.152665 -13 3439 1 0 1
28.8374 -10.9855 225.556 8.78563 -2.90985 58.1765 1.12551 -13 3440 1 0 1
-35.8659 0.43359 225.556 -10.8438 -0.295005 60.362 3.12956 -13 3441 1 0 1
3.63259 -13.1513 225.556 1.21483 -2.88223 59.9459 -0.209277 -13 3442 1 0 1
-85.0087 6.322 225.556 -6.21417 -0.104004 10.1756 7.18757 -13 3443 1 0 1
-58.2561 -13.9366 225.556 -16.7545 -2.54851 56.9199 -0.302921 -13 3444 1 0 1
29.7663 -46.9027 225.556 9.00286 -11.1294 58.3397 4.64656 -13 3445 1 0 1
33.6682 33.8758 225.556 9.95428 8.79052 56.3816 1.93948 -13 3446 1 0 1
4.11274 12.1233 225.556 1.23096 3.1238 66.5604 3.31315 -13 3447 1 0 1
13.6465 -5.93496 225.556 3.50444 -1.21495 43.8567 4.04257 -13 3448 1 0 1
3.86546 39.4827 225.556 0.711627 11.8649 74.0078 2.30756 -13 3449 1 0 1
-26.7726 -21.2606 225.556 -9.71722 -6.44252 69.9123 0.118691 -13 3451 1 0 1
29.38 15.175 225.556 7.91785 2.76886 50.5186 0.941572 -13 3452 1 0 1
-1.18478 20.0148 225.556 0.0531675 4.63648 51.6224 -0.102216 -13 3453 1 0 1
1.60953 -38.9382 225.556 0.456212 -11.9496 65.1141 0.588745 -13 3454 1 0 1
13.8205 -79.6721 225.556 4.16712 -18.968 57.4733 1.76388 -13 3455 1 0 1
-13.0382 -39.064 225.556 -5.06407 -12.0176 70.4834 0.84674 -13 3456 1 0 1
-5.10088 -11.592 225.556 -1.47351 -3.16203 61.2099 1.60729 -13 3457 1 0 1
28.7309 -3.71673 225.556 9.37506 -1.63955 66.7106 3.12613 -13 3458 1 0 1
-26.9193 20.8773 225.556 -10.0015 6.54996 71.0178 2.73691 -13 3459 1 0 1
0.558389 15.1276 225.556 0.192171 3.62474 59.7261 0.18831 -13 3460 1 0 1
-45.9341 -9.74014 225.556 -18.1849 -3.02396 75.6327 2.46224 -13 3461 1 0 1
67.8273 -9.52303 225.556 16.6781 -1.48659 45.925 1.34243 -13 3462 1 0 1
14.3238 -3.08243 225.556 4.55355 -0.491764 68.1949 2.04576 -13 3463 1 0 1
36.0871 -8.39795 225.556 10.8022 -2.22643 57.2925 0.00960091 -13 3464 1 0 1
25.1867 -3.22606 225.556 7.73872 0.092956 61.1086 2.55767 -13 3465 1 0 1
14.1536 6.7026 225.556 2.46327 0.738125 27.877 1.60621 -13 3466 1 0 1
-10.4471 23.5079 225.556 -5.27719 7.96947 79.8558 0.537822 -13 3467 1 0 1
0.246727 -5.09873 225.556 0.145463 -1.28784 61.5472 -0.975134 -13 3468 1 0 1
10.5882 13.7259 225.556 1.56474 0.912906 21.1854 4.58355 -13 3469 1 0 1
69.5692 -8.12225 225.556 19.9816 -1.436 55.0733 3.58117 -13 3470 1 0 1
-27.1579 21.6867 225.556 -6.05334 4.19437 45.7236 1.93313 -13 3471 1 0 1
39.9919 -0.349967 225.556 9.76692 -0.459098 45.3703 3.42805 -13 3472 1 0 1
-29.8726 15.4378 225.556 -9.56238 4.41109 63.1145 1.03521 -13 3473 1 0 1
75.4078 36.7099 225.556 22.2613 8.19236 57.7305 2.59046 -13 3474 1 0 1
-12.1024 -23.4444 225.556 -2.8008 -4.65494 51.1564 1.42095 -13 3475 1 0 1
22.1056 3.18686 225.556 5.08254 0.722759 40.1018 1.69663 -13 3477 1 0 1
28.8658 8.92213 225.556 9.01942 2.65193 60.9316 0.420449 -13 3478 1 0 1
4.08673 9.44584 225.556 1.31311 2.62447 66.3246 2.15303 -13 3480 1 0 1
19.0084 38.3902 225.556 5.97483 9.6267 61.6058 3.37721 -13 3481 1 0 1
65.574 -55.7581 225.556 18.1351 -11.4927 53.1864 1.48848 -13 3482 1 0 1
-35.3863 -37.6437 225.556 -10.8453 -9.80157 60.8625 0.392137 -13 3483 1 0 1
23.7168 -1.12983 225.556 5.80255 0.0403143 43.899 2.52653 -13 3484 1 0 1
-23.5541 36.809 225.556 -8.90331 11.7081 71.6524 1.99346 -13 3485 1 0 1
1.18096 18.7526 225.556 0.145224 5.90252 70.0288 0.88324 -13 3486 1 0 1
-49.3554 7.9123 225.556 -10.2408 0.962334 40.35 1.33601 -13 3487 1 0 1
1.23441 -5.77292 225.556 -0.360355 -1.65396 78.1161 -0.108776 -13 3488 1 0 1
-38.8494 -47.1711 225.556 -10.8456 -10.8223 55.4481 1.46001 -13 3489 1 0 1
-26.4943 21.6412 225.556 -11.1475 8.5273 77.1147 -0.00416 -13 3491 1 0 1
-26.6637 -5.76475 225.556 -9.33057 -1.98186 68.1314 -0.129005 -13 3492 1 0 1
-0.411411 -13.0942 225.556 -0.183756 -2.57606 63.3695 0.587623 -13 3493 1 0 1
-30.0326 27.6609 225.556 -9.07664 6.53056 60.4569 1.29363 -13 3494 1 0 1
-3.23368 -16.7599 225.556 -1.14738 -5.4966 66.0092 1.44987 -13 3495 1 0 1
23.9772 4.96516 225.556 8.31308 1.64085 73.4314 -1.07502 -13 3496 1 0 1
-8.62081 21.7673 225.556 -2.68613 5.84598 62.9576 0.0614637 -13 3497 1 0 1
60.4317 7.78391 225.556 15.4673 1.13049 48.2015 1.10496 -13 3498 1 0 1
19.3793 7.25139 225.556 6.33306 2.72947 65.5379 0.472846 -13 3499 1 0 1
-26.4262 -0.0302261 225.556 -7.66772 0.254839 57.668 1.36479 -13 3500 1 0 1
3.75478 13.4689 225.556 0.661844 4.33704 75.3879 1.85967 -13 3501 1 0 1
22.8786 14.2168 225.556 6.67543 2.5916 54.5565 -1.24066 -13 3502 1 0 1
17.2223 42.3628 225.556 5.49142 11.0616 58.5831 0.660173 -13 3503 1 0 1
-19.4173 -7.65297 225.556 -6.54885 -1.84154 65.824 1.33892 -13 3504 1 0 1
-34.5773 18.0845 225.556 -14.0462 6.12243 76.2477 -1.11302 -13 3505 1 0 1
-7.88241 60.4036 225.556 -3.24844 18.2167 70.2153 0.559291 -13 3506 1 0 1
28.4789 -25.1037 225.556 9.24529 -7.05901 66.3903 1.06761 -13 3507 1 0 1
21.6872 18.1247 225.556 6.93186 4.81239 62.5362 0.73926 -13 3508 1 0 1
13.4984 12.854 225.556 4.45386 3.65124 73.2476 3.54246 -13 3509 1 0 1
28.2206 18.6411 225.556 9.17434 4.57736 65.4734 2.57896 -13 3510 1 0 1
11.9632 0.500916 225.556 3.81655 0.137359 64.8981 2.2371 -13 3511 1 0 1
6.53899 -6.59498 225.556 2.29597 -1.20215 59.5102 1.18192 -13 3512 1 0 1
-47.9195 34.3469 225.556 -15.4219 8.89024 63.0255 2.36908 -13 3513 1 0 1
-35.377 18.2797 225.556 -11.5768 5.12103 64.2477 2.21716 -13 3514 1 0 1
-18.129 13.9926 225.556 -5.73336 3.83859 62.7642 2.20117 -13 3515 1 0 1
-10.8338 -54.5982 225.556 -3.00771 -13.5472 57.0655 0.637281 -13 3517 1 0 1
27.25 -14.8148 225.556 9.19913 -4.41295 71.5629 1.46215 -13 3518 1 0 1
30.528 -5.71922 225.556 9.86339 -2.15438 64.47 0.513391 -13 3520 1 0 1
0.552429 -9.7281 225.556 0.300676 -3.00818 59.3098 0.783996 -13 3521 1 0 1
-57.6673 -52.4156 225.556 -16.2407 -12.0568 55.0423 0.774189 -13 3522 1 0 1
2.63908 -15.3899 225.556 1.02854 -2.84924 54.498 1.16326 -13 3523 1 0 1
22.7601 33.8742 225.556 7.4072 9.49413 67.1499 1.18989 -13 3524 1 0 1
-2.52415 -29.1116 225.556 -1.02133 -9.01326 66.5524 5.34869 -13 3525 1 0 1
-36.3746 16.0145 225.556 -12.2288 4.18998 65.7037 3.2828 -13 3526 1 0 1
-21.3749 27.6563 225.556 -5.16718 6.58495 49.8126 4.35776 -13 3527 1 0 1
-20.3648 33.303 225.556 -7.4163 9.88545 69.3799 0.44134 -13 3528 1 0 1
-24.2701 -27.429 225.556 -5.95756 -5.94358 50.0259 1.91857 -13 3529 1 0 1
23.1836 -15.1346 225.556 7.61263 -4.46193 68.8589 1.25865 -13 3530 1 0 1
68.8751 61.5496 225.556 21.7212 16.1548 62.6689 -0.46781 -13 3531 1 0 1
45.1812 10.0924 225.556 11.6889 2.33944 48.5624 1.52522 -13 3532 1 0 1
-6.08702 19.7497 225.556 -2.41191 5.94217 69.5698 2.46218 -13 3533 1 0 1
16.6425 -22.6826 225.556 5.23941 -5.91906 63.6024 -0.725819 -13 3534 1 0 1
-9.59518 -41.8561 225.556 -2.60672 -9.59827 55.1305 0.866343 -13 3535 1 0 1
7.90355 -17.3917 225.556 2.40381 -4.30331 69.2202 -0.729504 -13 3536 1 0 1
2.89991 3.52023 225.556 1.11872 0.402176 62.1238 0.713198 -13 3537 1 0 1
-28.401 -36.6126 225.556 -10.246 -11.2885 69.3849 0.467422 -13 3538 1 0 1
-43.2318 -8.48989 225.556 -12.8597 -1.95118 58.7254 0.273116 -13 3539 1 0 1
9.31581 59.1857 225.556 2.46622 10.3396 43.4112 4.23233 -13 3540 1 0 1
18.5877 42.5168 225.556 5.40372 9.7746 54.8152 0.589807 -13 3541 1 0 1
37.7454 37.7817 225.556 8.44754 5.80043 39.8158 1.92155 -13 3542 1 0 1
4.96501 1.05017 225.556 1.67209 0.516215 57.1152 -0.785438 -13 3543 1 0 1
-19.4983 1.54621 225.556 -5.02054 0.215302 54.2663 1.39227 -13 3544 1 0 1
-31.2155 54.5285 225.556 -9.46809 13.4719 59.704 3.16408 -13 3545 1 0 1
18.9544 11.7862 225.556 5.88888 2.93967 57.4702 -0.389962 -13 3546 1 0 1
-13.3521 -36.1245 225.556 -4.08783 -9.38051 60.9293 2.55122 -13 3547 1 0 1
26.0343 -25.9814 225.556 7.17147 -5.34746 51.8946 2.5077 -13 3548 1 0 1
39.5938 2.1725 225.556 12.1463 0.799086 59.9429 0.619784 -13 3549 1 0 1
24.3414 0.617996 225.556 8.335 0.673609 70.4171 1.93905 -13 3550 1 0 1
14.26 -17.8226 225.556 4.34074 -4.19208 55.9491 -0.601573 -13 3551 1 0 1
-38.0063 25.5298 225.556 -13.4351 8.0157 69.1218 -0.378627 -13 3552 1 0 1
-1.49388 -30.1361 225.556 -1.41277 -9.14521 77.3919 1.95606 -13 3553 1 0 1
-34.233 -19.1245 225.556 -12.0205 -5.3338 68.1435 0.849796 -13 3554 1 0 1
-17.5326 14.727 225.556 -5.55355 4.79977 64.1555 -0.259798 -13 3555 1 0 1
-23.9667 13.8155 225.556 -8.28891 4.58471 67.4864 -0.117481 -13 3556 1 0 1
-26.4664 -27.3451 225.556 -6.03093 -4.75314 45.9874 3.26917 -13 3557 1 0 1
-2.81193 -2.28291 225.556 -0.47213 0.043052 54.8374 3.1886 -13 3558 1 0 1
-14.574 -40.2594 225.556 -5.63662 -12.0814 70.1728 3.40291 -13 3559 1 0 1
-39.5417 46.9746 225.556 -13.9604 13.2523 68.6633 2.12426 -13 3560 1 0 1
-35.2906 9.72106 225.556 -15.1378 2.58963 78.3546 0.459815 -13 3561 1 0 1
24.1663 16.6696 225.556 7.97079 5.93617 68.7093 2.41978 -13 3562 1 0 1
-2.67387 14.073 225.556 -0.568475 3.34674 53.5433 2.14571 -13 3563 1 0 1
23.5202 -15.3292 225.556 7.74377 -5.03985 67.4185 0.421165 -13 3564 1 0 1
-17.7835 -5.46621 225.556 -6.46739 -1.78682 69.6831 2.94454 -13 3565 1 0 1
-24.2821 12.1096 225.556 -8.63637 3.04551 68.8178 2.72848 -13 3566 1 0 1
-115.104 30.0853 225.556 -29.5916 5.93295 48.2643 1.61923 -13 3567 1 0 1
26.9993 8.37792 225.556 8.32247 1.79136 59.8401 1.26108 -13 3568 1 0 1
18.4677 -2.95217 225.556 6.23054 -1.19374 76.1104 -0.395637 -13 3569 1 0 1
-29.1186 43.3136 225.556 -10.2712 11.784 68.4028 1.83282 -13 3570 1 0 1
-6.54054 -3.62164 225.556 -2.65635 -0.949158 70.373 1.71624 -13 3571 1 0 1
-43.3783 8.31429 225.556 -18.2094 2.93567 78.312 1.58703 -13 3572 1 0 1
56.485 -75.2169 225.556 14.5671 -14.2443 48.4825 2.25433 -13 3574 1 0 1
-5.08309 -48.3745 225.556 -1.13606 -9.80212 50.8115 3.28093 -13 3575 1 0 1
-30.2513 0.918044 225.556 -10.8199 -0.377577 68.9288 2.34323 -13 3576 1 0 1
44.3831 57.7964 225.556 13.1727 13.5257 56.3877 -0.509395 -13 3577 1 0 1
-16.2627 5.64082 225.556 -5.95077 1.99731 68.7007 1.25974 -13 3578 1 0 1
6.33403 -9.64269 225.556 1.70904 -1.76105 39.8378 2.41415 -13 3579 1 0 1
34.4899 31.6435 225.556 11.5886 9.12686 68.9093 2.14937 -13 3580 1 0 1
6.00526 -35.1525 225.556 1.30779 -12.9751 79.9013 0.515367 -13 3581 1 0 1
22.7119 -12.8763 225.556 6.85537 -3.64109 56.4172 1.89406 -13 3582 1 0 1
-2.64866 14.1886 225.556 -1.53137 4.085 72.792 1.93789 -13 3583 1 0 1
-8.17451 20.5136 225.556 -2.64438 5.73362 62.8013 0.617175 -13 3584 1 0 1
-1.0118 -8.79366 225.556 -0.567225 -2.81997 68.556 2.94369 -13 3585 1 0 1
-0.260251 29.7654 225.556 -1.14581 9.86112 78.1959 -0.0685983 -13 3586 1 0 1
-35.1626 -31.5337 225.556 -13.1112 -10.7729 71.8436 1.63538 -13 3587 1 0 1
13.4005 14.5619 225.556 3.87575 2.56849 53.0441 0.0361324 -13 3588 1 0 1
-12.5091 -12.8227 225.556 -3.95939 -3.82615 63.4468 3.68567 -13 3589 1 0 1
-26.4851 -32.727 225.556 -9.11394 -10.3587 67.2683 2.02091 -13 3590 1 0 1
-21.1221 3.642 225.556 -8.02988 1.07822 72.3319 0.864322 -13 3591 1 0 1
-30.0251 -36.3079 225.556 -12.6697 -12.2092 78.2089 0.386614 -13 3592 1 0 1
9.10934 -13.9257 225.556 2.41282 -2.41231 45.6858 2.80389 -13 3593 1 0 1
67.5456 1.93001 225.556 21.0374 -0.292588 61.0184 1.7847 -13 3594 1 0 1
38.2224 13.2705 225.556 10.1613 1.69897 50.7402 2.02092 -13 3595 1 0 1
-24.6097 -21.5893 225.556 -7.53264 -6.18287 60.9629 2.55788 -13 3596 1 0 1
41.5809 5.53732 225.556 10.0528 1.11794 43.7242 2.47007 -13 3597 1 0 1
14.8341 29.8923 225.556 4.79384 8.85066 69.1599 2.71024 -13 3598 1 0 1
15.4717 -3.44593 225.556 5.02366 -0.738929 72.091 3.23474 -13 3599 1 0 1
-13.355 -3.60579 225.556 -3.5396 -1.0228 56.5266 1.70522 -13 3600 1 0 1
0.730866 -1.80466 225.556 -0.0931185 -0.84885 71.2969 0.322264 -13 3601 1 0 1
-48.8546 -32.3828 225.556 -12.6764 -5.7204 51.0217 1.45496 -13 3602 1 0 1
35.2717 -19.4231 225.556 11.2828 -5.19648 63.2833 1.34518 -13 3603 1 0 1
32.5332 40.5361 225.556 10.8372 12.1959 67.8443 0.74006 -13 3604 1 0 1
-22.7537 -43.1667 225.556 -9.08869 -13.3649 73.8617 2.66619 -13 3605 1 0 1
6.92766 -31.6461 225.556 2.15536 -7.42786 63.0362 1.83278 -13 3606 1 0 1
25.1681 -25.7094 225.556 7.81587 -7.77943 62.7029 3.83582 -13 3607 1 0 1
-34.497 12.7264 225.556 -11.0148 2.82128 62.3706 1.02631 -13 3608 1 0 1
1.3023 17.4231 225.556 -0.444377 6.50584 75.3434 -0.595013 -13 3609 1 0 1
32.3972 11.0478 225.556 10.6709 2.71132 66.9825 2.40447 -13 3610 1 0 1
30.192 -34.7807 225.556 8.15626 -7.22082 49.6123 1.74777 -13 3611 1 0 1
16.7843 40.82 225.556 5.29105 11.4725 65.1869 1.48001 -13 3612 1 0 1
-16.4208 33.763 225.556 -6.53931 11.6674 73.4059 1.89556 -13 3613 1 0 1
18.7817 -17.5846 225.556 6.34461 -4.6976 70.5276 0.660131 -13 3614 1 0 1
26.1914 -4.28668 225.556 9.07316 -2.24988 75.464 2.09769 -13 3615 1 0 1
4.72064 -26.0861 225.556 0.970724 -9.59105 75.0548 0.502305 -13 3616 1 0 1
29.5523 4.69652 225.556 9.37231 1.92138 63.8087 4.17294 -13 3617 1 0 1
-1.09122 -29.8093 225.556 -0.554465 -8.46989 68.3369 1.20882 -13 3618 1 0 1
49.7396 6.60925 225.556 15.7216 2.15495 62.2328 0.646001 -13 3619 1 0 1
24.2275 21.6498 225.556 7.54485 5.0859 58.3255 -0.214485 -13 3620 1 0 1
-4.0514 17.3728 225.556 -1.41636 4.64893 65.9266 1.42212 -13 3621 1 0 1
-19.0458 9.43694 225.556 -7.24975 2.33319 71.646 1.06277 -13 3622 1 0 1
-7.9079 56.9564 225.556 -1.71997 12.2162 52.2589 0.840308 -13 3623 1 0 1
41.4385 -24.6572 225.556 12.8057 -6.15956 60.9725 3.05582 -13 3624 1 0 1
-36.7362 15.0223 225.556 -15.4398 5.94619 77.1433 1.71074 -13 3625 1 0 1
16.5936 13.6171 225.556 5.42063 4.44805 66.5598 -0.229531 -13 3626 1 0 1
24.8371 -1.33031 225.556 7.2128 0.503568 53.6874 1.65768 -13 3627 1 0 1
9.86978 -23.1192 225.556 2.70447 -4.29227 46.9916 3.04427 -13 3628 1 0 1
10.9703 6.58423 225.556 3.44016 1.95754 75.2921 1.85471 -13 3629 1 0 1
-33.5073 4.58039 225.556 -7.20232 0.70801 43.2631 1.5685 -13 3631 1 0 1
15.5801 -13.212 225.556 4.18253 -2.85503 48.7699 2.24102 -13 3632 1 0 1
21.1786 -10.5405 225.556 7.18636 -3.20593 71.7434 1.7973 -13 3634 1 0 1
11.7877 21.3226 225.556 3.54426 7.8718 75.12 2.46312 -13 3635 1 0 1
-49.3414 5.39258 225.556 -15.9094 1.85631 63.2731 -1.03694 -13 3639 1 0 1
-67.1237 -40.7765 225.556 -20.2042 -10.4638 58.7886 2.91956 -13 3640 1 0 1
30.3535 27.5792 225.556 8.48526 5.97015 51.6939 2.46842 -13 3641 1 0 1
12.9818 -33.0733 225.556 4.13047 -9.79592 69.5033 1.34513 -13 3642 1 0 1
-65.5694 3.82675 225.556 -22.6275 1.85421 67.1173 1.76642 -13 3643 1 0 1
48.268 -10.1439 225.556 13.4768 -1.94621 53.3199 0.518923 -13 3644 1 0 1
25.6166 -3.0156 225.556 8.33416 -1.11252 65.6651 0.41173 -13 3645 1 0 1
-63.9396 48.0359 225.556 -18.347 11.7947 56.0274 3.06942 -13 3647 1 0 1
-33.0413 -24.1803 225.556 -11.4375 -7.20365 68.0682 1.62631 -13 3648 1 0 1
-3.47159 13.8804 225.556 -0.76996 3.35103 58.6799 2.45049 -13 3649 1 0 1
-24.303 -37.0409 225.556 -8.61639 -10.3369 68.2467 2.0484 -13 3650 1 0 1
18.8888 11.5859 225.556 4.80359 1.82261 44.0055 1.53942 -13 3651 1 0 1
-74.8602 0.924496 225.556 -23.75 0.760908 61.5978 0.772305 -13 3652 1 0 1
14.0159 14.0437 225.556 4.67892 4.37077 66.9859 0.0108738 -13 3653 1 0 1
-22.3874 28.2148 225.556 -5.45801 6.6746 49.6928 0.434575 -13 3654 1 0 1
23.4172 -1.38127 225.556 6.97181 -0.993594 54.5527 0.986897 -13 3655 1 0 1
25.6255 31.5459 225.556 7.82789 7.9108 58.4879 -0.150556 -13 3656 1 0 1
-1.32335 1.85348 225.556 -0.154754 0.636336 56.3736 0.62718 -13 3657 1 0 1
-8.03188 16.0057 225.556 -3.37892 4.34287 71.7263 2.37279 -13 3658 1 0 1
14.3147 -15.5419 225.556 4.54163 -2.89254 62.4463 1.94469 -13 3659 1 0 1
15.8809 14.5506 225.556 5.21207 3.64634 67.6795 2.3298 -13 3660 1 0 1
-27.0473 27.0007 225.556 -7.79327 6.54478 57.8389 2.05646 -13 3661 1 0 1
20.5119 -5.73721 225.556 6.77307 -2.14695 65.0183 1.96678 -13 3662 1 0 1
-0.317214 34.2141 225.556 -0.169123 9.01622 63.7342 2.52445 -13 3663 1 0 1
-31.4683 -34.5405 225.556 -10.2382 -8.78442 63.4867 -0.0394504 -13 3664 1 0 1
19.9122 -30.946 225.556 5.95251 -7.94189 57.6132 1.08928 -13 3665 1 0 1
61.9605 -36.1303 225.556 12.5559 -4.89224 36.332 1.98867 -13 3666 1 0 1
-27.4847 17.1593 225.556 -8.08918 3.65526 58.7502 1.48157 -13 3667 1 0 1
-0.634523 3.00637 225.556 -0.0430798 0.802044 60.5366 1.73767 -13 3668 1 0 1
-15.7553 2.3639 225.556 -6.38757 0.963811 72.9279 1.13752 -13 3669 1 0 1
22.04 26.6801 225.556 7.04709 8.10356 65.3465 2.79305 -13 3670 1 0 1
-24.5272 -48.1698 225.556 -8.37173 -13.5814 66.3729 2.40645 -13 3671 1 0 1
-18.1124 -5.08017 225.556 -6.69028 -1.18728 69.6976 1.56335 -13 3672 1 0 1
-16.7308 -4.11773 225.556 -5.48777 -0.803639 63.8772 0.706288 -13 3673 1 0 1
-30.7452 -27.9595 225.556 -10.6526 -8.02413 67.2788 2.12421 -13 3674 1 0 1
-4.26152 9.46529 225.556 -1.13298 3.07789 62.0789 0.360924 -13 3675 1 0 1
-49.5887 22.8811 225.556 -16.803 5.91098 66.4678 0.726405 -13 3676 1 0 1
-42.6162 -11.3062 225.556 -14.4894 -3.21755 66.6678 0.910953 -13 3677 1 0 1
-8.95924 4.03912 225.556 -2.9624 1.42273 65.3195 1.2723 -13 3678 1 0 1
3.92446 -30.5327 225.556 1.31015 -8.76759 64.5995 2.45673 -13 3679 1 0 1
-32.9217 -65.9426 225.556 -9.80558 -16.2782 58.3003 0.192439 -13 3680 1 0 1
-37.5741 25.3393 225.556 -11.9182 5.9819 62.9526 2.83801 -13 3681 1 0 1
-10.7635 -2.59036 225.556 -4.31612 -1.24494 71.5864 1.47669 -13 3682 1 0 1
-24.296 -22.4342 225.556 -8.31019 -5.81359 66.5916 1.13682 -13 3683 1 0 1
-19.4528 -19.9845 225.556 -6.19343 -5.65524 63.5758 3.39434 -13 3684 1 0 1
4.66076 -2.85229 225.556 1.2617 -0.119047 68.71 1.77944 -13 3685 1 0 1
-23.7663 -16.8858 225.556 -7.88371 -4.94609 65.3728 0.856939 -13 3686 1 0 1
-32.2367 -17.8129 225.556 -9.20148 -4.2139 56.7755 -0.0294706 -13 3687 1 0 1
34.4539 43.5203 225.556 7.01232 5.93357 35.4898 2.43696 -13 3689 1 0 1
9.73392 -11.656 225.556 3.02803 -4.21792 65.7222 3.24772 -13 3690 1 0 1
-22.1199 -13.6897 225.556 -4.03102 -2.02931 37.735 2.14061 -13 3691 1 0 1
-28.6012 41.9847 225.556 -8.32029 10.8219 57.6877 2.91166 -13 3692 1 0 1
34.6952 2.40685 225.556 11.7713 1.19629 70.1253 1.2495 -13 3693 1 0 1
-19.138 -5.63325 225.556 -5.95796 -1.24401 61.3794 2.55378 -13 3694 1 0 1
-16.673 -35.5312 225.556 -5.72249 -9.94336 66.0675 3.42244 -13 3695 1 0 1
-11.734 -49.9082 225.556 -5.60425 -17.1287 76.9376 1.38645 -13 3696 1 0 1
39.5288 -8.04697 225.556 14.67 -2.25177 80.9818 0.357562 -13 3697 1 0 1
14.1722 -0.0491426 225.556 4.77275 0.436352 71.5862 2.21178 -13 3698 1 0 1
20.7443 -18.1928 225.556 6.75525 -4.74346 62.5928 -0.183331 -13 3699 1 0 1
13.2407 -8.29021 225.556 3.90468 -2.15599 52.8238 1.5876 -13 3700 1 0 1
53.9873 14.6721 225.556 13.7026 3.2478 47.4961 1.96514 -13 3701 1 0 1
-14.4974 12.8687 225.556 -4.17524 3.26074 59.7124 2.1283 -13 3702 1 0 1
-8.81693 23.8621 225.556 -3.24827 7.01322 68.7696 2.12655 -13 3703 1 0 1
-11.2393 17.3291 225.556 -0.932244 0.756875 14.8638 4.36921 -13 3704 1 0 1
-9.48368 -32.721 225.556 -4.39489 -10.8014 76.0992 0.266089 -13 3705 1 0 1
27.5839 -15.305 225.556 9.67714 -6.18543 79.3766 -0.449993 -13 3706 1 0 1
-24.9128 1.03116 225.556 -7.58404 0.399832 60.468 3.37555 -13 3707 1 0 1
13.9952 -1.33771 225.556 4.54034 -0.0938768 63.458 4.97984 -13 3708 1 0 1
28.9298 -49.2866 225.556 9.48381 -14.1073 67.8287 1.92979 -13 3709 1 0 1
20.8381 -15.2816 225.556 6.98481 -5.00802 75.4125 2.70628 -13 3711 1 0 1
-14.0884 22.271 225.556 -4.90454 6.23201 67.0764 0.748062 -13 3712 1 0 1
47.5053 -37.0998 225.556 15.9092 -10.8185 67.5533 0.923889 -13 3713 1 0 1
11.1885 -26.1362 225.556 3.60607 -6.98825 62.4797 2.68572 -13 3714 1 0 1
37.1795 -26.072 225.556 10.919 -6.1779 57.0307 0.986445 -13 3715 1 0 1
-30.8071 2.32031 225.556 -7.72788 -0.1092 50.9984 1.69087 -13 3716 1 0 1
-25.2665 -36.6348 225.556 -8.27014 -10.5765 63.9617 3.73317 -13 3717 1 0 1
23.2021 -22.0261 225.556 6.63489 -5.38105 53.71 -0.754664 -13 3718 1 0 1
11.6916 -11.7084 225.556 3.86012 -2.94864 62.0253 3.11673 -13 3719 1 0 1
13.1512 27.4781 225.556 4.30625 8.02153 68.9578 3.93255 -13 3720 1 0 1
-2.74974 -13.1532 225.556 -0.489025 -2.9886 51.9961 4.1961 -13 3721 1 0 1
-1.45122 -24.0803 225.556 -0.268985 -6.75596 59.5513 1.02684 -13 3722 1 0 1
-34.4801 18.1331 225.556 -13.8516 6.65745 75.9717 1.67136 -13 3723 1 0 1
60.151 -25.8437 225.556 17.6714 -6.46759 56.9964 1.36846 -13 3724 1 0 1
21.0097 0.0256253 225.556 6.60583 -0.0891915 61.8787 1.36396 -13 3725 1 0 1
-9.0031 -9.97647 225.556 -3.14656 -3.16875 67.2719 2.36272 -13 3726 1 0 1
5.41357 -22.9571 225.556 1.72977 -4.64783 61.4814 0.983873 -13 3727 1 0 1
-1.89803 -6.18627 225.556 -0.999023 -1.35168 70.5617 0.297218 -13 3728 1 0 1
-2.17732 -8.27467 225.556 -1.00261 -2.68959 69.1054 2.74946 -13 3729 1 0 1
-25.6355 -47.0147 225.556 -10.9232 -15.2785 76.6703 1.54277 -13 3730 1 0 1
22.7847 -52.0482 225.556 6.5414 -11.6878 55.1087 0.782244 -13 3731 1 0 1
32.0092 -17.6744 225.556 7.95705 -3.72935 45.702 1.37912 -13 3732 1 0 1
15.6367 2.81281 225.556 4.94181 0.6899 63.1939 2.55508 -13 3733 1 0 1
-10.0865 6.66107 225.556 -3.45039 2.1566 65.5933 1.73155 -13 3734 1 0 1
22.5194 -12.4594 225.556 7.43504 -4.38162 68.7321 0.727215 -13 3735 1 0 1
-20.3804 8.04778 225.556 -6.16086 1.81535 59.9116 1.08528 -13 3736 1 0 1
-31.0989 -14.4417 225.556 -13.3913 -4.17129 78.4031 0.343957 -13 3738 1 0 1
-0.716384 -13.8 225.556 -1.30635 -5.14599 78.7825 3.60515 -13 3739 1 0 1
-21.8689 -13.878 225.556 -5.25013 -3.50006 49.7593 1.75698 -13 3740 1 0 1
-28.3599 -20.8884 225.556 -11.1373 -6.51251 74.4754 0.989844 -13 3741 1 0 1
16.8366 -41.0538 225.556 5.34472 -11.0135 63.5756 1.92177 -13 3742 1 0 1
-23.403 21.345 225.556 -7.93125 6.41399 65.7437 2.46759 -13 3743 1 0 1
48.865 8.99723 225.556 14.4644 2.52627 58.2523 1.27041 -13 3744 1 0 1
-5.89984 26.2168 225.556 -0.508983 2.89898 30.5877 4.16163 -13 3745 1 0 1
-25.725 -21.6331 225.556 -8.03787 -5.69343 62.7515 0.211748 -13 3746 1 0 1
3.32219 -8.53291 225.556 1.24608 -1.86603 50.9633 -0.388418 -13 3747 1 0 1
19.1917 1.23752 225.556 6.33272 0.84234 67.9422 0.674843 -13 3748 1 0 1
4.74654 8.85158 225.556 1.52378 1.50145 58.8726 1.21267 -13 3749 1 0 1
5.36221 23.5939 225.556 1.70128 6.65322 60.459 0.760421 -13 3750 1 0 1
-14.835 -15.4598 225.556 -4.4252 -3.91569 61.5851 1.63974 -13 3751 1 0 1
-52.6061 -40.3312 225.556 -15.599 -9.95343 58.1117 2.65598 -13 3752 1 0 1
-52.7621 8.91149 225.556 -21.1715 2.91884 76.66 1.85151 -13 3753 1 0 1
-54.2912 21.1014 225.556 -19.8167 6.81919 70.7262 1.42318 -13 3754 1 0 1
-16.1078 4.59111 225.556 -6.07851 1.71141 69.631 0.261436 -13 3755 1 0 1
8.4451 21.4835 225.556 2.0813 6.93435 79.1875 2.06953 -13 3756 1 0 1
58.3676 -9.7477 225.556 17.6956 -1.76105 59.5842 -0.296355 -13 3757 1 0 1
-12.2315 8.8137 225.556 -3.00572 1.99584 54.4962 2.93774 -13 3758 1 0 1
24.9466 12.6231 225.556 8.26527 3.69015 67.4446 0.0412962 -13 3759 1 0 1
31.0465 4.89357 225.556 8.21393 0.353591 48.3818 2.7984 -13 3760 1 0 1
-18.2855 -10.0314 225.556 -6.4528 -2.56305 68.0399 0.574655 -13 3761 1 0 1
3.42486 35.3685 225.556 0.712892 10.6239 72.7341 1.73475 -13 3762 1 0 1
13.6672 5.17695 225.556 4.43035 1.84606 64.1593 0.0854511 -13 3763 1 0 1
-5.28629 24.9638 225.556 -2.08783 8.20395 68.2572 1.37139 -13 3764 1 0 1
-9.05709 61.8842 225.556 -2.94303 16.7061 63.8621 3.09034 -13 3765 1 0 1
27.9134 -25.7631 225.556 8.47985 -6.69471 58.0897 1.49396 -13 3766 1 0 1
-44.7115 -5.21026 225.556 -15.7369 -2.33239 68.5136 1.03337 -13 3767 1 0 1
64.0903 4.87171 225.556 15.1611 1.48225 44.164 1.02609 -13 3768 1 0 1
-10.4116 8.25646 225.556 -2.39129 1.97134 51.7782 0.0677866 -13 3769 1 0 1
-4.95478 21.076 225.556 -1.39722 5.7518 62.6152 -1.03925 -13 3770 1 0 1
16.1375 16.0843 225.556 5.10794 4.31273 60.9296 1.97131 -13 3771 1 0 1
28.3122 2.02028 225.556 8.27971 0.81006 54.1288 1.08512 -13 3772 1 0 1
-14.6681 -80.468 225.556 -4.00803 -18.3458 56.4628 0.67415 -13 3774 1 0 1
-24.9832 -17.9245 225.556 -6.9355 -3.81903 57.0225 1.14259 -13 3775 1 0 1
27.3722 -3.77022 225.556 7.33226 -0.684698 49.5927 3.04134 -13 3776 1 0 1
-37.6519 -15.137 225.556 -11.7786 -4.1513 61.4684 2.73961 -13 3777 1 0 1
-2.23159 29.9905 225.556 -1.3931 9.57938 73.2729 0.623417 -13 3778 1 0 1
14.5638 11.787 225.556 4.29002 3.31626 54.5217 1.59673 -13 3779 1 0 1
32.4263 -29.6281 225.556 9.15919 -6.72927 53.6415 2.29227 -13 3780 1 0 1
-6.34054 15.9626 225.556 -1.7447 4.17879 58.7535 0.458719 -13 3781 1 0 1
-0.993473 10.8242 225.556 -0.600865 3.83556 68.9358 1.57483 -13 3782 1 0 1
-19.3854 -38.9006 225.556 -6.68019 -11.5567 66.0395 0.410718 -13 3783 1 0 1
18.8996 12.2006 225.556 6.23453 3.46545 64.5587 -0.274278 -13 3784 1 0 1
-5.80932 8.78652 225.556 -1.91268 2.85359 64.2734 0.179708 -13 3785 1 0 1
-23.7515 -28.5025 225.556 -8.25721 -7.60023 67.5404 -0.0639478 -13 3786 1 0 1
1.20968 29.9282 225.556 -0.0569056 8.72706 73.6449 2.84179 -13 3787 1 0 1
18.8429 3.60856 225.556 5.86381 1.11122 63.1558 2.31362 -13 3788 1 0 1
-30.0706 2.45544 225.556 -10.9732 0.970181 70.652 2.02219 -13 3789 1 0 1
-19.4938 39.473 225.556 -6.19798 10.42 62.7556 3.69107 -13 3791 1 0 1
6.65513 -45.1357 225.556 1.49901 -5.58734 32.1916 2.51206 -13 3792 1 0 1
-48.0921 7.78962 225.556 -15.5264 1.69676 63.6933 2.14739 -13 3794 1 0 1
-43.0757 10.6189 225.556 -12.0631 2.98626 55.8957 2.2747 -13 3795 1 0 1
-50.5913 -10.89 225.556 -15.2093 -2.67243 59.142 2.43001 -13 3796 1 0 1
17.6112 -5.95673 225.556 5.4984 -1.28895 61.2915 2.54874 -13 3797 1 0 1
-5.00032 34.2532 225.556 -3.336 12.912 77.8676 2.89452 -13 3798 1 0 1
-14.7569 -24.0319 225.556 -5.04418 -7.0718 67.2287 1.18492 -13 3799 1 0 1
98.1949 -62.3106 225.556 21.401 -9.42963 39.6729 2.52599 -13 3800 1 0 1
-2.43437 1.43853 225.556 -1.75507 0.827724 76.5099 1.97356 -13 3801 1 0 1
-25.827 23.7794 225.556 -6.51571 5.02048 50.6588 2.07687 -13 3802 1 0 1
-17.5579 -3.85243 225.556 -6.72377 -2.08289 71.6514 -0.247641 -13 3803 1 0 1
-19.9401 23.0959 225.556 -2.56614 1.90988 25.001 5.19826 -13 3804 1 0 1
-16.0824 -2.02648 225.556 -5.03994 -0.786914 62.6592 0.18103 -13 3805 1 0 1
19.4564 -3.37689 225.556 5.01815 -1.30381 44.4718 1.96225 -13 3806 1 0 1
-29.0101 -16.6955 225.556 -10.3438 -5.36973 69.3496 1.14615 -13 3807 1 0 1
38.2101 -15.8026 225.556 11.5655 -3.64331 59.1837 4.18142 -13 3808 1 0 1
-25.1899 0.209394 225.556 -9.18333 -0.151397 70.2982 -0.184687 -13 3809 1 0 1
-9.85301 25.2818 225.556 -2.4069 6.15897 54.2081 1.29656 -13 3810 1 0 1
-8.3711 -1.94732 225.556 -3.07776 -0.362782 68.1707 0.960217 -13 3811 1 0 1
19.8625 -39.6397 225.556 6.56112 -12.0907 70.345 1.92715 -13 3812 1 0 1
44.263 8.48547 225.556 12.5551 1.53851 54.8195 3.85987 -13 3813 1 0 1
-28.2143 5.22054 225.556 -8.46988 0.744284 59.4084 0.54395 -13 3814 1 0 1
-51.8046 17.9572 225.556 -20.1414 5.9153 74.6123 1.23422 -13 3815 1 0 1
25.0226 -35.3121 225.556 6.11707 -6.09354 44.3049 0.980961 -13 3816 1 0 1
0.135844 -25.2914 225.556 0.0603331 -6.59044 62.8551 0.85875 -13 3817 1 0 1
14.5383 3.16088 225.556 4.78794 1.22609 67.9486 1.33237 -13 3818 1 0 1
-2.20916 7.57644 225.556 -0.392859 1.99524 57.0887 2.16497 -13 3819 1 0 1
40.0503 -12.055 225.556 13.4861 -3.11819 68.8551 1.82393 -13 3820 1 0 1
38.4207 36.0728 225.556 11.209 8.44544 57.3379 3.66842 -13 3821 1 0 1
11.7782 -14.886 225.556 3.83735 -4.61247 70.2424 0.211345 -13 3822 1 0 1
-44.4581 8.17202 225.556 -15.9585 2.32706 69.6389 0.250074 -13 3823 1 0 1
15.2782 -1.20005 225.556 4.74932 -0.318979 59.7736 3.35953 -13 3824 1 0 1
-3.02587 -1.50029 225.556 -0.966824 -0.583709 63.6901 2.13864 -13 3825 1 0 1
-24.873 -32.9472 225.556 -7.1784 -7.51646 58.0263 1.68759 -13 3826 1 0 1
20.0266 1.19726 225.556 4.66145 -0.275915 40.3352 2.24341 -13 3827 1 0 1
15.7844 -0.572631 225.556 4.51864 -0.0122562 52.8428 3.1314 -13 3828 1 0 1
22.6032 11.7804 225.556 7.43409 3.4844 65.5125 -0.589789 -13 3829 1 0 1
31.4828 39.4415 225.556 9.85197 10.3858 60.6333 0.574888 -13 3830 1 0 1
21.1706 -45.9099 225.556 5.25933 -8.66537 45.1067 2.44651 -13 3831 1 0 1
-4.20588 -5.68323 225.556 -0.97396 -1.184 54.0988 1.61725 -13 3832 1 0 1
9.78557 -19.8862 225.556 3.05881 -4.94124 61.5289 -0.655545 -13 3833 1 0 1
-13.2422 36.2072 225.556 -5.18334 9.93998 70.2946 1.45102 -13 3834 1 0 1
2.4971 7.41073 225.556 0.443788 1.5067 71.9915 1.65691 -13 3835 1 0 1
0.590828 -19.3814 225.556 -0.99585 -7.22119 80.3268 3.491 -13 3836 1 0 1
22.1619 -26.5875 225.556 6.70085 -6.85222 58.2272 0.28742 -13 3837 1 0 1
15.9522 -1.49632 225.556 4.40373 -0.509348 50.4578 2.80216 -13 3838 1 0 1
51.8937 -16.3518 225.556 10.4924 -2.27806 35.7102 4.34192 -13 3840 1 0 1
-26.4404 47.917 225.556 -6.89557 11.0535 53.225 3.09278 -13 3841 1 0 1
-13.1269 0.612769 225.556 -4.37516 0.899623 65.1536 0.510171 -13 3842 1 0 1
32.4765 0.297383 225.556 9.04713 0.153589 53.0011 3.25442 -13 3843 1 0 1
-69.7476 -3.16805 225.556 -20.1939 -0.566611 56.5397 2.15454 -13 3844 1 0 1
-29.6834 -21.2647 225.556 -11.2495 -6.65185 72.0884 0.67949 -13 3845 1 0 1
-15.0563 -31.9953 225.556 -6.02989 -9.94837 72.9043 0.445056 -13 3846 1 0 1
-43.3772 -33.7512 225.556 -8.72323 -5.17139 39.5161 2.24384 -13 3847 1 0 1
38.8706 0.0598847 225.556 10.6818 0.295064 51.6389 1.43851 -13 3848 1 0 1
-50.9993 -9.76322 225.556 -16.4043 -2.21117 63.0529 2.59922 -13 3849 1 0 1
-10.8456 63.6954 225.556 -3.70377 17.9808 64.6693 1.72306 -13 3850 1 0 1
41.0869 -2.34152 225.556 10.9307 0.060328 49.8547 1.75725 -13 3851 1 0 1
43.3979 46.3108 225.556 9.0805 6.68049 37.7443 2.50734 -13 3852 1 0 1
-29.9506 -13.6386 225.556 -10.012 -4.39914 64.5996 2.72644 -13 3853 1 0 1
-2.21685 0.437188 225.556 -0.182061 0.229126 42.4741 0.444517 -13 3854 1 0 1
9.56046 -36.133 225.556 2.94451 -10.0467 61.9196 0.982761 -13 3855 1 0 1
2.07033 5.04671 225.556 0.742431 1.96824 58.9968 -0.389925 -13 3856 1 0 1
18.5122 -9.71035 225.556 5.73231 -2.60813 60.5163 0.186596 -13 3857 1 0 1
14.3703 17.1185 225.556 4.37738 3.99092 60.2385 0.0698297 -13 3858 1 0 1
2.07877 -17.8217 225.556 0.548138 -3.81433 65.6721 0.199519 -13 3859 1 0 1
-1.40075 -19.7395 225.556 -0.861438 -5.60926 73.0307 0.606564 -13 3860 1 0 1
18.8005 23.22 225.556 6.05851 5.32787 65.5187 2.3038 -13 3861 1 0 1
7.40007 -3.40186 225.556 2.27129 -1.47773 59.0398 1.96388 -13 3862 1 0 1
-1.66114 -7.79538 225.556 -0.195728 -1.60267 56.6559 1.87156 -13 3863 1 0 1
13.0847 -6.05311 225.556 2.12602 -0.213792 25.5844 2.50259 -13 3864 1 0 1
15.5061 -0.0407007 225.556 5.20792 -0.105606 73.6595 0.897952 -13 3865 1 0 1
-35.5657 16.3645 225.556 -9.87689 4.22647 55.7076 0.903738 -13 3866 1 0 1
23.1247 -39.5102 225.556 7.24229 -8.97907 61.9606 2.1588 -13 3867 1 0 1
-18.4256 1.91548 225.556 -4.34113 0.397873 50.3953 1.8199 -13 3868 1 0 1
-5.69385 -6.16459 225.556 -2.73927 -1.08418 75.1469 0.691899 -13 3869 1 0 1
-2.26182 -27.4838 225.556 -2.02862 -9.06878 79.4626 2.68016 -13 3870 1 0 1
-23.4757 -0.81199 225.556 -6.82128 0.240403 57.9863 0.929568 -13 3871 1 0 1
-15.6076 28.0918 225.556 -6.43367 8.29519 74.4484 2.91083 -13 3872 1 0 1
-21.3403 -3.90388 225.556 -8.48559 -1.34702 73.6471 3.07639 -13 3873 1 0 1
-40.1145 -6.03719 225.556 -13.5511 -2.16116 66.8213 2.94197 -13 3874 1 0 1
5.9037 34.7246 225.556 1.58525 4.94381 38.2807 1.67382 -13 3875 1 0 1
21.1607 -2.16873 225.556 6.69849 -0.476453 62.4501 2.61433 -13 3876 1 0 1
-30.8729 11.1606 225.556 -7.99796 2.19343 52.0178 0.0212889 -13 3877 1 0 1
102.386 16.9869 225.556 24.9732 2.79776 45.7181 2.79264 -13 3878 1 0 1
-2.00078 -36.8644 225.556 -0.419688 -8.82057 56.4095 2.50989 -13 3879 1 0 1
-29.9834 -18.9618 225.556 -10.1452 -5.73681 66.6759 2.53936 -13 3880 1 0 1
20.35 -11.7782 225.556 6.89282 -3.77399 73.3679 2.09838 -13 3881 1 0 1
-38.9429 -34.1088 225.556 -11.7691 -8.77836 60.021 2.68599 -13 3882 1 0 1
35.5522 -48.0246 225.556 10.5262 -11.8464 58.9398 2.79827 -13 3883 1 0 1
-2.24349 9.34946 225.556 -1.34749 3.28894 73.2266 1.13883 -13 3884 1 0 1
-10.1222 -21.2022 225.556 -4.72745 -7.53066 76.5758 -1.11046 -13 3886 1 0 1
-22.682 42.7074 225.556 -7.41739 11.5789 63.9663 2.57441 -13 3887 1 0 1
1.4803 -25.2375 225.556 0.784418 -5.12743 49.2728 2.7226 -13 3888 1 0 1
-9.72643 1.33214 225.556 -3.28626 0.561279 65.469 3.09465 -13 3889 1 0 1
-13.2847 -46.3022 225.556 -2.7711 -9.12859 46.7168 1.75645 -13 3890 1 0 1
-7.86382 -12.2868 225.556 -2.8559 -3.25577 67.6719 4.00126 -13 3891 1 0 1
-27.1088 -41.1103 225.556 -8.02816 -10.5544 58.8588 2.32871 -13 3892 1 0 1
-15.9496 16.2466 225.556 -6.19571 5.0168 72.3781 0.866971 -13 3893 1 0 1
-36.0131 37.4844 225.556 -8.1554 6.79532 45.9187 3.09381 -13 3894 1 0 1
7.6674 2.3319 225.556 2.37842 0.806178 71.7927 1.72692 -13 3895 1 0 1
4.65273 -18.6712 225.556 1.29413 -5.23562 67.6713 0.577406 -13 3896 1 0 1
-14.2871 40.5222 225.556 -4.25177 9.85095 58.8902 2.19105 -13 3897 1 0 1
52.989 -5.36339 225.556 16.7788 -1.4537 62.4576 3.25527 -13 3898 1 0 1
-68.4328 43.9631 225.556 -16.8886 8.19758 47.6527 2.85299 -13 3899 1 0 1
-22.7435 11.1179 225.556 -8.67302 2.91569 72.064 1.00817 -13 3900 1 0 1
45.4815 -60.5425 225.556 11.1905 -10.971 45.4008 0.285275 -13 3901 1 0 1
-7.49307 10.8098 225.556 -3.31668 2.98616 72.6478 1.77355 -13 3902 1 0 1
13.7121 68.1051 225.556 3.61771 13.7173 46.6122 0.859491 -13 3903 1 0 1
-16.5566 -24.9188 225.556 -4.42499 -5.80366 52.9776 3.84122 -13 3904 1 0 1
-27.0644 7.33512 225.556 -11.4566 3.32195 77.9903 1.3287 -13 3905 1 0 1
17.4337 35.011 225.556 1.97275 1.57224 16.1743 5.3157 -13 3906 1 0 1
7.33258 -7.99226 225.556 2.28954 -1.74328 67.2386 0.334121 -13 3907 1 0 1
18.4533 -19.2152 225.556 5.43008 -4.26268 55.6508 2.36713 -13 3908 1 0 1
-24.9013 -2.66839 225.556 -9.79265 -0.649543 73.9367 1.82061 -13 3909 1 0 1
-10.4672 5.05552 225.556 -4.14697 1.63034 71.2579 1.44718 -13 3910 1 0 1
-50.5317 -24.1656 225.556 -15.8875 -7.1033 61.2897 1.90309 -13 3911 1 0 1
-1.56618 14.1647 225.556 -0.562412 2.8519 66.1004 1.16283 -13 3912 1 0 1
-8.0754 -30.6421 225.556 -1.65523 -5.74111 46.0842 2.94404 -13 3913 1 0 1
3.45567 -19.5956 225.556 1.21843 -5.22335 56.7517 2.96565 -13 3914 1 0 1
4.27053 -5.52364 225.556 1.25896 -2.31599 64.5473 1.44814 -13 3915 1 0 1
-8.12474 14.3264 225.556 -2.38228 3.50849 60.8161 0.450411 -13 3916 1 0 1
-10.2863 26.101 225.556 -3.51355 7.78621 64.8271 1.13076 -13 3917 1 0 1
16.4523 -14.1793 225.556 5.50564 -4.426 73.7214 0.254488 -13 3918 1 0 1
-18.0558 19.039 225.556 -7.67171 6.33125 76.4311 1.73004 -13 3919 1 0 1
16.1262 2.06224 225.556 5.23522 0.77523 67.1391 1.84747 -13 3920 1 0 1
-37.5668 -6.3289 225.556 -14.807 -1.99723 75.0443 1.33536 -13 3921 1 0 1
9.67748 -28.8975 225.556 1.93262 -3.50381 31.0371 2.21795 -13 3922 1 0 1
-43.2333 -9.32221 225.556 -12.615 -2.20424 57.5456 2.8759 -13 3923 1 0 1
36.5955 -24.1389 225.556 11.2245 -6.64545 61.2001 -0.211157 -13 3924 1 0 1
-37.0311 26.3106 225.556 -11.6953 6.29778 61.6956 2.92112 -13 3925 1 0 1
32.8786 -37.6749 225.556 10.1328 -10.7012 60.7925 1.55205 -13 3926 1 0 1
-40.3529 -23.8078 225.556 -11.1288 -5.89136 55.085 3.21136 -13 3927 1 0 1
-18.3347 -22.5269 225.556 -6.84031 -6.3344 70.0025 2.43296 -13 3928 1 0 1
8.25147 -11.2259 225.556 2.65974 -2.7412 56.072 1.05568 -13 3929 1 0 1
2.11627 -38.8875 225.556 -0.564811 -12.6349 78.4313 0.350424 -13 3930 1 0 1
11.5266 -26.0639 225.556 3.83253 -7.85424 68.138 -1.25267 -13 3931 1 0 1
13.7403 3.75504 225.556 3.65511 1.33492 46.7885 3.80993 -13 3932 1 0 1
-32.0424 -52.2476 225.556 -8.18161 -10.9461 51.0056 4.47981 -13 3933 1 0 1
-27.0741 3.70238 225.556 -8.89993 0.599535 64.6839 0.481193 -13 3935 1 0 1
-27.302 -30.5513 225.556 -6.51186 -6.42013 47.8738 2.01775 -13 3936 1 0 1
-3.73755 1.10535 225.556 -1.03654 0.59617 61.5305 2.43444 -13 3937 1 0 1
47.3981 -21.4195 225.556 13.8398 -5.35311 56.5822 0.638139 -13 3938 1 0 1
48.2147 40.4614 225.556 14.9827 10.5211 61.2861 2.33685 -13 3939 1 0 1
-31.7371 -4.41377 225.556 -11.996 -0.358644 72.572 0.955795 -13 3940 1 0 1
-35.2101 -8.49219 225.556 -8.9506 -2.01159 50.8114 2.02414 -13 3941 1 0 1
7.47485 10.6844 225.556 2.28446 3.75196 69.5927 3.55845 -13 3942 1 0 1
16.8366 -20.3743 225.556 5.42639 -6.53211 68.7459 0.296637 -13 3943 1 0 1
-49.6175 8.93198 225.556 -12.3557 1.61181 48.9144 1.57524 -13 3944 1 0 1
-31.0497 -41.6254 225.556 -13.4613 -14.519 77.4004 1.98678 -13 3945 1 0 1
-14.9604 14.1646 225.556 -5.64842 4.99417 71.2676 -0.750036 -13 3946 1 0 1
-12.4529 28.1387 225.556 -3.2764 6.62304 56.4295 1.98884 -13 3947 1 0 1
-51.6965 0.353033 225.556 -16.3317 0.392891 62.2648 2.08939 -13 3948 1 0 1
7.72281 -32.2069 225.556 2.475 -7.5869 58.9297 0.610963 -13 3949 1 0 1
58.8476 -17.0424 225.556 16.6132 -3.83275 53.9666 1.93902 -13 3950 1 0 1
-20.2771 -36.4365 225.556 -6.7179 -10.2885 65.0108 1.60232 -13 3951 1 0 1
6.46225 31.5048 225.556 2.1268 8.19042 63.3719 2.56648 -13 3953 1 0 1
-0.417491 4.53644 225.556 0.0283822 1.68924 61.4815 3.25033 -13 3955 1 0 1
18.1897 -12.9647 225.556 5.88084 -3.34269 67.4504 0.919404 -13 3956 1 0 1
12.1586 20.9989 225.556 3.75615 7.63957 78.3997 -0.597632 -13 3958 1 0 1
24.9611 24.8454 225.556 6.50939 5.01029 47.2352 1.86652 -13 3959 1 0 1
21.9215 14.5797 225.556 7.42779 4.58874 73.1907 -0.177505 -13 3960 1 0 1
-44.3484 1.27598 225.556 -12.8315 -0.262411 57.6117 0.516571 -13 3961 1 0 1
-79.0471 -9.88038 225.556 -28.7381 -2.63718 70.504 -0.389384 -13 3963 1 0 1
-14.1519 7.36832 225.556 -5.26619 1.26945 70.53 1.04475 -13 3964 1 0 1
25.9868 -7.1668 225.556 8.94699 -2.42406 72.709 0.250848 -13 3965 1 0 1
-35.2046 21.5132 225.556 -11.3473 5.5094 63.584 0.822318 -13 3966 1 0 1
31.3645 -25.6887 225.556 10.4203 -7.57271 67.2697 1.03041 -13 3967 1 0 1
19.3894 18.9289 225.556 6.22606 5.49259 63.3456 2.24684 -13 3968 1 0 1
-1.32797 -2.3409 225.556 -0.330815 -0.717438 62.2117 3.15929 -13 3969 1 0 1
14.0857 -8.50968 225.556 4.4905 -1.51329 62.1603 1.72379 -13 3970 1 0 1
17.9688 -7.04442 225.556 4.97224 -1.34508 48.7456 2.49838 -13 3971 1 0 1
-3.03539 25.5852 225.556 -0.611164 6.79673 56.9816 2.01718 -13 3972 1 0 1
-9.8761 -22.9206 225.556 -2.26801 -4.76487 49.5044 0.753738 -13 3973 1 0 1
-22.8789 -2.63037 225.556 -9.97493 -0.381055 78.2507 2.32923 -13 3974 1 0 1
-5.16796 18.2651 225.556 -3.33335 7.65121 79.7947 1.91577 -13 3975 1 0 1
0.498245 12.0736 225.556 -0.811946 3.73513 79.3206 0.648615 -13 3976 1 0 1
5.95541 2.4581 225.556 1.82663 1.17396 63.0201 1.01772 -13 3977 1 0 1
-26.317 -18.0361 225.556 -8.16563 -4.71738 61.2884 1.00776 -13 3978 1 0 1
-6.66721 -42.4764 225.556 -2.78863 -13.158 70.3916 1.17996 -13 3979 1 0 1
-37.9846 16.5906 225.556 -13.2163 3.68712 67.7999 1.41152 -13 3980 1 0 1
-21.3668 -8.59926 225.556 -6.41805 -2.18775 61.5646 -1.19462 -13 3981 1 0 1
5.2465 -10.7764 225.556 1.8528 -2.50432 69.4052 2.6441 -13 3982 1 0 1
-3.46516 -3.62985 225.556 -0.98771 -0.844215 60.5813 0.784573 -13 3984 1 0 1
60.2383 16.6261 225.556 20.3901 5.33369 68.7281 0.569356 -13 3985 1 0 1
39.7772 -40.6157 225.556 11.7217 -10.0661 57.5167 -0.506078 -13 3986 1 0 1
-21.4055 1.83402 225.556 -6.33803 0.374913 60.3146 1.87599 -13 3987 1 0 1
27.159 -21.8944 225.556 9.44488 -6.66317 72.6066 -0.235007 -13 3988 1 0 1
31.5291 9.39337 225.556 8.94495 2.30086 54.8856 2.34876 -13 3989 1 0 1
-41.1 -9.8385 225.556 -13.1798 -3.09269 63.3868 3.94647 -13 3990 1 0 1
12.305 17.3174 225.556 3.87684 4.04452 60.4394 -0.537523 -13 3991 1 0 1
48.4136 10.9537 225.556 14.4984 3.00634 58.2025 1.26123 -13 3992 1 0 1
51.1054 -48.4314 225.556 14.5266 -10.7287 54.3975 -0.416892 -13 3993 1 0 1
-1.9701 -14.6847 225.556 -1.33834 -4.73049 73.7966 1.14837 -13 3994 1 0 1
-5.27549 27.4824 225.556 -2.06856 7.32114 66.2986 2.7912 -13 3995 1 0 1
5.09795 50.7626 225.556 1.55609 13.9348 67.3563 1.16701 -13 3996 1 0 1
-11.8899 -3.08876 225.556 -3.41602 -1.17293 58.1849 1.7801 -13 3997 1 0 1
3.91101 -11.7256 225.556 0.443855 -5.29116 78.8695 2.32572 -13 3998 1 0 1
4.75864 -35.4837 225.556 1.47434 -9.47819 61.2666 2.12355 -13 3999 1 0 1
-49.1104 -28.2644 225.556 -13.6325 -6.27547 55.309 1.19008 -13 4000 1 0 1
-48.7285 -21.8525 225.556 -10.3646 -3.39323 41.661 1.35119 -13 4001 1 0 1
15.5808 -7.73977 225.556 4.31654 -1.18139 47.398 1.28222 -13 4002 1 0 1
-10.9593 25.4546 225.556 -3.46607 7.24123 63.8356 1.165 -13 4003 1 0 1
-32.1102 4.96986 225.556 -11.4405 1.54155 69.0972 1.32998 -13 4004 1 0 1
-26.474 -8.8564 225.556 -8.88607 -3.19634 65.6745 2.07771 -13 4005 1 0 1
36.0823 -47.783 225.556 10.5593 -11.6108 56.8043 1.81168 -13 4006 1 0 1
-2.77531 7.21223 225.556 -2.30936 2.19283 78.3791 3.14997 -13 4007 1 0 1
-9.82909 -28.7962 225.556 -1.98557 -5.50102 46.4844 0.56139 -13 4008 1 0 1
6.29614 37.6497 225.556 1.97803 8.95351 55.8433 0.0130387 -13 4009 1 0 1
32.2831 19.9845 225.556 9.83781 5.51658 59.7169 1.55366 -13 4010 1 0 1
5.16061 -18.8622 225.556 1.70112 -5.09049 63.8786 2.48651 -13 4011 1 0 1
-16.495 7.55101 225.556 -6.5508 2.32235 72.3361 -0.896309 -13 4012 1 0 1
-44.6416 0.360439 225.556 -12.0764 0.747771 53.3697 2.10346 -13 4013 1 0 1
-24.6891 15.1584 225.556 -9.45496 4.41757 72.5494 0.0797466 -13 4014 1 0 1
4.28861 21.7967 225.556 1.37825 6.25525 65.7027 3.28896 -13 4015 1 0 1
17.6522 -3.81728 225.556 5.9194 -1.30511 68.0776 1.16974 -13 4016 1 0 1
-19.6682 13.7681 225.556 -6.46584 3.4534 64.4457 1.54072 -13 4017 1 0 1
-56.7064 14.6978 225.556 -17.7671 4.52591 61.653 2.85077 -13 4018 1 0 1
9.11288 35.1421 225.556 2.95062 9.54997 63.3276 1.0784 -13 4019 1 0 1
22.1274 -15.3623 225.556 6.5586 -3.21417 56.5893 1.6631 -13 4020 1 0 1
-25.74 21.2735 225.556 -10.5741 7.19707 75.6077 1.53077 -13 4021 1 0 1
50.7327 -25.4816 225.556 18.4558 -8.65103 77.6896 0.694194 -13 4022 1 0 1
22.6103 -15.2509 225.556 6.21942 -2.75565 50.2993 1.67071 -13 4023 1 0 1
-43.4623 -4.5494 225.556 -15.0874 -0.956724 67.8814 2.4825 -13 4024 1 0 1
-21.515 19.1584 225.556 -8.26608 5.39745 71.8586 -0.931705 -13 4025 1 0 1
28.2981 -3.01815 225.556 9.2452 -1.02796 64.2766 0.392683 -13 4026 1 0 1
-16.2057 23.0726 225.556 -5.15061 6.57363 63.0126 1.82459 -13 4027 1 0 1
1.61017 11.0567 225.556 -0.293022 4.14824 78.1785 3.00111 -13 4028 1 0 1
-1.0243 -12.6555 225.556 -0.265484 -3.15305 58.9668 1.71043 -13 4029 1 0 1
-32.7242 -58.9232 225.556 -8.57865 -12.3578 52.3478 2.35002 -13 4030 1 0 1
-25.7065 -1.18212 225.556 -8.57067 0.0112315 65.1435 0.443513 -13 4031 1 0 1
78.4732 -22.6477 225.556 21.0716 -4.44897 51.2078 3.36675 -13 4032 1 0 1
-6.74066 -4.24018 225.556 -2.55372 -0.982387 68.355 -1.29386 -13 4033 1 0 1
-36.3066 -28.4663 225.556 -12.9915 -8.39707 69.0345 1.73527 -13 4034 1 0 1
0.367693 8.20633 225.556 -0.350435 2.10818 73.7921 1.17417 -13 4035 1 0 1
11.0418 7.89032 225.556 3.54046 2.58619 65.1544 3.92569 -13 4036 1 0 1
-23.0403 16.2053 225.556 -8.50384 4.10858 70.7755 0.467233 -13 4037 1 0 1
11.7878 -6.37483 225.556 3.38244 -1.42523 51.6034 1.14238 -13 4038 1 0 1
-15.4029 -33.9428 225.556 -3.72439 -6.6355 50.3002 -0.0187836 -13 4039 1 0 1
-4.29569 6.99193 225.556 -0.67967 1.22609 50.9625 2.65045 -13 4040 1 0 1
-46.7502 -2.23261 225.556 -14.0307 -1.07803 58.9985 4.41082 -13 4041 1 0 1
5.96836 51.2949 225.556 1.61799 16.05 71.0302 0.950301 -13 4042 1 0 1
21.0263 -22.9056 225.556 6.65645 -6.11897 64.0816 1.09083 -13 4043 1 0 1
38.2454 8.61873 225.556 12.0871 2.89412 62.9966 3.998 -13 4044 1 0 1
-19.2264 14.0343 225.556 -8.70855 5.1518 78.1742 -0.525865 -13 4045 1 0 1
-33.3615 -37.3568 225.556 -10.4245 -9.89731 61.5782 0.964506 -13 4046 1 0 1
-28.2901 -7.97926 225.556 -6.05222 -1.63385 43.9493 0.971828 -13 4047 1 0 1
34.0562 0.508329 225.556 7.00893 -0.120557 34.9752 2.37341 -13 4048 1 0 1
6.714 13.1314 225.556 1.69612 4.04726 75.5405 2.44038 -13 4049 1 0 1
-18.6514 -10.178 225.556 -6.81938 -2.78084 69.5012 1.08152 -13 4050 1 0 1
-5.89725 2.78603 225.556 -2.41128 0.970294 70.9495 1.97388 -13 4051 1 0 1
8.01105 -42.2809 225.556 2.56569 -11.3841 66.3054 1.75769 -13 4052 1 0 1
6.25868 30.9087 225.556 1.98704 7.1567 54.2185 2.20687 -13 4053 1 0 1
-43.7364 -43.3015 225.556 -14.6993 -11.6467 65.6911 0.790545 -13 4054 1 0 1
30.2787 -47.0636 225.556 9.35215 -12.2575 60.5661 2.60009 -13 4055 1 0 1
13.7516 -45.1306 225.556 4.35054 -12.9877 67.331 2.77954 -13 4056 1 0 1
36.0515 -0.623775 225.556 10.5426 0.39897 55.6015 1.2167 -13 4057 1 0 1
-38.8634 -18.8062 225.556 -14.2853 -6.61906 70.4704 1.87481 -13 4058 1 0 1
-20.467 -6.87056 225.556 -6.61147 -2.49858 62.8962 1.79697 -13 4059 1 0 1
4.53648 -15.5618 225.556 1.35909 -3.55908 63.1178 2.66354 -13 4060 1 0 1
18.3522 -15.6425 225.556 5.60369 -4.09526 56.5936 0.796125 -13 4062 1 0 1
16.0966 -42.5731 225.556 4.55988 -9.31452 52.1269 0.993673 -13 4063 1 0 1
0.573913 -26.4571 225.556 0.158035 -8.87673 67.7425 0.371495 -13 4064 1 0 1
8.78602 -1.91968 225.556 2.6284 -0.418916 67.7398 1.43441 -13 4065 1 0 1
2.17171 -13.5627 225.556 0.414285 -3.40541 70.1404 1.9255 -13 4066 1 0 1
17.6176 22.5438 225.556 5.74836 6.80174 68.2083 5.15556 -13 4067 1 0 1
16.4844 27.2842 225.556 5.45926 8.53054 71.449 -0.328462 -13 4068 1 0 1
-6.77544 -22.4561 225.556 -2.43509 -6.75545 66.6898 1.63526 -13 4069 1 0 1
4.58734 42.2585 225.556 0.999222 14.4326 71.6412 0.337056 -13 4070 1 0 1
0.802612 11.8813 225.556 0.249042 4.069 67.9768 -0.726963 -13 4071 1 0 1
-16.2243 -72.4852 225.556 -2.85178 -10.5527 37.3045 3.82596 -13 4072 1 0 1
-31.0626 16.8265 225.556 -11.1798 5.36796 69.5608 2.81549 -13 4073 1 0 1
9.29701 -16.6686 225.556 2.87818 -4.71228 56.643 -0.612696 -13 4074 1 0 1
8.78987 40.155 225.556 2.01876 5.45288 34.5787 0.888415 -13 4075 1 0 1
-22.7802 26.206 225.556 -4.78473 4.30123 43.293 1.3922 -13 4076 1 0 1
29.2939 -37.1001 225.556 7.21676 -6.76906 44.6673 0.471091 -13 4077 1 0 1
-45.6491 -28.688 225.556 -15.8113 -8.40768 67.7977 2.70967 -13 4078 1 0 1
2.58779 -0.0225114 225.556 1.03711 -0.276278 52.6754 1.22639 -13 4079 1 0 1
1.24425 -30.3457 225.556 -0.310863 -10.4432 76.0581 -0.846498 -13 4080 1 0 1
-13.4399 4.07033 225.556 -3.94038 0.764364 60.2421 1.79861 -13 4081 1 0 1
-5.82268 14.0709 225.556 -2.4159 4.3399 70.0139 1.18721 -13 4082 1 0 1
-11.2561 11.4309 225.556 -4.02107 2.70078 67.6872 2.1877 -13 4083 1 0 1
-26.0496 -14.075 225.556 -7.57902 -3.80477 57.9427 2.03974 -13 4084 1 0 1
69.2897 -7.13614 225.556 18.0642 -0.422911 49.5947 -0.434754 -13 4085 1 0 1
-11.7921 -23.7181 225.556 -3.36581 -5.74157 59.8409 -1.65917 -13 4086 1 0 1
59.9779 33.0053 225.556 15.3399 6.66558 48.1977 2.11241 -13 4087 1 0 1
8.19772 14.3759 225.556 2.5589 3.81041 64.2404 2.76742 -13 4088 1 0 1
0.182112 23.9556 225.556 0.369254 5.85184 52.3589 1.38014 -13 4089 1 0 1
-11.0298 -15.5961 225.556 -4.58603 -5.00743 74.4016 0.506217 -13 4090 1 0 1
-24.6168 -17.0576 225.556 -9.00426 -4.71491 69.5215 -0.108948 -13 4091 1 0 1
-6.09253 -44.4319 225.556 -1.79536 -11.4775 62.0705 0.893575 -13 4092 1 0 1
-8.31611 -23.4209 225.556 -4.27335 -7.44439 78.0323 0.487341 -13 4093 1 0 1
-35.1959 43.2174 225.556 -10.7949 10.9841 60.4579 0.0036271 -13 4094 1 0 1
-10.9619 44.1592 225.556 -3.20392 11.3871 61.039 1.97224 -13 4095 1 0 1
-19.7504 37.3194 225.556 -7.87013 12.4298 73.5736 1.34118 -13 4096 1 0 1
16.3962 -30.8198 225.556 5.37612 -9.92036 72.2581 0.720672 -13 4097 1 0 1
20.3281 20.5036 225.556 6.9778 7.43451 77.3666 -0.191331 -13 4098 1 0 1
-22.1605 -7.14024 225.556 -7.43892 -1.9329 66.3593 1.79216 -13 4099 1 0 1
48.6522 -14.219 225.556 15.6902 -4.20902 63.5713 -0.466365 -13 4100 1 0 1
2.5804 -8.65901 225.556 0.224615 -3.02612 75.2118 1.13072 -13 4101 1 0 1
-30.2178 22.8945 225.556 -11.6739 6.62457 73.5172 -0.471612 -13 4103 1 0 1
-39.4891 42.4484 225.556 -15.2148 13.6214 73.4232 0.0730375 -13 4105 1 0 1
-12.1013 55.2846 225.556 -4.94933 17.4325 73.3963 -0.663921 -13 4106 1 0 1
-25.2319 24.4361 225.556 -8.76682 6.33456 67.1604 2.38411 -13 4107 1 0 1
49.3604 5.02643 225.556 13.9045 1.02204 54.256 2.65229 -13 4108 1 0 1
-6.52573 15.7898 225.556 -2.87214 4.7547 72.4499 1.76271 -13 4109 1 0 1
3.29176 2.14332 225.556 1.04001 1.5774 65.5108 2.73568 -13 4110 1 0 1
-29.2537 -14.6697 225.556 -11.4842 -4.38354 73.8733 2.37797 -13 4111 1 0 1
-11.2247 25.8035 225.556 -2.58339 5.26013 48.3919 1.3048 -13 4112 1 0 1
-31.3173 4.15063 225.556 -8.2029 0.955111 52.9204 2.8641 -13 4113 1 0 1
54.0871 1.6888 225.556 9.59871 0.414743 31.2262 1.24782 -13 4114 1 0 1
-84.3826 -21.2851 225.556 -26.6049 -5.27216 61.0366 3.44848 -13 4115 1 0 1
-26.3935 10.5412 225.556 -10.4711 3.28458 74.1734 2.48487 -13 4116 1 0 1
-62.718 19.5308 225.556 -25.5817 6.10608 75.4751 1.64061 -13 4117 1 0 1
23.1597 -14.4833 225.556 7.86124 -4.23798 71.2668 4.00572 -13 4118 1 0 1
-36.1169 -13.393 225.556 -14.5628 -4.98703 76.0122 1.29669 -13 4119 1 0 1
79.5565 -15.3345 225.556 26.7461 -3.65407 67.7794 0.110363 -13 4120 1 0 1
-30.1245 -17.4476 225.556 -9.10566 -4.89447 59.6777 1.05842 -13 4122 1 0 1
26.0235 30.6103 225.556 7.93537 7.6609 57.6426 -0.0888713 -13 4123 1 0 1
7.0453 -23.5633 225.556 2.10003 -4.68212 49.5414 1.29467 -13 4124 1 0 1
-28.7276 12.7955 225.556 -10.3471 3.50807 68.9952 -4.7953e-05 -13 4125 1 0 1
10.4289 19.8373 225.556 3.38017 5.99686 69.6354 -0.128668 -13 4126 1 0 1
-18.094 -59.6468 225.556 -4.02794 -11.3931 46.5602 1.2423 -13 4127 1 0 1
89.6295 -9.50792 225.556 20.612 -1.81661 42.2759 -1.20239 -13 4128 1 0 1
37.8408 17.8321 225.556 9.62505 3.64781 47.5066 2.46228 -13 4130 1 0 1
-42.6032 11.1516 225.556 -12.5503 3.12792 58.1636 1.67146 -13 4131 1 0 1
86.9569 -65.3439 225.556 18.7798 -10.2623 39.2392 0.0794406 -13 4133 1 0 1
12.0178 5.16381 225.556 3.85662 1.16123 59.4953 2.65589 -13 4134 1 0 1
-1.82333 31.5542 225.556 -1.42761 9.79152 75.0283 0.752546 -13 4135 1 0 1
-37.029 17.831 225.556 -8.6141 3.66052 45.6047 -0.703351 -13 4136 1 0 1
-87.5225 -79.5506 225.556 -19.9807 -13.0047 43.1589 1.63743 -13 4137 1 0 1
11.5635 -56.3161 225.556 3.27914 -12.7565 53.6049 1.79035 -13 4138 1 0 1
-1.12844 -25.2144 225.556 -0.217619 -6.11258 57.5656 1.43271 -13 4139 1 0 1
-16.5612 -2.11158 225.556 -7.37798 -0.42193 78.0367 1.03716 -13 4140 1 0 1
-5.4436 4.87362 225.556 -2.28408 1.97177 70.3995 -1.69624 -13 4141 1 0 1
16.1031 -42.1724 225.556 3.91682 -6.50033 43.0053 0.951259 -13 4142 1 0 1
-17.8197 -38.7991 225.556 -4.81365 -8.64002 54.728 0.114609 -13 4143 1 0 1
-13.6177 12.8459 225.556 -4.34815 3.86159 63.4508 2.66623 -13 4144 1 0 1
23.1594 -19.6419 225.556 7.81217 -5.62479 70.6253 1.72557 -13 4145 1 0 1
17.4071 104.442 225.556 4.0176 16.2477 40.2588 3.84587 -13 4146 1 0 1
-21.9541 -20.2715 225.556 -7.77736 -5.28 68.1041 0.542661 -13 4147 1 0 1
9.02649 -10.7113 225.556 2.67045 -3.79774 77.1187 0.539596 -13 4148 1 0 1
18.1001 -14.6538 225.556 5.91746 -4.10491 67.6045 1.1378 -13 4149 1 0 1
12.4616 6.36611 225.556 3.86503 1.29877 58.9501 1.1257 -13 4150 1 0 1
8.23592 18.7007 225.556 2.55212 4.37853 51.6127 2.91983 -13 4151 1 0 1
-20.2913 -1.97059 225.556 -7.14759 -0.466204 68.2273 2.69634 -13 4152 1 0 1
-13.0805 -25.1255 225.556 -3.63535 -6.74462 56.3729 0.785544 -13 4153 1 0 1
55.7662 13.6001 225.556 14.9758 3.23069 50.2399 0.988418 -13 4154 1 0 1
-21.4815 -37.6257 225.556 -7.56049 -10.8906 67.2242 -0.8756 -13 4155 1 0 1
0.784821 -3.38223 225.556 -0.189752 -1.10482 71.0258 1.09889 -13 4156 1 0 1
36.6111 21.7688 225.556 12.4222 6.91982 70.7064 2.70952 -13 4157 1 0 1
-16.3041 -14.9326 225.556 -5.19724 -3.61751 63.2459 1.81343 -13 4158 1 0 1
-2.73447 5.55469 225.556 -0.367838 1.37174 48.4899 1.52655 -13 4159 1 0 1
3.25745 -5.07779 225.556 0.820659 -1.05086 69.7673 1.88269 -13 4160 1 0 1
-10.8034 -36.9285 225.556 -3.27464 -8.61755 60.3763 2.90759 -13 4161 1 0 1
34.6237 20.915 225.556 11.8073 6.39473 69.7751 0.344236 -13 4162 1 0 1
-10.0678 2.05983 225.556 -4.84716 0.52227 78.0479 0.524262 -13 4163 1 0 1
65.0367 1.71744 225.556 16.7128 0.404642 48.4611 1.42552 -13 4164 1 0 1
57.754 10.1709 225.556 16.9846 2.7619 56.5409 0.0874784 -13 4165 1 0 1
8.16617 6.2298 225.556 2.68959 1.53572 57.5971 2.09054 -13 4166 1 0 1
31.6587 22.0505 225.556 10.1083 6.36148 64.3227 3.486 -13 4167 1 0 1
-1.28039 -37.5065 225.556 -0.374732 -9.79831 63.0258 1.12282 -13 4168 1 0 1
-78.6357 16.3063 225.556 -12.6363 2.03205 30.3781 3.4814 -13 4169 1 0 1
28.0968 -0.596443 225.556 8.75749 0.0198523 59.8398 2.20395 -13 4170 1 0 1
-4.65125 -19.4296 225.556 -1.71211 -6.10231 66.6412 -0.642147 -13 4171 1 0 1
-6.84838 5.92717 225.556 -2.23807 2.11043 63.0734 1.579 -13 4172 1 0 1
12.8617 42.1407 225.556 4.14001 12.2279 69.7549 1.38217 -13 4173 1 0 1
12.6115 18.0904 225.556 3.81573 4.57176 56.8806 1.85921 -13 4174 1 0 1
-30.2895 -25.6577 225.556 -9.0846 -6.61129 59.9125 1.86997 -13 4175 1 0 1
-0.506873 11.5189 225.556 -0.182849 3.23698 67.009 -0.65459 -13 4176 1 0 1
38.9407 -8.96651 225.556 10.9648 -2.14397 53.6959 0.047626 -13 4177 1 0 1
-46.8676 -34.8272 225.556 -12.6896 -7.62711 53.3611 2.706 -13 4178 1 0 1
-26.93 -31.2781 225.556 -9.76217 -8.5163 69.1067 -0.0500585 -13 4179 1 0 1
23.7433 -0.923123 225.556 7.69902 0.0489225 64.9436 1.69622 -13 4180 1 0 1
7.75525 9.66808 225.556 1.97745 3.93386 78.1194 1.32149 -13 4181 1 0 1
11.9006 26.232 225.556 3.90162 7.55388 67.2806 -1.53792 -13 4182 1 0 1
23.8425 17.5691 225.556 7.92771 5.64387 68.7323 2.40603 -13 4183 1 0 1
-6.16719 7.01992 225.556 -2.59191 2.1929 70.4511 -1.55836 -13 4184 1 0 1
-7.12716 -4.34667 225.556 -2.5626 -0.998253 66.8265 1.42009 -13 4185 1 0 1
-8.70278 46.9671 225.556 -3.24325 12.8873 67.2479 0.604105 -13 4186 1 0 1
19.4482 -6.19225 225.556 6.47029 -1.12471 68.4937 1.27252 -13 4187 1 0 1
73.5789 15.7911 225.556 18.5447 3.42654 47.5339 2.85621 -13 4188 1 0 1
-3.93603 18.0708 225.556 -2.5197 5.19399 78.6802 0.15946 -13 4189 1 0 1
14.1241 -4.65841 225.556 4.49886 -0.85729 57.7279 3.12496 -13 4190 1 0 1
-11.4066 -47.7017 225.556 -2.72626 -10.0679 52.0375 0.991771 -13 4191 1 0 1
10.8097 -40.9075 225.556 3.1302 -14.6524 79.6767 0.310891 -13 4192 1 0 1
-16.6774 -17.6079 225.556 -6.23771 -5.19585 70.1645 1.83431 -13 4193 1 0 1
-23.8571 51.3125 225.556 -5.6003 10.0376 47.8195 2.10356 -13 4194 1 0 1
-15.848 -38.4818 225.556 -3.67259 -8.47305 49.9078 1.4306 -13 4195 1 0 1
-10.1967 -0.390249 225.556 -5.50853 -0.114878 80.4264 0.758525 -13 4196 1 0 1
-3.65428 -11.4036 225.556 -1.41706 -2.7605 69.3669 3.7169 -13 4197 1 0 1
-6.72588 4.90176 225.556 -3.19116 1.1789 74.5195 1.69486 -13 4198 1 0 1
39.4882 -7.44684 225.556 11.6662 -1.59527 57.1248 1.35617 -13 4199 1 0 1
-4.95919 -7.58987 225.556 -2.87865 -0.905265 77.9068 2.18923 -13 4200 1 0 1
-24.0514 8.97312 225.556 -5.93416 2.01953 49.773 2.67597 -13 4201 1 0 1
0.130087 26.9702 225.556 0.201242 7.28108 57.7199 2.80444 -13 4202 1 0 1
-68.5154 39.5983 225.556 -21.2973 10.0946 60.8386 1.66927 -13 4203 1 0 1
-18.9233 -4.56717 225.556 -6.07071 -1.97896 64.2992 -0.152032 -13 4204 1 0 1
-43.0473 -5.19582 225.556 -13.2741 -1.69123 60.7475 0.597618 -13 4205 1 0 1
-46.4025 -9.85197 225.556 -16.7132 -3.06145 69.7602 3.68068 -13 4206 1 0 1
-6.14317 11.7359 225.556 -2.56294 3.35593 71.2467 0.996334 -13 4207 1 0 1
-9.93323 7.7107 225.556 -3.62237 2.12204 68.4868 1.04416 -13 4208 1 0 1
-41.7306 -14.0557 225.556 -14.5364 -3.91295 67.4963 -0.519682 -13 4210 1 0 1
-21.3108 -6.19791 225.556 -8.14543 -1.56783 72.4604 0.0902882 -13 4211 1 0 1
-10.9049 29.8824 225.556 -4.26407 10.2147 71.5429 1.11931 -13 4212 1 0 1
10.7998 -30.2411 225.556 3.43917 -9.72909 70.0818 1.56636 -13 4213 1 0 1
-1.74876 27.9281 225.556 -0.108475 5.94222 49.6397 2.42782 -13 4214 1 0 1
-46.5078 12.0114 225.556 -13.6263 1.86814 57.9055 1.50717 -13 4215 1 0 1
34.9283 5.28709 225.556 10.4929 1.57 58.4674 2.31464 -13 4216 1 0 1
60.3439 -0.887191 225.556 13.9868 -0.422553 42.8839 2.54831 -13 4217 1 0 1
-30.221 6.40923 225.556 -6.59501 0.413487 43.5616 1.98469 -13 4218 1 0 1
-15.759 17.3943 225.556 -5.4403 4.90414 66.0671 -0.0199015 -13 4219 1 0 1
5.69565 -3.99029 225.556 1.5455 -0.462521 72.453 1.80408 -13 4220 1 0 1
-15.9913 -10.8504 225.556 -5.85149 -3.32715 69.3019 0.0499674 -13 4221 1 0 1
-22.2396 -81.3062 225.556 -6.40266 -18.7385 56.4992 0.742728 -13 4222 1 0 1
-33.6794 8.40527 225.556 -13.4279 3.62164 75.6068 0.448339 -13 4223 1 0 1
24.6935 -12.172 225.556 7.987 -3.35433 66.7331 3.60005 -13 4224 1 0 1
-23.2267 24.0578 225.556 -8.87384 7.97359 72.8214 3.03212 -13 4225 1 0 1
-17.9264 -18.3875 225.556 -6.11157 -5.12057 65.4023 1.55328 -13 4226 1 0 1
4.59318 11.2935 225.556 1.35166 3.19819 67.3313 5.49599 -13 4227 1 0 1
-29.1692 26.8758 225.556 -7.40265 5.75938 51.1489 0.0497303 -13 4228 1 0 1
4.23973 -8.8472 225.556 1.20442 -3.41122 68.7115 1.52947 -13 4229 1 0 1
-19.4089 -11.4063 225.556 -5.98698 -2.65535 60.7329 0.888009 -13 4230 1 0 1
3.19645 67.9802 225.556 0.770507 20.1103 66.5811 0.733508 -13 4231 1 0 1
3.70809 12.7341 225.556 1.04795 1.5567 35.2836 2.66016 -13 4232 1 0 1
-23.2402 19.0868 225.556 -7.8422 5.08955 66.0224 1.85439 -13 4233 1 0 1
21.5832 -16.0046 225.556 7.33069 -5.48317 72.3331 0.72672 -13 4234 1 0 1
-28.4506 -72.1329 225.556 -7.17268 -14.5971 50.0398 1.94626 -13 4235 1 0 1
-10.3213 10.5063 225.556 -3.69868 3.95943 67.375 2.22327 -13 4236 1 0 1
-40.3209 -16.7186 225.556 -13.1622 -4.24955 64.3028 1.10637 -13 4237 1 0 1
15.319 26.7945 225.556 4.83869 8.19689 64.2417 1.70061 -13 4238 1 0 1
-13.5123 -17.5647 225.556 -5.58079 -6.48692 73.8844 0.808271 -13 4239 1 0 1
-26.7829 -12.0546 225.556 -8.81201 -3.17083 64.718 2.89274 -13 4240 1 0 1
-6.20897 -16.5292 225.556 -3.9216 -5.96933 80.3795 1.89964 -13 4241 1 0 1
-0.456952 -54.0869 225.556 -1.31514 -18.3499 77.4389 1.9536 -13 4242 1 0 1
7.03942 -32.595 225.556 2.25105 -7.93949 61.8899 1.93056 -13 4243 1 0 1
-30.9951 -43.9037 225.556 -8.45 -11.1166 54.2355 0.574337 -13 4244 1 0 1
-35.8038 -27.9569 225.556 -8.65168 -5.06202 48.3814 0.621058 -13 4245 1 0 1
-7.70789 -18.8028 225.556 -3.38366 -5.18205 72.6955 0.743349 -13 4246 1 0 1
-21.7409 41.392 225.556 -7.82831 11.744 68.8534 2.63617 -13 4247 1 0 1
-44.3525 -19.9055 225.556 -15.7104 -6.41347 69.2839 2.19904 -13 4248 1 0 1
13.1434 -17.5538 225.556 3.77739 -3.35892 51.7276 2.01615 -13 4249 1 0 1
29.6616 -0.454163 225.556 7.57917 0.22956 46.2546 2.78736 -13 4250 1 0 1
-2.76421 -28.4167 225.556 -1.01425 -8.22206 63.0564 -0.0670186 -13 4251 1 0 1
12.0037 6.80088 225.556 3.88429 1.38124 65.7031 0.746659 -13 4252 1 0 1
-16.4925 -42.4016 225.556 -6.14712 -13.3414 69.8714 0.918101 -13 4253 1 0 1
3.80388 25.6101 225.556 -0.0113341 9.0236 79.315 0.29311 -13 4254 1 0 1
11.4277 -15.5259 225.556 3.91816 -4.86081 57.4151 1.96417 -13 4255 1 0 1
19.2236 -34.8871 225.556 6.21581 -9.89649 64.7989 1.64269 -13 4256 1 0 1
11.3686 -4.63756 225.556 3.62824 -1.16561 60.78 3.61361 -13 4257 1 0 1
17.5689 -22.6387 225.556 5.5759 -5.7984 60.2362 0.186549 -13 4258 1 0 1
2.99689 -10.1202 225.556 0.376156 -4.12971 76.7794 3.23549 -13 4259 1 0 1
-7.42282 -25.9728 225.556 -3.01707 -7.11606 70.3449 2.70428 -13 4260 1 0 1
11.1781 -40.2323 225.556 2.74195 -6.46917 38.869 2.08332 -13 4261 1 0 1
-6.79426 25.0367 225.556 -3.28155 9.21299 75.6941 1.37946 -13 4262 1 0 1
-23.3274 30.1968 225.556 -7.11314 6.92033 61.4729 0.60931 -13 4263 1 0 1
-38.2625 -27.1994 225.556 -12.4126 -7.79625 64.4357 0.511172 -13 4264 1 0 1
-28.7195 6.11336 225.556 -12.6038 2.74697 78.4709 0.419186 -13 4265 1 0 1
-18.5564 56.3725 225.556 -6.56318 16.5583 66.5053 2.18401 -13 4266 1 0 1
-2.1765 14.0959 225.556 -1.76485 4.99174 77.941 3.02158 -13 4267 1 0 1
-18.0944 4.62171 225.556 -4.9046 1.56851 55.7674 1.22717 -13 4268 1 0 1
-31.859 -16.6851 225.556 -8.9131 -4.40691 55.9878 0.0372507 -13 4269 1 0 1
4.30281 26.8687 225.556 1.34904 7.61769 64.7172 1.54801 -13 4270 1 0 1
8.26643 9.42065 225.556 2.62055 2.26652 59.3205 -0.607468 -13 4271 1 0 1
43.8263 -8.23081 225.556 14.1779 -3.21516 64.9675 1.83658 -13 4272 1 0 1
-19.1634 9.74232 225.556 -6.34558 2.2367 65.1241 0.83949 -13 4273 1 0 1
-32.7674 -43.5606 225.556 -8.37584 -9.25578 51.6765 2.35333 -13 4275 1 0 1
-17.3316 23.29 225.556 -4.49965 5.08622 54.3797 1.17488 -13 4276 1 0 1
-16.638 -3.97786 225.556 -7.67762 -1.06897 80.054 1.94159 -13 4277 1 0 1
-53.8877 -5.71431 225.556 -16.7078 -0.330695 60.7551 0.696324 -13 4278 1 0 1
2.11608 24.1323 225.556 0.248759 7.54462 72.3058 2.33814 -13 4279 1 0 1
3.12464 -26.5839 225.556 1.07427 -6.74423 56.8074 1.11535 -13 4280 1 0 1
-15.4101 -46.0142 225.556 -4.20698 -11.7276 55.9996 0.453915 -13 4281 1 0 1
-1.1418 -7.85358 225.556 -0.207465 -2.4031 59.8398 1.37419 -13 4282 1 0 1
-17.3002 -27.5819 225.556 -7.4189 -8.63805 77.3326 -0.582103 -13 4283 1 0 1
-8.31908 14.639 225.556 -3.51648 4.29286 71.0913 1.5615 -13 4284 1 0 1
4.40612 0.583015 225.556 1.48995 -0.257443 57.4635 1.76105 -13 4285 1 0 1
26.1603 -23.5158 225.556 8.33458 -6.69169 66.2708 1.46855 -13 4286 1 0 1
10.1875 3.68121 225.556 3.30552 0.719565 60.1574 2.45089 -13 4287 1 0 1
-11.1235 55.919 225.556 -2.86826 12.8216 54.4575 1.36064 -13 4288 1 0 1
22.2078 4.58908 225.556 7.46957 1.64086 72.1912 1.2075 -13 4290 1 0 1
-15.756 -16.6228 225.556 -5.85697 -4.70617 71.818 2.21063 -13 4291 1 0 1
1.4861 5.80255 225.556 -0.389676 1.75078 77.5013 3.09706 -13 4292 1 0 1
-35.0086 -28.6899 225.556 -13.4815 -8.786 73.7209 0.466198 -13 4293 1 0 1
-21.4339 5.80141 225.556 -7.79614 1.02647 69.3214 1.27467 -13 4294 1 0 1
-26.7736 -10.5639 225.556 -8.39344 -3.10094 61.7728 -0.632313 -13 4295 1 0 1
-26.4236 13.0911 225.556 -9.75665 3.4817 71.2611 1.79538 -13 4296 1 0 1
-14.0086 10.5052 225.556 -3.6681 2.56474 54.905 1.62336 -13 4297 1 0 1
-18.6415 -11.0578 225.556 -6.3442 -3.26169 65.9866 1.27811 -13 4298 1 0 1
18.0722 10.7157 225.556 4.75713 1.94176 46.9901 1.24329 -13 4299 1 0 1
-10.0184 -21.5685 225.556 -4.74716 -6.79775 77.7639 3.97117 -13 4300 1 0 1
54.2737 33.5019 225.556 13.7988 6.74339 48.0497 3.63726 -13 4301 1 0 1
24.9165 15.9307 225.556 6.69629 3.25687 49.7288 2.03427 -13 4302 1 0 1
-22.2851 14.9999 225.556 -7.25202 4.37802 63.8307 1.78234 -13 4303 1 0 1
19.7305 2.244 225.556 6.61871 1.1124 66.9101 -1.51488 -13 4304 1 0 1
40.0666 -2.38034 225.556 8.91905 -0.0555444 39.6476 1.36514 -13 4305 1 0 1
-11.2311 33.1379 225.556 -3.70199 9.09658 64.0987 1.19314 -13 4306 1 0 1
-16.8433 -3.99461 225.556 -5.57739 -0.714788 64.8739 2.79729 -13 4307 1 0 1
-11.41 26.9166 225.556 -4.72863 8.99172 72.8906 3.96004 -13 4308 1 0 1
25.3063 -0.222079 225.556 8.5185 -0.704811 70.2708 0.404748 -13 4309 1 0 1
12.6282 15.0959 225.556 3.97204 3.08493 58.5124 1.50681 -13 4310 1 0 1
86.5094 -8.72738 225.556 16.5155 -1.33241 34.2403 0.641282 -13 4311 1 0 1
-55.7632 11.5655 225.556 -21.3381 3.5833 73.542 1.61948 -13 4312 1 0 1
11.2915 -8.85787 225.556 3.54793 -2.41942 64.4281 0.731608 -13 4313 1 0 1
10.6031 -30.3673 225.556 3.29296 -7.49677 60.063 1.88436 -13 4314 1 0 1
-33.4514 32.567 225.556 -7.73771 6.35154 46.6156 2.38316 -13 4315 1 0 1
9.14166 3.11181 225.556 2.95015 0.354167 62.0105 0.41583 -13 4316 1 0 1
13.389 39.1657 225.556 4.22517 11.1182 66.2714 2.63631 -13 4317 1 0 1
3.39132 -73.7595 225.556 1.10615 -14.2503 47.0217 2.07398 -13 4318 1 0 1
4.9275 14.8683 225.556 1.36724 4.98563 74.3076 0.807118 -13 4319 1 0 1
42.487 41.3524 225.556 14.0112 12.1749 67.2146 1.11039 -13 4320 1 0 1
-19.0036 15.3984 225.556 -7.21004 3.74682 70.8102 2.13966 -13 4321 1 0 1
1.4012 6.28956 225.556 -0.011371 2.04442 72.153 0.111088 -13 4322 1 0 1
7.8352 -23.5028 225.556 2.35597 -6.81942 70.5933 -0.025972 -13 4323 1 0 1
34.0905 7.58709 225.556 4.87184 0.296432 23.6434 2.57093 -13 4324 1 0 1
18.7992 -38.9362 225.556 6.08813 -11.2809 66.4829 2.31054 -13 4325 1 0 1
12.7749 -27.3716 225.556 4.05778 -8.35619 66.5731 0.870134 -13 4326 1 0 1
39.7238 42.7161 225.556 8.12391 5.90843 37.131 1.28164 -13 4327 1 0 1
-47.4141 8.30267 225.556 -19.2534 2.22941 76.9236 0.287351 -13 4328 1 0 1
74.8404 -30.5951 225.556 23.7908 -8.91725 63.3847 -0.702324 -13 4329 1 0 1
-11.1392 5.87973 225.556 -4.16425 1.04889 68.9515 0.0221755 -13 4330 1 0 1
-6.73249 29.8948 225.556 -1.74313 6.56851 56.0793 1.26892 -13 4331 1 0 1
-39.0038 -22.837 225.556 -10.1951 -4.24653 52.1277 2.10334 -13 4332 1 0 1
39.2806 -13.3169 225.556 12.1082 -4.23642 60.7664 -0.453619 -13 4333 1 0 1
-7.47116 7.93132 225.556 -1.56559 1.29767 51.3613 0.213997 -13 4334 1 0 1
-24.583 -11.6828 225.556 -6.84052 -3.24738 57.125 1.18119 -13 4335 1 0 1
-14.6661 44.7868 225.556 -7.43613 15.3781 77.6253 -0.29231 -13 4336 1 0 1
0.750192 -33.6432 225.556 0.454752 -8.53272 58.9553 0.96411 -13 4337 1 0 1
14.7726 -1.22713 225.556 4.03466 0.389354 47.5565 0.396693 -13 4338 1 0 1
7.2582 -16.4013 225.556 2.28596 -4.09675 56.1698 1.24648 -13 4339 1 0 1
14.2978 -1.14668 225.556 4.74375 -0.710013 72.8744 1.95063 -13 4340 1 0 1
-12.3128 -18.4142 225.556 -4.98387 -6.37895 73.4482 1.96867 -13 4341 1 0 1
-10.8608 32.3007 225.556 -3.15846 7.89833 58.2137 0.304923 -13 4342 1 0 1
9.07797 0.216486 225.556 2.80373 0.0174786 66.3945 2.51696 -13 4343 1 0 1
-14.3089 13.3518 225.556 -6.19458 4.22799 74.9851 -0.625677 -13 4344 1 0 1
10.1464 -15.0987 225.556 3.18881 -5.33861 70.7952 1.7295 -13 4345 1 0 1
-55.9885 -8.79831 225.556 -15.568 -1.29493 54.8029 -0.0376313 -13 4346 1 0 1
49.3531 14.1446 225.556 5.17886 0.504349 16.0589 5.68761 -13 4347 1 0 1
-0.621292 3.74124 225.556 -0.145165 0.765856 61.3974 4.4827 -13 4348 1 0 1
-24.4582 51.0838 225.556 -7.66897 13.5291 61.6493 2.45752 -13 4349 1 0 1
-8.11737 34.7046 225.556 -1.88354 7.47967 54.2682 1.96427 -13 4350 1 0 1
1.74518 -8.49984 225.556 0.286974 -2.04719 67.5364 1.59009 -13 4351 1 0 1
13.2496 2.90736 225.556 4.05793 1.00093 56.1688 2.25206 -13 4352 1 0 1
15.6549 -3.4842 225.556 4.24762 -1.03339 47.0852 2.30485 -13 4353 1 0 1
37.9891 -6.01009 225.556 11.9198 -1.05782 60.5583 2.15085 -13 4354 1 0 1
-1.90669 6.55391 225.556 -1.39777 2.18235 74.9179 0.962904 -13 4355 1 0 1
-24.5704 -5.69629 225.556 -8.52091 -1.94659 67.1044 1.56275 -13 4356 1 0 1
-22.1066 -13.7661 225.556 -9.20196 -4.66053 76.9514 0.125676 -13 4357 1 0 1
-12.7064 -19.7484 225.556 -4.71707 -5.47831 69.5219 0.144906 -13 4358 1 0 1
-7.83427 4.154 225.556 -3.05295 1.76347 69.663 2.78186 -13 4359 1 0 1
10.615 -29.0154 225.556 3.21255 -6.5034 55.5204 0.174203 -13 4360 1 0 1
-12.767 -34.1601 225.556 -5.63324 -11.0609 75.7093 2.58706 -13 4361 1 0 1
-0.0973894 18.1951 225.556 -0.383617 6.28254 67.6583 1.74605 -13 4362 1 0 1
9.80822 -33.1684 225.556 2.95545 -8.76161 59.6383 2.05967 -13 4363 1 0 1
15.882 29.0922 225.556 4.7746 6.89769 57.1289 2.47898 -13 4364 1 0 1
50.3116 -17.2465 225.556 13.9037 -4.04912 52.8021 4.04468 -13 4366 1 0 1
21.4751 3.61762 225.556 7.23194 1.60914 69.8205 0.912688 -13 4367 1 0 1
13.1147 -55.7453 225.556 3.56856 -10.6896 47.4645 3.24762 -13 4368 1 0 1
-5.6357 -12.8432 225.556 -2.24848 -3.46545 69.3974 -0.0848823 -13 4369 1 0 1
15.2535 -34.248 225.556 4.64657 -8.64561 58.5789 -0.745377 -13 4370 1 0 1
-1.52406 30.9792 225.556 -0.902736 9.20699 71.2852 2.26395 -13 4371 1 0 1
11.6728 -14.6369 225.556 3.47497 -2.90504 54.7308 -0.36118 -13 4372 1 0 1
-29.2491 -3.92639 225.556 -8.64319 -0.118753 59.3147 -1.02359 -13 4373 1 0 1
55.6082 -100.438 225.556 11.8947 -14.6605 37.8099 4.01106 -13 4374 1 0 1
-5.26226 -18.0172 225.556 -1.80864 -5.99158 66.424 0.887362 -13 4375 1 0 1
-10.8263 27.5284 225.556 -3.85135 8.21311 68.2526 2.47025 -13 4376 1 0 1
-24.7848 -34.6954 225.556 -7.52162 -9.81033 60.52 3.47037 -13 4377 1 0 1
-73.1176 84.4711 225.556 -19.9418 18.1402 52.6052 3.20561 -13 4378 1 0 1
44.9395 14.2802 225.556 13.3802 3.78599 57.6478 1.30554 -13 4379 1 0 1
16.1111 -12.3183 225.556 5.31929 -3.92407 72.4578 0.386488 -13 4380 1 0 1
11.6636 19.241 225.556 3.67633 6.3468 68.2321 2.17282 -13 4381 1 0 1
-24.1669 -9.52664 225.556 -7.01913 -1.74857 58.638 -0.252009 -13 4382 1 0 1
22.9952 5.18682 225.556 7.17631 1.2168 62.7061 1.69387 -13 4383 1 0 1
36.5115 3.57068 225.556 12.7786 1.35752 78.3703 1.69198 -13 4384 1 0 1
0.891759 1.41493 225.556 0.0129872 0.376206 68.575 2.39452 -13 4385 1 0 1
-20.5663 0.181646 225.556 -6.84089 -0.378856 65.1279 2.60505 -13 4386 1 0 1
-52.3916 55.7123 225.556 -18.1761 16.4049 67.0464 1.51179 -13 4387 1 0 1
-13.012 -50.4737 225.556 -4.03658 -13.2308 61.6587 2.35169 -13 4388 1 0 1
7.06736 -18.2677 225.556 2.12137 -3.97583 46.2428 1.97814 -13 4389 1 0 1
-22.9352 -18.019 225.556 -5.11728 -3.33335 45.5884 2.56753 -13 4390 1 0 1
-19.994 23.0505 225.556 -6.99799 6.4586 67.7362 -0.146302 -13 4391 1 0 1
22.4592 -33.297 225.556 6.49458 -7.35148 52.7135 3.47733 -13 4392 1 0 1
0.954684 18.4307 225.556 -0.110319 5.72047 71.5714 0.234736 -13 4393 1 0 1
4.70137 42.3414 225.556 1.45721 10.8467 58.7505 -0.114254 -13 4394 1 0 1
-57.425 -10.6873 225.556 -18.0773 -3.60601 61.6382 1.88226 -13 4395 1 0 1
-20.9886 9.13488 225.556 -6.2865 2.57418 60.6458 1.55922 -13 4396 1 0 1
-10.6888 20.4724 225.556 -3.89951 5.38351 70.195 1.10651 -13 4397 1 0 1
4.32347 -7.70681 225.556 1.39808 -2.23715 61.0716 2.51875 -13 4398 1 0 1
5.91106 -40.9387 225.556 1.81617 -8.23003 48.2196 1.82649 -13 4399 1 0 1
-2.14724 24.2333 225.556 -0.822098 7.94229 66.1386 2.98933 -13 4400 1 0 1
-17.5898 -26.9334 225.556 -6.93228 -8.61745 73.1488 -0.0721019 -13 4401 1 0 1
-29.1126 8.87769 225.556 -7.86338 2.45346 54.4874 0.104891 -13 4402 1 0 1
29.7108 -12.6048 225.556 9.53968 -3.768 62.6986 3.25279 -13 4403 1 0 1
-12.083 -0.818438 225.556 -2.68579 0.417313 48.4688 1.20867 -13 4404 1 0 1
18.3039 5.82829 225.556 5.40539 1.02613 56.5239 2.96784 -13 4405 1 0 1
12.1095 -23.8587 225.556 3.95822 -7.69296 68.6187 2.95356 -13 4406 1 0 1
2.70203 17.2101 225.556 1.10177 3.82495 52.0607 3.51059 -13 4408 1 0 1
63.4115 22.5217 225.556 20.2107 5.46897 64.0872 1.12213 -13 4409 1 0 1
-19.2841 17.1973 225.556 -4.85197 3.99254 51.1881 1.31942 -13 4410 1 0 1
-8.16857 28.274 225.556 -1.99538 6.42172 54.3811 1.24657 -13 4411 1 0 1
5.06764 -1.90248 225.556 1.59575 0.328204 67.517 1.74607 -13 4412 1 0 1
-4.07533 -16.8254 225.556 -1.66099 -5.14226 69.8238 2.68078 -13 4413 1 0 1
12.8476 -2.6225 225.556 4.02132 -0.644802 81.4881 0.740993 -13 4414 1 0 1
9.74461 -4.11097 225.556 3.1535 -1.46301 66.8043 0.883307 -13 4415 1 0 1
61.7738 -0.908015 225.556 15.5097 0.145633 46.3697 0.192713 -13 4416 1 0 1
77.6233 2.55727 225.556 21.3289 -0.337245 52.5429 2.39973 -13 4417 1 0 1
-44.8182 -2.05826 225.556 -12.345 -0.520945 55.0921 -0.215864 -13 4418 1 0 1
-44.9303 17.4051 225.556 -16.5907 5.38266 71.4681 0.149432 -13 4419 1 0 1
-13.325 -11.3412 225.556 -5.41652 -2.65647 73.027 1.22416 -13 4420 1 0 1
2.66084 1.29151 225.556 0.761329 -0.0603241 65.0661 -0.453205 -13 4421 1 0 1
-2.20102 3.44086 225.556 -0.231945 0.845717 50.9505 2.6647 -13 4422 1 0 1
31.0042 -27.706 225.556 7.74933 -5.47208 46.2118 0.821616 -13 4423 1 0 1
6.60483 -29.0638 225.556 1.73883 -4.70815 41.7802 3.84013 -13 4424 1 0 1
-46.5592 -1.52709 225.556 -13.0922 -0.164241 55.4493 2.72601 -13 4425 1 0 1
-25.2494 -4.10456 225.556 -8.5463 -1.11682 66.4434 0.151559 -13 4426 1 0 1
24.4888 -36.477 225.556 7.04316 -7.56002 54.2431 3.50122 -13 4428 1 0 1
-4.85456 -11.7448 225.556 -1.70226 -3.19357 66.6501 2.23622 -13 4429 1 0 1
-29.1108 -24.2399 225.556 -8.33171 -5.85158 57.5716 -0.738356 -13 4430 1 0 1
-13.0334 29.7264 225.556 -4.7404 7.69351 69.2975 1.13722 -13 4431 1 0 1
59.7516 -6.53365 225.556 17.9941 -0.989054 58.6559 0.609445 -13 4432 1 0 1
-6.69634 -24.9528 225.556 -1.92582 -6.7002 61.746 -0.0444625 -13 4433 1 0 1
-23.1856 -19.0445 225.556 -7.88557 -5.2546 66.7778 2.07969 -13 4434 1 0 1
19.0029 -0.622794 225.556 6.18868 -0.898469 64.6586 2.85941 -13 4435 1 0 1
-62.9102 -47.5227 225.556 -20.3374 -12.8933 62.816 2.15105 -13 4436 1 0 1
60.3029 22.7682 225.556 10.2732 2.46508 29.4909 4.57193 -13 4437 1 0 1
12.3827 21.0976 225.556 3.91963 5.5719 61.5414 1.26607 -13 4438 1 0 1
-25.3097 -29.3567 225.556 -9.37688 -8.7884 70.2692 0.718237 -13 4439 1 0 1
-27.7835 -10.5744 225.556 -9.22675 -3.46848 65.3911 2.3712 -13 4440 1 0 1
29.9759 -0.131781 225.556 9.61192 -0.69224 64.9416 1.43017 -13 4441 1 0 1
36.6859 32.176 225.556 10.2719 7.87469 54.2266 3.32 -13 4442 1 0 1
-7.52981 6.24291 225.556 -2.40826 1.89544 63.2847 2.28085 -13 4443 1 0 1
-4.66911 2.62854 225.556 -1.39859 0.193351 61.6777 1.17454 -13 4444 1 0 1
-3.57669 28.023 225.556 -2.02851 9.27759 73.8159 1.07184 -13 4445 1 0 1
33.8344 -5.54911 225.556 8.97712 -1.08868 49.335 1.06526 -13 4446 1 0 1
-19.4356 33.6446 225.556 -3.23107 4.75015 34.2501 2.28842 -13 4447 1 0 1
-10.5364 50.3906 225.556 -1.77205 7.53451 37.5364 4.4343 -13 4448 1 0 1
-1.51987 -1.81996 225.556 -0.0301255 -0.19836 44.8185 2.28457 -13 4449 1 0 1
-22.914 -22.3416 225.556 -8.39577 -6.3338 69.9991 2.73946 -13 4450 1 0 1
-4.6859 -4.29373 225.556 -1.87188 -1.34366 68.6758 1.69009 -13 4451 1 0 1
9.1192 -18.7012 225.556 2.61552 -3.46325 48.449 0.766551 -13 4452 1 0 1
-33.6913 22.0755 225.556 -9.24947 5.1672 55.9035 2.20141 -13 4453 1 0 1
-4.82824 38.7457 225.556 -1.18968 9.18016 53.3666 1.62411 -13 4454 1 0 1
-44.1109 1.09693 225.556 -12.2274 0.601682 55.0133 1.23194 -13 4455 1 0 1
2.58523 -7.48626 225.556 0.656801 -1.48906 66.4003 1.82153 -13 4456 1 0 1
-8.95294 21.4072 225.556 -3.54167 6.07169 71.4519 2.54738 -13 4457 1 0 1
7.94787 -43.2815 225.556 2.52403 -9.86314 57.001 2.29634 -13 4458 1 0 1
26.3256 -7.50722 225.556 8.38476 -1.89084 62.8384 0.102078 -13 4460 1 0 1
1.41667 -2.2459 225.556 -0.337807 -0.0338433 76.5532 3.14499 -13 4461 1 0 1
-43.1106 22.1737 225.556 -14.6283 5.98931 66.2995 2.80847 -13 4462 1 0 1
-2.52121 -4.53461 225.556 -0.518624 -0.00170524 55.9735 1.60868 -13 4463 1 0 1
12.7917 20.7665 225.556 4.09791 5.55371 69.6159 1.07406 -13 4464 1 0 1
0.339316 -36.3774 225.556 0.310737 -8.75449 59.3465 -0.0676648 -13 4465 1 0 1
23.2498 -16.5874 225.556 7.91364 -6.48237 78.6797 -0.0541906 -13 4466 1 0 1
-55.1622 1.1724 225.556 -19.0688 0.61459 67.5238 0.98473 -13 4467 1 0 1
-8.23149 16.5465 225.556 -3.40727 4.80581 72.1855 0.71086 -13 4468 1 0 1
7.72095 -14.6805 225.556 2.25845 -5.06802 72.8277 1.89153 -13 4469 1 0 1
42.7969 -0.807418 225.556 7.84046 -0.0785142 32.6079 1.47237 -13 4470 1 0 1
20.1269 -22.4545 225.556 6.28347 -6.01865 61.0883 1.07678 -13 4471 1 0 1
-20.3843 -8.66257 225.556 -6.88946 -2.24749 66.16 1.49057 -13 4473 1 0 1
10.5427 6.02345 225.556 3.36124 1.56438 63.672 1.55113 -13 4474 1 0 1
49.9989 -69.411 225.556 14.5005 -16.2268 56.4478 2.17584 -13 4475 1 0 1
-0.743356 -11.9342 225.556 -0.129159 -3.10166 58.267 0.184402 -13 4476 1 0 1
14.8144 -7.51345 225.556 4.57229 -0.81402 56.4209 1.92329 -13 4477 1 0 1
13.0085 1.3507 225.556 3.58885 0.455079 50.9548 3.50701 -13 4478 1 0 1
3.3687 -2.88236 225.556 0.97224 -1.31896 64.8679 -0.162679 -13 4479 1 0 1
-16.9032 46.587 225.556 -5.63161 12.9754 64.0872 1.04666 -13 4480 1 0 1
14.503 -37.5912 225.556 4.30986 -8.48888 56.5721 2.27336 -13 4481 1 0 1
-3.64273 -7.75115 225.556 -1.84881 -1.77248 71.655 1.64749 -13 4482 1 0 1
-1.83772 19.9931 225.556 -1.81672 6.88703 79.4876 -0.629818 -13 4483 1 0 1
-27.9613 30.8753 225.556 -4.89928 4.27079 34.6414 2.3753 -13 4484 1 0 1
-30.938 11.6201 225.556 -5.69848 2.31336 36.3092 4.85272 -13 4485 1 0 1
21.3844 20.5661 225.556 5.52751 4.5791 46.3989 1.29754 -13 4486 1 0 1
28.5788 -0.432539 225.556 8.94341 -0.103404 61.0704 0.85377 -13 4487 1 0 1
-32.5924 -11.838 225.556 -11.5325 -3.87497 68.7438 0.178674 -13 4488 1 0 1
37.7735 -3.1625 225.556 11.0878 -0.58165 55.7412 3.59867 -13 4489 1 0 1
11.459 7.93776 225.556 3.06534 1.53191 42.1289 -0.224065 -13 4490 1 0 1
-6.99061 -24.6476 225.556 -2.74203 -7.26511 69.507 1.99135 -13 4491 1 0 1
3.92729 -5.59549 225.556 0.873694 -2.6775 72.9274 1.23053 -13 4492 1 0 1
-20.2994 -27.9638 225.556 -8.37588 -9.68084 75.8443 0.189842 -13 4493 1 0 1
-3.04965 -0.0811887 225.556 -0.628395 0.244894 57.1341 1.57538 -13 4494 1 0 1
23.3511 41.297 225.556 7.67813 11.8545 67.0072 1.09294 -13 4495 1 0 1
-7.76899 -8.0219 225.556 -2.39561 -1.91431 64.2168 -0.213501 -13 4496 1 0 1
-14.7881 14.9782 225.556 -6.87446 6.07248 79.0384 1.85321 -13 4497 1 0 1
22.3307 -3.35166 225.556 7.53141 0.539342 75.58 3.02414 -13 4498 1 0 1
-20.5725 14.691 225.556 -7.41865 4.35115 69.9088 1.41796 -13 4499 1 0 1
-16.9065 2.95404 225.556 -5.26269 0.632745 62.0894 1.04732 -13 4500 1 0 1
5.26967 -2.82794 225.556 1.49104 -1.34911 68.2696 2.0702 -13 4501 1 0 1
96.8566 -8.13706 225.556 24.1632 -1.56976 46.8149 1.72583 -13 4503 1 0 1
15.5124 46.9274 225.556 4.48141 10.445 52.4275 2.26123 -13 4504 1 0 1
16.8605 49.7669 225.556 3.19798 5.96324 31.7116 3.07535 -13 4505 1 0 1
34.3306 -17.1474 225.556 10.3194 -4.89505 57.334 1.03286 -13 4506 1 0 1
19.149 27.1219 225.556 5.96404 7.62964 61.8647 -0.30218 -13 4507 1 0 1
-20.8551 13.5273 225.556 -6.81448 4.00641 64.3264 1.58004 -13 4508 1 0 1
-4.22156 21.1684 225.556 -2.03641 6.76113 72.8239 -0.939826 -13 4509 1 0 1
24.9024 9.63107 225.556 8.40526 3.04617 71.4909 0.0578526 -13 4510 1 0 1
-35.9069 -15.0553 225.556 -12.5513 -4.51188 67.9283 0.68683 -13 4511 1 0 1
21.376 15.373 225.556 7.06476 4.88974 66.9611 0.882105 -13 4512 1 0 1
3.00119 1.89792 225.556 1.02521 0.597582 58.1843 3.88355 -13 4513 1 0 1
9.60343 -0.622032 225.556 3.12207 -0.674542 64.1854 1.01227 -13 4514 1 0 1
26.5733 19.1014 225.556 8.32024 5.33566 61.4536 -0.96401 -13 4515 1 0 1
-16.5631 -26.9486 225.556 -5.28713 -7.25943 62.9458 2.83761 -13 4516 1 0 1
5.99409 -53.2795 225.556 1.87018 -13.3236 59.3354 2.76709 -13 4517 1 0 1
26.2244 10.9373 225.556 7.88872 2.57384 58.7643 0.693041 -13 4518 1 0 1
4.16913 -10.2071 225.556 1.32775 -2.70865 56.2898 2.18273 -13 4519 1 0 1
8.0604 3.58197 225.556 2.5332 0.421877 62.739 0.0796964 -13 4520 1 0 1
-13.4339 6.11837 225.556 -6.40151 1.61284 80.5536 1.54715 -13 4521 1 0 1
65.9095 -64.6703 225.556 11.4539 -7.50416 30.2847 3.89798 -13 4522 1 0 1
-16.4555 36.6932 225.556 -5.37012 10.5055 64.7073 4.39903 -13 4523 1 0 1
7.79205 -9.68752 225.556 2.31277 -3.74839 68.4202 1.61509 -13 4524 1 0 1
66.4434 46.8554 225.556 18.9741 10.5875 55.4486 3.21388 -13 4525 1 0 1
-12.2204 -31.2017 225.556 -4.11015 -9.27015 65.5914 1.21961 -13 4526 1 0 1
-11.2513 -1.04556 225.556 -3.73557 -0.119243 65.1389 2.97024 -13 4527 1 0 1
27.9999 0.409834 225.556 8.41794 -0.137653 56.7697 3.28242 -13 4528 1 0 1
-2.47012 11.5332 225.556 -0.519201 2.07432 55.0089 3.29174 -13 4529 1 0 1
16.8925 -5.00494 225.556 5.58731 -1.75448 68.0626 2.0354 -13 4530 1 0 1
23.0277 -4.95463 225.556 7.01753 -1.05451 58.3888 -0.956536 -13 4531 1 0 1
-12.4864 50.7833 225.556 -2.93832 10.979 49.8785 2.12462 -13 4532 1 0 1
-27.6377 8.5717 225.556 -6.88531 1.4575 50.1534 -0.383853 -13 4533 1 0 1
-35.8924 2.36071 225.556 -9.50128 1.41879 53.2557 1.57165 -13 4534 1 0 1
34.6123 28.2041 225.556 10.6274 7.0331 59.6413 1.68555 -13 4535 1 0 1
5.25378 33.4609 225.556 1.77861 8.07513 62.7082 1.24259 -13 4536 1 0 1
-17.2488 -24.9648 225.556 -6.2055 -8.31404 68.2269 -0.629939 -13 4537 1 0 1
-16.3072 -11.7737 225.556 -5.1544 -3.90503 62.7356 -0.886574 -13 4538 1 0 1
-17.4385 -7.61144 225.556 -6.06939 -1.99227 68.0131 0.932956 -13 4539 1 0 1
2.8823 -25.3693 225.556 0.353172 -8.02805 72.8308 2.27865 -13 4540 1 0 1
-12.0925 42.3351 225.556 -4.99619 12.5271 72.7566 0.0941209 -13 4541 1 0 1
-20.9762 -16.961 225.556 -7.01463 -5.32074 64.9993 -0.640454 -13 4542 1 0 1
21.5684 -5.5064 225.556 6.98188 -1.75188 65.5045 1.27538 -13 4543 1 0 1
-1.51144 -8.81691 225.556 -1.27184 -2.37808 74.9714 0.705666 -13 4544 1 0 1
-20.7414 11.1592 225.556 -7.81926 2.67062 71.3411 2.00143 -13 4545 1 0 1
10.0244 20.5802 225.556 2.32185 2.53477 36.3206 2.68288 -13 4546 1 0 1
12.0223 3.67963 225.556 3.97783 0.597887 74.2498 1.06477 -13 4547 1 0 1
25.4737 -7.16091 225.556 8.57075 -1.64988 70.1417 3.29452 -13 4548 1 0 1
3.69326 11.7084 225.556 1.05567 3.81197 65.6389 0.0910413 -13 4549 1 0 1
-16.8738 31.0046 225.556 -7.631 10.5419 77.6189 0.458265 -13 4550 1 0 1
24.7303 -56.0177 225.556 8.27447 -17.495 70.8911 0.281375 -13 4551 1 0 1
8.9406 -17.2768 225.556 2.82641 -3.92394 66.0231 1.36799 -13 4552 1 0 1
-13.0619 50.9077 225.556 -4.40724 13.7716 64.2917 0.0821095 -13 4553 1 0 1
23.6838 18.938 225.556 6.90388 4.21321 54.0305 1.15085 -13 4554 1 0 1
-38.5521 53.0043 225.556 -12.2097 14.0697 61.5065 1.80377 -13 4555 1 0 1
-29.9452 10.1941 225.556 -10.9709 2.96891 70.6423 2.64907 -13 4556 1 0 1
-30.1615 3.11513 225.556 -9.5116 0.764859 62.6637 -0.365347 -13 4558 1 0 1
30.8437 77.3977 225.556 9.67943 20.1418 62.5707 3.79113 -13 4559 1 0 1
-23.6043 -19.2798 225.556 -8.16345 -5.72142 66.5106 1.49097 -13 4560 1 0 1
-28.3592 40.4473 225.556 -8.02205 8.91569 56.259 1.64789 -13 4561 1 0 1
57.2591 -46.894 225.556 12.2634 -7.37709 38.9723 3.28277 -13 4562 1 0 1
-21.1955 -74.494 225.556 -6.9871 -19.5458 63.8215 3.19097 -13 4563 1 0 1
29.1889 14.1846 225.556 9.6226 5.01439 65.8087 3.28596 -13 4565 1 0 1
35.1526 -5.84815 225.556 11.5545 -1.72731 67.3805 1.54023 -13 4566 1 0 1
53.0804 31.8726 225.556 16.2084 8.21561 60.1802 0.831087 -13 4567 1 0 1
-61.268 -12.3602 225.556 -17.5489 -2.75149 56.1177 2.23075 -13 4568 1 0 1
-45.4546 38.9054 225.556 -13.9552 9.5424 60.5724 1.51765 -13 4570 1 0 1
-1.7984 20.9642 225.556 -0.58296 6.23507 63.9191 0.814151 -13 4571 1 0 1
-30.7322 -14.6383 225.556 -13.1064 -4.5865 78.1685 2.84579 -13 4572 1 0 1
77.3381 -37.1498 225.556 18.1522 -6.60146 43.6614 -1.17393 -13 4573 1 0 1
-12.0603 -14.8069 225.556 -4.01122 -3.93856 64.0704 1.73694 -13 4574 1 0 1
2.78228 -36.8501 225.556 0.78134 -9.37647 66.5786 1.45108 -13 4575 1 0 1
57.5414 -38.6465 225.556 15.8498 -8.11171 53.0295 1.76993 -13 4576 1 0 1
-12.3461 -5.95706 225.556 -3.16059 -1.20351 54.3803 0.440798 -13 4578 1 0 1
-28.674 -3.10313 225.556 -8.00186 -1.68378 55.9421 0.258634 -13 4579 1 0 1
3.90787 -1.03233 225.556 0.587087 -1.31898 77.9478 0.98335 -13 4580 1 0 1
-43.1098 1.91079 225.556 -13.3749 0.40171 61.4735 3.61189 -13 4581 1 0 1
-12.7341 2.21788 225.556 -3.40905 0.825738 56.5712 0.417363 -13 4582 1 0 1
-15.1246 26.9796 225.556 -2.93401 4.26335 39.7858 2.06276 -13 4583 1 0 1
1.68113 28.1821 225.556 0.775349 7.35988 58.3023 0.382758 -13 4585 1 0 1
17.9848 10.6347 225.556 5.76467 3.01521 62.3123 1.35949 -13 4586 1 0 1
2.31265 -58.5525 225.556 0.748155 -14.3111 58.1159 2.60686 -13 4587 1 0 1
-89.7193 -42.9054 225.556 -17.8789 -6.55444 36.8228 2.34835 -13 4588 1 0 1
34.1373 34.2076 225.556 4.43286 2.45562 21.1836 2.83607 -13 4589 1 0 1
30.0302 14.9677 225.556 9.13967 3.92298 58.8716 1.16708 -13 4590 1 0 1
11.6467 34.9367 225.556 3.40142 7.90809 54.403 0.0836408 -13 4591 1 0 1
-11.3851 16.0728 225.556 -3.48683 4.57173 62.1053 1.39672 -13 4592 1 0 1
-7.55848 41.0567 225.556 -1.74465 8.55038 51.7414 2.25883 -13 4593 1 0 1
-14.0882 -4.1531 225.556 -4.5685 -0.677098 64.3531 0.571486 -13 4594 1 0 1
-2.46232 -4.7032 225.556 -0.985963 -1.49855 66.0391 0.888088 -13 4595 1 0 1
72.0209 -31.6666 225.556 18.4836 -6.31197 48.396 3.11801 -13 4596 1 0 1
-5.20928 2.54211 225.556 -1.03773 0.573965 47.6691 2.18159 -13 4597 1 0 1
39.5555 20.5718 225.556 11.3318 4.76971 54.6251 1.85342 -13 4598 1 0 1
-7.13287 24.9472 225.556 -3.58251 8.92003 76.1434 1.66757 -13 4599 1 0 1
-51.6204 9.52547 225.556 -17.0669 2.6122 64.7839 0.917965 -13 4600 1 0 1
-8.96476 27.9223 225.556 -2.89861 8.06766 65.5339 2.98908 -13 4601 1 0 1
-12.6653 -15.7624 225.556 -5.31866 -5.0699 74.8606 1.98728 -13 4602 1 0 1
18.5541 -39.0232 225.556 5.99112 -11.0422 64.0842 0.911339 -13 4603 1 0 1
-40.6975 -16.6452 225.556 -10.3378 -3.29269 50.5879 1.89963 -13 4604 1 0 1
-33.0768 -8.8698 225.556 -9.96317 -2.35382 59.5511 3.27211 -13 4605 1 0 1
17.3455 18.1383 225.556 5.09018 5.01923 54.9011 1.45252 -13 4606 1 0 1
-10.8632 -9.02784 225.556 -4.50742 -3.70224 73.2336 1.03153 -13 4607 1 0 1
-36.8819 5.47407 225.556 -12.4021 2.42604 65.4446 2.56575 -13 4608 1 0 1
-1.79416 -13.1339 225.556 -0.0545709 -2.71722 53.9568 1.98084 -13 4609 1 0 1
40.5606 19.4956 225.556 13.9337 6.06152 70.9376 1.38298 -13 4610 1 0 1
24.1023 -6.65892 225.556 7.53635 -1.91495 61.7404 3.20064 -13 4611 1 0 1
-11.0388 -21.1784 225.556 -3.45576 -5.13829 62.2233 -0.0681779 -13 4612 1 0 1
-16.286 -2.40316 225.556 -6.6821 -1.84065 74.441 1.42914 -13 4613 1 0 1
5.23222 9.90626 225.556 1.62774 1.82929 45.6569 1.71632 -13 4614 1 0 1
-7.27791 30.69 225.556 -2.97859 9.61926 70.4601 -0.647975 -13 4615 1 0 1
-22.692 3.4075 225.556 -8.75783 0.418626 72.1096 0.243201 -13 4616 1 0 1
-15.5209 30.7637 225.556 -3.71681 6.89713 51.8037 3.43503 -13 4617 1 0 1
-14.8477 -35.7614 225.556 -4.42751 -9.30379 59.9011 0.453797 -13 4618 1 0 1
15.1761 -34.5571 225.556 4.8203 -9.22525 62.8875 2.32766 -13 4619 1 0 1
13.3137 -34.52 225.556 3.90806 -8.30971 54.1943 -0.703075 -13 4620 1 0 1
-6.71545 17.6182 225.556 -1.5697 3.74448 52.5769 1.84587 -13 4621 1 0 1
-19.405 -37.9352 225.556 -7.13753 -11.2067 69.593 1.85093 -13 4622 1 0 1
-48.0812 10.9747 225.556 -17.6176 3.14155 71.1202 1.50189 -13 4623 1 0 1
-36.6639 37.4917 225.556 -11.3489 9.0293 61.2688 1.96599 -13 4624 1 0 1
-4.68072 2.39835 225.556 -1.44574 0.507956 62.8678 1.99058 -13 4625 1 0 1
2.83393 -29.5214 225.556 0.829834 -8.36276 65.2709 2.76937 -13 4626 1 0 1
45.2306 -24.1011 225.556 14.2951 -5.55827 61.8771 2.31335 -13 4627 1 0 1
23.5374 2.4147 225.556 6.68828 0.67991 53.051 0.733693 -13 4628 1 0 1
5.09521 -22.3706 225.556 1.61218 -5.64414 59.7716 2.20816 -13 4629 1 0 1
37.3442 -5.60056 225.556 12.8322 -1.9139 71.9041 1.72671 -13 4630 1 0 1
-0.546196 19.9575 225.556 -0.706426 5.73283 69.417 1.10339 -13 4631 1 0 1
-16.877 -11.7014 225.556 -5.5403 -3.492 63.0325 1.4922 -13 4632 1 0 1
65.9043 30.0818 225.556 20.8374 7.88559 62.7731 2.8505 -13 4633 1 0 1
-22.3154 13.1512 225.556 -9.13326 4.94575 75.45 -0.309057 -13 4634 1 0 1
50.9118 -41.7099 225.556 14.5286 -9.29048 54.1422 4.17292 -13 4635 1 0 1
-10.1464 46.6478 225.556 -2.55518 10.5886 53.4397 3.15764 -13 4636 1 0 1
8.51882 7.38688 225.556 2.712 2.00447 63.5683 2.57289 -13 4637 1 0 1
18.2607 17.8967 225.556 5.96155 5.8849 65.3715 0.749774 -13 4638 1 0 1
29.1951 4.75302 225.556 9.13707 1.40095 62.0453 2.98319 -13 4639 1 0 1
-12.3201 17.0313 225.556 -3.94691 4.43359 64.8078 1.77138 -13 4640 1 0 1
-42.8632 -8.24724 225.556 -9.92803 -1.47686 45.7179 0.428911 -13 4641 1 0 1
-37.5974 -6.04752 225.556 -7.26445 -0.639118 37.56 1.97274 -13 4642 1 0 1
-18.6475 -28.6695 225.556 -5.05917 -6.36568 56.449 2.18729 -13 4643 1 0 1
39.3937 13.2254 225.556 12.55 3.85772 63.2709 2.77208 -13 4644 1 0 1
-11.5327 -1.96428 225.556 -5.35516 -0.519728 77.7346 2.04371 -13 4645 1 0 1
16.0322 -19.3216 225.556 5.36896 -6.18761 70.62 -1.18009 -13 4646 1 0 1
-12.6901 9.15292 225.556 -4.91228 2.83699 71.2428 0.322674 -13 4647 1 0 1
53.45 -38.8783 225.556 16.3614 -8.84765 60.2766 2.1533 -13 4648 1 0 1
-18.2902 9.18784 225.556 -7.25735 3.77127 73.8101 0.979358 -13 4649 1 0 1
-22.9379 55.0967 225.556 -6.32008 12.4577 56.0683 1.08077 -13 4650 1 0 1
-9.07444 -30.7255 225.556 -2.87747 -8.32685 62.5424 -1.00479 -13 4651 1 0 1
18.5388 27.839 225.556 6.22692 8.36293 69.8124 0.601459 -13 4652 1 0 1
15.2039 64.7884 225.556 2.92327 8.10946 31.565 3.04124 -13 4653 1 0 1
68.8015 14.9405 225.556 16.9515 1.88112 46.6262 1.01709 -13 4654 1 0 1
-16.5254 -9.54389 225.556 -5.11864 -3.0867 61.4681 -0.240477 -13 4655 1 0 1
23.4315 3.23297 225.556 7.41968 0.574297 62.9775 1.19481 -13 4656 1 0 1
33.7174 33.8599 225.556 8.81986 6.89797 49.5511 3.71458 -13 4658 1 0 1
36.7739 -8.22486 225.556 11.6988 -2.48436 62.2578 2.71241 -13 4659 1 0 1
16.681 -3.18194 225.556 4.39995 -0.728723 48.6669 1.79556 -13 4660 1 0 1
9.67015 14.3912 225.556 3.1745 3.10064 62.3002 1.2226 -13 4661 1 0 1
-42.4332 -48.404 225.556 -16.5119 -15.694 74.113 -0.150878 -13 4662 1 0 1
14.9055 8.04073 225.556 4.84091 2.30281 75.7121 1.55773 -13 4663 1 0 1
7.73797 -16.7986 225.556 2.33159 -5.56248 75.9806 0.747279 -13 4664 1 0 1
66.5984 -72.4567 225.556 10.0846 -6.39398 25.7326 3.94229 -13 4665 1 0 1
1.79225 -20.576 225.556 0.747384 -3.71537 44.8029 0.698835 -13 4666 1 0 1
0.0331692 -18.0129 225.556 0.325107 -2.69622 38.19 2.57601 -13 4667 1 0 1
-90.1219 18.1378 225.556 -31.0766 4.88845 66.5837 1.9102 -13 4668 1 0 1
59.9327 40.9564 225.556 15.6815 8.0263 50.1371 1.05792 -13 4670 1 0 1
3.29458 3.5427 225.556 1.26233 0.687163 55.8745 2.45244 -13 4671 1 0 1
-31.7323 -9.97416 225.556 -9.56028 -2.20909 60.1657 1.41413 -13 4672 1 0 1
-38.7404 12.1572 225.556 -11.9939 4.3033 61.8937 0.728978 -13 4673 1 0 1
-43.1125 -23.4924 225.556 -16.7786 -8.33776 74.329 0.928922 -13 4674 1 0 1
0.673264 -36.1127 225.556 0.510705 -7.50006 46.9313 3.55218 -13 4675 1 0 1
-25.7627 -2.23795 225.556 -7.29412 -0.434611 56.9674 2.34422 -13 4676 1 0 1
21.5636 44.0079 225.556 6.67184 10.8818 59.1047 1.35411 -13 4677 1 0 1
-9.32484 1.40229 225.556 -3.60644 0.639879 71.0789 3.38418 -13 4678 1 0 1
35.1169 -8.64323 225.556 10.8797 -2.47382 60.9982 -0.590681 -13 4679 1 0 1
-10.392 4.21393 225.556 -4.49846 1.1063 74.9328 1.29966 -13 4680 1 0 1
29.4565 -3.19049 225.556 9.98445 -1.1549 70.349 2.34147 -13 4681 1 0 1
13.7442 -18.2814 225.556 4.4603 -6.59517 72.4317 1.77988 -13 4682 1 0 1
27.1752 -2.72847 225.556 9.03386 -1.8071 68.0427 -0.010796 -13 4683 1 0 1
67.9951 -12.6647 225.556 17.6235 -3.60403 49.1562 4.20848 -13 4684 1 0 1
0.0948638 -22.2002 225.556 -0.0575244 -6.29267 66.5687 -0.754373 -13 4685 1 0 1
-9.46544 18.7031 225.556 -3.19777 4.8323 65.3092 1.84934 -13 4686 1 0 1
-51.8536 -2.06562 225.556 -13.8438 -1.24677 52.7858 0.883483 -13 4687 1 0 1
-2.90215 -30.799 225.556 -0.914038 -8.07712 61.1825 2.8798 -13 4688 1 0 1
15.5182 -7.76272 225.556 4.62008 -2.43962 54.0164 -0.5187 -13 4689 1 0 1
-15.9819 22.5992 225.556 -6.40398 7.19113 73.4566 1.14416 -13 4690 1 0 1
26.6793 -2.48423 225.556 8.98694 -0.0716787 69.362 0.983563 -13 4691 1 0 1
-20.4613 3.25807 225.556 -3.30829 0.0182408 32.2476 2.34083 -13 4692 1 0 1
-33.1751 20.9719 225.556 -9.94195 5.806 59.6153 1.85704 -13 4693 1 0 1
-19.2401 11.8512 225.556 -7.23665 3.60818 70.9568 3.37125 -13 4694 1 0 1
4.28496 11.6956 225.556 0.77083 3.57131 77.1088 1.1716 -13 4695 1 0 1
2.54956 -25.5603 225.556 0.900743 -7.13539 60.021 1.79584 -13 4696 1 0 1
37.6085 -5.93548 225.556 12.0457 -0.977577 63.7291 1.1867 -13 4697 1 0 1
27.5513 -6.72803 225.556 8.80934 -1.8974 63.2758 1.0102 -13 4698 1 0 1
-36.8469 -27.8314 225.556 -7.16493 -4.8833 38.2877 3.58867 -13 4699 1 0 1
3.70686 -32.9153 225.556 1.26282 -7.26433 50.3368 3.11769 -13 4700 1 0 1
17.0582 11.2542 225.556 5.59445 3.75278 67.5604 -0.509755 -13 4701 1 0 1
-29.5559 -64.4548 225.556 -9.75295 -16.9413 64.462 1.58957 -13 4702 1 0 1
-3.04723 -5.32997 225.556 -1.17205 -1.21947 67.094 1.13969 -13 4703 1 0 1
35.0468 8.21366 225.556 10.3155 2.32024 56.7961 1.7774 -13 4704 1 0 1
-36.1807 -56.3872 225.556 -10.7422 -13.3856 58.4306 1.43481 -13 4705 1 0 1
46.1421 -26.0086 225.556 14.4558 -7.15968 61.6627 -0.705784 -13 4706 1 0 1
25.1982 -0.498845 225.556 8.28495 0.519016 66.3082 1.24778 -13 4707 1 0 1
-4.46198 15.6468 225.556 -1.18554 4.28388 58.7827 1.57724 -13 4708 1 0 1
-29.8074 -15.7845 225.556 -10.3754 -4.6394 67.5763 2.64512 -13 4709 1 0 1
-22.2427 -16.6492 225.556 -8.38191 -7.00813 71.7395 1.1029 -13 4710 1 0 1
55.1992 -5.78203 225.556 13.887 -1.24525 46.4857 1.9775 -13 4711 1 0 1
21.1364 -28.5985 225.556 5.93854 -6.34999 51.1107 0.486399 -13 4712 1 0 1
-30.2571 -17.1087 225.556 -8.72469 -4.29554 57.5763 1.63289 -13 4713 1 0 1
-6.28911 42.1442 225.556 -2.18367 12.0664 65.6274 2.98512 -13 4714 1 0 1
59.8966 -60.1934 225.556 15.8049 -12.1643 50.0682 5.47781 -13 4715 1 0 1
-40.0316 12.3956 225.556 -12.1957 3.61169 60.2288 1.50421 -13 4716 1 0 1
-29.9749 -21.2609 225.556 -11.4495 -7.06455 72.7465 1.09342 -13 4717 1 0 1
-57.0172 -0.684846 225.556 -10.8086 -0.102455 35.7253 1.64927 -13 4718 1 0 1
7.35321 -17.3633 225.556 2.30194 -4.56859 66.6918 2.92622 -13 4719 1 0 1
3.95692 5.54191 225.556 1.35697 1.39119 55.1893 0.851248 -13 4720 1 0 1
56.5975 10.386 225.556 12.6689 1.73617 40.5615 1.99852 -13 4721 1 0 1
39.9999 19.715 225.556 13.2536 5.50038 67.5252 0.0400699 -13 4722 1 0 1
-26.9522 -5.1139 225.556 -11.3483 -1.76078 77.3242 -1.26835 -13 4723 1 0 1
-26.7152 -14.7438 225.556 -9.88876 -4.22099 71.0316 2.33696 -13 4724 1 0 1
-19.2525 19.9004 225.556 -8.52404 6.90707 78.8727 1.26648 -13 4725 1 0 1
-17.9999 22.1964 225.556 -7.15297 7.74161 73.4412 1.11761 -13 4726 1 0 1
1.91196 2.27735 225.556 0.641354 0.25622 63.0178 2.67758 -13 4727 1 0 1
30.0197 1.8157 225.556 6.05535 -0.115537 35.2912 0.517694 -13 4728 1 0 1
-15.9487 -19.1731 225.556 -3.48887 -3.91581 47.352 0.0561785 -13 4729 1 0 1
33.5422 -27.7609 225.556 11.4649 -8.28475 69.2972 0.804582 -13 4730 1 0 1
18.9219 -1.6447 225.556 5.282 -0.184573 51.2212 -0.312279 -13 4731 1 0 1
9.84923 0.7273 225.556 3.09468 -0.202202 72.9225 1.84925 -13 4732 1 0 1
8.42246 28.9778 225.556 2.35413 9.49971 75.0275 0.519462 -13 4733 1 0 1
-9.45568 -56.3849 225.556 -2.28598 -13.2931 53.9034 2.83737 -13 4734 1 0 1
-1.95134 2.0192 225.556 -0.993784 0.355014 71.3699 0.571316 -13 4735 1 0 1
-5.06996 32.3615 225.556 -1.81853 8.70398 67.4122 2.23632 -13 4736 1 0 1
6.71162 8.98013 225.556 1.95562 1.39536 71.9234 0.903397 -13 4737 1 0 1
-15.621 -60.0969 225.556 -4.63823 -14.7045 59.0852 0.284389 -13 4738 1 0 1
-29.2802 24.1089 225.556 -10.847 7.96915 70.4862 1.40914 -13 4739 1 0 1
60.0955 11.2334 225.556 18.9091 2.75777 60.7764 3.40489 -13 4740 1 0 1
56.7237 7.73339 225.556 16.4101 2.22431 56.4795 1.00368 -13 4741 1 0 1
-17.5727 -2.38026 225.556 -6.78305 -0.324862 72.3277 0.120505 -13 4742 1 0 1
63.0013 11.0428 225.556 17.6431 2.5069 53.8312 1.05712 -13 4743 1 0 1
-30.6152 -12.7066 225.556 -10.7537 -2.93409 67.4089 1.96437 -13 4744 1 0 1
6.0731 -30.5986 225.556 1.87036 -7.12452 61.5222 2.473 -13 4745 1 0 1
-27.4689 -10.659 225.556 -7.56846 -2.1025 55.3133 1.92136 -13 4746 1 0 1
-6.96122 -7.94743 225.556 -3.46458 -3.71041 76.3114 0.120155 -13 4748 1 0 1
0.418515 -45.9854 225.556 0.121728 -13.625 66.255 3.3451 -13 4749 1 0 1
-15.7015 1.74386 225.556 -4.54241 0.775202 59.095 0.945291 -13 4750 1 0 1
-5.6727 -12.4329 225.556 -1.49579 -3.65707 59.1225 1.25104 -13 4751 1 0 1
0.903718 -10.6489 225.556 -0.14426 -2.32441 68.9627 2.17034 -13 4752 1 0 1
17.8383 -12.4617 225.556 6.01905 -4.71853 72.8562 2.91969 -13 4753 1 0 1
17.5007 22.4941 225.556 5.39259 6.85085 63.8029 1.42205 -13 4754 1 0 1
18.3831 16.4975 225.556 6.17751 5.26249 74.4059 1.76294 -13 4755 1 0 1
25.6699 -19.3703 225.556 7.40778 -4.80893 56.5782 1.49986 -13 4756 1 0 1
20.0444 -20.7962 225.556 6.38818 -5.11151 62.0077 2.56461 -13 4757 1 0 1
41.3425 47.588 225.556 13.3839 12.6722 64.8525 2.67484 -13 4758 1 0 1
1.9351 13.0136 225.556 0.504735 4.32408 68.1933 0.339707 -13 4760 1 0 1
8.80279 15.4545 225.556 2.7499 3.49162 56.8188 -0.365929 -13 4761 1 0 1
-39.368 -68.2447 225.556 -10.8124 -14.6354 54.3314 2.00903 -13 4762 1 0 1
-55.1627 -26.3301 225.556 -19.7721 -7.32214 69.4539 1.26926 -13 4763 1 0 1
5.22979 17.1191 225.556 1.28489 4.87038 76.1219 2.16629 -13 4764 1 0 1
5.60345 4.14977 225.556 1.71805 1.76042 64.836 1.01818 -13 4765 1 0 1
40.6983 18.1015 225.556 12.9074 5.03787 62.8164 1.79687 -13 4766 1 0 1
8.18096 13.7098 225.556 2.63136 3.58963 66.5821 1.09794 -13 4767 1 0 1
11.6114 -14.9183 225.556 3.58023 -4.34028 59.6085 1.5394 -13 4768 1 0 1
6.52669 11.928 225.556 1.98259 2.62437 69.465 0.141959 -13 4769 1 0 1
-31.3918 3.44219 225.556 -8.25571 0.930176 53.0644 2.07217 -13 4770 1 0 1
-34.2443 25.0055 225.556 -8.76631 5.49289 50.4474 1.59341 -13 4771 1 0 1
-24.7606 4.49568 225.556 -8.87632 2.30789 69.4189 1.43446 -13 4772 1 0 1
14.7043 -3.4636 225.556 4.67295 -1.12933 67.1688 2.84653 -13 4773 1 0 1
49.3211 -42.83 225.556 14.3582 -10.0879 56.3444 2.68993 -13 4774 1 0 1
37.8654 11.8551 225.556 10.5756 2.26162 52.8469 0.467606 -13 4775 1 0 1
44.1793 -43.6246 225.556 14.1022 -11.7765 63.2348 0.652673 -13 4776 1 0 1
-17.5809 0.969767 225.556 -5.15096 0.141959 59.8748 2.81103 -13 4777 1 0 1
-34.5923 42.4835 225.556 -7.62735 8.00019 44.287 0.589906 -13 4778 1 0 1
41.0474 -6.09029 225.556 10.6673 -2.13016 47.7817 0.952984 -13 4779 1 0 1
-18.2951 -8.49581 225.556 -6.0796 -2.46205 65.2541 2.35086 -13 4780 1 0 1
4.73227 0.518344 225.556 1.66058 0.255053 59.1264 -1.08908 -13 4781 1 0 1
-45.3947 -8.26314 225.556 -18.7572 -2.59318 78.0131 1.36975 -13 4782 1 0 1
-8.7958 23.1722 225.556 -2.88926 5.875 63.4501 2.17369 -13 4783 1 0 1
29.3642 5.28458 225.556 8.30969 1.10627 53.1669 5.50324 -13 4784 1 0 1
-19.9135 -43.9526 225.556 -5.67977 -10.7775 57.7595 1.78466 -13 4785 1 0 1
-19.4969 -15.5644 225.556 -8.30239 -4.72542 76.7408 1.93216 -13 4786 1 0 1
-22.0556 12.5125 225.556 -10.2604 5.19548 79.0359 0.456933 -13 4787 1 0 1
0.779778 -44.481 225.556 0.437444 -10.1757 52.4174 0.964169 -13 4788 1 0 1
38.386 -22.8151 225.556 10.9282 -4.64163 54.5984 1.8058 -13 4789 1 0 1
31.2881 39.6401 225.556 10.2384 11.6892 67.7205 3.17639 -13 4790 1 0 1
-29.9257 -7.59059 225.556 -9.29105 -1.42951 61.1078 1.60642 -13 4791 1 0 1
8.08509 28.2527 225.556 2.26066 8.99112 76.2801 1.36899 -13 4792 1 0 1
18.0462 14.9605 225.556 5.84839 4.44879 65.3835 1.48888 -13 4793 1 0 1
26.3769 2.00368 225.556 8.94818 -0.268772 71.0947 2.84382 -13 4794 1 0 1
-67.5979 -42.2678 225.556 -21.0167 -11.0751 60.5076 2.12636 -13 4795 1 0 1
-9.9842 3.42254 225.556 -3.33782 0.35976 65.2809 1.9163 -13 4796 1 0 1
-51.4194 -8.76788 225.556 -11.476 -1.69961 43.4585 1.60344 -13 4797 1 0 1
-2.75779 -4.61332 225.556 -0.970164 -2.55726 66.8574 1.63246 -13 4798 1 0 1
11.2905 19.045 225.556 3.59022 5.74026 63.8919 0.708079 -13 4799 1 0 1
5.74051 -9.77944 225.556 1.59526 -2.85087 72.2045 1.80728 -13 4800 1 0 1
-9.18671 -13.3681 225.556 -3.18015 -3.20341 65.2185 3.14251 -13 4801 1 0 1
-7.59476 -6.85581 225.556 -3.79363 -1.63398 76.8231 1.36388 -13 4802 1 0 1
33.7151 13.4583 225.556 10.3615 3.13417 60.9582 0.404384 -13 4803 1 0 1
-40.9012 -2.8452 225.556 -12.3785 -0.700722 59.5019 2.44896 -13 4804 1 0 1
-14.0669 -7.74836 225.556 -6.46877 -2.85699 78.4324 1.4342 -13 4805 1 0 1
-48.1147 33.2313 225.556 -15.041 9.04896 61.5667 2.94199 -13 4806 1 0 1
11.0065 -2.86813 225.556 3.45938 -0.531198 67.0698 1.01062 -13 4807 1 0 1
7.66142 -2.48507 225.556 0.951063 -0.334356 15.3213 3.92159 -13 4808 1 0 1
61.1478 -15.6757 225.556 19.9977 -4.99254 65.6494 1.9711 -13 4809 1 0 1
24.5814 -10.0483 225.556 7.27136 -2.8091 57.131 1.47522 -13 4810 1 0 1
-23.8862 29.5916 225.556 -8.49473 8.93163 67.7863 1.61467 -13 4811 1 0 1
-48.8765 20.3624 225.556 -14.5731 4.61688 58.6429 0.378063 -13 4812 1 0 1
7.57836 35.6899 225.556 2.3169 7.44881 49.6482 0.388691 -13 4813 1 0 1
21.7531 57.4259 225.556 6.36092 14.3136 57.3432 2.48386 -13 4814 1 0 1
29.9771 -17.7239 225.556 10.1785 -6.03003 70.1204 1.6238 -13 4815 1 0 1
-9.36032 -11.5453 225.556 -3.65865 -4.10309 69.2472 2.12549 -13 4816 1 0 1
23.3784 -13.6563 225.556 7.99936 -3.66843 73.2793 2.34455 -13 4817 1 0 1
22.2442 7.44108 225.556 6.33611 1.85805 50.9292 1.15648 -13 4818 1 0 1
11.7428 -37.3355 225.556 3.23026 -6.48548 44.5459 0.937417 -13 4819 1 0 1
34.7089 -2.81474 225.556 11.8455 -0.216667 71.0146 1.72784 -13 4820 1 0 1
-41.2128 -16.0559 225.556 -8.79278 -3.27438 42.2978 3.64281 -13 4821 1 0 1
-36.0615 9.88016 225.556 -11.2713 2.22671 61.7412 -0.792601 -13 4822 1 0 1
-0.391732 -4.77273 225.556 -0.425598 -1.09851 70.7009 1.12076 -13 4823 1 0 1
61.6922 -83.6816 225.556 14.1404 -13.8375 42.3325 0.707564 -13 4824 1 0 1
-14.7626 -22.4299 225.556 -4.03327 -5.55494 56.4498 3.68433 -13 4826 1 0 1
8.00393 -6.79332 225.556 1.80874 -2.53081 79.5713 2.53828 -13 4827 1 0 1
-33.5653 -23.4211 225.556 -13.326 -7.98807 74.8216 2.24988 -13 4828 1 0 1
13.2717 -40.4037 225.556 4.23657 -11.2189 67.4363 1.6449 -13 4829 1 0 1
-23.6264 -36.549 225.556 -7.28043 -10.0817 61.5819 2.6968 -13 4830 1 0 1
4.35608 9.69227 225.556 1.43955 2.79807 61.7202 1.45799 -13 4831 1 0 1
-4.32022 6.04977 225.556 -1.10194 1.55531 58.3853 1.79804 -13 4833 1 0 1
-1.40533 -10.0851 225.556 -0.278545 -2.73267 58.8229 0.727521 -13 4834 1 0 1
26.1451 15.6646 225.556 8.46694 4.03973 64.6569 4.06517 -13 4835 1 0 1
-0.807959 -24.6548 225.556 -0.922966 -7.54641 73.07 2.33838 -13 4836 1 0 1
10.3344 -11.2746 225.556 3.28982 -2.87981 60.3888 -0.0228412 -13 4837 1 0 1
-50.6896 -53.0355 225.556 -13.6069 -11.0937 53.113 0.575718 -13 4838 1 0 1
25.6153 19.0362 225.556 8.89685 6.50602 77.5193 2.16369 -13 4839 1 0 1
-3.92784 -35.6116 225.556 -1.04842 -8.95732 58.679 1.83695 -13 4840 1 0 1
-0.354889 -66.8377 225.556 -0.428239 -19.3466 67.687 1.14693 -13 4841 1 0 1
4.55517 -8.73406 225.556 1.34641 -2.59581 67.3198 2.15312 -13 4842 1 0 1
-18.3667 61.3222 225.556 -6.57599 18.0375 67.429 2.70834 -13 4843 1 0 1
-0.118018 39.9047 225.556 -0.388076 11.7699 67.9976 0.946749 -13 4844 1 0 1
-79.007 -26.9411 225.556 -27.2686 -7.90566 66.7703 1.35383 -13 4845 1 0 1
42.217 67.7936 225.556 10.0196 11.9652 42.9141 1.4752 -13 4846 1 0 1
-17.2498 -2.65018 225.556 -7.0762 -0.468914 74.6524 0.630586 -13 4847 1 0 1
-43.112 27.0545 225.556 -15.655 6.91572 70.5308 0.999554 -13 4848 1 0 1
19.3074 3.66899 225.556 5.07515 1.03028 44.9268 1.8596 -13 4849 1 0 1
4.90686 -1.4157 225.556 1.66863 -0.714212 53.969 2.85655 -13 4850 1 0 1
-5.16858 4.41839 225.556 -0.92179 1.55012 47.0478 1.67891 -13 4851 1 0 1
22.2746 4.25038 225.556 7.40858 1.43615 67.9069 1.93654 -13 4852 1 0 1
0.0897571 13.7424 225.556 -0.83364 4.29634 77.2761 1.90782 -13 4853 1 0 1
-0.872301 16.418 225.556 -1.1653 5.7713 76.0709 2.88992 -13 4856 1 0 1
46.3591 20.6227 225.556 13.1899 4.72143 54.5893 2.19174 -13 4857 1 0 1
13.2294 10.2774 225.556 4.0378 2.9754 58.1254 1.83217 -13 4858 1 0 1
62.6288 12.4673 225.556 18.8095 3.13661 58.7037 1.82143 -13 4859 1 0 1
58.5365 -26.9935 225.556 15.968 -5.77822 52.4502 1.53623 -13 4860 1 0 1
50.6933 -0.202023 225.556 15.8452 0.0269119 61.7385 1.46196 -13 4862 1 0 1
-9.56286 1.05595 225.556 -3.52094 0.566664 69.7164 1.89959 -13 4863 1 0 1
38.5785 52.9322 225.556 11.3995 12.3656 57.4869 0.682801 -13 4864 1 0 1
-41.1325 -29.5063 225.556 -16.2293 -10.0938 75.3551 2.28767 -13 4866 1 0 1
10.5255 12.3973 225.556 3.26935 3.79645 54.6415 0.949102 -13 4867 1 0 1
-33.0016 46.21 225.556 -10.8048 12.7093 64.5599 -0.946983 -13 4868 1 0 1
-11.688 0.215397 225.556 -3.00015 0.122952 54.0136 1.83709 -13 4869 1 0 1
-24.2101 -33.856 225.556 -8.36023 -9.7828 67.5354 1.74301 -13 4870 1 0 1
-50.6776 -2.3506 225.556 -20.1639 -0.659954 76.3105 0.236257 -13 4871 1 0 1
-6.5793 5.13166 225.556 -3.18638 1.20178 75.2803 0.790106 -13 4872 1 0 1
-12.6403 13.2725 225.556 -5.16383 3.94908 72.8182 1.96436 -13 4873 1 0 1
-34.3528 -8.11964 225.556 -10.2427 -2.13575 59.8989 0.226757 -13 4874 1 0 1
-27.0153 -0.430172 225.556 -9.27753 0.0485518 67.3794 0.760672 -13 4875 1 0 1
11.4106 8.39452 225.556 3.47614 2.33272 67.4146 1.78141 -13 4877 1 0 1
-20.251 27.5286 225.556 -8.7801 8.00667 77.5363 -1.20857 -13 4878 1 0 1
29.1127 -13.1368 225.556 8.23263 -3.00955 53.0802 2.92695 -13 4879 1 0 1
-13.3057 -48.8862 225.556 -3.51505 -10.8159 54.7723 0.711705 -13 4880 1 0 1
-1.10383 2.60377 225.556 -0.385807 -0.137411 64.6048 1.04434 -13 4881 1 0 1
27.1776 -26.1159 225.556 8.43706 -6.92021 62.3506 0.919105 -13 4882 1 0 1
7.03803 19.0155 225.556 2.21205 5.54079 66.4335 1.69319 -13 4883 1 0 1
-4.4354 -14.3255 225.556 -1.38792 -4.0455 60.3952 1.65578 -13 4884 1 0 1
-8.97866 -11.4326 225.556 -2.62166 -2.3196 60.9162 0.527242 -13 4886 1 0 1
-1.69226 -3.76766 225.556 -1.86406 -1.1714 79.3589 -0.0898732 -13 4887 1 0 1
-6.49355 -37.0185 225.556 -3.32133 -12.2021 76.7819 3.20916 -13 4888 1 0 1
19.283 9.7386 225.556 5.5819 2.0134 52.3722 0.605373 -13 4889 1 0 1
-9.17142 -0.0771336 225.556 -2.10705 0.354751 51.9393 1.08718 -13 4890 1 0 1
31.1887 -3.17583 225.556 10.7128 -0.157497 73.1119 1.78303 -13 4891 1 0 1
26.6597 50.6577 225.556 8.02899 12.2573 58.0284 1.85027 -13 4892 1 0 1
-8.31237 31.783 225.556 -2.98075 8.10024 67.4514 1.84728 -13 4893 1 0 1
-19.1988 -12.8354 225.556 -6.28802 -3.43209 64.9426 1.97036 -13 4894 1 0 1
16.4766 -9.89868 225.556 5.36958 -2.69744 66.0416 1.67749 -13 4895 1 0 1
-15.7879 -33.1165 225.556 -5.60588 -9.25989 67.4947 2.0088 -13 4896 1 0 1
25.5247 -16.1986 225.556 8.76706 -5.87883 77.6136 0.802282 -13 4897 1 0 1
-43.1449 13.9572 225.556 -13.4315 3.28054 61.3608 -0.486946 -13 4898 1 0 1
51.9326 -12.5776 225.556 14.756 -2.68221 54.2557 0.866236 -13 4899 1 0 1
-52.2232 -4.01441 225.556 -17.2508 -0.641062 64.5208 0.729121 -13 4900 1 0 1
11.3905 9.06246 225.556 2.39286 1.01633 33.1624 2.79209 -13 4901 1 0 1
32.9113 4.03213 225.556 11.6802 0.823481 78.0032 -1.70735 -13 4902 1 0 1
38.846 19.8831 225.556 10.3251 4.28124 50.0719 1.48679 -13 4903 1 0 1
-25.363 24.8217 225.556 -7.14682 5.90372 57.4162 2.93451 -13 4904 1 0 1
20.9061 43.3001 225.556 6.79111 11.0776 65.1835 2.28172 -13 4905 1 0 1
-14.2894 -42.9116 225.556 -3.23876 -8.54755 46.0567 3.69763 -13 4906 1 0 1
50.6892 39.0443 225.556 13.0888 8.05522 48.4252 2.06391 -13 4907 1 0 1
-25.2375 6.15882 225.556 -9.27897 1.81561 71.2836 2.77545 -13 4908 1 0 1
-3.97852 13.7684 225.556 -1.77688 4.86409 70.5581 1.10956 -13 4909 1 0 1
-14.3667 16.7327 225.556 -3.44357 3.99528 50.7361 1.95954 -13 4910 1 0 1
6.68366 14.9844 225.556 2.02445 3.59481 53.5456 2.74594 -13 4911 1 0 1
7.0714 -16.9942 225.556 1.87997 -5.11184 76.0337 0.801998 -13 4912 1 0 1
14.7269 28.2101 225.556 4.91336 7.7503 68.023 0.531586 -13 4913 1 0 1
-25.2903 -25.5645 225.556 -8.69692 -7.50794 67.8478 3.26458 -13 4914 1 0 1
71.1292 38.4555 225.556 16.7706 6.63386 43.6899 2.17062 -13 4915 1 0 1
49.8146 12.5851 225.556 17.2849 3.6972 72.2969 0.296628 -13 4916 1 0 1
9.28232 45.6083 225.556 2.63488 14.4483 75.9732 -0.738832 -13 4917 1 0 1
16.5934 -37.8289 225.556 5.37909 -9.61683 67.9408 -0.465759 -13 4918 1 0 1
-37.1692 -95.475 225.556 -5.56961 -9.32678 28.3042 -0.419703 -13 4919 1 0 1
13.544 5.88766 225.556 4.27983 1.79397 60.6941 2.28354 -13 4921 1 0 1
-7.55421 22.0578 225.556 -1.80211 5.62674 55.9675 2.01831 -13 4922 1 0 1
1.6264 -10.833 225.556 -0.330164 -2.8195 76.3999 2.44044 -13 4923 1 0 1
-24.7087 -9.02067 225.556 -9.44342 -2.78327 72.3127 0.356148 -13 4924 1 0 1
8.8708 1.0506 225.556 2.97065 0.470232 66.9646 0.712014 -13 4925 1 0 1
2.16082 27.0277 225.556 0.272912 8.51041 71.4018 1.61182 -13 4926 1 0 1
-18.9861 20.2227 225.556 -6.99302 5.29821 69.7528 2.08382 -13 4927 1 0 1
28.8599 60.332 225.556 8.77062 15.1826 60.4958 2.43588 -13 4928 1 0 1
28.4602 -15.7944 225.556 10.0672 -5.82126 77.063 0.83018 -13 4929 1 0 1
7.73109 4.95208 225.556 2.37166 2.3452 64.7743 1.55177 -13 4930 1 0 1
-55.7401 -12.8008 225.556 -17.4649 -2.85918 61.6085 0.672101 -13 4931 1 0 1
0.649201 -23.7977 225.556 0.121083 -6.46696 66.3549 3.02749 -13 4932 1 0 1
-42.5365 -2.43918 225.556 -15.1891 -0.840279 69.2369 1.47957 -13 4933 1 0 1
5.16596 16.7186 225.556 1.57014 4.09558 67.6212 1.73913 -13 4934 1 0 1
96.2625 28.8318 225.556 20.9611 4.27054 39.4867 2.38226 -13 4935 1 0 1
-43.4209 -1.55489 225.556 -15.994 -0.347174 71.3563 -0.21227 -13 4936 1 0 1
-12.3955 19.7669 225.556 -4.28668 6.38958 66.6563 1.42045 -13 4937 1 0 1
-14.6485 27.2739 225.556 -3.86449 6.54658 55.0114 2.80233 -13 4938 1 0 1
-53.0776 3.03285 225.556 -16.3802 1.86905 60.6915 2.60174 -13 4939 1 0 1
11.629 1.89349 225.556 3.75201 0.429397 63.02 2.20382 -13 4940 1 0 1
44.2127 3.12917 225.556 13.7905 0.607147 60.6547 0.528145 -13 4941 1 0 1
-14.6503 48.5502 225.556 -3.39781 9.42212 49.3571 1.85868 -13 4942 1 0 1
-18.5812 24.0677 225.556 -8.73327 8.80764 78.9334 1.00191 -13 4943 1 0 1
-10.5107 -0.845049 225.556 -4.07248 -0.357188 72.6289 2.69149 -13 4944 1 0 1
-15.8499 -6.59574 225.556 -5.89773 -2.00934 69.7886 0.864956 -13 4945 1 0 1
-15.3693 -27.223 225.556 -4.42456 -6.6366 60.2315 1.67349 -13 4946 1 0 1
6.07757 -27.7961 225.556 1.71029 -8.02113 65.5137 1.76274 -13 4947 1 0 1
10.8053 -11.3243 225.556 3.18344 -2.61569 50.7665 0.411669 -13 4948 1 0 1
-1.32827 21.4753 225.556 -0.705483 5.8603 69.3346 0.166953 -13 4949 1 0 1
-14.1823 35.2126 225.556 -6.97571 12.0286 78.4166 0.685358 -13 4950 1 0 1
35.7736 2.29969 225.556 8.97258 0.0897959 46.153 3.58402 -13 4951 1 0 1
-37.0586 -20.9873 225.556 -11.55 -5.35984 60.4918 0.829126 -13 4953 1 0 1
52.9522 21.9463 225.556 12.2118 3.91296 42.5244 1.51295 -13 4954 1 0 1
5.85951 4.05114 225.556 2.06441 1.00514 58.1843 1.60871 -13 4955 1 0 1
-61.539 12.5736 225.556 -19.6849 3.39454 62.3967 2.67134 -13 4956 1 0 1
63.9491 9.69868 225.556 21.3791 2.413 67.5264 1.71936 -13 4957 1 0 1
-24.2698 -34.9134 225.556 -6.8699 -8.96705 57.0948 -0.220438 -13 4958 1 0 1
11.9128 25.9335 225.556 3.79669 8.04496 69.0414 1.93735 -13 4959 1 0 1
31.1768 17.1872 225.556 10.3082 5.68053 67.2677 2.02549 -13 4960 1 0 1
35.648 -11.7505 225.556 11.8384 -3.9375 67.2686 2.67157 -13 4961 1 0 1
-21.7525 13.0528 225.556 -7.84116 3.63143 69.0542 1.37774 -13 4962 1 0 1
-12.2656 -14.9329 225.556 -5.11255 -4.84761 73.5467 0.592108 -13 4963 1 0 1
12.3612 6.28219 225.556 3.77663 2.11383 70.0964 1.40273 -13 4964 1 0 1
-0.771828 -19.7935 225.556 -0.923509 -6.42648 74.9865 0.91031 -13 4965 1 0 1
-5.27405 38.2218 225.556 -1.2859 10.2623 60.6581 2.44614 -13 4966 1 0 1
24.3812 5.15967 225.556 8.31736 2.06221 78.2017 0.274274 -13 4967 1 0 1
-8.31027 -18.1264 225.556 -2.27346 -4.60645 59.4133 1.8293 -13 4968 1 0 1
9.04419 -39.2105 225.556 2.53943 -13.8532 78.2021 1.23253 -13 4969 1 0 1
-32.4438 44.6647 225.556 -8.37714 9.05989 51.8115 2.0478 -13 4970 1 0 1
-2.49519 -2.49735 225.556 -1.97963 -0.460806 79.1247 3.70092 -13 4971 1 0 1
-12.7439 -23.5113 225.556 -4.81014 -8.55309 70.8744 2.8255 -13 4972 1 0 1
13.5904 20.947 225.556 4.37034 5.39695 65.6172 -0.890568 -13 4973 1 0 1
0.597032 -29.0032 225.556 -0.351679 -9.51626 74.617 2.29823 -13 4974 1 0 1
-12.0265 -21.4818 225.556 -5.29232 -6.90825 76.0343 0.350321 -13 4975 1 0 1
9.5158 39.4291 225.556 2.70381 12.2991 74.7587 2.33675 -13 4976 1 0 1
16.4284 40.4189 225.556 5.48273 10.0657 63.7579 1.82203 -13 4977 1 0 1
-9.88344 -46.1986 225.556 -2.91476 -12.3362 60.7013 2.55985 -13 4978 1 0 1
-11.7611 39.1164 225.556 -2.97211 8.2746 53.9173 1.45767 -13 4979 1 0 1
36.4165 -1.56609 225.556 12.1175 -0.789967 67.353 2.42443 -13 4980 1 0 1
-51.4402 4.22979 225.556 -18.3003 2.52263 69.1088 1.49567 -13 4981 1 0 1
22.8313 -12.8106 225.556 7.36036 -3.29918 66.1506 2.77693 -13 4982 1 0 1
4.58702 -9.74575 225.556 1.08081 -4.74976 73.2875 2.22298 -13 4983 1 0 1
-38.5971 4.82235 225.556 -9.17301 1.62077 47.7127 1.18995 -13 4984 1 0 1
15.3998 39.3786 225.556 4.71312 9.84058 60.2399 2.58883 -13 4985 1 0 1
-21.1581 12.5186 225.556 -7.82933 3.23087 69.7588 1.68045 -13 4986 1 0 1
9.70494 23.4118 225.556 3.06491 6.17298 60.9705 2.76665 -13 4987 1 0 1
17.1837 18.9809 225.556 5.19055 3.81436 58.789 0.756443 -13 4988 1 0 1
35.6041 43.0135 225.556 10.7559 10.1426 59.6378 2.93232 -13 4989 1 0 1
25.3947 -3.51616 225.556 4.88307 -0.549143 33.7612 5.85898 -13 4990 1 0 1
41.6407 -9.27699 225.556 10.5026 -1.76551 46.277 2.18364 -13 4991 1 0 1
-29.5228 -27.2203 225.556 -10.7115 -7.3806 69.251 4.04112 -13 4992 1 0 1
-4.05722 65.1384 225.556 -1.02043 15.2352 56.4779 1.84229 -13 4993 1 0 1
36.5041 -16.227 225.556 9.80608 -2.99933 50.2401 -0.295571 -13 4994 1 0 1
-7.88584 17.0156 225.556 -2.9078 4.97951 67.9464 0.608389 -13 4995 1 0 1
9.20196 -68.8738 225.556 2.65666 -14.5048 51.9901 2.10267 -13 4996 1 0 1
-18.1684 4.59203 225.556 -5.72624 0.901516 63.4149 2.43742 -13 4997 1 0 1
35.0072 -24.1444 225.556 10.8934 -6.46505 62.3766 1.29108 -13 4998 1 0 1
7.37608 19.5221 225.556 2.43433 5.31719 56.0772 0.987815 -13 4999 1 0 1
