#BLTrackFile NTuple/Z126
#x y z Px Py Pz t PDGid EventID TrackID ParentID Weight
#mm mm mm MeV/c MeV/c MeV/c ns - - - - -
-14.6006 -13.2504 125.556 -10.164 -7.43961 71.9252 -0.442759 -13 1 1 0 1
10.6278 1.82116 125.556 4.81798 -1.69681 80.8947 0.623812 -13 2 1 0 1
-4.1622 -3.49859 125.556 -3.58856 -2.27261 71.4834 1.61218 -13 3 1 0 1
-20.13 -6.30315 125.556 -15.2535 -2.943 76.8277 1.04072 -13 4 1 0 1
-20.7591 -1.06095 125.556 -10.5022 -1.44642 59.9241 1.2902 -13 5 1 0 1
-12.5732 -2.45316 125.556 -9.32145 -0.833033 74.415 -0.0760241 -13 6 1 0 1
0.25244 -11.0047 125.556 0.468789 -5.45679 61.199 -0.104841 -13 7 1 0 1
-25.1983 8.87499 125.556 -9.37184 4.74431 45.7406 0.896395 -13 8 1 0 1
12.1417 19.4506 125.556 6.46382 10.8779 63.1377 1.87854 -13 9 1 0 1
4.9475 -9.70886 125.556 2.84208 -4.77851 66.683 1.43493 -13 10 1 0 1
9.22879 4.61629 125.556 4.61294 2.53033 71.1708 0.196181 -13 11 1 0 1
-0.624338 -20.3875 125.556 -0.0808003 -11.439 61.2576 2.47099 -13 12 1 0 1
20.8638 17.2917 125.556 7.64199 5.49591 38.7237 0.232784 -13 13 1 0 1
19.6558 -12.3028 125.556 10.9445 -5.81458 67.3432 -0.785041 -13 14 1 0 1
22.4395 -14.0669 125.556 12.6991 -7.85268 66.2727 2.23299 -13 15 1 0 1
41.6328 -39.745 125.556 19.3861 -19.1039 54.6146 3.00658 -13 16 1 0 1
-8.696 19.6304 125.556 -4.82813 11.3522 63.4588 0.115039 -13 17 1 0 1
-12.5284 -18.222 125.556 -4.95748 -8.79015 51.8203 2.28205 -13 18 1 0 1
-28.1486 10.4496 125.556 -16.0164 6.30631 63.6844 0.896852 -13 19 1 0 1
3.4948 -16.4319 125.556 1.82586 -8.74363 64.1789 3.7186 -13 20 1 0 1
-11.147 7.36984 125.556 -4.88026 4.85952 56.4456 -0.358289 -13 22 1 0 1
-22.8318 34.8515 125.556 -6.83577 11.3492 38.1372 1.62348 -13 23 1 0 1
-25.3176 20.2623 125.556 -11.2295 9.33024 52.977 1.56789 -13 24 1 0 1
9.1009 -4.48057 125.556 4.75301 -1.53724 70.7217 1.01923 -13 25 1 0 1
-1.16475 5.03867 125.556 -0.987517 3.17361 68.518 0.610054 -13 26 1 0 1
1.69899 -2.70442 125.556 0.712033 0.315657 66.6413 2.21096 -13 27 1 0 1
3.471 -22.7507 125.556 1.12354 -14.0865 72.6245 0.980163 -13 28 1 0 1
-7.86128 11.3249 125.556 -4.95298 7.50556 66.7713 1.76903 -13 30 1 0 1
-4.65763 2.58881 125.556 -3.9237 2.25598 71.8898 0.449475 -13 31 1 0 1
-9.53881 4.60377 125.556 -4.95949 2.54835 62.2637 0.29625 -13 32 1 0 1
7.10725 0.0315884 125.556 2.24118 0.397104 25.2397 2.50288 -13 33 1 0 1
-23.0669 -2.20827 125.556 -13.2696 -0.484586 65.0457 0.156347 -13 34 1 0 1
-36.1607 -24.2643 125.556 -22.354 -13.7238 68.6303 2.94807 -13 35 1 0 1
-1.61881 10.385 125.556 -1.06204 7.33059 66.0814 -0.347732 -13 36 1 0 1
-0.262239 -11.7784 125.556 -2.07378 -8.8875 79.5671 -0.769619 -13 37 1 0 1
1.63468 -21.128 125.556 1.08784 -11.4655 59.823 2.26044 -13 38 1 0 1
-9.37571 11.5329 125.556 -3.92005 5.13719 51.6816 1.64896 -13 40 1 0 1
13.091 25.7729 125.556 6.87852 13.0628 61.183 0.642688 -13 41 1 0 1
-5.40834 2.62784 125.556 -3.79606 0.382658 68.2547 1.99458 -13 42 1 0 1
-20.2419 -5.12892 125.556 -16.3883 -3.6143 78.2418 1.00367 -13 43 1 0 1
5.9425 4.29992 125.556 3.4593 1.65232 56.5763 1.47642 -13 44 1 0 1
-1.4885 -13.3638 125.556 -1.53762 -7.70589 67.7651 1.14365 -13 46 1 0 1
2.17031 18.0274 125.556 1.24102 7.93681 59.7269 1.73207 -13 47 1 0 1
-8.65777 18.4118 125.556 -5.49101 12.0496 66.3131 1.45191 -13 48 1 0 1
2.32201 -25.5274 125.556 0.713697 -17.597 69.6867 0.184088 -13 49 1 0 1
12.7373 -0.403003 125.556 5.75932 0.258777 42.8487 0.352556 -13 50 1 0 1
-4.89645 5.95498 125.556 -4.33705 2.55067 72.7316 0.413867 -13 51 1 0 1
-7.94288 25.011 125.556 -3.21566 12.232 54.8826 0.932454 -13 52 1 0 1
11.2691 9.54923 125.556 6.19368 4.17501 56.7121 -1.52486 -13 53 1 0 1
5.72751 18.166 125.556 3.01212 6.22578 42.8877 1.02606 -13 54 1 0 1
-6.1716 -8.45388 125.556 -4.67382 -5.73091 70.4923 1.62494 -13 55 1 0 1
26.5328 16.1795 125.556 13.8096 8.49816 60.5778 -0.182355 -13 56 1 0 1
-9.36745 -17.2759 125.556 -4.95811 -8.6724 62.7388 0.365283 -13 58 1 0 1
0.595092 -15.3419 125.556 -0.100099 -8.98903 67.6724 2.69475 -13 59 1 0 1
12.7216 27.9499 125.556 6.58185 14.4328 56.1084 1.09094 -13 60 1 0 1
-6.66943 11.7479 125.556 -3.57345 6.99303 62.7755 -0.0764617 -13 61 1 0 1
0.56875 2.78072 125.556 -0.24654 2.87074 70.0322 0.167068 -13 62 1 0 1
6.94764 -14.8797 125.556 2.62806 -4.57331 35.0234 1.33844 -13 63 1 0 1
0.413797 -0.909907 125.556 0.419764 -0.190671 60.3234 0.922243 -13 64 1 0 1
5.69832 3.03873 125.556 3.05485 1.19022 65.7967 -0.702902 -13 65 1 0 1
-1.23774 2.99384 125.556 -1.46153 1.50723 71.4154 1.15844 -13 66 1 0 1
5.35842 -5.33853 125.556 3.16759 -1.97924 61.4331 0.0971589 -13 67 1 0 1
4.13194 25.1604 125.556 2.60742 10.8017 53.4094 -0.103107 -13 68 1 0 1
-7.13033 -11.8522 125.556 -3.7379 -6.63972 62.9033 0.759472 -13 69 1 0 1
-7.61433 -12.745 125.556 -7.36268 -11.1493 79.8034 0.896829 -13 70 1 0 1
-4.54314 3.26739 125.556 -1.71622 0.596062 60.3537 -0.675255 -13 71 1 0 1
13.3368 22.3656 125.556 7.12934 11.2347 64.3074 1.87346 -13 72 1 0 1
-2.90094 -0.545292 125.556 -3.13675 -1.66833 74.5624 -0.220099 -13 73 1 0 1
5.11631 16.5769 125.556 2.95877 8.50681 58.5256 1.06613 -13 74 1 0 1
2.53847 10.8117 125.556 0.253999 6.3331 75.0097 -2.16891 -13 75 1 0 1
12.6844 3.31606 125.556 5.63453 2.0552 79.628 -1.04739 -13 76 1 0 1
-7.12589 -2.85463 125.556 -3.29325 -2.71497 56.8379 3.20808 -13 77 1 0 1
-8.66834 -2.52749 125.556 -4.35813 -1.9656 60.0128 0.0333391 -13 78 1 0 1
3.64233 -6.41104 125.556 1.88952 -3.729 62.8928 2.20919 -13 79 1 0 1
1.67867 -10.5296 125.556 -0.0258515 -5.62653 72.4719 0.761315 -13 80 1 0 1
2.91035 15.4066 125.556 0.829558 11.3433 69.7033 0.810029 -13 81 1 0 1
3.47291 2.49924 125.556 2.24983 1.93692 62.7215 1.99537 -13 82 1 0 1
-17.706 30.9056 125.556 -10.6035 18.6901 66.4685 0.790922 -13 83 1 0 1
-28.6704 -3.10474 125.556 -15.5809 -1.85081 61.5516 0.944966 -13 84 1 0 1
3.88269 0.377385 125.556 1.41308 -0.247061 75.6959 1.84673 -13 85 1 0 1
3.97083 -10.2191 125.556 1.87342 -8.04208 68.0174 0.568726 -13 86 1 0 1
-2.73122 -21.7135 125.556 -0.326188 -9.86358 50.026 1.76559 -13 87 1 0 1
-8.6297 -10.564 125.556 -5.47996 -6.03587 67.8296 0.352836 -13 88 1 0 1
5.23677 -3.62063 125.556 2.77015 -0.968343 62.1967 0.222351 -13 89 1 0 1
1.78193 8.38214 125.556 0.934657 4.5216 65.7486 0.589883 -13 90 1 0 1
-17.661 -6.19729 125.556 -9.58081 -3.65937 63.5546 1.66868 -13 91 1 0 1
12.6185 3.7243 125.556 6.78728 1.80394 54.9743 0.851842 -13 92 1 0 1
7.89658 0.660237 125.556 4.52207 -0.329631 58.9894 1.66267 -13 93 1 0 1
3.69785 38.2078 125.556 2.11798 17.3307 52.7765 -0.439752 -13 94 1 0 1
5.81654 4.40798 125.556 2.91524 3.13573 70.4206 0.812534 -13 95 1 0 1
2.28907 16.5813 125.556 1.23895 9.68052 60.8079 -0.991445 -13 96 1 0 1
-2.08694 -4.24696 125.556 -0.262236 -0.676346 57.0689 -0.186675 -13 97 1 0 1
-1.30371 -4.53223 125.556 -1.0124 -1.50521 67.3864 1.20769 -13 98 1 0 1
-6.54297 18.5866 125.556 -3.57526 10.1134 62.8495 1.31013 -13 99 1 0 1
10.775 -2.98405 125.556 5.87059 -0.372368 67.3828 -0.0960511 -13 100 1 0 1
16.1685 0.0914794 125.556 8.94659 -0.646615 68.0509 0.101882 -13 101 1 0 1
5.36372 3.8423 125.556 2.57956 2.00192 67.2558 0.691659 -13 102 1 0 1
22.0717 -1.03091 125.556 11.6592 1.24429 61.1454 -1.62257 -13 103 1 0 1
9.82657 1.68386 125.556 5.33745 0.136501 67.4537 0.471985 -13 104 1 0 1
-8.33318 11.326 125.556 -3.93324 7.80148 60.0995 -0.628168 -13 105 1 0 1
-18.4302 -6.32609 125.556 -9.4181 -3.30028 59.5134 1.11648 -13 106 1 0 1
-2.30606 -11.1609 125.556 -2.21723 -6.89698 70.2894 -0.290026 -13 107 1 0 1
15.2329 12.075 125.556 8.3199 7.98099 62.8965 0.00192157 -13 108 1 0 1
7.96785 5.12381 125.556 4.47683 3.25789 67.8162 1.77087 -13 109 1 0 1
-7.89448 3.64712 125.556 -6.25706 2.57866 72.4115 0.4894 -13 110 1 0 1
-8.91396 -9.43497 125.556 -7.54378 -4.91329 76.8401 0.42964 -13 111 1 0 1
10.8861 0.454034 125.556 5.27402 -0.526935 56.2374 -0.983812 -13 112 1 0 1
8.39167 10.1948 125.556 4.50159 4.64729 54.8599 1.6604 -13 113 1 0 1
10.7476 -11.2159 125.556 5.93269 -6.39223 63.0237 0.746263 -13 114 1 0 1
15.956 4.7785 125.556 7.64091 1.79637 49.287 0.781018 -13 115 1 0 1
-14.1025 -4.89976 125.556 -9.91613 -3.14883 72.2357 1.2621 -13 116 1 0 1
-3.1699 3.98446 125.556 -1.25947 2.4091 55.4386 0.521215 -13 117 1 0 1
7.85512 -15.0052 125.556 4.12587 -7.45948 46.2371 0.570471 -13 118 1 0 1
-2.26223 4.62454 125.556 -2.06837 3.41857 70.5312 1.25714 -13 119 1 0 1
-16.8224 0.680601 125.556 -6.78501 0.638998 49.4536 0.761443 -13 120 1 0 1
8.16736 -15.3546 125.556 4.34284 -6.69387 60.9181 2.34769 -13 121 1 0 1
-9.73972 -9.38887 125.556 -7.9473 -5.49033 76.6085 1.34407 -13 122 1 0 1
-2.21103 -18.4865 125.556 -2.01789 -10.8112 70.6174 1.50394 -13 123 1 0 1
27.5943 2.87661 125.556 14.0292 1.76596 56.8785 1.15292 -13 124 1 0 1
-22.1741 -29.6221 125.556 -11.0787 -15.1046 58.1442 -0.675239 -13 125 1 0 1
-6.1223 -1.98022 125.556 -6.24882 -3.19113 78.7974 1.65124 -13 126 1 0 1
4.89532 18.0388 125.556 2.72083 8.54391 59.8445 -0.27209 -13 127 1 0 1
1.48314 -7.59505 125.556 0.824825 -5.46421 64.7105 1.11069 -13 128 1 0 1
26.7384 12.1657 125.556 13.6248 6.28295 57.7662 0.37164 -13 129 1 0 1
15.5738 -4.51034 125.556 7.44675 -0.881555 49.9325 1.51983 -13 130 1 0 1
0.894933 8.75261 125.556 -0.252568 5.19964 68.9526 0.285854 -13 131 1 0 1
-6.6872 4.45511 125.556 -5.30673 2.42817 73.7335 2.01299 -13 132 1 0 1
14.7658 0.1085 125.556 8.16252 -0.286776 63.7342 -0.548848 -13 133 1 0 1
12.4572 1.52202 125.556 6.60882 0.816703 75.4825 1.10716 -13 134 1 0 1
4.78837 4.00597 125.556 1.99541 1.09821 69.9922 1.58429 -13 135 1 0 1
23.0769 9.32232 125.556 11.4794 3.5715 55.1785 0.896722 -13 136 1 0 1
-11.6522 -1.01163 125.556 -6.34137 -0.884345 62.9703 2.28624 -13 137 1 0 1
-10.506 23.7952 125.556 -4.62571 11.5275 54.8065 1.15519 -13 140 1 0 1
1.09297 13.406 125.556 1.09647 6.99023 52.5558 0.754957 -13 141 1 0 1
17.9925 8.70544 125.556 9.86741 5.96439 64.1638 2.68376 -13 142 1 0 1
-16.4839 -6.01548 125.556 -10.7338 -4.01776 70.5867 -0.138305 -13 143 1 0 1
13.6733 -0.404129 125.556 7.59417 -1.04634 71.6723 3.61867 -13 144 1 0 1
12.1686 -31.4368 125.556 6.18487 -14.8064 55.7616 2.52628 -13 145 1 0 1
10.2146 -9.23079 125.556 5.55483 -4.27678 65.8464 0.961484 -13 146 1 0 1
-2.23597 -3.9386 125.556 -1.33217 -2.26931 65.3246 -0.468626 -13 147 1 0 1
-7.4946 -17.7203 125.556 -5.05748 -9.1577 68.8287 0.965906 -13 148 1 0 1
15.9227 15.229 125.556 7.84923 7.01721 55.9621 0.310418 -13 149 1 0 1
5.47049 19.2157 125.556 2.88782 11.2639 65.3786 0.557236 -13 150 1 0 1
6.6851 -21.6491 125.556 3.53845 -10.9698 56.418 1.98718 -13 151 1 0 1
3.18873 -3.51778 125.556 1.75646 -2.15485 64.4593 2.84177 -13 152 1 0 1
-7.68914 -11.6972 125.556 -4.85333 -8.19199 67.5399 0.207347 -13 153 1 0 1
-12.0048 -13.9625 125.556 -10.0223 -9.48183 77.6403 -1.45421 -13 154 1 0 1
-11.9752 0.551837 125.556 -7.17718 -0.163972 66.5202 -0.761072 -13 155 1 0 1
25.8987 -11.1586 125.556 10.9176 -3.77072 45.5135 0.346147 -13 156 1 0 1
-6.67407 1.20746 125.556 -3.48495 1.44604 62.3295 0.609455 -13 157 1 0 1
-2.75514 6.28113 125.556 -4.38872 2.99215 79.3382 1.93101 -13 158 1 0 1
-11.1074 15.0219 125.556 -4.80598 6.63267 55.9887 0.104259 -13 159 1 0 1
25.596 -0.315927 125.556 13.6621 -0.0773538 62.8948 0.682497 -13 160 1 0 1
12.0044 -0.412754 125.556 6.47974 -1.60824 70.504 2.20553 -13 161 1 0 1
-19.6352 6.70375 125.556 -6.12238 2.19589 39.9563 0.40014 -13 162 1 0 1
-9.07345 11.0161 125.556 -6.1548 7.99287 69.9194 -1.06795 -13 163 1 0 1
2.38538 -4.7814 125.556 1.01375 -3.76105 66.5208 0.706238 -13 164 1 0 1
-45.0116 -27.3614 125.556 -8.5983 -5.89313 22.876 3.74632 -13 165 1 0 1
-33.947 -2.87674 125.556 -20.7564 -1.8238 68.1598 0.421128 -13 166 1 0 1
15.4687 19.2186 125.556 8.33266 10.2741 61.797 1.28271 -13 167 1 0 1
-7.93178 12.9662 125.556 -7.97155 9.42882 78.5005 1.69321 -13 168 1 0 1
21.6619 -11.6149 125.556 10.9048 -6.36497 57.2483 0.437936 -13 169 1 0 1
-11.4217 -5.64133 125.556 -7.13675 -3.758 67.3539 -0.0240808 -13 170 1 0 1
37.6028 -13.0152 125.556 13.5925 -3.50231 40.0985 1.66639 -13 171 1 0 1
-1.82987 7.83782 125.556 -0.403114 3.06575 56.8062 0.324541 -13 172 1 0 1
19.7594 -10.5241 125.556 10.4454 -5.49945 58.3226 0.84678 -13 173 1 0 1
5.66404 10.0476 125.556 3.01335 4.19277 68.7801 0.871962 -13 174 1 0 1
-9.65577 -13.1932 125.556 -3.17443 -6.31955 48.4528 0.621838 -13 176 1 0 1
27.6106 -17.9407 125.556 12.4353 -7.82621 50.2066 0.400847 -13 177 1 0 1
3.44453 -9.8908 125.556 2.21551 -3.97429 52.5815 0.161077 -13 178 1 0 1
13.3226 -22.2872 125.556 7.18346 -14.293 68.5715 -0.120876 -13 179 1 0 1
11.0536 -14.6918 125.556 5.52208 -6.37409 52.1 2.29269 -13 180 1 0 1
-13.6055 -5.68241 125.556 -3.87257 -1.89831 38.5052 -0.509678 -13 181 1 0 1
-16.474 6.68976 125.556 -4.90319 2.65171 39.9876 0.0235194 -13 182 1 0 1
18.8486 22.3614 125.556 7.80066 9.32182 42.2674 0.896107 -13 183 1 0 1
-25.1031 -6.62466 125.556 -12.0139 -4.17992 55.7191 0.731209 -13 184 1 0 1
-7.09216 -14.363 125.556 -3.31452 -8.24754 59.9154 -0.103004 -13 185 1 0 1
13.3602 11.2058 125.556 5.75366 4.67918 43.3259 0.203672 -13 186 1 0 1
6.23054 1.9086 125.556 3.1719 2.93797 71.3374 1.7479 -13 188 1 0 1
-16.1488 -7.79408 125.556 -13.1413 -5.55506 78.949 0.762648 -13 189 1 0 1
14.266 12.5174 125.556 8.02176 6.64395 60.8007 2.576 -13 191 1 0 1
-4.02348 5.83225 125.556 -5.23732 5.77274 80.0413 1.42179 -13 192 1 0 1
-19.2509 -3.26056 125.556 -5.6901 -1.86862 38.111 -0.0696991 -13 193 1 0 1
1.61271 22.0513 125.556 0.393379 14.0193 68.9443 0.374489 -13 194 1 0 1
1.45073 -0.184744 125.556 1.0469 -0.0204889 60.372 2.93224 -13 195 1 0 1
8.22253 -3.65502 125.556 2.5259 -4.44813 80.5577 3.14595 -13 196 1 0 1
-10.5589 16.3588 125.556 -5.6328 8.67776 62.9664 -0.265293 -13 197 1 0 1
21.8347 0.749617 125.556 9.82588 0.404118 49.4115 0.172175 -13 198 1 0 1
-19.2277 27.5186 125.556 -8.84914 12.1007 56.4288 -0.893896 -13 199 1 0 1
-8.72443 -9.40646 125.556 -3.37417 -3.64937 50.8136 1.42028 -13 200 1 0 1
-21.6742 -7.56116 125.556 -13.5345 -5.18643 68.649 0.944671 -13 201 1 0 1
-5.50435 32.702 125.556 -2.57843 15.5646 57.971 -0.154997 -13 202 1 0 1
-2.94936 3.35088 125.556 -1.50289 1.01503 62.1587 0.926875 -13 203 1 0 1
-0.449477 5.01306 125.556 0.366499 1.11725 49.9829 2.18646 -13 205 1 0 1
-33.5551 3.35706 125.556 -24.1852 1.68201 74.2511 0.810628 -13 206 1 0 1
-16.2258 -20.0945 125.556 -7.57182 -9.89894 56.8304 -0.362979 -13 207 1 0 1
-26.8432 3.09322 125.556 -16.2751 1.97515 67.8293 0.345237 -13 208 1 0 1
16.9805 20.9728 125.556 4.33163 4.5313 23.6503 1.55053 -13 209 1 0 1
28.6972 1.67946 125.556 12.3549 1.16549 46.5685 0.4222 -13 210 1 0 1
24.9217 15.7996 125.556 9.6815 5.03175 42.0968 1.46171 -13 211 1 0 1
-9.25673 27.5779 125.556 -7.01837 17.1066 72.2347 2.70168 -13 212 1 0 1
-24.5565 14.1837 125.556 -12.1627 6.62739 58.3721 -0.632174 -13 213 1 0 1
-3.24071 16.1788 125.556 -3.28739 9.61447 75.1567 1.6271 -13 214 1 0 1
0.92156 -13.5625 125.556 -0.456246 -10.2263 71.9888 2.35313 -13 215 1 0 1
2.40238 -2.84927 125.556 0.675308 -1.5962 70.3194 1.76255 -13 216 1 0 1
40.9473 14.4087 125.556 15.85 6.29928 43.1455 -0.0882108 -13 217 1 0 1
-20.0085 4.41579 125.556 -11.404 2.3396 64.0784 0.841525 -13 218 1 0 1
-5.74592 -6.1825 125.556 -5.30731 -4.06392 77.5845 0.647343 -13 219 1 0 1
3.16667 2.54324 125.556 1.08293 0.645047 72.1891 3.01536 -13 220 1 0 1
22.0793 0.951002 125.556 11.377 -0.211251 54.5138 1.72117 -13 221 1 0 1
-3.47198 17.8971 125.556 -3.00029 11.3851 72.0577 -0.147354 -13 222 1 0 1
-16.0443 3.57181 125.556 -8.58621 2.81408 61.4344 1.72087 -13 223 1 0 1
-13.4328 -0.380144 125.556 -7.08775 0.242958 62.234 0.245259 -13 224 1 0 1
4.81794 22.0834 125.556 2.72559 10.6343 53.9373 0.491296 -13 226 1 0 1
-11.0217 -10.1295 125.556 -5.79776 -5.75845 61.9425 0.74605 -13 227 1 0 1
-2.19954 -0.311661 125.556 -3.58226 -0.405051 78.2909 -1.28144 -13 228 1 0 1
-13.8417 1.68131 125.556 -9.77377 -0.218083 71.7725 0.911089 -13 229 1 0 1
11.3078 -20.7355 125.556 5.20009 -8.07758 45.6765 0.518167 -13 230 1 0 1
26.5582 31.356 125.556 14.1935 18.4989 63.8885 1.95254 -13 231 1 0 1
39.0896 20.0176 125.556 20.2143 10.047 58.7803 1.61697 -13 232 1 0 1
-15.8727 -2.68739 125.556 -9.14221 -1.94256 65.0916 -0.764815 -13 233 1 0 1
11.7797 3.46403 125.556 6.40142 1.95515 67.8297 0.0724242 -13 234 1 0 1
7.66058 -10.3313 125.556 3.63882 -7.90747 74.02 0.937801 -13 235 1 0 1
-14.9781 -11.233 125.556 -8.4102 -7.38796 64.365 1.98739 -13 236 1 0 1
21.8549 -22.2264 125.556 10.4753 -9.49099 52.8988 1.58713 -13 237 1 0 1
-1.09075 2.8232 125.556 -0.606114 1.32047 62.909 0.810735 -13 238 1 0 1
-15.4035 0.973194 125.556 -10.1998 1.99669 70.2541 1.95603 -13 239 1 0 1
16.3785 34.9048 125.556 7.12172 13.5242 44.5343 0.555871 -13 240 1 0 1
20.2907 3.97226 125.556 6.79628 1.23291 33.8347 1.87824 -13 241 1 0 1
-7.00453 -4.55063 125.556 -3.20047 -3.42863 58.7118 2.59104 -13 242 1 0 1
16.6422 -15.9401 125.556 9.33919 -8.394 67.9621 0.590421 -13 243 1 0 1
3.57177 7.2103 125.556 0.814811 4.64156 75.9469 1.33112 -13 244 1 0 1
11.1827 12.2434 125.556 5.97406 9.3615 71.3216 -0.00888802 -13 245 1 0 1
0.935948 9.68946 125.556 -0.163399 7.38338 70.6774 0.491556 -13 246 1 0 1
4.32675 -10.3902 125.556 2.37555 -4.53665 61.078 0.429285 -13 247 1 0 1
-5.38155 -10.5709 125.556 -3.56391 -6.01958 67.852 1.38422 -13 248 1 0 1
29.1332 9.94535 125.556 14.9539 3.57945 60.3278 -0.170047 -13 249 1 0 1
6.68395 -17.9655 125.556 3.30338 -10.7097 68.2186 -0.78462 -13 250 1 0 1
17.2912 28.1024 125.556 9.17593 12.8588 61.2694 -0.253157 -13 251 1 0 1
16.2552 0.176126 125.556 9.07411 -0.519894 63.324 1.02168 -13 252 1 0 1
2.86816 21.8118 125.556 0.684162 14.4115 70.885 -0.65001 -13 253 1 0 1
13.7872 11.3911 125.556 7.10873 5.74614 55.0476 0.322914 -13 254 1 0 1
-1.35823 6.83849 125.556 -2.55191 5.79069 77.4254 0.61848 -13 255 1 0 1
-6.61379 6.93757 125.556 -2.54647 3.19299 53.1166 -0.0985671 -13 256 1 0 1
-0.388242 -26.1882 125.556 0.660869 -10.1378 42.6026 0.72974 -13 257 1 0 1
0.747533 -0.315177 125.556 0.299595 -0.776258 63.4508 0.87586 -13 258 1 0 1
10.6946 -1.9272 125.556 5.98236 -1.79957 56.8837 -0.372609 -13 259 1 0 1
-5.71146 -7.80846 125.556 -4.40648 -6.03054 72.4395 0.398114 -13 260 1 0 1
-6.37197 11.4325 125.556 -3.1978 5.76627 60.0456 -0.348665 -13 261 1 0 1
7.3823 0.00193829 125.556 4.38887 0.352782 63.1075 2.86283 -13 262 1 0 1
16.8658 -11.2337 125.556 9.15239 -5.99846 62.8324 -0.717262 -13 263 1 0 1
-2.01996 -8.61825 125.556 -0.379029 -3.87744 50.7909 0.65914 -13 264 1 0 1
18.1533 12.4917 125.556 9.80342 7.36618 62.884 1.46517 -13 265 1 0 1
11.0257 11.9824 125.556 6.08702 6.24903 70.5337 1.30128 -13 266 1 0 1
-4.82702 3.6873 125.556 -2.72837 0.461444 63.6315 0.459302 -13 267 1 0 1
4.14882 8.86466 125.556 2.27456 3.93663 42.9919 -0.103117 -13 268 1 0 1
-9.53039 6.78986 125.556 -8.18318 2.67867 77.704 1.15437 -13 269 1 0 1
-8.53474 -4.79276 125.556 -4.68365 -3.92461 63.8833 2.01882 -13 270 1 0 1
12.4156 -9.23746 125.556 6.54579 -7.48921 77.3853 -0.149613 -13 271 1 0 1
10.6543 -19.1664 125.556 5.83259 -10.7172 62.5636 2.3604 -13 272 1 0 1
-17.9826 5.42372 125.556 -7.7478 2.11238 54.2269 3.65998 -13 273 1 0 1
6.387 1.00927 125.556 3.36071 1.70005 67.4794 -1.30017 -13 274 1 0 1
16.3711 -6.30966 125.556 8.41296 -4.04311 58.9658 0.502999 -13 275 1 0 1
18.8137 -12.6974 125.556 9.90235 -6.73148 57.3639 1.99533 -13 277 1 0 1
-26.9274 2.16906 125.556 -13.9206 1.09666 60.3263 2.35337 -13 278 1 0 1
-18.5578 -8.13268 125.556 -11.4472 -6.86405 68.1189 -1.73729 -13 279 1 0 1
6.67898 4.21574 125.556 3.58959 1.59049 61.4388 1.01795 -13 280 1 0 1
-0.874281 -6.3229 125.556 -1.11236 -2.77153 66.6899 -0.555693 -13 281 1 0 1
-2.75473 21.7181 125.556 -0.573544 9.63559 47.8621 0.092991 -13 282 1 0 1
14.8489 -21.2781 125.556 6.99715 -9.12818 49.9089 -0.70578 -13 283 1 0 1
-8.87641 11.8282 125.556 -3.48553 3.97354 52.9609 0.507018 -13 284 1 0 1
-26.2106 11.4061 125.556 -13.9045 6.66673 60.9529 0.293683 -13 285 1 0 1
-14.8166 -9.0053 125.556 -9.25767 -2.40609 68.9529 -0.730448 -13 286 1 0 1
-4.03805 0.981073 125.556 -1.32416 -0.518039 51.9464 -0.740181 -13 287 1 0 1
-3.95794 55.8612 125.556 -4.32961 35.6874 71.0485 0.457188 -13 288 1 0 1
-6.67498 18.6246 125.556 -6.08299 12.4809 77.2059 1.13909 -13 289 1 0 1
40.9893 -3.73966 125.556 15.8014 -1.7648 42.9634 1.17222 -13 290 1 0 1
4.58245 -14.6324 125.556 1.35276 -10.1636 74.8492 1.13599 -13 291 1 0 1
-6.81342 4.17592 125.556 -5.27749 3.23734 72.7185 0.428582 -13 292 1 0 1
-31.7982 19.7904 125.556 -12.7901 9.54933 47.9731 2.98888 -13 293 1 0 1
29.7251 13.3771 125.556 16.673 10.0689 68.9529 2.32136 -13 294 1 0 1
-9.74075 1.6986 125.556 -5.67204 0.6882 65.2454 0.825177 -13 295 1 0 1
-17.3066 7.33959 125.556 -8.40216 3.60157 58.814 0.52213 -13 296 1 0 1
19.8382 -8.16602 125.556 9.70485 -4.39707 53.5968 3.38994 -13 297 1 0 1
4.7503 2.89799 125.556 2.36878 0.603413 67.3518 -1.13697 -13 298 1 0 1
-35.7819 12.4499 125.556 -13.7674 6.22597 45.3965 3.70713 -13 299 1 0 1
-12.587 11.3662 125.556 -6.59227 5.19692 62.3995 -0.00675171 -13 301 1 0 1
-12.3016 10.8335 125.556 -6.75828 7.08002 63.2599 0.992112 -13 302 1 0 1
-1.3588 3.09902 125.556 -0.647118 2.99784 62.4489 0.767054 -13 303 1 0 1
-3.09092 11.5474 125.556 -2.10658 7.58955 65.6479 1.26861 -13 304 1 0 1
-28.6486 21.5578 125.556 -10.0704 8.30573 43.1583 2.20229 -13 305 1 0 1
-6.15513 -6.11538 125.556 -3.80226 -4.3888 66.6151 -0.31483 -13 306 1 0 1
11.3169 -30.8064 125.556 5.81608 -19.6351 66.6434 -0.562496 -13 307 1 0 1
-6.03419 -22.3119 125.556 -4.88847 -13.8821 72.5581 0.777097 -13 308 1 0 1
-4.37288 14.4432 125.556 -2.78819 8.32783 66.055 -0.128243 -13 309 1 0 1
14.7052 -4.93369 125.556 7.93808 -2.95236 72.0131 0.295612 -13 310 1 0 1
7.94949 -16.7837 125.556 2.80284 -3.47804 31.9719 -0.363276 -13 311 1 0 1
-12.0892 3.39105 125.556 -8.20836 2.63509 71.1812 0.531649 -13 312 1 0 1
-11.9273 19.1357 125.556 -8.28716 11.4479 71.5507 1.6282 -13 313 1 0 1
-11.9862 -1.70579 125.556 -7.7791 -0.857286 67.6563 0.120285 -13 314 1 0 1
17.182 -2.0991 125.556 9.4053 0.136661 61.9299 -0.708509 -13 315 1 0 1
3.77258 -38.0001 125.556 2.18728 -16.8064 50.741 -0.364413 -13 316 1 0 1
-10.2321 -15.8181 125.556 -5.72004 -9.09224 63.7141 1.49184 -13 317 1 0 1
-0.281986 -4.47525 125.556 -0.739903 -1.91517 69.2293 -0.72001 -13 318 1 0 1
-5.10248 11.5922 125.556 -4.04825 8.60516 69.9896 2.70487 -13 319 1 0 1
20.0075 10.9137 125.556 11.3251 6.65336 70.3598 1.28238 -13 320 1 0 1
8.59093 -3.05044 125.556 4.44625 -1.84799 57.049 -0.876685 -13 321 1 0 1
-9.27717 5.18393 125.556 -9.47058 4.11313 79.5501 2.49596 -13 322 1 0 1
11.7489 -6.54349 125.556 6.1953 -2.1819 75.7185 0.875551 -13 323 1 0 1
5.29091 13.3855 125.556 2.88257 7.68273 65.7441 0.0315229 -13 324 1 0 1
3.87222 -8.31863 125.556 1.48046 -5.59064 72.5421 0.651688 -13 325 1 0 1
-27.0229 23.2276 125.556 -13.8468 11.3445 58.6942 0.721341 -13 326 1 0 1
-19.2824 -44.2482 125.556 -7.57053 -19.003 48.0153 1.08342 -13 327 1 0 1
-15.806 -2.65019 125.556 -7.81937 -3.66015 58.9532 -0.765266 -13 328 1 0 1
-2.38129 15.7174 125.556 -1.87629 9.97407 68.6364 1.77564 -13 329 1 0 1
10.9132 -4.85177 125.556 5.60518 -2.06196 76.5778 -0.201999 -13 330 1 0 1
-16.7172 10.1565 125.556 -11.2086 4.09735 71.2683 -0.904372 -13 331 1 0 1
-7.18954 -6.41434 125.556 -0.989399 -0.983569 24.2685 0.321543 -13 332 1 0 1
12.42 8.82911 125.556 5.88203 4.1806 48.7689 4.90512 -13 333 1 0 1
-12.158 -10.1727 125.556 -6.80043 -5.45958 65.4546 1.02454 -13 334 1 0 1
10.649 -14.3906 125.556 5.98217 -8.45999 66.2004 1.02422 -13 335 1 0 1
-2.06295 -17.1968 125.556 -2.16057 -9.84303 68.6217 0.010341 -13 336 1 0 1
56.4724 -28.8418 125.556 28.1059 -14.1457 57.5046 -1.65597 -13 337 1 0 1
15.3958 -15.2484 125.556 7.564 -8.54733 53.9372 1.66328 -13 338 1 0 1
0.527305 -12.4811 125.556 0.750802 -5.07277 50.6217 1.17301 -13 339 1 0 1
4.29856 13.2217 125.556 2.10716 8.44936 69.2601 0.868727 -13 340 1 0 1
8.72195 1.10481 125.556 4.33613 -0.732856 77.6931 0.576285 -13 341 1 0 1
-5.83109 9.8846 125.556 -4.89878 7.00749 73.3584 1.25694 -13 342 1 0 1
1.61483 -10.1799 125.556 0.975506 -6.83826 62.1438 0.337856 -13 343 1 0 1
18.2647 1.48202 125.556 8.43426 1.85616 49.4533 0.501475 -13 344 1 0 1
-3.85647 0.0799335 125.556 -2.69121 0.811216 68.9753 -0.19038 -13 345 1 0 1
-23.301 -3.09543 125.556 -13.1328 -1.80074 64.4576 1.26858 -13 346 1 0 1
-7.00294 2.39225 125.556 -4.45098 1.48403 68.2844 -0.177873 -13 347 1 0 1
-0.784051 9.12655 125.556 0.384944 5.71115 52.3484 0.278317 -13 348 1 0 1
21.8384 -2.06579 125.556 10.8633 -1.58588 56.2027 1.59063 -13 349 1 0 1
-3.12313 -24.7235 125.556 -1.98151 -13.5384 64.1781 1.4636 -13 350 1 0 1
-11.4349 1.37553 125.556 -7.68011 0.156517 70.4321 -0.901931 -13 352 1 0 1
-5.15317 11.5112 125.556 -3.00293 6.00358 65.7177 0.43932 -13 353 1 0 1
-1.27928 14.6019 125.556 -0.183493 5.84682 53.8231 1.16059 -13 354 1 0 1
-10.2262 7.62064 125.556 -7.86839 5.16066 73.7215 0.153289 -13 355 1 0 1
15.3944 17.673 125.556 8.10546 10.091 59.0675 0.99601 -13 356 1 0 1
0.234928 3.03385 125.556 0.71821 1.63359 42.5055 0.920159 -13 357 1 0 1
21.992 16.0606 125.556 10.1946 8.1062 51.1087 1.39084 -13 358 1 0 1
10.4583 3.58637 125.556 5.86832 3.35764 62.1969 1.14495 -13 359 1 0 1
-8.70573 -4.25377 125.556 -6.83775 -2.61097 75.3938 0.00528447 -13 360 1 0 1
5.42339 2.91178 125.556 1.79498 2.92833 77.3046 0.478314 -13 361 1 0 1
-31.7752 1.67109 125.556 -17.125 -0.0432439 61.9263 -2.07891 -13 362 1 0 1
-2.96731 8.59564 125.556 -3.28413 6.46874 75.2 0.308074 -13 363 1 0 1
0.315512 -8.48618 125.556 -0.301176 -4.19584 64.8146 0.915102 -13 364 1 0 1
-9.84753 12.876 125.556 -3.50597 6.05187 48.6235 -1.08365 -13 365 1 0 1
23.9181 -2.71771 125.556 10.2295 -1.23589 45.1545 3.09963 -13 366 1 0 1
24.9198 -6.67652 125.556 9.85107 -3.28754 41.041 2.23652 -13 367 1 0 1
-5.9771 11.3755 125.556 -3.38286 6.96838 64.7943 1.22311 -13 368 1 0 1
0.0934924 -3.35874 125.556 0.309649 -0.842108 60.4685 -0.392088 -13 369 1 0 1
-17.9267 2.24863 125.556 -12.1257 1.061 71.7768 1.49405 -13 370 1 0 1
-2.32226 -8.70556 125.556 -1.30891 -4.43148 66.164 3.05399 -13 371 1 0 1
0.925881 -18.2464 125.556 1.18573 -9.88445 53.3441 1.58264 -13 372 1 0 1
-12.6052 -11.4686 125.556 -7.10415 -6.84077 64.293 1.3745 -13 373 1 0 1
-13.2508 -0.256867 125.556 -10.1813 0.474443 76.0525 1.2434 -13 374 1 0 1
-23.3429 9.70811 125.556 -17.4064 7.27961 76.9506 -0.784511 -13 375 1 0 1
-12.8261 -24.6003 125.556 -8.14517 -14.4526 68.1234 1.13232 -13 376 1 0 1
21.1176 -11.0548 125.556 12.3004 -8.33589 77.6862 1.79735 -13 377 1 0 1
3.42854 -10.1479 125.556 2.00765 -4.53535 41.2969 3.13662 -13 378 1 0 1
-3.97659 -26.9949 125.556 -2.91785 -16.582 66.7072 1.31123 -13 379 1 0 1
-13.7725 -33.9281 125.556 -4.19028 -12.8673 41.7411 0.204885 -13 380 1 0 1
12.3456 2.54376 125.556 6.64819 2.69437 59.8056 1.87217 -13 381 1 0 1
12.5748 -15.708 125.556 6.86518 -9.86929 72.2518 0.301188 -13 382 1 0 1
-28.3358 2.8316 125.556 -12.0359 0.916899 50.6042 2.13084 -13 383 1 0 1
22.904 5.08322 125.556 11.9948 1.62987 58.0266 -0.613492 -13 384 1 0 1
-2.31163 -6.41524 125.556 -1.55798 -4.90743 67.3899 2.43865 -13 385 1 0 1
4.04938 -3.33263 125.556 1.97141 -2.459 69.9078 2.57967 -13 386 1 0 1
-14.04 -3.21221 125.556 -9.61402 -2.5982 71.7609 0.764306 -13 387 1 0 1
3.78575 -1.19788 125.556 2.3768 -0.245701 51.9207 0.0308342 -13 388 1 0 1
28.3029 -2.4875 125.556 15.071 -0.720418 60.7391 1.75505 -13 389 1 0 1
-10.9732 2.6021 125.556 -5.83957 1.0172 63.6087 1.43885 -13 390 1 0 1
31.6041 1.76175 125.556 14.6395 0.459124 51.0546 0.568979 -13 391 1 0 1
-12.5877 -1.72996 125.556 -5.2849 -2.13713 53.9232 0.982136 -13 392 1 0 1
-3.70853 20.6979 125.556 -1.96712 10.0823 60.5065 -0.0901165 -13 394 1 0 1
-10.2991 21.4155 125.556 -7.72766 14.8859 73.7889 -1.02075 -13 395 1 0 1
22.5179 7.83203 125.556 12.1581 3.16943 63.4657 0.544455 -13 396 1 0 1
8.58241 -11.6347 125.556 4.56793 -5.42099 59.886 1.98573 -13 397 1 0 1
1.29034 -3.97458 125.556 0.347474 -2.74156 66.813 1.53393 -13 398 1 0 1
-8.90623 -12.6223 125.556 -6.46435 -6.88728 70.9192 2.69297 -13 399 1 0 1
4.25059 7.29572 125.556 2.29471 6.27157 64.6545 0.659068 -13 400 1 0 1
10.4414 0.628434 125.556 5.50068 0.741777 71.8613 0.416632 -13 401 1 0 1
-5.3755 15.9118 125.556 -2.21498 7.71493 57.7767 0.443601 -13 402 1 0 1
-1.31532 -38.9554 125.556 -1.28632 -24.1659 67.687 0.906803 -13 403 1 0 1
5.82035 -12.5335 125.556 3.09513 -8.29814 66.1566 1.8904 -13 404 1 0 1
-6.0125 -12.3146 125.556 -3.09615 -7.6942 60.0115 0.142669 -13 406 1 0 1
-5.12673 -10.5099 125.556 -3.06293 -5.1686 65.8513 1.96284 -13 407 1 0 1
23.2642 15.1689 125.556 11.8549 7.73293 57.1796 2.55418 -13 408 1 0 1
14.8105 -2.58797 125.556 8.19012 -1.44968 64.0904 1.01332 -13 409 1 0 1
-8.31324 -10.0792 125.556 -6.80011 -6.5355 75.7923 -1.94894 -13 410 1 0 1
-6.64131 14.116 125.556 -1.55326 3.99018 43.1791 1.46605 -13 411 1 0 1
-3.58018 -16.6526 125.556 -2.4915 -9.70569 66.708 1.93631 -13 412 1 0 1
-14.642 8.38203 125.556 -11.6389 4.88602 77.9861 0.7041 -13 413 1 0 1
-15.0566 0.0578535 125.556 -7.11621 0.544091 58.9593 1.7213 -13 414 1 0 1
12.5045 14.7453 125.556 6.41087 7.67479 57.0403 1.09262 -13 415 1 0 1
30.9415 8.61274 125.556 7.60116 2.3153 25.9599 6.34615 -13 416 1 0 1
18.405 -38.0398 125.556 7.14047 -12.666 40.4707 0.851368 -13 417 1 0 1
-1.84896 1.6164 125.556 -1.73544 0.0369734 69.6258 2.12794 -13 418 1 0 1
19.9103 3.39321 125.556 10.8036 1.99239 63.248 1.21008 -13 419 1 0 1
-1.07 -14.4587 125.556 -1.73185 -10.2205 73.3949 0.197338 -13 421 1 0 1
7.42724 37.0797 125.556 3.80328 20.751 63.8408 1.0969 -13 422 1 0 1
-24.5871 -30.4978 125.556 -8.90413 -10.5458 44.6165 0.677922 -13 423 1 0 1
29.5473 27.5423 125.556 12.842 9.84442 46.4813 1.50572 -13 424 1 0 1
-2.88882 5.05064 125.556 -1.50691 3.31118 64.1175 0.627823 -13 425 1 0 1
-2.92196 5.23508 125.556 -3.32308 4.56763 73.9074 -0.790094 -13 426 1 0 1
17.9261 -11.8132 125.556 9.54524 -5.3758 62.9596 0.169469 -13 427 1 0 1
-7.81125 20.7284 125.556 -4.67517 12.8451 64.9865 1.0698 -13 428 1 0 1
23.2243 -20.6514 125.556 11.8546 -10.6658 56.5506 0.644177 -13 429 1 0 1
-21.6872 23.5141 125.556 -13.9122 14.3237 69.0949 -1.04166 -13 430 1 0 1
1.2878 -8.22449 125.556 -0.739113 -5.64191 75.8655 2.51327 -13 431 1 0 1
7.67761 7.92645 125.556 4.10331 5.5224 67.8436 2.60707 -13 432 1 0 1
-1.72467 -16.9558 125.556 -1.85873 -11.7145 69.5733 2.03104 -13 433 1 0 1
6.91725 16.5216 125.556 3.77791 9.89176 59.246 0.838458 -13 434 1 0 1
34.1656 5.6018 125.556 16.9951 2.31705 57.9491 1.79816 -13 435 1 0 1
3.49681 0.102946 125.556 1.56334 0.379775 67.4697 -1.65553 -13 437 1 0 1
-4.6524 0.849941 125.556 -1.43104 0.577247 55.0298 2.70387 -13 438 1 0 1
-1.33778 -22.511 125.556 -0.915268 -11.5202 62.8972 -0.437203 -13 439 1 0 1
9.4188 11.5576 125.556 5.03028 6.49049 61.2413 0.915271 -13 440 1 0 1
-12.5216 0.392993 125.556 -8.59466 0.0952532 71.3304 1.99682 -13 441 1 0 1
-9.74795 -1.80731 125.556 -5.62786 0.460622 65.4213 0.528492 -13 442 1 0 1
5.93231 4.92687 125.556 3.43498 3.84982 56.7874 1.7708 -13 443 1 0 1
20.8065 -0.47539 125.556 11.6951 0.228876 69.6188 1.61884 -13 444 1 0 1
12.7662 -1.2133 125.556 6.97557 -2.31588 69.3176 0.707838 -13 445 1 0 1
-7.51752 -12.0864 125.556 -4.93537 -5.83176 68.9539 -0.913093 -13 446 1 0 1
15.0487 2.26431 125.556 7.76486 1.33971 56.9163 0.287115 -13 447 1 0 1
-2.64001 4.72016 125.556 -2.19816 3.69043 70.6069 -1.372 -13 448 1 0 1
-1.51348 -0.211015 125.556 -0.203505 -0.615523 52.7614 0.57626 -13 449 1 0 1
6.65283 4.29546 125.556 2.29337 1.73554 81.1659 0.659973 -13 451 1 0 1
0.75048 -4.57701 125.556 0.35283 -3.09463 67.4348 1.74141 -13 452 1 0 1
10.0084 -6.1855 125.556 5.7411 -2.88055 59.6615 0.367904 -13 453 1 0 1
-10.3029 6.31324 125.556 -3.58063 2.54513 50.5627 2.14237 -13 454 1 0 1
13.0169 -16.6091 125.556 6.75301 -8.80588 54.8163 0.940358 -13 455 1 0 1
22.1902 16.8077 125.556 12.1131 9.71684 64.157 0.0389822 -13 456 1 0 1
20.3496 7.22339 125.556 10.6064 4.54419 56.5199 1.53125 -13 457 1 0 1
12.1744 -37.8248 125.556 5.80348 -17.1116 53.3399 -0.329769 -13 458 1 0 1
15.618 12.0724 125.556 8.95042 6.48132 74.2681 2.29289 -13 459 1 0 1
-5.97592 1.97737 125.556 -3.74399 1.86902 65.4692 0.50248 -13 460 1 0 1
-12.3045 16.039 125.556 -7.01305 9.82135 65.2772 1.01535 -13 461 1 0 1
9.36627 5.53221 125.556 5.28529 3.29706 64.7986 0.377629 -13 462 1 0 1
3.68191 -3.41312 125.556 1.62059 -1.83223 69.2189 2.11419 -13 463 1 0 1
14.1704 33.2778 125.556 7.32814 17.477 59.9453 0.562771 -13 464 1 0 1
-11.2322 31.0489 125.556 -3.10547 10.2279 38.028 0.176682 -13 465 1 0 1
9.57917 15.1162 125.556 4.95231 7.8173 56.8695 1.06628 -13 466 1 0 1
18.5288 8.92648 125.556 7.10169 3.47592 38.0544 0.870793 -13 467 1 0 1
6.71095 -5.58376 125.556 3.92268 -4.11325 56.4857 -0.0992318 -13 468 1 0 1
-3.56266 28.0613 125.556 -0.950225 11.9926 49.9326 1.26889 -13 469 1 0 1
7.18688 -11.6637 125.556 3.78052 -5.76553 65.0913 0.208597 -13 470 1 0 1
6.76655 18.2086 125.556 3.62506 7.53068 49.3203 2.01774 -13 471 1 0 1
15.325 -25.5432 125.556 6.40858 -9.39604 42.6347 2.11952 -13 472 1 0 1
1.12022 -7.6005 125.556 1.19725 -3.85845 55.4766 0.13659 -13 473 1 0 1
16.3749 -12.7497 125.556 8.94726 -6.7851 61.485 0.0835356 -13 474 1 0 1
4.82936 11.007 125.556 2.25445 7.55963 72.1886 2.20686 -13 475 1 0 1
-20.3142 21.0714 125.556 -10.549 11.3773 60.2804 0.715601 -13 476 1 0 1
3.54102 21.7125 125.556 2.026 11.5087 66.7512 -0.615472 -13 477 1 0 1
-3.73996 -8.85327 125.556 -2.12989 -4.39172 62.1256 -1.08492 -13 478 1 0 1
8.17985 -1.07508 125.556 3.92215 -1.00304 48.1845 0.222204 -13 479 1 0 1
17.0503 9.24843 125.556 8.49705 4.89574 54.5853 1.08299 -13 480 1 0 1
18.6316 -11.8335 125.556 6.45212 -3.51338 33.6044 1.73109 -13 481 1 0 1
4.43511 -16.8966 125.556 2.60692 -7.62548 45.4675 1.28215 -13 482 1 0 1
-18.7363 18.0367 125.556 -11.5597 10.0825 67.9277 1.46458 -13 483 1 0 1
-14.4696 0.858594 125.556 -8.89636 -0.0756993 67.0423 -0.587768 -13 484 1 0 1
-22.0519 -19.1748 125.556 -10.4593 -9.99358 56.4324 2.6178 -13 485 1 0 1
0.917961 -23.7329 125.556 0.659324 -12.9087 57.9199 3.49763 -13 486 1 0 1
15.7632 2.14732 125.556 8.62725 0.433207 68.7813 0.809287 -13 487 1 0 1
-26.813 -7.914 125.556 -13.7016 -4.17403 59.7612 -0.153233 -13 488 1 0 1
2.28336 14.7275 125.556 1.52269 6.92836 41.7521 2.29974 -13 489 1 0 1
-4.11104 -22.6828 125.556 -2.16721 -13.2238 62.2871 -1.09363 -13 490 1 0 1
6.3909 6.89897 125.556 3.16659 2.75537 69.9793 1.52983 -13 491 1 0 1
6.19969 8.97214 125.556 3.3786 5.91754 61.3946 1.9051 -13 492 1 0 1
-3.39029 -6.97581 125.556 -1.1694 -3.84174 59.5611 1.76191 -13 493 1 0 1
6.81472 -8.18426 125.556 2.95758 -3.27469 36.5341 1.1683 -13 494 1 0 1
10.8218 16.8226 125.556 4.90405 4.70507 41.8828 -1.7397 -13 495 1 0 1
6.81448 -22.6947 125.556 3.26683 -8.48025 43.6781 1.20819 -13 496 1 0 1
4.12661 8.1089 125.556 2.08565 4.72261 64.2965 0.977194 -13 497 1 0 1
-8.34193 11.196 125.556 -5.47914 6.86922 68.7068 0.254365 -13 498 1 0 1
4.35931 8.3728 125.556 2.50547 2.95246 52.1923 -0.0205664 -13 499 1 0 1
32.2118 -4.73697 125.556 14.589 -2.98844 50.6388 -0.301314 -13 500 1 0 1
5.31171 10.4917 125.556 1.56599 6.33756 79.3135 0.332238 -13 501 1 0 1
-18.4743 12.7049 125.556 -10.9977 6.27646 66.2031 -0.472347 -13 502 1 0 1
-0.297097 -26.7228 125.556 -0.647021 -14.2575 68.4675 -0.940309 -13 503 1 0 1
-4.05014 6.95047 125.556 -2.76981 4.4971 66.215 0.985758 -13 504 1 0 1
30.6904 1.22224 125.556 15.3161 0.564527 55.8606 -0.357503 -13 505 1 0 1
-13.0356 -4.60323 125.556 -10.9055 -3.77604 78.5574 1.89848 -13 506 1 0 1
19.4751 35.0513 125.556 8.25381 14.3199 46.7085 1.34256 -13 507 1 0 1
16.7087 -15.053 125.556 9.23512 -7.46963 62.8677 1.68376 -13 508 1 0 1
14.8725 -13.3385 125.556 8.174 -8.02764 72.3016 0.668832 -13 509 1 0 1
-17.0189 13.6632 125.556 -8.61374 6.86669 60.2561 1.8822 -13 510 1 0 1
-25.2218 -0.188412 125.556 -16.0147 0.665217 70.1149 2.72004 -13 511 1 0 1
-12.735 -6.64315 125.556 -6.25986 -3.13867 58.2981 0.333669 -13 512 1 0 1
8.53368 4.92585 125.556 4.34642 2.85327 51.4682 1.92483 -13 513 1 0 1
-8.71525 -1.03387 125.556 -3.8933 -0.420015 55.0847 -2.71495 -13 514 1 0 1
-20.9546 1.42097 125.556 -12.3399 1.06063 65.4855 -0.762112 -13 515 1 0 1
-6.74948 5.14267 125.556 -3.03226 3.81767 56.5893 -1.19595 -13 516 1 0 1
0.713203 -4.31073 125.556 -0.439395 -3.74798 72.5814 -0.487514 -13 517 1 0 1
-1.35078 -5.10732 125.556 -0.791418 -2.45526 65.4924 1.48951 -13 518 1 0 1
-16.5788 4.01149 125.556 -13.1289 2.14183 77.6441 0.536908 -13 519 1 0 1
2.10507 -10.4823 125.556 1.50577 -6.50007 60.5728 3.23148 -13 520 1 0 1
-8.05412 -17.8051 125.556 -5.3688 -10.1111 69.549 -0.824576 -13 521 1 0 1
0.490353 7.7928 125.556 -1.97916 5.1538 80.5441 1.50429 -13 522 1 0 1
-12.1244 10.2146 125.556 -7.82701 5.29668 69.5081 1.51328 -13 523 1 0 1
3.76117 -6.2733 125.556 2.2381 -1.30242 62.0031 1.41757 -13 524 1 0 1
6.71007 23.0535 125.556 3.15119 7.61067 39.4802 1.63948 -13 525 1 0 1
-14.8324 -1.71186 125.556 -10.2055 0.338848 71.535 0.676038 -13 526 1 0 1
-8.61867 20.4519 125.556 -4.18928 10.4726 58.9277 1.74451 -13 527 1 0 1
-7.84135 7.27904 125.556 -3.04272 3.28325 54.3553 3.44053 -13 528 1 0 1
18.3981 -21.4159 125.556 10.2584 -14.5159 70.1 1.43989 -13 529 1 0 1
1.25328 8.33856 125.556 0.532982 4.7739 67.102 0.0478282 -13 530 1 0 1
-1.39366 9.16193 125.556 -0.226393 5.13922 59.2003 1.70154 -13 531 1 0 1
-21.936 16.5063 125.556 -9.34597 8.22497 52.2898 2.43328 -13 532 1 0 1
-11.384 -34.9417 125.556 -2.50514 -8.75749 29.2525 4.56086 -13 533 1 0 1
10.8084 -1.24345 125.556 5.89136 -0.304689 70.1857 1.60477 -13 534 1 0 1
3.73977 16.2373 125.556 1.4701 11.7304 69.3668 -2.18886 -13 535 1 0 1
10.2942 1.4178 125.556 5.28503 1.61685 55.1473 -0.166545 -13 536 1 0 1
15.4659 15.5558 125.556 8.65455 7.80424 62.046 0.79717 -13 538 1 0 1
-72.2384 42.7136 125.556 -36.3462 19.9546 56.6077 1.81786 -13 539 1 0 1
18.9365 -5.36903 125.556 10.785 -3.10515 76.6484 1.98429 -13 540 1 0 1
-5.11304 16.9367 125.556 -4.00385 11.0866 70.4424 1.58384 -13 541 1 0 1
7.12915 6.90045 125.556 3.76084 4.65867 67.7047 0.659361 -13 542 1 0 1
14.2587 -10.8742 125.556 8.04827 -7.3935 66.5972 0.137565 -13 543 1 0 1
8.32915 -4.49586 125.556 4.62546 -2.79873 63.902 1.09696 -13 544 1 0 1
-9.03022 -40.3663 125.556 -6.12092 -24.4523 68.1159 1.8034 -13 545 1 0 1
4.04579 -35.5164 125.556 1.9854 -12.9965 43.0644 1.39463 -13 546 1 0 1
-0.506888 28.1451 125.556 0.226262 12.9936 51.5503 0.0815764 -13 547 1 0 1
8.48013 11.5249 125.556 4.51461 7.37818 61.7467 2.95231 -13 548 1 0 1
8.22834 -7.62022 125.556 4.47268 -2.76713 57.85 3.284 -13 549 1 0 1
-29.9971 22.3655 125.556 -17.6138 13.2706 65.5897 -1.82387 -13 550 1 0 1
12.5622 -11.76 125.556 4.54091 -2.49532 35.5588 2.28963 -13 551 1 0 1
-19.0973 -6.14403 125.556 -9.4083 -3.61342 58.7503 0.940955 -13 553 1 0 1
-16.9443 -4.27903 125.556 -9.75197 -2.95992 64.7759 -0.343382 -13 554 1 0 1
14.1003 12.9539 125.556 7.51304 8.25373 73.7168 1.85563 -13 555 1 0 1
-5.89239 17.3551 125.556 -2.59216 8.21978 56.2932 1.22673 -13 556 1 0 1
10.2835 -1.00005 125.556 5.59055 -0.93174 61.5491 3.11805 -13 557 1 0 1
-5.64899 -6.3233 125.556 -2.93223 -4.06836 61.9139 -1.92219 -13 558 1 0 1
-23.313 10.1821 125.556 -8.52956 4.11646 45.1124 -0.552855 -13 560 1 0 1
-20.2955 7.86372 125.556 -12.6433 3.71191 68.256 1.7453 -13 562 1 0 1
10.2673 -5.42973 125.556 5.35975 -4.24099 70.5534 0.289153 -13 564 1 0 1
-15.1018 17.7744 125.556 -6.77785 9.16567 55.1219 2.01049 -13 565 1 0 1
-21.6342 -5.20263 125.556 -14.6205 -3.58041 72.011 1.36344 -13 566 1 0 1
-10.8525 -7.98408 125.556 -4.40572 -3.16052 53.2665 0.958312 -13 567 1 0 1
-9.44889 15.2102 125.556 -6.41826 9.8127 70.7224 0.804617 -13 568 1 0 1
1.88192 -10.1618 125.556 0.998046 -5.6353 61.7003 2.47756 -13 569 1 0 1
1.31468 -11.9947 125.556 1.31014 -4.76864 52.4219 -1.64016 -13 570 1 0 1
5.19083 28.3219 125.556 1.65481 6.46466 24.3276 1.34034 -13 571 1 0 1
1.29946 -10.19 125.556 -0.447182 -7.5947 75.3848 0.454445 -13 572 1 0 1
-11.9682 -5.00905 125.556 -7.42616 -4.39323 68.4631 2.57969 -13 573 1 0 1
-13.68 36.6695 125.556 -6.7686 19.1507 57.6743 -0.238261 -13 574 1 0 1
3.3269 -4.45929 125.556 1.34504 -2.69646 69.6847 0.810819 -13 575 1 0 1
-2.04171 3.06901 125.556 -1.64302 0.0906217 68.7016 -0.260585 -13 576 1 0 1
4.99612 -7.78838 125.556 2.49772 -2.70749 65.7438 -1.32145 -13 577 1 0 1
-11.7129 21.3354 125.556 -8.20822 13.416 71.657 2.56371 -13 578 1 0 1
16.0914 -24.9187 125.556 8.7366 -13.2798 61.161 0.443786 -13 579 1 0 1
-21.5763 14.0768 125.556 -12.6696 8.99229 65.4871 2.13532 -13 580 1 0 1
17.0574 4.35611 125.556 9.24525 1.58742 62.1408 0.752354 -13 581 1 0 1
26.8211 4.52114 125.556 11.7337 2.6758 47.9803 0.819576 -13 582 1 0 1
7.14131 -0.672178 125.556 3.60071 -0.952807 71.3255 0.177491 -13 583 1 0 1
12.3978 9.31845 125.556 6.55475 4.023 64.3663 -0.094854 -13 584 1 0 1
-2.68584 -10.54 125.556 -1.91352 -6.8 65.1392 -1.3945 -13 585 1 0 1
4.89956 -18.5303 125.556 2.09652 -12.0196 71.1399 2.80571 -13 586 1 0 1
-14.6568 24.293 125.556 -10.3762 16.3336 72.2899 0.985123 -13 587 1 0 1
11.6223 0.633898 125.556 6.38493 1.23648 66.7417 -1.47526 -13 588 1 0 1
-0.00293235 6.18744 125.556 -0.69728 3.22274 70.4974 -0.620476 -13 589 1 0 1
-18.3482 -20.267 125.556 -12.6282 -13.9081 72.8141 -0.244659 -13 590 1 0 1
-12.8935 -0.707357 125.556 -10.3632 0.487357 77.5317 3.17575 -13 591 1 0 1
-3.94077 -1.24038 125.556 -2.94127 -1.27131 71.4162 -1.99234 -13 592 1 0 1
5.21087 6.03493 125.556 3.03144 1.77793 64.271 2.60793 -13 593 1 0 1
-17.1194 0.7794 125.556 -9.65653 -0.303962 63.0423 0.918579 -13 594 1 0 1
6.38164 -4.98232 125.556 3.37688 -1.81839 63.8422 1.25525 -13 595 1 0 1
-23.8275 -3.40585 125.556 -18.2966 -2.47951 77.679 0.525474 -13 597 1 0 1
0.468158 -15.5711 125.556 -2.13054 -11.2564 80.7096 -1.13154 -13 598 1 0 1
-9.33239 -1.43859 125.556 -2.95438 -0.569619 46.7939 -0.719869 -13 599 1 0 1
0.431663 -20.2519 125.556 0.871183 -8.9321 50.684 1.35896 -13 600 1 0 1
7.81488 0.275133 125.556 4.08387 -0.0226328 59.5374 1.89772 -13 601 1 0 1
2.93645 -12.0257 125.556 1.69658 -6.51135 64.4359 1.31266 -13 602 1 0 1
-27.4685 -6.55356 125.556 -16.2291 -3.57621 66.3572 -0.591445 -13 603 1 0 1
17.9401 -6.42126 125.556 8.38806 -3.17509 47.3649 1.0108 -13 604 1 0 1
-4.42865 -42.7107 125.556 -1.99018 -20.5292 57.3573 0.811144 -13 605 1 0 1
14.1694 -3.25667 125.556 7.58511 -1.87215 66.8021 3.29173 -13 606 1 0 1
15.0959 21.2813 125.556 8.03857 15.2661 75.5068 -0.127517 -13 607 1 0 1
-22.5873 5.99351 125.556 -15.0231 5.52764 71.7435 0.802061 -13 609 1 0 1
-10.0414 9.14093 125.556 -6.23031 7.40634 67.3665 -0.999113 -13 610 1 0 1
-5.36951 0.829484 125.556 -1.96253 -0.511848 54.1559 1.69503 -13 611 1 0 1
23.4864 6.7936 125.556 11.5715 4.22031 56.1156 -1.46964 -13 612 1 0 1
24.2733 -17.9521 125.556 8.74781 -5.83515 38.3491 2.385 -13 613 1 0 1
3.26093 -10.1313 125.556 1.90267 -6.60653 64.5206 0.394489 -13 614 1 0 1
-15.1745 -4.21025 125.556 -10.3908 -4.16627 73.0524 1.46486 -13 615 1 0 1
6.07893 9.23942 125.556 2.37226 6.99197 78.1461 0.409107 -13 616 1 0 1
3.07943 -15.3239 125.556 1.55483 -7.81615 63.7879 0.0140831 -13 617 1 0 1
-5.439 41.7314 125.556 -2.5658 20.7612 56.3249 -0.244875 -13 618 1 0 1
23.2467 25.7831 125.556 10.5872 11.8052 50.1225 1.56606 -13 619 1 0 1
-8.14573 5.30612 125.556 -7.26076 3.35335 77.6374 -1.58047 -13 620 1 0 1
4.24698 -9.06769 125.556 2.45504 -3.27605 60.0353 1.42169 -13 621 1 0 1
18.8782 -47.0196 125.556 9.25007 -21.1222 55.0056 1.16591 -13 622 1 0 1
0.0877676 0.0836879 125.556 0.360671 1.32196 60.831 0.43988 -13 623 1 0 1
10.46 7.09674 125.556 5.96534 3.25765 65.2714 0.40709 -13 624 1 0 1
-13.3888 22.6186 125.556 -6.18377 9.82165 56.365 -0.062143 -13 625 1 0 1
8.20825 4.63589 125.556 4.08854 2.00214 70.8485 3.12306 -13 626 1 0 1
-18.0781 14.1588 125.556 -13.2439 11.1552 75.2058 1.22853 -13 627 1 0 1
13.6436 -11.1785 125.556 7.7835 -6.50562 72.2877 0.808291 -13 628 1 0 1
-2.83704 25.3539 125.556 -1.47719 14.7737 64.8056 0.907761 -13 629 1 0 1
-19.99 15.8461 125.556 -10.8508 9.2342 62.1983 1.39765 -13 630 1 0 1
2.7043 4.10228 125.556 2.02104 2.37253 59.1779 0.101866 -13 631 1 0 1
-2.84245 -14.1708 125.556 -1.9847 -7.89811 66.7726 -0.808992 -13 632 1 0 1
45.3943 14.2104 125.556 21.7016 6.24142 53.7764 0.0134515 -13 633 1 0 1
-23.8256 42.2758 125.556 -11.6241 20.8322 56.715 0.676683 -13 634 1 0 1
27.8289 -1.30693 125.556 12.9248 -0.0772218 51.3856 1.03762 -13 635 1 0 1
-15.776 14.5226 125.556 -10.8126 10.3126 71.967 -1.43521 -13 636 1 0 1
12.0922 -0.573859 125.556 6.42957 -0.95935 72.2076 0.758856 -13 637 1 0 1
-5.97205 -27.0076 125.556 -0.899072 -6.53699 27.9753 1.43331 -13 638 1 0 1
9.93612 -16.4808 125.556 5.27366 -9.26848 65.7894 -1.25217 -13 639 1 0 1
13.4709 11.9227 125.556 5.1606 3.98192 39.1179 -1.12022 -13 640 1 0 1
21.3272 -18.1575 125.556 11.2612 -9.9993 61.2311 -0.571804 -13 641 1 0 1
6.27867 -15.5738 125.556 3.66771 -6.98977 57.6601 0.735841 -13 642 1 0 1
-1.69115 -28.2402 125.556 -1.80821 -17.071 69.6604 0.305805 -13 643 1 0 1
-11.4121 -22.0778 125.556 -4.48076 -9.92721 49.7504 3.10546 -13 644 1 0 1
7.8244 -17.6335 125.556 4.23429 -8.2938 56.8063 1.78308 -13 645 1 0 1
-16.5858 5.50713 125.556 -11.4175 3.19344 71.5929 2.01791 -13 646 1 0 1
-26.8258 -3.81893 125.556 -19.5637 -1.77856 76.1311 -0.850487 -13 647 1 0 1
11.2172 1.68577 125.556 6.32248 1.36697 68.2083 0.565244 -13 649 1 0 1
-3.39295 -9.69652 125.556 -3.37244 -5.30277 73.6069 1.60256 -13 650 1 0 1
3.17814 4.77886 125.556 1.2966 2.57958 68.1847 1.16436 -13 651 1 0 1
-5.49673 -9.29559 125.556 -3.49552 -5.65866 65.8406 1.68466 -13 652 1 0 1
1.52073 -9.81442 125.556 0.293788 -5.00681 68.4298 1.29086 -13 653 1 0 1
14.9391 -6.68964 125.556 6.475 -2.24771 40.5031 0.570908 -13 654 1 0 1
-12.3267 -19.5751 125.556 -3.1136 -6.28351 34.3456 1.30086 -13 655 1 0 1
-20.4352 22.6414 125.556 -11.4627 13.2486 62.8508 0.595425 -13 656 1 0 1
-5.05483 -2.77813 125.556 -2.70824 -0.240135 61.4805 1.31517 -13 657 1 0 1
-5.9426 -14.184 125.556 -4.28259 -7.1132 68.8932 2.87985 -13 659 1 0 1
0.00960443 -8.78207 125.556 -0.429383 -4.72717 67.1145 -0.842057 -13 660 1 0 1
-7.27867 -7.5488 125.556 -6.53025 -6.64577 76.3057 2.24382 -13 661 1 0 1
-11.6991 7.53663 125.556 -5.57891 3.76491 57.8049 0.464219 -13 662 1 0 1
13.2543 6.77033 125.556 6.94946 3.95915 57.4522 1.17807 -13 663 1 0 1
-7.60512 -14.7167 125.556 -5.59697 -8.46571 70.178 2.3782 -13 664 1 0 1
-6.10186 -7.1587 125.556 -5.54496 -5.3241 76.7362 0.910245 -13 665 1 0 1
-19.223 0.588662 125.556 -9.94428 0.828237 61.0314 1.68284 -13 666 1 0 1
-0.168158 2.4955 125.556 0.00555964 1.60246 60.4815 -1.44849 -13 667 1 0 1
-6.47952 -17.3884 125.556 -1.45891 -5.63396 35.1263 1.82597 -13 668 1 0 1
2.74981 -23.3146 125.556 1.44529 -13.3547 67.0851 2.04452 -13 669 1 0 1
5.52488 -15.9773 125.556 2.52644 -9.56258 72.296 0.657782 -13 670 1 0 1
21.1394 -21.5442 125.556 11.3611 -11.3155 61.8871 1.18306 -13 671 1 0 1
18.3247 17.8853 125.556 8.84091 8.38253 55.9881 2.30965 -13 672 1 0 1
0.230461 41.4595 125.556 0.312105 19.9766 57.6342 1.07974 -13 673 1 0 1
22.0646 8.56883 125.556 11.3983 4.63528 61.9237 1.55203 -13 674 1 0 1
-4.78674 -24.9515 125.556 -2.4956 -13.835 62.0216 3.87099 -13 675 1 0 1
27.7854 11.7735 125.556 12.1751 5.57529 48.5185 0.666487 -13 676 1 0 1
23.4273 -3.15465 125.556 12.6096 -2.22926 65.8354 1.67672 -13 677 1 0 1
1.2529 15.3261 125.556 -0.0401741 11.6299 71.459 2.18467 -13 678 1 0 1
-15.1221 23.4517 125.556 -9.14124 13.6383 66.2743 0.682172 -13 679 1 0 1
-10.2105 5.6281 125.556 -4.35077 2.11119 55.9417 -0.138457 -13 680 1 0 1
-3.01582 -7.87871 125.556 -2.86729 -7.14762 73.2106 -2.60684 -13 681 1 0 1
-2.14209 -35.9647 125.556 0.0719594 -11.5528 32.3324 1.19249 -13 682 1 0 1
37.3875 18.2746 125.556 19.2001 11.0661 60.0284 2.76977 -13 683 1 0 1
-2.20765 -11.4745 125.556 -1.09369 -5.7922 61.4374 0.49431 -13 684 1 0 1
40.2387 -15.5004 125.556 22.1676 -9.8878 66.23 -0.986806 -13 685 1 0 1
9.95571 17.6954 125.556 5.38692 10.7365 69.4111 1.07018 -13 686 1 0 1
13.9153 0.155825 125.556 6.98797 0.776507 53.3487 2.46272 -13 687 1 0 1
-3.79381 8.36087 125.556 -2.47139 3.86457 66.5836 0.6424 -13 688 1 0 1
17.112 -22.3421 125.556 9.08449 -12.2234 59.6404 1.72867 -13 690 1 0 1
4.37778 0.0321981 125.556 2.11228 -1.01502 64.8637 -1.26801 -13 691 1 0 1
-7.13626 -0.381841 125.556 -3.90929 -1.57348 62.2882 -0.242036 -13 692 1 0 1
12.2681 3.51433 125.556 5.78441 -0.466534 50.717 2.64622 -13 693 1 0 1
1.19257 -15.1966 125.556 0.390948 -7.27766 64.924 3.05748 -13 694 1 0 1
2.7761 14.7618 125.556 1.52419 8.30035 64.5605 1.04615 -13 696 1 0 1
-7.02406 11.4704 125.556 -5.36182 7.63685 70.5387 1.19092 -13 697 1 0 1
28.4979 -16.7957 125.556 11.7557 -5.73667 43.4809 0.221133 -13 699 1 0 1
1.20533 -6.86683 125.556 -0.249592 -4.22958 73.2312 2.03939 -13 700 1 0 1
7.24499 15.4291 125.556 3.84142 10.3455 69.8429 2.00495 -13 701 1 0 1
12.5558 2.25926 125.556 5.44561 1.04866 44.4319 2.23894 -13 702 1 0 1
-14.6245 8.49362 125.556 -12.0514 5.11412 78.9561 -1.59916 -13 703 1 0 1
17.7199 21.788 125.556 9.14349 11.4962 56.3016 0.30055 -13 704 1 0 1
3.93661 8.33681 125.556 2.41749 3.42009 53.775 2.20938 -13 705 1 0 1
-4.56707 8.14937 125.556 -1.48595 3.98208 54.585 -0.814114 -13 706 1 0 1
-2.02604 5.35626 125.556 -2.17716 5.17417 72.2454 3.97219 -13 707 1 0 1
-21.7423 -6.71397 125.556 -10.7468 -3.3785 58.4405 1.2634 -13 708 1 0 1
-1.55303 -11.5907 125.556 -0.945362 -7.32742 65.5996 0.777336 -13 709 1 0 1
4.51909 -6.42634 125.556 2.61969 -3.34182 44.5233 -0.0511512 -13 710 1 0 1
11.1835 1.69403 125.556 5.4013 -0.136995 50.8183 0.503898 -13 711 1 0 1
0.942911 -12.9476 125.556 -0.0737484 -7.45854 69.134 2.06183 -13 712 1 0 1
-6.38604 -14.4843 125.556 -6.7886 -10.8921 80.1555 0.625818 -13 713 1 0 1
3.34565 -0.261403 125.556 2.07721 -0.992099 49.8785 2.49508 -13 714 1 0 1
-6.26928 11.0096 125.556 -4.70395 7.48117 71.0309 -0.41118 -13 715 1 0 1
20.1513 17.3102 125.556 9.54685 7.35672 49.9307 2.06631 -13 716 1 0 1
-2.80419 -6.72116 125.556 -0.658523 -3.33747 52.8446 2.59635 -13 717 1 0 1
-9.97655 0.342404 125.556 -7.15149 -0.567681 72.0293 1.60002 -13 718 1 0 1
5.48534 5.31214 125.556 2.58755 4.21677 71.9136 0.559603 -13 719 1 0 1
-0.27818 21.7983 125.556 -0.332808 12.3586 65.3658 2.78595 -13 720 1 0 1
11.3959 -19.1313 125.556 6.05991 -11.5556 71.0768 0.579635 -13 721 1 0 1
16.0277 -18.1085 125.556 8.08925 -9.01327 55.2056 -0.745708 -13 722 1 0 1
0.805055 -9.70665 125.556 0.415772 -4.18771 61.7532 -0.48135 -13 723 1 0 1
0.751962 18.6492 125.556 -0.512765 10.9539 72.197 2.66326 -13 724 1 0 1
-8.57618 20.5691 125.556 -3.75008 9.17598 55.1765 0.508743 -13 725 1 0 1
30.6404 -23.107 125.556 14.5297 -10.6885 52.7105 -0.162144 -13 726 1 0 1
14.7596 5.93346 125.556 6.29061 2.4569 44.6558 2.855 -13 727 1 0 1
14.4746 48.9937 125.556 5.57418 17.5143 40.2238 0.685955 -13 728 1 0 1
6.10435 -9.48563 125.556 2.36592 -5.83868 76.2622 -1.18677 -13 729 1 0 1
-6.57972 -24.5162 125.556 -1.10366 -7.01798 35.963 0.895987 -13 730 1 0 1
-6.15073 -7.29041 125.556 -4.42549 -3.84354 70.4418 -0.573889 -13 731 1 0 1
-7.74082 14.9562 125.556 -4.92439 8.02896 68.5695 2.68922 -13 732 1 0 1
-11.0752 -1.2857 125.556 -3.65289 -1.46065 46.5328 0.467308 -13 733 1 0 1
6.32715 0.552376 125.556 3.26092 -2.8355 71.4939 2.90911 -13 734 1 0 1
43.8863 15.316 125.556 17.224 5.20589 44.1298 -0.241164 -13 735 1 0 1
9.49671 13.4142 125.556 4.50136 5.43744 47.1775 0.672264 -13 736 1 0 1
-5.8511 16.0565 125.556 -2.96458 8.27917 62.8195 2.78103 -13 737 1 0 1
-1.23816 -1.95021 125.556 -0.517505 -0.278533 57.7435 2.28805 -13 738 1 0 1
10.3367 -3.89195 125.556 5.48722 -1.1296 59.2733 -0.403561 -13 739 1 0 1
-11.7075 2.16754 125.556 -8.42333 1.17472 72.7836 1.43013 -13 740 1 0 1
43.8906 -0.434215 125.556 8.88138 0.102441 22.0315 3.44193 -13 741 1 0 1
-24.3041 3.98295 125.556 -8.22446 1.90229 42.7693 -1.27439 -13 742 1 0 1
-5.33782 7.96279 125.556 -3.98571 5.63119 71.937 1.98484 -13 743 1 0 1
-7.62707 13.0613 125.556 -3.22926 5.49477 55.6738 1.0381 -13 744 1 0 1
18.0838 17.8334 125.556 9.91128 10.6096 71.7889 2.61408 -13 745 1 0 1
-4.85377 -10.7346 125.556 -3.39176 -6.33912 68.2897 -1.14231 -13 746 1 0 1
2.29581 -4.90776 125.556 0.958588 -2.74296 68.0534 0.854533 -13 747 1 0 1
-12.5128 3.65588 125.556 -4.53573 1.96268 48.9952 -0.962093 -13 748 1 0 1
7.59808 -11.4776 125.556 3.62343 -7.33473 72.985 1.77472 -13 749 1 0 1
-0.101715 10.5669 125.556 -0.00368769 3.36883 64.0433 1.41109 -13 750 1 0 1
-5.95734 19.0472 125.556 -2.18235 9.14082 52.5018 0.823727 -13 751 1 0 1
-3.91604 22.2333 125.556 -2.53098 13.8233 66.6554 0.203315 -13 752 1 0 1
-3.35996 3.51114 125.556 -1.76523 0.911769 64.3821 -0.337692 -13 753 1 0 1
-14.7779 -2.479 125.556 -9.41054 -0.89346 69.7902 0.978489 -13 754 1 0 1
1.20738 -4.24672 125.556 -0.609296 -3.2304 75.7738 -0.79779 -13 755 1 0 1
11.8654 14.4071 125.556 6.43848 9.70038 67.9235 -0.360439 -13 756 1 0 1
27.7072 -11.9995 125.556 13.1597 -4.95895 52.0469 -0.302959 -13 757 1 0 1
5.04142 -9.95599 125.556 3.25094 -6.12466 56.5535 1.118 -13 758 1 0 1
11.8202 -31.1067 125.556 6.06072 -16.8305 61.1397 1.8799 -13 759 1 0 1
7.74568 -6.19688 125.556 4.20964 -3.16987 54.9549 0.977191 -13 760 1 0 1
4.97826 -13.4369 125.556 2.65777 -6.2534 59.4546 1.42786 -13 761 1 0 1
-22.3146 9.74587 125.556 -6.31786 3.63998 35.2039 0.151262 -13 762 1 0 1
23.1519 10.7832 125.556 11.8956 6.72566 59.8789 2.0043 -13 763 1 0 1
7.98051 4.68299 125.556 4.14125 3.14393 70.5884 -1.93378 -13 764 1 0 1
-3.48076 -10.5276 125.556 -1.70588 -6.25858 64.9023 0.141505 -13 765 1 0 1
20.1757 34.9382 125.556 5.77227 8.76207 28.5041 0.16393 -13 766 1 0 1
6.11653 -5.33142 125.556 3.36921 -3.11159 58.9816 0.292989 -13 767 1 0 1
15.2285 -36.634 125.556 8.25964 -20.5442 65.11 1.32575 -13 768 1 0 1
10.214 -0.0940396 125.556 4.42031 -0.816296 40.0709 1.1066 -13 769 1 0 1
-12.4168 -8.99614 125.556 -8.09276 -8.04305 70.4379 -0.385161 -13 770 1 0 1
7.83957 -37.7994 125.556 3.3897 -12.6859 37.7976 0.365773 -13 771 1 0 1
13.1616 2.95791 125.556 6.96273 1.00035 55.7602 0.589797 -13 772 1 0 1
13.2997 0.586314 125.556 7.07 0.69757 76.7192 1.13866 -13 773 1 0 1
-12.0201 -5.01765 125.556 -5.6388 -1.84644 58.3252 1.68851 -13 774 1 0 1
28.2903 -8.21949 125.556 14.8175 -4.9744 59.9227 0.658584 -13 775 1 0 1
-5.7551 12.4678 125.556 -2.24289 6.10952 55.2655 3.29719 -13 776 1 0 1
-11.2414 -12.0331 125.556 -6.98588 -7.57874 67.2689 0.647939 -13 777 1 0 1
-1.04115 20.17 125.556 0.233318 9.0372 45.9902 3.47234 -13 778 1 0 1
-22.6232 -6.35027 125.556 -13.5376 -3.54468 67.0491 2.37007 -13 779 1 0 1
10.9898 -0.619019 125.556 6.45302 -0.157706 67.6334 -0.232865 -13 780 1 0 1
-6.41294 4.58545 125.556 -3.85542 1.89628 66.1652 0.571215 -13 781 1 0 1
-10.4163 -11.9147 125.556 -5.8143 -6.43338 63.0547 1.21475 -13 782 1 0 1
18.8446 -9.04687 125.556 9.83009 -4.14159 58.6259 1.72315 -13 783 1 0 1
-22.3917 -33.815 125.556 -12.3102 -19.2368 62.831 -0.15323 -13 784 1 0 1
-20.9167 -6.63684 125.556 -15.5643 -6.52611 76.4385 0.42957 -13 785 1 0 1
26.5491 6.71592 125.556 11.4062 2.17989 46.7767 -0.155607 -13 787 1 0 1
-23.3743 0.542148 125.556 -12.2544 -0.208014 60.8204 -0.207092 -13 788 1 0 1
16.1742 -2.12056 125.556 9.12486 -2.69703 70.7198 1.09116 -13 789 1 0 1
4.71156 -7.66468 125.556 2.40924 -5.22875 60.2878 2.73314 -13 790 1 0 1
10.1834 -21.7902 125.556 5.59686 -13.6056 67.3456 -0.741102 -13 791 1 0 1
-6.83675 -2.25874 125.556 -4.09921 -1.14117 66.9285 2.86797 -13 792 1 0 1
11.7082 -2.14529 125.556 5.80978 -1.72091 53.1303 2.57367 -13 793 1 0 1
7.04438 -17.1745 125.556 3.80312 -9.48491 69.1337 0.951641 -13 794 1 0 1
-15.0259 -19.6991 125.556 -7.09876 -9.79826 55.8917 -1.63988 -13 795 1 0 1
-14.1677 2.85616 125.556 -6.65512 1.30709 58.64 0.635546 -13 796 1 0 1
1.35629 -1.86823 125.556 1.33635 -1.81234 48.3423 0.0185474 -13 797 1 0 1
-1.20747 27.124 125.556 -2.15207 17.534 73.7315 2.64275 -13 798 1 0 1
0.161532 9.24753 125.556 0.0365784 4.6273 63.5831 1.60883 -13 799 1 0 1
-20.1038 11.0768 125.556 -10.0654 6.54449 58.9998 1.93291 -13 800 1 0 1
16.0363 4.93956 125.556 9.28627 1.25014 68.8121 2.89503 -13 801 1 0 1
-2.76513 -13.1645 125.556 -1.84659 -8.35489 66.3114 -0.600558 -13 802 1 0 1
4.13718 3.78802 125.556 1.17222 4.31858 75.8772 -1.0589 -13 803 1 0 1
31.2314 2.06698 125.556 13.8439 1.13727 49.3187 0.34163 -13 804 1 0 1
1.10575 -1.58844 125.556 0.738891 -0.266074 23.8315 1.18578 -13 805 1 0 1
6.29493 -3.70048 125.556 3.46062 -2.09485 56.6145 1.74567 -13 806 1 0 1
-11.1138 -17.8885 125.556 -6.4174 -9.50016 66.1129 1.07665 -13 807 1 0 1
-34.9856 11.3212 125.556 -8.37775 2.93629 29.2806 2.70831 -13 808 1 0 1
-15.2865 1.23925 125.556 -8.63552 0.601522 64.7807 0.137164 -13 809 1 0 1
-9.34059 -4.7459 125.556 -7.68359 -3.89575 76.6912 -0.049587 -13 810 1 0 1
2.82439 4.09437 125.556 1.30674 3.1815 70.6374 0.44008 -13 811 1 0 1
-16.1043 -12.0367 125.556 -4.76049 -3.56957 39.2543 2.96 -13 812 1 0 1
14.1189 19.2073 125.556 7.17857 10.0253 56.1873 1.52297 -13 813 1 0 1
-0.388867 1.29973 125.556 -0.0554417 1.75003 62.6884 1.41506 -13 814 1 0 1
14.2322 13.4014 125.556 7.24682 6.63373 55.165 -1.28832 -13 815 1 0 1
1.37906 -5.1357 125.556 -0.8487 -3.34209 77.0584 2.10918 -13 816 1 0 1
5.88853 -1.46089 125.556 3.07623 -0.429323 39.7166 -0.693796 -13 817 1 0 1
10.208 -20.3187 125.556 5.05112 -9.20364 48.7442 0.731112 -13 820 1 0 1
-5.1635 -5.39853 125.556 -1.77302 -1.53322 52.8401 -0.95869 -13 821 1 0 1
-14.5012 6.26876 125.556 -13.1753 2.63505 80.3782 1.23425 -13 822 1 0 1
11.3139 -2.1501 125.556 6.15269 -1.74318 57.0612 0.655398 -13 823 1 0 1
-8.30188 -9.67631 125.556 -4.51526 -5.26904 61.2063 0.985113 -13 825 1 0 1
3.59121 12.1702 125.556 1.64351 8.03871 66.7885 -0.724722 -13 826 1 0 1
4.49112 -21.8654 125.556 2.49277 -12.4902 62.2603 3.36365 -13 827 1 0 1
4.72029 0.12255 125.556 2.79736 -0.860247 65.0085 -1.78083 -13 828 1 0 1
23.2784 -40.9393 125.556 9.79676 -17.073 47.4531 1.65589 -13 829 1 0 1
4.2739 -16.8301 125.556 2.2503 -9.60325 64.3383 0.520557 -13 830 1 0 1
6.99289 -4.95145 125.556 3.66462 -3.55072 65.8198 2.65611 -13 831 1 0 1
-0.443442 -14.6919 125.556 0.299008 -7.34622 55.7748 1.1142 -13 832 1 0 1
-2.95268 -6.51259 125.556 -1.6236 -3.63158 62.0351 1.07043 -13 833 1 0 1
-3.22958 -16.6412 125.556 -1.41644 -7.94791 60.5438 0.481142 -13 834 1 0 1
-8.03047 -21.4931 125.556 -7.38598 -14.8442 77.0336 -0.328269 -13 835 1 0 1
12.3725 21.8468 125.556 6.4367 12.7426 65.2494 0.564319 -13 836 1 0 1
21.3288 -24.5695 125.556 11.6344 -12.3347 65.5223 1.71523 -13 837 1 0 1
9.19441 7.03864 125.556 4.79349 3.00074 71.7138 -0.688905 -13 838 1 0 1
1.32805 -15.3501 125.556 1.22874 -6.50997 55.5461 0.34484 -13 839 1 0 1
-14.6125 11.4036 125.556 -7.47173 5.59501 59.9648 3.1448 -13 840 1 0 1
-5.48467 14.5627 125.556 -2.41167 6.50801 58.6419 -1.09995 -13 841 1 0 1
-7.09184 -3.9351 125.556 -5.4965 -2.03452 73.4325 -0.344828 -13 842 1 0 1
-7.46365 -20.4304 125.556 -6.094 -14.8055 73.2837 1.12039 -13 843 1 0 1
-12.1264 22.2599 125.556 -5.79268 11.2027 58.2782 1.62391 -13 844 1 0 1
9.83609 -1.25799 125.556 5.33354 0.0112001 60.218 1.69481 -13 845 1 0 1
23.7347 -27.7283 125.556 8.08789 -8.2844 36.6193 1.50482 -13 846 1 0 1
15.6885 -15.7712 125.556 8.16168 -5.94519 57.7961 -0.432466 -13 847 1 0 1
-11.3486 -2.32759 125.556 -5.05351 -1.99166 55.4544 -0.0506826 -13 848 1 0 1
-18.7051 -6.7929 125.556 -8.22848 -2.65295 53.443 -1.22479 -13 849 1 0 1
20.5529 -21.4596 125.556 11.3235 -12.263 67.3139 -0.210902 -13 850 1 0 1
-7.42786 11.2736 125.556 -3.54398 5.17425 59.76 0.241637 -13 851 1 0 1
12.5129 -2.69893 125.556 6.4185 -1.46134 75.6406 1.12662 -13 852 1 0 1
0.857578 8.17262 125.556 0.585941 4.39611 62.091 1.78435 -13 853 1 0 1
-4.72018 -2.43151 125.556 -3.7481 -2.91704 69.48 -0.17005 -13 854 1 0 1
-8.61985 18.2737 125.556 -4.46898 9.77332 61.7079 0.825686 -13 855 1 0 1
-21.2797 -5.92951 125.556 -10.5367 -4.63676 57.8281 1.06502 -13 856 1 0 1
3.84002 -3.44095 125.556 2.12127 -0.251037 66.0637 -0.199051 -13 857 1 0 1
-35.2522 7.6977 125.556 -19.6615 3.91708 63.1989 -1.69779 -13 858 1 0 1
1.55056 -2.77595 125.556 1.46696 -0.796224 55.433 2.34505 -13 859 1 0 1
-6.34996 6.38764 125.556 -4.05209 3.87 67.8467 1.98498 -13 860 1 0 1
-3.02432 -9.72723 125.556 -3.45976 -6.75417 77.0066 -1.20458 -13 861 1 0 1
-0.703086 9.49198 125.556 -0.438419 5.80841 63.901 0.606239 -13 862 1 0 1
-26.033 -15.9795 125.556 -13.1246 -7.60628 58.3581 0.936679 -13 863 1 0 1
-3.13865 1.98652 125.556 -1.5301 1.4476 62.6863 0.087564 -13 864 1 0 1
-6.30615 -9.33061 125.556 -2.56721 -3.57773 55.3787 2.54215 -13 865 1 0 1
7.48761 24.9243 125.556 3.92602 13.0001 55.9582 0.700802 -13 866 1 0 1
6.28875 5.49138 125.556 2.76624 2.79485 74.956 -0.0260825 -13 867 1 0 1
-8.0778 1.98363 125.556 -7.49277 0.461701 78.4188 -1.0204 -13 868 1 0 1
-39.9584 -26.2283 125.556 -19.2201 -12.6035 55.8081 0.0931708 -13 869 1 0 1
1.15482 -10.2624 125.556 0.706387 -5.95812 60.026 1.47259 -13 870 1 0 1
4.66311 -30.1615 125.556 2.30563 -17.2923 64.8338 -0.497601 -13 871 1 0 1
-7.01256 -5.0595 125.556 -4.45128 -2.358 67.6186 -0.460173 -13 872 1 0 1
8.04712 -1.80055 125.556 4.21552 -1.97597 71.8031 -0.435211 -13 873 1 0 1
-6.59115 14.1163 125.556 -4.19336 8.34655 66.7549 3.25406 -13 874 1 0 1
-9.51543 -10.3158 125.556 -5.17045 -5.97413 62.7968 0.909626 -13 875 1 0 1
7.44364 12.9532 125.556 3.4324 7.86132 74.905 0.625712 -13 876 1 0 1
6.79279 19.1785 125.556 3.75086 13.2358 68.3254 -1.34267 -13 877 1 0 1
0.340767 17.8265 125.556 -0.895279 12.4125 72.7141 -3.06954 -13 878 1 0 1
-13.7655 8.00973 125.556 -5.29366 3.19006 51.4305 1.9441 -13 879 1 0 1
10.5129 -12.0539 125.556 5.87871 -7.37598 68.2935 1.47152 -13 880 1 0 1
6.10956 -12.4482 125.556 3.37675 -6.11151 56.8165 2.56099 -13 881 1 0 1
19.9452 30.939 125.556 11.1965 19.3216 72.7625 0.0790081 -13 882 1 0 1
22.5556 30.293 125.556 11.6575 17.068 62.423 0.349589 -13 883 1 0 1
30.828 11.1236 125.556 10.6923 3.87719 36.1166 0.838975 -13 885 1 0 1
5.59726 -4.74273 125.556 1.7428 -5.37982 79.7139 2.92931 -13 886 1 0 1
-31.2022 4.41284 125.556 -19.0834 2.25953 67.6848 1.16709 -13 887 1 0 1
1.13869 9.1204 125.556 1.188 3.46688 55.4537 0.775833 -13 888 1 0 1
-3.16506 -7.79067 125.556 -1.18221 -3.6083 57.4547 0.089478 -13 889 1 0 1
12.7559 -25.3886 125.556 6.91087 -15.0502 67.3125 -0.497846 -13 890 1 0 1
8.1939 -3.12519 125.556 3.22077 -0.753595 35.077 -0.0953619 -13 891 1 0 1
-12.1047 -12.7578 125.556 -8.159 -6.35103 70.9937 1.05673 -13 892 1 0 1
-19.8071 2.84665 125.556 -9.55283 2.16018 58.5143 -0.966 -13 893 1 0 1
12.7587 -6.93899 125.556 6.96208 -4.09551 76.0545 0.561476 -13 894 1 0 1
-24.9555 25.6842 125.556 -16.5675 18.5015 70.2246 2.14563 -13 895 1 0 1
-10.9192 25.1434 125.556 -6.87584 15.2852 68.0258 -1.04559 -13 896 1 0 1
-3.14481 -11.3393 125.556 -0.93393 -4.74648 49.2321 -0.982121 -13 897 1 0 1
5.01838 -2.74091 125.556 2.69866 -0.90625 55.6777 0.0205621 -13 898 1 0 1
25.6736 6.35888 125.556 13.5826 4.02751 60.4213 0.392278 -13 899 1 0 1
6.82783 0.269823 125.556 3.52298 -1.04534 68.5772 1.19511 -13 901 1 0 1
23.5291 -6.41353 125.556 11.5199 -3.78905 54.1387 1.29022 -13 902 1 0 1
-1.91591 -20.9087 125.556 -2.61074 -11.204 74.6577 1.73899 -13 903 1 0 1
9.03877 -4.18707 125.556 4.70892 -3.13706 58.7861 2.61641 -13 904 1 0 1
-24.75 6.73648 125.556 -18.3512 5.07601 76.7957 0.708734 -13 905 1 0 1
-21.6768 -9.34764 125.556 -9.65188 -4.1027 54.5137 1.98615 -13 906 1 0 1
3.01427 17.8613 125.556 1.32244 9.44619 67.6933 0.922764 -13 907 1 0 1
-9.48935 -15.6096 125.556 -2.39475 -5.04754 37.4902 1.16102 -13 908 1 0 1
-2.77515 -7.10886 125.556 -3.04315 -3.4115 73.6696 1.26201 -13 909 1 0 1
-5.02353 -8.66041 125.556 -3.77107 -5.43644 70.4416 0.429243 -13 910 1 0 1
-0.468736 44.7699 125.556 0.325001 15.9185 40.0678 0.302667 -13 911 1 0 1
10.0517 26.4094 125.556 4.72837 11.2931 54.7027 -0.0881534 -13 912 1 0 1
-4.987 17.3939 125.556 -6.20543 13.6977 78.8352 1.85774 -13 913 1 0 1
-32.7018 12.0313 125.556 -19.9895 8.81485 68.3241 1.60583 -13 914 1 0 1
9.11325 -16.6264 125.556 4.92033 -8.1627 61.3199 -0.206031 -13 915 1 0 1
-26.2036 2.94773 125.556 -20.5731 2.6055 77.5488 4.86958 -13 916 1 0 1
-3.163 21.3546 125.556 -0.273928 8.08831 41.0628 0.670075 -13 917 1 0 1
-21.568 14.8963 125.556 -14.1835 9.08196 70.7443 2.62271 -13 918 1 0 1
-6.08974 6.14974 125.556 -3.6491 2.7478 66.4136 0.00992413 -13 919 1 0 1
-12.9767 -3.56732 125.556 -10.8088 -1.26729 78.8935 0.999927 -13 920 1 0 1
18.3338 -4.69742 125.556 6.11953 -2.49465 34.0345 1.40891 -13 921 1 0 1
-14.1299 -18.7176 125.556 -12.1396 -12.3201 79.3205 2.99169 -13 922 1 0 1
-11.8411 -0.966245 125.556 -5.79886 -0.567731 58.8562 0.513708 -13 923 1 0 1
-2.48893 5.54299 125.556 -1.91025 2.47906 68.4741 -0.4449 -13 924 1 0 1
-0.705374 14.4317 125.556 -0.464903 8.05555 62.7849 1.00927 -13 925 1 0 1
-9.50404 8.89385 125.556 -7.99415 5.19802 77.0158 1.93054 -13 926 1 0 1
-4.18268 -5.05704 125.556 -2.38276 -1.62909 67.8943 1.15567 -13 927 1 0 1
7.18483 -8.39039 125.556 3.98553 -4.57912 58.0511 0.443704 -13 928 1 0 1
-4.13639 2.60647 125.556 -3.07262 1.50864 70.3795 1.92491 -13 930 1 0 1
16.7123 -3.28331 125.556 8.92604 -2.74673 62.7522 2.63351 -13 931 1 0 1
-5.48054 -13.6371 125.556 -1.94116 -6.39297 52.5879 2.61233 -13 932 1 0 1
10.3053 20.583 125.556 5.49182 13.0394 68.0805 1.63547 -13 933 1 0 1
-10.3925 9.63567 125.556 -7.92753 6.72275 74.0442 0.0157661 -13 934 1 0 1
-25.6539 5.38414 125.556 -12.75 2.58377 57.7441 1.6205 -13 935 1 0 1
24.7692 -2.33919 125.556 13.2145 0.0603499 59.9241 0.694565 -13 936 1 0 1
-5.23513 -7.70126 125.556 -4.50497 -3.49486 73.2673 0.35922 -13 938 1 0 1
1.34258 -6.5044 125.556 1.10668 -3.4067 61.3246 0.0991969 -13 939 1 0 1
-2.24872 5.84075 125.556 -0.943267 3.65738 60.5609 0.614978 -13 940 1 0 1
-8.6171 10.136 125.556 -5.1572 6.76491 66.4913 0.827883 -13 941 1 0 1
18.4289 -3.45177 125.556 10.2911 -2.17869 71.6785 1.13471 -13 942 1 0 1
8.65615 -5.80697 125.556 4.59146 -2.91415 67.871 2.02079 -13 943 1 0 1
-4.70132 5.60008 125.556 -1.45646 3.69761 52.4737 0.293046 -13 944 1 0 1
-4.17492 31.0625 125.556 -3.41979 19.7798 69.8382 1.48643 -13 945 1 0 1
-1.017 14.1298 125.556 0.235634 5.54914 45.1494 0.0751707 -13 946 1 0 1
13.3839 0.717838 125.556 7.37403 1.37249 65.0332 -0.555238 -13 947 1 0 1
19.1713 -10.9407 125.556 8.8442 -4.14094 50.3543 2.05336 -13 948 1 0 1
-15.301 -7.72174 125.556 -6.35873 -3.55853 54.0573 1.12035 -13 949 1 0 1
-5.52625 9.62327 125.556 -3.1442 4.86411 65.8628 0.683368 -13 950 1 0 1
52.6354 -14.7504 125.556 23.4058 -5.86088 50.8844 1.39127 -13 951 1 0 1
11.6933 -9.80507 125.556 6.20181 -5.06886 59.2595 3.33419 -13 952 1 0 1
5.65411 -9.97267 125.556 2.84591 -5.44959 59.6322 0.929482 -13 953 1 0 1
2.09023 -33.9296 125.556 1.47184 -15.8444 54.4609 0.487441 -13 954 1 0 1
8.3107 -9.18067 125.556 4.36418 -6.344 60.8376 1.19878 -13 955 1 0 1
-5.26216 7.17932 125.556 -2.09132 2.42101 54.605 0.618812 -13 956 1 0 1
-17.3345 -10.5482 125.556 -8.25507 -6.25043 57.268 -0.329866 -13 957 1 0 1
-18.2649 -1.11773 125.556 -16.0228 -1.34072 79.1451 -0.235521 -13 958 1 0 1
22.2117 -11.7998 125.556 11.6778 -6.55739 61.2996 1.0618 -13 959 1 0 1
-12.4283 -4.04897 125.556 -9.1039 -3.04602 73.6012 -1.4307 -13 960 1 0 1
10.7973 -12.7095 125.556 5.85671 -5.41999 55.2736 0.898198 -13 961 1 0 1
18.499 -6.6116 125.556 6.56185 -2.1105 35.2367 1.73721 -13 962 1 0 1
23.2707 -5.83041 125.556 12.835 -5.67102 67.0999 2.61306 -13 963 1 0 1
-1.21729 3.04636 125.556 -0.378568 1.15769 62.5306 2.59784 -13 964 1 0 1
-5.44127 -16.0769 125.556 -3.22648 -9.42027 64.3469 2.05606 -13 965 1 0 1
-16.2442 -6.59714 125.556 -7.02602 -1.93038 53.7036 3.03534 -13 966 1 0 1
15.8841 3.59556 125.556 8.12669 2.19168 53.8892 1.30284 -13 967 1 0 1
-37.3662 -0.315283 125.556 -19.7743 -0.819248 60.6253 -0.35813 -13 968 1 0 1
8.02264 -13.1046 125.556 4.35423 -6.06619 50.1914 1.35561 -13 969 1 0 1
12.9178 -13.8668 125.556 6.97051 -8.30268 64.2343 0.578092 -13 970 1 0 1
5.91344 6.09268 125.556 3.21905 4.92263 68.0546 -0.514856 -13 971 1 0 1
-4.63907 26.2 125.556 -0.506631 7.67126 31.0194 0.246849 -13 972 1 0 1
-5.70795 3.05758 125.556 -1.06973 1.33911 33.7221 0.305602 -13 973 1 0 1
-8.08614 8.76606 125.556 -5.20558 5.35612 69.1072 0.0104316 -13 974 1 0 1
-12.2924 -1.36346 125.556 -8.8552 1.10417 74.2213 2.25915 -13 975 1 0 1
-7.23828 -22.7874 125.556 -3.74066 -11.3473 61.1396 1.06527 -13 977 1 0 1
-12.366 -4.20526 125.556 -8.54824 -3.25839 71.0379 -0.800139 -13 979 1 0 1
-16.9628 -2.74537 125.556 -8.40797 -1.7162 59.2152 -0.698442 -13 980 1 0 1
-8.84925 -19.7119 125.556 -4.96874 -11.649 62.1779 0.00922971 -13 981 1 0 1
7.01425 17.0035 125.556 3.90604 8.65989 64.3225 0.0050779 -13 982 1 0 1
0.85036 3.31773 125.556 -0.431894 4.07397 73.383 0.29561 -13 983 1 0 1
66.6672 -32.7561 125.556 18.4202 -8.57115 31.381 2.48059 -13 984 1 0 1
9.81715 12.5285 125.556 5.3723 6.70604 59.9851 1.59311 -13 985 1 0 1
-13.2832 -9.03143 125.556 -6.93391 -4.41885 61.0842 0.397168 -13 986 1 0 1
6.34657 -30.0893 125.556 3.36193 -15.9508 60.0116 1.15456 -13 987 1 0 1
-14.3319 38.699 125.556 -2.4678 7.50494 23.1121 1.54031 -13 988 1 0 1
4.14869 -11.5851 125.556 2.05219 -6.43025 69.8537 1.71345 -13 989 1 0 1
-3.34864 -9.70452 125.556 -2.52617 -7.36688 69.7718 0.926826 -13 990 1 0 1
-10.9575 16.3454 125.556 -4.16675 6.36766 51.1965 -1.40904 -13 991 1 0 1
-14.7567 13.6417 125.556 -4.45234 4.63366 41.8205 1.80924 -13 992 1 0 1
11.7898 -13.1189 125.556 6.14679 -5.41393 50.0632 2.45628 -13 993 1 0 1
33.3745 -56.8792 125.556 12.8668 -20.2863 43.3974 0.173971 -13 994 1 0 1
14.0389 6.07075 125.556 7.71078 3.69282 64.0693 -1.11425 -13 995 1 0 1
-13.0876 0.434738 125.556 -8.23559 0.118376 68.5001 0.865235 -13 996 1 0 1
-2.79647 6.95055 125.556 -0.557792 3.01801 48.2963 3.26017 -13 997 1 0 1
1.76608 -36.1672 125.556 0.790202 -5.75188 17.2141 2.65444 -13 998 1 0 1
16.2422 -3.39073 125.556 8.28624 -1.41111 56.5187 0.729673 -13 999 1 0 1
-6.45813 -11.4348 125.556 -2.06831 -4.74349 47.8159 0.31148 -13 1000 1 0 1
-10.423 -6.09541 125.556 -7.17382 -4.07188 71.7952 -0.0869475 -13 1001 1 0 1
-0.129431 24.5041 125.556 0.431726 10.5711 51.6706 -0.486208 -13 1002 1 0 1
-6.50102 1.57664 125.556 -1.55489 1.45404 39.7979 0.995607 -13 1003 1 0 1
5.82084 -16.1962 125.556 3.32232 -7.82389 67.0271 1.50705 -13 1004 1 0 1
-9.47529 -11.936 125.556 -2.49515 -4.34406 36.872 0.422434 -13 1005 1 0 1
-9.65097 6.88048 125.556 -5.21698 3.43759 62.782 2.83893 -13 1006 1 0 1
-16.7682 -6.98554 125.556 -11.0003 -3.97636 70.6816 1.69641 -13 1007 1 0 1
-17.6167 -16.2536 125.556 -11.5919 -9.98111 71.0751 3.59125 -13 1008 1 0 1
-2.35448 23.1742 125.556 -1.06226 11.626 59.9505 0.567002 -13 1009 1 0 1
-23.4114 -18.5277 125.556 -15.5306 -11.7212 70.6377 2.69793 -13 1010 1 0 1
11.8108 -8.86698 125.556 5.68515 -3.94265 46.3962 0.476999 -13 1011 1 0 1
-2.02537 5.75629 125.556 -1.68278 2.08539 70.2853 0.425934 -13 1012 1 0 1
-9.54274 -0.46793 125.556 -5.27322 -1.68472 64.4422 -0.775641 -13 1013 1 0 1
-3.02265 7.13662 125.556 -3.37273 5.00891 76.2657 -1.29714 -13 1014 1 0 1
3.34602 -1.74116 125.556 1.84569 -0.621335 66.2443 0.81273 -13 1015 1 0 1
5.08904 -12.8632 125.556 3.02115 -6.68644 59.019 1.06746 -13 1016 1 0 1
-20.0557 21.8854 125.556 -12.4027 12.6268 67.9069 1.58544 -13 1017 1 0 1
0.908249 15.1997 125.556 0.866092 7.96936 50.8288 -0.600876 -13 1018 1 0 1
-10.9286 32.9602 125.556 -5.7317 15.9485 59.6209 0.287662 -13 1019 1 0 1
5.08614 -4.64787 125.556 2.72594 -1.98685 61.7112 1.10178 -13 1020 1 0 1
-0.347357 -17.6432 125.556 -0.410516 -11.1824 63.3804 1.48929 -13 1021 1 0 1
8.71466 -26.0026 125.556 4.57163 -15.1723 69.6861 1.77559 -13 1022 1 0 1
12.1204 -11.9841 125.556 6.47954 -6.23443 61.7963 -1.14588 -13 1023 1 0 1
-13.7241 9.71483 125.556 -11.3599 5.97164 78.5395 0.755047 -13 1024 1 0 1
16.2265 7.82491 125.556 4.17832 1.05151 25.3327 -1.28153 -13 1025 1 0 1
5.22354 -7.44426 125.556 1.75157 -4.61773 78.5328 0.373228 -13 1026 1 0 1
-2.07611 -0.105103 125.556 -2.79932 -0.430182 76.0897 0.638154 -13 1027 1 0 1
-1.65432 -15.8633 125.556 -0.465311 -8.1642 61.5248 1.11374 -13 1028 1 0 1
14.0709 9.16993 125.556 7.53234 5.16176 60.4646 -0.463391 -13 1029 1 0 1
5.58191 13.827 125.556 3.00009 6.9926 58.5481 -0.12893 -13 1030 1 0 1
-33.3688 -4.33589 125.556 -23.6428 -2.75648 75.0661 1.73288 -13 1031 1 0 1
-8.93528 -10.0017 125.556 -5.08536 -6.86247 64.7397 1.86817 -13 1032 1 0 1
12.4544 -5.00422 125.556 6.26517 -2.60374 54.6736 0.549094 -13 1033 1 0 1
-11.7445 1.26193 125.556 -6.50273 0.213365 65.2285 1.87667 -13 1034 1 0 1
0.986285 18.6085 125.556 0.972532 9.026 54.0777 0.622315 -13 1035 1 0 1
-1.38658 10.2734 125.556 -1.52376 5.87973 70.1543 -0.250516 -13 1036 1 0 1
-30.7351 37.2628 125.556 -11.1371 14.0008 43.9163 0.940163 -13 1037 1 0 1
-9.69232 -17.4165 125.556 -4.82411 -9.39825 57.7386 0.223779 -13 1038 1 0 1
-3.41739 9.20692 125.556 -1.34685 5.50402 58.4275 -0.555172 -13 1039 1 0 1
20.0087 -1.97297 125.556 11.5559 -1.44332 69.8777 2.37886 -13 1040 1 0 1
7.7394 -6.95574 125.556 4.12254 -2.75695 67.7793 0.410938 -13 1041 1 0 1
11.4555 13.7217 125.556 5.49631 5.22046 47.6051 0.462744 -13 1042 1 0 1
11.5819 1.75616 125.556 6.51325 0.608987 66.9048 1.2907 -13 1043 1 0 1
2.34577 4.68809 125.556 -0.259093 5.37495 78.4451 1.79478 -13 1044 1 0 1
12.0618 30.7996 125.556 6.26227 15.78 58.97 0.478677 -13 1045 1 0 1
-21.0594 12.8021 125.556 -12.6042 7.86231 65.5388 3.12047 -13 1046 1 0 1
-8.22839 2.08513 125.556 -5.72244 0.127229 70.0592 2.71515 -13 1047 1 0 1
-25.191 0.448103 125.556 -4.94033 -0.101769 23.609 1.64331 -13 1048 1 0 1
-15.9396 -15.0598 125.556 -3.33113 -3.48733 28.5855 2.08384 -13 1049 1 0 1
21.6812 -6.57671 125.556 11.3884 -4.44657 59.5079 1.47474 -13 1050 1 0 1
14.4468 -10.5911 125.556 7.93419 -5.08301 64.1847 0.944135 -13 1051 1 0 1
-24.4402 9.80178 125.556 -9.95039 4.02502 50.7642 2.74898 -13 1052 1 0 1
-21.0107 -6.61947 125.556 -16.2886 -4.65524 77.3336 1.73589 -13 1053 1 0 1
3.85918 -2.09697 125.556 1.23905 -0.240052 73.8618 1.07354 -13 1054 1 0 1
1.26885 -12.0572 125.556 0.254448 -7.11739 68.9802 1.30978 -13 1055 1 0 1
-3.13181 -14.314 125.556 -1.32931 -6.52898 60.2147 1.0325 -13 1056 1 0 1
12.0463 1.3882 125.556 6.02578 -0.221576 51.8169 0.195428 -13 1057 1 0 1
-4.9179 1.76023 125.556 -3.83546 0.432477 71.1299 0.693971 -13 1058 1 0 1
7.66216 -5.3266 125.556 3.85141 -2.65945 46.4131 -0.528843 -13 1059 1 0 1
13.5028 -6.14788 125.556 7.52208 -3.66119 66.261 -0.141819 -13 1060 1 0 1
-5.58978 14.1706 125.556 -1.57531 6.65181 47.9563 -0.0203466 -13 1061 1 0 1
-2.88549 2.39569 125.556 -0.600921 1.23691 42.0993 0.9838 -13 1062 1 0 1
-13.1795 12.3919 125.556 -8.17699 8.19477 68.2845 0.52908 -13 1063 1 0 1
35.5525 8.75735 125.556 20.1737 5.76325 69.4819 0.34461 -13 1064 1 0 1
3.75423 -3.48594 125.556 1.43486 -1.03712 70.4466 2.56542 -13 1066 1 0 1
-5.67673 19.8488 125.556 -4.10668 12.6569 69.1597 0.798406 -13 1067 1 0 1
-30.8719 -2.60916 125.556 -9.8308 -0.612025 39.3062 0.530928 -13 1068 1 0 1
-13.6598 -7.16695 125.556 -6.80665 -2.76844 58.631 0.0138201 -13 1069 1 0 1
-0.10823 -14.426 125.556 0.613953 -6.72188 52.876 1.30304 -13 1070 1 0 1
21.3709 5.19803 125.556 11.9576 1.96154 68.148 2.68561 -13 1071 1 0 1
-5.16351 41.9484 125.556 -1.29116 17.9965 50.1564 0.642888 -13 1072 1 0 1
6.17877 7.46294 125.556 2.82464 4.91063 73.0391 0.483316 -13 1073 1 0 1
8.81142 4.34382 125.556 4.7724 3.39026 72.539 1.76783 -13 1074 1 0 1
-17.0894 -4.76948 125.556 -8.78501 -1.21015 59.8847 0.591652 -13 1075 1 0 1
23.8773 10.4712 125.556 12.0312 5.39245 55.5217 0.360438 -13 1076 1 0 1
-36.9223 -2.02507 125.556 -17.1854 -1.09682 53.0163 0.200946 -13 1077 1 0 1
-13.9334 10.2028 125.556 -7.08357 4.83903 61.1877 -0.308156 -13 1078 1 0 1
14.327 6.35605 125.556 7.77101 4.30934 67.5214 1.34122 -13 1079 1 0 1
-8.75983 18.0852 125.556 -8.23733 12.0172 78.8927 0.685829 -13 1080 1 0 1
29.9938 -11.4723 125.556 15.8582 -6.43449 62.0339 2.28214 -13 1081 1 0 1
-4.01646 1.52551 125.556 -2.13334 -0.223559 63.5426 1.16837 -13 1082 1 0 1
-8.59051 14.607 125.556 -1.60569 4.63632 33.9057 -0.123922 -13 1083 1 0 1
0.78521 2.931 125.556 -0.119208 1.7048 71.4971 0.317328 -13 1084 1 0 1
13.4515 21.5738 125.556 7.02405 9.90502 61.3788 0.458025 -13 1085 1 0 1
11.7196 4.38817 125.556 6.17142 2.39341 58.6315 0.812895 -13 1086 1 0 1
-1.25169 -2.7388 125.556 -2.24922 -3.3124 76.4007 1.41674 -13 1087 1 0 1
6.99108 25.3615 125.556 3.89561 13.2583 58.0912 1.53583 -13 1088 1 0 1
29.6658 23.0329 125.556 17.2304 14.4308 73.3875 -0.114894 -13 1089 1 0 1
4.27382 14.2041 125.556 2.3485 7.14463 65.8456 1.29729 -13 1090 1 0 1
-44.6952 -3.33778 125.556 -21.9131 -0.932967 56.7184 -1.16507 -13 1091 1 0 1
-20.1148 8.5003 125.556 -12.8816 3.88599 69.8911 -1.08161 -13 1092 1 0 1
5.75344 -13.0204 125.556 1.77137 -9.21442 79.0445 -0.0236605 -13 1093 1 0 1
29.2095 -20.8206 125.556 11.0984 -7.90714 41.1504 -0.149406 -13 1094 1 0 1
11.2845 9.22987 125.556 6.41228 5.82816 65.5267 0.945212 -13 1095 1 0 1
-15.0801 15.6227 125.556 -6.85897 6.25628 55.2047 0.441664 -13 1096 1 0 1
8.61943 -0.265421 125.556 4.62344 -0.783334 58.1204 1.02549 -13 1097 1 0 1
-12.7191 -5.17665 125.556 -8.09002 -1.65254 68.6676 1.29603 -13 1098 1 0 1
-6.66546 -16.2033 125.556 -2.61104 -7.78605 55.526 -1.08399 -13 1099 1 0 1
-13.9697 -9.76252 125.556 -9.19461 -6.54917 69.1608 0.359558 -13 1100 1 0 1
12.9949 15.8853 125.556 5.98588 6.87343 45.5757 2.8134 -13 1101 1 0 1
-7.13158 15.1297 125.556 -2.89228 6.03596 57.1661 0.385443 -13 1102 1 0 1
8.11593 -19.2422 125.556 4.48515 -11.8138 68.0949 0.362619 -13 1103 1 0 1
-5.8556 14.2106 125.556 -5.07636 9.40072 74.4847 0.358955 -13 1104 1 0 1
13.0114 -15.3952 125.556 7.4135 -9.26503 62.8568 -1.00632 -13 1105 1 0 1
-29.7219 -12.0259 125.556 -17.496 -6.31377 65.8503 2.28716 -13 1106 1 0 1
16.3013 20.9403 125.556 7.40784 9.68397 49.8755 3.08855 -13 1107 1 0 1
6.86492 -22.2437 125.556 3.66839 -12.8547 63.6104 3.25136 -13 1108 1 0 1
-0.157563 -2.12862 125.556 -0.643546 -1.97852 67.5892 3.29775 -13 1109 1 0 1
6.66944 31.2967 125.556 3.34693 11.2629 41.5773 3.54998 -13 1110 1 0 1
-2.04738 10.9912 125.556 -0.941031 4.51012 62.9187 2.3267 -13 1111 1 0 1
-10.7764 14.0198 125.556 -5.23508 6.95477 59.4066 1.68921 -13 1112 1 0 1
7.09935 -6.73312 125.556 3.24805 -4.28679 76.4064 1.09232 -13 1113 1 0 1
-24.1616 -10.5822 125.556 -10.6801 -5.59399 52.5683 3.78608 -13 1114 1 0 1
23.2735 39.7867 125.556 11.7801 20.6268 57.6888 1.26799 -13 1115 1 0 1
8.77477 19.5983 125.556 4.54196 13.327 69.4477 1.58756 -13 1116 1 0 1
6.37597 10.3744 125.556 3.31273 6.2353 74.2693 -0.851978 -13 1117 1 0 1
-3.39457 -12.584 125.556 -1.24982 -7.26104 56.8219 0.0106028 -13 1118 1 0 1
14.7863 14.7791 125.556 8.02151 7.30751 61.6222 -1.4199 -13 1119 1 0 1
-1.64017 -0.681848 125.556 -1.47152 -0.907959 70.5724 -0.097763 -13 1120 1 0 1
-0.0432341 -25.5052 125.556 0.225819 -12.1271 58.5249 -0.696215 -13 1121 1 0 1
1.41965 1.77534 125.556 -0.463059 1.40999 77.6848 0.942207 -13 1122 1 0 1
-16.1707 9.12494 125.556 -9.37537 4.52476 65.5236 4.03057 -13 1123 1 0 1
9.14431 5.4191 125.556 4.8586 2.02396 63.7637 1.75947 -13 1124 1 0 1
-7.21158 11.0665 125.556 -3.72365 7.63052 60.6501 1.60059 -13 1125 1 0 1
26.178 0.526071 125.556 12.0571 0.731888 52.1134 -0.610047 -13 1126 1 0 1
4.85441 16.4811 125.556 2.8535 9.14303 56.2147 0.983198 -13 1127 1 0 1
8.30116 -6.31922 125.556 4.56264 -1.54971 53.3448 0.296699 -13 1128 1 0 1
-6.4932 -9.91389 125.556 -4.86633 -7.64556 71.4275 0.560923 -13 1129 1 0 1
19.5781 20.2934 125.556 7.84487 7.38883 42.9698 2.1117 -13 1130 1 0 1
-6.15832 -3.20101 125.556 -3.51282 -3.42558 63.6477 1.28951 -13 1131 1 0 1
19.1967 9.40175 125.556 7.86384 3.04358 41.0783 0.322454 -13 1132 1 0 1
-7.56436 -1.95771 125.556 -5.10437 -3.28521 70.7133 -1.34215 -13 1133 1 0 1
-0.745412 -3.80228 125.556 -1.53602 -3.25731 73.8871 0.292511 -13 1134 1 0 1
12.0071 3.12524 125.556 6.35972 0.0430965 68.3426 1.01499 -13 1135 1 0 1
20.3966 -17.652 125.556 9.68489 -7.53515 49.0412 1.34279 -13 1136 1 0 1
2.90229 -19.7132 125.556 1.79973 -5.99638 41.4256 2.37315 -13 1137 1 0 1
-22.4952 -2.57563 125.556 -15.9336 -1.28409 74.4078 -0.360298 -13 1138 1 0 1
8.53095 -5.99806 125.556 4.5661 -3.1909 62.4139 1.35419 -13 1139 1 0 1
22.102 16.5701 125.556 12.3666 8.24619 65.2914 0.669982 -13 1140 1 0 1
-31.0748 -21.7011 125.556 -22.783 -14.0966 76.5617 -0.480381 -13 1141 1 0 1
11.4411 19.371 125.556 4.82008 7.11124 41.9431 0.837158 -13 1142 1 0 1
1.96415 1.49219 125.556 1.38379 0.951565 60.7009 0.879785 -13 1143 1 0 1
-5.57619 9.83176 125.556 -2.40649 5.53175 57.9112 2.76872 -13 1144 1 0 1
20.1548 -4.03931 125.556 7.82322 -2.59114 41.6353 -0.138225 -13 1145 1 0 1
18.2502 -20.2537 125.556 8.46138 -7.95512 49.4879 2.41176 -13 1146 1 0 1
6.24235 2.21584 125.556 3.40907 1.0804 52.6212 1.76622 -13 1147 1 0 1
-7.83964 -8.5387 125.556 -4.70177 -5.13494 65.9079 0.120694 -13 1148 1 0 1
10.0676 2.24012 125.556 5.58886 2.20003 70.2378 2.82747 -13 1149 1 0 1
18.266 -37.7426 125.556 9.60207 -22.223 64.7253 0.719223 -13 1150 1 0 1
-9.88873 -8.93724 125.556 -3.49949 -4.47961 51.2359 1.70938 -13 1151 1 0 1
-7.87051 -3.81601 125.556 -4.54916 -1.7853 63.9871 1.33792 -13 1152 1 0 1
21.4005 18.3649 125.556 10.8667 8.60187 57.1375 0.0206458 -13 1153 1 0 1
13.6939 -8.98914 125.556 7.09482 -4.06631 57.9057 0.3272 -13 1155 1 0 1
19.743 -3.80816 125.556 10.4522 -0.563613 60.7086 1.55481 -13 1156 1 0 1
-12.0641 -25.8139 125.556 -4.98005 -11.7479 51.8698 0.0542191 -13 1157 1 0 1
16.9246 -3.42751 125.556 7.16095 -1.48552 45.9633 0.788697 -13 1158 1 0 1
-7.12437 -8.14176 125.556 -3.94054 -3.91965 62.4579 0.294145 -13 1159 1 0 1
-16.6369 10.1162 125.556 -11.2979 6.37501 71.7725 0.475543 -13 1160 1 0 1
-0.794987 5.76819 125.556 -0.510336 2.93846 63.322 1.20516 -13 1161 1 0 1
7.54361 -15.9902 125.556 3.97687 -8.12573 64.5905 1.59514 -13 1162 1 0 1
-11.4526 -10.6414 125.556 -6.128 -5.87396 62.3272 1.47251 -13 1163 1 0 1
16.4904 -4.43773 125.556 9.1135 -1.26056 63.1897 0.635027 -13 1164 1 0 1
4.13606 -3.90232 125.556 2.4233 -1.83214 59.8029 0.0569311 -13 1166 1 0 1
5.60175 9.88214 125.556 2.68854 6.33129 71.0202 2.21385 -13 1167 1 0 1
3.88114 8.23784 125.556 2.50241 4.99505 59.2851 -0.323164 -13 1168 1 0 1
-4.97972 -3.53926 125.556 -3.05713 -2.02712 64.857 1.15469 -13 1169 1 0 1
38.064 -11.4349 125.556 18.626 -5.83591 55.4681 1.68713 -13 1170 1 0 1
23.5034 -3.84351 125.556 10.4505 -1.51073 47.5364 1.38004 -13 1171 1 0 1
-4.05896 -29.074 125.556 -1.11213 -13.4635 50.7434 -0.494248 -13 1172 1 0 1
-12.2292 1.40349 125.556 -8.35065 -0.436235 69.8261 -1.19944 -13 1173 1 0 1
10.6261 24.8969 125.556 5.60352 12.8126 59.3944 0.969866 -13 1174 1 0 1
4.3616 -1.38665 125.556 1.67358 -1.67055 74.5121 0.61644 -13 1175 1 0 1
5.93079 3.95592 125.556 2.54625 1.69762 74.2455 2.13767 -13 1176 1 0 1
31.3803 0.622086 125.556 17.6622 0.469198 69.3867 1.9375 -13 1177 1 0 1
5.98944 2.60675 125.556 2.65787 0.750356 75.6922 4.84062 -13 1178 1 0 1
-3.70571 -21.8819 125.556 -1.61395 -9.87313 58.5763 -0.300595 -13 1179 1 0 1
16.0665 -8.46464 125.556 8.30176 -3.89016 57.2003 0.801216 -13 1180 1 0 1
37.4106 4.78795 125.556 20.4219 1.86488 64.738 2.73246 -13 1181 1 0 1
11.3688 -8.16636 125.556 6.05314 -3.04666 61.2212 0.554017 -13 1182 1 0 1
2.72502 2.87924 125.556 1.62307 0.110636 56.8492 1.12002 -13 1183 1 0 1
11.0231 -8.03725 125.556 5.89767 -3.18916 60.3466 1.45695 -13 1184 1 0 1
71.6747 -19.7303 125.556 33.2734 -10.127 52.8149 0.337238 -13 1185 1 0 1
14.8893 -4.14802 125.556 8.19979 -3.1327 60.7172 1.23775 -13 1186 1 0 1
-3.78316 3.05675 125.556 -4.05967 2.11007 76.1923 0.30162 -13 1187 1 0 1
1.48905 10.8371 125.556 -0.2041 6.5318 74.7465 -1.63209 -13 1188 1 0 1
-8.03499 -6.0684 125.556 -4.36634 -3.42892 63.9126 1.09519 -13 1189 1 0 1
3.23119 -17.3523 125.556 2.00246 -8.47814 55.647 -0.699769 -13 1190 1 0 1
-15.5992 -2.00613 125.556 -6.99382 0.480637 54.3663 0.4519 -13 1191 1 0 1
-3.38657 1.63802 125.556 -1.32378 0.45837 57.8446 0.0614915 -13 1192 1 0 1
8.45616 -4.6915 125.556 4.5107 -2.37058 54.0532 0.167865 -13 1193 1 0 1
-0.851585 0.155262 125.556 -1.77668 1.67383 74.391 1.05708 -13 1194 1 0 1
24.2537 2.18176 125.556 13.3627 2.05747 65.6749 1.66715 -13 1195 1 0 1
10.0569 0.765048 125.556 5.26034 -0.263495 70.0313 0.78311 -13 1196 1 0 1
20.1694 5.87564 125.556 10.5288 2.78975 59.9068 -0.600844 -13 1197 1 0 1
12.0955 -20.6185 125.556 5.89097 -15.0125 78.8536 1.33417 -13 1198 1 0 1
-7.65763 -17.4813 125.556 -4.65622 -10.9279 65.11 -0.319987 -13 1199 1 0 1
-19.5547 7.54497 125.556 -10.9885 5.83745 64.7123 0.494637 -13 1200 1 0 1
14.1604 0.16977 125.556 7.31064 0.397085 60.4648 -0.045483 -13 1201 1 0 1
0.429993 -6.22501 125.556 0.819662 -3.25624 45.0605 -2.06204 -13 1202 1 0 1
-15.0064 11.1506 125.556 -9.6252 7.55715 69.2668 -1.68884 -13 1203 1 0 1
9.17234 4.04727 125.556 5.0092 2.33301 61.7671 2.13949 -13 1204 1 0 1
-6.10588 -24.1 125.556 -5.76206 -17.7615 75.9372 0.976316 -13 1205 1 0 1
0.400023 -3.84609 125.556 0.456169 -1.08658 60.039 -0.476998 -13 1206 1 0 1
-13.1848 -10.6376 125.556 -3.37481 -2.81827 33.282 2.57403 -13 1207 1 0 1
34.3758 -16.3863 125.556 17.3307 -8.07811 58.7926 1.48829 -13 1208 1 0 1
-9.4614 9.29853 125.556 -9.62898 5.62878 78.401 -1.18988 -13 1209 1 0 1
-33.3449 -7.11309 125.556 -18.7393 -3.27323 63.8826 2.05961 -13 1210 1 0 1
10.2603 -3.7937 125.556 4.43804 -0.902961 79.4058 0.203504 -13 1211 1 0 1
-7.95012 -1.88533 125.556 -5.52033 -0.258887 70.4744 -0.95571 -13 1212 1 0 1
-21.0743 19.0128 125.556 -8.18668 8.85973 48.3818 -1.17716 -13 1213 1 0 1
-1.6674 8.16975 125.556 -2.64008 6.41989 77.2514 1.84655 -13 1214 1 0 1
-2.17511 -4.38635 125.556 -2.30883 -2.24917 72.1052 0.789403 -13 1215 1 0 1
6.30249 7.58025 125.556 3.38837 4.57072 58.6406 -0.763631 -13 1216 1 0 1
36.5456 11.076 125.556 19.5229 6.19793 61.7194 2.6686 -13 1217 1 0 1
0.302153 42.9104 125.556 -0.0984126 22.9238 62.7412 0.490675 -13 1218 1 0 1
24.3057 -0.869206 125.556 12.4587 -1.283 59.2675 2.03169 -13 1219 1 0 1
-19.6671 -23.8682 125.556 -13.5166 -16.3536 71.5817 2.35112 -13 1220 1 0 1
-26.8932 5.95749 125.556 -11.519 1.82225 51.5416 -0.753768 -13 1221 1 0 1
-12.3471 11.3562 125.556 -4.70636 3.52424 48.6139 -0.285789 -13 1222 1 0 1
8.10518 -29.9937 125.556 4.25753 -15.5799 59.8082 2.53511 -13 1223 1 0 1
-14.1058 -15.3453 125.556 -8.21774 -9.27278 65.0974 1.61225 -13 1224 1 0 1
-10.6082 7.66739 125.556 -9.33136 7.2097 78.6042 1.73996 -13 1225 1 0 1
-4.24667 -10.3591 125.556 -3.63194 -5.02442 71.5542 -0.708326 -13 1226 1 0 1
16.7221 5.01625 125.556 8.09292 3.05214 49.3824 2.867 -13 1228 1 0 1
2.7471 -16.6884 125.556 1.24818 -9.55778 68.8717 -1.7922 -13 1229 1 0 1
-7.25025 7.5989 125.556 -7.417 5.51894 79.8322 -0.485507 -13 1230 1 0 1
-0.0719986 -10.0648 125.556 0.584558 -5.40135 56.4669 -1.71869 -13 1231 1 0 1
12.9577 11.8623 125.556 6.08686 6.06857 53.5314 -0.141277 -13 1232 1 0 1
-7.87087 -10.5244 125.556 -2.97456 -5.04632 52.8272 1.32672 -13 1233 1 0 1
-14.1345 -32.0539 125.556 -5.41436 -14.4433 48.599 -0.378506 -13 1234 1 0 1
-4.2347 0.822995 125.556 -2.51078 -1.2254 65.0571 2.1699 -13 1235 1 0 1
-10.2767 -6.441 125.556 -6.10107 -3.42831 66.0188 0.139989 -13 1236 1 0 1
2.73023 9.51754 125.556 1.97071 6.26092 58.8783 1.32403 -13 1237 1 0 1
18.8447 -3.44533 125.556 10.843 -1.46465 73.874 0.67374 -13 1238 1 0 1
2.44856 18.8214 125.556 1.06106 11.0374 63.0433 2.33754 -13 1239 1 0 1
-14.2593 -9.01516 125.556 -8.85015 -5.1705 67.8244 2.31837 -13 1240 1 0 1
-6.51954 -8.05333 125.556 -5.14517 -6.1876 73.0524 -2.53974 -13 1241 1 0 1
3.63772 4.11209 125.556 2.02893 2.75125 64.9976 1.64396 -13 1242 1 0 1
-1.454 -14.3092 125.556 -0.619308 -6.92069 61.2813 1.37336 -13 1243 1 0 1
17.6142 9.56712 125.556 9.66084 6.75232 71.7526 -0.146687 -13 1244 1 0 1
-0.478079 -14.1895 125.556 -0.000148492 -8.02592 63.9264 2.02934 -13 1245 1 0 1
-20.3627 -24.1477 125.556 -6.01966 -7.82067 39.5287 0.921416 -13 1246 1 0 1
-11.6 11.5889 125.556 -7.72341 7.11151 69.7345 0.127052 -13 1247 1 0 1
-7.12289 28.6581 125.556 -3.69166 14.2422 59.3772 0.352467 -13 1248 1 0 1
-13.5855 11.1484 125.556 -7.68688 7.14273 63.9297 0.789462 -13 1249 1 0 1
4.31223 -21.7324 125.556 2.58285 -11.1725 58.7713 1.20716 -13 1250 1 0 1
50.5622 -17.0723 125.556 24.8656 -9.12152 57.113 0.225536 -13 1251 1 0 1
12.5381 6.35506 125.556 6.90273 3.32096 60.0512 1.05386 -13 1252 1 0 1
-12.6302 -4.81527 125.556 -6.78265 -3.17443 63.0854 1.87368 -13 1253 1 0 1
1.96568 0.576676 125.556 0.467688 0.671875 71.2838 -0.0365801 -13 1254 1 0 1
20.3444 17.3855 125.556 9.62878 7.73205 49.7862 2.28632 -13 1255 1 0 1
18.7607 19.6042 125.556 10.4981 10.8761 63.7265 2.89475 -13 1256 1 0 1
10.1585 16.3259 125.556 5.62299 7.43303 63.6943 1.18292 -13 1257 1 0 1
0.804033 -10.7658 125.556 1.30018 -5.10724 50.7927 2.05943 -13 1258 1 0 1
30.7508 16.9293 125.556 13.4535 6.73463 48.1606 1.02673 -13 1259 1 0 1
-29.5402 18.3996 125.556 -12.2376 8.30112 49.5783 -1.45093 -13 1260 1 0 1
14.6673 -4.02373 125.556 7.55472 -1.09847 60.9701 0.622783 -13 1261 1 0 1
-14.2918 25.5169 125.556 -8.87192 15.3981 67.1551 -0.413242 -13 1262 1 0 1
36.2366 21.4794 125.556 15.6855 9.93051 48.383 1.13987 -13 1263 1 0 1
11.3633 15.4048 125.556 6.24855 8.16491 61.1575 0.985136 -13 1264 1 0 1
-27.398 3.99732 125.556 -15.1092 2.08629 62.979 0.616263 -13 1265 1 0 1
-12.7325 0.150131 125.556 -8.494 0.811559 71.4697 2.19903 -13 1266 1 0 1
13.3016 -24.1811 125.556 5.58202 -8.62846 41.5687 0.633601 -13 1267 1 0 1
-2.38315 -5.00065 125.556 -0.8525 -2.92717 61.8885 3.06803 -13 1268 1 0 1
-23.1014 3.85593 125.556 -14.7582 2.14728 69.3297 -0.0747691 -13 1269 1 0 1
-7.41623 -9.57286 125.556 -5.48693 -7.75125 71.313 1.31836 -13 1270 1 0 1
-18.7331 -10.0073 125.556 -10.1961 -6.02372 63.46 -0.708241 -13 1271 1 0 1
14.3919 18.6494 125.556 7.08171 7.95619 52.0567 1.71358 -13 1272 1 0 1
6.86428 -13.6582 125.556 3.94805 -7.3484 56.8558 -0.199584 -13 1273 1 0 1
-4.14235 20.8251 125.556 -3.71852 13.752 71.4235 0.906877 -13 1274 1 0 1
-11.9952 -14.1152 125.556 -5.28302 -6.41925 54.2006 0.627544 -13 1275 1 0 1
35.0415 18.4063 125.556 14.465 7.95143 45.0808 1.78972 -13 1276 1 0 1
-1.21683 2.21995 125.556 -0.327433 2.7048 59.4548 1.52728 -13 1277 1 0 1
3.53285 -16.3824 125.556 2.1228 -7.50428 47.637 -0.102917 -13 1278 1 0 1
-0.00498298 11.3688 125.556 -0.0128212 4.97949 63.7018 1.26579 -13 1279 1 0 1
2.04302 5.42748 125.556 0.610194 5.6743 69.9492 1.43113 -13 1280 1 0 1
8.21296 20.1394 125.556 4.44856 8.04975 51.0956 0.440057 -13 1281 1 0 1
9.09278 -1.45804 125.556 4.54844 0.387488 73.909 -0.225754 -13 1282 1 0 1
-24.9657 -8.05568 125.556 -13.5024 -4.78499 61.423 1.55996 -13 1283 1 0 1
18.6182 -7.82913 125.556 9.21555 -2.76131 54.1792 -0.377496 -13 1284 1 0 1
-0.819234 -18.1184 125.556 -1.02586 -10.3954 67.6212 1.27183 -13 1285 1 0 1
-15.2779 -5.42018 125.556 -8.20771 -1.78914 63.9413 -0.43418 -13 1286 1 0 1
-0.484012 1.40785 125.556 0.433249 0.422951 57.7755 -1.04683 -13 1287 1 0 1
16.9959 3.11608 125.556 8.15037 1.40208 50.3303 0.686734 -13 1288 1 0 1
12.4956 -3.86535 125.556 6.7938 -0.937397 59.0926 -1.01582 -13 1289 1 0 1
-19.257 6.15196 125.556 -12.826 1.26808 71.5048 1.26734 -13 1290 1 0 1
15.5087 7.03054 125.556 8.56695 4.92129 64.1775 -1.03835 -13 1291 1 0 1
-9.38779 -21.3316 125.556 -3.90118 -9.21487 53.7782 1.50909 -13 1292 1 0 1
1.61695 -6.48189 125.556 0.583982 -1.25144 13.961 1.69901 -13 1293 1 0 1
4.81115 3.10634 125.556 2.59228 3.05365 64.7058 0.671904 -13 1294 1 0 1
11.9195 11.9079 125.556 4.94346 4.11254 42.2424 0.300181 -13 1295 1 0 1
-0.587212 -10.8073 125.556 -1.95458 -9.52695 75.5487 1.7848 -13 1296 1 0 1
-0.136615 17.8559 125.556 0.304344 8.83035 56.9505 -0.213267 -13 1297 1 0 1
-2.8784 10.1028 125.556 -1.19947 4.77738 57.6888 0.990676 -13 1298 1 0 1
11.8285 -0.563641 125.556 3.93771 -0.650006 32.7095 -0.398945 -13 1299 1 0 1
23.9677 12.303 125.556 13.9054 9.21739 72.5887 0.844719 -13 1300 1 0 1
14.6201 9.44364 125.556 7.80695 6.81877 78.3244 0.855997 -13 1301 1 0 1
-4.77186 -7.47524 125.556 -1.77515 -4.61009 54.8174 1.55654 -13 1302 1 0 1
-5.33497 -9.99375 125.556 -2.62801 -4.62334 60.7566 0.963024 -13 1303 1 0 1
-9.60397 20.8561 125.556 -3.30687 9.97343 49.9326 1.25808 -13 1304 1 0 1
2.20878 -4.76401 125.556 0.284427 -4.21657 73.1702 0.345537 -13 1305 1 0 1
14.4684 -3.6033 125.556 7.38967 -2.76973 52.971 0.651081 -13 1306 1 0 1
5.73114 21.3657 125.556 2.98323 8.46839 47.9734 0.317599 -13 1308 1 0 1
-1.68405 -4.24582 125.556 -2.35597 -3.16587 73.5733 -1.09068 -13 1309 1 0 1
-11.2366 -17.1668 125.556 -9.83071 -12.902 78.3114 -1.24201 -13 1310 1 0 1
-3.92318 26.0765 125.556 -3.65409 17.8191 72.8244 2.00004 -13 1311 1 0 1
-3.14715 -12.3149 125.556 -2.46642 -8.0958 68.8341 -0.488706 -13 1313 1 0 1
-9.15057 -6.53174 125.556 -3.22656 -2.70746 47.1514 2.02946 -13 1314 1 0 1
3.62452 -17.0565 125.556 2.12093 -9.7003 57.3284 1.08149 -13 1315 1 0 1
-4.22973 -16.7009 125.556 -3.20158 -8.81021 69.3747 0.143549 -13 1316 1 0 1
-3.74369 3.93347 125.556 -3.0559 3.41761 73.0376 -0.00357475 -13 1317 1 0 1
-8.19612 2.97046 125.556 -2.27563 0.236874 41.367 -0.0308271 -13 1318 1 0 1
1.47365 -29.7269 125.556 0.767172 -17.803 64.7142 2.36074 -13 1319 1 0 1
-0.679631 -20.1116 125.556 0.430862 -8.48121 47.8562 1.83221 -13 1320 1 0 1
4.33025 -22.3516 125.556 2.26111 -9.53644 47.5196 -0.282056 -13 1321 1 0 1
13.5804 7.47605 125.556 7.50539 3.21734 57.8474 2.23037 -13 1322 1 0 1
2.27423 7.96434 125.556 0.517918 4.74242 74.7828 0.00953872 -13 1323 1 0 1
6.86518 20.5498 125.556 3.74562 11.121 63.5307 1.44906 -13 1324 1 0 1
-3.75925 -26.1208 125.556 -2.60936 -15.8974 67.4697 2.90669 -13 1325 1 0 1
-11.6378 8.09325 125.556 -7.74201 3.80473 69.5626 -2.00216 -13 1326 1 0 1
4.29819 5.14648 125.556 2.3624 1.75083 60.4386 0.432655 -13 1327 1 0 1
12.2267 -17.6436 125.556 6.61298 -10.5019 66.8048 0.369702 -13 1328 1 0 1
-7.37975 -6.36138 125.556 -2.51252 -3.17349 52.2941 -0.0374791 -13 1329 1 0 1
8.89636 -3.07691 125.556 4.70078 -2.7613 61.9675 3.34298 -13 1330 1 0 1
5.79505 -0.389538 125.556 2.84366 -0.739889 72.1513 -0.00265864 -13 1331 1 0 1
-18.9619 -21.4388 125.556 -7.7095 -9.22296 50.2182 0.883901 -13 1332 1 0 1
2.01397 10.9323 125.556 1.00555 7.15716 66.4918 2.9096 -13 1333 1 0 1
-4.88074 3.5675 125.556 -3.05407 2.30086 64.8645 -0.775139 -13 1334 1 0 1
9.36394 -15.2371 125.556 5.04151 -5.74992 51.9492 -0.745048 -13 1335 1 0 1
-8.79303 -8.58978 125.556 -3.37085 -2.74629 50.5642 0.4547 -13 1336 1 0 1
15.9738 -7.69154 125.556 8.69091 -5.41156 73.0401 0.0297009 -13 1338 1 0 1
-2.64292 20.2032 125.556 -1.06451 10.6476 59.8434 1.20074 -13 1339 1 0 1
-9.74708 18.4457 125.556 -7.43513 13.2588 74.2644 0.236149 -13 1340 1 0 1
-16.5135 -16.4928 125.556 -9.7889 -10.2376 65.5466 0.942253 -13 1341 1 0 1
-4.30449 12.9332 125.556 -1.52983 6.59579 53.431 1.14823 -13 1342 1 0 1
20.2883 11.451 125.556 9.50066 5.51967 51.0215 -1.06086 -13 1343 1 0 1
-0.473517 -0.480874 125.556 -2.24901 -0.531163 78.8004 1.3354 -13 1344 1 0 1
30.897 0.0335469 125.556 15.199 0.722662 55.9406 1.12453 -13 1345 1 0 1
3.15364 12.6408 125.556 2.25354 5.74991 54.008 2.09448 -13 1346 1 0 1
-4.63179 -8.28719 125.556 -2.13945 -5.74336 60.7891 1.24647 -13 1347 1 0 1
-9.72295 1.50333 125.556 -8.18803 2.18168 77.3058 1.77486 -13 1348 1 0 1
-11.955 -8.19868 125.556 -9.71436 -6.58886 77.0516 -0.474004 -13 1349 1 0 1
3.65334 36.105 125.556 0.499 24.4583 76.8963 0.0128388 -13 1350 1 0 1
17.9804 -60.571 125.556 3.4851 -10.3537 20.1226 4.41589 -13 1351 1 0 1
-3.01068 -23.1771 125.556 -2.30813 -13.7282 68.4232 1.56559 -13 1352 1 0 1
-20.0774 29.8035 125.556 -8.39635 12.6131 49.9806 0.382986 -13 1354 1 0 1
-7.61475 10.5878 125.556 -4.16247 5.97483 65.0507 1.59468 -13 1355 1 0 1
3.16024 6.84589 125.556 1.47404 4.07937 68.0267 1.02617 -13 1356 1 0 1
2.54053 -13.0871 125.556 1.36603 -7.15627 65.0082 0.430277 -13 1357 1 0 1
10.2352 -3.05638 125.556 5.32806 -1.50443 48.942 -1.24757 -13 1358 1 0 1
14.3575 -5.40354 125.556 6.6452 -1.68831 47.295 -0.0658228 -13 1359 1 0 1
15.4716 15.0704 125.556 8.28281 10.1975 77.6282 -0.98587 -13 1360 1 0 1
5.0736 -18.5332 125.556 2.83955 -10.8086 60.267 0.759247 -13 1361 1 0 1
-2.31205 -17.5755 125.556 -0.885981 -9.17783 58.7546 2.62178 -13 1362 1 0 1
11.7621 -25.1867 125.556 6.15838 -14.5138 68.1558 -0.479495 -13 1363 1 0 1
-5.82505 3.60532 125.556 -3.29333 3.06111 65.6361 1.97772 -13 1364 1 0 1
-0.97341 1.85773 125.556 -0.0243645 -0.178317 61.3467 -0.441132 -13 1365 1 0 1
-11.6906 -17.8432 125.556 -9.41729 -8.59431 77.4621 2.35056 -13 1367 1 0 1
-11.7104 6.04707 125.556 -5.36066 3.06865 56.8242 1.00555 -13 1368 1 0 1
14.6869 -7.42834 125.556 8.51176 -5.1177 70.6568 0.538081 -13 1369 1 0 1
81.2992 -6.60082 125.556 23.0182 -2.36591 31.72 1.29138 -13 1370 1 0 1
0.594252 22.537 125.556 0.0929328 13.5674 65.3089 0.86654 -13 1371 1 0 1
-14.5186 -13.8508 125.556 -10.8637 -9.48315 75.1513 0.465191 -13 1372 1 0 1
3.86072 19.52 125.556 2.35293 8.89459 58.3253 0.719182 -13 1373 1 0 1
2.19572 -7.74416 125.556 0.643658 -4.97921 67.4856 0.769263 -13 1374 1 0 1
1.05125 15.0262 125.556 0.320393 8.465 63.9646 -0.110027 -13 1375 1 0 1
-14.4046 -5.61345 125.556 -6.7026 -3.67533 56.7335 -0.982181 -13 1376 1 0 1
11.9653 1.15979 125.556 6.74743 1.57454 70.2877 1.50285 -13 1377 1 0 1
-6.59771 -7.11329 125.556 -3.53648 -4.99826 63.1118 2.22432 -13 1378 1 0 1
-7.49008 14.0725 125.556 -6.53192 8.67341 75.3436 -0.940006 -13 1379 1 0 1
-19.583 7.95621 125.556 -11.7585 4.10098 67.392 0.393531 -13 1380 1 0 1
-18.8693 -14.8159 125.556 -8.79234 -7.62584 57.0923 2.16521 -13 1381 1 0 1
11.5135 1.04458 125.556 6.42016 1.17467 69.9894 0.0360819 -13 1382 1 0 1
26.4756 6.52493 125.556 10.0693 1.33763 40.0583 2.42731 -13 1383 1 0 1
2.5853 24.7571 125.556 1.79167 11.7665 52.8537 0.411938 -13 1384 1 0 1
6.99513 0.159352 125.556 3.84304 0.121277 62.652 1.25271 -13 1385 1 0 1
14.8028 2.02706 125.556 7.6796 0.859299 55.7694 1.89668 -13 1386 1 0 1
-20.8833 -20.5337 125.556 -10.2935 -8.75867 57.2075 -0.2453 -13 1387 1 0 1
-3.88579 0.370268 125.556 -3.33172 -1.16574 72.9923 2.18454 -13 1388 1 0 1
48.3524 5.65318 125.556 14.7343 0.95136 33.0865 1.05666 -13 1390 1 0 1
-21.1754 -3.81527 125.556 -8.25558 -1.52655 48.6112 1.99656 -13 1391 1 0 1
9.10252 -26.9808 125.556 5.12271 -13.9568 59.222 0.540995 -13 1392 1 0 1
3.30921 -5.52336 125.556 1.61043 -3.20119 65.9392 -0.89667 -13 1394 1 0 1
1.25467 1.42495 125.556 0.506831 1.76664 66.5701 0.591723 -13 1395 1 0 1
24.8665 -17.6397 125.556 13.8433 -11.2241 68.9812 -1.33905 -13 1396 1 0 1
-0.187019 9.37078 125.556 -1.64426 5.21392 76.3673 3.27049 -13 1397 1 0 1
-10.8938 -5.14984 125.556 -3.90001 -1.14798 46.5932 0.475894 -13 1398 1 0 1
21.1631 6.62621 125.556 8.46631 1.39112 42.6789 0.400027 -13 1399 1 0 1
18.1075 -24.9467 125.556 9.49592 -12.1745 60.0327 1.30596 -13 1400 1 0 1
-17.4293 -10.1561 125.556 -8.48864 -4.88372 57.8213 0.942751 -13 1401 1 0 1
-30.9062 9.64814 125.556 -11.8447 4.96327 46.4891 1.10714 -13 1402 1 0 1
16.1007 5.26784 125.556 8.25992 2.02005 52.0771 2.506 -13 1403 1 0 1
1.35427 -14.1661 125.556 0.758712 -7.6058 62.6254 -0.3619 -13 1404 1 0 1
42.1499 1.89782 125.556 23.0859 1.02783 64.6086 1.80254 -13 1405 1 0 1
12.9109 6.00961 125.556 6.98095 4.19492 62.5066 3.87308 -13 1406 1 0 1
-3.61124 -3.94629 125.556 -1.42451 -2.16949 57.8237 2.37844 -13 1407 1 0 1
-3.24971 4.82778 125.556 -2.59967 3.17955 70.6786 1.03576 -13 1408 1 0 1
-27.3179 10.0069 125.556 -12.3508 4.95212 53.6654 0.138058 -13 1409 1 0 1
5.78273 -14.7333 125.556 3.49774 -7.01824 54.1113 0.851833 -13 1410 1 0 1
-7.72038 3.49601 125.556 -3.32815 1.3942 56.1808 -0.336808 -13 1411 1 0 1
-47.2793 -15.6056 125.556 -19.0023 -4.81534 47.032 1.8829 -13 1412 1 0 1
-9.21287 10.3057 125.556 -5.95396 4.37358 68.607 -0.29089 -13 1413 1 0 1
1.10035 -14.8046 125.556 1.30252 -8.38429 53.8379 2.59501 -13 1414 1 0 1
5.0818 -14.2138 125.556 2.64191 -7.79683 63.0129 2.89224 -13 1415 1 0 1
-12.4825 -9.90487 125.556 -7.66525 -7.08172 67.5782 1.68878 -13 1416 1 0 1
18.1009 2.22322 125.556 10.2941 1.76012 71.996 -1.62356 -13 1417 1 0 1
3.32137 5.69178 125.556 1.67339 1.60658 34.2182 0.548494 -13 1419 1 0 1
-3.71867 -10.4148 125.556 -3.85096 -7.31418 76.5649 1.65904 -13 1420 1 0 1
8.09607 0.128663 125.556 3.56221 1.83335 79.3644 -0.345605 -13 1422 1 0 1
-10.4145 -0.830407 125.556 -4.2196 0.537811 52.5828 0.540483 -13 1423 1 0 1
4.95556 3.89559 125.556 2.90683 2.63059 60.2768 -1.05001 -13 1424 1 0 1
8.3836 -8.52621 125.556 4.24042 -5.86216 68.7468 -0.650522 -13 1425 1 0 1
10.234 -9.34759 125.556 5.12338 -4.26078 54.0011 -1.1011 -13 1426 1 0 1
0.607384 12.6852 125.556 0.776884 5.39067 47.5226 3.50574 -13 1427 1 0 1
7.81686 -30.2038 125.556 3.89888 -18.5081 66.841 3.39421 -13 1428 1 0 1
-18.0191 -2.31689 125.556 -13.0435 -1.89997 75.1569 2.68506 -13 1429 1 0 1
9.32296 -6.16403 125.556 4.93674 -5.29071 72.1088 1.06228 -13 1430 1 0 1
-8.79987 1.39426 125.556 -7.02342 -1.33218 74.4887 0.931808 -13 1431 1 0 1
11.801 -5.06704 125.556 6.5083 -1.99216 63.5689 2.3345 -13 1432 1 0 1
-20.3985 14.875 125.556 -15.1714 10.7653 76.9276 -0.302072 -13 1433 1 0 1
-23.3156 -28.6169 125.556 -5.76283 -7.98593 30.1995 3.23927 -13 1434 1 0 1
13.1844 13.3488 125.556 7.15231 7.3564 62.7106 2.5695 -13 1435 1 0 1
19.5766 -26.3251 125.556 10.2267 -14.2127 60.2275 1.58564 -13 1436 1 0 1
1.53671 9.7166 125.556 0.855181 5.22746 62.348 0.570062 -13 1437 1 0 1
-4.13799 6.31547 125.556 -2.1776 3.41454 61.8871 0.899375 -13 1438 1 0 1
3.00908 -13.1403 125.556 1.59614 -7.64853 61.1683 -1.04351 -13 1440 1 0 1
-5.77201 7.79891 125.556 -4.95539 5.26817 74.0413 1.26491 -13 1441 1 0 1
1.9276 -3.80161 125.556 1.15244 -2.37632 62.8219 0.750115 -13 1442 1 0 1
8.64507 -6.65705 125.556 4.52227 -5.05727 70.5088 3.33308 -13 1443 1 0 1
-2.39963 -28.8438 125.556 -0.788463 -13.9062 53.55 1.71815 -13 1444 1 0 1
12.9927 0.639181 125.556 6.97768 -0.545494 61.6512 0.274622 -13 1445 1 0 1
-18.8181 -9.71155 125.556 -14.712 -5.34413 78.1349 2.50072 -13 1446 1 0 1
4.00943 5.62997 125.556 2.22743 3.16158 58.5435 -0.988802 -13 1447 1 0 1
0.464187 16.2037 125.556 -0.363963 9.47566 69.9555 0.0143343 -13 1448 1 0 1
19.5015 4.74745 125.556 10.7297 2.38419 63.9254 -0.511326 -13 1449 1 0 1
-1.70043 -1.30766 125.556 -2.11321 -0.198817 73.4417 -0.573483 -13 1450 1 0 1
14.367 22.5154 125.556 7.80198 15.5986 73.4522 0.366375 -13 1451 1 0 1
6.74495 -0.567781 125.556 3.38187 0.522663 72.7606 -1.16229 -13 1452 1 0 1
9.30171 -3.40112 125.556 4.62461 -1.93078 53.573 0.127706 -13 1453 1 0 1
46.3983 -27.7414 125.556 12.4838 -7.43651 30.2556 3.12967 -13 1454 1 0 1
30.1115 9.65413 125.556 14.8789 4.8126 57.2591 0.32472 -13 1455 1 0 1
-12.46 -9.20385 125.556 -9.79728 -6.67861 75.9022 0.818932 -13 1456 1 0 1
17.6492 -9.12381 125.556 9.93942 -6.49051 69.3298 0.768121 -13 1457 1 0 1
10.2324 -23.0568 125.556 5.65831 -12.0851 57.2601 2.71359 -13 1458 1 0 1
34.7525 38.0505 125.556 7.53195 7.17636 24.139 2.54724 -13 1459 1 0 1
-19.1966 -0.0234107 125.556 -11.5558 -0.363202 66.7075 -0.955836 -13 1460 1 0 1
-33.3177 5.94225 125.556 -15.3414 1.80936 54.1133 2.14477 -13 1461 1 0 1
-10.8972 -3.55248 125.556 -5.99053 -0.843465 64.4902 0.205611 -13 1462 1 0 1
-13.4061 16.8446 125.556 -8.94366 10.4641 69.7316 2.76807 -13 1463 1 0 1
22.3991 25.9639 125.556 10.2513 11.7586 50.251 1.31543 -13 1464 1 0 1
-7.82767 11.9283 125.556 -5.88266 7.17291 71.9759 -1.07608 -13 1465 1 0 1
-10.6075 11.1847 125.556 -7.06124 6.82275 68.8999 -0.433622 -13 1466 1 0 1
-17.7385 -23.6746 125.556 -12.2408 -16.1083 71.9524 0.261379 -13 1467 1 0 1
15.0336 -14.3867 125.556 8.22672 -10.153 71.7443 -0.00766672 -13 1468 1 0 1
-14.3587 -2.28154 125.556 -7.03863 -1.3405 58.778 -0.568174 -13 1469 1 0 1
-15.0078 12.8048 125.556 -8.15198 6.57376 61.5741 0.708692 -13 1470 1 0 1
4.74664 22.5859 125.556 1.43606 14.5164 73.9337 0.849069 -13 1471 1 0 1
38.8714 -11.88 125.556 16.0473 -4.78604 45.8881 0.855251 -13 1472 1 0 1
-24.0307 -6.32817 125.556 -14.4354 -3.6178 66.7503 1.40351 -13 1473 1 0 1
1.75288 7.90219 125.556 0.859202 5.51238 65.1644 0.524972 -13 1474 1 0 1
5.59414 11.1949 125.556 2.33724 5.31486 74.5992 0.565562 -13 1475 1 0 1
-18.4341 -23.0187 125.556 -12.2649 -14.1815 71.3294 0.243099 -13 1476 1 0 1
-7.48002 -13.8238 125.556 -3.60322 -8.85565 61.939 1.09465 -13 1477 1 0 1
7.76688 -11.9049 125.556 4.01183 -7.25109 70.0547 0.404788 -13 1478 1 0 1
-13.9955 -11.2945 125.556 -8.62864 -7.28644 68.1173 -0.422633 -13 1479 1 0 1
-19.1433 -9.58649 125.556 -12.054 -6.23001 68.756 0.90139 -13 1480 1 0 1
-4.50237 4.54655 125.556 -4.07174 4.27061 73.3428 -0.0212866 -13 1481 1 0 1
13.8223 5.0127 125.556 7.43379 1.26419 67.9413 1.85831 -13 1483 1 0 1
8.90344 -0.544873 125.556 4.64504 -0.412918 73.083 1.32871 -13 1484 1 0 1
16.9738 10.0524 125.556 7.99053 4.79355 50.6115 0.848206 -13 1485 1 0 1
-5.08918 -6.05581 125.556 -2.73759 -4.40852 64.7322 0.966667 -13 1486 1 0 1
6.19666 -6.26615 125.556 2.55858 -5.67661 74.0842 0.858181 -13 1487 1 0 1
-11.1055 1.61253 125.556 -7.01053 1.36223 67.9227 1.7991 -13 1488 1 0 1
-5.2743 27.1589 125.556 -2.49198 15.4725 59.6917 -1.55379 -13 1489 1 0 1
-6.04385 15.1754 125.556 -4.54706 8.87721 72.2462 1.13956 -13 1490 1 0 1
-13.5039 12.2297 125.556 -7.92573 7.11804 65.3061 0.516793 -13 1491 1 0 1
-4.64067 -2.30586 125.556 -2.78076 -0.689831 66.0291 1.66619 -13 1492 1 0 1
-20.4604 -11.3371 125.556 -7.22551 -4.94082 44.7827 0.997052 -13 1493 1 0 1
-0.755334 -0.629039 125.556 -2.53042 -0.284813 79.611 1.8414 -13 1494 1 0 1
-14.2723 -19.8902 125.556 -12.7188 -15.0517 78.1988 0.453348 -13 1495 1 0 1
-2.92455 -10.1448 125.556 -0.876817 -5.2193 57.0911 1.07997 -13 1496 1 0 1
20.0456 7.5455 125.556 11.2598 2.8469 67.083 0.204923 -13 1497 1 0 1
-10.7778 -12.912 125.556 -5.34728 -6.28294 59.4052 4.54646 -13 1498 1 0 1
0.707096 -5.54126 125.556 0.904952 -2.96105 58.3542 3.70754 -13 1499 1 0 1
22.8745 40.2128 125.556 11.0277 18.8865 54.483 2.09408 -13 1500 1 0 1
3.13777 3.52795 125.556 1.68475 1.63828 63.4299 -1.38313 -13 1501 1 0 1
17.6152 -11.9891 125.556 9.0832 -5.60578 55.7164 -0.923064 -13 1502 1 0 1
9.72428 7.70662 125.556 5.03043 4.40382 74.1561 1.6842 -13 1504 1 0 1
-1.17082 4.96601 125.556 -1.40633 2.44193 71.1587 3.05926 -13 1505 1 0 1
-5.05645 -14.6484 125.556 -2.82986 -7.75452 64.7341 -1.14828 -13 1506 1 0 1
10.9824 -0.860934 125.556 5.94188 0.173187 63.3332 -0.281653 -13 1507 1 0 1
0.332929 -5.55382 125.556 0.585066 -3.74611 61.5454 1.3057 -13 1508 1 0 1
17.2668 2.0681 125.556 8.47787 0.583611 51.7596 1.1539 -13 1509 1 0 1
-20.7749 -11.1559 125.556 -16.1137 -5.39807 77.976 0.535909 -13 1510 1 0 1
-11.5541 -27.4803 125.556 -6.041 -13.9924 61.8186 0.203245 -13 1511 1 0 1
-24.0259 -26.8983 125.556 -15.862 -15.7978 70.9531 1.04397 -13 1512 1 0 1
-5.17493 -10.1928 125.556 -5.5123 -5.4444 77.5013 1.00822 -13 1513 1 0 1
-29.5903 6.98679 125.556 -20.4035 4.19092 74.2711 -0.869295 -13 1514 1 0 1
13.2602 -13.7517 125.556 7.09132 -6.4911 60.5311 1.3153 -13 1515 1 0 1
14.3765 9.50009 125.556 8.12421 6.1168 69.1394 0.719062 -13 1516 1 0 1
7.95644 6.26485 125.556 4.36678 2.3575 54.5512 1.32357 -13 1517 1 0 1
2.14475 35.694 125.556 1.62984 14.9939 51.2878 0.7563 -13 1518 1 0 1
3.86327 -14.4646 125.556 2.26975 -9.95448 63.1321 -0.791601 -13 1519 1 0 1
10.7752 22.1179 125.556 5.84099 11.9941 63.2103 0.875045 -13 1520 1 0 1
16.786 -2.69262 125.556 6.4355 -0.155737 41.3779 -0.491423 -13 1521 1 0 1
-7.85057 11.5006 125.556 -3.42523 5.69616 55.9685 2.93721 -13 1522 1 0 1
-8.98811 -19.4947 125.556 -5.69216 -11.5868 66.6656 0.00280098 -13 1523 1 0 1
-15.6851 -17.3486 125.556 -5.86366 -8.63606 48.1374 -0.114393 -13 1524 1 0 1
-5.93036 4.43048 125.556 -4.45149 4.37576 72.8232 1.36672 -13 1525 1 0 1
-19.9999 6.97094 125.556 -9.55323 2.98519 59.2025 0.242873 -13 1526 1 0 1
9.9403 -21.3963 125.556 5.58134 -10.3754 59.3203 1.11948 -13 1527 1 0 1
-25.431 36.6323 125.556 -7.87603 13.1997 38.7822 0.401879 -13 1528 1 0 1
6.77823 -17.3924 125.556 3.70094 -5.99146 41.6289 1.35134 -13 1529 1 0 1
-10.0621 -7.16669 125.556 -5.9378 -3.81722 66.8145 0.965297 -13 1530 1 0 1
15.0147 -13.2012 125.556 8.17017 -6.56668 61.5479 -0.700321 -13 1531 1 0 1
12.6279 9.11137 125.556 6.86137 5.04165 63.4835 0.349508 -13 1532 1 0 1
-1.1754 -7.47487 125.556 -2.1574 -6.51403 75.33 0.790691 -13 1533 1 0 1
-2.7531 9.91419 125.556 -2.20748 4.40714 70.2576 1.04291 -13 1534 1 0 1
-9.9372 -11.1108 125.556 -4.98565 -5.41668 61.3594 -0.656429 -13 1535 1 0 1
-15.2479 17.9303 125.556 -10.8154 11.4266 72.7707 -0.849016 -13 1536 1 0 1
-18.3407 1.13863 125.556 -11.7549 -0.175574 69.7278 1.64289 -13 1537 1 0 1
0.674441 -4.70338 125.556 -0.430169 -3.35072 69.9522 0.224247 -13 1538 1 0 1
-27.6932 2.14714 125.556 -15.255 2.43204 63.5398 1.24685 -13 1539 1 0 1
-4.65807 24.9214 125.556 -4.40735 17.302 73.7686 0.105265 -13 1540 1 0 1
-15.5582 4.43115 125.556 -9.0088 2.36105 65.9498 -0.9346 -13 1541 1 0 1
-2.30971 -24.5953 125.556 -2.36066 -12.9506 71.0325 -0.901601 -13 1542 1 0 1
-19.2161 -24.2439 125.556 -9.78795 -14.4079 59.5997 2.20211 -13 1543 1 0 1
-12.1969 9.54743 125.556 -8.11708 5.70744 69.4709 1.35822 -13 1544 1 0 1
-2.4539 -6.18864 125.556 -1.57609 -3.12391 65.7121 0.41198 -13 1546 1 0 1
6.57992 8.91184 125.556 3.55127 4.6907 58.7125 -0.145109 -13 1547 1 0 1
-8.10705 22.9158 125.556 -4.94717 13.2568 65.3835 2.61886 -13 1548 1 0 1
-11.5903 14.5001 125.556 -5.97661 8.19066 59.6004 2.66259 -13 1549 1 0 1
0.759147 21.9613 125.556 0.368714 12.3493 63.2198 2.35201 -13 1550 1 0 1
-0.376596 4.01406 125.556 -1.90856 3.69509 76.3615 1.85717 -13 1552 1 0 1
26.8001 -0.377739 125.556 10.8699 -0.689522 44.5725 1.43368 -13 1554 1 0 1
-8.20324 1.87261 125.556 -6.87802 0.519718 76.9113 -0.0336477 -13 1555 1 0 1
4.10682 -11.2316 125.556 2.36839 -5.54251 55.0654 1.71343 -13 1556 1 0 1
-2.3074 -15.6043 125.556 -3.02727 -11.3327 74.8868 -0.262956 -13 1557 1 0 1
-1.60795 -12.9999 125.556 -3.05681 -7.56506 78.1125 0.764325 -13 1558 1 0 1
34.3843 12.4968 125.556 12.9256 4.83849 39.446 -0.444091 -13 1559 1 0 1
-5.51887 1.29785 125.556 -5.33984 2.20635 77.4843 1.77066 -13 1560 1 0 1
10.7389 7.74049 125.556 5.74257 6.33682 71.2925 -1.09998 -13 1561 1 0 1
-29.2372 -10.6106 125.556 -11.363 -4.0137 46.4993 2.0425 -13 1562 1 0 1
17.7266 2.56996 125.556 8.24924 0.988334 48.8758 2.64096 -13 1563 1 0 1
-8.4049 23.3751 125.556 -5.41265 14.765 67.5311 2.96451 -13 1564 1 0 1
-12.7188 2.31141 125.556 -3.89866 0.960178 42.23 1.09915 -13 1566 1 0 1
2.22406 -20.0523 125.556 1.22689 -11.2523 63.9665 -0.00881087 -13 1567 1 0 1
14.9322 17.2001 125.556 5.87591 5.78476 40.3553 0.554136 -13 1568 1 0 1
-16.7442 11.5137 125.556 -11.8171 7.37303 73.4219 0.565406 -13 1569 1 0 1
14.6176 7.16162 125.556 7.75308 3.7932 56.2095 -0.743471 -13 1570 1 0 1
-37.838 -14.5303 125.556 -18.8405 -7.83708 57.6551 0.138386 -13 1571 1 0 1
4.016 8.33894 125.556 2.08693 6.7322 66.4937 1.5936 -13 1572 1 0 1
-4.34287 -6.55559 125.556 -3.3268 -4.41167 69.9502 2.54015 -13 1573 1 0 1
24.2921 14.2141 125.556 11.5394 6.17794 51.8668 -0.587015 -13 1574 1 0 1
1.74718 8.91806 125.556 -0.213813 4.12492 73.6467 0.815806 -13 1575 1 0 1
0.819263 -1.0147 125.556 0.142984 0.255326 64.2243 0.372015 -13 1576 1 0 1
-2.90677 5.46486 125.556 -1.76972 3.66972 64.388 0.44067 -13 1577 1 0 1
-26.6564 8.28038 125.556 -15.433 4.91969 65.1272 1.56827 -13 1578 1 0 1
14.2607 17.4697 125.556 7.63165 8.97822 60.4378 0.433573 -13 1579 1 0 1
2.1343 -7.06031 125.556 0.6865 -5.10691 69.6292 0.599883 -13 1580 1 0 1
8.87113 2.73863 125.556 4.31569 0.656475 45.8055 0.195612 -13 1581 1 0 1
23.3807 4.61268 125.556 9.17701 2.00545 40.8434 1.72748 -13 1582 1 0 1
0.524206 -19.665 125.556 1.12993 -6.37129 42.7564 1.90239 -13 1583 1 0 1
-1.223 -11.6601 125.556 -1.20668 -7.72756 67.3171 2.00071 -13 1584 1 0 1
-6.40237 -4.27957 125.556 -3.36042 -2.1242 62.4254 0.858027 -13 1585 1 0 1
13.9642 -3.30628 125.556 7.6577 -0.250196 70.0686 2.27915 -13 1586 1 0 1
-20.6334 1.34744 125.556 -12.023 1.17384 65.9631 1.42182 -13 1587 1 0 1
-8.93175 -11.5646 125.556 -7.68584 -7.52306 78.2647 2.53385 -13 1588 1 0 1
14.3445 4.92089 125.556 7.9187 3.07651 72.3974 0.00699308 -13 1589 1 0 1
-18.9711 -19.6979 125.556 -9.45746 -10.4964 59.5276 -0.591111 -13 1590 1 0 1
-9.67958 -5.1469 125.556 -7.76215 -2.30578 75.1554 -1.4144 -13 1591 1 0 1
-10.7442 17.2144 125.556 -8.17036 11.5748 73.6054 1.66968 -13 1592 1 0 1
19.6999 27.0001 125.556 10.8661 15.627 70.0158 1.86417 -13 1593 1 0 1
-2.00542 5.11677 125.556 -0.4534 1.96161 55.7224 2.68313 -13 1594 1 0 1
-23.6454 -20.7649 125.556 -9.13961 -8.24375 47.2615 -0.192603 -13 1596 1 0 1
3.87368 4.89858 125.556 0.657024 2.91762 78.6254 3.62499 -13 1597 1 0 1
14.3142 19.2331 125.556 7.74976 13.1113 70.4905 0.792883 -13 1598 1 0 1
26.6053 14.2935 125.556 9.94388 5.54598 39.1599 0.321383 -13 1599 1 0 1
-7.08215 5.95363 125.556 -6.09593 3.71607 75.308 1.34502 -13 1600 1 0 1
-1.36896 18.151 125.556 -0.728982 10.2552 61.7073 1.42407 -13 1601 1 0 1
-11.8037 -5.85125 125.556 -8.45845 -2.83823 72.2091 -0.174532 -13 1602 1 0 1
13.6111 -21.741 125.556 6.98128 -9.59703 55.9445 -0.00545478 -13 1603 1 0 1
-20.2141 8.96486 125.556 -13.3463 5.48738 71.3475 0.8672 -13 1604 1 0 1
3.67087 -20.4043 125.556 0.65543 -13.7325 77.0753 2.18753 -13 1605 1 0 1
-17.5131 9.73414 125.556 -13.3732 6.28186 76.8112 0.699306 -13 1606 1 0 1
19.232 4.53586 125.556 10.7556 1.87064 64.589 1.2723 -13 1607 1 0 1
-4.53586 -3.36493 125.556 -2.74695 -2.77574 66.1904 2.08736 -13 1608 1 0 1
16.2271 -0.739643 125.556 8.20411 -0.0890574 54.1789 1.33027 -13 1609 1 0 1
7.55204 -26.1833 125.556 2.27355 -6.34102 27.3775 3.33104 -13 1611 1 0 1
0.635397 -0.150439 125.556 0.270818 0.691398 64.2917 2.12281 -13 1612 1 0 1
4.54087 -15.5692 125.556 2.09438 -8.11889 69.8068 1.26175 -13 1613 1 0 1
26.0731 -2.64082 125.556 12.9761 -2.159 55.3207 0.15305 -13 1614 1 0 1
2.56847 -6.92498 125.556 1.65735 -2.92216 49.498 1.58998 -13 1615 1 0 1
-9.36022 27.2097 125.556 -8.21397 17.0931 76.8933 0.588404 -13 1616 1 0 1
-17.7141 -35.6478 125.556 -4.7921 -10.7465 35.4011 0.143683 -13 1617 1 0 1
-20.2146 -14.4828 125.556 -10.7651 -8.38623 62.028 -0.0180886 -13 1618 1 0 1
11.1976 -9.19933 125.556 6.13408 -5.84903 64.1395 -2.61125 -13 1619 1 0 1
6.81776 -1.99633 125.556 3.4899 -1.05932 55.7217 2.72211 -13 1620 1 0 1
-9.22423 8.65458 125.556 -3.1995 4.30648 52.7691 0.937459 -13 1621 1 0 1
-9.84505 12.7007 125.556 -9.10124 9.95551 79.5687 1.63229 -13 1622 1 0 1
13.7945 -19.0676 125.556 7.44263 -11.6291 68.9093 1.65813 -13 1623 1 0 1
1.40364 -4.79293 125.556 1.36181 -2.1044 47.5503 -0.895311 -13 1624 1 0 1
5.56273 4.4812 125.556 3.08346 2.85041 59.3359 1.02378 -13 1625 1 0 1
-42.2947 -58.7506 125.556 -13.7651 -19.9848 38.3353 2.79594 -13 1626 1 0 1
10.2079 -20.1844 125.556 4.89145 -9.40356 49.5364 0.265554 -13 1627 1 0 1
-11.6951 -9.02019 125.556 -9.18915 -7.21957 75.5789 -1.39331 -13 1628 1 0 1
8.02396 17.5973 125.556 4.19773 9.4204 67.8736 -0.597977 -13 1630 1 0 1
-21.4366 -4.25776 125.556 -11.7908 -2.2293 63.3256 0.913775 -13 1631 1 0 1
0.126609 -5.52563 125.556 0.645402 -3.65349 52.9711 0.0296242 -13 1632 1 0 1
-14.2782 19.4727 125.556 -7.93754 10.6242 63.0399 0.477489 -13 1633 1 0 1
-2.57139 -16.1683 125.556 -1.10579 -8.28929 58.4455 1.19279 -13 1634 1 0 1
11.7674 0.511661 125.556 6.35324 -0.0660418 59.4265 1.3711 -13 1635 1 0 1
-8.34744 -7.58616 125.556 -7.05023 -4.55338 76.1845 -0.18133 -13 1636 1 0 1
-0.414786 14.2484 125.556 -0.50872 8.51867 65.2974 0.345108 -13 1637 1 0 1
11.8602 13.7847 125.556 6.70805 7.4613 57.9603 2.50858 -13 1638 1 0 1
4.52528 -0.375088 125.556 2.60401 -0.363984 49.1321 3.30208 -13 1639 1 0 1
25.2002 4.30887 125.556 11.9947 2.57094 51.6876 1.84913 -13 1640 1 0 1
-1.54781 7.08577 125.556 -2.30925 4.49007 74.0045 2.11744 -13 1641 1 0 1
-0.0218969 10.1801 125.556 0.41575 4.79707 58.523 0.889521 -13 1642 1 0 1
19.3847 27.1333 125.556 8.90332 12.2787 50.1968 -0.598022 -13 1643 1 0 1
-18.4643 10.8287 125.556 -13.1326 6.03315 73.8887 -1.62744 -13 1644 1 0 1
-27.2542 -14.6529 125.556 -17.4764 -9.45602 69.9244 -0.284268 -13 1645 1 0 1
2.47752 2.5956 125.556 1.30328 0.684357 63.958 -1.71687 -13 1646 1 0 1
-19.724 -8.37573 125.556 -3.73783 -1.87288 24.8418 1.41446 -13 1647 1 0 1
29.9577 -45.3253 125.556 11.3672 -15.3396 42.9423 1.05648 -13 1648 1 0 1
-10.4621 10.6591 125.556 -5.87467 5.64643 65.418 2.34707 -13 1649 1 0 1
-15.6848 0.610756 125.556 -8.20853 -0.00738214 60.6975 -0.0213907 -13 1650 1 0 1
1.12101 14.6945 125.556 0.689461 7.74574 60.266 -0.875294 -13 1651 1 0 1
-4.82268 13.8186 125.556 -1.8973 6.88072 58.3637 -0.756556 -13 1652 1 0 1
1.87671 5.16 125.556 1.28068 2.31087 52.3624 1.42873 -13 1653 1 0 1
-5.69137 -20.3271 125.556 -1.61274 -7.63905 45.5121 0.0527442 -13 1654 1 0 1
-7.52692 1.20037 125.556 -4.74461 -0.576628 66.8193 1.98457 -13 1655 1 0 1
-2.7541 16.4207 125.556 -3.03165 11.6327 73.2197 0.891263 -13 1656 1 0 1
-36.2272 1.89319 125.556 -19.0056 0.668048 60.1924 2.07396 -13 1657 1 0 1
32.894 -2.29112 125.556 13.5258 -1.39488 44.7193 -0.478542 -13 1658 1 0 1
11.5452 -13.2004 125.556 6.49529 -5.63564 60.2922 1.81989 -13 1659 1 0 1
-0.809718 11.4304 125.556 -0.608013 6.01536 62.6339 3.48166 -13 1660 1 0 1
21.1162 -25.7719 125.556 11.4867 -14.774 62.3788 3.0044 -13 1661 1 0 1
3.20187 -9.91451 125.556 1.16528 -7.26683 70.8993 1.00722 -13 1662 1 0 1
-0.263917 5.29128 125.556 0.404062 1.40631 44.9309 0.99004 -13 1663 1 0 1
5.15794 -1.0641 125.556 2.76238 -0.895614 64.2966 0.480302 -13 1664 1 0 1
4.26056 -3.13829 125.556 1.16703 -3.29463 77.6365 -0.274376 -13 1665 1 0 1
7.54193 -16.7966 125.556 3.63974 -9.26689 68.6215 0.684569 -13 1666 1 0 1
26.2986 0.482184 125.556 13.684 -0.228212 57.1524 1.91066 -13 1667 1 0 1
33.3906 -4.28637 125.556 16.352 -3.85622 55.9966 -0.373347 -13 1668 1 0 1
32.0109 19.9804 125.556 10.0819 5.43561 34.1443 0.270013 -13 1669 1 0 1
1.60336 -18.0107 125.556 1.18361 -10.1252 57.9193 0.673102 -13 1670 1 0 1
-12.7132 9.74742 125.556 -11.4335 6.36989 79.1282 0.629766 -13 1671 1 0 1
18.4239 -33.8703 125.556 9.2092 -15.8101 55.6138 -0.404721 -13 1672 1 0 1
5.38943 -10.4411 125.556 3.24826 -5.33387 58.2863 1.46072 -13 1673 1 0 1
1.6663 -26.0019 125.556 1.26267 -11.6812 50.3372 0.947228 -13 1674 1 0 1
-14.2884 -15.3173 125.556 -6.93518 -7.67421 60.4076 -1.10958 -13 1675 1 0 1
-29.6377 -20.5424 125.556 -4.67212 -3.52091 19.541 2.68214 -13 1676 1 0 1
11.6467 -6.0562 125.556 4.99848 -2.59917 43.44 3.13192 -13 1677 1 0 1
10.9821 4.13112 125.556 5.7969 2.75057 57.4648 0.330545 -13 1678 1 0 1
11.1541 27.8193 125.556 5.89162 13.9344 57.1904 3.05985 -13 1679 1 0 1
-8.38225 -7.85512 125.556 -3.43818 -3.28068 53.0168 2.3301 -13 1680 1 0 1
2.33012 -0.786791 125.556 1.56778 -0.607047 58.2853 0.175694 -13 1681 1 0 1
16.4953 12.884 125.556 7.77447 6.38369 49.1486 0.292224 -13 1682 1 0 1
17.9542 -11.7811 125.556 9.95508 -6.64365 66.1813 -0.0699026 -13 1683 1 0 1
20.6017 4.60586 125.556 10.8195 2.62002 60.2974 2.74071 -13 1684 1 0 1
0.27497 -11.6328 125.556 -1.28746 -7.67851 74.0662 0.34238 -13 1685 1 0 1
-1.95967 14.921 125.556 -0.395963 7.22088 56.4141 3.08935 -13 1686 1 0 1
-8.95484 -22.9562 125.556 -3.81825 -12.2946 56.8206 0.575592 -13 1687 1 0 1
20.4615 14.3468 125.556 10.5325 7.44675 58.1247 -0.334807 -13 1688 1 0 1
5.8356 1.5336 125.556 2.79349 -0.0694177 72.4636 -0.440713 -13 1690 1 0 1
-1.35914 -9.83303 125.556 -1.75561 -6.62007 70.63 0.105456 -13 1691 1 0 1
-1.33685 -3.47897 125.556 -0.223186 -1.60716 59.0095 0.531884 -13 1692 1 0 1
15.4295 -11.5771 125.556 5.15815 -3.19903 32.7017 -1.10422 -13 1693 1 0 1
10.2721 1.29285 125.556 5.66091 0.175203 57.8477 0.82193 -13 1694 1 0 1
2.90003 1.37098 125.556 1.15613 0.491433 71.7556 0.641502 -13 1695 1 0 1
-22.0887 -6.72232 125.556 -17.3152 -4.7287 77.332 1.56061 -13 1696 1 0 1
27.8831 12.2569 125.556 12.139 5.0005 47.1722 -0.391221 -13 1697 1 0 1
-8.6246 6.05831 125.556 -3.71136 2.15972 55.477 1.05651 -13 1698 1 0 1
7.03881 2.78683 125.556 3.89964 1.93706 66.223 -1.37705 -13 1699 1 0 1
-4.05945 6.32824 125.556 -3.12221 2.2069 71.5434 0.735151 -13 1700 1 0 1
-1.41955 -1.84589 125.556 -2.03652 -1.80744 73.1567 -1.17574 -13 1701 1 0 1
4.0224 1.77644 125.556 1.67543 1.62132 70.7573 1.39026 -13 1702 1 0 1
10.5912 -3.18511 125.556 5.88194 -2.21626 68.6828 0.837588 -13 1703 1 0 1
-10.8555 -19.6865 125.556 -4.59755 -8.81071 54.0724 -0.201961 -13 1704 1 0 1
-14.0248 -1.56816 125.556 -9.92723 0.0559272 72.9566 -0.352544 -13 1705 1 0 1
-10.5974 -24.1913 125.556 -8.72942 -17.3197 76.3513 0.522167 -13 1706 1 0 1
4.4733 -17.4132 125.556 2.54799 -8.03011 54.4631 -0.427125 -13 1707 1 0 1
-11.963 13.389 125.556 -7.88977 8.62995 69.513 0.107605 -13 1708 1 0 1
-6.1133 10.1092 125.556 -2.9849 5.75647 60.346 -0.532492 -13 1709 1 0 1
9.69586 37.1308 125.556 4.03 13.8219 38.3297 0.456557 -13 1710 1 0 1
13.8333 16.9406 125.556 7.55375 9.53617 62.1054 0.518301 -13 1711 1 0 1
17.0719 -22.1343 125.556 7.6515 -8.65177 44.99 1.65855 -13 1712 1 0 1
-7.32141 -14.4686 125.556 -2.90641 -6.69075 56.8027 1.51613 -13 1713 1 0 1
-4.45476 10.3702 125.556 -3.75612 6.82095 73.8043 0.183627 -13 1714 1 0 1
10.3442 -12.5154 125.556 5.71952 -8.57509 62.7409 0.361644 -13 1715 1 0 1
-6.92725 12.8961 125.556 -3.04943 6.43334 57.084 3.42361 -13 1716 1 0 1
13.5206 -9.20924 125.556 6.14183 -3.6522 48.1602 2.26053 -13 1717 1 0 1
22.4942 -9.54475 125.556 12.6453 -6.65889 70.749 -0.112758 -13 1718 1 0 1
-2.67733 -7.74743 125.556 -2.61462 -5.04933 71.0348 0.0895931 -13 1719 1 0 1
-8.23981 5.13146 125.556 -5.299 3.6473 69.16 0.104236 -13 1720 1 0 1
20.922 11.2115 125.556 11.7574 7.17567 70.0548 0.939512 -13 1721 1 0 1
17.0956 2.97303 125.556 9.58102 1.33274 68.6073 0.878572 -13 1722 1 0 1
15.6013 3.59809 125.556 8.81553 2.10109 76.8053 -1.12325 -13 1723 1 0 1
-4.0478 -21.9278 125.556 -1.06232 -9.73624 51.8892 1.48033 -13 1724 1 0 1
29.2751 -8.92556 125.556 15.4176 -3.94431 59.7507 1.17919 -13 1725 1 0 1
-0.265901 -20.8376 125.556 0.522833 -9.55764 51.8538 1.67839 -13 1726 1 0 1
15.9306 1.87884 125.556 8.8921 1.10345 69.888 2.2728 -13 1727 1 0 1
-8.43851 12.0851 125.556 -4.24796 6.93404 61.4787 2.14021 -13 1728 1 0 1
-20.2583 16.3142 125.556 -10.2416 9.62228 59.1574 2.84677 -13 1729 1 0 1
11.7427 -5.46917 125.556 5.93077 -2.75702 50.4854 0.187815 -13 1731 1 0 1
-4.99681 10.9107 125.556 -3.44818 7.01714 68.8193 1.34901 -13 1732 1 0 1
8.76326 -1.90332 125.556 4.70625 -1.22553 61.4025 -0.633507 -13 1733 1 0 1
1.64426 -8.4006 125.556 0.00275639 -4.74763 74.6248 -1.75147 -13 1734 1 0 1
5.79408 1.11147 125.556 3.4001 -0.98799 61.4629 -0.729025 -13 1735 1 0 1
-8.24441 8.89015 125.556 -5.44005 4.75537 68.024 0.0105082 -13 1736 1 0 1
-0.205033 1.01663 125.556 0.684253 -0.453469 48.7473 0.449779 -13 1737 1 0 1
16.9673 16.8116 125.556 8.93043 8.69427 58.466 -0.684667 -13 1738 1 0 1
0.430229 6.2896 125.556 0.873343 2.16073 43.0502 2.07788 -13 1739 1 0 1
17.2378 -11.0494 125.556 9.41213 -7.53491 69.6587 -0.0797808 -13 1740 1 0 1
-2.58498 -10.881 125.556 -1.71443 -8.2017 65.0997 1.49508 -13 1741 1 0 1
-14.3725 -11.7517 125.556 -6.20028 -4.94238 53.9911 1.90445 -13 1742 1 0 1
15.369 24.2535 125.556 8.20504 14.1347 65.0723 1.69244 -13 1743 1 0 1
32.8954 -4.53013 125.556 16.285 -3.24666 57.2514 0.00522919 -13 1744 1 0 1
-2.16494 8.63819 125.556 -1.9553 5.00378 69.2864 2.96494 -13 1745 1 0 1
0.0479507 -12.3726 125.556 -0.659267 -8.77313 70.6942 0.0175883 -13 1746 1 0 1
4.74568 7.55094 125.556 3.10271 3.89994 50.818 -0.77332 -13 1747 1 0 1
0.204716 -1.92385 125.556 -0.928848 -1.98833 73.8593 1.26802 -13 1749 1 0 1
8.12631 7.38618 125.556 4.92941 3.6023 66.478 0.726745 -13 1750 1 0 1
12.8259 32.4506 125.556 6.83451 19.6657 67.0348 2.44483 -13 1751 1 0 1
-1.7669 2.41561 125.556 -0.0437549 0.310201 45.5971 1.6496 -13 1753 1 0 1
10.25 -4.79641 125.556 5.52857 -2.76774 72.0892 0.898147 -13 1754 1 0 1
-1.09328 -8.90954 125.556 -0.575911 -3.6296 64.1963 2.94363 -13 1755 1 0 1
29.4465 7.51848 125.556 15.8157 4.93302 60.8488 -0.756589 -13 1756 1 0 1
3.82879 -4.5083 125.556 1.68139 -3.62231 69.2764 0.883758 -13 1757 1 0 1
-3.46095 -4.72429 125.556 -1.32686 -2.34175 58.8886 -0.684277 -13 1758 1 0 1
14.9375 -8.40342 125.556 6.71099 -3.29146 47.6713 -1.31258 -13 1759 1 0 1
-31.7248 5.71209 125.556 -19.3543 1.70048 67.3333 0.525521 -13 1760 1 0 1
35.2799 -2.45996 125.556 15.6625 -0.749017 49.8777 -0.846317 -13 1761 1 0 1
3.42863 -18.9332 125.556 0.137756 -13.9404 78.5381 1.47673 -13 1762 1 0 1
-15.8105 31.1202 125.556 -7.61477 16.6711 57.9234 2.27851 -13 1763 1 0 1
-15.7982 3.62394 125.556 -6.49812 2.38907 52.8516 0.37735 -13 1764 1 0 1
-18.4544 -27.2621 125.556 -8.00396 -13.0737 53.2702 1.13101 -13 1765 1 0 1
-29.7283 15.8499 125.556 -20.029 10.3822 72.5884 3.79959 -13 1766 1 0 1
-10.8059 17.0512 125.556 -6.46602 10.2318 65.8236 -0.287291 -13 1767 1 0 1
18.4105 -11.5588 125.556 10.1432 -8.03662 73.2334 0.17894 -13 1768 1 0 1
-21.6693 -4.83012 125.556 -12.3912 -2.20417 64.9093 1.88865 -13 1770 1 0 1
4.95765 15.7909 125.556 2.95449 9.43135 62.2716 1.18176 -13 1771 1 0 1
-15.3631 -1.43633 125.556 -10.9188 -1.59557 73.3092 1.09061 -13 1772 1 0 1
-17.8143 -18.587 125.556 -2.57798 -2.77485 18.6582 -0.592712 -13 1773 1 0 1
-10.6408 -8.44317 125.556 -8.37289 -6.28848 75.1681 1.38425 -13 1774 1 0 1
-2.48023 8.85637 125.556 -0.442801 4.85055 49.6613 1.35591 -13 1775 1 0 1
12.9009 -14.5304 125.556 6.92946 -9.58444 73.8549 1.039 -13 1776 1 0 1
5.92084 19.2036 125.556 3.26713 10.2509 57.2461 -0.103732 -13 1777 1 0 1
3.83282 -7.28732 125.556 2.08973 -2.13994 45.4915 3.20508 -13 1779 1 0 1
8.4895 4.09479 125.556 4.03591 1.58128 75.2652 0.38795 -13 1780 1 0 1
10.8579 -29.4767 125.556 4.88965 -11.5822 46.2696 2.06059 -13 1781 1 0 1
3.64353 -7.79346 125.556 1.90086 -3.69716 38.4599 2.9197 -13 1782 1 0 1
4.25113 15.8069 125.556 2.29632 6.15122 59.0703 1.70426 -13 1783 1 0 1
-17.2449 20.0076 125.556 -7.20141 9.55912 51.7553 0.194959 -13 1784 1 0 1
13.6546 8.29771 125.556 7.02361 3.91056 52.8915 1.77225 -13 1785 1 0 1
21.2302 -21.8284 125.556 10.71 -11.5901 57.9014 1.03699 -13 1786 1 0 1
0.0663492 6.70316 125.556 0.0346141 3.26763 59.9723 2.36576 -13 1787 1 0 1
5.12296 -2.56031 125.556 2.91729 -1.73834 58.5118 0.802804 -13 1788 1 0 1
15.3023 -12.5949 125.556 7.89986 -4.93207 55.7107 0.882515 -13 1789 1 0 1
11.2638 -5.93954 125.556 5.84737 -5.77241 77.5104 -0.452036 -13 1790 1 0 1
-9.19937 -12.6075 125.556 -9.02637 -9.45646 76.4074 -0.42701 -13 1791 1 0 1
-7.31219 3.56746 125.556 -3.5104 2.42873 59.9706 1.388 -13 1792 1 0 1
-12.4277 13.977 125.556 -8.38553 7.90841 70.4719 1.25195 -13 1793 1 0 1
-10.128 -9.03373 125.556 -7.42486 -5.70788 72.801 0.599297 -13 1794 1 0 1
-12.0046 0.284548 125.556 -7.61869 2.51169 69.68 -0.17435 -13 1795 1 0 1
-6.01431 2.8432 125.556 -3.29323 1.45688 64.7135 0.560051 -13 1796 1 0 1
-6.17065 7.73136 125.556 -6.08015 7.22351 78.3905 1.15058 -13 1797 1 0 1
-0.390705 6.34645 125.556 -1.69773 3.83214 75.5815 0.733415 -13 1798 1 0 1
6.75134 5.36748 125.556 3.60497 3.6336 68.0682 1.66899 -13 1799 1 0 1
-2.73728 -14.6411 125.556 -1.10672 -9.16789 59.3085 1.36645 -13 1800 1 0 1
-16.8807 4.02206 125.556 -14.4981 1.3036 78.7296 -0.461199 -13 1801 1 0 1
3.01337 8.368 125.556 1.32545 5.66496 68.7918 1.57677 -13 1802 1 0 1
27.9956 -14.2804 125.556 14.5843 -7.41708 59.7065 1.615 -13 1803 1 0 1
-4.6699 4.66562 125.556 -0.227159 1.28451 29.0048 1.95995 -13 1804 1 0 1
4.50026 22.6259 125.556 2.11071 11.8747 65.3841 0.649675 -13 1805 1 0 1
-7.26245 5.13709 125.556 -4.59892 3.17507 68.0547 1.99964 -13 1806 1 0 1
8.56195 -4.38225 125.556 4.4442 -0.396129 70.6503 1.52048 -13 1807 1 0 1
-3.5798 -14.9616 125.556 -2.08599 -8.63858 63.203 2.74621 -13 1808 1 0 1
-3.34611 -12.502 125.556 -2.13285 -5.99012 65.9171 1.22185 -13 1809 1 0 1
16.1079 -1.8499 125.556 7.82974 -1.33693 53.7355 0.607671 -13 1810 1 0 1
-9.27516 11.7778 125.556 -5.3216 6.71348 64.5532 -0.255756 -13 1811 1 0 1
2.13044 -16.3717 125.556 1.42225 -6.74244 56.9518 1.75857 -13 1812 1 0 1
8.51694 6.57224 125.556 4.54985 2.83052 62.2115 2.01457 -13 1813 1 0 1
3.98262 22.6215 125.556 2.0489 13.9795 65.7082 0.0405528 -13 1814 1 0 1
-5.83732 9.07043 125.556 -3.29515 4.04078 66.0371 -0.232601 -13 1815 1 0 1
18.7944 9.20091 125.556 10.2638 5.96972 66.8055 0.320338 -13 1816 1 0 1
-5.30491 -29.2655 125.556 -3.20643 -16.4291 64.5084 1.84912 -13 1817 1 0 1
-3.66844 4.297 125.556 -1.52619 2.06661 60.0228 2.65853 -13 1818 1 0 1
11.2691 6.88919 125.556 4.77317 2.92718 38.4716 1.16729 -13 1819 1 0 1
-14.7882 -30.711 125.556 -6.33418 -14.2086 51.9824 1.62125 -13 1820 1 0 1
7.97813 -43.7575 125.556 4.25464 -21.9683 61.2233 0.435756 -13 1821 1 0 1
7.54234 20.3361 125.556 3.78264 11.8081 67.752 0.878749 -13 1823 1 0 1
-9.69506 5.72902 125.556 -7.26764 3.06676 73.1806 0.584972 -13 1824 1 0 1
-3.47803 -3.63606 125.556 -5.36141 -2.63427 79.6561 0.340478 -13 1825 1 0 1
-3.71341 12.616 125.556 -2.7154 7.76076 70.1838 -0.458274 -13 1826 1 0 1
36.1476 -12.3461 125.556 15.959 -5.27548 50.2625 0.434138 -13 1827 1 0 1
-14.9636 -14.0715 125.556 -7.28929 -7.42017 58.7564 1.00238 -13 1828 1 0 1
-12.2205 -22.4453 125.556 -5.85981 -10.638 57.136 1.20201 -13 1829 1 0 1
-2.81179 -7.467 125.556 -2.51098 -4.54301 69.169 0.408846 -13 1830 1 0 1
15.8891 31.1778 125.556 8.50175 17.2084 65.0709 0.782791 -13 1831 1 0 1
-9.93857 2.98372 125.556 -5.51445 1.30789 64.9923 1.89303 -13 1832 1 0 1
8.47674 25.1427 125.556 4.35777 15.718 65.4802 -0.781945 -13 1833 1 0 1
-4.18714 8.25593 125.556 -2.52485 4.90647 65.896 3.44498 -13 1834 1 0 1
3.52443 2.82971 125.556 2.08554 1.78004 53.9796 2.10066 -13 1835 1 0 1
1.73914 17.5071 125.556 0.515127 10.7724 67.2843 2.43347 -13 1836 1 0 1
-24.5398 -1.18733 125.556 -15.2911 -1.6998 68.9926 0.557044 -13 1837 1 0 1
21.1841 -1.57602 125.556 10.6051 -0.308376 56.642 -1.1192 -13 1838 1 0 1
-20.3717 8.47153 125.556 -14.4158 3.56888 73.7445 1.6403 -13 1839 1 0 1
-28.1336 9.98735 125.556 -6.67219 3.38687 29.6058 -0.153868 -13 1840 1 0 1
-4.36891 12.7298 125.556 -3.03928 9.41087 65.7582 -1.871 -13 1841 1 0 1
-6.66296 12.2222 125.556 -3.97479 9.08324 66.5548 1.3468 -13 1842 1 0 1
3.80544 -3.76474 125.556 1.14811 -3.21275 74.4113 0.731654 -13 1843 1 0 1
-6.32675 -4.79556 125.556 -3.12806 -3.79483 60.3678 1.90727 -13 1844 1 0 1
11.0284 -0.201024 125.556 5.51754 -0.592909 48.4661 1.30132 -13 1845 1 0 1
-22.8327 5.49841 125.556 -13.7457 3.70768 67.0118 2.5978 -13 1846 1 0 1
-11.5844 3.7847 125.556 -9.23867 1.89061 76.4799 -0.690544 -13 1847 1 0 1
20.912 14.9253 125.556 10.2411 7.9534 54.236 1.83766 -13 1848 1 0 1
-13.4377 13.8725 125.556 -8.77878 8.74489 69.564 1.85657 -13 1849 1 0 1
4.45794 -6.20382 125.556 2.6995 -3.71712 62.1249 1.56347 -13 1850 1 0 1
3.3436 14.8182 125.556 2.17468 6.77748 53.3214 3.1281 -13 1851 1 0 1
10.374 5.08628 125.556 5.30138 3.67699 76.8256 1.11473 -13 1852 1 0 1
0.161434 16.033 125.556 -0.0499328 9.11484 65.6128 1.2586 -13 1853 1 0 1
5.46771 -35.4474 125.556 2.62636 -11.6208 37.2748 -0.399577 -13 1854 1 0 1
-47.8343 -18.4164 125.556 -20.6502 -9.3219 50.1631 0.622 -13 1855 1 0 1
0.171664 3.70757 125.556 0.387084 1.74883 60.0535 2.8207 -13 1856 1 0 1
9.52229 2.832 125.556 5.0835 0.383731 53.1531 1.05358 -13 1857 1 0 1
19.1485 9.37275 125.556 9.43162 3.84983 49.6751 2.33848 -13 1858 1 0 1
18.3722 3.35792 125.556 10.4399 2.72748 73.017 1.77284 -13 1859 1 0 1
-10.4616 -25.5782 125.556 -3.429 -11.0182 46.1604 0.956181 -13 1860 1 0 1
-9.30935 -4.47082 125.556 -1.55606 -1.5389 27.9505 1.80821 -13 1861 1 0 1
4.8804 -5.63013 125.556 3.11843 -3.80179 51.3428 -1.3126 -13 1862 1 0 1
2.35587 -56.5008 125.556 1.43895 -23.8332 46.6555 0.213215 -13 1863 1 0 1
-23.6996 -14.5357 125.556 -14.179 -8.33237 66.8967 1.48018 -13 1864 1 0 1
-5.81076 6.77425 125.556 -5.48533 5.43655 77.3959 1.4586 -13 1865 1 0 1
6.87673 -6.57416 125.556 3.73811 -4.39805 61.5893 0.609821 -13 1866 1 0 1
-25.4268 -9.98592 125.556 -13.583 -5.80748 61.2073 1.3743 -13 1867 1 0 1
-27.4869 10.2071 125.556 -20.3709 5.72061 75.5426 1.22656 -13 1868 1 0 1
-21.9587 15.0301 125.556 -6.87499 5.62471 37.9035 1.52517 -13 1869 1 0 1
0.99382 8.72248 125.556 0.501622 5.61097 65.1909 1.70701 -13 1870 1 0 1
-21.1835 -2.53982 125.556 -11.0204 -0.362959 61.3123 1.73925 -13 1871 1 0 1
19.8779 4.55568 125.556 10.371 2.51801 59.6584 0.794322 -13 1872 1 0 1
-26.4454 -2.92005 125.556 -17.9068 -1.59137 72.5144 1.29335 -13 1873 1 0 1
26.5408 -5.36039 125.556 15.7552 -4.27335 76.5293 -1.56121 -13 1874 1 0 1
7.83844 6.00328 125.556 4.38934 1.78706 60.5826 3.18433 -13 1875 1 0 1
-8.62164 -11.0379 125.556 -5.05707 -5.04211 65.5287 0.973591 -13 1876 1 0 1
-8.43916 -5.8471 125.556 -6.04741 -4.23897 70.5939 2.2177 -13 1877 1 0 1
15.1138 -16.4486 125.556 8.32789 -10.732 66.8413 0.423371 -13 1878 1 0 1
19.7183 -12.8396 125.556 10.6747 -6.71631 64.7038 -0.341768 -13 1879 1 0 1
-4.35572 -4.36892 125.556 -2.69483 -2.25222 65.3396 2.26997 -13 1880 1 0 1
-12.0249 -4.85815 125.556 -3.8829 -2.18603 45.5592 1.24664 -13 1881 1 0 1
-6.65547 0.36391 125.556 -3.23357 0.490722 60.2533 0.507297 -13 1882 1 0 1
-12.3822 11.8715 125.556 -8.00514 8.36757 69.4713 0.865423 -13 1883 1 0 1
-19.7246 -5.49673 125.556 -12.5552 -2.98549 69.9016 0.532737 -13 1884 1 0 1
15.9806 -11.2008 125.556 7.1625 -5.48108 46.3889 0.832132 -13 1885 1 0 1
6.40924 -8.84742 125.556 3.51141 -5.04367 68.7756 2.11717 -13 1886 1 0 1
-41.7166 12.0716 125.556 -9.89186 3.55092 28.4864 -1.76467 -13 1887 1 0 1
-13.7352 -8.65354 125.556 -6.89403 -6.18139 61.785 -0.213299 -13 1888 1 0 1
-16.7141 11.0932 125.556 -5.62959 5.22879 42.6645 -0.393274 -13 1889 1 0 1
28.7339 -10.6929 125.556 15.5768 -6.75822 64.0754 -0.321008 -13 1890 1 0 1
20.7624 6.17063 125.556 5.1377 1.82015 26.7002 1.25033 -13 1891 1 0 1
-0.251495 4.42176 125.556 0.646588 1.8543 51.4967 -0.193264 -13 1892 1 0 1
-20.6997 -11.3095 125.556 -12.3464 -6.14339 67.2465 1.44641 -13 1893 1 0 1
-22.1784 4.17442 125.556 -13.9342 3.27169 68.7269 0.64143 -13 1894 1 0 1
2.98952 -11.5332 125.556 1.30044 -6.02254 67.1566 0.734506 -13 1896 1 0 1
-11.4004 -5.41349 125.556 -5.89024 -2.37564 61.7523 1.86875 -13 1897 1 0 1
-3.48765 17.3166 125.556 -1.72027 10.2751 61.2265 1.43442 -13 1898 1 0 1
-10.5251 -8.92597 125.556 -6.10476 -4.9209 64.9539 0.194323 -13 1899 1 0 1
-15.7305 -18.8757 125.556 -7.59567 -9.40719 57.8051 0.102671 -13 1900 1 0 1
37.7068 -0.0898257 125.556 16.7735 0.366069 50.025 2.36038 -13 1901 1 0 1
2.44134 0.625659 125.556 1.28733 0.215748 66.0314 -0.692642 -13 1902 1 0 1
30.5982 -0.301341 125.556 14.6892 -0.369468 54.1754 1.63187 -13 1903 1 0 1
-7.55972 8.27336 125.556 -4.1143 4.9224 63.9561 0.951659 -13 1904 1 0 1
-18.2979 4.83247 125.556 -13.4446 2.40172 75.5812 0.307595 -13 1905 1 0 1
4.54465 19.5614 125.556 2.29148 11.239 66.0842 0.418347 -13 1906 1 0 1
-2.41041 24.6141 125.556 -1.18015 13.8914 62.97 2.47001 -13 1907 1 0 1
-6.56972 -6.89631 125.556 -4.04753 -4.99888 68.8175 -0.0460487 -13 1908 1 0 1
32.6122 7.00967 125.556 16.4066 2.81517 57.2641 3.53006 -13 1909 1 0 1
4.08908 7.69924 125.556 1.77559 3.16935 66.6139 -0.469522 -13 1910 1 0 1
-8.9634 -4.47517 125.556 -6.44722 -1.39555 72.5276 -1.70133 -13 1911 1 0 1
-9.36988 3.73514 125.556 -6.5818 3.15857 69.3265 0.942466 -13 1912 1 0 1
13.2369 -18.1327 125.556 7.21845 -10.6555 75.7761 -1.11558 -13 1913 1 0 1
-15.4195 24.147 125.556 -8.95738 13.5482 63.7077 0.559475 -13 1914 1 0 1
-34.8738 -29.1068 125.556 -21.2793 -16.6092 67.0492 0.641927 -13 1915 1 0 1
-6.48721 -6.38333 125.556 -4.12394 -2.85 66.938 0.600118 -13 1916 1 0 1
20.3216 3.71426 125.556 10.9708 2.38983 64.6435 0.417717 -13 1917 1 0 1
-5.33618 -2.10097 125.556 -3.50644 -2.83492 67.2502 -0.235088 -13 1918 1 0 1
-0.891282 -11.2178 125.556 0.191562 -5.7308 52.4055 -0.71888 -13 1919 1 0 1
6.05841 30.9736 125.556 3.20945 15.1979 59.4743 -0.721016 -13 1920 1 0 1
2.55871 0.695332 125.556 -1.27037 1.43701 80.1219 1.89729 -13 1921 1 0 1
-16.2753 7.07064 125.556 -11.6522 4.92344 72.8546 2.01684 -13 1922 1 0 1
-29.6499 -11.8009 125.556 -13.7393 -6.49234 54.9352 2.20605 -13 1923 1 0 1
0.303007 11.3871 125.556 0.0915051 6.8717 65.0799 2.48635 -13 1924 1 0 1
-13.4604 -66.9339 125.556 -2.99036 -17.9368 30.2682 2.44764 -13 1925 1 0 1
-23.6471 -23.4497 125.556 -7.22521 -8.92086 38.0586 0.242462 -13 1926 1 0 1
6.51911 -31.5179 125.556 3.40092 -16.1133 54.4452 1.53373 -13 1927 1 0 1
10.3096 -10.395 125.556 4.07455 -3.4566 37.2385 -0.345137 -13 1928 1 0 1
-17.2323 -0.701699 125.556 -13.5466 0.931488 77.8562 0.749835 -13 1929 1 0 1
-5.0829 22.9564 125.556 -4.18356 15.2391 70.695 2.93376 -13 1930 1 0 1
1.9921 22.9289 125.556 0.884007 12.3588 64.2643 -1.9088 -13 1931 1 0 1
12.2243 -16.7542 125.556 6.63048 -9.85217 69.5141 0.331756 -13 1932 1 0 1
29.0628 -0.286076 125.556 17.3189 0.635964 77.115 1.63341 -13 1933 1 0 1
-13.4614 3.24323 125.556 -5.28453 1.83018 48.7116 0.469652 -13 1934 1 0 1
16.1161 -3.64279 125.556 9.10621 -1.97 63.7015 0.792106 -13 1935 1 0 1
24.0964 5.48439 125.556 11.8863 2.1905 55.3724 -0.532025 -13 1936 1 0 1
4.84174 -16.7673 125.556 2.87928 -11.0359 59.5128 -0.612685 -13 1937 1 0 1
35.7535 -17.4628 125.556 20.372 -10.1863 68.4169 1.02029 -13 1939 1 0 1
-22.3917 -7.92381 125.556 -12.2939 -4.80387 63.3129 -0.389248 -13 1941 1 0 1
-2.37374 15.2997 125.556 -2.57296 9.74726 72.7369 2.20367 -13 1942 1 0 1
-3.95297 14.5699 125.556 -2.77134 8.09701 67.5347 1.36489 -13 1943 1 0 1
22.469 22.2671 125.556 11.9497 13.2328 62.81 0.00794795 -13 1944 1 0 1
7.24924 3.36688 125.556 3.98292 2.28672 65.5156 -0.238913 -13 1945 1 0 1
-6.89194 7.61051 125.556 -3.88756 4.10041 63.0668 0.418935 -13 1946 1 0 1
4.19564 10.2135 125.556 2.6904 4.26862 61.6061 1.16306 -13 1947 1 0 1
-2.16031 21.7735 125.556 -2.27739 13.7651 70.9689 0.971874 -13 1948 1 0 1
-12.2408 5.98367 125.556 -5.88943 2.93789 59.5018 0.673994 -13 1950 1 0 1
11.3156 6.10335 125.556 6.26047 3.04533 61.9501 1.25414 -13 1951 1 0 1
17.1007 0.958199 125.556 9.19773 -0.18852 58.6047 -0.801441 -13 1952 1 0 1
33.9954 -6.88826 125.556 16.4422 -3.43713 54.8737 -0.192976 -13 1953 1 0 1
8.75782 -1.7139 125.556 4.7368 -0.580513 65.7617 -1.09935 -13 1954 1 0 1
-30.3316 -15.5053 125.556 -14.122 -7.3387 54.7851 0.777072 -13 1955 1 0 1
-15.0304 -11.4808 125.556 -6.8359 -5.30319 53.7554 0.431765 -13 1956 1 0 1
-21.918 20.8854 125.556 -8.00903 9.28335 45.4328 0.884869 -13 1957 1 0 1
3.03346 -3.89301 125.556 1.51227 -3.02801 67.5913 -1.93715 -13 1958 1 0 1
0.338171 5.1101 125.556 0.796525 2.03095 37.605 0.665847 -13 1959 1 0 1
12.6064 -16.9592 125.556 6.84769 -9.46983 67.0852 -0.95955 -13 1960 1 0 1
-13.666 1.83746 125.556 -6.08128 0.546518 55.7406 -1.31436 -13 1961 1 0 1
1.21813 -13.9111 125.556 1.07418 -3.20123 33.3239 2.87264 -13 1962 1 0 1
11.5316 -2.22228 125.556 4.22009 -1.43894 78.3372 -0.803228 -13 1963 1 0 1
18.0607 -22.1518 125.556 8.34414 -9.46201 49.2968 -0.437836 -13 1964 1 0 1
-7.49844 -26.8727 125.556 -4.48931 -16.1881 63.687 1.45238 -13 1965 1 0 1
9.09347 6.30652 125.556 4.49132 2.54467 46.5257 0.900286 -13 1966 1 0 1
9.29412 -7.16368 125.556 5.13263 -4.76089 68.2662 0.969152 -13 1967 1 0 1
-16.2001 27.2525 125.556 -10.3547 17.6706 68.6149 1.36893 -13 1968 1 0 1
15.364 0.293114 125.556 8.57857 -3.99021 72.5683 -0.17669 -13 1969 1 0 1
-1.91318 -6.79338 125.556 -1.34317 -4.40149 66.0592 0.946343 -13 1970 1 0 1
-2.16428 20.8294 125.556 -1.92322 13.6019 69.6453 1.40521 -13 1971 1 0 1
4.55794 11.7621 125.556 2.48534 5.8287 52.126 0.822339 -13 1972 1 0 1
-10.1956 1.91852 125.556 -7.03178 0.790267 71.3245 2.17171 -13 1973 1 0 1
16.9976 -6.33282 125.556 8.69701 -4.93025 55.594 2.3729 -13 1974 1 0 1
-2.11331 -10.6507 125.556 -1.71868 -5.29895 69.4788 0.189248 -13 1975 1 0 1
4.77504 17.5679 125.556 2.56865 10.1657 64.2347 -0.741313 -13 1976 1 0 1
-14.0178 -18.4203 125.556 -7.51287 -8.28737 61.5269 0.304863 -13 1977 1 0 1
14.1746 -24.6516 125.556 7.85095 -11.7847 61.5609 -1.05132 -13 1978 1 0 1
-26.071 -16.2764 125.556 -19.4777 -10.7568 76.3031 2.67955 -13 1979 1 0 1
-13.0248 -27.1709 125.556 -8.44107 -18.8087 68.1753 2.27079 -13 1980 1 0 1
-9.99448 5.41792 125.556 -8.69851 2.0297 78.6174 0.105624 -13 1981 1 0 1
-14.0771 8.00265 125.556 -5.77461 3.06546 51.9414 -0.154488 -13 1982 1 0 1
27.5289 -0.118643 125.556 14.6465 0.665888 61.8232 -0.739493 -13 1983 1 0 1
8.82358 -25.407 125.556 4.68316 -12.7885 58.768 0.783506 -13 1984 1 0 1
9.58174 -11.8909 125.556 4.03731 -7.59898 79.0771 -0.229864 -13 1985 1 0 1
-9.09796 -11.5156 125.556 -7.37914 -8.11729 75.2497 -0.249334 -13 1986 1 0 1
3.91652 -11.389 125.556 2.40975 -6.94449 59.1401 1.27686 -13 1987 1 0 1
31.3757 21.8179 125.556 15.85 11.8208 56.9468 1.41533 -13 1988 1 0 1
4.18222 4.90332 125.556 2.06214 0.702974 62.8624 0.316363 -13 1990 1 0 1
-21.8238 -4.31177 125.556 -11.0991 -2.71253 58.9996 1.69221 -13 1991 1 0 1
17.018 -0.541993 125.556 8.86903 -0.601955 58.2263 1.2041 -13 1992 1 0 1
17.3486 10.1777 125.556 7.32585 6.1873 45.354 0.829473 -13 1993 1 0 1
33.6456 53.138 125.556 15.7534 24.8236 54.3507 1.32998 -13 1994 1 0 1
-9.92583 6.25552 125.556 -3.80059 3.30195 53.9094 1.70072 -13 1995 1 0 1
3.94884 7.00502 125.556 2.83735 3.56446 54.3567 -0.840242 -13 1996 1 0 1
-19.1292 -15.629 125.556 -7.53481 -5.58187 48.8171 -1.54781 -13 1997 1 0 1
19.7427 -10.2608 125.556 5.60707 -2.30142 28.8535 2.73676 -13 1998 1 0 1
-8.35451 -6.57058 125.556 -4.56172 -4.54434 62.2089 -0.648006 -13 1999 1 0 1
-1.3193 15.4162 125.556 -1.51545 9.61573 69.0866 0.846993 -13 2000 1 0 1
-9.86123 -14.7773 125.556 -6.4271 -8.73595 68.9525 1.28385 -13 2001 1 0 1
-2.07967 -14.2411 125.556 -2.18373 -7.87156 72.1893 -0.858833 -13 2002 1 0 1
17.9024 2.34895 125.556 7.21364 1.11728 43.3381 1.17239 -13 2003 1 0 1
2.26357 -15.9378 125.556 1.2832 -9.14817 63.5918 -0.212686 -13 2004 1 0 1
20.2643 -1.39028 125.556 6.76908 0.0226278 33.1997 2.98762 -13 2005 1 0 1
-11.0277 0.980512 125.556 -5.68765 1.34294 62.0175 -0.792128 -13 2006 1 0 1
1.0645 -1.2686 125.556 0.551117 -1.07877 65.8347 0.906376 -13 2007 1 0 1
6.21641 0.772613 125.556 3.13877 0.900816 69.2994 1.77466 -13 2008 1 0 1
11.9606 -15.3649 125.556 6.05158 -8.27415 54.0471 -0.393058 -13 2009 1 0 1
-2.33754 21.441 125.556 -1.72752 12.6357 65.5151 1.19912 -13 2010 1 0 1
-9.21922 4.03668 125.556 -5.74046 0.690737 66.8876 -0.896929 -13 2011 1 0 1
3.53872 -11.7317 125.556 1.35788 -6.9628 69.3595 2.08105 -13 2012 1 0 1
9.73843 14.7939 125.556 5.00285 8.68163 66.3981 0.809034 -13 2013 1 0 1
13.5387 22.6017 125.556 5.8862 8.9072 44.2681 1.63434 -13 2014 1 0 1
-44.9913 -27.5954 125.556 -19.4412 -12.1696 50.4012 0.47214 -13 2017 1 0 1
7.04559 20.3937 125.556 3.23925 11.4533 70.2584 2.29531 -13 2018 1 0 1
-2.99587 -0.258244 125.556 -1.80039 -0.404683 62.8234 0.708346 -13 2019 1 0 1
3.59737 10.2528 125.556 0.66996 6.8787 76.7854 -1.45214 -13 2020 1 0 1
22.9634 0.962823 125.556 12.6373 0.867276 64.7122 0.270149 -13 2021 1 0 1
95.2188 -53.7767 125.556 27.7598 -14.5914 32.9149 0.0154423 -13 2022 1 0 1
-0.182909 1.87929 125.556 0.411255 -0.329826 62.5674 -0.503598 -13 2023 1 0 1
-12.7451 11.5962 125.556 -7.90367 4.98841 68.2704 -0.309046 -13 2024 1 0 1
-2.46081 16.5409 125.556 -1.04025 7.07162 57.0367 1.15904 -13 2025 1 0 1
-22.0392 -8.77784 125.556 -12.187 -4.48579 63.2807 2.36571 -13 2026 1 0 1
5.20749 -2.91385 125.556 1.80737 -0.289289 25.2276 3.50881 -13 2027 1 0 1
8.51172 1.23058 125.556 4.42195 0.852618 73.8203 1.46338 -13 2028 1 0 1
-7.90392 5.50952 125.556 -5.46332 3.86408 69.6221 1.68876 -13 2029 1 0 1
-25.367 -11.0356 125.556 -12.5956 -5.47253 58.4997 1.21317 -13 2030 1 0 1
-11.5875 10.7849 125.556 -9.16877 7.37419 77.559 -0.235458 -13 2031 1 0 1
8.79367 -4.48546 125.556 4.61991 -3.0547 71.7877 2.01351 -13 2032 1 0 1
-0.855001 -2.61362 125.556 -0.865237 -0.864341 66.1295 -1.59929 -13 2033 1 0 1
-4.52477 -12.8632 125.556 -2.16451 -6.09269 60.365 1.6116 -13 2034 1 0 1
5.42227 8.41537 125.556 3.03706 3.84637 53.0842 2.0798 -13 2035 1 0 1
-7.81907 0.278559 125.556 -6.6971 -1.45822 76.7173 -0.248552 -13 2036 1 0 1
-20.0105 -22.812 125.556 -11.1056 -12.6614 63.6248 -0.191065 -13 2037 1 0 1
28.0221 -6.43849 125.556 13.3718 -3.82653 53.7839 0.993409 -13 2038 1 0 1
-5.42972 13.103 125.556 -3.53384 7.98784 67.0017 1.08408 -13 2039 1 0 1
-4.84526 6.32798 125.556 -5.52493 5.08225 80.389 2.22712 -13 2040 1 0 1
3.29938 4.87967 125.556 2.1129 2.81259 54.0715 0.309504 -13 2041 1 0 1
-20.8904 33.8872 125.556 -9.45744 15.9645 54.3936 0.302135 -13 2042 1 0 1
35.4854 -2.7287 125.556 18.1926 -1.62572 61.1227 1.45522 -13 2043 1 0 1
-13.7528 -10.6467 125.556 -5.55809 -4.02711 52.2297 -1.21804 -13 2044 1 0 1
-1.10545 -9.76808 125.556 -1.39354 -7.31794 71.7008 1.69717 -13 2045 1 0 1
-2.69876 4.01019 125.556 -1.90478 1.50956 67.8466 1.58548 -13 2046 1 0 1
-21.4588 -19.2459 125.556 -13.8779 -11.5842 69.674 0.440532 -13 2047 1 0 1
-10.8206 3.46757 125.556 -8.11586 1.77137 73.8274 1.41846 -13 2048 1 0 1
8.58892 31.1133 125.556 4.34326 17.8776 65.1647 0.201708 -13 2049 1 0 1
-11.9913 -34.4443 125.556 -7.25392 -20.3765 66.5085 1.5956 -13 2050 1 0 1
6.98708 5.70133 125.556 2.59832 1.87431 30.5254 1.40741 -13 2052 1 0 1
25.6473 9.07432 125.556 13.9277 4.90809 64.016 0.118259 -13 2053 1 0 1
6.52045 18.5333 125.556 3.53428 9.26068 55.7274 -0.423052 -13 2054 1 0 1
4.90323 -27.5831 125.556 2.7717 -14.3833 57.256 2.50667 -13 2055 1 0 1
-19.2417 3.03901 125.556 -11.0235 1.95727 64.3288 -0.356685 -13 2056 1 0 1
5.03169 1.07939 125.556 2.9041 1.04123 60.4271 2.91639 -13 2057 1 0 1
5.96584 -11.4525 125.556 2.97238 -5.93373 62.5985 -0.63794 -13 2058 1 0 1
-10.9046 13.0387 125.556 -5.0572 5.73179 57.5461 -1.92471 -13 2059 1 0 1
-11.4753 10.5547 125.556 -8.33677 4.11038 72.1788 2.37053 -13 2060 1 0 1
12.7305 -4.611 125.556 6.87049 -2.92736 63.6754 1.34784 -13 2061 1 0 1
10.2967 0.337613 125.556 5.58562 -1.48417 72.7237 2.96688 -13 2062 1 0 1
3.95416 -23.3856 125.556 2.10402 -6.76447 38.5899 -0.631604 -13 2063 1 0 1
0.813527 -17.455 125.556 0.4181 -11.9828 64.3724 0.674378 -13 2064 1 0 1
18.5982 14.9569 125.556 9.57279 7.49493 57.6288 -0.953033 -13 2065 1 0 1
2.39951 6.66061 125.556 1.54956 2.03757 56.3024 0.663352 -13 2067 1 0 1
29.529 -5.09952 125.556 16.0078 -4.17622 63.9892 -0.469101 -13 2068 1 0 1
-16.1338 -4.64827 125.556 -7.85694 -2.44217 58.0297 0.641994 -13 2069 1 0 1
-8.99691 -15.3528 125.556 -7.66885 -10.6415 76.6595 1.04006 -13 2070 1 0 1
-6.5889 4.09092 125.556 -2.33523 2.46376 51.7674 -0.392305 -13 2071 1 0 1
36.7424 30.5342 125.556 16.7703 13.737 51.4672 -1.1717 -13 2072 1 0 1
-7.09162 -24.4287 125.556 -3.22771 -13.2648 57.1463 1.7855 -13 2073 1 0 1
4.91463 2.86669 125.556 2.39765 0.841083 70.9809 0.000916946 -13 2074 1 0 1
-4.04843 -9.99367 125.556 -1.98277 -5.81412 59.288 -1.06967 -13 2075 1 0 1
-2.93892 -8.38804 125.556 -1.77685 -4.5661 65.1991 1.08561 -13 2076 1 0 1
13.571 -8.67852 125.556 7.57016 -4.72748 72.0721 0.740346 -13 2077 1 0 1
21.7302 18.7054 125.556 11.6254 10.963 63.1191 0.494809 -13 2078 1 0 1
1.11981 -5.5169 125.556 0.494188 -4.87005 63.2702 0.332463 -13 2079 1 0 1
0.293975 2.36734 125.556 -0.395068 2.1146 69.3497 0.5664 -13 2080 1 0 1
0.131424 8.82843 125.556 -0.649269 5.23832 71.9964 2.42747 -13 2081 1 0 1
0.69189 18.0806 125.556 0.879177 8.73389 55.285 0.259096 -13 2082 1 0 1
21.1567 20.6649 125.556 11.517 10.6266 63.7541 2.81899 -13 2083 1 0 1
4.54061 26.7703 125.556 2.42128 13.9102 59.206 0.848075 -13 2085 1 0 1
2.87209 1.48318 125.556 1.26962 1.00511 68.1695 0.855787 -13 2086 1 0 1
5.54639 10.5431 125.556 3.13392 5.47157 62.3003 1.07424 -13 2087 1 0 1
-21.0774 -10.6613 125.556 -15.6284 -6.56499 75.517 -0.131038 -13 2089 1 0 1
5.51906 -8.13111 125.556 2.87341 -2.82602 40.4968 0.156724 -13 2090 1 0 1
-4.0823 -2.23803 125.556 -2.81322 -1.17027 69.3672 -1.12505 -13 2091 1 0 1
-2.52885 40.6698 125.556 -1.13538 21.2445 58.5369 1.01593 -13 2092 1 0 1
26.7338 -30.4381 125.556 10.1815 -9.47181 41.1401 0.221525 -13 2093 1 0 1
-3.96218 -4.92906 125.556 -2.16824 -3.94155 61.7636 1.78942 -13 2094 1 0 1
3.38118 4.85026 125.556 0.953796 3.35071 74.8307 1.44016 -13 2095 1 0 1
12.4102 -6.61151 125.556 6.64132 -2.95647 58.3723 0.673557 -13 2096 1 0 1
0.317033 -3.00152 125.556 0.0539618 -0.541191 59.4904 0.360596 -13 2097 1 0 1
-0.365085 32.8542 125.556 0.255122 15.3172 53.7354 0.4831 -13 2098 1 0 1
-21.2786 -2.37384 125.556 -11.4907 -0.791226 62.8877 0.273124 -13 2099 1 0 1
-16.1642 -24.9274 125.556 -5.62178 -9.66108 45.7136 0.530604 -13 2100 1 0 1
16.8643 -21.5739 125.556 8.26941 -10.1736 52.2031 0.151397 -13 2101 1 0 1
-14.9527 -2.20078 125.556 -2.2392 -0.655887 20.6527 4.54732 -13 2102 1 0 1
-3.67136 -6.96217 125.556 -2.43474 -4.4783 66.4048 -0.0667075 -13 2103 1 0 1
4.80633 5.06617 125.556 2.41358 2.77541 69.5433 0.909395 -13 2104 1 0 1
2.86035 -17.3547 125.556 0.0877787 -11.4537 77.829 -0.479109 -13 2105 1 0 1
-6.31805 10.3557 125.556 -4.39172 6.75911 69.249 0.610845 -13 2108 1 0 1
-5.04058 2.51753 125.556 -2.00706 1.19823 56.6551 -0.0412349 -13 2109 1 0 1
9.23381 31.3278 125.556 5.08017 17.0344 63.9696 0.559205 -13 2110 1 0 1
-13.6555 -24.0438 125.556 -5.60896 -11.4994 52.4525 2.14462 -13 2111 1 0 1
3.79711 8.91865 125.556 2.19733 4.73517 61.0753 -0.243479 -13 2112 1 0 1
-0.330297 2.72204 125.556 -0.917963 2.52004 71.4339 -0.336189 -13 2113 1 0 1
-7.06356 -19.8361 125.556 -2.8784 -9.69632 54.9143 2.19887 -13 2114 1 0 1
-18.5448 -19.3262 125.556 -10.1268 -10.7476 61.7502 3.30091 -13 2115 1 0 1
11.6944 -1.13522 125.556 6.60483 -1.10194 60.2848 0.577142 -13 2116 1 0 1
11.9191 15.8976 125.556 6.52988 8.45207 66.6819 0.673843 -13 2117 1 0 1
-3.2725 12.1922 125.556 -2.00567 6.3451 65.8601 -0.549587 -13 2118 1 0 1
0.0814972 11.4947 125.556 -0.518957 5.03902 67.9787 0.677803 -13 2119 1 0 1
6.16919 -2.74726 125.556 3.63637 -0.925595 57.0229 -1.91792 -13 2120 1 0 1
6.49334 16.2994 125.556 3.4534 8.53968 58.3616 2.66305 -13 2121 1 0 1
-16.5268 -8.71126 125.556 -8.44287 -5.32902 61.1216 2.36652 -13 2122 1 0 1
-0.0940649 -0.586701 125.556 -1.40817 -0.367641 76.9667 1.20621 -13 2123 1 0 1
-22.8253 20.689 125.556 -8.97906 7.46152 47.9832 3.37574 -13 2124 1 0 1
-14.4649 -11.0135 125.556 -6.49601 -5.11905 54.9209 0.0201402 -13 2125 1 0 1
-9.01245 16.2375 125.556 -7.30972 11.219 75.528 0.0892814 -13 2126 1 0 1
12.4945 -6.76309 125.556 6.75027 -4.48212 60.8823 0.0582101 -13 2127 1 0 1
2.10476 -13.2336 125.556 0.845202 -6.70705 68.5118 2.92331 -13 2128 1 0 1
-9.61957 12.2118 125.556 -6.41052 7.64633 67.5865 0.138296 -13 2129 1 0 1
-1.5313 7.73104 125.556 -0.828761 2.798 64.5076 0.472554 -13 2130 1 0 1
-13.9073 -10.1728 125.556 -7.06006 -5.0809 60.3999 2.7216 -13 2131 1 0 1
8.32884 8.76447 125.556 3.96871 6.69709 77.1897 1.46208 -13 2132 1 0 1
-8.00342 17.4513 125.556 -2.96014 10.7497 55.6593 1.15091 -13 2133 1 0 1
-7.42558 15.1787 125.556 -4.66992 10.1013 67.0151 0.244975 -13 2134 1 0 1
49.8222 -26.6411 125.556 26.5255 -13.559 62.4592 1.73181 -13 2135 1 0 1
-15.4787 4.43931 125.556 -8.51639 2.56114 63.9162 1.23524 -13 2136 1 0 1
22.9408 16.6797 125.556 12.5578 8.17018 66.18 -0.708045 -13 2137 1 0 1
-14.8904 13.5237 125.556 -9.03699 8.11987 67.8477 -0.350239 -13 2138 1 0 1
11.6139 4.28789 125.556 6.42067 2.57911 71.6494 1.80488 -13 2139 1 0 1
-26.1787 9.3303 125.556 -9.8464 4.27142 44.6951 0.00743433 -13 2140 1 0 1
9.75963 -16.6764 125.556 5.35191 -9.20034 64.0398 2.06367 -13 2141 1 0 1
15.4679 10.1274 125.556 8.36148 8.36822 77.1707 1.549 -13 2142 1 0 1
12.2912 5.99576 125.556 6.21125 2.61161 53.383 -0.12802 -13 2143 1 0 1
-24.0358 -8.10252 125.556 -11.815 -4.04662 58.2906 0.35136 -13 2144 1 0 1
-25.2644 3.52981 125.556 -3.4674 0.528555 17.6307 4.53876 -13 2145 1 0 1
28.896 -21.4869 125.556 14.9303 -11.515 59.4592 0.562158 -13 2146 1 0 1
15.4005 28.4055 125.556 6.9989 11.9638 48.0284 1.45606 -13 2147 1 0 1
3.59604 11.2222 125.556 2.30877 5.55394 58.1126 1.0687 -13 2148 1 0 1
-22.7893 9.72205 125.556 -12.1459 5.18823 62.1074 0.906489 -13 2149 1 0 1
-4.7572 17.5827 125.556 -1.60684 8.55506 53.5187 -0.0600142 -13 2150 1 0 1
-10.3214 -0.0873971 125.556 -6.56717 -0.334963 68.437 -0.926252 -13 2151 1 0 1
-29.0472 3.19959 125.556 -15.9359 2.41045 62.6194 0.140772 -13 2152 1 0 1
-18.639 -19.8439 125.556 -8.62715 -9.06813 55.999 -1.40087 -13 2153 1 0 1
36.6505 35.5462 125.556 15.8276 15.1474 47.7899 1.05201 -13 2154 1 0 1
3.45872 1.31847 125.556 1.90501 2.0705 64.7167 0.0425931 -13 2155 1 0 1
-3.31165 5.57644 125.556 -2.50052 2.5763 68.3265 2.96657 -13 2156 1 0 1
2.52752 -8.50553 125.556 -0.0864321 -6.08809 79.4039 2.17185 -13 2157 1 0 1
-17.847 -3.92566 125.556 -6.8606 -1.34193 48.761 1.66022 -13 2158 1 0 1
-19.7784 -10.9027 125.556 -8.55239 -4.40945 53.2692 2.35451 -13 2159 1 0 1
-10.6013 -26.6027 125.556 -4.99404 -14.7209 58.7266 2.35621 -13 2160 1 0 1
14.161 5.18143 125.556 7.93161 3.09383 68.8496 2.79458 -13 2161 1 0 1
-13.974 -6.16345 125.556 -11.9953 -5.54675 80.1941 2.61525 -13 2162 1 0 1
1.10726 11.2106 125.556 0.906949 6.06552 63.3923 1.32465 -13 2163 1 0 1
-6.07867 20.6178 125.556 -3.29358 12.7674 64.3992 0.214577 -13 2165 1 0 1
-11.0821 6.17967 125.556 -4.58008 2.90523 53.5314 -0.605987 -13 2166 1 0 1
4.88231 3.15572 125.556 2.13324 1.75143 70.5784 2.29055 -13 2167 1 0 1
-8.01209 -1.08246 125.556 -7.24278 -0.220057 78.2749 -0.211676 -13 2169 1 0 1
24.9328 -68.397 125.556 8.07053 -19.984 34.1685 1.56708 -13 2170 1 0 1
7.0739 16.183 125.556 3.85231 8.14339 61.5892 3.48987 -13 2171 1 0 1
-12.7223 17.2494 125.556 -5.82862 8.36974 56.3605 0.103378 -13 2172 1 0 1
-22.961 5.18234 125.556 -15.012 1.67147 70.9929 -2.20813 -13 2173 1 0 1
-3.64816 -23.8566 125.556 -0.491594 -7.32889 42.0328 -0.719764 -13 2174 1 0 1
7.02535 15.8816 125.556 3.79405 10.9589 67.8595 1.05061 -13 2175 1 0 1
-13.2815 -18.7015 125.556 -2.82834 -4.04896 28.1531 3.74057 -13 2176 1 0 1
-4.60166 -6.6892 125.556 -4.41035 -4.50868 75.8621 1.19579 -13 2177 1 0 1
-12.2097 -17.7904 125.556 -4.15571 -7.02725 43.9451 2.75705 -13 2178 1 0 1
-17.3482 2.61735 125.556 -11.0365 1.76606 68.5319 1.69587 -13 2179 1 0 1
1.13679 -37.8821 125.556 1.14507 -16.7004 50.3453 0.154632 -13 2180 1 0 1
-8.53047 21.4941 125.556 -5.66922 13.848 69.7509 0.612253 -13 2181 1 0 1
-3.48891 -15.7597 125.556 -0.95444 -5.94904 50.4964 1.01491 -13 2182 1 0 1
8.70949 -7.41383 125.556 4.49976 -4.41707 66.9466 0.179924 -13 2183 1 0 1
-4.09771 1.83134 125.556 -4.15591 0.389803 75.5168 -0.0219851 -13 2184 1 0 1
1.40212 -1.38104 125.556 -1.44453 -2.70065 79.1981 1.03106 -13 2185 1 0 1
-3.472 8.01941 125.556 -2.7012 5.25792 70.3835 1.55984 -13 2186 1 0 1
16.9841 -9.59868 125.556 9.48628 -5.84983 69.5988 0.543303 -13 2187 1 0 1
-24.1216 -15.2669 125.556 -17.3711 -9.88443 75.6053 2.11199 -13 2188 1 0 1
-1.6261 -28.7015 125.556 -0.460162 -14.7326 55.7444 1.99578 -13 2189 1 0 1
-11.5771 12.4568 125.556 -8.87992 8.9266 75.3931 0.232463 -13 2190 1 0 1
-5.21117 -2.23524 125.556 -2.06306 -0.231084 54.1676 -0.473272 -13 2191 1 0 1
-14.2359 -2.626 125.556 -10.3322 0.0432478 73.877 1.57026 -13 2192 1 0 1
-16.059 1.6619 125.556 -6.16165 0.891235 50.7392 1.43601 -13 2193 1 0 1
-11.0835 -1.93485 125.556 -5.81283 -1.11863 60.59 1.75209 -13 2194 1 0 1
-2.41339 -10.2395 125.556 -2.13726 -5.86679 69.6484 2.28529 -13 2195 1 0 1
4.26989 31.1747 125.556 0.91394 20.2633 74.8199 1.3077 -13 2196 1 0 1
9.26785 4.17628 125.556 4.58539 3.74684 75.0989 1.74962 -13 2197 1 0 1
-0.189725 -0.724738 125.556 -1.64014 -1.36671 76.9878 1.25053 -13 2198 1 0 1
0.496987 -0.293739 125.556 0.240808 0.85782 64.5061 1.97071 -13 2199 1 0 1
-6.05803 10.6499 125.556 -3.26898 5.27403 63.8768 0.832934 -13 2200 1 0 1
-3.11778 -12.4949 125.556 -1.43169 -5.69884 59.0213 2.48462 -13 2201 1 0 1
9.3276 11.217 125.556 4.95398 6.98684 70.4497 3.04487 -13 2202 1 0 1
6.9129 4.95381 125.556 3.82927 3.24688 64.5471 2.62511 -13 2203 1 0 1
8.00103 -12.6022 125.556 4.17614 -8.24023 68.9923 2.05305 -13 2204 1 0 1
1.87763 21.3005 125.556 0.300866 14.3797 70.2372 1.74707 -13 2205 1 0 1
1.61042 28.3209 125.556 1.16165 12.4633 52.3836 1.15016 -13 2206 1 0 1
-13.4739 -8.31023 125.556 -8.02425 -4.651 66.9539 0.292971 -13 2207 1 0 1
-26.3507 -11.8225 125.556 -7.64867 -3.54734 35.8529 3.90084 -13 2208 1 0 1
-15.6719 9.19621 125.556 -7.6072 4.81402 57.5018 2.3406 -13 2209 1 0 1
27.2058 20.9275 125.556 12.5609 7.73737 49.9268 1.37089 -13 2210 1 0 1
-12.4975 -1.08012 125.556 -7.82608 -0.991664 68.923 -1.75485 -13 2211 1 0 1
-3.73421 -10.1684 125.556 -3.54258 -5.7648 73.2854 0.192758 -13 2212 1 0 1
-8.59354 4.77348 125.556 -4.21957 2.17928 62.4473 1.7962 -13 2213 1 0 1
-22.0402 -10.2922 125.556 -15.663 -6.59322 74.9552 1.60573 -13 2214 1 0 1
-42.5376 56.4548 125.556 -19.1209 24.1581 51.6998 -0.994803 -13 2215 1 0 1
-20.8614 -21.5637 125.556 -12.2019 -10.812 64.8545 0.842842 -13 2216 1 0 1
5.73326 22.2423 125.556 2.85231 12.237 66.9864 3.28062 -13 2217 1 0 1
-12.6023 -19.5261 125.556 -5.66384 -8.00763 56.732 1.03369 -13 2218 1 0 1
-9.52969 25.8983 125.556 -5.60483 14.2268 65.1036 -0.58094 -13 2219 1 0 1
6.51537 -3.45935 125.556 3.48058 -0.672066 66.5142 1.00356 -13 2220 1 0 1
-10.4377 -10.8637 125.556 -5.41824 -5.08591 61.553 1.24842 -13 2221 1 0 1
-9.22305 -5.2977 125.556 -2.58875 -0.965939 40.239 1.60773 -13 2223 1 0 1
33.2476 -6.96225 125.556 19.2559 -3.91461 71.8709 0.00925798 -13 2224 1 0 1
10.3326 12.7519 125.556 4.72983 5.16051 45.3813 1.48833 -13 2225 1 0 1
3.6048 4.97358 125.556 1.24762 2.16924 74.5511 0.31889 -13 2226 1 0 1
-1.70374 8.98997 125.556 -1.13583 4.51564 64.4427 0.497371 -13 2227 1 0 1
-3.44741 -4.45938 125.556 -2.82349 -0.601355 68.8543 1.31123 -13 2228 1 0 1
13.0568 -6.81061 125.556 5.97262 -6.1816 78.7629 2.90085 -13 2229 1 0 1
5.93929 8.00028 125.556 3.29424 4.07724 45.8313 1.83587 -13 2230 1 0 1
-20.0106 12.7431 125.556 -10.5311 6.68126 62.1525 -0.0666776 -13 2231 1 0 1
7.63676 10.5429 125.556 4.09556 6.42175 53.9242 0.610676 -13 2232 1 0 1
-13.9064 -16.0376 125.556 -8.39407 -9.13127 67.0975 -1.2942 -13 2233 1 0 1
0.825613 -3.67572 125.556 0.290406 -2.22557 63.2347 -0.185476 -13 2234 1 0 1
7.8783 16.269 125.556 4.0083 7.36458 50.3871 -0.718276 -13 2235 1 0 1
-14.3212 -5.00397 125.556 -7.5827 -3.88771 61.0324 2.35986 -13 2236 1 0 1
-5.67935 5.058 125.556 -6.29337 3.18461 81.4175 3.83134 -13 2237 1 0 1
1.18248 5.68918 125.556 0.742955 3.40066 61.9381 1.98107 -13 2238 1 0 1
11.782 -24.7923 125.556 6.19356 -13.9176 65.3162 3.57105 -13 2239 1 0 1
-14.6911 -10.6798 125.556 -10.2124 -7.74921 71.7412 0.218301 -13 2240 1 0 1
-3.72479 3.56315 125.556 -2.69539 2.91347 68.5629 -0.718722 -13 2241 1 0 1
-3.10429 2.02702 125.556 -2.31567 1.30762 70.4593 1.86728 -13 2242 1 0 1
2.27663 23.4773 125.556 1.51459 11.82 58.5332 0.818394 -13 2243 1 0 1
-9.30453 27.6847 125.556 -3.48435 13.2302 51.198 1.03993 -13 2244 1 0 1
4.45054 8.39623 125.556 2.1857 5.7709 69.5809 1.69715 -13 2245 1 0 1
-13.9783 0.587641 125.556 -9.36027 2.47456 71.5443 1.82918 -13 2246 1 0 1
1.73824 -1.10923 125.556 -1.28459 -1.17442 81.3649 -0.657656 -13 2247 1 0 1
13.23 -2.85825 125.556 7.15161 -2.94558 75.9311 -0.0132135 -13 2248 1 0 1
25.6468 -4.54225 125.556 13.4353 -1.27515 59.6385 0.955642 -13 2249 1 0 1
2.66677 11.908 125.556 0.0867438 6.65072 77.5691 1.54216 -13 2250 1 0 1
12.7153 -6.49664 125.556 6.93265 -2.75091 68.6911 0.808395 -13 2251 1 0 1
0.490676 22.7893 125.556 0.439437 11.0285 60.7452 0.824262 -13 2252 1 0 1
24.8264 30.178 125.556 11.1525 14.3798 51.0305 2.91008 -13 2253 1 0 1
-18.597 17.2138 125.556 -10.0242 9.36382 62.5636 -1.53129 -13 2254 1 0 1
5.07633 -7.03129 125.556 2.72007 -4.22557 59.7594 1.52703 -13 2256 1 0 1
28.4302 -10.3829 125.556 14.8033 -5.64305 60.0625 -0.6522 -13 2257 1 0 1
12.3213 -28.7959 125.556 6.23723 -14.2677 56.1928 1.42275 -13 2258 1 0 1
19.615 1.29395 125.556 10.5901 1.332 61.2921 1.00477 -13 2259 1 0 1
27.7033 -4.94435 125.556 14.905 -4.43697 62.4662 1.55251 -13 2260 1 0 1
-14.2189 23.0797 125.556 -11.6843 17.4425 77.3071 2.17805 -13 2261 1 0 1
-5.52788 17.7211 125.556 -2.22145 8.84732 56.0775 1.84731 -13 2262 1 0 1
-13.3476 -10.7428 125.556 -8.89652 -5.14205 69.7551 1.55106 -13 2263 1 0 1
8.34642 -16.9079 125.556 4.41005 -10.1511 63.9811 1.0072 -13 2264 1 0 1
7.28283 -9.90208 125.556 3.96676 -5.50744 68.5063 -0.117648 -13 2265 1 0 1
-19.9646 16.4249 125.556 -9.4282 8.60621 56.429 2.35989 -13 2266 1 0 1
11.0521 -13.4451 125.556 5.95006 -5.87635 63.6481 2.22936 -13 2267 1 0 1
-16.0278 20.3707 125.556 -5.8494 7.69949 46.816 -0.358748 -13 2268 1 0 1
-14.9246 -16.6353 125.556 -9.45765 -12.1736 68.5263 0.84873 -13 2269 1 0 1
-1.67399 -11.0304 125.556 -2.93259 -6.29373 77.3546 0.223249 -13 2270 1 0 1
2.72528 10.7537 125.556 1.41682 5.56668 69.1732 -0.264788 -13 2271 1 0 1
-26.0187 3.99106 125.556 -19.7212 1.82785 78.3783 0.15904 -13 2272 1 0 1
6.46507 8.75269 125.556 3.48547 4.31271 59.5917 -0.0950865 -13 2273 1 0 1
-15.3964 -5.30861 125.556 -11.5507 -4.51589 75.2241 -0.517694 -13 2274 1 0 1
0.282093 -22.6349 125.556 1.06589 -9.8377 48.8514 0.798765 -13 2275 1 0 1
14.3212 0.574493 125.556 8.04196 -0.770144 66.8733 0.230296 -13 2276 1 0 1
-18.8785 -6.40399 125.556 -9.03333 -2.01362 57.0357 -0.630795 -13 2277 1 0 1
-3.29614 3.39937 125.556 -2.70766 1.55627 70.6008 1.679 -13 2278 1 0 1
-5.63192 10.3134 125.556 -5.35181 9.19789 76.2671 1.44421 -13 2279 1 0 1
-5.16435 -6.51542 125.556 -2.6862 -3.41753 60.6306 0.392981 -13 2280 1 0 1
10.6961 -7.35257 125.556 5.62792 -3.88039 61.4719 -2.05837 -13 2281 1 0 1
-19.798 4.2957 125.556 -12.1119 2.47815 66.975 1.50456 -13 2282 1 0 1
-19.7432 9.68202 125.556 -6.30118 2.77299 42.2239 2.57793 -13 2283 1 0 1
-10.3199 4.16166 125.556 -7.21677 1.69211 71.7894 -0.702531 -13 2284 1 0 1
-20.7554 7.54002 125.556 -6.22442 2.93039 38.0893 1.55719 -13 2285 1 0 1
-6.22921 -4.17474 125.556 -2.32195 -1.96832 52.6166 0.453988 -13 2286 1 0 1
-11.6878 2.36843 125.556 -5.07941 1.48717 55.6594 -1.04925 -13 2287 1 0 1
-4.39668 1.96702 125.556 -2.85517 1.3687 66.4419 1.16456 -13 2288 1 0 1
-13.91 -7.44222 125.556 -7.07492 -5.01096 60.2372 2.68607 -13 2289 1 0 1
-7.57816 -24.9459 125.556 -6.11708 -16.6565 73.1897 1.10209 -13 2290 1 0 1
-15.9442 -32.0427 125.556 -6.11158 -13.9941 48.9023 1.46008 -13 2291 1 0 1
7.43294 1.5631 125.556 3.49068 1.65735 71.1413 0.418186 -13 2292 1 0 1
26.2901 -13.9528 125.556 13.2666 -7.96149 56.8839 0.350099 -13 2293 1 0 1
-4.17235 11.8005 125.556 -2.10984 7.71344 64.37 1.80818 -13 2294 1 0 1
-9.84903 -7.12592 125.556 -7.03678 -3.13595 72.2564 2.77167 -13 2295 1 0 1
-2.66229 -30.7575 125.556 -2.15813 -17.9877 67.8091 0.849311 -13 2296 1 0 1
-11.0748 -4.26526 125.556 -3.93002 -2.43963 46.3431 -1.97994 -13 2297 1 0 1
-28.199 35.8596 125.556 -7.67044 11.0281 34.813 -0.301564 -13 2298 1 0 1
-26.2315 -13.5096 125.556 -16.9033 -8.44457 70.5449 -0.323707 -13 2299 1 0 1
-15.609 -1.89414 125.556 -10.4456 -0.357435 71.2163 1.82926 -13 2300 1 0 1
-4.83323 -12.2278 125.556 -2.27879 -5.00741 57.878 0.287986 -13 2301 1 0 1
-0.752787 3.44862 125.556 0.483534 1.40289 48.5651 -0.257707 -13 2302 1 0 1
-24.6068 -21.3061 125.556 -11.832 -11.1285 56.3196 1.06669 -13 2303 1 0 1
-0.408715 5.05025 125.556 -0.430078 2.34987 65.7359 0.497711 -13 2304 1 0 1
-16.4301 6.03485 125.556 -6.60444 3.02395 51.1531 0.231879 -13 2305 1 0 1
-9.53094 2.0268 125.556 -6.38422 2.04431 70.108 3.42814 -13 2306 1 0 1
-5.44428 6.36946 125.556 -4.22409 6.08521 71.1868 1.14527 -13 2307 1 0 1
-15.1969 -11.3579 125.556 -9.43655 -4.8627 68.6267 1.74222 -13 2308 1 0 1
-1.59138 -13.8873 125.556 -0.848954 -7.11732 61.9572 0.426305 -13 2309 1 0 1
-22.4845 -7.34586 125.556 -11.9481 -4.35496 61.3722 0.528147 -13 2310 1 0 1
-15.0144 19.0347 125.556 -12.6643 13.1723 77.3079 0.170789 -13 2312 1 0 1
23.1022 17.8084 125.556 9.88164 7.32689 46.1953 -0.721495 -13 2313 1 0 1
-12.9762 24.1678 125.556 -10.4932 16.3278 76.3444 -0.626027 -13 2314 1 0 1
10.6829 -2.94086 125.556 5.59668 0.275281 73.7507 2.28224 -13 2315 1 0 1
11.4965 -19.2221 125.556 6.20525 -9.27843 58.5082 0.78286 -13 2316 1 0 1
10.0213 2.20643 125.556 5.32249 1.50618 56.4684 1.11065 -13 2318 1 0 1
3.25681 -18.4012 125.556 2.03537 -7.68719 42.2166 0.168091 -13 2319 1 0 1
10.9774 -14.1217 125.556 6.05004 -6.90744 66.6341 3.2148 -13 2320 1 0 1
-9.29267 -4.02973 125.556 -7.53009 -2.8623 76.1726 1.0106 -13 2321 1 0 1
-11.3806 22.132 125.556 -8.03136 13.6099 71.4549 -1.76324 -13 2322 1 0 1
41.092 6.70211 125.556 18.809 3.14689 51.9349 -0.051816 -13 2323 1 0 1
-1.98071 2.09964 125.556 -2.19506 1.52731 71.077 1.65453 -13 2324 1 0 1
-2.36043 0.435894 125.556 -1.89832 0.298189 67.7309 0.49915 -13 2325 1 0 1
39.3211 25.1373 125.556 14.7205 8.14327 40.9574 3.4226 -13 2326 1 0 1
10.7368 2.92215 125.556 5.9434 0.989925 53.8084 0.303028 -13 2327 1 0 1
25.8255 3.61148 125.556 14.5452 1.6042 67.9817 1.95771 -13 2328 1 0 1
-7.73394 -1.09195 125.556 -2.90783 -1.03923 51.8802 0.473121 -13 2329 1 0 1
-3.97776 -13.8095 125.556 -3.97095 -9.04367 74.9615 3.02424 -13 2330 1 0 1
4.45211 7.2839 125.556 2.2463 6.93528 66.0511 -0.769157 -13 2331 1 0 1
-1.4498 27.8213 125.556 -0.153437 11.3559 48.1128 -1.26153 -13 2332 1 0 1
6.65882 0.825614 125.556 3.9001 1.21853 55.1477 0.714921 -13 2334 1 0 1
-17.6702 -3.2989 125.556 -7.22623 -2.09364 51.4519 1.11574 -13 2335 1 0 1
-10.6493 18.1822 125.556 -5.61763 11.3536 61.5557 1.35718 -13 2336 1 0 1
11.0248 -0.00723746 125.556 6.05752 -0.23205 61.4875 -0.786417 -13 2337 1 0 1
-8.59812 17.5854 125.556 -4.10514 10.4774 58.1224 0.922597 -13 2338 1 0 1
-15.4118 32.7501 125.556 -5.17373 12.3291 43.362 -1.5676 -13 2339 1 0 1
-0.857923 -10.4633 125.556 -2.58796 -7.63258 79.5699 1.21517 -13 2340 1 0 1
10.2243 -16.2676 125.556 5.36867 -9.51256 64.4412 2.69688 -13 2341 1 0 1
19.7989 27.6988 125.556 9.39576 13.061 52.0969 0.688325 -13 2343 1 0 1
-22.2033 -1.24941 125.556 -16.3084 0.855562 76.1387 0.451116 -13 2344 1 0 1
-11.4421 9.13381 125.556 -5.80224 5.63847 59.462 1.88319 -13 2345 1 0 1
-11.9786 -6.36028 125.556 -6.58081 -1.96914 62.9433 0.174516 -13 2346 1 0 1
6.04783 -2.12645 125.556 3.46202 -2.17963 52.9695 2.91743 -13 2348 1 0 1
-27.6809 4.1556 125.556 -7.11772 1.01044 31.8285 2.89891 -13 2349 1 0 1
7.52563 0.00289676 125.556 4.45026 0.425986 55.8783 0.487953 -13 2350 1 0 1
-7.44242 -6.83006 125.556 -5.23627 -3.06963 69.6277 -0.638072 -13 2351 1 0 1
-12.6738 6.89675 125.556 -7.94093 4.30646 67.4091 0.957343 -13 2352 1 0 1
-39.0747 -6.78916 125.556 -17.7191 -4.54004 53.2429 -0.0260226 -13 2353 1 0 1
-10.0417 19.7759 125.556 -4.61873 10.29 56.5423 2.55799 -13 2354 1 0 1
-3.80693 -18.7876 125.556 -2.8374 -12.0988 68.0978 -0.435608 -13 2355 1 0 1
-2.83383 23.9148 125.556 -2.29173 14.6076 68.6454 2.83464 -13 2356 1 0 1
-9.68566 14.4749 125.556 -4.52056 7.42592 56.7487 -0.518812 -13 2357 1 0 1
6.02017 5.71615 125.556 3.52673 3.19449 59.1298 -0.42695 -13 2358 1 0 1
20.398 -22.8415 125.556 8.33646 -8.2613 41.6726 1.21374 -13 2359 1 0 1
-14.8369 -6.43339 125.556 -10.7114 -3.70894 73.6322 -0.11775 -13 2360 1 0 1
-10.7274 -14.1424 125.556 -5.14346 -6.79685 59.8877 0.99986 -13 2361 1 0 1
-24.5656 -5.03921 125.556 -10.0144 -1.78417 49.5558 0.525898 -13 2362 1 0 1
-9.0777 8.4105 125.556 -5.86211 5.62358 67.8167 -0.255775 -13 2363 1 0 1
-1.19992 -4.63905 125.556 -1.95747 -2.34032 75.6889 2.16108 -13 2364 1 0 1
1.11272 -9.14183 125.556 0.0750796 -4.02661 68.1233 3.34392 -13 2365 1 0 1
7.38313 10.5617 125.556 3.63393 5.61106 74.7797 1.31466 -13 2366 1 0 1
-11.4825 3.37719 125.556 -7.92291 2.82952 71.3857 0.419575 -13 2367 1 0 1
11.5018 9.8156 125.556 6.1868 5.85463 70.3347 0.939515 -13 2368 1 0 1
-6.0167 4.61524 125.556 -2.66803 2.70352 59.6003 0.539774 -13 2369 1 0 1
26.6306 -2.91456 125.556 15.1814 0.408216 69.4726 0.934094 -13 2370 1 0 1
8.79955 12.2741 125.556 4.96933 6.16484 63.7545 -0.369664 -13 2371 1 0 1
-14.9786 7.08901 125.556 -10.7746 5.49774 75.0027 3.64003 -13 2372 1 0 1
6.48036 25.832 125.556 2.926 14.6774 69.1075 1.57621 -13 2373 1 0 1
-21.0574 -1.07246 125.556 -14.9032 -0.800023 73.7034 2.39394 -13 2374 1 0 1
2.09063 -24.908 125.556 1.43302 -10.7684 50.1572 0.779898 -13 2375 1 0 1
10.0066 10.2226 125.556 5.49285 4.96407 63.5028 -0.187184 -13 2376 1 0 1
-3.14553 -0.755621 125.556 -2.20072 -1.40387 69.3358 1.66795 -13 2377 1 0 1
18.5442 20.6676 125.556 10.3736 13.3133 74.4628 1.63883 -13 2378 1 0 1
4.45378 -24.6256 125.556 1.66311 -15.1753 68.8565 3.23921 -13 2379 1 0 1
-7.15054 -7.06747 125.556 -5.136 -4.36259 70.6811 0.266364 -13 2380 1 0 1
-26.9981 5.31871 125.556 -10.7447 2.70174 48.0327 0.498923 -13 2381 1 0 1
-9.83546 -2.71511 125.556 -3.83927 -1.07553 52.8841 0.707149 -13 2382 1 0 1
2.50148 30.1381 125.556 1.13487 15.52 60.5442 -0.490973 -13 2383 1 0 1
-6.00509 16.3648 125.556 -4.48524 8.94728 71.0105 1.14766 -13 2384 1 0 1
-3.3082 -13.1906 125.556 -0.736939 -4.19912 49.5083 1.53914 -13 2385 1 0 1
13.9443 -12.0017 125.556 5.27687 -3.72125 40.4153 -0.635954 -13 2386 1 0 1
-3.04295 -5.83814 125.556 -3.17876 -3.32747 74.7479 3.16141 -13 2387 1 0 1
-21.8452 9.65724 125.556 -16.2083 6.40498 75.9664 0.636374 -13 2388 1 0 1
1.69329 -11.4116 125.556 0.868118 -6.8302 61.3448 -1.44521 -13 2389 1 0 1
16.0313 -2.84555 125.556 8.76861 -1.73519 66.2907 -1.02821 -13 2390 1 0 1
33.5888 -13.8286 125.556 15.6921 -6.86468 52.665 1.38852 -13 2391 1 0 1
-39.5116 -9.32969 125.556 -22.8928 -3.93707 64.8851 0.290409 -13 2392 1 0 1
-6.88028 -2.62639 125.556 -4.78027 -0.765046 69.5459 0.0355153 -13 2393 1 0 1
10.9514 6.27726 125.556 6.09259 4.06753 66.9081 1.56164 -13 2394 1 0 1
9.40526 7.98749 125.556 4.8832 4.96446 70.532 1.68612 -13 2395 1 0 1
-0.508654 -0.0863592 125.556 -0.0612859 1.01516 60.4626 3.24074 -13 2396 1 0 1
3.22525 -3.05808 125.556 0.632326 -2.81234 74.8305 -0.340974 -13 2397 1 0 1
-28.6487 3.85845 125.556 -10.421 -0.291825 45.6479 1.04315 -13 2398 1 0 1
15.2655 -0.318206 125.556 7.63089 0.176526 56.7045 1.34663 -13 2399 1 0 1
-17.1889 -4.94571 125.556 -8.11847 -2.47799 57.6394 1.22582 -13 2400 1 0 1
-18.5907 7.24516 125.556 -5.7658 2.67889 38.9561 -0.416221 -13 2401 1 0 1
-25.0683 13.3284 125.556 -12.0818 6.97603 57.3794 3.0551 -13 2402 1 0 1
15.1627 10.7043 125.556 7.8554 5.57934 53.8395 0.15696 -13 2403 1 0 1
7.43251 21.9564 125.556 3.52576 12.7693 69.1602 1.49548 -13 2404 1 0 1
-1.41845 -10.664 125.556 -1.18053 -6.31939 66.919 1.98021 -13 2405 1 0 1
14.1964 -6.38858 125.556 6.74293 -2.51837 48.9439 -0.151582 -13 2406 1 0 1
-5.65224 12.3044 125.556 -2.65143 5.72655 60.2021 2.96289 -13 2407 1 0 1
-5.7666 -16.6579 125.556 -2.7312 -9.34541 59.5914 0.653926 -13 2408 1 0 1
4.55155 -7.80675 125.556 2.27003 -3.877 67.6874 2.08451 -13 2409 1 0 1
16.6211 13.4683 125.556 9.25925 8.82745 67.5701 -0.73156 -13 2410 1 0 1
-6.27723 2.14217 125.556 -3.15859 1.52898 61.6128 0.238706 -13 2411 1 0 1
-13.951 -14.6688 125.556 -8.3107 -8.85827 66.5195 2.02253 -13 2412 1 0 1
-21.288 -7.07458 125.556 -15.5056 -4.58099 75.6201 3.32482 -13 2413 1 0 1
-9.21255 -5.25525 125.556 -8.80195 -3.01183 78.7909 -2.56763 -13 2414 1 0 1
18.2997 4.42795 125.556 10.5853 0.677011 69.6961 0.588731 -13 2415 1 0 1
-6.54076 7.89973 125.556 -5.33419 4.75539 74.2705 1.51586 -13 2416 1 0 1
-1.16999 -38.5344 125.556 -0.0822147 -15.926 48.8402 4.06301 -13 2417 1 0 1
-16.2036 -2.96014 125.556 -9.64135 -2.38789 66.4271 1.64723 -13 2418 1 0 1
-2.85967 23.3183 125.556 -0.829638 10.0553 51.9341 0.326576 -13 2419 1 0 1
-9.9859 -15.0014 125.556 -7.28695 -9.77587 72.1194 -2.37389 -13 2420 1 0 1
0.0533338 24.8829 125.556 -2.53509 16.4871 77.6858 0.285024 -13 2421 1 0 1
9.74339 21.4267 125.556 5.34171 11.2954 58.8448 0.445323 -13 2422 1 0 1
-7.64972 -19.8547 125.556 -3.20026 -9.60737 55.0026 0.202496 -13 2423 1 0 1
-4.90967 11.7895 125.556 -5.58199 8.32674 78.2611 -0.468203 -13 2424 1 0 1
0.38449 23.3428 125.556 1.01086 8.27524 42.5524 2.63468 -13 2425 1 0 1
13.8837 11.2336 125.556 7.44731 7.05228 66.4378 0.775257 -13 2426 1 0 1
-10.0409 9.99632 125.556 -4.3551 3.5772 54.6723 0.799084 -13 2427 1 0 1
6.28452 -3.11953 125.556 3.16532 -0.93556 46.6143 0.203615 -13 2428 1 0 1
4.01762 11.6023 125.556 0.98451 10.0759 76.972 -1.21931 -13 2429 1 0 1
35.19 -27.5265 125.556 14.6952 -10.9816 46.0068 0.407402 -13 2430 1 0 1
-10.4133 2.90345 125.556 -7.25098 -0.0449297 71.5949 3.1461 -13 2431 1 0 1
11.6953 42.0948 125.556 4.15647 11.7446 33.1356 2.45201 -13 2432 1 0 1
23.5588 -9.29455 125.556 11.5463 -4.84801 54.2029 -0.261665 -13 2433 1 0 1
6.26155 5.74891 125.556 3.42666 2.07922 59.0765 0.232557 -13 2434 1 0 1
-10.9508 -37.7165 125.556 -5.59065 -19.6326 59.8727 1.78071 -13 2435 1 0 1
3.59406 -4.33969 125.556 1.7221 -1.26239 64.4644 1.03437 -13 2436 1 0 1
3.94595 -6.07973 125.556 1.51077 -4.67121 69.3352 0.409333 -13 2437 1 0 1
9.77477 -6.52923 125.556 4.81528 -2.79065 47.6165 0.942532 -13 2438 1 0 1
-7.05129 -4.449 125.556 -5.41103 -3.96028 73.1189 0.984033 -13 2439 1 0 1
-30.7481 -22.936 125.556 -16.7581 -10.9816 62.6376 1.63783 -13 2440 1 0 1
-4.83885 -6.91117 125.556 -1.77575 -4.48847 52.9695 -0.228189 -13 2441 1 0 1
3.48785 10.6051 125.556 2.03642 5.42985 46.2936 0.676362 -13 2442 1 0 1
-0.624063 19.8303 125.556 0.104688 9.53148 53.6742 1.448 -13 2443 1 0 1
-5.50839 -18.1181 125.556 -4.4832 -11.8129 71.0242 1.3122 -13 2444 1 0 1
5.17822 12.5734 125.556 2.6581 7.18588 69.0973 1.17901 -13 2445 1 0 1
0.882118 -2.54803 125.556 -0.201193 -1.31729 69.1836 -1.40676 -13 2446 1 0 1
-2.09938 10.8852 125.556 -2.10732 6.77263 71.9575 -0.285437 -13 2447 1 0 1
-17.8666 -10.7897 125.556 -10.7982 -5.8028 66.6455 -0.157797 -13 2448 1 0 1
-3.13305 -19.1673 125.556 -1.67697 -9.47603 66.0651 1.85714 -13 2449 1 0 1
17.4473 -2.75602 125.556 9.5213 -1.24797 62.8191 1.93463 -13 2450 1 0 1
-13.0491 -15.2247 125.556 -7.46291 -8.14816 64.2173 3.07852 -13 2451 1 0 1
1.73481 -16.3672 125.556 1.24078 -9.17872 60.0825 3.31073 -13 2452 1 0 1
5.02008 9.92132 125.556 2.68859 6.12021 64.9087 1.71717 -13 2453 1 0 1
-9.36562 -22.0535 125.556 -4.45362 -12.7083 60.1204 0.433794 -13 2454 1 0 1
-1.54825 9.71958 125.556 -0.219623 3.95335 56.8662 0.399865 -13 2455 1 0 1
12.2202 2.86011 125.556 6.45756 0.92637 74.5744 -0.438228 -13 2456 1 0 1
-15.5548 -8.31138 125.556 -5.76314 -3.0541 47.0739 0.224563 -13 2457 1 0 1
-9.71658 -26.1183 125.556 -4.69773 -13.0904 57.3768 1.01496 -13 2458 1 0 1
-3.95905 -3.26363 125.556 -2.29509 -1.09593 64.9382 2.78642 -13 2459 1 0 1
4.35954 -1.45097 125.556 2.46033 -1.60187 65.3038 1.10015 -13 2460 1 0 1
-3.20812 -13.5323 125.556 -2.24757 -6.26738 66.3498 -0.364103 -13 2461 1 0 1
-8.77751 36.8621 125.556 -3.4165 17.4906 51.6472 0.371404 -13 2462 1 0 1
-10.6792 33.0065 125.556 -2.8387 11.3349 36.9432 -0.377254 -13 2463 1 0 1
-4.14609 1.4558 125.556 -1.14328 0.84075 52.5085 0.806608 -13 2464 1 0 1
-14.2295 49.3884 125.556 -6.81139 24.0441 56.0073 0.981456 -13 2465 1 0 1
0.995997 -13.389 125.556 1.044 -5.96963 50.8763 1.30648 -13 2466 1 0 1
-7.6725 15.2521 125.556 -1.09421 4.04639 25.9599 1.27842 -13 2467 1 0 1
-2.42074 1.85255 125.556 -1.89255 2.43103 68.8956 1.06517 -13 2468 1 0 1
5.32224 5.58168 125.556 2.71048 1.74823 42.3229 1.13996 -13 2469 1 0 1
-22.2026 5.57812 125.556 -9.53325 2.18784 51.7222 0.852135 -13 2470 1 0 1
-7.43001 9.99885 125.556 -6.77256 6.15648 76.9758 -1.24575 -13 2471 1 0 1
-15.8808 -21.6118 125.556 -9.83018 -12.3541 67.4835 2.47133 -13 2472 1 0 1
8.16613 -0.0380639 125.556 4.29177 -0.78083 46.3993 0.818555 -13 2473 1 0 1
5.16948 21.7573 125.556 1.93177 6.41614 30.8306 3.84768 -13 2474 1 0 1
24.8026 2.02446 125.556 13.2711 1.09971 61.3305 1.02118 -13 2475 1 0 1
-14.2082 -24.5118 125.556 -6.29287 -11.7198 54.4919 0.757912 -13 2476 1 0 1
5.30794 -2.33229 125.556 2.9267 -0.758664 64.531 -0.114218 -13 2477 1 0 1
-2.7356 7.60686 125.556 -1.34287 2.8668 63.9476 0.0679274 -13 2478 1 0 1
-5.27094 7.22259 125.556 -3.9479 4.60221 72.2361 -0.812866 -13 2479 1 0 1
-10.8624 9.55338 125.556 -3.39893 3.20881 41.7357 -0.580656 -13 2480 1 0 1
-6.91503 5.51014 125.556 -6.44752 5.51207 77.1908 1.46867 -13 2481 1 0 1
14.7669 30.9824 125.556 7.77665 15.132 62.3447 1.91286 -13 2483 1 0 1
-19.0838 -19.2388 125.556 -11.9755 -10.9365 68.2019 1.71965 -13 2485 1 0 1
20.0426 8.78915 125.556 10.7231 5.35433 58.2987 -1.13 -13 2486 1 0 1
-7.06358 -5.46768 125.556 -6.67796 -3.58907 78.7552 -0.095487 -13 2487 1 0 1
-1.0519 -1.81623 125.556 -2.1362 -1.09212 75.9238 -0.387147 -13 2488 1 0 1
11.4065 -74.2053 125.556 4.34011 -28.2176 42.8498 0.838718 -13 2489 1 0 1
-5.29574 -4.41699 125.556 -2.98854 -2.18714 64.4711 -1.01639 -13 2490 1 0 1
-5.95338 16.4094 125.556 -3.56632 8.45034 65.8242 2.16179 -13 2491 1 0 1
4.64056 -8.18129 125.556 2.294 -4.46396 69.7839 1.84113 -13 2492 1 0 1
-20.2116 22.2273 125.556 -14.26 14.2433 74.0703 -0.310821 -13 2493 1 0 1
1.87836 -9.55602 125.556 1.53622 -4.4461 56.2812 -1.11101 -13 2494 1 0 1
-2.10495 1.48816 125.556 -1.92568 1.87624 70.5033 2.81329 -13 2495 1 0 1
16.0265 -0.283117 125.556 6.69588 0.0305332 42.3624 1.97431 -13 2496 1 0 1
1.80537 -3.7208 125.556 -0.811425 -3.58955 80.0829 1.13525 -13 2497 1 0 1
6.59226 16.7351 125.556 3.26815 9.62124 71.8324 -0.416421 -13 2498 1 0 1
-3.40949 -2.06548 125.556 -2.71447 -1.24968 70.6745 1.25654 -13 2499 1 0 1
1.02246 2.47081 125.556 -0.979274 0.306862 78.2012 1.69302 -13 2500 1 0 1
6.05676 7.37884 125.556 2.52751 6.03522 76.0088 0.440923 -13 2501 1 0 1
-13.2027 13.0773 125.556 -6.92948 6.34005 61.4235 0.908208 -13 2502 1 0 1
10.6906 15.0526 125.556 5.78697 8.25731 66.7377 -1.4995 -13 2503 1 0 1
-6.45232 -4.25975 125.556 -3.69509 -0.962908 65.0886 1.18003 -13 2504 1 0 1
-2.58447 -33.5778 125.556 -0.592405 -13.9023 48.3067 0.469816 -13 2505 1 0 1
11.0341 26.8767 125.556 5.4262 12.3448 51.7054 2.40438 -13 2506 1 0 1
28.0871 -27.4092 125.556 12.2453 -11.1509 47.8223 -0.111328 -13 2507 1 0 1
8.16498 17.758 125.556 4.40501 8.96707 56.1692 -0.267712 -13 2508 1 0 1
-14.4245 30.8058 125.556 -4.72263 11.9255 43.1578 1.91133 -13 2509 1 0 1
6.4695 -4.84531 125.556 3.34807 -3.16906 69.42 0.212125 -13 2510 1 0 1
-35.321 5.61641 125.556 -16.9444 2.24482 55.5685 0.672655 -13 2511 1 0 1
7.69874 -25.5878 125.556 3.98114 -13.299 54.0047 1.10193 -13 2512 1 0 1
16.0411 -11.0901 125.556 7.99337 -6.56962 54.4203 0.896768 -13 2513 1 0 1
7.60231 -6.22916 125.556 3.92299 -4.01668 72.9699 0.703167 -13 2514 1 0 1
10.2007 -6.52269 125.556 5.60172 -4.45015 68.214 2.60473 -13 2515 1 0 1
-0.570338 12.1743 125.556 -0.477364 7.4046 66.0324 1.69565 -13 2516 1 0 1
-10.7432 -5.00918 125.556 -7.36447 -1.56297 70.4364 1.88799 -13 2517 1 0 1
0.76804 -29.2906 125.556 0.629842 -14.4564 60.778 0.426689 -13 2518 1 0 1
-1.05122 -8.54616 125.556 -2.16718 -5.92896 76.3359 -0.0430871 -13 2519 1 0 1
-3.05864 5.86647 125.556 -2.15778 4.12824 67.385 -0.822208 -13 2520 1 0 1
-10.5409 -14.8485 125.556 -6.10422 -8.80466 65.3934 1.08802 -13 2521 1 0 1
0.0129491 3.33076 125.556 0.794982 2.34876 55.9124 1.03041 -13 2522 1 0 1
8.70033 2.63637 125.556 4.43667 1.48254 70.1933 0.905969 -13 2523 1 0 1
-8.9261 17.4873 125.556 -6.73336 10.9319 72.1038 1.24422 -13 2524 1 0 1
4.10057 10.5323 125.556 1.72662 6.80818 70.6061 1.02654 -13 2525 1 0 1
-3.39987 0.214746 125.556 -1.14749 0.954738 55.7636 2.04983 -13 2526 1 0 1
-3.70002 -8.81496 125.556 -2.36234 -3.94932 66.5251 -0.922315 -13 2527 1 0 1
-7.7524 15.5202 125.556 -3.00055 6.96886 54.5689 0.829061 -13 2528 1 0 1
11.4235 2.6741 125.556 6.2303 1.61656 70.2541 -0.550247 -13 2529 1 0 1
-14.5158 -7.5338 125.556 -5.75192 -2.78989 51.8545 2.903 -13 2530 1 0 1
0.513629 -30.7227 125.556 -0.0376933 -18.2759 63.9812 0.0777209 -13 2531 1 0 1
7.8627 -12.7606 125.556 3.91414 -7.7399 68.2573 -1.09333 -13 2532 1 0 1
20.7728 2.15349 125.556 10.2911 -0.594857 57.1354 -0.763936 -13 2533 1 0 1
8.45047 9.00361 125.556 4.61717 5.03065 69.9004 3.18968 -13 2534 1 0 1
-17.798 1.02505 125.556 -8.17581 0.220428 55.5909 0.890953 -13 2535 1 0 1
30.094 25.9488 125.556 13.177 10.2823 47.3366 0.727301 -13 2536 1 0 1
10.3852 -15.4401 125.556 5.1729 -6.61597 47.4815 0.850434 -13 2537 1 0 1
-4.55246 6.14865 125.556 -3.46752 2.72653 71.5463 0.820996 -13 2538 1 0 1
-7.70894 3.74814 125.556 -4.99721 1.88153 68.3206 2.20694 -13 2539 1 0 1
16.9082 -2.88359 125.556 9.37774 -2.47413 69.247 3.59207 -13 2542 1 0 1
-8.32799 -20.7527 125.556 -5.08857 -12.4924 66.2427 0.500817 -13 2543 1 0 1
-7.6818 -8.92697 125.556 -3.65012 -4.23867 62.3502 0.97495 -13 2544 1 0 1
1.91536 10.7124 125.556 1.01151 6.72156 68.7995 0.995334 -13 2546 1 0 1
4.88117 -1.63064 125.556 2.5797 -1.8784 69.9653 1.17845 -13 2547 1 0 1
13.4818 29.7337 125.556 7.07301 15.4816 61.4619 0.246091 -13 2549 1 0 1
94.9892 32.1272 125.556 24.7941 7.9611 29.0986 2.66977 -13 2550 1 0 1
2.96405 22.1681 125.556 1.8752 9.26282 46.3255 1.24015 -13 2551 1 0 1
20.5878 -8.48919 125.556 10.3913 -4.35143 55.3196 0.827425 -13 2552 1 0 1
-4.13465 -14.8345 125.556 -0.694453 -5.11746 44.3794 0.100299 -13 2553 1 0 1
15.1753 -10.8121 125.556 7.71913 -4.59734 56.1881 0.019624 -13 2554 1 0 1
0.193038 18.4148 125.556 -1.72486 13.1771 76.312 1.41053 -13 2555 1 0 1
10.2386 16.4334 125.556 5.23213 7.32256 53.6527 2.31687 -13 2556 1 0 1
-9.2907 10.4845 125.556 -4.62213 4.94723 59.7054 -0.463132 -13 2557 1 0 1
-10.0901 19.4998 125.556 -4.84141 9.65135 57.6507 1.70129 -13 2558 1 0 1
-10.2085 11.095 125.556 -10.3572 8.98616 79.0805 1.09431 -13 2559 1 0 1
-3.17181 6.78022 125.556 -0.888948 3.80082 54.176 0.603636 -13 2560 1 0 1
-10.768 -4.68657 125.556 -7.88655 -2.91488 72.113 -0.836837 -13 2561 1 0 1
5.01742 -14.0328 125.556 1.91229 -9.80106 73.9803 1.57544 -13 2562 1 0 1
-12.1153 17.3166 125.556 -9.86923 14.1388 76.4228 2.60117 -13 2563 1 0 1
0.423391 21.3005 125.556 -1.41448 14.4447 76.1179 2.68503 -13 2564 1 0 1
8.47936 -19.3657 125.556 4.73843 -10.4141 57.6788 0.208642 -13 2565 1 0 1
16.2563 -6.53721 125.556 9.01549 -3.15428 67.1261 0.0550956 -13 2566 1 0 1
-4.8869 11.493 125.556 -2.52306 6.67103 62.9989 1.878 -13 2568 1 0 1
28.6036 14.1731 125.556 14.646 6.25201 59.7539 -0.188694 -13 2569 1 0 1
-5.65982 -9.99771 125.556 -4.0441 -5.1626 67.5378 -0.33898 -13 2570 1 0 1
1.85121 -0.535425 125.556 0.701875 0.369206 67.7079 2.34538 -13 2571 1 0 1
-14.8367 -6.26075 125.556 -10.6243 -3.0001 73.179 0.438234 -13 2572 1 0 1
-25.6838 13.6767 125.556 -6.94826 2.90904 32.6669 1.71744 -13 2573 1 0 1
10.4224 -1.43619 125.556 4.63947 -0.329604 42.2124 2.79281 -13 2574 1 0 1
-29.307 -12.2628 125.556 -15.9902 -6.86515 62.3093 -1.63681 -13 2575 1 0 1
-12.9625 -11.8248 125.556 -1.88554 -1.59487 18.9365 1.07911 -13 2576 1 0 1
-5.88522 -9.09267 125.556 -4.87091 -6.18128 74.0783 2.05649 -13 2577 1 0 1
-9.74522 9.24895 125.556 -4.87345 6.73224 60.6905 0.524289 -13 2578 1 0 1
24.3459 11.2125 125.556 8.91199 2.81458 39.8237 3.53646 -13 2579 1 0 1
17.6235 8.70597 125.556 10.0811 3.93515 72.3082 1.33615 -13 2580 1 0 1
10.021 -21.0941 125.556 3.25501 -4.91184 29.3642 -1.22258 -13 2582 1 0 1
1.34193 -2.83499 125.556 0.428591 -3.92437 67.0754 1.49833 -13 2583 1 0 1
-47.9312 2.18452 125.556 -23.5797 0.713953 56.3671 -0.223058 -13 2584 1 0 1
-5.87777 -10.7746 125.556 -2.82534 -5.42664 58.6703 0.923749 -13 2585 1 0 1
-6.86636 -14.266 125.556 -3.57483 -7.03213 60.8464 0.0332023 -13 2586 1 0 1
0.424515 -1.17744 125.556 0.833452 -0.552724 55.2719 -1.56407 -13 2587 1 0 1
29.1858 25.1846 125.556 10.439 7.8273 38.3175 1.20225 -13 2588 1 0 1
6.85311 -16.7996 125.556 3.77881 -8.27499 45.3662 0.72094 -13 2589 1 0 1
2.71319 -17.4759 125.556 1.3152 -10.481 64.2244 0.172315 -13 2590 1 0 1
0.677924 16.6593 125.556 0.0652549 9.81114 61.7041 -1.37812 -13 2591 1 0 1
2.63761 -11.5885 125.556 1.52599 -7.79655 62.9378 0.405725 -13 2592 1 0 1
-5.82014 -12.9319 125.556 -3.55217 -8.69284 66.7089 0.791159 -13 2593 1 0 1
-9.87799 -9.7559 125.556 -7.02916 -5.44672 71.1383 2.90302 -13 2594 1 0 1
21.1533 13.8563 125.556 12.0947 9.90479 77.4685 -0.397454 -13 2595 1 0 1
-25.219 11.5624 125.556 -14.9237 5.04589 67.2473 2.25302 -13 2596 1 0 1
-5.51618 5.30316 125.556 -1.78711 1.98336 50.0926 0.0791474 -13 2597 1 0 1
11.6976 -12.8006 125.556 4.53711 -4.11885 38.8462 0.23223 -13 2598 1 0 1
13.0773 -36.1476 125.556 6.72734 -17.9315 58.4042 1.42975 -13 2599 1 0 1
6.52357 -0.7533 125.556 3.19186 -2.1946 68.8606 0.914859 -13 2600 1 0 1
8.16777 20.0837 125.556 4.13122 10.782 64.6733 0.291794 -13 2601 1 0 1
-18.7819 -8.72925 125.556 -12.2912 -6.53148 70.7189 1.30345 -13 2602 1 0 1
14.017 -25.7493 125.556 6.17293 -9.63437 44.682 1.49508 -13 2603 1 0 1
-8.44474 0.417182 125.556 -4.84377 -1.6411 65.7092 -0.212301 -13 2604 1 0 1
10.3086 -5.89287 125.556 5.5633 -1.49902 60.8001 3.12327 -13 2605 1 0 1
-15.431 1.61535 125.556 -8.49479 0.324163 63.6851 1.38616 -13 2606 1 0 1
10.8194 -27.5188 125.556 5.92615 -14.3646 62.2167 2.53107 -13 2607 1 0 1
-8.21734 -10.1243 125.556 -5.91812 -5.67337 70.6481 2.82715 -13 2608 1 0 1
9.29528 -5.12135 125.556 4.70381 -3.79624 74.7329 0.716203 -13 2609 1 0 1
17.0387 9.56912 125.556 9.0893 5.21837 64.1842 0.3779 -13 2610 1 0 1
0.938538 -15.1813 125.556 0.266049 -9.01526 66.7361 0.390595 -13 2611 1 0 1
-1.44742 -15.8064 125.556 -0.754304 -10.325 63.2785 1.35653 -13 2612 1 0 1
12.965 -11.2587 125.556 7.17576 -6.05221 68.8982 1.35781 -13 2613 1 0 1
17.7205 -7.2633 125.556 7.91129 -3.20308 46.8032 2.31714 -13 2614 1 0 1
5.6233 6.25502 125.556 2.96064 2.83419 65.5967 0.617459 -13 2615 1 0 1
9.3298 24.1851 125.556 4.49843 10.6217 51.5906 0.717148 -13 2616 1 0 1
-35.0517 0.774137 125.556 -21.7726 -0.666762 68.5096 0.031242 -13 2617 1 0 1
7.00335 -40.6739 125.556 2.8552 -11.4625 35.103 -2.43735 -13 2618 1 0 1
-2.62367 -27.8714 125.556 0.141983 -9.24115 37.8016 1.60333 -13 2619 1 0 1
21.7283 -76.5782 125.556 6.51079 -21.461 31.2201 0.109614 -13 2621 1 0 1
30.0858 -18.0716 125.556 14.0023 -8.25067 52.9241 2.34087 -13 2622 1 0 1
-19.9863 -0.335512 125.556 -11.4727 -0.497969 65.1698 2.60698 -13 2623 1 0 1
-27.1541 -11.6725 125.556 -9.88861 -5.3008 44.6645 0.274381 -13 2624 1 0 1
-24.5962 -13.7205 125.556 -14.707 -7.86128 66.6435 -0.101392 -13 2625 1 0 1
56.0893 48.7495 125.556 25.8444 21.4991 52.5345 -0.146283 -13 2626 1 0 1
28.9188 3.73189 125.556 15.8124 2.41841 64.8187 1.39017 -13 2627 1 0 1
-34.0622 12.179 125.556 -19.8799 7.75028 65.6362 0.170451 -13 2628 1 0 1
-25.3933 6.14214 125.556 -15.6109 3.45825 68.0464 2.44121 -13 2629 1 0 1
-5.99259 38.1679 125.556 -2.1007 17.4672 53.0543 -0.249364 -13 2630 1 0 1
-4.07232 -1.33883 125.556 -5.11944 -0.858534 80.5807 1.27482 -13 2631 1 0 1
-3.2619 31.3033 125.556 -1.01346 14.7372 53.2666 0.35907 -13 2633 1 0 1
-13.6724 3.26641 125.556 -7.45939 2.07294 63.4998 2.1046 -13 2634 1 0 1
2.07953 14.2997 125.556 1.41364 6.05941 49.3188 1.41737 -13 2635 1 0 1
14.9212 24.7904 125.556 8.04827 14.5457 63.2697 0.0915862 -13 2636 1 0 1
-10.7235 -12.9896 125.556 -6.99465 -8.07808 68.3119 -1.54946 -13 2637 1 0 1
-2.72374 23.2496 125.556 -4.04203 16.0359 79.083 2.39639 -13 2638 1 0 1
4.71517 49.2328 125.556 2.45298 22.4141 50.5131 1.03243 -13 2640 1 0 1
-2.82393 -9.27012 125.556 -0.445738 -3.65937 51.3236 0.747678 -13 2641 1 0 1
-9.64833 -8.94915 125.556 -5.98136 -4.58247 66.6313 0.226263 -13 2642 1 0 1
-2.55193 -4.24788 125.556 -3.76746 -2.76287 77.8282 0.656293 -13 2643 1 0 1
-8.41305 -11.8122 125.556 -4.67115 -6.70221 64.6958 1.83976 -13 2644 1 0 1
3.26019 13.3982 125.556 1.39072 8.01278 72.1238 1.11935 -13 2645 1 0 1
-2.17627 2.89084 125.556 -0.313939 1.5955 48.2179 -1.27275 -13 2646 1 0 1
61.8113 -36.8318 125.556 29.1682 -17.9196 55.1083 1.39604 -13 2647 1 0 1
-2.59199 0.816049 125.556 -2.19634 1.0096 70.6149 0.652734 -13 2648 1 0 1
1.22237 12.4351 125.556 -0.741803 6.91809 76.1047 0.231063 -13 2649 1 0 1
-12.9835 -5.13813 125.556 -7.21989 -2.24984 64.0332 0.633527 -13 2650 1 0 1
-28.2472 -6.42041 125.556 -15.2111 -3.22184 61.986 -0.14554 -13 2651 1 0 1
4.7366 26.9301 125.556 2.70227 10.7932 47.3509 1.15047 -13 2652 1 0 1
5.74676 -3.40626 125.556 2.33439 -2.12876 77.3102 -0.907978 -13 2654 1 0 1
5.59835 6.81063 125.556 3.06098 3.73206 52.5492 -0.272411 -13 2655 1 0 1
-3.25974 9.45354 125.556 -3.03099 6.22259 71.5054 -0.39776 -13 2656 1 0 1
-21.1681 -13.5883 125.556 -12.875 -6.47981 66.4641 -1.58125 -13 2657 1 0 1
-10.8507 12.7363 125.556 -3.76012 5.885 45.6175 1.44213 -13 2658 1 0 1
15.8408 9.97985 125.556 8.41314 5.70324 59.523 2.21569 -13 2660 1 0 1
-6.01493 14.9559 125.556 -3.94417 10.2377 69.5189 3.19592 -13 2661 1 0 1
-5.85606 3.29936 125.556 -3.60824 2.60318 64.8931 -0.0946912 -13 2662 1 0 1
-3.28305 -0.208049 125.556 -0.964328 -0.158726 51.3524 2.00504 -13 2663 1 0 1
12.8125 -40.0106 125.556 6.18632 -18.1099 51.2766 3.40026 -13 2664 1 0 1
2.28308 -13.1433 125.556 1.70783 -7.19062 56.5522 2.14253 -13 2665 1 0 1
-7.03326 -8.48609 125.556 -2.67125 -3.33344 54.6709 -0.583245 -13 2666 1 0 1
-4.75878 1.0975 125.556 -5.13112 0.722329 77.3235 0.248901 -13 2667 1 0 1
-4.49493 -6.77193 125.556 -3.90141 -4.0702 74.6754 -1.11819 -13 2668 1 0 1
-15.627 12.0684 125.556 -8.01743 6.55398 61.2279 1.73742 -13 2670 1 0 1
4.12974 -22.0102 125.556 2.19858 -11.6022 60.002 1.54268 -13 2671 1 0 1
-11.6698 -10.1757 125.556 -8.32477 -7.70697 72.6433 0.799851 -13 2672 1 0 1
27.2938 6.99201 125.556 15.5315 1.09955 71.2074 1.70222 -13 2673 1 0 1
-2.019 -0.0314118 125.556 -2.28638 -1.29341 72.6053 -0.980671 -13 2674 1 0 1
-32.5472 0.667492 125.556 -21.6915 -0.270498 72.0765 -0.777822 -13 2675 1 0 1
2.70026 -7.22563 125.556 1.38232 -4.71273 58.1786 2.78581 -13 2676 1 0 1
9.29134 12.0773 125.556 5.2657 5.33033 57.18 1.53602 -13 2677 1 0 1
11.081 -15.7812 125.556 5.88129 -9.48861 69.7898 -0.297611 -13 2678 1 0 1
-15.4147 14.7691 125.556 -9.2461 8.08802 65.5271 0.0134972 -13 2679 1 0 1
-5.70058 24.1803 125.556 -4.13608 14.6492 67.4139 -0.331683 -13 2680 1 0 1
-9.17425 -0.263011 125.556 -5.66726 -0.776771 66.3175 0.862212 -13 2681 1 0 1
28.2748 -8.95703 125.556 8.51259 -2.31577 31.715 0.532073 -13 2682 1 0 1
6.60977 -7.2582 125.556 2.82596 -3.30966 76.3065 -0.0740564 -13 2683 1 0 1
-5.72008 6.58176 125.556 -2.77903 3.88307 61.876 0.576618 -13 2684 1 0 1
14.943 -0.966136 125.556 7.95345 -0.00682787 57.9557 -0.473977 -13 2685 1 0 1
-20.8548 5.27475 125.556 -11.245 2.04743 62.3949 0.753301 -13 2686 1 0 1
2.20309 -6.94207 125.556 1.30037 -3.04034 60.8412 1.2183 -13 2687 1 0 1
-20.1087 -3.86371 125.556 -7.06189 -2.22659 44.5189 0.353661 -13 2688 1 0 1
-6.99985 17.2832 125.556 -4.473 9.76644 68.1259 1.81587 -13 2689 1 0 1
6.44156 -8.63595 125.556 3.31047 -4.25497 70.6395 2.13025 -13 2690 1 0 1
17.6779 -9.95631 125.556 9.28453 -4.38673 57.7807 -0.780825 -13 2691 1 0 1
-11.1878 12.5643 125.556 -5.14715 6.45365 57.5003 0.0318215 -13 2692 1 0 1
6.16368 -38.7986 125.556 2.8725 -21.34 59.3566 0.833145 -13 2693 1 0 1
-13.8069 -7.28853 125.556 -3.94435 -1.95766 38.1562 0.739924 -13 2694 1 0 1
3.30314 19.7054 125.556 1.73432 10.7664 58.6977 -0.743586 -13 2695 1 0 1
-21.1961 -25.7416 125.556 -8.72565 -11.9931 50.42 3.20122 -13 2696 1 0 1
46.0048 -18.7079 125.556 19.9024 -8.5504 48.8449 2.06864 -13 2697 1 0 1
11.2415 21.5515 125.556 6.20708 12.4856 68.1119 -1.29335 -13 2698 1 0 1
-21.895 1.72256 125.556 -7.79943 0.652787 44.3433 0.725554 -13 2699 1 0 1
-17.1806 -17.9748 125.556 -9.06429 -8.56496 62.0609 -0.750114 -13 2700 1 0 1
-22.8356 -2.8732 125.556 -12.0712 -1.31929 61.8278 1.33178 -13 2701 1 0 1
-16.9843 -14.3407 125.556 -6.01211 -6.02151 44.8092 0.524791 -13 2702 1 0 1
-1.13621 2.99292 125.556 -1.6711 1.6259 72.0287 2.47338 -13 2703 1 0 1
-13.9724 16.0978 125.556 -7.34985 9.385 61.3714 0.230091 -13 2704 1 0 1
8.31515 -23.7558 125.556 4.56617 -12.3899 62.7793 0.496222 -13 2705 1 0 1
-14.7829 27.6452 125.556 -6.92287 12.4029 56.4509 3.53449 -13 2706 1 0 1
-13.4569 9.23013 125.556 -7.11273 5.07085 60.8973 0.467328 -13 2707 1 0 1
5.12511 -7.31151 125.556 2.24128 -6.91235 70.7363 -1.2583 -13 2708 1 0 1
-3.19268 17.1 125.556 -3.22279 12.8113 73.2982 1.10599 -13 2709 1 0 1
-18.3455 15.1302 125.556 -10.1975 9.17273 63.8171 -0.13081 -13 2710 1 0 1
-11.8839 -9.57229 125.556 -9.58468 -5.65143 77.0588 0.757277 -13 2711 1 0 1
8.94557 -27.7176 125.556 4.43037 -15.7605 71.5553 -1.35021 -13 2712 1 0 1
-10.9133 -18.8454 125.556 -9.1458 -11.7853 77.051 -1.38202 -13 2713 1 0 1
-28.1411 -24.2382 125.556 -14.0524 -13.0349 57.1988 0.420622 -13 2714 1 0 1
-17.0647 -6.34035 125.556 -10.1865 -3.5256 67.7013 0.152188 -13 2715 1 0 1
-20.9756 11.6648 125.556 -7.61138 4.41936 46.6798 2.73993 -13 2716 1 0 1
4.62777 6.44471 125.556 2.36276 2.84408 66.9361 1.89525 -13 2717 1 0 1
22.8302 -10.5955 125.556 11.4351 -5.27872 55.2242 2.0578 -13 2718 1 0 1
0.485417 -7.38458 125.556 -2.12602 -6.93751 80.6434 0.508259 -13 2719 1 0 1
-2.75705 32.7451 125.556 -0.772673 13.8677 48.5944 1.08999 -13 2720 1 0 1
15.675 -12.3772 125.556 8.24162 -6.02219 56.5987 -1.4451 -13 2721 1 0 1
13.5321 -9.05799 125.556 7.43457 -3.54518 70.4131 -0.140074 -13 2722 1 0 1
-10.8922 4.34936 125.556 -6.8445 1.92407 69.1605 0.943853 -13 2723 1 0 1
19.7657 -19.7098 125.556 7.9131 -6.81147 41.4411 1.87032 -13 2724 1 0 1
-3.61289 -6.22152 125.556 -2.24463 -4.26455 66.3261 -0.090843 -13 2725 1 0 1
9.89423 8.42729 125.556 5.41503 5.94114 65.9935 -0.307686 -13 2726 1 0 1
6.27303 -34.351 125.556 2.17668 -9.48685 29.4611 1.65288 -13 2727 1 0 1
-13.1222 -26.6955 125.556 -6.00792 -13.6529 54.8363 1.18675 -13 2729 1 0 1
19.749 28.9402 125.556 10.1676 15.9819 60.4784 1.1305 -13 2730 1 0 1
10.7642 9.89545 125.556 5.44941 4.59542 53.9095 1.56568 -13 2731 1 0 1
-24.7525 -16.6886 125.556 -13.6903 -9.47908 62.6472 0.718486 -13 2732 1 0 1
-29.1393 -29.7316 125.556 -14.2646 -15.2102 57.0858 -0.575538 -13 2733 1 0 1
-9.47932 -11.1979 125.556 -8.58112 -7.23707 79.5898 0.079251 -13 2734 1 0 1
29.7047 -5.85635 125.556 15.3948 -2.49003 59.7555 0.213507 -13 2735 1 0 1
4.20706 -9.72574 125.556 2.15386 -4.31345 65.7338 0.554535 -13 2736 1 0 1
-2.5236 -11.5689 125.556 -2.73053 -6.39675 73.5898 1.03869 -13 2737 1 0 1
1.96345 0.796942 125.556 0.790692 -0.171556 67.6517 1.32999 -13 2738 1 0 1
-5.0622 -35.908 125.556 -2.34639 -18.6853 58.0469 1.08143 -13 2739 1 0 1
10.0247 -19.0395 125.556 5.01966 -11.5966 73.2264 2.19269 -13 2740 1 0 1
11.6709 -4.73557 125.556 6.4132 -1.03299 57.5021 1.09267 -13 2741 1 0 1
0.613898 -2.75434 125.556 0.10673 -0.572949 65.8692 0.433457 -13 2742 1 0 1
9.42373 -5.79613 125.556 5.24898 -4.5429 66.1256 2.00547 -13 2743 1 0 1
-11.1311 29.585 125.556 -6.58 17.7645 63.8095 0.144585 -13 2744 1 0 1
21.4713 -21.5999 125.556 11.1005 -11.9283 58.9182 0.862817 -13 2745 1 0 1
-54.4033 68.6755 125.556 -18.6382 22.9097 39.7261 -1.3691 -13 2746 1 0 1
12.3626 -0.285894 125.556 6.60365 -0.448459 59.3133 0.811959 -13 2747 1 0 1
0.038937 18.0999 125.556 -1.29059 12.2653 73.846 -0.217764 -13 2748 1 0 1
-3.69437 19.5224 125.556 -5.13066 14.0932 78.886 0.686344 -13 2749 1 0 1
-35.9495 26.4124 125.556 -21.3396 13.6017 65.8645 0.96164 -13 2750 1 0 1
-31.8255 -6.21585 125.556 -16.0392 -2.41843 58.8359 0.433786 -13 2751 1 0 1
-17.0772 -3.96899 125.556 -8.37073 -2.8899 58.6073 0.526075 -13 2752 1 0 1
0.357297 3.95879 125.556 0.879975 1.58694 52.9286 0.937085 -13 2753 1 0 1
6.20832 12.084 125.556 3.3942 5.08737 49.9575 0.831805 -13 2754 1 0 1
24.1406 5.43833 125.556 9.84538 1.71867 45.0059 -0.765487 -13 2755 1 0 1
-10.6779 -2.79698 125.556 -8.13921 -0.533689 74.0133 -1.77931 -13 2756 1 0 1
2.41416 -8.77684 125.556 1.39016 -6.72963 62.8438 1.26208 -13 2757 1 0 1
8.83552 -12.8118 125.556 4.82943 -6.69771 60.3964 0.520835 -13 2758 1 0 1
9.86303 10.3307 125.556 5.20503 6.41137 68.0199 1.63952 -13 2759 1 0 1
11.7986 12.4158 125.556 3.80198 3.27294 27.7391 3.09977 -13 2760 1 0 1
-10.268 1.07545 125.556 -5.05286 1.1137 59.999 0.675219 -13 2761 1 0 1
-13.6275 2.15725 125.556 -8.59405 1.1671 67.5143 2.55523 -13 2762 1 0 1
24.3478 -12.1665 125.556 11.3647 -5.5762 49.7831 0.0635612 -13 2763 1 0 1
-16.3423 10.0194 125.556 -13.6778 5.75142 80.0405 -0.82401 -13 2764 1 0 1
-20.6623 -31.4138 125.556 -10.3233 -15.3929 58.7606 0.339845 -13 2765 1 0 1
-10.0931 5.78194 125.556 -8.03119 1.34448 75.1782 -1.22056 -13 2766 1 0 1
15.9814 -7.66727 125.556 8.17343 -4.20444 55.2817 1.35815 -13 2767 1 0 1
-0.927851 12.5069 125.556 0.435644 5.61015 49.7734 -1.89975 -13 2768 1 0 1
0.435774 10.3528 125.556 0.0667399 7.5043 65.859 0.543904 -13 2769 1 0 1
-14.0165 2.085 125.556 -7.73949 2.21554 65.4297 2.9932 -13 2770 1 0 1
46.3283 41.0605 125.556 20.495 18.3476 51.0006 2.88803 -13 2771 1 0 1
4.01344 3.28985 125.556 2.62913 2.60996 58.0766 1.40399 -13 2772 1 0 1
-16.5293 -14.5097 125.556 -10.6374 -8.8344 68.7331 1.0894 -13 2773 1 0 1
-4.02219 -9.58877 125.556 -3.14902 -6.96794 70.3547 1.98045 -13 2774 1 0 1
-8.01811 3.26497 125.556 -3.7001 1.08921 57.739 0.613563 -13 2775 1 0 1
-12.8453 -2.63131 125.556 -6.97038 -2.4461 64.1507 3.18698 -13 2776 1 0 1
49.5419 21.3881 125.556 23.4913 10.431 55.5766 1.20218 -13 2777 1 0 1
11.835 -1.78675 125.556 6.5353 -0.714368 70.2029 1.17744 -13 2778 1 0 1
-9.125 20.1485 125.556 -5.50909 11.8193 64.4632 0.874847 -13 2780 1 0 1
-3.53275 7.90076 125.556 -2.38247 5.03989 68.2627 -0.000862348 -13 2781 1 0 1
-1.94749 -13.2211 125.556 -1.07145 -6.72907 63.9515 2.23369 -13 2782 1 0 1
-11.8332 3.47907 125.556 -7.96894 3.08561 70.9001 0.248917 -13 2783 1 0 1
-19.4919 -13.67 125.556 -4.72923 -4.80817 31.5159 1.77367 -13 2784 1 0 1
-11.7502 -14.2059 125.556 -8.34119 -7.89677 71.3691 2.07649 -13 2785 1 0 1
0.576091 0.617777 125.556 0.763448 0.265997 58.8901 -0.235463 -13 2786 1 0 1
-3.76103 -0.573493 125.556 -2.46275 0.791861 68.0157 1.16581 -13 2787 1 0 1
0.680985 -24.7903 125.556 0.636766 -11.6819 56.0252 1.45771 -13 2788 1 0 1
16.2381 3.54532 125.556 8.93228 0.401219 62.3912 -0.0412931 -13 2789 1 0 1
-13.491 -18.6897 125.556 -5.48092 -6.84544 51.1003 1.15977 -13 2790 1 0 1
5.82655 -12.6739 125.556 3.14289 -6.01649 64.6762 -0.457731 -13 2791 1 0 1
-12.9776 2.55869 125.556 -7.49385 2.8815 64.7702 -0.60151 -13 2792 1 0 1
12.7755 -18.5767 125.556 7.00299 -9.99882 64.3404 0.80452 -13 2793 1 0 1
1.55866 15.0609 125.556 0.0479119 8.49168 73.1413 0.570727 -13 2794 1 0 1
7.00307 -23.9251 125.556 3.92513 -11.5193 60.2664 0.125042 -13 2795 1 0 1
2.63596 -7.33167 125.556 1.33428 -2.02523 28.1258 1.52937 -13 2796 1 0 1
-10.7178 9.3146 125.556 -7.18832 6.03767 69.4408 0.573366 -13 2797 1 0 1
-7.0266 -9.74555 125.556 -6.15017 -5.50997 75.3329 0.53762 -13 2798 1 0 1
6.68195 8.15989 125.556 3.62365 3.2185 52.8274 1.95725 -13 2799 1 0 1
2.11651 3.59936 125.556 1.79217 2.17848 51.3104 0.57784 -13 2800 1 0 1
-12.349 -9.78677 125.556 -8.91003 -8.03225 73.6281 0.80984 -13 2801 1 0 1
-7.25185 9.9266 125.556 -5.48714 6.50979 72.8062 -0.960025 -13 2802 1 0 1
3.01891 9.47914 125.556 -0.254395 7.58977 80.1965 1.89949 -13 2804 1 0 1
-5.80072 -11.5864 125.556 -4.93814 -8.41637 73.331 2.30584 -13 2805 1 0 1
33.912 2.60632 125.556 17.0084 0.726933 56.5861 1.53246 -13 2806 1 0 1
2.75272 38.8449 125.556 0.940096 22.594 66.4902 1.18369 -13 2807 1 0 1
13.2856 -4.01795 125.556 7.05848 -2.10917 69.9856 0.630964 -13 2808 1 0 1
4.01043 28.0843 125.556 2.6977 12.2221 49.3585 0.339166 -13 2809 1 0 1
-6.73321 18.111 125.556 -5.23702 11.3379 71.6963 1.65452 -13 2810 1 0 1
9.23398 -29.688 125.556 4.86589 -13.4097 52.0402 0.497253 -13 2811 1 0 1
18.6824 8.46741 125.556 10.5947 3.97871 67.9002 0.899667 -13 2812 1 0 1
15.6285 6.03883 125.556 7.42367 3.8045 49.9479 0.39008 -13 2813 1 0 1
-12.5794 -3.5077 125.556 -6.024 -1.53576 59.2717 2.63107 -13 2814 1 0 1
-15.017 -5.13209 125.556 -9.15585 -2.6946 66.4398 2.4453 -13 2815 1 0 1
-10.1946 -4.20625 125.556 -6.06019 -4.26955 66.0478 2.57482 -13 2816 1 0 1
18.5039 12.0915 125.556 10.2815 6.51025 67.6409 -0.135508 -13 2817 1 0 1
31.0999 6.5818 125.556 17.3588 5.82444 68.0932 1.25291 -13 2818 1 0 1
8.54589 11.8397 125.556 4.17319 7.56427 75.2612 0.84427 -13 2820 1 0 1
-2.20017 9.16709 125.556 -2.66185 7.57551 74.7625 3.12448 -13 2821 1 0 1
-5.26701 20.3414 125.556 -2.43717 11.8089 58.759 -1.03978 -13 2822 1 0 1
6.93767 18.9849 125.556 2.85602 13.7962 75.9673 1.74367 -13 2823 1 0 1
15.721 -12.8422 125.556 8.2784 -6.48095 62.5454 -0.570199 -13 2824 1 0 1
22.4199 13.4586 125.556 11.8195 6.57618 60.727 1.44834 -13 2825 1 0 1
14.4065 -18.4157 125.556 3.44037 -3.61654 24.514 0.116317 -13 2826 1 0 1
18.16 1.31011 125.556 10.2041 0.741255 71.3981 1.43867 -13 2827 1 0 1
-8.42285 -12.4858 125.556 -5.27999 -7.06166 68.7158 1.74797 -13 2828 1 0 1
39.5131 18.3501 125.556 19.6967 8.99928 56.707 -1.68877 -13 2829 1 0 1
18.1282 -17.5609 125.556 10.2526 -11.6423 69.537 0.795742 -13 2830 1 0 1
-14.1767 1.91703 125.556 -11.8519 2.95173 79.3158 0.467299 -13 2831 1 0 1
1.90252 -3.28943 125.556 1.38263 -1.72704 61.5213 2.10133 -13 2832 1 0 1
-14.8836 -0.296491 125.556 -9.68766 -1.90474 69.1157 0.289754 -13 2833 1 0 1
2.82678 -2.39131 125.556 0.855119 -0.764247 72.0298 -0.307328 -13 2834 1 0 1
3.97361 4.78304 125.556 1.81889 3.1153 68.9294 2.2566 -13 2835 1 0 1
-13.9888 4.72278 125.556 -4.85818 1.49689 45.6979 -0.309598 -13 2836 1 0 1
-2.70459 19.6758 125.556 -1.63037 9.52124 63.6428 0.488136 -13 2837 1 0 1
11.9466 -1.78208 125.556 5.12425 -1.76733 79.5055 3.02008 -13 2838 1 0 1
1.5543 -2.0391 125.556 0.449744 0.265991 65.9217 -0.372805 -13 2839 1 0 1
50.1366 -15.317 125.556 16.8374 -5.9427 36.6756 1.534 -13 2840 1 0 1
11.8074 7.72612 125.556 6.03218 4.23371 51.192 0.63549 -13 2841 1 0 1
-0.329937 -0.861066 125.556 0.458759 0.589459 54.9911 0.329615 -13 2842 1 0 1
-21.5844 -8.09137 125.556 -11.5513 -2.51287 61.5895 1.9436 -13 2843 1 0 1
36.6181 -1.55138 125.556 20.9117 -1.50249 69.5083 3.2239 -13 2844 1 0 1
11.3666 -10.9056 125.556 4.16534 -2.18368 33.3011 1.58888 -13 2845 1 0 1
2.03989 6.0299 125.556 1.2241 5.47008 64.7474 0.363877 -13 2846 1 0 1
5.76084 -0.0214616 125.556 3.04629 0.0960153 64.9706 1.3468 -13 2847 1 0 1
-13.7629 -4.31597 125.556 -5.23932 -2.64151 49.6059 0.596826 -13 2848 1 0 1
-10.297 13.3757 125.556 -5.0372 7.49621 58.7323 -0.96205 -13 2849 1 0 1
28.5454 4.00168 125.556 11.8929 1.57701 45.4347 0.0997939 -13 2850 1 0 1
7.09211 0.767223 125.556 2.83867 1.39303 77.4761 -1.20937 -13 2851 1 0 1
25.7073 -4.86282 125.556 14.1734 -1.54663 65.7069 -0.184595 -13 2852 1 0 1
-19.2215 -10.8439 125.556 -11.5181 -6.5665 66.565 2.49906 -13 2853 1 0 1
-4.42192 7.93745 125.556 -3.47471 5.27705 71.3401 -1.21004 -13 2854 1 0 1
1.61412 -6.23711 125.556 -0.865542 -4.68949 80.4714 1.47281 -13 2855 1 0 1
2.09281 4.61831 125.556 1.08606 1.84799 65.4157 -0.161489 -13 2857 1 0 1
-0.587604 -4.62776 125.556 0.107807 -2.21402 56.2397 -0.457531 -13 2858 1 0 1
18.2401 8.65697 125.556 9.22068 4.36696 56.8835 1.45971 -13 2859 1 0 1
13.804 3.29237 125.556 7.33963 1.46743 63.3141 -1.87782 -13 2860 1 0 1
6.62483 10.2157 125.556 2.46952 7.96539 77.9829 2.09649 -13 2861 1 0 1
-0.043369 -7.3416 125.556 0.346814 -4.24967 61.2654 1.10496 -13 2862 1 0 1
-1.37371 7.51577 125.556 -1.17111 4.13654 67.4142 -0.155091 -13 2863 1 0 1
6.28723 -12.194 125.556 3.25802 -6.96487 59.9023 -0.485844 -13 2864 1 0 1
9.2791 -4.56764 125.556 4.49051 -1.78205 44.4776 -0.672962 -13 2865 1 0 1
-29.8069 11.8601 125.556 -12.4091 6.03192 48.8429 -0.153919 -13 2866 1 0 1
-7.48945 12.8325 125.556 -1.93746 5.08268 40.7495 -0.794505 -13 2867 1 0 1
13.7913 -7.38558 125.556 7.66984 -3.46876 65.5506 2.46746 -13 2868 1 0 1
18.9521 11.5553 125.556 10.0839 5.70259 60.8758 1.63709 -13 2869 1 0 1
15.6822 -16.4196 125.556 8.55678 -9.58511 66.5506 -0.553087 -13 2870 1 0 1
0.446043 4.14449 125.556 0.0423092 2.88365 66.9811 -0.0849123 -13 2871 1 0 1
6.66509 16.1767 125.556 3.65802 7.87592 61.1245 1.06873 -13 2872 1 0 1
4.01226 15.4029 125.556 1.75565 7.83147 70.4772 -1.33875 -13 2873 1 0 1
7.23992 31.576 125.556 3.95322 13.7146 50.7151 0.205105 -13 2875 1 0 1
-35.0652 -25.5664 125.556 -18.6939 -12.9949 60.6738 0.0853677 -13 2876 1 0 1
-17.9955 6.0744 125.556 -13.8764 4.47894 77.187 2.59115 -13 2877 1 0 1
-0.563879 8.4095 125.556 0.482052 1.95435 32.9555 -0.645187 -13 2878 1 0 1
-28.6465 6.44826 125.556 -10.678 2.84148 45.3496 0.680376 -13 2879 1 0 1
-7.23222 7.78772 125.556 -3.45997 5.61752 59.5649 1.80252 -13 2880 1 0 1
13.3728 -15.0557 125.556 7.28043 -7.99637 61.2002 3.06165 -13 2881 1 0 1
0.160747 8.36731 125.556 0.0878615 4.49127 61.0745 1.1529 -13 2882 1 0 1
-11.7415 -12.6546 125.556 -8.26826 -7.88949 71.4146 0.812685 -13 2883 1 0 1
-12.8809 14.074 125.556 -6.10974 7.50268 58.2869 1.5795 -13 2884 1 0 1
-8.05606 -0.98636 125.556 -3.16546 0.338869 53.6391 3.12856 -13 2885 1 0 1
48.2583 17.9408 125.556 23.4066 9.05091 55.8697 -0.367023 -13 2886 1 0 1
-2.92353 -7.84582 125.556 -0.537101 -4.11309 50.3035 -1.48154 -13 2887 1 0 1
23.4768 32.678 125.556 10.5067 14.1229 49.558 -1.6551 -13 2888 1 0 1
-5.45736 -9.47544 125.556 -4.19326 -6.39263 71.539 -0.432273 -13 2889 1 0 1
-8.55177 17.1001 125.556 -4.63035 9.83874 61.9533 -0.337464 -13 2890 1 0 1
-2.83326 14.2644 125.556 -2.92508 9.38704 74.0994 2.81927 -13 2891 1 0 1
8.45575 28.0716 125.556 4.41352 13.6197 53.2486 0.743414 -13 2892 1 0 1
8.43002 0.314729 125.556 2.38112 0.427238 22.7811 -0.61104 -13 2893 1 0 1
26.3741 3.1239 125.556 13.6052 2.53995 58.3344 2.45393 -13 2894 1 0 1
19.0006 -6.65996 125.556 6.43642 -1.65099 35.0967 1.19433 -13 2895 1 0 1
-13.5719 9.49225 125.556 -6.83426 6.40777 60.804 0.622182 -13 2896 1 0 1
-2.33981 5.90889 125.556 -1.86797 3.62344 67.7833 1.54404 -13 2897 1 0 1
-4.69176 -16.7316 125.556 -2.35231 -9.50748 62.0348 0.22031 -13 2898 1 0 1
-9.91296 24.1444 125.556 -4.54615 10.6523 56.5489 0.583525 -13 2899 1 0 1
28.1812 -20.1248 125.556 15.4483 -11.341 65.7284 2.17555 -13 2900 1 0 1
-4.33736 -4.71784 125.556 -4.59543 -3.17735 77.0019 0.176778 -13 2901 1 0 1
-6.07166 14.1247 125.556 -3.53216 9.57002 64.9384 3.02252 -13 2902 1 0 1
-2.62166 14.8666 125.556 -2.16136 8.69157 68.6965 -1.05289 -13 2904 1 0 1
4.97876 -3.9812 125.556 2.25252 -3.05155 72.8031 1.34334 -13 2905 1 0 1
-6.93804 13.1302 125.556 -2.25239 5.38745 46.2772 3.0816 -13 2906 1 0 1
-0.977895 1.20415 125.556 -2.39539 0.368413 78.2072 0.839868 -13 2907 1 0 1
-12.886 -25.2384 125.556 -5.14768 -12.341 52.2839 0.88793 -13 2908 1 0 1
-12.3137 5.9295 125.556 -7.1647 2.74385 63.6598 2.41838 -13 2909 1 0 1
-6.34109 2.51168 125.556 -6.79232 3.20845 79.8694 -0.136949 -13 2910 1 0 1
-16.6135 13.2521 125.556 -10.6473 8.25304 68.8543 3.6063 -13 2911 1 0 1
10.6674 -8.54901 125.556 5.77228 -3.36824 57.3645 0.677497 -13 2912 1 0 1
5.75961 16.0009 125.556 2.49102 11.7674 75.8302 -1.58465 -13 2913 1 0 1
-27.2037 12.2076 125.556 -11.3493 5.75994 49.7635 0.760075 -13 2914 1 0 1
28.0937 -6.64251 125.556 15.7948 -4.31675 68.8797 1.37828 -13 2915 1 0 1
12.1792 -10.4454 125.556 6.6002 -7.09542 65.7022 0.959928 -13 2916 1 0 1
-3.24312 5.88555 125.556 -1.64518 3.13343 63.4852 3.91559 -13 2917 1 0 1
12.7805 1.60092 125.556 6.80779 1.67884 60.8282 0.350732 -13 2918 1 0 1
10.1703 7.8218 125.556 5.37571 4.6009 69.3663 0.84704 -13 2919 1 0 1
-9.65573 12.916 125.556 -6.67069 8.60848 69.7823 1.27637 -13 2920 1 0 1
-6.15391 8.17941 125.556 -5.06748 6.72577 73.3586 1.02766 -13 2921 1 0 1
20.8784 -0.267406 125.556 11.5838 0.331439 68.4586 1.06899 -13 2922 1 0 1
14.9091 26.662 125.556 7.85336 14.3935 64.9036 -2.46084 -13 2923 1 0 1
-7.89632 -2.24337 125.556 -5.47755 -1.29577 69.5054 0.294447 -13 2924 1 0 1
-0.212138 12.788 125.556 -0.944151 8.80968 72.664 0.130976 -13 2926 1 0 1
27.603 2.8369 125.556 11.0252 1.17597 43.5042 1.13072 -13 2927 1 0 1
6.9796 25.9186 125.556 3.74231 12.0062 54.3587 -1.08312 -13 2928 1 0 1
6.2316 2.88823 125.556 2.83806 1.24213 35.3687 1.33425 -13 2929 1 0 1
-19.9309 19.0466 125.556 -13.0035 12.127 70.1438 -1.27603 -13 2930 1 0 1
-9.50515 21.6405 125.556 -4.41848 11.6573 57.9517 1.77128 -13 2931 1 0 1
-1.31859 -2.70686 125.556 0.152804 -2.13696 54.2912 -0.534004 -13 2932 1 0 1
-17.2293 -2.0459 125.556 -9.67604 -0.0807977 64.0645 1.06957 -13 2933 1 0 1
9.96519 -8.5571 125.556 5.31146 -6.2717 62.6975 2.43566 -13 2934 1 0 1
-4.83654 1.39448 125.556 -2.5017 1.72972 61.0152 0.569617 -13 2935 1 0 1
4.68959 8.15085 125.556 1.94296 4.63271 74.571 -0.125865 -13 2936 1 0 1
-6.082 -1.97455 125.556 -2.06834 0.695663 49.5284 -1.20212 -13 2937 1 0 1
25.4615 -4.73143 125.556 10.3402 -1.59135 44.0424 2.50807 -13 2938 1 0 1
6.69469 14.3858 125.556 2.40396 10.8212 78.3484 0.181155 -13 2939 1 0 1
10.4091 9.24402 125.556 5.93442 4.75293 63.3535 0.282646 -13 2940 1 0 1
-42.6444 15.2518 125.556 -25.0379 7.70344 65.9274 0.0183325 -13 2941 1 0 1
6.16361 3.87499 125.556 3.24317 1.49625 55.3356 -0.703648 -13 2942 1 0 1
-2.34286 33.0719 125.556 -0.919984 15.555 56.2148 0.315675 -13 2943 1 0 1
7.77783 -0.00631704 125.556 4.32468 0.534766 61.8393 2.20428 -13 2944 1 0 1
-9.55537 0.461768 125.556 -4.1592 -2.03509 56.597 4.18264 -13 2945 1 0 1
64.6756 -20.8686 125.556 22.1317 -6.46012 36.9917 0.0157269 -13 2946 1 0 1
-10.8655 17.475 125.556 -5.59062 11.0695 60.4658 -1.32708 -13 2947 1 0 1
-3.26844 10.1768 125.556 -0.544646 3.94083 46.3081 0.653821 -13 2948 1 0 1
-7.3336 -17.9576 125.556 -5.06399 -11.938 68.4195 1.33145 -13 2949 1 0 1
-6.92186 -11.1456 125.556 -2.55631 -4.17988 55.343 0.154899 -13 2950 1 0 1
12.533 -6.29526 125.556 6.72383 -5.1797 55.7725 0.0370332 -13 2951 1 0 1
-10.825 3.81345 125.556 -5.89413 2.49313 63.3762 0.952171 -13 2952 1 0 1
-1.45317 8.20604 125.556 -1.05392 4.95696 67.6486 0.669774 -13 2953 1 0 1
-1.9696 -1.96541 125.556 -0.386203 -2.54507 57.4131 -1.01138 -13 2955 1 0 1
-4.68626 6.1156 125.556 -3.3618 3.04195 70.8758 0.264194 -13 2956 1 0 1
-5.26128 5.18249 125.556 -3.94015 4.22566 69.7646 1.92851 -13 2957 1 0 1
15.8561 26.7711 125.556 7.97232 12.1424 58.1867 2.32996 -13 2958 1 0 1
15.5889 -6.21019 125.556 8.62594 -4.59201 77.6418 -0.4721 -13 2959 1 0 1
-5.17912 17.1427 125.556 -3.0419 8.49132 64.7514 1.18397 -13 2960 1 0 1
16.6561 -24.2972 125.556 9.18735 -13.3633 63.2768 3.08998 -13 2961 1 0 1
34.7362 -15.1939 125.556 5.77968 -1.96093 17.3599 1.94018 -13 2963 1 0 1
-25.8381 -41.9794 125.556 -8.99357 -14.9007 42.2143 -0.0689523 -13 2964 1 0 1
21.1218 -24.3259 125.556 7.53078 -8.13677 40.9791 3.02055 -13 2965 1 0 1
12.5264 3.35934 125.556 6.87665 1.69311 67.9225 -1.04412 -13 2966 1 0 1
-4.5677 -51.0275 125.556 -2.41351 -27.0877 57.5795 0.688542 -13 2967 1 0 1
-0.703779 -12.5902 125.556 -1.23826 -6.5132 71.5842 1.97767 -13 2968 1 0 1
-14.2749 -9.87783 125.556 -8.86039 -6.18122 68.2815 2.27082 -13 2969 1 0 1
28.5513 -12.3874 125.556 15.6562 -7.20238 65.6432 0.212139 -13 2970 1 0 1
-9.9893 -9.20418 125.556 -7.31843 -6.4653 73.0349 -0.43756 -13 2971 1 0 1
9.78158 -2.61768 125.556 5.41231 -1.81794 69.634 2.0067 -13 2972 1 0 1
-6.38821 -1.63171 125.556 -7.16076 -1.41494 78.5222 1.53921 -13 2973 1 0 1
-2.40675 72.0607 125.556 0.0853677 8.1295 13.0047 2.36565 -13 2974 1 0 1
-7.70164 -7.78563 125.556 -5.11445 -6.81977 68.9158 1.29181 -13 2975 1 0 1
0.537812 -12.2305 125.556 0.0646034 -7.40584 64.536 1.46904 -13 2976 1 0 1
19.1395 -20.677 125.556 10.4783 -12.3683 62.7811 1.60821 -13 2977 1 0 1
-12.6752 16.4581 125.556 -4.98719 6.19766 51.6738 2.39431 -13 2978 1 0 1
8.46399 -23.3935 125.556 4.58919 -11.426 59.4594 -0.0839382 -13 2979 1 0 1
-14.7574 8.02222 125.556 -6.32684 3.73398 52.7603 0.330832 -13 2980 1 0 1
7.91834 -0.483543 125.556 4.49053 -0.984643 56.2272 3.09873 -13 2981 1 0 1
4.55815 -2.18364 125.556 2.32723 -1.16108 67.2642 -0.48574 -13 2982 1 0 1
5.24216 7.01978 125.556 2.81933 3.83201 62.5083 -0.753533 -13 2983 1 0 1
-21.6255 -2.01468 125.556 -15.4086 -0.158417 75.1348 1.52103 -13 2984 1 0 1
7.07764 -10.4958 125.556 3.78973 -4.7844 48.9881 0.0231614 -13 2985 1 0 1
23.0269 3.26912 125.556 11.5052 2.33897 55.173 1.74232 -13 2986 1 0 1
-12.483 19.0975 125.556 -9.29298 13.0691 73.9133 0.297788 -13 2987 1 0 1
28.9894 -24.5391 125.556 13.3533 -9.46579 49.9263 1.18424 -13 2988 1 0 1
10.8518 -0.905311 125.556 6.00614 -0.691355 68.8072 0.102307 -13 2989 1 0 1
-13.5587 -7.62091 125.556 -7.40735 -5.01759 63.4769 -0.114296 -13 2990 1 0 1
3.08088 1.01166 125.556 1.07268 0.046079 71.8011 0.701172 -13 2991 1 0 1
-17.0409 -1.31797 125.556 -11.4308 0.655473 70.9057 0.458915 -13 2992 1 0 1
-6.79129 0.0171035 125.556 -5.46318 -0.500141 74.3431 -0.774934 -13 2993 1 0 1
-5.31158 8.55753 125.556 -2.6853 3.90102 62.9268 1.7085 -13 2994 1 0 1
1.79584 -11.8802 125.556 -0.624888 -7.88079 77.1179 -0.423662 -13 2995 1 0 1
-0.179824 -14.5319 125.556 0.159816 -6.74318 58.5712 -0.235686 -13 2996 1 0 1
-20.2832 -1.11448 125.556 -13.1655 -0.735107 70.5097 -0.547947 -13 2998 1 0 1
1.80558 5.67421 125.556 0.819594 3.10133 66.0015 0.465043 -13 2999 1 0 1
3.72952 5.34703 125.556 1.21711 2.94138 73.7435 2.65532 -13 3000 1 0 1
-3.98836 -0.0433365 125.556 -2.70056 -1.85656 67.9931 0.849056 -13 3001 1 0 1
-22.9441 13.9341 125.556 -17.2328 9.28566 77.083 1.34892 -13 3002 1 0 1
-51.3853 22.0696 125.556 -16.4421 6.80882 37.6008 0.628396 -13 3003 1 0 1
-10.2602 27.7293 125.556 -6.51392 16.4192 65.4945 2.39594 -13 3004 1 0 1
4.73459 -0.739591 125.556 2.46863 -0.0708705 67.8808 -0.0727372 -13 3005 1 0 1
-11.9682 7.98591 125.556 -7.18235 5.33199 66.1641 2.62239 -13 3006 1 0 1
-24.1428 6.75414 125.556 -15.4468 5.30942 69.7271 -0.0354821 -13 3007 1 0 1
33.0898 -7.86355 125.556 14.7801 -4.10867 49.4465 -0.169093 -13 3008 1 0 1
-3.18314 1.22988 125.556 -2.8722 1.10833 72.8941 -1.4407 -13 3009 1 0 1
4.47446 21.7071 125.556 2.58762 11.5349 55.3736 1.02856 -13 3010 1 0 1
2.18811 2.08219 125.556 1.10855 1.56064 63.2044 -1.16273 -13 3011 1 0 1
-1.10622 -25.4016 125.556 -0.326933 -11.6909 55.099 3.49217 -13 3012 1 0 1
19.9016 -16.7916 125.556 10.0111 -7.76501 56.3417 1.0505 -13 3013 1 0 1
5.17995 -6.40073 125.556 2.19254 -3.83738 74.0521 -0.126796 -13 3014 1 0 1
20.7618 -18.5494 125.556 11.7473 -10.9128 74.6125 2.24366 -13 3015 1 0 1
-12.4582 -12.2152 125.556 -4.9164 -4.75936 51.6978 2.41087 -13 3016 1 0 1
-5.49413 6.564 125.556 -4.35659 2.68752 70.9937 0.396579 -13 3017 1 0 1
-10.6837 20.4906 125.556 -5.1432 11.0305 57.5121 3.12052 -13 3018 1 0 1
16.8373 1.12069 125.556 9.36736 0.616642 69.9775 2.51405 -13 3020 1 0 1
11.2095 7.0602 125.556 6.17083 6.55635 68.4611 0.0539481 -13 3021 1 0 1
11.3127 5.98369 125.556 5.8588 2.34014 56.2818 0.0406137 -13 3022 1 0 1
-0.801779 18.1116 125.556 -0.258247 8.3321 61.3889 0.586211 -13 3023 1 0 1
13.6726 3.54236 125.556 5.13556 0.895346 35.9821 3.38769 -13 3024 1 0 1
13.3117 -18.5669 125.556 4.74046 -6.3681 36.3613 2.09384 -13 3025 1 0 1
9.63048 12.8408 125.556 5.3412 7.91771 61.0968 -0.345603 -13 3026 1 0 1
-21.8215 15.6055 125.556 -12.7495 8.79419 64.8218 2.44432 -13 3027 1 0 1
-11.2904 13.8778 125.556 -3.37286 4.69524 41.6822 -1.62663 -13 3028 1 0 1
23.1499 -16.5948 125.556 12.839 -10.5646 67.178 -0.45531 -13 3029 1 0 1
2.00145 13.4569 125.556 1.37274 5.25139 50.794 1.08541 -13 3030 1 0 1
33.6173 -23.6494 125.556 12.8103 -7.43576 40.7367 0.978672 -13 3031 1 0 1
-13.6593 5.94327 125.556 -7.75975 2.65053 65.6622 1.0241 -13 3032 1 0 1
-10.8495 -13.8618 125.556 -6.09175 -7.23674 64.3529 -2.03593 -13 3033 1 0 1
25.2549 -21.8148 125.556 11.6648 -9.15243 51.5927 1.28966 -13 3034 1 0 1
4.31362 0.763839 125.556 2.40563 0.317822 63.5696 3.73771 -13 3035 1 0 1
-21.8618 -18.6171 125.556 -11.6022 -9.66238 61.349 0.952464 -13 3036 1 0 1
-8.32124 -2.22963 125.556 -4.774 -0.65656 64.3109 1.91492 -13 3037 1 0 1
-6.1526 -7.16432 125.556 -3.4812 -2.87774 64.8247 0.706062 -13 3038 1 0 1
4.14527 14.8772 125.556 2.43089 7.19862 60.6031 0.0972467 -13 3039 1 0 1
7.35468 3.93481 125.556 3.89668 -0.448348 66.3122 0.38322 -13 3040 1 0 1
18.4131 5.00496 125.556 8.349 2.3401 49.413 0.27257 -13 3041 1 0 1
-13.9585 -5.15182 125.556 -12.0217 -4.22753 80.2492 1.13486 -13 3042 1 0 1
18.8957 0.696113 125.556 9.65312 2.00893 58.7885 0.746102 -13 3043 1 0 1
-7.08189 -25.1851 125.556 -3.12542 -11.7943 58.0999 1.23371 -13 3044 1 0 1
22.4256 -24.767 125.556 12.0291 -12.9825 62.8104 -1.02548 -13 3045 1 0 1
-0.248642 -12.3323 125.556 -1.5326 -8.02273 74.9879 -0.889946 -13 3046 1 0 1
3.81495 -10.6564 125.556 2.40175 -4.96228 61.529 0.762938 -13 3047 1 0 1
10.587 -13.0079 125.556 5.98528 -5.29321 61.7032 0.611457 -13 3048 1 0 1
-0.643096 29.9914 125.556 0.543611 5.74553 21.8786 1.2088 -13 3049 1 0 1
6.68584 7.59858 125.556 2.94981 3.64081 76.2118 -0.793646 -13 3050 1 0 1
-0.0171709 -8.49902 125.556 0.450405 -4.56978 60.5917 0.244835 -13 3051 1 0 1
3.56639 2.57974 125.556 1.396 3.51203 71.9173 -0.453705 -13 3052 1 0 1
22.7508 3.89394 125.556 11.9648 1.80535 59.6447 0.0342228 -13 3053 1 0 1
5.61931 15.6807 125.556 2.59344 10.2292 65.9994 0.874494 -13 3054 1 0 1
3.42399 7.62703 125.556 1.79201 3.263 65.0163 2.75833 -13 3055 1 0 1
-33.1202 -28.5726 125.556 -16.3994 -14.6039 56.9194 0.185302 -13 3056 1 0 1
-11.0573 -15.334 125.556 -7.3929 -8.77792 69.1851 -0.500323 -13 3057 1 0 1
6.68432 5.5351 125.556 3.80887 2.50931 55.8568 0.418737 -13 3058 1 0 1
4.25286 -6.22238 125.556 2.09387 -5.12285 65.608 0.716408 -13 3059 1 0 1
-18.4554 -2.68341 125.556 -7.37057 -0.487258 50.5493 1.20939 -13 3060 1 0 1
1.91261 7.59181 125.556 1.04534 4.61081 63.4057 2.53078 -13 3061 1 0 1
9.61455 14.7774 125.556 2.11403 2.32919 18.4004 2.50999 -13 3062 1 0 1
-7.15559 -6.90582 125.556 -4.74031 -4.75144 68.7597 0.204218 -13 3063 1 0 1
3.16172 -32.8748 125.556 1.11904 -20.8227 69.4805 -0.0719464 -13 3064 1 0 1
6.6786 25.9941 125.556 3.4926 14.1458 65.8842 3.08062 -13 3065 1 0 1
-0.373197 -4.82558 125.556 -0.327125 -3.91397 64.0059 2.48363 -13 3066 1 0 1
-15.7357 8.17893 125.556 -10.1684 5.45807 69.5827 2.36241 -13 3067 1 0 1
-15.6864 -3.50072 125.556 -8.01309 -2.23741 60.1196 2.14509 -13 3068 1 0 1
27.7322 -14.3203 125.556 10.5284 -6.55069 42.1462 1.70668 -13 3069 1 0 1
-13.1909 8.26277 125.556 -8.01321 5.9174 66.6113 2.16967 -13 3070 1 0 1
33.2149 -8.50252 125.556 5.98461 -1.49637 18.6162 2.59566 -13 3071 1 0 1
-15.3081 6.51525 125.556 -12.6849 3.18905 79.1497 1.03334 -13 3072 1 0 1
-30.4099 11.0426 125.556 -18.0019 6.09411 65.9087 -0.384839 -13 3073 1 0 1
9.25183 16.8433 125.556 4.86344 10.4578 68.7886 0.741975 -13 3074 1 0 1
-2.28356 6.1505 125.556 -3.07237 5.15246 77.654 1.35071 -13 3075 1 0 1
0.820625 11.8843 125.556 -0.584991 7.6787 73.3749 0.883179 -13 3076 1 0 1
5.48892 -7.29567 125.556 1.91474 -5.86155 77.4045 0.783309 -13 3077 1 0 1
24.4686 19.7343 125.556 10.1202 7.51683 45.5178 -0.0590217 -13 3078 1 0 1
4.94005 14.0125 125.556 1.78168 9.98467 74.4215 -1.09029 -13 3079 1 0 1
15.0565 13.1831 125.556 8.02061 7.02381 60.4772 -0.744152 -13 3080 1 0 1
-10.6722 -16.1757 125.556 -4.93463 -8.22579 58.4406 1.78196 -13 3081 1 0 1
4.26815 -17.061 125.556 1.86393 -10.6706 67.1211 1.29775 -13 3082 1 0 1
17.6807 -1.66101 125.556 9.67217 -1.01852 61.1751 -0.837178 -13 3083 1 0 1
0.628212 -5.89051 125.556 0.0121898 -3.39476 69.2523 0.754262 -13 3084 1 0 1
9.15869 -8.0954 125.556 4.67076 -5.2439 67.1455 0.242015 -13 3085 1 0 1
-15.3412 0.47127 125.556 -5.40439 0.881166 45.0967 0.960508 -13 3086 1 0 1
9.79521 -13.5769 125.556 4.91354 -8.64643 68.7371 1.03947 -13 3087 1 0 1
-7.94272 -39.3603 125.556 -3.1504 -17.748 51.8096 0.0561021 -13 3088 1 0 1
-0.521443 11.8492 125.556 -0.779423 8.27359 68.7464 1.05123 -13 3089 1 0 1
-19.4381 -0.753125 125.556 -9.34478 0.551032 58.1304 1.47157 -13 3090 1 0 1
4.5754 -24.8978 125.556 1.44391 -17.2785 74.59 -0.089557 -13 3091 1 0 1
-3.3378 22.8681 125.556 -3.12275 14.9948 71.2211 0.934029 -13 3092 1 0 1
12.6013 15.9967 125.556 5.80665 6.82888 47.1423 1.18077 -13 3093 1 0 1
-13.3439 -9.64172 125.556 -8.22862 -5.70289 67.7878 -0.555934 -13 3094 1 0 1
9.38886 9.20781 125.556 4.75484 4.62323 72.4826 2.94016 -13 3095 1 0 1
7.24885 -24.6995 125.556 3.46763 -14.7515 69.5138 0.0713248 -13 3096 1 0 1
21.9779 22.3662 125.556 12.3985 16.3336 73.243 0.442998 -13 3097 1 0 1
0.461367 -11.3994 125.556 -0.174592 -6.32716 70.1369 -1.56875 -13 3099 1 0 1
2.31874 0.786284 125.556 1.52107 0.367757 57.71 0.563254 -13 3100 1 0 1
-4.62373 10.4065 125.556 -3.19229 6.19314 69.3513 2.03595 -13 3101 1 0 1
10.0219 10.7138 125.556 5.41528 5.668 61.0236 0.173482 -13 3102 1 0 1
-15.0936 -18.7322 125.556 -9.89948 -12.2052 69.7833 1.47398 -13 3103 1 0 1
-3.03074 -4.25409 125.556 -1.05945 -2.89921 57.0927 2.01606 -13 3104 1 0 1
-7.34257 -4.71506 125.556 -5.79899 -3.03912 73.3561 0.688191 -13 3105 1 0 1
10.7542 2.51304 125.556 5.53688 2.4717 75.3596 0.970422 -13 3106 1 0 1
-4.38263 9.34659 125.556 -4.12568 7.32613 74.9319 2.1637 -13 3107 1 0 1
-3.61673 11.914 125.556 -1.69185 7.26053 62.3499 0.558067 -13 3108 1 0 1
-5.14163 -1.53838 125.556 -1.19075 0.0860502 44.7229 1.56857 -13 3109 1 0 1
-12.3061 5.63448 125.556 -6.93871 2.95489 65.805 0.827948 -13 3110 1 0 1
34.7437 -33.5421 125.556 12.2127 -11.3411 38.1831 1.47306 -13 3111 1 0 1
-12.2673 -8.14015 125.556 -9.31703 -5.24729 75.4627 0.939796 -13 3112 1 0 1
8.02133 -15.4887 125.556 3.69751 -10.9367 74.8918 1.53832 -13 3113 1 0 1
-7.56293 17.6058 125.556 -3.63901 9.45292 62.2697 -0.141893 -13 3114 1 0 1
-0.0234066 -5.00832 125.556 -1.89751 -2.61116 77.4929 1.47836 -13 3115 1 0 1
2.44414 -1.51296 125.556 0.0955331 -0.694738 77.198 -0.0315585 -13 3116 1 0 1
-9.95013 18.3114 125.556 -8.00032 12.662 75.7853 0.381001 -13 3117 1 0 1
-10.6071 8.17557 125.556 -7.94236 3.35716 73.845 0.128779 -13 3118 1 0 1
-7.94714 -7.91739 125.556 -6.04489 -6.00426 72.5067 1.31429 -13 3119 1 0 1
-11.4972 -7.21673 125.556 -8.2439 -5.21951 72.5914 -1.64864 -13 3120 1 0 1
-21.6249 -39.2018 125.556 -3.60107 -7.42444 20.7056 0.960872 -13 3121 1 0 1
-4.25626 -10.3363 125.556 -4.65036 -7.18731 77.1556 0.658958 -13 3122 1 0 1
-3.39859 -69.8074 125.556 -1.8377 -32.0964 54.2802 -1.70278 -13 3123 1 0 1
-19.2574 1.88722 125.556 -10.6644 -1.15097 63.8465 1.25748 -13 3124 1 0 1
-7.69239 -14.897 125.556 -4.69153 -8.03923 65.7488 2.11611 -13 3125 1 0 1
32.0002 14.5949 125.556 15.9865 6.65601 58.0121 2.69708 -13 3126 1 0 1
-1.09838 0.931392 125.556 -0.209132 -0.00679778 58.6398 2.04732 -13 3127 1 0 1
6.06061 0.614348 125.556 3.01094 -0.345216 70.5156 2.83541 -13 3128 1 0 1
7.20092 21.8181 125.556 2.2304 4.75615 28.3232 4.3057 -13 3129 1 0 1
9.60085 11.1711 125.556 5.15878 6.62045 67.1805 2.75817 -13 3130 1 0 1
-3.56228 9.8692 125.556 -1.73399 6.16019 63.1193 0.021173 -13 3131 1 0 1
-13.4117 -15.6373 125.556 -8.51073 -9.27752 68.1513 1.05793 -13 3132 1 0 1
2.41723 -25.3882 125.556 1.67065 -11.3293 54.0144 1.40566 -13 3133 1 0 1
24.8853 -25.8845 125.556 11.8625 -12.0517 53.1595 2.30226 -13 3134 1 0 1
25.0806 -11.3821 125.556 11.4972 -4.31506 50.2418 0.653288 -13 3135 1 0 1
3.62167 2.27797 125.556 2.38177 1.35248 54.7866 1.70599 -13 3136 1 0 1
7.65432 -44.5478 125.556 3.30654 -16.7029 42.1388 2.29501 -13 3137 1 0 1
21.6402 0.0253103 125.556 8.91815 0.970257 44.5517 1.94815 -13 3138 1 0 1
16.0503 7.59704 125.556 8.47458 4.12675 60.0085 0.429255 -13 3139 1 0 1
23.5101 -16.8401 125.556 13.1773 -9.19942 67.9807 0.885256 -13 3140 1 0 1
22.9178 1.054 125.556 12.325 1.46593 60.9553 -1.58836 -13 3141 1 0 1
0.745189 -1.00177 125.556 -1.12728 0.886284 77.4576 2.03293 -13 3142 1 0 1
2.93871 21.856 125.556 1.52753 11.9698 60.2618 2.0699 -13 3143 1 0 1
11.0936 20.7388 125.556 5.92642 9.48073 57.4082 0.115149 -13 3144 1 0 1
4.38275 20.5981 125.556 2.04685 12.2665 68.0768 1.6241 -13 3146 1 0 1
-24.3624 -2.55974 125.556 -17.154 -0.145081 74.0545 -1.39911 -13 3147 1 0 1
2.68732 12.9384 125.556 0.769824 7.27582 67.2037 1.80322 -13 3148 1 0 1
-5.87253 -41.0864 125.556 -1.15882 -12.3966 34.8607 2.66213 -13 3149 1 0 1
-1.3297 16.2313 125.556 -2.03344 9.63135 73.0938 0.39177 -13 3150 1 0 1
-3.40106 -25.8651 125.556 -1.75562 -14.0605 62.6245 1.4199 -13 3151 1 0 1
-27.8002 14.4241 125.556 -15.74 6.74706 64.0661 2.2579 -13 3152 1 0 1
-0.398547 -6.51747 125.556 -1.44727 -4.49956 75.2134 -1.57684 -13 3153 1 0 1
-15.117 2.12524 125.556 -12.0716 1.5212 78.0856 0.649804 -13 3154 1 0 1
23.8206 -2.09615 125.556 12.8412 -1.5134 60.5682 -0.855138 -13 3155 1 0 1
-8.95413 -0.478547 125.556 -6.9596 0.176423 73.1913 3.02458 -13 3156 1 0 1
27.2523 -9.89295 125.556 12.1783 -5.15027 48.8173 -0.373031 -13 3157 1 0 1
26.4546 -1.29945 125.556 14.8484 -0.64241 65.9931 1.43321 -13 3158 1 0 1
-3.14499 -19.8085 125.556 -2.1244 -12.5809 65.9823 1.82488 -13 3160 1 0 1
-2.7817 -31.8144 125.556 -1.02428 -16.2496 57.5896 2.27067 -13 3161 1 0 1
-13.0337 5.76429 125.556 -11.4252 3.15825 79.7418 1.87258 -13 3162 1 0 1
2.81613 -1.00482 125.556 0.264182 0.0178726 76.9965 0.629321 -13 3163 1 0 1
11.3021 9.40143 125.556 6.13544 6.35254 60.2257 -0.021802 -13 3164 1 0 1
15.4745 21.9674 125.556 8.31889 10.8923 58.9108 3.04601 -13 3165 1 0 1
6.3025 -1.1932 125.556 3.69333 -0.34605 63.1286 0.747141 -13 3166 1 0 1
-1.92873 4.4805 125.556 -3.44493 1.47973 80.5634 2.48689 -13 3167 1 0 1
18.4334 3.6141 125.556 9.74858 3.47782 57.9066 2.06732 -13 3168 1 0 1
22.7748 -1.98636 125.556 12.5663 -1.31624 65.5113 1.20082 -13 3169 1 0 1
-10.5136 4.74978 125.556 -5.25755 3.00612 60.4937 -1.67132 -13 3170 1 0 1
13.9599 7.99037 125.556 7.39938 5.17503 60.8242 0.31546 -13 3171 1 0 1
-9.74314 -11.4804 125.556 -5.12348 -6.71318 62.063 -0.963177 -13 3172 1 0 1
27.6118 -2.60006 125.556 11.6025 -1.60452 43.655 2.24677 -13 3173 1 0 1
-4.20581 2.23161 125.556 -3.44438 0.598843 72.4074 0.793987 -13 3174 1 0 1
7.35497 11.5632 125.556 4.0956 7.08075 66.8116 -1.93416 -13 3175 1 0 1
5.76545 0.508865 125.556 2.34428 -0.561532 73.7276 1.34785 -13 3176 1 0 1
-15.677 -1.22041 125.556 -8.20742 -0.83403 61.822 -0.18337 -13 3177 1 0 1
-7.37136 -19.1304 125.556 -5.83645 -13.1459 73.2497 -0.996895 -13 3178 1 0 1
-3.85837 -19.2136 125.556 -4.48143 -13.7741 78.1862 0.731103 -13 3179 1 0 1
-8.50255 -1.74827 125.556 -8.14248 -2.8591 79.0545 0.407448 -13 3180 1 0 1
-8.01668 15.1143 125.556 -7.81154 9.81202 79.3127 2.09094 -13 3181 1 0 1
12.012 7.30447 125.556 5.1783 2.89127 41.9413 2.90837 -13 3182 1 0 1
-2.66183 -6.07879 125.556 -3.25989 -4.64821 76.4518 -0.370523 -13 3183 1 0 1
26.594 -3.98481 125.556 6.8609 -0.794567 27.1648 2.36446 -13 3184 1 0 1
-18.3217 -2.56391 125.556 -11.866 -1.64994 69.3959 -1.68761 -13 3185 1 0 1
24.122 5.51361 125.556 13.1245 2.88602 65.2612 2.83789 -13 3186 1 0 1
-1.84644 -2.70882 125.556 -0.259195 -0.921904 54.8956 1.69927 -13 3187 1 0 1
-17.3971 9.17072 125.556 -8.23192 4.13295 56.9189 1.42167 -13 3188 1 0 1
-7.211 -13.113 125.556 -6.31286 -8.77547 76.6635 1.09646 -13 3189 1 0 1
-10.3813 -13.977 125.556 -9.25213 -8.89882 78.5937 1.44953 -13 3190 1 0 1
-7.64564 -10.8613 125.556 -2.13372 -4.16658 44.1038 1.50721 -13 3191 1 0 1
15.7472 -2.22403 125.556 8.8104 0.683487 69.7793 0.0234447 -13 3192 1 0 1
1.07131 -6.576 125.556 0.800731 -3.43582 59.6382 0.166594 -13 3193 1 0 1
-42.1613 -29.8325 125.556 -22.0474 -14.4265 59.387 1.05875 -13 3194 1 0 1
-12.9143 9.58736 125.556 -6.67931 5.27503 60.6227 0.428293 -13 3195 1 0 1
-1.4676 8.2511 125.556 -2.60822 5.54013 77.2005 0.130892 -13 3196 1 0 1
-12.1981 -23.8007 125.556 -5.94706 -12.5305 58.1538 1.28564 -13 3197 1 0 1
-7.20243 3.48047 125.556 -5.70919 4.08413 73.1885 0.083973 -13 3198 1 0 1
5.26464 -19.8694 125.556 2.66029 -10.0903 66.0506 -0.631266 -13 3199 1 0 1
-0.713029 -12.3317 125.556 0.299983 -4.3591 46.6284 1.90139 -13 3200 1 0 1
3.18653 -10.2868 125.556 1.98522 -5.66604 56.7702 0.168537 -13 3201 1 0 1
9.07961 -17.2705 125.556 4.90613 -8.72496 56.4612 0.349563 -13 3202 1 0 1
-6.88509 -9.43172 125.556 -2.01287 -3.63509 47.9377 -0.834641 -13 3203 1 0 1
-11.1369 -3.39064 125.556 -4.59795 -2.35664 52.3229 1.56099 -13 3204 1 0 1
11.4325 6.82621 125.556 6.29725 3.27395 60.6935 0.859789 -13 3205 1 0 1
-16.308 3.72286 125.556 -10.0028 2.21314 68.7048 1.36689 -13 3206 1 0 1
-12.8909 -19.0077 125.556 -10.6632 -13.2821 77.7863 -0.91619 -13 3207 1 0 1
-14.0582 4.49731 125.556 -5.60923 2.89035 51.316 0.0168393 -13 3208 1 0 1
1.98534 -22.3207 125.556 1.36067 -8.35061 38.7484 2.63135 -13 3209 1 0 1
7.28883 -3.73399 125.556 3.98993 -2.99106 60.497 1.60861 -13 3211 1 0 1
-27.8594 -4.63135 125.556 -18.5703 -3.38744 72.2216 -2.40756 -13 3212 1 0 1
6.03538 -22.4057 125.556 2.89849 -12.3143 70.2762 0.956904 -13 3213 1 0 1
-2.85153 -5.90595 125.556 -1.61651 -4.06982 66.2365 0.167433 -13 3214 1 0 1
-13.3462 28.1386 125.556 -9.59125 17.7396 71.6489 0.996575 -13 3215 1 0 1
4.72591 5.06113 125.556 2.83494 1.54898 53.1076 1.72128 -13 3216 1 0 1
-17.415 2.78085 125.556 -12.9413 2.83257 75.7871 0.880224 -13 3217 1 0 1
0.268938 -28.3646 125.556 0.505102 -14.4853 56.1052 1.64916 -13 3218 1 0 1
31.4265 31.9613 125.556 13.8278 13.4455 47.7352 1.69029 -13 3219 1 0 1
1.42246 12.8269 125.556 0.715161 9.20188 66.8553 -1.31042 -13 3220 1 0 1
-12.4824 -6.60453 125.556 -6.38288 -3.02529 59.7851 0.220564 -13 3221 1 0 1
0.278574 -1.63729 125.556 -0.529631 -1.94782 69.8963 0.573126 -13 3222 1 0 1
-5.25181 3.92051 125.556 -3.56878 3.01825 68.815 0.964446 -13 3223 1 0 1
-8.04057 5.3866 125.556 -4.63281 1.68161 65.5636 0.948759 -13 3224 1 0 1
-13.3714 -13.57 125.556 -7.40341 -8.27891 63.7906 2.61568 -13 3225 1 0 1
-13.2736 -5.93238 125.556 -5.90706 -3.26409 55.375 0.806108 -13 3226 1 0 1
20.7857 -2.07986 125.556 8.79261 -0.440506 44.0035 -0.73791 -13 3227 1 0 1
22.8266 2.69612 125.556 12.5775 1.72702 65.8656 0.590514 -13 3228 1 0 1
-3.49574 25.1898 125.556 -3.07527 14.9453 69.3669 -1.19427 -13 3229 1 0 1
8.60532 9.87817 125.556 4.41556 4.58338 55.7476 -1.32959 -13 3230 1 0 1
19.0107 -3.84672 125.556 10.8332 -1.76791 69.9322 0.659876 -13 3231 1 0 1
2.8979 0.561199 125.556 1.95874 -0.169251 35.5421 2.59319 -13 3232 1 0 1
5.61951 -13.0043 125.556 3.04414 -5.67353 52.3663 -0.189484 -13 3233 1 0 1
-13.1042 0.945263 125.556 -8.95778 0.334222 71.2943 2.76097 -13 3234 1 0 1
37.1386 -6.45671 125.556 20.5281 -4.63334 67.648 -0.119181 -13 3235 1 0 1
-8.41887 -7.136 125.556 -3.93755 -4.28077 59.3343 2.09837 -13 3236 1 0 1
10.2909 12.8657 125.556 5.4708 7.90546 66.1685 1.01597 -13 3237 1 0 1
17.2414 21.5996 125.556 8.1371 10.4889 52.9524 1.2097 -13 3238 1 0 1
-7.80053 6.64074 125.556 -3.9493 3.1555 60.0315 0.681106 -13 3239 1 0 1
-9.45232 -29.2475 125.556 -6.01527 -15.1412 68.2638 0.0501414 -13 3240 1 0 1
-14.765 -24.7059 125.556 -7.61615 -12.3376 59.181 1.46326 -13 3241 1 0 1
-15.7026 6.35447 125.556 -11.1718 2.90848 74.588 0.404914 -13 3242 1 0 1
17.2557 8.04667 125.556 9.20115 5.06148 60.7694 1.2553 -13 3243 1 0 1
-12.5239 -11.2532 125.556 -6.83638 -5.6309 63.4278 0.424587 -13 3244 1 0 1
1.63361 -14.1199 125.556 -0.202863 -7.88074 74.7502 0.428646 -13 3246 1 0 1
6.87102 -25.8381 125.556 3.74615 -11.9021 49.2713 1.7712 -13 3247 1 0 1
5.27923 -15.8005 125.556 1.98668 -10.3052 72.5606 0.828695 -13 3248 1 0 1
-6.58953 23.1885 125.556 -2.79464 11.5198 56.1855 2.12368 -13 3249 1 0 1
-12.9373 -5.20174 125.556 -9.862 -2.38739 75.3597 0.158144 -13 3250 1 0 1
-39.3608 17.9663 125.556 -2.64741 1.21492 7.96681 6.25927 -13 3251 1 0 1
-4.02099 -14.5856 125.556 -3.0627 -9.4948 69.9052 1.67283 -13 3252 1 0 1
-28.2488 -8.43117 125.556 -13.3682 -3.54328 55.6738 0.9838 -13 3253 1 0 1
7.60437 -5.39366 125.556 3.87209 -2.6214 67.4829 1.05369 -13 3254 1 0 1
5.61768 -7.61853 125.556 2.97898 -3.75746 66.1094 3.5451 -13 3255 1 0 1
33.3928 -18.4698 125.556 16.5249 -9.07441 56.5899 -0.999979 -13 3256 1 0 1
13.7787 1.21069 125.556 7.66626 0.900696 71.9196 -1.13464 -13 3257 1 0 1
20.728 2.22601 125.556 10.3042 0.455795 55.9821 0.846834 -13 3258 1 0 1
-4.64552 9.57912 125.556 -3.16086 4.79085 67.7759 0.214822 -13 3259 1 0 1
-5.794 -0.797887 125.556 -1.30185 0.678723 36.9539 3.22767 -13 3260 1 0 1
1.17918 -29.5065 125.556 1.23594 -14.9206 57.7003 1.99039 -13 3261 1 0 1
-3.87563 -2.70739 125.556 -3.62301 -1.28672 73.2005 3.29014 -13 3262 1 0 1
-2.16501 -5.41755 125.556 -1.51396 -3.01533 65.6434 -0.359972 -13 3263 1 0 1
9.87819 11.1879 125.556 5.05595 7.42691 70.6667 0.882826 -13 3264 1 0 1
30.3894 10.1783 125.556 16.1253 5.591 60.587 0.936472 -13 3265 1 0 1
-27.1003 3.5055 125.556 -14.4187 0.750325 61.528 1.33147 -13 3266 1 0 1
-9.16223 10.904 125.556 -6.20213 8.48871 69.2857 -1.16137 -13 3267 1 0 1
23.1199 -29.6144 125.556 9.73662 -10.4598 44.2692 2.51816 -13 3268 1 0 1
-7.4121 -6.64566 125.556 -4.67087 -3.81337 67.4784 1.60093 -13 3269 1 0 1
2.68352 -19.1114 125.556 1.61028 -8.72985 52.9843 1.37103 -13 3270 1 0 1
6.53605 -13.6935 125.556 3.58378 -7.16087 53.8367 1.66169 -13 3271 1 0 1
-3.4503 -2.77556 125.556 -1.4506 -1.97038 58.1248 0.520345 -13 3272 1 0 1
14.8886 -14.5005 125.556 8.3305 -6.74241 68.034 1.55325 -13 3273 1 0 1
5.00095 -4.83553 125.556 2.83414 -2.60221 61.4624 2.03683 -13 3274 1 0 1
-13.9571 -23.4566 125.556 -4.7192 -9.29406 46.3696 -0.640561 -13 3275 1 0 1
-7.08372 -17.0539 125.556 -3.7444 -10.224 62.0796 1.70106 -13 3276 1 0 1
-5.31654 4.0002 125.556 -3.64632 3.10444 66.6909 -0.434474 -13 3277 1 0 1
8.96655 5.07672 125.556 4.80337 1.46185 52.1045 -1.6028 -13 3278 1 0 1
-1.23094 -1.15581 125.556 -0.700343 0.0115076 62.8353 -1.82802 -13 3279 1 0 1
5.76219 -5.30089 125.556 2.84878 -2.97156 69.5023 0.493929 -13 3280 1 0 1
1.92026 -4.54807 125.556 1.66363 -1.18762 55.2769 0.932355 -13 3281 1 0 1
-9.17897 -11.2961 125.556 -6.10089 -5.88267 69.1993 0.830327 -13 3282 1 0 1
12.9125 28.7017 125.556 6.99069 16.6513 61.6602 1.67663 -13 3283 1 0 1
-21.7495 10.3385 125.556 -11.3551 6.04481 61.4373 -0.277991 -13 3284 1 0 1
2.32728 7.17784 125.556 1.604 3.5137 63.4793 3.05099 -13 3285 1 0 1
14.3232 -14.7176 125.556 7.7762 -8.57196 71.525 -0.574908 -13 3286 1 0 1
21.7483 2.50941 125.556 10.2475 1.41621 50.3603 -0.735917 -13 3287 1 0 1
20.2512 -16.2871 125.556 11.0705 -8.80884 64.1255 0.519287 -13 3288 1 0 1
-12.6829 0.381718 125.556 -10.7482 -0.249637 78.807 -0.417721 -13 3289 1 0 1
18.3115 -14.7336 125.556 8.16068 -6.21295 46.4932 2.3752 -13 3290 1 0 1
32.2657 11.1214 125.556 13.7099 4.26613 47.2759 1.34291 -13 3291 1 0 1
-5.97061 41.2719 125.556 -1.65879 15.2731 43.5478 1.9134 -13 3292 1 0 1
-23.5849 5.37199 125.556 -3.73412 1.55239 19.9528 2.29208 -13 3293 1 0 1
2.99834 -9.69464 125.556 1.41538 -6.42747 65.4567 -1.33027 -13 3294 1 0 1
16.6629 -6.92625 125.556 9.34286 -4.59466 70.853 2.93961 -13 3295 1 0 1
-3.79537 12.4524 125.556 -2.31136 7.76085 64.2992 2.97606 -13 3296 1 0 1
13.2429 1.50359 125.556 7.21944 0.408506 62.1185 1.57485 -13 3297 1 0 1
-12.5423 -6.20252 125.556 -7.27584 -2.61696 65.8628 0.519651 -13 3298 1 0 1
-9.5276 13.6098 125.556 -6.37857 8.42036 69.8331 1.27965 -13 3299 1 0 1
0.113603 -16.9131 125.556 0.0196505 -9.38344 62.7718 0.93005 -13 3300 1 0 1
-12.098 2.15238 125.556 -5.99536 0.737465 59.4468 2.09447 -13 3301 1 0 1
-1.7106 -4.74001 125.556 -0.684312 -2.91147 61.4928 0.867163 -13 3302 1 0 1
9.26501 0.454926 125.556 5.32577 -1.22394 59.7058 0.595871 -13 3303 1 0 1
-2.90436 12.2782 125.556 -0.882135 5.58983 57.7593 -0.901811 -13 3304 1 0 1
-3.52838 -8.92756 125.556 -3.33558 -5.58494 73.3459 -1.85294 -13 3305 1 0 1
9.68653 -19.9093 125.556 5.0771 -9.87926 53.7873 1.34165 -13 3306 1 0 1
12.9697 -3.29706 125.556 6.60315 -3.82311 79.0041 -0.186473 -13 3307 1 0 1
-5.27137 2.15102 125.556 -3.55752 1.89718 68.4755 1.19738 -13 3308 1 0 1
-11.5697 -10.8407 125.556 -4.10291 -5.61596 46.3843 -1.5729 -13 3309 1 0 1
8.4656 15.8666 125.556 4.43457 9.60667 66.5133 1.08259 -13 3310 1 0 1
-20.6131 -9.99762 125.556 -12.5534 -5.0379 67.8298 2.0826 -13 3311 1 0 1
4.07619 14.1179 125.556 1.19171 10.4335 75.5968 0.974327 -13 3312 1 0 1
22.0926 4.56465 125.556 11.3435 2.80416 55.3356 2.19249 -13 3313 1 0 1
20.3508 7.22559 125.556 8.23157 2.34179 41.064 -0.385421 -13 3314 1 0 1
-8.22432 2.79348 125.556 -4.35336 1.75108 62.64 0.450158 -13 3315 1 0 1
-5.7945 1.47506 125.556 -0.387461 0.609313 19.7385 -1.15213 -13 3316 1 0 1
-8.66175 9.22235 125.556 -3.51634 4.27781 53.1187 2.29082 -13 3317 1 0 1
23.9523 -2.78831 125.556 13.3478 -1.32351 67.2598 -0.2815 -13 3318 1 0 1
1.39901 -26.9211 125.556 0.328467 -15.8065 67.1477 -0.464297 -13 3319 1 0 1
-3.82584 -0.204504 125.556 -1.83569 -0.980303 60.8118 0.425111 -13 3320 1 0 1
9.55291 11.0361 125.556 5.19142 5.02826 61.2738 -0.478959 -13 3321 1 0 1
-12.0538 -3.02442 125.556 -7.76289 -0.727273 67.7113 2.51363 -13 3322 1 0 1
2.36557 -6.40949 125.556 0.528065 -3.93292 72.3459 2.90654 -13 3323 1 0 1
-17.1629 2.04073 125.556 -13.8331 1.18687 77.5608 1.67789 -13 3324 1 0 1
-1.42514 2.21647 125.556 -0.789844 0.367315 66.3755 -0.0260357 -13 3325 1 0 1
16.1117 -6.68127 125.556 9.24639 -4.08905 69.4937 -0.246178 -13 3326 1 0 1
-1.2303 -0.0208667 125.556 -0.727939 -0.396624 65.4319 1.5532 -13 3327 1 0 1
6.91991 -14.6176 125.556 3.06576 -8.23128 73.9814 1.46852 -13 3328 1 0 1
-15.4502 -6.88158 125.556 -9.58879 -4.20643 67.5686 0.6072 -13 3329 1 0 1
1.18182 -8.98522 125.556 1.11927 -3.48582 58.2832 1.2405 -13 3330 1 0 1
4.74547 -21.1376 125.556 2.53089 -12.6034 62.5472 1.49308 -13 3331 1 0 1
23.8535 -16.7651 125.556 12.4541 -8.50264 59.7727 1.78032 -13 3332 1 0 1
-19.3225 10.4981 125.556 -12.0642 8.18715 68.1477 1.53707 -13 3333 1 0 1
8.54288 -1.79528 125.556 4.66954 -1.86394 51.5819 -1.16344 -13 3334 1 0 1
-21.0242 -3.1431 125.556 -8.68493 -2.32334 51.6195 3.38972 -13 3335 1 0 1
7.76644 -0.166908 125.556 4.2027 1.50258 70.0831 1.02991 -13 3336 1 0 1
12.3788 12.5185 125.556 6.67414 5.91972 58.2954 -0.469039 -13 3337 1 0 1
1.08034 15.3931 125.556 0.522323 9.23733 63.2985 -1.37813 -13 3338 1 0 1
9.86347 -7.95983 125.556 5.0462 -2.75663 48.7131 -0.945826 -13 3339 1 0 1
26.8215 1.56032 125.556 13.8547 2.52483 58.0095 0.223098 -13 3340 1 0 1
-15.6543 1.29203 125.556 -6.89369 1.39305 54.3414 0.458539 -13 3341 1 0 1
-9.68023 -1.16778 125.556 -7.05545 -0.531134 73.0211 0.666297 -13 3342 1 0 1
5.9812 -8.45391 125.556 3.13704 -6.24748 70.7874 2.05647 -13 3343 1 0 1
-8.49818 -1.81393 125.556 -4.84877 0.0285555 63.5821 -1.16098 -13 3344 1 0 1
-10.775 -15.0057 125.556 -7.89059 -10.4499 73.3715 1.67894 -13 3346 1 0 1
-42.0721 -12.5885 125.556 -19.4541 -6.10317 54.0939 0.271425 -13 3347 1 0 1
3.06945 -1.94275 125.556 1.9062 -1.2603 61.5886 -0.784092 -13 3348 1 0 1
-17.14 -6.06932 125.556 -8.76836 -3.66255 59.7909 2.72202 -13 3349 1 0 1
2.10751 7.77663 125.556 1.03115 2.7056 65.3117 -0.536275 -13 3350 1 0 1
3.73288 -5.22916 125.556 1.46343 -2.73025 71.6018 0.203323 -13 3351 1 0 1
18.781 -4.37214 125.556 10.3832 -1.13677 64.2482 -1.02966 -13 3352 1 0 1
-1.57849 15.5366 125.556 -1.51646 8.37719 69.6401 -0.45448 -13 3353 1 0 1
3.62064 11.6702 125.556 1.91404 5.50059 66.6211 -0.12615 -13 3354 1 0 1
-6.1251 -6.67539 125.556 -6.66633 -5.47768 79.5315 -0.428862 -13 3355 1 0 1
-21.6743 -20.8146 125.556 -10.7947 -11.4396 58.6097 -0.406587 -13 3356 1 0 1
-7.00971 -2.0993 125.556 -3.07351 -1.11929 57.3349 0.672468 -13 3357 1 0 1
11.2889 29.0663 125.556 5.9366 17.3231 70.3173 1.99253 -13 3358 1 0 1
39.6217 -79.7907 125.556 11.7627 -22.6649 33.5577 1.16898 -13 3359 1 0 1
-8.74976 -9.13321 125.556 -3.66298 -4.34028 54.6547 -0.200727 -13 3360 1 0 1
11.5812 -14.2044 125.556 6.07235 -6.51513 56.5463 0.0249556 -13 3361 1 0 1
21.5785 5.50146 125.556 11.9462 3.50598 68.7694 0.851653 -13 3362 1 0 1
27.9863 -30.0153 125.556 13.3896 -13.5637 55.0228 1.35929 -13 3363 1 0 1
2.29965 -3.98954 125.556 0.90289 -2.8594 69.5679 2.25342 -13 3364 1 0 1
24.0094 17.4178 125.556 12.7494 10.7508 63.931 0.845309 -13 3365 1 0 1
-12.4543 -2.52344 125.556 -8.73747 -1.10547 72.2718 1.33265 -13 3366 1 0 1
10.0787 -1.01072 125.556 5.21481 -0.162338 52.1182 -0.641889 -13 3367 1 0 1
-17.4274 9.68527 125.556 -12.5204 6.56553 73.812 -0.660616 -13 3368 1 0 1
-20.0376 18.8574 125.556 -13.8662 12.1444 73.3972 1.03229 -13 3369 1 0 1
4.73334 27.5588 125.556 2.37008 15.352 63.599 1.21008 -13 3370 1 0 1
19.778 28.999 125.556 7.99381 10.7447 43.4994 0.892506 -13 3371 1 0 1
30.0056 -21.4767 125.556 15.7916 -9.62628 62.1572 1.5328 -13 3372 1 0 1
8.59544 -10.0567 125.556 4.62836 -6.69731 60.3901 -0.619343 -13 3373 1 0 1
-15.8819 -1.27735 125.556 -10.7632 -1.0336 72.423 -0.228432 -13 3374 1 0 1
12.4569 -12.5907 125.556 6.70298 -8.21175 65.3053 1.86108 -13 3375 1 0 1
14.4579 -28.7388 125.556 7.58677 -14.1476 54.5667 -2.25093 -13 3376 1 0 1
-25.982 -39.1071 125.556 -16.0433 -22.1266 67.3062 0.0814762 -13 3377 1 0 1
-11.8423 15.5128 125.556 -10.4825 11.5525 77.8728 2.50122 -13 3378 1 0 1
3.6241 -4.01238 125.556 1.29656 -2.50248 68.6239 -0.59045 -13 3379 1 0 1
-8.03479 -28.7971 125.556 -5.34514 -16.0506 68.3873 -0.765583 -13 3380 1 0 1
5.59832 9.60139 125.556 3.11209 4.34965 46.4599 0.130736 -13 3381 1 0 1
0.33142 4.80567 125.556 -0.0785424 2.67978 65.4712 -0.308777 -13 3382 1 0 1
1.86336 -21.4094 125.556 1.00483 -10.2875 60.1235 0.997368 -13 3383 1 0 1
0.996633 -4.10746 125.556 -1.42422 -2.34596 80.0457 1.53785 -13 3384 1 0 1
8.01478 -3.11972 125.556 4.37087 -1.57897 62.1932 4.13073 -13 3386 1 0 1
2.39388 -19.3051 125.556 0.697923 -12.5795 68.9721 -1.46001 -13 3387 1 0 1
-22.4068 14.2946 125.556 -13.4931 6.59646 67.0704 0.641889 -13 3388 1 0 1
3.43805 4.1721 125.556 1.48877 2.0649 34.4357 0.189367 -13 3389 1 0 1
5.26891 -19.7554 125.556 2.89992 -8.75919 51.5091 -0.00206418 -13 3390 1 0 1
-11.5747 -8.84553 125.556 -5.25608 -4.28049 56.2056 2.1072 -13 3391 1 0 1
12.5413 2.25253 125.556 7.06113 -0.386985 64.2444 3.16213 -13 3392 1 0 1
14.13 4.70582 125.556 7.67375 3.02861 68.7869 2.17459 -13 3393 1 0 1
14.033 13.913 125.556 5.84175 5.33015 40.3423 1.60545 -13 3394 1 0 1
-9.97597 4.04163 125.556 -5.97652 1.93806 65.7555 0.191434 -13 3395 1 0 1
3.38646 15.5999 125.556 1.92841 6.12258 55.7747 2.38059 -13 3396 1 0 1
2.35933 -1.7783 125.556 0.892862 0.892144 71.3519 1.09785 -13 3397 1 0 1
11.9076 0.373282 125.556 6.72404 0.0301726 62.9919 -0.164379 -13 3398 1 0 1
6.6505 11.0627 125.556 3.38299 4.66978 57.5993 -0.656228 -13 3399 1 0 1
2.57808 9.13706 125.556 0.490305 5.07289 75.1033 0.862052 -13 3400 1 0 1
-2.41859 -8.05676 125.556 0.0396814 -3.13478 42.5036 -0.467055 -13 3401 1 0 1
17.1487 -10.3242 125.556 8.35678 -5.07504 53.8406 1.86461 -13 3402 1 0 1
5.3947 19.938 125.556 2.20859 12.1118 73.5635 1.73321 -13 3403 1 0 1
20.7546 -25.6295 125.556 8.75236 -9.31334 43.9894 0.963865 -13 3404 1 0 1
39.4021 25.5067 125.556 18.2264 10.8767 52.335 1.11708 -13 3405 1 0 1
6.79632 5.40308 125.556 3.76075 3.1769 64.8609 0.906279 -13 3406 1 0 1
-13.0595 17.8216 125.556 -10.0646 12.1022 74.757 -0.327971 -13 3407 1 0 1
6.38505 8.75277 125.556 3.35482 3.86235 67.4857 1.0294 -13 3408 1 0 1
10.9489 5.27197 125.556 5.88214 3.43773 68.6938 0.777195 -13 3409 1 0 1
33.1712 -24.8146 125.556 16.553 -11.4326 57.7642 -0.827321 -13 3410 1 0 1
-4.48209 17.3217 125.556 -2.45844 10.086 61.5886 2.86743 -13 3411 1 0 1
-1.82701 -6.33336 125.556 -3.77898 -2.4206 80.2909 1.07184 -13 3412 1 0 1
1.93188 -13.518 125.556 1.1928 -7.6257 62.9323 0.775378 -13 3413 1 0 1
-27.556 11.3954 125.556 -19.9596 7.61765 75.7939 0.855322 -13 3414 1 0 1
-39.2404 -2.81191 125.556 -14.844 -1.13367 44.9998 2.13051 -13 3415 1 0 1
34.0183 14.0527 125.556 17.5069 6.99693 60.3077 0.180549 -13 3416 1 0 1
-15.5353 -13.9812 125.556 -7.03688 -6.53088 55.9314 -0.578445 -13 3417 1 0 1
1.89463 -11.7269 125.556 1.16617 -8.57257 60.2749 -0.31904 -13 3418 1 0 1
15.3609 -12.8275 125.556 8.27928 -6.36535 58.8541 0.889867 -13 3419 1 0 1
12.2519 8.33196 125.556 6.75113 5.61091 70.9828 2.24773 -13 3420 1 0 1
-8.82268 -19.1158 125.556 -2.72833 -8.58158 46.8308 1.79248 -13 3421 1 0 1
11.8951 1.46129 125.556 4.94676 1.50243 40.0783 1.70227 -13 3423 1 0 1
-18.2827 -15.2903 125.556 -9.38043 -8.49994 59.6665 3.77675 -13 3424 1 0 1
-11.7492 -2.85066 125.556 -7.03735 -2.32664 67.1109 2.08175 -13 3425 1 0 1
27.7075 -6.02532 125.556 14.9675 -3.1056 64.062 1.11229 -13 3426 1 0 1
-1.19617 8.67172 125.556 -0.448746 3.69469 60.1678 1.07867 -13 3427 1 0 1
-10.8299 -16.7618 125.556 -5.35504 -8.22798 57.8575 0.900097 -13 3428 1 0 1
25.0328 10.5745 125.556 12.8279 5.00856 56.7648 1.95471 -13 3429 1 0 1
-7.43791 1.88451 125.556 -3.93134 -0.739279 61.4284 1.10717 -13 3430 1 0 1
-16.4077 13.2937 125.556 -2.89406 2.35234 24.6868 1.10889 -13 3431 1 0 1
-23.4966 3.48202 125.556 -14.644 1.0423 69.1627 2.32879 -13 3432 1 0 1
13.2056 -15.4699 125.556 7.29342 -8.65716 60.2628 0.413654 -13 3433 1 0 1
17.3274 10.2606 125.556 9.48808 4.8091 67.9755 2.51583 -13 3434 1 0 1
-19.4965 20.1901 125.556 -9.46237 11.3652 56.941 0.430982 -13 3435 1 0 1
-6.48246 4.31711 125.556 -5.12041 2.28859 73.4028 2.12123 -13 3436 1 0 1
-20.7008 7.35183 125.556 -13.1155 3.62037 69.374 -0.193323 -13 3437 1 0 1
0.252694 15.1812 125.556 0.136454 8.10282 65.5334 2.89115 -13 3438 1 0 1
-8.77606 -31.5521 125.556 -2.79687 -12.6882 45.8473 -0.988569 -13 3439 1 0 1
14.2566 -5.76622 125.556 7.69618 -3.33322 58.3088 0.432359 -13 3440 1 0 1
-18.4981 0.944276 125.556 -9.43023 -0.22379 60.5992 2.45516 -13 3441 1 0 1
1.67529 -8.15476 125.556 1.0884 -3.47773 59.9169 -0.885511 -13 3442 1 0 1
-34.4397 6.82155 125.556 -3.3074 0.386773 11.6075 3.81857 -13 3443 1 0 1
-29.9045 -9.24219 125.556 -14.4569 -3.25649 57.5101 -1.01118 -13 3444 1 0 1
14.8956 -26.9938 125.556 7.83242 -13.1236 58.0942 3.95116 -13 3445 1 0 1
16.6626 17.5793 125.556 8.66054 10.0946 56.3784 1.22661 -13 3446 1 0 1
2.31278 7.2687 125.556 1.05093 3.65714 66.5357 2.68708 -13 3447 1 0 1
6.01315 -3.01351 125.556 3.04598 -1.43578 43.889 3.17214 -13 3448 1 0 1
-0.986565 20.1564 125.556 -2.01515 11.8263 73.994 1.7207 -13 3449 1 0 1
-13.2826 -11.7294 125.556 -8.70245 -7.31165 69.9598 -0.488177 -13 3451 1 0 1
14.3292 9.42165 125.556 6.82062 3.46271 50.6378 0.166904 -13 3452 1 0 1
-1.25822 10.5979 125.556 0.16364 5.40199 51.5503 -0.862991 -13 3453 1 0 1
0.929953 -19.884 125.556 0.383032 -13.3943 64.8331 -0.0507986 -13 3454 1 0 1
6.83957 -45.1328 125.556 3.58674 -22.2556 56.3212 1.05372 -13 3455 1 0 1
-6.0727 -21.4304 125.556 -4.59718 -13.5899 70.2286 0.242018 -13 3456 1 0 1
-2.76733 -6.2243 125.556 -1.25986 -3.61552 61.1899 0.941524 -13 3457 1 0 1
15.0939 -1.16443 125.556 8.22075 -1.72302 66.8606 2.49987 -13 3458 1 0 1
-13.2482 11.3358 125.556 -8.99209 7.38647 71.0697 2.1365 -13 3459 1 0 1
0.248448 8.81751 125.556 0.173868 4.26783 59.6838 -0.489936 -13 3460 1 0 1
-22.5725 -5.61641 125.556 -16.4764 -3.45359 76.003 1.8843 -13 3461 1 0 1
33.2189 -6.08367 125.556 14.1263 -1.96237 46.7569 0.501397 -13 3462 1 0 1
7.83408 -2.34892 125.556 3.95286 -0.670405 68.2302 1.43032 -13 3463 1 0 1
17.8973 -4.34544 125.556 9.43381 -2.55118 57.5209 -0.692317 -13 3464 1 0 1
12.933 -3.39048 125.556 6.75112 -0.159704 61.2254 1.89042 -13 3465 1 0 1
5.88828 3.77979 125.556 2.0024 1.00536 27.9152 0.298396 -13 3466 1 0 1
-4.0257 13.2357 125.556 -4.98336 8.94178 79.7717 -0.016926 -13 3467 1 0 1
0.0178717 -2.92623 125.556 0.14406 -1.50142 61.5426 -1.63788 -13 3468 1 0 1
3.73386 8.66666 125.556 1.2515 1.50764 21.2211 2.88257 -13 3469 1 0 1
34.7298 -5.37775 125.556 17.3235 -1.85795 55.9548 2.85273 -13 3470 1 0 1
-14.4699 12.0057 125.556 -4.92627 5.07505 45.7741 1.09168 -13 3471 1 0 1
19.4353 0.725119 125.556 8.28616 -0.403532 45.6672 2.58124 -13 3472 1 0 1
-15.207 8.17685 125.556 -8.39912 5.01612 63.2341 0.38273 -13 3473 1 0 1
38.3722 21.7982 125.556 19.2715 9.9279 58.5288 1.88436 -13 3474 1 0 1
-6.81927 -13.9111 125.556 -2.26518 -5.66767 51.0818 0.65446 -13 3475 1 0 1
10.0654 1.26865 125.556 4.31969 0.814807 40.1948 0.75622 -13 3477 1 0 1
14.5536 4.39303 125.556 7.91002 2.97574 61.0713 -0.24882 -13 3478 1 0 1
2.16503 5.3483 125.556 1.14751 3.0152 66.3109 1.52543 -13 3480 1 0 1
9.61627 22.1506 125.556 5.21585 11.2552 61.398 2.71174 -13 3481 1 0 1
32.957 -32.9682 125.556 15.5084 -14.0577 53.4014 0.736092 -13 3482 1 0 1
-18.1788 -20.8688 125.556 -9.42913 -11.3543 60.8275 -0.280906 -13 3483 1 0 1
11.0868 -1.22794 125.556 4.95303 -0.0495987 44.0051 1.65665 -13 3484 1 0 1
-11.4984 19.9044 125.556 -8.017 13.1734 71.5013 1.39496 -13 3485 1 0 1
0.973429 10.0365 125.556 0.0667017 6.63432 69.9628 0.278662 -13 3486 1 0 1
-25.2058 5.34588 125.556 -8.28374 1.35817 40.7891 0.399852 -13 3487 1 0 1
1.66788 -3.59569 125.556 -0.498961 -1.91908 78.1085 -0.669914 -13 3488 1 0 1
-20.0349 -26.7303 125.556 -9.26268 -12.8134 55.3105 0.736067 -13 3489 1 0 1
-12.4397 10.2269 125.556 -10.2066 9.27869 77.1564 -0.573115 -13 3491 1 0 1
-13.377 -2.75027 125.556 -8.31433 -2.1837 68.2561 -0.745964 -13 3492 1 0 1
-0.198403 -8.91587 125.556 -0.210011 -3.24399 63.3261 -0.0609565 -13 3493 1 0 1
-15.5193 16.4223 125.556 -7.87668 7.74758 60.4817 0.619349 -13 3494 1 0 1
-1.54906 -8.12775 125.556 -1.02977 -6.08731 65.9596 0.819515 -13 3495 1 0 1
12.9581 2.65866 125.556 7.32201 1.83735 73.5319 -1.66058 -13 3496 1 0 1
-4.48797 12.1278 125.556 -2.34096 6.73112 62.8832 -0.591251 -13 3497 1 0 1
29.7455 5.30165 125.556 13.1833 1.53843 48.8661 0.297403 -13 3498 1 0 1
10.0087 2.92401 125.556 5.56962 2.93899 65.5982 -0.160807 -13 3499 1 0 1
-13.5798 -0.491853 125.556 -6.62657 0.218136 57.7977 0.66753 -13 3500 1 0 1
2.88849 7.53866 125.556 0.433455 4.88939 75.355 1.28499 -13 3501 1 0 1
11.0809 9.26477 125.556 5.82306 3.27607 54.6183 -1.96871 -13 3502 1 0 1
8.18192 22.6704 125.556 4.85212 12.7184 58.3032 -0.0321231 -13 3503 1 0 1
-9.78579 -4.7493 125.556 -5.81375 -2.18809 65.882 0.707329 -13 3504 1 0 1
-16.6728 9.79735 125.556 -12.7852 6.85368 76.4056 -1.68655 -13 3505 1 0 1
-3.40856 33.5313 125.556 -2.98138 20.6672 69.5444 -0.0510736 -13 3506 1 0 1
14.9759 -14.0805 125.556 8.0909 -8.10103 66.422 0.438042 -13 3507 1 0 1
10.9602 10.129 125.556 6.09394 5.55577 62.5623 0.0829272 -13 3508 1 0 1
7.56342 7.73108 125.556 3.86315 4.23067 73.2496 2.95641 -13 3509 1 0 1
14.6366 11.3986 125.556 8.05124 5.42435 65.5562 1.94382 -13 3510 1 0 1
6.25937 0.281735 125.556 3.33851 0.158068 64.9244 1.59954 -13 3511 1 0 1
2.81655 -4.49501 125.556 2.08609 -1.53037 59.5111 0.502076 -13 3512 1 0 1
-24.2811 19.6594 125.556 -13.5403 10.3792 63.2294 1.71191 -13 3513 1 0 1
-17.9371 9.99945 125.556 -10.2063 5.86478 64.4146 1.5723 -13 3514 1 0 1
-9.28227 7.64031 125.556 -5.02287 4.39783 62.7883 1.54709 -13 3515 1 0 1
-5.75212 -29.792 125.556 -2.54574 -15.7145 56.5307 -0.0709503 -13 3517 1 0 1
14.7487 -8.44167 125.556 8.06682 -5.03778 71.6579 0.865628 -13 3518 1 0 1
15.7037 -2.24353 125.556 8.66441 -2.31698 64.6364 -0.128708 -13 3520 1 0 1
0.0678337 -4.44959 125.556 0.298784 -3.33136 59.2933 0.102251 -13 3521 1 0 1
-29.3541 -29.404 125.556 -13.9017 -14.3158 55.1414 0.0425705 -13 3522 1 0 1
0.697141 -9.99064 125.556 0.906021 -3.60041 54.4583 0.435274 -13 3523 1 0 1
12.0621 19.2225 125.556 6.47057 10.9097 67.0314 0.564926 -13 3524 1 0 1
-1.03757 -15.0735 125.556 -0.942325 -10.1107 66.3958 4.72077 -13 3525 1 0 1
-18.346 9.39842 125.556 -10.8282 4.89173 65.8998 2.64832 -13 3526 1 0 1
-11.4087 13.7654 125.556 -4.2794 7.58981 49.7564 3.57314 -13 3527 1 0 1
-10.0005 18.5574 125.556 -6.64847 11.2513 69.249 -0.169479 -13 3528 1 0 1
-12.7612 -14.9844 125.556 -4.9313 -7.05413 49.9997 1.13685 -13 3529 1 0 1
12.4442 -8.42973 125.556 6.65786 -5.08342 68.9143 0.646363 -13 3530 1 0 1
35.5225 34.5698 125.556 18.8574 18.8715 62.8366 -1.13657 -13 3531 1 0 1
22.1226 5.0103 125.556 9.992 2.71397 48.9222 0.724013 -13 3532 1 0 1
-2.72529 10.9168 125.556 -2.20704 6.73978 69.5033 1.85473 -13 3533 1 0 1
8.66204 -13.0263 125.556 4.57303 -6.87457 63.5577 -1.37399 -13 3534 1 0 1
-5.03033 -23.6627 125.556 -2.20647 -11.3212 54.8216 0.141857 -13 3535 1 0 1
4.52454 -10.9702 125.556 2.05402 -5.10938 69.1763 -1.33871 -13 3536 1 0 1
1.16017 2.84658 125.556 1.03283 0.609014 62.1238 0.0550593 -13 3537 1 0 1
-14.0866 -19.7633 125.556 -9.15759 -12.752 69.2826 -0.144821 -13 3538 1 0 1
-22.0913 -5.02249 125.556 -11.1679 -2.32792 59.0565 -0.416396 -13 3539 1 0 1
3.92534 33.907 125.556 2.15879 12.7865 42.7779 3.34797 -13 3540 1 0 1
9.10609 23.8686 125.556 4.69368 11.52 54.5434 -0.138492 -13 3541 1 0 1
17.6168 22.2216 125.556 7.06657 7.44088 39.8122 0.972473 -13 3542 1 0 1
2.13905 0.114007 125.556 1.50968 0.526922 57.1198 -1.48695 -13 3543 1 0 1
-10.5688 1.12988 125.556 -4.2063 0.297215 54.3371 0.661704 -13 3544 1 0 1
-15.9297 30.9827 125.556 -8.20091 15.7616 59.3292 2.47902 -13 3545 1 0 1
9.0645 6.45802 125.556 5.19796 3.41383 57.5108 -1.08894 -13 3546 1 0 1
-6.86732 -20.1081 125.556 -3.55425 -10.8488 60.7185 1.88063 -13 3547 1 0 1
12.7586 -15.1856 125.556 6.19142 -6.46501 51.8948 1.74905 -13 3548 1 0 1
20.0181 0.781084 125.556 10.6187 0.856369 60.2323 -0.0586908 -13 3549 1 0 1
12.8392 -0.381967 125.556 7.35647 0.639622 70.5265 1.33651 -13 3550 1 0 1
6.7875 -10.0026 125.556 3.82669 -4.92151 55.929 -1.31531 -13 3551 1 0 1
-19.1592 13.5088 125.556 -11.9651 9.02344 69.2672 -0.992204 -13 3552 1 0 1
0.268393 -17.9676 125.556 -1.44442 -10.465 77.223 1.38995 -13 3553 1 0 1
-17.1272 -11.0203 125.556 -10.7119 -6.15746 68.2917 0.231439 -13 3554 1 0 1
-9.14324 6.95957 125.556 -4.85321 5.3072 64.1721 -0.90361 -13 3555 1 0 1
-11.9908 6.86728 125.556 -7.33432 5.13565 67.5604 -0.738772 -13 3556 1 0 1
-13.8469 -16.3435 125.556 -4.92438 -5.91845 45.9869 2.43143 -13 3557 1 0 1
-1.97641 -2.36598 125.556 -0.318331 -0.129453 54.8392 2.46449 -13 3558 1 0 1
-1.14974 -26.4968 125.556 -1.68064 -15.9605 69.0685 2.8032 -13 3559 1 0 1
-19.858 26.9494 125.556 -12.4053 15.2693 68.5417 1.50497 -13 3560 1 0 1
-16.5071 6.31831 125.556 -13.902 3.0653 78.5662 -0.103435 -13 3561 1 0 1
12.9029 7.71645 125.556 6.9822 6.49988 68.7657 1.80609 -13 3562 1 0 1
-1.63933 7.54634 125.556 -0.436468 3.89778 53.5081 1.40734 -13 3563 1 0 1
12.3742 -7.58168 125.556 6.79656 -5.59603 67.4767 -0.200521 -13 3564 1 0 1
-8.77311 -2.80832 125.556 -5.80302 -1.98975 69.7359 2.33796 -13 3565 1 0 1
-12.1063 7.53438 125.556 -7.71777 3.6038 68.8992 2.11594 -13 3566 1 0 1
-57.0858 16.8656 125.556 -25.1288 7.43511 50.5316 0.801066 -13 3567 1 0 1
13.558 5.26483 125.556 7.28863 2.1809 59.9625 0.582958 -13 3568 1 0 1
10.4853 -1.33287 125.556 5.42545 -1.2904 76.1696 -0.96691 -13 3569 1 0 1
-14.5843 25.4743 125.556 -9.14348 13.6773 68.2089 1.21414 -13 3570 1 0 1
-2.88425 -2.21879 125.556 -2.44509 -1.10651 70.3775 1.11439 -13 3571 1 0 1
-20.7738 4.44751 125.556 -16.648 3.27213 78.6454 1.02214 -13 3572 1 0 1
27.9017 -44.0412 125.556 12.2633 -17.5998 48.0172 1.44168 -13 3574 1 0 1
-2.92807 -28.1268 125.556 -0.899913 -11.8422 50.3818 2.50719 -13 3575 1 0 1
-15.02 1.48805 125.556 -9.68021 -0.26549 69.0973 1.73094 -13 3576 1 0 1
21.9422 32.6564 125.556 11.4171 15.9785 56.129 -1.22703 -13 3577 1 0 1
-7.86195 2.6301 125.556 -5.35879 2.18863 68.7421 0.647197 -13 3578 1 0 1
2.24961 -4.93204 125.556 1.53627 -2.11402 39.8321 1.4683 -13 3579 1 0 1
18.1745 17.923 125.556 10.1813 10.462 68.9418 1.53473 -13 3580 1 0 1
5.29674 -17.5421 125.556 1.57556 -13.7284 79.7279 -0.0413029 -13 3581 1 0 1
11.0022 -6.12681 125.556 6.02095 -4.08445 56.4833 1.18461 -13 3582 1 0 1
-0.615598 8.398 125.556 -1.49358 4.70034 72.755 1.34955 -13 3583 1 0 1
-4.09755 11.0337 125.556 -2.33035 6.53815 62.7352 -0.0367013 -13 3584 1 0 1
-0.21338 -4.53842 125.556 -0.554331 -3.15116 68.5411 2.33067 -13 3585 1 0 1
1.14807 16.7773 125.556 -1.24798 11.091 78.0274 -0.63116 -13 3586 1 0 1
-17.4527 -16.0109 125.556 -11.7674 -11.9638 71.8869 1.03705 -13 3587 1 0 1
6.34917 9.52139 125.556 3.38104 3.27157 53.0376 -0.707801 -13 3588 1 0 1
-6.46146 -6.56133 125.556 -3.46443 -4.30413 63.445 3.03707 -13 3589 1 0 1
-13.3558 -16.756 125.556 -8.08217 -11.593 67.198 1.39586 -13 3590 1 0 1
-10.3346 2.09374 125.556 -7.24812 1.22773 72.4116 0.272851 -13 3591 1 0 1
-15.6655 -19.1207 125.556 -12.502 -12.975 78.0867 -0.178786 -13 3592 1 0 1
4.06882 -8.36019 125.556 2.10846 -3.01857 45.6683 1.96298 -13 3593 1 0 1
34.2978 2.42455 125.556 18.4178 -0.105006 61.8606 1.11043 -13 3594 1 0 1
18.9903 9.75063 125.556 8.7046 2.42327 50.9818 1.24856 -13 3595 1 0 1
-12.6574 -11.0335 125.556 -6.55779 -6.99238 60.9883 1.88835 -13 3596 1 0 1
19.6583 2.78639 125.556 8.54928 1.31326 44.0383 1.59629 -13 3597 1 0 1
8.10057 16.6497 125.556 4.16554 10.0708 69.0335 2.09899 -13 3598 1 0 1
8.68359 -2.39043 125.556 4.35492 -0.916009 72.1317 2.64251 -13 3599 1 0 1
-7.3027 -1.71569 125.556 -2.97764 -1.14655 56.5571 0.99785 -13 3600 1 0 1
0.8519 -0.572366 125.556 -0.16198 -0.88927 71.2958 -0.27409 -13 3601 1 0 1
-24.9893 -20.5698 125.556 -10.718 -7.26638 51.277 0.683768 -13 3602 1 0 1
18.0167 -10.8905 125.556 9.90081 -6.0078 63.443 0.693184 -13 3603 1 0 1
17.0511 21.8893 125.556 9.50376 13.8196 67.733 0.117266 -13 3604 1 0 1
-10.8098 -24.4759 125.556 -8.25128 -15.173 73.6094 2.0791 -13 3605 1 0 1
3.61718 -19.4226 125.556 1.87568 -8.84911 62.8611 1.18016 -13 3606 1 0 1
13.1067 -12.8098 125.556 6.80643 -8.72031 62.6971 3.17951 -13 3607 1 0 1
-17.4093 8.02794 125.556 -9.68345 3.42036 62.5607 0.367922 -13 3608 1 0 1
1.85303 8.51395 125.556 -0.60275 7.12571 75.2849 -1.17039 -13 3609 1 0 1
16.9437 6.85394 125.556 9.37571 3.22115 67.1537 1.77951 -13 3610 1 0 1
14.4455 -19.4717 125.556 7.0403 -8.65499 49.5569 0.959538 -13 3611 1 0 1
8.92174 22.5549 125.556 4.59265 13.1243 64.9278 0.840859 -13 3612 1 0 1
-7.77244 17.3371 125.556 -5.9449 12.9368 73.2426 1.30744 -13 3613 1 0 1
10.0466 -10.6923 125.556 5.58038 -5.47994 70.5359 0.0582035 -13 3614 1 0 1
14.4738 -1.20518 125.556 7.96161 -2.33553 75.5855 1.52249 -13 3615 1 0 1
3.44888 -12.8934 125.556 0.696183 -10.5288 74.9311 -0.0755742 -13 3616 1 0 1
15.3222 1.56797 125.556 8.20152 2.03625 63.9664 3.52616 -13 3617 1 0 1
-0.308578 -16.9848 125.556 -0.533773 -9.71152 68.1711 0.592903 -13 3618 1 0 1
25.3212 3.00102 125.556 13.788 2.38171 62.6818 -0.0154425 -13 3619 1 0 1
11.7352 12.5756 125.556 6.6421 6.01602 58.3472 -0.906483 -13 3620 1 0 1
-1.96949 10.0696 125.556 -1.26689 5.38511 65.8734 0.791419 -13 3621 1 0 1
-9.21927 6.07779 125.556 -6.55423 2.78316 71.6963 0.467529 -13 3622 1 0 1
-4.72867 32.4396 125.556 -1.33073 14.5729 51.665 0.0819224 -13 3623 1 0 1
21.1474 -14.1354 125.556 11.1769 -7.21975 61.1764 2.38462 -13 3624 1 0 1
-17.2859 7.06602 125.556 -14.1399 6.47321 77.3499 1.14106 -13 3625 1 0 1
8.69027 6.68876 125.556 4.75481 4.93572 66.5763 -0.856312 -13 3626 1 0 1
11.8976 -2.31924 125.556 6.304 0.32987 53.804 0.920427 -13 3627 1 0 1
4.3751 -13.5029 125.556 2.37719 -5.27192 46.9125 2.22237 -13 3628 1 0 1
6.50947 3.90547 125.556 2.93612 2.24497 75.3048 1.27968 -13 3629 1 0 1
-17.5773 2.84426 125.556 -5.83508 0.916791 43.469 0.687401 -13 3631 1 0 1
7.3596 -7.0675 125.556 3.62388 -3.3719 48.7849 1.4444 -13 3632 1 0 1
11.4334 -5.9236 125.556 6.30961 -3.64205 71.8045 1.20251 -13 3634 1 0 1
7.17956 10.5006 125.556 2.98272 8.63433 75.0598 1.88601 -13 3635 1 0 1
-25.0298 2.34021 125.556 -14.0022 2.03408 63.716 -1.69039 -13 3639 1 0 1
-34.0737 -22.1212 125.556 -17.5352 -12.1971 59.3071 2.22328 -13 3640 1 0 1
14.5989 15.4604 125.556 7.36546 7.10934 51.7241 1.70674 -13 3641 1 0 1
7.20667 -18.4928 125.556 3.56882 -11.1511 69.3297 0.735692 -13 3642 1 0 1
-32.9669 0.958524 125.556 -20.1223 1.93171 67.9065 1.13628 -13 3643 1 0 1
23.9681 -6.31438 125.556 11.6399 -2.42327 53.7329 -0.224687 -13 3644 1 0 1
13.3083 -1.25717 125.556 7.3184 -1.20428 65.7845 -0.221343 -13 3645 1 0 1
-32.5037 25.9198 125.556 -15.7701 13.8122 56.3501 2.34693 -13 3647 1 0 1
-16.7486 -13.216 125.556 -10.1526 -8.18736 68.1597 1.00712 -13 3648 1 0 1
-2.19627 7.94191 125.556 -0.597789 3.9317 58.6469 1.7631 -13 3649 1 0 1
-12.073 -21.3525 125.556 -7.68702 -11.9125 68.0999 1.42993 -13 3650 1 0 1
8.46841 7.17956 125.556 4.15951 2.33625 44.0491 0.671284 -13 3651 1 0 1
-37.6999 -0.36144 125.556 -20.8693 0.734523 62.6305 0.100802 -13 3652 1 0 1
7.24674 7.27697 125.556 4.13078 4.89884 66.9861 -0.612918 -13 3653 1 0 1
-11.8217 14.0972 125.556 -4.5296 7.70424 49.6386 -0.351701 -13 3654 1 0 1
11.1131 0.541241 125.556 6.13004 -0.945941 54.6555 0.258947 -13 3655 1 0 1
12.716 17.4375 125.556 6.84789 9.19105 58.4245 -0.842335 -13 3656 1 0 1
-1.05429 0.679949 125.556 -0.0720215 0.68716 56.3742 -0.0814503 -13 3657 1 0 1
-3.46157 9.75852 125.556 -3.12118 5.06052 71.6902 1.77833 -13 3658 1 0 1
7.2567 -10.7469 125.556 3.97685 -3.68544 62.4433 1.28853 -13 3659 1 0 1
8.40166 8.98079 125.556 4.56738 4.30854 67.6869 1.71064 -13 3660 1 0 1
-14.031 15.2092 125.556 -6.70299 7.66913 57.8385 1.35936 -13 3661 1 0 1
10.4127 -2.30634 125.556 5.97884 -2.31299 65.0906 1.32944 -13 3662 1 0 1
-0.0599661 19.5349 125.556 -0.164194 10.442 63.5158 1.87646 -13 3663 1 0 1
-15.8734 -20.1685 125.556 -9.01093 -10.283 63.4473 -0.690879 -13 3664 1 0 1
9.94652 -16.5631 125.556 5.18441 -9.1526 57.5085 0.38983 -13 3665 1 0 1
29.4379 -21.5585 125.556 10.2465 -6.54635 36.7974 0.960294 -13 3666 1 0 1
-14.1679 10.688 125.556 -6.99351 4.44793 58.8378 0.793636 -13 3667 1 0 1
-0.563367 1.62941 125.556 0.00124788 0.920742 60.5353 1.06667 -13 3668 1 0 1
-7.2438 1.0003 125.556 -5.84187 1.03764 72.9717 0.549691 -13 3669 1 0 1
11.5856 13.8104 125.556 6.15166 9.1162 65.3034 2.15639 -13 3670 1 0 1
-12.3239 -26.9379 125.556 -7.40549 -15.5675 66.049 1.77365 -13 3671 1 0 1
-8.7962 -3.32099 125.556 -6.02606 -1.43256 69.7525 0.95687 -13 3672 1 0 1
-8.41019 -2.81472 125.556 -4.84931 -1.01094 63.9245 0.0610574 -13 3673 1 0 1
-15.399 -15.6006 125.556 -9.46803 -9.18353 67.3069 1.49983 -13 3674 1 0 1
-2.49155 4.3157 125.556 -0.941053 3.39188 62.0659 -0.297836 -13 3675 1 0 1
-25.1107 13.6548 125.556 -14.8743 6.95463 66.8266 0.0946447 -13 3676 1 0 1
-21.5578 -6.30011 125.556 -12.8452 -3.69233 66.9785 0.282305 -13 3677 1 0 1
-4.56013 1.781 125.556 -2.61434 1.55234 65.331 0.637761 -13 3678 1 0 1
1.95988 -16.4493 125.556 1.15887 -9.9655 64.4287 1.81519 -13 3679 1 0 1
-16.7422 -36.7361 125.556 -8.44487 -18.9957 57.6883 -0.508107 -13 3680 1 0 1
-19.2608 15.4632 125.556 -10.4362 7.13773 63.0948 2.18303 -13 3681 1 0 1
-4.91207 -0.792499 125.556 -3.94971 -1.30204 71.6058 0.881696 -13 3682 1 0 1
-12.181 -13.4094 125.556 -7.36629 -6.81366 66.6083 0.509287 -13 3683 1 0 1
-10.019 -10.7466 125.556 -5.42591 -6.44164 63.5709 2.74587 -13 3684 1 0 1
2.87329 -2.67481 125.556 1.04035 -0.315482 68.7129 1.16756 -13 3685 1 0 1
-12.0797 -9.03815 125.556 -6.96084 -5.61106 65.4234 0.221344 -13 3686 1 0 1
-16.5982 -10.07 125.556 -7.92414 -4.96138 56.9079 -0.736208 -13 3687 1 0 1
15.8291 25.4842 125.556 5.76367 7.79825 35.363 1.38556 -13 3689 1 0 1
5.26087 -4.99769 125.556 2.62348 -4.57907 65.7152 2.61558 -13 3690 1 0 1
-11.9541 -7.94263 125.556 -3.09692 -2.60546 37.7937 1.14826 -13 3691 1 0 1
-14.6963 22.3915 125.556 -7.16694 12.4711 57.5098 2.21057 -13 3692 1 0 1
18.3848 0.63907 125.556 10.3651 1.24258 70.346 0.644148 -13 3693 1 0 1
-9.74055 -3.53211 125.556 -5.21262 -1.50531 61.4412 1.8891 -13 3694 1 0 1
-8.28408 -19.9276 125.556 -5.08257 -11.4049 65.8832 2.79027 -13 3695 1 0 1
-4.66714 -26.9271 125.556 -5.24758 -19.1 76.4974 0.813644 -13 3696 1 0 1
21.8566 -5.18522 125.556 12.9954 -2.64246 81.2555 -0.193743 -13 3697 1 0 1
7.68359 -0.683924 125.556 4.18385 0.383363 71.6231 1.61675 -13 3698 1 0 1
10.3043 -10.3211 125.556 5.97057 -5.50125 62.6114 -0.839166 -13 3699 1 0 1
6.13135 -4.01465 125.556 3.44039 -2.44626 52.8454 0.841205 -13 3700 1 0 1
26.413 7.44525 125.556 11.6755 3.81509 47.9948 1.14811 -13 3701 1 0 1
-7.73126 7.18916 125.556 -3.58104 3.78677 59.7205 1.44972 -13 3702 1 0 1
-4.24272 13.3088 125.556 -2.93018 7.98536 68.6768 1.51375 -13 3703 1 0 1
-5.56738 10.9805 125.556 -0.463557 1.51415 14.9083 1.96017 -13 3704 1 0 1
-3.8728 -18.0885 125.556 -4.10212 -12.1305 75.9142 -0.307234 -13 3705 1 0 1
15.6856 -7.27114 125.556 8.46694 -6.72011 79.4714 -1.00733 -13 3706 1 0 1
-12.7809 0.341469 125.556 -6.60786 0.424087 60.5821 2.70304 -13 3707 1 0 1
7.0624 -1.19038 125.556 4.00178 -0.183913 63.4941 4.33165 -13 3708 1 0 1
15.3823 -27.7142 125.556 8.26747 -16.157 67.5297 1.30613 -13 3709 1 0 1
11.8066 -8.43105 125.556 6.07237 -5.62858 75.447 2.13089 -13 3711 1 0 1
-7.00139 12.6473 125.556 -4.37159 7.1576 67.0203 0.124363 -13 3712 1 0 1
24.6994 -20.4705 125.556 13.9869 -12.3688 67.7127 0.297852 -13 3713 1 0 1
5.60391 -14.5194 125.556 3.1758 -8.04885 62.3756 2.0288 -13 3714 1 0 1
18.7257 -14.7533 125.556 9.47667 -7.27479 57.1601 0.280892 -13 3715 1 0 1
-16.2257 2.5759 125.556 -6.47764 0.0923023 51.1726 0.922501 -13 3716 1 0 1
-12.7566 -19.4511 125.556 -7.27936 -12.0076 63.8292 3.08493 -13 3717 1 0 1
11.3158 -11.5382 125.556 5.76786 -6.22482 53.72 -1.49262 -13 3718 1 0 1
5.67285 -6.7684 125.556 3.43082 -3.44182 62.0254 2.45735 -13 3719 1 0 1
7.07524 15.4482 125.556 3.75227 9.15632 68.8482 3.32045 -13 3720 1 0 1
-1.79919 -7.19449 125.556 -0.32717 -3.5339 51.9724 3.4402 -13 3721 1 0 1
-1.00912 -12.268 125.556 -0.188043 -7.64637 59.4448 0.346062 -13 3722 1 0 1
-16.756 9.07706 125.556 -12.58 7.32849 76.1286 1.09639 -13 3723 1 0 1
30.3197 -13.9606 125.556 15.3299 -7.54859 57.5397 0.659218 -13 3724 1 0 1
10.6759 0.174669 125.556 5.79158 -0.0766703 61.9603 0.703193 -13 3725 1 0 1
-4.4746 -5.09392 125.556 -2.81266 -3.53784 67.2675 1.74125 -13 3726 1 0 1
-4.12543 -15.6436 125.556 -2.06756 -6.02554 60.7924 0.325689 -13 3727 1 0 1
-0.530609 -4.20477 125.556 -0.964572 -1.6578 70.5554 -0.303452 -13 3728 1 0 1
-7.89264 0.935282 125.556 -5.14173 0.0943911 68.2973 2.14592 -13 3729 1 0 1
-11.805 -26.4466 125.556 -10.0102 -17.2372 76.3791 0.968595 -13 3730 1 0 1
11.3717 -29.855 125.556 5.64098 -13.8755 54.7002 0.0553509 -13 3731 1 0 1
15.3639 -9.05834 125.556 6.77714 -4.39789 45.8359 0.537171 -13 3732 1 0 1
8.05983 1.67997 125.556 4.32666 0.813011 63.2377 1.90482 -13 3733 1 0 1
-4.98938 3.25395 125.556 -3.07307 2.39418 65.6035 1.09881 -13 3734 1 0 1
12.0115 -5.8555 125.556 6.51439 -4.80946 68.7964 0.114184 -13 3735 1 0 1
-10.4353 4.89841 125.556 -5.36304 2.17597 59.9761 0.408289 -13 3736 1 0 1
-14.491 -8.96347 125.556 -12.3054 -4.84214 78.5424 -0.218586 -13 3738 1 0 1
0.883114 -7.06711 125.556 -1.38593 -5.65879 78.745 3.04661 -13 3739 1 0 1
-11.717 -6.49869 125.556 -4.34155 -3.97758 49.8135 0.973044 -13 3740 1 0 1
-13.8322 -11.8623 125.556 -10.0897 -7.39317 74.5413 0.408221 -13 3741 1 0 1
8.70218 -23.0601 125.556 4.66492 -12.7028 63.3136 1.27103 -13 3742 1 0 1
-11.7135 11.2244 125.556 -7.03509 7.2385 65.7595 1.83414 -13 3743 1 0 1
24.9126 4.46774 125.556 12.5567 2.86454 58.6779 0.575807 -13 3744 1 0 1
-4.31459 15.8819 125.556 -0.162643 4.02798 30.4775 2.96021 -13 3745 1 0 1
-13.3259 -12.2077 125.556 -7.01389 -6.59357 62.7859 -0.443438 -13 3746 1 0 1
0.981162 -4.70117 125.556 1.17669 -2.20901 50.9541 -1.15642 -13 3747 1 0 1
10.1404 -0.0578009 125.556 5.55848 0.831966 68.0096 0.0574751 -13 3748 1 0 1
2.24629 6.20359 125.556 1.35328 1.95596 58.8639 0.527251 -13 3749 1 0 1
2.6391 12.1462 125.556 1.49723 7.53666 60.3605 0.087418 -13 3750 1 0 1
-7.87633 -8.85496 125.556 -3.81981 -4.56394 61.581 0.976576 -13 3751 1 0 1
-26.7598 -22.4138 125.556 -13.5035 -11.6618 58.3174 1.95656 -13 3752 1 0 1
-25.9339 4.97971 125.556 -19.2113 3.30197 77.1572 1.27709 -13 3753 1 0 1
-27.1374 11.1104 125.556 -17.7453 7.67413 71.185 0.816613 -13 3754 1 0 1
-7.63157 2.04096 125.556 -5.50007 1.85662 69.6749 -0.345377 -13 3755 1 0 1
5.8638 12.471 125.556 1.6183 7.85045 79.1128 1.51239 -13 3756 1 0 1
29.721 -6.66086 125.556 15.4199 -2.2745 60.1962 -0.98073 -13 3757 1 0 1
-6.8975 4.99188 125.556 -2.46898 2.36095 54.5097 2.20975 -13 3758 1 0 1
13.0533 6.95631 125.556 7.26682 4.20329 67.5294 -0.580057 -13 3759 1 0 1
14.7789 4.14487 125.556 7.08924 0.666301 48.5573 1.99612 -13 3760 1 0 1
-9.0835 -6.1341 125.556 -5.76293 -3.0144 68.083 -0.0422462 -13 3761 1 0 1
2.46305 20.2851 125.556 0.515883 12.1084 72.5024 1.14407 -13 3762 1 0 1
6.97684 2.18596 125.556 3.89989 2.00261 64.1892 -0.557623 -13 3763 1 0 1
-2.32449 12.5161 125.556 -1.91379 9.11447 68.1465 0.754993 -13 3764 1 0 1
-4.61001 34.6825 125.556 -2.57522 19.2353 63.162 2.43783 -13 3765 1 0 1
13.837 -13.7444 125.556 7.42008 -7.70829 58.1102 0.798937 -13 3766 1 0 1
-22.4376 -1.67456 125.556 -14.0268 -2.45525 68.8782 0.41633 -13 3767 1 0 1
31.4069 1.31654 125.556 12.7457 1.58937 44.9188 0.157844 -13 3768 1 0 1
-5.94956 4.27769 125.556 -1.92652 2.28529 51.7858 -0.69049 -13 3769 1 0 1
-2.78983 11.536 125.556 -1.1805 6.59181 62.5371 -1.69449 -13 3770 1 0 1
8.02656 8.7242 125.556 4.49295 4.95055 60.9302 1.3026 -13 3771 1 0 1
13.5836 0.45722 125.556 7.24499 0.844443 54.2775 0.352345 -13 3772 1 0 1
-7.85495 -46.4407 125.556 -3.35264 -21.7279 55.2939 -0.0452632 -13 3774 1 0 1
-13.2363 -10.944 125.556 -5.91519 -4.62575 57.079 0.438944 -13 3775 1 0 1
13.1978 -2.27478 125.556 6.33361 -0.835237 49.7308 2.25535 -13 3776 1 0 1
-19.1216 -8.10869 125.556 -10.3121 -4.75628 61.6866 2.07349 -13 3777 1 0 1
-0.401359 16.4989 125.556 -1.37498 10.7889 73.103 0.0361277 -13 3778 1 0 1
6.99354 5.43245 125.556 3.76264 3.71243 54.5362 0.868596 -13 3779 1 0 1
16.0007 -16.4872 125.556 7.92032 -7.94798 53.6729 1.55228 -13 3780 1 0 1
-3.45964 8.56114 125.556 -1.47334 4.80361 58.7183 -0.2283 -13 3781 1 0 1
-0.157708 5.07002 125.556 -0.596105 4.20586 68.9137 0.964035 -13 3782 1 0 1
-9.59172 -20.7404 125.556 -5.93597 -13.0762 65.8265 -0.222738 -13 3783 1 0 1
9.5449 6.63327 125.556 5.50856 3.95235 64.5973 -0.914987 -13 3784 1 0 1
-2.9504 4.16948 125.556 -1.70406 3.15147 64.2651 -0.462396 -13 3785 1 0 1
-11.8982 -16.8477 125.556 -7.34287 -8.84322 67.494 -0.685734 -13 3786 1 0 1
1.27368 17.7031 125.556 -0.16274 10.0249 73.4788 2.25686 -13 3787 1 0 1
9.84636 1.7807 125.556 5.11125 1.24107 63.2187 1.66289 -13 3788 1 0 1
-14.9922 1.03322 125.556 -9.83774 1.04572 70.8169 1.42027 -13 3789 1 0 1
-9.934 22.2054 125.556 -5.41873 12.0438 62.5366 3.03421 -13 3791 1 0 1
2.3278 -26.297 125.556 1.33212 -7.46402 31.8261 1.36298 -13 3792 1 0 1
-24.5096 5.02184 125.556 -13.6551 2.07868 64.1077 1.49732 -13 3794 1 0 1
-22.2735 5.02958 125.556 -10.3532 3.36249 56.2168 1.55859 -13 3795 1 0 1
-25.7773 -6.17261 125.556 -13.2357 -3.14119 59.5917 1.74299 -13 3796 1 0 1
8.92908 -3.77389 125.556 4.81684 -1.56659 61.3426 1.88342 -13 3797 1 0 1
-0.851465 17.148 125.556 -3.28665 14.1601 77.6524 2.32893 -13 3798 1 0 1
-7.47904 -13.1345 125.556 -4.47018 -8.0327 67.1613 0.561925 -13 3799 1 0 1
47.6825 -36.3837 125.556 17.514 -12.4916 40.7215 1.5662 -13 3800 1 0 1
-0.201016 0.339539 125.556 -1.74046 0.861721 76.5093 1.40477 -13 3801 1 0 1
-13.4616 13.3794 125.556 -5.47211 6.00228 50.6761 1.30354 -13 3802 1 0 1
-8.4484 -0.841278 125.556 -6.08987 -2.14011 71.7053 -0.84272 -13 3803 1 0 1
-10.3548 14.5688 125.556 -1.72771 2.94268 24.9635 3.74973 -13 3804 1 0 1
-8.29292 -0.715887 125.556 -4.4081 -0.836064 62.7065 -0.473347 -13 3805 1 0 1
8.67788 -0.281839 125.556 4.3589 -1.32484 44.5419 1.10194 -13 3806 1 0 1
-14.5363 -8.67644 125.556 -9.23567 -6.00997 69.4527 0.535941 -13 3807 1 0 1
19.343 -9.38558 125.556 10.085 -4.34379 59.4074 3.49621 -13 3808 1 0 1
-12.5084 0.430264 125.556 -8.23721 -0.120582 70.4142 -0.788134 -13 3809 1 0 1
-5.575 13.4093 125.556 -1.97662 7.13574 54.1062 0.564322 -13 3810 1 0 1
-3.99038 -1.39667 125.556 -2.77608 -0.464931 68.1828 0.344806 -13 3811 1 0 1
10.8021 -21.8555 125.556 5.71419 -13.6977 70.1231 1.32128 -13 3812 1 0 1
22.213 5.54858 125.556 10.8547 1.95589 55.1688 3.13282 -13 3813 1 0 1
-14.4339 3.92415 125.556 -7.36683 1.0375 59.5505 -0.137858 -13 3814 1 0 1
-25.6027 9.76037 125.556 -18.1977 6.66354 75.0455 0.649442 -13 3815 1 0 1
11.8583 -20.7564 125.556 5.19975 -7.60959 44.1905 0.115698 -13 3816 1 0 1
0.0425219 -14.4096 125.556 0.0568393 -7.64235 62.7357 0.205117 -13 3817 1 0 1
7.69605 1.29104 125.556 4.20104 1.31936 67.9856 0.715297 -13 3818 1 0 1
-1.52934 3.9379 125.556 -0.267331 2.28337 57.0808 1.46311 -13 3819 1 0 1
21.0411 -7.36711 125.556 11.8762 -3.67245 69.1236 1.20995 -13 3820 1 0 1
22.177 20.3086 125.556 10.957 9.79366 57.2983 2.966 -13 3821 1 0 1
6.46268 -8.10207 125.556 3.33888 -5.20777 70.2257 -0.391866 -13 3822 1 0 1
-22.2341 4.71097 125.556 -14.2695 2.68322 69.99 -0.360055 -13 3823 1 0 1
7.59721 -0.645317 125.556 4.17139 -0.366335 59.817 2.68171 -13 3824 1 0 1
-1.5554 -0.549739 125.556 -0.848723 -0.623773 63.6912 1.4925 -13 3825 1 0 1
-12.9311 -19.4436 125.556 -6.17369 -8.94727 57.9392 0.991959 -13 3826 1 0 1
9.03087 1.93765 125.556 3.97179 -0.131403 40.4116 1.30788 -13 3827 1 0 1
7.55638 -0.548873 125.556 3.9447 -0.0524847 52.8898 2.38532 -13 3828 1 0 1
11.5998 6.26536 125.556 6.54718 3.94508 65.5809 -1.22398 -13 3829 1 0 1
15.8048 21.5953 125.556 8.62516 11.9843 60.5261 -0.100103 -13 3830 1 0 1
10.0594 -25.5802 125.556 4.47424 -10.5263 44.7987 1.59233 -13 3831 1 0 1
-2.46138 -3.40282 125.556 -0.780871 -1.43376 54.097 0.885265 -13 3832 1 0 1
4.9746 -11.5445 125.556 2.67738 -5.78486 61.4732 -1.31925 -13 3833 1 0 1
-6.0947 21.594 125.556 -4.71844 11.5279 70.0837 0.846197 -13 3834 1 0 1
1.88775 5.25641 125.556 0.293357 1.8947 71.9825 1.06447 -13 3835 1 0 1
1.77957 -10.1258 125.556 -1.14685 -7.9602 80.2549 2.93889 -13 3836 1 0 1
11.0531 -14.3191 125.556 5.84889 -7.9022 58.1866 -0.405962 -13 3837 1 0 1
7.56335 -0.436654 125.556 3.82582 -0.540705 50.5059 2.02777 -13 3838 1 0 1
24.1127 -9.4808 125.556 8.59766 -2.99624 36.1662 3.29936 -13 3840 1 0 1
-13.9786 26.1373 125.556 -5.78249 12.9711 52.9253 2.34582 -13 3841 1 0 1
-6.61103 -0.823769 125.556 -3.86878 0.836729 65.1866 -0.125673 -13 3842 1 0 1
16.0549 -0.00815105 125.556 7.82271 0.152221 53.1973 2.50909 -13 3843 1 0 1
-35.4004 -2.11375 125.556 -17.4809 -0.732016 57.4337 1.4407 -13 3844 1 0 1
-14.5364 -11.7258 125.556 -10.1461 -7.52161 72.1654 0.0848086 -13 3845 1 0 1
-7.03019 -17.8988 125.556 -5.49589 -11.2612 72.7542 -0.144919 -13 3846 1 0 1
-22.4105 -19.7422 125.556 -6.96031 -6.63401 39.6545 1.28877 -13 3847 1 0 1
19.0039 -0.540742 125.556 9.23393 0.254236 51.919 0.67694 -13 3848 1 0 1
-25.8512 -6.11092 125.556 -14.4328 -2.67546 63.5138 1.94381 -13 3849 1 0 1
-5.3138 34.7774 125.556 -3.27568 20.5154 63.9338 1.07533 -13 3850 1 0 1
20.0533 -2.47055 125.556 9.39719 -0.124902 50.1675 0.973598 -13 3851 1 0 1
20.6597 27.355 125.556 7.43908 8.72653 37.6894 1.51161 -13 3852 1 0 1
-14.9456 -6.5652 125.556 -8.8751 -4.88262 64.7305 2.08485 -13 3853 1 0 1
-1.78931 -0.143178 125.556 -0.0362406 0.215901 42.4771 -0.449848 -13 3854 1 0 1
4.96158 -19.2615 125.556 2.55889 -11.4501 61.693 0.319995 -13 3855 1 0 1
0.855296 1.57285 125.556 0.678091 2.08171 58.9942 -1.07427 -13 3856 1 0 1
9.35039 -5.22581 125.556 5.01845 -2.98977 60.5625 -0.485307 -13 3857 1 0 1
7.3432 10.2314 125.556 3.81532 4.74012 60.2228 -0.604447 -13 3858 1 0 1
1.26751 -11.8141 125.556 0.45009 -4.68142 65.6166 -0.432726 -13 3859 1 0 1
-0.260455 -11.8132 125.556 -0.846321 -6.47401 72.9587 0.0192416 -13 3860 1 0 1
9.83322 14.7958 125.556 5.30183 6.41662 65.4867 1.66955 -13 3861 1 0 1
3.68248 -0.796 125.556 1.9913 -1.53503 59.049 1.2799 -13 3862 1 0 1
-1.32259 -4.84631 125.556 -0.0918055 -1.95504 56.6456 1.16561 -13 3863 1 0 1
5.38116 -5.09676 125.556 1.71256 -0.571098 25.6195 1.0851 -13 3864 1 0 1
8.62104 0.096532 125.556 4.54829 -0.104537 73.7027 0.314292 -13 3865 1 0 1
-18.4702 8.43446 125.556 -8.45503 4.85267 55.8907 0.186242 -13 3866 1 0 1
11.8255 -24.4557 125.556 6.32223 -10.7826 61.7732 1.49628 -13 3867 1 0 1
-10.1282 1.08952 125.556 -3.55747 0.478176 50.458 1.04472 -13 3868 1 0 1
-2.14398 -4.69752 125.556 -2.57541 -1.43991 75.1465 0.11625 -13 3869 1 0 1
0.207569 -15.7368 125.556 -2.05814 -10.2233 79.3216 2.12363 -13 3870 1 0 1
-12.1055 -1.25058 125.556 -5.89264 0.14571 58.0886 0.235461 -13 3871 1 0 1
-7.21477 16.603 125.556 -5.88784 9.52022 74.3459 2.32972 -13 3872 1 0 1
-10.1481 -2.00845 125.556 -7.72468 -1.49084 73.7269 2.49197 -13 3873 1 0 1
-20.4554 -2.67765 125.556 -11.9907 -2.35935 67.1115 2.3149 -13 3874 1 0 1
1.94183 20.9454 125.556 1.4204 6.45328 38.0683 0.692426 -13 3875 1 0 1
10.7775 -1.37753 125.556 5.87818 -0.578191 62.5323 1.95803 -13 3876 1 0 1
-16.0757 6.74745 125.556 -6.76132 2.69356 52.1708 -0.735188 -13 3877 1 0 1
50.6479 10.3935 125.556 21.0453 3.68122 47.5952 1.94307 -13 3878 1 0 1
-1.27748 -20.5458 125.556 -0.316808 -10.3144 56.1566 1.79897 -13 3879 1 0 1
-15.236 -10.0412 125.556 -8.98118 -6.48027 66.7738 1.91188 -13 3880 1 0 1
8.06512 -6.81206 125.556 4.04081 -4.45954 73.326 1.51275 -13 3881 1 0 1
-20.0143 -18.8605 125.556 -10.2141 -10.1866 60.0828 2.00604 -13 3882 1 0 1
18.3349 -27.0414 125.556 9.07793 -13.8551 58.743 2.1073 -13 3883 1 0 1
-0.461335 4.70983 125.556 -1.31799 3.63084 73.2103 0.552988 -13 3884 1 0 1
-4.12627 -11.063 125.556 -4.4225 -8.34061 76.5091 -1.6803 -13 3886 1 0 1
-11.4656 23.9014 125.556 -6.5213 13.3362 63.7211 1.92584 -13 3887 1 0 1
-0.0243385 -14.308 125.556 0.798712 -6.16378 49.1558 1.93214 -13 3888 1 0 1
-4.86384 0.442275 125.556 -2.91942 0.592831 65.4856 2.46117 -13 3889 1 0 1
-7.59248 -25.6802 125.556 -2.16177 -10.9897 46.3509 0.927152 -13 3890 1 0 1
-3.75394 -7.31942 125.556 -2.56075 -3.79682 67.656 3.3824 -13 3891 1 0 1
-13.9472 -22.4048 125.556 -6.93507 -12.2033 58.6788 1.63869 -13 3892 1 0 1
-7.63589 9.08903 125.556 -5.61891 5.68465 72.3748 0.275632 -13 3893 1 0 1
-18.9877 21.8502 125.556 -6.64476 8.41447 45.9028 2.25334 -13 3894 1 0 1
4.45588 1.22899 125.556 2.04654 0.927357 71.8001 1.13332 -13 3895 1 0 1
2.79087 -10.6663 125.556 1.07686 -6.01604 67.6092 -0.0417486 -13 3896 1 0 1
-7.31469 23.0962 125.556 -3.67839 11.539 58.6221 1.50256 -13 3897 1 0 1
27.0247 -2.94102 125.556 14.715 -1.67913 62.9705 2.59511 -13 3898 1 0 1
-34.6363 25.6965 125.556 -14.1504 10.2041 48.1555 2.0339 -13 3899 1 0 1
-11.0559 6.93857 125.556 -7.83857 3.42775 72.1363 0.414883 -13 3900 1 0 1
22.0338 -34.8793 125.556 9.41703 -13.5798 45.0998 -0.56802 -13 3901 1 0 1
-3.06026 6.57061 125.556 -3.08878 3.46931 72.6355 1.18446 -13 3902 1 0 1
6.32652 36.9439 125.556 3.10774 16.3902 45.7841 0.0230741 -13 3903 1 0 1
-8.51057 -13.4509 125.556 -3.76496 -6.78432 52.914 3.09535 -13 3904 1 0 1
-7.9313 4.13587 125.556 -7.26595 4.35476 78.4087 0.762464 -13 3905 1 0 1
6.55443 23.1307 125.556 1.45698 3.17996 16.0896 3.09608 -13 3906 1 0 1
4.01926 -5.31694 125.556 1.97789 -2.13612 67.2366 -0.287328 -13 3907 1 0 1
9.05367 -11.2253 125.556 4.74059 -5.08624 55.6455 1.65021 -13 3908 1 0 1
-12.0304 -1.76455 125.556 -8.88666 -0.781724 74.0486 1.23742 -13 3909 1 0 1
-4.81911 2.69265 125.556 -3.78663 1.82781 71.2723 0.850303 -13 3910 1 0 1
-25.5187 -12.074 125.556 -13.9306 -8.01761 61.6507 1.2327 -13 3911 1 0 1
-0.69768 9.70429 125.556 -0.481003 3.56448 66.068 0.533687 -13 3912 1 0 1
-4.61702 -17.4914 125.556 -1.28692 -7.003 45.9242 2.10785 -13 3913 1 0 1
1.39018 -9.99677 125.556 1.11561 -5.94961 56.6831 2.25976 -13 3914 1 0 1
2.3775 -1.80298 125.556 1.07641 -2.447 64.5457 0.808132 -13 3915 1 0 1
-4.3316 8.33271 125.556 -2.04919 4.11727 60.7903 -0.218704 -13 3916 1 0 1
-5.03846 13.6396 125.556 -3.12829 8.7808 64.7194 0.491132 -13 3917 1 0 1
9.15525 -7.96617 125.556 4.78491 -5.00164 73.7346 -0.329317 -13 3918 1 0 1
-8.30386 10.5028 125.556 -7.05138 7.10667 76.4215 1.15931 -13 3919 1 0 1
8.55563 0.865805 125.556 4.58156 0.838237 67.1862 1.22507 -13 3920 1 0 1
-18.3898 -3.58466 125.556 -13.4165 -2.26805 75.296 0.7561 -13 3921 1 0 1
3.8635 -16.5964 125.556 1.64277 -4.6847 30.907 1.03224 -13 3922 1 0 1
-22.0896 -5.32246 125.556 -10.925 -2.60383 57.8728 2.17567 -13 3923 1 0 1
18.866 -12.8346 125.556 9.77008 -7.60166 61.3385 -0.880048 -13 3924 1 0 1
-18.7098 15.6913 125.556 -10.2557 7.46945 61.8203 2.25623 -13 3925 1 0 1
16.7833 -19.331 125.556 8.82462 -12.1332 60.7283 0.878082 -13 3926 1 0 1
-20.9009 -12.6115 125.556 -9.51667 -6.8317 55.2777 2.48649 -13 3927 1 0 1
-8.85872 -13.1739 125.556 -6.17042 -7.30499 69.9688 1.82741 -13 3928 1 0 1
3.6865 -6.13481 125.556 2.38489 -3.1914 56.0636 0.343704 -13 3929 1 0 1
2.79693 -22.2928 125.556 -0.796823 -14.269 78.1485 -0.212208 -13 3930 1 0 1
6.06714 -14.1312 125.556 3.36528 -8.888 68.0353 -1.86985 -13 3931 1 0 1
6.27057 0.751341 125.556 3.18394 1.38957 46.8237 2.98579 -13 3932 1 0 1
-16.6567 -29.6824 125.556 -6.8515 -13.1351 50.6845 3.70639 -13 3933 1 0 1
-13.7402 2.74696 125.556 -7.85226 0.805472 64.8168 -0.158949 -13 3935 1 0 1
-14.2194 -16.4395 125.556 -5.38206 -7.63137 47.8395 1.20679 -13 3936 1 0 1
-2.10552 0.0932007 125.556 -0.875334 0.600267 61.5332 1.77157 -13 3937 1 0 1
23.8415 -11.5236 125.556 12.0072 -6.22358 56.9117 -0.0726453 -13 3938 1 0 1
24.6285 22.5561 125.556 13.0595 12.2285 61.4095 1.66513 -13 3939 1 0 1
-15.6789 -3.90664 125.556 -10.8093 -0.651362 72.7552 0.36451 -13 3940 1 0 1
-18.2695 -4.34183 125.556 -7.54188 -2.33547 51.0274 1.25294 -13 3941 1 0 1
4.27903 5.10759 125.556 1.95365 4.12389 69.5815 2.95163 -13 3942 1 0 1
9.1683 -10.5391 125.556 4.72042 -7.30398 68.7199 -0.316462 -13 3943 1 0 1
-25.3939 5.46026 125.556 -10.3969 2.02489 49.3537 0.778642 -13 3944 1 0 1
-14.1621 -22.2616 125.556 -12.3739 -16.1747 77.2534 1.41577 -13 3945 1 0 1
-7.27605 6.90573 125.556 -5.10593 5.49098 71.2705 -1.34757 -13 3946 1 0 1
-6.84239 15.8943 125.556 -2.7424 7.78205 56.3106 1.2791 -13 3947 1 0 1
-26.3499 -0.29759 125.556 -14.3228 0.373268 62.7562 1.42803 -13 3948 1 0 1
3.67012 -18.8048 125.556 2.19324 -8.95861 58.7485 -0.0757356 -13 3949 1 0 1
29.2826 -9.59935 125.556 14.3661 -4.57831 54.5513 1.20051 -13 3950 1 0 1
-10.2733 -20.0109 125.556 -5.92163 -11.7573 64.8387 0.962311 -13 3951 1 0 1
62.1405 -12.505 125.556 30.5216 -7.39353 56.3831 0.818443 -13 3952 1 0 1
3.21554 18.0918 125.556 1.87987 9.51186 63.1951 1.91607 -13 3953 1 0 1
-0.464499 1.68335 125.556 0.0623837 1.81221 61.4779 2.58702 -13 3955 1 0 1
9.72199 -7.83821 125.556 5.13454 -3.92036 67.4799 0.298682 -13 3956 1 0 1
-0.550797 16.6705 125.556 -2.22683 12.2287 78.0142 -1.15553 -13 3958 1 0 1
11.7721 13.671 125.556 5.60509 6.01217 47.2377 1.04727 -13 3959 1 0 1
12.0438 8.11058 125.556 6.50342 5.1888 73.2381 -0.764543 -13 3960 1 0 1
-22.8598 1.75045 125.556 -11.082 -0.131271 57.9744 -0.182988 -13 3961 1 0 1
-39.6295 -5.99601 125.556 -25.7255 -3.12559 71.6358 -1.00279 -13 3963 1 0 1
-6.88435 5.53835 125.556 -4.73438 1.69191 70.5595 0.443489 -13 3964 1 0 1
11.7632 1.34773 125.556 6.34981 0.476476 71.5736 -0.331348 -13 3965 1 0 1
-17.9346 12.51 125.556 -9.97199 6.44071 63.7264 0.172494 -13 3966 1 0 1
16.3417 -14.0194 125.556 9.16042 -8.61284 67.3281 0.406201 -13 3967 1 0 1
9.87155 9.92606 125.556 5.46976 6.22043 63.3485 1.59667 -13 3968 1 0 1
-0.812698 -1.14368 125.556 -0.268732 -0.800761 62.2113 2.50185 -13 3969 1 0 1
7.09299 -5.97976 125.556 3.9505 -1.95004 62.185 1.06557 -13 3970 1 0 1
8.24918 -3.96254 125.556 4.37765 -1.56749 48.8005 1.70158 -13 3971 1 0 1
-1.99035 13.1479 125.556 -0.452046 7.75367 56.8634 1.31287 -13 3972 1 0 1
-5.45507 -12.8194 125.556 -1.83646 -5.69725 49.4263 -0.0336011 -13 3973 1 0 1
-10.4823 -2.13324 125.556 -9.19453 -0.541529 78.3443 1.7674 -13 3974 1 0 1
-1.11747 8.38301 125.556 -3.26432 8.25833 79.737 1.36106 -13 3975 1 0 1
1.48058 7.22681 125.556 -0.936161 4.26449 79.2917 0.0927588 -13 3976 1 0 1
3.14409 0.521527 125.556 1.58497 1.21029 63.0258 0.366452 -13 3977 1 0 1
-13.4308 -10.0308 125.556 -7.13649 -5.45628 61.3551 0.341222 -13 3978 1 0 1
-2.82535 -23.1322 125.556 -2.56976 -14.8464 70.0628 0.574293 -13 3979 1 0 1
-19.08 10.9701 125.556 -11.7568 4.51612 68.0181 0.790833 -13 3980 1 0 1
-11.2675 -4.91081 125.556 -5.55157 -2.55042 61.6353 -1.85801 -13 3981 1 0 1
2.65138 -7.0496 125.556 1.64954 -3.02164 69.3896 2.03635 -13 3982 1 0 1
-1.88534 -2.18271 125.556 -0.842556 -1.00378 60.581 0.113932 -13 3984 1 0 1
31.4886 8.567 125.556 17.9733 5.99709 69.3452 -0.0494592 -13 3985 1 0 1
20.1444 -22.3221 125.556 10.1451 -11.7331 57.5016 -1.2094 -13 3986 1 0 1
-11.2363 1.1883 125.556 -5.47748 0.462488 60.3985 1.20248 -13 3987 1 0 1
14.5068 -12.4162 125.556 8.32763 -7.58398 72.6526 -0.826252 -13 3988 1 0 1
15.8273 5.00827 125.556 7.73493 2.67002 55.0533 1.62361 -13 3989 1 0 1
-20.9812 -4.76591 125.556 -11.5783 -3.44979 63.6794 3.295 -13 3990 1 0 1
6.10423 10.3644 125.556 3.41134 4.80374 60.4126 -1.21005 -13 3991 1 0 1
24.3932 5.5579 125.556 12.6334 3.42666 58.6133 0.566076 -13 3992 1 0 1
25.4787 -27.7159 125.556 12.5153 -12.8298 54.4433 -1.15339 -13 3993 1 0 1
-0.216598 -8.07038 125.556 -1.32957 -5.32046 73.7556 0.565349 -13 3994 1 0 1
-2.25749 16.0469 125.556 -1.89957 8.49521 66.1623 2.16222 -13 3995 1 0 1
2.85641 29.324 125.556 1.32841 16.0771 66.8816 0.541713 -13 3996 1 0 1
-6.21501 -0.990592 125.556 -2.94066 -1.24558 58.2099 1.08836 -13 3997 1 0 1
3.34474 -4.81314 125.556 0.175941 -5.6404 78.8457 1.76757 -13 3998 1 0 1
2.43408 -19.3966 125.556 1.28659 -10.8913 61.036 1.45593 -13 3999 1 0 1
-25.3852 -16.3792 125.556 -11.6635 -7.51449 55.6047 0.466297 -13 4000 1 0 1
-25.0325 -13.1661 125.556 -8.41306 -4.37906 42.0117 0.439745 -13 4001 1 0 1
6.85412 -5.11444 125.556 3.79472 -1.55268 47.434 0.466862 -13 4002 1 0 1
-5.69701 13.6804 125.556 -3.02571 8.23968 63.737 0.518336 -13 4003 1 0 1
-16.0455 2.65683 125.556 -10.2228 1.73718 69.2825 0.718465 -13 4004 1 0 1
-13.3671 -3.8075 125.556 -7.87276 -3.47609 65.7884 1.44434 -13 4005 1 0 1
18.197 -26.4097 125.556 9.12659 -13.5756 56.6177 1.10084 -13 4006 1 0 1
0.074093 4.33381 125.556 -2.3313 2.51163 78.3689 2.58994 -13 4007 1 0 1
-5.69248 -16.3295 125.556 -1.52171 -6.68618 46.3508 -0.268616 -13 4008 1 0 1
2.8863 20.9138 125.556 1.75516 10.4774 55.5865 -0.703673 -13 4009 1 0 1
16.3804 10.3509 125.556 8.58723 6.27898 59.8351 0.873181 -13 4010 1 0 1
2.58259 -10.5972 125.556 1.50477 -5.86439 63.8173 1.84104 -13 4011 1 0 1
-8.08905 3.88039 125.556 -6.18533 2.42907 72.2835 -1.48689 -13 4012 1 0 1
-22.8582 -1.11822 125.556 -10.3182 0.659845 53.7396 1.36111 -13 4013 1 0 1
-12.0315 8.86906 125.556 -8.54452 5.07318 72.6178 -0.511268 -13 4014 1 0 1
2.25263 11.9341 125.556 1.2043 7.12776 65.6165 2.65626 -13 4015 1 0 1
9.20871 -1.83172 125.556 5.21668 -1.43877 68.1324 0.553297 -13 4016 1 0 1
-9.94536 8.21427 125.556 -5.70585 4.05873 64.4821 0.899153 -13 4017 1 0 1
-28.8783 7.04437 125.556 -15.5531 5.06823 62.2063 2.18314 -13 4018 1 0 1
4.60277 19.481 125.556 2.59324 10.9713 63.1129 0.426911 -13 4019 1 0 1
10.9498 -9.43982 125.556 5.72294 -3.90786 56.6375 0.955515 -13 4020 1 0 1
-12.1533 11.4507 125.556 -9.65822 8.04373 75.6424 0.954964 -13 4021 1 0 1
27.6107 -13.9804 125.556 16.3239 -9.71585 78.0402 0.124947 -13 4022 1 0 1
10.742 -9.49252 125.556 5.40102 -3.44697 50.3528 0.893704 -13 4023 1 0 1
-21.919 -3.09415 125.556 -13.4215 -1.19314 68.2253 1.86183 -13 4024 1 0 1
-10.3538 11.4007 125.556 -7.48699 6.23929 71.8747 -1.52649 -13 4025 1 0 1
14.3639 -1.35517 125.556 8.1508 -1.12658 64.4233 -0.250538 -13 4026 1 0 1
-8.29568 12.239 125.556 -4.51555 7.46933 62.9611 1.17174 -13 4027 1 0 1
1.96166 5.59249 125.556 -0.452441 4.55769 78.154 2.43998 -13 4028 1 0 1
-0.587371 -7.09138 125.556 -0.219593 -3.66944 58.9375 1.02564 -13 4029 1 0 1
-16.9987 -34.1237 125.556 -7.20817 -14.8768 51.8988 1.59137 -13 4030 1 0 1
-12.9534 -1.20843 125.556 -7.58351 -0.0820781 65.2655 -0.193249 -13 4031 1 0 1
39.138 -13.4477 125.556 18.0493 -5.5253 52.2483 2.59378 -13 4032 1 0 1
-3.1137 -2.75954 125.556 -2.31725 -1.1873 68.3598 -1.90808 -13 4033 1 0 1
-18.0655 -15.8627 125.556 -11.6061 -9.5808 69.1259 1.1212 -13 4034 1 0 1
0.821961 5.26227 125.556 -0.418476 2.49497 73.7791 0.591525 -13 4035 1 0 1
5.77132 3.77445 125.556 3.09945 2.86127 65.1655 3.28981 -13 4036 1 0 1
-11.3741 10.2123 125.556 -7.63986 4.86622 70.8248 -0.133587 -13 4037 1 0 1
5.47892 -3.49074 125.556 2.96222 -1.68252 51.6225 0.382016 -13 4038 1 0 1
-8.28079 -20.0975 125.556 -3.07441 -8.09841 50.1306 -0.79693 -13 4039 1 0 1
-3.00491 4.46894 125.556 -0.445547 1.54954 50.9582 1.88255 -13 4040 1 0 1
-23.7953 -0.320467 125.556 -12.2117 -1.09962 59.4011 3.7233 -13 4041 1 0 1
3.75179 27.9066 125.556 1.3168 18.0859 70.545 0.346626 -13 4042 1 0 1
10.9621 -12.9975 125.556 5.81288 -7.07464 64.0653 0.445876 -13 4043 1 0 1
19.6746 3.83873 125.556 10.5827 3.17888 63.2533 3.34402 -13 4044 1 0 1
-8.39779 7.24206 125.556 -8.08561 5.68385 78.2043 -1.08823 -13 4045 1 0 1
-17.008 -20.624 125.556 -9.10166 -11.4279 61.5224 0.297442 -13 4046 1 0 1
-15.1083 -4.05237 125.556 -4.88093 -1.93275 44.0862 0.102576 -13 4047 1 0 1
15.1423 0.855118 125.556 5.84672 -0.0637471 35.1928 1.31197 -13 4048 1 0 1
4.5095 7.61251 125.556 1.33928 4.60733 75.5145 1.86648 -13 4049 1 0 1
-9.12237 -6.04993 125.556 -6.12471 -3.23074 69.5465 0.473662 -13 4050 1 0 1
-2.59399 1.38086 125.556 -2.21425 1.07527 70.9543 1.37542 -13 4051 1 0 1
4.26002 -24.488 125.556 2.23182 -13.1753 65.9845 1.1268 -13 4052 1 0 1
2.73632 17.1089 125.556 1.77929 8.40004 54.0491 1.47427 -13 4053 1 0 1
-22.102 -24.8757 125.556 -12.9745 -13.5207 65.6945 0.151919 -13 4054 1 0 1
15.3746 -25.9721 125.556 8.1395 -14.1782 60.3216 1.92343 -13 4055 1 0 1
7.4867 -25.1363 125.556 3.76111 -14.8272 66.9856 2.15442 -13 4056 1 0 1
17.7824 -1.38533 125.556 9.18696 0.291038 55.8428 0.498529 -13 4057 1 0 1
-19.1979 -9.08051 125.556 -12.8219 -7.29862 70.6828 1.26958 -13 4058 1 0 1
-10.2835 -2.74159 125.556 -5.82464 -2.69777 62.9659 1.14396 -13 4059 1 0 1
2.44997 -9.71482 125.556 1.17134 -4.26973 63.0776 2.01273 -13 4060 1 0 1
8.80945 -8.08678 125.556 4.93562 -4.68383 56.6113 0.0885481 -13 4062 1 0 1
7.69486 -23.8352 125.556 3.95768 -11.0507 51.838 0.235903 -13 4063 1 0 1
0.342144 -12.8816 125.556 0.128127 -9.81299 67.6129 -0.24844 -13 4064 1 0 1
5.01629 -1.2763 125.556 2.24478 -0.510464 67.7522 0.816272 -13 4065 1 0 1
1.58844 -8.54996 125.556 0.286829 -4.03297 70.1073 1.32212 -13 4066 1 0 1
9.4341 12.2198 125.556 5.02163 7.69795 68.1705 4.53891 -13 4067 1 0 1
9.0559 14.94 125.556 4.7596 9.62469 71.3595 -0.925988 -13 4068 1 0 1
-3.23711 -11.966 125.556 -2.18893 -7.63046 66.6033 1.00909 -13 4069 1 0 1
3.21942 21.4119 125.556 0.737929 15.9903 71.3121 -0.261935 -13 4070 1 0 1
0.446508 5.68199 125.556 0.21474 4.48112 67.9508 -1.34387 -13 4071 1 0 1
-8.94238 -42.0625 125.556 -2.08238 -13.5756 36.3721 2.81391 -13 4072 1 0 1
-15.4672 8.83522 125.556 -10.001 6.02193 69.6854 2.20631 -13 4073 1 0 1
4.40264 -7.9929 125.556 2.54631 -5.29431 56.6087 -1.31959 -13 4074 1 0 1
3.30988 23.1855 125.556 1.76965 7.12068 34.2982 -0.187528 -13 4075 1 0 1
-12.2212 15.7004 125.556 -3.83358 5.44942 43.2601 0.511021 -13 4076 1 0 1
13.881 -21.0566 125.556 6.13612 -8.31282 44.5704 -0.388902 -13 4077 1 0 1
-23.0628 -15.8232 125.556 -14.0374 -9.60538 68.0276 2.08644 -13 4078 1 0 1
0.693345 0.528011 125.556 0.98512 -0.2371 52.6803 0.478712 -13 4079 1 0 1
1.62862 -16.1807 125.556 -0.446069 -11.6236 75.8851 -1.41962 -13 4080 1 0 1
-7.10911 2.75406 125.556 -3.39607 0.96699 60.2729 1.12488 -13 4081 1 0 1
-2.47694 7.66437 125.556 -2.23152 4.90066 69.9825 0.582824 -13 4082 1 0 1
-5.49447 7.30517 125.556 -3.6052 3.2374 67.6866 1.56891 -13 4083 1 0 1
-13.4153 -7.22765 125.556 -6.54923 -4.33577 58.0315 1.34458 -13 4084 1 0 1
34.4585 -6.20935 125.556 15.4214 -0.902084 50.4736 -1.22508 -13 4085 1 0 1
-6.35561 -13.736 125.556 -2.87776 -6.74409 59.7618 -2.33722 -13 4086 1 0 1
29.5766 18.3608 125.556 13.0368 8.07559 48.6601 1.3028 -13 4087 1 0 1
4.33511 8.22615 125.556 2.22634 4.41175 64.2144 2.12486 -13 4088 1 0 1
-0.480233 12.2522 125.556 0.415209 6.74014 52.2531 0.627518 -13 4089 1 0 1
-5.04258 -8.65783 125.556 -4.20884 -5.64487 74.3774 -0.073952 -13 4090 1 0 1
-12.0526 -10.0485 125.556 -8.09044 -5.46066 69.5783 -0.717537 -13 4091 1 0 1
-3.29527 -25.2091 125.556 -1.53635 -13.3154 61.7092 0.231253 -13 4092 1 0 1
-3.00271 -13.5943 125.556 -4.05879 -8.44117 77.9392 -0.07542 -13 4093 1 0 1
-17.9665 24.2801 125.556 -9.38785 12.7887 60.3367 -0.673529 -13 4094 1 0 1
-5.88619 24.7459 125.556 -2.73976 13.1919 60.6979 1.30144 -13 4095 1 0 1
-9.36724 19.859 125.556 -7.15084 13.888 73.385 0.753311 -13 4096 1 0 1
9.15592 -16.6287 125.556 4.66265 -11.1383 72.1297 0.127202 -13 4097 1 0 1
12.6366 8.6388 125.556 6.83142 6.91373 77.3907 -0.758049 -13 4098 1 0 1
-11.2976 -4.11649 125.556 -6.58441 -2.23294 66.4397 1.16403 -13 4099 1 0 1
24.7825 -7.32934 125.556 13.795 -4.76416 63.9708 -1.11785 -13 4100 1 0 1
2.27545 -4.50865 125.556 0.0412872 -3.35483 75.1973 0.555349 -13 4101 1 0 1
-14.7937 13.5884 125.556 -10.5481 7.6351 73.5882 -1.05854 -13 4103 1 0 1
-19.3915 23.2563 125.556 -13.7105 15.368 73.3734 -0.518751 -13 4105 1 0 1
-5.56105 30.7324 125.556 -4.51101 19.6853 72.8521 -1.25534 -13 4106 1 0 1
-12.5636 14.6806 125.556 -7.79588 7.42666 67.1685 1.76011 -13 4107 1 0 1
24.7097 3.05139 125.556 12.0152 1.2529 54.7016 1.91876 -13 4108 1 0 1
-2.67896 9.01712 125.556 -2.6734 5.41622 72.4104 1.17227 -13 4109 1 0 1
1.75085 -0.351693 125.556 0.905908 1.55146 65.5136 2.10259 -13 4110 1 0 1
-14.1515 -8.54464 125.556 -10.415 -5.01912 73.9901 1.79354 -13 4111 1 0 1
-6.09039 14.3946 125.556 -2.10625 6.31243 48.2943 0.502281 -13 4112 1 0 1
-16.3781 2.25984 125.556 -6.93905 1.12161 53.0987 2.11806 -13 4113 1 0 1
25.3084 0.252928 125.556 7.63401 0.437238 31.7693 0.0726299 -13 4114 1 0 1
-42.4567 -12.2262 125.556 -23.3393 -6.27059 62.2647 2.76929 -13 4115 1 0 1
-12.6855 5.96759 125.556 -9.52143 3.7249 74.2788 1.90253 -13 4116 1 0 1
-29.8599 11.1592 125.556 -23.3249 6.98076 76.1276 1.05679 -13 4117 1 0 1
12.4327 -8.33903 125.556 6.90733 -4.85382 71.3261 3.40787 -13 4118 1 0 1
-17.4962 -6.6221 125.556 -13.2413 -5.48278 76.2183 0.722023 -13 4119 1 0 1
41.4052 -9.70905 125.556 23.5699 -4.43368 68.9025 -0.518766 -13 4120 1 0 1
-15.3879 -8.89998 125.556 -7.92945 -5.54965 59.7877 0.378038 -13 4122 1 0 1
12.7549 16.7383 125.556 6.95509 8.89025 57.5942 -0.788362 -13 4123 1 0 1
2.99342 -13.6385 125.556 1.87903 -5.67035 49.4489 0.507877 -13 4124 1 0 1
-14.1803 7.53209 125.556 -9.27134 4.06576 69.1163 -0.612055 -13 4125 1 0 1
5.70668 10.9357 125.556 2.93826 6.79905 69.5812 -0.735824 -13 4126 1 0 1
-9.81659 -33.7746 125.556 -3.22891 -13.8433 45.9598 0.408112 -13 4127 1 0 1
43.5347 -4.91069 125.556 17.2508 -2.2294 43.7383 -2.10567 -13 4128 1 0 1
18.4388 9.73735 125.556 8.20514 4.37171 47.7135 1.64673 -13 4130 1 0 1
-21.7789 5.53359 125.556 -10.8807 3.54089 58.4757 0.976794 -13 4131 1 0 1
42.0837 -36.9373 125.556 15.3312 -13.2843 39.8322 -0.889887 -13 4133 1 0 1
5.74652 3.14853 125.556 3.41616 1.39782 59.5167 1.97577 -13 4134 1 0 1
0.0155251 18.0968 125.556 -1.43746 11.1184 74.8422 0.174456 -13 4135 1 0 1
-18.9476 9.36001 125.556 -7.14395 4.35808 45.8006 -1.54696 -13 4136 1 0 1
-43.94 -47.0065 125.556 -16.2948 -16.8316 43.3868 0.739759 -13 4137 1 0 1
5.69588 -31.3771 125.556 2.82857 -15.0381 53.0375 1.04676 -13 4138 1 0 1
-0.759461 -14.15 125.556 -0.156815 -7.14244 57.4475 0.734269 -13 4139 1 0 1
-7.37107 -1.55228 125.556 -6.83374 -0.534772 78.0844 0.474955 -13 4140 1 0 1
-2.29827 1.97585 125.556 -2.11444 2.1143 70.4 -2.29797 -13 4141 1 0 1
7.43403 -26.1599 125.556 3.33946 -8.39767 42.727 0.06369 -13 4142 1 0 1
-9.34566 -22.294 125.556 -4.0814 -10.2688 54.5066 -0.613732 -13 4143 1 0 1
-6.98155 6.53028 125.556 -3.81622 4.33911 63.4536 2.0176 -13 4144 1 0 1
12.4104 -11.4102 125.556 6.86011 -6.46749 70.6518 1.12369 -13 4145 1 0 1
8.02671 61.0198 125.556 3.30905 20.6216 38.2773 2.88939 -13 4146 1 0 1
-10.8797 -12.2451 125.556 -6.94919 -6.18165 68.1174 -0.0746296 -13 4147 1 0 1
5.63951 -5.63749 125.556 2.23113 -4.21082 77.1106 -0.0265745 -13 4148 1 0 1
9.60115 -8.36986 125.556 5.18126 -4.72051 67.6245 0.517936 -13 4149 1 0 1
6.13034 4.07622 125.556 3.4009 1.59768 58.9724 0.440776 -13 4150 1 0 1
3.49971 9.8124 125.556 2.2942 5.09074 51.561 2.15895 -13 4151 1 0 1
-10.1239 -1.26869 125.556 -6.37854 -0.562221 68.3022 2.08064 -13 4152 1 0 1
-6.84283 -12.6428 125.556 -3.0981 -7.66755 56.2881 0.0751293 -13 4153 1 0 1
27.2125 6.81974 125.556 12.8898 3.75097 50.7814 0.207481 -13 4154 1 0 1
-10.5888 -20.8336 125.556 -6.74232 -12.4231 67.0442 -1.50079 -13 4155 1 0 1
1.03703 -1.77941 125.556 -0.273723 -1.23704 71.0227 0.500957 -13 4156 1 0 1
19.5463 11.6402 125.556 10.9182 7.78889 70.8637 2.10634 -13 4157 1 0 1
-8.34349 -8.99906 125.556 -4.55845 -4.278 63.253 1.16318 -13 4158 1 0 1
-1.99786 2.58274 125.556 -0.210509 1.55874 48.4859 0.726731 -13 4159 1 0 1
2.10752 -3.52439 125.556 0.655549 -1.31033 69.7643 1.2773 -13 4160 1 0 1
-5.56152 -22.0857 125.556 -2.84224 -10.2317 60.146 2.23289 -13 4161 1 0 1
18.1947 11.4263 125.556 10.4101 7.24545 69.9142 -0.264147 -13 4162 1 0 1
-6.71628 -0.781721 125.556 -6.34845 -0.818977 77.9632 -0.036547 -13 4163 1 0 1
32.0702 0.836721 125.556 14.2527 0.470578 49.2417 0.620933 -13 4164 1 0 1
28.846 5.05891 125.556 14.7794 3.1525 57.1376 -0.624612 -13 4165 1 0 1
3.66509 3.44719 125.556 2.41542 1.78469 57.6027 1.39342 -13 4166 1 0 1
16.4409 11.7795 125.556 8.84567 7.2342 64.4166 2.84179 -13 4167 1 0 1
-0.704761 -21.364 125.556 -0.319758 -11.3568 62.7639 0.46905 -13 4168 1 0 1
-40.5343 8.5906 125.556 -9.70048 2.65453 31.5178 2.27551 -13 4169 1 0 1
13.9591 -0.633584 125.556 7.69776 -0.0281637 59.986 1.5258 -13 4170 1 0 1
-2.17035 -9.94646 125.556 -1.55335 -6.82886 66.5739 -1.26839 -13 4171 1 0 1
-3.41567 2.4546 125.556 -1.98066 2.28921 63.0755 0.928037 -13 4172 1 0 1
7.0976 24.005 125.556 3.58239 13.9882 69.4537 0.773051 -13 4173 1 0 1
6.14033 9.70709 125.556 3.347 5.27858 56.8495 1.15456 -13 4174 1 0 1
-15.6378 -14.1641 125.556 -7.87787 -7.65821 59.9585 1.19102 -13 4175 1 0 1
-0.243297 6.51936 125.556 -0.165079 3.71361 66.9841 -1.27766 -13 4176 1 0 1
19.2949 -4.79145 125.556 9.49043 -2.50396 53.9619 -0.690846 -13 4177 1 0 1
-24.0163 -19.826 125.556 -10.816 -9.12043 53.539 1.96114 -13 4178 1 0 1
-13.2284 -18.5228 125.556 -8.74348 -9.88768 69.0592 -0.662594 -13 4179 1 0 1
12.2514 -1.00385 125.556 6.76508 -0.0262742 65.0479 1.05826 -13 4180 1 0 1
5.27006 4.47226 125.556 1.5628 4.25567 78.1108 0.760073 -13 4181 1 0 1
6.27277 14.6052 125.556 3.41768 8.62275 67.1783 -2.16058 -13 4182 1 0 1
12.6304 9.08287 125.556 6.95075 6.32016 68.7785 1.79258 -13 4183 1 0 1
-2.60029 3.80096 125.556 -2.39974 2.46953 70.448 -2.15984 -13 4184 1 0 1
-3.40777 -2.80228 125.556 -2.3044 -1.20414 66.8323 0.795938 -13 4185 1 0 1
-4.03924 27.1081 125.556 -2.9322 14.869 66.8515 -0.0213577 -13 4186 1 0 1
10.2719 -4.49788 125.556 5.68517 -1.45781 68.5569 0.658623 -13 4187 1 0 1
36.3658 8.15992 125.556 15.7384 4.08068 48.4858 2.03723 -13 4188 1 0 1
-0.837617 11.2815 125.556 -2.47234 6.02501 78.6214 -0.39961 -13 4189 1 0 1
6.60118 -3.1054 125.556 3.99782 -1.08156 57.762 2.42889 -13 4190 1 0 1
-6.36835 -27.4198 125.556 -2.22037 -12.0624 51.6375 0.232612 -13 4191 1 0 1
6.96839 -21.9552 125.556 2.57591 -16.2587 79.3845 -0.247195 -13 4192 1 0 1
-8.04846 -9.95027 125.556 -5.62706 -5.92577 70.1571 1.23014 -13 4193 1 0 1
-12.6363 29.1711 125.556 -4.58671 12.1666 47.4338 1.28918 -13 4194 1 0 1
-8.77515 -20.637 125.556 -2.98003 -9.9729 49.6783 0.646181 -13 4195 1 0 1
-3.54303 -0.243465 125.556 -5.2585 -0.132867 80.4431 0.207401 -13 4196 1 0 1
-1.67596 -7.29443 125.556 -1.29344 -3.29637 69.3453 3.10891 -13 4197 1 0 1
-2.56638 3.2767 125.556 -3.00199 1.42256 74.5219 1.11595 -13 4198 1 0 1
19.7944 -4.52901 125.556 10.1548 -1.93283 57.4033 0.65242 -13 4199 1 0 1
-1.37897 -6.40488 125.556 -2.78876 -1.38159 77.9022 1.62704 -13 4200 1 0 1
-12.5926 4.70606 125.556 -4.96566 2.36153 49.8647 1.89247 -13 4201 1 0 1
-0.1602 13.8264 125.556 0.240726 8.28816 57.5853 2.10691 -13 4202 1 0 1
-34.811 22.2362 125.556 -18.5781 11.8429 61.4107 0.990362 -13 4203 1 0 1
-9.77903 -1.36788 125.556 -5.32886 -2.07586 64.3613 -0.794369 -13 4204 1 0 1
-21.9296 -2.29175 125.556 -11.5979 -1.86157 61.0845 -0.0746162 -13 4205 1 0 1
-23.173 -5.30494 125.556 -14.9536 -3.46324 70.1385 3.07083 -13 4206 1 0 1
-2.6544 6.86883 125.556 -2.36619 3.85759 71.2274 0.399361 -13 4207 1 0 1
-4.82178 4.47222 125.556 -3.2713 2.432 68.4919 0.430603 -13 4208 1 0 1
-20.8518 -8.04715 125.556 -12.942 -4.51971 67.7812 -1.14296 -13 4210 1 0 1
-10.3931 -3.96659 125.556 -7.36309 -1.862 72.5361 -0.500516 -13 4211 1 0 1
-5.12139 15.1174 125.556 -3.87399 11.3176 71.3985 0.521798 -13 4212 1 0 1
6.02705 -15.8781 125.556 2.96901 -10.8887 69.9321 0.960541 -13 4213 1 0 1
-1.52941 15.3604 125.556 0.014836 7.05575 49.4961 1.64178 -13 4214 1 0 1
-23.8102 8.64227 125.556 -11.8032 2.52027 58.2794 0.809892 -13 4215 1 0 1
17.6032 2.48788 125.556 9.15023 1.75497 58.688 1.62378 -13 4216 1 0 1
29.316 0.155375 125.556 11.7313 -0.41272 43.5576 1.65881 -13 4217 1 0 1
-15.7164 5.37329 125.556 -5.36793 0.798144 43.7296 1.10886 -13 4218 1 0 1
-7.76946 9.70717 125.556 -4.84327 5.6178 66.0565 -0.650139 -13 4219 1 0 1
3.6096 -3.34031 125.556 1.26309 -0.71193 72.456 1.21422 -13 4220 1 0 1
-7.79929 -5.88731 125.556 -5.26244 -3.76029 69.3256 -0.558994 -13 4221 1 0 1
-11.3699 -46.5425 125.556 -5.45312 -22.1408 55.3567 0.0227382 -13 4222 1 0 1
-16.4146 3.45736 125.556 -12.1886 3.87692 75.8026 -0.127684 -13 4223 1 0 1
13.0781 -6.96343 125.556 6.98477 -3.86742 66.8175 2.97411 -13 4224 1 0 1
-11.3953 12.7497 125.556 -8.00842 8.91628 72.8112 2.44182 -13 4225 1 0 1
-8.87408 -10.2696 125.556 -5.43615 -5.87343 65.3978 0.918249 -13 4226 1 0 1
2.64379 6.3776 125.556 1.14944 3.66427 67.3111 4.87503 -13 4227 1 0 1
-15.2605 15.0547 125.556 -6.2202 6.86536 51.1705 -0.718111 -13 4228 1 0 1
2.53239 -3.70519 125.556 1.0081 -3.67821 68.7006 0.917319 -13 4229 1 0 1
-9.88774 -6.85024 125.556 -5.24048 -3.15284 60.7777 0.217868 -13 4230 1 0 1
2.0744 36.5867 125.556 0.599318 22.7706 65.7207 0.0976758 -13 4231 1 0 1
0.917537 7.99808 125.556 0.985669 2.1306 35.2622 1.60663 -13 4232 1 0 1
-11.7277 11.1003 125.556 -6.94635 5.90918 66.0537 1.2233 -13 4233 1 0 1
11.7213 -8.17024 125.556 6.42913 -6.08295 72.3705 0.134782 -13 4234 1 0 1
-14.7466 -41.3681 125.556 -5.9574 -17.628 49.2178 1.15679 -13 4235 1 0 1
-5.00135 4.41967 125.556 -3.32243 4.28102 67.3741 1.60227 -13 4236 1 0 1
-20.5034 -9.8591 125.556 -11.5912 -4.9916 64.5513 0.461478 -13 4237 1 0 1
8.02267 13.5476 125.556 4.22008 9.18613 64.1519 1.05636 -13 4238 1 0 1
-6.17627 -8.4952 125.556 -5.11717 -7.10554 73.8602 0.224869 -13 4239 1 0 1
-13.5948 -6.97346 125.556 -7.77718 -3.68658 64.8218 2.25263 -13 4240 1 0 1
-1.47635 -8.8854 125.556 -3.82731 -6.61967 80.3331 1.34786 -13 4241 1 0 1
1.18012 -29.6327 125.556 -1.41902 -20.5147 76.8919 1.38283 -13 4242 1 0 1
3.52202 -19.2718 125.556 1.97935 -9.34768 61.7024 1.26873 -13 4243 1 0 1
-16.0093 -22.4163 125.556 -7.18639 -12.7683 54.0544 -0.161929 -13 4244 1 0 1
-18.6631 -16.9186 125.556 -7.20363 -6.30754 48.4717 -0.182527 -13 4245 1 0 1
-3.19034 -11.4498 125.556 -3.1459 -6.02355 72.6399 0.154138 -13 4246 1 0 1
-10.7178 23.7347 125.556 -6.99351 13.4946 68.621 2.02103 -13 4247 1 0 1
-22.3673 -10.3127 125.556 -14.0002 -7.19238 69.5723 1.58601 -13 4248 1 0 1
6.10231 -10.768 125.556 3.30039 -4.14855 51.7025 1.25686 -13 4249 1 0 1
13.9815 -0.913755 125.556 6.511 0.183168 46.4137 1.95479 -13 4250 1 0 1
-1.20943 -14.8732 125.556 -0.922457 -9.30405 62.907 -0.719804 -13 4251 1 0 1
6.26876 4.6282 125.556 3.40599 1.72255 65.7214 0.114706 -13 4252 1 0 1
-7.97732 -22.6364 125.556 -5.53679 -15.0024 69.5838 0.308721 -13 4253 1 0 1
3.7937 13.8934 125.556 -0.320303 10.0395 79.1921 -0.264016 -13 4254 1 0 1
4.88519 -6.67691 125.556 3.5715 -5.33575 57.3982 1.26448 -13 4255 1 0 1
9.93339 -19.0342 125.556 5.44468 -11.292 64.6401 1.00145 -13 4256 1 0 1
5.59546 -2.64489 125.556 3.20331 -1.359 60.8003 2.94439 -13 4257 1 0 1
8.624 -12.6232 125.556 4.91588 -6.72228 60.1982 -0.488485 -13 4258 1 0 1
2.50374 -4.57061 125.556 0.17393 -4.45986 76.7609 2.66773 -13 4259 1 0 1
-3.26547 -15.5203 125.556 -2.77223 -8.25359 70.2296 2.10111 -13 4260 1 0 1
4.49622 -22.4675 125.556 2.39439 -8.09018 38.5948 1.1136 -13 4261 1 0 1
-2.58854 12.4737 125.556 -3.09275 10.1203 75.5853 0.804837 -13 4262 1 0 1
-12.1358 18.4972 125.556 -6.17508 8.28293 61.406 -0.056195 -13 4263 1 0 1
-19.6194 -14.628 125.556 -10.9007 -8.88946 64.5668 -0.133569 -13 4264 1 0 1
-13.1021 2.502 125.556 -11.6275 2.93026 78.6148 -0.142583 -13 4265 1 0 1
-9.01405 30.5157 125.556 -5.84805 18.7931 65.9753 1.55027 -13 4266 1 0 1
0.00876577 7.49508 125.556 -1.78102 5.53779 77.9029 2.45916 -13 4267 1 0 1
-9.59899 1.68207 125.556 -4.16531 1.68962 55.8247 0.512054 -13 4268 1 0 1
-16.4952 -8.45777 125.556 -7.63876 -5.03051 56.1242 -0.677202 -13 4269 1 0 1
2.28159 14.6603 125.556 1.17253 8.68668 64.5859 0.907826 -13 4270 1 0 1
4.00093 5.44662 125.556 2.3184 2.66407 59.3172 -1.28911 -13 4271 1 0 1
22.691 -3.08493 125.556 12.4437 -3.44493 65.3103 1.19624 -13 4272 1 0 1
-9.71461 6.18964 125.556 -5.60291 2.69517 65.1747 0.202995 -13 4273 1 0 1
-17.1931 -24.7517 125.556 -7.01543 -11.0838 51.5216 1.58942 -13 4275 1 0 1
-9.3336 13.5221 125.556 -3.76693 6.0766 54.3354 0.444662 -13 4276 1 0 1
-7.30293 -2.60925 125.556 -7.13391 -1.26463 80.1004 1.38844 -13 4277 1 0 1
-27.3379 -5.14005 125.556 -14.6205 -0.72085 61.2859 0.0225624 -13 4278 1 0 1
1.76832 13.3598 125.556 0.103934 8.52298 72.197 1.74628 -13 4279 1 0 1
1.3066 -14.1992 125.556 0.977397 -7.77564 56.678 0.409385 -13 4280 1 0 1
-8.16615 -24.1144 125.556 -3.55797 -13.4835 55.6494 -0.263489 -13 4281 1 0 1
-0.794443 -3.67654 125.556 -0.139646 -2.67043 59.8295 0.69714 -13 4282 1 0 1
-7.97246 -16.0742 125.556 -6.81538 -9.82411 77.2455 -1.14907 -13 4283 1 0 1
-3.52708 8.39961 125.556 -3.25807 4.90717 71.0629 0.963385 -13 4284 1 0 1
1.90683 1.05247 125.556 1.3475 -0.179564 57.4682 1.06284 -13 4285 1 0 1
13.9618 -13.0477 125.556 7.25806 -7.65476 66.2929 0.838547 -13 4286 1 0 1
4.87465 2.43715 125.556 2.93517 0.897305 60.1747 1.77653 -13 4287 1 0 1
-6.05917 31.2597 125.556 -2.38369 15.0922 53.8974 0.626366 -13 4288 1 0 1
12.138 2.23964 125.556 6.53932 1.80496 72.277 0.615338 -13 4290 1 0 1
-7.83326 -9.85522 125.556 -5.26218 -5.43051 71.8125 1.61627 -13 4291 1 0 1
-1.20121 3.82037 125.556 -2.64183 2.21874 76.9691 2.53609 -13 4292 1 0 1
-17.2516 -16.3747 125.556 -12.1624 -10.0091 73.793 -0.120984 -13 4293 1 0 1
-10.5217 4.27678 125.556 -7.00156 1.34518 69.4 0.665649 -13 4294 1 0 1
-13.6263 -5.3387 125.556 -7.35259 -3.49139 61.8842 -1.29465 -13 4295 1 0 1
-13.1266 8.04219 125.556 -8.75967 4.0775 71.3582 1.19714 -13 4296 1 0 1
-7.54302 5.64657 125.556 -3.07769 2.98425 54.9208 0.899487 -13 4297 1 0 1
-9.31902 -5.93751 125.556 -5.63406 -3.69848 66.0278 0.647491 -13 4298 1 0 1
8.3799 6.37014 125.556 4.11992 2.40772 47.0317 0.421852 -13 4299 1 0 1
-4.09068 -12.5683 125.556 -4.44773 -7.72276 77.6942 3.40725 -13 4300 1 0 1
26.8296 18.6688 125.556 11.7097 8.16639 48.3841 2.82629 -13 4301 1 0 1
11.9963 9.05717 125.556 5.77986 3.92269 49.7974 1.24976 -13 4302 1 0 1
-11.2819 7.87845 125.556 -6.39037 4.95605 63.8799 1.13589 -13 4303 1 0 1
10.134 0.5201 125.556 5.84778 1.14952 66.9815 -2.13907 -13 4304 1 0 1
18.7119 -2.21561 125.556 7.48658 -0.215794 39.9469 0.414924 -13 4305 1 0 1
-5.63993 18.4084 125.556 -3.26622 10.4413 63.917 0.547591 -13 4306 1 0 1
-8.50772 -2.85814 125.556 -4.92855 -0.927213 64.9237 2.15928 -13 4307 1 0 1
-5.12065 14.1746 125.556 -4.34704 10.029 72.7775 3.37058 -13 4308 1 0 1
13.5229 0.82135 125.556 7.48489 -0.640794 70.3888 -0.198708 -13 4309 1 0 1
6.07166 9.61248 125.556 3.50899 3.78922 58.5015 0.817711 -13 4310 1 0 1
41.4104 -4.48501 125.556 13.2932 -1.70322 35.6032 -0.439625 -13 4311 1 0 1
-27.6121 6.51789 125.556 -19.2442 4.08311 74.09 1.02872 -13 4312 1 0 1
5.95219 -4.96411 125.556 3.09305 -2.78235 64.437 0.0905427 -13 4313 1 0 1
5.30605 -17.3823 125.556 2.88413 -8.76556 59.9123 1.20752 -13 4314 1 0 1
-17.5516 18.1827 125.556 -6.36099 7.69249 46.6246 1.55376 -13 4315 1 0 1
4.53806 2.51327 125.556 2.60601 0.53509 62.0251 -0.243327 -13 4316 1 0 1
7.20568 21.7724 125.556 3.66034 12.7119 66.0177 2.00515 -13 4317 1 0 1
1.15174 -41.7053 125.556 1.01282 -17.2596 46.0064 1.24335 -13 4318 1 0 1
3.1259 7.94552 125.556 1.12096 5.56617 74.2703 0.22673 -13 4319 1 0 1
22.3003 22.5429 125.556 12.2655 13.8683 67.2279 0.482207 -13 4320 1 0 1
-9.12296 9.94072 125.556 -6.5225 4.48408 70.833 1.53941 -13 4321 1 0 1
1.40817 3.36173 125.556 -0.12427 2.28884 72.1449 -0.480487 -13 4322 1 0 1
4.58082 -13.5217 125.556 1.99661 -7.81013 70.5011 -0.627531 -13 4323 1 0 1
15.0663 6.14416 125.556 3.68652 0.735342 23.8658 1.04535 -13 4324 1 0 1
9.92426 -21.3391 125.556 5.314 -12.8458 66.2651 1.68043 -13 4325 1 0 1
6.85988 -14.36 125.556 3.52648 -9.40431 66.4634 0.242393 -13 4326 1 0 1
19.0567 25.6065 125.556 6.62238 7.79634 37.0856 0.272109 -13 4327 1 0 1
-23.0936 5.31216 125.556 -17.5126 2.6347 77.3257 -0.284641 -13 4328 1 0 1
38.6364 -15.9174 125.556 20.7887 -10.1985 64.2412 -1.36202 -13 4329 1 0 1
-5.28044 4.30905 125.556 -3.76687 1.36578 68.9683 -0.588464 -13 4330 1 0 1
-3.72976 17.6754 125.556 -1.4521 7.85566 55.9235 0.555873 -13 4331 1 0 1
-20.1921 -14.2951 125.556 -8.63156 -5.31251 52.3142 1.34694 -13 4332 1 0 1
20.0271 -6.05197 125.556 10.5773 -4.68664 61.0193 -1.12566 -13 4333 1 0 1
-4.51984 5.29629 125.556 -1.20981 1.68661 51.3609 -0.549099 -13 4334 1 0 1
-13.0204 -5.75015 125.556 -5.84182 -3.66809 57.2107 0.478685 -13 4335 1 0 1
-5.37349 24.3511 125.556 -7.03465 17.1656 77.2873 -0.860983 -13 4336 1 0 1
0.00868569 -18.5669 125.556 0.45616 -9.8824 58.7446 0.277244 -13 4337 1 0 1
6.64414 -2.09302 125.556 3.53063 0.235484 47.599 -0.416292 -13 4338 1 0 1
3.33804 -8.79234 125.556 2.03406 -4.73615 56.1304 0.535197 -13 4339 1 0 1
11.1186 2.92008 125.556 6.10804 1.20867 72.8975 1.36332 -13 4340 1 0 1
-5.72287 -9.44391 125.556 -4.55344 -7.06832 73.4122 1.38305 -13 4341 1 0 1
-5.6205 18.1632 125.556 -2.72172 9.22266 58.0411 -0.388479 -13 4342 1 0 1
4.97655 0.189008 125.556 2.42211 0.0311998 66.4093 1.88991 -13 4343 1 0 1
-6.28587 7.5341 125.556 -5.72759 4.78001 74.9878 -1.20293 -13 4344 1 0 1
5.64599 -7.34077 125.556 2.67308 -5.89462 70.7688 1.12947 -13 4345 1 0 1
-28.6499 -6.32202 125.556 -13.3653 -1.77948 55.3679 -0.766257 -13 4346 1 0 1
20.6426 10.1901 125.556 3.5115 1.23409 16.4736 3.48585 -13 4347 1 0 1
-0.390208 2.44626 125.556 -0.114097 0.944511 61.3953 3.81877 -13 4348 1 0 1
-12.4469 28.2299 125.556 -6.68322 15.6042 61.2726 1.78939 -13 4349 1 0 1
-4.75504 20.2987 125.556 -1.50324 8.95654 54.0589 1.23203 -13 4350 1 0 1
1.30759 -5.36854 125.556 0.170734 -2.442 67.5223 0.970653 -13 4351 1 0 1
6.28436 1.02696 125.556 3.58208 1.06656 56.2024 1.54111 -13 4352 1 0 1
7.0246 -1.17298 125.556 3.71891 -1.11854 47.1298 1.48502 -13 4353 1 0 1
18.9709 -4.16806 125.556 10.4747 -1.35876 60.8185 1.47766 -13 4354 1 0 1
-0.104361 3.55497 125.556 -1.39977 2.44519 74.9089 0.386094 -13 4355 1 0 1
-12.2581 -2.69044 125.556 -7.59119 -2.14441 67.2092 0.939343 -13 4356 1 0 1
-10.4783 -7.52202 125.556 -8.4145 -5.21528 77.0047 -0.44252 -13 4357 1 0 1
-6.12452 -11.6048 125.556 -4.2535 -6.33129 69.4785 -0.462963 -13 4358 1 0 1
-3.58045 1.5339 125.556 -2.78304 1.87392 69.6706 2.17566 -13 4359 1 0 1
5.03169 -16.7857 125.556 2.82076 -7.72601 55.3859 -0.544563 -13 4360 1 0 1
-5.54529 -19.0832 125.556 -5.21658 -12.458 75.521 2.01149 -13 4361 1 0 1
0.445434 8.57508 125.556 -0.422678 6.90439 67.597 1.12653 -13 4362 1 0 1
5.01979 -17.8719 125.556 2.56581 -10.0637 59.4509 1.37856 -13 4363 1 0 1
7.82302 16.501 125.556 4.17302 8.10364 57.0185 1.77569 -13 4364 1 0 1
-56.9994 -29.1936 125.556 -21.6669 -10.6573 44.1479 3.15302 -13 4365 1 0 1
25.0179 -9.19382 125.556 11.9812 -4.74589 53.215 3.2946 -13 4366 1 0 1
11.4102 1.2296 125.556 6.3613 1.69713 69.9031 0.306792 -13 4367 1 0 1
5.93975 -31.9983 125.556 3.10006 -13.0131 46.9166 2.42782 -13 4368 1 0 1
-2.48135 -7.68468 125.556 -2.0543 -4.02959 69.3725 -0.692839 -13 4369 1 0 1
7.59854 -18.8679 125.556 4.05837 -10.0239 58.4032 -1.43604 -13 4370 1 0 1
-0.300935 17.6345 125.556 -0.884407 10.497 71.1063 1.66566 -13 4371 1 0 1
5.55372 -9.09832 125.556 3.05075 -3.56968 54.7175 -1.08691 -13 4372 1 0 1
-15.1647 -3.73113 125.556 -7.48412 -0.400252 59.4708 -1.70625 -13 4373 1 0 1
26.145 -58.379 125.556 9.56533 -19.0812 36.4824 3.00173 -13 4374 1 0 1
-2.62601 -8.66568 125.556 -1.61094 -6.62037 66.3693 0.259672 -13 4375 1 0 1
-5.3543 15.0716 125.556 -3.44175 9.31536 68.1326 1.85367 -13 4376 1 0 1
-12.7742 -17.8084 125.556 -6.52686 -11.1172 60.4098 2.79542 -13 4377 1 0 1
-37.0323 47.8892 125.556 -16.8127 21.9201 52.2559 2.43765 -13 4378 1 0 1
22.561 7.41819 125.556 11.6528 4.3436 57.9835 0.605603 -13 4379 1 0 1
8.96234 -6.72814 125.556 4.62917 -4.41927 72.4762 -0.204056 -13 4380 1 0 1
6.42656 9.60838 125.556 3.17966 7.04694 68.1881 1.55677 -13 4381 1 0 1
-12.5959 -6.42404 125.556 -6.05327 -2.22222 58.7295 -0.94033 -13 4382 1 0 1
11.911 3.17268 125.556 6.26627 1.45067 62.7985 1.03941 -13 4383 1 0 1
20.6069 1.78411 125.556 11.195 1.49032 78.6097 1.12977 -13 4384 1 0 1
0.869303 0.847416 125.556 -0.05587 0.438057 68.5738 1.78182 -13 4385 1 0 1
-10.3822 0.761072 125.556 -6.04937 -0.334326 65.2066 1.9686 -13 4386 1 0 1
-26.1994 30.2518 125.556 -16.0865 18.716 66.9737 0.877437 -13 4387 1 0 1
-6.68826 -28.1427 125.556 -3.50753 -15.2851 61.2142 1.68457 -13 4388 1 0 1
2.69186 -9.20325 125.556 1.92354 -4.64134 46.1948 1.14521 -13 4389 1 0 1
-12.1755 -10.3094 125.556 -4.17126 -4.08807 45.6267 1.72451 -13 4390 1 0 1
-9.97556 13.1773 125.556 -6.23578 7.42744 67.7107 -0.766123 -13 4391 1 0 1
10.6336 -18.6797 125.556 5.68062 -8.71683 52.6007 2.72732 -13 4392 1 0 1
1.09545 10.1758 125.556 -0.200303 6.46474 71.5073 -0.360751 -13 4393 1 0 1
2.31395 23.0996 125.556 1.27974 12.5274 58.4198 -0.804402 -13 4394 1 0 1
-29.1034 -4.58455 125.556 -15.8487 -3.95812 62.2262 1.21454 -13 4395 1 0 1
-10.9608 4.72041 125.556 -5.44882 2.92034 60.7108 0.888304 -13 4396 1 0 1
-5.29484 12.5507 125.556 -3.49624 6.30573 70.1391 0.50284 -13 4397 1 0 1
2.11209 -3.90143 125.556 1.23947 -2.52177 61.0642 1.85201 -13 4398 1 0 1
2.32603 -22.9828 125.556 1.646 -9.8973 47.914 1.01979 -13 4399 1 0 1
-0.94359 11.7769 125.556 -0.750693 8.79557 66.0315 2.35904 -13 4400 1 0 1
-8.38653 -14.767 125.556 -6.29447 -9.70296 73.0697 -0.660385 -13 4401 1 0 1
-15.1961 4.17312 125.556 -6.6944 2.76242 54.6304 -0.624174 -13 4402 1 0 1
14.9845 -6.36125 125.556 8.39442 -4.23911 62.8319 2.59726 -13 4403 1 0 1
-6.7425 -1.72796 125.556 -2.15909 0.290179 48.4984 0.408499 -13 4404 1 0 1
9.07519 3.93735 125.556 4.7129 1.31517 56.5808 2.26016 -13 4405 1 0 1
6.50559 -12.25 125.556 3.45562 -8.58639 68.5399 2.33947 -13 4406 1 0 1
-78.1088 -56.4639 125.556 -30.9251 -20.9647 44.9661 0.663158 -13 4407 1 0 1
0.682678 9.52274 125.556 1.05883 4.51792 52.0092 2.75525 -13 4408 1 0 1
32.9353 13.6262 125.556 17.6749 6.52801 64.7343 0.471574 -13 4409 1 0 1
-10.1153 9.01556 125.556 -4.04574 4.64901 51.2052 0.553233 -13 4410 1 0 1
-4.63705 15.9307 125.556 -1.6387 7.57893 54.242 0.516119 -13 4411 1 0 1
2.76932 -2.41253 125.556 1.38236 0.14839 67.522 1.12655 -13 4412 1 0 1
-1.7708 -9.21284 125.556 -1.52996 -5.81612 69.7733 2.07512 -13 4413 1 0 1
8.01344 -1.80976 125.556 3.39731 -0.778436 81.5144 0.194582 -13 4414 1 0 1
5.16343 -1.84208 125.556 2.76008 -1.59695 66.8184 0.258923 -13 4415 1 0 1
29.8372 -1.18129 125.556 13.213 0.073962 47.0788 -0.641044 -13 4416 1 0 1
38.7497 3.21604 125.556 18.3573 -0.0861926 53.6552 1.64301 -13 4417 1 0 1
-23.2294 -1.06618 125.556 -10.5635 -0.600071 55.4607 -0.939926 -13 4418 1 0 1
-22.3859 9.60663 125.556 -14.8718 6.10801 71.7861 -0.450693 -13 4419 1 0 1
-6.11984 -7.59338 125.556 -4.95667 -3.2175 73.0355 0.636925 -13 4420 1 0 1
1.52381 1.38915 125.556 0.643757 0.0418161 65.0674 -1.08935 -13 4421 1 0 1
-1.75461 1.70524 125.556 -0.0932187 0.97085 50.9501 1.8967 -13 4422 1 0 1
14.9688 -15.209 125.556 6.59123 -6.59318 46.2479 -0.0133037 -13 4423 1 0 1
2.65086 -17.1124 125.556 1.53933 -5.94458 41.6379 2.93138 -13 4424 1 0 1
-23.8125 -1.21167 125.556 -11.2675 -0.253411 55.8486 2.00529 -13 4425 1 0 1
-12.7796 -2.36042 125.556 -7.57608 -1.2898 66.5572 -0.476221 -13 4426 1 0 1
11.998 -21.9023 125.556 6.11268 -9.17006 54.1086 2.76793 -13 4428 1 0 1
-2.37839 -6.78336 125.556 -1.52212 -3.689 66.6286 1.61071 -13 4429 1 0 1
-15.1409 -13.6365 125.556 -7.16237 -6.8576 57.6179 -1.43781 -13 4430 1 0 1
-6.39321 18.249 125.556 -4.24822 9.03413 69.1669 0.527293 -13 4431 1 0 1
30.1871 -4.77341 125.556 15.687 -1.35911 59.3076 -0.0832301 -13 4432 1 0 1
-3.67565 -13.6801 125.556 -1.64136 -7.69846 61.6372 -0.706916 -13 4433 1 0 1
-11.7379 -10.8974 125.556 -6.98995 -6.06027 66.8089 1.45368 -13 4434 1 0 1
9.72474 0.82812 125.556 5.44746 -0.832742 64.7262 2.21973 -13 4435 1 0 1
-31.7035 -26.0931 125.556 -17.8355 -14.9263 63.1223 1.48703 -13 4436 1 0 1
27.883 13.5236 125.556 8.09303 3.49167 30.0705 3.33336 -13 4437 1 0 1
6.22082 11.6883 125.556 3.44293 6.42538 61.4869 0.602165 -13 4438 1 0 1
-12.3665 -16.4182 125.556 -8.43114 -10.0018 70.2259 0.11281 -13 4439 1 0 1
-14.1107 -5.06556 125.556 -8.1519 -3.83912 65.5129 1.73568 -13 4440 1 0 1
15.6299 0.97963 125.556 8.41918 -0.616928 65.1079 0.791656 -13 4441 1 0 1
18.4603 16.9656 125.556 8.83642 9.13623 54.2827 2.58537 -13 4442 1 0 1
-3.84281 3.13476 125.556 -2.11526 2.12393 63.288 1.63149 -13 4443 1 0 1
-2.47403 2.30449 125.556 -1.2102 0.362101 61.681 0.512851 -13 4444 1 0 1
-0.915658 15.0469 125.556 -1.96624 10.3764 73.6704 0.487553 -13 4445 1 0 1
16.3644 -3.27507 125.556 7.71918 -1.34749 49.5415 0.275464 -13 4446 1 0 1
-10.4913 18.6712 125.556 -2.39101 6.09322 34.1184 1.20374 -13 4447 1 0 1
-6.05012 28.8779 125.556 -1.28203 9.6086 37.086 3.43272 -13 4448 1 0 1
-1.44476 -1.35359 125.556 0.0859673 -0.296505 44.8191 1.43036 -13 4449 1 0 1
-11.276 -12.9895 125.556 -7.53716 -7.2952 70.0022 2.13353 -13 4450 1 0 1
-2.04474 -2.26893 125.556 -1.7203 -1.50881 68.6762 1.07793 -13 4451 1 0 1
3.94617 -11.1946 125.556 2.31607 -4.27758 48.4016 -0.0344192 -13 4452 1 0 1
-17.7263 12.4194 125.556 -7.87544 6.08846 56.023 1.48576 -13 4453 1 0 1
-2.66773 20.7494 125.556 -0.972795 10.6912 53.0921 0.880966 -13 4454 1 0 1
-22.6986 -0.0466716 125.556 -10.4871 0.598557 55.3713 0.507115 -13 4455 1 0 1
1.62304 -5.16721 125.556 0.531566 -1.86796 66.3918 1.19458 -13 4456 1 0 1
-4.14245 12.6337 125.556 -3.22931 6.99931 71.3811 1.95093 -13 4457 1 0 1
3.68268 -25.2322 125.556 2.23761 -11.7017 56.6648 1.59046 -13 4458 1 0 1
13.4059 -4.38343 125.556 7.36148 -2.21492 62.9559 -0.551733 -13 4460 1 0 1
1.83936 -2.20615 125.556 -0.482665 -0.198726 76.5515 2.57647 -13 4461 1 0 1
-21.7499 12.8043 125.556 -12.9652 6.95723 66.5493 2.17663 -13 4462 1 0 1
-1.62578 -4.53073 125.556 -0.393852 -0.331003 55.974 0.896121 -13 4463 1 0 1
7.05484 12.5343 125.556 3.54455 6.48067 69.5636 0.466839 -13 4464 1 0 1
-0.16088 -21.0221 125.556 0.326522 -10.2856 59.101 -0.751165 -13 4465 1 0 1
13.4315 -8.09281 125.556 6.87465 -7.07581 78.7262 -0.614346 -13 4466 1 0 1
-28.227 -0.412232 125.556 -17.1857 0.249955 68.0278 0.360222 -13 4467 1 0 1
-3.6527 9.67674 125.556 -3.13576 5.51689 72.1461 0.118891 -13 4468 1 0 1
4.69625 -7.49448 125.556 1.89416 -5.61521 72.7975 1.30315 -13 4469 1 0 1
20.197 -0.525818 125.556 6.27951 -0.112976 32.9495 0.341885 -13 4470 1 0 1
10.1785 -12.207 125.556 5.50133 -6.91304 61.0692 0.408638 -13 4471 1 0 1
-10.2869 -5.14465 125.556 -6.10644 -2.62667 66.2218 0.861173 -13 4473 1 0 1
5.42767 3.47551 125.556 2.94771 1.81867 63.6862 0.904621 -13 4474 1 0 1
25.3637 -39.2282 125.556 12.4293 -19.1949 56.0097 1.45547 -13 4475 1 0 1
-0.501 -6.38857 125.556 -0.0743485 -3.56524 58.242 -0.506671 -13 4476 1 0 1
6.99822 -6.01455 125.556 4.0409 -1.25574 56.4542 1.21477 -13 4477 1 0 1
6.23857 0.416134 125.556 3.11388 0.485855 50.9872 2.73887 -13 4478 1 0 1
1.91255 -0.772682 125.556 0.824745 -1.37425 64.8686 -0.800279 -13 4479 1 0 1
-8.4063 25.5514 125.556 -4.97262 14.846 63.7346 0.398439 -13 4480 1 0 1
7.1657 -21.9326 125.556 3.75617 -10.0901 56.349 1.56394 -13 4481 1 0 1
-1.1476 -5.19865 125.556 -1.77084 -2.15374 71.6452 1.05308 -13 4482 1 0 1
0.371665 11.0742 125.556 -1.85874 7.69816 79.4106 -1.18557 -13 4483 1 0 1
-14.5556 17.8027 125.556 -3.73687 5.6146 34.6036 1.30278 -13 4484 1 0 1
-16.0984 4.76235 125.556 -4.46118 2.65565 36.4574 3.82585 -13 4485 1 0 1
9.98857 10.1493 125.556 4.76277 5.31672 46.41 0.466298 -13 4486 1 0 1
14.4173 -0.256682 125.556 7.84588 -0.122439 61.2217 0.185872 -13 4487 1 0 1
-16.3219 -6.00038 125.556 -10.293 -4.32077 68.9124 -0.435369 -13 4488 1 0 1
18.6123 -2.074 125.556 9.6708 -0.737092 56.0034 2.8817 -13 4489 1 0 1
4.54134 4.0924 125.556 2.72886 1.83052 42.144 -1.12502 -13 4490 1 0 1
-3.16793 -13.8385 125.556 -2.5043 -8.27722 69.4021 1.38308 -13 4491 1 0 1
2.74718 -1.80029 125.556 0.654417 -2.80583 72.9242 0.643161 -13 4492 1 0 1
-9.56643 -14.7856 125.556 -7.6487 -10.7648 75.7741 -0.385039 -13 4493 1 0 1
-1.98338 -0.524922 125.556 -0.4747 0.207912 57.1362 0.874089 -13 4494 1 0 1
12.2467 22.9514 125.556 6.72067 13.5439 66.7896 0.46571 -13 4495 1 0 1
-4.14911 -4.93311 125.556 -2.07672 -2.27563 64.2162 -0.855934 -13 4496 1 0 1
-6.34199 7.02202 125.556 -6.4131 6.56174 79.0357 1.29501 -13 4497 1 0 1
12.6202 -4.10743 125.556 6.56529 0.224959 75.6709 2.45 -13 4498 1 0 1
-10.275 8.26132 125.556 -6.64071 4.96278 69.946 0.812189 -13 4499 1 0 1
-8.69897 1.89788 125.556 -4.59855 0.772784 62.1401 0.388473 -13 4500 1 0 1
3.14868 -0.780178 125.556 1.2513 -1.40431 68.273 1.45549 -13 4501 1 0 1
47.8562 -4.55273 125.556 20.472 -1.95428 48.5298 0.893389 -13 4503 1 0 1
7.3222 26.0289 125.556 3.91513 12.3384 52.0628 1.50609 -13 4504 1 0 1
7.43956 29.3121 125.556 2.61677 8.06439 31.3088 1.90973 -13 4505 1 0 1
16.9712 -8.23035 125.556 9.01913 -5.50366 57.4982 0.330874 -13 4506 1 0 1
9.82137 14.2984 125.556 5.20583 8.67638 61.7955 -0.964606 -13 4507 1 0 1
-10.5945 7.06226 125.556 -6.00745 4.52354 64.372 0.937425 -13 4508 1 0 1
-1.51323 11.5856 125.556 -1.92816 7.60966 72.7422 -1.52863 -13 4509 1 0 1
13.4656 5.22724 125.556 7.37241 3.43189 71.587 -0.538645 -13 4510 1 0 1
-17.995 -8.16762 125.556 -11.1817 -5.11898 68.1235 0.0670797 -13 4511 1 0 1
11.1442 7.8057 125.556 6.21493 5.46248 67.0012 0.257592 -13 4512 1 0 1
1.30135 0.834291 125.556 0.927517 0.660179 58.186 3.19202 -13 4513 1 0 1
4.89057 0.474557 125.556 2.75075 -0.636531 64.2027 0.369626 -13 4514 1 0 1
13.4829 10.07 125.556 7.28933 6.07705 61.5161 -1.62944 -13 4515 1 0 1
-8.43257 -14.9704 125.556 -4.63762 -8.35528 62.861 2.18395 -13 4516 1 0 1
2.95527 -29.8732 125.556 1.63614 -15.4981 58.8129 2.0803 -13 4517 1 0 1
13.2535 6.37793 125.556 6.87431 3.04488 58.8694 0.00551381 -13 4518 1 0 1
1.87807 -5.19746 125.556 1.17587 -3.09012 56.2741 1.47302 -13 4519 1 0 1
4.14859 2.88861 125.556 2.21655 0.634946 62.7491 -0.573736 -13 4520 1 0 1
-5.70238 4.05924 125.556 -5.98154 1.91191 80.5782 0.996389 -13 4521 1 0 1
30.7495 -37.1502 125.556 8.89017 -10.3588 30.3212 2.68036 -13 4522 1 0 1
-8.42181 19.8412 125.556 -4.71693 11.9581 64.5049 3.75697 -13 4523 1 0 1
4.50378 -4.01327 125.556 1.96546 -4.03832 68.4144 1.00099 -13 4524 1 0 1
33.6218 26.7728 125.556 16.3218 12.6776 55.8544 2.48606 -13 4525 1 0 1
-6.15211 -16.545 125.556 -3.63732 -10.4794 65.4365 0.584692 -13 4526 1 0 1
-5.69294 -0.856507 125.556 -3.30352 -0.182226 65.1616 2.3344 -13 4527 1 0 1
13.6942 0.681338 125.556 7.37368 -0.0795254 56.9158 2.57645 -13 4528 1 0 1
-1.5492 7.59856 125.556 -0.394797 2.62735 54.9873 2.56925 -13 4529 1 0 1
8.92086 -2.33459 125.556 4.90649 -1.92438 68.1104 1.41889 -13 4530 1 0 1
11.4202 -3.07312 125.556 6.14756 -1.28018 58.4832 -1.64705 -13 4531 1 0 1
-6.83778 27.62 125.556 -2.39386 12.98 49.4261 1.33775 -13 4532 1 0 1
-14.4354 5.5014 125.556 -5.77184 1.85416 50.2765 -1.16255 -13 4533 1 0 1
-18.7078 -0.427542 125.556 -8.06279 1.38778 53.4933 0.828944 -13 4534 1 0 1
17.4151 15.9177 125.556 9.28763 8.21723 59.7143 1.00358 -13 4535 1 0 1
2.51149 20.0958 125.556 1.58589 9.54392 62.507 0.587174 -13 4536 1 0 1
-8.42685 -12.3393 125.556 -5.56003 -9.21519 68.166 -1.24711 -13 4537 1 0 1
-8.34811 -5.30284 125.556 -4.51486 -4.28967 62.7597 -1.54079 -13 4538 1 0 1
-8.77819 -4.57936 125.556 -5.40217 -2.32825 68.0585 0.316018 -13 4539 1 0 1
2.39651 -13.9864 125.556 0.159237 -9.04965 72.7105 1.68954 -13 4540 1 0 1
-5.43316 24.5544 125.556 -4.58 14.3314 72.4494 -0.497724 -13 4541 1 0 1
-10.5165 -8.4641 125.556 -6.20923 -5.9394 65.0271 -1.27859 -13 4542 1 0 1
11.2307 -2.73465 125.556 6.12396 -1.95324 65.5845 0.641469 -13 4543 1 0 1
0.126657 -5.55152 125.556 -1.29094 -2.78732 74.9556 0.129122 -13 4544 1 0 1
-10.1017 7.29652 125.556 -7.05793 3.211 71.3969 1.40428 -13 4545 1 0 1
3.94277 13.123 125.556 2.00696 3.48286 36.2679 1.656 -13 4546 1 0 1
6.79862 2.85306 125.556 3.45396 0.809408 74.2735 0.484389 -13 4547 1 0 1
13.5976 -4.73164 125.556 7.53099 -2.00106 70.2516 2.69023 -13 4548 1 0 1
2.13096 5.68716 125.556 0.891439 4.22507 65.616 -0.541464 -13 4549 1 0 1
-7.32243 17.0035 125.556 -7.08089 11.7924 77.491 -0.108085 -13 4550 1 0 1
13.4099 -30.4483 125.556 7.20227 -19.7371 70.4176 -0.325206 -13 4551 1 0 1
4.77654 -11.1282 125.556 2.45359 -4.7411 65.9827 0.738027 -13 4552 1 0 1
-6.43556 28.6572 125.556 -3.90084 15.8663 63.8394 -0.564942 -13 4553 1 0 1
11.388 10.7777 125.556 6.03523 5.00202 54.0696 0.416721 -13 4554 1 0 1
-19.4074 29.1495 125.556 -10.6696 16.2447 61.2555 1.13257 -13 4555 1 0 1
-14.8694 5.8479 125.556 -9.84357 3.40302 70.7878 2.04691 -13 4556 1 0 1
-15.4663 1.84618 125.556 -8.33085 0.901188 62.8297 -1.02075 -13 4558 1 0 1
15.9463 43.8122 125.556 8.35886 23.378 61.6286 3.12364 -13 4559 1 0 1
-11.7075 -10.3624 125.556 -7.26972 -6.48384 66.5432 0.862955 -13 4560 1 0 1
-14.6206 23.8917 125.556 -6.8782 10.6769 56.1034 0.93437 -13 4561 1 0 1
27.5532 -26.555 125.556 10.0822 -9.40261 39.1655 2.3134 -13 4562 1 0 1
-10.6413 -42.6025 125.556 -6.11422 -22.6689 62.8701 2.53476 -13 4563 1 0 1
15.0107 6.27355 125.556 8.47205 5.47447 65.9302 2.65289 -13 4565 1 0 1
18.5129 -3.19172 125.556 10.1387 -1.96523 67.6014 0.917692 -13 4566 1 0 1
27.1034 17.6191 125.556 14.1067 9.55991 60.5105 0.15072 -13 4567 1 0 1
-31.1732 -7.22258 125.556 -15.1535 -3.31121 56.7819 1.51417 -13 4568 1 0 1
-23.2262 22.4744 125.556 -12.1442 11.2359 60.6708 0.841063 -13 4570 1 0 1
-0.91126 10.8441 125.556 -0.510864 7.02572 63.8381 0.168664 -13 4571 1 0 1
-14.4283 -8.59323 125.556 -12.0234 -5.22798 78.3022 2.28218 -13 4572 1 0 1
37.9201 -20.9635 125.556 15.1759 -8.27448 44.5078 -2.05441 -13 4573 1 0 1
-6.00579 -8.4311 125.556 -3.55986 -4.55522 64.0555 1.09296 -13 4574 1 0 1
1.64032 -22.271 125.556 0.651355 -11.0078 66.3295 0.823207 -13 4575 1 0 1
28.8743 -22.5586 125.556 13.5922 -9.84308 53.3627 1.01957 -13 4576 1 0 1
-6.74426 -3.63279 125.556 -2.64582 -1.46304 54.4019 -0.288331 -13 4578 1 0 1
-14.8714 0.0499893 125.556 -6.86176 -1.67561 56.0936 -0.455419 -13 4579 1 0 1
3.16026 0.715232 125.556 0.336978 -1.26354 77.9492 0.421444 -13 4580 1 0 1
-22.0723 1.22817 125.556 -11.6877 0.492973 61.8156 2.94564 -13 4581 1 0 1
-6.90956 0.702612 125.556 -2.8773 0.879766 56.5996 -0.289533 -13 4582 1 0 1
-8.0619 15.5776 125.556 -2.28705 5.39177 39.6978 1.1146 -13 4583 1 0 1
0.40851 15.0181 125.556 0.750737 8.44675 58.1549 -0.309426 -13 4585 1 0 1
9.02816 5.6096 125.556 5.07529 3.42654 62.3509 0.702049 -13 4586 1 0 1
1.07547 -32.8466 125.556 0.663759 -16.6977 57.4772 1.90813 -13 4587 1 0 1
-44.1826 -23.5355 125.556 -14.3398 -8.50478 37.9619 1.32954 -13 4588 1 0 1
15.1062 20.7759 125.556 3.25393 3.94074 21.2418 1.13446 -13 4589 1 0 1
15.0386 8.02413 125.556 7.98976 4.51624 58.9978 0.479861 -13 4590 1 0 1
5.63591 19.7414 125.556 2.96877 9.34628 54.2012 -0.647516 -13 4591 1 0 1
-5.94769 8.42576 125.556 -3.03026 5.18642 62.081 0.737665 -13 4592 1 0 1
-4.29884 23.7474 125.556 -1.39765 10.2793 51.4384 1.49737 -13 4593 1 0 1
-7.20595 -3.06627 125.556 -4.01864 -0.903597 64.3868 -0.0701112 -13 4594 1 0 1
-1.01189 -2.35539 125.556 -0.907541 -1.67171 66.0359 0.258667 -13 4595 1 0 1
35.5857 -17.8371 125.556 15.7124 -7.72213 49.166 2.3097 -13 4596 1 0 1
-3.11022 1.27908 125.556 -0.794351 0.667727 47.6738 1.37043 -13 4597 1 0 1
19.5949 11.4262 125.556 9.82907 5.62063 54.8364 1.12408 -13 4598 1 0 1
-2.56533 12.8593 125.556 -3.39458 9.85669 76.0356 1.09528 -13 4599 1 0 1
-26.1366 5.34019 125.556 -15.0754 3.02295 65.257 0.274998 -13 4600 1 0 1
-4.67641 15.1581 125.556 -2.53752 9.17417 65.4032 2.35442 -13 4601 1 0 1
-5.76637 -8.77991 125.556 -4.88967 -5.71571 74.8423 1.40938 -13 4602 1 0 1
9.50852 -21.1227 125.556 5.25157 -12.5883 63.864 0.264264 -13 4603 1 0 1
-21.0391 -9.8497 125.556 -8.70016 -4.04437 50.8442 1.12492 -13 4604 1 0 1
-16.9089 -4.75117 125.556 -8.66958 -2.70543 59.7383 2.59093 -13 4605 1 0 1
8.41094 8.58025 125.556 4.44569 5.64331 54.8977 0.727701 -13 4606 1 0 1
-4.88367 -3.80565 125.556 -4.14092 -3.97857 73.2395 0.445401 -13 4607 1 0 1
-18.5225 1.62309 125.556 -10.9907 2.54515 65.691 1.92967 -13 4608 1 0 1
-1.68234 -7.87394 125.556 0.0822377 -3.28998 53.9261 1.24712 -13 4609 1 0 1
21.4835 10.651 125.556 12.2838 6.86071 71.1691 0.780815 -13 4610 1 0 1
12.289 -3.43368 125.556 6.59835 -2.1668 61.8397 2.53844 -13 4611 1 0 1
-5.61627 -12.6333 125.556 -2.99677 -6.07582 62.1662 -0.726476 -13 4612 1 0 1
-7.56852 0.151476 125.556 -6.11932 -1.82722 74.4887 0.849278 -13 4613 1 0 1
1.82665 5.68486 125.556 1.49205 2.24139 45.6448 0.875157 -13 4614 1 0 1
-3.18115 16.5713 125.556 -2.73905 10.8296 70.2933 -1.25142 -13 4615 1 0 1
-10.8989 2.81048 125.556 -7.93833 0.627524 72.202 -0.349664 -13 4616 1 0 1
-8.60551 16.8248 125.556 -3.04109 8.12875 51.6765 2.67507 -13 4617 1 0 1
-7.70711 -19.5907 125.556 -3.82835 -10.735 59.7026 -0.225508 -13 4618 1 0 1
7.75834 -19.319 125.556 4.21805 -10.6392 62.7071 1.67273 -13 4619 1 0 1
6.3816 -18.4812 125.556 3.41772 -9.65571 54.0058 -1.43679 -13 4620 1 0 1
-3.82556 10.1699 125.556 -1.26758 4.48484 52.5291 1.09652 -13 4621 1 0 1
-9.46029 -21.2681 125.556 -6.40655 -12.7703 69.3936 1.24085 -13 4622 1 0 1
-24.0519 6.40148 125.556 -15.7909 3.62838 71.5234 0.899676 -13 4623 1 0 1
-18.7713 22.1461 125.556 -9.88758 10.6794 61.2558 1.29657 -13 4624 1 0 1
-2.45114 1.56097 125.556 -1.25784 0.622275 62.8711 1.3382 -13 4625 1 0 1
1.60199 -16.2367 125.556 0.706331 -9.54711 65.1099 2.13286 -13 4626 1 0 1
22.9103 -14.7513 125.556 12.5354 -6.67248 62.1483 1.64906 -13 4627 1 0 1
11.4167 1.07574 125.556 5.82525 0.759643 53.1523 -0.0104555 -13 4628 1 0 1
2.48743 -12.5497 125.556 1.42105 -6.55935 59.6826 1.52969 -13 4629 1 0 1
19.9938 -2.84675 125.556 11.3028 -2.1259 72.1542 1.13128 -13 4630 1 0 1
0.427103 11.418 125.556 -0.749178 6.56679 69.3398 0.495152 -13 4631 1 0 1
-8.37134 -5.94834 125.556 -4.90522 -3.92677 63.0589 0.840288 -13 4632 1 0 1
33.8735 16.9701 125.556 18.2148 9.21338 63.405 2.18867 -13 4633 1 0 1
-10.5479 6.37927 125.556 -8.3386 5.41064 75.5088 -0.884724 -13 4634 1 0 1
25.1522 -23.6932 125.556 12.5597 -11.0881 54.2975 3.43473 -13 4635 1 0 1
-5.54395 25.8985 125.556 -2.11533 12.4718 53.0528 2.41418 -13 4636 1 0 1
4.38481 4.11575 125.556 2.3776 2.30499 63.5715 1.92563 -13 4637 1 0 1
9.42513 8.55456 125.556 5.24295 6.50849 65.3743 0.114321 -13 4638 1 0 1
14.9438 2.40652 125.556 7.99701 1.579 62.1987 2.32302 -13 4639 1 0 1
-6.40861 9.93906 125.556 -3.45147 5.1609 64.7827 1.13264 -13 4640 1 0 1
-22.0825 -4.83048 125.556 -8.22364 -1.83692 46.0448 -0.412686 -13 4641 1 0 1
-19.2367 -4.24436 125.556 -5.77078 -0.956824 37.816 0.976501 -13 4642 1 0 1
-9.98628 -16.9029 125.556 -4.27812 -7.60215 56.3618 1.47759 -13 4643 1 0 1
20.1967 6.88219 125.556 11.0041 4.37028 63.525 2.11983 -13 4644 1 0 1
-4.83848 -1.27678 125.556 -5.00065 -0.614139 77.7565 1.48045 -13 4645 1 0 1
8.63935 -10.2619 125.556 4.70355 -6.93939 70.5972 -1.78167 -13 4646 1 0 1
-11.4424 9.87789 125.556 -7.7773 6.13106 70.8848 -0.270557 -13 4647 1 0 1
27.2832 -23.5493 125.556 14.2372 -10.6438 60.5252 1.47339 -13 4648 1 0 1
-8.73482 3.90932 125.556 -6.59916 4.05582 73.8558 0.395832 -13 4649 1 0 1
-12.0854 31.8673 125.556 -5.35343 14.7947 55.5996 0.363146 -13 4650 1 0 1
-4.62055 -16.8957 125.556 -2.5195 -9.55991 62.3814 -1.66171 -13 4651 1 0 1
9.87327 15.4489 125.556 5.46321 9.49885 69.7306 -0.00582404 -13 4652 1 0 1
6.50797 36.7748 125.556 2.37879 10.7456 30.8323 1.86582 -13 4653 1 0 1
34.1255 10.6283 125.556 14.3225 2.70434 47.4612 0.186328 -13 4654 1 0 1
-8.47031 -4.31914 125.556 -4.47421 -3.39972 61.5007 -0.904516 -13 4655 1 0 1
12.0213 2.28751 125.556 6.50262 0.74331 63.0775 0.542405 -13 4656 1 0 1
16.666 19.2067 125.556 7.53002 8.3153 49.5486 2.92558 -13 4658 1 0 1
18.5979 -4.07318 125.556 10.2802 -2.78717 62.4952 2.05293 -13 4659 1 0 1
8.00542 -1.60048 125.556 3.78894 -0.84235 48.7178 0.997891 -13 4660 1 0 1
4.72856 9.23394 125.556 2.80829 3.77974 62.2799 0.565447 -13 4661 1 0 1
-20.8273 -26.485 125.556 -14.8804 -17.6873 74.0076 -0.740763 -13 4662 1 0 1
8.66031 4.9214 125.556 4.16779 2.67361 75.7388 0.984625 -13 4663 1 0 1
4.74224 -9.25179 125.556 1.96403 -6.24014 75.9377 0.175253 -13 4664 1 0 1
30.7722 -44.1571 125.556 7.51565 -9.75233 25.5669 2.52856 -13 4665 1 0 1
0.214738 -11.82 125.556 0.739673 -4.56939 44.7275 -0.156446 -13 4666 1 0 1
-0.769641 -10.4802 125.556 0.38727 -3.45052 38.1386 1.59387 -13 4667 1 0 1
-45.1344 10.4669 125.556 -27.6219 5.75985 68.0171 1.26903 -13 4668 1 0 1
30.0116 24.0501 125.556 13.3246 9.8764 50.4884 0.273012 -13 4670 1 0 1
1.12148 2.26142 125.556 1.18079 0.852304 55.875 1.73885 -13 4671 1 0 1
-16.367 -6.15611 125.556 -8.30626 -2.66695 60.3332 0.738358 -13 4672 1 0 1
-19.9964 4.91845 125.556 -10.462 4.66863 62.1441 0.0661429 -13 4673 1 0 1
-21.1993 -11.8904 125.556 -15.1659 -9.2316 74.5678 0.343704 -13 4674 1 0 1
-0.364739 -19.2819 125.556 0.541435 -8.89807 46.6864 2.72763 -13 4675 1 0 1
-13.3993 -1.45927 125.556 -6.26823 -0.549288 57.0891 1.64045 -13 4676 1 0 1
10.6785 24.818 125.556 5.83785 12.7034 58.8299 0.666424 -13 4677 1 0 1
-4.39199 0.467449 125.556 -3.27176 0.671417 71.094 2.78638 -13 4678 1 0 1
17.8729 -4.42266 125.556 9.51518 -2.80274 61.2121 -1.25999 -13 4679 1 0 1
-4.55729 2.69295 125.556 -4.15839 1.30464 74.9485 0.722738 -13 4680 1 0 1
15.6635 -1.49014 125.556 8.78763 -1.26403 70.5063 1.73805 -13 4681 1 0 1
7.74741 -8.86894 125.556 3.8614 -7.24065 72.4039 1.1887 -13 4682 1 0 1
14.2864 0.0262648 125.556 7.94366 -1.80257 68.1789 -0.628231 -13 4683 1 0 1
33.7386 -4.93879 125.556 15.0372 -4.00123 49.9815 3.41211 -13 4684 1 0 1
0.178068 -12.4107 125.556 -0.0715978 -7.19911 66.4769 -1.38112 -13 4685 1 0 1
-4.71872 11.037 125.556 -2.83685 5.64027 65.2609 1.21416 -13 4686 1 0 1
-26.6368 0.415177 125.556 -11.7966 -1.21489 53.2832 0.133803 -13 4687 1 0 1
-1.45864 -17.0756 125.556 -0.802075 -9.32148 61.0066 2.21223 -13 4688 1 0 1
7.28674 -3.0431 125.556 4.06884 -2.66198 54.0515 -1.25208 -13 4689 1 0 1
-7.47334 12.4648 125.556 -5.80941 8.09121 73.4094 0.558109 -13 4690 1 0 1
14.0917 -2.38209 125.556 7.91045 -0.250287 69.4926 0.374498 -13 4691 1 0 1
-10.7483 3.22318 125.556 -2.45843 0.256167 32.3359 1.19784 -13 4692 1 0 1
-17.0646 10.8244 125.556 -8.62956 6.60845 59.7356 1.17555 -13 4693 1 0 1
-9.34443 6.59875 125.556 -6.53436 4.09509 70.9974 2.77187 -13 4694 1 0 1
3.30144 6.9273 125.556 0.512518 4.0804 77.0848 0.605511 -13 4695 1 0 1
1.1042 -13.1872 125.556 0.818995 -8.09334 59.9011 1.11894 -13 4696 1 0 1
19.3071 -4.34454 125.556 10.5717 -1.3033 63.9845 0.538477 -13 4697 1 0 1
14.0696 -3.6142 125.556 7.73609 -2.16431 63.4077 0.359604 -13 4698 1 0 1
-18.546 -14.6837 125.556 -5.49744 -6.11776 38.4896 2.60485 -13 4699 1 0 1
1.32019 -17.783 125.556 1.1721 -8.55891 50.1384 2.3398 -13 4700 1 0 1
9.01736 5.49913 125.556 4.90368 4.15396 67.5904 -1.12978 -13 4701 1 0 1
-14.9526 -37.1157 125.556 -8.54951 -19.686 63.8498 0.940011 -13 4702 1 0 1
-1.35331 -3.44988 125.556 -1.07 -1.47206 67.0905 0.517386 -13 4703 1 0 1
17.5306 3.94705 125.556 8.97616 2.6128 57.0111 1.0709 -13 4704 1 0 1
-18.4818 -32.45 125.556 -9.26834 -15.797 58.079 0.737939 -13 4705 1 0 1
23.4918 -13.9115 125.556 12.6427 -8.20981 61.9301 -1.37248 -13 4706 1 0 1
13.0761 -1.32882 125.556 7.28642 0.411471 66.4261 0.619162 -13 4707 1 0 1
-2.50934 8.05691 125.556 -0.991372 4.86874 58.7412 0.890524 -13 4708 1 0 1
-14.9207 -8.6685 125.556 -9.23874 -5.2803 67.6934 2.02382 -13 4709 1 0 1
-10.8975 -6.53797 125.556 -7.55534 -7.48182 71.7823 0.506951 -13 4710 1 0 1
26.6764 -2.95705 125.556 11.8462 -1.47445 47.0421 1.14619 -13 4711 1 0 1
9.98642 -15.5581 125.556 5.17282 -7.48511 51.0422 -0.281902 -13 4712 1 0 1
-15.6269 -9.32498 125.556 -7.52294 -4.98381 57.6906 0.933886 -13 4713 1 0 1
-3.06656 23.0691 125.556 -1.94408 13.7487 65.3034 2.34911 -13 4714 1 0 1
29.763 -34.4896 125.556 13.4049 -14.8165 50.0566 4.68829 -13 4715 1 0 1
-20.4693 6.14794 125.556 -10.6298 4.07137 60.4953 0.827781 -13 4716 1 0 1
-14.6865 -11.2327 125.556 -10.329 -7.90257 72.8264 0.502227 -13 4717 1 0 1
-28.4223 -0.38866 125.556 -8.5911 -0.135361 36.3326 0.60758 -13 4718 1 0 1
4.00163 -10.2723 125.556 1.9941 -5.32053 66.646 2.3007 -13 4719 1 0 1
1.59665 2.91014 125.556 1.2415 1.6026 55.1877 0.130663 -13 4720 1 0 1
26.9558 5.83595 125.556 10.5897 2.18842 41.1319 1.06597 -13 4721 1 0 1
20.9667 11.2699 125.556 11.6441 6.34561 67.7475 -0.582838 -13 4722 1 0 1
-12.6783 -2.77034 125.556 -10.3969 -1.96834 77.4511 -1.835 -13 4723 1 0 1
-13.1997 -8.59709 125.556 -8.8875 -4.85538 71.1223 1.73722 -13 4724 1 0 1
-8.741 10.8782 125.556 -7.86889 7.70765 78.8654 0.706985 -13 4725 1 0 1
-8.53902 11.3057 125.556 -6.50567 8.56934 73.4084 0.531163 -13 4726 1 0 1
0.930654 1.85461 125.556 0.573453 0.391063 63.0176 2.02639 -13 4727 1 0 1
13.8115 2.16759 125.556 4.99566 0.0425382 35.4601 -0.535203 -13 4728 1 0 1
-8.86712 -10.4711 125.556 -2.79703 -4.67809 47.3317 -0.760439 -13 4729 1 0 1
17.4867 -15.3796 125.556 10.1157 -9.42914 69.3609 0.192745 -13 4730 1 0 1
9.00767 -1.27211 125.556 4.59509 -0.279376 51.2881 -1.07742 -13 4731 1 0 1
5.71252 1.01544 125.556 2.65448 -0.126706 72.9395 1.26187 -13 4732 1 0 1
5.35776 15.9139 125.556 1.9333 10.664 74.8822 -0.0585795 -13 4733 1 0 1
-5.3801 -30.5496 125.556 -1.85485 -15.5151 53.3242 2.09665 -13 4734 1 0 1
-0.6001 1.50809 125.556 -0.949848 0.466646 71.3695 -0.0246208 -13 4735 1 0 1
-2.45633 18.9958 125.556 -1.63064 10.0933 67.222 1.61427 -13 4736 1 0 1
4.07209 6.97197 125.556 1.64839 1.90305 71.9213 0.310514 -13 4737 1 0 1
-8.05142 -34.1321 125.556 -3.98903 -17.1966 58.4571 -0.406132 -13 4738 1 0 1
-14.352 12.4068 125.556 -9.75314 8.88669 70.5346 0.804874 -13 4739 1 0 1
30.0831 6.48813 125.556 16.6104 3.25594 61.4201 2.72978 -13 4740 1 0 1
28.7465 3.61718 125.556 14.2073 2.50504 57.0626 0.291393 -13 4741 1 0 1
-8.46013 -1.92086 125.556 -6.14418 -0.468549 72.3831 -0.470689 -13 4742 1 0 1
31.5296 6.14865 125.556 15.2253 2.98425 54.5412 0.31686 -13 4743 1 0 1
-15.1453 -8.20544 125.556 -9.60004 -3.54726 67.5524 1.34218 -13 4744 1 0 1
3.13201 -18.5722 125.556 1.62843 -8.48186 61.3568 1.8086 -13 4745 1 0 1
-14.2711 -6.68917 125.556 -6.47282 -2.5953 55.4311 1.20103 -13 4746 1 0 1
-2.56692 -2.92853 125.556 -3.28903 -3.92023 76.3075 -0.449983 -13 4748 1 0 1
0.239997 -24.6481 125.556 0.102484 -15.4192 65.8609 2.71252 -13 4749 1 0 1
-8.26881 0.375699 125.556 -3.91034 0.801328 59.14 0.261586 -13 4750 1 0 1
-3.22282 -5.99422 125.556 -1.24696 -4.09278 59.1004 0.567475 -13 4751 1 0 1
1.09216 -7.16473 125.556 -0.237364 -2.84846 68.9423 1.55993 -13 4752 1 0 1
9.79466 -5.76771 125.556 5.26588 -5.13868 72.8858 2.33108 -13 4753 1 0 1
9.31187 11.3457 125.556 4.6756 7.68068 63.7652 0.775016 -13 4754 1 0 1
10.2932 9.20282 125.556 5.38344 5.94104 74.416 1.18248 -13 4755 1 0 1
13.0396 -10.5002 125.556 6.40618 -5.58148 56.6299 0.791528 -13 4756 1 0 1
10.0776 -12.2343 125.556 5.61685 -6.0109 62.0022 1.90417 -13 4757 1 0 1
21.391 27.2702 125.556 11.6996 14.7182 64.7461 2.03012 -13 4758 1 0 1
1.21342 6.44899 125.556 0.410114 4.79299 68.1624 -0.275866 -13 4760 1 0 1
4.13537 9.04913 125.556 2.43585 4.15112 56.7897 -1.07076 -13 4761 1 0 1
-20.2857 -39.9598 125.556 -9.15948 -17.6084 53.7502 1.26981 -13 4762 1 0 1
-27.5951 -15.3861 125.556 -17.6591 -8.50153 69.8857 0.654829 -13 4763 1 0 1
3.57294 10.5327 125.556 1.00275 5.64625 76.0718 1.59517 -13 4764 1 0 1
3.02988 1.33191 125.556 1.48447 1.85592 64.839 0.380281 -13 4765 1 0 1
20.8229 9.75857 125.556 11.3113 5.76847 63.0611 1.14071 -13 4766 1 0 1
4.33224 8.13478 125.556 2.29118 4.18811 66.5594 0.471846 -13 4767 1 0 1
5.8079 -7.34534 125.556 3.13772 -4.8776 59.5928 0.859743 -13 4768 1 0 1
3.7482 8.03346 125.556 1.69299 3.21773 69.4471 -0.465441 -13 4769 1 0 1
-16.4054 1.60662 125.556 -6.99498 1.04871 53.2439 1.32774 -13 4770 1 0 1
-17.5544 13.5614 125.556 -7.40592 6.49502 50.5486 0.81663 -13 4771 1 0 1
-12.3455 1.04496 125.556 -7.93756 2.37904 69.5299 0.825653 -13 4772 1 0 1
7.94724 -1.72227 125.556 4.06433 -1.25518 67.206 2.2244 -13 4773 1 0 1
24.8184 -24.0731 125.556 12.4135 -11.9102 56.4517 1.97408 -13 4774 1 0 1
18.6256 7.37177 125.556 9.15233 2.81113 53.0871 -0.280157 -13 4775 1 0 1
22.6346 -24.2324 125.556 12.3261 -13.6006 63.2399 -0.00390562 -13 4776 1 0 1
-9.25574 0.724044 125.556 -4.4416 0.19536 59.9316 2.13402 -13 4777 1 0 1
-18.1484 23.328 125.556 -6.18776 9.71805 44.1697 -0.277537 -13 4778 1 0 1
19.6831 -1.41516 125.556 9.16733 -2.2443 48.0912 0.141409 -13 4779 1 0 1
-9.26315 -4.58322 125.556 -5.37377 -2.79771 65.302 1.71531 -13 4780 1 0 1
2.02189 0.0649267 125.556 1.50935 0.257729 59.1311 -1.7722 -13 4781 1 0 1
-22.0217 -4.83442 125.556 -17.0986 -2.96057 78.3803 0.803215 -13 4782 1 0 1
-4.38723 13.5669 125.556 -2.55356 6.86717 63.3647 1.5247 -13 4783 1 0 1
14.3236 3.09535 125.556 7.21665 1.33012 53.3222 4.75993 -13 4784 1 0 1
-10.4295 -24.4814 125.556 -4.85949 -12.5693 57.4715 1.08493 -13 4785 1 0 1
-8.97723 -9.21961 125.556 -7.628 -5.40631 76.7645 1.36315 -13 4786 1 0 1
-9.43612 5.73538 125.556 -9.56336 5.61523 79.0946 -0.101876 -13 4787 1 0 1
-0.0151629 -24.133 125.556 0.442515 -11.926 52.0484 0.209474 -13 4788 1 0 1
19.1241 -13.9231 125.556 9.45894 -5.68155 54.7751 1.0764 -13 4789 1 0 1
16.6304 21.7391 125.556 8.93764 13.3001 67.6071 2.55328 -13 4790 1 0 1
-15.2235 -5.15913 125.556 -8.1309 -1.81193 61.2617 0.938683 -13 4791 1 0 1
5.18319 16.1091 125.556 1.84989 10.1758 76.1411 0.797479 -13 4792 1 0 1
9.37242 7.90419 125.556 5.13075 5.02739 65.4018 0.853921 -13 4793 1 0 1
14.1407 2.4021 125.556 7.86874 -0.0870192 71.2225 2.2451 -13 4794 1 0 1
-34.1709 -23.1005 125.556 -18.3398 -12.8848 61.0161 1.44423 -13 4795 1 0 1
-5.02588 2.85541 125.556 -2.95504 0.570456 65.2976 1.28151 -13 4796 1 0 1
-26.2111 -4.62026 125.556 -9.44146 -2.05096 43.9329 0.724546 -13 4797 1 0 1
-1.34821 -0.642131 125.556 -0.866594 -2.59845 66.8572 1.00846 -13 4798 1 0 1
5.85197 9.72113 125.556 3.14528 6.44951 63.8481 0.0623463 -13 4799 1 0 1
3.58532 -5.70638 125.556 1.31773 -3.2702 72.1917 1.21587 -13 4800 1 0 1
-4.46198 -8.28048 125.556 -2.84158 -3.80996 65.2012 2.50703 -13 4801 1 0 1
-2.8013 -4.67024 125.556 -3.59264 -1.97975 76.8237 0.796424 -13 4802 1 0 1
17.279 8.11182 125.556 9.03886 3.73824 61.1347 -0.265174 -13 4803 1 0 1
-20.8089 -1.61743 125.556 -10.7893 -0.82176 59.8081 1.76661 -13 4804 1 0 1
-6.04836 -3.99143 125.556 -6.02229 -3.14692 78.4557 0.873846 -13 4805 1 0 1
-24.5271 17.9082 125.556 -13.1376 10.4042 61.7874 2.27336 -13 4806 1 0 1
5.99741 -2.05199 125.556 3.00064 -0.683229 67.0903 0.388012 -13 4807 1 0 1
2.1938 0.0875303 125.556 0.794871 -0.337175 15.369 1.59159 -13 4808 1 0 1
31.6785 -7.76555 125.556 17.568 -5.59626 66.2929 1.33207 -13 4809 1 0 1
12.3018 -4.91529 125.556 6.33365 -3.16816 57.2243 0.772758 -13 4810 1 0 1
-11.746 15.9408 125.556 -7.59688 10.1066 67.7268 0.993893 -13 4811 1 0 1
-24.9093 12.1408 125.556 -12.6591 5.53625 59.0061 -0.313511 -13 4812 1 0 1
3.1206 19.9302 125.556 2.08458 8.89462 49.4224 -0.398223 -13 4813 1 0 1
11.088 31.3335 125.556 5.48029 16.6081 56.8142 1.7771 -13 4814 1 0 1
15.8769 -8.82258 125.556 8.96047 -6.68233 70.2275 1.01815 -13 4815 1 0 1
-4.2601 -5.41818 125.556 -3.35515 -4.49971 69.2375 1.51638 -13 4816 1 0 1
12.7758 -8.46079 125.556 7.03527 -4.27791 73.3454 1.75802 -13 4817 1 0 1
10.2917 3.62243 125.556 5.55243 2.12572 51.0114 0.387438 -13 4818 1 0 1
4.84629 -21.9474 125.556 2.8663 -8.07584 44.3136 0.0762448 -13 4819 1 0 1
18.4966 -2.50666 125.556 10.4319 -0.407545 71.2348 1.12775 -13 4820 1 0 1
-21.3527 -7.85847 125.556 -7.12062 -3.86748 42.5651 2.74356 -13 4821 1 0 1
-18.4011 6.13734 125.556 -9.86374 2.68792 61.9638 -1.45599 -13 4822 1 0 1
0.174843 -3.15671 125.556 -0.451455 -1.32357 70.6956 0.520939 -13 4823 1 0 1
30.2124 -48.544 125.556 11.6002 -17.5541 41.7259 -0.204132 -13 4824 1 0 1
143.968 -21.7162 125.556 49.5629 -7.18084 38.8228 1.04477 -13 4825 1 0 1
-7.86625 -12.165 125.556 -3.42648 -6.44327 56.3957 2.97514 -13 4826 1 0 1
5.76508 -3.5181 125.556 1.35361 -2.78762 79.5718 1.98364 -13 4827 1 0 1
-16.266 -12.3951 125.556 -12.0909 -8.91201 74.9256 1.66886 -13 4828 1 0 1
7.11609 -23.2203 125.556 3.63855 -12.9446 67.1603 1.0216 -13 4829 1 0 1
-12.1966 -19.5124 125.556 -6.33014 -11.5148 61.4357 2.03055 -13 4830 1 0 1
2.10024 4.98068 125.556 1.28054 3.15975 61.7066 0.796409 -13 4831 1 0 1
-2.49252 3.27681 125.556 -0.909539 1.79386 58.3822 1.10826 -13 4833 1 0 1
-0.943365 -5.24967 125.556 -0.203989 -3.11458 58.8048 0.0415323 -13 4834 1 0 1
13.4551 9.18532 125.556 7.43688 4.71905 64.7376 3.42453 -13 4835 1 0 1
0.408632 -13.9961 125.556 -0.962449 -8.57128 72.9556 1.75073 -13 4836 1 0 1
5.06702 -6.31832 125.556 2.90422 -3.34161 60.3851 -0.695487 -13 4837 1 0 1
-26.1135 -31.0675 125.556 -11.5225 -13.4431 53.0641 -0.174816 -13 4838 1 0 1
14.4226 10.3819 125.556 7.78282 7.27199 77.5703 1.59788 -13 4839 1 0 1
-2.19829 -19.7079 125.556 -0.875007 -10.3911 58.4456 1.14735 -13 4840 1 0 1
0.254047 -37.1712 125.556 -0.450859 -22.0545 66.8534 0.519471 -13 4841 1 0 1
2.6176 -4.74125 125.556 1.14936 -2.9412 67.3094 1.53217 -13 4842 1 0 1
-8.94063 33.549 125.556 -5.86367 20.4948 66.7888 2.07966 -13 4843 1 0 1
0.430249 21.9738 125.556 -0.424987 13.3719 67.7 0.327038 -13 4844 1 0 1
-39.596 -14.5973 125.556 -24.2215 -9.08791 67.783 0.716372 -13 4845 1 0 1
19.9942 38.0771 125.556 8.34475 14.8026 42.3796 0.578612 -13 4846 1 0 1
-8.03812 -2.00975 125.556 -6.4744 -0.621036 74.7049 0.0518111 -13 4847 1 0 1
-21.5892 16.9001 125.556 -14.0029 8.18959 70.7399 0.394001 -13 4848 1 0 1
8.51785 1.25982 125.556 4.431 1.12579 44.9945 1.0067 -13 4849 1 0 1
1.93481 -0.0334726 125.556 1.52527 -0.716765 53.9719 2.1232 -13 4850 1 0 1
-3.27643 0.95623 125.556 -0.664058 1.62103 47.0514 0.85873 -13 4851 1 0 1
11.6815 2.05887 125.556 6.51641 1.58664 67.9949 1.31868 -13 4852 1 0 1
1.11738 8.02214 125.556 -0.93582 4.88783 77.2389 1.34243 -13 4853 1 0 1
23.7002 -115.29 125.556 7.96025 -39.1175 38.8344 0.096104 -13 4855 1 0 1
0.607891 8.59194 125.556 -1.21987 6.3967 76.0191 2.31835 -13 4856 1 0 1
23.1148 11.5603 125.556 11.4123 5.59239 54.9078 1.46128 -13 4857 1 0 1
6.52509 4.94602 125.556 3.54316 3.33649 58.1394 1.13956 -13 4858 1 0 1
31.7569 6.87793 125.556 16.3754 3.67098 59.3986 1.1284 -13 4859 1 0 1
29.3344 -15.4009 125.556 13.6988 -6.96168 52.9471 0.780449 -13 4860 1 0 1
25.891 -0.246621 125.556 13.8679 0.00849629 62.2128 0.796654 -13 4862 1 0 1
-4.65727 0.221211 125.556 -3.16739 0.585702 69.7327 1.29373 -13 4863 1 0 1
19.4976 30.434 125.556 9.8529 14.6325 57.2409 -0.0223525 -13 4864 1 0 1
-20.2178 -15.6592 125.556 -14.6833 -11.2688 75.5044 1.7074 -13 4866 1 0 1
4.75844 5.14554 125.556 2.90572 4.17315 54.6349 0.22224 -13 4867 1 0 1
-16.8199 25.7469 125.556 -9.48417 14.6202 64.3618 -1.59287 -13 4868 1 0 1
-6.32561 -0.0216094 125.556 -2.51202 0.121629 54.0389 1.10412 -13 4869 1 0 1
-12.2141 -18.8446 125.556 -7.41801 -11.1717 67.4292 1.12023 -13 4870 1 0 1
-25.0064 -1.46286 125.556 -18.2757 -0.775095 76.7823 -0.339165 -13 4871 1 0 1
-2.46551 3.48816 125.556 -3.00389 1.45866 75.2824 0.215093 -13 4872 1 0 1
-5.75437 7.677 125.556 -4.73259 4.51383 72.8139 1.37583 -13 4873 1 0 1
-17.8217 -4.40687 125.556 -8.87776 -2.46322 60.1042 -0.451502 -13 4874 1 0 1
-13.6611 -0.506189 125.556 -8.24031 0.0103864 67.5134 0.138955 -13 4875 1 0 1
6.41095 4.80049 125.556 2.99108 2.67768 67.4248 1.16095 -13 4877 1 0 1
-9.24328 16.9 125.556 -8.08267 9.26148 77.4711 -1.77465 -13 4878 1 0 1
14.1894 -7.18826 125.556 7.14713 -3.53466 53.2064 2.18238 -13 4879 1 0 1
-7.12574 -28.2331 125.556 -2.94943 -12.8726 54.3598 -0.0175034 -13 4880 1 0 1
-0.525778 2.81953 125.556 -0.346423 0.0661339 64.6054 0.404913 -13 4881 1 0 1
14.0828 -14.5779 125.556 7.35017 -7.99536 62.3596 0.260247 -13 4882 1 0 1
3.80551 10.3752 125.556 1.91902 6.29804 66.3751 1.06567 -13 4883 1 0 1
-2.21239 -7.35839 125.556 -1.21868 -4.58023 60.3606 0.983092 -13 4884 1 0 1
-9.90489 6.3779 125.556 -5.38359 2.72082 62.549 1.55383 -13 4885 1 0 1
-4.80448 -7.48255 125.556 -2.24895 -2.86889 60.9088 -0.140869 -13 4886 1 0 1
0.576747 -2.2495 125.556 -1.92352 -1.33685 79.3549 -0.645367 -13 4887 1 0 1
-2.30077 -20.6316 125.556 -3.15506 -13.7128 76.5327 2.63869 -13 4888 1 0 1
9.03373 5.7191 125.556 4.89508 2.43344 52.4237 -0.1464 -13 4889 1 0 1
-5.2598 -0.789817 125.556 -1.70132 0.298101 51.9555 0.330973 -13 4890 1 0 1
16.9273 -2.96341 125.556 9.41556 -0.383218 73.2887 1.19513 -13 4891 1 0 1
13.3313 28.6025 125.556 6.97538 14.3625 57.6817 1.1514 -13 4892 1 0 1
-4.02364 19.3567 125.556 -2.6687 9.51925 67.2788 1.22565 -13 4893 1 0 1
-9.811 -7.35833 125.556 -5.53707 -3.97363 64.9797 1.33241 -13 4894 1 0 1
8.58847 -5.66747 125.556 4.7132 -3.11331 66.0734 1.04751 -13 4895 1 0 1
-7.74158 -18.909 125.556 -5.01245 -10.6477 67.3357 1.38661 -13 4896 1 0 1
14.507 -8.38456 125.556 7.64786 -6.49479 77.6821 0.237099 -13 4897 1 0 1
-21.9907 8.38817 125.556 -11.7498 3.91002 61.6674 -1.15443 -13 4898 1 0 1
25.786 -7.39585 125.556 12.7825 -3.24579 54.725 0.132065 -13 4899 1 0 1
-26.3627 -2.9765 125.556 -15.2439 -0.866086 65.0195 0.084321 -13 4900 1 0 1
4.60389 5.74932 125.556 2.04527 1.42781 33.1785 1.67788 -13 4901 1 0 1
18.3101 2.94781 125.556 10.2759 1.0453 78.1974 -2.27087 -13 4902 1 0 1
19.0695 10.8949 125.556 8.86107 5.09324 50.2782 0.70531 -13 4903 1 0 1
-13.3384 14.0988 125.556 -6.11171 6.9412 57.4201 2.23388 -13 4904 1 0 1
10.8185 25.6734 125.556 5.9443 12.9681 64.9167 1.64252 -13 4905 1 0 1
-7.55765 -23.3166 125.556 -2.63958 -10.2394 45.7506 2.85883 -13 4906 1 0 1
24.8379 21.4664 125.556 11.1369 9.67937 48.6181 1.25746 -13 4907 1 0 1
-12.5958 3.52403 125.556 -8.32546 2.07474 71.3932 2.17767 -13 4908 1 0 1
-1.53695 6.6403 125.556 -1.66348 5.34727 70.5254 0.508338 -13 4909 1 0 1
-7.83206 8.47958 125.556 -2.83683 4.61411 50.7237 1.18804 -13 4910 1 0 1
3.04202 7.96482 125.556 1.7917 4.17326 53.5124 2.00747 -13 4911 1 0 1
4.65131 -10.0649 125.556 1.51601 -5.84944 75.9879 0.230361 -13 4912 1 0 1
7.71556 16.4195 125.556 4.3174 8.95595 67.9152 -0.0864359 -13 4913 1 0 1
-12.8608 -14.1033 125.556 -7.71062 -8.54938 67.8431 2.64471 -13 4914 1 0 1
34.699 22.2354 125.556 14.0447 8.38404 44.3476 1.29129 -13 4915 1 0 1
26.5873 7.29268 125.556 15.2486 4.25219 72.723 -0.298783 -13 4916 1 0 1
5.89206 25.9907 125.556 2.16097 16.3545 75.5998 -1.31443 -13 4917 1 0 1
8.91043 -23.1836 125.556 4.68448 -11.3232 67.7288 -1.08515 -13 4918 1 0 1
-19.127 -58.5052 125.556 -3.94237 -13.5117 26.8893 -1.72778 -13 4919 1 0 1
6.72691 2.81361 125.556 3.76985 1.99886 60.7221 1.61347 -13 4921 1 0 1
-4.43939 11.5682 125.556 -1.45564 6.46896 55.8875 1.30453 -13 4922 1 0 1
2.03335 -7.03362 125.556 -0.494936 -3.33645 76.3775 1.87102 -13 4923 1 0 1
-12.0258 -5.04539 125.556 -8.53587 -3.15653 72.4089 -0.235929 -13 4924 1 0 1
4.56519 0.324144 125.556 2.62288 0.49418 66.979 0.088762 -13 4925 1 0 1
1.78009 14.71 125.556 0.129655 9.58441 71.2655 1.01448 -13 4926 1 0 1
-9.25792 12.3712 125.556 -6.28969 6.20993 69.7435 1.47699 -13 4927 1 0 1
14.8838 34.1532 125.556 7.57497 17.7013 59.9707 1.75642 -13 4928 1 0 1
15.7288 -7.99944 125.556 8.85815 -6.41079 77.164 0.262034 -13 4929 1 0 1
4.17554 1.20195 125.556 2.04987 2.43435 64.7819 0.913326 -13 4930 1 0 1
-28.3645 -7.96444 125.556 -15.2946 -3.47132 62.1509 0.00465622 -13 4931 1 0 1
0.467015 -13.7058 125.556 0.0818582 -7.4691 66.2493 2.39925 -13 4932 1 0 1
-21.2691 -1.18438 125.556 -13.5802 -0.930774 69.5682 0.867448 -13 4933 1 0 1
2.90804 10.4589 125.556 1.34524 4.86398 67.5747 1.1199 -13 4934 1 0 1
46.3738 17.0875 125.556 17.3303 5.70682 41.0385 1.42421 -13 4935 1 0 1
-21.6754 -1.04681 125.556 -14.3561 -0.423665 71.7021 -0.812083 -13 4936 1 0 1
-6.15969 9.8297 125.556 -3.8162 7.1053 66.6122 0.793967 -13 4937 1 0 1
-7.86984 14.8417 125.556 -3.25191 7.62915 54.9124 2.07823 -13 4938 1 0 1
-27.0168 -0.180026 125.556 -14.3159 1.85455 61.2105 1.92752 -13 4939 1 0 1
5.86232 1.1871 125.556 3.3057 0.516506 63.0446 1.55241 -13 4940 1 0 1
22.2471 2.09289 125.556 12.093 0.767682 61.0141 -0.145017 -13 4941 1 0 1
-8.02521 28.478 125.556 -2.74986 11.4932 48.9626 1.06633 -13 4942 1 0 1
-7.82864 12.5688 125.556 -8.15185 9.73131 78.8871 0.442086 -13 4943 1 0 1
-5.06368 -0.338201 125.556 -3.69213 -0.382464 72.6484 2.10239 -13 4944 1 0 1
-7.64839 -3.61413 125.556 -5.32085 -2.27206 69.8263 0.25911 -13 4945 1 0 1
-8.26271 -15.76 125.556 -3.78443 -7.78859 60.1365 0.998304 -13 4946 1 0 1
3.54072 -15.1012 125.556 1.43339 -9.12204 65.3757 1.12805 -13 4947 1 0 1
4.79574 -5.92784 125.556 2.82661 -3.04829 50.7648 -0.35901 -13 4948 1 0 1
-0.353351 12.7365 125.556 -0.687347 6.79153 69.2493 -0.441834 -13 4949 1 0 1
-5.54479 19.4042 125.556 -6.56396 13.4541 78.2202 0.122271 -13 4950 1 0 1
17.1799 2.09056 125.556 7.66009 0.243419 46.3907 2.74947 -13 4951 1 0 1
-18.6111 -11.7623 125.556 -10.1207 -6.23811 60.6636 0.1547 -13 4953 1 0 1
25.6383 12.148 125.556 10.2293 4.834 42.954 0.616682 -13 4954 1 0 1
2.43232 2.24451 125.556 1.87953 1.16511 58.1885 0.917094 -13 4955 1 0 1
-31.0803 6.89671 125.556 -17.3074 3.92822 63.0652 2.00873 -13 4956 1 0 1
33.2907 6.00797 125.556 18.8305 2.89351 68.2619 1.0927 -13 4957 1 0 1
-12.6604 -18.5145 125.556 -5.88124 -10.3254 56.9765 -0.925588 -13 4958 1 0 1
6.56789 13.8759 125.556 3.28749 9.05998 68.9414 1.32581 -13 4959 1 0 1
16.3171 8.42528 125.556 9.06084 6.30049 67.3921 1.40191 -13 4960 1 0 1
18.5791 -5.67586 125.556 10.4181 -4.35702 67.477 2.04789 -13 4961 1 0 1
-10.7348 7.61311 125.556 -7.02688 4.19273 69.1086 0.766782 -13 4962 1 0 1
-5.51962 -8.12624 125.556 -4.70287 -5.44119 73.5317 0.00737086 -13 4963 1 0 1
7.11126 3.17425 125.556 3.22529 2.35111 70.1156 0.799033 -13 4964 1 0 1
0.491381 -10.9682 125.556 -0.914364 -7.23641 74.9135 0.333117 -13 4965 1 0 1
-3.22058 20.6152 125.556 -1.03197 11.7625 60.3905 1.773 -13 4966 1 0 1
13.9998 2.44035 125.556 7.23915 2.24105 78.304 -0.287465 -13 4967 1 0 1
-4.60374 -10.0607 125.556 -1.91621 -5.34041 59.3649 1.14801 -13 4968 1 0 1
5.8716 -20.944 125.556 2.07448 -15.3836 77.9286 0.668114 -13 4969 1 0 1
-16.9127 26.317 125.556 -7.04127 11.0063 51.6352 1.28569 -13 4970 1 0 1
-0.0595041 -1.92757 125.556 -1.97738 -0.619988 79.1227 3.14439 -13 4971 1 0 1
-6.15608 -11.0247 125.556 -4.34163 -9.35509 70.8029 2.22471 -13 4972 1 0 1
7.12903 12.4252 125.556 3.82156 6.30765 65.57 -1.52388 -13 4973 1 0 1
1.04481 -15.8419 125.556 -0.439717 -10.6735 74.4591 1.71813 -13 4974 1 0 1
-5.26737 -12.1124 125.556 -4.90119 -7.79578 75.9732 -0.222082 -13 4975 1 0 1
5.98889 22.4563 125.556 2.23118 13.9474 74.4832 1.75607 -13 4976 1 0 1
8.11043 24.0308 125.556 4.85295 11.8279 63.5056 1.1732 -13 4977 1 0 1
-5.2432 -25.0359 125.556 -2.50061 -14.1596 60.3212 1.88557 -13 4978 1 0 1
-6.44962 23.0743 125.556 -2.4659 9.95825 53.661 0.721095 -13 4979 1 0 1
18.9624 -0.344959 125.556 10.6694 -0.812928 67.597 1.80156 -13 4980 1 0 1
-25.7755 0.439876 125.556 -16.3421 2.55355 69.5956 0.881017 -13 4981 1 0 1
12.035 -7.64663 125.556 6.43764 -3.86438 66.216 2.14721 -13 4982 1 0 1
3.13994 -3.0449 125.556 0.832936 -4.96556 73.2758 1.63722 -13 4983 1 0 1
-20.1558 1.24088 125.556 -7.61793 1.71253 47.9847 0.377965 -13 4984 1 0 1
7.84146 22.3761 125.556 4.10142 11.477 59.9947 1.91208 -13 4985 1 0 1
-10.2638 7.73146 125.556 -7.05067 3.80162 69.8121 1.07387 -13 4986 1 0 1
4.86018 12.8826 125.556 2.7021 7.11123 60.887 2.09798 -13 4987 1 0 1
8.65408 12.2324 125.556 4.52789 4.71241 58.7793 0.0694893 -13 4988 1 0 1
18.2073 25.2817 125.556 9.33137 12.0236 59.5285 2.24866 -13 4989 1 0 1
11.7573 -1.78407 125.556 3.97955 -0.683868 33.8853 4.76297 -13 4990 1 0 1
20.1226 -5.30111 125.556 9.04715 -2.17887 46.5648 1.3507 -13 4991 1 0 1
-14.5209 -16.1952 125.556 -9.59881 -8.58573 69.2743 3.42961 -13 4992 1 0 1
-2.31805 36.9307 125.556 -0.831732 17.9177 55.6885 1.1268 -13 4993 1 0 1
17.7695 -9.95993 125.556 8.4417 -3.74111 50.4389 -1.07433 -13 4994 1 0 1
-3.73852 9.4328 125.556 -2.62649 5.66979 67.9033 -0.00903359 -13 4995 1 0 1
4.30694 -39.5622 125.556 2.30573 -17.3738 51.121 1.33858 -13 4996 1 0 1
-9.41986 3.11914 125.556 -5.00765 1.13143 63.4718 1.78869 -13 4997 1 0 1
18.1125 -13.3642 125.556 9.49759 -7.45871 62.4939 0.631816 -13 4998 1 0 1
3.19264 9.62608 125.556 2.19186 6.01663 56.0175 0.275197 -13 4999 1 0 1
