#BLTrackFile NTuple/Z126
#x y z Px Py Pz t PDGid EventID TrackID ParentID Weight
#mm mm mm MeV/c MeV/c MeV/c ns - - - - -
-14.5411 -13.3367 125.556 -10.0359 -7.58586 71.9271 -0.44275 -13 1 1 0 1
10.5375 1.87415 125.556 4.67269 -1.63329 80.9045 0.623776 -13 2 1 0 1
-4.15859 -3.51472 125.556 -3.56436 -2.30508 71.4833 1.61219 -13 3 1 0 1
-20.0541 -6.35755 125.556 -15.0813 -3.02821 76.857 1.04066 -13 4 1 0 1
-20.6124 -1.04328 125.556 -10.2903 -1.43871 59.9608 1.29003 -13 5 1 0 1
-12.5309 -2.4818 125.556 -9.21805 -0.871791 74.4261 -0.0760441 -13 6 1 0 1
0.258876 -11.0835 125.556 0.472625 -5.57319 61.1889 -0.104798 -13 7 1 0 1
-24.9367 8.89757 125.556 -9.10148 4.80477 45.7916 0.895945 -13 8 1 0 1
12.0641 19.567 125.556 6.33874 11.0679 63.1175 1.87862 -13 9 1 0 1
4.91868 -9.78244 125.556 2.79266 -4.88981 66.677 1.43495 -13 10 1 0 1
9.16094 4.64923 125.556 4.50477 2.58299 71.1756 0.196164 -13 11 1 0 1
-0.615139 -20.5058 125.556 -0.0701425 -11.6301 61.2218 2.47113 -13 12 1 0 1
20.6731 17.4911 125.556 7.44693 5.68303 38.737 0.232651 -13 13 1 0 1
19.5275 -12.4031 125.556 10.7381 -5.96391 67.3633 -0.785113 -13 14 1 0 1
22.2994 -14.1526 125.556 12.4709 -7.99885 66.2985 2.23289 -13 15 1 0 1
41.3223 -40.0177 125.556 18.948 -19.5123 54.6247 3.00649 -13 16 1 0 1
-8.64359 19.741 125.556 -4.741 11.5378 63.4321 0.115137 -13 17 1 0 1
-12.4126 -18.34 125.556 -4.8169 -8.9587 51.8055 2.28211 -13 18 1 0 1
-27.9785 10.4943 125.556 -15.7445 6.40052 63.7416 0.89663 -13 19 1 0 1
3.4705 -16.5426 125.556 1.78827 -8.91485 64.1561 3.7187 -13 20 1 0 1
-11.0517 7.38532 125.556 -4.75684 4.90751 56.4534 -0.358352 -13 22 1 0 1
-22.5658 35.2611 125.556 -6.58296 11.7185 38.087 1.62377 -13 23 1 0 1
-25.1129 20.4086 125.556 -10.9654 9.53532 52.9959 1.56777 -13 24 1 0 1
9.03631 -4.52715 125.556 4.64931 -1.60218 70.7269 1.01921 -13 25 1 0 1
-1.16361 5.06253 125.556 -0.980851 3.21992 68.5159 0.610061 -13 26 1 0 1
1.68955 -2.75746 125.556 0.693924 0.256085 66.6416 2.21096 -13 27 1 0 1
3.43207 -22.881 125.556 1.06997 -14.3167 72.58 0.980307 -13 28 1 0 1
-7.8239 11.3694 125.556 -4.88163 7.60035 66.7654 1.76905 -13 30 1 0 1
-4.65045 2.58873 125.556 -3.89406 2.26945 71.8904 0.449476 -13 31 1 0 1
-9.47362 4.6292 125.556 -4.86066 2.59219 62.2694 0.296225 -13 32 1 0 1
7.08039 0.00736573 125.556 2.20041 0.38634 25.2579 2.50199 -13 33 1 0 1
-22.9303 -2.24097 125.556 -13.0457 -0.522655 65.09 0.156184 -13 34 1 0 1
-35.9617 -24.4114 125.556 -22.0032 -13.9873 68.6892 2.94789 -13 35 1 0 1
-1.62549 10.4231 125.556 -1.0559 7.41227 66.0718 -0.3477 -13 36 1 0 1
-0.290899 -11.8245 125.556 -2.10076 -8.99249 79.5531 -0.769579 -13 37 1 0 1
1.63129 -21.2566 125.556 1.07648 -11.6657 59.7849 2.2606 -13 38 1 0 1
-9.29387 11.6234 125.556 -3.81946 5.25417 51.6778 1.64898 -13 40 1 0 1
13.0084 25.9587 125.556 6.74452 13.3329 61.1397 0.642882 -13 41 1 0 1
-5.39411 2.61724 125.556 -3.75536 0.400307 68.256 1.99458 -13 42 1 0 1
-20.1814 -5.15167 125.556 -16.2288 -3.66382 78.2727 1.00361 -13 43 1 0 1
10.9865 11.896 125.556 5.8836 5.41985 56.6921 1.47674 -13 44 1 0 1
-1.49327 -13.4466 125.556 -1.53421 -7.84278 67.7492 1.14371 -13 46 1 0 1
2.15982 18.1832 125.556 1.22172 8.14412 59.6994 1.73221 -13 47 1 0 1
-8.61926 18.4887 125.556 -5.41366 12.2056 66.2906 1.45198 -13 48 1 0 1
2.29396 -25.631 125.556 0.677125 -17.8117 69.6322 0.18424 -13 49 1 0 1
12.6644 -0.450433 125.556 5.65874 0.234382 42.8645 0.352425 -13 50 1 0 1
-4.88978 6.00794 125.556 -4.30719 2.62979 72.73 0.413879 -13 51 1 0 1
-7.87106 25.1861 125.556 -3.12322 12.4746 54.8339 0.93269 -13 52 1 0 1
11.2124 9.62958 125.556 6.09618 4.28144 56.7153 -1.52486 -13 53 1 0 1
5.72328 18.3673 125.556 2.97986 6.42454 42.8636 1.02625 -13 54 1 0 1
-6.15377 -8.48806 125.556 -4.62711 -5.80432 70.4888 1.62496 -13 55 1 0 1
26.3535 16.2803 125.556 13.5418 8.66244 60.6153 -0.182524 -13 56 1 0 1
-9.30198 -17.4032 125.556 -4.85908 -8.85947 62.7207 0.36536 -13 58 1 0 1
0.582651 -15.4307 125.556 -0.113871 -9.14131 67.6517 2.69482 -13 59 1 0 1
12.6484 28.1248 125.556 6.46091 14.6931 56.0555 1.09118 -13 60 1 0 1
-6.62651 11.8063 125.556 -3.50564 7.09833 62.7676 -0.0764363 -13 61 1 0 1
0.553179 2.77459 125.556 -0.262927 2.87866 70.0311 0.167071 -13 62 1 0 1
6.86035 -15.0438 125.556 2.56117 -4.7211 35.015 1.33841 -13 63 1 0 1
0.415309 -0.921612 125.556 0.419141 -0.204668 60.3234 0.922243 -13 64 1 0 1
5.66098 3.06771 125.556 2.99506 1.23006 65.7987 -0.70291 -13 65 1 0 1
-1.23737 3.00685 125.556 -1.4569 1.53673 71.4128 1.15845 -13 66 1 0 1
5.33253 -5.3918 125.556 3.12058 -2.04837 61.4337 0.0971573 -13 67 1 0 1
4.1258 25.3794 125.556 2.58089 11.0716 53.3563 -0.102802 -13 68 1 0 1
-7.08285 -11.9215 125.556 -3.66392 -6.75442 62.8955 0.7595 -13 69 1 0 1
-7.61023 -12.7731 125.556 -7.31921 -11.2411 79.7937 0.896853 -13 70 1 0 1
-4.49557 3.31335 125.556 -1.65737 0.648828 60.3555 -0.675268 -13 71 1 0 1
13.2513 22.5319 125.556 6.98957 11.4815 64.2792 1.87358 -13 72 1 0 1
-2.90531 -0.526599 125.556 -3.12698 -1.65292 74.5624 -0.220096 -13 73 1 0 1
5.09207 16.6863 125.556 2.91456 8.66996 58.5044 1.06623 -13 74 1 0 1
2.50024 10.8804 125.556 0.205311 6.45225 74.9989 -2.16887 -13 75 1 0 1
12.5744 3.33554 125.556 5.46071 2.09185 79.6392 -1.04743 -13 76 1 0 1
-7.05388 -2.86193 125.556 -3.2098 -2.72873 56.8441 3.20803 -13 77 1 0 1
-8.60632 -2.52799 125.556 -4.26823 -1.97837 60.019 0.0333072 -13 78 1 0 1
3.61792 -6.44543 125.556 1.85168 -3.7885 62.8904 2.2092 -13 79 1 0 1
1.6457 -10.6034 125.556 -0.0632682 -5.74722 72.4617 0.761353 -13 80 1 0 1
2.87398 15.4546 125.556 0.783134 11.4614 69.6837 0.810078 -13 81 1 0 1
3.45851 2.50262 125.556 2.22148 1.95159 62.7219 1.99537 -13 82 1 0 1
-17.6179 31.0767 125.556 -10.4314 18.9844 66.4118 0.791124 -13 83 1 0 1
-28.4835 -3.11331 125.556 -15.3007 -1.87589 61.6206 0.944678 -13 84 1 0 1
3.84547 0.385913 125.556 1.35743 -0.236411 75.6966 1.84673 -13 85 1 0 1
3.94103 -10.2369 125.556 1.82699 -8.10818 68.0108 0.568735 -13 86 1 0 1
-2.67983 -21.873 125.556 -0.279031 -10.0701 49.9871 1.7658 -13 87 1 0 1
-8.58926 -10.6287 125.556 -5.40144 -6.14455 67.8255 0.352856 -13 88 1 0 1
5.20347 -3.66577 125.556 2.71753 -1.02283 62.1983 0.222344 -13 89 1 0 1
1.76884 8.43809 125.556 0.915007 4.61011 65.7425 0.589908 -13 90 1 0 1
-17.5462 -6.22717 125.556 -9.40193 -3.71612 63.578 1.66858 -13 91 1 0 1
12.5466 3.75521 125.556 6.67616 1.84342 54.9875 0.851776 -13 92 1 0 1
7.85224 0.671889 125.556 4.45096 -0.314925 58.9948 1.66264 -13 93 1 0 1
3.68797 38.5279 125.556 2.08919 17.7161 52.6503 -0.439043 -13 94 1 0 1
5.77348 4.4286 125.556 2.84736 3.17492 70.4213 0.812531 -13 95 1 0 1
2.2764 16.6656 125.556 1.21714 9.82705 60.7852 -0.991361 -13 96 1 0 1
-2.05827 -4.30722 125.556 -0.229259 -0.74387 57.0688 -0.186677 -13 97 1 0 1
-1.29943 -4.57807 125.556 -1.00273 -1.56846 67.3847 1.2077 -13 98 1 0 1
-6.50166 18.7058 125.556 -3.50886 10.2996 62.8233 1.31023 -13 99 1 0 1
10.7056 -3.02944 125.556 5.75723 -0.426696 67.3922 -0.0960863 -13 100 1 0 1
16.0624 0.106344 125.556 8.77569 -0.633263 68.0733 0.101797 -13 101 1 0 1
5.32189 3.86931 125.556 2.51685 2.04442 67.2568 0.691655 -13 102 1 0 1
21.9205 -1.08623 125.556 11.437 1.19676 61.1885 -1.62277 -13 103 1 0 1
9.76146 1.69638 125.556 5.23283 0.159987 67.4618 0.471954 -13 104 1 0 1
-8.27175 11.3505 125.556 -3.84372 7.87666 60.0961 -0.628179 -13 105 1 0 1
-18.305 -6.36837 125.556 -9.23319 -3.36457 59.5383 1.11637 -13 106 1 0 1
-2.31192 -11.2197 125.556 -2.20988 -7.0054 70.2785 -0.289987 -13 107 1 0 1
15.1371 12.1124 125.556 8.1678 8.07344 62.9053 0.0018666 -13 108 1 0 1
7.91736 5.14823 125.556 4.39375 3.30471 67.8193 1.77085 -13 109 1 0 1
-7.87711 3.66598 125.556 -6.20115 2.61303 72.4144 0.4894 -13 110 1 0 1
-8.89757 -9.50519 125.556 -7.48188 -5.02928 76.8376 0.429662 -13 111 1 0 1
10.8136 0.472906 125.556 5.16738 -0.50959 56.248 -0.983867 -13 112 1 0 1
8.34763 10.271 125.556 4.42892 4.75231 54.8575 1.66042 -13 113 1 0 1
10.6832 -11.2802 125.556 5.827 -6.49999 63.0231 0.746262 -13 114 1 0 1
15.8509 4.82629 125.556 7.49878 1.85098 49.3082 0.780887 -13 115 1 0 1
-14.0446 -4.92388 125.556 -9.79339 -3.19618 72.2493 1.26207 -13 116 1 0 1
-3.13735 4.00296 125.556 -1.22128 2.44081 55.4389 0.521207 -13 117 1 0 1
7.82572 -15.0681 125.556 4.07012 -7.57124 46.2261 0.570496 -13 118 1 0 1
-2.26362 4.64028 125.556 -2.05806 3.45532 70.5294 1.25715 -13 119 1 0 1
-16.6715 0.671899 125.556 -6.60801 0.637125 49.478 0.761277 -13 120 1 0 1
8.11586 -15.4892 125.556 4.26144 -6.8749 60.9037 2.34776 -13 121 1 0 1
-9.71398 -9.4505 125.556 -7.87327 -5.59705 76.6077 1.34408 -13 122 1 0 1
-2.21164 -18.5982 125.556 -2.00685 -11.0026 70.5876 1.50404 -13 123 1 0 1
27.4006 2.88396 125.556 13.7611 1.78739 56.9439 1.1526 -13 124 1 0 1
-22.0243 -29.8236 125.556 -10.8497 -15.4009 58.1092 -0.675079 -13 125 1 0 1
-6.12361 -1.96203 125.556 -6.2195 -3.18259 78.7991 1.65124 -13 126 1 0 1
4.86933 18.179 125.556 2.67559 8.73964 59.8185 -0.271966 -13 127 1 0 1
1.47331 -7.61526 125.556 0.809537 -5.51819 64.706 1.1107 -13 128 1 0 1
26.5559 12.2384 125.556 13.3625 6.40238 57.815 0.371405 -13 129 1 0 1
15.4714 -4.59049 125.556 7.30671 -0.954968 49.9523 1.51972 -13 130 1 0 1
0.874062 8.80237 125.556 -0.275273 5.28695 68.9446 0.285887 -13 131 1 0 1
-6.67247 4.48213 125.556 -5.25871 2.47706 73.7347 2.01299 -13 132 1 0 1
14.6723 0.118604 125.556 8.0149 -0.278375 63.7531 -0.548925 -13 133 1 0 1
12.3678 1.53315 125.556 6.46111 0.835052 75.4948 1.10712 -13 134 1 0 1
4.74586 4.05256 125.556 1.93319 1.16037 69.9926 1.58429 -13 135 1 0 1
22.9195 9.41744 125.556 11.258 3.68698 55.2169 0.896535 -13 136 1 0 1
-11.579 -1.00809 125.556 -6.22522 -0.887052 62.9817 2.2862 -13 137 1 0 1
-10.4229 23.9634 125.556 -4.51217 11.7607 54.7671 1.15538 -13 140 1 0 1
1.11113 13.4851 125.556 1.10174 7.10763 52.5416 0.755017 -13 141 1 0 1
17.8775 8.73067 125.556 9.68546 6.03037 64.1858 2.68366 -13 142 1 0 1
-16.402 -6.04181 125.556 -10.5798 -4.07242 70.6061 -0.138364 -13 143 1 0 1
13.5819 -0.391844 125.556 7.44342 -1.03711 71.6879 3.61861 -13 144 1 0 1
12.0981 -31.6804 125.556 6.06719 -15.1287 55.6888 2.52666 -13 145 1 0 1
10.1484 -9.30517 125.556 5.44825 -4.38628 65.8483 0.961478 -13 146 1 0 1
-2.22374 -3.96175 125.556 -1.31094 -2.30812 65.3235 -0.468622 -13 147 1 0 1
-7.46352 -17.8488 125.556 -4.99182 -9.35828 68.8062 0.965998 -13 148 1 0 1
15.816 15.3445 125.556 7.69307 7.17728 55.964 0.310412 -13 149 1 0 1
5.43291 19.3252 125.556 2.82843 11.4487 65.349 0.557344 -13 150 1 0 1
6.6557 -21.7958 125.556 3.48045 -11.1795 56.3812 1.98735 -13 151 1 0 1
3.16727 -3.53411 125.556 1.72335 -2.18599 64.4593 2.84177 -13 152 1 0 1
-7.65287 -11.7363 125.556 -4.78322 -8.28409 67.5335 0.207362 -13 153 1 0 1
-11.9736 -14.0309 125.556 -9.93088 -9.61956 77.6336 -1.45417 -13 154 1 0 1
-11.9105 0.564293 125.556 -7.06314 -0.150296 66.5313 -0.761107 -13 155 1 0 1
25.6962 -11.2766 125.556 10.6768 -3.89973 45.5613 0.345816 -13 156 1 0 1
-6.63052 1.19741 125.556 -3.41695 1.44359 62.3331 0.60944 -13 157 1 0 1
-2.78025 6.33242 125.556 -4.39975 3.0753 79.3344 1.93103 -13 158 1 0 1
-11.009 15.1463 125.556 -4.68062 6.79681 55.9805 0.104295 -13 159 1 0 1
25.4214 -0.320616 125.556 13.4014 -0.08265 62.9511 0.682259 -13 160 1 0 1
11.9226 -0.388614 125.556 6.34671 -1.58873 70.5163 2.20549 -13 161 1 0 1
-19.5339 6.69666 125.556 -5.95403 2.2381 39.9788 0.400009 -13 162 1 0 1
-9.03394 11.0533 125.556 -6.0745 8.08071 69.9159 -1.06794 -13 163 1 0 1
2.36535 -4.78978 125.556 0.984424 -3.79145 66.5195 0.706239 -13 164 1 0 1
-44.1207 -27.6567 125.556 -8.13543 -6.15303 23.0021 3.74153 -13 165 1 0 1
-33.7542 -2.88952 125.556 -20.4326 -1.85129 68.2554 0.420806 -13 166 1 0 1
15.3715 19.3425 125.556 8.17742 10.4677 61.7854 1.28275 -13 167 1 0 1
-7.93369 13.0213 125.556 -7.93248 9.54844 78.4899 1.69325 -13 168 1 0 1
21.5158 -11.6745 125.556 10.6924 -6.46953 57.2773 0.437789 -13 169 1 0 1
-11.3627 -5.66144 125.556 -7.03018 -3.80457 67.3622 -0.02411 -13 170 1 0 1
37.2261 -13.1881 125.556 13.2309 -3.66665 40.2064 1.66542 -13 171 1 0 1
-1.801 7.91398 125.556 -0.373518 3.16037 56.8018 0.324562 -13 172 1 0 1
19.6386 -10.578 125.556 10.2587 -5.59676 58.3474 0.846661 -13 173 1 0 1
5.61623 10.1426 125.556 2.94552 4.3258 68.7743 0.871989 -13 174 1 0 1
-9.54536 -13.2683 125.556 -3.05731 -6.43192 48.447 0.621838 -13 176 1 0 1
27.4011 -18.0753 125.556 12.1671 -8.00861 50.2446 0.400615 -13 177 1 0 1
3.44094 -9.97925 125.556 2.19584 -4.08367 52.5748 0.161115 -13 178 1 0 1
13.2326 -22.3955 125.556 7.0358 -14.4975 68.5436 -0.120796 -13 179 1 0 1
10.9903 -14.8176 125.556 5.42394 -6.52991 52.0918 2.29274 -13 180 1 0 1
-13.4179 -5.73839 125.556 -3.7154 -1.9553 38.5254 -0.510015 -13 181 1 0 1
-16.2779 6.72661 125.556 -4.72104 2.70631 40.0112 0.0232033 -13 182 1 0 1
18.6986 22.4622 125.556 7.62815 9.49791 42.2623 0.896015 -13 183 1 0 1
-24.9171 -6.63673 125.556 -11.7621 -4.22476 55.7692 0.730946 -13 184 1 0 1
-7.03892 -14.4377 125.556 -3.23736 -8.37537 59.9019 -0.102956 -13 185 1 0 1
13.2769 11.2842 125.556 5.64123 4.77912 43.3314 0.203622 -13 186 1 0 1
6.1957 1.87571 125.556 3.1057 2.92046 71.3417 1.74788 -13 188 1 0 1
-16.101 -7.82848 125.556 -13.0131 -5.62972 78.965 0.762618 -13 189 1 0 1
14.1843 12.5969 125.556 7.88793 6.76881 60.8045 2.57599 -13 191 1 0 1
-4.0411 5.83424 125.556 -5.2347 5.80405 80.0392 1.4218 -13 192 1 0 1
-19.0041 -3.25135 125.556 -5.4781 -1.88002 38.1461 -0.0701643 -13 193 1 0 1
1.58941 22.1636 125.556 0.365447 14.2241 68.9021 0.374627 -13 194 1 0 1
1.44671 -0.186823 125.556 1.03711 -0.0232742 60.3724 2.93223 -13 195 1 0 1
8.13475 -3.64395 125.556 2.39541 -4.4554 80.5612 3.14593 -13 196 1 0 1
-10.4907 16.4678 125.556 -5.52441 8.84638 62.9526 -0.265236 -13 197 1 0 1
21.6602 0.746692 125.556 9.61467 0.407279 49.4543 0.171894 -13 198 1 0 1
-19.0867 27.7506 125.556 -8.64469 12.4046 56.3939 -0.893702 -13 199 1 0 1
-8.64659 -9.48882 125.556 -3.27901 -3.75153 50.8128 1.42028 -13 200 1 0 1
-21.5588 -7.58588 125.556 -13.3289 -5.24875 68.6833 0.944556 -13 201 1 0 1
-5.48738 32.9444 125.556 -2.52966 15.8992 57.8808 -0.154561 -13 202 1 0 1
-2.92857 3.38716 125.556 -1.47184 1.06164 62.1589 0.926874 -13 203 1 0 1
-0.421462 5.08148 125.556 0.385967 1.1882 49.9814 2.18647 -13 205 1 0 1
-33.4119 3.38217 125.556 -23.8947 1.72455 74.3441 0.810384 -13 206 1 0 1
-16.1036 -20.234 125.556 -7.40012 -10.1007 56.8175 -0.362923 -13 207 1 0 1
-26.689 3.10586 125.556 -16.0156 2.0032 67.8892 0.34503 -13 208 1 0 1
16.8478 21.2666 125.556 4.20783 4.73077 23.6569 1.54953 -13 209 1 0 1
28.4607 1.66161 125.556 12.0842 1.166 46.6409 0.421691 -13 210 1 0 1
24.7116 15.9896 125.556 9.44777 5.21653 42.1297 1.46146 -13 211 1 0 1
-9.23298 27.7379 125.556 -6.94526 17.3849 72.1745 2.70188 -13 212 1 0 1
-24.3797 14.2909 125.556 -11.9116 6.78235 58.406 -0.632334 -13 213 1 0 1
-3.24227 16.2817 125.556 -3.27251 9.7918 75.134 1.62717 -13 214 1 0 1
0.89817 -13.6047 125.556 -0.482391 -10.3317 71.9732 2.35317 -13 215 1 0 1
2.37908 -2.86673 125.556 0.64101 -1.62637 70.3187 1.76255 -13 216 1 0 1
40.5645 14.4724 125.556 15.4567 6.4224 43.2723 -0.0892537 -13 217 1 0 1
-19.8878 4.44533 125.556 -11.2094 2.38666 64.1108 0.8414 -13 218 1 0 1
-5.73983 -6.2177 125.556 -5.27246 -4.12879 77.5829 0.647354 -13 219 1 0 1
3.13475 2.5723 125.556 1.03739 0.68515 72.1891 3.01536 -13 220 1 0 1
21.9406 0.980994 125.556 11.1762 -0.185828 54.5562 1.72096 -13 221 1 0 1
-3.46988 17.9913 125.556 -2.9799 11.5592 72.0302 -0.147264 -13 222 1 0 1
-15.9438 3.56942 125.556 -8.42858 2.83105 61.4551 1.72078 -13 223 1 0 1
-13.3441 -0.393555 125.556 -6.95141 0.23037 62.2494 0.245194 -13 224 1 0 1
4.80022 22.2411 125.556 2.68773 10.8491 53.8981 0.491492 -13 226 1 0 1
-10.9478 -10.1876 125.556 -5.68481 -5.85469 61.944 0.74604 -13 227 1 0 1
-2.22231 -0.312895 125.556 -3.59337 -0.406958 78.2893 -1.28142 -13 228 1 0 1
-13.7859 1.71375 125.556 -9.65481 -0.179793 71.787 0.911056 -13 229 1 0 1
11.2379 -20.9258 125.556 5.10208 -8.29017 45.6511 0.518351 -13 230 1 0 1
26.387 31.5238 125.556 13.9129 18.7954 63.864 1.9526 -13 231 1 0 1
38.8044 20.1418 125.556 19.8221 10.257 58.8777 1.61651 -13 232 1 0 1
-15.7784 -2.69428 125.556 -8.98679 -1.96192 65.1119 -0.76489 -13 233 1 0 1
11.7014 3.48427 125.556 6.27548 1.99058 67.8403 0.0723842 -13 234 1 0 1
7.60222 -10.3646 125.556 3.54417 -7.99008 74.0154 0.937807 -13 235 1 0 1
-14.8897 -11.2758 125.556 -8.26268 -7.4799 64.3726 1.98735 -13 236 1 0 1
21.7062 -22.4143 125.556 10.2641 -9.73153 52.8972 1.58715 -13 237 1 0 1
-1.0843 2.84487 125.556 -0.595487 1.35225 62.9083 0.810739 -13 238 1 0 1
-15.3323 0.951671 125.556 -10.0606 1.98234 70.2737 1.95597 -13 239 1 0 1
16.2869 35.2347 125.556 6.97611 13.8753 44.451 0.556513 -13 240 1 0 1
20.1043 4.01138 125.556 6.62118 1.27089 33.8733 1.8777 -13 241 1 0 1
-6.94782 -4.55285 125.556 -3.12332 -3.4524 58.7148 2.59102 -13 242 1 0 1
16.536 -16.0541 125.556 9.16385 -8.57305 67.9635 0.59042 -13 243 1 0 1
3.52324 7.24871 125.556 0.751673 4.71472 75.9423 1.33114 -13 244 1 0 1
11.1036 12.2759 125.556 5.8463 9.45285 71.3199 -0.00890002 -13 245 1 0 1
0.919012 9.71427 125.556 -0.183925 7.45416 70.6696 0.491573 -13 246 1 0 1
4.30221 -10.4785 125.556 2.33448 -4.6579 61.0706 0.429321 -13 247 1 0 1
-5.35976 -10.635 125.556 -3.5177 -6.12792 67.8443 1.38426 -13 248 1 0 1
28.9276 10.0495 125.556 14.6583 3.7136 60.3925 -0.170332 -13 249 1 0 1
6.63167 -18.0679 125.556 3.22401 -10.887 68.194 -0.784535 -13 250 1 0 1
17.1831 28.3397 125.556 8.99939 13.1819 61.2269 -0.252942 -13 251 1 0 1
16.1563 0.19189 125.556 8.91522 -0.506281 63.347 1.02159 -13 252 1 0 1
2.82799 21.9185 125.556 0.63439 14.6124 70.8437 -0.649882 -13 253 1 0 1
5.47283 9.91104 125.556 3.08697 5.02906 54.4057 0.328863 -13 254 1 0 1
-1.37911 6.85957 125.556 -2.565 5.84363 77.4203 0.618496 -13 255 1 0 1
-6.54855 6.99024 125.556 -2.46962 3.26319 53.1186 -0.0985991 -13 256 1 0 1
-0.342247 -26.4214 125.556 0.687446 -10.3883 42.5456 0.73015 -13 257 1 0 1
0.741667 -0.305574 125.556 0.290767 -0.769327 63.4511 0.875858 -13 258 1 0 1
10.6369 -1.92294 125.556 5.88892 -1.80445 56.8934 -0.372653 -13 259 1 0 1
-5.69894 -7.83201 125.556 -4.36526 -6.09057 72.4365 0.398124 -13 260 1 0 1
-6.32598 11.5123 125.556 -3.13101 5.88422 60.038 -0.348633 -13 261 1 0 1
7.34303 -0.00445813 125.556 4.32124 0.34709 63.1123 2.86281 -13 262 1 0 1
16.7603 -11.3048 125.556 8.98421 -6.11327 62.8459 -0.717318 -13 263 1 0 1
-1.98523 -8.68308 125.556 -0.346577 -3.96205 50.7852 0.659168 -13 264 1 0 1
18.0369 12.5543 125.556 9.62044 7.48089 62.899 1.4651 -13 265 1 0 1
10.9518 12.0705 125.556 5.96552 6.38807 70.5314 1.30129 -13 266 1 0 1
-4.79971 3.74559 125.556 -2.68219 0.527588 63.6336 0.459292 -13 267 1 0 1
4.17013 8.90924 125.556 2.26191 4.00599 42.9907 -0.103159 -13 268 1 0 1
-9.51359 6.85443 125.556 -8.11777 2.77663 77.7067 1.15438 -13 269 1 0 1
-8.48621 -4.78941 125.556 -4.60066 -3.94668 63.888 2.0188 -13 270 1 0 1
12.324 -9.26339 125.556 6.39403 -7.56146 77.3905 -0.14964 -13 271 1 0 1
10.5897 -19.2804 125.556 5.72629 -10.9025 62.5415 2.36048 -13 272 1 0 1
-17.834 5.47684 125.556 -7.55623 2.17709 54.2516 3.65984 -13 273 1 0 1
6.34123 0.994553 125.556 3.28999 1.69163 67.4827 -1.30018 -13 274 1 0 1
16.2633 -6.32996 125.556 8.25161 -4.09054 58.986 0.502899 -13 275 1 0 1
18.7069 -12.7635 125.556 9.72968 -6.84705 57.3809 1.99525 -13 277 1 0 1
-26.7392 2.18361 125.556 -13.6493 1.11957 60.3875 2.3531 -13 278 1 0 1
-18.4582 -8.13429 125.556 -11.2704 -6.90827 68.1434 -1.73739 -13 279 1 0 1
6.63733 4.25754 125.556 3.52384 1.64482 61.4414 1.01794 -13 280 1 0 1
-0.882458 -6.37514 125.556 -1.11481 -2.84853 66.6864 -0.555677 -13 281 1 0 1
-2.72559 21.8985 125.556 -0.538514 9.84621 47.8215 0.0932461 -13 282 1 0 1
14.7624 -21.4535 125.556 6.86407 -9.34502 49.8889 -0.705651 -13 283 1 0 1
-8.80146 11.9489 125.556 -3.38805 4.11778 52.9546 0.507069 -13 284 1 0 1
-26.0396 11.4599 125.556 -13.6452 6.7699 60.9994 0.293482 -13 285 1 0 1
-14.7405 -9.1172 125.556 -9.11743 -2.55 68.9659 -0.730482 -13 286 1 0 1
-3.99451 1.02078 125.556 -1.27433 -0.486329 51.9473 -0.740183 -13 287 1 0 1
-3.98415 56.2151 125.556 -4.32119 36.2214 70.7771 0.458087 -13 288 1 0 1
-6.66863 18.7204 125.556 -6.04149 12.6661 77.1783 1.13918 -13 289 1 0 1
40.5913 -3.74739 125.556 15.4069 -1.79253 43.1064 1.17106 -13 290 1 0 1
4.52717 -14.6975 125.556 1.27821 -10.298 74.8315 1.13604 -13 291 1 0 1
-6.79292 4.18439 125.556 -5.225 3.26698 72.7202 0.42858 -13 292 1 0 1
-31.5034 19.8915 125.556 -12.4581 9.72063 48.0283 2.98843 -13 293 1 0 1
29.5246 13.404 125.556 16.3561 10.1676 69.014 2.32111 -13 294 1 0 1
-9.68442 1.71569 125.556 -5.5775 0.710796 65.2533 0.825147 -13 295 1 0 1
-17.1791 7.39047 125.556 -8.22172 3.67783 58.8347 0.522031 -13 296 1 0 1
19.7069 -8.20375 125.556 9.51868 -4.46564 53.6254 3.38979 -13 297 1 0 1
4.71434 2.93302 125.556 2.31437 0.649318 67.3528 -1.13697 -13 298 1 0 1
-35.4357 12.4894 125.556 -13.4038 6.32127 45.496 3.70631 -13 299 1 0 1
-12.4957 11.4631 125.556 -6.4587 5.33075 62.4024 -0.00676373 -13 301 1 0 1
-12.2338 10.8801 125.556 -6.64004 7.17038 63.2616 0.992105 -13 302 1 0 1
-1.34706 3.08771 125.556 -0.631294 3.00386 62.4488 0.767049 -13 303 1 0 1
-3.08007 11.5935 125.556 -2.08193 7.68547 65.6372 1.26864 -13 304 1 0 1
-28.3481 21.7408 125.556 -9.76397 8.52111 43.1888 2.20198 -13 305 1 0 1
-6.12528 -6.13213 125.556 -3.746 -4.43372 66.615 -0.314831 -13 306 1 0 1
11.2365 -30.9578 125.556 5.68636 -19.9095 66.5729 -0.562275 -13 307 1 0 1
-6.0204 -22.443 125.556 -4.84411 -14.1096 72.5163 0.777241 -13 308 1 0 1
-4.38694 14.5352 125.556 -2.76871 8.47454 66.0368 -0.128164 -13 309 1 0 1
14.6022 -4.96129 125.556 7.77128 -3.00329 72.0288 0.295555 -13 310 1 0 1
7.8835 -17.0671 125.556 2.73893 -3.68199 31.9602 -0.363187 -13 311 1 0 1
-12.0335 3.39967 125.556 -8.09902 2.66003 71.1917 0.531621 -13 312 1 0 1
-11.8809 19.2509 125.556 -8.18275 11.6471 71.5298 1.62828 -13 313 1 0 1
-11.9262 -1.75273 125.556 -7.66989 -0.896885 67.6676 0.120251 -13 314 1 0 1
17.0734 -2.15205 125.556 9.23677 0.0860838 61.9556 -0.708618 -13 315 1 0 1
3.76987 -38.3253 125.556 2.16211 -17.1855 50.6162 -0.363669 -13 316 1 0 1
-10.1713 -15.906 125.556 -5.61869 -9.24271 63.7014 1.49189 -13 317 1 0 1
-0.277369 -4.5184 125.556 -0.738463 -1.975 69.2276 -0.720002 -13 318 1 0 1
-5.09337 11.6249 125.556 -4.01407 8.69222 69.98 2.70489 -13 319 1 0 1
19.8775 10.9738 125.556 11.1105 6.76379 70.3834 1.28229 -13 320 1 0 1
8.64637 -3.05081 125.556 4.41893 -1.86571 57.0512 -0.876662 -13 321 1 0 1
-9.27915 5.20089 125.556 -9.42564 4.15644 79.5532 2.49596 -13 322 1 0 1
11.6642 -6.61199 125.556 6.05514 -2.28121 75.7265 0.875525 -13 323 1 0 1
5.25728 13.4647 125.556 2.82749 7.81528 65.7308 0.031572 -13 324 1 0 1
3.83006 -8.35906 125.556 1.42345 -5.66875 72.5367 0.651705 -13 325 1 0 1
-26.8377 23.3975 125.556 -13.5733 11.5925 58.7095 0.721276 -13 326 1 0 1
-19.1233 -44.6302 125.556 -7.35705 -19.4352 47.8763 1.08429 -13 327 1 0 1
-15.6931 -2.6038 125.556 -7.6576 -3.63911 58.9764 -0.765392 -13 328 1 0 1
-2.37639 15.7943 125.556 -1.85994 10.1188 68.6154 1.77571 -13 329 1 0 1
10.8312 -4.8959 125.556 5.47105 -2.12934 76.5847 -0.202021 -13 330 1 0 1
-16.6411 10.2548 125.556 -11.0568 4.23798 71.2831 -0.904404 -13 331 1 0 1
-7.01548 -6.58095 125.556 -0.898501 -1.06818 24.2891 0.320219 -13 332 1 0 1
12.3389 8.88176 125.556 5.77135 4.25808 48.7768 4.90506 -13 333 1 0 1
-12.0822 -10.2409 125.556 -6.67682 -5.56761 65.458 1.02453 -13 334 1 0 1
10.5831 -14.4708 125.556 5.87296 -8.59976 66.1921 1.02425 -13 335 1 0 1
-2.07316 -17.3032 125.556 -2.15785 -10.0205 68.5956 0.0104388 -13 336 1 0 1
56.0157 -29.0142 125.556 27.5286 -14.464 57.7043 -1.65696 -13 337 1 0 1
15.3088 -15.3057 125.556 7.42416 -8.6653 53.9385 1.66325 -13 338 1 0 1
0.541074 -12.5935 125.556 0.757184 -5.20723 50.6094 1.17308 -13 339 1 0 1
4.26363 13.2881 125.556 2.05505 8.57286 69.2461 0.868772 -13 340 1 0 1
8.64963 1.13452 125.556 4.2228 -0.698116 77.6992 0.576263 -13 341 1 0 1
-5.82215 9.92463 125.556 -4.86067 7.09404 73.3518 1.25696 -13 342 1 0 1
1.6073 -10.212 125.556 0.961401 -6.91388 62.136 0.337875 -13 343 1 0 1
18.1379 1.44755 125.556 8.26661 1.84185 49.4833 0.501285 -13 344 1 0 1
-3.83996 0.0713609 125.556 -2.65825 0.802295 68.9767 -0.190385 -13 345 1 0 1
-23.1568 -3.10834 125.556 -12.9029 -1.82874 64.5022 1.26841 -13 346 1 0 1
-6.96699 2.40344 125.556 -4.38549 1.50604 68.2877 -0.177883 -13 347 1 0 1
-0.759435 9.14504 125.556 0.406735 5.76776 52.3423 0.27833 -13 348 1 0 1
21.6872 -2.06455 125.556 10.6507 -1.59542 56.2435 1.59043 -13 349 1 0 1
-3.10948 -24.885 125.556 -1.95386 -13.7887 64.1256 1.46381 -13 350 1 0 1
-11.3844 1.39549 125.556 -7.57837 0.181651 70.4425 -0.90196 -13 352 1 0 1
-5.12415 11.5935 125.556 -2.95262 6.12934 65.7081 0.439362 -13 353 1 0 1
-1.25804 14.7385 125.556 -0.162189 6.01321 53.8054 1.16069 -13 354 1 0 1
-10.1969 7.65614 125.556 -7.78926 5.23222 73.7241 0.153291 -13 355 1 0 1
15.301 17.7619 125.556 7.9566 10.247 59.0614 0.996022 -13 356 1 0 1
0.267651 3.03739 125.556 0.734412 1.65013 42.5073 0.92011 -13 357 1 0 1
21.8362 16.1433 125.556 9.98475 8.24437 51.1291 1.3907 -13 358 1 0 1
10.3993 3.5672 125.556 5.76963 3.36211 62.2067 1.1449 -13 359 1 0 1
-8.67873 -4.28228 125.556 -6.76878 -2.65862 75.3976 0.00528047 -13 360 1 0 1
5.36679 2.91147 125.556 1.71235 2.94235 77.3052 0.478311 -13 361 1 0 1
-31.562 1.70959 125.556 -16.8104 -0.00508402 62.0119 -2.07927 -13 362 1 0 1
-2.97616 8.62556 125.556 -3.27708 6.54014 75.1934 0.308095 -13 363 1 0 1
0.304324 -8.54892 125.556 -0.312382 -4.29033 64.8083 0.915129 -13 364 1 0 1
-9.73156 12.9702 125.556 -3.38701 6.17186 48.6189 -1.08365 -13 365 1 0 1
23.7351 -2.73156 125.556 10.0122 -1.25862 45.2043 3.09927 -13 366 1 0 1
24.7197 -6.68284 125.556 9.62988 -3.32752 41.0934 2.23605 -13 367 1 0 1
-5.94431 11.4317 125.556 -3.325 7.07115 64.7859 1.22314 -13 368 1 0 1
0.099453 -3.40034 125.556 0.313787 -0.892019 60.4684 -0.392089 -13 369 1 0 1
-17.8435 2.26759 125.556 -11.9628 1.08977 71.8028 1.49398 -13 370 1 0 1
-2.30825 -8.7684 125.556 -1.28541 -4.52806 66.1578 3.05401 -13 371 1 0 1
0.944415 -18.3343 125.556 1.19349 -10.0334 53.3174 1.58274 -13 372 1 0 1
-12.5058 -11.5102 125.556 -6.96625 -6.93737 64.2975 1.37446 -13 373 1 0 1
-13.2045 -0.265587 125.556 -10.0715 0.463675 76.0663 1.24337 -13 374 1 0 1
-23.249 9.73883 125.556 -17.2014 7.36242 76.9874 -0.784602 -13 375 1 0 1
-12.7698 -24.7462 125.556 -8.02723 -14.6994 68.0839 1.13246 -13 376 1 0 1
20.9811 -11.0942 125.556 12.0614 -8.43301 77.7128 1.79726 -13 377 1 0 1
3.41148 -10.1613 125.556 1.98617 -4.59914 41.3042 3.13635 -13 378 1 0 1
-3.96663 -27.1436 125.556 -2.88787 -16.8351 66.6447 1.31145 -13 379 1 0 1
-13.606 -34.2544 125.556 -4.02593 -13.1983 41.6602 0.205472 -13 380 1 0 1
12.2705 2.52567 125.556 6.53038 2.69301 59.8191 1.87211 -13 381 1 0 1
12.4883 -15.7925 125.556 6.72213 -10.0257 72.2435 0.301209 -13 382 1 0 1
-28.0889 2.86851 125.556 -11.7447 0.955402 50.673 2.1304 -13 383 1 0 1
22.7554 5.14258 125.556 11.7758 1.70069 58.0698 -0.613688 -13 384 1 0 1
-2.30279 -6.43191 125.556 -1.53873 -4.95262 67.3868 2.43865 -13 385 1 0 1
4.02388 -3.33987 125.556 1.92673 -2.48283 69.9082 2.57967 -13 386 1 0 1
-13.9743 -3.21166 125.556 -9.48638 -2.61606 71.7767 0.764257 -13 387 1 0 1
3.77648 -1.21216 125.556 2.35282 -0.262207 51.9221 0.0308253 -13 388 1 0 1
28.1115 -2.53025 125.556 14.7914 -0.764074 60.8074 1.75475 -13 389 1 0 1
-10.8993 2.63362 125.556 -5.72588 1.05453 63.6185 1.43881 -13 390 1 0 1
31.3663 1.78326 125.556 14.34 0.483505 51.14 0.568488 -13 391 1 0 1
-12.4754 -1.69545 125.556 -5.14615 -2.1229 53.9376 0.982042 -13 392 1 0 1
-3.68488 20.855 125.556 -1.92977 10.304 60.4706 -0.0899507 -13 394 1 0 1
-10.266 21.5079 125.556 -7.64237 15.0784 73.7578 -1.02066 -13 395 1 0 1
22.3688 7.90551 125.556 11.9292 3.27025 63.5042 0.544299 -13 396 1 0 1
8.52786 -11.7267 125.556 4.48361 -5.54953 59.8808 1.98575 -13 397 1 0 1
1.27547 -3.98957 125.556 0.328062 -2.77383 66.8118 1.53393 -13 398 1 0 1
-8.87756 -12.7052 125.556 -6.39288 -7.02613 70.9113 2.69301 -13 399 1 0 1
4.22522 7.29129 125.556 2.25201 6.30398 64.6532 0.659057 -13 400 1 0 1
10.3669 0.626118 125.556 5.38066 0.74259 71.8702 0.4166 -13 401 1 0 1
-5.31666 16.0301 125.556 -2.14649 7.88005 57.7578 0.443686 -13 402 1 0 1
-1.32074 -39.1784 125.556 -1.28241 -24.5307 67.5554 0.907254 -13 403 1 0 1
5.78055 -12.5832 125.556 3.03234 -8.40239 66.1463 1.89043 -13 404 1 0 1
-5.97374 -12.3617 125.556 -3.03598 -7.79121 60.0021 0.142696 -13 406 1 0 1
-5.09899 -10.5884 125.556 -3.014 -5.2875 65.844 1.96287 -13 407 1 0 1
23.1134 15.2622 125.556 11.6302 7.8811 57.2063 2.55405 -13 408 1 0 1
14.7179 -2.60329 125.556 8.04211 -1.47545 64.1086 1.01325 -13 409 1 0 1
-8.2936 -10.1314 125.556 -6.73894 -6.63667 75.7883 -1.94892 -13 410 1 0 1
-6.53513 14.3055 125.556 -1.46145 4.16597 43.1688 1.46611 -13 411 1 0 1
-3.56925 -16.7493 125.556 -2.46354 -9.86974 66.6846 1.93639 -13 412 1 0 1
-14.6023 8.4359 125.556 -11.5244 4.98219 77.9963 0.704091 -13 413 1 0 1
-14.9365 0.0448514 125.556 -6.95329 0.534466 58.9795 1.72119 -13 414 1 0 1
12.4273 14.833 125.556 6.29135 7.81308 57.0352 1.09263 -13 415 1 0 1
30.5191 8.67932 125.556 7.32187 2.38642 26.0434 6.34415 -13 416 1 0 1
18.2733 -38.4668 125.556 6.96772 -13.0668 40.3766 0.852236 -13 417 1 0 1
-1.84851 1.64589 125.556 -1.72649 0.070746 69.6259 2.12794 -13 418 1 0 1
19.7804 3.40939 125.556 10.603 2.02349 63.281 1.20995 -13 419 1 0 1
-1.08322 -14.5181 125.556 -1.7385 -10.3472 73.3765 0.197391 -13 421 1 0 1
7.37894 37.3233 125.556 3.72097 21.1166 63.7258 1.09735 -13 422 1 0 1
-24.3541 -30.8426 125.556 -8.64152 -10.8948 44.5927 0.678071 -13 423 1 0 1
29.3366 27.8253 125.556 12.566 10.1576 46.4909 1.50572 -13 424 1 0 1
-2.86346 5.07471 125.556 -1.47324 3.35475 64.1162 0.627826 -13 425 1 0 1
-2.93262 5.24283 125.556 -3.31812 4.60056 73.9048 -0.790084 -13 426 1 0 1
17.8036 -11.9128 125.556 9.35962 -5.51606 62.9752 0.169407 -13 427 1 0 1
-7.77331 20.8273 125.556 -4.60255 13.0287 64.955 1.06991 -13 428 1 0 1
23.0748 -20.772 125.556 11.6304 -10.8609 56.5606 0.644117 -13 429 1 0 1
-21.5891 23.6403 125.556 -13.7122 14.5549 69.0859 -1.04162 -13 430 1 0 1
1.25309 -8.26223 125.556 -0.778358 -5.7195 75.8587 2.51329 -13 431 1 0 1
7.62462 7.95297 125.556 4.01935 5.58536 67.8433 2.60707 -13 432 1 0 1
-1.73253 -17.0228 125.556 -1.8563 -11.857 69.5485 2.03112 -13 433 1 0 1
6.88095 16.597 125.556 3.7145 10.0294 59.2275 0.838522 -13 434 1 0 1
33.9109 5.65228 125.556 16.6515 2.38576 58.0464 1.79769 -13 435 1 0 1
3.46796 0.0977366 125.556 1.52079 0.375528 67.4706 -1.65553 -13 437 1 0 1
-4.59912 0.849852 125.556 -1.36966 0.581528 55.0318 2.70385 -13 438 1 0 1
-1.33614 -22.6738 125.556 -0.906339 -11.759 62.853 -0.437012 -13 439 1 0 1
9.36072 11.6246 125.556 4.93742 6.60014 61.2376 0.915283 -13 440 1 0 1
-12.4705 0.398617 125.556 -8.48587 0.102152 71.3428 1.99679 -13 441 1 0 1
-9.69341 -1.85366 125.556 -5.53377 0.413392 65.4291 0.528465 -13 442 1 0 1
5.90191 4.91924 125.556 3.38466 3.86874 56.7893 1.77078 -13 443 1 0 1
20.67 -0.488149 125.556 11.4737 0.21511 69.6556 1.61871 -13 444 1 0 1
12.6813 -1.1898 125.556 6.8375 -2.30095 69.3319 0.707782 -13 445 1 0 1
-7.48477 -12.1821 125.556 -4.86842 -5.97637 68.946 -0.913056 -13 446 1 0 1
14.952 2.2724 125.556 7.62165 1.35735 56.9357 0.287021 -13 447 1 0 1
-2.63585 4.73126 125.556 -2.18141 3.72383 70.6054 -1.372 -13 448 1 0 1
-1.48955 -0.197986 125.556 -0.17914 -0.607068 52.7623 0.576249 -13 449 1 0 1
6.58589 4.33489 125.556 2.19138 1.79782 81.1673 0.659967 -13 451 1 0 1
0.744819 -4.59498 125.556 0.3441 -3.13283 67.4331 1.74141 -13 452 1 0 1
9.95469 -6.23077 125.556 5.6514 -2.94709 59.6674 0.367878 -13 453 1 0 1
-10.1918 6.36708 125.556 -3.45734 2.6123 50.5684 2.14233 -13 454 1 0 1
12.9418 -16.698 125.556 6.63478 -8.95143 54.8082 0.940382 -13 455 1 0 1
22.0464 16.8977 125.556 11.8859 9.87851 64.1748 0.0389011 -13 456 1 0 1
20.2239 7.22811 125.556 10.4176 4.58868 56.5522 1.53108 -13 457 1 0 1
12.0994 -38.1409 125.556 5.68151 -17.4989 53.228 -0.329144 -13 458 1 0 1
15.5163 12.1583 125.556 8.77657 6.6239 74.2759 2.29287 -13 459 1 0 1
-5.94808 1.9699 125.556 -3.69109 1.87338 65.4718 0.502471 -13 460 1 0 1
-12.2327 16.1231 125.556 -6.89073 9.97025 65.2673 1.01539 -13 461 1 0 1
9.30826 5.56359 125.556 5.1915 3.35019 64.8034 0.377611 -13 462 1 0 1
3.65071 -3.4359 125.556 1.57444 -1.86962 69.2189 2.11419 -13 463 1 0 1
14.0823 33.504 125.556 7.18182 17.8066 59.866 0.563117 -13 464 1 0 1
-11.0942 31.3878 125.556 -2.9757 10.5389 37.9552 0.177383 -13 465 1 0 1
9.52162 15.2091 125.556 4.86209 7.96062 56.8617 1.06629 -13 466 1 0 1
18.3242 9.10268 125.556 6.92647 3.59195 38.0977 0.870053 -13 467 1 0 1
6.68215 -5.57969 125.556 3.86897 -4.13854 56.4885 -0.0992587 -13 468 1 0 1
-3.51499 28.2953 125.556 -0.900551 12.2747 49.8659 1.26929 -13 469 1 0 1
7.13849 -11.7514 125.556 3.70405 -5.89667 65.084 0.208628 -13 470 1 0 1
6.74152 18.3616 125.556 3.57453 7.71717 49.2965 2.01789 -13 471 1 0 1
15.2304 -25.7764 125.556 6.27579 -9.65048 42.6009 2.11977 -13 472 1 0 1
1.13309 -7.65275 125.556 1.20061 -3.93223 55.472 0.136611 -13 473 1 0 1
16.2762 -12.8287 125.556 8.78841 -6.91254 61.4943 0.0834955 -13 474 1 0 1
4.78974 11.0536 125.556 2.19365 7.65741 72.1798 2.20688 -13 475 1 0 1
-20.1823 21.1983 125.556 -10.3438 11.5821 60.2765 0.715612 -13 476 1 0 1
3.52069 21.8655 125.556 1.99003 11.744 66.7113 -0.615314 -13 477 1 0 1
-3.71951 -8.91751 125.556 -2.0949 -4.48692 62.1198 -1.08489 -13 478 1 0 1
8.12915 -1.05991 125.556 3.85161 -0.999279 48.1922 0.222139 -13 479 1 0 1
16.9363 9.29818 125.556 8.33499 4.97786 54.6039 1.08288 -13 480 1 0 1
18.4725 -11.9913 125.556 6.29646 -3.63925 33.6267 1.73075 -13 481 1 0 1
4.42638 -17.0056 125.556 2.58098 -7.77005 45.4432 1.28232 -13 482 1 0 1
-18.6374 18.1492 125.556 -11.3798 10.2723 67.9287 1.46459 -13 483 1 0 1
-14.3954 0.876075 125.556 -8.76173 -0.0564615 67.0595 -0.587824 -13 484 1 0 1
-21.8886 -19.2885 125.556 -10.2311 -10.1744 56.4418 2.61773 -13 485 1 0 1
0.919247 -23.8709 125.556 0.654947 -13.1244 57.8721 3.49783 -13 486 1 0 1
15.6567 2.17751 125.556 8.45697 0.470375 68.802 0.809209 -13 487 1 0 1
-26.6239 -7.95992 125.556 -13.4305 -4.25229 59.8169 -0.153486 -13 488 1 0 1
2.2385 14.8459 125.556 1.49705 7.05362 41.7364 2.29981 -13 489 1 0 1
-4.08539 -22.806 125.556 -2.12501 -13.4308 62.2442 -1.09347 -13 490 1 0 1
6.33194 6.97277 125.556 3.08498 2.85364 69.9786 1.52983 -13 491 1 0 1
6.16122 9.00494 125.556 3.31781 5.98675 61.3911 1.90511 -13 492 1 0 1
-3.3537 -7.01522 125.556 -1.12445 -3.90641 59.558 1.76192 -13 493 1 0 1
6.8006 -8.24052 125.556 2.91696 -3.33958 36.5363 1.16821 -13 494 1 0 1
10.7646 17.0522 125.556 4.8199 4.91256 41.8684 -1.73952 -13 495 1 0 1
6.78996 -22.9138 125.556 3.21699 -8.7119 43.6391 1.20849 -13 496 1 0 1
4.09667 8.15501 125.556 2.04051 4.8004 64.292 0.977211 -13 497 1 0 1
-8.30574 11.2563 125.556 -5.40523 6.9777 68.7012 0.254388 -13 498 1 0 1
4.33848 8.46629 125.556 2.47127 3.05626 52.1878 -0.0205323 -13 499 1 0 1
31.9594 -4.73271 125.556 14.2788 -3.01369 50.7266 -0.301844 -13 500 1 0 1
5.2565 10.5618 125.556 1.4829 6.45888 79.3047 0.332266 -13 501 1 0 1
-18.3719 12.7977 125.556 -10.8198 6.42091 66.2172 -0.472386 -13 502 1 0 1
-0.306081 -26.915 125.556 -0.652741 -14.5518 68.4048 -0.940065 -13 503 1 0 1
-4.03463 6.98079 125.556 -2.73684 4.55723 66.2122 0.985768 -13 504 1 0 1
30.4719 1.22655 125.556 15.0196 0.575396 55.9414 -0.357906 -13 505 1 0 1
-13.0012 -4.61664 125.556 -10.8065 -3.81261 78.5683 1.89846 -13 506 1 0 1
16.0653 25.4551 125.556 6.98948 10.9923 48.256 1.31268 -13 507 1 0 1
16.6058 -15.1649 125.556 9.06951 -7.63557 62.8719 1.68375 -13 508 1 0 1
14.7712 -13.4162 125.556 8.00637 -8.1668 72.3044 0.668819 -13 509 1 0 1
-16.8898 13.762 125.556 -8.43268 7.01154 60.2655 1.88215 -13 510 1 0 1
-25.0917 -0.205507 125.556 -15.7775 0.649287 70.1675 2.71988 -13 511 1 0 1
-12.6426 -6.69446 125.556 -6.12882 -3.21033 58.3084 0.333618 -13 512 1 0 1
8.48808 4.94447 125.556 4.27426 2.88928 51.4733 1.9248 -13 513 1 0 1
-8.64558 -1.04269 125.556 -3.80121 -0.431585 55.0913 -2.71499 -13 514 1 0 1
-20.8332 1.42599 125.556 -12.1384 1.07166 65.5225 -0.762247 -13 515 1 0 1
-6.69141 5.14608 125.556 -2.95772 3.84442 56.5922 -1.19598 -13 516 1 0 1
0.691785 -4.3136 125.556 -0.462224 -3.77254 72.5797 -0.48751 -13 517 1 0 1
-1.34739 -5.14497 125.556 -0.780771 -2.5129 65.4903 1.48952 -13 518 1 0 1
-16.5207 4.04307 125.556 -12.9914 2.19279 77.6645 0.536866 -13 519 1 0 1
2.10022 -10.5251 125.556 1.49183 -6.58496 60.5645 3.23151 -13 520 1 0 1
-8.02082 -17.9191 125.556 -5.2974 -10.2997 69.5264 -0.82449 -13 521 1 0 1
0.453225 7.83473 125.556 -2.01925 5.23562 80.5378 1.50431 -13 522 1 0 1
-12.0664 10.288 125.556 -7.7151 5.41349 69.5111 1.51328 -13 523 1 0 1
3.74143 -6.35916 125.556 2.20407 -1.40321 62.0026 1.41757 -13 524 1 0 1
6.68604 23.3331 125.556 3.1051 7.85908 39.4373 1.63991 -13 525 1 0 1
-14.7645 -1.74887 125.556 -10.0722 0.296839 71.5532 0.675986 -13 526 1 0 1
-8.55757 20.5909 125.556 -4.09849 10.6768 58.8974 1.74464 -13 527 1 0 1
-7.76665 7.33451 125.556 -2.95145 3.35859 54.3564 3.44052 -13 528 1 0 1
18.2787 -21.5046 125.556 10.0576 -14.7039 70.0897 1.43989 -13 529 1 0 1
1.24185 8.38905 125.556 0.516951 4.85849 67.096 0.0478505 -13 530 1 0 1
-1.36905 9.21317 125.556 -0.201403 5.22276 59.1934 1.70156 -13 531 1 0 1
-21.7524 16.6001 125.556 -9.11431 8.37372 52.3076 2.43314 -13 532 1 0 1
-11.1941 -35.4545 125.556 -2.37183 -9.11303 29.1633 4.56212 -13 533 1 0 1
10.7354 -1.25835 125.556 5.77255 -0.324533 70.1954 1.60473 -13 534 1 0 1
3.70398 16.2893 125.556 1.41932 11.8567 69.3463 -2.18882 -13 535 1 0 1
10.2368 1.39993 125.556 5.19305 1.6111 55.1579 -0.166607 -13 536 1 0 1
15.3751 15.666 125.556 8.50543 7.97057 62.0459 0.797175 -13 538 1 0 1
-71.618 43.01 125.556 -35.5993 20.4804 56.8927 1.81646 -13 539 1 0 1
18.8094 -5.40263 125.556 10.5686 -3.16606 76.6756 1.9842 -13 540 1 0 1
-5.10438 17.0153 125.556 -3.96896 11.2409 70.4192 1.58392 -13 541 1 0 1
7.08165 6.92749 125.556 3.6837 4.71655 67.7049 0.659357 -13 542 1 0 1
14.1713 -10.9119 125.556 7.90315 -7.48122 66.6048 0.137526 -13 543 1 0 1
8.27898 -4.51655 125.556 4.54317 -2.83802 63.9063 1.09694 -13 544 1 0 1
-9.00134 -40.6101 125.556 -6.04104 -24.8434 67.9809 1.80388 -13 545 1 0 1
4.0448 -35.8948 125.556 1.95964 -13.3634 42.9556 1.39552 -13 546 1 0 1
-0.486382 28.3558 125.556 0.242121 13.2646 51.4826 0.0819445 -13 547 1 0 1
8.42634 11.5691 125.556 4.42964 7.47021 61.7421 2.95232 -13 548 1 0 1
8.17781 -7.70383 125.556 4.39558 -2.86665 57.8516 3.284 -13 549 1 0 1
-29.8279 22.4794 125.556 -17.3227 13.4867 65.622 -1.82399 -13 550 1 0 1
12.4691 -11.97 125.556 4.43701 -2.65112 35.5635 2.28959 -13 551 1 0 1
-18.9605 -6.16817 125.556 -9.2128 -3.66412 58.7784 0.940817 -13 553 1 0 1
-16.8449 -4.29241 125.556 -9.58731 -2.9929 64.7981 -0.343464 -13 554 1 0 1
13.9986 13.0231 125.556 7.34725 8.38404 73.7182 1.85562 -13 555 1 0 1
-5.84488 17.4843 125.556 -2.5276 8.39794 56.27 1.22684 -13 556 1 0 1
10.2187 -0.997937 125.556 5.48951 -0.934763 61.5587 3.11801 -13 557 1 0 1
-5.61064 -6.34661 125.556 -2.87389 -4.11832 61.9132 -1.92219 -13 558 1 0 1
-23.0739 10.262 125.556 -8.28068 4.21647 45.1517 -0.553197 -13 560 1 0 1
-20.1875 7.9297 125.556 -12.4511 3.80958 68.285 1.74521 -13 562 1 0 1
10.1944 -5.44149 125.556 5.24295 -4.27909 70.5595 0.289126 -13 564 1 0 1
-14.9841 17.8819 125.556 -6.61806 9.33005 55.1141 2.01051 -13 565 1 0 1
-21.5351 -5.22006 125.556 -14.4244 -3.6249 72.0467 1.36334 -13 566 1 0 1
-10.7604 -8.05306 125.556 -4.28749 -3.24924 53.27 0.958297 -13 567 1 0 1
-9.41348 15.2839 125.556 -6.33689 9.95503 70.7092 0.804662 -13 568 1 0 1
1.86957 -10.2204 125.556 0.978942 -5.73215 61.6918 2.47759 -13 569 1 0 1
1.32883 -12.1119 125.556 1.31298 -4.90585 52.4102 -1.64009 -13 570 1 0 1
5.15988 28.7082 125.556 1.62149 6.7239 24.2766 1.34074 -13 571 1 0 1
1.27079 -10.2249 125.556 -0.481045 -7.67942 75.3756 0.454468 -13 572 1 0 1
-11.9066 -5.01251 125.556 -7.3131 -4.42053 68.4728 2.57966 -13 573 1 0 1
-13.5922 36.9149 125.556 -6.62576 19.5005 57.5738 -0.237811 -13 574 1 0 1
3.29413 -4.48919 125.556 1.29976 -2.74389 69.6833 0.810825 -13 575 1 0 1
-2.03419 3.12241 125.556 -1.62751 0.152534 68.7016 -0.260584 -13 576 1 0 1
4.95763 -7.87183 125.556 2.4409 -2.81673 65.7411 -1.32144 -13 577 1 0 1
-11.6693 21.4484 125.556 -8.10671 13.6247 71.6285 2.56381 -13 578 1 0 1
15.9956 -25.0783 125.556 8.57744 -13.5276 61.1295 0.443917 -13 579 1 0 1
-21.4548 14.1364 125.556 -12.4618 9.11558 65.5092 2.13523 -13 580 1 0 1
16.9489 4.40222 125.556 9.07642 1.64634 62.1642 0.752257 -13 581 1 0 1
26.6159 4.52308 125.556 11.482 2.70178 48.0408 0.819181 -13 582 1 0 1
7.0878 -0.666206 125.556 3.51647 -0.950626 71.3295 0.177477 -13 583 1 0 1
12.3016 9.4121 125.556 6.41752 4.14412 64.3706 -0.0948635 -13 584 1 0 1
-2.67946 -10.5839 125.556 -1.89447 -6.88885 65.1302 -1.39448 -13 585 1 0 1
4.85383 -18.625 125.556 2.03047 -12.1953 71.1113 2.8058 -13 586 1 0 1
-14.6021 24.4047 125.556 -10.2481 16.5566 72.2568 0.985225 -13 587 1 0 1
11.5448 0.618308 125.556 6.26238 1.22662 66.7535 -1.47531 -13 588 1 0 1
-0.0166046 6.2302 125.556 -0.709321 3.29264 70.4934 -0.62046 -13 589 1 0 1
-18.2695 -20.3545 125.556 -12.461 -14.0921 72.8068 -0.244638 -13 590 1 0 1
-12.8564 -0.72549 125.556 -10.2622 0.465605 77.5439 3.17573 -13 591 1 0 1
-3.92716 -1.23713 125.556 -2.90969 -1.2747 71.4172 -1.99234 -13 592 1 0 1
5.18168 6.10632 125.556 2.98174 1.86724 64.2707 2.60793 -13 593 1 0 1
-17.0199 0.803111 125.556 -9.49281 -0.281223 63.0666 0.918487 -13 594 1 0 1
6.33822 -5.03472 125.556 3.31008 -1.88609 63.8436 1.25524 -13 595 1 0 1
-23.7403 -3.41925 125.556 -18.0954 -2.511 77.7251 0.525366 -13 597 1 0 1
0.429081 -15.6417 125.556 -2.17242 -11.4055 80.6875 -1.13149 -13 598 1 0 1
-9.22402 -1.44624 125.556 -2.84278 -0.582277 46.8023 -0.719951 -13 599 1 0 1
0.455181 -20.4118 125.556 0.883593 -9.13359 50.6491 1.35916 -13 600 1 0 1
7.76388 0.282342 125.556 4.00677 -0.0160273 59.5427 1.89769 -13 601 1 0 1
2.91999 -12.1037 125.556 1.66825 -6.63502 64.424 1.31271 -13 602 1 0 1
-27.3034 -6.59853 125.556 -15.9608 -3.64885 66.4171 -0.59166 -13 603 1 0 1
17.823 -6.46008 125.556 8.23189 -3.22996 47.3895 1.01064 -13 604 1 0 1
-4.39603 -43.0597 125.556 -1.93955 -20.9694 57.1999 0.811925 -13 605 1 0 1
14.073 -3.27552 125.556 7.43335 -1.90493 66.8182 3.29166 -13 606 1 0 1
14.9892 21.3675 125.556 7.85788 15.4559 75.4867 -0.127479 -13 607 1 0 1
-22.4793 5.99035 125.556 -14.815 5.55703 71.7831 0.80194 -13 609 1 0 1
-9.99266 9.14911 125.556 -6.13789 7.45963 67.3685 -0.99913 -13 610 1 0 1
-5.31606 0.861691 125.556 -1.89831 -0.484683 54.1587 1.69501 -13 611 1 0 1
23.3243 6.81082 125.556 11.3424 4.2691 56.1592 -1.46986 -13 612 1 0 1
24.0454 -18.1465 125.556 8.5198 -6.02396 38.374 2.38474 -13 613 1 0 1
3.24267 -10.1728 125.556 1.87139 -6.69051 64.5129 0.394512 -13 614 1 0 1
-17.942 -3.49237 125.556 -12.0156 -3.76344 73.0821 1.46551 -13 615 1 0 1
6.02143 9.27163 125.556 2.28465 7.0708 78.1402 0.409121 -13 616 1 0 1
3.05431 -15.4342 125.556 1.51952 -7.98126 63.7681 0.0141682 -13 617 1 0 1
-5.40179 42.0437 125.556 -2.5066 21.1681 56.1764 -0.244158 -13 618 1 0 1
23.087 25.9603 125.556 10.3644 12.0507 50.1124 1.5661 -13 619 1 0 1
-8.13435 5.33633 125.556 -7.20826 3.40981 77.6392 -1.58046 -13 620 1 0 1
4.22667 -9.16227 125.556 2.41802 -3.39446 60.0305 1.42172 -13 621 1 0 1
18.7731 -47.4405 125.556 9.05757 -21.6239 54.8433 1.16681 -13 622 1 0 1
0.107614 0.0531341 125.556 0.372771 1.29851 60.8308 0.439882 -13 623 1 0 1
10.3927 7.16245 125.556 5.85901 3.3464 65.2764 0.407073 -13 624 1 0 1
-13.2849 22.8158 125.556 -6.03997 10.0748 56.3363 -0.0619872 -13 625 1 0 1
8.14386 4.67851 125.556 3.99003 2.06366 70.8521 3.12305 -13 626 1 0 1
-18.0078 14.1929 125.556 -13.0864 11.2624 75.2165 1.22849 -13 627 1 0 1
15.6556 -10.4818 125.556 8.86032 -6.09611 71.7005 0.812466 -13 628 1 0 1
-2.81882 25.5019 125.556 -1.44673 15.0166 64.7505 0.907966 -13 629 1 0 1
-19.8653 15.9264 125.556 -10.6523 9.37987 62.2105 1.39759 -13 630 1 0 1
2.70409 4.12123 125.556 2.00732 2.40748 59.1774 0.101867 -13 631 1 0 1
-2.83372 -14.2596 125.556 -1.96259 -8.04391 66.7555 -0.808926 -13 632 1 0 1
45.0317 14.3089 125.556 21.2579 6.39786 53.9355 0.0125949 -13 633 1 0 1
-23.6724 42.5927 125.556 -11.3731 21.2588 56.6069 0.677215 -13 634 1 0 1
27.6235 -1.33331 125.556 12.6604 -0.101791 51.4521 1.03724 -13 635 1 0 1
-15.7074 14.5754 125.556 -10.6706 10.4355 71.9695 -1.43522 -13 636 1 0 1
12.0058 -0.566316 125.556 6.29045 -0.955228 72.2192 0.758815 -13 637 1 0 1
-5.80451 -27.4207 125.556 -0.810536 -6.81459 27.928 1.43372 -13 638 1 0 1
9.86976 -16.5823 125.556 5.16724 -9.43539 65.7742 -1.25211 -13 639 1 0 1
13.3659 12.0445 125.556 5.04233 4.10335 39.1231 -1.12028 -13 640 1 0 1
21.1874 -18.2597 125.556 11.0456 -10.1737 61.2418 -0.571861 -13 641 1 0 1
6.2488 -15.7023 125.556 3.61436 -7.1615 57.6429 0.73593 -13 642 1 0 1
-1.69937 -28.4089 125.556 -1.80538 -17.3527 69.5902 0.306051 -13 643 1 0 1
-11.3147 -22.244 125.556 -4.35833 -10.1401 49.7197 3.10563 -13 644 1 0 1
7.78158 -17.7707 125.556 4.16326 -8.47949 56.7846 1.7832 -13 645 1 0 1
-16.5174 5.5425 125.556 -11.2729 3.25355 71.6123 2.01786 -13 646 1 0 1
-26.3466 -1.6655 125.556 -19.1112 -0.388408 76.2758 -0.851367 -13 647 1 0 1
11.1462 1.68663 125.556 6.20553 1.37656 68.2187 0.565205 -13 649 1 0 1
-3.39817 -9.76093 125.556 -3.35954 -5.41224 73.599 1.6026 -13 650 1 0 1
3.14859 4.8103 125.556 1.25498 2.63106 68.1834 1.16437 -13 651 1 0 1
-5.47127 -9.34176 125.556 -3.4468 -5.74406 65.8356 1.68468 -13 652 1 0 1
1.50062 -9.88615 125.556 0.268426 -5.11847 68.4214 1.2909 -13 653 1 0 1
14.8427 -6.75037 125.556 6.35602 -2.31503 40.5234 0.570687 -13 654 1 0 1
-12.1446 -19.7667 125.556 -2.97113 -6.46481 34.3294 1.30092 -13 655 1 0 1
-20.3174 22.7569 125.556 -11.2631 13.457 62.842 0.59545 -13 656 1 0 1
-5.02269 -2.82376 125.556 -2.65809 -0.290756 61.4824 1.31516 -13 657 1 0 1
-5.92543 -14.2903 125.556 -4.23672 -7.27735 68.8783 2.87992 -13 659 1 0 1
0.00114671 -8.84096 125.556 -0.436825 -4.82134 67.1075 -0.842029 -13 660 1 0 1
-7.27167 -7.55935 125.556 -6.48621 -6.69401 76.3045 2.24383 -13 661 1 0 1
-11.6056 7.59065 125.556 -5.45371 3.8422 57.8127 0.464173 -13 662 1 0 1
13.1764 6.80177 125.556 6.82635 4.01602 57.4637 1.17801 -13 663 1 0 1
-7.58765 -14.8071 125.556 -5.54079 -8.61988 70.163 2.37827 -13 664 1 0 1
-6.09399 -7.18417 125.556 -5.50688 -5.38529 76.7339 0.910256 -13 665 1 0 1
-19.0902 0.572031 125.556 -9.74832 0.820184 61.0631 1.6827 -13 666 1 0 1
-0.167065 2.50508 125.556 0.00784184 1.622 60.4808 -1.44849 -13 667 1 0 1
-6.35371 -17.553 125.556 -1.37205 -5.7949 35.1099 1.82601 -13 668 1 0 1
2.73097 -23.4592 125.556 1.41468 -13.5904 67.0384 2.04469 -13 669 1 0 1
5.48391 -16.0703 125.556 2.45895 -9.72762 72.276 0.657848 -13 670 1 0 1
21.0059 -21.6858 125.556 11.1483 -11.5373 61.885 1.18307 -13 671 1 0 1
18.1965 18.0208 125.556 8.65666 8.56991 55.9891 2.30964 -13 672 1 0 1
0.236452 41.7962 125.556 0.314499 20.4048 57.4843 1.08048 -13 673 1 0 1
21.9099 8.61915 125.556 11.1697 4.72053 61.9588 1.55188 -13 674 1 0 1
-4.75573 -25.1046 125.556 -2.44557 -14.0753 61.9695 3.8712 -13 675 1 0 1
27.5683 11.8376 125.556 11.9093 5.67939 48.5739 0.666117 -13 676 1 0 1
23.2661 -3.16228 125.556 12.3627 -2.25281 65.8813 1.67654 -13 677 1 0 1
1.22965 15.369 125.556 -0.0672568 11.745 71.4399 2.18471 -13 678 1 0 1
-15.046 23.5897 125.556 -8.99728 13.8704 66.2452 0.682284 -13 679 1 0 1
-10.1196 5.69213 125.556 -4.23579 2.18395 55.9484 -0.138496 -13 680 1 0 1
-3.01694 -7.8876 125.556 -2.85305 -7.19356 73.2061 -2.60684 -13 681 1 0 1
-2.02101 -36.3392 125.556 0.128568 -11.8725 32.2402 1.19311 -13 682 1 0 1
37.1174 18.336 125.556 18.8199 11.221 60.1206 2.76932 -13 683 1 0 1
-2.19101 -11.5555 125.556 -1.06972 -5.91268 61.4265 0.494358 -13 684 1 0 1
39.9575 -15.5586 125.556 21.7482 -10.0301 66.3476 -0.987284 -13 685 1 0 1
9.88754 17.7949 125.556 5.27596 10.9119 69.3919 1.07025 -13 686 1 0 1
13.8359 0.0831028 125.556 6.86476 0.738869 53.3679 2.4626 -13 687 1 0 1
-3.76356 8.43675 125.556 -2.43063 3.96908 66.5795 0.642417 -13 688 1 0 1
17.0058 -22.4707 125.556 8.91584 -12.4334 59.6229 1.72873 -13 690 1 0 1
4.34436 0.0541658 125.556 2.06272 -0.996188 64.8656 -1.26802 -13 691 1 0 1
-7.09073 -0.351624 125.556 -3.83842 -1.55105 62.2934 -0.242062 -13 692 1 0 1
12.1878 3.6295 125.556 5.6722 -0.376676 50.73 2.64614 -13 693 1 0 1
1.17846 -15.3173 125.556 0.37343 -7.45258 64.9041 3.05757 -13 694 1 0 1
2.75956 14.8521 125.556 1.49624 8.4471 64.5422 1.04622 -13 696 1 0 1
-7.01165 11.5237 125.556 -5.31331 7.74129 70.5302 1.19096 -13 697 1 0 1
28.2622 -16.9665 125.556 11.4912 -5.92312 43.5283 0.220776 -13 699 1 0 1
1.17789 -6.90155 125.556 -0.280187 -4.29743 73.2265 2.03941 -13 700 1 0 1
7.19487 15.4967 125.556 3.7598 10.4819 69.8269 2.005 -13 701 1 0 1
12.4825 2.25686 125.556 5.34096 1.06101 44.4457 2.23884 -13 702 1 0 1
-14.5838 8.54633 125.556 -11.9373 5.21025 78.9662 -1.59917 -13 703 1 0 1
17.6294 21.9127 125.556 8.98347 11.6957 56.2877 0.300609 -13 704 1 0 1
3.92455 8.41022 125.556 2.39007 3.51258 53.771 2.2094 -13 705 1 0 1
-4.50568 8.20339 125.556 -1.42213 4.06043 54.5822 -0.814111 -13 706 1 0 1
-2.02957 5.35148 125.556 -2.17089 5.19657 72.2437 3.97219 -13 707 1 0 1
-21.5853 -6.75748 125.556 -10.525 -3.44647 58.4768 1.26322 -13 708 1 0 1
-1.55269 -11.6447 125.556 -0.935131 -7.42959 65.5876 0.777379 -13 709 1 0 1
4.51496 -6.42228 125.556 2.59602 -3.37497 44.527 -0.0512424 -13 710 1 0 1
11.1162 1.73787 125.556 5.30241 -0.0995075 50.8303 0.503823 -13 711 1 0 1
0.928598 -13.0234 125.556 -0.0921138 -7.59041 69.1195 2.06188 -13 712 1 0 1
-6.39125 -14.5428 125.556 -6.76065 -11.0234 80.1399 0.625864 -13 713 1 0 1
3.34293 -0.238977 125.556 2.05898 -0.977338 49.8816 2.49504 -13 714 1 0 1
-6.25473 11.0572 125.556 -4.65793 7.5789 71.0227 -0.411151 -13 715 1 0 1
20.0211 17.4435 125.556 9.36381 7.53201 49.9407 2.06625 -13 716 1 0 1
-2.77208 -6.76264 125.556 -0.620823 -3.3987 52.8411 2.59637 -13 717 1 0 1
-9.93281 0.35924 125.556 -7.06377 -0.550641 72.037 1.6 -13 718 1 0 1
5.44096 5.32374 125.556 2.51944 4.25409 71.9136 0.559599 -13 719 1 0 1
-0.28327 21.9347 125.556 -0.334737 12.5766 65.3237 2.78611 -13 720 1 0 1
11.3151 -19.2444 125.556 5.92755 -11.7501 71.0443 0.579779 -13 721 1 0 1
15.7793 -18.243 125.556 7.87263 -9.18962 55.1398 -0.74505 -13 722 1 0 1
0.799317 -9.79171 125.556 0.407299 -4.30344 61.7452 -0.481311 -13 723 1 0 1
0.729387 18.7644 125.556 -0.537023 11.151 72.166 2.66336 -13 724 1 0 1
-8.5035 20.7423 125.556 -3.65504 9.3977 55.146 0.508906 -13 725 1 0 1
30.4218 -23.2691 125.556 14.2317 -10.9222 52.7453 -0.16234 -13 726 1 0 1
14.6629 5.97532 125.556 6.1621 2.51153 44.6724 2.85488 -13 727 1 0 1
14.386 49.5368 125.556 5.43547 17.9984 40.0333 0.68765 -13 728 1 0 1
6.04638 -9.54332 125.556 2.27895 -5.94132 76.2555 -1.18675 -13 729 1 0 1
-6.44359 -24.8282 125.556 -1.0068 -7.2819 35.9205 0.896368 -13 730 1 0 1
-6.12906 -7.34056 125.556 -4.37535 -3.92558 70.4397 -0.573876 -13 731 1 0 1
-7.70318 15.0567 125.556 -4.85218 8.1917 68.5549 2.68928 -13 732 1 0 1
-10.9518 -1.26348 125.556 -3.52429 -1.45242 46.5444 0.4672 -13 733 1 0 1
6.27885 0.611371 125.556 3.18609 -2.7779 71.4993 2.90908 -13 734 1 0 1
43.4702 15.4637 125.556 16.797 5.38282 44.2741 -0.242258 -13 735 1 0 1
9.44052 13.5226 125.556 4.42058 5.5708 47.1719 0.672287 -13 736 1 0 1
-5.80988 16.1687 125.556 -2.90171 8.44816 62.8 2.78111 -13 737 1 0 1
-1.22465 -1.98181 125.556 -0.501937 -0.311934 57.7436 2.28804 -13 738 1 0 1
10.2737 -3.94071 125.556 5.38844 -1.18629 59.2815 -0.403596 -13 739 1 0 1
-11.665 2.18519 125.556 -8.32537 1.20132 72.7937 1.4301 -13 740 1 0 1
43.0504 -0.506216 125.556 8.46825 0.0820121 22.205 3.43645 -13 741 1 0 1
-24.0432 3.99686 125.556 -7.96502 1.9311 42.8186 -1.27483 -13 742 1 0 1
-5.32276 7.991 125.556 -3.94458 5.69755 71.9336 1.98486 -13 743 1 0 1
-7.5561 13.1828 125.556 -3.14143 5.6452 55.6645 1.03815 -13 744 1 0 1
17.9586 17.9395 125.556 9.70621 10.7972 71.7884 2.61408 -13 745 1 0 1
-4.84206 -10.7952 125.556 -3.35557 -6.44551 68.2811 -1.14228 -13 746 1 0 1
2.27441 -4.93953 125.556 0.928663 -2.7949 68.0515 0.854541 -13 747 1 0 1
-12.3759 3.68713 125.556 -4.38992 1.99753 49.0085 -0.962203 -13 748 1 0 1
7.53573 -11.5377 125.556 3.52757 -7.44786 72.9778 1.77474 -13 749 1 0 1
-0.0966457 10.6797 125.556 -0.000319396 3.5164 64.0376 1.41111 -13 750 1 0 1
-5.88972 19.1843 125.556 -2.10775 9.32401 52.4741 0.823865 -13 751 1 0 1
-3.9016 22.3476 125.556 -2.49742 14.0274 66.6136 0.203458 -13 752 1 0 1
-3.33621 3.55358 125.556 -1.72929 0.965012 64.3824 -0.337694 -13 753 1 0 1
-14.7037 -2.50467 125.556 -9.27194 -0.928946 69.8077 0.978435 -13 754 1 0 1
1.17171 -4.26134 125.556 -0.647642 -3.26561 75.7712 -0.79778 -13 755 1 0 1
11.7859 14.4636 125.556 6.30995 9.82191 67.918 -0.360435 -13 756 1 0 1
27.5083 -12.1004 125.556 12.8967 -5.09128 52.1011 -0.303257 -13 757 1 0 1
5.02607 -9.98559 125.556 3.21548 -6.19609 56.5483 1.11801 -13 758 1 0 1
11.7447 -31.3089 125.556 5.93645 -17.1349 61.0676 1.88019 -13 759 1 0 1
7.70479 -6.23239 125.556 4.14301 -3.22618 54.9574 0.977175 -13 760 1 0 1
4.94712 -13.5436 125.556 2.60924 -6.40095 59.4411 1.42792 -13 761 1 0 1
-22.0211 9.8045 125.556 -6.08033 3.71801 35.2472 0.150524 -13 762 1 0 1
22.9939 10.8188 125.556 11.6629 6.81072 59.9154 2.00412 -13 763 1 0 1
7.92332 4.70427 125.556 4.04989 3.18637 70.5916 -1.93379 -13 764 1 0 1
-3.45557 -10.5843 125.556 -1.66717 -6.35754 64.8936 0.141536 -13 765 1 0 1
19.4863 35.8069 125.556 5.46031 9.19489 28.3928 0.166943 -13 766 1 0 1
6.08288 -5.35528 125.556 3.31345 -3.15643 58.9828 0.292981 -13 767 1 0 1
15.1367 -36.8739 125.556 8.09647 -20.9135 65.0129 1.32612 -13 768 1 0 1
10.1542 -0.0386401 125.556 4.34144 -0.78968 40.0818 1.10649 -13 769 1 0 1
-12.3548 -8.99383 125.556 -7.97638 -8.08751 70.446 -0.385204 -13 770 1 0 1
7.83996 -38.1982 125.556 3.34074 -13.0516 37.6834 0.366836 -13 771 1 0 1
13.079 3.00454 125.556 6.84121 1.04584 55.7747 0.589727 -13 772 1 0 1
13.2027 0.583969 125.556 6.90985 0.698361 76.7333 1.13861 -13 773 1 0 1
-11.9249 -5.06907 125.556 -5.5093 -1.91045 58.3359 1.68845 -13 774 1 0 1
28.0994 -8.24929 125.556 14.5384 -5.04294 59.9857 0.658297 -13 775 1 0 1
-5.69826 12.5523 125.556 -2.17405 6.23096 55.2555 3.29723 -13 776 1 0 1
-11.1848 -12.0886 125.556 -6.88104 -7.6874 67.2669 0.647945 -13 777 1 0 1
-1.00474 20.3099 125.556 0.260055 9.2158 45.9574 3.47252 -13 778 1 0 1
-22.4962 -6.38838 125.556 -13.3198 -3.61105 67.0884 2.36993 -13 779 1 0 1
10.9254 -0.626629 125.556 6.34356 -0.167465 67.6438 -0.232903 -13 780 1 0 1
-6.37674 4.62942 125.556 -3.79358 1.95614 66.1668 0.571212 -13 781 1 0 1
-10.3572 -11.9886 125.556 -5.7139 -6.5529 63.0512 1.21476 -13 782 1 0 1
18.7232 -9.11774 125.556 9.64742 -4.2417 58.6494 1.72304 -13 783 1 0 1
-22.2598 -34.0154 125.556 -12.0816 -19.5625 62.7742 -0.153014 -13 784 1 0 1
-20.8341 -6.62712 125.556 -15.3823 -6.554 76.4705 0.429487 -13 785 1 0 1
26.3475 6.79933 125.556 11.1599 2.26476 46.833 -0.155972 -13 787 1 0 1
-23.2139 0.557939 125.556 -12.0193 -0.192932 60.8671 -0.207297 -13 788 1 0 1
16.0687 -2.10333 125.556 8.95081 -2.69312 70.7421 1.09108 -13 789 1 0 1
4.67961 -7.68548 125.556 2.3612 -5.28223 60.2855 2.73314 -13 790 1 0 1
10.1181 -21.9001 125.556 5.48785 -13.8067 67.3136 -0.741 -13 791 1 0 1
-6.80037 -2.27556 125.556 -4.03406 -1.16685 66.9318 2.86796 -13 792 1 0 1
11.637 -2.13768 125.556 5.7037 -1.72627 53.1424 2.5736 -13 793 1 0 1
7.00238 -17.2869 125.556 3.72844 -9.66909 69.1123 0.951719 -13 794 1 0 1
-14.917 -19.8296 125.556 -6.94415 -9.98991 55.8774 -1.63982 -13 795 1 0 1
-14.0576 2.88012 125.556 -6.50341 1.33933 58.6568 0.635461 -13 796 1 0 1
1.37318 -1.84387 125.556 1.34063 -1.8059 48.3437 0.0185245 -13 797 1 0 1
-1.22813 27.2716 125.556 -2.1636 17.8006 73.6666 2.64295 -13 798 1 0 1
0.159536 9.315 125.556 0.0341007 4.72813 63.5756 1.60886 -13 799 1 0 1
-19.9615 11.1242 125.556 -9.86015 6.63797 59.0239 1.93279 -13 800 1 0 1
15.94 5.00245 125.556 9.12295 1.33038 68.8324 2.89496 -13 801 1 0 1
-2.75619 -13.2266 125.556 -1.82448 -8.47207 66.2966 -0.600507 -13 802 1 0 1
4.09 3.77894 125.556 1.10624 4.32811 75.8771 -1.0589 -13 803 1 0 1
30.9884 2.0768 125.556 13.5468 1.15429 49.4022 0.341114 -13 804 1 0 1
1.13373 -1.60474 125.556 0.746063 -0.280978 23.8527 1.18435 -13 805 1 0 1
6.25087 -3.73269 125.556 3.40029 -2.13317 56.6158 1.74567 -13 806 1 0 1
-11.0492 -18.0123 125.556 -6.30625 -9.69307 66.0955 1.07672 -13 807 1 0 1
-34.4072 11.456 125.556 -8.0075 3.05262 29.386 2.70605 -13 808 1 0 1
-15.1933 1.24955 125.556 -8.48407 0.616185 64.8005 0.137088 -13 809 1 0 1
-9.31482 -4.75661 125.556 -7.61253 -3.93051 76.6959 -0.0495946 -13 810 1 0 1
2.804 4.10497 125.556 1.2734 3.21123 70.6366 0.440081 -13 811 1 0 1
-15.9059 -12.2023 125.556 -4.58101 -3.71243 39.2676 2.9598 -13 812 1 0 1
14.0397 19.3254 125.556 7.04743 10.2049 56.1725 1.52304 -13 813 1 0 1
-0.391762 1.28648 125.556 -0.0535043 1.74495 62.6883 1.41506 -13 814 1 0 1
14.144 13.4869 125.556 7.11388 6.76214 55.1675 -1.28834 -13 815 1 0 1
1.3483 -5.16998 125.556 -0.887115 -3.39918 77.0548 2.10919 -13 816 1 0 1
5.87852 -1.48681 125.556 3.04438 -0.448753 39.718 -0.69378 -13 817 1 0 1
10.1546 -20.459 125.556 4.9655 -9.39102 48.7186 0.731254 -13 820 1 0 1
-5.10714 -5.4664 125.556 -1.70905 -1.60689 52.8406 -0.958696 -13 821 1 0 1
-14.4769 6.32508 125.556 -13.0779 2.72455 80.3911 1.23424 -13 822 1 0 1
11.2489 -2.14127 125.556 6.05053 -1.74845 57.0724 0.655344 -13 823 1 0 1
-8.25087 -9.73496 125.556 -4.43422 -5.36315 61.2042 0.985121 -13 825 1 0 1
3.56104 12.2213 125.556 1.59976 8.14226 66.7768 -0.724686 -13 826 1 0 1
4.46808 -21.9921 125.556 2.4502 -12.696 62.221 3.3638 -13 827 1 0 1
4.69584 0.145146 125.556 2.75347 -0.841001 65.011 -1.78084 -13 828 1 0 1
23.1145 -41.2948 125.556 9.56143 -17.4814 47.3542 1.65653 -13 829 1 0 1
4.24283 -16.9325 125.556 2.20362 -9.76876 64.3147 0.520649 -13 830 1 0 1
6.94422 -4.96435 125.556 3.5891 -3.58647 65.822 2.65609 -13 831 1 0 1
-0.42678 -14.79 125.556 0.31352 -7.48796 55.7562 1.11428 -13 832 1 0 1
-2.93452 -6.5498 125.556 -1.59463 -3.69365 62.0322 1.07044 -13 833 1 0 1
-3.19963 -16.7689 125.556 -1.37737 -8.1286 60.5209 0.481247 -13 834 1 0 1
-8.02679 -21.5958 125.556 -7.33856 -15.0498 76.9974 -0.328157 -13 835 1 0 1
12.2876 21.9707 125.556 6.30177 12.9534 65.221 0.564417 -13 836 1 0 1
21.192 -24.7542 125.556 11.4099 -12.6129 65.5087 1.7153 -13 837 1 0 1
9.12875 7.1022 125.556 4.68738 3.09432 71.7165 -0.688913 -13 838 1 0 1
1.33571 -15.4834 125.556 1.22754 -6.68079 55.5268 0.344943 -13 839 1 0 1
-14.5118 11.4872 125.556 -7.32264 5.71665 59.972 3.14476 -13 840 1 0 1
-5.4374 14.6842 125.556 -2.34872 6.67123 58.6265 -1.09988 -13 841 1 0 1
-7.07044 -3.9663 125.556 -5.44145 -2.08291 73.4348 -0.34483 -13 842 1 0 1
-7.4464 -20.5099 125.556 -6.03943 -14.9792 73.2521 1.12047 -13 843 1 0 1
-12.0371 22.4151 125.556 -5.66334 11.4269 58.2479 1.62404 -13 844 1 0 1
9.77505 -1.28354 125.556 5.23872 -0.0148163 60.2266 1.69477 -13 845 1 0 1
23.5207 -28.0629 125.556 7.86434 -8.58217 36.6023 1.50503 -13 846 1 0 1
15.5926 -15.932 125.556 8.01181 -6.14406 57.7966 -0.432447 -13 847 1 0 1
-11.257 -2.31796 125.556 -4.93271 -1.99637 55.4654 -0.0507469 -13 848 1 0 1
-18.5473 -6.85997 125.556 -8.03096 -2.73355 53.4695 -1.22494 -13 849 1 0 1
20.4195 -21.5895 125.556 11.1045 -12.4837 67.3097 -0.210892 -13 850 1 0 1
-7.37146 11.3643 125.556 -3.46373 5.29983 59.7537 0.241667 -13 851 1 0 1
12.4217 -2.71603 125.556 6.26793 -1.49209 75.652 1.12658 -13 852 1 0 1
0.855116 8.2249 125.556 0.579725 4.47797 62.0853 1.78438 -13 853 1 0 1
-4.70953 -2.41343 125.556 -3.71573 -2.91396 69.4815 -0.170055 -13 854 1 0 1
-8.56285 18.3922 125.556 -4.37967 9.95616 61.6846 0.825786 -13 855 1 0 1
-21.1288 -5.91637 125.556 -10.3228 -4.65956 57.8644 1.06483 -13 856 1 0 1
3.81749 -3.50457 125.556 2.08276 -0.320541 66.0643 -0.199051 -13 857 1 0 1
-35.0288 7.74899 125.556 -19.3192 4.00226 63.2976 -1.69817 -13 858 1 0 1
1.55771 -2.80646 125.556 1.46521 -0.832973 55.433 2.34505 -13 859 1 0 1
-6.31908 6.42083 125.556 -3.99396 3.931 67.8463 1.98498 -13 860 1 0 1
-3.03302 -9.77267 125.556 -3.45264 -6.84698 76.9982 -1.20455 -13 861 1 0 1
-0.698296 9.53855 125.556 -0.43144 5.89315 63.8934 0.606265 -13 862 1 0 1
-25.852 -16.0972 125.556 -12.8629 -7.77864 58.3932 0.93652 -13 863 1 0 1
-3.11658 1.99 125.556 -1.49643 1.46027 62.6867 0.0875617 -13 864 1 0 1
-6.23722 -9.43098 125.556 -2.48944 -3.69393 55.3758 2.54216 -13 865 1 0 1
7.45 25.0772 125.556 3.85835 13.229 55.9101 0.701017 -13 866 1 0 1
10.7685 11.538 125.556 5.5753 6.74022 74.6032 -0.0227658 -13 867 1 0 1
-8.06838 2.00662 125.556 -7.44308 0.494883 78.4226 -1.0204 -13 868 1 0 1
-39.6567 -26.3973 125.556 -18.8132 -12.8753 55.8843 0.092773 -13 869 1 0 1
1.15219 -10.3165 125.556 0.698022 -6.04964 60.0177 1.47262 -13 870 1 0 1
4.63183 -30.3479 125.556 2.25352 -17.5869 64.7564 -0.497307 -13 871 1 0 1
-6.97889 -5.09972 125.556 -4.38744 -2.41852 67.6203 -0.460175 -13 872 1 0 1
7.99079 -1.79355 125.556 4.1235 -1.97884 71.8078 -0.435228 -13 873 1 0 1
-6.56124 14.195 125.556 -4.13426 8.48354 66.7403 3.25412 -13 874 1 0 1
-9.45496 -10.3718 125.556 -5.07478 -6.07057 62.7954 0.909628 -13 875 1 0 1
7.38166 13.0306 125.556 3.33567 7.9995 74.8943 0.625745 -13 876 1 0 1
6.74886 19.2523 125.556 3.67764 13.3939 68.2985 -1.3426 -13 877 1 0 1
0.318863 17.9022 125.556 -0.917091 12.5698 72.6864 -3.06946 -13 878 1 0 1
-13.6319 8.08593 125.556 -5.13788 3.28051 51.4419 1.94402 -13 879 1 0 1
10.4444 -12.1203 125.556 5.76683 -7.49353 68.29 1.47153 -13 880 1 0 1
6.07862 -12.5343 125.556 3.32346 -6.23588 56.8068 2.56103 -13 881 1 0 1
19.816 31.1166 125.556 10.9694 19.6368 72.7121 0.0791631 -13 882 1 0 1
22.405 30.47 125.556 11.4171 17.3602 62.3869 0.349713 -13 883 1 0 1
30.5305 11.2071 125.556 10.4146 3.97786 36.1898 0.838159 -13 885 1 0 1
5.53654 -4.73378 125.556 1.6539 -5.39459 79.7142 2.92931 -13 886 1 0 1
-18.7343 15.51 125.556 -11.9438 9.06665 69.4388 1.15116 -13 887 1 0 1
1.09979 9.2178 125.556 1.16603 3.58019 55.4444 0.7759 -13 888 1 0 1
-3.13278 -7.85194 125.556 -1.14271 -3.69201 57.4507 0.089495 -13 889 1 0 1
12.6716 -25.5358 125.556 6.77137 -15.2999 67.2702 -0.4977 -13 890 1 0 1
8.15322 -3.1669 125.556 3.16316 -0.789232 35.0864 -0.0955385 -13 891 1 0 1
-12.0362 -12.8677 125.556 -8.04083 -6.51141 70.9929 1.05674 -13 892 1 0 1
-19.658 2.84568 125.556 -9.34603 2.17433 58.5474 -0.966166 -13 893 1 0 1
12.6705 -6.98434 125.556 6.81304 -4.17402 76.0635 0.561446 -13 894 1 0 1
-24.8436 25.7673 125.556 -16.3384 18.71 70.222 2.14562 -13 895 1 0 1
-10.8689 25.2864 125.556 -6.77346 15.5297 67.9797 -1.04542 -13 896 1 0 1
-3.10514 -11.4312 125.556 -0.8931 -4.86094 49.2229 -0.982074 -13 897 1 0 1
4.98846 -2.77443 125.556 2.65323 -0.943455 55.6799 0.0205486 -13 898 1 0 1
25.5022 6.37731 125.556 13.3292 4.07684 60.4748 0.392036 -13 899 1 0 1
6.78264 0.300663 125.556 3.44838 -1.01836 68.5813 1.1951 -13 901 1 0 1
23.3608 -6.43065 125.556 11.2931 -3.83573 54.1837 1.28998 -13 902 1 0 1
0.436526 -17.1584 125.556 -1.10818 -8.93468 74.7491 1.73727 -13 903 1 0 1
8.97952 -4.18723 125.556 4.62028 -3.15821 58.7921 2.61637 -13 904 1 0 1
-24.6519 6.75716 125.556 -18.1354 5.13312 76.8418 0.708622 -13 905 1 0 1
-21.4962 -9.42472 125.556 -9.42195 -4.20504 54.5468 1.98596 -13 906 1 0 1
2.98856 17.9875 125.556 1.28462 9.64251 67.6662 0.92287 -13 907 1 0 1
-9.35257 -15.7758 125.556 -2.28069 -5.20524 37.4812 1.16101 -13 908 1 0 1
-2.7839 -7.16761 125.556 -3.03699 -3.50179 73.6651 1.26203 -13 909 1 0 1
-5.00799 -8.70553 125.556 -3.73222 -5.52014 70.4368 0.429262 -13 910 1 0 1
-0.428982 45.2589 125.556 0.346245 16.3579 39.8951 0.304186 -13 911 1 0 1
9.98196 26.6389 125.556 4.6258 11.5816 54.6517 -0.0878689 -13 912 1 0 1
-5.00696 17.4527 125.556 -6.19883 13.8423 78.8104 1.8578 -13 913 1 0 1
-32.5147 12.0518 125.556 -19.6737 8.90324 68.4028 1.60554 -13 914 1 0 1
9.05784 -16.7502 125.556 4.83048 -8.3419 61.3031 -0.205953 -13 915 1 0 1
-26.1144 2.95166 125.556 -20.3596 2.62548 77.6045 4.86946 -13 916 1 0 1
-3.03844 21.5969 125.556 -0.200076 8.30949 41.0245 0.670383 -13 917 1 0 1
-21.4661 14.9753 125.556 -13.9844 9.23137 70.7637 2.62266 -13 918 1 0 1
-6.05747 6.20225 125.556 -3.59131 2.8233 66.4132 0.00992951 -13 919 1 0 1
-15.227 -2.77478 125.556 -12.216 -0.753176 78.7148 1.00157 -13 920 1 0 1
18.178 -4.64744 125.556 5.96342 -2.499 34.0643 1.4085 -13 921 1 0 1
-14.0996 -18.8191 125.556 -12.0353 -12.516 79.3058 2.99175 -13 922 1 0 1
-11.756 -0.970653 125.556 -5.67659 -0.575876 58.8678 0.513655 -13 923 1 0 1
-2.481 5.59122 125.556 -1.89156 2.54884 68.4716 -0.444887 -13 924 1 0 1
-0.709469 14.5193 125.556 -0.462803 8.19613 62.7657 1.00935 -13 925 1 0 1
-9.47926 8.95522 125.556 -7.92308 5.3015 77.0154 1.93055 -13 926 1 0 1
-4.15466 -5.11239 125.556 -2.33842 -1.70278 67.8943 1.15567 -13 927 1 0 1
7.14849 -8.43906 125.556 3.9224 -4.65658 58.0497 0.443709 -13 928 1 0 1
-4.12406 2.62096 125.556 -3.04092 1.53511 70.3799 1.92491 -13 930 1 0 1
16.6036 -3.28056 125.556 8.75741 -2.76138 62.7755 2.63341 -13 931 1 0 1
-5.41845 -13.7318 125.556 -1.87248 -6.52441 52.5762 2.61237 -13 932 1 0 1
10.2349 20.6853 125.556 5.37752 13.2291 68.0529 1.63555 -13 933 1 0 1
-10.3613 9.67188 125.556 -7.84539 6.80683 74.0442 0.0157718 -13 934 1 0 1
-25.4646 5.41981 125.556 -12.4902 2.63957 57.7977 1.62024 -13 935 1 0 1
24.6095 -2.38709 125.556 12.9752 0.0112329 59.9771 0.694332 -13 936 1 0 1
-5.23041 -7.76802 125.556 -4.47353 -3.59544 73.2637 0.359241 -13 938 1 0 1
1.34521 -6.54574 125.556 1.10174 -3.47176 61.3211 0.0992114 -13 939 1 0 1
-2.22892 5.86638 125.556 -0.916637 3.70541 60.5587 0.614984 -13 940 1 0 1
-8.57428 10.175 125.556 -5.0767 6.84879 66.4884 0.827891 -13 941 1 0 1
18.305 -3.47004 125.556 10.0884 -2.21317 71.7059 1.13461 -13 942 1 0 1
8.59587 -5.84991 125.556 4.49639 -2.98073 67.8744 2.02077 -13 943 1 0 1
-4.64064 5.60702 125.556 -1.39298 3.72919 52.4741 0.293025 -13 944 1 0 1
-4.17004 31.2305 125.556 -3.39189 20.0731 69.7554 1.4867 -13 945 1 0 1
-0.980642 14.2535 125.556 0.261883 5.68999 45.1336 0.0752691 -13 946 1 0 1
13.3003 0.701416 125.556 7.23872 1.36223 65.0487 -0.5553 -13 947 1 0 1
19.0327 -11.051 125.556 8.66238 -4.26797 50.3766 2.05323 -13 948 1 0 1
-15.1652 -7.777 125.556 -6.18946 -3.63652 54.0722 1.12026 -13 949 1 0 1
-5.49298 9.69389 125.556 -3.08868 4.97151 65.8574 0.683391 -13 950 1 0 1
52.1611 -14.8689 125.556 22.8836 -6.03469 51.1016 1.38997 -13 951 1 0 1
11.6208 -9.86935 125.556 6.08898 -5.16678 59.2632 3.33417 -13 952 1 0 1
5.62226 -10.0288 125.556 2.79161 -5.54231 59.6267 0.929503 -13 953 1 0 1
2.09093 -34.2009 125.556 1.46032 -16.1875 54.3609 0.487972 -13 954 1 0 1
8.25632 -9.20006 125.556 4.28074 -6.40527 60.8375 1.19877 -13 955 1 0 1
-5.20546 7.2752 125.556 -2.02782 2.52134 54.6097 0.618748 -13 956 1 0 1
-17.2051 -10.589 125.556 -8.07521 -6.33473 57.2845 -0.329962 -13 957 1 0 1
-18.2279 -1.11413 125.556 -15.8955 -1.34296 79.1707 -0.235561 -13 958 1 0 1
22.0628 -11.8644 125.556 11.4535 -6.67026 61.33 1.06166 -13 959 1 0 1
-12.3848 -4.06208 125.556 -9.00095 -3.07886 73.6119 -1.43072 -13 960 1 0 1
10.732 -12.8258 125.556 5.75874 -5.56457 55.2695 0.898232 -13 961 1 0 1
18.3415 -6.68635 125.556 6.40411 -2.17721 35.2645 1.73688 -13 962 1 0 1
23.1137 -5.81259 125.556 12.5901 -5.6879 67.1449 2.61287 -13 963 1 0 1
-1.20334 3.07542 125.556 -0.36127 1.19661 62.53 2.59784 -13 964 1 0 1
-5.41276 -16.1648 125.556 -3.17533 -9.57163 64.327 2.05614 -13 965 1 0 1
-16.1239 -6.64036 125.556 -6.86005 -2.00277 53.7203 3.03527 -13 966 1 0 1
15.7822 3.59955 125.556 7.98107 2.21405 53.9111 1.30272 -13 967 1 0 1
-37.0986 -0.297434 125.556 -19.4022 -0.808236 60.7439 -0.35865 -13 968 1 0 1
7.97078 -13.1939 125.556 4.28495 -6.18877 50.184 1.35563 -13 969 1 0 1
12.8348 -13.9376 125.556 6.83757 -8.43049 64.2321 0.578092 -13 970 1 0 1
5.8995 6.08934 125.556 3.1702 4.95339 68.0574 -0.514881 -13 971 1 0 1
-4.50792 26.4985 125.556 -0.43069 7.91303 30.9651 0.247467 -13 972 1 0 1
-5.71162 3.16813 125.556 -1.02761 1.38839 33.7285 0.305421 -13 973 1 0 1
-8.04793 8.81332 125.556 -5.1314 5.44167 69.1057 0.0104394 -13 974 1 0 1
-12.244 -1.408 125.556 -8.74877 1.05601 74.2341 2.25911 -13 975 1 0 1
-7.1663 -22.956 125.556 -3.6529 -11.5895 61.1013 1.06543 -13 977 1 0 1
-12.3154 -4.21656 125.556 -8.44117 -3.28965 71.0485 -0.800167 -13 979 1 0 1
-16.8416 -2.75507 125.556 -8.23363 -1.73765 59.2387 -0.69855 -13 980 1 0 1
-8.80303 -19.8134 125.556 -4.88536 -11.8258 62.1507 0.00933141 -13 981 1 0 1
6.97149 17.1272 125.556 3.83521 8.84507 64.3015 0.00516787 -13 982 1 0 1
0.828537 3.30448 125.556 -0.456396 4.07686 73.3821 0.29561 -13 983 1 0 1
65.6546 -33.113 125.556 17.7478 -8.95264 31.662 2.47647 -13 984 1 0 1
9.76722 12.6031 125.556 5.28308 6.82626 59.9801 1.59313 -13 985 1 0 1
-13.1941 -9.09867 125.556 -6.79904 -4.51695 61.0923 0.397132 -13 986 1 0 1
6.31025 -30.2901 125.556 3.29886 -16.2452 59.9363 1.15488 -13 987 1 0 1
-14.007 39.5312 125.556 -2.29391 7.92544 23.0076 1.54254 -13 988 1 0 1
4.11828 -11.6613 125.556 2.00378 -6.55565 69.8434 1.71348 -13 989 1 0 1
-3.3407 -9.73052 125.556 -2.50196 -7.43792 69.7648 0.926844 -13 990 1 0 1
-10.842 16.5079 125.556 -4.03754 6.55454 51.1857 -1.40898 -13 991 1 0 1
-14.5792 13.7835 125.556 -4.28305 4.77917 41.8262 1.80912 -13 992 1 0 1
11.7229 -13.226 125.556 6.04774 -5.54963 50.0621 2.45628 -13 993 1 0 1
33.1365 -57.5352 125.556 12.5137 -20.9028 43.209 0.175602 -13 994 1 0 1
13.9511 6.10079 125.556 7.56983 3.74814 64.0832 -1.1143 -13 995 1 0 1
-13.0188 0.44168 125.556 -8.11199 0.126195 68.5144 0.865188 -13 996 1 0 1
-2.75233 6.99874 125.556 -0.516098 3.08301 48.2935 3.26018 -13 997 1 0 1
2.03347 -36.9161 125.556 0.831414 -6.10751 17.1736 2.64975 -13 998 1 0 1
16.136 -3.42014 125.556 8.13096 -1.45003 56.5408 0.729564 -13 999 1 0 1
-6.37893 -11.5325 125.556 -1.98805 -4.85941 47.8096 0.311501 -13 1000 1 0 1
-10.374 -6.1234 125.556 -7.07863 -4.12822 71.8009 -0.0869635 -13 1001 1 0 1
-0.108939 24.7097 125.556 0.44526 10.8242 51.619 -0.485908 -13 1002 1 0 1
-6.3908 1.55038 125.556 -1.46776 1.44661 39.8039 0.995503 -13 1003 1 0 1
5.78599 -16.3247 125.556 3.26283 -8.01384 67.0075 1.50714 -13 1004 1 0 1
-9.3131 -12.0267 125.556 -2.37604 -4.44745 36.8785 0.422141 -13 1005 1 0 1
-9.58867 6.93105 125.556 -5.11955 3.51261 62.7858 2.83892 -13 1006 1 0 1
-16.6879 -7.02887 125.556 -10.8456 -4.05144 70.7003 1.69636 -13 1007 1 0 1
-17.5346 -16.3454 125.556 -11.4284 -10.1462 71.0775 3.59125 -13 1008 1 0 1
-2.33517 23.3409 125.556 -1.03516 11.865 59.9044 0.567211 -13 1009 1 0 1
-23.3021 -18.6161 125.556 -15.3153 -11.8988 70.654 2.69788 -13 1010 1 0 1
11.7438 -8.92627 125.556 5.58863 -4.02239 46.4033 0.476939 -13 1011 1 0 1
-2.02128 5.81217 125.556 -1.66935 2.16526 70.2827 0.425947 -13 1012 1 0 1
-9.48382 -0.440576 125.556 -5.17755 -1.6639 64.4501 -0.775672 -13 1013 1 0 1
-3.02487 7.17355 125.556 -3.36117 5.0787 76.2612 -1.29713 -13 1014 1 0 1
3.32552 -1.75526 125.556 1.81155 -0.643099 66.2449 0.812728 -13 1015 1 0 1
5.06741 -12.947 125.556 2.97898 -6.81305 59.0072 1.06751 -13 1016 1 0 1
-19.9552 22.0174 125.556 -12.212 12.8517 67.8983 1.58549 -13 1017 1 0 1
0.917781 15.2785 125.556 0.867687 8.0938 50.8105 -0.6008 -13 1018 1 0 1
-10.8637 33.2197 125.556 -5.62116 16.2998 59.5363 0.288067 -13 1019 1 0 1
5.05405 -4.68938 125.556 2.67543 -2.04291 61.7117 1.10178 -13 1020 1 0 1
-0.351866 -17.7207 125.556 -0.411953 -11.3305 63.3538 1.48938 -13 1021 1 0 1
8.65291 -26.1653 125.556 4.47067 -15.4412 69.6333 1.77577 -13 1022 1 0 1
12.0428 -12.0632 125.556 6.35801 -6.35742 61.7966 -1.14588 -13 1023 1 0 1
-13.6981 9.77271 125.556 -11.2605 6.07823 78.5382 0.755089 -13 1024 1 0 1
16.065 8.0243 125.556 4.04777 1.15864 25.3573 -1.28224 -13 1025 1 0 1
5.17144 -7.48688 125.556 1.67292 -4.69797 78.5292 0.373238 -13 1026 1 0 1
-2.08717 -0.0949361 125.556 -2.80016 -0.422311 76.0892 0.63816 -13 1027 1 0 1
-1.63426 -15.9726 125.556 -0.440983 -8.32791 61.5032 1.11383 -13 1028 1 0 1
13.9841 9.21761 125.556 7.39573 5.24561 60.4745 -0.463436 -13 1029 1 0 1
5.53946 13.9265 125.556 2.94253 7.13384 58.5338 -0.128861 -13 1030 1 0 1
-33.2162 -4.35792 125.556 -23.3429 -2.8021 75.1582 1.73263 -13 1031 1 0 1
-8.88204 -10.0327 125.556 -4.99707 -6.93839 64.7385 1.86816 -13 1032 1 0 1
12.3757 -5.0309 125.556 6.14914 -2.64808 54.6851 0.549034 -13 1033 1 0 1
-11.6709 1.28145 125.556 -6.38367 0.235849 65.2401 1.87662 -13 1034 1 0 1
0.993169 18.7366 125.556 0.972641 9.20495 54.0483 0.62246 -13 1035 1 0 1
-1.39309 10.3354 125.556 -1.52221 5.98688 70.1448 -0.250481 -13 1036 1 0 1
-30.4327 37.6189 125.556 -10.8018 14.3892 43.8775 0.94041 -13 1037 1 0 1
-9.62647 -17.5164 125.556 -4.72617 -9.55794 57.7206 0.223852 -13 1038 1 0 1
-3.38515 9.24742 125.556 -1.30547 5.57941 58.4216 -0.555154 -13 1039 1 0 1
19.8826 -1.9775 125.556 11.3471 -1.45808 69.9114 2.37874 -13 1040 1 0 1
7.68097 -7.02919 125.556 4.03503 -2.85379 67.7801 0.410938 -13 1041 1 0 1
11.3921 13.8449 125.556 5.40059 5.36577 47.6016 0.462768 -13 1042 1 0 1
11.5094 1.77516 125.556 6.39446 0.634094 66.9161 1.29065 -13 1043 1 0 1
2.30502 4.67634 125.556 -0.311254 5.38686 78.4435 1.79478 -13 1044 1 0 1
11.9902 31.0139 125.556 6.1417 16.0871 58.9001 0.478993 -13 1045 1 0 1
-20.9482 12.8632 125.556 -12.4068 7.98013 65.5613 3.12039 -13 1046 1 0 1
-8.19648 2.12829 125.556 -5.65315 0.173723 70.0643 2.71514 -13 1047 1 0 1
-24.7103 0.466103 125.556 -4.67906 -0.0920537 23.6683 1.64146 -13 1048 1 0 1
-15.6804 -15.2805 125.556 -3.15498 -3.64699 28.5966 2.08332 -13 1049 1 0 1
21.5402 -6.58903 125.556 11.177 -4.49103 59.5452 1.47457 -13 1050 1 0 1
14.3565 -10.6726 125.556 7.78852 -5.20389 64.193 0.944105 -13 1051 1 0 1
-24.2113 9.89043 125.556 -9.68624 4.13378 50.8087 2.74868 -13 1052 1 0 1
-20.9384 -6.64834 125.556 -16.1146 -4.71848 77.3662 1.73581 -13 1053 1 0 1
3.81924 -2.12556 125.556 1.18176 -0.278053 73.8623 1.07354 -13 1054 1 0 1
1.25541 -12.1285 125.556 0.235176 -7.23946 68.9675 1.30983 -13 1055 1 0 1
-3.10252 -14.4321 125.556 -1.2913 -6.69051 60.1982 1.03258 -13 1056 1 0 1
9.7673 2.27404 125.556 5.05291 0.187522 52.7549 0.182566 -13 1057 1 0 1
2.92957 -12.1725 125.556 0.982605 -8.16956 70.2391 0.701051 -13 1058 1 0 1
7.63256 -5.3495 125.556 3.79575 -2.69959 46.4175 -0.528887 -13 1059 1 0 1
13.4176 -6.18107 125.556 7.38359 -3.7205 66.2733 -0.141867 -13 1060 1 0 1
-5.5127 14.2601 125.556 -1.50027 6.77596 47.9434 -0.0202988 -13 1061 1 0 1
-2.84831 2.39048 125.556 -0.564497 1.24725 42.1015 0.983753 -13 1062 1 0 1
-13.1102 12.4442 125.556 -8.05099 8.30294 68.285 0.529077 -13 1063 1 0 1
35.3112 8.79147 125.556 19.798 5.84447 69.583 0.344234 -13 1064 1 0 1
3.71982 -3.52562 125.556 1.38454 -1.09045 70.4465 2.56542 -13 1066 1 0 1
-5.65974 19.9465 125.556 -4.06193 12.8402 69.1282 0.798508 -13 1067 1 0 1
-30.5152 -2.6527 125.556 -9.50902 -0.648122 39.3915 0.529988 -13 1068 1 0 1
-13.5625 -7.24837 125.556 -6.66726 -2.86362 58.6433 0.0137616 -13 1069 1 0 1
-0.0831325 -14.5277 125.556 0.630939 -6.86206 52.8589 1.30313 -13 1070 1 0 1
21.2317 5.24982 125.556 11.7337 2.03377 68.1847 2.68547 -13 1071 1 0 1
-5.0604 42.2661 125.556 -1.20154 18.397 50.0157 0.643639 -13 1072 1 0 1
6.12707 7.49983 125.556 2.74555 4.98216 73.0369 0.483322 -13 1073 1 0 1
8.75086 4.35539 125.556 4.6725 3.42274 72.544 1.76781 -13 1074 1 0 1
-16.9727 -4.83505 125.556 -8.61289 -1.28453 59.9081 0.591548 -13 1075 1 0 1
23.7179 10.5302 125.556 11.8039 5.49021 55.5615 0.360237 -13 1076 1 0 1
-36.6298 -2.03632 125.556 -16.8236 -1.11565 53.1332 0.200293 -13 1077 1 0 1
-13.8362 10.2815 125.556 -6.93865 4.95236 61.1952 -0.308187 -13 1078 1 0 1
14.2304 6.37974 125.556 7.61744 4.3623 67.5353 1.34116 -13 1079 1 0 1
-8.75301 18.1814 125.556 -8.18434 12.203 78.8697 0.685906 -13 1080 1 0 1
31.9274 -11.5499 125.556 16.6202 -6.53555 61.8365 2.28522 -13 1081 1 0 1
-3.98912 1.55939 125.556 -2.09149 -0.188251 63.5441 1.16836 -13 1082 1 0 1
-8.43709 14.7561 125.556 -1.49372 4.77316 33.8987 -0.123993 -13 1083 1 0 1
0.771205 2.94784 125.556 -0.136278 1.73515 71.4959 0.317333 -13 1084 1 0 1
13.3629 21.7524 125.556 6.88531 10.1517 61.3544 0.458146 -13 1085 1 0 1
11.6469 4.41316 125.556 6.05933 2.43422 58.6419 0.812846 -13 1086 1 0 1
-1.26991 -2.73044 125.556 -2.26014 -3.31717 76.3996 1.41674 -13 1087 1 0 1
6.95512 25.5271 125.556 3.8318 13.5021 58.0399 1.53606 -13 1088 1 0 1
29.4765 23.1565 125.556 16.9052 14.6694 73.4155 -0.114999 -13 1089 1 0 1
4.24597 14.3099 125.556 2.30363 7.30374 65.8296 1.29735 -13 1090 1 0 1
-44.3395 -3.37612 125.556 -21.4663 -0.981473 56.8867 -1.1659 -13 1091 1 0 1
-20.0152 8.56773 125.556 -12.6941 3.9913 69.9185 -1.08169 -13 1092 1 0 1
5.69442 -13.0829 125.556 1.68228 -9.34101 79.0308 -0.0236231 -13 1093 1 0 1
28.9511 -20.9845 125.556 10.8214 -8.10589 41.1882 -0.14977 -13 1094 1 0 1
11.2165 9.26989 125.556 6.29953 5.90862 65.5305 0.945193 -13 1095 1 0 1
-14.961 15.7721 125.556 -6.6997 6.44027 55.2034 0.441678 -13 1096 1 0 1
8.56799 -0.249049 125.556 4.54305 -0.772482 58.1273 1.02546 -13 1097 1 0 1
-12.6563 -5.23377 125.556 -7.97234 -1.72915 68.6789 1.296 -13 1098 1 0 1
-6.59863 -16.3183 125.556 -2.53036 -7.9477 55.5081 -1.08391 -13 1099 1 0 1
-13.9092 -9.80386 125.556 -9.07089 -6.63492 69.1675 0.359544 -13 1100 1 0 1
13.1021 16.0084 125.556 5.94944 7.02128 45.5621 2.8136 -13 1101 1 0 1
-7.06695 15.2724 125.556 -2.80856 6.21602 57.1513 0.385522 -13 1102 1 0 1
8.06497 -19.3456 125.556 4.39872 -11.9978 68.0684 0.362707 -13 1103 1 0 1
-5.85088 14.2808 125.556 -5.04078 9.53784 74.4689 0.359009 -13 1104 1 0 1
12.9331 -15.4734 125.556 7.2865 -9.40403 62.8506 -1.0063 -13 1105 1 0 1
-29.5487 -12.1019 125.556 -17.2092 -6.44435 65.9119 2.28694 -13 1106 1 0 1
16.1873 21.0791 125.556 7.25196 9.87781 49.8613 3.08861 -13 1107 1 0 1
6.82064 -22.3702 125.556 3.59662 -13.0652 63.5716 3.25151 -13 1108 1 0 1
-0.16771 -2.12658 125.556 -0.651572 -1.98708 67.5883 3.29775 -13 1109 1 0 1
6.68533 31.6023 125.556 3.31403 11.5724 41.4964 3.55067 -13 1110 1 0 1
-2.02827 11.0911 125.556 -0.915974 4.64604 62.9091 2.32675 -13 1111 1 0 1
-10.6988 14.1186 125.556 -5.12173 7.09994 59.3996 1.68924 -13 1112 1 0 1
7.03976 -6.76933 125.556 3.15463 -4.35608 76.4061 1.09232 -13 1113 1 0 1
-23.973 -10.6185 125.556 -10.4356 -5.67733 52.6083 3.78584 -13 1114 1 0 1
16.0263 34.6386 125.556 8.23987 18.6964 58.8825 1.25026 -13 1115 1 0 1
8.71169 19.6797 125.556 4.4409 13.4954 69.4215 1.58763 -13 1116 1 0 1
6.32732 10.4399 125.556 3.23524 6.348 74.2627 -0.851955 -13 1117 1 0 1
-3.35502 -12.6433 125.556 -1.20501 -7.36546 56.81 0.0106435 -13 1118 1 0 1
14.6962 14.8855 125.556 7.87629 7.46631 61.6222 -1.4199 -13 1119 1 0 1
-1.63986 -0.675765 125.556 -1.46313 -0.906034 70.5724 -0.0977623 -13 1120 1 0 1
-0.0368864 -25.7033 125.556 0.23087 -12.397 58.4687 -0.695945 -13 1121 1 0 1
1.39083 1.78324 125.556 -0.498755 1.42591 77.6838 0.942211 -13 1122 1 0 1
-16.0781 9.19633 125.556 -9.21801 4.63031 65.5377 4.03053 -13 1123 1 0 1
9.08294 5.47937 125.556 4.7636 2.09911 63.768 1.75946 -13 1124 1 0 1
-7.16328 11.0907 125.556 -3.65025 7.70449 60.6453 1.60059 -13 1125 1 0 1
25.9761 0.512581 125.556 11.8008 0.725912 52.1729 -0.610392 -13 1126 1 0 1
4.8375 16.5728 125.556 2.81608 9.28776 56.1936 0.983288 -13 1127 1 0 1
8.26412 -6.37888 125.556 4.49636 -1.62891 53.3492 0.296674 -13 1128 1 0 1
-6.47597 -9.94211 125.556 -4.81729 -7.72003 71.4225 0.560937 -13 1129 1 0 1
19.4271 20.4835 125.556 7.66319 7.59719 42.9686 2.1117 -13 1130 1 0 1
-6.12257 -3.18403 125.556 -3.45337 -3.42714 63.6505 1.28949 -13 1131 1 0 1
19.0344 9.48871 125.556 7.69125 3.14096 41.1058 0.322193 -13 1132 1 0 1
-7.53239 -1.92857 125.556 -5.03781 -3.26879 70.7185 -1.34217 -13 1133 1 0 1
-0.759058 -3.80615 125.556 -1.54533 -3.28042 73.8854 0.292517 -13 1134 1 0 1
11.9244 3.1853 125.556 6.22808 0.109824 68.3544 1.01495 -13 1135 1 0 1
20.2645 -17.7935 125.556 9.50178 -7.7139 49.0501 1.34275 -13 1136 1 0 1
2.93082 -19.9651 125.556 1.7973 -6.22592 41.395 2.37342 -13 1137 1 0 1
-22.3922 -2.58911 125.556 -15.7295 -1.31231 74.4496 -0.360413 -13 1138 1 0 1
8.47579 -6.03697 125.556 4.48002 -3.25198 62.4169 1.35418 -13 1139 1 0 1
21.9638 16.6938 125.556 12.1422 8.43503 65.3095 0.669919 -13 1140 1 0 1
-30.9482 -21.8137 125.556 -22.5049 -14.3237 76.6018 -0.480467 -13 1141 1 0 1
11.371 19.5448 125.556 4.72407 7.30158 41.9256 0.837262 -13 1142 1 0 1
1.95923 1.4983 125.556 1.37055 0.96357 60.7012 0.879783 -13 1143 1 0 1
-5.51492 9.89083 125.556 -2.33644 5.62231 57.9065 2.76873 -13 1144 1 0 1
19.9887 -4.01551 125.556 7.63859 -2.59954 41.6711 -0.138552 -13 1145 1 0 1
18.1253 -20.449 125.556 8.29061 -8.1796 49.4807 2.41183 -13 1146 1 0 1
6.2114 2.23203 125.556 3.35821 1.10191 52.6244 1.7662 -13 1147 1 0 1
-7.79794 -8.58284 125.556 -4.62766 -5.21498 65.9068 0.120698 -13 1148 1 0 1
10.0035 2.23541 125.556 5.48105 2.20734 70.2459 2.82744 -13 1149 1 0 1
18.1481 -37.9628 125.556 9.40081 -22.5819 64.6306 0.719558 -13 1150 1 0 1
-9.77092 -8.99682 125.556 -3.37564 -4.56162 51.2392 1.70933 -13 1151 1 0 1
-7.82671 -3.84668 125.556 -4.47438 -1.82958 63.9908 1.3379 -13 1152 1 0 1
21.2589 18.5034 125.556 10.6569 8.79761 57.1479 0.020601 -13 1153 1 0 1
13.6061 -9.06066 125.556 6.96253 -4.16519 57.9152 0.327157 -13 1155 1 0 1
19.61 -3.87015 125.556 10.255 -0.631193 60.7419 1.55466 -13 1156 1 0 1
-11.954 -26.0154 125.556 -4.84465 -12.0052 51.8249 0.0544603 -13 1157 1 0 1
16.7979 -3.45111 125.556 7.00428 -1.51702 45.9878 0.78852 -13 1158 1 0 1
-7.08151 -8.20365 125.556 -3.87097 -4.00997 62.4565 0.294153 -13 1159 1 0 1
-16.568 10.1713 125.556 -11.1509 6.47653 71.7858 0.475513 -13 1160 1 0 1
-0.791756 5.80875 125.556 -0.503782 3.00009 63.3191 1.20517 -13 1161 1 0 1
7.49273 -16.1067 125.556 3.89657 -8.30076 64.573 1.59521 -13 1162 1 0 1
-11.3786 -10.7042 125.556 -6.01228 -5.97764 62.3287 1.4725 -13 1163 1 0 1
16.3855 -4.50342 125.556 8.9494 -1.33361 63.2116 0.63494 -13 1164 1 0 1
4.1145 -3.93272 125.556 2.3868 -1.87488 59.8032 0.0569295 -13 1166 1 0 1
5.55678 9.93223 125.556 2.61979 6.42575 71.014 2.21387 -13 1167 1 0 1
3.86613 8.27159 125.556 2.47239 5.06159 59.2812 -0.323155 -13 1168 1 0 1
-4.95381 -3.56129 125.556 -3.01143 -2.06259 64.8579 1.15469 -13 1169 1 0 1
37.7614 -11.5311 125.556 18.2444 -5.96313 55.5794 1.68656 -13 1170 1 0 1
23.3323 -3.87481 125.556 10.2354 -1.55065 47.5829 1.37975 -13 1171 1 0 1
-4.00924 -29.2882 125.556 -1.05716 -13.7384 50.6721 -0.493858 -13 1172 1 0 1
-12.1775 1.43666 125.556 -8.24472 -0.399608 69.8383 -1.19947 -13 1173 1 0 1
10.5686 25.0682 125.556 5.50188 13.0624 59.35 0.970067 -13 1174 1 0 1
4.30712 -1.39658 125.556 1.60394 -1.68196 74.513 0.616436 -13 1175 1 0 1
5.8748 3.99067 125.556 2.46478 1.75056 74.2467 2.13766 -13 1176 1 0 1
31.1667 0.623567 125.556 17.3287 0.473994 69.47 1.93719 -13 1177 1 0 1
5.93837 2.63613 125.556 2.57864 0.791808 75.6942 4.84062 -13 1178 1 0 1
-3.67426 -22.0655 125.556 -1.57112 -10.1164 58.5361 -0.300393 -13 1179 1 0 1
15.9646 -8.52912 125.556 8.14861 -3.98101 57.2166 0.801141 -13 1180 1 0 1
37.1485 4.83514 125.556 20.0388 1.93084 64.8557 2.73198 -13 1181 1 0 1
11.2965 -8.24914 125.556 5.94038 -3.15306 61.2271 0.553996 -13 1182 1 0 1
2.72051 2.93462 125.556 1.60489 0.166057 56.8499 1.12002 -13 1183 1 0 1
10.9525 -8.11687 125.556 5.7893 -3.29075 60.3517 1.45693 -13 1184 1 0 1
70.9748 -19.7562 125.556 32.5646 -10.3129 53.2194 0.334891 -13 1185 1 0 1
14.8014 -4.14404 125.556 8.05896 -3.15227 60.7353 1.23767 -13 1186 1 0 1
-3.78829 3.07135 125.556 -4.046 2.13936 76.1915 0.301628 -13 1187 1 0 1
1.46176 10.9021 125.556 -0.237572 6.64748 74.7358 -1.63206 -13 1188 1 0 1
-7.98408 -6.10474 125.556 -4.28486 -3.48876 63.9147 1.09518 -13 1189 1 0 1
3.22146 -17.4731 125.556 1.97909 -8.64882 55.6221 -0.699648 -13 1190 1 0 1
-15.4787 -2.08744 125.556 -6.83332 0.418273 54.3875 0.451781 -13 1191 1 0 1
-3.35448 1.66191 125.556 -1.28309 0.48371 57.846 0.0614804 -13 1192 1 0 1
8.4103 -4.71973 125.556 4.43776 -2.41372 54.0583 0.167834 -13 1193 1 0 1
-0.869115 0.130291 125.556 -1.78866 1.6504 74.3906 1.05708 -13 1194 1 0 1
24.0948 2.17617 125.556 13.1141 2.06463 65.725 1.66695 -13 1195 1 0 1
9.98344 0.783009 125.556 5.14541 -0.243459 70.0398 0.783078 -13 1196 1 0 1
20.0356 5.91911 125.556 10.3291 2.85392 59.9388 -0.600987 -13 1197 1 0 1
11.9995 -20.707 125.556 5.73254 -15.2035 78.8287 1.33422 -13 1198 1 0 1
-7.63216 -17.565 125.556 -4.59232 -11.0829 65.0875 -0.319905 -13 1199 1 0 1
-19.4335 7.5512 125.556 -10.7937 5.88256 64.7405 0.494517 -13 1200 1 0 1
14.0653 0.163209 125.556 7.16795 0.392797 60.4821 -0.0455609 -13 1201 1 0 1
0.453947 -6.24732 125.556 0.831699 -3.29889 45.0594 -2.06206 -13 1202 1 0 1
-14.9344 11.1952 125.556 -9.4867 7.65343 69.2747 -1.68886 -13 1203 1 0 1
9.11511 4.069 125.556 4.91913 2.37042 61.7731 2.13947 -13 1204 1 0 1
-6.10387 -24.1941 125.556 -5.72734 -17.9693 75.8902 0.97644 -13 1205 1 0 1
0.401428 -3.89197 125.556 0.455936 -1.14182 60.0375 -0.476988 -13 1206 1 0 1
-13.0051 -10.7866 125.556 -3.23221 -2.93558 33.2914 2.5738 -13 1207 1 0 1
34.1266 -16.495 125.556 16.9825 -8.25204 58.8703 1.48792 -13 1208 1 0 1
-9.46554 9.35573 125.556 -9.5847 5.73245 78.3989 -1.18985 -13 1209 1 0 1
-33.1355 -7.16852 125.556 -18.4142 -3.35847 63.9714 2.05927 -13 1210 1 0 1
10.1696 -3.83844 125.556 4.29581 -0.967282 79.4128 0.203479 -13 1211 1 0 1
-7.91935 -1.91122 125.556 -5.45303 -0.292137 70.479 -0.955721 -13 1212 1 0 1
-20.8717 19.1433 125.556 -7.95764 9.03595 48.3913 -1.17729 -13 1213 1 0 1
-1.68452 8.19934 125.556 -2.64799 6.48848 77.2447 1.84657 -13 1214 1 0 1
-2.18414 -4.4173 125.556 -2.30516 -2.30004 72.1027 0.789417 -13 1215 1 0 1
6.26568 7.61262 125.556 3.32942 4.6324 58.6396 -0.763632 -13 1216 1 0 1
36.2923 11.1304 125.556 19.1575 6.30567 61.8231 2.66815 -13 1217 1 0 1
0.293376 43.2236 125.556 -0.10682 23.359 62.5803 0.491352 -13 1218 1 0 1
24.1395 -0.853413 125.556 12.2174 -1.27554 59.3185 2.03146 -13 1219 1 0 1
-19.588 -23.9629 125.556 -13.3413 -16.5626 71.5656 2.35116 -13 1220 1 0 1
-26.6555 6.04044 125.556 -11.2379 1.90711 51.6029 -0.754158 -13 1221 1 0 1
-12.2235 11.4962 125.556 -4.56934 3.66898 48.6179 -0.285825 -13 1222 1 0 1
8.05826 -30.2003 125.556 4.17674 -15.8785 59.7356 2.53543 -13 1223 1 0 1
-14.0274 -15.4247 125.556 -8.08135 -9.41557 65.0933 1.61226 -13 1224 1 0 1
-10.5886 7.67364 125.556 -9.25856 7.25492 78.6086 1.73995 -13 1225 1 0 1
-4.24071 -10.4424 125.556 -3.60542 -5.15184 71.546 -0.708289 -13 1226 1 0 1
16.6181 5.01433 125.556 7.94733 3.07803 49.4063 2.86685 -13 1228 1 0 1
2.72385 -16.7934 125.556 1.21376 -9.73153 68.8477 -1.79211 -13 1229 1 0 1
-7.25173 7.63189 125.556 -7.38165 5.59057 79.8305 -0.485493 -13 1230 1 0 1
-0.0545457 -10.1186 125.556 0.597754 -5.49049 56.4588 -1.71866 -13 1231 1 0 1
12.8699 11.9328 125.556 5.9613 6.17601 53.5341 -0.1413 -13 1232 1 0 1
-7.79307 -10.6011 125.556 -2.88255 -5.14941 52.8237 1.32672 -13 1233 1 0 1
-14.0017 -32.2844 125.556 -5.25524 -14.7395 48.529 -0.378128 -13 1234 1 0 1
-4.21268 0.860608 125.556 -2.47135 -1.18848 65.0592 2.16989 -13 1235 1 0 1
-10.2206 -6.48487 125.556 -6.00281 -3.49763 66.0237 0.139975 -13 1236 1 0 1
2.72349 9.54964 125.556 1.95307 6.33049 58.8709 1.32406 -13 1237 1 0 1
18.7224 -3.47864 125.556 10.6362 -1.51312 73.9023 0.673648 -13 1238 1 0 1
2.42928 18.9247 125.556 1.03235 11.2115 63.0132 2.33766 -13 1239 1 0 1
-14.185 -9.0706 125.556 -8.71562 -5.26394 67.834 2.31834 -13 1240 1 0 1
-6.50588 -8.07664 125.556 -5.09883 -6.24954 73.0498 -2.53973 -13 1241 1 0 1
3.62011 4.12568 125.556 1.99499 2.78334 64.9975 1.64396 -13 1242 1 0 1
-1.44131 -14.418 125.556 -0.601933 -7.07642 61.2637 1.37344 -13 1243 1 0 1
17.493 9.60489 125.556 9.46349 6.83582 71.7708 -0.146759 -13 1244 1 0 1
-0.469467 -14.2743 125.556 0.00938936 -8.16467 63.9089 2.02941 -13 1245 1 0 1
-20.1433 -24.4127 125.556 -5.79887 -8.07696 39.5145 0.921503 -13 1246 1 0 1
-11.55 11.6485 125.556 -7.62041 7.22362 69.7334 0.127062 -13 1247 1 0 1
-7.07832 28.87 125.556 -3.61925 14.5382 59.3101 0.352778 -13 1248 1 0 1
-13.5066 11.1913 125.556 -7.55478 7.23478 63.9347 0.789436 -13 1249 1 0 1
4.2944 -21.8786 125.556 2.5469 -11.3872 58.7322 1.20733 -13 1250 1 0 1
50.1543 -17.1483 125.556 24.3557 -9.28885 57.3058 0.224563 -13 1251 1 0 1
12.4654 6.39073 125.556 6.78535 3.38174 60.0615 1.05382 -13 1252 1 0 1
-12.5486 -4.83107 125.556 -6.65487 -3.2118 63.0972 1.87363 -13 1253 1 0 1
1.94325 0.575376 125.556 0.436893 0.673126 71.2838 -0.0365797 -13 1254 1 0 1
20.2203 17.505 125.556 9.44759 7.89911 49.7975 2.28624 -13 1255 1 0 1
18.6484 19.7224 125.556 10.3118 11.0719 63.7234 2.89476 -13 1256 1 0 1
10.0963 16.4634 125.556 5.52098 7.62608 63.6805 1.18298 -13 1257 1 0 1
0.828245 -10.8332 125.556 1.31263 -5.20481 50.7837 2.05947 -13 1258 1 0 1
30.5115 17.0743 125.556 13.1598 6.91645 48.2171 1.02638 -13 1259 1 0 1
-29.2738 18.5291 125.556 -11.9276 8.48206 49.6244 -1.45126 -13 1260 1 0 1
14.5687 -4.07456 125.556 7.40585 -1.15884 60.9874 0.622708 -13 1261 1 0 1
-15.7723 24.9418 125.556 -9.6092 15.2 67.0119 -0.412203 -13 1262 1 0 1
35.9422 21.5936 125.556 15.3322 10.1253 48.457 1.13935 -13 1263 1 0 1
11.2959 15.5026 125.556 6.13869 8.31838 61.1481 0.985175 -13 1264 1 0 1
-27.222 4.02136 125.556 -14.8391 2.12784 63.0412 0.616012 -13 1265 1 0 1
-12.6719 0.13387 125.556 -8.37666 0.798563 71.4834 2.19899 -13 1266 1 0 1
13.2189 -24.4129 125.556 5.46895 -8.87141 41.5357 0.633863 -13 1267 1 0 1
-2.35957 -5.02722 125.556 -0.821541 -2.9728 61.8868 3.06803 -13 1268 1 0 1
-22.9847 3.87876 125.556 -14.5439 2.18833 69.3726 -0.0749024 -13 1269 1 0 1
-7.39267 -9.59158 125.556 -5.42827 -7.81585 71.3099 1.31836 -13 1270 1 0 1
-18.6142 -10.0561 125.556 -10.0077 -6.11487 63.4809 -0.708328 -13 1271 1 0 1
14.3046 18.8092 125.556 6.95037 8.15517 52.0447 1.71365 -13 1272 1 0 1
6.83663 -13.7363 125.556 3.89265 -7.4724 56.8441 -0.199534 -13 1273 1 0 1
-4.14151 20.9247 125.556 -3.69588 13.944 71.3869 0.906992 -13 1274 1 0 1
-11.8988 -14.2264 125.556 -5.15594 -6.56649 54.1963 0.62756 -13 1275 1 0 1
34.7431 18.5158 125.556 14.1307 8.11987 45.1586 1.78912 -13 1276 1 0 1
-1.20119 2.20035 125.556 -0.30942 2.69893 59.4552 1.52728 -13 1277 1 0 1
3.50898 -16.4864 125.556 2.09441 -7.64832 47.6172 -0.102824 -13 1278 1 0 1
-0.00114743 11.4653 125.556 -0.0107117 5.11531 63.691 1.26583 -13 1279 1 0 1
2.01968 5.41216 125.556 0.579177 5.68743 69.9482 1.43112 -13 1280 1 0 1
8.16893 20.3409 125.556 4.37952 8.27705 51.0644 0.440278 -13 1281 1 0 1
9.02743 -1.50551 125.556 4.4404 0.340416 73.9153 -0.225775 -13 1282 1 0 1
-24.8048 -8.09101 125.556 -13.257 -4.8562 61.4695 1.55976 -13 1283 1 0 1
18.492 -7.91439 125.556 9.0387 -2.8608 54.2044 -0.377623 -13 1284 1 0 1
-0.836278 -18.2281 125.556 -1.03331 -10.5788 67.5922 1.27194 -13 1285 1 0 1
-15.1771 -5.48004 125.556 -8.05069 -1.86602 63.9588 -0.434249 -13 1286 1 0 1
-0.466205 1.42437 125.556 0.44984 0.44245 57.7754 -1.04683 -13 1287 1 0 1
16.8889 3.1334 125.556 7.99917 1.43027 50.3551 0.68659 -13 1288 1 0 1
12.4189 -3.92417 125.556 6.67556 -1.00023 59.1051 -1.01588 -13 1289 1 0 1
-19.1707 6.2251 125.556 -12.6523 1.36871 71.5332 1.26726 -13 1290 1 0 1
15.4144 7.04556 125.556 8.41299 4.97059 64.1942 -1.03842 -13 1291 1 0 1
-9.30028 -21.5169 125.556 -3.79363 -9.4459 53.7469 1.50926 -13 1292 1 0 1
1.71945 -6.48824 125.556 0.596073 -1.28119 13.9559 1.69951 -13 1293 1 0 1
4.77896 3.09563 125.556 2.54207 3.0602 64.7076 0.671892 -13 1294 1 0 1
11.8508 12.037 125.556 4.84513 4.24128 42.2432 0.300182 -13 1295 1 0 1
-0.608861 -10.8215 125.556 -1.97279 -9.59446 75.5391 1.78482 -13 1296 1 0 1
-0.124021 17.9808 125.556 0.313885 9.00818 56.9234 -0.213141 -13 1297 1 0 1
-2.85206 10.1789 125.556 -1.16569 4.88364 57.6806 0.990716 -13 1298 1 0 1
11.7231 -0.529118 125.556 3.83804 -0.638044 32.7254 -0.399226 -13 1299 1 0 1
23.8136 12.3387 125.556 13.6466 9.31644 72.6251 0.84458 -13 1300 1 0 1
14.5141 9.48366 125.556 7.6287 6.90684 78.3334 0.855963 -13 1301 1 0 1
-4.72841 -7.49523 125.556 -1.71977 -4.66134 54.8157 1.55653 -13 1302 1 0 1
-5.28964 -10.0756 125.556 -2.56782 -4.73646 60.751 0.963048 -13 1303 1 0 1
-9.5008 20.984 125.556 -3.19125 10.1581 49.906 1.25818 -13 1304 1 0 1
2.16947 -4.77262 125.556 0.239221 -4.24693 73.168 0.345543 -13 1305 1 0 1
14.3828 -3.5764 125.556 7.2619 -2.77321 52.9901 0.650964 -13 1306 1 0 1
5.71805 21.57 125.556 2.94354 8.69573 47.9367 0.317855 -13 1308 1 0 1
-1.69766 -4.26242 125.556 -2.3602 -3.20191 73.5709 -1.09066 -13 1309 1 0 1
-11.2166 -17.2331 125.556 -9.75252 -13.0536 78.2961 -1.24197 -13 1310 1 0 1
-3.92673 26.2011 125.556 -3.63502 18.0577 72.7657 2.00022 -13 1311 1 0 1
-3.14066 -12.3715 125.556 -2.44488 -8.20596 68.8214 -0.488664 -13 1313 1 0 1
-9.0584 -6.5854 125.556 -3.12486 -2.77245 47.1556 2.02942 -13 1314 1 0 1
3.60998 -17.1404 125.556 2.09152 -9.84507 57.3057 1.08158 -13 1315 1 0 1
-4.21723 -16.8195 125.556 -3.16929 -8.99751 69.3519 0.143638 -13 1316 1 0 1
-3.73503 3.93824 125.556 -3.02939 3.44155 73.0371 -0.00357274 -13 1317 1 0 1
-8.11171 3.19852 125.556 -2.18635 0.349484 41.3766 -0.030974 -13 1318 1 0 1
-3.52454 -31.0892 125.556 -1.982 -18.6198 64.1091 2.36598 -13 1319 1 0 1
-0.634221 -20.2661 125.556 0.459923 -8.67487 47.823 1.8324 -13 1320 1 0 1
4.30268 -22.5483 125.556 2.22381 -9.75964 47.4773 -0.281772 -13 1321 1 0 1
13.5084 7.52776 125.556 7.3852 3.29666 57.8595 2.23032 -13 1322 1 0 1
2.24642 8.0115 125.556 0.480024 4.82752 74.7774 0.00955655 -13 1323 1 0 1
6.8231 20.684 125.556 3.67579 11.3298 63.4979 1.4492 -13 1324 1 0 1
-3.74769 -26.2653 125.556 -2.57885 -16.146 67.4116 2.90689 -13 1325 1 0 1
-11.5819 8.1622 125.556 -7.63599 3.90609 69.5685 -2.00217 -13 1326 1 0 1
4.27155 5.2014 125.556 2.32096 1.81972 60.4381 0.43266 -13 1327 1 0 1
12.1461 -17.7414 125.556 6.48196 -10.673 66.7905 0.369748 -13 1328 1 0 1
-7.30314 -6.39632 125.556 -2.4234 -3.22917 52.2962 -0.0375062 -13 1329 1 0 1
8.84505 -3.06425 125.556 4.61455 -2.76795 61.9738 3.34295 -13 1330 1 0 1
5.75156 -0.382811 125.556 2.77432 -0.735541 72.1538 -0.00266758 -13 1331 1 0 1
-18.7923 -21.6141 125.556 -7.5047 -9.44312 50.2096 0.883933 -13 1332 1 0 1
1.99976 10.9797 125.556 0.983149 7.25113 66.4819 2.90963 -13 1333 1 0 1
-4.8588 3.57965 125.556 -3.01153 2.32938 64.8652 -0.775141 -13 1334 1 0 1
9.32882 -15.3724 125.556 4.96954 -5.91974 51.9396 -0.744993 -13 1335 1 0 1
-8.70579 -8.69663 125.556 -3.2713 -2.85804 50.5658 0.454684 -13 1336 1 0 1
15.8623 -7.72087 125.556 8.5086 -5.47879 73.0563 0.0296397 -13 1338 1 0 1
-2.61802 20.3357 125.556 -1.0318 10.8464 59.8085 1.20089 -13 1339 1 0 1
-9.71598 18.5209 125.556 -7.35546 13.4206 74.2427 0.236211 -13 1340 1 0 1
-16.4221 -16.5681 125.556 -9.62972 -10.385 65.5462 0.942249 -13 1341 1 0 1
-4.25215 13.0158 125.556 -1.47373 6.71446 53.4185 1.14829 -13 1342 1 0 1
20.1546 11.5201 125.556 9.31324 5.62431 51.0456 -1.061 -13 1343 1 0 1
-0.499713 -0.48006 125.556 -2.27311 -0.532759 78.7991 1.33541 -13 1344 1 0 1
30.6727 0.01359 125.556 14.8966 0.70853 56.0225 1.12412 -13 1345 1 0 1
3.15972 12.7336 125.556 2.24098 5.87742 53.9957 2.09454 -13 1346 1 0 1
-4.59527 -8.30328 125.556 -2.08786 -5.79759 60.7863 1.24647 -13 1347 1 0 1
-9.70221 1.4936 125.556 -8.11864 2.17916 77.3123 1.77485 -13 1348 1 0 1
-11.9231 -8.22426 125.556 -9.62283 -6.65459 77.0558 -0.474006 -13 1349 1 0 1
3.60332 36.2979 125.556 0.430512 24.8106 76.7831 0.013164 -13 1350 1 0 1
17.816 -62.1046 125.556 3.31155 -10.9818 19.8306 4.42566 -13 1351 1 0 1
-3.00476 -23.3118 125.556 -2.28685 -13.9578 68.3772 1.56575 -13 1352 1 0 1
-19.9096 30.0544 125.556 -8.18301 12.9204 49.9392 0.383223 -13 1354 1 0 1
-7.56697 10.6516 125.556 -4.08441 6.08053 65.0455 1.5947 -13 1355 1 0 1
3.13549 6.88567 125.556 1.43649 4.14762 68.0231 1.02618 -13 1356 1 0 1
2.5244 -13.1718 125.556 1.33966 -7.291 64.9938 0.430333 -13 1357 1 0 1
10.1805 -3.06654 125.556 5.2459 -1.5274 48.9521 -1.24764 -13 1358 1 0 1
14.2655 -5.47092 125.556 6.52015 -1.75655 47.3111 -0.0659247 -13 1359 1 0 1
15.3617 15.1467 125.556 8.09594 10.3486 77.6274 -0.985876 -13 1360 1 0 1
5.04526 -18.6273 125.556 2.79183 -10.9712 60.2399 0.759349 -13 1361 1 0 1
-2.2899 -17.6888 125.556 -0.857311 -9.34852 58.7283 2.6219 -13 1362 1 0 1
11.6798 -25.3428 125.556 6.02489 -14.7716 68.1119 -0.479339 -13 1363 1 0 1
-5.79052 3.60325 125.556 -3.23533 3.07773 65.638 1.97771 -13 1364 1 0 1
-0.957321 1.89357 125.556 -0.00631097 -0.139684 61.3468 -0.441133 -13 1365 1 0 1
-11.6563 -17.9896 125.556 -9.32351 -8.82709 77.4465 2.35063 -13 1367 1 0 1
-11.6176 6.08515 125.556 -5.23566 3.12702 56.8331 1.0055 -13 1368 1 0 1
14.595 -7.45693 125.556 8.3569 -5.18175 70.6705 0.538029 -13 1369 1 0 1
79.8793 -6.58371 125.556 22.2339 -2.42249 32.2724 1.28345 -13 1370 1 0 1
0.58394 22.6591 125.556 0.0816928 13.7773 65.2647 0.866698 -13 1371 1 0 1
-14.4697 -13.9153 125.556 -10.7426 -9.6145 75.1505 0.465206 -13 1372 1 0 1
3.84663 19.6799 125.556 2.3223 9.10897 58.2937 0.719342 -13 1373 1 0 1
2.17029 -7.77963 125.556 0.610679 -5.04825 67.4806 0.769279 -13 1374 1 0 1
1.03658 15.1179 125.556 0.30374 8.61308 63.9445 -0.109947 -13 1375 1 0 1
-14.2942 -5.62587 125.556 -6.55176 -3.71273 56.7485 -0.982263 -13 1376 1 0 1
11.8876 1.14862 125.556 6.61906 1.57066 70.2999 1.50281 -13 1377 1 0 1
-6.55691 -7.13148 125.556 -3.47031 -5.04823 63.1112 2.22431 -13 1378 1 0 1
-7.48425 14.1558 125.556 -6.48627 8.82265 75.3292 -0.939948 -13 1379 1 0 1
-19.4753 8.01072 125.556 -11.57 4.18973 67.4184 0.393444 -13 1380 1 0 1
-18.7238 -14.9103 125.556 -8.59257 -7.77013 57.1038 2.16514 -13 1381 1 0 1
11.439 1.04056 125.556 6.29673 1.17615 70.0005 0.0360416 -13 1382 1 0 1
26.272 6.63692 125.556 9.83771 1.43076 40.1144 2.42685 -13 1383 1 0 1
2.58951 24.9293 125.556 1.78006 12.0017 52.8022 0.412202 -13 1384 1 0 1
6.95171 0.159603 125.556 3.77394 0.122245 62.6564 1.25269 -13 1385 1 0 1
14.7126 2.04023 125.556 7.5434 0.880077 55.7882 1.89659 -13 1386 1 0 1
-20.7374 -20.7143 125.556 -10.0815 -8.99545 57.2081 -0.245283 -13 1387 1 0 1
-3.8804 0.394994 125.556 -3.30737 -1.14011 72.9934 2.18454 -13 1388 1 0 1
47.7416 5.78193 125.556 14.2811 1.03955 33.2842 1.0541 -13 1390 1 0 1
-20.9788 -3.83584 125.556 -8.03089 -1.56171 48.6479 1.99631 -13 1391 1 0 1
9.05815 -27.1638 125.556 5.03981 -14.2241 59.1664 0.541243 -13 1392 1 0 1
3.28399 -5.55496 125.556 1.57263 -3.25537 65.9374 -0.896664 -13 1394 1 0 1
1.24657 1.41585 125.556 0.492668 1.76509 66.5702 0.591721 -13 1395 1 0 1
24.7024 -17.7223 125.556 13.5762 -11.3902 69.007 -1.33916 -13 1396 1 0 1
-0.217534 9.43005 125.556 -1.67069 5.31969 76.359 3.27052 -13 1397 1 0 1
-10.7913 -5.19334 125.556 -3.78328 -1.20705 46.6008 0.475843 -13 1398 1 0 1
20.9912 6.74659 125.556 8.27201 1.49059 42.7153 0.399738 -13 1399 1 0 1
17.9944 -25.1329 125.556 9.31445 -12.4412 60.0067 1.30609 -13 1400 1 0 1
-17.3028 -10.23 125.556 -8.30968 -4.99039 57.8381 0.94267 -13 1401 1 0 1
-30.6043 9.67264 125.556 -11.5221 5.03286 46.565 1.10654 -13 1402 1 0 1
15.9948 5.3634 125.556 8.11461 2.10195 52.0957 2.50592 -13 1403 1 0 1
1.34454 -14.2584 125.556 0.744566 -7.74903 62.6079 -0.361827 -13 1404 1 0 1
41.8508 1.9099 125.556 22.6575 1.04902 64.76 1.80192 -13 1405 1 0 1
12.8288 6.02227 125.556 6.85207 4.23598 62.5182 3.87303 -13 1406 1 0 1
-3.57732 -3.96891 125.556 -1.38128 -2.20558 57.8237 2.37844 -13 1407 1 0 1
-3.24159 4.85038 125.556 -2.5766 3.22393 70.6771 1.03577 -13 1408 1 0 1
-27.0984 10.0671 125.556 -12.0708 5.04753 53.7202 0.137748 -13 1409 1 0 1
5.76721 -14.8227 125.556 3.45749 -7.15595 54.0977 0.851888 -13 1410 1 0 1
-7.65824 3.51191 125.556 -3.24423 1.42709 56.184 -0.336821 -13 1411 1 0 1
-46.8139 -15.7964 125.556 -18.5215 -5.02444 47.2024 1.88171 -13 1412 1 0 1
-9.17124 10.3991 125.556 -5.87103 4.50724 68.6049 -0.290871 -13 1413 1 0 1
1.09963 -14.8733 125.556 1.30044 -8.50226 53.8185 2.5951 -13 1414 1 0 1
5.04806 -14.3024 125.556 2.58884 -7.93812 62.9975 2.8923 -13 1415 1 0 1
-12.4173 -9.93526 125.556 -7.54697 -7.15794 67.583 1.68876 -13 1416 1 0 1
17.9819 2.22771 125.556 10.0971 1.77594 72.0234 -1.62365 -13 1417 1 0 1
3.3251 5.75993 125.556 1.66049 1.66535 34.2207 0.548384 -13 1419 1 0 1
-3.72117 -10.4636 125.556 -3.83481 -7.41278 76.5556 1.65907 -13 1420 1 0 1
8.02766 0.107341 125.556 3.45242 1.81094 79.3693 -0.345622 -13 1422 1 0 1
-10.3192 -0.8619 125.556 -4.10445 0.511235 52.5929 0.540416 -13 1423 1 0 1
4.92976 3.90493 125.556 2.86291 2.65729 60.2779 -1.05002 -13 1424 1 0 1
8.32058 -8.5583 125.556 4.1435 -5.93313 68.7462 -0.650526 -13 1425 1 0 1
10.1711 -9.41833 125.556 5.02907 -4.35667 54.0028 -1.10111 -13 1426 1 0 1
0.629049 12.7839 125.556 0.785997 5.51317 47.5097 3.50581 -13 1427 1 0 1
7.77478 -30.367 125.556 3.81625 -18.7896 66.7671 3.39446 -13 1428 1 0 1
-17.949 -2.32336 125.556 -12.8874 -1.91779 75.1825 2.685 -13 1429 1 0 1
9.26191 -6.17651 125.556 4.83268 -5.33155 72.1126 1.06226 -13 1430 1 0 1
-8.78128 1.44636 125.556 -6.96059 -1.27752 74.4948 0.931797 -13 1431 1 0 1
11.726 -5.11761 125.556 6.3899 -2.05866 63.5789 2.33446 -13 1432 1 0 1
-20.3148 14.933 125.556 -14.9891 10.9 76.9433 -0.302112 -13 1433 1 0 1
-22.9369 -28.9909 125.556 -5.50257 -8.27207 30.1858 3.23905 -13 1434 1 0 1
13.102 13.4294 125.556 7.02036 7.48817 62.7101 2.5695 -13 1435 1 0 1
19.4546 -26.4878 125.556 10.0295 -14.4686 60.2002 1.58575 -13 1436 1 0 1
1.52848 9.77925 125.556 0.840716 5.32527 62.3401 0.570095 -13 1437 1 0 1
-4.11115 6.35419 125.556 -2.13573 3.47675 61.885 0.899383 -13 1438 1 0 1
2.99014 -13.2077 125.556 1.56611 -7.766 61.1544 -1.04346 -13 1440 1 0 1
-5.76845 7.83722 125.556 -4.92139 5.34264 74.0376 1.26493 -13 1441 1 0 1
1.91844 -3.81753 125.556 1.13543 -2.40814 62.8211 0.750117 -13 1442 1 0 1
8.585 -6.67525 125.556 4.42465 -5.10692 70.5112 3.33306 -13 1443 1 0 1
-2.3727 -29.0495 125.556 -0.75704 -14.1821 53.4788 1.71851 -13 1444 1 0 1
12.9099 0.665189 125.556 6.84904 -0.521738 61.6663 0.274556 -13 1445 1 0 1
-18.7543 -9.78031 125.556 -14.5552 -5.46217 78.1551 2.50069 -13 1446 1 0 1
3.98632 5.65648 125.556 2.19058 3.21004 58.5427 -0.988804 -13 1447 1 0 1
0.448096 16.3022 125.556 -0.380255 9.64289 69.9321 0.0144179 -13 1448 1 0 1
19.3765 4.78224 125.556 10.5338 2.43712 63.9562 -0.51145 -13 1449 1 0 1
-1.70694 -1.32594 125.556 -2.11158 -0.222455 73.4412 -0.573479 -13 1450 1 0 1
14.2664 22.6149 125.556 7.63387 15.8032 73.4259 0.366436 -13 1451 1 0 1
2.18455 -6.26405 125.556 0.505658 -3.12214 72.7558 -1.16232 -13 1452 1 0 1
9.24494 -3.41317 125.556 4.53965 -1.95634 53.5803 0.127661 -13 1453 1 0 1
45.7563 -28.0482 125.556 12.023 -7.72385 30.3728 3.12774 -13 1454 1 0 1
29.8928 9.71708 125.556 14.5779 4.91162 57.3285 0.324381 -13 1455 1 0 1
-12.4259 -9.23891 125.556 -9.70075 -6.7595 75.9064 0.81893 -13 1456 1 0 1
17.5355 -9.15335 125.556 9.75229 -6.56406 69.3494 0.768042 -13 1457 1 0 1
10.1682 -23.2079 125.556 5.5605 -12.3059 57.2233 2.71376 -13 1458 1 0 1
34.2699 38.811 125.556 7.19165 7.60891 24.1137 2.5481 -13 1459 1 0 1
-19.0917 -0.0161565 125.556 -11.3734 -0.357205 66.7383 -0.955942 -13 1460 1 0 1
-33.0477 6.01369 125.556 -15.0027 1.89191 54.2045 2.14427 -13 1461 1 0 1
-10.8251 -3.60069 125.556 -5.8784 -0.900944 64.4997 0.205573 -13 1462 1 0 1
-13.3501 16.9341 125.556 -8.82482 10.6277 69.721 2.76811 -13 1463 1 0 1
22.2424 26.1463 125.556 10.0352 12.0083 50.2368 1.31549 -13 1464 1 0 1
-7.80433 11.9979 125.556 -5.82144 7.29623 71.9678 -1.07605 -13 1465 1 0 1
-10.5678 11.2438 125.556 -6.97137 6.93104 68.8975 -0.433605 -13 1466 1 0 1
-17.665 -23.7811 125.556 -12.0807 -16.3237 71.93 0.261449 -13 1467 1 0 1
14.9316 -14.444 125.556 8.05793 -10.2778 71.7455 -0.0076856 -13 1468 1 0 1
-14.2551 -2.29189 125.556 -6.89054 -1.35984 58.795 -0.568254 -13 1469 1 0 1
-14.9144 12.8906 125.556 -8.00421 6.70656 61.5791 0.708673 -13 1470 1 0 1
4.6989 22.7156 125.556 1.36503 14.745 73.8892 0.849211 -13 1471 1 0 1
38.5327 -11.966 125.556 15.6748 -4.90685 46.0051 0.854425 -13 1472 1 0 1
-23.8978 -6.36546 125.556 -14.2066 -3.68304 66.7948 1.40336 -13 1473 1 0 1
1.74051 7.92745 125.556 0.839863 5.57229 65.1597 0.524983 -13 1474 1 0 1
5.53501 11.2907 125.556 2.25555 5.4604 74.5906 0.565595 -13 1475 1 0 1
-18.35 -23.1431 125.556 -12.0928 -14.4111 71.3121 0.243162 -13 1476 1 0 1
-7.42398 -13.8778 125.556 -3.52097 -8.96642 61.9281 1.09468 -13 1477 1 0 1
7.70893 -11.9721 125.556 3.92142 -7.37006 70.047 0.404813 -13 1478 1 0 1
-13.9223 -11.3438 125.556 -8.49529 -7.38714 68.1226 -0.422651 -13 1479 1 0 1
-19.0405 -9.62406 125.556 -11.8716 -6.31424 68.7795 0.901308 -13 1480 1 0 1
-5.43258 4.56189 125.556 -4.62073 4.29764 73.27 -0.0207221 -13 1481 1 0 1
13.7257 5.0754 125.556 7.28277 1.34425 67.9561 1.85825 -13 1483 1 0 1
8.83854 -0.546943 125.556 4.54044 -0.417472 73.0893 1.32869 -13 1484 1 0 1
16.8563 10.1165 125.556 7.83228 4.88636 50.6282 0.848103 -13 1485 1 0 1
-5.05944 -6.06972 125.556 -2.68677 -4.45009 64.7314 0.966666 -13 1486 1 0 1
6.13916 -6.27029 125.556 2.4736 -5.71186 74.0839 0.858175 -13 1487 1 0 1
-11.0507 1.60996 125.556 -6.90839 1.36904 67.9327 1.79907 -13 1488 1 0 1
-5.23654 27.3079 125.556 -2.43445 15.7147 59.6311 -1.55355 -13 1489 1 0 1
-6.02561 15.2701 125.556 -4.4992 9.03918 72.2283 1.13962 -13 1490 1 0 1
-13.4293 12.2985 125.556 -7.79606 7.23694 65.3081 0.516789 -13 1491 1 0 1
-4.61451 -2.33248 125.556 -2.73608 -0.724017 66.0304 1.66618 -13 1492 1 0 1
-20.2499 -11.4051 125.556 -7.00478 -5.0395 44.809 0.996798 -13 1493 1 0 1
-0.782305 -0.635133 125.556 -2.55367 -0.293893 79.6096 1.84141 -13 1494 1 0 1
-14.2512 -19.9657 125.556 -12.6229 -15.226 78.1806 0.453408 -13 1495 1 0 1
-2.88837 -10.1993 125.556 -0.83583 -5.31138 57.0839 1.08 -13 1496 1 0 1
19.9184 7.62806 125.556 11.0535 2.95487 67.1124 0.204817 -13 1497 1 0 1
-10.7006 -13.0074 125.556 -5.23498 -6.41977 59.4006 4.54648 -13 1498 1 0 1
0.720148 -5.57439 125.556 0.910489 -3.01322 58.3521 3.70755 -13 1499 1 0 1
22.7312 40.5289 125.556 10.7952 19.2957 54.387 2.0946 -13 1500 1 0 1
3.11803 3.55553 125.556 1.65304 1.67857 63.4298 -1.38313 -13 1501 1 0 1
17.5036 -12.0758 125.556 8.91788 -5.72947 55.7312 -0.923136 -13 1502 1 0 1
9.65238 7.75474 125.556 4.91403 4.48865 74.1585 1.68419 -13 1504 1 0 1
-1.17563 5.00277 125.556 -1.40525 2.50067 71.1563 3.05927 -13 1505 1 0 1
-5.02642 -14.7474 125.556 -2.77927 -7.90881 64.7176 -1.14822 -13 1506 1 0 1
10.9114 -0.882152 125.556 5.83071 0.151798 63.3435 -0.281694 -13 1507 1 0 1
0.339266 -5.5692 125.556 0.588793 -3.78586 61.5432 1.3057 -13 1508 1 0 1
17.15 2.10404 125.556 8.31909 0.616391 51.7859 1.15375 -13 1509 1 0 1
-20.7029 -11.2451 125.556 -15.9394 -5.54449 78.0015 0.535863 -13 1510 1 0 1
-11.4804 -27.6777 125.556 -5.92061 -14.2804 61.764 0.203486 -13 1511 1 0 1
-23.9129 -27.0641 125.556 -15.6345 -16.0836 70.9378 1.04405 -13 1512 1 0 1
-5.1803 -10.2644 125.556 -5.49154 -5.56651 77.4929 1.00826 -13 1513 1 0 1
-29.4498 7.0238 125.556 -20.1307 4.26519 74.3389 -0.86948 -13 1514 1 0 1
13.1776 -13.8591 125.556 6.96119 -6.64334 60.5298 1.31531 -13 1515 1 0 1
14.2863 9.54388 125.556 7.97316 6.20402 69.1492 0.719022 -13 1516 1 0 1
7.90976 6.3353 125.556 4.29677 2.43671 54.5532 1.32357 -13 1517 1 0 1
2.15947 36.023 125.556 1.62545 15.3709 51.1776 0.756974 -13 1518 1 0 1
3.84315 -14.5086 125.556 2.23399 -10.0607 63.1166 -0.791562 -13 1519 1 0 1
10.7055 22.2635 125.556 5.72935 12.2188 63.1771 0.875182 -13 1520 1 0 1
16.651 -2.74694 125.556 6.28225 -0.200927 41.4027 -0.491637 -13 1521 1 0 1
-7.79132 11.5739 125.556 -3.34209 5.80658 55.9625 2.93723 -13 1522 1 0 1
-8.94549 -19.601 125.556 -5.60975 -11.7736 66.6391 0.00289658 -13 1523 1 0 1
-15.5375 -17.4313 125.556 -5.69273 -8.77467 48.1342 -0.114435 -13 1524 1 0 1
-5.91055 4.42481 125.556 -4.40377 4.3929 72.8247 1.36671 -13 1525 1 0 1
-19.8473 7.03277 125.556 -9.34064 3.06807 59.2323 0.242731 -13 1526 1 0 1
9.88072 -21.5597 125.556 5.48637 -10.6032 59.2887 1.11964 -13 1527 1 0 1
-25.1412 36.9581 125.556 -7.59348 13.5432 38.7254 0.402224 -13 1528 1 0 1
6.68589 -17.5316 125.556 3.6332 -6.15843 41.6144 1.35137 -13 1529 1 0 1
-10.0045 -7.21428 125.556 -5.83909 -3.89426 66.8188 0.965282 -13 1530 1 0 1
14.9214 -13.2964 125.556 8.02246 -6.70842 61.5523 -0.700337 -13 1531 1 0 1
12.5501 9.16266 125.556 6.73518 5.13029 63.4901 0.349479 -13 1532 1 0 1
-1.19415 -7.48466 125.556 -2.16891 -6.56101 75.3251 0.790702 -13 1533 1 0 1
-2.74795 9.99809 125.556 -2.189 4.53247 70.2498 1.04294 -13 1534 1 0 1
-9.86691 -11.1933 125.556 -4.88085 -5.53716 61.3571 -0.656418 -13 1535 1 0 1
-15.1871 18.0228 125.556 -10.6812 11.6028 72.761 -0.848974 -13 1536 1 0 1
-18.2559 1.16084 125.556 -11.5881 -0.149681 69.7547 1.64281 -13 1537 1 0 1
0.65384 -4.72325 125.556 -0.451652 -3.39091 69.9497 0.224257 -13 1538 1 0 1
-27.5121 2.12919 125.556 -14.9789 2.4298 63.605 1.24658 -13 1539 1 0 1
-4.66096 25.0335 125.556 -4.3842 17.5268 73.716 0.105418 -13 1540 1 0 1
-15.467 4.45973 125.556 -8.85598 2.40809 65.9683 -0.934667 -13 1541 1 0 1
-2.31495 -24.7797 125.556 -2.35278 -13.2346 70.98 -0.9014 -13 1542 1 0 1
-19.0906 -24.3559 125.556 -9.59207 -14.6143 59.5805 2.20216 -13 1543 1 0 1
-12.1421 9.59879 125.556 -8.00808 5.80197 69.4752 1.35822 -13 1544 1 0 1
-2.44369 -6.23405 125.556 -1.55514 -3.1929 65.709 0.411995 -13 1546 1 0 1
6.54319 8.96769 125.556 3.49055 4.77687 58.7096 -0.145098 -13 1547 1 0 1
-8.06759 23.0499 125.556 -4.87154 13.4798 65.3433 2.61901 -13 1548 1 0 1
-11.515 14.5762 125.556 -5.86074 8.32112 59.5937 2.66261 -13 1549 1 0 1
0.753114 22.0947 125.556 0.359957 12.5623 63.1779 2.35217 -13 1550 1 0 1
-0.400217 4.01764 125.556 -1.93 3.7185 76.3592 1.85718 -13 1552 1 0 1
26.5769 -0.35913 125.556 10.6175 -0.680381 44.6349 1.43321 -13 1554 1 0 1
-8.18435 1.89324 125.556 -6.81863 0.54958 76.9159 -0.0336532 -13 1555 1 0 1
4.0919 -11.3055 125.556 2.3369 -5.65026 55.0565 1.71347 -13 1556 1 0 1
-0.2359 -20.2572 125.556 -1.6938 -14.4207 74.6782 -0.260441 -13 1557 1 0 1
-1.62914 -13.0837 125.556 -3.0699 -7.71295 78.0962 0.764381 -13 1558 1 0 1
34.0643 12.5879 125.556 12.6106 4.95428 39.5361 -0.444938 -13 1559 1 0 1
-5.51331 1.28258 125.556 -5.30792 2.19788 77.4856 1.77067 -13 1560 1 0 1
10.6627 7.75475 125.556 5.62023 6.38848 71.2973 -1.1 -13 1561 1 0 1
-28.9577 -10.7161 125.556 -11.0601 -4.13297 46.5633 2.04202 -13 1562 1 0 1
17.606 2.58886 125.556 8.08923 1.01451 48.9031 2.64079 -13 1563 1 0 1
-8.36784 23.4906 125.556 -5.33624 14.9779 67.4898 2.96465 -13 1564 1 0 1
-12.5645 2.32959 125.556 -3.75284 0.981284 42.2467 1.09895 -13 1566 1 0 1
2.21003 -20.1747 125.556 1.20405 -11.4495 63.9317 -0.00867517 -13 1567 1 0 1
14.8251 17.3681 125.556 5.74561 5.96016 40.3513 0.554155 -13 1568 1 0 1
-16.6772 11.5718 125.556 -11.6704 7.48676 73.4331 0.565383 -13 1569 1 0 1
14.5307 7.20079 125.556 7.61967 3.85804 56.2236 -0.743539 -13 1570 1 0 1
-37.5594 -14.6221 125.556 -18.4611 -7.98504 57.756 0.13791 -13 1571 1 0 1
3.98818 8.34761 125.556 2.04313 6.78073 66.4902 1.5936 -13 1572 1 0 1
-4.33084 -6.58377 125.556 -3.29471 -4.46948 69.9477 2.54016 -13 1573 1 0 1
24.1238 14.3275 125.556 11.3102 6.32781 51.9001 -0.587195 -13 1574 1 0 1
1.71532 8.99197 125.556 -0.25254 4.23902 73.6395 0.815834 -13 1575 1 0 1
0.807749 -1.03629 125.556 0.129336 0.231561 64.2242 0.372016 -13 1576 1 0 1
-2.89219 5.4843 125.556 -1.74335 3.71277 64.3862 0.440675 -13 1577 1 0 1
-26.4965 8.31703 125.556 -15.1738 4.99632 65.1812 1.56807 -13 1578 1 0 1
14.1719 17.5855 125.556 7.49114 9.15567 60.4292 0.43361 -13 1579 1 0 1
2.10927 -7.08564 125.556 0.654054 -5.16383 69.6249 0.599896 -13 1580 1 0 1
8.83061 2.78182 125.556 4.24836 0.695583 45.8128 0.195558 -13 1581 1 0 1
23.1909 4.61746 125.556 8.96859 2.03519 40.8906 1.72706 -13 1582 1 0 1
0.570274 -19.8797 125.556 1.15171 -6.58738 42.7252 1.90264 -13 1583 1 0 1
-1.227 -11.7093 125.556 -1.20368 -7.82727 67.3053 2.00075 -13 1584 1 0 1
-6.35967 -4.31084 125.556 -3.29469 -2.17059 62.4273 0.858019 -13 1585 1 0 1
13.8671 -3.3624 125.556 7.50327 -0.31611 70.0846 2.27909 -13 1586 1 0 1
-20.5128 1.34609 125.556 -11.8222 1.1799 65.9987 1.42169 -13 1587 1 0 1
-8.91213 -11.6283 125.556 -7.62121 -7.64402 78.2586 2.53388 -13 1588 1 0 1
14.2469 4.94794 125.556 7.75817 3.12642 72.4124 0.00693936 -13 1589 1 0 1
-18.8367 -19.8192 125.556 -9.25963 -10.6884 59.5251 -0.591114 -13 1590 1 0 1
-9.65557 -5.19003 125.556 -7.69032 -2.37341 75.16 -1.41441 -13 1591 1 0 1
-10.7115 17.2946 125.556 -8.08423 11.7358 73.5887 1.66974 -13 1592 1 0 1
19.5722 27.1688 125.556 10.6481 15.9116 69.9847 1.86428 -13 1593 1 0 1
-1.98253 5.16713 125.556 -0.425733 2.02331 55.7212 2.68313 -13 1594 1 0 1
-23.4204 -20.9462 125.556 -8.88734 -8.46132 47.2764 -0.192766 -13 1596 1 0 1
3.82312 4.92661 125.556 0.587484 2.97106 78.6235 3.625 -13 1597 1 0 1
14.2152 19.3145 125.556 7.58813 13.2805 70.4761 0.792911 -13 1598 1 0 1
26.3695 14.3949 125.556 9.70129 5.67299 39.2068 0.320891 -13 1599 1 0 1
-7.06006 5.99553 125.556 -6.04243 3.78362 75.3083 1.34502 -13 1600 1 0 1
-1.35923 18.2558 125.556 -0.714564 10.4258 61.679 1.42419 -13 1601 1 0 1
-11.7588 -5.89698 125.556 -8.35866 -2.91018 72.2172 -0.174548 -13 1602 1 0 1
13.535 -21.9264 125.556 6.85509 -9.83657 55.9203 -0.00531898 -13 1603 1 0 1
-20.1175 9.01744 125.556 -13.1594 5.58083 71.3738 0.867127 -13 1604 1 0 1
3.62369 -20.5095 125.556 0.5904 -13.9343 77.0386 2.18764 -13 1605 1 0 1
-17.4535 9.78826 125.556 -13.2271 6.38414 76.827 0.69928 -13 1606 1 0 1
19.1118 4.57873 125.556 10.5638 1.92936 64.6191 1.27218 -13 1607 1 0 1
-4.51092 -3.36559 125.556 -2.70373 -2.7933 66.1914 2.08735 -13 1608 1 0 1
16.1263 -0.757903 125.556 8.05567 -0.104503 54.2021 1.33015 -13 1609 1 0 1
7.48341 -26.3515 125.556 2.2131 -6.54989 27.3415 3.33108 -13 1611 1 0 1
0.63367 -0.167249 125.556 0.265205 0.676245 64.2918 2.12281 -13 1612 1 0 1
4.50203 -15.682 125.556 2.03702 -8.29625 69.7875 1.26182 -13 1613 1 0 1
25.8924 -2.62645 125.556 12.7263 -2.16432 55.3789 0.152754 -13 1614 1 0 1
2.54628 -7.00512 125.556 1.63507 -3.00293 49.4948 1.58999 -13 1615 1 0 1
-9.3521 27.3702 125.556 -8.15272 17.3803 76.8344 0.588598 -13 1616 1 0 1
-17.4678 -36.0697 125.556 -4.58522 -11.1099 35.3257 0.144354 -13 1617 1 0 1
-20.0874 -14.5546 125.556 -10.5631 -8.51864 62.0435 -0.0181559 -13 1618 1 0 1
11.128 -9.23681 125.556 6.02125 -5.92643 64.1434 -2.61127 -13 1619 1 0 1
6.7742 -2.0055 125.556 3.42557 -1.07625 55.7258 2.72209 -13 1620 1 0 1
-9.12857 8.70733 125.556 -3.08782 4.3853 52.7702 0.937436 -13 1621 1 0 1
-9.83284 12.7445 125.556 -9.03851 10.0636 79.5622 1.63231 -13 1622 1 0 1
13.7022 -19.1705 125.556 7.29071 -11.8149 68.8938 1.65818 -13 1623 1 0 1
1.42453 -4.82675 125.556 1.3675 -2.14888 47.5501 -0.895325 -13 1624 1 0 1
7.17947 5.46589 125.556 3.85179 3.36039 59.5001 1.02247 -13 1625 1 0 1
-41.892 -59.4065 125.556 -13.2975 -20.591 38.1915 2.79718 -13 1626 1 0 1
10.1534 -20.3175 125.556 4.8032 -9.5872 49.512 0.265676 -13 1627 1 0 1
-11.6586 -9.04271 125.556 -9.09605 -7.28737 75.5829 -1.39332 -13 1628 1 0 1
7.97235 17.7294 125.556 4.11063 9.6185 67.8505 -0.59788 -13 1630 1 0 1
-21.3002 -4.29002 125.556 -11.5776 -2.27674 63.3629 0.913627 -13 1631 1 0 1
0.147249 -5.53246 125.556 0.658314 -3.68472 52.9694 0.0296212 -13 1632 1 0 1
-14.1949 19.5912 125.556 -7.79703 10.8175 63.024 0.477554 -13 1633 1 0 1
-2.54981 -16.2746 125.556 -1.07639 -8.44804 58.4235 1.19288 -13 1634 1 0 1
11.6984 0.52741 125.556 6.24286 -0.0523069 59.4385 1.37105 -13 1635 1 0 1
-8.32911 -7.6311 125.556 -6.99081 -4.63546 76.1842 -0.18132 -13 1636 1 0 1
-0.418357 14.3242 125.556 -0.50956 8.65197 65.2798 0.345171 -13 1637 1 0 1
11.7995 13.8653 125.556 6.60396 7.58927 57.9559 2.5086 -13 1638 1 0 1
4.51116 -0.376201 125.556 2.57368 -0.365355 49.1342 3.30207 -13 1639 1 0 1
25.0245 4.31517 125.556 11.76 2.59886 51.7412 1.84882 -13 1640 1 0 1
-1.56241 7.12487 125.556 -2.31513 4.56192 73.9987 2.11747 -13 1641 1 0 1
-0.0123062 10.2584 125.556 0.423543 4.90607 58.5141 0.889564 -13 1642 1 0 1
19.2574 27.3314 125.556 8.71884 12.5406 50.1659 -0.59785 -13 1643 1 0 1
-14.6259 11.1465 125.556 -10.6011 6.31943 74.0558 -1.62953 -13 1644 1 0 1
-27.1172 -14.722 125.556 -17.2212 -9.59588 69.9671 -0.284397 -13 1645 1 0 1
2.45962 2.6281 125.556 1.27668 0.724132 63.958 -1.71687 -13 1646 1 0 1
-19.37 -8.42557 125.556 -3.52948 -1.94015 24.8897 1.41243 -13 1647 1 0 1
29.723 -45.8547 125.556 11.0598 -15.8459 42.8387 1.05746 -13 1648 1 0 1
-10.3977 10.732 125.556 -5.76885 5.76065 65.4174 2.34708 -13 1649 1 0 1
-15.5806 0.625085 125.556 -8.05154 0.00637572 60.7183 -0.0214815 -13 1650 1 0 1
1.11664 14.7891 125.556 0.680351 7.89077 60.2474 -0.875214 -13 1651 1 0 1
-4.77441 13.9155 125.556 -1.8373 7.02109 58.3496 -0.756494 -13 1652 1 0 1
1.87712 5.20098 125.556 1.27166 2.36376 52.3614 1.42873 -13 1653 1 0 1
-5.61392 -20.5237 125.556 -1.53866 -7.85247 45.4804 0.0529616 -13 1654 1 0 1
-7.49263 1.23377 125.556 -4.67763 -0.541852 66.8236 1.98456 -13 1655 1 0 1
-2.7615 16.4861 125.556 -3.02448 11.7748 73.1966 0.891329 -13 1656 1 0 1
-35.9739 1.91697 125.556 -18.6478 0.696175 60.3023 2.07349 -13 1657 1 0 1
32.6109 -2.27792 125.556 13.2165 -1.40194 44.8127 -0.479237 -13 1658 1 0 1
11.4818 -13.3158 125.556 6.3888 -5.79154 60.2892 1.81991 -13 1659 1 0 1
-0.808287 11.5062 125.556 -0.602902 6.13268 62.6225 3.48171 -13 1660 1 0 1
20.987 -25.912 125.556 11.274 -15.0161 62.3601 3.00446 -13 1661 1 0 1
3.16926 -9.94734 125.556 1.11977 -7.3456 70.8915 1.00724 -13 1662 1 0 1
-0.22308 5.32281 125.556 0.426058 1.4586 44.9308 0.99002 -13 1663 1 0 1
5.12489 -1.06449 125.556 2.70949 -0.901002 64.2989 0.480293 -13 1664 1 0 1
4.21261 -3.13379 125.556 1.09841 -3.3063 77.6365 -0.274378 -13 1665 1 0 1
7.48243 -16.9084 125.556 3.54923 -9.44733 68.6008 0.684647 -13 1666 1 0 1
26.1259 0.59387 125.556 13.4351 -0.166021 57.2117 1.91038 -13 1667 1 0 1
33.1406 -4.24599 125.556 16.0222 -3.85585 56.0922 -0.373846 -13 1668 1 0 1
31.6565 20.2448 125.556 9.77639 5.66006 34.1994 0.26934 -13 1669 1 0 1
1.60241 -18.1052 125.556 1.17485 -10.2825 57.892 0.673212 -13 1670 1 0 1
-12.6931 9.80014 125.556 -11.3489 6.47228 79.1321 0.629774 -13 1671 1 0 1
18.3071 -34.138 125.556 9.02484 -16.1621 55.5433 -0.404351 -13 1672 1 0 1
5.36813 -10.5028 125.556 3.20537 -5.43328 58.28 1.46075 -13 1673 1 0 1
1.671 -26.2013 125.556 1.25708 -11.9328 50.2795 0.947557 -13 1674 1 0 1
-14.1826 -15.4246 125.556 -6.78167 -7.83422 60.4046 -1.10957 -13 1675 1 0 1
-28.9514 -20.9316 125.556 -4.35999 -3.73225 19.5949 2.67874 -13 1676 1 0 1
11.5703 -6.09081 125.556 4.89915 -2.64961 43.4502 3.13183 -13 1677 1 0 1
10.9183 4.14361 125.556 5.69556 2.77955 57.4742 0.330499 -13 1678 1 0 1
11.0926 28.0126 125.556 5.78618 14.2089 57.1342 3.06011 -13 1679 1 0 1
-8.30927 -7.92314 125.556 -3.3466 -3.36632 53.0176 2.33009 -13 1680 1 0 1
2.32164 -0.788169 125.556 1.55075 -0.611556 58.2863 0.175687 -13 1681 1 0 1
16.3981 12.9456 125.556 7.63072 6.48922 49.1598 0.292133 -13 1682 1 0 1
17.8391 -11.8509 125.556 9.76952 -6.76355 66.1968 -0.0699647 -13 1683 1 0 1
20.4656 4.62927 125.556 10.6156 2.66224 60.3322 2.74055 -13 1684 1 0 1
0.248936 -11.6921 125.556 -1.31342 -7.79152 74.0533 0.342422 -13 1685 1 0 1
-1.92663 15.0315 125.556 -0.362963 7.37312 56.3956 3.08943 -13 1686 1 0 1
-8.8802 -23.091 125.556 -3.71672 -12.5034 56.7825 0.575749 -13 1687 1 0 1
20.3282 14.4332 125.556 10.3327 7.58575 58.1432 -0.334898 -13 1688 1 0 1
5.79167 1.56438 125.556 2.72309 -0.0342927 72.4658 -0.440719 -13 1690 1 0 1
-1.37005 -9.87532 125.556 -1.75824 -6.70709 70.6213 0.105484 -13 1691 1 0 1
-1.31264 -3.50641 125.556 -0.199022 -1.64524 59.009 0.531884 -13 1692 1 0 1
15.3138 -11.7066 125.556 5.03403 -3.31446 32.7151 -1.10446 -13 1693 1 0 1
10.2134 1.31587 125.556 5.56778 0.198524 57.8572 0.821885 -13 1694 1 0 1
2.87558 1.38037 125.556 1.1184 0.508323 71.756 0.6415 -13 1695 1 0 1
-22.0154 -6.75158 125.556 -17.1353 -4.79302 77.3681 1.56054 -13 1696 1 0 1
27.6743 12.3504 125.556 11.8802 5.12412 47.2261 -0.391573 -13 1697 1 0 1
-8.55234 6.12436 125.556 -3.61713 2.23696 55.4807 1.05649 -13 1698 1 0 1
6.99441 2.79674 125.556 3.8272 1.95919 66.2267 -1.37707 -13 1699 1 0 1
-4.04849 6.38855 125.556 -3.09195 2.29545 71.5417 0.735161 -13 1700 1 0 1
-1.43341 -1.84537 125.556 -2.04185 -1.8158 73.1553 -1.17573 -13 1701 1 0 1
3.97573 1.78944 125.556 1.61619 1.63803 70.7578 1.39026 -13 1702 1 0 1
10.5198 -3.20483 125.556 5.76783 -2.24732 68.6913 0.837556 -13 1703 1 0 1
-10.7477 -19.85 125.556 -4.47075 -9.01964 54.0501 -0.201853 -13 1704 1 0 1
-13.9679 -1.59903 125.556 -9.80531 0.0203175 72.9724 -0.352585 -13 1705 1 0 1
-10.575 -24.2981 125.556 -8.65022 -17.5406 76.309 0.522289 -13 1706 1 0 1
4.4548 -17.5461 125.556 2.51227 -8.20794 54.4389 -0.426998 -13 1707 1 0 1
-11.9089 13.454 125.556 -7.78152 8.7544 69.5086 0.107624 -13 1708 1 0 1
-6.06937 10.1645 125.556 -2.92023 5.8489 60.3405 -0.532473 -13 1709 1 0 1
9.68294 37.4526 125.556 3.9637 14.1497 38.2252 0.457374 -13 1710 1 0 1
13.7526 17.0401 125.556 7.41882 9.69924 62.0971 0.518331 -13 1711 1 0 1
16.9598 -22.3255 125.556 7.50132 -8.8731 44.9744 1.65866 -13 1712 1 0 1
-7.25139 -14.5821 125.556 -2.81865 -6.84472 56.7896 1.51619 -13 1713 1 0 1
-4.44688 10.4223 125.556 -3.72623 6.92137 73.796 0.183655 -13 1714 1 0 1
10.2861 -12.5484 125.556 5.62021 -8.66476 62.7378 0.361638 -13 1715 1 0 1
-6.86949 12.9836 125.556 -2.97242 6.56103 57.0738 3.42365 -13 1716 1 0 1
13.4316 -9.28669 125.556 6.02011 -3.74754 48.1695 2.26047 -13 1717 1 0 1
22.3442 -9.57899 125.556 12.4013 -6.74072 70.7842 -0.112892 -13 1718 1 0 1
-2.6831 -7.78601 125.556 -2.60566 -5.12244 71.0293 0.0896146 -13 1719 1 0 1
-8.19981 5.14728 125.556 -5.22298 3.68751 69.1633 0.104225 -13 1720 1 0 1
20.7853 11.265 125.556 11.5329 7.2822 70.0811 0.939411 -13 1721 1 0 1
16.9851 2.99746 125.556 9.40107 1.36976 68.6314 0.878483 -13 1722 1 0 1
15.4951 3.62125 125.556 8.63545 2.1421 76.8243 -1.12331 -13 1723 1 0 1
-3.98605 -22.1084 125.556 -1.0016 -9.96061 51.8491 1.48055 -13 1724 1 0 1
29.0773 -8.99765 125.556 15.1301 -4.04849 59.8175 1.1789 -13 1725 1 0 1
-0.28444 -21 125.556 0.520755 -9.7639 51.8141 1.67863 -13 1726 1 0 1
15.8257 1.88992 125.556 8.72089 1.12295 69.909 2.27273 -13 1727 1 0 1
-8.38016 12.1505 125.556 -4.15947 7.04536 61.472 2.14023 -13 1728 1 0 1
-20.1207 16.3827 125.556 -10.0365 9.75904 59.1696 2.8467 -13 1729 1 0 1
11.6784 -5.49198 125.556 5.83202 -2.80051 50.4958 0.18775 -13 1731 1 0 1
-4.97957 10.962 125.556 -3.40738 7.11648 68.8108 1.34904 -13 1732 1 0 1
8.70823 -1.90946 125.556 4.61992 -1.24004 61.4089 -0.633535 -13 1733 1 0 1
1.6252 -8.45585 125.556 -0.0259249 -4.84213 74.6185 -1.75145 -13 1734 1 0 1
5.76261 1.15947 125.556 3.34739 -0.944938 61.4667 -0.729043 -13 1735 1 0 1
-8.20647 8.95011 125.556 -5.3666 4.85222 68.0226 0.0105186 -13 1736 1 0 1
-0.183286 1.05181 125.556 0.700805 -0.424699 48.7484 0.449764 -13 1737 1 0 1
16.8616 16.9165 125.556 8.76654 8.85837 58.4665 -0.684673 -13 1738 1 0 1
0.444076 6.35276 125.556 0.881893 2.22752 43.0499 2.07784 -13 1739 1 0 1
17.1217 -11.0927 125.556 9.22365 -7.63038 69.6733 -0.0798435 -13 1740 1 0 1
-2.57943 -10.903 125.556 -1.69567 -8.27311 65.0907 1.4951 -13 1741 1 0 1
-14.2812 -11.8196 125.556 -6.05913 -5.05609 53.9946 1.90445 -13 1742 1 0 1
15.2682 24.3917 125.556 8.04102 14.3691 65.0414 1.69255 -13 1743 1 0 1
32.651 -4.51806 125.556 15.9566 -3.26677 57.343 0.00477117 -13 1744 1 0 1
-2.16522 8.69088 125.556 -1.94473 5.09318 69.2793 2.96497 -13 1745 1 0 1
0.0339277 -12.4183 125.556 -0.671862 -8.87551 70.681 0.0176248 -13 1746 1 0 1
4.7383 7.59202 125.556 3.07587 3.96339 50.8158 -0.773314 -13 1747 1 0 1
0.182882 -1.92308 125.556 -0.949622 -1.99646 73.8581 1.26803 -13 1749 1 0 1
8.08302 7.4424 125.556 4.85251 3.6874 66.4791 0.726744 -13 1750 1 0 1
12.7406 32.6367 125.556 6.69111 19.9768 66.9568 2.4451 -13 1751 1 0 1
-1.72028 2.46133 125.556 -0.00833048 0.349867 45.6004 1.64954 -13 1753 1 0 1
10.1777 -4.82566 125.556 5.4116 -2.81907 72.0959 0.898123 -13 1754 1 0 1
-1.08535 -8.99192 125.556 -0.564066 -3.74215 64.1898 2.94366 -13 1755 1 0 1
29.2512 7.53317 125.556 15.5272 4.98769 60.9189 -0.756901 -13 1756 1 0 1
3.79461 -4.5159 125.556 1.63232 -3.65139 69.2758 0.883757 -13 1757 1 0 1
-3.42672 -4.75746 125.556 -1.2838 -2.3903 58.8879 -0.684276 -13 1758 1 0 1
14.83 -8.47784 125.556 6.57343 -3.38001 47.6859 -1.31268 -13 1759 1 0 1
-31.5455 5.78277 125.556 -19.0533 1.79124 67.4151 0.525246 -13 1760 1 0 1
34.9898 -2.48674 125.556 15.3201 -0.780683 49.984 -0.84697 -13 1761 1 0 1
3.37719 -19.0122 125.556 0.069173 -14.112 78.5075 1.47681 -13 1762 1 0 1
-15.7006 31.312 125.556 -7.44701 16.9617 57.861 2.27877 -13 1763 1 0 1
-15.6602 3.62345 125.556 -6.32689 2.40777 52.872 0.37722 -13 1764 1 0 1
-18.3042 -27.4502 125.556 -7.80472 -13.3365 53.2356 1.13117 -13 1765 1 0 1
-29.5824 15.9196 125.556 -19.7515 10.5344 72.6412 3.79944 -13 1766 1 0 1
-10.7507 17.1417 125.556 -6.36398 10.3925 65.8079 -0.287233 -13 1767 1 0 1
18.2745 -11.6086 125.556 9.92831 -8.14227 73.2501 0.178871 -13 1768 1 0 1
-21.5416 -4.86552 125.556 -12.1804 -2.26006 64.9466 1.88851 -13 1770 1 0 1
4.93225 15.8694 125.556 2.90939 9.57128 62.2524 1.18182 -13 1771 1 0 1
-15.3003 -1.43446 125.556 -10.7849 -1.60038 73.3282 1.09057 -13 1772 1 0 1
-17.4175 -19.0182 125.556 -2.39438 -2.97881 18.6866 -0.59622 -13 1773 1 0 1
-10.6117 -8.47237 125.556 -8.29113 -6.35929 75.1705 1.38425 -13 1774 1 0 1
-2.42911 8.89104 125.556 -0.399682 4.91569 49.6578 1.35589 -13 1775 1 0 1
12.8086 -14.6042 125.556 6.77799 -9.72625 73.8501 1.039 -13 1776 1 0 1
5.89284 19.3172 125.556 3.21552 10.4275 57.2177 -0.10361 -13 1777 1 0 1
3.80888 -7.38413 125.556 2.05986 -2.23271 45.4895 3.20509 -13 1779 1 0 1
8.42025 4.13306 125.556 3.92745 1.639 75.2693 0.387936 -13 1780 1 0 1
10.793 -29.7477 125.556 4.79214 -11.8827 46.2049 2.06105 -13 1781 1 0 1
3.67856 -7.79494 125.556 1.89571 -3.73749 38.4579 2.91968 -13 1782 1 0 1
4.24767 15.9506 125.556 2.26688 6.34138 59.0526 1.70435 -13 1783 1 0 1
-17.095 20.1391 125.556 -7.0151 9.7468 51.7468 0.194976 -13 1784 1 0 1
13.5748 8.35005 125.556 6.90327 3.98909 52.9024 1.77219 -13 1785 1 0 1
21.0857 -21.9602 125.556 10.4959 -11.7985 57.8993 1.03699 -13 1786 1 0 1
0.0659376 6.75199 125.556 0.033964 3.33855 59.9684 2.36577 -13 1787 1 0 1
5.09555 -2.56241 125.556 2.87193 -1.75335 58.5138 0.802793 -13 1788 1 0 1
15.2067 -12.7156 125.556 7.75661 -5.08254 55.718 0.882488 -13 1789 1 0 1
11.1802 -5.93855 125.556 5.70887 -5.80226 77.5179 -0.452068 -13 1790 1 0 1
-9.20201 -12.6536 125.556 -8.98151 -9.56425 76.3993 -0.426977 -13 1791 1 0 1
-7.26076 3.57581 125.556 -3.43401 2.45291 59.9748 1.38797 -13 1792 1 0 1
-12.3737 14.0658 125.556 -8.27441 8.05858 70.4673 1.25197 -13 1793 1 0 1
-10.0918 -9.08209 125.556 -7.34066 -5.79811 72.8018 0.599301 -13 1794 1 0 1
-11.9469 0.237946 125.556 -7.50751 2.47227 69.693 -0.174395 -13 1795 1 0 1
-5.97597 2.86338 125.556 -3.23183 1.48782 64.7159 0.560041 -13 1796 1 0 1
-6.17207 7.73668 125.556 -6.04958 7.26817 78.3879 1.15059 -13 1797 1 0 1
-0.412028 6.38229 125.556 -1.71639 3.89902 75.5772 0.733431 -13 1798 1 0 1
6.70601 5.38915 125.556 3.53178 3.67914 68.0696 1.66899 -13 1799 1 0 1
-2.71374 -14.6972 125.556 -1.07447 -9.28163 59.2915 1.3665 -13 1800 1 0 1
-16.843 4.06445 125.556 -14.3768 1.36667 78.7508 -0.461232 -13 1801 1 0 1
2.98935 8.40249 125.556 1.28862 5.73668 68.7866 1.57679 -13 1802 1 0 1
27.8061 -14.3679 125.556 14.3059 -7.56138 59.756 1.61478 -13 1803 1 0 1
-4.47863 4.73579 125.556 -0.1358 1.33214 29.0127 1.95956 -13 1804 1 0 1
4.46313 22.7861 125.556 2.0565 12.1175 65.3411 0.64985 -13 1805 1 0 1
-7.22714 5.16231 125.556 -4.53218 3.22301 68.0567 1.99964 -13 1806 1 0 1
8.49607 -4.45081 125.556 4.34352 -0.479827 70.6556 1.52046 -13 1807 1 0 1
-3.5612 -15.0449 125.556 -2.05267 -8.77931 63.1846 2.74628 -13 1808 1 0 1
-3.32843 -12.6009 125.556 -2.10184 -6.1355 65.9047 1.2219 -13 1809 1 0 1
16.0002 -1.84529 125.556 7.6774 -1.34381 53.7579 0.607551 -13 1810 1 0 1
-9.22198 11.8458 125.556 -5.23127 6.82848 64.5482 -0.255736 -13 1811 1 0 1
2.13927 -16.5163 125.556 1.41486 -6.92994 56.93 1.75868 -13 1812 1 0 1
8.46216 6.63025 125.556 4.46417 2.90982 62.214 2.01456 -13 1813 1 0 1
3.95511 22.7357 125.556 2.00484 14.1844 65.6658 0.0406951 -13 1814 1 0 1
-5.79686 9.14762 125.556 -3.23326 4.15156 66.0334 -0.232584 -13 1815 1 0 1
18.6697 9.23941 125.556 10.0655 6.05041 66.8284 0.320243 -13 1816 1 0 1
-5.28167 -29.4526 125.556 -3.15758 -16.7199 64.4355 1.84941 -13 1817 1 0 1
-3.63607 4.32815 125.556 -1.48283 2.1123 60.0225 2.65853 -13 1818 1 0 1
11.2201 6.9027 125.556 4.69361 2.97086 38.4816 1.16715 -13 1819 1 0 1
-14.6662 -30.9419 125.556 -6.17379 -14.5087 51.9206 1.62157 -13 1820 1 0 1
7.932 -44.1072 125.556 4.17013 -22.43 61.0614 0.436491 -13 1821 1 0 1
7.48746 20.4571 125.556 3.69587 12.0123 67.7207 0.87886 -13 1823 1 0 1
-9.66381 5.76825 125.556 -7.18995 3.13259 73.1844 0.58497 -13 1824 1 0 1
-3.50649 -3.65189 125.556 -5.37228 -2.66851 79.6542 0.340491 -13 1825 1 0 1
-3.70144 12.6828 125.556 -2.68591 7.88352 70.1709 -0.45823 -13 1826 1 0 1
35.8534 -12.4414 125.556 15.6045 -5.40695 50.3607 0.433544 -13 1827 1 0 1
-14.8542 -14.1585 125.556 -7.13265 -7.55645 58.7585 1.00236 -13 1828 1 0 1
-12.1303 -22.6175 125.556 -5.73108 -10.8733 57.1051 1.20216 -13 1829 1 0 1
-2.81353 -7.50685 125.556 -2.49802 -4.61559 69.1642 0.408866 -13 1830 1 0 1
15.789 31.383 125.556 8.33151 17.528 65.0076 0.783037 -13 1831 1 0 1
-9.87619 3.01026 125.556 -5.41384 1.3449 65 1.893 -13 1832 1 0 1
8.42027 25.2677 125.556 4.26494 15.9429 65.4321 -0.781788 -13 1833 1 0 1
-4.16497 8.30037 125.556 -2.48536 4.98503 65.8915 3.445 -13 1834 1 0 1
3.51421 2.83108 125.556 2.0608 1.79599 53.9803 2.10065 -13 1835 1 0 1
1.71957 17.5982 125.556 0.489232 10.9363 67.2579 2.43356 -13 1836 1 0 1
-24.4087 -1.17265 125.556 -15.0585 -1.69373 69.0428 0.55688 -13 1837 1 0 1
21.0368 -1.59995 125.556 10.3977 -0.33405 56.6808 -1.1194 -13 1838 1 0 1
-20.29 8.54927 125.556 -14.2381 3.6856 73.7724 1.64024 -13 1839 1 0 1
-27.6783 10.0525 125.556 -6.37108 3.46457 29.6765 -0.155492 -13 1840 1 0 1
-4.35109 12.7609 125.556 -3.00337 9.4993 65.7471 -1.87098 -13 1841 1 0 1
-6.62834 12.2528 125.556 -3.91135 9.16926 66.5463 1.34682 -13 1842 1 0 1
3.76488 -3.76993 125.556 1.09023 -3.23671 74.4099 0.73166 -13 1843 1 0 1
-6.28385 -4.79337 125.556 -3.0629 -3.81698 60.3694 1.90726 -13 1844 1 0 1
10.9711 -0.186758 125.556 5.42867 -0.58412 48.4777 1.30125 -13 1845 1 0 1
-22.7034 5.51608 125.556 -13.5262 3.75269 67.0537 2.59765 -13 1846 1 0 1
-11.5493 3.81533 125.556 -9.14729 1.93923 76.4889 -0.690559 -13 1847 1 0 1
20.7724 14.9983 125.556 10.0414 8.08215 54.2558 1.83753 -13 1848 1 0 1
-13.375 13.9412 125.556 -8.65568 8.87616 69.5623 1.85658 -13 1849 1 0 1
4.43801 -6.23403 125.556 2.66128 -3.77191 62.124 1.56347 -13 1850 1 0 1
3.34199 14.9302 125.556 2.15611 6.92685 53.304 3.12819 -13 1851 1 0 1
10.2958 5.10777 125.556 5.17336 3.72355 76.8317 1.11471 -13 1852 1 0 1
0.157559 16.1297 125.556 -0.0540334 9.27446 65.5904 1.25868 -13 1853 1 0 1
5.42754 -35.8619 125.556 2.58166 -11.9742 37.162 -0.398313 -13 1854 1 0 1
-47.3991 -18.4792 125.556 -20.1656 -9.48179 50.3295 0.620915 -13 1855 1 0 1
0.177007 3.73519 125.556 0.390642 1.78884 60.0525 2.82071 -13 1856 1 0 1
9.47322 2.8784 125.556 5.00375 0.430845 53.161 1.05354 -13 1857 1 0 1
19.0341 9.45086 125.556 9.26701 3.94822 49.6991 2.33835 -13 1858 1 0 1
18.2546 3.35702 125.556 10.24 2.74639 73.0442 1.77275 -13 1859 1 0 1
-10.2753 -25.7719 125.556 -3.27691 -11.2564 46.12 0.956347 -13 1860 1 0 1
-9.12322 -4.49269 125.556 -1.44157 -1.56831 27.9696 1.80739 -13 1861 1 0 1
4.86773 -5.62867 125.556 3.08788 -3.82844 51.3439 -1.31262 -13 1862 1 0 1
2.35736 -57.0364 125.556 1.42333 -24.3696 46.3815 0.215015 -13 1863 1 0 1
-23.5649 -14.6169 125.556 -13.9485 -8.47911 66.9257 1.48008 -13 1864 1 0 1
-5.81157 6.79233 125.556 -5.45535 5.48876 77.3937 1.45861 -13 1865 1 0 1
6.83798 -6.5959 125.556 3.67264 -4.44739 61.5901 0.609813 -13 1866 1 0 1
-25.2623 -10.0324 125.556 -13.3322 -5.89777 61.2533 1.3741 -13 1867 1 0 1
-27.3801 10.2744 125.556 -20.1357 5.84028 75.5964 1.22644 -13 1868 1 0 1
-21.704 15.1648 125.556 -6.64477 5.76474 37.9276 1.52483 -13 1869 1 0 1
0.988328 8.76084 125.556 0.491575 5.68585 65.1847 1.70703 -13 1870 1 0 1
-21.0378 -2.57986 125.556 -10.8048 -0.407669 61.3501 1.73909 -13 1871 1 0 1
19.7477 4.58092 125.556 10.1756 2.56099 59.6909 0.794175 -13 1872 1 0 1
-26.3228 -2.93706 125.556 -17.667 -1.62356 72.5713 1.29319 -13 1873 1 0 1
26.3685 -5.37431 125.556 15.4616 -4.31629 76.5865 -1.5614 -13 1874 1 0 1
7.79543 6.07538 125.556 4.31709 1.8735 60.5854 3.18432 -13 1875 1 0 1
-8.56772 -11.1331 125.556 -4.97047 -5.17648 65.5249 0.973611 -13 1876 1 0 1
-8.40974 -5.86396 125.556 -5.97876 -4.28426 70.5964 2.21769 -13 1877 1 0 1
15.016 -16.518 125.556 8.16847 -10.8745 66.8379 0.423366 -13 1878 1 0 1
19.5888 -12.9259 125.556 10.4707 -6.85423 64.7227 -0.341844 -13 1879 1 0 1
-4.33354 -4.40125 125.556 -2.655 -2.30067 65.3394 2.26998 -13 1880 1 0 1
-18.3902 -16.2222 125.556 -5.94153 -6.34589 43.035 1.29586 -13 1881 1 0 1
-6.60412 0.36212 125.556 -3.16167 0.490195 60.2574 0.507276 -13 1882 1 0 1
-12.3244 11.9123 125.556 -7.89164 8.464 69.4721 0.865417 -13 1883 1 0 1
-19.6215 -5.52978 125.556 -12.3682 -3.04459 69.9317 0.532642 -13 1884 1 0 1
15.8739 -11.2407 125.556 7.02122 -5.5639 46.402 0.832016 -13 1885 1 0 1
6.36728 -8.90166 125.556 3.44243 -5.13561 68.7722 2.11718 -13 1886 1 0 1
-41.0481 12.0888 125.556 -9.47005 3.63909 28.6399 -1.76809 -13 1887 1 0 1
-13.6379 -8.66722 125.556 -6.74919 -6.23675 61.7955 -0.213361 -13 1888 1 0 1
-16.5321 11.1355 125.556 -5.44807 5.30862 42.6789 -0.393447 -13 1889 1 0 1
28.5413 -10.7355 125.556 15.2834 -6.85186 64.1364 -0.321266 -13 1890 1 0 1
20.4875 6.18783 125.556 4.94653 1.8608 26.7426 1.24919 -13 1891 1 0 1
-0.225869 4.45498 125.556 0.665305 1.89913 51.4959 -0.193266 -13 1892 1 0 1
-20.5824 -11.3842 125.556 -12.1446 -6.26611 67.2715 1.44633 -13 1893 1 0 1
-22.061 4.18163 125.556 -13.725 3.30009 68.7657 0.641306 -13 1894 1 0 1
2.96241 -11.6146 125.556 1.26237 -6.14954 67.1456 0.73455 -13 1896 1 0 1
-11.3227 -5.46034 125.556 -5.77281 -2.44003 61.7609 1.86872 -13 1897 1 0 1
-3.46249 17.4017 125.556 -1.68272 10.4263 61.2022 1.4345 -13 1898 1 0 1
-10.4687 -8.98252 125.556 -6.00485 -5.01252 64.956 0.194319 -13 1899 1 0 1
-15.6175 -19.0049 125.556 -7.43207 -9.59733 57.7951 0.102715 -13 1900 1 0 1
37.3964 -0.110543 125.556 16.4087 0.35349 50.1469 2.35964 -13 1901 1 0 1
2.42484 0.631938 125.556 1.26123 0.224331 66.0319 -0.692644 -13 1902 1 0 1
30.3712 -0.295339 125.556 14.3917 -0.367236 54.2563 1.63144 -13 1903 1 0 1
-7.51178 8.31551 125.556 -4.03753 4.99833 63.9551 0.951661 -13 1904 1 0 1
-18.2268 4.86658 125.556 -13.2863 2.46055 75.6063 0.307536 -13 1905 1 0 1
4.50624 19.6815 125.556 2.23707 11.4346 66.052 0.418469 -13 1906 1 0 1
-2.39345 24.7616 125.556 -1.15353 14.1275 62.918 2.47021 -13 1907 1 0 1
-6.53471 -6.91834 125.556 -3.98415 -5.05248 68.8171 -0.04605 -13 1908 1 0 1
32.3757 7.07973 125.556 16.0849 2.90412 57.3512 3.52964 -13 1909 1 0 1
4.05259 7.76899 125.556 1.72425 3.26782 66.6102 -0.469505 -13 1910 1 0 1
-8.93277 -4.52819 125.556 -6.37344 -1.46622 72.5323 -1.70133 -13 1911 1 0 1
-9.3403 3.73463 125.556 -6.50781 3.17779 69.3319 0.942454 -13 1912 1 0 1
13.1527 -18.2465 125.556 7.06717 -10.856 75.761 -1.11553 -13 1913 1 0 1
-15.3419 24.2992 125.556 -8.81189 13.789 63.6753 0.559616 -13 1914 1 0 1
-34.6933 -29.2669 125.556 -20.946 -16.9072 67.0783 0.641842 -13 1915 1 0 1
-6.45678 -6.43673 125.556 -4.06568 -2.9281 66.9378 0.600123 -13 1916 1 0 1
20.1865 3.72634 125.556 10.7613 2.42002 64.6775 0.417578 -13 1917 1 0 1
-5.31451 -2.08045 125.556 -3.46112 -2.82743 67.2528 -0.2351 -13 1918 1 0 1
-0.869052 -11.2805 125.556 0.211819 -5.82828 52.3966 -0.718852 -13 1919 1 0 1
6.02346 31.2114 125.556 3.14925 15.5227 59.3936 -0.720635 -13 1920 1 0 1
2.50027 0.68422 125.556 -1.34225 1.42919 80.1209 1.89729 -13 1921 1 0 1
-16.2095 7.09455 125.556 -11.5115 4.98348 72.872 2.0168 -13 1922 1 0 1
-29.4149 -11.8502 125.556 -13.4349 -6.59265 54.9989 2.2057 -13 1923 1 0 1
0.299291 11.4453 125.556 0.0869355 6.9765 65.0688 2.48638 -13 1924 1 0 1
-13.2433 -68.0471 125.556 -2.81087 -18.5999 29.899 2.453 -13 1925 1 0 1
-23.3642 -23.6586 125.556 -6.96845 -9.13733 38.0608 0.242301 -13 1926 1 0 1
6.48805 -31.7222 125.556 3.34241 -16.4014 54.3638 1.53411 -13 1927 1 0 1
10.2474 -10.4933 125.556 3.99461 -3.5564 37.2417 -0.345216 -13 1928 1 0 1
-17.1765 -0.72641 125.556 -13.4062 0.903086 77.8798 0.749786 -13 1929 1 0 1
-5.08081 23.0631 125.556 -4.15299 15.4459 70.6492 2.93391 -13 1930 1 0 1
1.97491 23.0823 125.556 0.859539 12.5948 64.2187 -1.90861 -13 1931 1 0 1
12.14 -16.8544 125.556 6.49418 -10.0243 69.5021 0.331795 -13 1932 1 0 1
28.8764 -0.302505 125.556 16.9988 0.619019 77.1858 1.63319 -13 1933 1 0 1
-13.3276 3.25587 125.556 -5.13751 1.8536 48.7284 0.469514 -13 1934 1 0 1
16.0187 -3.66583 125.556 8.94892 -2.00747 63.7226 0.792023 -13 1935 1 0 1
23.9296 5.53488 125.556 11.6536 2.2555 55.4197 -0.532261 -13 1936 1 0 1
4.82426 -16.8173 125.556 2.84038 -11.1558 59.493 -0.612636 -13 1937 1 0 1
35.5182 -17.5584 125.556 19.9991 -10.3689 68.4994 1.01998 -13 1939 1 0 1
-22.2444 -7.96225 125.556 -12.0683 -4.87631 63.3502 -0.389403 -13 1941 1 0 1
-2.38111 15.3817 125.556 -2.56724 9.89818 72.716 2.20374 -13 1942 1 0 1
-3.94121 14.6633 125.556 -2.74064 8.24946 67.5172 1.36496 -13 1943 1 0 1
22.3205 22.376 125.556 11.7171 13.4352 62.8111 0.0079162 -13 1944 1 0 1
7.20332 3.37811 125.556 3.90857 2.31311 65.5192 -0.238928 -13 1945 1 0 1
-6.8562 7.65475 125.556 -3.82344 4.17516 63.0657 0.418941 -13 1946 1 0 1
4.17826 10.3028 125.556 2.6562 4.39102 61.5991 1.16309 -13 1947 1 0 1
-2.16726 21.8901 125.556 -2.27189 13.9755 70.9276 0.972009 -13 1948 1 0 1
-12.1489 6.02696 125.556 -5.75927 3.00103 59.5115 0.673947 -13 1950 1 0 1
11.2481 6.14565 125.556 6.15129 3.11007 61.9581 1.25411 -13 1951 1 0 1
16.9997 0.984044 125.556 9.03903 -0.164503 58.6304 -0.801556 -13 1952 1 0 1
33.7458 -6.93044 125.556 16.1114 -3.50551 54.968 -0.193461 -13 1953 1 0 1
8.70038 -1.73382 125.556 4.64528 -0.605601 65.7679 -1.09938 -13 1954 1 0 1
-30.0943 -15.6116 125.556 -13.8118 -7.49791 54.8428 0.776757 -13 1955 1 0 1
-14.9109 -11.5681 125.556 -6.68042 -5.42085 53.7636 0.431714 -13 1956 1 0 1
-21.7007 21.0261 125.556 -7.77277 9.47065 45.4375 0.88476 -13 1957 1 0 1
3.00972 -3.89982 125.556 1.47695 -3.05329 67.5909 -1.93716 -13 1958 1 0 1
0.375587 5.14513 125.556 0.813516 2.07239 37.6055 0.665792 -13 1959 1 0 1
12.5216 -17.0678 125.556 6.71161 -9.64708 67.0735 -0.959508 -13 1960 1 0 1
-13.5476 1.86434 125.556 -5.93152 0.574264 55.7568 -1.31445 -13 1961 1 0 1
1.40433 -14.1002 125.556 1.12921 -3.35829 33.3272 2.87222 -13 1962 1 0 1
11.4172 -2.23424 125.556 4.04931 -1.46216 78.3458 -0.803261 -13 1963 1 0 1
17.939 -22.3332 125.556 8.17544 -9.68679 49.2829 -0.437748 -13 1964 1 0 1
-7.46307 -27.0128 125.556 -4.41995 -16.43 63.6297 1.45258 -13 1965 1 0 1
8.16718 -6.62337 125.556 4.19699 -2.93252 48.7584 0.864415 -13 1966 1 0 1
9.19292 -7.2409 125.556 5.00962 -4.85145 68.2688 0.96914 -13 1967 1 0 1
-16.1307 27.3821 125.556 -10.2057 17.9173 68.5725 1.36907 -13 1968 1 0 1
15.2561 0.372371 125.556 8.4054 -3.91633 72.5922 -0.176787 -13 1969 1 0 1
-1.91061 -6.82349 125.556 -1.33047 -4.46029 66.0545 0.946363 -13 1970 1 0 1
-2.16569 20.9304 125.556 -1.91265 13.792 69.6078 1.40533 -13 1971 1 0 1
4.53974 11.8346 125.556 2.45003 5.93491 52.1166 0.822381 -13 1972 1 0 1
-10.1536 1.93601 125.556 -6.94294 0.815978 71.3321 2.17169 -13 1973 1 0 1
16.8933 -6.31017 125.556 8.54001 -4.94902 55.6177 2.37276 -13 1974 1 0 1
-2.10888 -10.7302 125.556 -1.70444 -5.42304 69.4693 0.189286 -13 1975 1 0 1
4.74428 17.6669 125.556 2.51898 10.333 64.2099 -0.741221 -13 1976 1 0 1
-13.9294 -18.5769 125.556 -7.37225 -8.50235 61.5144 0.304933 -13 1977 1 0 1
14.093 -24.8465 125.556 7.71246 -12.0586 61.5256 -1.05115 -13 1978 1 0 1
-25.9723 -16.3576 125.556 -19.2527 -10.9222 76.3367 2.67948 -13 1979 1 0 1
-12.9696 -27.2731 125.556 -8.32277 -19.03 68.1279 2.27091 -13 1980 1 0 1
-9.97344 5.46622 125.556 -8.62767 2.10679 78.6221 0.105624 -13 1981 1 0 1
-13.9372 8.11432 125.556 -5.61568 3.17373 51.955 -0.154587 -13 1982 1 0 1
27.3425 -0.137696 125.556 14.3708 0.650434 61.8884 -0.739773 -13 1983 1 0 1
8.77253 -25.5858 125.556 4.5977 -13.0449 58.7191 0.78373 -13 1984 1 0 1
9.49564 -11.9577 125.556 3.90278 -7.7259 79.0715 -0.229853 -13 1985 1 0 1
-9.07948 -11.5662 125.556 -7.31399 -8.22292 75.2435 -0.249307 -13 1986 1 0 1
3.90305 -11.4343 125.556 2.37951 -7.03518 59.1312 1.27688 -13 1987 1 0 1
31.1664 21.9248 125.556 15.5436 12.0191 56.9908 1.4151 -13 1988 1 0 1
4.14752 4.98355 125.556 2.01448 0.791446 62.8628 0.316363 -13 1990 1 0 1
-21.6736 -4.32174 125.556 -10.8812 -2.74371 59.0386 1.69203 -13 1991 1 0 1
16.9104 -0.537245 125.556 8.70621 -0.601014 58.2514 1.20398 -13 1992 1 0 1
17.2076 10.1692 125.556 7.16194 6.23408 45.3748 0.829263 -13 1993 1 0 1
33.4276 53.5763 125.556 15.3898 25.374 54.201 1.33079 -13 1994 1 0 1
-9.82866 6.29239 125.556 -3.68419 3.35796 53.9144 1.70069 -13 1995 1 0 1
3.94268 7.05178 125.556 2.81534 3.63074 54.3543 -0.840231 -13 1996 1 0 1
-18.9755 -15.7578 125.556 -7.33944 -5.74898 48.8265 -1.54786 -13 1997 1 0 1
19.537 -10.4148 125.556 5.43725 -2.41352 28.8836 2.73614 -13 1998 1 0 1
-8.3101 -6.58347 125.556 -4.4833 -4.5883 62.2111 -0.648019 -13 1999 1 0 1
-1.33103 15.4977 125.556 -1.51755 9.76287 69.0655 0.847066 -13 2000 1 0 1
-9.81841 -14.8621 125.556 -6.33881 -8.88435 68.9413 1.28389 -13 2001 1 0 1
-2.08722 -14.337 125.556 -2.17913 -8.03024 72.1712 -0.858765 -13 2002 1 0 1
17.7639 2.3594 125.556 7.05022 1.13504 43.3664 1.17216 -13 2003 1 0 1
2.25052 -16.0279 125.556 1.26108 -9.29966 63.5706 -0.212607 -13 2004 1 0 1
20.0917 -1.43782 125.556 6.60047 -0.0055422 33.2387 2.98709 -13 2005 1 0 1
-10.9513 0.966702 125.556 -5.57309 1.33691 62.0281 -0.792176 -13 2006 1 0 1
1.05627 -1.26996 125.556 0.539128 -1.08578 65.8345 0.906377 -13 2007 1 0 1
6.17111 0.768655 125.556 3.06753 0.901065 69.3024 1.77465 -13 2008 1 0 1
11.8844 -15.443 125.556 5.93971 -8.40464 54.0406 -0.393047 -13 2009 1 0 1
-2.33448 21.5625 125.556 -1.71211 12.8407 65.4751 1.19927 -13 2010 1 0 1
-9.16634 4.13883 125.556 -5.65167 0.786705 66.8937 -0.896947 -13 2011 1 0 1
3.50255 -11.8032 125.556 1.3085 -7.08322 69.3479 2.08109 -13 2012 1 0 1
9.66912 14.8774 125.556 4.89476 8.82607 66.3871 0.80907 -13 2013 1 0 1
13.4628 22.7912 125.556 5.77149 9.12641 44.2414 1.63452 -13 2014 1 0 1
-44.5996 -27.7827 125.556 -18.9784 -12.4555 50.5066 0.471472 -13 2017 1 0 1
6.98588 20.526 125.556 3.1497 11.6719 70.2261 2.29542 -13 2018 1 0 1
-2.98169 -0.251872 125.556 -1.77408 -0.401279 62.8242 0.708342 -13 2019 1 0 1
3.55287 10.3029 125.556 0.608 6.97906 76.7764 -1.45212 -13 2020 1 0 1
22.8141 0.960886 125.556 12.4046 0.870876 64.7573 0.269969 -13 2021 1 0 1
93.6274 -54.2109 125.556 26.761 -15.2823 33.429 0.00846871 -13 2022 1 0 1
-0.172618 1.91727 125.556 0.421203 -0.288356 62.5675 -0.503599 -13 2023 1 0 1
-12.6809 11.6986 125.556 -7.78368 5.13666 68.2726 -0.30904 -13 2024 1 0 1
-2.43799 16.6887 125.556 -1.01135 7.26036 57.0138 1.15916 -13 2025 1 0 1
-21.898 -8.84466 125.556 -11.9674 -4.58426 63.3154 2.36557 -13 2026 1 0 1
5.17876 -3.03503 125.556 1.77792 -0.34136 25.2433 3.50796 -13 2027 1 0 1
8.44895 1.24063 125.556 4.32075 0.866862 73.8258 1.46336 -13 2028 1 0 1
-7.8721 5.53244 125.556 -5.39597 3.91128 69.624 1.68876 -13 2029 1 0 1
-25.1809 -11.1096 125.556 -12.3358 -5.587 58.5447 1.21295 -13 2030 1 0 1
-11.5511 10.8361 125.556 -9.07461 7.4794 77.5594 -0.235451 -13 2031 1 0 1
8.73078 -4.50454 125.556 4.5186 -3.09482 71.7922 2.01349 -13 2032 1 0 1
-0.857303 -2.63976 125.556 -0.86315 -0.90029 66.1291 -1.59928 -13 2033 1 0 1
-4.48231 -12.9643 125.556 -2.11096 -6.23417 60.3527 1.61166 -13 2034 1 0 1
5.41776 8.47146 125.556 3.00323 3.928 53.082 2.0798 -13 2035 1 0 1
-7.80512 0.306529 125.556 -6.644 -1.42937 76.7217 -0.248557 -13 2036 1 0 1
-19.8915 -22.953 125.556 -10.9056 -12.8904 63.6126 -0.191012 -13 2037 1 0 1
27.8175 -6.45434 125.556 13.0999 -3.87316 53.848 0.99306 -13 2038 1 0 1
-5.40587 13.1708 125.556 -3.48607 8.11095 66.9892 1.08412 -13 2039 1 0 1
-4.85625 6.35062 125.556 -5.51076 5.13633 80.3857 2.22713 -13 2040 1 0 1
3.29028 4.9006 125.556 2.09105 2.8507 54.0703 0.30951 -13 2041 1 0 1
-20.7335 34.1445 125.556 -9.23383 16.3069 54.3309 0.302454 -13 2042 1 0 1
35.2222 -2.73929 125.556 17.8277 -1.65 61.2295 1.45474 -13 2043 1 0 1
-13.6199 -10.7556 125.556 -5.40289 -4.15338 52.2376 -1.2181 -13 2044 1 0 1
-1.11317 -9.7991 125.556 -1.39477 -7.39449 71.6925 1.69719 -13 2045 1 0 1
-2.6868 4.05139 125.556 -1.88182 1.56515 67.8458 1.58549 -13 2046 1 0 1
-21.3555 -19.3506 125.556 -13.6778 -11.777 69.6803 0.440521 -13 2047 1 0 1
-10.7855 3.49323 125.556 -8.02869 1.81317 73.8352 1.41845 -13 2048 1 0 1
8.52895 31.3046 125.556 4.24611 18.1822 65.0866 0.202 -13 2049 1 0 1
-11.9338 -34.6504 125.556 -7.13695 -20.7111 66.4174 1.59593 -13 2050 1 0 1
6.92792 5.74646 125.556 2.54655 1.9196 30.5325 1.40716 -13 2052 1 0 1
25.4776 9.12981 125.556 13.6666 5.0023 64.0652 0.118057 -13 2053 1 0 1
6.48863 18.6572 125.556 3.47767 9.43936 55.7019 -0.422931 -13 2054 1 0 1
4.8784 -27.7577 125.556 2.72754 -14.6423 57.1934 2.50694 -13 2055 1 0 1
-19.1284 3.04903 125.556 -10.8375 1.98184 64.359 -0.356799 -13 2056 1 0 1
5.00589 1.07359 125.556 2.85937 1.04216 60.4293 2.91638 -13 2057 1 0 1
5.92396 -11.5308 125.556 2.90855 -6.05327 62.5902 -0.637905 -13 2058 1 0 1
-10.8164 13.1524 125.556 -4.93885 5.88005 57.543 -1.9247 -13 2059 1 0 1
-11.4147 10.6459 125.556 -8.22958 4.25094 72.1823 2.37053 -13 2060 1 0 1
12.6491 -4.63035 125.556 6.74147 -2.96644 63.6876 1.34778 -13 2061 1 0 1
10.2334 0.399144 125.556 5.47357 -1.43436 72.7336 2.96684 -13 2062 1 0 1
3.97446 -23.6877 125.556 2.09142 -7.02835 38.5475 -0.631185 -13 2063 1 0 1
0.805697 -17.5134 125.556 0.408095 -12.1155 64.3475 0.674447 -13 2064 1 0 1
18.478 15.0566 125.556 9.39214 7.64496 57.6392 -0.953082 -13 2065 1 0 1
2.38412 6.74341 125.556 1.52887 2.13043 56.2991 0.663375 -13 2067 1 0 1
29.3287 -5.09533 125.556 15.7071 -4.20199 64.0623 -0.469408 -13 2068 1 0 1
-16.0162 -4.67668 125.556 -7.69116 -2.48697 58.0501 0.641893 -13 2069 1 0 1
-8.97753 -15.4279 125.556 -7.60415 -10.7898 76.6444 1.04011 -13 2070 1 0 1
-6.5189 4.10113 125.556 -2.25612 2.49058 51.7706 -0.392338 -13 2071 1 0 1
36.4695 30.7574 125.556 16.405 14.0508 51.5009 -1.17189 -13 2072 1 0 1
-7.03433 -24.5698 125.556 -3.14888 -13.4844 57.0983 1.78571 -13 2073 1 0 1
4.87503 2.89854 125.556 2.33767 0.884672 70.9818 0.000914972 -13 2074 1 0 1
-4.01956 -10.0432 125.556 -1.94056 -5.90078 59.2811 -1.06964 -13 2075 1 0 1
-2.92399 -8.44191 125.556 -1.7497 -4.65276 65.1935 1.08563 -13 2076 1 0 1
13.4796 -8.73777 125.556 7.4193 -4.82602 72.0809 0.740316 -13 2077 1 0 1
21.5878 18.8022 125.556 11.4021 11.1377 63.1295 0.494751 -13 2078 1 0 1
1.10697 -5.51216 125.556 0.479091 -4.89229 63.2682 0.332463 -13 2079 1 0 1
0.275347 2.36814 125.556 -0.411314 2.12677 69.3488 0.566404 -13 2080 1 0 1
0.115518 8.88325 125.556 -0.663883 5.33193 71.9884 2.4275 -13 2081 1 0 1
0.702803 18.2061 125.556 0.883408 8.91122 55.2574 0.259229 -13 2082 1 0 1
21.0211 20.8109 125.556 11.3 10.8507 63.7552 2.81899 -13 2083 1 0 1
4.51347 26.9503 125.556 2.37651 14.1732 59.1453 0.848346 -13 2085 1 0 1
2.85005 1.48843 125.556 1.23536 1.01722 68.1696 0.855787 -13 2086 1 0 1
5.5148 10.6145 125.556 3.08107 5.58086 62.2933 1.07427 -13 2087 1 0 1
-20.9988 -10.724 125.556 -15.4485 -6.6803 75.5428 -0.13109 -13 2089 1 0 1
5.51411 -8.20138 125.556 2.84435 -2.90461 40.4967 0.156691 -13 2090 1 0 1
-4.06606 -2.25439 125.556 -2.77863 -1.19586 69.3679 -1.12505 -13 2091 1 0 1
-2.5085 40.9594 125.556 -1.10545 21.6381 58.3934 1.01658 -13 2092 1 0 1
26.513 -30.8106 125.556 9.92535 -9.82245 41.1208 0.221791 -13 2093 1 0 1
-3.94504 -4.92826 125.556 -2.13331 -3.96529 61.7628 1.78942 -13 2094 1 0 1
3.34099 4.86945 125.556 0.89921 3.39401 74.829 1.44016 -13 2095 1 0 1
12.3143 -6.68085 125.556 6.5139 -3.03793 58.3787 0.673546 -13 2096 1 0 1
0.310359 -3.04321 125.556 0.0476823 -0.589127 59.4904 0.360595 -13 2097 1 0 1
-0.344749 33.1089 125.556 0.269979 15.6433 53.6419 0.483596 -13 2098 1 0 1
-21.139 -2.39988 125.556 -11.2767 -0.824631 62.9258 0.272968 -13 2099 1 0 1
-15.9953 -25.16 125.556 -5.43869 -9.91915 45.6829 0.530797 -13 2100 1 0 1
16.7662 -21.7194 125.556 8.11625 -10.3792 52.188 0.151475 -13 2101 1 0 1
-14.5968 -2.32077 125.556 -2.06644 -0.687487 20.6316 4.55011 -13 2102 1 0 1
-3.66741 -6.99539 125.556 -2.41015 -4.54043 66.4012 -0.0666925 -13 2103 1 0 1
4.77164 5.09994 125.556 2.35844 2.83073 69.5426 0.909399 -13 2104 1 0 1
2.81662 -17.446 125.556 0.0302298 -11.6295 77.8023 -0.479032 -13 2105 1 0 1
-6.2963 10.4022 125.556 -4.34015 6.85204 69.2426 0.610868 -13 2108 1 0 1
-4.99699 2.53219 125.556 -1.94952 1.22227 56.6572 -0.0412498 -13 2109 1 0 1
9.1795 31.538 125.556 4.98479 17.353 63.8915 0.559519 -13 2110 1 0 1
-13.5367 -24.2108 125.556 -5.45799 -11.7286 52.4195 2.14477 -13 2111 1 0 1
3.77841 8.97535 125.556 2.16355 4.82377 61.0699 -0.243457 -13 2112 1 0 1
-0.341015 2.72366 125.556 -0.926268 2.53435 71.4331 -0.336186 -13 2113 1 0 1
-6.99764 -19.9734 125.556 -2.79609 -9.88913 54.8847 2.19901 -13 2114 1 0 1
-18.4325 -19.4392 125.556 -9.94422 -10.9344 61.7465 3.30092 -13 2115 1 0 1
11.6316 -1.12933 125.556 6.49886 -1.10315 60.2968 0.57709 -13 2116 1 0 1
11.8415 16.0068 125.556 6.40373 8.62434 66.672 0.673883 -13 2117 1 0 1
-3.25578 12.278 125.556 -1.97522 6.47773 65.848 -0.549538 -13 2118 1 0 1
0.0710189 11.5935 125.556 -0.528855 5.18268 67.9676 0.677851 -13 2119 1 0 1
6.1432 -2.77841 125.556 3.58708 -0.962202 57.026 -1.91793 -13 2120 1 0 1
6.45456 16.4026 125.556 3.39147 8.69664 58.3427 2.66313 -13 2121 1 0 1
-16.4128 -8.74766 125.556 -8.27266 -5.40222 61.1384 2.36644 -13 2122 1 0 1
-0.11438 -0.590875 125.556 -1.42775 -0.374407 76.9657 1.20622 -13 2123 1 0 1
-22.6046 20.8859 125.556 -8.73283 7.69272 47.9962 3.37561 -13 2124 1 0 1
-14.3464 -11.0986 125.556 -6.34207 -5.23399 54.9293 0.0200842 -13 2125 1 0 1
-8.99229 16.3129 125.556 -7.24321 11.3716 75.5109 0.0893375 -13 2126 1 0 1
12.4157 -6.78095 125.556 6.628 -4.53075 60.8923 0.0581606 -13 2127 1 0 1
2.08595 -13.3327 125.556 0.817797 -6.85915 68.4969 2.92337 -13 2128 1 0 1
-9.57979 12.2696 125.556 -6.32789 7.75783 67.581 0.138317 -13 2129 1 0 1
-1.51739 7.80773 125.556 -0.810736 2.90103 64.5033 0.472574 -13 2130 1 0 1
-13.8114 -10.2443 125.556 -6.91714 -5.18768 60.4072 2.72157 -13 2131 1 0 1
8.25967 8.79738 125.556 3.85965 6.7727 77.1881 1.46208 -13 2132 1 0 1
-7.92491 17.512 125.556 -2.86262 10.8772 55.6406 1.15095 -13 2133 1 0 1
-7.38909 15.2402 125.556 -4.60125 10.229 67.0002 0.245019 -13 2134 1 0 1
49.4635 -26.799 125.556 26.0146 -13.8536 62.6093 1.73117 -13 2135 1 0 1
-15.3808 4.4625 125.556 -8.36106 2.60313 63.9348 1.23517 -13 2136 1 0 1
22.7907 16.8061 125.556 12.3175 8.36392 66.2009 -0.70812 -13 2137 1 0 1
-14.8112 13.5957 125.556 -8.89365 8.2512 67.8503 -0.350247 -13 2138 1 0 1
11.536 4.31259 125.556 6.29215 2.62342 71.659 1.80484 -13 2139 1 0 1
-25.9237 9.36902 125.556 -9.57722 4.34542 44.7474 0.00699663 -13 2140 1 0 1
9.69888 -16.7803 125.556 5.25263 -9.36788 64.0237 2.06374 -13 2141 1 0 1
15.3568 10.1521 125.556 8.17592 8.44443 77.1819 1.54896 -13 2142 1 0 1
12.2214 6.04152 125.556 6.10243 2.67397 53.3935 -0.128075 -13 2143 1 0 1
-23.8594 -8.15508 125.556 -11.5686 -4.12908 58.3337 0.351154 -13 2144 1 0 1
-24.731 3.49635 125.556 -3.2199 0.547127 17.698 4.53429 -13 2145 1 0 1
28.7003 -21.6095 125.556 14.6394 -11.7238 59.491 0.562 -13 2146 1 0 1
15.3003 28.6387 125.556 6.8553 12.245 47.9799 1.45637 -13 2147 1 0 1
3.58345 11.3004 125.556 2.28191 5.66769 58.1028 1.06875 -13 2148 1 0 1
-22.639 9.78016 125.556 -11.9165 5.28622 62.1432 0.906339 -13 2149 1 0 1
-4.69889 17.7024 125.556 -1.54365 8.72246 53.4944 -0.0598979 -13 2150 1 0 1
-10.2722 -0.0801011 125.556 -6.47294 -0.329575 68.4453 -0.926276 -13 2151 1 0 1
-28.86 3.19412 125.556 -15.6506 2.42574 62.69 0.140484 -13 2152 1 0 1
-18.4915 -20.0006 125.556 -8.42848 -9.2805 55.9949 -1.40086 -13 2153 1 0 1
36.3764 35.8182 125.556 15.4672 15.5045 47.7953 1.05197 -13 2154 1 0 1
3.43722 1.29668 125.556 1.87009 2.05889 64.7181 0.0425847 -13 2155 1 0 1
-3.30299 5.6228 125.556 -2.47662 2.64466 68.3244 2.96658 -13 2156 1 0 1
2.48882 -8.54502 125.556 -0.138494 -6.16991 79.3969 2.17187 -13 2157 1 0 1
-17.6762 -3.97579 125.556 -6.66761 -1.39232 48.7881 1.66002 -13 2158 1 0 1
-19.6048 -11.0019 125.556 -8.33947 -4.53358 53.2943 2.35435 -13 2159 1 0 1
-10.524 -26.7565 125.556 -4.87908 -14.9634 58.6751 2.35642 -13 2160 1 0 1
14.0694 5.21017 125.556 7.78171 3.14561 68.8643 2.79453 -13 2161 1 0 1
-13.9401 -6.17378 125.556 -11.8912 -5.58892 80.2067 2.61522 -13 2162 1 0 1
1.10788 11.2823 125.556 0.901749 6.17902 63.3817 1.32469 -13 2163 1 0 1
-6.04004 20.7169 125.556 -3.23032 12.9491 64.3662 0.214686 -13 2165 1 0 1
-10.9848 6.2237 125.556 -4.4584 2.96645 53.5386 -0.606033 -13 2166 1 0 1
4.83815 3.18213 125.556 2.06957 1.7894 70.5789 2.29054 -13 2167 1 0 1
-8.00186 -1.09305 125.556 -7.19205 -0.236991 78.2789 -0.211677 -13 2169 1 0 1
24.8257 -69.4622 125.556 7.82303 -20.6924 33.8088 1.57173 -13 2170 1 0 1
7.03124 16.2988 125.556 3.78274 8.31436 61.5707 3.48996 -13 2171 1 0 1
-12.6273 17.3702 125.556 -5.69478 8.54287 56.3483 0.103435 -13 2172 1 0 1
-22.8441 5.23737 125.556 -14.7967 1.74895 71.0351 -2.20825 -13 2173 1 0 1
-3.71175 -24.4932 125.556 -0.484436 -7.73323 41.9791 -0.719137 -13 2174 1 0 1
6.97733 15.941 125.556 3.71706 11.0886 67.8426 1.05065 -13 2175 1 0 1
-13.0531 -19.0372 125.556 -2.67968 -4.26365 28.1483 3.74034 -13 2176 1 0 1
-4.61727 -6.72553 125.556 -4.39712 -4.57601 75.8592 1.1958 -13 2177 1 0 1
-12.0653 -17.9397 125.556 -4.0153 -7.19958 43.9334 2.75708 -13 2178 1 0 1
-17.2605 2.62779 125.556 -10.8758 1.78869 68.5562 1.69579 -13 2179 1 0 1
1.15507 -38.2073 125.556 1.14916 -17.0768 50.2201 0.155385 -13 2180 1 0 1
-8.49372 21.6019 125.556 -5.59179 14.0481 69.7165 0.612365 -13 2181 1 0 1
-3.44298 -15.9261 125.556 -0.906803 -6.13254 50.4762 1.01504 -13 2182 1 0 1
8.64656 -7.45484 125.556 4.40286 -4.48921 66.9481 0.179916 -13 2183 1 0 1
-4.1013 1.85302 125.556 -4.13876 0.420277 75.5171 -0.02198 -13 2184 1 0 1
1.35802 -1.36056 125.556 -1.4956 -2.687 79.1976 1.03106 -13 2185 1 0 1
-3.46324 8.05707 125.556 -2.67615 5.33158 70.3788 1.55985 -13 2186 1 0 1
16.8731 -9.65033 125.556 9.3041 -5.94507 69.6152 0.54324 -13 2187 1 0 1
-24.0232 -15.3473 125.556 -17.1562 -10.0417 75.6327 2.11193 -13 2188 1 0 1
-1.60603 -28.8926 125.556 -0.437032 -15.0021 55.6733 1.99612 -13 2189 1 0 1
-11.5447 12.5037 125.556 -8.78868 9.03547 75.39 0.232478 -13 2190 1 0 1
-5.16361 -2.26705 125.556 -2.00392 -0.266636 54.1702 -0.473289 -13 2191 1 0 1
-14.1837 -2.6743 125.556 -10.2122 -0.0143586 73.8928 1.57023 -13 2192 1 0 1
-15.8932 1.65215 125.556 -5.97777 0.896471 50.7626 1.43584 -13 2193 1 0 1
-11.0108 -1.94565 125.556 -5.70219 -1.1365 60.6001 1.75205 -13 2194 1 0 1
-2.41378 -10.303 125.556 -2.12524 -5.97412 69.6393 2.28532 -13 2195 1 0 1
4.217 31.3497 125.556 0.840666 20.5739 74.735 1.30796 -13 2196 1 0 1
9.19667 4.18162 125.556 4.47094 3.77262 75.104 1.7496 -13 2197 1 0 1
-0.213065 -0.716856 125.556 -1.66194 -1.36171 76.9868 1.25054 -13 2198 1 0 1
0.496135 -0.316022 125.556 0.236877 0.837211 64.5063 1.97071 -13 2199 1 0 1
-6.01791 10.7294 125.556 -3.20624 5.39198 63.8702 0.832962 -13 2200 1 0 1
-3.09294 -12.5956 125.556 -1.39726 -5.83696 59.0088 2.48468 -13 2201 1 0 1
9.26153 11.2765 125.556 4.84802 7.09635 70.4459 3.04488 -13 2202 1 0 1
6.86997 4.97233 125.556 3.75969 3.28712 64.5498 2.62509 -13 2203 1 0 1
7.94435 -12.659 125.556 4.08587 -8.35314 68.984 2.05307 -13 2204 1 0 1
1.85038 21.3954 125.556 0.267063 14.5675 70.1983 1.74719 -13 2205 1 0 1
1.61357 28.5557 125.556 1.15479 12.754 52.3148 1.15055 -13 2206 1 0 1
-13.3982 -8.36207 125.556 -7.89317 -4.73744 66.9631 0.292941 -13 2207 1 0 1
-26.0306 -11.9849 125.556 -7.37587 -3.68208 35.9086 3.90001 -13 2208 1 0 1
-15.5443 9.26316 125.556 -7.43997 4.90759 57.5171 2.34051 -13 2209 1 0 1
27.0163 21.1532 125.556 12.3052 7.98896 49.9517 1.3708 -13 2210 1 0 1
-12.4342 -1.0731 125.556 -7.70873 -0.9927 68.9359 -1.75489 -13 2211 1 0 1
-3.73538 -10.2321 125.556 -3.52461 -5.87572 73.2765 0.192794 -13 2212 1 0 1
-8.52979 4.81259 125.556 -4.12611 2.23461 62.4517 1.79618 -13 2213 1 0 1
-21.9475 -10.3563 125.556 -15.466 -6.70529 74.9851 1.60567 -13 2214 1 0 1
-42.2136 56.9751 125.556 -18.648 24.7797 51.5809 -0.994095 -13 2215 1 0 1
-20.7432 -21.7264 125.556 -11.9984 -11.0554 64.8507 0.842879 -13 2216 1 0 1
5.68976 22.3905 125.556 2.78541 12.471 66.9457 3.28077 -13 2217 1 0 1
-12.5027 -19.7039 125.556 -5.52666 -8.23433 56.7122 1.0338 -13 2218 1 0 1
-9.48113 26.0684 125.556 -5.51301 14.4924 65.0524 -0.580735 -13 2219 1 0 1
6.47338 -3.50852 125.556 3.41209 -0.731121 66.517 1.00355 -13 2220 1 0 1
-10.3663 -10.9517 125.556 -5.31047 -5.20932 61.5523 1.24842 -13 2221 1 0 1
-9.09849 -5.38905 125.556 -2.47933 -1.04165 40.2477 1.60759 -13 2223 1 0 1
33.0288 -7.00487 125.556 18.9016 -3.99295 71.9596 0.00895163 -13 2224 1 0 1
10.275 12.8581 125.556 4.64455 5.28551 45.3777 1.48835 -13 2225 1 0 1
3.56042 5.02278 125.556 1.18976 2.23932 74.5495 0.318896 -13 2226 1 0 1
-1.69822 9.05491 125.556 -1.12257 4.61404 64.4358 0.497401 -13 2227 1 0 1
-3.44427 -4.51007 125.556 -2.80322 -0.672796 68.8541 1.31123 -13 2228 1 0 1
12.9459 -6.81944 125.556 5.79713 -6.22546 78.7725 2.9008 -13 2229 1 0 1
5.92053 8.02674 125.556 3.25563 4.13288 45.8315 1.83584 -13 2230 1 0 1
-19.8764 12.8272 125.556 -10.3262 6.81369 62.1722 -0.0667606 -13 2231 1 0 1
7.59825 10.5713 125.556 4.03106 6.49385 53.9223 0.610657 -13 2232 1 0 1
-13.8342 -16.1335 125.556 -8.2613 -9.29433 67.0911 -1.29417 -13 2233 1 0 1
0.816438 -3.70146 125.556 0.278938 -2.26266 63.233 -0.185467 -13 2234 1 0 1
7.84311 16.3893 125.556 3.9446 7.52192 50.3705 -0.718184 -13 2235 1 0 1
-14.2284 -5.00226 125.556 -7.44023 -3.91233 61.048 2.35979 -13 2236 1 0 1
-5.68584 5.08774 125.556 -6.27126 3.24079 81.417 3.83135 -13 2237 1 0 1
1.18024 5.71767 125.556 0.73462 3.45121 61.9358 1.98108 -13 2238 1 0 1
11.7033 -24.9465 125.556 6.06571 -14.1668 65.2743 3.57121 -13 2239 1 0 1
-14.6346 -10.7149 125.556 -10.0863 -7.83612 71.7487 0.218282 -13 2240 1 0 1
-3.71557 3.5706 125.556 -2.66808 2.9368 68.562 -0.718715 -13 2241 1 0 1
-3.0952 2.03678 125.556 -2.29199 1.32652 70.4592 1.86729 -13 2242 1 0 1
2.27313 23.6428 125.556 1.49949 12.0561 58.4859 0.818612 -13 2243 1 0 1
-9.21195 27.8764 125.556 -3.37429 13.4866 51.1401 1.04023 -13 2244 1 0 1
4.41618 8.42971 125.556 2.13291 5.84232 69.5764 1.69716 -13 2245 1 0 1
-13.9127 0.54487 125.556 -9.23227 2.44054 71.5614 1.82912 -13 2246 1 0 1
1.69317 -1.10874 125.556 -1.33955 -1.17948 81.3639 -0.657652 -13 2247 1 0 1
13.1375 -2.85456 125.556 6.99652 -2.95676 75.9446 -0.0132605 -13 2248 1 0 1
25.4738 -4.60095 125.556 13.1829 -1.34375 59.6937 0.955395 -13 2249 1 0 1
2.6273 11.9896 125.556 0.0342079 6.79049 77.5565 1.54221 -13 2250 1 0 1
12.6278 -6.55628 125.556 6.79383 -2.83601 68.7014 0.808357 -13 2251 1 0 1
0.493381 22.9653 125.556 0.438598 11.2746 60.7002 0.82447 -13 2252 1 0 1
24.6466 30.3744 125.556 10.9039 14.6608 51.0054 2.91019 -13 2253 1 0 1
-18.4787 17.3195 125.556 -9.83636 9.53606 62.5671 -1.53131 -13 2254 1 0 1
5.05067 -7.06043 125.556 2.67397 -4.28311 59.7578 1.52703 -13 2256 1 0 1
28.2356 -10.4393 125.556 14.5199 -5.74341 60.1228 -0.652475 -13 2257 1 0 1
12.2497 -29.0009 125.556 6.11822 -14.5518 56.1337 1.42304 -13 2258 1 0 1
19.4895 1.2828 125.556 10.3978 1.33083 61.3255 1.00462 -13 2259 1 0 1
27.5179 -4.91826 125.556 14.6276 -4.44679 62.531 1.55223 -13 2260 1 0 1
-14.1842 23.1661 125.556 -11.5749 17.6417 77.2784 2.17813 -13 2261 1 0 1
-5.47204 17.8423 125.556 -2.15408 9.02022 56.0529 1.84742 -13 2262 1 0 1
-13.2879 -10.8316 125.556 -8.77697 -5.27466 69.7596 1.55106 -13 2263 1 0 1
8.29141 -16.9943 125.556 4.32244 -10.3051 63.9625 1.00726 -13 2264 1 0 1
7.23307 -9.96898 125.556 3.88719 -5.61454 68.502 -0.11763 -13 2265 1 0 1
-19.8156 16.5191 125.556 -9.22139 8.75887 56.4397 2.35982 -13 2266 1 0 1
10.9806 -13.5632 125.556 5.83657 -6.03988 63.6432 2.22939 -13 2267 1 0 1
-15.8648 20.5651 125.556 -5.67093 7.91838 46.8044 -0.358698 -13 2268 1 0 1
-14.8505 -16.6843 125.556 -9.31772 -12.3002 68.5223 0.848725 -13 2269 1 0 1
-1.69472 -11.1036 125.556 -2.94418 -6.42066 77.3431 0.22329 -13 2270 1 0 1
2.70601 10.8325 125.556 1.38607 5.68948 69.1636 -0.264751 -13 2271 1 0 1
-25.9163 4.02427 125.556 -19.4947 1.88231 78.4337 0.158908 -13 2272 1 0 1
6.4269 8.81565 125.556 3.4241 4.40434 59.589 -0.0950744 -13 2273 1 0 1
-15.3416 -5.31911 125.556 -11.422 -4.55281 75.2406 -0.517732 -13 2274 1 0 1
0.3221 -22.8084 125.556 1.08816 -10.0557 48.8088 0.799009 -13 2275 1 0 1
14.2286 0.604578 125.556 7.89366 -0.742426 66.8912 0.230226 -13 2276 1 0 1
-18.7399 -6.47997 125.556 -8.84021 -2.10229 57.0623 -0.63092 -13 2277 1 0 1
-3.28981 3.42905 125.556 -2.68584 1.59977 70.6002 1.679 -13 2278 1 0 1
-5.62897 10.3293 125.556 -5.32073 9.26397 76.2604 1.44423 -13 2279 1 0 1
-5.13056 -6.55819 125.556 -2.63427 -3.48294 60.6288 0.39299 -13 2280 1 0 1
10.6257 -7.3997 125.556 5.51987 -3.95452 61.477 -2.05839 -13 2281 1 0 1
-19.6927 4.31686 125.556 -11.9259 2.51961 67.0057 1.50446 -13 2282 1 0 1
-19.528 9.80829 125.556 -6.08622 2.89187 42.2507 2.57766 -13 2283 1 0 1
-10.2785 4.20224 125.556 -7.12765 1.74986 71.7963 -0.702546 -13 2284 1 0 1
-20.4984 7.61887 125.556 -5.99949 3.00406 38.1237 1.55676 -13 2285 1 0 1
-6.17006 -4.20871 125.556 -2.25046 -2.011 52.6189 0.453968 -13 2286 1 0 1
-11.5894 2.37538 125.556 -4.9519 1.50389 55.671 -1.04932 -13 2287 1 0 1
-4.37769 1.976 125.556 -2.81726 1.38546 66.443 1.16456 -13 2288 1 0 1
-13.8136 -7.45969 125.556 -6.9325 -5.06251 60.2493 2.68601 -13 2289 1 0 1
-7.569 -25.0695 125.556 -6.06558 -16.8912 73.1394 1.10225 -13 2290 1 0 1
-15.7885 -32.2965 125.556 -5.92917 -14.306 48.837 1.46044 -13 2291 1 0 1
7.37375 1.55932 125.556 3.39958 1.66154 71.1453 0.41817 -13 2292 1 0 1
26.111 -14.009 125.556 13.0101 -8.0783 56.927 0.349873 -13 2293 1 0 1
-4.14295 11.847 125.556 -2.06448 7.80996 64.3598 1.80821 -13 2294 1 0 1
-9.82695 -7.19437 125.556 -6.96268 -3.23322 72.2588 2.77168 -13 2295 1 0 1
-2.66427 -30.9507 125.556 -2.1436 -18.2968 67.7264 0.849614 -13 2296 1 0 1
-10.954 -4.27315 125.556 -3.80496 -2.46517 46.3536 -1.98004 -13 2297 1 0 1
-27.834 36.256 125.556 -7.35525 11.3864 34.773 -0.301306 -13 2298 1 0 1
-26.1102 -13.5876 125.556 -16.666 -8.58569 70.5975 -0.323899 -13 2299 1 0 1
-15.5363 -1.92561 125.556 -10.3035 -0.394005 71.2362 1.8292 -13 2300 1 0 1
-4.78907 -12.3375 125.556 -2.22355 -5.15042 57.8678 0.288038 -13 2301 1 0 1
-0.720027 3.47551 125.556 0.508567 1.43731 48.565 -0.257717 -13 2302 1 0 1
-24.4311 -21.4313 125.556 -11.5814 -11.3291 56.3312 1.06662 -13 2303 1 0 1
-0.408641 5.09013 125.556 -0.428494 2.40901 65.7337 0.497721 -13 2304 1 0 1
-16.2807 6.0703 125.556 -6.42626 3.07765 51.1734 0.231741 -13 2305 1 0 1
-9.48969 2.02279 125.556 -6.29998 2.05075 70.1149 3.42812 -13 2306 1 0 1
-5.43199 6.36137 125.556 -4.18536 6.11034 71.1866 1.14526 -13 2307 1 0 1
-15.1199 -11.4605 125.556 -9.29296 -5.01024 68.6347 1.74221 -13 2308 1 0 1
-1.58376 -13.9842 125.556 -0.834197 -7.26231 61.9403 0.42638 -13 2309 1 0 1
-22.3398 -7.36776 125.556 -11.7259 -4.41389 61.4108 0.527979 -13 2310 1 0 1
-14.9826 19.1249 125.556 -12.5548 13.3563 77.2942 0.170845 -13 2312 1 0 1
22.932 17.95 125.556 9.6667 7.50297 46.2141 -0.721625 -13 2313 1 0 1
-12.9446 24.2909 125.556 -10.3926 16.5648 76.3063 -0.625903 -13 2314 1 0 1
10.607 -3.00736 125.556 5.47191 0.20181 73.76 2.28221 -13 2315 1 0 1
11.4306 -19.3627 125.556 6.09707 -9.47909 58.4878 0.78296 -13 2316 1 0 1
9.96664 2.20467 125.556 5.23313 1.517 56.4773 1.1106 -13 2318 1 0 1
3.2616 -18.5454 125.556 2.0227 -7.8518 42.1918 0.168226 -13 2319 1 0 1
10.9058 -14.2311 125.556 5.93429 -7.07116 66.6273 3.21484 -13 2320 1 0 1
-9.2653 -4.04802 125.556 -7.45807 -2.90001 76.1775 1.01059 -13 2321 1 0 1
-11.345 22.2573 125.556 -7.93688 13.832 71.4207 -1.76311 -13 2322 1 0 1
40.7534 6.73772 125.556 18.4062 3.21203 52.0755 -0.0526278 -13 2323 1 0 1
-1.99303 2.09644 125.556 -2.19469 1.53785 71.0757 1.65454 -13 2324 1 0 1
-2.35623 0.436367 125.556 -1.88328 0.301108 67.7312 0.499151 -13 2325 1 0 1
38.9084 25.279 125.556 14.3304 8.38314 41.0484 3.42164 -13 2326 1 0 1
10.6826 2.9577 125.556 5.85476 1.02871 53.8174 0.30299 -13 2327 1 0 1
25.6563 3.64188 125.556 14.2765 1.65 68.0377 1.9575 -13 2328 1 0 1
-7.66174 -1.07899 125.556 -2.82069 -1.0364 51.8863 0.473072 -13 2329 1 0 1
-3.98039 -13.8798 125.556 -3.9531 -9.1793 74.9452 3.0243 -13 2330 1 0 1
4.41906 7.26748 125.556 2.19638 6.95756 66.0505 -0.769174 -13 2331 1 0 1
-1.40996 28.0759 125.556 -0.123426 11.6426 48.0473 -1.26111 -13 2332 1 0 1
6.63807 0.808497 125.556 3.85166 1.20991 55.1521 0.714898 -13 2334 1 0 1
-17.5101 -3.29711 125.556 -7.03553 -2.11037 51.4785 1.11556 -13 2335 1 0 1
-10.5812 18.2572 125.556 -5.50957 11.5026 61.5377 1.35723 -13 2336 1 0 1
10.9591 -0.00173915 125.556 5.95168 -0.227712 61.4982 -0.786462 -13 2337 1 0 1
-8.53588 17.6611 125.556 -4.01481 10.62 58.1032 0.922657 -13 2338 1 0 1
-15.2464 33.0713 125.556 -4.998 12.661 43.2894 -1.56706 -13 2339 1 0 1
-0.884453 -10.5088 125.556 -2.61005 -7.73038 79.559 1.2152 -13 2340 1 0 1
10.1572 -16.3584 125.556 5.26096 -9.66763 64.4271 2.69693 -13 2341 1 0 1
19.677 27.895 125.556 9.20829 13.3285 52.0646 0.688495 -13 2343 1 0 1
-22.1177 -1.28339 125.556 -16.1166 0.816139 76.1785 0.451021 -13 2344 1 0 1
-11.3268 9.21242 125.556 -5.66704 5.73344 59.4667 1.88316 -13 2345 1 0 1
-11.9198 -6.37324 125.556 -6.46949 -2.02753 62.9468 0.174532 -13 2346 1 0 1
6.02611 -2.10484 125.556 3.41745 -2.17487 52.9738 2.9174 -13 2348 1 0 1
-27.262 4.233 125.556 -6.8215 1.06299 31.9 2.89763 -13 2349 1 0 1
7.49141 -0.00679146 125.556 4.38997 0.418226 55.8839 0.487925 -13 2350 1 0 1
-7.47335 -6.76765 125.556 -5.20964 -3.08258 69.6274 -0.638062 -13 2351 1 0 1
-12.6125 6.9284 125.556 -7.82506 4.36924 67.4179 0.957316 -13 2352 1 0 1
-38.747 -6.7824 125.556 -17.3235 -4.57749 53.3695 -0.0267491 -13 2353 1 0 1
-9.95918 19.907 125.556 -4.50872 10.4796 56.517 2.55811 -13 2354 1 0 1
-3.79799 -18.8761 125.556 -2.80969 -12.2674 68.0684 -0.435512 -13 2355 1 0 1
-2.83245 24.0481 125.556 -2.2747 14.8388 68.5961 2.83481 -13 2356 1 0 1
-9.61267 14.5671 125.556 -4.41878 7.56448 56.7389 -0.518773 -13 2357 1 0 1
5.98713 5.74593 125.556 3.47314 3.24567 59.1309 -0.426959 -13 2358 1 0 1
20.2419 -23.0503 125.556 8.15218 -8.48977 41.6663 1.21377 -13 2359 1 0 1
-14.7812 -6.47193 125.556 -10.5851 -3.77857 73.6455 -0.117776 -13 2360 1 0 1
-10.638 -14.2586 125.556 -5.02333 -6.95425 59.8811 0.999886 -13 2361 1 0 1
-24.3391 -5.09604 125.556 -9.7556 -1.84639 49.6064 0.525553 -13 2362 1 0 1
-9.03905 8.44431 125.556 -5.78254 5.69506 67.8169 -0.255774 -13 2363 1 0 1
-1.21846 -4.67129 125.556 -1.96756 -2.39566 75.6864 2.1611 -13 2364 1 0 1
1.09444 -9.21837 125.556 0.0536349 -4.13975 68.1166 3.34395 -13 2365 1 0 1
7.3016 10.6466 125.556 3.52662 5.7422 74.7741 1.31468 -13 2366 1 0 1
-11.4369 3.38261 125.556 -7.82399 2.85124 71.3951 0.419551 -13 2367 1 0 1
11.4219 9.87249 125.556 6.05793 5.95507 70.3371 0.939505 -13 2368 1 0 1
-5.96853 4.63671 125.556 -2.60086 2.74295 59.6016 0.539765 -13 2369 1 0 1
26.4559 -2.97557 125.556 14.9015 0.339579 69.5335 0.933871 -13 2370 1 0 1
8.74834 12.3624 125.556 4.88345 6.29839 63.7483 -0.369636 -13 2371 1 0 1
-14.9286 7.10854 125.556 -10.6493 5.55313 75.0158 3.64 -13 2372 1 0 1
6.43106 26.0025 125.556 2.84671 14.9501 69.0519 1.57642 -13 2373 1 0 1
-20.9698 -1.0743 125.556 -14.7185 -0.807881 73.7393 2.39384 -13 2374 1 0 1
2.09862 -25.1176 125.556 1.42589 -11.0205 50.1044 0.780215 -13 2375 1 0 1
9.94471 10.2996 125.556 5.39279 5.07822 63.5025 -0.18718 -13 2376 1 0 1
-3.13313 -0.740103 125.556 -2.17434 -1.39411 69.3366 1.66795 -13 2377 1 0 1
18.4189 20.7764 125.556 10.1606 13.521 74.4542 1.63884 -13 2378 1 0 1
4.40946 -24.7614 125.556 1.60075 -15.4121 68.8048 3.23939 -13 2379 1 0 1
-7.12648 -7.10632 125.556 -5.07824 -4.43283 70.6804 0.266372 -13 2380 1 0 1
-26.7586 5.30486 125.556 -10.4691 2.72859 48.0939 0.498482 -13 2381 1 0 1
-9.74183 -2.7403 125.556 -3.72724 -1.10638 52.8921 0.707096 -13 2382 1 0 1
2.4822 30.3528 125.556 1.10612 15.8262 60.4654 -0.490623 -13 2383 1 0 1
-5.98681 16.4771 125.556 -4.43794 9.12952 70.9899 1.14774 -13 2384 1 0 1
-3.29168 -13.3369 125.556 -0.702956 -4.35999 49.4955 1.53923 -13 2385 1 0 1
13.8306 -12.145 125.556 5.15019 -3.85693 40.4286 -0.63618 -13 2386 1 0 1
-3.04701 -5.87346 125.556 -3.16749 -3.39115 74.7449 3.16143 -13 2387 1 0 1
-21.7624 9.70517 125.556 -16.0203 6.50178 75.9956 0.636314 -13 2388 1 0 1
1.6887 -11.4693 125.556 0.854198 -6.93084 61.3342 -1.44517 -13 2389 1 0 1
15.9254 -2.85966 125.556 8.60105 -1.76183 66.3118 -1.0283 -13 2390 1 0 1
33.3328 -13.9027 125.556 15.3641 -6.99335 52.7459 1.38805 -13 2391 1 0 1
-39.2678 -9.40582 125.556 -22.5132 -4.05557 65.0084 0.289959 -13 2392 1 0 1
-6.85403 -2.65442 125.556 -4.72282 -0.803945 69.5489 0.035509 -13 2393 1 0 1
10.8819 6.30441 125.556 5.97909 4.12246 66.915 1.56161 -13 2394 1 0 1
9.33603 8.03014 125.556 4.77437 5.0429 70.5337 1.68611 -13 2395 1 0 1
-0.49804 -0.108859 125.556 -0.0510479 0.995876 60.4629 3.24074 -13 2396 1 0 1
3.1848 -3.05963 125.556 0.577435 -2.82913 74.8297 -0.340972 -13 2397 1 0 1
-28.3406 3.96984 125.556 -10.11 -0.205785 45.7208 1.04254 -13 2398 1 0 1
15.1698 -0.33597 125.556 7.48553 0.163288 56.7246 1.34654 -13 2399 1 0 1
-17.0565 -4.9742 125.556 -7.93766 -2.52549 57.663 1.2257 -13 2400 1 0 1
-18.3774 7.28548 125.556 -5.56834 2.73911 38.9821 -0.416521 -13 2401 1 0 1
-24.8796 13.4039 125.556 -11.8227 7.10285 57.4179 3.0549 -13 2402 1 0 1
15.0739 10.7524 125.556 7.72015 5.66907 53.8507 0.156893 -13 2403 1 0 1
7.37304 22.0923 125.556 3.43462 12.9954 69.1223 1.49561 -13 2404 1 0 1
-1.41828 -10.7259 125.556 -1.17306 -6.42441 66.9087 1.98025 -13 2405 1 0 1
14.1094 -6.44494 125.556 6.61914 -2.5866 48.9588 -0.151676 -13 2406 1 0 1
-5.59825 12.405 125.556 -2.58411 5.86462 60.1931 2.96293 -13 2407 1 0 1
-5.72274 -16.7504 125.556 -2.66841 -9.4972 59.5706 0.654007 -13 2408 1 0 1
4.51686 -7.86631 125.556 2.21746 -3.96742 67.6837 2.08452 -13 2409 1 0 1
16.5143 13.5242 125.556 9.08463 8.94488 67.5783 -0.731603 -13 2410 1 0 1
-6.23359 2.14658 125.556 -3.09295 1.54303 61.6158 0.238693 -13 2411 1 0 1
-13.8765 -14.745 125.556 -8.17679 -8.99708 66.5169 2.02254 -13 2412 1 0 1
-21.1967 -7.11119 125.556 -15.3155 -4.65334 75.653 3.32474 -13 2413 1 0 1
-9.20646 -5.29015 125.556 -8.74937 -3.0733 78.7943 -2.56763 -13 2414 1 0 1
18.184 4.4964 125.556 10.3942 0.759346 69.724 0.588632 -13 2415 1 0 1
-6.53031 7.94769 125.556 -5.29 4.83999 74.2673 1.51587 -13 2416 1 0 1
-1.14047 -38.8972 125.556 -0.0582936 -16.3221 48.7106 4.06386 -13 2417 1 0 1
-19.3385 0.714408 125.556 -11.2818 -0.280314 66.1729 1.65011 -13 2418 1 0 1
-2.82408 23.513 125.556 -0.790839 10.2969 51.8877 0.326845 -13 2419 1 0 1
-9.95381 -15.0781 125.556 -7.20578 -9.92022 72.1072 -2.37384 -13 2420 1 0 1
0.0110257 25.0172 125.556 -2.57596 16.7386 77.6307 0.285187 -13 2421 1 0 1
9.68989 21.5633 125.556 5.25083 11.5024 58.8134 0.44546 -13 2422 1 0 1
-7.58442 -19.9929 125.556 -3.11456 -9.80173 54.9739 0.202633 -13 2423 1 0 1
-4.92139 11.8432 125.556 -5.5682 8.43881 78.2501 -0.468167 -13 2424 1 0 1
0.39456 23.5781 125.556 1.01915 8.51629 42.5078 2.63502 -13 2425 1 0 1
13.793 11.2869 125.556 7.30061 7.15428 66.443 0.775231 -13 2426 1 0 1
-9.95398 10.1119 125.556 -4.2452 3.70666 54.6738 0.799072 -13 2427 1 0 1
6.26188 -3.15929 125.556 3.12023 -0.975035 46.6178 0.203589 -13 2428 1 0 1
3.96887 11.6251 125.556 0.916986 10.1553 76.9614 -1.2193 -13 2429 1 0 1
34.907 -27.751 125.556 14.3545 -11.265 46.0475 0.407117 -13 2430 1 0 1
-10.3716 2.95065 125.556 -7.16113 0.0137218 71.6032 3.14608 -13 2431 1 0 1
11.6647 42.6717 125.556 4.06978 12.1795 33.0014 2.45364 -13 2432 1 0 1
23.3948 -9.34182 125.556 11.3207 -4.93071 54.2442 -0.261891 -13 2433 1 0 1
6.22321 5.80945 125.556 3.36738 2.15389 59.0773 0.232556 -13 2434 1 0 1
-10.8836 -37.9856 125.556 -5.47566 -20.0088 59.7588 1.78122 -13 2435 1 0 1
3.56384 -4.3937 125.556 1.67993 -1.32832 64.4639 1.03438 -13 2436 1 0 1
3.90681 -6.09292 125.556 1.45655 -4.7134 69.3331 0.409336 -13 2437 1 0 1
9.72217 -6.57807 125.556 4.73593 -2.85342 47.6226 0.942484 -13 2438 1 0 1
-7.03079 -4.44874 125.556 -5.35665 -3.98336 73.1211 0.984027 -13 2439 1 0 1
-30.5531 -23.112 125.556 -16.4496 -11.2449 62.6716 1.63771 -13 2440 1 0 1
-4.79346 -6.92289 125.556 -1.71981 -4.52953 52.9673 -0.228185 -13 2441 1 0 1
3.49137 10.6457 125.556 2.02015 5.50597 46.287 0.676375 -13 2442 1 0 1
-0.607569 19.9615 125.556 0.119306 9.71907 53.641 1.44817 -13 2443 1 0 1
-5.49771 -18.2062 125.556 -4.44532 -11.9816 70.9978 1.31228 -13 2444 1 0 1
5.14046 12.6511 125.556 2.59869 7.31689 69.0856 1.17905 -13 2445 1 0 1
0.862021 -2.56535 125.556 -0.223071 -1.34566 69.1826 -1.40676 -13 2446 1 0 1
-2.10331 10.9469 125.556 -2.10006 6.88253 71.9469 -0.285399 -13 2447 1 0 1
-17.7705 -10.86 125.556 -10.6284 -5.91833 66.6616 -0.157846 -13 2448 1 0 1
-3.11115 -19.3144 125.556 -1.64264 -9.69391 66.0345 1.85727 -13 2449 1 0 1
17.3364 -2.77948 125.556 9.34793 -1.28091 62.8447 1.93453 -13 2450 1 0 1
-12.9748 -15.3237 125.556 -7.33611 -8.30589 64.2115 3.07854 -13 2451 1 0 1
1.73183 -16.4578 125.556 1.22971 -9.3285 60.0605 3.31082 -13 2452 1 0 1
4.98688 9.96907 125.556 2.63597 6.20908 64.9024 1.71719 -13 2453 1 0 1
-9.29988 -22.1717 125.556 -4.35302 -12.9053 60.0853 0.43393 -13 2454 1 0 1
-1.52768 9.8085 125.556 -0.195558 4.0668 56.858 0.399911 -13 2455 1 0 1
12.1319 2.89084 125.556 6.31323 0.97009 74.5859 -0.438268 -13 2456 1 0 1
-15.4131 -8.37302 125.556 -5.59906 -3.13742 47.0883 0.224454 -13 2457 1 0 1
-9.65214 -26.3038 125.556 -4.59794 -13.3508 57.3254 1.0152 -13 2458 1 0 1
-3.93539 -3.29732 125.556 -2.25621 -1.14092 64.9389 2.78642 -13 2459 1 0 1
4.33211 -1.44389 125.556 2.4162 -1.60276 65.3054 1.10014 -13 2460 1 0 1
-3.20172 -13.6418 125.556 -2.22479 -6.42799 66.3348 -0.364037 -13 2461 1 0 1
-8.69425 37.1341 125.556 -3.3123 17.8368 51.5368 0.371988 -13 2462 1 0 1
-10.5531 33.3349 125.556 -2.71675 11.641 36.8538 -0.376322 -13 2463 1 0 1
-4.08258 1.45884 125.556 -1.08182 0.850367 52.5113 0.806577 -13 2464 1 0 1
-14.1561 49.7902 125.556 -6.66434 24.5374 55.81 0.982462 -13 2465 1 0 1
1.02713 -13.4885 125.556 1.05571 -6.10074 50.8617 1.30656 -13 2466 1 0 1
-7.44432 15.3975 125.556 -0.982891 4.17095 25.9523 1.27819 -13 2467 1 0 1
-2.40626 1.84739 125.556 -1.87055 2.43261 68.8961 1.06517 -13 2468 1 0 1
5.31019 5.64424 125.556 2.6781 1.81092 42.3252 1.13991 -13 2469 1 0 1
-22.0173 5.62363 125.556 -9.30394 2.24862 51.7616 0.851897 -13 2470 1 0 1
-7.42538 10.0541 125.556 -6.7292 6.26179 76.9703 -1.24573 -13 2471 1 0 1
-15.8032 -21.7448 125.556 -9.68057 -12.5759 67.4634 2.47141 -13 2472 1 0 1
8.13214 -0.0061851 125.556 4.23315 -0.761742 46.4065 0.818501 -13 2473 1 0 1
5.13053 21.968 125.556 1.8934 6.60805 30.8031 3.84775 -13 2474 1 0 1
24.6389 2.03605 125.556 13.0258 1.11971 61.383 1.02096 -13 2475 1 0 1
-14.0928 -24.693 125.556 -6.13882 -11.965 54.4575 0.758077 -13 2476 1 0 1
5.27519 -2.35869 125.556 2.87335 -0.792191 64.5329 -0.114225 -13 2477 1 0 1
-2.71292 7.68079 125.556 -1.31126 2.96615 63.9439 0.0679448 -13 2478 1 0 1
-5.25303 7.26049 125.556 -3.90536 4.67302 72.2334 -0.812855 -13 2479 1 0 1
-10.7392 9.6574 125.556 -3.27839 3.31229 41.7392 -0.580713 -13 2480 1 0 1
-6.9107 5.50571 125.556 -6.40814 5.53618 77.1915 1.46867 -13 2481 1 0 1
14.6743 31.2256 125.556 7.62209 15.4735 62.2798 1.91315 -13 2483 1 0 1
-18.9894 -19.3572 125.556 -11.7962 -11.1373 68.2 1.71967 -13 2485 1 0 1
19.9145 8.81679 125.556 10.5323 5.42191 58.3278 -1.13015 -13 2486 1 0 1
-7.05963 -5.49844 125.556 -6.63771 -3.64682 78.7553 -0.0954774 -13 2487 1 0 1
-1.08955 -1.83037 125.556 -2.16119 -1.11389 75.9221 -0.387136 -13 2488 1 0 1
11.364 -75.1357 125.556 4.21746 -28.9452 42.3778 0.842564 -13 2489 1 0 1
-5.26294 -4.45458 125.556 -2.9356 -2.23906 64.4716 -1.01639 -13 2490 1 0 1
-5.92207 16.5277 125.556 -3.50958 8.63054 65.8036 2.16188 -13 2491 1 0 1
4.60344 -8.23581 125.556 2.23816 -4.55349 69.7798 1.84115 -13 2492 1 0 1
-20.1299 22.3425 125.556 -14.078 14.4654 74.0611 -0.310779 -13 2493 1 0 1
1.88159 -9.62696 125.556 1.5296 -4.54498 56.274 -1.11098 -13 2494 1 0 1
-2.10618 1.47846 125.556 -1.91605 1.87473 70.5032 2.81329 -13 2495 1 0 1
15.9078 -0.285443 125.556 6.55591 0.0266391 42.3858 1.97412 -13 2496 1 0 1
1.7611 -3.72817 125.556 -0.863789 -3.61418 80.0806 1.13526 -13 2497 1 0 1
6.53749 16.8432 125.556 3.18559 9.80219 71.8112 -0.416348 -13 2498 1 0 1
-3.40106 -2.0776 125.556 -2.69032 -1.27079 70.6748 1.25654 -13 2499 1 0 1
0.998672 2.50577 125.556 -1.01033 0.35369 78.1991 1.69304 -13 2500 1 0 1
6.00198 7.39659 125.556 2.44421 6.08949 76.0068 0.440923 -13 2501 1 0 1
-13.1148 13.176 125.556 -6.79488 6.48329 61.4233 0.908212 -13 2502 1 0 1
10.6204 15.1504 125.556 5.67299 8.41567 66.7276 -1.49947 -13 2503 1 0 1
-6.41554 -4.31387 125.556 -3.6323 -1.03028 65.0907 1.18002 -13 2504 1 0 1
-2.54484 -33.8814 125.556 -0.553836 -14.2425 48.2091 0.470453 -13 2505 1 0 1
10.9731 27.0765 125.556 5.32622 12.6063 51.6542 2.40466 -13 2506 1 0 1
27.8777 -27.6418 125.556 11.9739 -11.4359 47.8255 -0.111343 -13 2507 1 0 1
8.13263 17.8682 125.556 4.33744 9.13473 56.1487 -0.267621 -13 2508 1 0 1
-14.2722 31.0803 125.556 -4.55928 12.2236 43.0931 1.9118 -13 2509 1 0 1
6.42243 -4.86711 125.556 3.27427 -3.21274 69.4214 0.212118 -13 2510 1 0 1
-35.0507 5.66402 125.556 -16.5922 2.31127 55.6709 0.672137 -13 2511 1 0 1
7.66148 -25.7439 125.556 3.91332 -13.5278 53.9539 1.10216 -13 2512 1 0 1
15.9444 -11.1262 125.556 7.84577 -6.65136 54.433 0.896687 -13 2513 1 0 1
7.54612 -6.26037 125.556 3.83288 -4.07716 72.9711 0.703162 -13 2514 1 0 1
10.1329 -6.54664 125.556 5.49235 -4.50416 68.2193 2.60471 -13 2515 1 0 1
-0.570134 12.2369 125.556 -0.47432 7.51761 66.0196 1.69569 -13 2516 1 0 1
-10.6986 -5.06605 125.556 -7.2712 -1.63926 70.4437 1.88797 -13 2517 1 0 1
0.76957 -29.5147 125.556 0.626572 -14.7674 60.7034 0.42703 -13 2518 1 0 1
-1.06963 -8.58581 125.556 -2.17974 -6.00986 76.3287 -0.0430637 -13 2519 1 0 1
-3.04796 5.88601 125.556 -2.13352 4.17419 67.3826 -0.822201 -13 2520 1 0 1
-10.4827 -14.9313 125.556 -6.00182 -8.94704 65.3831 1.08806 -13 2521 1 0 1
0.0326035 3.33345 125.556 0.809797 2.36675 55.9123 1.0304 -13 2522 1 0 1
8.63551 2.6528 125.556 4.33558 1.51067 70.1988 0.905948 -13 2523 1 0 1
-8.90232 17.5849 125.556 -6.66454 11.1072 72.0828 1.2443 -13 2524 1 0 1
4.06269 10.5842 125.556 1.67211 6.90713 70.5975 1.02657 -13 2525 1 0 1
-3.36639 0.192338 125.556 -1.10559 0.939189 55.7647 2.04982 -13 2526 1 0 1
-3.68026 -8.88849 125.556 -2.32783 -4.05639 66.5194 -0.922289 -13 2527 1 0 1
-7.66427 15.6427 125.556 -2.90262 7.13144 54.5545 0.829124 -13 2528 1 0 1
11.3457 2.6893 125.556 6.10436 1.64363 70.2642 -0.550283 -13 2529 1 0 1
-14.3803 -7.60716 125.556 -5.59059 -2.8777 51.8683 2.9029 -13 2530 1 0 1
0.504294 -30.8944 125.556 -0.0483166 -18.5586 63.8998 0.0780173 -13 2531 1 0 1
7.80161 -12.8306 125.556 3.82178 -7.86414 68.2481 -1.0933 -13 2532 1 0 1
20.626 2.21178 125.556 10.0846 -0.540182 57.1732 -0.764124 -13 2533 1 0 1
8.38301 9.071 125.556 4.51794 5.13328 69.8991 3.18968 -13 2534 1 0 1
-17.6594 1.03723 125.556 -7.99106 0.235103 55.6183 0.890805 -13 2535 1 0 1
29.8719 26.1751 125.556 12.8917 10.557 47.3564 0.727191 -13 2536 1 0 1
10.4147 -15.4573 125.556 5.12515 -6.72469 47.4977 0.850072 -13 2537 1 0 1
-4.53664 6.20455 125.556 -3.43118 2.80766 71.5442 0.821009 -13 2538 1 0 1
-7.67221 3.7775 125.556 -4.92734 1.92563 68.324 2.20693 -13 2539 1 0 1
16.7969 -2.88353 125.556 9.19683 -2.48936 69.2706 3.59198 -13 2542 1 0 1
-8.28763 -20.8657 125.556 -5.01071 -12.6889 66.2108 0.500932 -13 2543 1 0 1
-7.6211 -8.99578 125.556 -3.5637 -4.33848 62.3487 0.974954 -13 2544 1 0 1
1.90227 10.7677 125.556 0.990293 6.8229 68.7898 0.995366 -13 2546 1 0 1
4.8441 -1.62752 125.556 2.52314 -1.88231 69.967 1.17845 -13 2547 1 0 1
13.3975 29.9414 125.556 6.93348 15.7865 61.4003 0.246357 -13 2549 1 0 1
93.0519 32.3548 125.556 23.8533 8.36882 29.7645 2.65852 -13 2550 1 0 1
2.96783 22.3574 125.556 1.86197 9.47958 46.2844 1.24042 -13 2551 1 0 1
20.4557 -8.53642 125.556 10.1981 -4.4298 55.3502 0.827271 -13 2552 1 0 1
-4.0402 -14.9737 125.556 -0.623105 -5.27372 44.3679 0.100321 -13 2553 1 0 1
15.0768 -10.9051 125.556 7.57392 -4.71955 56.1984 0.0195774 -13 2554 1 0 1
0.162452 18.497 125.556 -1.75544 13.3458 76.2813 1.41061 -13 2555 1 0 1
10.1792 16.5637 125.556 5.13956 7.49364 53.6388 2.31695 -13 2556 1 0 1
-9.2244 10.5658 125.556 -4.52538 5.06171 59.7032 -0.463121 -13 2557 1 0 1
-10.0238 19.635 125.556 -4.73905 9.84698 57.6258 1.70141 -13 2558 1 0 1
-10.211 11.1282 125.556 -10.3074 9.07526 79.0768 1.09434 -13 2559 1 0 1
-3.12028 6.81783 125.556 -0.839632 3.85883 54.1739 0.603635 -13 2560 1 0 1
-10.7338 -4.70405 125.556 -7.80066 -2.95692 72.1195 -0.836847 -13 2561 1 0 1
4.96651 -14.0951 125.556 1.8396 -9.92861 73.9646 1.57548 -13 2562 1 0 1
-12.086 17.3601 125.556 -9.77791 14.268 76.4097 2.6012 -13 2563 1 0 1
0.389331 21.4083 125.556 -1.448 14.6514 76.0771 2.68516 -13 2564 1 0 1
8.43509 -19.4768 125.556 4.6625 -10.5913 57.6533 0.208746 -13 2565 1 0 1
16.152 -6.58752 125.556 8.84634 -3.23118 67.1452 0.0550233 -13 2566 1 0 1
-4.85454 11.5562 125.556 -2.47214 6.77854 62.9893 1.87804 -13 2568 1 0 1
28.4038 14.2914 125.556 14.3567 6.41872 59.8065 -0.188926 -13 2569 1 0 1
-5.64511 -10.0683 125.556 -4.00216 -5.27368 67.5311 -0.338948 -13 2570 1 0 1
1.83557 -0.552842 125.556 0.678339 0.351477 67.7083 2.34538 -13 2571 1 0 1
-14.7766 -6.31424 125.556 -10.4955 -3.08104 73.1934 0.438201 -13 2572 1 0 1
-25.3386 13.9286 125.556 -6.68128 3.08655 32.7104 1.71677 -13 2573 1 0 1
10.3615 -1.46474 125.556 4.55687 -0.351522 42.2232 2.79271 -13 2574 1 0 1
-29.1195 -12.332 125.556 -15.7014 -6.98671 62.3684 -1.63705 -13 2575 1 0 1
-12.6701 -12.044 125.556 -1.75152 -1.71924 18.975 1.07508 -13 2576 1 0 1
-5.87626 -9.13299 125.556 -4.83186 -6.26513 74.0732 2.05651 -13 2577 1 0 1
-9.67475 9.26081 125.556 -4.77082 6.78781 60.6929 0.524256 -13 2578 1 0 1
24.1251 11.3846 125.556 8.68357 2.96149 39.8655 3.53608 -13 2579 1 0 1
17.5072 8.78514 125.556 9.88817 4.05144 72.3281 1.33608 -13 2580 1 0 1
9.95961 -21.4115 125.556 3.18114 -5.13751 29.3387 -1.22222 -13 2582 1 0 1
1.3272 -2.80449 125.556 0.409218 -3.91201 67.0761 1.49832 -13 2583 1 0 1
-47.545 2.20996 125.556 -23.1052 0.745479 56.5622 -0.224036 -13 2584 1 0 1
-5.83393 -10.8476 125.556 -2.76316 -5.53502 58.6634 0.923779 -13 2585 1 0 1
-6.81527 -14.373 125.556 -3.50205 -7.18538 60.8335 0.0332584 -13 2586 1 0 1
0.439003 -1.18586 125.556 0.841921 -0.56469 55.273 -1.56409 -13 2587 1 0 1
28.9168 25.4465 125.556 10.1634 8.09328 38.339 1.20203 -13 2588 1 0 1
6.82021 -16.892 125.556 3.72903 -8.40707 45.3466 0.721047 -13 2589 1 0 1
2.69215 -17.5683 125.556 1.28414 -10.6416 64.1984 0.172409 -13 2590 1 0 1
0.666239 16.7449 125.556 0.0526493 9.95975 61.6802 -1.37804 -13 2591 1 0 1
2.63326 -11.6285 125.556 1.50666 -7.88516 62.9278 0.405752 -13 2592 1 0 1
-5.79028 -12.9813 125.556 -3.49736 -8.79916 66.6978 0.79119 -13 2593 1 0 1
-9.84025 -9.81963 125.556 -6.94577 -5.55359 71.1376 2.90303 -13 2594 1 0 1
21.0112 13.9153 125.556 11.8503 10.0351 77.4891 -0.39753 -13 2595 1 0 1
-25.071 11.6622 125.556 -14.6753 5.19318 67.2895 2.25288 -13 2596 1 0 1
-5.45207 5.35372 125.556 -1.71843 2.0428 50.0931 0.0791384 -13 2597 1 0 1
11.6114 -12.937 125.556 4.43696 -4.25176 38.8464 0.232203 -13 2598 1 0 1
12.9993 -36.4195 125.556 6.59443 -18.3009 58.305 1.43023 -13 2599 1 0 1
6.46997 -0.729008 125.556 3.11334 -2.17512 68.8639 0.914846 -13 2600 1 0 1
8.10923 20.2184 125.556 4.04067 10.9913 64.6437 0.291913 -13 2601 1 0 1
-18.6912 -8.74908 125.556 -12.1174 -6.59605 70.742 1.30338 -13 2602 1 0 1
13.9278 -25.9958 125.556 6.04872 -9.90128 44.6431 1.49537 -13 2603 1 0 1
-8.39451 0.458439 125.556 -4.7601 -1.60362 65.7159 -0.212328 -13 2604 1 0 1
10.2451 -5.97023 125.556 5.4632 -1.58932 60.8071 3.12324 -13 2605 1 0 1
-15.3348 1.63928 125.556 -8.34107 0.351667 63.7045 1.38609 -13 2606 1 0 1
10.757 -27.7122 125.556 5.81811 -14.6495 62.1605 2.53131 -13 2607 1 0 1
-8.18824 -10.1917 125.556 -5.85067 -5.7842 70.6433 2.82718 -13 2608 1 0 1
9.22466 -5.13928 125.556 4.59036 -3.83926 74.7375 0.716185 -13 2609 1 0 1
16.925 9.6289 125.556 8.91237 5.3165 64.201 0.37783 -13 2610 1 0 1
0.927528 -15.266 125.556 0.251855 -9.16198 66.716 0.390667 -13 2611 1 0 1
-1.43798 -15.8678 125.556 -0.739229 -10.4516 63.2581 1.35659 -13 2612 1 0 1
12.8802 -11.3356 125.556 7.03658 -6.17664 68.9014 1.3578 -13 2613 1 0 1
17.5944 -7.31297 125.556 7.75113 -3.27023 46.8278 2.31696 -13 2614 1 0 1
5.5842 6.30742 125.556 2.90006 2.90956 65.5961 0.617462 -13 2615 1 0 1
9.27551 24.3805 125.556 4.41271 10.8675 51.5476 0.717399 -13 2616 1 0 1
-34.8484 0.798839 125.556 -21.4379 -0.640533 68.614 0.0308862 -13 2617 1 0 1
6.99292 -40.9571 125.556 2.80947 -11.8168 34.9936 -2.43659 -13 2618 1 0 1
-2.50824 -28.1559 125.556 0.207713 -9.51403 37.7454 1.60371 -13 2619 1 0 1
21.5973 -77.9039 125.556 6.27342 -22.2189 30.7447 0.11647 -13 2621 1 0 1
29.8647 -18.1946 125.556 13.7069 -8.43336 52.9734 2.34059 -13 2622 1 0 1
-19.8667 -0.333442 125.556 -11.2771 -0.497253 65.2037 2.60686 -13 2623 1 0 1
-26.88 -11.7331 125.556 -9.60267 -5.39878 44.7168 0.273925 -13 2624 1 0 1
-24.4675 -13.8167 125.556 -14.4748 -8.01107 66.6756 -0.101485 -13 2625 1 0 1
55.6319 49.149 125.556 25.2452 22.0557 52.5952 -0.146606 -13 2626 1 0 1
28.7246 3.74487 125.556 15.5169 2.45005 64.8891 1.38989 -13 2627 1 0 1
-33.8545 12.2289 125.556 -19.5481 7.86103 65.7212 0.170133 -13 2628 1 0 1
-25.2538 6.17737 125.556 -15.369 3.52232 68.0972 2.44104 -13 2629 1 0 1
-5.92529 38.4801 125.556 -2.02181 17.8498 52.9317 -0.248699 -13 2630 1 0 1
-4.08675 -1.34641 125.556 -5.11352 -0.873025 80.581 1.27483 -13 2631 1 0 1
-3.2188 31.53 125.556 -0.967331 15.0388 53.1843 0.359489 -13 2633 1 0 1
-13.5863 3.28169 125.556 -7.32241 2.1015 63.5143 2.10455 -13 2634 1 0 1
2.09668 14.4104 125.556 1.41123 6.20073 49.3027 1.41746 -13 2635 1 0 1
14.8285 24.9242 125.556 7.8949 14.7756 63.2358 0.0917035 -13 2636 1 0 1
-10.6761 -13.055 125.556 -6.89908 -8.20028 68.3064 -1.54944 -13 2637 1 0 1
-2.74515 23.3666 125.556 -4.04812 16.2655 79.0358 2.39653 -13 2638 1 0 1
4.69987 49.6522 125.556 2.41193 22.8856 50.3044 1.03364 -13 2640 1 0 1
-2.78866 -9.35723 125.556 -0.405634 -3.76269 51.3178 0.747707 -13 2641 1 0 1
-9.59889 -9.01563 125.556 -5.89168 -4.6835 66.6321 0.226265 -13 2642 1 0 1
-2.57675 -4.2672 125.556 -3.77733 -2.80436 77.8256 0.656307 -13 2643 1 0 1
-8.36223 -11.8824 125.556 -4.58671 -6.81887 64.6895 1.83978 -13 2644 1 0 1
3.22802 13.4777 125.556 1.34556 8.15211 72.1086 1.1194 -13 2645 1 0 1
-2.12918 2.90379 125.556 -0.275228 1.61686 48.2188 -1.27277 -13 2646 1 0 1
61.2767 -37.0374 125.556 28.521 -18.318 55.3159 1.39488 -13 2647 1 0 1
-2.58728 0.810348 125.556 -2.17974 1.00865 70.6151 0.652735 -13 2648 1 0 1
1.19008 12.5194 125.556 -0.778875 7.06168 76.0905 0.231112 -13 2649 1 0 1
-12.9016 -5.18641 125.556 -7.08969 -2.31459 64.0452 0.633482 -13 2650 1 0 1
-28.0591 -6.46347 125.556 -14.9298 -3.29116 62.0498 -0.145805 -13 2651 1 0 1
4.74289 27.1668 125.556 2.67796 11.066 47.2926 1.15084 -13 2652 1 0 1
5.69522 -3.42479 125.556 2.25462 -2.16444 77.3111 -0.907981 -13 2654 1 0 1
5.58072 6.83734 125.556 3.0199 3.78448 52.5492 -0.272422 -13 2655 1 0 1
-3.26017 9.49708 125.556 -3.01509 6.30965 71.498 -0.397735 -13 2656 1 0 1
-21.0517 -13.6964 125.556 -12.6734 -6.64185 66.4862 -1.58131 -13 2657 1 0 1
-10.7338 12.8366 125.556 -3.63799 6.00215 45.6148 1.44211 -13 2658 1 0 1
15.7394 10.0277 125.556 8.25873 5.79124 59.5368 2.21562 -13 2660 1 0 1
-5.98938 15.0145 125.556 -3.89041 10.3641 69.503 3.19597 -13 2661 1 0 1
-5.82604 3.30233 125.556 -3.55482 2.62215 64.8951 -0.0946991 -13 2662 1 0 1
-3.24669 -0.209436 125.556 -0.923023 -0.16031 51.3555 2.005 -13 2663 1 0 1
12.7505 -40.3414 125.556 6.06788 -18.5051 51.1509 3.40099 -13 2664 1 0 1
2.28418 -13.2125 125.556 1.69719 -7.30545 56.5384 2.14258 -13 2665 1 0 1
-6.96469 -8.55902 125.556 -2.58791 -3.42884 54.6696 -0.583244 -13 2666 1 0 1
-4.76709 1.10001 125.556 -5.11495 0.731311 77.3236 0.24891 -13 2667 1 0 1
-4.49256 -6.8131 125.556 -3.87531 -4.14305 74.6722 -1.11817 -13 2668 1 0 1
-15.5092 12.1448 125.556 -7.85073 6.67438 61.2375 1.73736 -13 2670 1 0 1
4.10582 -22.1535 125.556 2.15835 -11.8183 59.9616 1.54285 -13 2671 1 0 1
-11.6233 -10.2059 125.556 -8.22369 -7.78643 72.6456 0.799843 -13 2672 1 0 1
27.1103 7.08974 125.556 15.2369 1.22536 71.2687 1.70201 -13 2673 1 0 1
-2.02739 -0.00562906 125.556 -2.28375 -1.27045 72.6051 -0.980668 -13 2674 1 0 1
-32.367 0.697962 125.556 -21.3813 -0.243134 72.1671 -0.778107 -13 2675 1 0 1
2.68268 -7.24545 125.556 1.3558 -4.7631 58.1756 2.78582 -13 2676 1 0 1
9.24482 12.1753 125.556 5.18566 5.46319 57.1754 1.53605 -13 2677 1 0 1
11.0016 -15.8744 125.556 5.75502 -9.64912 69.7776 -0.297569 -13 2678 1 0 1
-15.3326 14.8643 125.556 -9.10027 8.24202 65.5277 0.0135036 -13 2679 1 0 1
-5.69462 24.3133 125.556 -4.09777 14.8797 67.3649 -0.331506 -13 2680 1 0 1
-9.12649 -0.249897 125.556 -5.58206 -0.767289 66.3245 0.862188 -13 2681 1 0 1
27.9802 -9.08006 125.556 8.26043 -2.41417 31.7776 0.53121 -13 2682 1 0 1
6.545 -7.31894 125.556 2.73198 -3.40533 76.3052 -0.0740521 -13 2683 1 0 1
-5.67599 6.61264 125.556 -2.71593 3.94078 61.8749 0.57662 -13 2684 1 0 1
14.8532 -0.987811 125.556 7.8142 -0.0274548 57.9754 -0.474069 -13 2685 1 0 1
-20.7164 5.33295 125.556 -11.0352 2.11977 62.43 0.753155 -13 2686 1 0 1
2.19037 -7.00124 125.556 1.28004 -3.12126 60.8377 1.21832 -13 2687 1 0 1
-19.9421 -3.85609 125.556 -6.86172 -2.24329 44.5491 0.353444 -13 2688 1 0 1
-6.96695 17.3925 125.556 -4.40851 9.94646 68.1039 1.81595 -13 2689 1 0 1
6.40046 -8.69692 125.556 3.23937 -4.35496 70.6364 2.13027 -13 2690 1 0 1
17.5655 -10.0416 125.556 9.11572 -4.50046 57.7991 -0.780904 -13 2691 1 0 1
-11.0992 12.6446 125.556 -5.02626 6.57544 57.4975 0.0318273 -13 2692 1 0 1
6.1207 -39.0444 125.556 2.8035 -21.6991 59.23 0.833673 -13 2693 1 0 1
-13.6276 -7.38377 125.556 -3.78871 -2.04252 38.1683 0.739775 -13 2694 1 0 1
3.28337 19.821 125.556 1.70228 10.9483 58.6653 -0.74345 -13 2695 1 0 1
-21.0189 -25.9149 125.556 -8.50045 -12.2344 50.4006 3.2013 -13 2696 1 0 1
45.6045 -18.8013 125.556 19.4511 -8.72749 48.9957 2.06765 -13 2697 1 0 1
11.1696 21.6819 125.556 6.08622 12.7048 68.0822 -1.29325 -13 2698 1 0 1
-21.7262 1.79977 125.556 -7.58855 0.695573 44.3812 0.725281 -13 2699 1 0 1
-17.1256 -18.0618 125.556 -8.9195 -8.73709 62.0563 -0.750075 -13 2700 1 0 1
-22.681 -2.89512 125.556 -11.8405 -1.35211 61.8717 1.33159 -13 2701 1 0 1
-16.8021 -14.4675 125.556 -5.82457 -6.16312 44.8162 0.524707 -13 2702 1 0 1
-1.14684 3.01325 125.556 -1.67536 1.65961 72.0272 2.47339 -13 2703 1 0 1
-13.8798 16.1799 125.556 -7.20737 9.5302 61.3662 0.230099 -13 2704 1 0 1
8.26691 -23.921 125.556 4.48333 -12.6371 62.7361 0.496405 -13 2705 1 0 1
-14.6735 27.8771 125.556 -6.76547 12.7041 56.4034 3.53474 -13 2706 1 0 1
-13.3707 9.28337 125.556 -6.97907 5.15912 60.9052 0.467294 -13 2707 1 0 1
5.08129 -7.30542 125.556 2.17582 -6.94339 70.7351 -1.25831 -13 2708 1 0 1
-3.20128 17.155 125.556 -3.21292 12.9474 73.2742 1.10605 -13 2709 1 0 1
-18.2332 15.2022 125.556 -10.0146 9.30911 63.8259 -0.130852 -13 2710 1 0 1
-11.8484 -9.63073 125.556 -9.49084 -5.75768 77.0619 0.757281 -13 2711 1 0 1
8.87575 -27.9095 125.556 4.3193 -16.0654 71.494 -1.34999 -13 2712 1 0 1
-10.8908 -18.9538 125.556 -9.06618 -11.9852 77.0288 -1.38193 -13 2713 1 0 1
-27.9486 -24.3685 125.556 -13.77 -13.2586 57.2146 0.420527 -13 2714 1 0 1
-16.967 -6.38319 125.556 -10.019 -3.59451 67.7222 0.152117 -13 2715 1 0 1
-20.747 11.7686 125.556 -7.37523 4.54302 46.7072 2.73969 -13 2716 1 0 1
4.59404 6.50102 125.556 2.31093 2.92448 66.9342 1.89526 -13 2717 1 0 1
22.6781 -10.6576 125.556 11.2179 -5.37945 55.2597 2.05762 -13 2718 1 0 1
0.446245 -7.39352 125.556 -2.16824 -6.98364 80.6383 0.508269 -13 2719 1 0 1
-2.71621 33.0269 125.556 -0.733071 14.1929 48.502 1.09058 -13 2720 1 0 1
15.5807 -12.4629 125.556 8.09601 -6.1473 56.607 -1.44514 -13 2721 1 0 1
13.4395 -9.14517 125.556 7.2849 -3.6697 70.4221 -0.140103 -13 2722 1 0 1
-10.8383 4.38772 125.556 -6.74258 1.97982 69.1685 0.943831 -13 2723 1 0 1
19.6119 -19.901 125.556 7.7342 -7.01512 41.444 1.87028 -13 2724 1 0 1
-3.59837 -6.24419 125.556 -2.21346 -4.31442 66.3235 -0.0908341 -13 2725 1 0 1
9.82969 8.45177 125.556 5.31172 6.00432 65.9961 -0.307704 -13 2726 1 0 1
6.23882 -34.7994 125.556 2.1304 -9.81169 29.3695 1.65405 -13 2727 1 0 1
-13.0238 -26.8605 125.556 -5.86948 -13.8982 54.7902 1.18695 -13 2729 1 0 1
19.6198 29.1116 125.556 9.96267 16.257 60.4394 1.13065 -13 2730 1 0 1
10.6983 9.96998 125.556 5.35082 4.6961 53.9117 1.56567 -13 2731 1 0 1
-24.5991 -16.7763 125.556 -13.4465 -9.63821 62.6755 0.718365 -13 2732 1 0 1
-28.9351 -29.9189 125.556 -13.9644 -15.5018 57.0812 -0.575537 -13 2733 1 0 1
-9.46909 -11.2599 125.556 -8.52086 -7.35599 79.5845 0.0792803 -13 2734 1 0 1
29.4969 -5.90685 125.556 15.0985 -2.56079 59.8283 0.213179 -13 2735 1 0 1
4.17336 -9.80682 125.556 2.10556 -4.43089 65.7271 0.554565 -13 2736 1 0 1
-2.52962 -11.6453 125.556 -2.72336 -6.52652 73.5782 1.03874 -13 2737 1 0 1
1.94687 0.814838 125.556 0.766055 -0.152075 67.6518 1.32999 -13 2738 1 0 1
-5.0252 -36.1537 125.556 -2.29002 -19.03 57.9373 1.08192 -13 2739 1 0 1
9.94866 -19.152 125.556 4.89711 -11.7951 73.2025 2.19276 -13 2740 1 0 1
11.5995 -4.83343 125.556 6.30538 -1.12234 57.5122 1.09262 -13 2741 1 0 1
0.604457 -2.78939 125.556 0.0958978 -0.617094 65.8686 0.43346 -13 2742 1 0 1
9.36393 -5.75486 125.556 5.15222 -4.54992 66.1331 2.00542 -13 2743 1 0 1
-11.0772 29.7411 125.556 -6.47485 18.0325 63.7446 0.144818 -13 2744 1 0 1
21.3317 -21.7174 125.556 10.8868 -12.1274 58.9178 0.8628 -13 2745 1 0 1
-53.931 69.4893 125.556 -18.0213 23.6649 39.5566 -1.36732 -13 2746 1 0 1
12.2883 -0.277891 125.556 6.48651 -0.444248 59.3268 0.811898 -13 2747 1 0 1
0.0151627 18.1845 125.556 -1.31271 12.4334 73.8166 -0.217676 -13 2748 1 0 1
-3.71774 19.6093 125.556 -5.13389 14.2756 78.853 0.686437 -13 2749 1 0 1
-35.7716 26.5971 125.556 -21.0033 13.901 65.9086 0.961544 -13 2750 1 0 1
-31.5918 -6.27861 125.556 -15.7176 -2.49939 58.9195 0.433393 -13 2751 1 0 1
-16.9558 -3.97 125.556 -8.19624 -2.91129 58.6309 0.52596 -13 2752 1 0 1
0.379546 3.99196 125.556 0.893071 1.62996 52.9281 0.937082 -13 2753 1 0 1
6.18261 12.1832 125.556 3.34739 5.21098 49.9488 0.831858 -13 2754 1 0 1
23.9441 5.48967 125.556 9.61746 1.77946 45.0539 -0.765838 -13 2755 1 0 1
-10.6435 -2.83552 125.556 -8.05392 -0.583636 74.0216 -1.77933 -13 2756 1 0 1
2.40692 -8.79026 125.556 1.37067 -6.78258 62.8395 1.26208 -13 2757 1 0 1
8.78301 -12.8947 125.556 4.74473 -6.8256 60.3889 0.520868 -13 2758 1 0 1
9.79187 10.3862 125.556 5.09467 6.51047 68.0184 1.63952 -13 2759 1 0 1
11.724 12.5229 125.556 3.72152 3.37821 27.7534 3.09905 -13 2760 1 0 1
-10.1931 1.06741 125.556 -4.94499 1.11305 60.008 0.675176 -13 2761 1 0 1
-13.5613 2.17051 125.556 -8.46995 1.18982 67.5293 2.55519 -13 2762 1 0 1
24.1842 -12.2428 125.556 11.1432 -5.69016 49.8224 0.0633223 -13 2763 1 0 1
-16.298 10.086 125.556 -13.5509 5.87046 80.0534 -0.824024 -13 2764 1 0 1
-20.5194 -31.6505 125.556 -10.1055 -15.7233 58.7113 0.340079 -13 2765 1 0 1
-10.0648 5.85443 125.556 -7.95388 1.44268 75.1838 -1.22056 -13 2766 1 0 1
15.8831 -7.70491 125.556 8.02571 -4.2702 55.299 1.35807 -13 2767 1 0 1
-0.896361 12.6005 125.556 0.461707 5.73087 49.7606 -1.89969 -13 2768 1 0 1
0.42898 10.3819 125.556 0.0589446 7.57937 65.8502 0.543927 -13 2769 1 0 1
-13.9297 2.07317 125.556 -7.59772 2.21659 65.4461 2.99314 -13 2770 1 0 1
45.9561 41.3622 125.556 20.0113 18.7777 51.0367 2.88779 -13 2771 1 0 1
4.00391 3.2858 125.556 2.60206 2.62313 58.0778 1.40398 -13 2772 1 0 1
-16.4555 -14.5893 125.556 -10.4884 -8.97743 68.7366 1.0894 -13 2773 1 0 1
-4.01289 -9.62004 125.556 -3.12056 -7.04376 70.3481 1.98047 -13 2774 1 0 1
-7.9555 3.29946 125.556 -3.61422 1.13175 57.7438 0.613538 -13 2775 1 0 1
-12.7633 -2.62571 125.556 -6.83994 -2.45454 64.164 3.18693 -13 2776 1 0 1
49.131 21.5101 125.556 22.9848 10.6545 55.7463 1.20127 -13 2777 1 0 1
11.7556 -1.81641 125.556 6.40607 -0.746422 70.2144 1.1774 -13 2778 1 0 1
-9.07797 20.2601 125.556 -5.42355 12.0097 64.4348 0.874953 -13 2780 1 0 1
-3.51959 7.93838 125.556 -2.35302 5.11202 68.2581 -0.000846215 -13 2781 1 0 1
-1.93491 -13.3158 125.556 -1.05149 -6.87183 63.9366 2.23376 -13 2782 1 0 1
-11.7821 3.47956 125.556 -7.86385 3.10381 70.9104 0.248887 -13 2783 1 0 1
-19.2158 -13.7385 125.556 -4.51887 -4.90555 31.5303 1.77339 -13 2784 1 0 1
-11.7081 -14.3019 125.556 -8.24269 -8.05477 71.362 2.07653 -13 2785 1 0 1
0.584574 0.622999 125.556 0.767013 0.27309 58.8907 -0.235469 -13 2786 1 0 1
-3.74602 -0.598174 125.556 -2.43058 0.766999 68.0168 1.16581 -13 2787 1 0 1
0.679979 -24.9763 125.556 0.633543 -11.9344 55.9729 1.45797 -13 2788 1 0 1
16.1399 3.60375 125.556 8.77461 0.466116 62.4135 -0.0413841 -13 2789 1 0 1
-13.3743 -18.8875 125.556 -5.33554 -7.06755 51.0863 1.15987 -13 2790 1 0 1
5.78752 -12.7753 125.556 3.08164 -6.16314 64.6652 -0.457682 -13 2791 1 0 1
-12.9004 2.53717 125.556 -7.36726 2.87782 64.7849 -0.601572 -13 2792 1 0 1
12.6976 -18.7001 125.556 6.87328 -10.1921 64.3242 0.804586 -13 2793 1 0 1
1.53553 15.1602 125.556 0.01801 8.65864 73.1214 0.570796 -13 2794 1 0 1
6.97032 -24.1098 125.556 3.86171 -11.7769 60.2211 0.125255 -13 2795 1 0 1
2.6953 -7.39285 125.556 1.34131 -2.08566 28.1318 1.52896 -13 2796 1 0 1
-10.6735 9.35754 125.556 -7.09508 6.12269 69.4422 0.573367 -13 2797 1 0 1
-7.01908 -9.81165 125.556 -6.1066 -5.62168 75.3272 0.53765 -13 2798 1 0 1
6.64394 8.23933 125.556 3.5664 3.31251 52.8254 1.95727 -13 2799 1 0 1
2.13767 3.6088 125.556 1.79414 2.20205 51.3105 0.577832 -13 2800 1 0 1
-12.3018 -9.80166 125.556 -8.80407 -8.09726 73.6331 0.809821 -13 2801 1 0 1
-7.23146 9.98056 125.556 -5.43106 6.60789 72.801 -0.960002 -13 2802 1 0 1
2.96881 9.50995 125.556 -0.320318 7.66852 80.1888 1.8995 -13 2804 1 0 1
-5.79391 -11.6325 125.556 -4.90177 -8.51604 73.3212 2.30587 -13 2805 1 0 1
33.6652 2.64363 125.556 16.6775 0.767529 56.6847 1.53197 -13 2806 1 0 1
2.72325 39.094 125.556 0.899604 22.9772 66.359 1.18418 -13 2807 1 0 1
13.1918 -4.04653 125.556 6.90937 -2.15514 69.9988 0.630915 -13 2808 1 0 1
4.014 28.3101 125.556 2.67856 12.497 49.2924 0.339564 -13 2809 1 0 1
-6.71597 18.2079 125.556 -5.18649 11.5157 71.6711 1.6546 -13 2810 1 0 1
9.19458 -29.9226 125.556 4.78846 -13.7059 51.9714 0.497642 -13 2811 1 0 1
18.5575 8.54867 125.556 10.3973 4.08937 67.924 0.89958 -13 2812 1 0 1
15.5282 6.03905 125.556 7.2837 3.83577 49.9665 0.389962 -13 2813 1 0 1
-12.4852 -3.53645 125.556 -5.89073 -1.5757 59.2843 2.63101 -13 2814 1 0 1
-14.9364 -5.16845 125.556 -9.01439 -2.75141 66.4561 2.44525 -13 2815 1 0 1
-10.1413 -4.1914 125.556 -5.96426 -4.27795 66.0556 2.57478 -13 2816 1 0 1
18.3801 12.1743 125.556 10.0846 6.64338 67.6574 -0.135571 -13 2817 1 0 1
30.8897 6.57415 125.556 17.0321 5.85609 68.1729 1.2526 -13 2818 1 0 1
8.47864 11.9038 125.556 4.06568 7.68481 75.2543 0.844288 -13 2820 1 0 1
-2.21567 9.19007 125.556 -2.66358 7.64196 74.755 3.1245 -13 2821 1 0 1
-5.22715 20.4405 125.556 -2.37973 11.9821 58.7269 -1.03966 -13 2822 1 0 1
6.87389 19.0637 125.556 2.75885 13.9651 75.9395 1.74374 -13 2823 1 0 1
15.6165 -12.9327 125.556 8.11684 -6.61876 62.5522 -0.570227 -13 2824 1 0 1
22.2724 13.5551 125.556 11.5958 6.72172 60.7545 1.44822 -13 2825 1 0 1
14.2229 -18.743 125.556 3.31248 -3.81445 24.5121 0.116015 -13 2826 1 0 1
18.0393 1.31803 125.556 10.0061 0.755379 71.4258 1.43857 -13 2827 1 0 1
-8.38174 -12.5623 125.556 -5.20111 -7.19147 68.7079 1.748 -13 2828 1 0 1
39.224 18.4618 125.556 19.3062 9.18846 56.8116 -1.68928 -13 2829 1 0 1
18.0131 -17.6374 125.556 10.0593 -11.7998 69.5386 0.79572 -13 2830 1 0 1
-14.1389 1.90086 125.556 -11.7436 2.9454 79.3322 0.467265 -13 2831 1 0 1
1.89603 -3.31113 125.556 1.36904 -1.76058 61.5204 2.10134 -13 2832 1 0 1
-14.8161 -0.259467 125.556 -9.55456 -1.8748 69.1342 0.289698 -13 2833 1 0 1
2.79637 -2.41545 125.556 0.812721 -0.799047 72.0297 -0.307327 -13 2834 1 0 1
3.93965 4.80707 125.556 1.76944 3.15968 68.9281 2.2566 -13 2835 1 0 1
-13.837 4.77219 125.556 -4.70154 1.55123 45.7156 -0.30977 -13 2836 1 0 1
-2.69151 19.8302 125.556 -1.60569 9.74245 63.6098 0.488283 -13 2837 1 0 1
11.8402 -1.7823 125.556 4.95788 -1.77671 79.5159 3.02004 -13 2838 1 0 1
1.53821 -2.07837 125.556 0.427762 0.221548 65.922 -0.372806 -13 2839 1 0 1
49.5692 -15.3656 125.556 16.3644 -6.06835 36.8709 1.53186 -13 2840 1 0 1
11.7458 7.75037 125.556 5.93357 4.28962 51.1998 0.635439 -13 2841 1 0 1
-0.316072 -0.890953 125.556 0.471776 0.562449 54.9918 0.329607 -13 2842 1 0 1
-21.4453 -8.1906 125.556 -11.3375 -2.63232 61.6242 1.94346 -13 2843 1 0 1
36.3698 -1.54702 125.556 20.5277 -1.50824 69.6225 3.22348 -13 2844 1 0 1
11.3153 -11.1023 125.556 4.08661 -2.32481 33.3077 1.58874 -13 2845 1 0 1
2.02297 6.03122 125.556 1.20174 5.49791 64.745 0.36388 -13 2846 1 0 1
5.72226 -0.024947 125.556 2.98565 0.0932544 64.9731 1.34679 -13 2847 1 0 1
-13.6341 -4.3212 125.556 -5.08921 -2.66648 49.6215 0.596705 -13 2848 1 0 1
-10.2189 13.4484 125.556 -4.9281 7.61703 58.727 -0.962041 -13 2849 1 0 1
28.3088 4.03565 125.556 11.6242 1.61853 45.5046 0.0992847 -13 2850 1 0 1
7.02579 0.757009 125.556 2.73812 1.38679 77.4789 -1.20938 -13 2851 1 0 1
25.5343 -4.92376 125.556 13.9076 -1.62201 65.7618 -0.18481 -13 2852 1 0 1
-19.1159 -10.9002 125.556 -11.3339 -6.67028 66.5856 2.49899 -13 2853 1 0 1
-4.40963 7.97272 125.556 -3.44192 5.34907 71.336 -1.21003 -13 2854 1 0 1
1.57909 -6.25945 125.556 -0.910052 -4.7444 80.4672 1.47282 -13 2855 1 0 1
2.07957 4.66004 125.556 1.0642 1.90673 65.4144 -0.161483 -13 2857 1 0 1
-0.571004 -4.6601 125.556 0.122404 -2.26052 56.2385 -0.457529 -13 2858 1 0 1
18.1181 8.70905 125.556 9.04334 4.45038 56.906 1.45959 -13 2859 1 0 1
13.7118 3.32135 125.556 7.19765 1.50742 63.3294 -1.87788 -13 2860 1 0 1
6.56165 10.2493 125.556 2.37322 8.04991 77.9765 2.09651 -13 2861 1 0 1
-0.0324111 -7.38139 125.556 0.355215 -4.31684 61.2611 1.10498 -13 2862 1 0 1
-1.37181 7.56573 125.556 -1.16304 4.21666 67.4093 -0.155072 -13 2863 1 0 1
6.24984 -12.259 125.556 3.19693 -7.07457 59.8928 -0.485807 -13 2864 1 0 1
9.23568 -4.615 125.556 4.42104 -1.83055 44.4843 -0.673013 -13 2865 1 0 1
-29.5549 11.8884 125.556 -12.1102 6.11918 48.9077 -0.154371 -13 2866 1 0 1
-7.3782 12.9232 125.556 -1.84224 5.19424 40.7442 -0.79454 -13 2867 1 0 1
13.705 -7.44475 125.556 7.52968 -3.556 65.5623 2.46742 -13 2868 1 0 1
18.8314 11.6374 125.556 9.89689 5.8263 60.8952 1.63701 -13 2869 1 0 1
15.5799 -16.514 125.556 8.3909 -9.74802 66.5481 -0.553083 -13 2870 1 0 1
0.439097 4.15989 125.556 0.0340965 2.91706 66.9796 -0.084908 -13 2871 1 0 1
6.62648 16.298 125.556 3.59381 8.05058 61.1058 1.06882 -13 2872 1 0 1
3.97513 15.5207 125.556 1.70251 8.01286 70.4577 -1.33867 -13 2873 1 0 1
7.21552 31.8408 125.556 3.89682 14.0334 50.6335 0.205594 -13 2875 1 0 1
-34.8404 -25.7381 125.556 -18.3455 -13.2677 60.7197 0.0851899 -13 2876 1 0 1
-17.9367 6.10498 125.556 -13.7285 4.5381 77.2083 2.59111 -13 2877 1 0 1
-0.50912 8.56266 125.556 0.508839 2.05962 32.9554 -0.645303 -13 2878 1 0 1
-28.3498 6.48312 125.556 -10.3747 2.89794 45.4191 0.679794 -13 2879 1 0 1
-7.17632 7.79552 125.556 -3.38186 5.66253 59.5655 1.8025 -13 2880 1 0 1
13.294 -15.1529 125.556 7.15105 -8.14762 61.1958 3.06167 -13 2881 1 0 1
0.16043 8.41995 125.556 0.0866472 4.57373 61.0684 1.15293 -13 2882 1 0 1
-11.6967 -12.7201 125.556 -8.16812 -8.01343 71.4117 0.812701 -13 2883 1 0 1
-12.7857 14.1573 125.556 -5.97379 7.63535 58.2837 1.57951 -13 2884 1 0 1
-7.98099 -1.00134 125.556 -3.07356 0.319594 53.6438 3.12854 -13 2885 1 0 1
47.8739 18.0305 125.556 22.9245 9.23045 56.0409 -0.367912 -13 2886 1 0 1
-2.87641 -7.88481 125.556 -0.491732 -4.17641 50.3001 -1.48153 -13 2887 1 0 1
23.3184 32.9387 125.556 10.2782 14.4502 49.513 -1.65482 -13 2888 1 0 1
-5.44406 -9.51722 125.556 -4.15326 -6.47799 71.5332 -0.432253 -13 2889 1 0 1
-8.49861 17.1932 125.556 -4.54485 9.99663 61.9344 -0.337395 -13 2890 1 0 1
-2.83848 14.3427 125.556 -2.9151 9.52932 74.0812 2.81933 -13 2891 1 0 1
8.41551 28.2641 125.556 4.33983 13.8844 53.1877 0.74372 -13 2892 1 0 1
8.38198 0.279817 125.556 2.33002 0.416449 22.801 -0.612173 -13 2893 1 0 1
26.1969 3.10155 125.556 13.3491 2.54424 58.3939 2.45365 -13 2894 1 0 1
18.8875 -6.72039 125.556 6.28646 -1.71819 35.1249 1.19403 -13 2895 1 0 1
-13.4779 9.5162 125.556 -6.69377 6.47467 60.8125 0.622131 -13 2896 1 0 1
-2.33448 5.94264 125.556 -1.85219 3.68128 67.7802 1.54405 -13 2897 1 0 1
-4.66111 -16.8276 125.556 -2.30333 -9.66505 62.0121 0.2204 -13 2898 1 0 1
-9.83642 24.3513 125.556 -4.43891 10.9188 56.5069 0.583748 -13 2899 1 0 1
27.9954 -20.2431 125.556 15.1538 -11.5478 65.7609 2.17542 -13 2900 1 0 1
-4.34323 -4.73938 125.556 -4.5792 -3.22262 77.0004 0.176789 -13 2901 1 0 1
-6.03765 14.1732 125.556 -3.47334 9.6803 64.9253 3.02255 -13 2902 1 0 1
-2.62158 14.9551 125.556 -2.14707 8.84226 68.6773 -1.05282 -13 2904 1 0 1
4.92628 -4.00245 125.556 2.18211 -3.0883 72.8032 1.34334 -13 2905 1 0 1
-6.835 13.2377 125.556 -2.16089 5.51636 46.2695 3.08161 -13 2906 1 0 1
-1.00128 1.21561 125.556 -2.41324 0.386349 78.2059 0.839876 -13 2907 1 0 1
-12.7682 -25.4041 125.556 -5.00139 -12.574 52.2441 0.888111 -13 2908 1 0 1
-12.2451 5.9792 125.556 -7.04856 2.81399 63.6694 2.41835 -13 2909 1 0 1
-6.34683 2.50138 125.556 -6.76613 3.21067 79.8716 -0.136948 -13 2910 1 0 1
-16.5348 13.3179 125.556 -10.4949 8.37884 68.8618 3.60628 -13 2911 1 0 1
10.6046 -8.63214 125.556 5.67415 -3.47235 57.3685 0.677483 -13 2912 1 0 1
5.70084 16.0686 125.556 2.40754 11.9099 75.8101 -1.5846 -13 2913 1 0 1
-26.9669 12.2794 125.556 -11.0689 5.87181 49.8137 0.75974 -13 2914 1 0 1
27.9063 -6.67022 125.556 15.498 -4.37778 68.9432 1.37804 -13 2915 1 0 1
12.0989 -10.4809 125.556 6.47241 -7.17824 65.706 0.959902 -13 2916 1 0 1
-3.22027 5.92408 125.556 -1.61044 3.19404 63.4831 3.9156 -13 2917 1 0 1
12.7005 1.58746 125.556 6.68278 1.67705 60.8423 0.350669 -13 2918 1 0 1
10.0985 7.86859 125.556 5.26169 4.6814 69.3694 0.847027 -13 2919 1 0 1
-9.61909 12.9711 125.556 -6.58893 8.72239 69.7748 1.2764 -13 2920 1 0 1
-6.13973 8.20039 125.556 -5.02387 6.78481 73.3554 1.02767 -13 2921 1 0 1
20.7399 -0.278814 125.556 11.3624 0.320101 68.4957 1.06885 -13 2922 1 0 1
14.8107 26.8401 125.556 7.69256 14.6711 64.8607 -2.46068 -13 2923 1 0 1
-7.86365 -2.25873 125.556 -5.41013 -1.32017 69.51 0.294436 -13 2924 1 0 1
-4.13831 13.1966 125.556 -3.36889 9.12064 72.4326 0.132704 -13 2926 1 0 1
27.3749 2.86028 125.556 10.7693 1.2039 43.5704 1.1302 -13 2927 1 0 1
6.94412 26.1144 125.556 3.68065 12.2672 54.3063 -1.08285 -13 2928 1 0 1
6.20357 2.8955 125.556 2.79902 1.25965 35.3778 1.33404 -13 2929 1 0 1
-19.8375 19.141 125.556 -12.8187 12.3088 70.1451 -1.27603 -13 2930 1 0 1
-9.43183 21.7674 125.556 -4.315 11.8569 57.9195 1.77141 -13 2931 1 0 1
-1.29149 -2.70161 125.556 0.179772 -2.14606 54.2901 -0.533997 -13 2932 1 0 1
-17.1246 -2.08721 125.556 -9.50675 -0.123972 64.0895 1.06947 -13 2933 1 0 1
9.89979 -8.57141 125.556 5.20987 -6.32611 62.7007 2.43563 -13 2934 1 0 1
-4.811 1.373 125.556 -2.45619 1.72083 61.0173 0.569606 -13 2935 1 0 1
4.64295 8.20519 125.556 1.87635 4.72481 74.5666 -0.12585 -13 2936 1 0 1
-6.01643 -2.03475 125.556 -1.99617 0.644646 49.5323 -1.20215 -13 2937 1 0 1
25.2531 -4.77863 125.556 10.1034 -1.64399 44.097 2.50765 -13 2938 1 0 1
6.62803 14.4401 125.556 2.30376 10.9471 78.3332 0.181189 -13 2939 1 0 1
10.3492 9.30754 125.556 5.83444 4.85105 63.3556 0.282639 -13 2940 1 0 1
-42.3956 15.3422 125.556 -24.632 7.87338 66.0571 0.0178898 -13 2941 1 0 1
6.13048 3.91119 125.556 3.18887 1.54181 55.3382 -0.703663 -13 2942 1 0 1
-2.31804 33.3372 125.556 -0.889862 15.8971 56.1203 0.316156 -13 2943 1 0 1
7.73283 -0.0273661 125.556 4.25066 0.52005 61.8447 2.20425 -13 2944 1 0 1
-9.4895 0.540627 125.556 -4.06136 -1.97744 56.6078 4.18257 -13 2945 1 0 1
63.8555 -21.1553 125.556 21.5111 -6.73494 37.3062 0.0125221 -13 2946 1 0 1
-10.7978 17.5431 125.556 -5.4817 11.2076 60.449 -1.32703 -13 2947 1 0 1
-3.20832 10.2694 125.556 -0.492666 4.04625 46.3015 0.653849 -13 2948 1 0 1
-7.30433 -18.0353 125.556 -5.00136 -12.0941 68.3965 1.33152 -13 2949 1 0 1
-6.84419 -11.2523 125.556 -2.46813 -4.31273 55.3381 0.154917 -13 2950 1 0 1
1.83627 4.52305 125.556 1.4966 0.207495 56.6128 0.0255723 -13 2951 1 0 1
-10.7569 3.82668 125.556 -5.78559 2.52327 63.3846 0.952138 -13 2952 1 0 1
-1.44609 8.25189 125.556 -1.04133 5.03689 67.6429 0.669794 -13 2953 1 0 1
-1.94109 -1.93821 125.556 -0.355111 -2.53379 57.414 -1.01139 -13 2955 1 0 1
-4.66478 6.16619 125.556 -3.32038 3.11733 70.8741 0.264204 -13 2956 1 0 1
-5.24429 5.18633 125.556 -3.8995 4.25603 69.7648 1.92851 -13 2957 1 0 1
15.7449 26.997 125.556 7.80728 12.4404 58.1457 2.33018 -13 2958 1 0 1
15.4787 -6.23398 125.556 8.44088 -4.64755 77.6584 -0.472158 -13 2959 1 0 1
-5.15129 17.2727 125.556 -2.99233 8.68307 64.7282 1.18407 -13 2960 1 0 1
16.5543 -24.4516 125.556 9.01865 -13.6076 63.249 3.0901 -13 2961 1 0 1
34.0278 -15.6107 125.556 5.4722 -2.14296 17.4644 1.9338 -13 2963 1 0 1
-25.5805 -42.4336 125.556 -8.70744 -15.3441 42.1187 -0.0681715 -13 2964 1 0 1
20.8905 -24.5753 125.556 7.30705 -8.39317 40.9693 3.0206 -13 2965 1 0 1
12.4436 3.38432 125.556 6.74336 1.73183 67.9349 -1.04416 -13 2966 1 0 1
-4.54373 -51.395 125.556 -2.36624 -27.5631 57.3558 0.68955 -13 2967 1 0 1
-0.715345 -12.6829 125.556 -1.24496 -6.66027 71.5702 1.97773 -13 2968 1 0 1
-14.2022 -9.92491 125.556 -8.72596 -6.27302 68.2901 2.27079 -13 2969 1 0 1
28.3612 -12.454 125.556 15.3609 -7.32573 65.6994 0.211913 -13 2970 1 0 1
-9.95251 -9.24127 125.556 -7.23454 -6.54623 73.0355 -0.437559 -13 2971 1 0 1
9.71726 -2.62749 125.556 5.30681 -1.8399 69.6413 2.00667 -13 2972 1 0 1
-6.401 -1.63495 125.556 -7.14113 -1.42639 78.5238 1.53922 -13 2973 1 0 1
-2.12872 75.0436 125.556 0.145544 8.91926 12.6499 2.37608 -13 2974 1 0 1
-7.66877 -7.78513 125.556 -5.04707 -6.85862 68.9166 1.2918 -13 2975 1 0 1
0.531976 -12.2536 125.556 0.0564054 -7.49533 64.5265 1.46905 -13 2976 1 0 1
19.0209 -20.7765 125.556 10.2863 -12.5537 62.7764 1.60821 -13 2977 1 0 1
-12.5636 16.644 125.556 -4.84828 6.39895 51.6654 2.39436 -13 2978 1 0 1
8.41618 -23.5712 125.556 4.50818 -11.6735 59.4178 -0.083739 -13 2979 1 0 1
-14.6306 8.08472 125.556 -6.16961 3.81589 52.7748 0.330732 -13 2980 1 0 1
7.87829 -0.463276 125.556 4.42359 -0.972759 56.2333 3.0987 -13 2981 1 0 1
4.52462 -2.20089 125.556 2.27591 -1.18622 67.2654 -0.485744 -13 2982 1 0 1
5.20954 7.06326 125.556 2.76703 3.90164 62.5065 -0.753526 -13 2983 1 0 1
-21.5298 -2.0459 125.556 -15.2132 -0.19837 75.1726 1.52093 -13 2984 1 0 1
7.04374 -10.5745 125.556 3.73475 -4.8844 48.9834 0.0231879 -13 2985 1 0 1
22.8775 3.26908 125.556 11.2892 2.35601 55.2179 1.74209 -13 2986 1 0 1
-12.4436 19.1831 125.556 -9.19027 13.2449 73.8937 0.297853 -13 2987 1 0 1
28.7841 -24.7737 125.556 13.0776 -9.74485 49.9464 1.18417 -13 2988 1 0 1
10.781 -0.907423 125.556 5.8904 -0.697776 68.8171 0.10227 -13 2989 1 0 1
-13.4766 -7.64948 125.556 -7.27305 -5.079 63.4871 -0.114338 -13 2990 1 0 1
3.04964 1.0291 125.556 1.02849 0.0668011 71.8014 0.701172 -13 2991 1 0 1
-16.9692 -1.34837 125.556 -11.2808 0.61991 70.9279 0.45886 -13 2992 1 0 1
-6.77758 0.0247926 125.556 -5.41532 -0.492367 74.3458 -0.774935 -13 2993 1 0 1
-5.27409 8.62779 125.556 -2.62856 4.00049 62.9229 1.70852 -13 2994 1 0 1
1.75687 -11.9409 125.556 -0.671777 -7.99937 77.1042 -0.423619 -13 2995 1 0 1
-0.173097 -14.6472 125.556 0.166025 -6.90101 58.5532 -0.235599 -13 2996 1 0 1
-20.1855 -1.1222 125.556 -12.9787 -0.747115 70.5434 -0.548047 -13 2998 1 0 1
1.79398 5.70978 125.556 0.799814 3.15985 65.999 0.465051 -13 2999 1 0 1
3.69056 5.38342 125.556 1.16166 3.00238 73.7413 2.65533 -13 3000 1 0 1
-3.9735 -0.00985443 125.556 -2.66758 -1.82652 67.9947 0.849051 -13 3001 1 0 1
-22.8892 14.0126 125.556 -17.0536 9.43223 77.1039 1.34891 -13 3002 1 0 1
-50.7328 22.2943 125.556 -15.913 7.05927 37.7876 0.626295 -13 3003 1 0 1
-10.2184 27.8879 125.556 -6.42276 16.6838 65.4359 2.39616 -13 3004 1 0 1
4.70135 -0.747727 125.556 2.41621 -0.0825939 67.8812 -0.072734 -13 3005 1 0 1
-11.9041 8.01655 125.556 -7.06881 5.39813 66.17 2.62237 -13 3006 1 0 1
-24.0211 6.76504 125.556 -15.2223 5.3557 69.7719 -0.0356263 -13 3007 1 0 1
32.8298 -7.89221 125.556 14.4647 -4.17166 49.5356 -0.16965 -13 3008 1 0 1
-3.18946 1.2047 125.556 -2.85997 1.09867 72.8949 -1.4407 -13 3009 1 0 1
4.44509 21.8395 125.556 2.5461 11.7309 55.3337 1.02875 -13 3010 1 0 1
2.17347 2.08623 125.556 1.08564 1.57394 63.2044 -1.16274 -13 3011 1 0 1
-1.09211 -25.6026 125.556 -0.311251 -11.9533 55.043 3.49246 -13 3012 1 0 1
19.7711 -16.9181 125.556 9.81795 -7.94266 56.3514 1.05046 -13 3013 1 0 1
5.13396 -6.43792 125.556 2.12309 -3.90484 74.0499 -0.126788 -13 3014 1 0 1
20.6255 -18.6643 125.556 11.513 -11.1172 74.6185 2.24363 -13 3015 1 0 1
-12.3453 -12.3501 125.556 -4.77892 -4.90655 51.6985 2.41086 -13 3016 1 0 1
-5.48053 6.62594 125.556 -4.31728 2.77637 70.9919 0.396593 -13 3017 1 0 1
-10.6113 20.6109 125.556 -5.03385 11.2188 57.4851 3.12063 -13 3018 1 0 1
16.727 1.11922 125.556 9.18652 0.623681 70.0012 2.51396 -13 3020 1 0 1
11.1352 7.05126 125.556 6.05066 6.58456 68.4691 0.053903 -13 3021 1 0 1
11.2423 6.0417 125.556 5.7528 2.4123 56.2902 0.040574 -13 3022 1 0 1
-0.792758 18.2603 125.556 -0.247034 8.53753 61.3607 0.586344 -13 3023 1 0 1
13.72 3.44388 125.556 5.07119 0.888076 35.9948 3.38764 -13 3024 1 0 1
13.1768 -18.7424 125.556 4.61499 -6.54137 36.351 2.09386 -13 3025 1 0 1
9.57398 12.8932 125.556 5.24911 8.02302 61.0912 -0.345592 -13 3026 1 0 1
-21.6968 15.6977 125.556 -12.5388 8.95141 64.8407 2.44425 -13 3027 1 0 1
-11.1612 14.0399 125.556 -3.24557 4.84929 41.6795 -1.62666 -13 3028 1 0 1
22.9992 -16.6692 125.556 12.5956 -10.7156 67.2001 -0.455409 -13 3029 1 0 1
2.00899 13.5835 125.556 1.36646 5.4007 50.7804 1.08549 -13 3030 1 0 1
33.335 -23.9244 125.556 12.4989 -7.70796 40.7851 0.978321 -13 3031 1 0 1
-13.5765 5.99512 125.556 -7.62337 2.72409 65.6751 1.02405 -13 3032 1 0 1
-10.7839 -13.9574 125.556 -5.98347 -7.38454 64.346 -2.0359 -13 3033 1 0 1
25.0708 -22.0001 125.556 11.4175 -9.38814 51.6064 1.2896 -13 3034 1 0 1
4.28765 0.769531 125.556 2.36323 0.326625 63.571 3.7377 -13 3035 1 0 1
-21.7204 -18.7414 125.556 -11.382 -9.8555 61.3592 0.952424 -13 3036 1 0 1
-8.27245 -2.25722 125.556 -4.69315 -0.690285 64.3164 1.9149 -13 3037 1 0 1
-6.11542 -7.23197 125.556 -3.41998 -2.96997 64.8236 0.70607 -13 3038 1 0 1
4.12331 14.9911 125.556 2.39325 7.35988 60.5857 0.0973275 -13 3039 1 0 1
7.30434 4.01884 125.556 3.81771 -0.357925 66.317 0.383201 -13 3040 1 0 1
18.28 5.03466 125.556 8.17636 2.38515 49.4409 0.272393 -13 3041 1 0 1
-13.9253 -5.16671 125.556 -11.9183 -4.26914 80.2625 1.13484 -13 3042 1 0 1
18.7659 0.655639 125.556 9.46508 1.9822 58.8204 0.745947 -13 3043 1 0 1
-7.01853 -25.3755 125.556 -3.04219 -12.0589 58.0507 1.23394 -13 3044 1 0 1
22.2829 -24.933 125.556 11.799 -13.2417 62.8001 -1.02543 -13 3045 1 0 1
-0.270162 -12.3976 125.556 -1.55182 -8.14581 74.9737 -0.889901 -13 3046 1 0 1
3.79713 -10.7406 125.556 2.36926 -5.08182 61.5206 0.762977 -13 3047 1 0 1
10.5203 -13.1348 125.556 5.88163 -5.45757 61.6986 0.611489 -13 3048 1 0 1
-0.515615 30.5418 125.556 0.584143 6.0539 21.8507 1.20696 -13 3049 1 0 1
6.62611 7.66128 125.556 2.85902 3.73941 76.21 -0.79364 -13 3050 1 0 1
-0.00724287 -8.55214 125.556 0.458648 -4.65281 60.5854 0.244861 -13 3051 1 0 1
3.53364 2.55985 125.556 1.34777 3.50626 71.9182 -0.453713 -13 3052 1 0 1
22.6012 3.92677 125.556 11.7424 1.85034 59.688 0.0340302 -13 3053 1 0 1
5.57115 15.7485 125.556 2.52483 10.363 65.9806 0.874551 -13 3054 1 0 1
3.40072 7.69459 125.556 1.75555 3.35754 65.0124 2.75835 -13 3055 1 0 1
-32.8868 -28.7493 125.556 -16.0626 -14.8862 56.9421 0.185173 -13 3056 1 0 1
-11.01 -15.4305 125.556 -7.29499 -8.93907 69.174 -0.500274 -13 3057 1 0 1
6.6524 5.57748 125.556 3.75353 2.56761 55.8582 0.418732 -13 3058 1 0 1
4.22025 -6.2247 125.556 2.04549 -5.15572 65.6068 0.716403 -13 3059 1 0 1
-18.2886 -2.73023 125.556 -7.1726 -0.53128 50.5778 1.20921 -13 3060 1 0 1
1.90117 7.62829 125.556 1.02641 4.67808 63.4012 2.53079 -13 3061 1 0 1
9.5408 14.8945 125.556 2.05564 2.4497 18.4362 2.5052 -13 3062 1 0 1
-7.12502 -6.93421 125.556 -4.67764 -4.81029 68.7594 0.204221 -13 3063 1 0 1
3.12956 -33.0513 125.556 1.07317 -21.131 69.3879 -0.071648 -13 3064 1 0 1
6.63139 26.1733 125.556 3.41779 14.4195 65.8284 3.08085 -13 3065 1 0 1
-0.372964 -4.82736 125.556 -0.325267 -3.93913 64.0044 2.48363 -13 3066 1 0 1
-15.6596 8.21237 125.556 -10.0233 5.53004 69.5974 2.36237 -13 3067 1 0 1
-15.5792 -3.513 125.556 -7.85417 -2.26462 60.1394 2.14501 -13 3068 1 0 1
27.479 -14.3699 125.556 10.261 -6.65672 42.1977 1.70618 -13 3069 1 0 1
-13.1212 8.28545 125.556 -7.88881 5.97882 66.6203 2.16964 -13 3070 1 0 1
32.5855 -8.62564 125.556 5.69261 -1.57598 18.7211 2.59037 -13 3071 1 0 1
-15.2661 6.56688 125.556 -12.5665 3.27435 79.1651 1.03332 -13 3072 1 0 1
-30.2263 11.1094 125.556 -17.7062 6.21115 65.9768 -0.385088 -13 3073 1 0 1
9.18711 16.9308 125.556 4.75942 10.6181 68.7712 0.742029 -13 3074 1 0 1
-2.29768 6.16458 125.556 -3.07432 5.19721 77.6502 1.35072 -13 3075 1 0 1
0.795918 11.9476 125.556 -0.611817 7.7961 73.3617 0.883223 -13 3076 1 0 1
5.43431 -7.31762 125.556 1.83323 -5.91939 77.4014 0.783314 -13 3077 1 0 1
24.2767 19.9086 125.556 9.88692 7.72225 45.5361 -0.0591483 -13 3078 1 0 1
4.88711 14.0716 125.556 1.70753 10.1096 74.4058 -1.09025 -13 3079 1 0 1
14.9625 13.2647 125.556 7.8729 7.1537 60.4817 -0.744174 -13 3080 1 0 1
-10.5814 -16.2868 125.556 -4.81463 -8.38839 58.4288 1.78201 -13 3081 1 0 1
4.23143 -17.1465 125.556 1.81047 -10.8272 67.0973 1.29783 -13 3082 1 0 1
17.5674 -1.66795 125.556 9.49945 -1.03256 61.2023 -0.837297 -13 3083 1 0 1
0.618917 -5.92662 125.556 0.000442516 -3.45597 69.2492 0.754273 -13 3084 1 0 1
9.09004 -8.13332 125.556 4.56623 -5.3157 67.1377 0.242074 -13 3085 1 0 1
-15.1831 0.446158 125.556 -5.23807 0.868502 45.1176 0.960328 -13 3086 1 0 1
9.72279 -13.6423 125.556 4.80032 -8.77168 68.7289 1.03949 -13 3087 1 0 1
-7.86649 -39.6836 125.556 -3.05525 -18.1382 51.6817 0.0568151 -13 3088 1 0 1
-0.529406 11.8937 125.556 -0.783286 8.37074 68.7339 1.05127 -13 3089 1 0 1
-19.2921 -0.783967 125.556 -9.14274 0.524223 58.1631 1.47141 -13 3090 1 0 1
4.5262 -25.014 125.556 1.37319 -17.5076 74.5373 -0.0894092 -13 3091 1 0 1
-3.339 22.9802 125.556 -3.10617 15.2068 71.1763 0.934169 -13 3092 1 0 1
12.5301 16.1148 125.556 5.69929 6.98075 47.1357 1.18079 -13 3093 1 0 1
-13.2747 -9.6963 125.556 -8.10248 -5.79887 67.7943 -0.555952 -13 3094 1 0 1
9.31728 9.28069 125.556 4.64204 4.73613 72.4821 2.94016 -13 3095 1 0 1
7.19141 -24.8448 125.556 3.37852 -14.9992 69.465 0.0714909 -13 3096 1 0 1
21.8317 22.4444 125.556 12.1507 16.5224 73.2418 0.442962 -13 3097 1 0 1
0.450906 -11.475 125.556 -0.186454 -6.45118 70.1253 -1.56871 -13 3099 1 0 1
2.31209 0.790049 125.556 1.50494 0.375006 57.7109 0.563247 -13 3100 1 0 1
-4.60739 10.4696 125.556 -3.1541 6.29976 69.343 2.03598 -13 3101 1 0 1
9.95983 10.7809 125.556 5.31707 5.7744 61.0227 0.173484 -13 3102 1 0 1
-15.0316 -18.819 125.556 -9.76506 -12.3766 69.7714 1.47402 -13 3103 1 0 1
-2.99747 -4.26449 125.556 -1.02015 -2.92695 57.0924 2.01606 -13 3104 1 0 1
-7.32234 -4.73733 125.556 -5.74376 -3.08417 73.3579 0.688191 -13 3105 1 0 1
10.6738 2.50909 125.556 5.40643 2.4815 75.3682 0.970391 -13 3106 1 0 1
-4.38235 9.36999 125.556 -4.10304 7.39616 74.9257 2.16372 -13 3107 1 0 1
-3.59242 11.9714 125.556 -1.65304 7.36442 62.3381 0.558112 -13 3108 1 0 1
-5.06458 -1.57947 125.556 -1.12042 0.0538988 44.7266 1.56852 -13 3109 1 0 1
-12.2313 5.67459 125.556 -6.81509 3.01681 65.8148 0.827913 -13 3110 1 0 1
34.4348 -33.8863 125.556 11.8797 -11.6851 38.1873 1.47304 -13 3111 1 0 1
-12.2253 -8.18228 125.556 -9.21548 -5.32928 75.4687 0.939787 -13 3112 1 0 1
7.95208 -15.5561 125.556 3.59146 -11.0774 74.8759 1.53836 -13 3113 1 0 1
-7.50632 17.7189 125.556 -3.55507 9.62942 62.2477 -0.141805 -13 3114 1 0 1
-0.0526764 -5.04119 125.556 -1.92626 -2.66998 77.4895 1.47837 -13 3115 1 0 1
2.41003 -1.52644 125.556 0.0490353 -0.715334 77.1973 -0.0315549 -13 3116 1 0 1
-9.92622 18.3999 125.556 -7.92484 12.8366 75.7629 0.381075 -13 3117 1 0 1
-13.3722 2.90992 125.556 -9.64184 0.0422031 74.0559 0.12795 -13 3118 1 0 1
-7.92562 -7.94096 125.556 -5.98451 -6.06575 72.5059 1.3143 -13 3119 1 0 1
-11.4541 -7.24157 125.556 -8.14665 -5.27936 72.5976 -1.64866 -13 3120 1 0 1
-21.1446 -39.8862 125.556 -3.35933 -7.80297 20.6383 0.960995 -13 3121 1 0 1
-4.26476 -10.3836 125.556 -4.63662 -7.28522 77.1459 0.658993 -13 3122 1 0 1
-3.41251 -70.5182 125.556 -1.81404 -32.8071 53.8521 -1.70039 -13 3123 1 0 1
-19.1385 1.95047 125.556 -10.4741 -1.08994 63.8784 1.25736 -13 3124 1 0 1
-7.65373 -14.9945 125.556 -4.62 -8.19518 65.7343 2.11617 -13 3125 1 0 1
31.7694 14.7051 125.556 15.6647 6.81884 58.0814 2.69675 -13 3126 1 0 1
-1.08324 0.948423 125.556 -0.19193 0.0112239 58.6399 2.04731 -13 3127 1 0 1
6.01478 0.632614 125.556 2.93944 -0.325978 70.5185 2.8354 -13 3128 1 0 1
7.14601 22.2264 125.556 2.1744 5.00835 28.2911 4.3062 -13 3129 1 0 1
9.53732 11.2336 125.556 5.05596 6.72989 67.1774 2.75818 -13 3130 1 0 1
-3.53862 9.91365 125.556 -1.69617 6.24463 63.1119 0.0211988 -13 3131 1 0 1
-13.3458 -15.7234 125.556 -8.38583 -9.43153 68.145 1.05796 -13 3132 1 0 1
2.41942 -25.5971 125.556 1.65865 -11.5946 53.9593 1.40596 -13 3133 1 0 1
24.7174 -26.0728 125.556 11.6201 -12.3122 53.1548 2.30229 -13 3134 1 0 1
24.8957 -11.4937 125.556 11.2591 -4.44697 50.2852 0.653036 -13 3135 1 0 1
3.61325 2.28701 125.556 2.35867 1.3698 54.7878 1.70598 -13 3136 1 0 1
7.63678 -45.0018 125.556 3.24625 -17.1377 41.9722 2.29636 -13 3137 1 0 1
21.4682 -0.0285183 125.556 8.71752 0.941168 44.5931 1.94784 -13 3138 1 0 1
15.9496 7.64027 125.556 8.3183 4.19903 60.0258 0.429178 -13 3139 1 0 1
23.3582 -16.95 125.556 12.9296 -9.38272 68.0032 0.885173 -13 3140 1 0 1
22.7726 1.0287 125.556 12.1025 1.45412 61.0007 -1.58856 -13 3141 1 0 1
0.72873 -1.01518 125.556 -1.1514 0.862794 77.4571 2.03293 -13 3142 1 0 1
2.91954 21.9879 125.556 1.4975 12.1765 60.2211 2.07007 -13 3143 1 0 1
11.02 20.9121 125.556 5.8176 9.70832 57.3803 0.115302 -13 3144 1 0 1
4.34684 20.7175 125.556 1.99302 12.4699 68.0413 1.62423 -13 3146 1 0 1
-24.2544 -2.60694 125.556 -16.9358 -0.200705 74.1032 -1.39924 -13 3147 1 0 1
2.65578 13.0189 125.556 0.729107 7.4089 67.1893 1.80328 -13 3148 1 0 1
-5.7347 -41.5876 125.556 -1.06776 -12.8029 34.7187 2.66375 -13 3149 1 0 1
-1.34657 16.3318 125.556 -2.04128 9.80424 73.07 0.391854 -13 3150 1 0 1
-3.37896 -26.0342 125.556 -1.71961 -14.3182 62.5671 1.42014 -13 3151 1 0 1
-27.6279 14.5426 125.556 -15.466 6.92021 64.1137 2.25773 -13 3152 1 0 1
-0.416728 -6.54552 125.556 -1.46251 -4.55935 75.209 -1.57683 -13 3153 1 0 1
-15.0682 2.13027 125.556 -11.9489 1.53842 78.1032 0.649768 -13 3154 1 0 1
23.6663 -2.09273 125.556 12.6096 -1.52345 60.6169 -0.855352 -13 3155 1 0 1
-8.93275 -0.489326 125.556 -6.89398 0.163839 73.1967 3.02458 -13 3156 1 0 1
27.0523 -9.92561 125.556 11.924 -5.22535 48.8733 -0.373392 -13 3157 1 0 1
26.2838 -1.30962 125.556 14.5801 -0.657827 66.0528 1.43298 -13 3158 1 0 1
-3.14111 -19.9047 125.556 -2.10265 -12.7569 65.9481 1.825 -13 3160 1 0 1
-2.75386 -32.0362 125.556 -0.988449 -16.5594 57.5024 2.27107 -13 3161 1 0 1
-13.0068 5.80485 125.556 -11.3328 3.22871 79.7522 1.87256 -13 3162 1 0 1
2.78006 -1.01952 125.556 0.213579 -0.00207542 76.996 0.629324 -13 3163 1 0 1
11.2327 9.42345 125.556 6.02656 6.4171 60.2301 -0.0218355 -13 3164 1 0 1
15.3846 22.122 125.556 8.17128 11.1182 58.8897 3.04611 -13 3165 1 0 1
6.2672 -1.21267 125.556 3.63425 -0.366568 63.132 0.747129 -13 3166 1 0 1
-1.9533 4.52602 125.556 -3.45922 1.54903 80.5602 2.48691 -13 3167 1 0 1
18.3213 3.57621 125.556 9.57651 3.47226 57.9371 2.06717 -13 3168 1 0 1
22.6264 -1.99312 125.556 12.3334 -1.3326 65.5553 1.20065 -13 3169 1 0 1
-10.4366 4.77032 125.556 -5.14685 3.04509 60.5017 -1.67136 -13 3170 1 0 1
13.8694 8.01485 125.556 7.26063 5.23513 60.8358 0.315401 -13 3171 1 0 1
-9.67908 -11.5387 125.556 -5.02395 -6.81697 62.0598 -0.96317 -13 3172 1 0 1
27.3988 -2.58456 125.556 11.3567 -1.61116 43.7207 2.24628 -13 3173 1 0 1
-4.19452 2.24137 125.556 -3.41391 0.623907 72.408 0.793988 -13 3174 1 0 1
7.30855 11.6221 125.556 4.01913 7.18872 66.8048 -1.93414 -13 3175 1 0 1
5.71216 0.526424 125.556 2.26544 -0.542231 73.7298 1.34784 -13 3176 1 0 1
-15.5715 -1.22366 125.556 -8.04783 -0.842828 61.8427 -0.183459 -13 3177 1 0 1
-7.35288 -19.217 125.556 -5.78086 -13.3202 73.2218 -0.99681 -13 3178 1 0 1
-3.87346 -19.3024 125.556 -4.47436 -13.9552 78.1538 0.731197 -13 3179 1 0 1
-8.49666 -1.73086 125.556 -8.09389 -2.85051 79.0598 0.407441 -13 3180 1 0 1
-8.01379 15.1982 125.556 -7.76688 9.97164 79.2972 2.091 -13 3181 1 0 1
11.9436 7.35192 125.556 5.08237 2.95482 41.9506 2.90828 -13 3182 1 0 1
-2.66964 -6.1003 125.556 -3.255 -4.69924 76.4482 -0.370509 -13 3183 1 0 1
26.2891 -4.1066 125.556 6.62949 -0.853913 27.2288 2.36314 -13 3184 1 0 1
-18.2324 -2.57437 125.556 -11.698 -1.67293 69.4231 -1.68769 -13 3185 1 0 1
23.96 5.5509 125.556 12.8747 2.94638 65.3083 2.8377 -13 3186 1 0 1
-1.81824 -2.73767 125.556 -0.229431 -0.956163 54.8965 1.69925 -13 3187 1 0 1
-17.2654 9.24546 125.556 -8.05124 4.23424 56.938 1.42157 -13 3188 1 0 1
-7.17875 -13.169 125.556 -6.2512 -8.89857 76.6534 1.09649 -13 3189 1 0 1
-10.365 -14.0564 125.556 -9.18241 -9.04808 78.5848 1.44957 -13 3190 1 0 1
-7.48286 -10.995 125.556 -2.01433 -4.2904 44.105 1.50712 -13 3191 1 0 1
15.6468 -2.27603 125.556 8.64342 0.625842 69.8006 0.0233675 -13 3192 1 0 1
1.0699 -6.61794 125.556 0.794552 -3.50053 59.6346 0.16661 -13 3193 1 0 1
-41.8584 -30.0546 125.556 -21.6171 -14.7639 59.463 1.05841 -13 3194 1 0 1
-12.8279 9.64206 125.556 -6.54846 5.36602 60.629 0.428262 -13 3195 1 0 1
-1.4865 8.29332 125.556 -2.61915 5.62242 77.1935 0.130917 -13 3196 1 0 1
-12.1136 -23.9493 125.556 -5.82013 -12.757 58.1176 1.28579 -13 3197 1 0 1
-7.18454 3.45975 125.556 -5.65659 4.08395 73.192 0.0839616 -13 3198 1 0 1
5.227 -20.0164 125.556 2.60118 -10.3114 66.0185 -0.631133 -13 3199 1 0 1
-0.691461 -12.4587 125.556 0.318212 -4.49662 46.6153 1.90149 -13 3200 1 0 1
3.17807 -10.3402 125.556 1.96283 -5.75569 56.7623 0.168569 -13 3201 1 0 1
9.02983 -17.3806 125.556 4.82417 -8.89027 56.4432 0.349643 -13 3202 1 0 1
-6.78734 -9.52581 125.556 -1.92026 -3.73893 47.936 -0.834655 -13 3203 1 0 1
-11.0851 -3.34412 125.556 -4.49793 -2.35094 52.3277 1.56099 -13 3204 1 0 1
11.367 6.87705 125.556 6.18969 3.34814 60.7012 0.859757 -13 3205 1 0 1
-16.2211 3.74541 125.556 -9.8465 2.25156 68.7254 1.36682 -13 3206 1 0 1
-12.8552 -19.0921 125.556 -10.562 -13.4617 77.7683 -0.916133 -13 3207 1 0 1
-13.9225 4.48895 125.556 -5.45266 2.90976 51.3331 0.0167075 -13 3208 1 0 1
2.00215 -22.5071 125.556 1.35947 -8.55 38.7106 2.6316 -13 3209 1 0 1
7.24653 -3.73139 125.556 3.9211 -3.00771 60.5009 1.60859 -13 3211 1 0 1
-27.7234 -4.64665 125.556 -18.313 -3.42674 72.2843 -2.40774 -13 3212 1 0 1
5.9878 -22.5577 125.556 2.82433 -12.5595 70.2355 0.957052 -13 3213 1 0 1
-2.83459 -5.92734 125.556 -1.58794 -4.11698 66.2344 0.167438 -13 3214 1 0 1
-13.3026 28.2948 125.556 -9.47807 18.0171 71.5939 0.996765 -13 3215 1 0 1
4.71029 5.11578 125.556 2.80152 1.6133 53.108 1.72128 -13 3216 1 0 1
-17.3502 2.77288 125.556 -12.793 2.84088 75.8109 0.880167 -13 3217 1 0 1
0.281169 -28.5525 125.556 0.511598 -14.7531 56.0362 1.64948 -13 3218 1 0 1
31.1973 32.2127 125.556 13.5249 13.7669 47.7327 1.6903 -13 3219 1 0 1
1.41701 12.8643 125.556 0.701983 9.29725 66.8421 -1.31039 -13 3220 1 0 1
-12.3963 -6.65846 125.556 -6.25603 -3.09979 59.7944 0.220525 -13 3221 1 0 1
0.261028 -1.63104 125.556 -0.545902 -1.94942 69.8957 0.573129 -13 3222 1 0 1
-5.22908 3.93405 125.556 -3.5231 3.04834 68.8155 0.964446 -13 3223 1 0 1
-7.99397 5.44613 125.556 -4.55394 1.75936 65.5668 0.948751 -13 3224 1 0 1
-13.2891 -13.6359 125.556 -7.26953 -8.40061 63.7898 2.61568 -13 3225 1 0 1
-13.1631 -5.96265 125.556 -5.76426 -3.31535 55.3881 0.806026 -13 3226 1 0 1
20.6324 -2.10465 125.556 8.608 -0.467172 44.0418 -0.738199 -13 3227 1 0 1
23.7986 3.50395 125.556 12.9544 2.20477 65.8154 0.591532 -13 3228 1 0 1
-3.49551 25.3408 125.556 -3.05612 15.1991 69.312 -1.19407 -13 3229 1 0 1
8.55175 9.95207 125.556 4.33474 4.68568 55.7459 -1.32958 -13 3230 1 0 1
18.888 -3.88044 125.556 10.6319 -1.81748 69.9617 0.65977 -13 3231 1 0 1
2.92501 0.606715 125.556 1.95982 -0.147378 35.5486 2.59302 -13 3232 1 0 1
5.59258 -13.1079 125.556 2.99822 -5.80772 52.3551 -0.189422 -13 3233 1 0 1
-13.0447 0.953153 125.556 -8.84012 0.346745 71.3083 2.76093 -13 3234 1 0 1
36.8797 -6.47231 125.556 20.1374 -4.68505 67.7618 -0.119622 -13 3235 1 0 1
-8.35382 -7.16722 125.556 -3.84627 -4.33999 59.336 2.09836 -13 3236 1 0 1
10.2216 12.9304 125.556 5.36047 8.02434 66.1632 1.01599 -13 3237 1 0 1
17.1186 21.7475 125.556 7.96641 10.6958 52.9379 1.20976 -13 3238 1 0 1
-7.74652 6.69158 125.556 -3.86928 3.2278 60.0328 0.6811 -13 3239 1 0 1
-9.41227 -29.4682 125.556 -5.92771 -15.4718 68.1967 0.0504144 -13 3240 1 0 1
-14.6722 -24.8815 125.556 -7.46798 -12.5914 59.146 1.46343 -13 3241 1 0 1
-15.6383 6.40668 125.556 -11.033 2.99102 74.6047 0.404875 -13 3242 1 0 1
17.1429 8.07494 125.556 9.03015 5.12533 60.7902 1.2552 -13 3243 1 0 1
-12.444 -11.3362 125.556 -6.7097 -5.75461 63.4302 0.424579 -13 3244 1 0 1
1.60065 -14.2149 125.556 -0.241414 -8.04124 74.7324 0.428708 -13 3246 1 0 1
6.85408 -26.0124 125.556 3.69788 -12.1367 49.22 1.77148 -13 3247 1 0 1
5.22799 -15.8791 125.556 1.91224 -10.4558 72.5405 0.828755 -13 3248 1 0 1
-6.5353 23.3477 125.556 -2.72059 11.746 56.1429 2.12388 -13 3249 1 0 1
-11.4707 -1.70935 125.556 -8.85321 -0.143111 75.4721 0.15707 -13 3250 1 0 1
-37.1647 18.8519 125.556 -2.2653 1.42027 8.12335 6.19886 -13 3251 1 0 1
-4.01038 -14.6543 125.556 -3.03284 -9.62809 69.8879 1.67289 -13 3252 1 0 1
-28.0322 -8.50184 125.556 -13.0812 -3.63978 55.7354 0.983483 -13 3253 1 0 1
7.54854 -5.43585 125.556 3.78627 -2.68484 67.4851 1.05368 -13 3254 1 0 1
5.5794 -7.67632 125.556 2.91869 -3.8444 66.1069 3.54511 -13 3255 1 0 1
33.152 -18.5896 125.556 16.1923 -9.2638 56.6559 -1.00031 -13 3256 1 0 1
13.6868 1.21481 125.556 7.5142 0.910567 71.9353 -1.13469 -13 3257 1 0 1
20.5809 2.26331 125.556 10.1009 0.493401 56.0196 0.846642 -13 3258 1 0 1
-4.62704 9.65006 125.556 -3.12173 4.90033 67.7694 0.214851 -13 3259 1 0 1
-5.6958 -0.841966 125.556 -1.22695 0.649731 36.9607 3.22753 -13 3260 1 0 1
1.18849 -29.715 125.556 1.23637 -15.2117 57.6246 1.99075 -13 3261 1 0 1
-3.87449 -2.72895 125.556 -3.60289 -1.32054 73.2003 3.29015 -13 3262 1 0 1
-2.15743 -5.45031 125.556 -1.49707 -3.07005 65.6412 -0.359962 -13 3263 1 0 1
9.80468 11.2385 125.556 4.94033 7.52858 70.6636 0.88283 -13 3264 1 0 1
30.1858 10.2314 125.556 15.8256 5.68903 60.6572 0.936162 -13 3265 1 0 1
-26.9161 3.56154 125.556 -14.1474 0.811498 61.59 1.3312 -13 3266 1 0 1
-9.12589 10.9248 125.556 -6.1237 8.56224 69.2832 -1.16137 -13 3267 1 0 1
22.9632 -29.9231 125.556 9.52489 -10.7835 44.2401 2.51843 -13 3268 1 0 1
-7.36976 -6.697 125.556 -4.59955 -3.88773 67.4799 1.60093 -13 3269 1 0 1
2.67654 -19.2579 125.556 1.59161 -8.92184 52.9537 1.37119 -13 3270 1 0 1
6.51356 -13.7688 125.556 3.53367 -7.28034 53.8252 1.66174 -13 3271 1 0 1
-3.4228 -2.78106 125.556 -1.41235 -1.98764 58.1261 0.520331 -13 3272 1 0 1
14.7908 -14.6263 125.556 8.17197 -6.92334 68.0346 1.55325 -13 3273 1 0 1
4.97518 -4.86384 125.556 2.78862 -2.64916 61.4628 2.03683 -13 3274 1 0 1
-13.8197 -23.6556 125.556 -4.56186 -9.52851 46.336 -0.640324 -13 3275 1 0 1
-7.03802 -17.1359 125.556 -3.67201 -10.3732 62.0593 1.70112 -13 3276 1 0 1
-5.30213 4.0013 125.556 -3.60633 3.12675 66.6914 -0.434473 -13 3277 1 0 1
8.92131 5.14557 125.556 4.72982 1.53281 52.1098 -1.60283 -13 3278 1 0 1
-1.22278 -1.17599 125.556 -0.688064 -0.0111466 62.8357 -1.82803 -13 3279 1 0 1
5.70926 -5.34099 125.556 2.77568 -3.03196 69.5022 0.49393 -13 3280 1 0 1
1.9249 -4.6046 125.556 1.65833 -1.25173 55.2769 0.93235 -13 3281 1 0 1
-9.13849 -11.3772 125.556 -6.01919 -6.01086 69.195 0.83035 -13 3282 1 0 1
12.8381 28.8589 125.556 6.86188 16.9127 61.6039 1.67684 -13 3283 1 0 1
-21.6038 10.3881 125.556 -11.1348 6.13816 61.468 -0.278127 -13 3284 1 0 1
2.31966 7.23152 125.556 1.58642 3.59322 63.4757 3.051 -13 3285 1 0 1
14.2236 -14.8084 125.556 7.61376 -8.72886 71.5231 -0.574904 -13 3286 1 0 1
21.5972 2.5155 125.556 10.0474 1.43363 50.4011 -0.736157 -13 3287 1 0 1
20.1216 -16.3901 125.556 10.8639 -8.97722 64.1376 0.519238 -13 3288 1 0 1
-12.6482 0.388343 125.556 -10.6517 -0.240033 78.8195 -0.417744 -13 3289 1 0 1
18.1911 -14.8426 125.556 7.99829 -6.35361 46.5046 2.37511 -13 3290 1 0 1
31.998 11.2152 125.556 13.3993 4.38583 47.3551 1.34238 -13 3291 1 0 1
-5.88084 41.713 125.556 -1.57609 15.6977 43.4029 1.91455 -13 3292 1 0 1
-22.9915 5.30625 125.556 -3.42095 1.54254 19.7037 2.31875 -13 3293 1 0 1
2.97367 -9.7326 125.556 1.37992 -6.5071 65.4494 -1.33025 -13 3294 1 0 1
16.5526 -6.95657 125.556 9.16172 -4.65795 70.8722 2.93954 -13 3295 1 0 1
-3.76632 12.5138 125.556 -2.27126 7.87188 64.2885 2.97609 -13 3296 1 0 1
13.1596 1.52398 125.556 7.08885 0.432055 62.1335 1.57479 -13 3297 1 0 1
-12.4691 -6.25219 125.556 -7.15263 -2.69213 65.8729 0.519617 -13 3298 1 0 1
-9.49209 13.6832 125.556 -6.29707 8.55334 69.8238 1.27969 -13 3299 1 0 1
0.111678 -17.0166 125.556 0.0176023 -9.54883 62.7468 0.930151 -13 3300 1 0 1
-12.0087 2.17694 125.556 -5.86897 0.766901 59.4595 2.09441 -13 3301 1 0 1
-1.69496 -4.76106 125.556 -0.663297 -2.95146 61.4911 0.867169 -13 3302 1 0 1
9.22057 0.495579 125.556 5.24572 -1.19024 59.7141 0.595834 -13 3303 1 0 1
-2.91919 12.365 125.556 -0.86687 5.71739 57.7468 -0.901749 -13 3304 1 0 1
-3.53122 -8.9767 125.556 -3.31971 -5.67531 73.3392 -1.85291 -13 3305 1 0 1
9.63589 -20.0337 125.556 4.99221 -10.0632 53.7622 1.34177 -13 3306 1 0 1
12.8699 -3.28842 125.556 6.43909 -3.83152 79.0172 -0.186521 -13 3307 1 0 1
-5.24976 2.15017 125.556 -3.51254 1.90732 68.4774 1.19738 -13 3308 1 0 1
-11.4152 -10.923 125.556 -3.96019 -5.71118 46.3876 -1.57297 -13 3309 1 0 1
8.40758 15.9508 125.556 4.34209 9.75662 66.4977 1.08265 -13 3310 1 0 1
-13.3908 -3.20415 125.556 -8.3568 -1.10154 68.9764 2.07185 -13 3311 1 0 1
4.03082 14.1713 125.556 1.12742 10.5546 75.5805 0.974367 -13 3312 1 0 1
21.9498 4.56774 125.556 11.138 2.83253 55.3764 2.19228 -13 3313 1 0 1
20.1944 7.30012 125.556 8.0537 2.41963 41.0965 -0.385693 -13 3314 1 0 1
-8.17023 2.80555 125.556 -4.26945 1.77468 62.645 0.450137 -13 3315 1 0 1
-5.63311 1.41614 125.556 -0.311538 0.6026 19.778 -1.15591 -13 3316 1 0 1
-8.58214 9.29126 125.556 -3.41936 4.37024 53.1183 2.29081 -13 3317 1 0 1
23.7946 -2.81075 125.556 13.0985 -1.35748 67.308 -0.281684 -13 3318 1 0 1
1.38009 -27.0813 125.556 0.305139 -16.0713 67.0847 -0.464071 -13 3319 1 0 1
-3.79452 -0.191263 125.556 -1.793 -0.969077 60.8135 0.425101 -13 3320 1 0 1
9.48875 11.13 125.556 5.09508 5.15637 61.2711 -0.478942 -13 3321 1 0 1
-11.9985 -3.06292 125.556 -7.65557 -0.776078 67.7225 2.5136 -13 3322 1 0 1
2.33449 -6.4467 125.556 0.487987 -3.99888 72.3421 2.90656 -13 3323 1 0 1
-17.1125 2.0538 125.556 -13.6989 1.2103 77.5842 1.67784 -13 3324 1 0 1
-1.41637 2.24693 125.556 -0.77524 0.404826 66.3752 -0.0260333 -13 3325 1 0 1
16.0104 -6.71748 125.556 9.07781 -4.15532 69.5119 -0.246244 -13 3326 1 0 1
-1.22342 -0.015818 125.556 -0.716177 -0.391612 65.4323 1.55319 -13 3327 1 0 1
6.85958 -14.7163 125.556 2.97399 -8.39643 73.9662 1.46857 -13 3328 1 0 1
-15.373 -6.91413 125.556 -9.44572 -4.2705 67.5841 0.607151 -13 3329 1 0 1
1.18927 -9.06725 125.556 1.11866 -3.59335 58.2772 1.24053 -13 3330 1 0 1
4.71578 -21.2455 125.556 2.48237 -12.7919 62.5111 1.4932 -13 3331 1 0 1
23.6971 -16.8772 125.556 12.2173 -8.67608 59.7971 1.78021 -13 3332 1 0 1
-19.2241 10.5146 125.556 -11.8836 8.25659 68.1702 1.53699 -13 3333 1 0 1
8.49954 -1.7664 125.556 4.60072 -1.8548 51.5898 -1.1635 -13 3334 1 0 1
-20.836 -3.13508 125.556 -8.45979 -2.33439 51.657 3.38947 -13 3335 1 0 1
7.71143 -0.198572 125.556 4.11566 1.47327 70.0887 1.02989 -13 3336 1 0 1
12.3076 12.6138 125.556 6.55921 6.0537 58.2954 -0.469034 -13 3337 1 0 1
1.07191 15.4704 125.556 0.510067 9.37538 63.2783 -1.37806 -13 3338 1 0 1
9.81415 -8.04816 125.556 4.96764 -2.85173 48.717 -0.945846 -13 3339 1 0 1
26.6393 1.50846 125.556 13.5948 2.49832 58.072 0.2228 -13 3340 1 0 1
-15.5293 1.27086 125.556 -6.72988 1.38627 54.3628 0.458415 -13 3341 1 0 1
-9.64617 -1.1794 125.556 -6.97537 -0.547363 73.0282 0.666281 -13 3342 1 0 1
5.93849 -8.48097 125.556 3.06855 -6.3139 70.7844 2.05648 -13 3343 1 0 1
-8.44805 -1.84746 125.556 -4.76657 -0.00830268 63.5883 -1.161 -13 3344 1 0 1
-10.7402 -15.069 125.556 -7.80194 -10.584 73.361 1.67897 -13 3346 1 0 1
-41.7213 -12.66 125.556 -19.0272 -6.22934 54.2314 0.270662 -13 3347 1 0 1
3.05574 -1.94966 125.556 1.88043 -1.27535 61.5891 -0.784095 -13 3348 1 0 1
-17.0239 -6.09288 125.556 -8.59597 -3.71223 59.8126 2.72192 -13 3349 1 0 1
2.03489 7.88107 125.556 0.976083 2.8265 65.3029 -0.536218 -13 3350 1 0 1
3.6974 -5.26643 125.556 1.4123 -2.79062 71.6003 0.203329 -13 3351 1 0 1
18.6649 -4.42859 125.556 10.1964 -1.20556 64.277 -1.02978 -13 3352 1 0 1
-1.58286 15.6449 125.556 -1.51153 8.54958 69.6188 -0.454398 -13 3353 1 0 1
3.59598 11.7639 125.556 1.8748 5.63859 66.6107 -0.126106 -13 3354 1 0 1
-6.13284 -6.69448 125.556 -6.643 -5.53049 79.5298 -0.428851 -13 3355 1 0 1
-21.5251 -20.9279 125.556 -10.5731 -11.6314 58.6123 -0.406618 -13 3356 1 0 1
-6.95185 -2.11224 125.556 -2.99613 -1.13907 57.3388 0.672446 -13 3357 1 0 1
11.2106 29.2426 125.556 5.80538 17.6197 70.2542 1.99274 -13 3358 1 0 1
39.3471 -81.1077 125.556 11.3085 -23.5141 33.132 1.17465 -13 3359 1 0 1
-8.68114 -9.19148 125.556 -3.56937 -4.42797 54.6528 -0.200715 -13 3360 1 0 1
11.5105 -14.3166 125.556 5.96358 -6.66707 56.5406 0.0249888 -13 3361 1 0 1
21.4344 5.52671 125.556 11.7158 3.55729 68.8063 0.851513 -13 3362 1 0 1
27.792 -30.2551 125.556 13.1061 -13.8862 55.011 1.35937 -13 3363 1 0 1
2.27824 -4.00415 125.556 0.872195 -2.89192 69.5668 2.25343 -13 3364 1 0 1
23.8493 17.496 125.556 12.4997 10.9063 63.9544 0.845194 -13 3365 1 0 1
-12.405 -2.54594 125.556 -8.6301 -1.13893 72.283 1.33262 -13 3366 1 0 1
10.0225 -1.0292 125.556 5.12851 -0.179634 52.128 -0.641946 -13 3367 1 0 1
-17.3585 9.73061 125.556 -12.3692 6.65756 73.8282 -0.660653 -13 3368 1 0 1
-19.953 18.9533 125.556 -13.6846 12.3308 73.3992 1.0323 -13 3369 1 0 1
4.70016 27.7332 125.556 2.31754 15.6237 63.5347 1.21034 -13 3370 1 0 1
19.6318 29.2764 125.556 7.80708 11.0422 43.4609 0.892812 -13 3371 1 0 1
29.8011 -21.6573 125.556 15.4821 -9.88424 62.1946 1.53266 -13 3372 1 0 1
8.54074 -10.0848 125.556 4.54397 -6.76913 60.3886 -0.61935 -13 3373 1 0 1
-15.8089 -1.28037 125.556 -10.6182 -1.0428 72.4434 -0.228488 -13 3374 1 0 1
12.3751 -12.6409 125.556 6.5724 -8.3172 65.3053 1.86107 -13 3375 1 0 1
14.3813 -28.9322 125.556 7.4555 -14.4218 54.5142 -2.25067 -13 3376 1 0 1
-25.8626 -39.3679 125.556 -15.7907 -22.5376 67.2281 0.0818021 -13 3377 1 0 1
-11.8238 15.5734 125.556 -10.4031 11.6903 77.8629 2.50125 -13 3378 1 0 1
3.58583 -4.03345 125.556 1.24521 -2.54078 68.6231 -0.590447 -13 3379 1 0 1
-8.00383 -28.9916 125.556 -5.27373 -16.3562 68.3199 -0.765325 -13 3380 1 0 1
5.58053 9.67086 125.556 3.07506 4.43705 46.4566 0.130737 -13 3381 1 0 1
0.32457 4.83535 125.556 -0.0861771 2.72853 65.4691 -0.308768 -13 3382 1 0 1
1.8492 -21.5743 125.556 0.985006 -10.5177 60.084 0.997553 -13 3383 1 0 1
0.959545 -4.13335 125.556 -1.46656 -2.3934 80.043 1.53786 -13 3384 1 0 1
7.96559 -3.14161 125.556 4.29218 -1.61208 62.1981 4.13071 -13 3386 1 0 1
2.36715 -19.3962 125.556 0.661802 -12.7535 68.9402 -1.45991 -13 3387 1 0 1
-22.2863 14.4132 125.556 -13.2789 6.77218 67.0946 0.641823 -13 3388 1 0 1
3.43474 4.15506 125.556 1.47051 2.07796 34.4397 0.189227 -13 3389 1 0 1
5.24934 -19.9079 125.556 2.8596 -8.9564 51.4783 -0.00188973 -13 3390 1 0 1
-11.483 -8.90716 125.556 -5.13286 -4.36944 56.2104 2.10717 -13 3391 1 0 1
12.4686 2.31497 125.556 6.93947 -0.327132 64.2576 3.16208 -13 3392 1 0 1
14.0343 4.72695 125.556 7.52028 3.07141 68.8018 2.17453 -13 3393 1 0 1
13.9578 14.0078 125.556 5.73221 5.45165 40.3471 1.60535 -13 3394 1 0 1
-9.92032 4.07479 125.556 -5.88116 1.98592 65.7623 0.191412 -13 3395 1 0 1
3.37217 15.7521 125.556 1.90085 6.3083 55.7556 2.3807 -13 3396 1 0 1
2.33698 -1.81936 125.556 0.860559 0.844103 71.3525 1.09784 -13 3397 1 0 1
11.8374 0.379537 125.556 6.60939 0.0371683 63.0042 -0.164429 -13 3398 1 0 1
6.6076 11.1624 125.556 3.31803 4.79828 57.5928 -0.656192 -13 3399 1 0 1
2.54031 9.20163 125.556 0.442726 5.17948 75.0958 0.862079 -13 3400 1 0 1
-2.35526 -8.12196 125.556 0.0872501 -3.21048 42.5011 -0.467075 -13 3401 1 0 1
17.0407 -10.3901 125.556 8.19681 -5.17323 53.8566 1.86453 -13 3402 1 0 1
5.34369 20.0567 125.556 2.13337 12.3202 73.5306 1.73332 -13 3403 1 0 1
20.5869 -25.896 125.556 8.55465 -9.58959 43.9693 0.96405 -13 3404 1 0 1
39.1005 25.7088 125.556 17.8359 11.1573 52.4109 1.11667 -13 3405 1 0 1
6.75517 5.43141 125.556 3.69265 3.22766 64.8625 0.906272 -13 3406 1 0 1
-13.0204 17.9014 125.556 -9.95982 12.2684 74.743 -0.327923 -13 3407 1 0 1
6.34048 8.82945 125.556 3.28453 3.97222 67.4826 1.02941 -13 3408 1 0 1
10.8737 5.29599 125.556 5.76217 3.48534 68.7014 0.777165 -13 3409 1 0 1
32.9364 -25.0026 125.556 16.2163 -11.7068 57.8052 -0.827509 -13 3410 1 0 1
-4.45418 17.4129 125.556 -2.41392 10.2425 61.5648 2.86752 -13 3411 1 0 1
-1.85602 -6.39399 125.556 -3.79898 -2.51417 80.287 1.07186 -13 3412 1 0 1
1.92242 -13.5974 125.556 1.17564 -7.75588 62.9167 0.775439 -13 3413 1 0 1
-27.4428 11.4534 125.556 -19.7162 7.73395 75.8445 0.855201 -13 3414 1 0 1
-38.8422 -2.83368 125.556 -14.4423 -1.16263 45.1295 2.12951 -13 3415 1 0 1
33.7741 14.1465 125.556 17.1609 7.14832 60.3894 0.18018 -13 3416 1 0 1
-15.4117 -14.0857 125.556 -6.87111 -6.67642 55.9349 -0.578468 -13 3417 1 0 1
1.89249 -11.7403 125.556 1.15364 -8.64074 60.2659 -0.319031 -13 3418 1 0 1
15.271 -12.9155 125.556 8.13515 -6.497 58.8603 0.889843 -13 3419 1 0 1
12.1699 8.3681 125.556 6.61606 5.68587 70.9894 2.24771 -13 3420 1 0 1
-8.71562 -19.2532 125.556 -2.61887 -8.75595 46.8076 1.79259 -13 3421 1 0 1
11.828 1.42041 125.556 4.85409 1.48814 40.0932 1.70211 -13 3423 1 0 1
-18.1609 -15.3735 125.556 -9.1964 -8.64155 59.6746 3.77671 -13 3424 1 0 1
-11.6849 -2.85013 125.556 -6.92437 -2.34139 67.122 2.08171 -13 3425 1 0 1
27.519 -6.06617 125.556 14.6834 -3.1717 64.1246 1.11203 -13 3426 1 0 1
-1.19382 8.74526 125.556 -0.438482 3.79538 60.161 1.07871 -13 3427 1 0 1
-10.7479 -16.8834 125.556 -5.24148 -8.40075 57.845 0.900145 -13 3428 1 0 1
24.8566 10.6228 125.556 12.5831 5.10614 56.8094 1.95449 -13 3429 1 0 1
-7.39619 1.97279 125.556 -3.86042 -0.668208 61.434 1.10714 -13 3430 1 0 1
-16.0256 13.5315 125.556 -2.69714 2.50129 24.7117 1.10756 -13 3431 1 0 1
-23.3666 3.52184 125.556 -14.418 1.09579 69.2087 2.32864 -13 3432 1 0 1
13.1328 -15.5608 125.556 7.17019 -8.8034 60.2571 0.413677 -13 3433 1 0 1
17.2132 10.3448 125.556 9.30339 4.93466 67.9919 2.51577 -13 3434 1 0 1
-19.3589 20.2869 125.556 -9.2634 11.5385 56.9389 0.430961 -13 3435 1 0 1
-6.46473 4.34565 125.556 -5.07172 2.3377 73.404 2.12124 -13 3436 1 0 1
-20.5919 7.40791 125.556 -12.9194 3.70839 69.4053 -0.193421 -13 3437 1 0 1
0.247862 15.2845 125.556 0.132005 8.26371 65.5132 2.89124 -13 3438 1 0 1
-8.67555 -31.8296 125.556 -2.68986 -12.999 45.7692 -0.988052 -13 3439 1 0 1
14.1696 -5.78928 125.556 7.56255 -3.38067 58.3241 0.432285 -13 3440 1 0 1
-18.3694 0.968945 125.556 -9.24109 -0.199817 60.6284 2.45503 -13 3441 1 0 1
1.66979 -8.22644 125.556 1.07591 -3.5736 59.9115 -0.885484 -13 3442 1 0 1
-33.1377 7.33259 125.556 -2.98228 0.502732 11.795 3.78172 -13 3443 1 0 1
-29.6757 -9.33929 125.556 -14.1491 -3.37852 57.5791 -1.01151 -13 3444 1 0 1
14.8079 -27.1948 125.556 7.68787 -13.4039 58.0499 3.95138 -13 3445 1 0 1
16.5606 17.6588 125.556 8.50357 10.2404 56.3772 1.22659 -13 3446 1 0 1
2.29172 7.32399 125.556 1.02197 3.74 66.5312 2.6871 -13 3447 1 0 1
5.98702 -3.03165 125.556 3.00341 -1.46021 43.8944 3.17207 -13 3448 1 0 1
-1.00791 20.2841 125.556 -2.029 12.0445 73.9571 1.72082 -13 3449 1 0 1
-13.2187 -11.7927 125.556 -8.57961 -7.42678 69.9624 -0.488181 -13 3451 1 0 1
14.2346 9.51625 125.556 6.68939 3.57242 50.6491 0.16684 -13 3452 1 0 1
-1.2158 10.6507 125.556 0.196252 5.49014 51.5427 -0.862971 -13 3453 1 0 1
0.921683 -19.9564 125.556 0.371287 -13.5508 64.8009 -0.0507081 -13 3454 1 0 1
6.79259 -45.4944 125.556 3.51319 -22.7047 56.1458 1.0546 -13 3455 1 0 1
-6.05746 -21.5465 125.556 -4.55129 -13.7963 70.1904 0.242149 -13 3456 1 0 1
-2.74405 -6.25662 125.556 -1.22804 -3.6716 61.1875 0.941532 -13 3457 1 0 1
14.9926 -1.14752 125.556 8.06089 -1.71499 66.8803 2.49979 -13 3458 1 0 1
-13.1897 11.3875 125.556 -8.87322 7.49142 71.0731 2.13649 -13 3459 1 0 1
0.248388 8.88277 125.556 0.172479 4.36152 59.6772 -0.489906 -13 3460 1 0 1
-22.4778 -5.65208 125.556 -16.276 -3.51668 76.0419 1.88421 -13 3461 1 0 1
32.9485 -6.15738 125.556 13.8131 -2.03982 46.8481 0.50079 -13 3462 1 0 1
7.77599 -2.38306 125.556 3.86338 -0.710279 68.2345 1.43031 -13 3463 1 0 1
17.7826 -4.36568 125.556 9.264 -2.58804 57.5473 -0.692443 -13 3464 1 0 1
12.8466 -3.45274 125.556 6.62025 -0.225847 61.2395 1.89036 -13 3465 1 0 1
5.84176 3.81129 125.556 1.96087 1.03671 27.9235 0.298051 -13 3466 1 0 1
-4.0401 13.304 125.556 -4.97688 9.07666 79.7568 -0.016879 -13 3467 1 0 1
0.0197544 -2.94634 125.556 0.145783 -1.53178 61.542 -1.63788 -13 3468 1 0 1
3.67556 8.75453 125.556 1.22789 1.58416 21.2499 2.87985 -13 3469 1 0 1
34.4802 -5.43692 125.556 16.9881 -1.93029 56.0557 2.85223 -13 3470 1 0 1
-14.3128 12.0963 125.556 -4.76239 5.18873 45.7818 1.09158 -13 3471 1 0 1
19.2997 0.767084 125.556 8.1121 -0.376125 45.7005 2.581 -13 3472 1 0 1
-15.1133 8.2144 125.556 -8.24867 5.08814 63.2477 0.382674 -13 3473 1 0 1
38.0938 21.9662 125.556 18.8821 10.1776 58.6132 1.88397 -13 3474 1 0 1
-6.73878 -14.0359 125.556 -2.17863 -5.81806 51.0693 0.65453 -13 3475 1 0 1
10.0149 1.25915 125.556 4.24445 0.816269 40.2064 0.756086 -13 3477 1 0 1
14.465 4.40411 125.556 7.7696 3.00689 61.0883 -0.248895 -13 3478 1 0 1
2.15041 5.3808 125.556 1.12433 3.06946 66.3087 1.52543 -13 3480 1 0 1
9.54685 22.3141 125.556 5.11422 11.4898 61.3628 2.7119 -13 3481 1 0 1
32.7276 -33.2516 125.556 15.1781 -14.4237 53.3992 0.736146 -13 3482 1 0 1
-18.0602 -20.9963 125.556 -9.24363 -11.5578 60.817 -0.280864 -13 3483 1 0 1
11.0127 -1.25878 125.556 4.85888 -0.0732742 44.017 1.65655 -13 3484 1 0 1
-11.4538 19.9969 125.556 -7.9165 13.3565 71.4777 1.39503 -13 3485 1 0 1
0.957536 10.0816 125.556 0.0478099 6.72445 69.9538 0.27869 -13 3486 1 0 1
-24.9189 5.41512 125.556 -8.0154 1.42459 40.8428 0.39931 -13 3487 1 0 1
1.63298 -3.62201 125.556 -0.541473 -1.96315 78.1066 -0.669906 -13 3488 1 0 1
-19.8862 -26.9234 125.556 -9.05234 -13.0827 55.2823 0.736204 -13 3489 1 0 1
-12.4062 10.2369 125.556 -10.1116 9.3409 77.1601 -0.573126 -13 3491 1 0 1
-13.307 -2.75375 125.556 -8.18789 -2.20093 68.2704 -0.746012 -13 3492 1 0 1
-0.244772 -9.02792 125.556 -0.233719 -3.37393 63.3107 -0.0608446 -13 3493 1 0 1
-15.4109 16.5523 125.556 -7.71524 7.93038 60.479 0.619366 -13 3494 1 0 1
-1.54274 -8.14594 125.556 -1.01682 -6.14258 65.9548 0.819523 -13 3495 1 0 1
12.8727 2.6706 125.556 7.17812 1.86193 73.5452 -1.66063 -13 3496 1 0 1
-4.45788 12.2003 125.556 -2.2942 6.84952 62.8722 -0.591209 -13 3497 1 0 1
29.5103 5.37237 125.556 12.8998 1.61124 48.9405 0.296934 -13 3498 1 0 1
9.9466 2.90972 125.556 5.46818 2.94267 65.6067 -0.160844 -13 3499 1 0 1
-13.4791 -0.507689 125.556 -6.48665 0.203739 57.814 0.667446 -13 3500 1 0 1
2.85048 7.5787 125.556 0.382237 4.96526 75.3499 1.28501 -13 3501 1 0 1
11.009 9.37007 125.556 5.72027 3.39546 54.6228 -1.96873 -13 3502 1 0 1
8.14514 22.7938 125.556 4.7825 12.9195 58.2651 -0.0319685 -13 3503 1 0 1
-9.73109 -4.78984 125.556 -5.71971 -2.24582 65.8878 0.707311 -13 3504 1 0 1
-16.6156 9.84001 125.556 -12.6466 6.94562 76.4192 -1.68658 -13 3505 1 0 1
-3.41163 33.7283 125.556 -2.96349 20.9944 69.4464 -0.0507362 -13 3506 1 0 1
14.8767 -14.1633 125.556 7.93176 -8.2424 66.4237 0.438031 -13 3507 1 0 1
10.8957 10.1887 125.556 5.98774 5.65486 62.564 0.0829185 -13 3508 1 0 1
7.49867 7.79693 125.556 3.76737 4.32721 73.2486 2.95642 -13 3509 1 0 1
14.5418 11.4917 125.556 7.89964 5.55952 65.5633 1.9438 -13 3510 1 0 1
6.21775 0.283557 125.556 3.273 0.16096 64.9277 1.59953 -13 3511 1 0 1
2.81407 -4.54283 125.556 2.07042 -1.58991 59.5106 0.50208 -13 3512 1 0 1
-24.1338 19.7874 125.556 -13.3004 10.5852 63.2458 1.71185 -13 3513 1 0 1
-17.8332 10.0511 125.556 -10.0321 5.95905 64.4321 1.57224 -13 3514 1 0 1
-9.22301 7.68086 125.556 -4.92949 4.46899 62.7907 1.54708 -13 3515 1 0 1
-5.70495 -29.9789 125.556 -2.48061 -15.9886 56.4573 -0.0706248 -13 3517 1 0 1
14.6478 -8.49046 125.556 7.90178 -5.12557 71.6697 0.865584 -13 3518 1 0 1
15.6035 -2.22971 125.556 8.50547 -2.31798 64.6575 -0.128795 -13 3520 1 0 1
0.075476 -4.45348 125.556 0.303945 -3.35577 59.2925 0.102248 -13 3521 1 0 1
-29.1392 -29.6083 125.556 -13.5989 -14.6118 55.1393 0.0425691 -13 3522 1 0 1
0.748757 -10.0666 125.556 0.930069 -3.7095 54.4508 0.435314 -13 3523 1 0 1
11.9818 19.3411 125.556 6.33993 11.1064 67.0115 0.564997 -13 3524 1 0 1
-1.03743 -15.1333 125.556 -0.937319 -10.2351 66.3769 4.72082 -13 3525 1 0 1
-18.2422 9.46278 125.556 -10.6512 4.99456 65.9203 2.64825 -13 3526 1 0 1
-11.3009 13.8139 125.556 -4.15274 7.68903 49.7537 3.57311 -13 3527 1 0 1
-9.95891 18.6621 125.556 -6.5598 11.435 69.2271 -0.169399 -13 3528 1 0 1
-12.5983 -15.1059 125.556 -4.77188 -7.2024 49.9984 1.1368 -13 3529 1 0 1
12.3588 -8.47637 125.556 6.52091 -5.16702 68.9209 0.646336 -13 3530 1 0 1
35.2863 34.7807 125.556 18.4824 19.2259 62.8407 -1.13661 -13 3531 1 0 1
21.9596 5.02073 125.556 9.78532 2.74803 48.9633 0.723747 -13 3532 1 0 1
-2.72075 10.9747 125.556 -2.18931 6.84535 69.4933 1.85476 -13 3533 1 0 1
8.60454 -13.114 125.556 4.48276 -7.01046 63.5492 -1.37396 -13 3534 1 0 1
-4.98435 -23.8371 125.556 -2.14906 -11.5565 54.7757 0.142087 -13 3535 1 0 1
4.48661 -11.0609 125.556 1.99773 -5.24417 69.1676 -1.33867 -13 3536 1 0 1
1.16172 2.88221 125.556 1.02859 0.652782 62.1236 0.0550607 -13 3537 1 0 1
-14.0229 -19.8604 125.556 -9.02838 -12.9354 69.2649 -0.144762 -13 3538 1 0 1
-21.935 -5.05991 125.556 -10.9445 -2.38298 59.0959 -0.416578 -13 3539 1 0 1
3.93236 34.2292 125.556 2.1393 13.119 42.6828 3.34868 -13 3540 1 0 1
9.05673 24.04 125.556 4.61081 11.7544 54.5022 -0.138287 -13 3541 1 0 1
17.4913 22.4558 125.556 6.91395 7.67129 39.7955 0.972667 -13 3542 1 0 1
2.13335 0.10693 125.556 1.49589 0.520996 57.1203 -1.48695 -13 3543 1 0 1
-10.4702 1.14336 125.556 -4.08555 0.312749 54.3477 0.661634 -13 3544 1 0 1
-15.8302 31.1994 125.556 -8.03835 16.0746 59.267 2.4793 -13 3545 1 0 1
9.01776 6.49848 125.556 5.11978 3.47539 57.5143 -1.08895 -13 3546 1 0 1
-6.82341 -20.2333 125.556 -3.48436 -11.0439 60.6873 1.88076 -13 3547 1 0 1
12.6806 -15.3156 125.556 6.07497 -6.62685 51.8891 1.74909 -13 3548 1 0 1
19.8877 0.772799 125.556 10.4225 0.85451 60.2671 -0.0588461 -13 3549 1 0 1
12.7595 -0.405886 125.556 7.22133 0.617658 70.5407 1.33646 -13 3550 1 0 1
6.75859 -10.0689 125.556 3.77156 -5.01915 55.9254 -1.3153 -13 3551 1 0 1
-19.0583 13.5619 125.556 -11.7814 9.14119 69.283 -0.992263 -13 3552 1 0 1
0.239649 -18.0852 125.556 -1.47324 -10.6685 77.194 1.39004 -13 3553 1 0 1
-17.0371 -11.0922 125.556 -10.5496 -6.27598 68.3059 0.231396 -13 3554 1 0 1
-9.08297 6.96911 125.556 -4.75828 5.34981 64.1756 -0.903632 -13 3555 1 0 1
-11.8841 6.94615 125.556 -7.19579 5.22123 67.571 -0.738822 -13 3556 1 0 1
-13.6678 -16.4429 125.556 -4.75656 -6.07089 45.9867 2.43134 -13 3557 1 0 1
-1.94736 -2.41029 125.556 -0.287266 -0.173291 54.8398 2.46448 -13 3558 1 0 1
-1.1635 -26.652 125.556 -1.6861 -16.2226 69.007 2.80342 -13 3559 1 0 1
-19.7598 27.1165 125.556 -12.2143 15.5506 68.512 1.50509 -13 3560 1 0 1
-16.4665 6.36883 125.556 -13.7794 3.14821 78.5845 -0.103464 -13 3561 1 0 1
12.818 7.71937 125.556 6.84323 6.5423 68.7755 1.80604 -13 3562 1 0 1
-1.6133 7.59445 125.556 -0.411293 3.96692 53.5038 1.40736 -13 3563 1 0 1
12.2946 -7.60049 125.556 6.66648 -5.65077 67.4851 -0.20056 -13 3564 1 0 1
-8.73287 -2.81459 125.556 -5.72405 -2.01048 69.7418 2.33794 -13 3565 1 0 1
-12.0476 7.59488 125.556 -7.60601 3.69507 68.9064 2.11592 -13 3566 1 0 1
-56.5524 16.9513 125.556 -24.5598 7.61005 50.7838 0.799513 -13 3567 1 0 1
13.4744 5.31333 125.556 7.15831 2.24492 59.9763 0.582899 -13 3568 1 0 1
10.4079 -1.33236 125.556 5.29828 -1.29679 76.1778 -0.966937 -13 3569 1 0 1
-14.5219 25.6584 125.556 -9.00923 13.96 68.1686 1.21431 -13 3570 1 0 1
-2.88433 -2.22862 125.556 -2.42985 -1.12843 70.3772 1.1144 -13 3571 1 0 1
-20.7076 4.46513 125.556 -16.4803 3.31318 78.679 1.02207 -13 3572 1 0 1
27.7186 -44.4613 125.556 11.9861 -18.0667 47.9147 1.44241 -13 3574 1 0 1
-2.89049 -28.3731 125.556 -0.86048 -12.1333 50.3144 2.5076 -13 3575 1 0 1
-14.9454 1.51881 125.556 -9.5415 -0.230578 69.1158 1.73088 -13 3576 1 0 1
21.8147 32.8897 125.556 11.2066 16.3059 56.0778 -1.22677 -13 3577 1 0 1
-7.83206 2.63217 125.556 -5.29315 2.20367 68.7457 0.647191 -13 3578 1 0 1
2.25482 -4.9509 125.556 1.53059 -2.1489 39.8335 1.46824 -13 3579 1 0 1
18.0579 18.029 125.556 9.98715 10.6464 68.9419 1.53472 -13 3580 1 0 1
4.48685 -17.9219 125.556 0.979135 -14.1018 79.7295 -0.0413006 -13 3581 1 0 1
10.9471 -6.12918 125.556 5.92638 -4.11878 56.4917 1.18456 -13 3582 1 0 1
-0.633461 8.45288 125.556 -1.50655 4.7933 72.7482 1.34958 -13 3583 1 0 1
-4.07404 11.0902 125.556 -2.29109 6.63793 62.7261 -0.0366687 -13 3584 1 0 1
-0.220885 -4.55605 125.556 -0.559754 -3.18889 68.539 2.33068 -13 3585 1 0 1
1.1087 16.8676 125.556 -1.29195 11.2624 78.0008 -0.631078 -13 3586 1 0 1
-17.3729 -16.058 125.556 -11.6069 -12.0895 71.8913 1.03703 -13 3587 1 0 1
6.30238 9.64007 125.556 3.32098 3.39725 53.0324 -0.707754 -13 3588 1 0 1
-6.41904 -6.58483 125.556 -3.3981 -4.35607 63.4449 3.03707 -13 3589 1 0 1
-13.2853 -16.8148 125.556 -7.95388 -11.7274 67.1895 1.39587 -13 3590 1 0 1
-10.2907 2.10019 125.556 -7.15704 1.24612 72.4201 0.272827 -13 3591 1 0 1
-15.6164 -19.2149 125.556 -12.3729 -13.165 78.0748 -0.17874 -13 3592 1 0 1
4.05999 -8.44409 125.556 2.08239 -3.10952 45.6657 1.96299 -13 3593 1 0 1
34.0638 2.47606 125.556 18.0777 -0.0516686 61.9612 1.11 -13 3594 1 0 1
18.8502 9.88901 125.556 8.52155 2.56469 51.0063 1.24842 -13 3595 1 0 1
-12.5716 -11.0731 125.556 -6.42833 -7.07922 60.9921 1.88832 -13 3596 1 0 1
19.5239 2.76978 125.556 8.38027 1.3235 44.0709 1.59606 -13 3597 1 0 1
8.04246 16.7425 125.556 4.07286 10.2348 69.0148 2.09905 -13 3598 1 0 1
8.61601 -2.41401 125.556 4.2501 -0.949703 72.1371 2.6425 -13 3599 1 0 1
-7.23686 -1.71717 125.556 -2.89348 -1.15651 56.5616 0.997822 -13 3600 1 0 1
0.835346 -0.565517 125.556 -0.181495 -0.885857 71.2955 -0.274088 -13 3601 1 0 1
-24.7671 -20.7925 125.556 -10.452 -7.51983 51.2981 0.683632 -13 3602 1 0 1
17.903 -10.9561 125.556 9.72045 -6.11701 63.4607 0.69311 -13 3603 1 0 1
16.9433 21.9955 125.556 9.32291 14.0213 67.7168 0.117305 -13 3604 1 0 1
-10.7771 -24.6191 125.556 -8.16307 -15.4254 73.5661 2.07925 -13 3605 1 0 1
3.59324 -19.5864 125.556 1.83767 -9.07552 62.8298 1.1803 -13 3606 1 0 1
13.0207 -12.8471 125.556 6.67131 -8.81474 62.6986 3.17949 -13 3607 1 0 1
-17.3013 8.10039 125.556 -9.51286 3.51944 62.5811 0.367844 -13 3608 1 0 1
1.8085 8.53304 125.556 -0.653142 7.18583 75.2779 -1.17037 -13 3609 1 0 1
16.8339 6.9082 125.556 9.19871 3.30325 67.1743 1.77943 -13 3610 1 0 1
14.3679 -19.6152 125.556 6.91665 -8.84319 49.5432 0.959616 -13 3611 1 0 1
8.86066 22.6848 125.556 4.49513 13.3414 64.8905 0.840994 -13 3612 1 0 1
-7.75041 17.3965 125.556 -5.88398 13.0776 73.222 1.30749 -13 3613 1 0 1
9.9871 -10.7632 125.556 5.47465 -5.59987 70.5349 0.0582079 -13 3614 1 0 1
14.3715 -1.18502 125.556 7.7926 -2.32247 75.6026 1.52244 -13 3615 1 0 1
3.40505 -12.9243 125.556 0.636993 -10.6221 74.9179 -0.0755483 -13 3616 1 0 1
15.2203 1.55123 125.556 8.04366 2.03044 63.9868 3.52608 -13 3617 1 0 1
-0.314734 -17.0907 125.556 -0.537233 -9.8865 68.1454 0.592998 -13 3618 1 0 1
25.1564 2.9981 125.556 13.5366 2.39636 62.7363 -0.0156716 -13 3619 1 0 1
11.6681 12.6762 125.556 6.53521 6.15246 58.3454 -0.906467 -13 3620 1 0 1
-1.96098 10.1372 125.556 -1.24983 5.49194 65.8648 0.791454 -13 3621 1 0 1
-9.18424 6.12936 125.556 -6.47635 2.86086 71.6999 0.467525 -13 3622 1 0 1
-4.66092 32.708 125.556 -1.26143 14.8983 51.5754 0.0824325 -13 3623 1 0 1
21.008 -14.2305 125.556 10.9643 -7.36759 61.1973 2.38453 -13 3624 1 0 1
-17.2392 7.07249 125.556 -14.0083 6.51634 77.3702 1.14101 -13 3625 1 0 1
8.63345 6.70405 125.556 4.66351 4.9825 66.5793 -0.85633 -13 3626 1 0 1
11.8267 -2.38317 125.556 6.19881 0.274179 53.8172 0.920356 -13 3627 1 0 1
4.36974 -13.6249 125.556 2.35081 -5.41211 46.8999 2.22245 -13 3628 1 0 1
6.4533 3.93096 125.556 2.85009 2.28897 75.3064 1.27968 -13 3629 1 0 1
-17.3733 2.87552 125.556 -5.63769 0.949206 43.4972 0.68712 -13 3631 1 0 1
7.3223 -7.11421 125.556 3.56388 -3.43548 48.7871 1.44437 -13 3632 1 0 1
11.3556 -5.95583 125.556 6.18205 -3.7017 71.8122 1.20248 -13 3634 1 0 1
7.11283 10.5214 125.556 2.88333 8.70758 75.0548 1.88601 -13 3635 1 0 1
-24.8753 2.336 125.556 -13.7575 2.04351 63.7683 -1.69059 -13 3639 1 0 1
-33.8404 -22.232 125.556 -17.193 -12.4049 59.363 2.22301 -13 3640 1 0 1
14.5203 15.5682 125.556 7.23962 7.25916 51.7229 1.70674 -13 3641 1 0 1
7.15209 -18.599 125.556 3.48343 -11.3354 69.3039 0.735779 -13 3642 1 0 1
-32.7808 0.934063 125.556 -19.8091 1.91672 67.9978 1.13597 -13 3643 1 0 1
23.7973 -6.37525 125.556 11.4099 -2.49881 53.7798 -0.224938 -13 3644 1 0 1
13.2225 -1.25369 125.556 7.18124 -1.20782 65.7996 -0.221403 -13 3645 1 0 1
-32.2661 26.0569 125.556 -15.4377 14.0522 56.3828 2.34672 -13 3647 1 0 1
-16.6565 -13.2844 125.556 -9.98924 -8.31395 68.1679 1.00709 -13 3648 1 0 1
-2.16827 8.00062 125.556 -0.565756 4.01453 58.6423 1.76312 -13 3649 1 0 1
-12.0204 -21.4904 125.556 -7.57725 -12.1375 68.0719 1.43004 -13 3650 1 0 1
8.43134 7.24186 125.556 4.09797 2.4111 44.0523 0.671254 -13 3651 1 0 1
-37.447 -0.388634 125.556 -20.5003 0.711732 62.751 0.100312 -13 3652 1 0 1
7.20883 7.30015 125.556 4.06064 4.95642 66.9866 -0.612925 -13 3653 1 0 1
-11.702 14.1482 125.556 -4.39569 7.80679 49.6357 -0.351737 -13 3654 1 0 1
11.059 0.592514 125.556 6.0381 -0.909235 54.6671 0.258889 -13 3655 1 0 1
12.6449 17.5402 125.556 6.72972 9.3557 58.4126 -0.842287 -13 3656 1 0 1
-1.03642 0.677851 125.556 -0.0534239 0.688156 56.375 -0.0814588 -13 3657 1 0 1
-3.46018 9.8308 125.556 -3.10256 5.17502 71.6824 1.77836 -13 3658 1 0 1
7.2012 -10.8675 125.556 3.89921 -3.83495 62.4394 1.28856 -13 3659 1 0 1
8.34493 9.0537 125.556 4.47675 4.41619 67.6857 1.71064 -13 3660 1 0 1
-13.9218 15.3167 125.556 -6.55318 7.82368 57.8357 1.35937 -13 3661 1 0 1
10.3505 -2.29555 125.556 5.87636 -2.31616 65.1 1.3294 -13 3662 1 0 1
-0.0614362 19.6659 125.556 -0.165326 10.6428 63.4822 1.8766 -13 3663 1 0 1
-15.784 -20.3154 125.556 -8.85688 -10.5021 63.4329 -0.690806 -13 3664 1 0 1
9.8869 -16.6494 125.556 5.08987 -9.29844 57.4941 0.389881 -13 3665 1 0 1
29.1743 -21.8071 125.556 9.9779 -6.77862 36.8319 0.959969 -13 3666 1 0 1
-14.0576 10.7896 125.556 -6.84297 4.5778 58.8468 0.793589 -13 3667 1 0 1
-0.553569 1.63837 125.556 0.0119512 0.935743 60.5353 1.06667 -13 3668 1 0 1
-7.22344 1.00002 125.556 -5.78811 1.0419 72.9752 0.549685 -13 3669 1 0 1
11.5075 13.8632 125.556 6.02836 9.22967 65.2988 2.15639 -13 3670 1 0 1
-12.2637 -27.1027 125.556 -7.28772 -15.8353 65.9972 1.77385 -13 3671 1 0 1
-8.7603 -3.35029 125.556 -5.95054 -1.4755 69.7574 0.95686 -13 3672 1 0 1
-8.364 -2.84396 125.556 -4.76972 -1.04913 63.9289 0.0610459 -13 3673 1 0 1
-15.3176 -15.6917 125.556 -9.32109 -9.33984 67.3054 1.49984 -13 3674 1 0 1
-2.46808 4.31952 125.556 -0.909593 3.4156 62.0652 -0.297838 -13 3675 1 0 1
-24.9615 13.7583 125.556 -14.6264 7.11378 66.864 0.0945173 -13 3676 1 0 1
-21.4335 -6.33545 125.556 -12.6354 -3.75557 67.0141 0.28218 -13 3677 1 0 1
-4.53262 1.78069 125.556 -2.56901 1.56066 65.3323 0.637756 -13 3678 1 0 1
1.94931 -16.5322 125.556 1.14021 -10.1143 64.406 1.81527 -13 3679 1 0 1
-16.637 -36.9872 125.556 -8.27248 -19.3518 57.5951 -0.507685 -13 3680 1 0 1
-19.1376 15.5891 125.556 -10.2413 7.31854 63.1058 2.18299 -13 3681 1 0 1
-4.90237 -0.783226 125.556 -3.91626 -1.29707 71.6072 0.881695 -13 3682 1 0 1
-12.1036 -13.5201 125.556 -7.24303 -6.97184 66.6057 0.509303 -13 3683 1 0 1
-9.95681 -10.7983 125.556 -5.32499 -6.53793 63.5694 2.74587 -13 3684 1 0 1
2.84598 -2.71212 125.556 1.00146 -0.362665 68.7131 1.16756 -13 3685 1 0 1
-12.01 -9.08069 125.556 -6.84265 -5.69231 65.4286 0.221323 -13 3686 1 0 1
-16.4744 -10.1411 125.556 -7.75278 -5.06408 56.9227 -0.736285 -13 3687 1 0 1
15.7169 25.7679 125.556 5.63153 8.05385 35.3335 1.38583 -13 3689 1 0 1
5.22144 -4.98952 125.556 2.56433 -4.59707 65.7161 2.61557 -13 3690 1 0 1
-11.7868 -8.02422 125.556 -2.95594 -2.68526 37.8034 1.14809 -13 3691 1 0 1
-14.5945 22.5088 125.556 -7.01589 12.668 57.4857 2.21065 -13 3692 1 0 1
18.2629 0.625805 125.556 10.1671 1.23419 70.3749 0.644042 -13 3693 1 0 1
-9.67623 -3.56579 125.556 -5.1148 -1.54907 61.4482 1.88907 -13 3694 1 0 1
-8.24374 -20.0483 125.556 -5.00561 -11.6036 65.8542 2.79038 -13 3695 1 0 1
-4.68096 -27.0499 125.556 -5.23458 -19.3477 76.436 0.813816 -13 3696 1 0 1
21.7138 -5.224 125.556 12.7423 -2.70983 81.2934 -0.193858 -13 3697 1 0 1
7.6302 -0.703561 125.556 4.09727 0.362236 71.6281 1.61673 -13 3698 1 0 1
10.2506 -10.3865 125.556 5.87587 -5.60567 62.6116 -0.839166 -13 3699 1 0 1
6.1054 -4.02187 125.556 3.39296 -2.47159 52.8487 0.841178 -13 3700 1 0 1
26.2176 7.46967 125.556 11.4307 3.87118 48.0506 1.14775 -13 3701 1 0 1
-7.67059 7.23505 125.556 -3.49618 3.85764 59.7213 1.44971 -13 3702 1 0 1
-4.23149 13.3822 125.556 -2.89745 8.11573 68.6622 1.51381 -13 3703 1 0 1
-5.33282 11.221 125.556 -0.391951 1.62068 14.9531 1.95132 -13 3704 1 0 1
-3.87623 -18.1838 125.556 -4.08592 -12.3096 75.8857 -0.307144 -13 3705 1 0 1
15.5719 -7.27927 125.556 8.27494 -6.76616 79.4877 -1.0074 -13 3706 1 0 1
-12.6948 0.336696 125.556 -6.47869 0.422265 60.596 2.70297 -13 3707 1 0 1
7.02002 -1.2112 125.556 3.93292 -0.206162 63.4984 4.33163 -13 3708 1 0 1
15.2807 -27.8812 125.556 8.09793 -16.4356 67.4828 1.30629 -13 3709 1 0 1
11.7162 -8.47187 125.556 5.92739 -5.71061 75.4519 2.13087 -13 3711 1 0 1
-6.96884 12.7231 125.556 -4.30796 7.28581 67.0103 0.124402 -13 3712 1 0 1
24.5445 -20.5785 125.556 13.7295 -12.5694 67.7286 0.297781 -13 3713 1 0 1
5.57279 -14.6065 125.556 3.12253 -8.18985 62.3602 2.02886 -13 3714 1 0 1
18.6031 -14.8502 125.556 9.29405 -7.42215 57.1718 0.280833 -13 3715 1 0 1
-16.0755 2.65239 125.556 -6.30026 0.151803 51.1949 0.922357 -13 3716 1 0 1
-12.6845 -19.5418 125.556 -7.15522 -12.1782 63.8109 3.08499 -13 3717 1 0 1
11.2499 -11.592 125.556 5.66623 -6.32009 53.7203 -1.49263 -13 3718 1 0 1
5.64721 -6.81267 125.556 3.38212 -3.51149 62.0243 2.45735 -13 3719 1 0 1
7.01967 15.5418 125.556 3.66935 9.31367 68.8312 3.32051 -13 3720 1 0 1
-1.74522 -7.28232 125.556 -0.28766 -3.6197 51.9731 3.44016 -13 3721 1 0 1
-0.993283 -12.314 125.556 -0.171081 -7.74179 59.4331 0.346095 -13 3722 1 0 1
-16.6924 9.0946 125.556 -12.4359 7.39406 76.1444 1.09635 -13 3723 1 0 1
30.1079 -14.0338 125.556 15.031 -7.67933 57.6018 0.658912 -13 3724 1 0 1
10.6086 0.178931 125.556 5.68614 -0.0721386 61.97 0.703152 -13 3725 1 0 1
-4.45863 -5.1088 125.556 -2.77506 -3.57673 67.2665 1.74125 -13 3726 1 0 1
-3.99985 -15.812 125.556 -1.9734 -6.23092 60.7786 0.325738 -13 3727 1 0 1
-0.54096 -4.24051 125.556 -0.970888 -1.71237 70.5538 -0.303445 -13 3728 1 0 1
-7.85447 0.952426 125.556 -5.0701 0.113353 68.3024 2.14591 -13 3729 1 0 1
-11.7847 -26.5916 125.556 -9.92574 -17.5057 76.329 0.968758 -13 3730 1 0 1
11.3029 -30.0885 125.556 5.53057 -14.1802 54.6339 0.0557027 -13 3731 1 0 1
15.2586 -9.10095 125.556 6.64079 -4.46886 45.8513 0.537041 -13 3732 1 0 1
8.00762 1.69245 125.556 4.24475 0.831661 63.2431 1.90479 -13 3733 1 0 1
-4.96584 3.26274 125.556 -3.02833 2.41735 65.6045 1.09881 -13 3734 1 0 1
11.9304 -5.86086 125.556 6.38385 -4.84416 68.8058 0.114143 -13 3735 1 0 1
-10.3649 4.94027 125.556 -5.2578 2.23269 59.9833 0.408258 -13 3736 1 0 1
-14.4575 -9.02751 125.556 -12.1992 -4.95175 78.5521 -0.218593 -13 3738 1 0 1
0.84846 -7.08631 125.556 -1.425 -5.71413 78.7396 3.04662 -13 3739 1 0 1
-11.5984 -6.51238 125.556 -4.20835 -4.01777 49.8235 0.972949 -13 3740 1 0 1
-13.7816 -11.9286 125.556 -9.97154 -7.51617 74.5441 0.408225 -13 3741 1 0 1
8.6478 -23.2061 125.556 4.57512 -12.9322 63.2737 1.27119 -13 3742 1 0 1
-11.6511 11.2711 125.556 -6.92441 7.33451 65.7602 1.83414 -13 3743 1 0 1
24.7359 4.4786 125.556 12.3064 2.89709 58.7295 0.575561 -13 3744 1 0 1
-4.19099 16.0909 125.556 -0.0894179 4.19029 30.4654 2.96016 -13 3745 1 0 1
-13.238 -12.2843 125.556 -6.87668 -6.71663 62.7879 -0.443447 -13 3746 1 0 1
0.997414 -4.7358 125.556 1.18298 -2.25435 50.954 -1.15644 -13 3747 1 0 1
10.0739 -0.0815502 125.556 5.45068 0.812657 68.0184 0.0574421 -13 3748 1 0 1
2.23612 6.27633 125.556 1.33465 2.04209 58.8618 0.527262 -13 3749 1 0 1
2.62297 12.1964 125.556 1.47206 7.6348 60.3486 0.0874581 -13 3750 1 0 1
-7.81752 -8.91495 125.556 -3.73416 -4.65545 61.5794 0.976582 -13 3751 1 0 1
-26.5742 -22.5589 125.556 -13.2318 -11.8861 58.3344 1.95648 -13 3752 1 0 1
-25.8273 5.00512 125.556 -18.9825 3.35351 77.2103 1.27696 -13 3753 1 0 1
-27.0026 11.1546 125.556 -17.4921 7.77389 71.2353 0.816461 -13 3754 1 0 1
-7.60154 2.03597 125.556 -5.43687 1.8636 69.6794 -0.34539 -13 3755 1 0 1
5.79799 12.5434 125.556 1.52278 7.98536 79.1012 1.51242 -13 3756 1 0 1
29.5119 -6.73628 125.556 15.1214 -2.36814 60.2684 -0.981052 -13 3757 1 0 1
-6.82242 5.02944 125.556 -2.38272 2.41176 54.512 2.20973 -13 3758 1 0 1
12.9697 6.9933 125.556 7.1304 4.27052 67.5397 -0.580097 -13 3759 1 0 1
14.6912 4.23281 125.556 6.96317 0.73994 48.5753 1.99602 -13 3760 1 0 1
-9.03855 -6.18023 125.556 -5.67909 -3.08573 68.0867 -0.0422551 -13 3761 1 0 1
2.43113 20.408 125.556 0.473888 12.3205 72.4663 1.14419 -13 3762 1 0 1
6.9359 2.17905 125.556 3.83153 2.00834 64.1933 -0.557642 -13 3763 1 0 1
-2.32304 12.5536 125.556 -1.90053 9.20872 68.134 0.755025 -13 3764 1 0 1
-5.90827 22.6945 125.556 -3.28789 13.0726 64.8869 2.41818 -13 3765 1 0 1
13.7607 -13.8156 125.556 7.29322 -7.83018 58.1107 0.798929 -13 3766 1 0 1
-22.3128 -1.65036 125.556 -13.8113 -2.44419 68.9211 0.416184 -13 3767 1 0 1
31.137 1.27416 125.556 12.4473 1.57331 45.0042 0.15721 -13 3768 1 0 1
-5.87809 4.30347 125.556 -1.84992 2.32242 51.7877 -0.690511 -13 3769 1 0 1
-2.76461 11.5992 125.556 -1.14633 6.69961 62.5265 -1.69446 -13 3770 1 0 1
7.97867 8.77081 125.556 4.41643 5.03064 60.9297 1.3026 -13 3771 1 0 1
13.5062 0.443024 125.556 7.12633 0.836265 54.2941 0.352261 -13 3772 1 0 1
-7.79384 -46.8426 125.556 -3.26072 -22.2057 55.1097 -0.044285 -13 3774 1 0 1
-13.1283 -11.0421 125.556 -5.77056 -4.75255 57.0843 0.438913 -13 3775 1 0 1
13.157 -2.38915 125.556 6.23451 -0.902359 49.7395 2.25537 -13 3776 1 0 1
-18.9966 -8.1482 125.556 -10.1214 -4.82954 61.7117 2.07339 -13 3777 1 0 1
-0.42478 16.5874 125.556 -1.39275 10.9504 73.0774 0.0362137 -13 3778 1 0 1
6.96272 5.43863 125.556 3.70542 3.74307 54.5388 0.868575 -13 3779 1 0 1
15.8956 -16.5964 125.556 7.76878 -8.10657 53.672 1.55228 -13 3780 1 0 1
-3.42463 8.60859 125.556 -1.43086 4.88109 58.7133 -0.228284 -13 3781 1 0 1
-0.170272 5.07915 125.556 -0.60534 4.23794 68.9113 0.964042 -13 3782 1 0 1
-9.54628 -20.8374 125.556 -5.84786 -13.2596 65.7974 -0.222643 -13 3783 1 0 1
9.49221 6.66814 125.556 5.41743 4.01438 64.6016 -0.915005 -13 3784 1 0 1
-2.95059 4.16943 125.556 -1.6852 3.17382 64.2643 -0.462394 -13 3785 1 0 1
-11.8365 -16.9651 125.556 -7.22951 -9.02871 67.4812 -0.685677 -13 3786 1 0 1
1.24817 17.8203 125.556 -0.192477 10.2213 73.4513 2.25695 -13 3787 1 0 1
9.77892 1.785 125.556 5.00821 1.25359 63.2266 1.66285 -13 3788 1 0 1
-14.9205 1.03037 125.556 -9.69953 1.04865 70.8352 1.42021 -13 3789 1 0 1
-9.87508 22.3477 125.556 -5.31952 12.2654 62.5019 3.03435 -13 3791 1 0 1
2.37518 -26.6116 125.556 1.33724 -7.71836 31.7717 1.36359 -13 3792 1 0 1
-24.3539 5.06936 125.556 -13.4111 2.14386 64.156 1.49714 -13 3794 1 0 1
-22.1005 5.03383 125.556 -10.122 3.39278 56.2575 1.55837 -13 3795 1 0 1
-25.5983 -6.21165 125.556 -12.9774 -3.20436 59.645 1.74275 -13 3796 1 0 1
8.87267 -3.80882 125.556 4.72884 -1.61298 61.3484 1.8834 -13 3797 1 0 1
-0.891314 17.1928 125.556 -3.3209 14.2888 77.6274 2.32898 -13 3798 1 0 1
-7.4376 -13.2018 125.556 -4.3971 -8.15597 67.1512 0.561958 -13 3799 1 0 1
47.2271 -36.7286 125.556 17.0415 -12.8865 40.8001 1.56553 -13 3800 1 0 1
-0.216562 0.343656 125.556 -1.75762 0.863398 76.5085 1.40478 -13 3801 1 0 1
-13.343 13.4786 125.556 -5.32789 6.13372 50.6762 1.30353 -13 3802 1 0 1
-8.42012 -0.815094 125.556 -6.02138 -2.12052 71.711 -0.842734 -13 3803 1 0 1
-10.1156 14.8318 125.556 -1.59914 3.09856 24.9469 3.75033 -13 3804 1 0 1
-8.23984 -0.706404 125.556 -4.32445 -0.832791 62.7127 -0.473374 -13 3805 1 0 1
8.64071 -0.231753 125.556 4.29667 -1.2965 44.5497 1.10188 -13 3806 1 0 1
-14.4624 -8.70695 125.556 -9.09867 -6.08184 69.4641 0.535902 -13 3807 1 0 1
19.2167 -9.4579 125.556 9.89492 -4.44766 59.432 3.4961 -13 3808 1 0 1
-12.4506 0.437712 125.556 -8.1235 -0.111067 70.4266 -0.788169 -13 3809 1 0 1
-5.52255 13.4847 125.556 -1.91055 7.2529 54.0933 0.564376 -13 3810 1 0 1
-3.97466 -1.4106 125.556 -2.74298 -0.484476 68.1839 0.344804 -13 3811 1 0 1
10.7258 -21.9739 125.556 5.59005 -13.9097 70.0907 1.32139 -13 3812 1 0 1
22.0555 5.60886 125.556 10.6378 2.0275 55.209 3.13261 -13 3813 1 0 1
-14.3355 3.97867 125.556 -7.22145 1.09839 59.567 -0.13793 -13 3814 1 0 1
-25.4925 9.80456 125.556 -17.9682 6.75785 75.0911 0.649326 -13 3815 1 0 1
11.7902 -20.9583 125.556 5.09936 -7.82632 44.1664 0.115888 -13 3816 1 0 1
0.0425149 -14.5059 125.556 0.056769 -7.79008 62.7174 0.205194 -13 3817 1 0 1
7.6463 1.287 125.556 4.11945 1.32228 67.9904 0.715278 -13 3818 1 0 1
-1.50009 3.95854 125.556 -0.239619 2.31737 57.081 1.4631 -13 3819 1 0 1
20.9046 -7.42343 125.556 11.6541 -3.7604 69.1565 1.20983 -13 3820 1 0 1
22.024 20.4544 125.556 10.7332 10.0049 57.3044 2.96597 -13 3821 1 0 1
6.41431 -8.14486 125.556 3.26367 -5.28564 70.223 -0.391858 -13 3822 1 0 1
-22.1202 4.73969 125.556 -14.061 2.73377 70.0291 -0.360176 -13 3823 1 0 1
7.55309 -0.648982 125.556 4.10031 -0.372305 59.8222 2.68168 -13 3824 1 0 1
-1.54617 -0.546832 125.556 -0.833356 -0.623794 63.6913 1.4925 -13 3825 1 0 1
-12.8361 -19.5987 125.556 -6.03718 -9.15869 57.9208 0.992052 -13 3826 1 0 1
8.98014 2.00975 125.556 3.90281 -0.0851414 40.4197 1.3078 -13 3827 1 0 1
7.51532 -0.559169 125.556 3.87998 -0.0623148 52.8952 2.38529 -13 3828 1 0 1
11.5279 6.29399 125.556 6.43014 4.00072 65.589 -1.22401 -13 3829 1 0 1
15.7179 21.7193 125.556 8.47516 12.1877 60.5073 -0.100029 -13 3830 1 0 1
10.0094 -25.7815 125.556 4.39054 -10.7654 44.7529 1.59263 -13 3831 1 0 1
-2.43057 -3.43559 125.556 -0.747657 -1.47285 54.0971 0.885259 -13 3832 1 0 1
4.94361 -11.6268 125.556 2.6281 -5.90692 61.4638 -1.31921 -13 3833 1 0 1
-6.08195 21.7498 125.556 -4.67455 11.7715 70.0456 0.846348 -13 3834 1 0 1
1.86084 5.3098 125.556 0.259505 1.97018 71.9802 1.06448 -13 3835 1 0 1
1.73501 -10.1611 125.556 -1.2009 -8.04667 80.2455 2.93891 -13 3836 1 0 1
10.9853 -14.3965 125.556 5.74322 -8.03126 58.1798 -0.40594 -13 3837 1 0 1
7.51796 -0.427629 125.556 3.7604 -0.536888 50.5118 2.02773 -13 3838 1 0 1
23.8529 -9.58656 125.556 8.37283 -3.09478 36.2143 3.29875 -13 3840 1 0 1
-13.8553 26.3044 125.556 -5.62576 13.2111 52.8837 2.346 -13 3841 1 0 1
-6.57003 -0.856846 125.556 -3.80316 0.804819 65.1909 -0.125692 -13 3842 1 0 1
15.9487 -0.0145908 125.556 7.67268 0.148075 53.2202 2.50896 -13 3843 1 0 1
-35.1325 -2.13625 125.556 -17.1253 -0.760515 57.5398 1.44019 -13 3844 1 0 1
-14.4785 -11.7845 125.556 -10.0196 -7.63536 72.1704 0.0848023 -13 3845 1 0 1
-7.01393 -17.9951 125.556 -5.44378 -11.4388 72.7296 -0.144835 -13 3846 1 0 1
-22.151 -19.9344 125.556 -6.71647 -6.83525 39.6672 1.28855 -13 3847 1 0 1
18.8817 -0.562764 125.556 9.06118 0.236862 51.9504 0.676769 -13 3848 1 0 1
-25.6913 -6.16163 125.556 -14.18 -2.74973 63.5665 1.94361 -13 3849 1 0 1
-5.29141 34.9782 125.556 -3.22698 20.8381 63.8318 1.0757 -13 3850 1 0 1
19.9132 -2.5266 125.556 9.21216 -0.173433 50.2025 0.973391 -13 3851 1 0 1
20.4847 27.7078 125.556 7.24702 9.02557 37.6587 1.512 -13 3852 1 0 1
-14.8668 -6.57539 125.556 -8.73625 -4.92506 64.7458 2.08479 -13 3853 1 0 1
-1.74224 -0.16375 125.556 -0.00159381 0.204723 42.479 -0.449885 -13 3854 1 0 1
4.92958 -19.3584 125.556 2.50774 -11.62 61.6636 0.3201 -13 3855 1 0 1
0.854702 1.55198 125.556 0.673734 2.07294 58.995 -1.07428 -13 3856 1 0 1
9.29204 -5.25138 125.556 4.92729 -3.03626 60.568 -0.485334 -13 3857 1 0 1
7.29586 10.3127 125.556 3.74204 4.85394 60.2185 -0.604426 -13 3858 1 0 1
1.25507 -11.928 125.556 0.433044 -4.83596 65.6053 -0.432673 -13 3859 1 0 1
-0.271416 -11.8919 125.556 -0.855027 -6.60648 72.9463 0.019286 -13 3860 1 0 1
9.76801 14.9251 125.556 5.19789 6.59933 65.4768 1.6696 -13 3861 1 0 1
3.66114 -0.774149 125.556 1.95693 -1.52158 59.0509 1.27989 -13 3862 1 0 1
-1.3003 -4.88972 125.556 -0.0684045 -2.01125 56.644 1.16562 -13 3863 1 0 1
5.35675 -5.24447 125.556 1.68 -0.646623 25.6264 1.08475 -13 3864 1 0 1
8.56044 0.0921426 125.556 4.44815 -0.105845 73.7085 0.314272 -13 3865 1 0 1
-18.3252 8.46927 125.556 -8.26126 4.92117 55.9139 0.186109 -13 3866 1 0 1
11.7523 -24.6731 125.556 6.20224 -11.0729 61.7339 1.49648 -13 3867 1 0 1
-10.0205 1.09916 125.556 -3.43765 0.489686 50.4676 1.04465 -13 3868 1 0 1
-2.14417 -4.75763 125.556 -2.56754 -1.51845 75.1451 0.116258 -13 3869 1 0 1
0.172404 -15.8242 125.556 -2.09408 -10.3889 79.2992 2.1237 -13 3870 1 0 1
-12.015 -1.28272 125.556 -5.76683 0.115976 58.1016 0.235395 -13 3871 1 0 1
-7.19928 16.714 125.556 -5.83569 9.70648 74.3252 2.3298 -13 3872 1 0 1
-10.1173 -2.01063 125.556 -7.64493 -1.50444 73.7342 2.49196 -13 3873 1 0 1
-20.3325 -2.67295 125.556 -11.7876 -2.37025 67.1465 2.31477 -13 3874 1 0 1
1.93354 21.2006 125.556 1.41189 6.67898 38.034 0.692735 -13 3875 1 0 1
10.7117 -1.39028 125.556 5.77233 -0.595328 62.5423 1.95798 -13 3876 1 0 1
-15.9385 6.81286 125.556 -6.59093 2.77116 52.1895 -0.735305 -13 3877 1 0 1
50.1574 10.4915 125.556 20.5423 3.80786 47.8054 1.94163 -13 3878 1 0 1
-1.25882 -20.6845 125.556 -0.297039 -10.513 56.1201 1.79915 -13 3879 1 0 1
-15.151 -10.0852 125.556 -8.83291 -6.56886 66.7843 1.91185 -13 3880 1 0 1
8.00256 -6.84603 125.556 3.94239 -4.52541 73.3269 1.51274 -13 3881 1 0 1
-19.8788 -18.9727 125.556 -10.0092 -10.3691 60.0857 2.00602 -13 3882 1 0 1
18.2089 -27.223 125.556 8.88658 -14.1249 58.7084 2.10745 -13 3883 1 0 1
-0.475491 4.7223 125.556 -1.32928 3.66628 73.2078 0.552997 -13 3884 1 0 1
-4.13269 -11.1045 125.556 -4.40773 -8.43555 76.4989 -1.68027 -13 3886 1 0 1
-11.4012 24.0488 125.556 -6.40863 13.5724 63.6826 1.92599 -13 3887 1 0 1
0.0115758 -14.4188 125.556 0.820464 -6.30414 49.1391 1.93224 -13 3888 1 0 1
-4.84067 0.437501 125.556 -2.87529 0.590983 65.4873 2.46117 -13 3889 1 0 1
-7.49294 -25.8768 125.556 -2.06263 -11.2292 46.3009 0.927442 -13 3890 1 0 1
-3.72772 -7.37779 125.556 -2.52281 -3.88212 67.653 3.38241 -13 3891 1 0 1
-13.8517 -22.5341 125.556 -6.7911 -12.4108 58.6522 1.63879 -13 3892 1 0 1
-7.60988 9.13833 125.556 -5.55654 5.77556 72.3717 0.275648 -13 3893 1 0 1
-18.7673 22.0581 125.556 -6.42293 8.64614 45.8972 2.25331 -13 3894 1 0 1
4.41894 1.2339 125.556 1.99044 0.937609 71.8014 1.13331 -13 3895 1 0 1
2.76365 -10.7337 125.556 1.03931 -6.1268 67.5991 -0.0417089 -13 3896 1 0 1
-7.26443 23.262 125.556 -3.60275 11.7742 58.5802 1.50275 -13 3897 1 0 1
26.8468 -2.95738 125.556 14.4453 -1.70809 63.0324 2.59485 -13 3898 1 0 1
-34.3287 25.9173 125.556 -13.7915 10.4813 48.2008 2.03359 -13 3899 1 0 1
-11.0133 6.9899 125.556 -7.74429 3.51079 72.1419 0.414873 -13 3900 1 0 1
21.8896 -35.1988 125.556 9.21154 -13.9333 45.0363 -0.567541 -13 3901 1 0 1
-3.06168 6.61812 125.556 -3.07563 3.54603 72.6317 1.18447 -13 3902 1 0 1
6.31124 37.2109 125.556 3.06059 16.7143 45.6739 0.0237287 -13 3903 1 0 1
-8.44171 -13.5304 125.556 -3.67613 -6.90493 52.906 3.09537 -13 3904 1 0 1
-8.37692 3.01384 125.556 -7.52356 3.61329 78.4257 0.762363 -13 3905 1 0 1
6.53318 23.741 125.556 1.42701 3.42956 16.1065 3.08946 -13 3906 1 0 1
3.98552 -5.36989 125.556 1.9298 -2.20767 67.2354 -0.287321 -13 3907 1 0 1
9.00456 -11.3167 125.556 4.6597 -5.20675 55.6417 1.65024 -13 3908 1 0 1
-11.9867 -1.78089 125.556 -8.78591 -0.805816 74.0596 1.23739 -13 3909 1 0 1
-4.80801 2.70505 125.556 -3.75247 1.8523 71.273 0.850305 -13 3910 1 0 1
-25.3664 -12.1007 125.556 -13.6858 -8.10524 61.6933 1.23251 -13 3911 1 0 1
-0.665481 9.80251 125.556 -0.45851 3.69645 66.0619 0.533712 -13 3912 1 0 1
-4.5503 -17.6308 125.556 -1.22502 -7.17255 45.9018 2.10798 -13 3913 1 0 1
1.39322 -10.0377 125.556 1.11083 -6.02815 56.6755 2.25978 -13 3914 1 0 1
2.35818 -1.78584 125.556 1.0485 -2.44051 64.5463 0.808126 -13 3915 1 0 1
-4.29821 8.39325 125.556 -2.00159 4.20581 60.7859 -0.218685 -13 3916 1 0 1
-5.0155 13.6976 125.556 -3.08369 8.89586 64.7057 0.491176 -13 3917 1 0 1
9.08872 -8.00907 125.556 4.67666 -5.08221 73.7359 -0.329324 -13 3918 1 0 1
-8.2903 10.5568 125.556 -6.99507 7.21076 76.4161 1.15934 -13 3919 1 0 1
8.49807 0.86418 125.556 4.48976 0.841084 67.1924 1.22505 -13 3920 1 0 1
-18.3143 -3.60617 125.556 -13.2549 -2.30666 75.3223 0.756035 -13 3921 1 0 1
3.87622 -16.7671 125.556 1.62805 -4.83653 30.8907 1.03231 -13 3922 1 0 1
-21.9334 -5.35869 125.556 -10.703 -2.65878 57.9112 2.17549 -13 3923 1 0 1
18.7376 -12.8958 125.556 9.57662 -7.71577 61.3551 -0.880132 -13 3924 1 0 1
-18.5952 15.813 125.556 -10.0722 7.64571 61.8285 2.25621 -13 3925 1 0 1
16.677 -19.4058 125.556 8.65668 -12.2888 60.7218 0.878075 -13 3926 1 0 1
-20.7416 -12.6718 125.556 -9.30037 -6.94041 55.3006 2.48635 -13 3927 1 0 1
-8.82809 -13.2616 125.556 -6.09728 -7.44862 69.9594 1.82746 -13 3928 1 0 1
3.68043 -6.17716 125.556 2.36175 -3.25111 56.0632 0.343697 -13 3929 1 0 1
2.74025 -22.4206 125.556 -0.866922 -14.5037 78.1046 -0.212076 -13 3930 1 0 1
6.02897 -14.2026 125.556 3.30124 -9.01952 68.0209 -1.86981 -13 3931 1 0 1
6.24838 0.715423 125.556 3.13921 1.3708 46.8289 2.98574 -13 3932 1 0 1
-16.5154 -29.9206 125.556 -6.67045 -13.4322 50.6311 3.7067 -13 3933 1 0 1
-13.6574 2.78208 125.556 -7.71699 0.84801 64.8322 -0.159007 -13 3935 1 0 1
-14.059 -16.5527 125.556 -5.21723 -7.78119 47.8358 1.20676 -13 3936 1 0 1
-2.08765 0.0782384 125.556 -0.850467 0.589359 61.5338 1.77157 -13 3937 1 0 1
23.6806 -11.5828 125.556 11.775 -6.32816 56.9493 -0.0728341 -13 3938 1 0 1
24.4712 22.6919 125.556 12.8112 12.4521 61.4172 1.66509 -13 3939 1 0 1
-15.6087 -3.95839 125.556 -10.6677 -0.719874 72.7748 0.364457 -13 3940 1 0 1
-18.1058 -4.36343 125.556 -7.34724 -2.37131 51.0553 1.25276 -13 3941 1 0 1
4.24276 5.11711 125.556 1.90021 4.15739 69.5808 2.95162 -13 3942 1 0 1
9.10301 -10.5793 125.556 4.61693 -7.39165 68.7173 -0.316461 -13 3943 1 0 1
-25.1635 5.51548 125.556 -10.1321 2.08873 49.4068 0.778285 -13 3944 1 0 1
-14.14 -22.3557 125.556 -12.2768 -16.3772 77.2262 1.41585 -13 3945 1 0 1
-7.25566 6.91162 125.556 -5.04859 5.5334 71.2702 -1.34757 -13 3946 1 0 1
-6.77799 16.0053 125.556 -2.6613 7.9402 56.2929 1.27918 -13 3947 1 0 1
-26.1798 -0.308409 125.556 -14.0617 0.362154 62.8144 1.42779 -13 3948 1 0 1
3.65478 -18.9487 125.556 2.16276 -9.15845 58.7192 -0.0755943 -13 3949 1 0 1
29.0777 -9.67272 125.556 14.0857 -4.68019 54.6164 1.20018 -13 3950 1 0 1
-10.2167 -20.1221 125.556 -5.8214 -11.9475 64.8127 0.962407 -13 3951 1 0 1
61.5882 -12.5156 125.556 29.9015 -7.49883 56.7012 0.816787 -13 3952 1 0 1
3.19959 18.2154 125.556 1.8502 9.69982 63.1675 1.91619 -13 3953 1 0 1
-0.458431 1.67516 125.556 0.0706111 1.81308 61.4778 2.58702 -13 3955 1 0 1
9.65367 -7.89772 125.556 5.02759 -4.0109 67.4824 0.298674 -13 3956 1 0 1
-3.1057 15.4877 125.556 -3.92956 11.5148 77.8876 -1.15507 -13 3958 1 0 1
11.7055 13.7688 125.556 5.50644 6.13949 47.2353 1.04727 -13 3959 1 0 1
11.9607 8.15552 125.556 6.36562 5.27096 73.2439 -0.764564 -13 3960 1 0 1
-22.6902 1.78963 125.556 -10.8472 -0.0929502 58.019 -0.183206 -13 3961 1 0 1
-39.4143 -6.04301 125.556 -25.3515 -3.20195 71.7639 -1.00318 -13 3963 1 0 1
-6.84409 5.61605 125.556 -4.66763 1.78556 70.5621 0.443481 -13 3964 1 0 1
11.6826 1.36575 125.556 6.21789 0.498623 71.5849 -0.331388 -13 3965 1 0 1
-17.825 12.595 125.556 -9.79416 6.57446 63.7399 0.172444 -13 3966 1 0 1
16.2377 -14.0912 125.556 8.98999 -8.74603 67.335 0.406164 -13 3967 1 0 1
9.81164 9.97008 125.556 5.37216 6.30551 63.3487 1.59666 -13 3968 1 0 1
-0.804898 -1.14699 125.556 -0.25818 -0.808893 62.2114 2.50184 -13 3969 1 0 1
7.0515 -6.0421 125.556 3.88238 -2.0313 62.1869 1.06556 -13 3970 1 0 1
8.25354 -3.86743 125.556 4.33296 -1.55174 48.8083 1.70151 -13 3971 1 0 1
-1.96052 13.2069 125.556 -0.420649 7.86035 56.8508 1.31291 -13 3972 1 0 1
-5.38696 -12.9168 125.556 -1.76736 -5.82172 49.4161 -0.0335583 -13 3973 1 0 1
-10.4635 -2.15862 125.556 -9.12319 -0.577451 78.3517 1.76739 -13 3974 1 0 1
-1.15016 8.38603 125.556 -3.29144 8.30339 79.7312 1.36107 -13 3975 1 0 1
1.44437 7.2707 125.556 -0.980179 4.34561 79.2862 0.0927773 -13 3976 1 0 1
3.12049 0.503772 125.556 1.55067 1.19825 63.0268 0.366447 -13 3977 1 0 1
-13.345 -10.09 125.556 -7.00257 -5.55374 61.3614 0.341195 -13 3978 1 0 1
-2.82369 -23.2491 125.556 -2.55393 -15.0622 70.0169 0.574439 -13 3979 1 0 1
-18.9725 11.0794 125.556 -11.5718 4.66564 68.0396 0.790767 -13 3980 1 0 1
-11.1815 -4.94601 125.556 -5.42906 -2.60235 61.6443 -1.85806 -13 3981 1 0 1
2.63585 -7.11113 125.556 1.62307 -3.11198 69.3862 2.03636 -13 3982 1 0 1
-1.86946 -2.20049 125.556 -0.820895 -1.02842 60.5808 0.113933 -13 3984 1 0 1
31.2797 8.59277 125.556 17.6426 6.06879 69.4238 -0.0497538 -13 3985 1 0 1
20.0103 -22.456 125.556 9.94383 -11.9449 57.494 -1.20939 -13 3986 1 0 1
-11.153 1.2 125.556 -5.35798 0.477549 60.4094 1.20242 -13 3987 1 0 1
14.4125 -12.4883 125.556 8.16844 -7.71325 72.6568 -0.826268 -13 3988 1 0 1
15.7191 5.0327 125.556 7.58163 2.71331 55.0731 1.6235 -13 3989 1 0 1
-20.8496 -4.7749 125.556 -11.37 -3.48224 63.7145 3.29486 -13 3990 1 0 1
6.07071 10.4481 125.556 3.35478 4.9199 60.4069 -1.21003 -13 3991 1 0 1
24.231 5.57483 125.556 12.3959 3.46966 58.6619 0.565849 -13 3992 1 0 1
25.3119 -27.9204 125.556 12.267 -13.1146 54.4326 -1.15332 -13 3993 1 0 1
-0.235856 -8.11016 125.556 -1.34658 -5.398 73.749 0.565372 -13 3994 1 0 1
-2.2578 16.1585 125.556 -1.88802 8.66807 66.1395 2.16232 -13 3995 1 0 1
2.83298 29.5245 125.556 1.29307 16.3855 66.807 0.542002 -13 3996 1 0 1
-6.16898 -0.979898 125.556 -2.87549 -1.24171 58.2137 1.08834 -13 3997 1 0 1
3.29598 -4.80415 125.556 0.110403 -5.65426 78.8443 1.76757 -13 3998 1 0 1
2.42043 -19.5092 125.556 1.2629 -11.0728 61.0042 1.45605 -13 3999 1 0 1
-25.1845 -16.5028 125.556 -11.3971 -7.68886 55.6366 0.466123 -13 4000 1 0 1
-24.7563 -13.3026 125.556 -8.14433 -4.52328 42.0522 0.439342 -13 4001 1 0 1
6.82775 -5.17515 125.556 3.7469 -1.61613 47.4371 0.466839 -13 4002 1 0 1
-5.65848 13.7492 125.556 -2.96585 8.36326 63.7238 0.51838 -13 4003 1 0 1
-15.9643 2.66634 125.556 -10.073 1.75993 69.3034 0.718398 -13 4004 1 0 1
-13.2967 -3.80247 125.556 -7.74683 -3.49087 65.8019 1.44429 -13 4005 1 0 1
18.0841 -26.5831 125.556 8.94806 -13.8304 56.5853 1.10099 -13 4006 1 0 1
0.0360768 4.3621 125.556 -2.36917 2.56151 78.3661 2.58995 -13 4007 1 0 1
-5.59455 -16.4672 125.556 -1.43815 -6.84761 46.333 -0.268528 -13 4008 1 0 1
2.87686 21.0587 125.556 1.7334 10.68 55.5496 -0.703495 -13 4009 1 0 1
16.2822 10.3871 125.556 8.42972 6.36123 59.8494 0.873109 -13 4010 1 0 1
2.56951 -10.6628 125.556 1.48091 -5.9702 63.8082 1.84107 -13 4011 1 0 1
-8.06449 3.90182 125.556 -6.12272 2.46818 72.2867 -1.4869 -13 4012 1 0 1
-22.6693 -1.17251 125.556 -10.0813 0.618421 53.7859 1.36084 -13 4013 1 0 1
-11.9844 8.92418 125.556 -8.44083 5.16944 72.6222 -0.511272 -13 4014 1 0 1
2.23692 12.0011 125.556 1.18005 7.24193 65.6039 2.65631 -13 4015 1 0 1
9.15102 -1.83478 125.556 5.12114 -1.45068 68.1394 0.55327 -13 4016 1 0 1
-9.8866 8.27679 125.556 -5.60856 4.15132 64.4846 0.899146 -13 4017 1 0 1
-28.6848 7.05272 125.556 -15.2647 5.11446 62.2737 2.18285 -13 4018 1 0 1
4.5759 19.5964 125.556 2.54791 11.1592 63.0821 0.42703 -13 4019 1 0 1
10.8845 -9.52497 125.556 5.62127 -4.01733 56.6409 0.955502 -13 4020 1 0 1
-12.1215 11.5005 125.556 -9.56535 8.14926 75.6413 0.954981 -13 4021 1 0 1
27.43 -14.0421 125.556 16.0115 -9.85318 78.0877 0.124788 -13 4022 1 0 1
10.6837 -9.58247 125.556 5.31045 -3.55455 50.356 0.893689 -13 4023 1 0 1
-21.7988 -3.12774 125.556 -13.2115 -1.23774 68.2646 1.8617 -13 4024 1 0 1
-10.3213 11.4776 125.556 -7.40372 6.36717 71.8714 -1.52646 -13 4025 1 0 1
14.2776 -1.35335 125.556 8.00992 -1.1324 64.4411 -0.250609 -13 4026 1 0 1
-8.24695 12.2978 125.556 -4.43393 7.57704 62.9537 1.17176 -13 4027 1 0 1
1.92529 5.61059 125.556 -0.498682 4.60284 78.1505 2.43999 -13 4028 1 0 1
-0.581026 -7.13704 125.556 -0.211987 -3.73911 58.9333 1.02566 -13 4029 1 0 1
-16.8581 -34.4156 125.556 -7.02163 -15.2317 51.8225 1.59181 -13 4030 1 0 1
-12.8779 -1.23306 125.556 -7.45789 -0.107674 65.2798 -0.193303 -13 4031 1 0 1
38.8283 -13.5565 125.556 17.6663 -5.67711 52.3638 2.59313 -13 4032 1 0 1
-3.10229 -2.78673 125.556 -2.29269 -1.22423 68.3597 -1.90807 -13 4033 1 0 1
-17.979 -15.9483 125.556 -11.439 -9.73762 69.131 1.12119 -13 4034 1 0 1
0.802157 5.30441 125.556 -0.441428 2.56117 73.7763 0.591536 -13 4035 1 0 1
5.73346 3.78183 125.556 3.03926 2.88599 65.1674 3.2898 -13 4036 1 0 1
-11.3228 10.2962 125.556 -7.53698 4.99313 70.8263 -0.13358 -13 4037 1 0 1
5.44754 -3.51889 125.556 2.91603 -1.71742 51.6246 0.382001 -13 4038 1 0 1
-8.19765 -20.2789 125.556 -2.97859 -8.31347 50.1019 -0.796753 -13 4039 1 0 1
-2.95793 4.51474 125.556 -0.398524 1.60251 50.9582 1.88254 -13 4040 1 0 1
-23.6304 -0.292953 125.556 -11.9739 -1.08159 59.4498 3.72307 -13 4041 1 0 1
3.71348 28.0491 125.556 1.26224 18.3458 70.4785 0.346834 -13 4042 1 0 1
10.8892 -13.0802 125.556 5.69827 -7.20729 64.0608 0.445893 -13 4043 1 0 1
19.5444 3.83426 125.556 10.3828 3.19599 63.2857 3.34389 -13 4044 1 0 1
-8.39419 7.26563 125.556 -8.03951 5.74375 78.2046 -1.08822 -13 4045 1 0 1
-16.9029 -20.7468 125.556 -8.93162 -11.6272 61.5092 0.297497 -13 4046 1 0 1
-14.9363 -4.07378 125.556 -4.70939 -1.96487 44.1058 0.102381 -13 4047 1 0 1
15.0435 0.874192 125.556 5.73207 -0.048762 35.2147 1.31171 -13 4048 1 0 1
4.45683 7.65988 125.556 1.26699 4.69033 75.5099 1.8665 -13 4049 1 0 1
-9.07863 -6.09704 125.556 -6.04203 -3.30154 69.5504 0.473652 -13 4050 1 0 1
-2.587 1.39009 125.556 -2.19633 1.08873 70.9546 1.37542 -13 4051 1 0 1
4.23111 -24.6574 125.556 2.18492 -13.4349 65.9335 1.127 -13 4052 1 0 1
2.73266 17.2224 125.556 1.76271 8.56216 54.0256 1.47438 -13 4053 1 0 1
-21.9817 -25.0388 125.556 -12.7586 -13.7834 65.6816 0.151983 -13 4054 1 0 1
15.2784 -26.1317 125.556 7.98457 -14.4275 60.2831 1.92359 -13 4055 1 0 1
7.4332 -25.284 125.556 3.67536 -15.0739 66.9353 2.1546 -13 4056 1 0 1
17.6705 -1.43072 125.556 9.02167 0.252929 55.8703 0.498396 -13 4057 1 0 1
-19.1083 -9.09663 125.556 -12.6475 -7.36033 70.7067 1.26951 -13 4058 1 0 1
-10.2198 -2.73031 125.556 -5.72403 -2.70234 62.9751 1.14392 -13 4059 1 0 1
2.43194 -9.79825 125.556 1.14427 -4.3857 63.0703 2.01277 -13 4060 1 0 1
8.76845 -8.11807 125.556 4.86183 -4.74772 56.6133 0.0885324 -13 4062 1 0 1
7.65372 -24.0083 125.556 3.89019 -11.2805 51.7948 0.236134 -13 4063 1 0 1
0.335559 -12.9117 125.556 0.121624 -9.90186 67.5997 -0.248411 -13 4064 1 0 1
4.97654 -1.28531 125.556 2.18459 -0.525539 67.7536 0.816268 -13 4065 1 0 1
1.56518 -8.6191 125.556 0.258543 -4.1377 70.101 1.32215 -13 4066 1 0 1
9.3697 12.2802 125.556 4.91807 7.81155 68.1652 4.53892 -13 4067 1 0 1
8.99308 15.0128 125.556 4.65601 9.76575 71.3468 -0.925953 -13 4068 1 0 1
-3.22497 -12.0247 125.556 -2.16221 -7.73845 66.5912 1.00914 -13 4069 1 0 1
2.62569 19.3422 125.556 0.347618 14.8202 71.2094 -0.262245 -13 4070 1 0 1
0.443047 5.69133 125.556 0.209519 4.51747 67.9484 -1.34386 -13 4071 1 0 1
-8.76647 -42.5543 125.556 -1.95347 -13.9883 36.2266 2.8154 -13 4072 1 0 1
-15.3907 8.86874 125.556 -9.85716 6.09743 69.6986 2.20627 -13 4073 1 0 1
4.38645 -8.01235 125.556 2.51199 -5.347 56.6061 -1.31959 -13 4074 1 0 1
3.33496 23.4556 125.556 1.76317 7.3496 34.2572 -0.187137 -13 4075 1 0 1
-12.0862 15.8753 125.556 -3.69529 5.62293 43.2504 0.5111 -13 4076 1 0 1
13.7957 -21.2335 125.556 6.01628 -8.51829 44.5495 -0.388752 -13 4077 1 0 1
-22.9375 -15.9077 125.556 -13.8145 -9.76113 68.0503 2.08636 -13 4078 1 0 1
0.702983 0.547368 125.556 0.989835 -0.221141 52.6827 0.478681 -13 4079 1 0 1
1.59465 -16.2477 125.556 -0.486829 -11.7681 75.8619 -1.41955 -13 4080 1 0 1
-7.05572 2.78421 125.556 -3.31966 1.00407 60.277 1.12486 -13 4081 1 0 1
-2.47644 7.70336 125.556 -2.21888 4.97324 69.9775 0.582843 -13 4082 1 0 1
-5.47068 7.36755 125.556 -3.55722 3.32823 67.6845 1.56892 -13 4083 1 0 1
-13.3183 -7.2558 125.556 -6.4115 -4.39347 58.0429 1.34452 -13 4084 1 0 1
34.1834 -6.32227 125.556 15.0876 -1.00942 50.573 -1.22567 -13 4085 1 0 1
-6.30828 -13.8343 125.556 -2.80839 -6.88756 59.7489 -2.33716 -13 4086 1 0 1
29.3503 18.4779 125.556 12.7537 8.25028 48.7074 1.30248 -13 4087 1 0 1
4.30477 8.2799 125.556 2.17976 4.49682 64.2102 2.12488 -13 4088 1 0 1
-0.452082 12.3061 125.556 0.435779 6.83599 52.2415 0.627559 -13 4089 1 0 1
-5.03343 -8.70535 125.556 -4.1745 -5.73209 74.372 -0.0739304 -13 4090 1 0 1
-12.0016 -10.1193 125.556 -7.98479 -5.57337 69.5809 -0.717534 -13 4091 1 0 1
-3.27058 -25.3797 125.556 -1.49908 -13.5698 61.6546 0.231486 -13 4092 1 0 1
-3.02231 -13.6724 125.556 -4.06168 -8.58637 77.9211 -0.0753559 -13 4093 1 0 1
-17.8534 24.4377 125.556 -9.20665 13.0307 60.3121 -0.67342 -13 4094 1 0 1
-5.84045 24.9062 125.556 -2.67315 13.4348 60.648 1.30164 -13 4095 1 0 1
-9.34035 19.9429 125.556 -7.07658 14.0644 73.358 0.75339 -13 4096 1 0 1
9.08687 -16.7045 125.556 4.55276 -11.2907 72.1127 0.127246 -13 4097 1 0 1
14.4278 13.9595 125.556 7.78181 10.3618 76.0375 -0.748952 -13 4098 1 0 1
-11.2382 -4.13884 125.556 -6.47676 -2.27392 66.4486 1.164 -13 4099 1 0 1
24.6264 -7.35389 125.556 13.5494 -4.82413 64.0191 -1.11805 -13 4100 1 0 1
2.23903 -4.52477 125.556 -0.00474295 -3.39281 75.195 0.555356 -13 4101 1 0 1
-14.7338 13.6767 125.556 -10.4179 7.7872 73.5902 -1.05853 -13 4103 1 0 1
-19.3161 23.3721 125.556 -13.5383 15.5928 73.357 -0.518689 -13 4105 1 0 1
-5.1675 26.7427 125.556 -4.24773 17.3855 72.9307 -1.25803 -13 4106 1 0 1
-12.4901 14.7975 125.556 -7.67257 7.59843 67.1637 1.76014 -13 4107 1 0 1
24.5346 3.07795 125.556 11.776 1.28794 54.7534 1.91849 -13 4108 1 0 1
-2.68129 9.07109 125.556 -2.66236 5.51063 72.4032 1.1723 -13 4109 1 0 1
1.73847 -0.386079 125.556 0.886852 1.51909 65.5148 2.10259 -13 4110 1 0 1
-14.0998 -8.59724 125.556 -10.2958 -5.11222 73.9996 1.79352 -13 4111 1 0 1
-6.02293 14.5149 125.556 -2.03424 6.45547 48.282 0.50233 -13 4112 1 0 1
-16.2313 2.27281 125.556 -6.76092 1.1422 53.122 2.11792 -13 4113 1 0 1
25.0337 0.222898 125.556 7.40563 0.42627 31.8274 0.0717684 -13 4114 1 0 1
-42.1671 -12.3018 125.556 -22.9228 -6.40447 62.4048 2.76871 -13 4115 1 0 1
-12.6478 5.99823 125.556 -9.42084 3.78489 74.2874 1.90251 -13 4116 1 0 1
-29.7614 11.2207 125.556 -23.0856 7.10125 76.1894 1.05666 -13 4117 1 0 1
12.3494 -8.38997 125.556 6.77015 -4.9424 71.333 3.40785 -13 4118 1 0 1
-17.433 -6.63871 125.556 -13.0938 -5.53264 76.2393 0.721974 -13 4119 1 0 1
41.1189 -9.78736 125.556 23.1367 -4.55957 69.0409 -0.519277 -13 4120 1 0 1
-15.2901 -8.92976 125.556 -7.77781 -5.61846 59.8009 0.377974 -13 4122 1 0 1
12.6885 16.8334 125.556 6.84089 9.04467 57.5849 -0.788327 -13 4123 1 0 1
2.99754 -13.7502 125.556 1.86548 -5.809 49.4346 0.507959 -13 4124 1 0 1
-14.1147 7.58104 125.556 -9.14346 4.14784 69.1276 -0.612085 -13 4125 1 0 1
5.66326 10.9959 125.556 2.8716 6.90611 69.5731 -0.735797 -13 4126 1 0 1
-9.70534 -34.0623 125.556 -3.10981 -14.17 45.872 0.40867 -13 4127 1 0 1
43.1292 -4.93448 125.556 16.8386 -2.27265 43.8979 -2.10689 -13 4128 1 0 1
18.3029 9.80198 125.556 8.0336 4.46148 47.7358 1.64658 -13 4130 1 0 1
-21.6233 5.54506 125.556 -10.6604 3.57968 58.5141 0.976606 -13 4131 1 0 1
41.7054 -37.2601 125.556 14.9214 -13.6559 39.8656 -0.89022 -13 4133 1 0 1
5.71399 3.18436 125.556 3.36464 1.43866 59.5183 1.97577 -13 4134 1 0 1
-0.00916461 18.2048 125.556 -1.46076 11.3092 74.8127 0.174553 -13 4135 1 0 1
-18.7634 9.41751 125.556 -6.94475 4.43909 45.8259 -1.54719 -13 4136 1 0 1
-43.5287 -47.4966 125.556 -15.8214 -17.3529 43.3582 0.740011 -13 4137 1 0 1
5.66839 -31.6069 125.556 2.77714 -15.3388 52.955 1.04719 -13 4138 1 0 1
-0.747706 -14.2449 125.556 -0.144454 -7.2816 57.4304 0.734348 -13 4139 1 0 1
-7.3658 -1.56494 125.556 -6.79075 -0.556183 78.0873 0.474957 -13 4140 1 0 1
-2.29906 1.96999 125.556 -2.10368 2.11863 70.3998 -2.29797 -13 4141 1 0 1
7.39994 -26.4744 125.556 3.28064 -8.69527 42.6736 0.06417 -13 4142 1 0 1
-9.27022 -22.4665 125.556 -3.98008 -10.4974 54.4711 -0.613548 -13 4143 1 0 1
-6.93989 6.55488 125.556 -3.74725 4.39112 63.4538 2.0176 -13 4144 1 0 1
12.3296 -11.483 125.556 6.72483 -6.59062 70.6533 1.12369 -13 4145 1 0 1
8.00762 61.7788 125.556 3.2397 21.2172 37.9605 2.89247 -13 4146 1 0 1
-10.8285 -12.3329 125.556 -6.85 -6.32052 68.1145 -0.0746106 -13 4147 1 0 1
5.5861 -5.65995 125.556 2.15074 -4.26072 77.1097 -0.0265738 -13 4148 1 0 1
9.53654 -8.42242 125.556 5.07775 -4.80776 67.6261 0.51793 -13 4149 1 0 1
6.09872 4.11625 125.556 3.34625 1.6483 58.9749 0.440763 -13 4150 1 0 1
3.50352 9.86306 125.556 2.27828 5.17252 51.5546 2.15897 -13 4151 1 0 1
-10.0717 -1.28269 125.556 -6.28365 -0.580007 68.3105 2.08061 -13 4152 1 0 1
-6.78039 -12.6928 125.556 -3.02073 -7.76482 56.2798 0.0751447 -13 4153 1 0 1
27.0229 6.83481 125.556 12.6396 3.79946 50.842 0.207125 -13 4154 1 0 1
-10.5418 -20.9512 125.556 -6.64665 -12.6256 67.0152 -1.50069 -13 4155 1 0 1
1.01578 -1.78963 125.556 -0.298512 -1.25427 71.0219 0.500961 -13 4156 1 0 1
19.4174 11.6913 125.556 10.7054 7.89535 70.8842 2.10626 -13 4157 1 0 1
-8.29073 -9.06931 125.556 -4.47445 -4.37997 63.2514 1.1632 -13 4158 1 0 1
-1.96164 2.5864 125.556 -0.177213 1.57341 48.486 0.726724 -13 4159 1 0 1
2.08361 -3.55941 125.556 0.623854 -1.35936 69.7634 1.2773 -13 4160 1 0 1
-5.52497 -22.2656 125.556 -2.78504 -10.4771 60.1065 2.23308 -13 4161 1 0 1
18.0802 11.4821 125.556 10.2182 7.35431 69.931 -0.264212 -13 4162 1 0 1
-6.71058 -0.78148 125.556 -6.30935 -0.8225 77.9656 -0.0365456 -13 4163 1 0 1
31.8157 0.838919 125.556 13.9467 0.47659 49.3302 0.620383 -13 4164 1 0 1
28.652 5.07222 125.556 14.5032 3.19029 57.2068 -0.624942 -13 4165 1 0 1
3.65698 3.46524 125.556 2.39126 1.81598 57.6032 1.39342 -13 4166 1 0 1
16.335 11.8346 125.556 8.67661 7.33987 64.4278 2.84174 -13 4167 1 0 1
-0.699282 -21.5079 125.556 -0.311602 -11.575 62.7241 0.469217 -13 4168 1 0 1
-40.4499 8.36406 125.556 -9.42498 2.65068 31.6864 2.27217 -13 4169 1 0 1
13.8801 -0.646581 125.556 7.56869 -0.0411658 60.0028 1.52573 -13 4170 1 0 1
-2.1694 -9.98575 125.556 -1.54016 -6.91034 66.5653 -1.26836 -13 4171 1 0 1
-3.39944 2.45032 125.556 -1.95007 2.29711 63.0759 0.928035 -13 4172 1 0 1
7.0454 24.1556 125.556 3.49873 14.2366 69.4071 0.773217 -13 4173 1 0 1
6.10718 9.75876 125.556 3.29233 5.36453 56.845 1.15458 -13 4174 1 0 1
-15.5296 -14.2474 125.556 -7.71679 -7.79397 59.9618 1.191 -13 4175 1 0 1
-0.243025 6.55917 125.556 -0.163434 3.78001 66.9802 -1.27764 -13 4176 1 0 1
19.166 -4.82096 125.556 9.30859 -2.54846 53.9924 -0.691008 -13 4177 1 0 1
-23.8279 -19.9711 125.556 -10.5673 -9.32287 53.5537 1.96105 -13 4178 1 0 1
-13.1666 -18.6507 125.556 -8.62231 -10.0931 69.0438 -0.662525 -13 4179 1 0 1
12.1743 -1.02209 125.556 6.64091 -0.0464666 65.0609 1.05821 -13 4180 1 0 1
5.21159 4.47222 125.556 1.47879 4.27895 78.1105 0.760071 -13 4181 1 0 1
6.23179 14.6886 125.556 3.35072 8.76629 67.163 -2.16053 -13 4182 1 0 1
12.5397 9.12677 125.556 6.81062 6.40159 68.7845 1.79256 -13 4183 1 0 1
-2.60108 3.81775 125.556 -2.38751 2.50398 70.4467 -2.15983 -13 4184 1 0 1
-3.39339 -2.8273 125.556 -2.27562 -1.23959 66.8326 0.795938 -13 4185 1 0 1
-4.03201 27.2903 125.556 -2.90316 15.1532 66.7886 -0.021113 -13 4186 1 0 1
10.2046 -4.54712 125.556 5.5756 -1.52387 68.5644 0.658596 -13 4187 1 0 1
36.0603 8.19691 125.556 15.3862 4.15069 48.5935 2.03653 -13 4188 1 0 1
-0.866984 11.3632 125.556 -2.49585 6.16287 78.6093 -0.399566 -13 4189 1 0 1
6.57188 -3.1336 125.556 3.94452 -1.11941 57.7657 2.42887 -13 4190 1 0 1
-6.30302 -27.6481 125.556 -2.14262 -12.3423 51.5757 0.232967 -13 4191 1 0 1
6.90065 -22.0476 125.556 2.47155 -16.459 79.3465 -0.247105 -13 4192 1 0 1
-8.01686 -10.0063 125.556 -5.55866 -6.02612 70.1532 1.23015 -13 4193 1 0 1
-12.5081 29.4152 125.556 -4.44162 12.4541 47.3745 1.28954 -13 4194 1 0 1
-8.68109 -20.7619 125.556 -2.87437 -10.153 49.6495 0.64631 -13 4195 1 0 1
-3.56783 -0.245194 125.556 -5.26569 -0.135856 80.4426 0.20741 -13 4196 1 0 1
-1.67411 -7.3564 125.556 -1.28282 -3.38776 69.3407 3.10893 -13 4197 1 0 1
-2.57271 3.30778 125.556 -2.99607 1.46785 74.5204 1.11596 -13 4198 1 0 1
19.6641 -4.56629 125.556 9.96401 -1.98424 57.4356 0.652267 -13 4199 1 0 1
-1.40359 -6.48176 125.556 -2.80533 -1.4905 77.8989 1.62706 -13 4200 1 0 1
-12.4797 4.72614 125.556 -4.8311 2.39892 49.8768 1.89238 -13 4201 1 0 1
-0.122234 13.8888 125.556 0.262918 8.40031 57.57 2.10696 -13 4202 1 0 1
-34.5798 22.3682 125.556 -18.2285 12.0705 61.4704 0.990106 -13 4203 1 0 1
-9.72132 -1.34545 125.556 -5.23195 -2.06437 64.3693 -0.7944 -13 4204 1 0 1
-21.7826 -2.28651 125.556 -11.3788 -1.87042 61.1252 -0.0747947 -13 4205 1 0 1
-23.0564 -5.32829 125.556 -14.738 -3.51247 70.1808 3.07069 -13 4206 1 0 1
-2.65366 6.91103 125.556 -2.35213 3.93092 71.2233 0.399378 -13 4207 1 0 1
-4.81568 4.47838 125.556 -3.23804 2.4663 68.4907 0.430613 -13 4208 1 0 1
-20.7353 -8.09797 125.556 -12.742 -4.6053 67.8112 -1.14306 -13 4210 1 0 1
-10.3538 -3.99945 125.556 -7.27462 -1.91239 72.543 -0.500529 -13 4211 1 0 1
-5.10713 15.1649 125.556 -3.83474 11.4352 71.3816 0.521839 -13 4212 1 0 1
5.9799 -15.9438 125.556 2.89648 -11.0254 69.9135 0.960592 -13 4213 1 0 1
-1.49509 15.4671 125.556 0.0448322 7.19836 49.4772 1.64187 -13 4214 1 0 1
-23.6399 8.7499 125.556 -11.5621 2.6461 58.3219 0.809699 -13 4215 1 0 1
17.4894 2.49134 125.556 8.97953 1.77027 58.7143 1.62366 -13 4216 1 0 1
29.0631 0.18076 125.556 11.4563 -0.397956 43.6325 1.65822 -13 4217 1 0 1
-15.5336 5.46517 125.556 -5.19048 0.879908 43.7417 1.10883 -13 4218 1 0 1
-7.72605 9.76601 125.556 -4.76946 5.7151 66.0533 -0.650127 -13 4219 1 0 1
3.57125 -3.3847 125.556 1.21 -0.769364 72.456 1.21422 -13 4220 1 0 1
-7.76771 -5.91783 125.556 -5.19533 -3.81625 69.3267 -0.558992 -13 4221 1 0 1
-11.3001 -46.9281 125.556 -5.33265 -22.6109 55.1784 0.0236662 -13 4222 1 0 1
-16.3517 3.44774 125.556 -12.0474 3.8856 75.8239 -0.127738 -13 4223 1 0 1
12.9887 -7.00589 125.556 6.84404 -3.93938 66.8277 2.97407 -13 4224 1 0 1
-11.3521 12.8066 125.556 -7.90981 9.03168 72.8069 2.44184 -13 4225 1 0 1
-8.83079 -10.3286 125.556 -5.3554 -5.97428 65.3948 0.918265 -13 4226 1 0 1
2.62276 6.41563 125.556 1.11752 3.72873 67.308 4.87504 -13 4227 1 0 1
-15.1301 15.1596 125.556 -6.05743 7.01057 51.1707 -0.718127 -13 4228 1 0 1
2.50843 -3.69675 125.556 0.974414 -3.68919 68.7004 0.917315 -13 4229 1 0 1
-9.83452 -6.89677 125.556 -5.14778 -3.22551 60.7816 0.217856 -13 4230 1 0 1
2.05004 36.7811 125.556 0.567305 23.0989 65.6063 0.0980629 -13 4231 1 0 1
0.95244 8.10918 125.556 0.997918 2.22104 35.2609 1.60657 -13 4232 1 0 1
-11.6633 11.1765 125.556 -6.83347 6.02895 66.0541 1.22331 -13 4233 1 0 1
11.6406 -8.1963 125.556 6.29668 -6.1484 72.3764 0.134755 -13 4234 1 0 1
-14.6262 -41.7336 125.556 -5.79487 -18.0434 49.0873 1.15761 -13 4235 1 0 1
-4.98287 4.41319 125.556 -3.28103 4.29645 67.3745 1.60227 -13 4236 1 0 1
-20.3755 -9.9324 125.556 -11.387 -5.10258 64.579 0.461373 -13 4237 1 0 1
7.9703 13.5936 125.556 4.13631 9.29085 64.1425 1.05638 -13 4238 1 0 1
-6.16416 -8.50999 125.556 -5.07467 -7.1621 73.857 0.224876 -13 4239 1 0 1
-13.5174 -7.02044 125.556 -7.64545 -3.76082 64.8322 2.2526 -13 4240 1 0 1
-1.51149 -8.922 125.556 -3.8552 -6.70131 80.325 1.34789 -13 4241 1 0 1
1.13744 -29.779 125.556 -1.46602 -20.7968 76.8152 1.38305 -13 4242 1 0 1
3.50259 -19.4201 125.556 1.94577 -9.55845 61.6713 1.26887 -13 4243 1 0 1
-15.8868 -22.5066 125.556 -7.01899 -12.9427 54.0354 -0.161898 -13 4244 1 0 1
-18.4947 -17.0729 125.556 -7.00441 -6.49203 48.4762 -0.182555 -13 4245 1 0 1
-3.19198 -11.5327 125.556 -3.13166 -6.15726 72.6284 0.154184 -13 4246 1 0 1
-10.668 23.8891 125.556 -6.89395 13.7441 68.5808 2.02119 -13 4247 1 0 1
-22.2476 -10.3502 125.556 -13.7855 -7.27986 69.6052 1.5859 -13 4248 1 0 1
6.05858 -10.8804 125.556 3.24462 -4.27507 51.6955 1.25691 -13 4249 1 0 1
13.8934 -0.900924 125.556 6.3918 0.177707 46.4278 1.95473 -13 4250 1 0 1
-1.2078 -14.9387 125.556 -0.915061 -9.42952 62.8882 -0.71974 -13 4251 1 0 1
6.22846 4.67589 125.556 3.34096 1.78575 65.723 0.114701 -13 4252 1 0 1
-7.95718 -22.7451 125.556 -5.474 -15.207 69.5436 0.308854 -13 4253 1 0 1
3.72988 13.9544 125.556 -0.403292 10.1697 79.1751 -0.263972 -13 4254 1 0 1
4.9043 -6.65415 125.556 3.55679 -5.35377 57.3992 1.26445 -13 4255 1 0 1
9.87186 -19.1364 125.556 5.34275 -11.4701 64.6173 1.00153 -13 4256 1 0 1
5.56558 -2.66275 125.556 3.15251 -1.38611 60.8026 2.94438 -13 4257 1 0 1
8.57832 -12.7009 125.556 4.8376 -6.84511 60.1912 -0.488456 -13 4258 1 0 1
2.46524 -4.57006 125.556 0.124439 -4.48231 76.7591 2.66773 -13 4259 1 0 1
-3.26308 -15.6291 125.556 -2.75312 -8.42781 70.2089 2.10119 -13 4260 1 0 1
4.49983 -22.6706 125.556 2.3737 -8.29865 38.5568 1.11389 -13 4261 1 0 1
-2.59948 12.5045 125.556 -3.08972 10.2121 75.5725 0.804866 -13 4262 1 0 1
-12.0531 18.6539 125.556 -6.04808 8.49807 61.3893 -0.0561112 -13 4263 1 0 1
-19.4984 -14.6994 125.556 -10.7034 -9.02368 64.5807 -0.133629 -13 4264 1 0 1
-13.0792 2.49484 125.556 -11.5393 2.93597 78.6276 -0.142603 -13 4265 1 0 1
-8.97967 30.6771 125.556 -5.76887 19.0725 65.9016 1.55052 -13 4266 1 0 1
-0.0229325 7.52323 125.556 -1.81116 5.60359 77.897 2.45918 -13 4267 1 0 1
-9.51636 1.6671 125.556 -4.05935 1.6874 55.8331 0.512001 -13 4268 1 0 1
-16.3623 -8.48606 125.556 -7.46396 -5.09478 56.1424 -0.677314 -13 4269 1 0 1
2.26555 14.7394 125.556 1.14772 8.82388 64.5677 0.907892 -13 4270 1 0 1
3.98288 5.48588 125.556 2.28453 2.72108 59.3163 -1.2891 -13 4271 1 0 1
22.5422 -3.06173 125.556 12.2112 -3.44309 65.3544 1.19606 -13 4272 1 0 1
-9.65575 6.24694 125.556 -5.50666 2.77343 65.1796 0.20298 -13 4273 1 0 1
-17.0387 -24.9434 125.556 -6.82509 -11.3325 51.4948 1.58955 -13 4275 1 0 1
-9.23781 13.6324 125.556 -3.65563 6.21991 54.3279 0.444691 -13 4276 1 0 1
-7.29557 -2.63234 125.556 -7.09068 -1.30056 80.1029 1.38844 -13 4277 1 0 1
-27.1567 -5.22063 125.556 -14.3502 -0.811772 61.3475 0.0223068 -13 4278 1 0 1
1.71625 13.4185 125.556 0.0544534 8.64592 72.1796 1.74633 -13 4279 1 0 1
1.30869 -14.2749 125.556 0.971961 -7.90022 56.6615 0.409451 -13 4280 1 0 1
-8.09731 -24.2339 125.556 -3.46647 -13.6846 55.6069 -0.263329 -13 4281 1 0 1
-0.776841 -3.68257 125.556 -0.123598 -2.69274 59.8291 0.697136 -13 4282 1 0 1
-7.95575 -16.1718 125.556 -6.75799 -9.99948 77.2273 -1.149 -13 4283 1 0 1
-3.53089 8.44904 125.556 -3.24291 4.99426 71.0568 0.963411 -13 4284 1 0 1
1.90441 1.07861 125.556 1.33642 -0.15473 57.4691 1.06283 -13 4285 1 0 1
13.864 -13.121 125.556 7.10532 -7.78262 66.2945 0.838535 -13 4286 1 0 1
4.85092 2.46079 125.556 2.89336 0.928195 60.1766 1.77652 -13 4287 1 0 1
-6.00663 31.4834 125.556 -2.31352 15.3922 53.8166 0.626772 -13 4288 1 0 1
12.0529 2.24411 125.556 6.40108 1.8205 72.2887 0.615296 -13 4290 1 0 1
-7.79804 -9.92013 125.556 -5.19062 -5.53972 71.8091 1.61628 -13 4291 1 0 1
3.59544 5.54383 125.556 0.507805 3.41022 77.3259 2.53409 -13 4292 1 0 1
-17.1804 -16.4681 125.556 -12.008 -10.1803 73.7938 -0.120973 -13 4293 1 0 1
-10.4763 4.32588 125.556 -6.90908 1.41004 69.4075 0.665631 -13 4294 1 0 1
-13.5402 -5.35279 125.556 -7.21773 -3.53058 61.8976 -1.29471 -13 4295 1 0 1
-13.0649 8.1009 125.556 -8.63891 4.17227 71.367 1.19712 -13 4296 1 0 1
-7.46442 5.69107 125.556 -2.98715 3.04079 54.9231 0.899468 -13 4297 1 0 1
-9.26851 -5.96774 125.556 -5.5458 -3.7533 66.032 0.647476 -13 4298 1 0 1
8.33747 6.43361 125.556 4.05347 2.47752 47.0359 0.421815 -13 4299 1 0 1
-4.09946 -12.6446 125.556 -4.43459 -7.86014 77.6806 3.4073 -13 4300 1 0 1
26.6258 18.8017 125.556 11.4521 8.34795 48.4161 2.82608 -13 4301 1 0 1
11.9241 9.1301 125.556 5.67464 4.0144 49.8034 1.24972 -13 4302 1 0 1
-11.2159 7.91181 125.556 -6.28062 5.02318 63.8852 1.13587 -13 4303 1 0 1
10.0746 0.506314 125.556 5.74689 1.14 66.9906 -2.1391 -13 4304 1 0 1
18.5773 -2.26125 125.556 7.32913 -0.252011 39.979 0.414629 -13 4305 1 0 1
-5.60925 18.5171 125.556 -3.21211 10.62 63.8902 0.547694 -13 4306 1 0 1
-8.45745 -2.8921 125.556 -4.84543 -0.969375 64.9293 2.15926 -13 4307 1 0 1
-5.11814 14.2331 125.556 -4.31701 10.1527 72.7612 3.37063 -13 4308 1 0 1
13.4329 0.849072 125.556 7.33769 -0.612099 70.4044 -0.198765 -13 4309 1 0 1
6.04058 9.70585 125.556 3.45599 3.90725 58.4975 0.817734 -13 4310 1 0 1
40.9361 -4.50272 125.556 12.899 -1.73903 35.7487 -0.441296 -13 4311 1 0 1
-27.4853 6.54886 125.556 -18.9936 4.14884 74.1499 1.02855 -13 4312 1 0 1
5.91188 -4.99365 125.556 3.03008 -2.83157 64.438 0.0905379 -13 4313 1 0 1
5.2757 -17.5037 125.556 2.83359 -8.94379 59.8885 1.20762 -13 4314 1 0 1
-17.3736 18.3213 125.556 -6.1668 7.86722 46.624 1.55372 -13 4315 1 0 1
4.514 2.54199 125.556 2.56434 0.572236 62.0268 -0.243334 -13 4316 1 0 1
7.1533 21.9007 125.556 3.57882 12.9251 65.9806 2.00528 -13 4317 1 0 1
1.16645 -42.0815 125.556 1.01417 -17.6607 45.8552 1.24439 -13 4318 1 0 1
3.09239 7.97961 125.556 1.07421 5.63799 74.2657 0.226741 -13 4319 1 0 1
22.1559 22.6572 125.556 12.028 14.0822 67.2265 0.482192 -13 4320 1 0 1
-9.09169 10.0285 125.556 -6.44801 4.61258 70.8309 1.53943 -13 4321 1 0 1
1.38364 3.37527 125.556 -0.15418 2.3184 72.1435 -0.480481 -13 4322 1 0 1
4.53769 -13.6061 125.556 1.9355 -7.95274 70.4865 -0.62748 -13 4323 1 0 1
14.8707 6.33667 125.556 3.55904 0.826092 23.8947 1.04419 -13 4324 1 0 1
9.85988 -21.455 125.556 5.20765 -13.0481 66.2341 1.68053 -13 4325 1 0 1
6.81101 -14.4205 125.556 3.45027 -9.52668 66.4499 0.242431 -13 4326 1 0 1
18.895 25.9079 125.556 6.44614 8.06784 37.0618 0.272362 -13 4327 1 0 1
-23.0069 5.35329 125.556 -17.3154 2.70321 77.3678 -0.28474 -13 4328 1 0 1
38.3604 -15.9817 125.556 20.3867 -10.3429 64.3467 -1.36247 -13 4329 1 0 1
-5.26242 4.35493 125.556 -3.72482 1.42854 68.969 -0.588462 -13 4330 1 0 1
-3.69411 17.8207 125.556 -1.40748 8.04646 55.8986 0.555999 -13 4331 1 0 1
-20.0187 -14.4424 125.556 -8.41705 -5.48455 52.3328 1.34683 -13 4332 1 0 1
19.8977 -6.04927 125.556 10.3792 -4.71698 61.0514 -1.12581 -13 4333 1 0 1
-4.45653 5.36479 125.556 -1.14596 1.75734 51.3608 -0.549105 -13 4334 1 0 1
-12.9179 -5.76461 125.556 -5.70181 -3.70796 57.2225 0.478617 -13 4335 1 0 1
-5.40443 24.465 125.556 -7.03461 17.3943 77.2361 -0.860831 -13 4336 1 0 1
0.019153 -18.6798 125.556 0.464322 -10.0578 58.7152 0.277368 -13 4337 1 0 1
6.61643 -2.15457 125.556 3.48217 0.187055 47.6038 -0.416327 -13 4338 1 0 1
3.3274 -8.84035 125.556 2.00966 -4.81412 56.1254 0.535215 -13 4339 1 0 1
11.0403 2.95045 125.556 5.98113 1.25067 72.907 1.36329 -13 4340 1 0 1
-5.70922 -9.4746 125.556 -4.51164 -7.14428 73.4069 1.38307 -13 4341 1 0 1
-5.58012 18.2853 125.556 -2.66297 9.402 58.0152 -0.388361 -13 4342 1 0 1
4.9386 0.191347 125.556 2.36508 0.0342582 66.4112 1.8899 -13 4343 1 0 1
-6.28159 7.57302 125.556 -5.69165 4.85552 74.9849 -1.20291 -13 4344 1 0 1
5.52124 -7.38246 125.556 2.55578 -5.96094 70.7651 1.12948 -13 4345 1 0 1
-28.4198 -6.40764 125.556 -13.0698 -1.87334 55.4353 -0.766614 -13 4346 1 0 1
20.2619 10.5373 125.556 3.33752 1.35949 16.5055 3.484 -13 4347 1 0 1
-0.384823 2.46963 125.556 -0.108116 0.975433 61.3978 3.81875 -13 4348 1 0 1
-12.3723 28.4023 125.556 -6.55774 15.8745 61.2167 1.78961 -13 4349 1 0 1
-4.6931 20.4655 125.556 -1.43715 9.17085 54.0267 1.2322 -13 4350 1 0 1
1.27578 -5.41504 125.556 0.140209 -2.50856 67.5191 0.97067 -13 4351 1 0 1
6.25533 1.00334 125.556 3.53035 1.0576 56.2076 1.54107 -13 4352 1 0 1
7.00168 -1.15714 125.556 3.6706 -1.11459 47.135 1.48498 -13 4353 1 0 1
18.8569 -4.19836 125.556 10.2949 -1.4083 60.8478 1.47754 -13 4354 1 0 1
-0.127071 3.57468 125.556 -1.4206 2.48066 74.9069 0.386104 -13 4355 1 0 1
-12.1961 -2.69437 125.556 -7.47753 -2.16123 67.2208 0.939305 -13 4356 1 0 1
-10.4489 -7.55628 125.556 -8.33295 -5.28694 77.0078 -0.44252 -13 4357 1 0 1
-6.10218 -11.6841 125.556 -4.20251 -6.45901 69.4692 -0.462923 -13 4358 1 0 1
-3.57037 1.52492 125.556 -2.75683 1.87325 69.6711 2.17566 -13 4359 1 0 1
5.00158 -16.9141 125.556 2.77533 -7.89976 55.3643 -0.544453 -13 4360 1 0 1
-5.54613 -19.1801 125.556 -5.18748 -12.6458 75.4912 2.01158 -13 4361 1 0 1
0.428945 8.58639 125.556 -0.439152 6.95647 67.5913 1.12654 -13 4362 1 0 1
4.98686 -17.9698 125.556 2.51499 -10.2251 59.4257 1.37866 -13 4363 1 0 1
7.77963 16.6168 125.556 4.10134 8.2694 57.0005 1.77577 -13 4364 1 0 1
-56.3949 -29.4482 125.556 -21.0802 -10.9925 44.3464 3.15149 -13 4365 1 0 1
24.8392 -9.23913 125.556 11.7409 -4.82662 53.2621 3.29434 -13 4366 1 0 1
11.3368 1.21729 125.556 6.23929 1.69254 69.9142 0.30675 -13 4367 1 0 1
5.92488 -32.2908 125.556 3.05712 -13.3353 46.8306 2.42841 -13 4368 1 0 1
-2.46943 -7.74029 125.556 -2.03384 -4.11689 69.3676 -0.692819 -13 4369 1 0 1
7.55478 -18.9841 125.556 3.98647 -10.2027 58.3775 -1.43593 -13 4370 1 0 1
-0.312837 17.74 125.556 -0.893359 10.6788 71.0786 1.66575 -13 4371 1 0 1
5.52409 -9.18633 125.556 3.003 -3.67671 54.7137 -1.08688 -13 4372 1 0 1
-15.0566 -3.80121 125.556 -7.32758 -0.4714 59.4897 -1.70634 -13 4373 1 0 1
26.0214 -59.0964 125.556 9.32418 -19.6569 36.2445 3.0043 -13 4374 1 0 1
-2.61537 -8.6816 125.556 -1.58808 -6.67685 66.3641 0.25968 -13 4375 1 0 1
-5.33018 15.1507 125.556 -3.39333 9.45829 68.1151 1.85373 -13 4376 1 0 1
-12.6878 -17.8769 125.556 -6.39543 -11.2591 60.3979 2.79544 -13 4377 1 0 1
-36.7697 48.2612 125.556 -16.4197 22.4079 52.1726 2.43811 -13 4378 1 0 1
22.4118 7.44669 125.556 11.4343 4.40462 58.0231 0.605412 -13 4379 1 0 1
8.89555 -6.76251 125.556 4.52308 -4.48434 72.4785 -0.204066 -13 4380 1 0 1
6.37716 9.63571 125.556 3.10462 7.11851 68.1839 1.55677 -13 4381 1 0 1
-12.5018 -6.49378 125.556 -5.92066 -2.30748 58.7397 -0.940377 -13 4382 1 0 1
11.8312 3.1985 125.556 6.14375 1.48758 62.8098 1.03936 -13 4383 1 0 1
20.4577 1.78819 125.556 10.9462 1.5039 78.6445 1.12965 -13 4384 1 0 1
0.854566 0.853194 125.556 -0.0735462 0.447454 68.5732 1.78182 -13 4385 1 0 1
-10.321 0.764001 125.556 -5.94814 -0.323006 65.2161 1.96856 -13 4386 1 0 1
-26.0627 30.4058 125.556 -15.8321 19.0018 66.9529 0.877503 -13 4387 1 0 1
-6.64686 -28.3232 125.556 -3.43876 -15.5589 61.149 1.68485 -13 4388 1 0 1
2.70523 -9.2399 125.556 1.91817 -4.70864 46.1918 1.14518 -13 4389 1 0 1
-12.0448 -10.4011 125.556 -4.03443 -4.193 45.6318 1.72444 -13 4390 1 0 1
-9.92618 13.2586 125.556 -6.14278 7.56371 67.7037 -0.766093 -13 4391 1 0 1
10.5901 -18.8089 125.556 5.59556 -8.89674 52.5807 2.72743 -13 4392 1 0 1
1.07308 10.2294 125.556 -0.226083 6.5638 71.4978 -0.360719 -13 4393 1 0 1
2.30551 23.2389 125.556 1.26034 12.7415 58.3742 -0.804207 -13 4394 1 0 1
-28.9098 -4.56991 125.556 -15.5603 -3.9735 62.2974 1.21424 -13 4395 1 0 1
-10.8845 4.73998 125.556 -5.33488 2.95921 60.7188 0.888268 -13 4396 1 0 1
-5.27055 12.6458 125.556 -3.44784 6.45332 70.1279 0.502886 -13 4397 1 0 1
2.10332 -3.9168 125.556 1.22172 -2.55264 61.0634 1.85201 -13 4398 1 0 1
2.34334 -23.1686 125.556 1.64257 -10.1203 47.8694 1.02007 -13 4399 1 0 1
-0.942142 11.8007 125.556 -0.744844 8.87427 66.0211 2.35906 -13 4400 1 0 1
-8.35976 -14.8407 125.556 -6.22669 -9.84462 73.056 -0.660339 -13 4401 1 0 1
-15.07 4.18132 125.556 -6.53242 2.78877 54.6499 -0.624295 -13 4402 1 0 1
14.8936 -6.38357 125.556 8.24866 -4.28901 62.8476 2.5972 -13 4403 1 0 1
-6.65944 -1.78151 125.556 -2.07476 0.247994 48.504 0.408442 -13 4404 1 0 1
9.01822 3.9817 125.556 4.62739 1.36728 56.5872 2.26013 -13 4405 1 0 1
6.4603 -12.293 125.556 3.38335 -8.68506 68.5311 2.33949 -13 4406 1 0 1
-77.0585 -57.2776 125.556 -30.0028 -21.8006 45.214 0.661196 -13 4407 1 0 1
0.705419 9.5897 125.556 1.07013 4.60916 52.0031 2.75527 -13 4408 1 0 1
32.7053 13.729 125.556 17.3309 6.68871 64.8108 0.471265 -13 4409 1 0 1
-10.0242 9.06427 125.556 -3.93552 4.72534 51.2069 0.553213 -13 4410 1 0 1
-4.59591 16.0422 125.556 -1.58444 7.73464 54.2204 0.516238 -13 4411 1 0 1
2.74756 -2.45791 125.556 1.35011 0.0968733 67.5225 1.12655 -13 4412 1 0 1
-1.77079 -9.26093 125.556 -1.52071 -5.90431 69.7657 2.07515 -13 4413 1 0 1
7.94071 -1.82488 125.556 3.28279 -0.803475 81.5183 0.19457 -13 4414 1 0 1
5.1299 -1.84237 125.556 2.7055 -1.60613 66.8203 0.258915 -13 4415 1 0 1
29.5964 -1.17843 125.556 12.9351 0.0626181 47.1579 -0.641587 -13 4416 1 0 1
38.4454 3.29561 125.556 17.9789 -0.0149589 53.7838 1.64232 -13 4417 1 0 1
-23.0435 -1.06891 125.556 -10.3207 -0.608087 55.5065 -0.940171 -13 4418 1 0 1
-22.2634 9.65263 125.556 -14.6556 6.20153 71.8217 -0.450809 -13 4419 1 0 1
-6.10487 -7.66169 125.556 -4.91247 -3.31933 73.0329 0.636944 -13 4420 1 0 1
1.51014 1.41224 125.556 0.624773 0.0684602 65.0676 -1.08935 -13 4421 1 0 1
-1.72099 1.71359 125.556 -0.0617697 0.984209 50.9508 1.89669 -13 4422 1 0 1
14.8652 -15.3194 125.556 6.45565 -6.73456 46.2485 -0.0133245 -13 4423 1 0 1
2.65605 -17.2886 125.556 1.5288 -6.12275 41.6177 2.9315 -13 4424 1 0 1
-23.6308 -1.22642 125.556 -11.0251 -0.271166 55.897 2.00504 -13 4425 1 0 1
-12.7097 -2.37365 125.556 -7.45349 -1.31359 66.5701 -0.476265 -13 4426 1 0 1
11.9278 -22.0997 125.556 6.00189 -9.41414 54.0799 2.7681 -13 4428 1 0 1
-2.36774 -6.82683 125.556 -1.50115 -3.76009 66.625 1.61073 -13 4429 1 0 1
-15.0273 -13.7262 125.556 -7.00314 -6.99293 57.6213 -1.43783 -13 4430 1 0 1
-6.36299 18.3894 125.556 -4.18935 9.24829 69.1418 0.527396 -13 4431 1 0 1
29.9795 -4.83781 125.556 15.39 -1.43278 59.3837 -0.0835719 -13 4432 1 0 1
-3.64582 -13.76 125.556 -1.59894 -7.82819 61.6217 -0.706853 -13 4433 1 0 1
-11.6745 -10.9689 125.556 -6.87693 -6.17535 66.8098 1.45368 -13 4434 1 0 1
9.66506 0.865044 125.556 5.35042 -0.798632 64.7348 2.21969 -13 4435 1 0 1
-31.5105 -26.2372 125.556 -17.5211 -15.1819 63.1474 1.48693 -13 4436 1 0 1
27.5815 13.6871 125.556 7.84665 3.62938 30.1262 3.33242 -13 4437 1 0 1
6.18438 11.7573 125.556 3.38313 6.53778 61.4785 0.602198 -13 4438 1 0 1
-12.3164 -16.51 125.556 -8.32297 -10.1658 70.2146 0.112856 -13 4439 1 0 1
-14.0294 -5.07082 125.556 -8.01457 -3.87022 65.5278 1.73562 -13 4440 1 0 1
15.5269 1.01269 125.556 8.25715 -0.584719 65.1291 0.79157 -13 4441 1 0 1
18.3294 17.0511 125.556 8.65382 9.282 54.2882 2.58531 -13 4442 1 0 1
-3.81918 3.14541 125.556 -2.07714 2.14793 63.2885 1.63149 -13 4443 1 0 1
-2.45691 2.33812 125.556 -1.18413 0.400827 61.6813 0.51285 -13 4444 1 0 1
-0.934496 15.114 125.556 -1.9792 10.5133 73.6502 0.487613 -13 4445 1 0 1
16.2456 -3.33371 125.556 7.56733 -1.39549 49.564 0.27533 -13 4446 1 0 1
-10.3153 18.8322 125.556 -2.26148 6.25796 34.1057 1.20366 -13 4447 1 0 1
-5.94939 29.1741 125.556 -1.20123 9.88606 37.0198 3.43332 -13 4448 1 0 1
-1.40753 -1.37541 125.556 0.115437 -0.315992 44.8196 1.43035 -13 4449 1 0 1
-11.2255 -13.0795 125.556 -7.43556 -7.43882 69.9973 2.13356 -13 4450 1 0 1
-2.0433 -2.2782 125.556 -1.70885 -1.52837 68.6759 1.07793 -13 4451 1 0 1
3.93672 -11.3035 125.556 2.29121 -4.40043 48.3935 -0.0343713 -13 4452 1 0 1
-17.5763 12.5042 125.556 -7.68151 6.2128 56.0376 1.48566 -13 4453 1 0 1
-2.63264 20.8799 125.556 -0.936886 10.8771 53.0543 0.881159 -13 4454 1 0 1
-22.5209 -0.065787 125.556 -10.2531 0.584772 55.4151 0.506883 -13 4455 1 0 1
1.60656 -5.21909 125.556 0.509075 -1.93841 66.3891 1.19459 -13 4456 1 0 1
-4.13241 12.7189 125.556 -3.19906 7.13929 71.3681 1.95098 -13 4457 1 0 1
3.66969 -25.4342 125.556 2.20862 -11.9682 56.6107 1.59074 -13 4458 1 0 1
13.3219 -4.41473 125.556 7.22846 -2.26237 62.9697 -0.551788 -13 4460 1 0 1
1.80816 -2.23778 125.556 -0.524014 -0.240699 76.5506 2.57647 -13 4461 1 0 1
-21.6307 12.8912 125.556 -12.7565 7.09663 66.574 2.17655 -13 4462 1 0 1
-1.60664 -4.60972 125.556 -0.371221 -0.412338 55.9739 0.89612 -13 4463 1 0 1
6.99303 12.6338 125.556 3.45671 6.62898 69.5523 0.466888 -13 4464 1 0 1
-0.148699 -21.177 125.556 0.336419 -10.5044 59.0629 -0.750988 -13 4465 1 0 1
13.3288 -8.10752 125.556 6.70543 -7.13215 78.7357 -0.614387 -13 4466 1 0 1
-28.1071 -0.451928 125.556 -16.9369 0.220552 68.0892 0.360053 -13 4467 1 0 1
-3.6498 9.74021 125.556 -3.11423 5.62303 72.1382 0.118923 -13 4468 1 0 1
4.65324 -7.51981 125.556 1.83047 -5.67572 72.7941 1.30316 -13 4469 1 0 1
19.9937 -0.521721 125.556 6.09775 -0.115647 32.9874 0.341346 -13 4470 1 0 1
10.1154 -12.2727 125.556 5.40141 -7.02562 61.0654 0.408649 -13 4471 1 0 1
-10.2298 -5.18189 125.556 -6.00737 -2.68409 66.2277 0.861156 -13 4473 1 0 1
5.39395 3.499 125.556 2.89318 1.85518 63.688 0.904613 -13 4474 1 0 1
22.3695 -43.0435 125.556 10.7046 -21.0854 55.3017 1.46379 -13 4475 1 0 1
-0.475679 -6.42061 125.556 -0.0571297 -3.62116 58.2396 -0.506668 -13 4476 1 0 1
6.96482 -6.10303 125.556 3.98285 -1.35064 56.4567 1.21476 -13 4477 1 0 1
6.20205 0.410494 125.556 3.0596 0.483786 50.9914 2.73884 -13 4478 1 0 1
1.89569 -0.758123 125.556 0.80125 -1.36548 64.8689 -0.800281 -13 4479 1 0 1
-8.36463 25.6979 125.556 -4.89365 15.0875 63.6838 0.398631 -13 4480 1 0 1
7.12782 -22.1058 125.556 3.69067 -10.3215 56.3119 1.56413 -13 4481 1 0 1
-1.16247 -5.2443 125.556 -1.77814 -2.22217 71.642 1.0531 -13 4482 1 0 1
0.337186 11.1279 125.556 -1.89497 7.80713 79.398 -1.18554 -13 4483 1 0 1
-14.3493 17.987 125.556 -3.57221 5.78592 34.6012 1.30261 -13 4484 1 0 1
-15.9199 4.71377 125.556 -4.29323 2.6592 36.4731 3.82571 -13 4485 1 0 1
9.93437 10.1765 125.556 4.68163 5.38475 46.4138 0.466224 -13 4486 1 0 1
14.3294 -0.258752 125.556 7.70669 -0.125319 61.2398 0.185795 -13 4487 1 0 1
-16.2402 -6.01951 125.556 -10.1408 -4.36832 68.9311 -0.435428 -13 4488 1 0 1
18.4982 -2.09727 125.556 9.49942 -0.764287 56.0329 2.88156 -13 4489 1 0 1
4.55192 4.11887 125.556 2.71283 1.86427 42.1463 -1.12505 -13 4490 1 0 1
-3.1633 -13.9178 125.556 -2.48364 -8.4157 69.3859 1.38314 -13 4491 1 0 1
2.71061 -1.78152 125.556 0.607635 -2.79683 72.9245 0.643158 -13 4492 1 0 1
-9.54002 -14.8401 125.556 -7.57448 -10.8924 75.7627 -0.385007 -13 4493 1 0 1
-1.95842 -0.538053 125.556 -0.445939 0.19475 57.1367 0.874084 -13 4494 1 0 1
12.1695 23.0831 125.556 6.59072 13.7686 66.7566 0.465824 -13 4495 1 0 1
-4.11794 -4.97338 125.556 -2.03072 -2.33343 64.2156 -0.855931 -13 4496 1 0 1
-6.41398 6.97653 125.556 -6.42978 6.56822 79.0345 1.29502 -13 4497 1 0 1
12.5298 -4.18269 125.556 6.41489 0.133256 75.6834 2.44995 -13 4498 1 0 1
-10.2283 8.31219 125.556 -6.54708 5.04855 69.9481 0.812189 -13 4499 1 0 1
-8.64189 1.91642 125.556 -4.51031 0.7969 62.1459 0.38845 -13 4500 1 0 1
3.12292 -0.766377 125.556 1.21195 -1.39588 68.2737 1.45549 -13 4501 1 0 1
47.4195 -4.58054 125.556 20.0043 -2.001 48.7233 0.892131 -13 4503 1 0 1
7.29962 26.2084 125.556 3.85887 12.583 52.0102 1.50636 -13 4504 1 0 1
7.41863 29.6906 125.556 2.56648 8.35515 31.2443 1.91052 -13 4505 1 0 1
16.8671 -8.24273 125.556 8.86049 -5.5557 57.518 0.33077 -13 4506 1 0 1
9.75795 14.3642 125.556 5.10635 8.79941 61.7867 -0.964582 -13 4507 1 0 1
-10.5339 7.09041 125.556 -5.90472 4.58249 64.3769 0.937405 -13 4508 1 0 1
-1.52362 11.6447 125.556 -1.92969 7.72115 72.7299 -1.52859 -13 4509 1 0 1
13.3727 5.25186 125.556 7.22155 3.481 71.5997 -0.538692 -13 4510 1 0 1
-17.902 -8.20414 125.556 -11.0126 -5.19382 68.1448 0.0670093 -13 4511 1 0 1
11.0774 7.83163 125.556 6.10151 5.52393 67.0067 0.257567 -13 4512 1 0 1
1.29929 0.837981 125.556 0.919657 0.66556 58.1866 3.19201 -13 4513 1 0 1
4.86244 0.499424 125.556 2.70326 -0.614017 64.205 0.369617 -13 4514 1 0 1
13.4019 10.1151 125.556 7.15826 6.16369 61.5232 -1.62947 -13 4515 1 0 1
-8.38143 -15.0586 125.556 -4.55388 -8.50048 62.8475 2.18401 -13 4516 1 0 1
2.94038 -30.0782 125.556 1.60856 -15.791 58.7365 2.08064 -13 4517 1 0 1
13.1655 6.42653 125.556 6.74356 3.11357 58.8811 0.00545966 -13 4518 1 0 1
1.86024 -5.22447 125.556 1.15653 -3.13369 56.2725 1.47302 -13 4519 1 0 1
4.12169 2.92838 125.556 2.17449 0.681543 62.7501 -0.573739 -13 4520 1 0 1
-5.70429 4.09035 125.556 -5.9548 1.96489 80.5782 0.996398 -13 4521 1 0 1
30.3629 -37.5514 125.556 8.58639 -10.7122 30.2977 2.68023 -13 4522 1 0 1
-8.37367 19.9454 125.556 -4.63315 12.1404 64.4764 3.75707 -13 4523 1 0 1
4.46521 -4.00355 125.556 1.90906 -4.04951 68.4152 1.00098 -13 4524 1 0 1
33.3818 26.9603 125.556 15.9827 12.9575 55.8893 2.48588 -13 4525 1 0 1
-6.12101 -16.6231 125.556 -3.57932 -10.6252 65.4158 0.584763 -13 4526 1 0 1
-5.66158 -0.867675 125.556 -3.24899 -0.196012 65.164 2.3344 -13 4527 1 0 1
13.6121 0.709659 125.556 7.24828 -0.0580084 56.9325 2.57637 -13 4528 1 0 1
-1.52473 7.67973 125.556 -0.370588 2.72322 54.9835 2.56927 -13 4529 1 0 1
8.86323 -2.33649 125.556 4.81206 -1.93782 68.1167 1.41886 -13 4530 1 0 1
11.3518 -3.09986 125.556 6.0407 -1.31605 58.4941 -1.6471 -13 4531 1 0 1
-6.77134 27.8012 125.556 -2.31404 13.2262 49.3653 1.33808 -13 4532 1 0 1
-14.3188 5.76707 125.556 -5.62302 2.01499 50.2908 -1.16262 -13 4533 1 0 1
-18.5483 -0.480066 125.556 -7.86349 1.3491 53.5241 0.828761 -13 4534 1 0 1
17.3108 16.023 125.556 9.1202 8.37828 59.7183 1.00357 -13 4535 1 0 1
2.50153 20.2561 125.556 1.56484 9.76973 62.4728 0.587329 -13 4536 1 0 1
-8.3889 -12.3703 125.556 -5.48503 -9.30376 68.1595 -1.2471 -13 4537 1 0 1
-8.29381 -5.30089 125.556 -4.43046 -4.31499 62.7639 -1.54082 -13 4538 1 0 1
-8.73169 -4.61137 125.556 -5.3185 -2.37961 68.0632 0.316003 -13 4539 1 0 1
2.35839 -14.0572 125.556 0.112245 -9.18434 72.693 1.68959 -13 4540 1 0 1
-5.42701 24.7139 125.556 -4.54458 14.5955 72.3982 -0.497541 -13 4541 1 0 1
-10.4565 -8.48673 125.556 -6.10801 -6.00119 65.0307 -1.27861 -13 4542 1 0 1
11.1574 -2.74341 125.556 6.00746 -1.97401 65.5946 0.641429 -13 4543 1 0 1
0.102681 -5.59498 125.556 -1.31429 -2.85634 74.9517 0.129139 -13 4544 1 0 1
-10.0633 7.3602 125.556 -6.97205 3.30587 71.4001 1.40429 -13 4545 1 0 1
3.91839 13.3223 125.556 1.98112 3.63879 36.2587 1.65605 -13 4546 1 0 1
6.74608 2.88517 125.556 3.37082 0.854338 74.2765 0.484379 -13 4547 1 0 1
13.5075 -4.77423 125.556 7.38325 -2.06346 70.2653 2.69018 -13 4548 1 0 1
2.11232 5.69977 125.556 0.864938 4.26377 65.6138 -0.54146 -13 4549 1 0 1
-7.32165 17.0841 125.556 -7.04166 11.9558 77.4696 -0.108017 -13 4550 1 0 1
13.3204 -30.6031 125.556 7.04882 -20.0215 70.3527 -0.325012 -13 4551 1 0 1
4.73647 -11.2287 125.556 2.39754 -4.88131 65.9735 0.738072 -13 4552 1 0 1
-6.40654 28.8421 125.556 -3.84177 16.1518 63.771 -0.564668 -13 4553 1 0 1
11.3278 10.8522 125.556 5.93703 5.10887 54.0721 0.416703 -13 4554 1 0 1
-19.2969 29.3212 125.556 -10.479 16.5224 61.2135 1.13274 -13 4555 1 0 1
-14.7999 5.88264 125.556 -9.70771 3.46444 70.803 2.04687 -13 4556 1 0 1
-15.3656 1.85905 125.556 -8.17495 0.921238 62.8499 -1.02084 -13 4558 1 0 1
15.8519 44.1253 125.556 8.18814 23.8181 61.4829 3.12426 -13 4559 1 0 1
-11.6486 -10.4114 125.556 -7.16151 -6.57777 66.545 0.862951 -13 4560 1 0 1
-14.5145 24.0896 125.556 -6.72568 10.9363 56.0718 0.934542 -13 4561 1 0 1
27.3313 -26.8001 125.556 9.82861 -9.66305 39.1695 2.31336 -13 4562 1 0 1
-10.5913 -42.9118 125.556 -6.00902 -23.1039 62.721 2.53539 -13 4563 1 0 1
14.9157 6.26675 125.556 8.31939 5.50157 65.9475 2.65281 -13 4565 1 0 1
18.3887 -3.20787 125.556 9.9419 -1.99573 67.6296 0.917584 -13 4566 1 0 1
26.9199 17.7193 125.556 13.8328 9.73187 60.5465 0.150552 -13 4567 1 0 1
-30.9352 -7.27793 125.556 -14.8376 -3.39116 56.8608 1.51377 -13 4568 1 0 1
-23.0745 22.6329 125.556 -11.9085 11.4741 60.6721 0.841067 -13 4570 1 0 1
-0.903454 10.8901 125.556 -0.500582 7.116 63.8285 0.168693 -13 4571 1 0 1
-14.3918 -8.6452 125.556 -11.9147 -5.32355 78.3123 2.28217 -13 4572 1 0 1
37.5884 -21.1159 125.556 14.8098 -8.48356 44.5941 -2.05508 -13 4573 1 0 1
-5.98061 -8.48474 125.556 -3.5076 -4.64129 64.0518 1.09298 -13 4574 1 0 1
1.62372 -22.4459 125.556 0.629018 -11.263 66.2866 0.823387 -13 4575 1 0 1
28.663 -22.7417 125.556 13.3053 -10.0874 53.3898 1.01943 -13 4576 1 0 1
-6.68696 -3.65689 125.556 -2.5709 -1.50009 54.4048 -0.28835 -13 4578 1 0 1
-14.7561 0.104588 125.556 -6.70654 -1.63682 56.1136 -0.455529 -13 4579 1 0 1
3.1178 0.744171 125.556 0.27872 -1.23047 77.9493 0.421444 -13 4580 1 0 1
-21.9227 1.23798 125.556 -11.4646 0.50765 61.8571 2.94546 -13 4581 1 0 1
-6.84835 0.698243 125.556 -2.79849 0.878619 56.6034 -0.289553 -13 4582 1 0 1
-7.93618 15.7353 125.556 -2.1857 5.54868 39.6865 1.11463 -13 4583 1 0 1
0.420113 15.0961 125.556 0.757399 8.57829 58.136 -0.309352 -13 4585 1 0 1
8.97436 5.63617 125.556 4.98828 3.47555 62.355 0.702031 -13 4586 1 0 1
1.07358 -33.078 125.556 0.655954 -17.0182 57.3836 1.90856 -13 4587 1 0 1
-43.6488 -23.7138 125.556 -13.8835 -8.73291 38.0842 1.32811 -13 4588 1 0 1
14.9585 21.0751 125.556 3.14027 4.13889 21.2675 1.13129 -13 4589 1 0 1
14.9453 8.06548 125.556 7.84578 4.58844 59.0126 0.479788 -13 4590 1 0 1
5.61023 19.8858 125.556 2.92087 9.54214 54.1706 -0.647358 -13 4591 1 0 1
-5.90633 8.4636 125.556 -2.9678 5.25817 62.0781 0.737672 -13 4592 1 0 1
-4.24186 23.9533 125.556 -1.33912 10.527 51.3911 1.49765 -13 4593 1 0 1
-7.16122 -3.10313 125.556 -3.94643 -0.949359 64.3904 -0.0701244 -13 4594 1 0 1
-1.00887 -2.36501 125.556 -0.901081 -1.69081 66.0353 0.258669 -13 4595 1 0 1
35.3018 -17.962 125.556 15.3681 -7.9024 49.2472 2.30919 -13 4596 1 0 1
-3.06647 1.28636 125.556 -0.751972 0.678079 47.6751 1.37041 -13 4597 1 0 1
19.4694 11.4956 125.556 9.64521 5.72954 54.8588 1.12397 -13 4598 1 0 1
-2.57865 12.9008 125.556 -3.39478 9.96105 76.0213 1.09532 -13 4599 1 0 1
-25.981 5.37501 125.556 -14.8214 3.07965 65.3116 0.274798 -13 4600 1 0 1
-4.6464 15.2371 125.556 -2.48865 9.31464 65.3852 2.35448 -13 4601 1 0 1
-5.75867 -8.82707 125.556 -4.85238 -5.80391 74.8372 1.4094 -13 4602 1 0 1
9.4532 -21.2323 125.556 5.15656 -12.7813 63.8336 0.264368 -13 4603 1 0 1
-20.836 -9.9648 125.556 -8.47008 -4.16503 50.8755 1.12471 -13 4604 1 0 1
-16.7933 -4.77397 125.556 -8.49937 -2.74761 59.7608 2.59082 -13 4605 1 0 1
8.36214 8.59247 125.556 4.37036 5.69473 54.8993 0.727672 -13 4606 1 0 1
-4.87401 -3.79984 125.556 -4.10812 -3.99159 73.2397 0.445401 -13 4607 1 0 1
-18.4164 1.59619 125.556 -10.813 2.53131 65.7205 1.92956 -13 4608 1 0 1
-1.64362 -7.94266 125.556 0.117579 -3.37676 53.9215 1.24714 -13 4609 1 0 1
21.3449 10.7019 125.556 12.0534 6.96294 71.1984 0.780707 -13 4610 1 0 1
12.2105 -3.44642 125.556 6.47618 -2.19446 61.8518 2.53839 -13 4611 1 0 1
-5.54943 -12.7488 125.556 -2.92375 -6.22602 62.1573 -0.726444 -13 4612 1 0 1
-7.55327 0.18229 125.556 -6.06615 -1.79619 74.4932 0.849271 -13 4613 1 0 1
1.83812 5.73499 125.556 1.49104 2.29873 45.6431 0.875161 -13 4614 1 0 1
-3.17975 16.6508 125.556 -2.72113 10.982 70.2699 -1.25134 -13 4615 1 0 1
-10.8609 2.84481 125.556 -7.84909 0.673808 72.2106 -0.349683 -13 4616 1 0 1
-8.51254 16.9448 125.556 -2.93656 8.28885 51.6621 2.67511 -13 4617 1 0 1
-7.65505 -19.7071 125.556 -3.74844 -10.919 59.6744 -0.225392 -13 4618 1 0 1
7.71033 -19.4389 125.556 4.1397 -10.8295 62.6797 1.67284 -13 4619 1 0 1
6.35355 -18.5871 125.556 3.36469 -9.81875 53.9809 -1.43669 -13 4620 1 0 1
-3.77731 10.252 125.556 -1.21694 4.59028 52.5226 1.09655 -13 4621 1 0 1
-9.42184 -21.3908 125.556 -6.32311 -12.9828 69.3612 1.24096 -13 4622 1 0 1
-23.932 6.44142 125.556 -15.5662 3.69889 71.568 0.899543 -13 4623 1 0 1
-18.6494 22.3142 125.556 -9.69603 10.9225 61.2429 1.29663 -13 4624 1 0 1
-2.43356 1.57586 125.556 -1.23174 0.642074 62.8716 1.3382 -13 4625 1 0 1
1.58979 -16.3275 125.556 0.687538 -9.70197 65.0874 2.13294 -13 4626 1 0 1
22.7675 -14.8745 125.556 12.3099 -6.84709 62.1747 1.64896 -13 4627 1 0 1
11.3569 1.07697 125.556 5.72731 0.765455 53.1634 -0.0105091 -13 4628 1 0 1
2.47354 -12.632 125.556 1.39824 -6.68363 59.6692 1.52975 -13 4629 1 0 1
19.8611 -2.8547 125.556 11.0841 -2.14836 72.1873 1.13116 -13 4630 1 0 1
0.40202 11.4871 125.556 -0.772508 6.68463 69.3264 0.495207 -13 4631 1 0 1
-8.32894 -5.96936 125.556 -4.82908 -3.97339 63.0614 0.84028 -13 4632 1 0 1
33.6421 17.0704 125.556 17.8678 9.38974 63.478 2.18836 -13 4633 1 0 1
-10.5164 6.38721 125.556 -8.25595 5.4517 75.5141 -0.884736 -13 4634 1 0 1
24.9906 -23.8625 125.556 12.3205 -11.3288 54.3034 3.4347 -13 4635 1 0 1
-5.49174 26.0821 125.556 -2.05021 12.7189 52.9978 2.41446 -13 4636 1 0 1
4.35728 4.13997 125.556 2.33343 2.34524 63.5717 1.92563 -13 4637 1 0 1
9.3706 8.56774 125.556 5.14955 6.56266 65.3765 0.1143 -13 4638 1 0 1
14.8476 2.41515 125.556 7.84754 1.59801 62.2175 2.32294 -13 4639 1 0 1
-6.36235 10.007 125.556 -3.38239 5.26706 64.778 1.13266 -13 4640 1 0 1
-21.8666 -4.87325 125.556 -7.99057 -1.88782 46.0856 -0.413012 -13 4641 1 0 1
-19.0053 -4.33108 125.556 -5.56555 -1.01877 37.8482 0.97611 -13 4642 1 0 1
-9.89527 -17.0385 125.556 -4.16298 -7.78401 56.3463 1.47767 -13 4643 1 0 1
20.0656 6.90626 125.556 10.8004 4.42675 63.5563 2.1197 -13 4644 1 0 1
-4.84274 -1.28707 125.556 -4.98023 -0.630723 77.757 1.48045 -13 4645 1 0 1
8.58001 -10.306 125.556 4.60711 -7.03047 70.5944 -1.78167 -13 4646 1 0 1
-5.42205 4.7341 125.556 -4.0959 3.06066 71.4346 -0.27579 -13 4647 1 0 1
27.1036 -23.7428 125.556 13.9609 -10.9169 60.5412 1.47334 -13 4648 1 0 1
-8.70557 3.90335 125.556 -6.52836 4.06963 73.8607 0.395819 -13 4649 1 0 1
-11.9898 32.1251 125.556 -5.21918 15.127 55.5234 0.363544 -13 4650 1 0 1
-4.59155 -16.9939 125.556 -2.47301 -9.72057 62.3585 -1.66162 -13 4651 1 0 1
9.80792 15.5342 125.556 5.35522 9.65107 69.7178 -0.0057831 -13 4652 1 0 1
6.45898 37.2188 125.556 2.32632 11.0868 30.7274 1.86702 -13 4653 1 0 1
33.8338 10.7783 125.556 13.9895 2.8552 47.5525 0.185726 -13 4654 1 0 1
-8.41865 -4.31786 125.556 -4.39083 -3.42059 61.5048 -0.904534 -13 4655 1 0 1
11.9444 2.31291 125.556 6.38172 0.775575 63.0897 0.542353 -13 4656 1 0 1
16.5563 19.3513 125.556 7.38126 8.51202 49.5856 2.92497 -13 4658 1 0 1
18.4834 -4.08294 125.556 10.099 -2.81643 62.5237 2.05281 -13 4659 1 0 1
7.95455 -1.60151 125.556 3.71836 -0.851959 48.724 0.997846 -13 4660 1 0 1
4.69754 9.32321 125.556 2.76196 3.8964 62.2745 0.565476 -13 4661 1 0 1
-20.7458 -26.6115 125.556 -14.6935 -17.9402 73.9827 -0.74068 -13 4662 1 0 1
8.58611 4.96527 125.556 4.05465 2.7378 75.7418 0.984615 -13 4663 1 0 1
4.70038 -9.29712 125.556 1.89938 -6.33 75.9314 0.175271 -13 4664 1 0 1
30.4221 -44.8821 125.556 7.22327 -10.2063 25.4805 2.53032 -13 4665 1 0 1
0.244074 -11.9227 125.556 0.755165 -4.68704 44.7175 -0.156395 -13 4666 1 0 1
-0.733888 -10.5884 125.556 0.410408 -3.55587 38.1353 1.5938 -13 4667 1 0 1
-44.8609 10.5308 125.556 -27.1892 5.87896 68.1782 1.26849 -13 4668 1 0 1
29.7766 24.2562 125.556 13.0243 10.1377 50.5156 0.272857 -13 4670 1 0 1
1.13017 2.28433 125.556 1.18201 0.880055 55.8752 1.73885 -13 4671 1 0 1
-16.2515 -6.21078 125.556 -8.13772 -2.74048 60.3529 0.738269 -13 4672 1 0 1
-19.8602 4.89735 125.556 -10.2574 4.67827 62.1771 0.0659905 -13 4673 1 0 1
-21.1145 -11.9208 125.556 -14.98 -9.3238 74.5928 0.343637 -13 4674 1 0 1
-0.339998 -19.4122 125.556 0.559452 -9.06658 46.654 2.72783 -13 4675 1 0 1
-13.2976 -1.48519 125.556 -6.12829 -0.573222 57.1045 1.64037 -13 4676 1 0 1
10.6219 24.9887 125.556 5.73826 12.9514 58.7863 0.666624 -13 4677 1 0 1
-4.37374 0.460731 125.556 -3.23469 0.668201 71.0951 2.78638 -13 4678 1 0 1
17.7577 -4.43897 125.556 9.33832 -2.83837 61.2379 -1.2601 -13 4679 1 0 1
-4.55182 2.71398 125.556 -4.13101 1.33839 74.9488 0.722741 -13 4680 1 0 1
15.5609 -1.49052 125.556 8.61882 -1.27231 70.5268 1.73798 -13 4681 1 0 1
7.6877 -8.88513 125.556 3.76763 -7.3003 72.4024 1.18869 -13 4682 1 0 1
14.1945 0.0624255 125.556 7.79356 -1.77067 68.1971 -0.628302 -13 4683 1 0 1
33.4813 -4.90346 125.556 14.7175 -4.00775 50.0785 3.4115 -13 4684 1 0 1
0.174253 -12.4837 125.556 -0.0759916 -7.3221 66.4635 -1.38107 -13 4685 1 0 1
-4.69317 11.116 125.556 -2.79214 5.76105 65.2521 1.2142 -13 4686 1 0 1
-26.4135 0.469709 125.556 -11.5204 -1.17687 53.3457 0.133432 -13 4687 1 0 1
-1.45093 -17.1806 125.556 -0.788381 -9.48634 60.9812 2.21234 -13 4688 1 0 1
7.25476 -3.02982 125.556 4.01085 -2.667 54.0564 -1.25212 -13 4689 1 0 1
-7.45019 12.5277 125.556 -5.75044 8.21222 73.3994 0.558145 -13 4690 1 0 1
14 -2.41877 125.556 7.76028 -0.294921 69.5094 0.374436 -13 4691 1 0 1
-10.5635 3.34126 125.556 -2.33079 0.319234 32.3538 1.19737 -13 4692 1 0 1
-16.9475 10.8681 125.556 -8.45587 6.69723 59.7502 1.17547 -13 4693 1 0 1
-9.31163 6.63593 125.556 -6.45693 4.1614 70.9999 2.77187 -13 4694 1 0 1
3.26122 6.97134 125.556 0.455501 4.15817 77.0805 0.605525 -13 4695 1 0 1
1.10498 -13.2417 125.556 0.813617 -8.19986 59.887 1.11899 -13 4696 1 0 1
19.1823 -4.39604 125.556 10.3767 -1.36795 64.0152 0.538354 -13 4697 1 0 1
13.9817 -3.63211 125.556 7.59614 -2.19722 63.4236 0.359538 -13 4698 1 0 1
-18.0068 -14.9689 125.556 -5.19773 -6.31481 38.5696 2.60293 -13 4699 1 0 1
1.34028 -17.9056 125.556 1.17642 -8.72176 50.1125 2.33994 -13 4700 1 0 1
8.9571 5.511 125.556 4.80713 4.19193 67.5949 -1.12981 -13 4701 1 0 1
-14.8759 -37.382 125.556 -8.40054 -20.0742 63.7484 0.940439 -13 4702 1 0 1
-1.35008 -3.4799 125.556 -1.06086 -1.51536 67.0896 0.517391 -13 4703 1 0 1
17.4156 3.95371 125.556 8.80781 2.63823 57.0367 1.07078 -13 4704 1 0 1
-18.3633 -32.6943 125.556 -9.07862 -16.1341 58.0157 0.738251 -13 4705 1 0 1
23.3379 -13.977 125.556 12.4073 -8.33544 61.9613 -1.37263 -13 4706 1 0 1
12.9922 -1.37149 125.556 7.15147 0.371048 66.441 0.619103 -13 4707 1 0 1
-2.48573 8.08932 125.556 -0.96097 4.93311 58.7366 0.890537 -13 4708 1 0 1
-14.8435 -8.71152 125.556 -9.09844 -5.36234 67.7054 2.02378 -13 4709 1 0 1
-10.853 -6.50853 125.556 -7.46044 -7.48849 71.7908 0.506911 -13 4710 1 0 1
26.4838 -2.97397 125.556 11.6058 -1.49988 47.1033 1.14579 -13 4711 1 0 1
9.93876 -15.6529 125.556 5.09098 -7.62488 51.031 -0.281851 -13 4712 1 0 1
-15.5115 -9.3771 125.556 -7.36114 -5.07014 57.7041 0.933813 -13 4713 1 0 1
-3.05219 23.1967 125.556 -1.91619 13.9657 65.2582 2.34927 -13 4714 1 0 1
29.548 -34.769 125.556 13.1087 -15.172 50.0306 4.68844 -13 4715 1 0 1
-20.3325 6.16443 125.556 -10.4249 4.11637 60.5276 0.827636 -13 4716 1 0 1
-14.6231 -11.284 125.556 -10.1978 -8.00538 72.8326 0.502214 -13 4717 1 0 1
-28.0617 -0.400681 125.556 -8.29506 -0.141907 36.4084 0.606574 -13 4718 1 0 1
3.97207 -10.345 125.556 1.94874 -5.43364 66.6382 2.30073 -13 4719 1 0 1
1.60215 2.92417 125.556 1.23699 1.62713 55.1881 0.130656 -13 4720 1 0 1
26.7279 5.8985 125.556 10.3455 2.25041 41.1908 1.06549 -13 4721 1 0 1
20.8301 11.3388 125.556 11.4235 6.46403 67.7739 -0.582939 -13 4722 1 0 1
-12.643 -2.78501 125.556 -10.2995 -1.99606 77.4622 -1.83502 -13 4723 1 0 1
-13.141 -8.6485 125.556 -8.76868 -4.94668 71.13 1.73721 -13 4724 1 0 1
-8.72743 10.9267 125.556 -7.81082 7.81109 78.8602 0.707007 -13 4725 1 0 1
-8.51229 11.3405 125.556 -6.43773 8.65864 73.4032 0.531177 -13 4726 1 0 1
0.928983 1.87777 125.556 0.566882 0.419799 63.0173 2.02639 -13 4727 1 0 1
13.707 2.23997 125.556 4.88213 0.0863273 35.478 -0.535415 -13 4728 1 0 1
-8.76249 -10.5443 125.556 -2.68901 -4.77428 47.3304 -0.760461 -13 4729 1 0 1
17.379 -15.4617 125.556 9.93333 -9.58027 69.3664 0.192721 -13 4730 1 0 1
8.95504 -1.29433 125.556 4.51729 -0.299927 51.2956 -1.07747 -13 4731 1 0 1
5.66553 1.03338 125.556 2.5823 -0.104514 72.9418 1.26186 -13 4732 1 0 1
5.30471 15.9918 125.556 1.85527 10.8168 74.8617 -0.058521 -13 4733 1 0 1
-5.32733 -30.7529 125.556 -1.78838 -15.7933 53.2455 2.09704 -13 4734 1 0 1
-0.605112 1.52515 125.556 -0.952101 0.48965 71.369 -0.0246181 -13 4735 1 0 1
-2.44701 19.128 125.556 -1.60971 10.2994 67.1905 1.6144 -13 4736 1 0 1
4.04277 7.04275 125.556 1.59817 2.00658 71.9208 0.310513 -13 4737 1 0 1
-7.996 -34.3817 125.556 -3.90291 -17.5396 58.3612 -0.405687 -13 4738 1 0 1
-14.2922 12.4495 125.556 -9.62707 8.98803 70.5379 0.804865 -13 4739 1 0 1
29.892 6.526 125.556 16.3214 3.32289 61.4939 2.72947 -13 4740 1 0 1
28.5361 3.62201 125.556 13.9205 2.52815 57.1328 0.291044 -13 4741 1 0 1
-8.42765 -1.94524 125.556 -6.07281 -0.500561 72.3884 -0.4707 -13 4742 1 0 1
31.2968 6.18592 125.556 14.9181 3.04494 54.6233 0.31643 -13 4743 1 0 1
-15.0678 -8.28094 125.556 -9.45971 -3.65358 67.5658 1.34214 -13 4744 1 0 1
3.11171 -18.7267 125.556 1.59631 -8.6939 61.328 1.80873 -13 4745 1 0 1
-14.1588 -6.75328 125.556 -6.32303 -2.67516 55.4445 1.20096 -13 4746 1 0 1
-2.58802 -2.91171 125.556 -3.29396 -3.91812 76.3066 -0.449978 -13 4748 1 0 1
0.237708 -24.7703 125.556 0.0993269 -15.6397 65.8092 2.71269 -13 4749 1 0 1
-8.20752 0.361855 125.556 -3.82273 0.792663 59.146 0.261556 -13 4750 1 0 1
-3.19231 -6.00845 125.556 -1.20757 -4.13277 59.0989 0.567473 -13 4751 1 0 1
1.06516 -7.22924 125.556 -0.265608 -2.94229 68.9379 1.55995 -13 4752 1 0 1
9.72517 -5.7711 125.556 5.15296 -5.17107 72.8913 2.33105 -13 4753 1 0 1
9.24636 11.3841 125.556 4.57507 7.76816 63.7621 0.775014 -13 4754 1 0 1
10.217 9.25264 125.556 5.26016 6.03403 74.417 1.18247 -13 4755 1 0 1
12.9498 -10.5604 125.556 6.2765 -5.67801 56.6352 0.791497 -13 4756 1 0 1
10.0191 -12.3251 125.556 5.52004 -6.1441 61.9981 1.90419 -13 4757 1 0 1
21.2572 27.4518 125.556 11.4767 15.0044 64.7203 2.03023 -13 4758 1 0 1
1.20053 6.46631 125.556 0.392802 4.83997 68.1591 -0.275858 -13 4760 1 0 1
4.11763 9.11904 125.556 2.4025 4.2472 56.7846 -1.07074 -13 4761 1 0 1
-20.1391 -40.3096 125.556 -8.94163 -18.034 53.6458 1.2704 -13 4762 1 0 1
-27.4554 -15.4806 125.556 -17.3999 -8.66943 69.9287 0.654704 -13 4763 1 0 1
3.53159 10.6094 125.556 0.945109 5.77265 76.0626 1.5952 -13 4764 1 0 1
3.00574 1.31661 125.556 1.44975 1.8494 64.84 0.380275 -13 4765 1 0 1
20.6894 9.80566 125.556 11.1025 5.85781 63.0901 1.14059 -13 4766 1 0 1
4.29435 8.19657 125.556 2.23958 4.28027 66.5551 0.471864 -13 4767 1 0 1
5.77477 -7.37005 125.556 3.08328 -4.93172 59.5918 0.859739 -13 4768 1 0 1
3.71623 8.11221 125.556 1.64599 3.32717 69.4427 -0.465421 -13 4769 1 0 1
-16.2655 1.60825 125.556 -6.81985 1.05803 53.2669 1.3276 -13 4770 1 0 1
-17.4076 13.6423 125.556 -7.22443 6.61734 50.5605 0.816529 -13 4771 1 0 1
-12.2821 1.01309 125.556 -7.82169 2.35701 69.5436 0.825605 -13 4772 1 0 1
7.88994 -1.72723 125.556 3.97569 -1.26799 67.2109 2.22438 -13 4773 1 0 1
24.6554 -24.233 125.556 12.1693 -12.1503 56.4544 1.97406 -13 4774 1 0 1
18.504 7.44467 125.556 8.97966 2.89874 53.1129 -0.280292 -13 4775 1 0 1
22.4919 -24.3745 125.556 12.0951 -13.839 63.2329 -0.00388681 -13 4776 1 0 1
-9.18575 0.733429 125.556 -4.34239 0.206212 59.9389 2.13398 -13 4777 1 0 1
-17.9568 23.4984 125.556 -5.98564 9.93114 44.1516 -0.277468 -13 4778 1 0 1
19.5584 -1.37404 125.556 8.99641 -2.22358 48.1274 0.141166 -13 4779 1 0 1
-9.20979 -4.60539 125.556 -5.28363 -2.83939 65.3073 1.71529 -13 4780 1 0 1
2.01976 0.0570391 125.556 1.49805 0.252592 59.1319 -1.7722 -13 4781 1 0 1
-21.9431 -4.8629 125.556 -16.9132 -3.01448 78.4184 0.803129 -13 4782 1 0 1
-8.65926 4.53168 125.556 -4.75309 1.91634 62.1036 1.53517 -13 4783 1 0 1
14.2335 3.11286 125.556 7.0861 1.35958 53.3397 4.75983 -13 4784 1 0 1
-10.3527 -24.6435 125.556 -4.74771 -12.8064 57.4285 1.08512 -13 4785 1 0 1
-8.95726 -9.27748 125.556 -7.56362 -5.50934 76.7626 1.36317 -13 4786 1 0 1
-9.43785 5.73721 125.556 -9.51741 5.64607 79.098 -0.101874 -13 4787 1 0 1
0.000619559 -24.2889 125.556 0.452916 -12.1441 51.9988 0.209722 -13 4788 1 0 1
18.9977 -14.0526 125.556 9.27609 -5.8434 54.79 1.07634 -13 4789 1 0 1
16.5186 21.8536 125.556 8.75569 13.5077 67.5896 2.55333 -13 4790 1 0 1
-15.128 -5.21354 125.556 -7.98121 -1.88127 61.2785 0.938619 -13 4791 1 0 1
5.12828 16.2044 125.556 1.77125 10.3462 76.1192 0.797548 -13 4792 1 0 1
9.31237 7.93861 125.556 5.03408 5.09594 65.404 0.853908 -13 4793 1 0 1
14.0482 2.44571 125.556 7.71483 -0.0354642 71.2392 2.24504 -13 4794 1 0 1
-33.9509 -23.2146 125.556 -18.0014 -13.1037 61.0691 1.44399 -13 4795 1 0 1
-4.99727 2.89442 125.556 -2.90654 0.617672 65.2993 1.2815 -13 4796 1 0 1
-25.9329 -4.64793 125.556 -9.16366 -2.09117 43.9916 0.724035 -13 4797 1 0 1
-1.34054 -0.599083 125.556 -0.853795 -2.56467 66.8587 1.00845 -13 4798 1 0 1
5.81871 9.75754 125.556 3.08768 6.52707 63.8433 0.0623573 -13 4799 1 0 1
3.55096 -5.74376 125.556 1.26776 -3.33279 72.1894 1.21588 -13 4800 1 0 1
-4.44184 -8.34783 125.556 -2.80267 -3.90778 65.1969 2.50705 -13 4801 1 0 1
-2.8152 -4.71251 125.556 -3.592 -2.0444 76.8213 0.796438 -13 4802 1 0 1
17.1635 8.17784 125.556 8.86438 3.83135 61.1548 -0.26526 -13 4803 1 0 1
-20.6689 -1.62775 125.556 -10.5824 -0.83825 59.8443 1.76645 -13 4804 1 0 1
-6.04836 -4.00169 125.556 -5.99177 -3.17804 78.456 0.873853 -13 4805 1 0 1
-24.3683 17.9964 125.556 -12.8914 10.5685 61.8111 2.27324 -13 4806 1 0 1
5.95389 -2.07531 125.556 2.93323 -0.713325 67.0929 0.388003 -13 4807 1 0 1
2.28343 0.225677 125.556 0.806032 -0.30904 15.3949 1.58745 -13 4808 1 0 1
31.4658 -7.78216 125.556 17.2414 -5.6546 66.3738 1.33175 -13 4809 1 0 1
12.2253 -4.92559 125.556 6.21697 -3.20098 57.2357 0.7727 -13 4810 1 0 1
-11.6967 16.019 125.556 -7.49346 10.2532 67.7155 0.993936 -13 4811 1 0 1
-24.7371 12.2361 125.556 -12.409 5.6727 59.0459 -0.313688 -13 4812 1 0 1
3.13007 20.0789 125.556 2.07324 9.08513 49.3898 -0.398037 -13 4813 1 0 1
11.026 31.5311 125.556 5.37182 16.8979 56.7398 1.77743 -13 4814 1 0 1
15.7749 -8.8456 125.556 8.79077 -6.74825 70.2427 1.01808 -13 4815 1 0 1
-4.267 -5.42821 125.556 -3.33566 -4.53434 69.2359 1.51638 -13 4816 1 0 1
12.7041 -8.50329 125.556 6.9 -4.36712 73.3532 1.75799 -13 4817 1 0 1
10.2409 3.63691 125.556 5.47031 2.15218 51.0201 0.387389 -13 4818 1 0 1
4.85825 -22.1636 125.556 2.84647 -8.30465 44.2748 0.0765433 -13 4819 1 0 1
18.3748 -2.54441 125.556 10.2316 -0.453958 71.2634 1.12765 -13 4820 1 0 1
-21.0986 -7.896 125.556 -6.88222 -3.92669 42.6013 2.74318 -13 4821 1 0 1
-18.2797 6.19466 125.556 -9.67903 2.76402 61.9899 -1.4561 -13 4822 1 0 1
0.154974 -3.17606 125.556 -0.467624 -1.35963 70.694 0.520948 -13 4823 1 0 1
30.0053 -49.0408 125.556 11.3027 -18.0477 41.5991 -0.203036 -13 4824 1 0 1
140.487 -21.6496 125.556 48.143 -7.52076 40.5083 1.02725 -13 4825 1 0 1
-7.8029 -12.2369 125.556 -3.34063 -6.55508 56.3881 2.97517 -13 4826 1 0 1
5.6968 -3.5296 125.556 1.25608 -2.81697 79.5723 1.98364 -13 4827 1 0 1
-16.2081 -12.4448 125.556 -11.9538 -9.02246 74.9334 1.66884 -13 4828 1 0 1
7.07196 -23.4032 125.556 3.56142 -13.2041 67.1128 1.02181 -13 4829 1 0 1
-12.1161 -19.6101 125.556 -6.20443 -11.688 61.416 2.03062 -13 4830 1 0 1
2.09084 4.99935 125.556 1.26269 3.19938 61.7051 0.796412 -13 4831 1 0 1
-2.46761 3.29534 125.556 -0.878289 1.82387 58.382 1.10826 -13 4833 1 0 1
-0.929715 -5.27346 125.556 -0.189046 -3.15838 58.8029 0.0415367 -13 4834 1 0 1
13.3702 9.2505 125.556 7.30032 4.81943 64.7457 3.4245 -13 4835 1 0 1
0.384521 -14.0772 125.556 -0.986696 -8.71548 72.9377 1.75079 -13 4836 1 0 1
5.04008 -6.35906 125.556 2.85843 -3.40434 60.3841 -0.695483 -13 4837 1 0 1
-25.9027 -31.3279 125.556 -11.2427 -13.7771 53.039 -0.174678 -13 4838 1 0 1
14.3183 10.4274 125.556 7.60858 7.37027 77.5777 1.59785 -13 4839 1 0 1
-2.1767 -19.8316 125.556 -0.847711 -10.579 58.4127 1.1475 -13 4840 1 0 1
0.239885 -37.3987 125.556 -0.464004 -22.415 66.7331 0.519904 -13 4841 1 0 1
2.60004 -4.76424 125.556 1.11972 -2.98478 67.308 1.53217 -13 4842 1 0 1
-8.91035 33.736 125.556 -5.78605 20.8094 66.6977 2.07998 -13 4843 1 0 1
0.414625 22.0934 125.556 -0.440775 13.5812 67.6577 0.327184 -13 4844 1 0 1
-39.3666 -14.6619 125.556 -23.8423 -9.22988 67.8954 0.715989 -13 4845 1 0 1
19.8149 38.4345 125.556 8.14266 15.1707 42.2854 0.579379 -13 4846 1 0 1
-8.01762 -2.03488 125.556 -6.4149 -0.654161 74.7091 0.0518061 -13 4847 1 0 1
-21.4836 17.0301 125.556 -13.7997 8.39523 70.7546 0.393975 -13 4848 1 0 1
8.48866 1.25128 125.556 4.37351 1.12531 45.0014 1.00665 -13 4849 1 0 1
1.93855 -0.0143043 125.556 1.51872 -0.702928 53.9732 2.12319 -13 4850 1 0 1
-3.22417 0.920627 125.556 -0.615831 1.60252 47.0538 0.858697 -13 4851 1 0 1
11.6062 2.06236 125.556 6.3937 1.60027 68.0062 1.31864 -13 4852 1 0 1
1.07925 8.07358 125.556 -0.976933 4.97736 77.2321 1.34245 -13 4853 1 0 1
23.7252 -117.627 125.556 7.64673 -40.2841 37.6977 0.107896 -13 4855 1 0 1
0.580353 8.62212 125.556 -1.25015 6.46917 76.0118 2.31837 -13 4856 1 0 1
22.9558 11.6355 125.556 11.1896 5.70656 54.9427 1.4611 -13 4857 1 0 1
6.49056 4.95835 125.556 3.48469 3.36974 58.142 1.13954 -13 4858 1 0 1
31.5329 6.91534 125.556 16.0593 3.73826 59.481 1.12802 -13 4859 1 0 1
29.1159 -15.5108 125.556 13.4107 -7.12034 53.0005 0.780152 -13 4860 1 0 1
25.7177 -0.251137 125.556 13.6084 0.00348021 62.2703 0.796411 -13 4862 1 0 1
-4.63603 0.218898 125.556 -3.12595 0.583205 69.7343 1.29373 -13 4863 1 0 1
19.375 30.66 125.556 9.6579 14.9472 57.1935 -0.0221181 -13 4864 1 0 1
-20.1383 -15.7175 125.556 -14.5052 -11.4071 75.5173 1.70737 -13 4866 1 0 1
4.73835 5.13763 125.556 2.86961 4.19086 54.6358 0.222225 -13 4867 1 0 1
-16.7233 25.9007 125.556 -9.31585 14.8734 64.3277 -1.59274 -13 4868 1 0 1
-6.26585 -0.0249053 125.556 -2.43942 0.118936 54.0425 1.10409 -13 4869 1 0 1
-12.1515 -18.9513 125.556 -7.30095 -11.357 67.4105 1.1203 -13 4870 1 0 1
-24.9012 -1.47695 125.556 -18.0532 -0.795548 76.8338 -0.339295 -13 4871 1 0 1
-2.47173 3.51881 125.556 -2.99882 1.50589 75.2811 0.215102 -13 4872 1 0 1
-5.74276 7.72485 125.556 -4.69308 4.59635 72.8108 1.37584 -13 4873 1 0 1
-17.6931 -4.43066 125.556 -8.6926 -2.50429 60.1297 -0.451622 -13 4874 1 0 1
-13.587 -0.51561 125.556 -8.10927 -0.000296444 67.5288 0.138903 -13 4875 1 0 1
6.36761 4.82164 125.556 2.91931 2.72242 67.426 1.16094 -13 4877 1 0 1
-9.22734 17.023 125.556 -8.01899 9.46531 77.4522 -1.77457 -13 4878 1 0 1
14.1001 -7.22459 125.556 7.01776 -3.5978 53.2204 2.1823 -13 4879 1 0 1
-7.06449 -28.4602 125.556 -2.8683 -13.1638 54.2947 -0.0171539 -13 4880 1 0 1
-0.523935 2.86168 125.556 -0.342294 0.117541 64.6055 0.404912 -13 4881 1 0 1
13.9878 -14.6651 125.556 7.20406 -8.13856 62.3582 0.260248 -13 4882 1 0 1
3.77779 10.4292 125.556 1.87635 6.39531 66.367 1.0657 -13 4883 1 0 1
-2.19919 -7.3874 125.556 -1.19758 -4.63904 60.3564 0.983106 -13 4884 1 0 1
-9.83552 6.44627 125.556 -5.28119 2.80502 62.5543 1.55381 -13 4885 1 0 1
-4.76279 -7.5582 125.556 -2.19359 -2.96526 60.9069 -0.140861 -13 4886 1 0 1
0.538177 -2.26373 125.556 -1.96498 -1.36248 79.3534 -0.64536 -13 4887 1 0 1
-2.31865 -20.7387 125.556 -3.15913 -13.9173 76.4951 2.63881 -13 4888 1 0 1
8.98941 5.76967 125.556 4.82156 2.49562 52.4281 -0.14642 -13 4889 1 0 1
-5.20251 -0.814147 125.556 -1.6362 0.27692 51.9583 0.330949 -13 4890 1 0 1
16.8107 -3.00912 125.556 9.22456 -0.440061 73.3122 1.19504 -13 4891 1 0 1
13.2536 28.8033 125.556 6.84599 14.6477 57.6262 1.15167 -13 4892 1 0 1
-4.00351 19.5072 125.556 -2.63162 9.74332 67.2481 1.22578 -13 4893 1 0 1
-9.75008 -7.40712 125.556 -5.43838 -4.05085 64.983 1.33239 -13 4894 1 0 1
8.53321 -5.70335 125.556 4.62404 -3.17216 66.0769 1.0475 -13 4895 1 0 1
-7.70966 -19.0292 125.556 -4.94436 -10.8434 67.309 1.38671 -13 4896 1 0 1
14.4003 -8.40986 125.556 7.47054 -6.56354 77.693 0.237056 -13 4897 1 0 1
-21.848 8.45153 125.556 -11.5311 4.00462 61.702 -1.15457 -13 4898 1 0 1
25.6102 -7.45598 125.556 12.5376 -3.32742 54.7776 0.131799 -13 4899 1 0 1
-26.2059 -3.00914 125.556 -14.989 -0.90981 65.0767 0.0841125 -13 4900 1 0 1
4.60163 5.8323 125.556 2.02294 1.49257 33.1825 1.67773 -13 4901 1 0 1
17.2141 2.61406 125.556 9.42544 0.844729 78.3118 -2.27169 -13 4902 1 0 1
18.9397 10.966 125.556 8.68445 5.19521 50.3 0.705174 -13 4903 1 0 1
-13.2298 14.1973 125.556 -5.96594 7.08425 57.4182 2.23388 -13 4904 1 0 1
10.7515 25.8683 125.556 5.83147 13.2531 64.8692 1.64272 -13 4905 1 0 1
-7.48057 -23.4831 125.556 -2.55469 -10.4483 45.7094 2.85907 -13 4906 1 0 1
24.65 21.6059 125.556 10.8985 9.87945 48.6335 1.25733 -13 4907 1 0 1
-12.537 3.54298 125.556 -8.20957 2.1105 71.4049 2.17764 -13 4908 1 0 1
-1.54087 6.65383 125.556 -1.65966 5.39201 70.5217 0.508347 -13 4909 1 0 1
-7.75301 8.51807 125.556 -2.74615 4.68038 50.7244 1.18801 -13 4910 1 0 1
3.02842 8.0079 125.556 1.76808 4.24212 53.5081 2.00749 -13 4911 1 0 1
4.60276 -10.1274 125.556 1.44554 -5.96074 75.9802 0.230386 -13 4912 1 0 1
7.66642 16.53 125.556 4.23566 9.13263 67.8967 -0.0863653 -13 4913 1 0 1
-12.791 -14.1801 125.556 -7.58515 -8.68639 67.8393 2.64473 -13 4914 1 0 1
34.4056 22.4312 125.556 13.7123 8.61844 44.4081 1.29084 -13 4915 1 0 1
26.4119 7.33616 125.556 14.9595 4.33191 72.7781 -0.298974 -13 4916 1 0 1
5.82999 26.1436 125.556 2.07153 16.6251 75.5426 -1.31426 -13 4917 1 0 1
8.8488 -23.3691 125.556 4.58461 -11.5959 67.6893 -1.08498 -13 4918 1 0 1
-18.9225 -59.6175 125.556 -3.73305 -14.122 26.6242 -1.72282 -13 4919 1 0 1
6.69089 2.81895 125.556 3.70826 2.01691 60.7256 1.61345 -13 4921 1 0 1
-4.39 11.627 125.556 -1.3976 6.56738 55.8783 1.30456 -13 4922 1 0 1
1.9949 -7.08902 125.556 -0.54298 -3.42617 76.3727 1.87104 -13 4923 1 0 1
-11.979 -5.07271 125.556 -8.43294 -3.20729 72.4178 -0.235949 -13 4924 1 0 1
4.53787 0.320988 125.556 2.57694 0.492699 66.9808 0.0887553 -13 4925 1 0 1
1.75236 14.7821 125.556 0.0955217 9.72226 71.2466 1.01453 -13 4926 1 0 1
-9.2195 12.4638 125.556 -6.20888 6.35454 69.737 1.47703 -13 4927 1 0 1
14.7885 34.3916 125.556 7.41872 18.0444 59.8881 1.75678 -13 4928 1 0 1
15.6224 -8.02025 125.556 8.67594 -6.47296 77.1791 0.261979 -13 4929 1 0 1
4.14252 1.17788 125.556 2.00223 2.41814 64.784 0.913314 -13 4930 1 0 1
-28.1764 -8.03447 125.556 -15.012 -3.56962 62.2136 0.00439876 -13 4931 1 0 1
0.458214 -13.7966 125.556 0.0726483 -7.61323 66.2327 2.39931 -13 4932 1 0 1
-21.165 -1.18827 125.556 -13.3842 -0.940021 69.6054 0.867334 -13 4933 1 0 1
2.8838 10.5465 125.556 1.30981 4.99134 67.5658 1.11993 -13 4934 1 0 1
45.9092 17.2611 125.556 16.8874 5.90228 41.1974 1.42284 -13 4935 1 0 1
-21.5742 -1.05323 125.556 -14.1579 -0.435976 71.7404 -0.812192 -13 4936 1 0 1
-6.12867 9.85622 125.556 -3.75914 7.17695 66.6076 0.793975 -13 4937 1 0 1
-7.79953 14.9323 125.556 -3.16272 7.7658 54.8991 2.07828 -13 4938 1 0 1
-26.8343 -0.234691 125.556 -14.0467 1.81225 61.2732 1.92724 -13 4939 1 0 1
5.82791 1.19749 125.556 3.24912 0.530856 63.0476 1.55239 -13 4940 1 0 1
22.1054 2.11869 125.556 11.877 0.797773 61.0562 -0.145195 -13 4941 1 0 1
-7.92847 28.7405 125.556 -2.64842 11.7929 48.9006 1.0667 -13 4942 1 0 1
-7.83431 12.6134 125.556 -8.11712 9.83869 78.8773 0.44212 -13 4943 1 0 1
-5.04632 -0.338054 125.556 -3.65061 -0.383718 72.6501 2.10239 -13 4944 1 0 1
-7.61895 -3.62937 125.556 -5.25666 -2.3047 69.8296 0.259103 -13 4945 1 0 1
-8.19742 -15.8722 125.556 -3.69192 -7.95322 60.1203 0.998378 -13 4946 1 0 1
3.50731 -15.1796 125.556 1.38751 -9.26174 65.3568 1.12812 -13 4947 1 0 1
4.78891 -5.96165 125.556 2.79758 -3.09894 50.7642 -0.359009 -13 4948 1 0 1
-0.366248 12.8234 125.556 -0.695295 6.9318 69.2349 -0.441779 -13 4949 1 0 1
-5.563 19.4983 125.556 -6.55208 13.6425 78.1886 0.122368 -13 4950 1 0 1
17.062 2.13135 125.556 7.50774 0.278988 46.417 2.74929 -13 4951 1 0 1
-18.4948 -11.8366 125.556 -9.94001 -6.35608 60.6813 0.154624 -13 4953 1 0 1
25.4286 12.2356 125.556 9.99196 4.94772 42.9991 0.61631 -13 4954 1 0 1
2.428 2.25309 125.556 1.86565 1.18394 58.1893 0.917087 -13 4955 1 0 1
-30.8805 6.9294 125.556 -17.0029 3.99385 63.143 2.00842 -13 4956 1 0 1
33.0659 6.07111 125.556 18.4828 2.97717 68.3531 1.09236 -13 4957 1 0 1
-12.5635 -18.6087 125.556 -5.7463 -10.4859 56.9615 -0.925544 -13 4958 1 0 1
6.51842 13.941 125.556 3.21075 9.18548 68.9282 1.32585 -13 4959 1 0 1
16.216 8.44 125.556 8.89259 6.35772 67.4092 1.40184 -13 4960 1 0 1
18.4609 -5.68272 125.556 10.2259 -4.39345 67.5039 2.04778 -13 4961 1 0 1
-10.6858 7.66253 125.556 -6.93021 4.27485 69.1124 0.766777 -13 4962 1 0 1
-5.51399 -8.16234 125.556 -4.669 -5.51626 73.5278 0.00738753 -13 4963 1 0 1
7.04844 3.19116 125.556 3.13454 2.37998 70.1182 0.799023 -13 4964 1 0 1
0.519538 -11.0325 125.556 -0.906126 -7.3494 74.9031 0.333148 -13 4965 1 0 1
-3.18571 20.728 125.556 -0.987834 11.949 60.3549 1.77314 -13 4966 1 0 1
13.8938 2.44286 125.556 7.06485 2.25617 78.3195 -0.287518 -13 4967 1 0 1
-4.56132 -10.1237 125.556 -1.86106 -5.43792 59.358 1.14803 -13 4968 1 0 1
5.81427 -21.0308 125.556 1.9869 -15.572 77.8929 0.668202 -13 4969 1 0 1
-16.7681 26.5553 125.556 -6.85723 11.2916 51.5998 1.2859 -13 4970 1 0 1
-0.0793877 -1.96559 125.556 -2.00007 -0.662213 79.1212 3.1444 -13 4971 1 0 1
-6.13302 -11.0367 125.556 -4.28987 -9.42076 70.7971 2.22472 -13 4972 1 0 1
7.08081 12.5147 125.556 3.7456 6.44474 65.5608 -1.52384 -13 4973 1 0 1
1.01958 -15.9178 125.556 -0.468602 -10.8234 74.4368 1.7182 -13 4974 1 0 1
-5.26641 -12.1757 125.556 -4.87265 -7.91774 75.9614 -0.22204 -13 4975 1 0 1
5.93173 22.5902 125.556 2.14534 14.1818 74.4405 1.75621 -13 4976 1 0 1
8.07044 24.2145 125.556 4.77776 12.0932 63.461 1.1734 -13 4977 1 0 1
-5.20457 -25.1773 125.556 -2.44293 -14.388 60.2699 1.88577 -13 4978 1 0 1
-6.38871 23.2767 125.556 -2.3902 10.2079 53.6199 0.721317 -13 4979 1 0 1
18.84 -0.331342 125.556 10.4726 -0.803821 67.6277 1.80144 -13 4980 1 0 1
-25.6386 0.392701 125.556 -16.0991 2.51573 69.6528 0.880827 -13 4981 1 0 1
11.9528 -7.70389 125.556 6.3089 -3.95116 66.2231 2.14718 -13 4982 1 0 1
3.10212 -3.00879 125.556 0.782249 -4.94651 73.2773 1.63721 -13 4983 1 0 1
-19.9596 1.20017 125.556 -7.40037 1.69443 48.0209 0.377688 -13 4984 1 0 1
7.79205 22.5304 125.556 4.02255 11.7035 59.9563 1.91226 -13 4985 1 0 1
-10.22 7.79045 125.556 -6.9613 3.89342 69.8153 1.07387 -13 4986 1 0 1
4.84354 12.9555 125.556 2.66186 7.23232 60.8756 2.09802 -13 4987 1 0 1
8.59979 12.354 125.556 4.44376 4.86522 58.7738 0.0695232 -13 4988 1 0 1
18.0894 25.4786 125.556 9.14626 12.2987 59.5013 2.2488 -13 4989 1 0 1
11.6602 -1.80645 125.556 3.88093 -0.700832 33.9019 4.76268 -13 4990 1 0 1
19.9827 -5.32457 125.556 8.86889 -2.22389 46.6009 1.35043 -13 4991 1 0 1
-14.454 -16.3116 125.556 -9.46682 -8.76927 69.2688 3.42964 -13 4992 1 0 1
-2.29503 37.216 125.556 -0.802001 18.2851 55.5696 1.1274 -13 4993 1 0 1
17.6479 -10.0617 125.556 8.27775 -3.85756 50.4581 -1.07443 -13 4994 1 0 1
-3.72707 9.48567 125.556 -2.59743 5.7622 67.8963 -0.00900678 -13 4995 1 0 1
4.29008 -39.9054 125.556 2.26918 -17.7724 50.9862 1.33938 -13 4996 1 0 1
-9.35849 3.15145 125.556 -4.9112 1.17351 63.4785 1.78866 -13 4997 1 0 1
17.9903 -13.4403 125.556 9.31052 -7.58829 62.5066 0.631756 -13 4998 1 0 1
3.18593 9.65582 125.556 2.17193 6.08504 56.0116 0.27521 -13 4999 1 0 1
