#BLTrackFile NTuple/Z326
#x y z Px Py Pz t PDGid EventID TrackID ParentID Weight
#mm mm mm MeV/c MeV/c MeV/c ns - - - - -
-41.1311 -35.5723 325.556 -9.03392 -8.45644 71.9626 0.748189 -13 1 1 0 1
21.3639 -2.11684 325.556 4.09107 -1.62691 80.9361 1.72164 -13 2 1 0 1
-13.7234 -10.2815 325.556 -3.2474 -2.54729 71.49 2.80334 -13 3 1 0 1
-57.544 -14.7063 325.556 -13.6945 -3.41003 77.0999 2.18087 -13 4 1 0 1
-52.7613 -6.00155 325.556 -8.9685 -1.56008 60.1696 2.6443 -13 5 1 0 1
-36.1891 -5.00665 325.556 -8.34896 -1.00759 74.5266 1.08464 -13 6 1 0 1
1.75748 -30.4445 325.556 0.437712 -6.30342 61.1183 1.22851 -13 7 1 0 1
-61.2914 31.2163 325.556 -7.52983 5.51237 45.9973 2.57634 -13 8 1 0 1
30.9882 56.6805 325.556 5.55005 12.4112 62.9417 3.18808 -13 9 1 0 1
12.8384 -25.3475 325.556 2.47258 -5.51076 66.6412 2.68659 -13 10 1 0 1
21.0646 12.3097 325.556 3.95768 2.88316 71.1965 1.39105 -13 11 1 0 1
-0.797861 -60.766 325.556 -0.0432272 -13.0525 60.9344 3.8107 -13 12 1 0 1
55.6807 49.6765 325.556 6.04749 6.8745 38.788 2.1758 -13 13 1 0 1
49.6018 -31.2024 325.556 9.48756 -6.74487 67.4772 0.46073 -13 14 1 0 1
57.7945 -39.6093 325.556 11.0183 -8.95994 66.4328 3.49556 -13 15 1 0 1
106.005 -116.292 325.556 16.0856 -22.4008 54.4342 4.49819 -13 16 1 0 1
-22.7582 58.2031 325.556 -4.16571 12.9066 63.2084 1.41996 -13 17 1 0 1
-29.5971 -55.3022 325.556 -4.04293 -10.2496 51.6323 3.80536 -13 18 1 0 1
-74.4942 31.6036 325.556 -13.8932 7.15856 64.0902 2.19679 -13 19 1 0 1
8.71949 -45.9933 325.556 1.56607 -10.0146 63.9995 5.009 -13 20 1 0 1
-26.7254 25.6976 325.556 -4.07105 5.48333 56.4543 1.05951 -13 22 1 0 1
-53.7447 103.251 325.556 -5.1114 14.1621 37.481 3.61879 -13 23 1 0 1
-63.5511 58.8469 325.556 -9.33393 10.9507 53.0348 3.06615 -13 24 1 0 1
21.4227 -9.4102 325.556 4.09904 -1.85243 70.7548 2.21917 -13 25 1 0 1
-3.90666 14.9422 325.556 -0.890909 3.5705 68.4998 1.83678 -13 26 1 0 1
3.63082 -2.15656 325.556 0.597794 0.161927 66.6428 3.4615 -13 27 1 0 1
6.13537 -64.4186 325.556 0.890358 -15.8517 72.2626 2.16832 -13 28 1 0 1
-21.7004 35.2814 325.556 -4.34909 8.41741 66.7041 3.02168 -13 30 1 0 1
-15.0345 9.15838 325.556 -3.54469 2.47336 71.9017 1.63605 -13 31 1 0 1
-24.1453 13.4306 325.556 -4.2547 2.90959 62.2997 1.61117 -13 32 1 0 1
22.5285 3.22182 325.556 1.66605 0.439435 25.3006 5.36928 -13 33 1 0 1
-60.7306 -4.02355 325.556 -11.5432 -0.638024 65.372 1.43243 -13 34 1 0 1
-96.5453 -67.2673 325.556 -19.5654 -15.6784 69.0604 4.19437 -13 35 1 0 1
-4.66946 33.9567 325.556 -0.943981 8.18626 65.982 0.913599 -13 36 1 0 1
-5.48474 -35.4193 325.556 -2.00338 -9.82093 79.4573 0.342859 -13 37 1 0 1
5.05409 -62.6868 325.556 0.954611 -13.1351 59.4815 3.62475 -13 38 1 0 1
-22.9859 33.4065 325.556 -3.23236 6.04481 51.6315 3.17026 -13 40 1 0 1
33.7891 72.3652 325.556 5.87816 15.0698 60.8249 1.98799 -13 41 1 0 1
-15.8771 3.95257 325.556 -3.37636 0.515289 68.2749 3.22441 -13 42 1 0 1
-59.8789 -14.9234 325.556 -14.801 -4.02368 78.5376 2.13145 -13 43 1 0 1
30.4982 32.3252 325.556 5.13544 6.20138 56.6848 2.89094 -13 44 1 0 1
-5.8546 -37.8785 325.556 -1.4039 -8.74528 67.6414 2.38307 -13 46 1 0 1
6.02451 47.3648 325.556 1.07332 9.30039 59.5331 3.09325 -13 47 1 0 1
-24.1332 57.2268 325.556 -4.81605 13.5325 66.0787 2.71624 -13 48 1 0 1
4.0698 -79.4176 325.556 0.556098 -19.6468 69.1379 1.41254 -13 49 1 0 1
37.0798 0.612391 325.556 4.76598 0.232962 42.9733 2.12702 -13 50 1 0 1
-16.2593 13.7146 325.556 -3.93204 2.98171 72.7376 1.59132 -13 51 1 0 1
-18.4417 73.8178 325.556 -2.63212 14.2089 54.4364 2.39423 -13 52 1 0 1
31.4299 25.774 325.556 5.32936 4.90784 56.742 -0.111926 -13 53 1 0 1
18.7105 51.1006 325.556 2.53746 7.64314 42.6924 2.80755 -13 54 1 0 1
-18.6977 -25.7527 325.556 -4.18285 -6.4047 70.4644 2.82929 -13 55 1 0 1
68.2645 46.5344 325.556 11.8181 9.79049 60.8039 1.16757 -13 56 1 0 1
-23.8894 -47.4152 325.556 -4.25403 -10.0035 62.5926 1.67793 -13 58 1 0 1
0.214484 -43.9399 325.556 -0.130155 -10.1839 67.5026 3.93657 -13 59 1 0 1
34.3305 84.0349 325.556 5.58212 16.6647 55.5967 2.53274 -13 60 1 0 1
-17.147 35.6736 325.556 -3.07487 7.92999 62.6906 1.2332 -13 61 1 0 1
-0.220192 11.3038 325.556 -0.271508 3.12128 70.0206 1.375 -13 62 1 0 1
20.1749 -44.8437 325.556 2.06604 -5.76417 34.8925 3.46483 -13 63 1 0 1
1.74893 -1.67946 325.556 0.381118 -0.25152 60.3235 2.26778 -13 64 1 0 1
14.2386 7.07526 325.556 2.63668 1.41064 65.8104 0.559413 -13 65 1 0 1
-5.17615 7.56373 325.556 -1.34404 1.72388 71.4107 2.34999 -13 66 1 0 1
14.9323 -12.5683 325.556 2.75748 -2.36769 61.4397 1.42494 -13 67 1 0 1
13.2869 70.004 325.556 2.26193 12.7472 52.9957 1.38864 -13 68 1 0 1
-18.0453 -34.6322 325.556 -3.20849 -7.5719 62.8272 2.06693 -13 69 1 0 1
-25.2923 -42.0673 325.556 -6.73043 -12.2013 79.7043 2.01006 -13 70 1 0 1
-9.56448 5.74341 325.556 -1.40115 0.812694 60.3601 0.669808 -13 71 1 0 1
33.7539 60.4817 325.556 6.12684 12.952 64.0875 3.16647 -13 72 1 0 1
-10.9971 -5.05883 325.556 -2.88228 -1.74623 74.57 0.937325 -13 73 1 0 1
14.4994 48.197 325.556 2.55907 9.80821 58.3411 2.44914 -13 74 1 0 1
2.89539 28.9913 325.556 0.102537 7.15606 74.9351 -1.01443 -13 75 1 0 1
25.4101 8.84593 325.556 4.76776 2.30757 79.6777 0.0617211 -13 76 1 0 1
-17.5817 -12.8888 325.556 -2.76335 -3.00119 56.8542 4.61683 -13 77 1 0 1
-21.9426 -9.42946 325.556 -3.71761 -2.18569 60.0485 1.38466 -13 78 1 0 1
9.1548 -19.1636 325.556 1.62121 -4.2371 62.8681 3.5145 -13 79 1 0 1
1.37384 -27.3628 325.556 -0.122466 -6.41838 72.4051 1.94252 -13 80 1 0 1
4.90912 49.9046 325.556 0.637466 12.6012 69.488 2.02833 -13 81 1 0 1
10.1772 9.01431 325.556 1.97783 2.15134 62.7235 3.30264 -13 82 1 0 1
-47.4333 91.4894 325.556 -9.20806 21.1568 65.9343 2.06763 -13 83 1 0 1
-75.0977 -9.51305 325.556 -13.4375 -2.10268 62.0461 2.27488 -13 84 1 0 1
7.16037 -0.22691 325.556 1.15574 -0.232033 75.6999 2.99226 -13 85 1 0 1
8.97911 -35.1552 325.556 1.59151 -8.89724 67.918 1.80475 -13 86 1 0 1
-3.54507 -65.145 325.556 -0.159773 -11.5894 49.6577 3.33627 -13 87 1 0 1
-23.7092 -29.7427 325.556 -4.8203 -6.85656 67.8009 1.59062 -13 88 1 0 1
13.4239 -7.273 325.556 2.38242 -1.21936 62.2085 1.53766 -13 89 1 0 1
4.38932 23.2736 325.556 0.803609 5.16818 65.7024 1.85395 -13 90 1 0 1
-45.3838 -18.5437 325.556 -8.26772 -4.15432 63.7083 2.96552 -13 91 1 0 1
35.333 10.8973 325.556 5.81702 2.10232 55.076 2.29817 -13 92 1 0 1
22.0755 -0.371617 325.556 3.91456 -0.307521 59.0328 3.03159 -13 93 1 0 1
11.203 111.123 325.556 1.80343 20.3346 51.7064 1.08631 -13 94 1 0 1
13.3786 13.8695 325.556 2.50064 3.49547 70.4186 2.01612 -13 95 1 0 1
6.0511 50.8618 325.556 1.06537 11.0071 60.5855 0.352887 -13 96 1 0 1
-2.69462 -7.29364 325.556 -0.140367 -0.953528 57.0661 1.21717 -13 97 1 0 1
-4.14205 -9.60837 325.556 -0.905855 -1.82209 67.3796 2.44856 -13 98 1 0 1
-17.0388 53.4494 325.556 -3.07879 11.5677 62.6249 2.62259 -13 99 1 0 1
26.8176 -4.51384 325.556 5.08161 -0.565376 67.4455 1.14532 -13 100 1 0 1
40.3832 -1.77688 325.556 7.75935 -0.660043 68.1964 1.33548 -13 101 1 0 1
12.3407 10.3039 325.556 2.19712 2.29454 67.26 1.93439 -13 102 1 0 1
57.0069 2.81219 325.556 10.0167 1.21973 61.4366 -0.288334 -13 103 1 0 1
24.3893 2.28083 325.556 4.61772 0.231885 67.5064 1.7123 -13 104 1 0 1
-20.24 38.909 325.556 -3.32454 8.75097 60.0062 0.725565 -13 105 1 0 1
-47.3797 -18.3444 325.556 -8.04881 -3.80313 59.6835 2.47811 -13 106 1 0 1
-8.36237 -32.1884 325.556 -2.02077 -7.76785 70.2039 0.917207 -13 107 1 0 1
39.6012 39.0892 325.556 7.17472 8.97281 62.9046 1.31155 -13 108 1 0 1
20.1558 15.3896 325.556 3.88797 3.6652 67.8316 3.00695 -13 109 1 0 1
-24.2663 11.219 325.556 -5.62933 2.875 72.451 1.67081 -13 110 1 0 1
-27.5867 -23.3309 325.556 -6.83208 -5.61441 76.8574 1.56651 -13 111 1 0 1
27.9882 -1.3414 325.556 4.46913 -0.521804 56.3078 0.436395 -13 112 1 0 1
23.5114 28.7825 325.556 3.85523 5.43938 54.8371 3.11058 -13 113 1 0 1
28.1173 -33.0708 325.556 5.12553 -7.28051 62.9988 2.05203 -13 114 1 0 1
44.1537 12.9288 325.556 6.41964 2.16634 49.4477 2.35969 -13 115 1 0 1
-39.8764 -14.2032 325.556 -8.82876 -3.53495 72.3575 2.44693 -13 116 1 0 1
-7.21018 13.3103 325.556 -1.03321 2.74223 55.4288 1.95753 -13 117 1 0 1
24.2955 -50.1241 325.556 3.48659 -8.70522 46.0743 2.2419 -13 118 1 0 1
-7.86922 14.8866 325.556 -1.87889 3.79634 70.5168 2.45946 -13 119 1 0 1
-41.3018 3.36261 325.556 -5.55977 0.706336 49.6059 2.33488 -13 120 1 0 1
21.2851 -39.6208 325.556 3.72845 -7.85043 60.8207 3.68741 -13 121 1 0 1
-29.417 -24.82 325.556 -7.17463 -6.20572 76.6293 2.48356 -13 122 1 0 1
-7.67794 -51.4739 325.556 -1.82925 -12.2359 70.389 2.7112 -13 123 1 0 1
72.5593 9.48821 325.556 11.9616 2.00871 57.3416 2.5633 -13 124 1 0 1
-57.0749 -86.2776 325.556 -9.36515 -17.4681 57.7817 0.729541 -13 125 1 0 1
-21.3463 -10.264 325.556 -5.73426 -3.39165 78.827 2.76852 -13 126 1 0 1
13.3065 49.3338 325.556 2.3452 9.92842 59.6466 1.08778 -13 127 1 0 1
3.83438 -25.495 325.556 0.713686 -6.09431 64.6553 2.38984 -13 128 1 0 1
69.8041 35.7003 325.556 11.6161 7.26319 58.09 1.76833 -13 129 1 0 1
42.7029 -8.90284 325.556 6.26094 -1.19958 50.0889 3.08159 -13 130 1 0 1
0.0337394 24.9575 325.556 -0.294956 5.88011 68.8962 1.50815 -13 131 1 0 1
-20.3283 11.5682 325.556 -4.77833 2.76106 73.7572 3.17974 -13 132 1 0 1
38.362 -0.760684 325.556 7.0615 -0.288099 63.8657 0.743993 -13 133 1 0 1
28.5181 3.86705 325.556 5.7217 0.931103 75.5532 2.25564 -13 134 1 0 1
9.88993 7.67568 325.556 1.66673 1.37188 69.9955 2.79245 -13 135 1 0 1
61.0022 23.7689 325.556 9.74403 4.28415 55.4613 2.34085 -13 136 1 0 1
-30.1943 -3.94362 325.556 -5.47416 -0.972702 63.0501 3.59013 -13 137 1 0 1
-25.7792 69.8593 325.556 -3.84047 13.4076 54.4389 2.61713 -13 140 1 0 1
5.13076 42.2963 325.556 0.991714 8.08029 52.4033 2.25787 -13 141 1 0 1
46.306 28.4367 325.556 8.52556 6.68525 64.2855 3.97303 -13 142 1 0 1
-44.8664 -18.1286 325.556 -9.48013 -4.50048 70.7361 1.06603 -13 143 1 0 1
33.1959 -3.35361 325.556 6.60006 -1.10024 71.7695 4.80821 -13 144 1 0 1
32.5872 -89.8957 325.556 5.22723 -17.2706 55.1485 3.97715 -13 145 1 0 1
25.7491 -23.4763 325.556 4.8003 -4.9679 65.8574 2.22469 -13 146 1 0 1
-6.02185 -11.4185 325.556 -1.16295 -2.57811 65.3162 0.800362 -13 147 1 0 1
-21.2784 -46.6644 325.556 -4.47194 -10.4999 68.677 2.1939 -13 148 1 0 1
41.5396 42.723 325.556 6.65062 8.20547 55.9563 1.7412 -13 149 1 0 1
13.5932 56.3345 325.556 2.47946 12.7763 65.1167 1.8334 -13 150 1 0 1
18.2742 -64.0596 325.556 3.02303 -12.6846 56.0885 3.41455 -13 151 1 0 1
8.20896 -10.6768 325.556 1.5185 -2.43464 64.4556 4.12308 -13 152 1 0 1
-21.0999 -37.4584 325.556 -4.26403 -9.14439 67.4572 1.45032 -13 153 1 0 1
-36.5206 -39.9719 325.556 -9.06005 -10.5762 77.6155 -0.321123 -13 154 1 0 1
-32.0028 0.141665 325.556 -6.27549 -0.135933 66.6101 0.492186 -13 155 1 0 1
68.8542 -29.854 325.556 8.9643 -4.63929 45.8605 2.0333 -13 156 1 0 1
-16.938 5.99822 325.556 -2.99271 1.5666 62.3519 1.92278 -13 157 1 0 1
-13.564 14.5467 325.556 -4.11574 3.44799 79.3343 3.04302 -13 158 1 0 1
-26.5564 41.1294 325.556 -3.99484 7.78952 55.9044 1.5335 -13 159 1 0 1
65.4027 -0.60979 325.556 11.7667 -0.0997605 63.2771 1.99004 -13 160 1 0 1
28.9018 -4.98917 325.556 5.61025 -1.67816 70.5766 3.40833 -13 161 1 0 1
-46.5339 19.1212 325.556 -4.77347 2.71782 40.1098 2.28507 -13 162 1 0 1
-25.5766 35.2467 325.556 -5.45097 8.89192 69.8688 0.145167 -13 163 1 0 1
5.12324 -16.7026 325.556 0.848255 -4.16478 66.4991 1.95919 -13 164 1 0 1
-102.86 -88.7867 325.556 -5.29847 -8.24146 23.1808 6.8712 -13 165 1 0 1
-90.2685 -8.56673 325.556 -18.206 -2.06081 68.8765 1.66101 -13 166 1 0 1
40.3024 55.2576 325.556 7.15916 11.7875 61.674 2.61314 -13 167 1 0 1
-27.4254 38.4403 325.556 -7.30239 10.4556 78.4355 2.8173 -13 168 1 0 1
56.4574 -35.5815 325.556 9.27921 -7.30885 57.4227 1.84333 -13 169 1 0 1
-31.1522 -17.5114 325.556 -6.26696 -4.21149 67.4133 1.21891 -13 170 1 0 1
96.7891 -33.2289 325.556 10.791 -4.51903 40.8437 3.54011 -13 171 1 0 1
-2.95342 19.8801 325.556 -0.285057 3.65153 56.773 1.73429 -13 172 1 0 1
52.6386 -30.9057 325.556 8.9532 -6.33296 58.4871 2.23147 -13 173 1 0 1
13.6874 23.5814 325.556 2.5955 4.92656 68.7479 2.09617 -13 174 1 0 1
-21.0391 -41.6793 325.556 -2.49496 -7.39003 48.3427 2.22693 -13 176 1 0 1
72.3101 -52.199 325.556 10.3423 -9.2712 50.436 1.9629 -13 177 1 0 1
11.337 -26.6912 325.556 1.9321 -4.72887 52.5312 1.66036 -13 178 1 0 1
32.6206 -66.9148 325.556 6.18828 -16.0697 68.2742 1.11719 -13 179 1 0 1
30.4668 -41.7078 325.556 4.67242 -7.52628 52.0304 3.80608 -13 180 1 0 1
-30.6438 -16.8404 325.556 -2.91057 -2.35032 38.5739 1.43744 -13 181 1 0 1
-37.4644 21.3656 325.556 -3.74054 3.19647 40.0796 1.90739 -13 182 1 0 1
51.965 71.0429 325.556 6.31516 11.1415 42.0776 2.70576 -13 183 1 0 1
-64.2353 -22.5827 325.556 -10.1508 -4.74306 56.0433 2.16441 -13 184 1 0 1
-17.1488 -44.022 325.556 -2.79589 -9.39838 59.7723 1.25473 -13 185 1 0 1
37.32 35.0705 325.556 4.72483 5.59158 43.3441 1.9651 -13 186 1 0 1
14.3965 10.302 325.556 2.73436 3.12627 71.3483 2.94064 -13 188 1 0 1
-47.6851 -22.7157 325.556 -11.8736 -6.17319 79.1038 1.88249 -13 189 1 0 1
38.6393 36.1864 325.556 6.93298 7.63122 60.8188 3.91814 -13 191 1 0 1
-16.7206 20.8632 325.556 -4.87046 6.26835 80.0272 2.52862 -13 192 1 0 1
-44.7099 -13.7668 325.556 -4.31683 -2.17438 38.2801 1.89342 -13 193 1 0 1
2.53414 65.6441 325.556 0.287145 15.7625 68.5668 1.60645 -13 194 1 0 1
4.7144 -0.278377 325.556 0.927532 -0.03168 60.3743 4.27697 -13 195 1 0 1
13.5628 -15.0585 325.556 1.99405 -4.77776 80.5537 4.24703 -13 196 1 0 1
-27.0213 46.2546 325.556 -4.84146 9.95228 62.8436 1.04383 -13 197 1 0 1
57.6876 2.49102 325.556 8.1848 0.464014 49.7108 1.74693 -13 198 1 0 1
-47.7258 74.8947 325.556 -7.40296 14.2288 56.1392 0.537232 -13 199 1 0 1
-20.5415 -25.4069 325.556 -2.74876 -4.36561 50.7953 2.96116 -13 200 1 0 1
-58.3264 -23.5829 325.556 -11.8918 -5.80329 68.902 2.17456 -13 201 1 0 1
-13.6969 91.7621 325.556 -2.16963 18.0877 57.2491 1.25345 -13 202 1 0 1
-7.37604 7.10298 325.556 -1.28614 1.24901 62.1595 2.24268 -13 203 1 0 1
1.12605 10.3879 325.556 0.376841 1.46413 49.9742 3.74678 -13 205 1 0 1
-94.5192 8.27104 325.556 -21.6071 1.94077 75.0356 1.98421 -13 206 1 0 1
-40.4373 -58.1104 325.556 -6.36097 -11.4847 56.6803 1.0548 -13 207 1 0 1
-71.2766 9.29034 325.556 -14.2564 2.22612 68.2732 1.58589 -13 208 1 0 1
47.7705 67.3614 325.556 2.99913 6.27061 23.4865 4.61591 -13 209 1 0 1
76.1957 6.91282 325.556 10.1967 1.31728 47.0858 2.075 -13 210 1 0 1
65.7559 43.0435 325.556 7.79786 6.27452 42.3231 3.26647 -13 211 1 0 1
-27.6675 78.4982 325.556 -6.26426 19.2599 71.7595 3.9004 -13 212 1 0 1
-62.5272 39.0069 325.556 -10.333 7.73773 58.5876 0.7533 -13 213 1 0 1
-11.6418 43.7162 325.556 -3.00686 10.8513 74.9993 2.78297 -13 214 1 0 1
-0.475684 -43.626 325.556 -0.49397 -11.3304 71.8226 3.54317 -13 215 1 0 1
4.03 -7.74568 325.556 0.523176 -1.81333 70.3151 2.9668 -13 216 1 0 1
105.622 46.1692 325.556 12.78 7.53692 43.9608 1.67559 -13 217 1 0 1
-52.8582 12.3161 325.556 -9.90174 2.68576 64.3139 2.13095 -13 218 1 0 1
-18.815 -17.3698 325.556 -4.83679 -4.54527 77.5879 1.77596 -13 219 1 0 1
5.77775 4.65596 325.556 0.873913 0.815797 72.1899 4.19798 -13 220 1 0 1
60.2465 0.36656 325.556 9.70025 -0.158535 54.8381 3.17779 -13 221 1 0 1
-11.4158 51.7322 325.556 -2.71194 12.7844 71.8333 1.04374 -13 222 1 0 1
-41.7332 13.199 325.556 -7.39063 3.12373 61.5744 3.04989 -13 223 1 0 1
-34.3389 0.331801 325.556 -6.09341 0.227274 62.3392 1.56063 -13 224 1 0 1
14.2034 65.2861 325.556 2.33937 12.3817 53.5834 1.97007 -13 226 1 0 1
-28.2082 -30.1632 325.556 -4.97644 -6.56438 61.9338 2.06809 -13 227 1 0 1
-11.148 -1.38651 325.556 -3.36165 -0.436529 78.2993 -0.160487 -13 228 1 0 1
-39.4152 1.3099 325.556 -8.70446 -0.121361 71.9082 2.10057 -13 229 1 0 1
32.0118 -60.2591 325.556 4.30846 -9.71703 45.4514 2.20966 -13 230 1 0 1
67.4733 93.7567 325.556 12.1381 21.0387 63.5255 3.26817 -13 231 1 0 1
101.715 56.9986 325.556 17.2456 11.6818 59.4209 3.00371 -13 232 1 0 1
-41.838 -9.00218 325.556 -7.95155 -2.16747 65.2398 0.508987 -13 233 1 0 1
29.1464 9.67338 325.556 5.53929 2.2229 67.8971 1.30833 -13 234 1 0 1
16.5959 -32.9099 325.556 3.10276 -8.74694 73.9496 2.10369 -13 235 1 0 1
-39.1117 -35.6926 325.556 -7.28522 -8.30622 64.3892 3.27453 -13 236 1 0 1
57.9201 -61.8787 325.556 8.80054 -11.2362 52.8628 3.08825 -13 237 1 0 1
-2.86958 7.42 325.556 -0.524451 1.53331 62.9047 2.11492 -13 238 1 0 1
-42.5422 6.73936 325.556 -9.02455 2.11344 70.4103 3.1634 -13 239 1 0 1
45.4599 103.25 325.556 5.79543 16.3165 43.787 2.3043 -13 240 1 0 1
55.2595 12.2667 325.556 5.25712 1.55791 34.1007 4.05965 -13 241 1 0 1
-16.8743 -16.8826 325.556 -2.69216 -3.82366 58.7132 3.96545 -13 242 1 0 1
42.006 -42.7437 325.556 8.10001 -9.61922 67.9585 1.82972 -13 243 1 0 1
5.27147 20.2718 325.556 0.587068 5.19908 75.912 2.47517 -13 244 1 0 1
26.5737 39.9741 325.556 5.15977 10.3669 71.2458 1.18857 -13 245 1 0 1
0.351738 31.7629 325.556 -0.209605 8.17689 70.5895 1.69422 -13 246 1 0 1
11.5062 -26.7752 325.556 2.04964 -5.31618 61.0271 1.76411 -13 247 1 0 1
-15.2207 -29.6968 325.556 -3.14805 -6.83796 67.7945 2.62134 -13 248 1 0 1
74.3706 23.269 325.556 12.7933 4.32087 60.7748 1.18015 -13 249 1 0 1
15.5213 -51.7364 325.556 2.81746 -12.1138 68.0048 0.452274 -13 250 1 0 1
44.8746 74.3292 325.556 7.85011 15.0099 60.9637 1.09159 -13 251 1 0 1
42.6792 -1.42037 325.556 7.85822 -0.525411 63.4867 2.32098 -13 252 1 0 1
4.41982 65.2865 325.556 0.496736 16.1403 70.5122 0.558542 -13 253 1 0 1
16.1568 29.5962 325.556 2.69819 5.72086 54.3582 1.78849 -13 254 1 0 1
-7.83399 22.5716 325.556 -2.4056 6.35777 77.3848 1.74878 -13 255 1 0 1
-15.1221 20.1217 325.556 -2.07562 3.73869 53.1046 1.38768 -13 256 1 0 1
2.85057 -79.601 325.556 0.644961 -12.234 42.0534 2.53308 -13 257 1 0 1
1.59232 -2.7963 325.556 0.248425 -0.821303 63.4507 2.17171 -13 258 1 0 1
30.1137 -8.54207 325.556 5.15837 -1.98534 56.9583 1.03555 -13 259 1 0 1
-17.2284 -25.3905 325.556 -3.95585 -6.67129 72.4087 1.58016 -13 260 1 0 1
-16.1106 32.3384 325.556 -2.72441 6.65526 59.9774 1.00437 -13 261 1 0 1
20.2886 1.11565 325.556 3.82605 0.365253 63.1442 4.16424 -13 262 1 0 1
43.6772 -31.8913 325.556 7.89146 -6.87925 62.9134 0.592041 -13 263 1 0 1
-3.15248 -25.3975 325.556 -0.250645 -4.55816 50.7358 2.2007 -13 264 1 0 1
46.8296 37.6375 325.556 8.44428 8.36923 62.956 2.77502 -13 265 1 0 1
26.9301 31.2307 325.556 5.27924 7.15615 70.5123 2.50586 -13 266 1 0 1
-12.7562 5.6918 325.556 -2.36705 0.700401 63.6445 1.75259 -13 267 1 0 1
14.0174 28.9635 325.556 1.9379 4.66338 42.9411 1.66928 -13 268 1 0 1
-29.5719 14.4904 325.556 -7.42319 3.16095 77.7613 2.28242 -13 269 1 0 1
-22.0641 -17.6906 325.556 -4.0508 -4.33632 63.9 3.30952 -13 270 1 0 1
27.9212 -29.6172 325.556 5.66181 -8.24307 77.3779 0.982623 -13 271 1 0 1
27.8619 -56.1858 325.556 5.02279 -12.2304 62.3561 3.67852 -13 272 1 0 1
-43.6747 14.1053 325.556 -6.44366 2.52553 54.3799 5.12185 -13 273 1 0 1
15.5235 6.15782 325.556 2.89546 1.81299 67.4975 -0.0603842 -13 274 1 0 1
42.5006 -20.9276 325.556 7.19183 -4.56944 59.0896 1.87424 -13 275 1 0 1
50.5301 -38.0597 325.556 8.47632 -7.74738 57.4654 3.39886 -13 277 1 0 1
-69.0796 6.10928 325.556 -11.9241 1.26878 60.7487 3.70207 -13 278 1 0 1
-49.794 -29.2545 325.556 -10.0398 -7.56549 68.2658 -0.500859 -13 279 1 0 1
17.4322 10.0141 325.556 3.09101 1.89855 61.4574 2.34554 -13 280 1 0 1
-4.11304 -15.4831 325.556 -1.02768 -3.23591 66.6701 0.69477 -13 281 1 0 1
-4.69443 66.2386 325.556 -0.399414 11.3846 47.4805 1.72229 -13 282 1 0 1
40.4198 -61.7335 325.556 5.85078 -10.8132 49.7215 0.866803 -13 283 1 0 1
-20.62 28.8251 325.556 -2.85334 4.83961 52.9248 1.99788 -13 284 1 0 1
-68.0288 34.8501 325.556 -11.9414 7.5992 61.2583 1.63528 -13 285 1 0 1
-39.8122 -17.2097 325.556 -8.13836 -3.02849 69.0689 0.49259 -13 286 1 0 1
-8.46653 -0.806035 325.556 -1.04726 -0.477327 51.9523 0.771883 -13 287 1 0 1
-15.8885 165.23 325.556 -3.90981 40.1017 68.6774 1.72244 -13 288 1 0 1
-21.7371 53.129 325.556 -5.52968 13.933 76.998 2.27792 -13 289 1 0 1
105.579 -12.5846 325.556 12.761 -2.09218 43.9494 2.93623 -13 290 1 0 1
7.6319 -43.5253 325.556 1.05121 -11.319 74.6873 2.29504 -13 291 1 0 1
-20.5358 13.5595 325.556 -4.73781 3.5769 72.7389 1.60648 -13 292 1 0 1
-79.2404 63.0832 325.556 -10.4083 11.2103 48.1918 4.61219 -13 293 1 0 1
74.217 44.1516 325.556 14.466 11.1992 69.2759 3.55274 -13 294 1 0 1
-25.8398 4.04737 325.556 -4.93977 0.813626 65.3035 2.09559 -13 295 1 0 1
-43.3151 20.6745 325.556 -7.12865 4.17522 58.944 1.89583 -13 296 1 0 1
52.8359 -25.8606 325.556 8.2091 -5.06809 53.7883 4.86738 -13 297 1 0 1
11.1704 5.08256 325.556 2.02728 0.794333 67.3604 0.104284 -13 298 1 0 1
-89.2877 42.0408 325.556 -11.123 7.30598 45.9617 5.39819 -13 299 1 0 1
-31.9552 29.6668 325.556 -5.65416 6.06083 62.4139 1.308 -13 301 1 0 1
-32.0245 34.7188 325.556 -5.8396 7.97061 63.2447 2.29497 -13 302 1 0 1
-3.23927 13.1016 325.556 -0.548225 3.28203 62.4356 2.07872 -13 303 1 0 1
-9.11628 36.2093 325.556 -1.86259 8.52061 65.5406 2.53632 -13 304 1 0 1
-69.5257 64.4391 325.556 -7.94736 10.0591 43.2308 3.97498 -13 305 1 0 1
-16.7871 -20.0754 325.556 -3.3346 -4.89091 66.6048 0.937478 -13 306 1 0 1
27.3605 -94.1173 325.556 4.95466 -22.104 65.9358 0.711804 -13 307 1 0 1
-18.8329 -63.4038 325.556 -4.39166 -15.6222 72.2343 1.96629 -13 308 1 0 1
-12.3498 41.6338 325.556 -2.46646 9.46134 65.9147 1.13486 -13 309 1 0 1
34.9599 -13.7291 325.556 6.87576 -3.33411 72.1052 1.4818 -13 310 1 0 1
23.377 -43.3249 325.556 2.16889 -4.74146 31.8652 1.94597 -13 311 1 0 1
-33.6861 11.1977 325.556 -7.28045 2.9161 71.2698 1.72755 -13 312 1 0 1
-33.699 53.5472 325.556 -7.35502 12.936 71.3979 2.82668 -13 313 1 0 1
-33.4446 -4.57866 325.556 -6.85753 -1.0133 67.753 1.35883 -13 314 1 0 1
45.1301 -2.02607 325.556 8.11888 0.00561129 62.1121 0.612377 -13 315 1 0 1
11.8606 -111.756 325.556 1.86227 -19.8089 49.6607 1.21088 -13 316 1 0 1
-26.8235 -46.5648 325.556 -4.94582 -10.3414 63.5882 2.78995 -13 317 1 0 1
-2.35166 -10.6065 325.556 -0.692053 -2.24435 69.2198 0.497524 -13 318 1 0 1
-16.0728 37.6141 325.556 -3.63476 9.55194 69.8885 3.9172 -13 319 1 0 1
49.7032 31.1734 325.556 9.85083 7.51365 70.4948 2.49095 -13 320 1 0 1
23.2337 -9.9488 325.556 3.85611 -2.09143 57.0843 0.528194 -13 321 1 0 1
-32.1296 16.0826 325.556 -8.69348 4.53135 79.616 3.60803 -13 322 1 0 1
26.7518 -13.1086 325.556 5.35978 -2.63709 75.7673 2.02183 -13 323 1 0 1
13.3741 38.5736 325.556 2.48944 8.72954 65.6294 1.29823 -13 324 1 0 1
7.46541 -24.7451 325.556 1.21575 -6.24958 72.4926 1.83197 -13 325 1 0 1
-70.1854 65.3924 325.556 -11.7853 13.1907 58.7583 2.10891 -13 326 1 0 1
-47.6721 -132.906 325.556 -6.02603 -22.5623 46.6759 2.74515 -13 327 1 0 1
-40.0019 -15.3663 325.556 -6.6526 -3.94613 59.0786 0.605523 -13 328 1 0 1
-7.56397 46.8224 325.556 -1.68094 11.2162 68.4491 3.00606 -13 329 1 0 1
24.2966 -10.8187 325.556 4.83437 -2.41088 76.619 0.93561 -13 330 1 0 1
-46.1432 22.9571 325.556 -9.93045 4.83689 71.4106 0.29254 -13 331 1 0 1
-12.8668 -17.0091 325.556 -0.528072 -1.47958 24.2817 3.29806 -13 332 1 0 1
34.3612 27.5458 325.556 4.92838 4.8968 48.8095 6.49915 -13 333 1 0 1
-31.334 -28.2335 325.556 -5.89277 -6.248 65.4719 2.29421 -13 334 1 0 1
27.3448 -41.8765 325.556 5.1842 -9.59199 66.1133 2.28589 -13 335 1 0 1
-8.13844 -48.1474 325.556 -1.97615 -11.172 68.4229 1.24108 -13 336 1 0 1
144.537 -81.87 325.556 23.7755 -16.6129 58.7839 -0.232965 -13 337 1 0 1
41.0547 -49.378 325.556 6.39681 -9.80032 53.876 3.13791 -13 338 1 0 1
3.42218 -34.7504 325.556 0.688077 -6.03813 50.5183 2.72023 -13 339 1 0 1
9.84038 39.3178 325.556 1.79748 9.49542 69.1328 2.08971 -13 340 1 0 1
18.8783 -0.623673 325.556 3.72276 -0.683537 77.7249 1.70275 -13 341 1 0 1
-18.5329 30.1662 325.556 -4.42608 7.7974 73.3078 2.42972 -13 342 1 0 1
4.53604 -33.611 325.556 0.850685 -7.67673 62.0481 1.65688 -13 343 1 0 1
49.1647 9.18038 325.556 7.05519 2.02383 49.6636 2.07555 -13 344 1 0 1
-11.1807 2.44346 325.556 -2.38994 0.844038 68.9861 1.03022 -13 345 1 0 1
-60.8454 -9.07638 325.556 -11.3926 -2.0461 64.7793 2.55312 -13 346 1 0 1
-19.1573 7.04086 325.556 -3.91731 1.67187 68.3122 1.05177 -13 347 1 0 1
0.821075 32.451 325.556 0.409138 6.48774 52.258 1.78407 -13 348 1 0 1
57.0742 -8.00365 325.556 9.23289 -1.77248 56.4883 3.01288 -13 349 1 0 1
-8.90006 -70.4848 325.556 -1.73284 -15.4635 63.7489 2.76129 -13 350 1 0 1
-31.8508 2.00583 325.556 -6.80509 0.244382 70.5211 0.302174 -13 352 1 0 1
-13.6248 31.3571 325.556 -2.61425 6.8868 65.6473 1.70505 -13 353 1 0 1
-1.7492 38.7924 325.556 -0.105531 6.95572 53.692 2.63416 -13 354 1 0 1
-30.4052 22.522 325.556 -7.06401 5.7645 73.7573 1.32196 -13 355 1 0 1
40.6303 54.4833 325.556 6.93398 11.5197 58.9558 2.37214 -13 356 1 0 1
3.60587 11.3267 325.556 0.668842 1.89755 42.4986 2.70789 -13 357 1 0 1
58.1664 50.4815 325.556 8.52267 9.42574 51.1898 2.93041 -13 358 1 0 1
27.8895 14.8189 325.556 5.0815 3.67895 62.2489 2.46131 -13 359 1 0 1
-25.8647 -11.6902 325.556 -6.15297 -2.9417 75.4397 1.15528 -13 360 1 0 1
9.43327 10.801 325.556 1.43973 3.18004 77.3012 1.60852 -13 361 1 0 1
-82.4056 1.81473 325.556 -14.7603 0.0628055 62.5314 -0.754364 -13 362 1 0 1
-11.3941 26.792 325.556 -3.02354 7.16007 75.1474 1.46082 -13 363 1 0 1
-0.662641 -22.6041 325.556 -0.307931 -4.83969 64.7696 2.19219 -13 364 1 0 1
-22.4868 40.1601 325.556 -2.79571 7.10078 48.53 0.516455 -13 365 1 0 1
64.5461 -8.68722 325.556 8.42128 -1.46156 45.5217 4.79597 -13 366 1 0 1
67.5759 -23.984 325.556 7.95947 -3.8699 41.4028 4.077 -13 367 1 0 1
-15.6411 34.4315 325.556 -2.93483 7.87477 64.7119 2.50259 -13 368 1 0 1
1.11084 -6.65186 325.556 0.293269 -1.0724 60.4657 0.951075 -13 369 1 0 1
-49.5327 5.48615 325.556 -10.7568 1.22921 71.9909 2.68462 -13 370 1 0 1
-5.9789 -23.278 325.556 -1.13602 -5.09328 66.1194 4.31233 -13 371 1 0 1
5.25812 -58.3808 325.556 1.08323 -11.3688 53.0514 3.07232 -13 372 1 0 1
-33.1124 -34.9944 325.556 -6.17046 -7.90464 64.2646 2.66253 -13 373 1 0 1
-38.5269 0.957392 325.556 -9.14888 0.474037 76.1826 2.38778 -13 374 1 0 1
-65.9066 29.6696 325.556 -15.6002 8.06895 77.2569 0.357845 -13 375 1 0 1
-35.1883 -70.3347 325.556 -7.14438 -16.38 67.798 2.37737 -13 376 1 0 1
50.3889 -33.726 325.556 10.7661 -9.22792 77.8126 2.9295 -13 377 1 0 1
12.4053 -34.1342 325.556 1.7016 -5.36394 41.2272 4.97184 -13 378 1 0 1
-12.2526 -80.5039 325.556 -2.58769 -18.7219 66.1518 2.57788 -13 379 1 0 1
-31.1268 -103.589 325.556 -3.16189 -15.6063 40.8964 2.05274 -13 380 1 0 1
32.8001 11.8821 325.556 5.72008 2.94098 59.8905 3.22768 -13 381 1 0 1
30.0705 -44.9601 325.556 5.94571 -11.0979 72.1547 1.48906 -13 382 1 0 1
-70.8867 6.96026 325.556 -9.95656 1.13365 51.051 3.67519 -13 383 1 0 1
60.7581 11.4893 325.556 10.2738 2.00198 58.3448 0.774915 -13 384 1 0 1
-6.64719 -21.8033 325.556 -1.37843 -5.44412 67.3523 3.68065 -13 385 1 0 1
9.20274 -10.7667 325.556 1.68778 -2.72866 69.9052 3.78907 -13 386 1 0 1
-39.134 -10.804 325.556 -8.53549 -2.86135 71.8865 1.9541 -13 387 1 0 1
12.3283 -2.34458 325.556 2.0661 -0.325737 51.9341 1.54359 -13 388 1 0 1
73.7259 -5.27018 325.556 12.9594 -0.90831 61.2221 3.09755 -13 389 1 0 1
-27.8374 6.19121 325.556 -5.02844 1.21246 63.6746 2.73301 -13 390 1 0 1
83.3286 3.85709 325.556 12.2743 0.586911 51.6738 2.10331 -13 391 1 0 1
-30.1568 -9.86512 325.556 -4.37438 -2.31912 53.9977 2.45009 -13 392 1 0 1
-9.69562 57.1612 325.556 -1.68483 11.6764 60.228 1.26059 -13 394 1 0 1
-30.0968 64.3718 325.556 -6.90472 16.5904 73.5054 0.156641 -13 395 1 0 1
57.697 18.9168 325.556 10.486 3.75367 63.7318 1.84353 -13 396 1 0 1
22.6115 -31.4806 325.556 3.92089 -6.31227 59.8447 3.34148 -13 397 1 0 1
2.15946 -12.6977 325.556 0.26466 -3.06515 66.7994 2.7826 -13 398 1 0 1
-26.086 -33.6291 325.556 -5.76555 -7.84652 70.8788 3.89374 -13 399 1 0 1
10.7922 27.6379 325.556 1.98068 6.90793 64.6004 1.93953 -13 400 1 0 1
24.481 2.76322 325.556 4.75116 0.801042 71.9139 1.60346 -13 401 1 0 1
-12.2119 45.1105 325.556 -1.82445 8.95395 57.6124 1.83933 -13 402 1 0 1
-4.99118 -116.135 325.556 -1.16162 -27.2492 66.5075 2.17831 -13 403 1 0 1
14.422 -39.2799 325.556 2.66504 -9.30906 66.0406 3.15179 -13 404 1 0 1
-15.4821 -39.7518 325.556 -2.64638 -8.70018 59.8956 1.49793 -13 406 1 0 1
-13.7663 -27.6371 325.556 -2.67427 -5.96278 65.801 3.22614 -13 407 1 0 1
61.1887 44.5042 325.556 10.0971 8.94796 57.3405 3.96303 -13 408 1 0 1
38.3604 -7.46246 325.556 7.08765 -1.65346 64.2168 2.30106 -13 409 1 0 1
-25.3422 -28.4951 325.556 -6.13801 -7.31859 75.7765 -0.801235 -13 410 1 0 1
-12.4872 35.5976 325.556 -1.10919 5.04586 43.0859 3.23283 -13 411 1 0 1
-10.6099 -47.9953 325.556 -2.20733 -11.0068 66.5153 3.19195 -13 412 1 0 1
-42.9047 21.8637 325.556 -10.4977 5.5234 78.1045 1.83176 -13 413 1 0 1
-36.9578 1.89435 325.556 -6.01644 0.56637 59.0822 3.09099 -13 414 1 0 1
33.1245 43.9355 325.556 5.4636 8.84688 56.9696 2.50263 -13 415 1 0 1
78.9887 29.1294 325.556 5.31266 3.0565 26.4593 9.11562 -13 416 1 0 1
50.0788 -109.844 325.556 5.64774 -15.6852 39.6446 2.75245 -13 417 1 0 1
-6.61228 1.95746 325.556 -1.57699 0.138209 69.6293 3.34045 -13 418 1 0 1
51.3052 10.1461 325.556 9.32367 2.264 63.474 2.51135 -13 419 1 0 1
-5.68897 -44.0537 325.556 -1.6196 -11.3729 73.2272 1.37193 -13 421 1 0 1
18.4105 107.811 325.556 3.22594 23.6638 62.8518 2.41677 -13 422 1 0 1
-59.8609 -84.1615 325.556 -7.0574 -12.9447 44.3244 2.41071 -13 423 1 0 1
79.3133 75.2029 325.556 10.5469 12.0224 46.5482 3.17686 -13 424 1 0 1
-7.18403 16.0762 325.556 -1.29141 3.72441 64.0998 1.91449 -13 425 1 0 1
-11.6053 18.1971 325.556 -3.06256 5.00843 73.8892 0.375079 -13 426 1 0 1
45.7587 -30.5667 325.556 8.20977 -6.27431 63.0646 1.47656 -13 427 1 0 1
-21.206 63.1376 325.556 -4.07102 14.5004 64.678 2.35412 -13 428 1 0 1
61.6106 -61.5644 325.556 10.0742 -12.3293 56.5583 2.06988 -13 429 1 0 1
-59.3009 67.9991 325.556 -12.2253 16.1933 69.0002 0.193225 -13 430 1 0 1
-0.841148 -24.049 325.556 -0.792067 -6.28672 75.8136 3.65861 -13 431 1 0 1
18.7943 25.2108 325.556 3.54131 6.16514 67.8197 3.84382 -13 432 1 0 1
-6.88335 -52.8025 325.556 -1.70237 -13.0775 69.3331 3.25166 -13 433 1 0 1
18.701 52.4018 325.556 3.24806 11.2349 59.0383 2.21015 -13 434 1 0 1
87.4135 14.4206 325.556 14.4634 2.7534 58.6139 3.18993 -13 435 1 0 1
7.68017 1.23632 325.556 1.3186 0.397691 67.4747 -0.415916 -13 437 1 0 1
-9.1182 3.07437 325.556 -1.11875 0.649346 55.0368 4.14807 -13 438 1 0 1
-4.08288 -62.4436 325.556 -0.807772 -13.2559 62.5558 0.876764 -13 439 1 0 1
24.5367 34.4243 325.556 4.32398 7.40911 61.1915 2.24915 -13 440 1 0 1
-35.1187 0.714278 325.556 -7.63539 0.122509 71.4387 3.19081 -13 441 1 0 1
-25.6756 -0.694464 325.556 -4.89891 0.361788 65.4799 1.7964 -13 442 1 0 1
17.1373 19.1987 325.556 2.97126 4.28508 56.7826 3.18126 -13 443 1 0 1
51.7617 0.108173 325.556 10.1694 0.206395 69.858 2.834 -13 444 1 0 1
31.2897 -8.00872 325.556 6.0448 -2.45708 69.4002 1.92517 -13 445 1 0 1
-20.9122 -30.5845 325.556 -4.35796 -6.73514 68.9101 0.310288 -13 446 1 0 1
40.0426 7.306 325.556 6.63301 1.52556 57.0551 1.69482 -13 447 1 0 1
-8.55587 15.7444 325.556 -1.98255 4.08056 70.5914 -0.170481 -13 448 1 0 1
-2.03491 -2.56653 325.556 -0.113211 -0.652895 52.7621 2.06952 -13 449 1 0 1
11.5605 9.06112 325.556 1.85724 2.0383 81.17 1.75528 -13 451 1 0 1
1.70115 -14.3435 325.556 0.299793 -3.46372 67.4172 2.98198 -13 452 1 0 1
27.8164 -16.7517 325.556 4.97345 -3.35305 59.7065 1.72601 -13 453 1 0 1
-22.6972 17.4829 325.556 -2.85823 3.03168 50.5825 3.68846 -13 454 1 0 1
35.6541 -51.4136 325.556 5.74876 -10.1478 54.6999 2.39675 -13 455 1 0 1
56.9366 49.3714 325.556 10.4453 11.0592 64.2328 1.33331 -13 456 1 0 1
54.7416 24.3122 325.556 9.06618 5.14438 56.737 2.94886 -13 457 1 0 1
32.1355 -108.983 325.556 4.83147 -20.0869 52.3917 1.18236 -13 458 1 0 1
37.8842 30.9811 325.556 7.80931 7.3926 74.3113 3.45679 -13 459 1 0 1
-16.6376 7.92179 325.556 -3.28673 2.04377 65.4881 1.76957 -13 460 1 0 1
-32.1874 48.3185 325.556 -6.08201 11.1048 65.1644 2.29172 -13 461 1 0 1
24.4306 16.461 325.556 4.58422 3.73753 64.8279 1.65495 -13 462 1 0 1
7.89955 -9.14429 325.556 1.36459 -2.09154 69.2169 3.33183 -13 463 1 0 1
36.6986 96.8964 325.556 6.21937 20.106 59.2424 1.93975 -13 464 1 0 1
-25.1481 92.7226 325.556 -2.2833 12.7028 37.3359 2.1747 -13 465 1 0 1
25.576 44.9722 325.556 4.22422 9.0171 56.7549 2.47946 -13 466 1 0 1
51.4601 29.6163 325.556 5.6583 4.28125 38.2399 2.83763 -13 467 1 0 1
19.5986 -20.9615 325.556 3.39777 -4.59765 56.4835 1.31731 -13 468 1 0 1
-6.75703 81.4066 325.556 -0.705665 14.1932 49.3574 2.84839 -13 469 1 0 1
17.8556 -30.9878 325.556 3.25151 -6.65173 65.0354 1.48307 -13 470 1 0 1
20.3435 52.0915 325.556 3.08254 8.95329 49.1206 3.6025 -13 471 1 0 1
42.4473 -75.1256 325.556 5.20347 -11.4265 42.3056 3.91836 -13 472 1 0 1
5.28745 -22.7354 325.556 1.08815 -4.46424 55.4341 1.57308 -13 473 1 0 1
43.1866 -36.6355 325.556 7.7121 -7.7887 61.534 1.4148 -13 474 1 0 1
10.4901 33.2877 325.556 1.91468 8.43431 72.101 3.39243 -13 475 1 0 1
-52.4317 61.9274 325.556 -9.00876 13.0586 60.1888 2.07362 -13 476 1 0 1
9.16785 59.1831 325.556 1.75769 13.1721 66.4507 0.642235 -13 477 1 0 1
-10.0862 -24.2629 325.556 -1.84646 -5.07115 62.0827 0.232833 -13 478 1 0 1
23.0101 -5.39929 325.556 3.29245 -1.10921 48.2316 1.83002 -13 479 1 0 1
45.4766 28.6453 325.556 7.20736 5.64742 54.6994 2.53949 -13 480 1 0 1
52.2574 -35.9292 325.556 5.00881 -4.48526 33.742 3.93122 -13 481 1 0 1
15.0984 -53.7926 325.556 2.22656 -9.00237 45.2337 2.97861 -13 482 1 0 1
-50.3976 50.072 325.556 -10.1245 11.4883 67.9325 2.70726 -13 483 1 0 1
-39.1445 0.762449 325.556 -7.8022 -0.0250527 67.1778 0.659115 -13 484 1 0 1
-55.7455 -57.578 325.556 -8.80501 -11.5395 56.4197 4.04388 -13 485 1 0 1
3.07665 -72.0918 325.556 0.58186 -14.8009 57.4671 4.89928 -13 486 1 0 1
38.8406 3.70572 325.556 7.47493 0.578037 68.9148 2.03354 -13 487 1 0 1
-68.663 -22.9943 325.556 -11.7096 -4.80789 60.1355 1.20614 -13 488 1 0 1
8.96745 51.2603 325.556 1.29118 8.20109 41.5337 4.12326 -13 489 1 0 1
-10.5218 -68.4831 325.556 -1.85511 -15.0283 61.8866 0.232408 -13 490 1 0 1
14.6129 15.7028 325.556 2.70449 3.25928 69.9766 2.73867 -13 491 1 0 1
16.3425 29.5241 325.556 2.91131 6.6588 61.3425 3.23557 -13 492 1 0 1
-6.81769 -20.9049 325.556 -0.938296 -4.39505 59.5272 3.12159 -13 493 1 0 1
21.4866 -28.1066 325.556 2.40802 -3.96966 36.5112 3.21167 -13 494 1 0 1
32.0745 42.974 325.556 4.0434 5.97475 41.8123 0.0757899 -13 495 1 0 1
20.522 -66.35 325.556 2.71504 -10.2741 43.3328 2.96743 -13 496 1 0 1
10.0605 23.9143 325.556 1.78431 5.3629 64.2551 2.26207 -13 497 1 0 1
-23.2661 32.6312 325.556 -4.83706 7.75016 68.6606 1.48153 -13 498 1 0 1
13.2465 21.1526 325.556 2.15611 3.58015 52.1685 1.48699 -13 499 1 0 1
84.0523 -17.2318 325.556 12.1841 -3.40796 51.2455 1.24365 -13 500 1 0 1
8.65978 27.676 325.556 1.22509 7.13561 79.251 1.44535 -13 501 1 0 1
-49.277 33.3564 325.556 -9.59871 7.24542 66.32 0.78928 -13 502 1 0 1
-2.16827 -72.0207 325.556 -0.608857 -16.2957 68.0107 0.299026 -13 503 1 0 1
-11.8992 21.4483 325.556 -2.45167 5.0547 66.1872 2.24346 -13 504 1 0 1
80.5398 3.41025 325.556 13.0217 0.659069 56.4391 1.07281 -13 505 1 0 1
-39.3855 -14.7144 325.556 -9.87331 -4.15355 78.6735 3.01998 -13 506 1 0 1
42.9823 74.55 325.556 5.89174 12.7553 47.9681 2.93283 -13 507 1 0 1
43.7955 -40.9505 325.556 7.9741 -8.63339 62.8913 2.99415 -13 508 1 0 1
35.6922 -37.1769 325.556 7.08927 -9.0628 72.2933 1.85485 -13 509 1 0 1
-43.1328 38.4704 325.556 -7.34185 7.93797 60.2935 3.23373 -13 510 1 0 1
-67.7028 1.65811 325.556 -14.1141 0.672623 70.5204 3.93213 -13 511 1 0 1
-32.3179 -18.4212 325.556 -5.3173 -3.65424 58.362 1.71598 -13 512 1 0 1
24.0221 16.8422 325.556 3.69037 3.26872 51.4959 3.44917 -13 513 1 0 1
-21.4865 -2.72456 325.556 -3.25724 -0.498115 55.1256 -1.27174 -13 514 1 0 1
-55.8191 4.8452 325.556 -10.7624 1.18288 65.7605 0.507415 -13 515 1 0 1
-16.4274 19.4095 325.556 -2.53889 4.26946 56.5822 0.218209 -13 516 1 0 1
-0.60446 -15.1327 325.556 -0.467635 -4.10994 72.5598 0.691405 -13 517 1 0 1
-3.60444 -13.2968 325.556 -0.692242 -2.83844 65.478 2.7562 -13 518 1 0 1
-48.538 9.99629 325.556 -11.8307 2.44532 77.8419 1.66771 -13 519 1 0 1
6.78759 -33.4575 325.556 1.33266 -7.352 60.48 4.57591 -13 520 1 0 1
-22.5278 -49.1947 325.556 -4.74373 -11.4845 69.3805 0.395404 -13 521 1 0 1
-4.51651 21.4489 325.556 -1.95471 5.75202 80.5042 2.60599 -13 522 1 0 1
-33.1525 26.7648 325.556 -6.90223 6.07171 69.5421 2.73019 -13 523 1 0 1
10.4622 -11.4173 325.556 1.94954 -1.72448 62.0031 2.73601 -13 524 1 0 1
21.294 67.1401 325.556 2.59025 9.44273 39.1262 3.55992 -13 525 1 0 1
-41.5607 -1.01465 325.556 -9.06479 0.242268 71.6879 1.86836 -13 526 1 0 1
-21.6043 59.1574 325.556 -3.54421 12.078 58.6623 3.12343 -13 527 1 0 1
-17.7899 20.545 325.556 -2.48681 3.84837 54.3473 4.89995 -13 528 1 0 1
45.4152 -65.541 325.556 8.88199 -16.2425 69.9086 2.65993 -13 529 1 0 1
2.67766 23.6703 325.556 0.445481 5.42194 67.0534 1.29364 -13 530 1 0 1
-1.93652 27.893 325.556 -0.139098 5.8716 59.1329 3.06842 -13 531 1 0 1
-54.051 50.7027 325.556 -7.72461 9.56498 52.3271 3.94454 -13 532 1 0 1
-25.3346 -106.775 325.556 -1.658 -11.576 28.3286 7.111 -13 533 1 0 1
26.2554 -2.27599 325.556 5.10563 -0.388599 70.2467 2.81112 -13 534 1 0 1
7.5057 52.1253 325.556 1.21181 13.0502 69.1356 -0.965884 -13 535 1 0 1
27.88 7.47165 325.556 4.50882 1.76256 55.2137 1.27575 -13 536 1 0 1
41.2256 42.941 325.556 7.47874 9.01037 62.0359 2.12061 -13 538 1 0 1
-187.128 118.753 325.556 -30.5616 23.8186 58.4994 3.28253 -13 539 1 0 1
44.8927 -14.0845 325.556 9.4179 -3.5137 76.8103 3.1231 -13 540 1 0 1
-15.8956 50.5557 325.556 -3.59007 12.4264 70.24 2.79354 -13 541 1 0 1
17.334 21.5444 325.556 3.24244 5.21483 67.6909 1.89737 -13 542 1 0 1
36.5821 -34.4769 325.556 6.98424 -8.27894 66.6131 1.39315 -13 543 1 0 1
21.6877 -13.8656 325.556 4.00412 -3.16018 63.9273 2.38698 -13 544 1 0 1
-26.0057 -118.101 325.556 -5.36421 -27.6345 66.9525 3.07093 -13 545 1 0 1
12.5892 -104.087 325.556 1.64294 -15.8069 42.1318 3.19503 -13 546 1 0 1
0.47759 83.7289 325.556 0.244355 15.2223 50.9383 1.62211 -13 547 1 0 1
21.9321 37.0505 325.556 3.87925 8.31992 61.6705 4.27859 -13 548 1 0 1
22.4671 -18.3951 325.556 3.84456 -3.33091 57.8661 4.67424 -13 549 1 0 1
-79.6852 65.7545 325.556 -15.3078 15.0847 65.7747 -0.541611 -13 550 1 0 1
35.1244 -28.8398 325.556 3.57489 -3.37424 35.5998 4.38196 -13 551 1 0 1
-48.2869 -19.3215 325.556 -7.99866 -4.11398 58.9263 2.31598 -13 553 1 0 1
-44.7751 -13.974 325.556 -8.47956 -3.31475 64.9366 0.935456 -13 554 1 0 1
32.8103 36.8986 325.556 6.49508 9.26625 73.6924 3.02603 -13 555 1 0 1
-14.2134 49.3497 325.556 -2.16033 9.57133 56.0977 2.65189 -13 556 1 0 1
27.0065 -4.16178 325.556 4.82044 -1.024 61.6133 4.44402 -13 557 1 0 1
-14.3365 -20.3466 325.556 -2.51389 -4.58409 61.8961 -0.60137 -13 558 1 0 1
-56.5861 30.3752 325.556 -6.82979 4.93679 45.3216 1.14671 -13 560 1 0 1
-54.7321 19.7683 325.556 -11.1051 4.30782 68.4871 2.97907 -13 562 1 0 1
24.1952 -18.1022 325.556 4.62076 -4.69022 70.5768 1.49192 -13 564 1 0 1
-37.3604 53.9202 325.556 -5.65795 10.596 54.9919 3.461 -13 565 1 0 1
-59.6007 -15.7405 325.556 -12.9703 -3.99874 72.3026 2.55344 -13 566 1 0 1
-25.6524 -21.1728 325.556 -3.62726 -3.76487 53.285 2.44147 -13 567 1 0 1
-26.4892 44.8622 325.556 -5.6879 11.0137 70.6073 2.0101 -13 568 1 0 1
4.85617 -29.8837 325.556 0.857335 -6.43485 61.6244 3.80283 -13 569 1 0 1
6.12526 -32.2736 325.556 1.18178 -5.68729 52.3346 -0.136396 -13 570 1 0 1
17.0815 92.8042 325.556 1.19609 8.809 23.6287 4.36089 -13 571 1 0 1
-0.0597336 -31.5121 325.556 -0.507849 -8.40938 75.2974 1.60576 -13 572 1 0 1
-32.1599 -18.4573 325.556 -6.52145 -4.82978 68.525 3.8087 -13 573 1 0 1
-35.258 109.31 325.556 -5.68565 22.0722 56.7398 1.18611 -13 574 1 0 1
6.76052 -12.7788 325.556 1.11616 -3.04794 69.6737 2.02298 -13 575 1 0 1
-6.56478 3.77439 325.556 -1.47445 0.281182 68.7046 0.963313 -13 576 1 0 1
11.9318 -17.1158 325.556 2.13538 -3.26332 65.731 -0.0579729 -13 577 1 0 1
-33.2699 61.4627 325.556 -7.28643 15.0892 71.4227 3.7634 -13 578 1 0 1
42.4548 -72.0595 325.556 7.49612 -15.2464 60.8667 1.79009 -13 579 1 0 1
-57.403 43.376 325.556 -11.0307 10.1388 65.6152 3.4099 -13 580 1 0 1
44.4194 10.1009 325.556 7.97264 1.90681 62.308 2.07007 -13 581 1 0 1
70.7654 16.4112 325.556 9.72441 3.07354 48.4053 2.43322 -13 582 1 0 1
16.3635 -3.41484 325.556 3.09223 -1.02033 71.3481 1.37011 -13 583 1 0 1
31.059 23.16 325.556 5.63322 4.72497 64.4037 1.18948 -13 584 1 0 1
-8.22229 -32.8332 325.556 -1.69917 -7.64756 65.0508 -0.120308 -13 585 1 0 1
10.1861 -54.6763 325.556 1.75222 -13.4815 70.886 4.00799 -13 586 1 0 1
-41.69 72.5213 325.556 -9.21121 18.2711 71.9825 2.18269 -13 587 1 0 1
29.2384 4.39448 325.556 5.52801 1.31131 66.8167 -0.225241 -13 588 1 0 1
-1.99632 16.1106 325.556 -0.67607 3.68729 70.4741 0.582159 -13 589 1 0 1
-50.8969 -60.921 325.556 -11.1967 -15.5361 72.7182 0.944264 -13 590 1 0 1
-38.2094 0.451589 325.556 -9.35295 0.457418 77.6586 4.30593 -13 591 1 0 1
-11.7093 -4.93902 325.556 -2.63091 -1.38123 71.426 -0.800738 -13 592 1 0 1
13.9507 12.4364 325.556 2.63824 2.20004 64.2752 3.89211 -13 593 1 0 1
-45.3938 -0.0472325 325.556 -8.37229 -0.264542 63.225 2.2224 -13 594 1 0 1
16.0968 -11.3947 325.556 2.90584 -2.17913 63.8539 2.54572 -13 595 1 0 1
-68.2179 -10.1542 325.556 -16.4533 -2.75533 78.0809 1.65958 -13 597 1 0 1
-4.90749 -45.1871 325.556 -2.09972 -12.4746 80.5311 -0.0271159 -13 598 1 0 1
-20.2359 -4.12776 325.556 -2.3061 -0.679576 46.8308 0.92726 -13 599 1 0 1
3.83518 -59.1626 325.556 0.808372 -10.5256 50.3797 2.911 -13 600 1 0 1
20.4043 0.24892 325.556 3.50027 -0.00580008 59.5747 3.25693 -13 601 1 0 1
7.81595 -33.9039 325.556 1.47433 -7.44381 64.3404 2.59691 -13 602 1 0 1
-72.6566 -18.1818 325.556 -14.1624 -4.09725 66.7975 0.669103 -13 603 1 0 1
50.0715 -21.003 325.556 7.00861 -3.71447 47.5506 2.64281 -13 604 1 0 1
-10.7624 -121.895 325.556 -1.64327 -23.8603 56.0651 2.24774 -13 605 1 0 1
35.0289 -9.28577 325.556 6.54819 -2.12694 66.9041 4.54138 -13 606 1 0 1
34.6647 64.2351 325.556 6.93973 16.9637 75.2524 1.03191 -13 607 1 0 1
-61.6933 22.0588 325.556 -13.3031 6.05365 72.0383 1.99607 -13 609 1 0 1
-27.2735 32.2679 325.556 -5.46595 8.18112 67.3426 0.245615 -13 610 1 0 1
-11.7605 -0.89662 325.556 -1.58797 -0.480755 54.1688 3.15759 -13 611 1 0 1
61.0467 22.8235 325.556 9.81919 4.79434 56.4034 -0.0442537 -13 612 1 0 1
64.3887 -52.5222 325.556 6.8952 -7.28244 38.4825 4.3442 -13 613 1 0 1
8.72898 -31.9847 325.556 1.65527 -7.42679 64.4382 1.67738 -13 614 1 0 1
-49.2246 -14.147 325.556 -10.8114 -4.07122 73.2534 2.64252 -13 615 1 0 1
11.4541 28.157 325.556 1.96339 7.72643 78.0866 1.53322 -13 616 1 0 1
7.53212 -42.002 325.556 1.32647 -8.99255 63.6376 1.30929 -13 617 1 0 1
-13.798 123.017 325.556 -2.13055 24.0553 55.018 1.21308 -13 618 1 0 1
61.5748 77.5147 325.556 8.78651 13.8925 49.9372 3.13938 -13 619 1 0 1
-25.9789 14.5483 325.556 -6.60265 3.7618 77.6767 -0.451997 -13 620 1 0 1
11.8306 -21.3581 325.556 2.12984 -3.93691 60.0083 2.77323 -13 621 1 0 1
49.8958 -132.602 325.556 7.69944 -24.8179 53.6864 2.65709 -13 622 1 0 1
1.30934 4.40648 325.556 0.350071 1.37087 60.8292 1.77705 -13 623 1 0 1
27.3426 18.0772 325.556 5.17947 3.79532 65.3092 1.67792 -13 624 1 0 1
-33.311 61.1521 325.556 -5.18221 11.5601 56.1362 1.36506 -13 625 1 0 1
18.7313 10.887 325.556 3.50324 2.34123 70.8691 4.32148 -13 626 1 0 1
-51.2363 45.4102 325.556 -11.8339 12.3179 75.2584 2.3886 -13 627 1 0 1
39.0313 -28.395 325.556 7.87102 -6.78742 71.7537 2.00428 -13 628 1 0 1
-7.0336 74.5827 325.556 -1.26372 16.7706 64.3223 2.19808 -13 629 1 0 1
-52.1031 47.7507 325.556 -9.34146 10.5098 62.2404 2.72081 -13 630 1 0 1
9.16332 12.7202 325.556 1.79685 2.70162 59.1716 1.46761 -13 631 1 0 1
-8.43578 -39.7278 325.556 -1.75986 -8.99345 66.6398 0.443822 -13 632 1 0 1
118.008 39.4856 325.556 18.2935 7.40813 54.8849 1.49248 -13 633 1 0 1
-61.4625 123.121 325.556 -9.70718 24.2134 55.7233 2.12836 -13 634 1 0 1
73.285 -1.84815 325.556 10.8434 -0.161207 51.8655 2.5638 -13 635 1 0 1
-43.9524 44.923 325.556 -9.5907 11.487 71.9612 -0.242135 -13 636 1 0 1
28.4325 -3.28676 325.556 5.55999 -1.02092 72.2781 1.94203 -13 637 1 0 1
-10.5158 -83.1021 325.556 -0.494951 -8.72459 27.402 4.07134 -13 638 1 0 1
24.6777 -46.9025 325.556 4.53732 -10.5539 65.6506 0.0160212 -13 639 1 0 1
36.9317 34.9906 325.556 4.12893 4.9293 39.1352 0.803674 -13 640 1 0 1
55.0948 -53.4076 325.556 9.65089 -11.4485 61.2525 0.768231 -13 641 1 0 1
18.0858 -42.263 325.556 3.1745 -8.18328 57.5328 2.13323 -13 642 1 0 1
-6.71308 -81.0688 325.556 -1.65156 -19.2756 69.086 1.53451 -13 643 1 0 1
-27.5101 -66.0576 325.556 -3.63881 -11.6878 49.4372 4.68345 -13 644 1 0 1
21.5788 -49.654 325.556 3.62927 -9.6662 56.6315 3.19853 -13 645 1 0 1
-46.484 15.1048 325.556 -10.1454 3.62178 71.7629 3.21074 -13 646 1 0 1
-74.1059 -2.79085 325.556 -17.3159 -0.471218 76.7026 0.2975 -13 647 1 0 1
28.3291 5.89578 325.556 5.49512 1.50865 68.2768 1.79617 -13 649 1 0 1
-12.1916 -25.2797 325.556 -3.08384 -6.03196 73.5628 2.77147 -13 650 1 0 1
6.57072 12.9664 325.556 1.07782 2.94435 68.1736 2.39514 -13 651 1 0 1
-15.4075 -27.7206 325.556 -3.07154 -6.394 65.7942 2.94836 -13 652 1 0 1
2.17862 -25.7358 325.556 0.199641 -5.74758 68.3716 2.51968 -13 653 1 0 1
43.7257 -19.2117 325.556 5.30137 -2.77272 40.6472 2.43415 -13 654 1 0 1
-27.416 -61.3692 325.556 -2.23245 -7.87513 34.0909 3.47076 -13 655 1 0 1
-54.147 67.996 325.556 -9.88985 15.0691 62.7069 1.9149 -13 656 1 0 1
-13.1591 -3.98762 325.556 -2.33121 -0.415882 61.495 2.64179 -13 657 1 0 1
-17.6619 -36.6922 325.556 -3.81334 -8.17993 68.8016 4.10489 -13 659 1 0 1
-1.27888 -24.0364 325.556 -0.415603 -5.40039 67.0634 0.403606 -13 660 1 0 1
-23.6119 -25.8011 325.556 -5.93672 -7.27636 76.2958 3.38627 -13 661 1 0 1
-29.2351 21.7198 325.556 -4.71486 4.35868 57.8412 1.85576 -13 662 1 0 1
35.4744 21.571 325.556 5.95037 4.51422 57.5242 2.57661 -13 663 1 0 1
-22.6722 -40.7173 325.556 -4.99707 -9.60003 70.0764 3.58885 -13 664 1 0 1
-19.8939 -21.8385 325.556 -5.04498 -5.89459 76.728 2.04756 -13 665 1 0 1
-49.0442 3.342 325.556 -8.52161 0.886716 61.2454 3.01826 -13 666 1 0 1
-0.130918 8.15234 325.556 0.0134355 1.80766 60.4755 -0.105428 -13 667 1 0 1
-13.1557 -53.9521 325.556 -1.00709 -7.03546 34.8962 3.95029 -13 668 1 0 1
6.71305 -66.3304 325.556 1.24028 -15.1678 66.7026 3.30024 -13 669 1 0 1
11.8633 -44.4119 325.556 2.14127 -10.7927 72.1347 1.84415 -13 670 1 0 1
54.9216 -61.2151 325.556 9.75425 -13.015 61.8272 2.51479 -13 671 1 0 1
47.1009 50.6807 325.556 7.4639 9.7889 55.961 3.74201 -13 672 1 0 1
1.29943 118.07 325.556 0.2854 23.2057 56.4121 2.50868 -13 673 1 0 1
55.7388 24.7238 325.556 9.76635 5.31455 62.1475 2.87514 -13 674 1 0 1
-12.1936 -73.294 325.556 -2.13118 -15.8001 61.5641 5.2028 -13 675 1 0 1
72.8923 36.7706 325.556 10.0841 6.54982 48.8769 2.26845 -13 676 1 0 1
58.5714 -10.3169 325.556 10.8876 -2.49185 66.1324 2.94143 -13 677 1 0 1
0.969523 49.7588 325.556 -0.110561 12.8804 71.2438 3.38229 -13 678 1 0 1
-40.8008 67.8215 325.556 -7.96964 15.4884 66.0178 1.95111 -13 679 1 0 1
-24.1763 14.1068 325.556 -3.61448 2.53564 55.9772 1.28785 -13 680 1 0 1
-10.5162 -28.3275 325.556 -2.61275 -7.82274 73.1504 -1.43292 -13 681 1 0 1
-0.957241 -118.958 325.556 0.192759 -14.5473 31.1293 3.52765 -13 682 1 0 1
95.67 57.575 325.556 16.3814 12.6085 60.558 4.13489 -13 683 1 0 1
-5.4581 -32.0019 325.556 -0.930969 -6.67845 61.3503 1.82407 -13 684 1 0 1
101.528 -47.2044 325.556 19.1674 -11.1864 66.9557 0.284263 -13 685 1 0 1
24.2452 50.9212 325.556 4.65169 12.1221 69.2354 2.29235 -13 686 1 0 1
37.8871 2.88742 325.556 5.93638 0.782998 53.479 3.94331 -13 687 1 0 1
-10.6925 21.1254 325.556 -2.17014 4.49345 66.5553 1.89486 -13 688 1 0 1
45.1486 -66.6963 325.556 7.76984 -14.01 59.4334 3.09884 -13 690 1 0 1
10.306 -3.06786 325.556 1.79795 -1.0447 64.8728 0.00723803 -13 691 1 0 1
-18.6994 -5.44638 325.556 -3.37476 -1.64682 62.3178 1.07199 -13 692 1 0 1
33.0086 2.43541 325.556 4.85971 -0.257619 50.815 4.18802 -13 693 1 0 1
2.23187 -39.7665 325.556 0.310406 -8.43016 64.7854 4.33554 -13 694 1 0 1
7.13521 42.5273 325.556 1.31658 9.45444 64.4063 2.33029 -13 696 1 0 1
-21.4166 34.556 325.556 -4.80438 8.55074 70.473 2.39628 -13 697 1 0 1
76.7412 -46.5161 325.556 9.5743 -7.06846 43.8206 1.97732 -13 699 1 0 1
0.353472 -19.2345 325.556 -0.312125 -4.75688 73.1979 3.21146 -13 700 1 0 1
17.355 47.0133 325.556 3.31131 11.5775 69.6764 3.22084 -13 701 1 0 1
34.6905 7.36529 325.556 4.49307 1.22798 44.5353 3.9596 -13 702 1 0 1
-43.5716 22.3987 325.556 -10.8992 5.76296 79.0777 -0.480121 -13 703 1 0 1
47.5978 66.0834 325.556 7.78295 13.2513 56.1218 1.73202 -13 704 1 0 1
12.3156 22.4423 325.556 2.09973 4.05572 53.745 3.68155 -13 705 1 0 1
-9.253 24.0581 325.556 -1.16937 4.62512 54.5434 0.640842 -13 706 1 0 1
-7.82457 20.2909 325.556 -1.997 5.64012 72.2154 5.1555 -13 707 1 0 1
-55.2476 -19.2612 325.556 -9.13806 -3.90984 58.6805 2.64431 -13 708 1 0 1
-4.2587 -35.4893 325.556 -0.830996 -8.25403 65.4902 2.04547 -13 709 1 0 1
15.4453 -22.5984 325.556 2.23962 -3.87558 44.5064 1.6681 -13 710 1 0 1
30.5685 1.48779 325.556 4.55386 -0.0380252 50.9032 2.04317 -13 711 1 0 1
0.610421 -36.1886 325.556 -0.122146 -8.45571 69.0189 3.28353 -13 712 1 0 1
-22.6903 -43.2567 325.556 -6.24191 -12.0405 80.0355 1.73571 -13 713 1 0 1
11.1244 -4.27227 325.556 1.80181 -1.05206 49.8904 4.05786 -13 714 1 0 1
-18.7898 33.4331 325.556 -4.20926 8.35946 70.9629 0.78807 -13 715 1 0 1
54.9301 49.8184 325.556 7.99722 8.7277 49.9838 3.63479 -13 716 1 0 1
-4.85234 -20.4708 325.556 -0.480503 -3.87424 52.8098 4.08888 -13 717 1 0 1
-28.6333 -1.1707 325.556 -6.37461 -0.561826 72.101 2.78559 -13 718 1 0 1
12.0131 17.6672 325.556 2.20228 4.65476 71.8991 1.74625 -13 719 1 0 1
-1.27487 62.6761 325.556 -0.307099 14.0618 65.0202 4.06398 -13 720 1 0 1
27.0654 -54.0811 325.556 5.22361 -13.0441 70.8734 1.78306 -13 721 1 0 1
42.5298 -53.7444 325.556 6.80683 -10.4607 55.0552 0.705222 -13 722 1 0 1
2.03916 -24.6894 325.556 0.356007 -4.91304 61.7 0.842198 -13 723 1 0 1
-0.780893 51.3387 325.556 -0.539845 12.3857 71.9643 3.85224 -13 724 1 0 1
-20.8442 57.2547 325.556 -3.11511 10.7705 54.9278 1.95851 -13 725 1 0 1
80.6597 -67.4618 325.556 12.1792 -12.5633 52.8938 1.34603 -13 726 1 0 1
40.1279 18.083 325.556 5.17457 2.9343 44.7721 4.56896 -13 727 1 0 1
39.5849 149.399 325.556 4.3305 21.4774 38.4212 2.63163 -13 728 1 0 1
11.5952 -25.9123 325.556 1.95507 -6.56706 76.2128 -0.0451349 -13 729 1 0 1
-11.1291 -69.9382 325.556 -0.672639 -8.93418 35.5548 2.98307 -13 730 1 0 1
-17.9786 -19.1231 325.556 -3.94445 -4.39371 70.4374 0.630102 -13 731 1 0 1
-21.1489 40.3298 325.556 -4.33076 9.17016 68.4658 3.91917 -13 732 1 0 1
-24.7193 -7.77805 325.556 -2.87528 -1.60584 46.5843 2.1222 -13 733 1 0 1
14.6712 -7.24527 325.556 2.807 -2.88219 71.511 4.09999 -13 734 1 0 1
112.583 41.6959 325.556 13.9483 6.44705 45.1132 1.48787 -13 735 1 0 1
26.8833 38.9892 325.556 3.76271 6.4922 47.1116 2.3127 -13 736 1 0 1
-14.4949 44.7219 325.556 -2.53171 9.51983 62.6625 4.09159 -13 737 1 0 1
-2.83715 -3.23402 325.556 -0.428127 -0.406748 57.7436 3.67916 -13 738 1 0 1
27.3567 -8.31021 325.556 4.71225 -1.40612 59.3343 0.960622 -13 739 1 0 1
-33.4844 5.66868 325.556 -7.51939 1.34132 72.8788 2.60785 -13 740 1 0 1
106.161 0.144044 325.556 5.72312 0.0729346 23.0677 6.62594 -13 741 1 0 1
-57.7846 13.6435 325.556 -6.47865 2.24153 43.0538 0.501033 -13 742 1 0 1
-15.802 24.5712 325.556 -3.56695 6.26767 71.9057 3.17224 -13 743 1 0 1
-18.0352 34.9377 325.556 -2.67503 6.49428 55.5964 2.47232 -13 744 1 0 1
43.5003 49.6024 325.556 8.58269 11.9969 71.741 3.8091 -13 745 1 0 1
-14.209 -30.6901 325.556 -3.01439 -7.17496 68.2241 0.0893649 -13 746 1 0 1
4.81487 -13.6105 325.556 0.7995 -3.12151 68.0389 2.08703 -13 747 1 0 1
-28.7866 12.3654 325.556 -3.64161 2.27868 49.0578 0.623784 -13 748 1 0 1
16.6121 -32.969 325.556 3.08688 -8.23084 72.9135 2.9515 -13 749 1 0 1
-0.0897513 22.5886 325.556 0.00352718 4.1107 64.0027 2.69908 -13 750 1 0 1
-13.2794 57.1893 325.556 -1.75267 10.66 52.2324 2.33176 -13 751 1 0 1
-11.0356 66.7616 325.556 -2.22343 15.5884 66.2754 1.46541 -13 752 1 0 1
-8.39097 6.84553 325.556 -1.51794 1.15206 64.3847 0.944519 -13 753 1 0 1
-39.9128 -5.36467 325.556 -8.29317 -1.07079 69.9286 2.19091 -13 754 1 0 1
-0.58221 -13.2576 325.556 -0.664404 -3.57201 75.7571 0.347449 -13 755 1 0 1
29.3195 44.8237 325.556 5.56073 10.8624 67.825 0.879373 -13 756 1 0 1
73.5344 -33.0293 325.556 11.067 -5.90568 52.435 1.21078 -13 757 1 0 1
15.793 -33.1289 325.556 2.84188 -6.94629 56.4812 2.53495 -13 758 1 0 1
30.0657 -90.991 325.556 5.14844 -19.2867 60.4948 3.23381 -13 759 1 0 1
21.8688 -18.7134 325.556 3.612 -3.66315 54.9677 2.42414 -13 760 1 0 1
13.2067 -36.511 325.556 2.28065 -7.28278 59.3531 2.79168 -13 761 1 0 1
-52.7004 32.7765 325.556 -4.71098 4.46376 35.3718 2.25878 -13 762 1 0 1
59.4887 34.7447 325.556 10.1676 7.61933 60.0902 3.36287 -13 763 1 0 1
18.731 14.1693 325.556 3.5679 3.51757 70.6018 -0.732022 -13 764 1 0 1
-8.27824 -31.2485 325.556 -1.45417 -7.09076 64.8227 1.41868 -13 765 1 0 1
53.5354 109.865 325.556 4.01476 11.7591 27.6726 2.77888 -13 766 1 0 1
16.6607 -16.6632 325.556 2.90487 -3.5412 58.9825 1.6626 -13 767 1 0 1
38.7109 -105.197 325.556 7.06743 -23.4241 64.2726 2.62655 -13 768 1 0 1
30.1071 -4.087 325.556 3.6184 -0.855937 40.1524 2.98718 -13 769 1 0 1
-33.8787 -32.8836 325.556 -7.14247 -8.8175 70.4478 0.822122 -13 770 1 0 1
24.3075 -114.994 325.556 2.71776 -15.7179 36.7042 2.3907 -13 771 1 0 1
36.0868 7.07183 325.556 5.95831 1.22701 55.8723 2.01997 -13 772 1 0 1
30.2001 2.46354 325.556 6.12449 0.751022 76.7994 2.27502 -13 773 1 0 1
-29.5619 -12.125 325.556 -4.7599 -2.21649 58.3911 3.06965 -13 774 1 0 1
73.5168 -25.9361 325.556 12.703 -5.65637 60.3468 2.01628 -13 775 1 0 1
-12.9687 36.5882 325.556 -1.8327 7.09187 55.1642 4.74009 -13 776 1 0 1
-30.587 -36.1241 325.556 -6.12685 -8.53573 67.2375 1.89459 -13 777 1 0 1
0.194578 63.5031 325.556 0.278583 10.6739 45.6412 5.15566 -13 778 1 0 1
-60.0283 -17.7337 325.556 -11.8362 -4.04322 67.3412 3.61975 -13 779 1 0 1
28.6661 -1.17042 325.556 5.63245 -0.199995 67.7067 1.00542 -13 780 1 0 1
-17.2318 10.9511 325.556 -3.3698 2.23348 66.1809 1.82877 -13 781 1 0 1
-27.4553 -33.9891 325.556 -5.03059 -7.36312 63.0199 2.52014 -13 782 1 0 1
49.5819 -24.5283 325.556 8.41547 -4.84124 58.7926 3.10118 -13 783 1 0 1
-58.6339 -100.111 325.556 -10.5435 -21.9523 62.2589 1.18062 -13 784 1 0 1
-59.2426 -24.3765 325.556 -13.9465 -7.10169 76.6961 1.57501 -13 785 1 0 1
70.2949 17.3102 325.556 9.41583 2.70034 47.1919 1.49209 -13 787 1 0 1
-60.2574 -0.04692 325.556 -10.5172 -0.181807 61.1445 1.13266 -13 788 1 0 1
39.9754 -9.96307 325.556 7.94072 -2.90121 70.8543 2.29248 -13 789 1 0 1
12.0349 -26.1077 325.556 2.05907 -5.86992 60.2423 4.08125 -13 790 1 0 1
25.5273 -65.1277 325.556 4.83061 -15.3357 67.0324 0.511685 -13 791 1 0 1
-18.2134 -5.97025 325.556 -3.58535 -1.31267 66.9546 4.11511 -13 792 1 0 1
31.6971 -8.94702 325.556 4.92502 -1.91773 53.2138 4.05921 -13 793 1 0 1
17.1911 -46.8545 325.556 3.28775 -10.8005 68.9669 2.17572 -13 794 1 0 1
-38.1447 -57.9232 325.556 -5.96966 -11.3607 55.728 -0.203763 -13 795 1 0 1
-34.763 7.74842 325.556 -5.62203 1.52765 58.7433 2.01098 -13 796 1 0 1
6.66744 -9.65959 325.556 1.19997 -2.00116 48.3399 1.6223 -13 797 1 0 1
-6.95488 78.1219 325.556 -2.01643 19.6521 73.1984 3.82414 -13 798 1 0 1
0.254265 25.1043 325.556 0.0264211 5.33435 63.5276 2.90423 -13 799 1 0 1
-51.2506 34.8588 325.556 -8.56846 7.45116 59.1283 3.30602 -13 800 1 0 1
40.9974 9.24777 325.556 8.09909 1.58978 68.9549 4.11934 -13 801 1 0 1
-7.99222 -40.1223 325.556 -1.63085 -9.40578 66.1756 0.658757 -13 802 1 0 1
6.73043 15.578 325.556 0.90582 4.6618 75.8599 0.0855803 -13 803 1 0 1
81.6504 7.02181 325.556 11.5162 1.31827 49.9109 1.91885 -13 804 1 0 1
6.87776 -4.36323 325.556 0.604389 -0.383704 23.8593 4.21303 -13 805 1 0 1
17.5429 -11.717 325.556 2.97258 -2.40449 56.6288 3.15879 -13 806 1 0 1
-29.0983 -49.0716 325.556 -5.57558 -10.8793 65.9764 2.34109 -13 807 1 0 1
-81.5228 34.6017 325.556 -5.87175 3.87475 29.7931 5.18504 -13 808 1 0 1
-39.8933 3.26808 325.556 -7.49422 0.696652 64.9215 1.41497 -13 809 1 0 1
-28.3449 -15.4266 325.556 -6.94146 -4.28424 76.7404 1.08819 -13 810 1 0 1
6.183 13.5995 325.556 1.1105 3.51975 70.6246 1.64097 -13 811 1 0 1
-36.8361 -33.036 325.556 -3.61535 -4.51049 39.2858 4.87676 -13 812 1 0 1
37.5797 57.961 325.556 6.1022 11.566 56.0193 2.95351 -13 813 1 0 1
-0.536904 7.04648 325.556 -0.036942 1.88679 62.6842 2.72266 -13 814 1 0 1
38.304 39.5842 325.556 6.1631 7.69783 55.1595 0.157933 -13 815 1 0 1
-0.993916 -14.4217 325.556 -0.899658 -3.74503 77.0385 3.24191 -13 816 1 0 1
20.1313 -3.98126 325.556 2.58047 -0.545489 39.7494 1.20218 -13 817 1 0 1
29.2038 -61.856 325.556 4.24338 -10.8331 48.4873 2.33451 -13 820 1 0 1
-11.0243 -12.1337 325.556 -1.41502 -1.92011 52.8389 0.533097 -13 821 1 0 1
-45.7541 13.5383 325.556 -12.0084 3.08422 80.5449 2.34056 -13 822 1 0 1
31.1746 -8.54996 325.556 5.28922 -1.93319 57.1421 2.06015 -13 823 1 0 1
-21.896 -28.2889 325.556 -3.89011 -6.03134 61.179 2.31846 -13 825 1 0 1
8.04493 37.8458 325.556 1.38769 9.01748 66.669 0.527698 -13 826 1 0 1
11.9083 -65.2064 325.556 2.14913 -14.2236 61.9009 4.68891 -13 827 1 0 1
12.7092 -2.47601 325.556 2.44147 -0.877627 65.0231 -0.507569 -13 828 1 0 1
60.6722 -121.438 325.556 7.92064 -20.3724 46.4941 3.32516 -13 829 1 0 1
10.6974 -49.0479 325.556 1.93066 -10.9268 64.1368 1.80955 -13 830 1 0 1
17.209 -16.3807 325.556 3.15302 -3.95864 65.8229 3.9188 -13 831 1 0 1
0.707986 -43.4009 325.556 0.310799 -8.50636 55.61 2.54826 -13 832 1 0 1
-7.77964 -19.1428 325.556 -1.40173 -4.14398 62.0084 2.38905 -13 833 1 0 1
-7.44272 -45.3876 325.556 -1.18235 -9.22261 60.3681 1.82812 -13 834 1 0 1
-26.3835 -62.5573 325.556 -6.71483 -16.5335 76.7494 0.815546 -13 835 1 0 1
30.4929 63.9385 325.556 5.51298 14.4663 64.974 1.8452 -13 836 1 0 1
54.049 -65.6218 325.556 10.0245 -14.2292 65.4041 2.99398 -13 837 1 0 1
21.4469 16.3021 325.556 4.13428 3.51206 71.7312 0.5 -13 838 1 0 1
5.56726 -41.2939 325.556 1.10498 -7.68005 55.4002 1.78285 -13 839 1 0 1
-37.4255 31.751 325.556 -6.38245 6.48211 60.0016 4.49981 -13 840 1 0 1
-12.9025 39.0058 325.556 -2.01418 7.61763 58.5236 0.278598 -13 841 1 0 1
-21.2455 -9.96405 325.556 -4.93692 -2.33054 73.4629 0.825089 -13 842 1 0 1
-23.264 -63.3456 325.556 -5.47979 -16.4503 72.9799 2.30258 -13 843 1 0 1
-30.2469 64.1942 325.556 -4.88325 12.952 57.999 3.01627 -13 844 1 0 1
26.1417 -1.42741 325.556 4.59353 -0.0656741 60.2792 3.0426 -13 845 1 0 1
62.4682 -79.9346 325.556 6.25088 -10.5008 36.4133 3.5582 -13 846 1 0 1
41.6114 -38.8197 325.556 6.97601 -7.12171 57.8188 0.962249 -13 847 1 0 1
-27.805 -9.84518 325.556 -4.22692 -2.20601 55.5158 1.38532 -13 848 1 0 1
-46.4296 -17.8541 325.556 -6.85558 -3.17374 53.6088 0.254381 -13 849 1 0 1
51.5643 -60.7402 325.556 9.78203 -13.9496 67.227 1.04237 -13 850 1 0 1
-18.2194 30.2834 325.556 -2.99969 6.03458 59.7091 1.59918 -13 851 1 0 1
28.0347 -6.87488 325.556 5.53548 -1.66228 75.7055 2.27353 -13 852 1 0 1
2.62994 23.5017 325.556 0.517442 5.03481 62.0432 3.10252 -13 853 1 0 1
-14.9385 -11.0884 325.556 -3.36629 -3.14513 69.4891 1.0449 -13 854 1 0 1
-21.9214 52.6258 325.556 -3.82238 11.205 61.507 2.15595 -13 855 1 0 1
-54.4929 -22.7607 325.556 -8.95649 -5.16211 58.049 2.45759 -13 856 1 0 1
9.76744 -4.7281 325.556 1.83855 -0.47335 66.0706 1.05942 -13 857 1 0 1
-92.3411 21.0982 325.556 -17.0243 4.53198 63.9174 -0.389764 -13 858 1 0 1
6.61432 -6.09359 325.556 1.32158 -0.991276 55.4341 3.78114 -13 859 1 0 1
-17.496 18.618 325.556 -3.56669 4.37094 67.8431 3.22091 -13 860 1 0 1
-11.7028 -28.3824 325.556 -3.19264 -7.51766 76.9468 -0.0695109 -13 861 1 0 1
-1.97768 28.9791 325.556 -0.383171 6.56689 63.8281 1.89758 -13 862 1 0 1
-67.084 -44.4264 325.556 -11.1716 -8.86627 58.5859 2.32403 -13 863 1 0 1
-7.59225 6.87278 325.556 -1.30322 1.61417 62.6873 1.39519 -13 864 1 0 1
-14.5588 -23.803 325.556 -2.11063 -4.28216 55.3494 3.98059 -13 865 1 0 1
20.4385 75.5115 325.556 3.34125 14.9897 55.4977 2.14166 -13 866 1 0 1
24.8682 30.5655 325.556 4.92744 7.48602 74.5776 1.13666 -13 867 1 0 1
-26.3287 3.39854 325.556 -6.83374 0.593486 78.4772 0.100375 -13 868 1 0 1
-102.345 -75.3364 325.556 -16.1715 -14.7518 56.246 1.54039 -13 869 1 0 1
3.35421 -31.6281 325.556 0.617196 -6.78274 59.9403 2.82581 -13 870 1 0 1
11.1873 -87.9261 325.556 1.95592 -19.6613 64.1668 0.797807 -13 871 1 0 1
-19.2939 -12.7028 325.556 -3.91666 -2.73426 67.6372 0.778265 -13 872 1 0 1
18.8159 -7.5003 325.556 3.63917 -2.13894 71.8292 0.75221 -13 873 1 0 1
-18.3251 41.004 325.556 -3.68457 9.45372 66.636 4.50778 -13 874 1 0 1
-24.6818 -30.7865 325.556 -4.45765 -6.79359 62.7682 2.21834 -13 875 1 0 1
15.7345 35.4911 325.556 2.91284 8.85565 74.8155 1.78251 -13 876 1 0 1
16.9297 60.4386 325.556 3.24216 14.7874 68.0325 -0.104049 -13 877 1 0 1
-2.18705 54.1628 325.556 -0.887083 13.8315 72.4571 -1.88501 -13 878 1 0 1
-32.0274 21.8104 325.556 -4.30811 3.80866 51.4819 3.46944 -13 879 1 0 1
26.3993 -35.219 325.556 5.09893 -8.32726 68.2465 2.70434 -13 880 1 0 1
17.0935 -35.9141 325.556 2.90519 -7.08641 56.7301 3.97314 -13 881 1 0 1
48.4061 88.0079 325.556 9.68739 21.7541 72.2902 1.27704 -13 882 1 0 1
56.8675 89.4511 325.556 9.92436 19.4941 62.0109 1.68402 -13 883 1 0 1
82.3906 35.1173 325.556 8.35629 4.81012 36.6205 2.8948 -13 885 1 0 1
9.32773 -18.7227 325.556 1.37882 -5.79968 79.6909 4.03813 -13 886 1 0 1
-51.3968 43.0207 325.556 -10.6745 10.1106 69.5012 2.37379 -13 887 1 0 1
5.11406 23.1362 325.556 1.05324 4.1524 55.4064 2.21282 -13 888 1 0 1
-6.79981 -21.5643 325.556 -0.961555 -4.20924 57.4185 1.48714 -13 889 1 0 1
31.691 -73.575 325.556 5.94802 -17.0474 66.927 0.758429 -13 890 1 0 1
24.6059 -8.20495 325.556 2.57437 -0.988776 35.1304 2.02087 -13 891 1 0 1
-33.5891 -32.3062 325.556 -7.21849 -7.31741 71.0028 2.25679 -13 892 1 0 1
-49.4855 10.6206 325.556 -8.09842 2.41019 58.7239 0.412525 -13 893 1 0 1
29.598 -18.5243 325.556 6.04804 -4.62655 76.1019 1.70515 -13 894 1 0 1
-69.1196 81.5897 325.556 -14.5885 20.6336 70.0681 3.3748 -13 895 1 0 1
-29.8146 73.4925 325.556 -6.022 17.2705 67.6295 0.201644 -13 896 1 0 1
-6.38333 -32.6772 325.556 -0.71865 -5.63297 49.1436 0.600288 -13 897 1 0 1
13.9392 -6.45242 325.556 2.3136 -1.10763 55.6921 1.45176 -13 898 1 0 1
66.8488 20.5424 325.556 11.664 4.55695 60.7839 1.74039 -13 899 1 0 1
16.2493 -2.69574 325.556 3.03295 -1.05486 68.6004 2.42075 -13 901 1 0 1
62.2346 -21.3743 325.556 9.74847 -4.32895 54.4459 2.7558 -13 902 1 0 1
-2.51173 -42.4574 325.556 -1.07594 -9.99193 74.6155 2.89616 -13 903 1 0 1
23.7358 -15.4495 325.556 4.03117 -3.49876 58.8162 3.98959 -13 904 1 0 1
-69.6849 20.6717 325.556 -16.4458 5.62616 77.1864 1.85214 -13 905 1 0 1
-53.5889 -25.9013 325.556 -8.06107 -4.83443 54.7126 3.44347 -13 906 1 0 1
6.53633 48.1707 325.556 1.10967 10.809 67.4928 2.16508 -13 907 1 0 1
-20.1104 -46.3113 325.556 -1.73544 -6.28812 37.3452 3.16216 -13 908 1 0 1
-10.7417 -17.2503 325.556 -2.79912 -3.936 73.6525 2.42936 -13 909 1 0 1
-15.1308 -25.1783 325.556 -3.37214 -6.11572 70.4057 1.63387 -13 910 1 0 1
1.327 136.185 325.556 0.330131 19.5067 38.4548 2.24421 -13 911 1 0 1
25.8155 72.1856 325.556 3.96256 13.3235 54.3059 1.37644 -13 912 1 0 1
-20.2531 54.1012 325.556 -5.7477 15.0975 78.6139 2.98225 -13 913 1 0 1
-86.8631 39.2034 325.556 -17.5111 9.83295 68.8615 2.84693 -13 914 1 0 1
23.9029 -45.6974 325.556 4.23135 -9.44368 61.1875 1.12867 -13 915 1 0 1
-76.2392 9.96631 325.556 -18.5333 2.8582 78.0526 6.00702 -13 916 1 0 1
-3.64986 65.7638 325.556 -0.0675451 9.83301 40.6877 2.52538 -13 917 1 0 1
-59.0174 42.39 325.556 -12.5285 10.258 70.8948 3.83076 -13 918 1 0 1
-16.2967 15.2598 325.556 -3.18995 3.20411 66.4163 1.26434 -13 919 1 0 1
-44.9616 -4.8688 325.556 -11.1439 -0.893203 78.8721 2.12199 -13 920 1 0 1
49.6933 -20.3749 325.556 4.73307 -2.93037 34.2232 3.58115 -13 921 1 0 1
-43.2591 -51.8899 325.556 -10.9999 -13.7751 79.2474 4.11301 -13 922 1 0 1
-29.8062 -3.03634 325.556 -4.92766 -0.646107 58.9344 1.88511 -13 923 1 0 1
-7.75835 13.5191 325.556 -1.7091 2.88815 68.4629 0.782287 -13 924 1 0 1
-2.11347 42.1548 325.556 -0.412534 9.18984 62.6281 2.31983 -13 925 1 0 1
-29.2182 23.4363 325.556 -7.23278 5.87732 77.0414 3.06595 -13 926 1 0 1
-10.6644 -10.5425 325.556 -2.07158 -1.98351 67.8954 2.39005 -13 927 1 0 1
19.8734 -25.4401 325.556 3.43635 -5.25033 58.0299 1.83113 -13 928 1 0 1
-12.3747 7.21619 325.556 -2.74697 1.70829 70.3879 3.12866 -13 930 1 0 1
42.8418 -12.4588 325.556 7.68696 -3.03613 62.9029 3.94182 -13 931 1 0 1
-11.951 -40.2644 325.556 -1.55342 -7.46927 52.461 4.11382 -13 932 1 0 1
25.15 61.6182 325.556 4.72586 14.6751 67.8044 2.87757 -13 933 1 0 1
-30.6259 28.9095 325.556 -7.11148 7.48601 74.0526 1.18191 -13 934 1 0 1
-65.844 15.1193 325.556 -10.8433 3.00791 58.1112 3.0144 -13 935 1 0 1
65.1979 -2.52178 325.556 11.361 -0.0819269 60.3038 2.0498 -13 936 1 0 1
-16.9486 -18.2016 325.556 -4.07987 -4.05837 73.2623 1.5312 -13 938 1 0 1
4.77932 -18.5497 325.556 0.993376 -3.91225 61.2965 1.4291 -13 939 1 0 1
-5.04265 18.7634 325.556 -0.784536 4.13505 60.5328 1.95749 -13 940 1 0 1
-23.036 31.8061 325.556 -4.50666 7.58404 66.4495 2.08371 -13 941 1 0 1
44.8768 -9.94719 325.556 8.94882 -2.45128 71.8492 2.32532 -13 942 1 0 1
21.0788 -15.1571 325.556 3.96063 -3.35259 67.8904 3.25608 -13 943 1 0 1
-9.45657 20.6047 325.556 -1.13432 4.18244 52.4463 1.79404 -13 944 1 0 1
-13.5122 91.9518 325.556 -3.06169 22.2339 69.1123 2.71834 -13 945 1 0 1
0.244147 41.5363 325.556 0.279143 6.66439 45.0002 1.77792 -13 946 1 0 1
34.2795 5.00814 325.556 6.38296 1.45907 65.1362 0.718604 -13 947 1 0 1
50.9898 -29.3229 325.556 7.39603 -4.98772 50.5124 3.60651 -13 948 1 0 1
-36.3673 -22.1348 325.556 -5.25448 -4.16401 54.1331 2.58644 -13 949 1 0 1
-14.3553 25.7027 325.556 -2.73075 5.59644 65.823 1.94628 -13 950 1 0 1
134.397 -39.9906 325.556 19.4848 -7.0839 52.3605 2.93414 -13 951 1 0 1
30.9335 -28.3718 325.556 5.32087 -5.84074 59.2747 4.70068 -13 952 1 0 1
14.4104 -29.7201 325.556 2.42976 -6.2386 59.5738 2.28922 -13 953 1 0 1
7.21206 -98.1886 325.556 1.28534 -18.5054 53.6208 1.96905 -13 954 1 0 1
21.4877 -31.3215 325.556 3.7425 -7.11069 60.7947 2.53878 -13 955 1 0 1
-12.0675 17.2971 325.556 -1.7137 2.95871 54.5998 2.07234 -13 956 1 0 1
-43.5392 -33.9471 325.556 -6.97262 -7.11802 57.3374 1.0741 -13 957 1 0 1
-56.7636 -4.61234 325.556 -14.5635 -1.44371 79.4247 0.883374 -13 958 1 0 1
57.1344 -34.8419 325.556 10.0185 -7.50207 61.485 2.39664 -13 959 1 0 1
-35.7295 -12.7938 325.556 -8.14166 -3.37557 73.6987 -0.261168 -13 960 1 0 1
30.3085 -34.4049 325.556 5.01761 -6.40018 55.2513 2.34095 -13 961 1 0 1
51.2043 -20.2468 325.556 5.14522 -2.65211 35.4382 3.84278 -13 962 1 0 1
58.4474 -23.395 325.556 11.1162 -6.20086 67.3593 3.86224 -13 963 1 0 1
-2.25559 7.18776 325.556 -0.297794 1.37883 62.5265 3.90782 -13 964 1 0 1
-14.759 -47.5902 325.556 -2.80892 -10.6898 64.1678 3.34473 -13 965 1 0 1
-39.8275 -14.7682 325.556 -5.84946 -2.38264 53.8239 4.50851 -13 966 1 0 1
43.4799 12.268 325.556 6.91572 2.49184 54.0462 2.77233 -13 967 1 0 1
-96.8357 -3.01518 325.556 -16.9911 -0.866821 61.4608 0.988946 -13 968 1 0 1
23.9805 -39.5959 325.556 3.70667 -7.11341 50.1077 2.91485 -13 969 1 0 1
32.8969 -41.6161 325.556 6.00659 -9.40843 64.1794 1.86772 -13 970 1 0 1
14.7022 21.2774 325.556 2.8008 5.42777 68.0379 0.718578 -13 971 1 0 1
-6.5824 83.7801 325.556 -0.214487 9.81699 30.4184 2.6445 -13 972 1 0 1
-10.8801 12.1126 325.556 -0.720519 1.65212 33.7261 2.49936 -13 973 1 0 1
-22.1561 25.3823 325.556 -4.58863 6.04358 69.0938 1.23145 -13 974 1 0 1
-34.7341 1.39412 325.556 -7.90965 1.04795 74.3282 3.42157 -13 975 1 0 1
-18.4058 -63.3378 325.556 -3.18001 -13.1089 60.8204 2.40749 -13 977 1 0 1
-34.9423 -13.8811 325.556 -7.59571 -3.60736 71.1284 0.397751 -13 979 1 0 1
-42.8628 -8.93235 325.556 -7.15751 -1.94316 59.3718 0.667369 -13 980 1 0 1
-23.6523 -60.0388 325.556 -4.29079 -13.226 61.9119 1.33459 -13 981 1 0 1
18.2341 46.3253 325.556 3.37686 9.96435 64.1634 1.29359 -13 982 1 0 1
-0.445081 14.7881 325.556 -0.467191 4.38764 73.364 1.46583 -13 983 1 0 1
162.788 -94.9248 325.556 13.3597 -11.4514 32.9851 4.78618 -13 984 1 0 1
26.3604 36.729 325.556 4.63016 7.69356 59.9291 2.94837 -13 985 1 0 1
-34.1057 -24.8111 325.556 -5.945 -5.11715 61.1341 1.73241 -13 986 1 0 1
16.697 -88.0134 325.556 2.86708 -18.3199 59.3576 2.52558 -13 987 1 0 1
-30.6228 121.388 325.556 -1.397 10.6956 21.937 4.7519 -13 988 1 0 1
9.51282 -31.4812 325.556 1.75603 -7.31637 69.7745 2.9256 -13 989 1 0 1
-10.1944 -32.0238 325.556 -2.2596 -8.16585 69.6916 2.14048 -13 990 1 0 1
-25.3697 44.1371 325.556 -3.37354 7.62439 51.086 0.125809 -13 991 1 0 1
-33.0261 38.7218 325.556 -3.4093 5.70163 41.7917 3.62499 -13 992 1 0 1
34.329 -37.066 325.556 5.21568 -6.43641 50.0499 4.01827 -13 993 1 0 1
86.8615 -164.478 325.556 10.0056 -24.9157 41.7092 2.00582 -13 994 1 0 1
36.2125 18.4182 325.556 6.66616 4.18021 64.1568 0.174395 -13 995 1 0 1
-35.4755 0.845052 325.556 -7.24279 0.149702 68.6116 2.09305 -13 996 1 0 1
-4.59787 20.7086 325.556 -0.379695 3.56667 48.2617 4.86604 -13 997 1 0 1
10.8196 -125.472 325.556 0.577548 -8.84662 15.9639 6.94069 -13 998 1 0 1
43.0682 -8.91175 325.556 7.06624 -1.6694 56.6778 2.14518 -13 999 1 0 1
-13.9319 -33.4259 325.556 -1.6155 -5.64645 47.7375 1.9325 -13 1000 1 0 1
-29.1523 -18.1758 325.556 -6.37007 -4.55623 71.8413 1.10208 -13 1001 1 0 1
1.59283 69.8374 325.556 0.420323 12.4803 51.2442 1.04544 -13 1002 1 0 1
-12.8691 9.20478 325.556 -1.11345 1.62856 39.8088 2.88801 -13 1003 1 0 1
14.9957 -41.7404 325.556 2.88587 -9.04144 66.8939 2.75675 -13 1004 1 0 1
-20.7253 -38.3629 325.556 -1.82116 -5.32223 36.7962 2.45042 -13 1005 1 0 1
-24.9444 18.8064 325.556 -4.4973 3.96721 62.8064 4.14629 -13 1006 1 0 1
-45.8369 -19.0996 325.556 -9.72374 -4.51689 70.835 2.89982 -13 1007 1 0 1
-48.1127 -46.3607 325.556 -10.2386 -11.2621 71.0907 4.79488 -13 1008 1 0 1
-5.56556 65.5289 325.556 -0.888939 13.4252 59.5765 1.92978 -13 1009 1 0 1
-64.506 -53.9735 325.556 -13.7168 -13.2007 70.751 3.91104 -13 1010 1 0 1
34.1499 -27.5322 325.556 4.7616 -4.66164 46.4361 2.13831 -13 1011 1 0 1
-6.57123 12.4353 325.556 -1.51669 2.49147 70.2752 1.63082 -13 1012 1 0 1
-24.6327 -5.72442 325.556 -4.5641 -1.76648 64.4936 0.506226 -13 1013 1 0 1
-11.5373 21.1085 325.556 -3.10397 5.57607 76.2372 -0.155813 -13 1014 1 0 1
8.48617 -3.84432 325.556 1.59911 -0.742657 66.2493 2.06872 -13 1015 1 0 1
14.6085 -37.4678 325.556 2.62424 -7.69769 58.9153 2.43929 -13 1016 1 0 1
-54.0704 61.9524 325.556 -10.8561 14.35 67.8282 2.83224 -13 1017 1 0 1
4.18394 49.2381 325.556 0.776836 9.21612 50.6208 0.944847 -13 1018 1 0 1
-28.671 91.7488 325.556 -4.87707 18.5037 58.9548 1.66691 -13 1019 1 0 1
13.2144 -11.766 325.556 2.34677 -2.33423 61.7148 2.425 -13 1020 1 0 1
-1.60773 -55.4283 325.556 -0.377154 -12.6074 63.1123 2.79441 -13 1021 1 0 1
20.776 -73.0096 325.556 3.92407 -17.1887 69.2558 3.00092 -13 1022 1 0 1
31.407 -33.8766 325.556 5.57166 -7.1683 61.7838 0.179166 -13 1023 1 0 1
-41.2019 26.0135 325.556 -10.2809 6.71594 78.6189 1.87811 -13 1024 1 0 1
43.8398 18.9509 325.556 2.95626 1.63498 25.4829 1.57127 -13 1025 1 0 1
9.08851 -20.0441 325.556 1.41016 -5.18391 78.5037 1.49257 -13 1026 1 0 1
-9.2192 -1.22434 325.556 -2.60269 -0.443537 76.096 1.77998 -13 1027 1 0 1
-2.92957 -44.7299 325.556 -0.356202 -9.39416 61.3499 2.44456 -13 1028 1 0 1
36.9844 27.5546 325.556 6.47584 5.89347 60.5203 0.882736 -13 1029 1 0 1
14.9947 39.8468 325.556 2.5696 8.07845 58.4284 1.25175 -13 1030 1 0 1
-92.2595 -12.151 325.556 -21.096 -3.10594 75.8077 2.89747 -13 1031 1 0 1
-23.4633 -32.5309 325.556 -4.41237 -7.68216 64.697 3.14847 -13 1032 1 0 1
33.4181 -15.3154 325.556 5.32521 -3.00537 54.7531 2.00182 -13 1033 1 0 1
-30.1247 2.10345 325.556 -5.63208 0.297817 65.309 3.14745 -13 1034 1 0 1
4.44252 55.1164 325.556 0.875334 10.4967 53.8142 2.09472 -13 1035 1 0 1
-5.57998 28.3346 325.556 -1.39938 6.66771 70.0859 0.957599 -13 1036 1 0 1
-75.5692 109.06 325.556 -8.75119 17.0186 43.3911 2.70944 -13 1037 1 0 1
-24.9823 -52.6699 325.556 -4.0932 -10.7887 57.5518 1.62266 -13 1038 1 0 1
-7.52156 29.4269 325.556 -1.10644 6.25375 58.3574 0.82577 -13 1039 1 0 1
50.5571 -6.33445 325.556 10.0795 -1.60495 70.1022 3.59101 -13 1040 1 0 1
18.8987 -16.0492 325.556 3.55472 -3.26618 67.7883 1.64735 -13 1041 1 0 1
29.5516 3.81819 325.556 5.65594 0.734512 66.9815 2.53856 -13 1043 1 0 1
1.39588 18.8722 325.556 -0.384724 5.79285 78.4141 2.91506 -13 1044 1 0 1
31.6381 89.2627 325.556 5.32176 18.2049 58.361 1.86874 -13 1045 1 0 1
-56.7333 38.4675 325.556 -11.0018 8.89435 65.6942 4.39326 -13 1046 1 0 1
-23.5665 2.77054 325.556 -5.08597 0.265806 70.1073 3.92312 -13 1047 1 0 1
-57.8088 -0.27229 325.556 -3.1613 -0.0876984 23.9195 4.67934 -13 1048 1 0 1
-34.5772 -44.203 325.556 -2.22311 -4.68335 28.5353 4.64112 -13 1049 1 0 1
56.7574 -22.4223 325.556 9.76483 -5.00375 59.7524 2.8377 -13 1050 1 0 1
37.2262 -27.8969 325.556 6.85719 -5.88915 64.24 2.23213 -13 1051 1 0 1
-59.3783 27.3515 325.556 -8.16766 4.79875 51.0171 4.29103 -13 1052 1 0 1
-60.7612 -19.3833 325.556 -14.6542 -5.18505 77.6263 2.87245 -13 1053 1 0 1
6.74855 -3.01566 325.556 0.987436 -0.372586 73.8646 2.23795 -13 1054 1 0 1
1.85011 -34.2543 325.556 0.177361 -8.05475 68.8772 2.53308 -13 1055 1 0 1
-7.09326 -38.1545 325.556 -1.10495 -7.61755 60.0917 2.38344 -13 1056 1 0 1
27.7109 3.18928 325.556 4.38112 0.288169 52.8147 1.67654 -13 1057 1 0 1
5.50522 -36.5883 325.556 0.827019 -9.02363 70.1364 1.90944 -13 1058 1 0 1
22.8846 -17.7734 325.556 3.24874 -3.10188 46.4343 1.13077 -13 1059 1 0 1
34.4402 -18.0056 325.556 6.52122 -4.14731 66.3384 1.11577 -13 1060 1 0 1
-11.1377 44.5544 325.556 -1.1919 7.80048 47.7965 1.59931 -13 1061 1 0 1
-5.17606 8.7219 325.556 -0.417056 1.43809 42.0975 2.78619 -13 1062 1 0 1
-35.4741 37.9701 325.556 -7.17247 9.19076 68.269 1.76342 -13 1063 1 0 1
88.9074 26.3539 325.556 17.5522 6.48491 70.1269 1.56847 -13 1064 1 0 1
7.3618 -6.89103 325.556 1.18228 -1.27798 70.4469 3.76812 -13 1066 1 0 1
-16.8828 59.0384 325.556 -3.65176 14.2263 68.8793 2.02596 -13 1067 1 0 1
-73.9033 -6.3173 325.556 -7.6123 -0.810376 39.7998 2.43652 -13 1068 1 0 1
-34.8581 -17.7469 325.556 -5.79385 -3.30978 58.7128 1.39012 -13 1069 1 0 1
2.26295 -42.2936 325.556 0.594918 -7.85614 52.7209 2.79852 -13 1070 1 0 1
53.6937 11.6431 325.556 10.3841 2.33912 68.3935 3.91946 -13 1071 1 0 1
-9.34741 122.065 325.556 -0.914249 21.2632 48.8728 2.2388 -13 1072 1 0 1
13.1693 21.8077 325.556 2.39409 5.49706 73.0122 1.65788 -13 1073 1 0 1
20.9123 14.2018 325.556 4.13651 3.74707 72.5605 2.9475 -13 1074 1 0 1
-43.9386 -9.55479 325.556 -7.51623 -1.5453 60.0494 1.94602 -13 1075 1 0 1
63.4298 31.4901 325.556 10.2278 6.24039 55.7944 1.79908 -13 1076 1 0 1
-95.2962 -6.46935 325.556 -14.4449 -1.27127 53.8253 1.69067 -13 1077 1 0 1
-35.1172 27.5011 325.556 -6.05328 5.62192 61.2313 1.02573 -13 1078 1 0 1
35.4957 19.9241 325.556 6.71953 4.82479 67.5991 2.5823 -13 1079 1 0 1
-28.7446 50.6094 325.556 -7.51026 13.4201 78.7389 1.80894 -13 1080 1 0 1
82.313 -33.8245 325.556 14.5503 -7.35817 62.2643 3.61539 -13 1081 1 0 1
-10.1847 1.06423 325.556 -1.8363 -0.137387 63.5522 2.4629 -13 1082 1 0 1
-15.9192 45.8624 325.556 -1.03924 5.82471 33.7522 2.06606 -13 1083 1 0 1
0.350285 8.05928 325.556 -0.158741 1.92892 71.4908 1.50789 -13 1084 1 0 1
34.4778 57.0593 325.556 6.00933 11.5495 61.1991 1.79488 -13 1085 1 0 1
31.0531 13.2031 325.556 5.29139 2.74399 58.7026 2.18887 -13 1086 1 0 1
-7.02865 -11.7012 325.556 -2.1168 -3.56566 76.3924 2.55587 -13 1087 1 0 1
19.4197 75.0663 325.556 3.34331 15.2659 57.6317 2.93556 -13 1088 1 0 1
73.0578 65.1007 325.556 15.0156 16.2622 73.4906 1.07095 -13 1089 1 0 1
10.8512 37.8547 325.556 2.02985 8.22436 65.73 2.56221 -13 1090 1 0 1
-114.388 -7.12054 325.556 -18.604 -1.17934 57.882 0.251552 -13 1091 1 0 1
-54.4639 20.6901 325.556 -11.3568 4.51778 70.116 0.13218 -13 1092 1 0 1
9.58391 -37.8038 325.556 1.39866 -10.2356 78.9253 1.09374 -13 1093 1 0 1
76.9359 -63.6121 325.556 8.86253 -9.62321 41.33 1.69628 -13 1094 1 0 1
29.3739 28.2357 325.556 5.5668 6.5674 65.5341 2.2139 -13 1095 1 0 1
-37.5749 40.8477 325.556 -5.74331 7.4454 55.1849 1.88685 -13 1096 1 0 1
23.2585 -2.97681 325.556 3.97169 -0.826054 58.1685 2.41003 -13 1097 1 0 1
-34.6861 -10.6836 325.556 -7.12391 -2.01629 68.7641 2.52193 -13 1098 1 0 1
-15.0284 -46.8744 325.556 -2.133 -9.05592 55.3551 0.35583 -13 1099 1 0 1
-38.8367 -29.9208 325.556 -8.12241 -7.33581 69.2142 1.58196 -13 1100 1 0 1
37.2656 49.0829 325.556 5.01943 8.14941 45.4824 4.50494 -13 1101 1 0 1
-16.1779 38.6503 325.556 -2.38397 7.16928 57.059 1.79105 -13 1102 1 0 1
20.2807 -56.4901 325.556 3.87932 -13.3304 67.8517 1.60269 -13 1103 1 0 1
-18.8539 41.1457 325.556 -4.59855 10.5133 74.366 1.52179 -13 1104 1 0 1
34.8244 -47.0424 325.556 6.41777 -10.5045 62.7709 0.305431 -13 1105 1 0 1
-78.8035 -32.7399 325.556 -15.2524 -7.25882 66.3077 3.55729 -13 1106 1 0 1
43.253 63.5346 325.556 6.15648 11.3683 49.691 4.66265 -13 1107 1 0 1
17.4935 -65.8563 325.556 3.14822 -14.6127 63.2577 4.55626 -13 1108 1 0 1
-2.05286 -8.24397 325.556 -0.61404 -2.16621 67.5831 4.53599 -13 1109 1 0 1
21.6336 92.7086 325.556 2.78382 13.7425 40.8689 5.39854 -13 1110 1 0 1
-4.74951 26.9079 325.556 -0.792679 5.3194 62.8574 3.63226 -13 1111 1 0 1
-26.8497 39.54 325.556 -4.43904 8.04548 59.334 3.05478 -13 1112 1 0 1
14.7792 -18.7301 325.556 2.75699 -4.8055 76.3945 2.23184 -13 1113 1 0 1
-60.7764 -33.5106 325.556 -8.89664 -6.45952 52.8004 5.28734 -13 1114 1 0 1
42.4166 102.323 325.556 7.12548 21.1137 58.207 2.64736 -13 1115 1 0 1
20.7744 60.5094 325.556 3.89735 14.9003 69.1664 2.81222 -13 1116 1 0 1
14.5424 28.4211 325.556 2.85589 7.03402 74.2163 0.310304 -13 1117 1 0 1
-7.26092 -40.1006 325.556 -1.00968 -8.28496 56.6872 1.42349 -13 1118 1 0 1
38.7657 40.6284 325.556 6.90686 8.45029 61.6114 -0.0904524 -13 1119 1 0 1
-5.62012 -3.32633 325.556 -1.33476 -0.9743 70.574 1.10344 -13 1120 1 0 1
0.7417 -71.0093 325.556 0.218812 -14.0956 58.0827 0.693395 -13 1121 1 0 1
0.0484741 5.6099 325.556 -0.529887 1.55547 77.681 2.06853 -13 1122 1 0 1
-42.6512 24.1796 325.556 -8.16031 5.22502 65.633 5.29959 -13 1123 1 0 1
23.1438 12.5589 325.556 4.183 2.42145 63.7972 3.05141 -13 1124 1 0 1
-18.4755 37.7964 325.556 -3.1848 8.55491 60.5575 2.94486 -13 1125 1 0 1
67.9666 3.39089 325.556 10.1079 0.793637 52.5264 0.89891 -13 1126 1 0 1
14.3023 51.657 325.556 2.4686 10.4797 56.0001 2.41092 -13 1127 1 0 1
24.0958 -13.1232 325.556 3.91697 -1.97593 53.3834 1.77754 -13 1128 1 0 1
-19.3668 -32.5238 325.556 -4.35413 -8.46212 71.368 1.75561 -13 1129 1 0 1
52.228 58.9098 325.556 6.3452 9.00296 42.9123 3.89126 -13 1130 1 0 1
-16.3672 -14.3652 325.556 -3.04907 -3.7284 63.6541 2.58328 -13 1131 1 0 1
53.3686 26.1724 325.556 6.38111 3.77322 41.2769 2.16327 -13 1132 1 0 1
-21.0926 -11.4393 325.556 -4.52552 -3.49584 70.7422 -0.141644 -13 1133 1 0 1
-4.83398 -13.0479 325.556 -1.44899 -3.57333 73.8737 1.45719 -13 1134 1 0 1
29.0899 3.71941 325.556 5.48844 0.23972 68.4174 2.24408 -13 1135 1 0 1
56.316 -51.5655 325.556 8.10402 -8.94763 49.0916 2.93497 -13 1136 1 0 1
11.0975 -53.0865 325.556 1.54557 -7.50845 41.1926 4.20937 -13 1137 1 0 1
-62.6341 -6.31048 325.556 -14.2082 -1.47262 74.7517 0.804129 -13 1138 1 0 1
21.9864 -17.0709 325.556 3.93124 -3.65879 62.4314 2.66699 -13 1139 1 0 1
57.0282 44.0777 325.556 10.7071 9.52433 65.4107 1.94667 -13 1140 1 0 1
-86.9825 -60.9492 325.556 -20.3522 -15.8397 76.9049 0.677335 -13 1141 1 0 1
32.1696 57.4544 325.556 3.92579 8.65113 41.7517 2.65462 -13 1142 1 0 1
6.25192 4.84144 325.556 1.22447 1.07412 60.7024 2.21911 -13 1143 1 0 1
-13.0152 30.4568 325.556 -1.99809 6.32824 57.8465 4.15923 -13 1144 1 0 1
53.5337 -17.2308 325.556 6.30944 -2.96891 41.8688 1.68003 -13 1145 1 0 1
49.303 -56.115 325.556 7.056 -9.54027 49.4286 3.99328 -13 1146 1 0 1
18.1912 6.69754 325.556 2.92128 1.2584 52.647 3.26295 -13 1147 1 0 1
-21.0927 -25.2545 325.556 -4.1077 -5.80936 65.8915 1.38331 -13 1148 1 0 1
24.7429 8.75902 325.556 4.85495 2.39766 70.2857 4.03337 -13 1149 1 0 1
45.6497 -112.095 325.556 8.16937 -25.2354 63.8112 2.03027 -13 1150 1 0 1
-21.8367 -27.9801 325.556 -2.79746 -5.20828 51.2128 3.2403 -13 1151 1 0 1
-21.0368 -9.92939 325.556 -3.95625 -2.07344 64.0174 2.62643 -13 1152 1 0 1
56.1995 51.3186 325.556 9.24315 10.0436 57.1888 1.4315 -13 1153 1 0 1
36.1619 -24.4076 325.556 6.06504 -4.75802 57.9706 1.71755 -13 1155 1 0 1
51.3119 -6.26352 325.556 8.9791 -0.817726 60.9414 2.89579 -13 1156 1 0 1
-29.2974 -75.7484 325.556 -4.07416 -13.7925 51.4452 1.58358 -13 1157 1 0 1
44.9094 -10.5326 325.556 5.89193 -1.76334 46.135 2.46074 -13 1158 1 0 1
-18.7667 -21.8561 325.556 -3.40546 -4.54062 62.4473 1.6066 -13 1159 1 0 1
-46.1354 29.1125 325.556 -10.0243 7.1749 71.8853 1.66784 -13 1160 1 0 1
-2.3011 15.8593 325.556 -0.448452 3.38143 63.3003 2.50355 -13 1161 1 0 1
18.8598 -43.3884 325.556 3.41709 -9.35059 64.4565 2.8791 -13 1162 1 0 1
-29.5365 -30.9906 325.556 -5.27236 -6.71195 62.3209 2.78868 -13 1163 1 0 1
43.054 -9.11275 325.556 7.88056 -1.58109 63.3481 1.9365 -13 1164 1 0 1
11.6498 -10.6111 325.556 2.10429 -2.13109 59.8053 1.41169 -13 1166 1 0 1
12.4832 28.9395 325.556 2.29135 7.10837 70.9603 3.412 -13 1167 1 0 1
11.7692 26.2952 325.556 2.19216 5.66459 59.2378 1.04217 -13 1168 1 0 1
-13.7491 -10.2748 325.556 -2.67617 -2.30577 64.8644 2.4304 -13 1169 1 0 1
98.8076 -34.2332 325.556 15.7663 -6.80739 56.2364 3.12951 -13 1170 1 0 1
63.1183 -10.8854 325.556 8.67813 -1.81438 47.8823 3.00585 -13 1171 1 0 1
-7.76931 -87.6006 325.556 -0.832753 -15.7784 50.0789 1.06786 -13 1172 1 0 1
-34.6428 0.364683 325.556 -7.40795 -0.362619 69.9321 0.0121675 -13 1173 1 0 1
28.0319 71.9154 325.556 4.78833 14.7694 59.0108 2.34514 -13 1174 1 0 1
8.29204 -6.07037 325.556 1.37187 -1.81226 74.5145 1.77416 -13 1175 1 0 1
12.0711 9.0138 325.556 2.13729 1.98258 74.2509 3.29827 -13 1176 1 0 1
78.1664 2.0456 325.556 15.3593 0.522038 69.9314 3.15887 -13 1177 1 0 1
12.3125 4.91244 325.556 2.24638 0.92831 75.7032 5.98632 -13 1178 1 0 1
-8.67823 -59.038 325.556 -1.34346 -11.5445 58.277 1.08402 -13 1179 1 0 1
42.6664 -23.3644 325.556 7.09176 -4.54678 57.3152 2.2049 -13 1180 1 0 1
95.1182 11.189 325.556 17.6559 2.22787 65.5351 4.01732 -13 1181 1 0 1
29.5454 -19.3282 325.556 5.2047 -3.64485 61.2668 1.88616 -13 1182 1 0 1
8.05214 3.75674 325.556 1.41299 0.289797 56.8545 2.52807 -13 1183 1 0 1
28.9935 -19.8166 325.556 5.06984 -3.7878 60.3873 2.80359 -13 1184 1 0 1
182.722 -60.1363 325.556 27.8821 -11.9442 55.4891 1.84636 -13 1185 1 0 1
39.7795 -15.0071 325.556 7.07767 -3.48622 60.8393 2.57855 -13 1186 1 0 1
-14.0366 8.94757 325.556 -3.73203 2.35072 76.2011 1.44286 -13 1187 1 0 1
0.751318 29.6096 325.556 -0.281921 7.36164 74.6686 -0.474793 -13 1188 1 0 1
-20.6179 -17.6353 325.556 -3.76955 -3.90622 63.9229 2.3853 -13 1189 1 0 1
9.95299 -50.644 325.556 1.74052 -9.84225 55.4315 0.738697 -13 1190 1 0 1
-38.845 -0.698096 325.556 -5.85332 0.360052 54.5022 1.91032 -13 1191 1 0 1
-7.45595 3.4951 325.556 -1.08677 0.576237 57.8493 1.45074 -13 1192 1 0 1
23.8143 -14.2198 325.556 3.85948 -2.74565 54.087 1.63344 -13 1193 1 0 1
-5.55534 4.64309 325.556 -1.67836 1.72836 74.3913 2.21611 -13 1194 1 0 1
61.6637 8.70021 325.556 11.5702 2.25622 66.008 2.93446 -13 1195 1 0 1
23.8223 0.125704 325.556 4.53484 -0.224532 70.082 1.99114 -13 1196 1 0 1
52.3687 16.0411 325.556 9.02497 3.24566 60.1292 0.754185 -13 1197 1 0 1
25.6959 -61.0449 325.556 5.03429 -16.6419 78.5854 2.45986 -13 1198 1 0 1
-21.0149 -53.4501 325.556 -4.07163 -12.3277 64.8979 0.959677 -13 1199 1 0 1
-50.8713 26.5355 325.556 -9.5246 6.48231 64.8822 1.77627 -13 1200 1 0 1
36.3107 1.49758 325.556 6.2614 0.42077 60.5826 1.29854 -13 1201 1 0 1
4.01001 -21.8807 325.556 0.754893 -3.78561 45.0228 -0.360069 -13 1202 1 0 1
-40.9409 34.3574 325.556 -8.47903 8.45742 69.3118 -0.466863 -13 1203 1 0 1
24.1125 12.1725 325.556 4.32154 2.65557 61.8063 3.46221 -13 1204 1 0 1
-20.6537 -73.7768 325.556 -5.2376 -19.6882 75.498 2.13471 -13 1205 1 0 1
1.86195 -8.05155 325.556 0.41622 -1.35543 60.0332 0.873492 -13 1206 1 0 1
-30.1092 -30.4659 325.556 -2.44155 -3.6574 33.2883 4.79521 -13 1207 1 0 1
88.0294 -46.1999 325.556 14.7561 -9.39568 59.2975 2.87012 -13 1208 1 0 1
-33.0395 24.712 325.556 -8.83192 6.33826 78.4407 -0.0665354 -13 1209 1 0 1
-87.2425 -18.3003 325.556 -16.2469 -3.82537 64.5297 3.35653 -13 1210 1 0 1
20.2813 -6.52127 325.556 3.73994 -1.15609 79.4384 1.31428 -13 1211 1 0 1
-22.6593 -2.87164 325.556 -4.90694 -0.379842 70.5186 0.247276 -13 1212 1 0 1
-51.1497 59.1457 325.556 -6.62735 10.4184 48.3145 0.434255 -13 1213 1 0 1
-8.34877 25.7183 325.556 -2.47319 7.08221 77.1982 2.97888 -13 1214 1 0 1
-8.34989 -11.1659 325.556 -2.12026 -2.57585 72.099 1.97337 -13 1215 1 0 1
16.9456 24.2935 325.556 2.91128 5.18942 58.6152 0.612906 -13 1216 1 0 1
94.3425 32.5969 325.556 16.7923 7.10684 62.4211 4.00057 -13 1217 1 0 1
-0.0643056 122.976 325.556 -0.111994 26.272 61.4143 1.83551 -13 1218 1 0 1
62.7114 -5.29084 325.556 10.6542 -1.38214 59.6169 3.39781 -13 1219 1 0 1
-55.1296 -72.5086 325.556 -11.9636 -18.2787 71.391 3.55843 -13 1220 1 0 1
-66.9226 14.0898 325.556 -9.54559 2.27224 51.9283 0.768354 -13 1221 1 0 1
-29.5041 27.9832 325.556 -3.81031 4.36954 48.6257 1.31196 -13 1222 1 0 1
21.2452 -86.8448 325.556 3.62746 -17.9341 59.1872 3.9091 -13 1223 1 0 1
-37.5054 -45.9136 325.556 -7.14517 -10.4978 65.0371 2.89093 -13 1224 1 0 1
-33.2216 26.8234 325.556 -8.47722 7.85852 78.6388 2.86182 -13 1225 1 0 1
-13.9066 -25.7174 325.556 -3.28246 -5.79381 71.5123 0.483254 -13 1226 1 0 1
46.571 18.1886 325.556 6.81024 3.48344 49.5493 4.44374 -13 1228 1 0 1
6.02502 -46.6348 325.556 1.0532 -10.8476 68.6833 -0.565065 -13 1229 1 0 1
-25.0914 22.2557 325.556 -6.80898 6.11749 79.8428 0.623788 -13 1230 1 0 1
2.02508 -30.7599 325.556 0.565112 -6.20434 56.3852 -0.300774 -13 1231 1 0 1
33.6429 36.4828 325.556 5.11763 7.0262 53.5167 1.33875 -13 1232 1 0 1
-17.846 -31.4144 325.556 -2.41471 -5.88557 52.7705 2.8211 -13 1233 1 0 1
-34.0151 -97.8027 325.556 -4.33784 -17.0182 47.8698 1.24454 -13 1234 1 0 1
-11.3998 -2.8007 325.556 -2.19142 -1.21565 65.0687 3.44247 -13 1235 1 0 1
-27.424 -17.6913 325.556 -5.32633 -3.92502 66.0576 1.40052 -13 1236 1 0 1
9.03374 32.2016 325.556 1.74264 7.05678 58.7948 2.69755 -13 1237 1 0 1
45.9506 -7.83988 325.556 9.47046 -1.71722 74.0561 1.84043 -13 1238 1 0 1
5.48731 56.5414 325.556 0.88647 12.5325 62.7661 3.6479 -13 1239 1 0 1
-38.5429 -25.4315 325.556 -7.76702 -5.87546 67.8989 3.55664 -13 1240 1 0 1
-19.8696 -25.9405 325.556 -4.62798 -6.84457 73.0278 -1.36417 -13 1241 1 0 1
9.41538 13.1183 325.556 1.7609 3.08418 64.9907 2.91774 -13 1242 1 0 1
-3.27073 -39.0047 325.556 -0.515837 -8.0168 61.1486 2.70683 -13 1243 1 0 1
42.3881 29.5346 325.556 8.37793 7.52689 71.8365 1.04488 -13 1244 1 0 1
-0.409257 -41.2879 325.556 0.0264472 -9.1392 63.7768 3.32246 -13 1245 1 0 1
-46.5397 -69.3097 325.556 -4.55448 -9.72827 39.3057 2.8376 -13 1246 1 0 1
-32.3392 33.4368 325.556 -6.83041 8.01946 69.7281 1.34236 -13 1247 1 0 1
-18.5732 81.1767 325.556 -3.14081 16.4724 58.8298 1.73121 -13 1248 1 0 1
-35.8117 34.993 325.556 -6.66274 8.04644 63.9368 2.08259 -13 1249 1 0 1
12.502 -63.1432 325.556 2.23952 -12.8782 58.4361 2.59003 -13 1250 1 0 1
129.006 -51.2252 325.556 21.0759 -10.5867 58.371 1.64322 -13 1251 1 0 1
33.7339 18.3243 325.556 5.95461 3.81733 60.1235 2.4057 -13 1252 1 0 1
-32.4019 -15.5261 325.556 -5.84514 -3.56856 63.1582 3.1765 -13 1253 1 0 1
3.03338 2.53015 325.556 0.344709 0.726597 71.2837 1.15628 -13 1254 1 0 1
55.5435 51.4906 325.556 8.06511 9.12407 49.8318 3.859 -13 1255 1 0 1
49.1856 56.469 325.556 9.07098 12.4254 63.6626 4.19666 -13 1256 1 0 1
26.4546 41.9934 325.556 4.85795 8.66273 63.6019 2.47987 -13 1257 1 0 1
5.81399 -32.7455 325.556 1.19715 -5.96536 50.703 3.60219 -13 1258 1 0 1
80.9329 47.9006 325.556 11.125 8.09268 48.5456 2.6408 -13 1259 1 0 1
-73.6278 55.082 325.556 -10.0352 9.80289 49.7996 0.127238 -13 1260 1 0 1
37.3634 -8.23553 325.556 6.47084 -1.38092 61.0891 1.95862 -13 1261 1 0 1
-42.9944 72.8022 325.556 -8.52383 16.9302 66.7433 0.84845 -13 1262 1 0 1
94.3365 66.175 325.556 12.9213 11.7251 48.7982 2.75349 -13 1263 1 0 1
30.2178 44.3481 325.556 5.38482 9.37318 61.0666 2.32259 -13 1264 1 0 1
-71.4751 11.1526 325.556 -13.0636 2.40139 63.4231 1.92378 -13 1265 1 0 1
-34.9618 2.40852 325.556 -7.52391 0.840308 71.5776 3.39136 -13 1266 1 0 1
37.5296 -71.0461 325.556 4.52879 -10.5482 41.2565 2.47044 -13 1267 1 0 1
-4.80375 -15.1696 325.556 -0.690778 -3.32621 61.8704 4.38858 -13 1268 1 0 1
-62.7286 10.5226 325.556 -13.0072 2.44712 69.6683 1.14629 -13 1269 1 0 1
-21.9331 -32.459 325.556 -4.9021 -8.54957 71.2637 2.51455 -13 1270 1 0 1
-48.2981 -30.3469 325.556 -8.79803 -6.83042 63.5869 0.591786 -13 1271 1 0 1
39.2687 52.4557 325.556 5.97298 9.41539 51.9535 3.23079 -13 1272 1 0 1
19.7543 -41.6416 325.556 3.41222 -8.4421 56.7392 1.21319 -13 1273 1 0 1
-14.0971 61.975 325.556 -3.36541 15.3985 71.1036 2.10844 -13 1274 1 0 1
-29.5945 -40.137 325.556 -4.40013 -7.52414 54.1386 2.09354 -13 1275 1 0 1
92.1937 57.0287 325.556 11.7954 9.49363 45.5597 3.49572 -13 1276 1 0 1
-2.13622 11.6196 325.556 -0.247959 2.93446 59.4443 2.8881 -13 1277 1 0 1
11.7818 -50.9695 325.556 1.8162 -8.82372 47.4254 1.52761 -13 1278 1 0 1
-0.0322023 28.6121 325.556 -0.00976458 5.82426 63.6301 2.55977 -13 1279 1 0 1
3.52519 22.2817 325.556 0.476721 6.16427 69.9085 2.64118 -13 1280 1 0 1
24.273 55.3063 325.556 3.78812 9.61096 50.8776 1.98088 -13 1281 1 0 1
20.3336 -0.668975 325.556 3.90907 0.294891 73.9454 0.938496 -13 1282 1 0 1
-65.3238 -24.7265 325.556 -11.6309 -5.44265 61.7487 2.89224 -13 1283 1 0 1
49.6395 -19.318 325.556 7.81117 -3.34854 54.3671 1.08641 -13 1284 1 0 1
-3.798 -51.2862 325.556 -0.95215 -11.8004 67.3908 2.51607 -13 1285 1 0 1
-38.8698 -11.7897 325.556 -7.07744 -2.17663 64.064 0.855857 -13 1286 1 0 1
1.09324 3.09423 325.556 0.441634 0.523006 57.7749 0.34371 -13 1287 1 0 1
46.4684 9.20509 325.556 6.86039 1.64807 50.5164 2.23854 -13 1288 1 0 1
33.659 -7.6662 325.556 5.84799 -1.21016 59.1888 0.351799 -13 1289 1 0 1
-52.7913 10.484 325.556 -11.3641 1.67518 71.7425 2.46146 -13 1290 1 0 1
40.1183 23.2765 325.556 7.41161 5.50259 64.2742 0.249582 -13 1291 1 0 1
-22.3974 -59.2519 325.556 -3.2088 -10.8675 53.5161 2.98898 -13 1292 1 0 1
9.0629 -28.557 325.556 0.400179 -1.86417 13.8969 6.80333 -13 1293 1 0 1
12.1814 12.9304 325.556 2.23642 3.33598 64.7052 1.94994 -13 1294 1 0 1
32.9828 33.9224 325.556 4.03378 5.05 42.2399 2.10004 -13 1295 1 0 1
-5.72122 -37.2509 325.556 -1.86394 -10.4304 75.4309 2.93589 -13 1296 1 0 1
0.968087 51.7112 325.556 0.300301 10.2294 56.7169 1.19974 -13 1297 1 0 1
-6.60417 28.2308 325.556 -0.993565 5.55849 57.6227 2.38485 -13 1298 1 0 1
32.8201 -4.63219 325.556 3.03273 -0.724195 32.8088 1.85414 -13 1299 1 0 1
59.3599 39.1159 325.556 12.1355 10.2314 72.7701 2.03081 -13 1300 1 0 1
32.91 27.9021 325.556 6.76669 7.56627 78.3515 1.97939 -13 1301 1 0 1
-10.5086 -25.4634 325.556 -1.44221 -5.23352 54.7722 3.00695 -13 1302 1 0 1
-13.2111 -26.6958 325.556 -2.23235 -5.38529 60.7103 2.30316 -13 1303 1 0 1
-21.2117 64.5918 325.556 -2.61969 11.6519 49.6126 2.83082 -13 1304 1 0 1
2.68196 -16.8514 325.556 0.146684 -4.62287 73.1453 1.51816 -13 1305 1 0 1
40.0187 -14.5469 325.556 6.28426 -3.08627 53.098 2.14079 -13 1306 1 0 1
17.2262 60.8031 325.556 2.5248 10.141 47.6763 1.94164 -13 1308 1 0 1
-7.91647 -13.3569 325.556 -2.19261 -3.51028 73.5619 0.0774369 -13 1309 1 0 1
-35.1638 -52.0513 325.556 -8.91537 -14.2764 78.1824 -0.11215 -13 1310 1 0 1
-13.5543 78.3468 325.556 -3.31427 19.8912 72.3013 3.19197 -13 1311 1 0 1
-9.93638 -37.4194 325.556 -2.2105 -9.07809 68.7197 0.737303 -13 1313 1 0 1
-21.1747 -19.2439 325.556 -2.57527 -3.22487 47.1603 3.66726 -13 1314 1 0 1
10.5052 -53.5626 325.556 1.83474 -11.0788 57.089 2.48818 -13 1315 1 0 1
-12.9524 -44.2823 325.556 -2.86018 -10.0769 69.2167 1.36398 -13 1316 1 0 1
-11.6821 13.7457 325.556 -2.75507 3.74904 73.0327 1.17043 -13 1317 1 0 1
-17.5666 5.3589 325.556 -1.7189 0.51567 41.3979 1.79839 -13 1318 1 0 1
-9.38668 -92.6392 325.556 -1.73887 -20.7857 63.4469 3.67292 -13 1319 1 0 1
1.3094 -59.3789 325.556 0.452209 -10.0654 47.5502 3.45904 -13 1320 1 0 1
13.0756 -66.9014 325.556 1.9036 -11.3238 47.143 1.35722 -13 1321 1 0 1
37.5214 19.7047 325.556 6.46855 3.77901 57.9399 3.62145 -13 1322 1 0 1
3.38196 21.5915 325.556 0.375104 5.34948 74.7424 1.16544 -13 1323 1 0 1
17.7491 58.5077 325.556 3.22552 12.7224 63.2581 2.75261 -13 1324 1 0 1
-11.0502 -76.8454 325.556 -2.30562 -17.9543 66.9626 4.16157 -13 1325 1 0 1
-32.4527 20.0877 325.556 -6.84625 4.40994 69.6205 -0.786712 -13 1326 1 0 1
11.5045 11.7135 325.556 2.03746 2.12087 60.4385 1.77665 -13 1327 1 0 1
30.4591 -51.4432 325.556 5.70325 -11.8921 66.6554 1.62563 -13 1328 1 0 1
-15.7769 -19.553 325.556 -2.00252 -3.68223 52.2843 1.46742 -13 1329 1 0 1
22.8533 -12.3734 325.556 4.0444 -3.03403 62.0013 4.66252 -13 1330 1 0 1
12.9789 -2.47687 325.556 2.43519 -0.783896 72.1655 1.1805 -13 1331 1 0 1
-46.4295 -62.0298 325.556 -6.2998 -10.9225 50.0753 2.44821 -13 1332 1 0 1
4.77977 33.9064 325.556 0.859977 8.03582 66.3933 4.16522 -13 1333 1 0 1
-13.6609 11.1284 325.556 -2.67997 2.58628 64.87 0.500531 -13 1334 1 0 1
27.2897 -39.9744 325.556 4.30896 -6.89691 51.8785 0.771274 -13 1335 1 0 1
-20.6178 -21.015 325.556 -2.73857 -3.38507 50.5651 2.00112 -13 1336 1 0 1
37.8515 -23.4091 325.556 7.53596 -6.02758 73.1198 1.20576 -13 1338 1 0 1
-5.82093 58.8726 325.556 -0.875681 12.2347 59.5426 2.5634 -13 1339 1 0 1
-28.6821 56.3671 325.556 -6.65778 14.7378 74.0584 1.40602 -13 1340 1 0 1
-44.2228 -49.9247 325.556 -8.52571 -11.5603 65.5022 2.21625 -13 1341 1 0 1
-9.31371 39.7942 325.556 -1.22421 7.63695 53.3008 2.63085 -13 1342 1 0 1
54.1033 35.0141 325.556 7.96805 6.44894 51.1758 0.47714 -13 1343 1 0 1
-6.15886 -1.87836 325.556 -2.16081 -0.57351 78.8018 2.45147 -13 1344 1 0 1
80.2291 2.58705 325.556 12.8997 0.752968 56.5153 2.5531 -13 1345 1 0 1
11.0428 36.0165 325.556 1.98772 6.73236 53.9059 3.56374 -13 1346 1 0 1
-11.0152 -28.3426 325.556 -1.80442 -6.43412 60.7314 2.58652 -13 1347 1 0 1
-29.8509 7.297 325.556 -7.41558 2.3305 77.3783 2.90645 -13 1348 1 0 1
-35.86 -26.2158 325.556 -8.76883 -7.26103 77.1026 0.662364 -13 1349 1 0 1
4.5114 104.305 325.556 0.27102 27.2791 75.9417 1.17417 -13 1350 1 0 1
46.6866 -203.544 325.556 1.79906 -15.4893 16.786 8.3181 -13 1351 1 0 1
-9.40617 -66.4118 325.556 -2.06039 -15.5339 68.0436 2.80418 -13 1352 1 0 1
-50.3062 85.8271 325.556 -6.862 14.973 49.5639 1.96295 -13 1354 1 0 1
-19.4109 30.4001 325.556 -3.59664 6.80265 65.0027 2.86984 -13 1355 1 0 1
7.09208 19.7316 325.556 1.25089 4.61526 67.9966 2.25956 -13 1356 1 0 1
6.41097 -36.9083 325.556 1.17765 -8.17139 64.8922 1.70682 -13 1357 1 0 1
30.2122 -9.72119 325.556 4.522 -1.75062 49.0171 0.340037 -13 1358 1 0 1
39.852 -13.5769 325.556 5.54683 -2.09557 47.4215 1.5674 -13 1359 1 0 1
35.0693 43.0639 325.556 7.17464 11.3782 77.5738 0.146837 -13 1360 1 0 1
13.7934 -57.1721 325.556 2.44726 -12.2964 59.9985 2.11458 -13 1361 1 0 1
-4.99017 -51.5221 325.556 -0.723101 -10.5609 58.5243 4.00141 -13 1362 1 0 1
28.3708 -71.1796 325.556 5.28231 -16.4743 67.7822 0.764572 -13 1363 1 0 1
-15.1 13.3835 325.556 -2.85955 3.37181 65.641 3.24271 -13 1364 1 0 1
-0.911665 1.56303 325.556 0.0294388 -0.0740817 61.3469 0.887501 -13 1365 1 0 1
-34.7374 -42.1457 325.556 -8.48961 -9.90433 77.412 3.48475 -13 1367 1 0 1
-28.7939 17.7765 325.556 -4.5049 3.54653 56.8712 2.41512 -13 1368 1 0 1
36.9686 -22.8133 325.556 7.42633 -5.71503 70.7332 1.74102 -13 1369 1 0 1
197.306 -22.3104 325.556 17.1477 -3.01775 35.1937 3.51152 -13 1370 1 0 1
0.791347 67.2528 325.556 0.055254 15.3516 64.9124 2.14712 -13 1371 1 0 1
-41.7976 -40.7018 325.556 -9.72902 -10.5824 75.1582 1.62322 -13 1372 1 0 1
11.387 53.0825 325.556 2.04585 10.3901 58.0895 2.10679 -13 1373 1 0 1
3.81238 -23.5043 325.556 0.50019 -5.59583 67.4382 2.01008 -13 1374 1 0 1
1.89989 43.6066 325.556 0.249037 9.64333 63.7974 1.18304 -13 1375 1 0 1
-35.8326 -19.4018 325.556 -5.64547 -4.14992 56.8155 0.429578 -13 1376 1 0 1
29.6561 5.87922 325.556 5.8649 1.71805 70.361 2.70837 -13 1377 1 0 1
-16.9135 -23.9169 325.556 -3.04682 -5.58899 63.0875 3.52708 -13 1378 1 0 1
-24.0277 38.7697 325.556 -5.923 9.75847 75.26 0.213827 -13 1379 1 0 1
-51.9425 21.1541 325.556 -10.2854 4.71115 67.5918 1.63807 -13 1380 1 0 1
-46.8068 -43.8118 325.556 -7.39741 -8.80946 57.1204 3.57443 -13 1381 1 0 1
28.4306 4.51971 325.556 5.57858 1.27216 70.0597 1.24498 -13 1382 1 0 1
70.9614 14.6634 325.556 8.08201 1.81713 40.4895 4.305 -13 1383 1 0 1
8.99674 73.626 325.556 1.56778 13.7244 52.3879 1.91781 -13 1384 1 0 1
18.3024 0.568048 325.556 3.32011 0.13489 62.6821 2.56097 -13 1385 1 0 1
40.0519 5.41464 325.556 6.55989 1.012 55.9102 3.32674 -13 1386 1 0 1
-53.7227 -54.3809 325.556 -8.71941 -10.3373 57.2051 1.16459 -13 1387 1 0 1
-12.5731 -2.75441 325.556 -3.01561 -1.17637 73.0054 3.35859 -13 1388 1 0 1
123.315 12.8828 325.556 11.1683 1.39171 34.4417 3.25459 -13 1390 1 0 1
-51.3306 -10.7336 325.556 -6.72162 -1.81917 48.8371 3.59228 -13 1391 1 0 1
25.1551 -78.3638 325.556 4.40476 -16.0791 58.7406 1.92177 -13 1392 1 0 1
7.75904 -15.9703 325.556 1.37276 -3.63327 65.9221 0.364094 -13 1394 1 0 1
2.62318 6.90386 325.556 0.422598 1.90737 66.5668 1.84337 -13 1395 1 0 1
61.8373 -52.3866 325.556 11.9934 -12.6426 69.0821 -0.107965 -13 1396 1 0 1
-4.52085 24.1139 325.556 -1.59202 5.91285 76.3169 4.4108 -13 1397 1 0 1
-25.6443 -10.9681 325.556 -3.12276 -1.49287 46.6413 2.12926 -13 1398 1 0 1
56.5088 14.5911 325.556 6.87297 1.87608 42.9478 2.17971 -13 1399 1 0 1
47.1986 -69.2958 325.556 8.1109 -14.1193 59.8098 2.66996 -13 1400 1 0 1
-44.172 -28.5909 325.556 -7.19702 -5.67875 57.9236 2.33546 -13 1401 1 0 1
-75.9114 32.6481 325.556 -9.5817 5.78794 46.9161 2.76414 -13 1402 1 0 1
45.1116 14.0763 325.556 7.01618 2.45205 52.2395 4.01628 -13 1403 1 0 1
3.58874 -40.4883 325.556 0.654987 -8.71022 62.4825 0.950687 -13 1404 1 0 1
107.408 5.31481 325.556 19.9696 1.18355 65.6364 3.09119 -13 1405 1 0 1
33.4628 20.2366 325.556 6.01767 4.69514 62.5713 5.18533 -13 1406 1 0 1
-7.99705 -12.0506 325.556 -1.17099 -2.48573 57.817 3.76845 -13 1407 1 0 1
-10.2186 14.4218 325.556 -2.33702 3.56194 70.6691 2.23634 -13 1408 1 0 1
-68.8204 30.0305 325.556 -10.3312 5.76529 54.0099 1.61466 -13 1409 1 0 1
17.8356 -43.0626 325.556 3.03189 -8.16952 53.9786 2.32048 -13 1410 1 0 1
-18.391 8.95905 325.556 -2.77324 1.64582 56.2031 1.08449 -13 1411 1 0 1
-118.471 -38.8394 325.556 -15.5079 -6.05191 48.1586 3.52298 -13 1412 1 0 1
-25.43 24.4215 325.556 -5.24996 5.12828 68.6115 0.936213 -13 1413 1 0 1
5.73955 -48.4108 325.556 1.17792 -9.60347 53.6356 4.07108 -13 1414 1 0 1
12.7813 -40.9799 325.556 2.26479 -8.90892 62.8801 4.1991 -13 1415 1 0 1
-33.5853 -32.119 325.556 -6.71706 -7.89573 67.5883 2.93101 -13 1416 1 0 1
44.4815 7.36772 325.556 8.9714 1.94482 72.1679 -0.436602 -13 1417 1 0 1
12.2922 16.5634 325.556 1.38177 2.05419 34.2128 2.71417 -13 1419 1 0 1
-13.3849 -30.7246 325.556 -3.53137 -8.13668 76.4966 2.79882 -13 1420 1 0 1
16.168 4.74347 325.556 3.01127 1.89064 79.3854 0.765497 -13 1422 1 0 1
-24.7466 1.05431 325.556 -3.46969 0.510235 52.6387 2.03779 -13 1423 1 0 1
13.8989 13.1724 325.556 2.5253 2.95432 60.2791 0.296942 -13 1424 1 0 1
19.6579 -26.6538 325.556 3.63579 -6.54955 68.7189 0.574949 -13 1425 1 0 1
27.5984 -26.6603 325.556 4.34789 -4.99176 54.0071 0.366963 -13 1426 1 0 1
3.80757 37.7626 325.556 0.708762 6.39592 47.4003 5.13614 -13 1427 1 0 1
18.5567 -89.8583 325.556 3.32075 -20.8979 66.1642 4.66317 -13 1428 1 0 1
-50.6523 -7.63233 325.556 -11.6615 -2.09412 75.3776 3.84004 -13 1429 1 0 1
21.9052 -21.5748 325.556 4.26877 -5.81545 72.1108 2.24755 -13 1430 1 0 1
-26.6748 -1.94574 325.556 -6.33026 -1.27704 74.5509 2.09086 -13 1431 1 0 1
30.6681 -12.0604 325.556 5.62719 -2.3653 63.6403 3.62967 -13 1432 1 0 1
-57.5365 44.5174 325.556 -13.5816 11.9613 77.0467 0.841708 -13 1433 1 0 1
-54.9035 -90.545 325.556 -4.01001 -10.3674 29.7739 5.69104 -13 1434 1 0 1
34.1927 38.6905 325.556 6.16287 8.40786 62.6837 3.88135 -13 1435 1 0 1
50.8076 -77.5072 325.556 8.72239 -16.3138 59.9315 2.95006 -13 1436 1 0 1
4.07289 27.8734 325.556 0.739771 5.98628 62.2814 1.88477 -13 1437 1 0 1
-10.6031 18.2493 325.556 -1.87052 3.90856 61.8678 2.22028 -13 1438 1 0 1
7.81111 -40.0519 325.556 1.37008 -8.69736 61.0337 0.292306 -13 1440 1 0 1
-18.5282 22.9577 325.556 -4.48964 5.88436 74.0238 2.4294 -13 1441 1 0 1
5.33756 -11.8902 325.556 1.00541 -2.68243 62.8122 2.05589 -13 1442 1 0 1
20.4118 -21.8101 325.556 3.89974 -5.60452 70.5043 4.53662 -13 1443 1 0 1
-4.96487 -85.8952 325.556 -0.617905 -16.1906 52.9073 3.21368 -13 1444 1 0 1
33.8039 -1.0097 325.556 6.00921 -0.523842 61.7539 1.59921 -13 1445 1 0 1
-54.3904 -24.4953 325.556 -13.2465 -6.07936 78.3419 3.62904 -13 1446 1 0 1
11.0333 17.2606 325.556 1.92069 3.6104 58.529 0.388553 -13 1447 1 0 1
-0.650787 45.3826 325.556 -0.379231 10.728 69.7738 1.22792 -13 1448 1 0 1
50.3921 12.8569 325.556 9.27805 2.75192 64.1377 0.779982 -13 1449 1 0 1
-7.26774 -2.02052 325.556 -1.95439 -0.283823 73.4453 0.595517 -13 1450 1 0 1
33.9293 67.7556 325.556 6.74124 17.3951 73.1528 1.54826 -13 1451 1 0 1
3.41278 -15.3609 325.556 0.399089 -3.50609 72.7388 0.0144736 -13 1452 1 0 1
25.0892 -11.1478 325.556 3.9225 -2.2103 53.6193 1.60344 -13 1453 1 0 1
114.94 -84.4469 325.556 8.96821 -9.79562 30.828 5.54182 -13 1454 1 0 1
77.3532 27.8787 325.556 12.6379 5.59096 57.7254 1.72982 -13 1455 1 0 1
-36.8947 -27.8439 325.556 -8.81849 -7.41412 75.9527 1.9667 -13 1456 1 0 1
44.0987 -28.9619 325.556 8.63728 -7.23622 69.4303 1.98834 -13 1457 1 0 1
28.4851 -68.9781 325.556 4.84706 -13.9257 56.9162 4.12686 -13 1458 1 0 1
85.2671 112.619 325.556 4.83653 10.3051 23.6967 5.5788 -13 1459 1 0 1
-51.3241 -1.10464 325.556 -10.1103 -0.375818 66.9411 0.296606 -13 1460 1 0 1
-84.3997 13.5908 325.556 -12.8821 2.25156 54.7335 3.61055 -13 1461 1 0 1
-28.0042 -6.68803 325.556 -5.1797 -1.08738 64.5567 1.48687 -13 1462 1 0 1
-37.4398 49.0016 325.556 -7.90393 11.7937 69.6438 3.98716 -13 1463 1 0 1
59.4315 77.4208 325.556 8.51316 13.8499 50.0436 2.88543 -13 1464 1 0 1
-23.2654 33.3322 325.556 -5.26438 8.09638 71.925 0.112483 -13 1465 1 0 1
-29.8166 32.4133 325.556 -6.2455 7.70094 68.8852 0.791553 -13 1466 1 0 1
-49.6981 -71.4042 325.556 -10.8397 -18.0135 71.7239 1.46331 -13 1467 1 0 1
36.1496 -44.4435 325.556 7.12619 -11.3148 71.688 1.18645 -13 1468 1 0 1
-36.1877 -7.17483 325.556 -5.98136 -1.52615 58.8903 0.804946 -13 1469 1 0 1
-39.3873 35.9908 325.556 -7.02126 7.57211 61.5987 2.03812 -13 1470 1 0 1
8.0722 64.6787 325.556 1.12548 16.2819 73.5698 2.02331 -13 1471 1 0 1
100.971 -34.8064 325.556 13.1386 -5.76647 46.6947 2.5299 -13 1472 1 0 1
-64.0969 -17.9765 325.556 -12.625 -4.12007 67.0862 2.65774 -13 1473 1 0 1
4.16016 25.8706 325.556 0.732937 6.16123 65.108 1.79768 -13 1474 1 0 1
11.1694 26.8256 325.556 1.94887 6.1389 74.5464 1.72388 -13 1475 1 0 1
-50.6373 -65.6663 325.556 -10.8273 -15.9925 71.1781 1.44957 -13 1476 1 0 1
-18.0815 -44.3821 325.556 -3.05526 -9.98369 61.7971 2.41932 -13 1477 1 0 1
18.2548 -34.117 325.556 3.44925 -8.18117 69.9817 1.61528 -13 1478 1 0 1
-37.5661 -34.1208 325.556 -7.56582 -8.18892 68.1404 0.813213 -13 1479 1 0 1
-51.7678 -28.8818 325.556 -10.5958 -6.99777 68.9214 2.12983 -13 1480 1 0 1
-17.5303 16.7475 325.556 -4.21237 4.66753 73.2719 1.15137 -13 1481 1 0 1
33.923 9.42297 325.556 6.42344 1.60726 68.0369 3.09293 -13 1483 1 0 1
20.5487 -1.73984 325.556 4.00912 -0.457537 73.12 2.50184 -13 1484 1 0 1
45.6521 30.7183 325.556 6.70164 5.60702 50.7159 2.39534 -13 1485 1 0 1
-12.8827 -20.4744 325.556 -2.36337 -4.91204 64.7106 2.245 -13 1486 1 0 1
12.3593 -22.3003 325.556 2.13506 -6.20803 74.0544 2.02176 -13 1487 1 0 1
-30.3435 5.80832 325.556 -6.16684 1.49792 68.0013 3.03397 -13 1488 1 0 1
-12.8961 83.2664 325.556 -2.09429 17.6471 59.1011 -0.17905 -13 1489 1 0 1
-17.9371 41.6403 325.556 -4.068 10.0437 72.1209 2.32625 -13 1490 1 0 1
-36.005 35.6741 325.556 -6.90259 8.08413 65.3091 1.79022 -13 1491 1 0 1
-12.4588 -4.71797 325.556 -2.42976 -0.850608 66.0409 2.92523 -13 1492 1 0 1
-48.7683 -35.5692 325.556 -5.74424 -5.86593 44.8881 2.70858 -13 1493 1 0 1
-7.06494 -1.41942 325.556 -2.4205 -0.330709 79.6135 2.95021 -13 1494 1 0 1
-45.3056 -60.6361 325.556 -11.5422 -16.655 78.0562 1.58842 -13 1495 1 0 1
-5.54326 -29.9707 325.556 -0.68047 -6.01363 57.0164 2.48566 -13 1496 1 0 1
50.9905 17.0736 325.556 9.77619 3.40134 67.2892 1.45265 -13 1497 1 0 1
-27.2217 -36.0074 325.556 -4.54685 -7.28434 59.3576 5.9114 -13 1498 1 0 1
3.72933 -16.5255 325.556 0.833309 -3.40005 58.3322 5.08818 -13 1499 1 0 1
59.9944 116.77 325.556 9.18981 22.0981 53.6101 3.58684 -13 1500 1 0 1
8.02671 9.18887 325.556 1.45252 1.9036 63.4284 -0.0867357 -13 1501 1 0 1
47.4847 -33.9935 325.556 7.74265 -6.5471 55.8169 0.511285 -13 1502 1 0 1
22.1429 20.5031 325.556 4.33751 4.98851 74.1625 2.84694 -13 1504 1 0 1
-4.99118 12.4517 325.556 -1.29712 2.80976 71.1468 4.25395 -13 1505 1 0 1
-13.1375 -40.64 325.556 -2.44991 -8.88392 64.6043 0.132975 -13 1506 1 0 1
28.2454 -0.455991 325.556 5.12642 0.125286 63.4044 1.01659 -13 1507 1 0 1
2.19347 -18.4995 325.556 0.544937 -4.20449 61.5164 2.63207 -13 1508 1 0 1
47.1101 4.71628 325.556 7.16402 0.739748 51.9568 2.67095 -13 1509 1 0 1
-59.7848 -26.2811 325.556 -14.4985 -6.22476 78.231 1.66675 -13 1510 1 0 1
-29.5458 -76.8867 325.556 -5.1581 -16.1252 61.377 1.53977 -13 1511 1 0 1
-65.8456 -74.8463 325.556 -13.9761 -17.9181 70.844 2.25998 -13 1512 1 0 1
-18.86 -25.4236 325.556 -5.06642 -6.20052 77.4735 2.13843 -13 1513 1 0 1
-80.9258 19.0515 325.556 -18.1506 4.74028 74.8179 0.300854 -13 1514 1 0 1
34.8143 -37.2312 325.556 6.09212 -7.54848 60.5175 2.66165 -13 1515 1 0 1
36.076 28.3833 325.556 7.06273 6.87293 69.1849 1.94082 -13 1516 1 0 1
22.7082 15.968 325.556 3.74718 2.83231 54.5746 2.77869 -13 1517 1 0 1
8.22678 101.002 325.556 1.43057 17.7717 50.4004 2.31145 -13 1518 1 0 1
10.5405 -48.016 325.556 1.97249 -11.1494 62.9422 0.515487 -13 1519 1 0 1
27.8142 63.2676 325.556 5.0208 13.7261 62.9273 2.18529 -13 1520 1 0 1
44.4107 -4.02586 325.556 5.18061 -0.324366 41.5544 1.33639 -13 1521 1 0 1
-18.9051 33.6665 325.556 -2.85704 6.59977 55.9015 4.36547 -13 1522 1 0 1
-24.9364 -56.8832 325.556 -4.99172 -13.1192 66.4366 1.262 -13 1523 1 0 1
-37.2773 -56.4023 325.556 -4.71823 -10.0658 47.9869 1.50333 -13 1524 1 0 1
-17.4675 16.943 325.556 -3.98624 4.76281 72.8254 2.54362 -13 1525 1 0 1
-49.3101 18.0988 325.556 -8.09081 3.51687 59.3911 1.60965 -13 1526 1 0 1
27.3394 -59.6805 325.556 4.8049 -12.0363 59.0738 2.49179 -13 1527 1 0 1
-60.6506 113.853 325.556 -5.91597 16.204 37.99 2.37526 -13 1528 1 0 1
22.9619 -49.8361 325.556 3.09158 -7.33628 41.4676 3.1783 -13 1529 1 0 1
-26.5395 -19.5402 325.556 -5.18168 -4.36717 66.8437 2.21516 -13 1530 1 0 1
39.4625 -36.443 325.556 7.03796 -7.59027 61.5704 0.629574 -13 1531 1 0 1
32.5363 26.2415 325.556 5.92148 5.75457 63.5177 1.64746 -13 1532 1 0 1
-6.80062 -25.6079 325.556 -2.03043 -7.13662 75.2765 1.9419 -13 1533 1 0 1
-8.71292 23.7377 325.556 -1.98486 5.13194 70.2145 2.24911 -13 1534 1 0 1
-43.1971 51.5141 325.556 -9.62189 12.8367 72.7012 0.336537 -13 1536 1 0 1
-49.7818 0.797391 325.556 -10.3699 -0.111659 69.9461 2.85713 -13 1537 1 0 1
-0.657363 -14.8752 325.556 -0.455167 -3.73361 69.9321 1.43335 -13 1538 1 0 1
-71.7899 10.0316 325.556 -13.1919 2.64422 63.9909 2.54598 -13 1539 1 0 1
-16.126 74.9413 325.556 -4.00394 19.2807 73.2984 1.28583 -13 1540 1 0 1
-40.8281 12.1762 325.556 -7.84417 2.70337 66.0848 0.327326 -13 1541 1 0 1
-8.70918 -64.284 325.556 -2.1539 -14.8092 70.6745 0.304043 -13 1542 1 0 1
-49.346 -76.2586 325.556 -8.31803 -16.3915 59.3088 3.57709 -13 1543 1 0 1
-34.0625 27.1757 325.556 -7.17807 6.452 69.5085 2.57588 -13 1544 1 0 1
-6.93675 -16.5384 325.556 -1.38721 -3.59464 65.692 1.67591 -13 1546 1 0 1
17.7298 26.232 325.556 3.05327 5.39448 58.6805 1.23036 -13 1547 1 0 1
-22.2145 66.6719 325.556 -4.31505 15.0572 65.0372 3.89853 -13 1548 1 0 1
-29.9903 44.1297 325.556 -5.10568 9.35198 59.5102 4.02618 -13 1549 1 0 1
1.82296 64.2161 325.556 0.312338 14.0751 62.8584 3.66193 -13 1550 1 0 1
-5.35775 14.1334 325.556 -1.83279 4.03386 76.3455 2.9968 -13 1552 1 0 1
70.2321 -3.51203 325.556 8.87076 -0.747211 45.0139 3.14772 -13 1554 1 0 1
-25.1917 3.45067 325.556 -6.22541 0.646531 76.9653 1.10109 -13 1555 1 0 1
12.093 -33.1723 325.556 2.04587 -6.42915 54.9827 3.15992 -13 1556 1 0 1
-4.69609 -60.7283 325.556 -1.60877 -15.8398 74.392 0.904718 -13 1557 1 0 1
-9.28989 -33.868 325.556 -2.87987 -8.54375 78.0167 1.88953 -13 1558 1 0 1
91.9678 39.613 325.556 10.3113 5.90229 40.0693 1.45939 -13 1559 1 0 1
-18.7044 7.11002 325.556 -4.8792 2.3408 77.5093 2.89968 -13 1560 1 0 1
25.5347 26.4393 325.556 4.96403 6.98528 71.29 0.0953458 -13 1561 1 0 1
-72.5 -29.8548 325.556 -9.21552 -4.86267 46.8935 3.69898 -13 1562 1 0 1
48.3309 7.05744 325.556 6.90334 1.18549 49.0809 4.23012 -13 1563 1 0 1
-23.4116 70.2633 325.556 -4.75094 16.6239 67.1472 4.21678 -13 1564 1 0 1
-28.579 7.3421 325.556 -3.00361 1.15018 42.303 2.89565 -13 1566 1 0 1
5.76693 -58.0884 325.556 1.05787 -12.8224 63.6732 1.288 -13 1567 1 0 1
40.9455 49.6625 325.556 4.72636 7.13969 40.2926 2.43008 -13 1568 1 0 1
-46.9784 32.9575 325.556 -10.5257 8.2786 73.5209 1.7404 -13 1569 1 0 1
39.9623 21.755 325.556 6.63892 4.36831 56.3107 0.679123 -13 1570 1 0 1
-97.1556 -43.8059 325.556 -16.0073 -9.05865 58.3267 1.54112 -13 1571 1 0 1
9.77396 29.653 325.556 1.79364 7.44012 66.4268 2.84871 -13 1572 1 0 1
-13.3333 -19.9856 325.556 -2.9796 -4.93504 69.9305 3.74999 -13 1573 1 0 1
64.688 40.4168 325.556 9.69742 7.30833 52.0975 0.932155 -13 1574 1 0 1
0.939917 21.2208 325.556 -0.305456 4.77626 73.6063 1.98347 -13 1575 1 0 1
1.14968 -0.371825 325.556 0.0927812 0.203495 64.2243 1.65639 -13 1576 1 0 1
-8.02003 17.5966 325.556 -1.54753 4.11538 64.3667 1.72357 -13 1577 1 0 1
-70.3934 24.4344 325.556 -13.4277 5.5848 65.5155 2.84596 -13 1578 1 0 1
37.5035 49.7573 325.556 6.5494 10.346 60.3465 1.78448 -13 1579 1 0 1
3.82703 -22.6128 325.556 0.544493 -5.68241 69.5853 1.81367 -13 1580 1 0 1
26.0883 6.16064 325.556 3.62284 0.855158 45.8642 1.87282 -13 1581 1 0 1
63.2892 15.3034 325.556 7.40674 2.38663 41.1837 3.57498 -13 1582 1 0 1
5.77296 -53.6678 325.556 1.04134 -7.8759 42.5098 3.68942 -13 1583 1 0 1
-4.66772 -36.142 325.556 -1.09914 -8.66383 67.2045 3.2458 -13 1584 1 0 1
-16.2859 -11.6944 325.556 -2.8868 -2.45273 62.437 2.17006 -13 1585 1 0 1
34.0706 -4.49109 325.556 6.63882 -0.462357 70.1709 3.48736 -13 1586 1 0 1
-54.3363 5.06695 325.556 -10.478 1.29265 66.2232 2.68456 -13 1587 1 0 1
-27.6186 -32.1022 325.556 -6.96823 -8.41792 78.2399 3.65863 -13 1588 1 0 1
34.4844 14.0142 325.556 6.87824 3.4618 72.486 1.18894 -13 1589 1 0 1
-48.0077 -57.9072 325.556 -8.03244 -12.0656 59.4402 0.778018 -13 1590 1 0 1
-29.2536 -11.9013 325.556 -6.99771 -2.67921 75.2172 -0.261694 -13 1591 1 0 1
-31.7312 50.74 325.556 -7.31629 12.9359 73.4676 2.84502 -13 1592 1 0 1
48.345 75.1666 325.556 9.38676 17.7324 69.727 3.08809 -13 1593 1 0 1
-3.33076 12.9862 325.556 -0.327913 2.34402 55.7094 4.11362 -13 1594 1 0 1
-57.9865 -59.5611 325.556 -7.38496 -9.893 47.258 1.44972 -13 1596 1 0 1
5.08619 12.8673 325.556 0.42006 3.28531 78.6119 4.74287 -13 1597 1 0 1
34.5537 58.8603 325.556 6.69104 14.6564 70.294 2.00522 -13 1598 1 0 1
71.4128 45.7146 325.556 7.91266 6.74478 39.439 2.24203 -13 1599 1 0 1
-22.4564 16.5482 325.556 -5.51661 4.18295 75.3273 2.49602 -13 1600 1 0 1
-3.54173 54.049 325.556 -0.624847 11.6917 61.4526 2.75453 -13 1601 1 0 1
-33.8348 -14.4374 325.556 -7.54379 -3.27296 72.2912 1.00995 -13 1602 1 0 1
36.5458 -59.6043 325.556 5.93816 -11.2798 55.7528 1.42993 -13 1603 1 0 1
-55.1527 25.4419 325.556 -11.8065 6.19697 71.5591 2.06487 -13 1604 1 0 1
4.93364 -58.4469 325.556 0.427832 -15.3224 76.7755 3.32822 -13 1605 1 0 1
-50.3751 27.1995 325.556 -12.0121 7.04479 76.9685 1.8398 -13 1606 1 0 1
49.9244 10.9583 325.556 9.32208 2.2085 64.801 2.55386 -13 1607 1 0 1
-12.2476 -12.1732 325.556 -2.40292 -3.06264 66.1911 3.34457 -13 1608 1 0 1
43.9215 -1.21508 325.556 6.97715 -0.14115 54.3516 2.79313 -13 1609 1 0 1
21.9135 -80.8834 325.556 1.65858 -8.39367 26.8745 6.01926 -13 1611 1 0 1
1.40375 1.96289 325.556 0.228597 0.704469 64.2916 3.40622 -13 1612 1 0 1
9.97131 -40.8517 325.556 1.77213 -9.29523 69.6687 2.47601 -13 1613 1 0 1
68.7816 -10.7865 325.556 11.0219 -2.40091 55.7335 1.59367 -13 1614 1 0 1
8.78143 -20.0462 325.556 1.43323 -3.47682 49.4702 3.16368 -13 1615 1 0 1
-29.7762 74.9506 325.556 -7.43605 19.192 76.4749 1.73761 -13 1616 1 0 1
-40.6514 -106.217 325.556 -3.4569 -13.5981 34.5778 2.28043 -13 1617 1 0 1
-52.1091 -43.5344 325.556 -9.25059 -9.54914 62.1028 1.30667 -13 1618 1 0 1
28.8257 -28.6749 325.556 5.29943 -6.59141 64.1422 -1.32275 -13 1619 1 0 1
18.2955 -6.10346 325.556 2.97504 -1.21794 55.7489 4.15249 -13 1620 1 0 1
-19.845 26.4165 325.556 -2.55868 4.99959 52.7441 2.43234 -13 1621 1 0 1
-31.7019 39.1122 325.556 -8.29538 10.977 79.5224 2.74737 -13 1622 1 0 1
33.6809 -55.293 325.556 6.42213 -13.1289 68.7422 2.88818 -13 1623 1 0 1
6.91238 -14.5303 325.556 1.22172 -2.48669 47.538 0.730833 -13 1624 1 0 1
19.3632 17.3798 325.556 3.3746 3.75933 59.5053 2.38319 -13 1625 1 0 1
-105.561 -179.751 325.556 -10.1076 -24.9571 36.5315 4.84348 -13 1626 1 0 1
28.2671 -61.8363 325.556 4.09783 -11.0257 49.2758 1.84787 -13 1627 1 0 1
-34.6982 -29.1365 325.556 -8.26582 -7.95824 75.6105 -0.242293 -13 1628 1 0 1
19.3943 47.74 325.556 3.61144 10.7755 67.7048 0.64226 -13 1630 1 0 1
-55.6908 -11.8924 325.556 -10.1924 -2.56628 63.5893 2.21443 -13 1631 1 0 1
2.56959 -20.2093 325.556 0.612647 -4.12979 52.9373 1.51935 -13 1632 1 0 1
-37.5436 55.9393 325.556 -6.8512 12.152 62.8905 1.78869 -13 1633 1 0 1
-5.98038 -47.0242 325.556 -0.920142 -9.55734 58.2551 2.5768 -13 1634 1 0 1
31.4502 0.389107 325.556 5.46825 -0.0342308 59.5149 2.73266 -13 1635 1 0 1
-25.9362 -20.4189 325.556 -6.38056 -5.13221 76.2058 0.961549 -13 1636 1 0 1
-1.92615 42.2846 325.556 -0.468166 9.64371 65.1409 1.61875 -13 1637 1 0 1
33.2751 41.6339 325.556 5.78817 8.56567 57.9071 3.90109 -13 1638 1 0 1
14.3506 -1.93452 325.556 2.23724 -0.405152 49.1504 4.88434 -13 1639 1 0 1
67.2897 14.917 325.556 10.097 2.94045 52.0733 3.36884 -13 1640 1 0 1
-7.63423 20.0689 325.556 -2.15491 5.04052 73.9723 3.28151 -13 1641 1 0 1
1.40775 28.133 325.556 0.400214 5.58106 58.4538 2.26839 -13 1642 1 0 1
51.6516 81.0174 325.556 7.39381 14.4587 49.8619 0.974915 -13 1643 1 0 1
-41.9582 29.1261 325.556 -9.58668 7.03731 74.1291 -0.462448 -13 1644 1 0 1
-73.7898 -43.4716 325.556 -15.393 -10.6462 70.2405 0.936069 -13 1645 1 0 1
6.21566 5.11314 325.556 1.12032 0.8634 63.9592 -0.428515 -13 1646 1 0 1
-43.143 -26.1695 325.556 -2.3755 -2.53793 24.9768 4.31766 -13 1647 1 0 1
77.3014 -127.229 325.556 8.94832 -18.9589 42.0602 2.87273 -13 1648 1 0 1
-27.0473 29.3724 325.556 -5.09255 6.46924 65.4073 3.61718 -13 1649 1 0 1
-40.483 0.692679 325.556 -7.04297 0.0313715 60.8435 1.31901 -13 1650 1 0 1
3.25523 42.5878 325.556 0.601406 8.8968 60.1079 0.475889 -13 1651 1 0 1
-10.6028 39.5226 325.556 -1.55548 7.95905 58.2374 0.62721 -13 1652 1 0 1
6.47654 14.8653 325.556 1.12334 2.71552 52.3479 2.9317 -13 1653 1 0 1
-11.6969 -58.009 325.556 -1.21636 -9.22716 45.2317 1.7486 -13 1654 1 0 1
-20.7721 -0.33419 325.556 -4.17179 -0.520651 66.8572 3.23324 -13 1655 1 0 1
-10.7428 50.1861 325.556 -2.78324 12.9424 73.0087 2.06944 -13 1656 1 0 1
-93.7998 4.39763 325.556 -16.312 0.813464 60.9739 3.42772 -13 1657 1 0 1
86.6728 -8.87565 325.556 11.0629 -1.60147 45.386 1.22996 -13 1658 1 0 1
31.4609 -33.8621 325.556 5.61391 -6.62897 60.2802 3.16946 -13 1659 1 0 1
-2.64435 32.2677 325.556 -0.541202 6.9017 62.543 4.79257 -13 1660 1 0 1
55.0797 -76.8627 325.556 9.85992 -16.843 62.1327 4.33434 -13 1661 1 0 1
6.08701 -31.6294 325.556 0.9494 -8.07155 70.815 2.20724 -13 1662 1 0 1
1.6436 12.4974 325.556 0.403175 1.77317 44.9201 2.69511 -13 1663 1 0 1
13.0622 -3.98945 325.556 2.3822 -0.98855 64.3106 1.76381 -13 1664 1 0 1
6.76757 -11.9521 325.556 0.894904 -3.56707 77.6275 0.852741 -13 1665 1 0 1
17.1984 -46.0182 325.556 3.09747 -10.5572 68.4606 1.91482 -13 1666 1 0 1
70.0695 0.101675 325.556 11.7061 -0.141943 57.5904 3.31564 -13 1667 1 0 1
86.3379 -18.5373 325.556 13.8652 -4.26247 56.6348 1.05549 -13 1668 1 0 1
82.7643 56.9208 325.556 7.66173 7.05073 34.4794 2.43729 -13 1669 1 0 1
5.46859 -55.7759 325.556 1.04693 -11.5723 57.6505 2.06934 -13 1670 1 0 1
-40.2647 26.9299 325.556 -10.4055 7.1257 79.2056 1.74761 -13 1671 1 0 1
48.8291 -96.5177 325.556 7.75322 -18.4798 55.0102 1.05283 -13 1672 1 0 1
15.7632 -30.3092 325.556 2.82584 -6.14895 58.2295 2.84442 -13 1673 1 0 1
6.43093 -77.2595 325.556 1.10831 -13.7402 49.8197 2.51481 -13 1674 1 0 1
-35.2137 -42.9845 325.556 -5.88166 -8.86649 60.3562 0.239892 -13 1675 1 0 1
-64.6437 -66.0221 325.556 -2.57958 -5.24406 19.5673 6.33848 -13 1676 1 0 1
32.385 -19.2163 325.556 4.10697 -3.0917 43.5034 4.88689 -13 1677 1 0 1
29.5268 14.3227 325.556 4.96861 3.10187 57.5252 1.72794 -13 1678 1 0 1
30.1676 81.0918 325.556 5.01731 16.1283 56.6957 4.47902 -13 1679 1 0 1
-19.9949 -21.5528 325.556 -2.83331 -3.88522 53.0121 3.81884 -13 1680 1 0 1
7.36702 -2.98797 325.556 1.37806 -0.676957 58.29 1.55692 -13 1681 1 0 1
45.2897 41.1085 325.556 6.51144 7.43984 49.1874 1.8788 -13 1682 1 0 1
45.6769 -33.4108 325.556 8.61969 -7.56712 66.2695 1.19155 -13 1683 1 0 1
53.4888 13.9435 325.556 9.284 2.99197 60.5361 4.08912 -13 1684 1 0 1
-3.25984 -33.7634 325.556 -1.26456 -8.59002 73.9656 1.5076 -13 1685 1 0 1
-3.04132 42.9146 325.556 -0.269576 8.38932 56.2542 4.51054 -13 1686 1 0 1
-21.069 -69.9373 325.556 -3.15994 -14.1316 56.4333 1.99728 -13 1687 1 0 1
53.6509 42.1091 325.556 8.9888 8.59065 58.2268 1.05557 -13 1688 1 0 1
12.8474 1.56525 325.556 2.38542 0.0253527 72.4776 0.738948 -13 1690 1 0 1
-6.18856 -29.7974 325.556 -1.6257 -7.40184 70.5549 1.30832 -13 1691 1 0 1
-1.87743 -9.45162 325.556 -0.139044 -1.87331 59.0024 1.90027 -13 1692 1 0 1
43.013 -34.2376 325.556 3.97331 -4.11991 32.7705 1.15219 -13 1693 1 0 1
28.3171 2.11581 325.556 4.87674 0.261342 57.9194 2.21164 -13 1694 1 0 1
5.77291 2.90161 325.556 0.96086 0.584495 71.7577 1.82898 -13 1695 1 0 1
-64.3647 -19.6848 325.556 -15.5918 -5.26806 77.6631 2.69804 -13 1696 1 0 1
74.1195 35.6484 325.556 10.033 5.98706 47.5523 1.2478 -13 1697 1 0 1
-20.6647 14.8386 325.556 -3.08837 2.60899 55.4965 2.49217 -13 1698 1 0 1
17.9002 8.99993 325.556 3.37917 2.16534 66.2447 -0.12036 -13 1699 1 0 1
-12.3126 13.2967 325.556 -2.80055 2.64795 71.5415 1.92559 -13 1700 1 0 1
-6.84605 -6.99771 325.556 -1.89796 -1.9689 73.155 -0.0035116 -13 1701 1 0 1
8.22422 6.61204 325.556 1.39268 1.78522 70.7588 2.58938 -13 1702 1 0 1
26.3729 -10.0635 325.556 5.10286 -2.4809 68.7358 2.06258 -13 1703 1 0 1
-26.105 -55.6056 325.556 -3.79186 -10.348 53.864 1.27054 -13 1704 1 0 1
-39.5833 -1.64059 325.556 -8.84852 -0.0415401 73.0945 0.823821 -13 1705 1 0 1
-32.3486 -72.4507 325.556 -7.86265 -19.2467 75.9821 1.67674 -13 1706 1 0 1
13.1525 -49.7999 325.556 2.19287 -9.38954 54.2615 1.03555 -13 1707 1 0 1
-33.2008 39.9127 325.556 -6.96679 9.69538 69.4699 1.32695 -13 1708 1 0 1
-15.1391 30.6666 325.556 -2.53577 6.56391 60.2843 0.815268 -13 1709 1 0 1
28.9153 119.084 325.556 3.20943 16.8703 37.1794 2.45945 -13 1710 1 0 1
35.9041 49.8519 325.556 6.44262 10.8357 62.0168 1.84188 -13 1711 1 0 1
47.8885 -65.0411 325.556 6.30615 -10.4171 44.8269 3.37306 -13 1712 1 0 1
-16.4398 -40.3229 325.556 -2.38499 -7.8104 56.6849 2.92919 -13 1713 1 0 1
-14.1345 30.0959 325.556 -3.39461 7.63383 73.7417 1.3513 -13 1714 1 0 1
27.1844 -41.5658 325.556 4.94036 -9.60979 62.6574 1.67362 -13 1715 1 0 1
-16.569 37.4516 325.556 -2.54539 7.44596 56.9859 4.83084 -13 1716 1 0 1
36.6359 -26.0534 325.556 5.11634 -4.3707 48.2216 3.87078 -13 1717 1 0 1
55.4281 -29.502 325.556 10.9931 -7.43487 70.9471 1.09168 -13 1718 1 0 1
-9.74343 -22.9252 325.556 -2.38615 -5.6615 70.996 1.28686 -13 1719 1 0 1
-22.5447 16.31 325.556 -4.67154 4.063 69.1817 1.3237 -13 1720 1 0 1
51.8651 33.0721 325.556 10.2165 8.07031 70.199 2.15226 -13 1721 1 0 1
42.8426 7.24239 325.556 8.32386 1.55295 68.7665 2.10547 -13 1722 1 0 1
36.765 9.48381 325.556 7.69154 2.37522 76.9176 0.013047 -13 1723 1 0 1
-7.44167 -63.3703 325.556 -0.786747 -11.4578 51.5429 3.0045 -13 1724 1 0 1
76.4686 -23.4046 325.556 13.226 -4.63654 60.2248 2.53968 -13 1725 1 0 1
1.68509 -61.4138 325.556 0.494206 -11.2056 51.5215 3.20298 -13 1726 1 0 1
39.3807 5.2708 325.556 7.72634 1.2499 70.0237 3.48365 -13 1727 1 0 1
-21.0848 36.3786 325.556 -3.6246 7.89645 61.4024 3.47048 -13 1728 1 0 1
-51.9284 51.2189 325.556 -8.71947 10.9547 59.1689 4.22098 -13 1729 1 0 1
33.2571 -17.3037 325.556 5.02482 -3.19944 50.559 1.73628 -13 1731 1 0 1
-14.4138 32.6967 325.556 -3.05912 7.88211 68.7436 2.57443 -13 1732 1 0 1
22.8654 -6.15799 325.556 4.05227 -1.38094 61.446 0.694716 -13 1733 1 0 1
1.46671 -22.132 325.556 -0.0847944 -5.38256 74.5814 -0.593905 -13 1734 1 0 1
16.0493 -1.88755 325.556 2.95648 -0.950231 61.4867 0.597977 -13 1735 1 0 1
-23.2034 24.0326 325.556 -4.80293 5.43522 68.0205 1.24498 -13 1736 1 0 1
2.6366 -0.639658 325.556 0.660457 -0.412884 48.7492 2.04221 -13 1737 1 0 1
45.0317 49.088 325.556 7.63892 10.0268 58.4361 0.70075 -13 1738 1 0 1
4.38166 17.6282 325.556 0.798142 2.64726 43.0284 3.84666 -13 1739 1 0 1
42.1033 -34.0447 325.556 8.14907 -8.42689 69.7155 1.13699 -13 1740 1 0 1
-7.53392 -37.524 325.556 -1.51389 -9.11465 64.9826 2.7709 -13 1741 1 0 1
-35.1323 -31.8835 325.556 -5.16392 -5.82573 54.0096 3.37347 -13 1742 1 0 1
38.591 71.09 325.556 7.04351 16.0551 64.7621 2.97879 -13 1743 1 0 1
84.5392 -16.4286 325.556 13.842 -3.64257 57.8675 1.4098 -13 1744 1 0 1
-7.5546 24.1906 325.556 -1.77233 5.67188 69.2387 4.18309 -13 1745 1 0 1
-1.84036 -38.7272 325.556 -0.641961 -9.76926 70.5633 1.22131 -13 1746 1 0 1
16.1744 24.2045 325.556 2.70276 4.51787 50.7909 0.76763 -13 1747 1 0 1
-2.3613 -7.52781 325.556 -0.915024 -2.15994 73.8538 2.43265 -13 1749 1 0 1
21.9098 19.216 325.556 4.31369 4.15945 66.4884 1.98086 -13 1750 1 0 1
31.6383 95.7453 325.556 5.84996 22.2372 66.3198 3.71449 -13 1751 1 0 1
-1.5934 4.27076 325.556 0.0559283 0.471296 45.6 3.33312 -13 1753 1 0 1
24.3443 -13.0608 325.556 4.7878 -3.13519 72.1269 2.08282 -13 1754 1 0 1
-2.73939 -21.4757 325.556 -0.494967 -4.28276 64.1565 4.22946 -13 1755 1 0 1
77.0664 24.7017 325.556 13.6083 5.56646 61.3264 0.586167 -13 1756 1 0 1
8.19493 -15.5175 325.556 1.41407 -3.9997 69.2613 2.10117 -13 1757 1 0 1
-7.45419 -13.3883 325.556 -1.08572 -2.70895 58.8781 0.686506 -13 1758 1 0 1
40.3918 -23.7632 325.556 5.57649 -3.94959 47.7694 0.310909 -13 1759 1 0 1
-84.9099 11.5418 325.556 -16.9626 2.11295 67.9617 1.77498 -13 1760 1 0 1
91.5658 -5.87714 325.556 13.0373 -0.934358 50.6249 0.716575 -13 1761 1 0 1
3.36576 -56.6001 325.556 -0.0614581 -15.4377 78.2576 2.60343 -13 1762 1 0 1
-39.8586 93.7614 325.556 -6.39502 19.1647 57.2963 3.69023 -13 1763 1 0 1
-37.7968 13.2198 325.556 -5.35892 2.70083 52.9649 1.86911 -13 1764 1 0 1
-45.5897 -81.0613 325.556 -6.60755 -15.2522 52.8823 2.63078 -13 1765 1 0 1
-81.2399 46.2724 325.556 -17.7419 11.6643 72.9861 4.99201 -13 1766 1 0 1
-29.0714 50.4471 325.556 -5.63949 11.5821 65.6751 0.981828 -13 1767 1 0 1
43.8799 -34.8639 325.556 8.79887 -8.96218 73.2977 1.35519 -13 1768 1 0 1
-56.9139 -12.2608 325.556 -10.7703 -2.56738 65.1837 3.16653 -13 1770 1 0 1
13.7776 48.3424 325.556 2.56953 10.6948 62.0843 2.50202 -13 1771 1 0 1
-43.3398 -5.95052 325.556 -9.73685 -1.72938 73.4716 2.26374 -13 1772 1 0 1
-37.6747 -57.5569 325.556 -1.35221 -4.29576 18.5406 3.24646 -13 1773 1 0 1
-31.7291 -26.1391 325.556 -7.53422 -6.96827 75.196 2.53859 -13 1774 1 0 1
-3.78961 29.9478 325.556 -0.282678 5.58958 49.5878 2.92669 -13 1775 1 0 1
30.1425 -42.2305 325.556 5.99436 -10.7288 73.7789 2.20891 -13 1776 1 0 1
16.4862 58.0528 325.556 2.8066 11.7817 56.976 1.30583 -13 1777 1 0 1
12.2754 -18.1652 325.556 1.77141 -2.68426 45.4775 4.89293 -13 1779 1 0 1
18.2168 8.79361 325.556 3.44355 1.87066 75.2875 1.53821 -13 1780 1 0 1
30.1026 -85.5749 325.556 4.02546 -13.9069 45.7108 3.7445 -13 1781 1 0 1
12.8572 -28.7131 325.556 1.60133 -4.36543 38.4054 4.87266 -13 1782 1 0 1
11.4862 39.041 325.556 1.98433 7.31432 58.9505 3.075 -13 1783 1 0 1
-42.2216 60.4066 325.556 -5.92046 11.1655 51.5969 1.72147 -13 1784 1 0 1
37.9992 24.4386 325.556 5.97468 4.5668 52.9689 3.26472 -13 1785 1 0 1
55.0793 -65.2209 325.556 9.09134 -13.3476 57.8005 2.43799 -13 1786 1 0 1
0.172385 18.5947 325.556 0.0296713 3.78414 59.9419 3.7181 -13 1787 1 0 1
14.3473 -8.86231 325.556 2.5234 -1.9515 58.5236 2.18024 -13 1788 1 0 1
41.2995 -32.3264 325.556 6.73592 -5.88439 55.7719 2.31628 -13 1789 1 0 1
25.0727 -21.4613 325.556 5.05043 -6.27875 77.5264 0.6778 -13 1790 1 0 1
-31.8512 -38.7968 325.556 -8.24956 -10.4705 76.363 0.717566 -13 1791 1 0 1
-17.9778 12.172 325.556 -2.9786 2.7269 59.9875 2.74006 -13 1792 1 0 1
-34.7268 38.1858 325.556 -7.42517 8.9851 70.4498 2.4594 -13 1793 1 0 1
-29.3459 -25.8053 325.556 -6.6343 -6.41431 72.8178 1.77808 -13 1794 1 0 1
-32.3962 7.45846 325.556 -6.71281 2.59863 69.7694 1.03892 -13 1795 1 0 1
-15.3919 7.73601 325.556 -2.84737 1.67475 64.7294 1.83769 -13 1796 1 0 1
-21.0484 26.9834 325.556 -5.56653 7.87304 78.3652 2.27328 -13 1797 1 0 1
-4.86315 17.226 325.556 -1.62712 4.3152 75.5564 1.88089 -13 1798 1 0 1
16.4879 16.7274 325.556 3.11306 4.06627 68.068 2.90182 -13 1799 1 0 1
-6.07754 -47.7429 325.556 -0.912988 -10.3689 59.1139 2.73563 -13 1800 1 0 1
-51.8694 7.80735 325.556 -13.1554 1.58365 78.96 0.660385 -13 1801 1 0 1
6.48994 25.8998 325.556 1.11602 6.33662 68.7369 2.80127 -13 1802 1 0 1
72.6795 -41.1558 325.556 12.4806 -8.56144 60.0297 2.97879 -13 1803 1 0 1
-4.71571 15.0198 325.556 0.0426343 1.6741 28.9968 4.47969 -13 1804 1 0 1
10.3653 62.1357 325.556 1.78255 13.6129 65.054 1.92704 -13 1805 1 0 1
-19.8674 15.1235 325.556 -4.04632 3.57938 68.0694 3.2327 -13 1806 1 0 1
20.0737 -6.10788 325.556 3.82692 -0.67512 70.6838 2.72106 -13 1807 1 0 1
-9.70596 -44.4127 325.556 -1.81209 -9.82121 63.0384 4.05099 -13 1808 1 0 1
-9.3819 -32.3914 325.556 -1.87291 -6.93086 65.8327 2.4848 -13 1809 1 0 1
42.657 -7.09434 325.556 6.6222 -1.49931 53.894 2.08006 -13 1810 1 0 1
-24.5368 34.1894 325.556 -4.62116 7.63855 64.5039 1.0274 -13 1811 1 0 1
6.86008 -42.6502 325.556 1.25417 -7.9732 56.7971 3.1691 -13 1812 1 0 1
21.9669 16.6224 325.556 3.91612 3.32209 62.2303 3.33043 -13 1813 1 0 1
9.70951 68.322 325.556 1.75189 15.7783 65.3084 1.31608 -13 1814 1 0 1
-15.0438 22.5481 325.556 -2.85719 4.71365 66.013 1.02749 -13 1815 1 0 1
47.0603 28.2474 325.556 8.87654 6.71349 66.9335 1.57275 -13 1816 1 0 1
-14.5886 -84.4906 325.556 -2.7871 -18.7206 63.9001 3.14775 -13 1817 1 0 1
-8.22495 11.8166 325.556 -1.2676 2.39629 60.0168 4.00951 -13 1818 1 0 1
33.6432 23.5772 325.556 3.88587 3.4998 38.5278 3.11771 -13 1819 1 0 1
-36.7998 -90.9747 325.556 -5.20026 -16.6531 51.3813 3.15491 -13 1820 1 0 1
20.8701 -122.811 325.556 3.60837 -25.3654 59.938 1.80453 -13 1821 1 0 1
17.7596 57.9154 325.556 3.23151 13.3909 67.4854 2.12334 -13 1823 1 0 1
-28.4364 14.8046 325.556 -6.51 3.49792 73.2313 1.75842 -13 1824 1 0 1
-16.6147 -10.6482 325.556 -5.02236 -2.92013 79.6682 1.44976 -13 1825 1 0 1
-11.0103 36.323 325.556 -2.42163 8.74452 70.0784 0.750968 -13 1826 1 0 1
93.0752 -35.3653 325.556 13.2625 -6.2812 50.9274 1.99068 -13 1827 1 0 1
-37.5808 -41.4421 325.556 -6.17832 -8.53714 58.7323 2.38026 -13 1828 1 0 1
-30.9209 -63.2806 325.556 -4.93779 -12.3881 56.8703 2.61522 -13 1829 1 0 1
-9.74597 -21.5516 325.556 -2.27553 -5.12603 69.1358 1.62822 -13 1830 1 0 1
39.9991 88.575 325.556 7.28343 19.6509 64.5247 2.07599 -13 1831 1 0 1
-25.5869 7.42297 325.556 -4.77602 1.53037 65.0459 3.16704 -13 1832 1 0 1
20.7097 76.6998 325.556 3.72221 17.7297 65.0041 0.500261 -13 1833 1 0 1
-11.3093 24.2495 325.556 -2.20699 5.55611 65.8557 4.7073 -13 1834 1 0 1
10.7115 9.8539 325.556 1.80692 2.01553 53.9818 3.56737 -13 1835 1 0 1
3.04214 51.8666 325.556 0.400472 12.1535 67.0492 3.68242 -13 1836 1 0 1
-65.7044 -6.2233 325.556 -13.4421 -1.82298 69.3721 1.78237 -13 1837 1 0 1
55.3358 -2.92333 325.556 9.02348 -0.416676 56.9153 0.294266 -13 1838 1 0 1
-57.0653 19.1888 325.556 -12.8533 4.18854 73.9993 2.8114 -13 1839 1 0 1
-64.8856 35.7237 325.556 -4.66429 4.2679 29.8909 2.30704 -13 1840 1 0 1
-13.0501 43.0387 325.556 -2.68909 10.4707 65.613 -0.603059 -13 1841 1 0 1
-17.7631 41.1124 325.556 -3.46936 10.0993 66.4359 2.60353 -13 1842 1 0 1
6.43397 -12.8245 325.556 0.902114 -3.52534 74.3991 1.89077 -13 1843 1 0 1
-15.7961 -18.0264 325.556 -2.66436 -4.21171 60.362 3.25315 -13 1844 1 0 1
31.8615 -2.67088 325.556 4.66105 -0.631874 48.5572 2.9015 -13 1845 1 0 1
-60.8416 17.2381 325.556 -12.0244 4.15795 67.3154 3.84811 -13 1846 1 0 1
-34.4521 9.17813 325.556 -8.32764 2.17173 76.576 0.449416 -13 1847 1 0 1
55.3459 46.614 325.556 8.65461 9.17387 54.3213 3.30552 -13 1848 1 0 1
-37.0303 40.7618 325.556 -7.74466 9.8426 69.5395 3.07573 -13 1849 1 0 1
12.5444 -19.0421 325.556 2.35681 -4.21416 62.108 2.88077 -13 1850 1 0 1
10.9998 42.7408 325.556 1.89852 7.93778 53.1729 4.61377 -13 1851 1 0 1
22.9864 15.2341 325.556 4.56957 4.08117 76.8517 2.25024 -13 1852 1 0 1
-0.0147358 46.015 325.556 -0.0572061 10.3654 65.4269 2.52856 -13 1853 1 0 1
18.3578 -107.362 325.556 2.12301 -14.466 36.2937 1.64598 -13 1854 1 0 1
-121.069 -58.3009 325.556 -17.0603 -10.9193 51.1793 2.18664 -13 1855 1 0 1
1.4404 10.0789 325.556 0.36288 2.03193 60.045 4.17104 -13 1856 1 0 1
27.1259 4.76875 325.556 4.34806 0.569712 53.2174 2.53841 -13 1857 1 0 1
53.7792 26.5133 325.556 7.95479 4.58821 49.8713 3.90885 -13 1858 1 0 1
44.7613 11.1842 325.556 9.10381 3.00138 73.1844 2.94876 -13 1859 1 0 1
-23.1961 -78.4941 325.556 -2.64195 -13.0769 45.6795 2.63974 -13 1860 1 0 1
-17.649 -16.8875 325.556 -0.945885 -1.93484 27.9705 4.41435 -13 1861 1 0 1
16.2221 -21.3581 325.556 2.71131 -4.29459 51.3286 0.215257 -13 1862 1 0 1
8.22722 -172.859 325.556 1.19821 -28.3605 44.0619 1.95092 -13 1863 1 0 1
-62.9767 -41.3117 325.556 -12.3802 -9.48168 67.0993 2.73574 -13 1864 1 0 1
-19.3831 21.569 325.556 -5.00881 5.98519 77.387 2.58958 -13 1865 1 0 1
18.0709 -21.7775 325.556 3.22412 -4.9422 61.5775 1.9361 -13 1866 1 0 1
-66.1347 -30.3254 325.556 -11.6799 -6.61963 61.5163 2.71083 -13 1867 1 0 1
-78.1639 26.513 325.556 -18.2436 6.5119 76.0207 2.38465 -13 1868 1 0 1
-53.2321 48.244 325.556 -5.26496 6.88109 37.9589 3.50411 -13 1869 1 0 1
2.40669 27.1087 325.556 0.430229 6.31275 65.1274 2.97946 -13 1870 1 0 1
-54.0845 -4.11477 325.556 -9.45242 -0.531002 61.572 3.07049 -13 1871 1 0 1
51.7297 13.6494 325.556 8.88883 2.88455 59.8814 2.15339 -13 1872 1 0 1
-72.5752 -7.64557 325.556 -15.8963 -1.81533 72.9749 2.47957 -13 1873 1 0 1
64.5978 -17.0999 325.556 13.8196 -4.71732 76.8761 -0.418258 -13 1874 1 0 1
21.2269 12.8152 325.556 3.79616 2.21196 60.609 4.52621 -13 1875 1 0 1
-22.9142 -27.9572 325.556 -4.40267 -5.87029 65.507 2.24168 -13 1876 1 0 1
-24.5623 -18.5581 325.556 -5.38936 -4.71189 70.6165 3.42035 -13 1877 1 0 1
38.0882 -50.7176 325.556 7.19835 -12.0586 66.7462 1.67934 -13 1878 1 0 1
50.0553 -35.3393 325.556 9.20874 -7.71421 64.8177 0.940838 -13 1879 1 0 1
-12.0344 -11.8626 325.556 -2.3616 -2.58761 65.3399 3.53888 -13 1880 1 0 1
-43.4558 -48.1673 325.556 -4.8036 -7.47798 42.9955 3.06999 -13 1881 1 0 1
-16.4287 2.04793 325.556 -2.74606 0.531487 60.2774 1.85416 -13 1882 1 0 1
-33.9119 37.4332 325.556 -7.05688 9.33119 69.4507 2.08491 -13 1883 1 0 1
-53.1698 -14.7114 325.556 -11.0618 -3.40646 70.1334 1.74576 -13 1884 1 0 1
43.9174 -36.8628 325.556 5.93698 -6.4068 46.445 2.4952 -13 1885 1 0 1
15.8177 -24.6545 325.556 3.04149 -5.72675 68.7444 3.34181 -13 1886 1 0 1
-97.927 40.051 325.556 -6.90326 4.57523 29.2369 0.764653 -13 1887 1 0 1
-34.1307 -29.8359 325.556 -5.88361 -6.90911 61.8125 1.11153 -13 1888 1 0 1
-39.7259 37.8261 325.556 -4.4183 6.16242 42.6833 1.39138 -13 1889 1 0 1
73.3373 -33.1636 325.556 13.4381 -7.64061 64.4597 0.972879 -13 1890 1 0 1
52.5821 21.6678 325.556 3.61018 2.34418 26.9196 3.96176 -13 1891 1 0 1
2.31915 12.3733 325.556 0.631658 2.19401 51.4848 1.32983 -13 1892 1 0 1
-54.7275 -31.0508 325.556 -10.7856 -7.02496 67.4279 2.69442 -13 1893 1 0 1
-59.8759 14.1885 325.556 -12.2542 3.62612 69.0263 1.8697 -13 1894 1 0 1
6.47086 -31.0106 325.556 1.09012 -6.90119 67.0755 1.98054 -13 1896 1 0 1
-28.8815 -13.8927 325.556 -5.04822 -2.78344 61.8099 3.1919 -13 1897 1 0 1
-8.62395 53.4158 325.556 -1.4612 11.6637 60.9842 2.77263 -13 1898 1 0 1
-27.9433 -25.2929 325.556 -5.31327 -5.6173 64.9668 1.47055 -13 1899 1 0 1
-39.688 -54.3474 325.556 -6.4189 -10.8934 57.6866 1.50103 -13 1900 1 0 1
97.7581 1.31089 325.556 13.9712 0.373613 50.8799 3.91956 -13 1901 1 0 1
6.02192 1.36489 325.556 1.10902 0.259976 66.0345 0.566196 -13 1902 1 0 1
79.7104 -1.69564 325.556 12.4093 -0.402278 54.7437 3.0961 -13 1903 1 0 1
-19.4116 24.7972 325.556 -3.55161 5.57915 63.9359 2.24189 -13 1904 1 0 1
-51.7702 11.7455 325.556 -12.0352 2.75923 75.805 1.45867 -13 1905 1 0 1
10.8771 56.2721 325.556 1.95396 12.7688 65.816 1.68457 -13 1906 1 0 1
-5.83984 72.3542 325.556 -1.00064 15.829 62.5143 3.78663 -13 1907 1 0 1
-17.516 -22.2878 325.556 -3.5515 -5.56282 68.8013 1.17803 -13 1908 1 0 1
84.7135 17.906 325.556 13.9733 3.36149 57.8772 4.93461 -13 1909 1 0 1
8.88104 18.2607 325.556 1.48896 3.73037 66.5915 0.782156 -13 1910 1 0 1
-25.7005 -8.90916 325.556 -5.75533 -1.70926 72.5786 -0.521399 -13 1911 1 0 1
-27.2254 13.2837 325.556 -5.85505 3.47393 69.3757 2.16008 -13 1912 1 0 1
30.7971 -48.4107 325.556 6.26442 -12.0377 75.6528 0.0357354 -13 1913 1 0 1
-41.53 70.1484 325.556 -7.76319 15.4608 63.4272 1.86569 -13 1914 1 0 1
-93.7714 -82.3894 325.556 -18.5533 -18.9576 67.2341 1.91335 -13 1915 1 0 1
-17.9844 -15.755 325.556 -3.62767 -3.32199 66.9445 1.84763 -13 1916 1 0 1
51.4981 11.582 325.556 9.4701 2.69087 64.8685 1.69857 -13 1917 1 0 1
-15.0949 -10.7665 325.556 -3.0961 -3.04662 67.261 1.00801 -13 1918 1 0 1
-0.00872038 -34.9788 325.556 0.230586 -6.63473 52.3009 0.785828 -13 1919 1 0 1
16.0274 87.0464 325.556 2.73616 17.6013 58.8318 0.65842 -13 1920 1 0 1
-0.93828 4.33946 325.556 -1.3816 1.51408 80.1187 3.00153 -13 1921 1 0 1
-46.3297 21.3981 325.556 -10.3913 5.48794 73.0038 3.19639 -13 1922 1 0 1
-74.8409 -37.1975 325.556 -11.5391 -7.47233 55.316 3.65766 -13 1923 1 0 1
0.542165 34.0503 325.556 0.0713531 7.77317 64.9785 3.76143 -13 1924 1 0 1
-30.0547 -215.589 325.556 -1.79323 -23.461 26.3507 5.07667 -13 1925 1 0 1
-56.3183 -76.0162 325.556 -5.46999 -10.8928 37.8441 2.22538 -13 1926 1 0 1
18.0724 -96.2855 325.556 2.87753 -18.6385 53.6652 3.01533 -13 1927 1 0 1
29.8743 -31.4247 325.556 3.26866 -4.28881 37.2361 1.66388 -13 1928 1 0 1
-50.1188 1.58395 325.556 -12.2066 0.913741 78.0765 1.87868 -13 1929 1 0 1
-16.3632 69.0315 325.556 -3.76171 17.061 70.2982 4.14635 -13 1930 1 0 1
4.47747 64.679 325.556 0.739951 14.1367 63.8984 -0.614483 -13 1931 1 0 1
29.7816 -47.2586 325.556 5.72902 -11.1565 69.3968 1.55195 -13 1932 1 0 1
70.5733 1.30389 325.556 15.2068 0.63426 77.5586 2.77093 -13 1933 1 0 1
-32.7376 11.3332 325.556 -4.30277 2.10798 48.7992 2.06305 -13 1934 1 0 1
42.5022 -10.3254 325.556 7.89717 -2.2556 63.8531 2.08605 -13 1935 1 0 1
63.1806 14.2588 325.556 10.0846 2.61149 55.7111 0.907339 -13 1936 1 0 1
13.858 -56.3539 325.556 2.49985 -12.4288 59.2556 0.755638 -13 1937 1 0 1
90.5402 -49.3645 325.556 17.6997 -11.5937 68.9344 2.26184 -13 1939 1 0 1
-58.0963 -24.1613 325.556 -10.6184 -5.44836 63.5627 0.912987 -13 1941 1 0 1
-9.19699 43.9864 325.556 -2.36135 10.9418 72.5731 3.38529 -13 1942 1 0 1
-11.6787 40.4856 325.556 -2.4596 9.2205 67.4023 2.60786 -13 1943 1 0 1
57.4406 67.53 325.556 10.2437 15.0341 62.7063 1.32794 -13 1944 1 0 1
18.4553 10.7867 325.556 3.44669 2.56058 65.536 1.02764 -13 1945 1 0 1
-18.3001 21.6663 325.556 -3.37105 4.6905 63.0552 1.72205 -13 1946 1 0 1
12.3541 25.5599 325.556 2.35987 5.02583 61.5627 2.48919 -13 1947 1 0 1
-8.35025 63.3683 325.556 -2.08229 15.4723 70.622 2.17875 -13 1948 1 0 1
-30.2539 16.7466 325.556 -4.99327 3.40302 59.5591 2.03473 -13 1950 1 0 1
29.9561 16.8004 325.556 5.41016 3.51551 62.0057 2.57453 -13 1951 1 0 1
45.9595 0.486699 325.556 7.90883 -0.13526 58.7938 0.575346 -13 1952 1 0 1
88.2665 -20.4396 325.556 13.9089 -4.00391 55.5327 1.25847 -13 1953 1 0 1
22.0127 -3.72319 325.556 4.09236 -0.703504 65.8037 0.163613 -13 1954 1 0 1
-76.9413 -44.6991 325.556 -11.8598 -8.5862 55.1393 2.23339 -13 1955 1 0 1
-38.0416 -33.1041 325.556 -5.71938 -6.20951 53.7892 1.9062 -13 1956 1 0 1
-53.0377 65.8604 325.556 -6.38436 11.0033 45.3088 2.58477 -13 1957 1 0 1
7.11547 -13.34 325.556 1.29368 -3.35298 67.5804 -0.698632 -13 1958 1 0 1
4.52886 17.1131 325.556 0.729617 2.45772 37.5846 2.65623 -13 1959 1 0 1
31.4036 -47.46 325.556 5.91059 -10.7875 66.9751 0.291553 -13 1960 1 0 1
-33.3352 4.1136 325.556 -5.08411 0.681636 55.8393 0.115695 -13 1961 1 0 1
7.85112 -36.8284 325.556 0.973793 -4.24774 33.2344 5.09371 -13 1962 1 0 1
20.9756 -6.14521 325.556 3.45462 -1.61006 78.3714 0.317198 -13 1963 1 0 1
48.8178 -64.6087 325.556 6.94542 -11.2265 49.1451 1.15161 -13 1964 1 0 1
-20.6426 -81.6401 325.556 -3.89653 -18.3339 63.142 2.76256 -13 1965 1 0 1
24.2585 -19.5347 325.556 3.6146 -3.39182 48.7754 2.45782 -13 1966 1 0 1
23.0266 -22.1808 325.556 4.4234 -5.37295 68.2702 2.20027 -13 1967 1 0 1
-44.4504 82.4033 325.556 -9.07774 19.8591 68.1951 2.61389 -13 1968 1 0 1
37.1332 -10.5561 325.556 7.45929 -4.08042 72.6865 1.00361 -13 1969 1 0 1
-5.74828 -21.018 325.556 -1.19396 -4.94715 66.0223 2.20601 -13 1970 1 0 1
-7.44728 62.6103 325.556 -1.73855 15.2555 69.3063 2.62773 -13 1971 1 0 1
13.3709 36.1276 325.556 2.12721 6.7727 52.0288 2.33385 -13 1972 1 0 1
-28.6929 4.37828 325.556 -6.24864 0.928983 71.3947 3.36526 -13 1973 1 0 1
45.6485 -24.9485 325.556 7.41204 -5.49301 55.7285 3.80841 -13 1974 1 0 1
-6.80642 -27.2813 325.556 -1.54545 -6.09542 69.4172 1.40527 -13 1975 1 0 1
12.1435 51.6789 325.556 2.21047 11.5491 64.0137 0.549919 -13 1976 1 0 1
-36.4941 -48.076 325.556 -6.45446 -9.68659 61.4424 1.63715 -13 1977 1 0 1
37.7509 -66.6199 325.556 6.75877 -13.6809 61.2981 0.285911 -13 1978 1 0 1
-74.1189 -46.2947 325.556 -17.4433 -12.0572 76.6004 3.833 -13 1979 1 0 1
-36.2365 -86.0218 325.556 -7.40276 -21.0212 67.647 3.52264 -13 1980 1 0 1
-31.0512 11.2035 325.556 -7.89859 2.40706 78.6898 1.22523 -13 1981 1 0 1
-33.9192 21.2985 325.556 -4.74686 3.69745 52.0075 1.35873 -13 1982 1 0 1
70.9118 1.98776 325.556 12.6028 0.680932 62.2722 0.585218 -13 1983 1 0 1
23.5247 -72.935 325.556 4 -14.7771 58.3515 2.17001 -13 1984 1 0 1
18.7114 -32.4495 325.556 3.38491 -8.51015 79.0148 0.886329 -13 1985 1 0 1
-27.7135 -34.4329 325.556 -6.65536 -9.03312 75.2115 0.905104 -13 1986 1 0 1
11.5195 -36.5556 325.556 2.10192 -7.87191 59.0363 2.64648 -13 1987 1 0 1
82.1858 66.5731 325.556 13.4512 13.6193 57.163 2.83667 -13 1988 1 0 1
10.1565 7.89718 325.556 1.75597 1.02692 62.8671 1.62127 -13 1990 1 0 1
-56.1923 -14.0979 325.556 -9.47804 -3.06941 59.264 3.06297 -13 1991 1 0 1
44.9436 -2.67952 325.556 7.59456 -0.656594 58.4062 2.58757 -13 1992 1 0 1
46.3404 39.3168 325.556 6.00478 7.09602 45.4163 2.52464 -13 1993 1 0 1
86.7954 154.647 325.556 12.9257 29.1509 52.9302 2.85319 -13 1994 1 0 1
-22.4279 19.5264 325.556 -3.09755 3.80961 53.9214 3.16962 -13 1995 1 0 1
13.7728 21.2672 325.556 2.49993 4.1265 54.3345 0.619451 -13 1996 1 0 1
-46.676 -41.2495 325.556 -6.14248 -6.75942 48.8621 0.0468429 -13 1997 1 0 1
52.7639 -29.3352 325.556 4.11819 -3.11343 29.0357 5.2628 -13 1998 1 0 1
-21.8909 -22.0668 325.556 -3.93965 -5.08734 62.2091 0.668623 -13 1999 1 0 1
-5.57681 45.2514 325.556 -1.39547 10.8286 68.9089 2.07137 -13 2000 1 0 1
-27.3016 -42.0213 325.556 -5.66802 -9.88782 68.863 2.50991 -13 2001 1 0 1
-7.91174 -37.8283 325.556 -2.00204 -8.95147 72.0677 0.327307 -13 2002 1 0 1
47.6302 7.96238 325.556 5.871 1.31611 43.537 2.92915 -13 2003 1 0 1
5.99923 -46.9548 325.556 1.11108 -10.4034 63.4021 1.08675 -13 2004 1 0 1
55.771 -1.66005 325.556 5.22931 -0.0632146 33.4827 5.20606 -13 2005 1 0 1
-27.8284 5.42293 325.556 -4.87453 1.4458 62.0844 0.526407 -13 2006 1 0 1
2.59675 -4.71089 325.556 0.473168 -1.18942 65.8332 2.16796 -13 2007 1 0 1
14.4966 3.46016 325.556 2.69404 0.973666 69.3169 2.99128 -13 2008 1 0 1
32.474 -48.4911 325.556 5.13144 -9.52517 53.9377 1.0787 -13 2009 1 0 1
-7.33037 63.0038 325.556 -1.53627 14.3233 65.1711 2.47536 -13 2010 1 0 1
-25.1815 6.82323 325.556 -5.03561 0.991393 66.9401 0.35109 -13 2011 1 0 1
6.99875 -33.327 325.556 1.11549 -7.87701 69.2655 3.29955 -13 2012 1 0 1
23.5464 42.9262 325.556 4.28938 9.843 66.2859 2.06798 -13 2013 1 0 1
37.634 67.5002 325.556 4.82837 10.7125 43.9987 3.37365 -13 2014 1 0 1
-113.903 -80.3868 325.556 -16.0098 -14.4698 50.9953 2.03905 -13 2017 1 0 1
15.3941 55.6388 325.556 2.73702 13.015 70.0069 3.50785 -13 2018 1 0 1
-8.32432 -1.56904 325.556 -1.5717 -0.431862 62.8294 2.01377 -13 2019 1 0 1
4.9154 29.3475 325.556 0.449113 7.67605 76.7109 -0.315157 -13 2020 1 0 1
58.8746 3.75778 325.556 10.935 0.953911 65.0205 1.55049 -13 2021 1 0 1
231.078 -152.07 325.556 20.0434 -19.7331 35.7228 2.22013 -13 2022 1 0 1
1.15998 1.11064 325.556 0.405584 -0.229617 62.5679 0.805704 -13 2023 1 0 1
-34.3022 27.7445 325.556 -6.93833 5.84127 68.3069 0.923253 -13 2024 1 0 1
-5.73487 43.9872 325.556 -0.861767 8.3296 56.87 2.56827 -13 2025 1 0 1
-57.4825 -24.1788 325.556 -10.5358 -5.17586 63.5239 3.66832 -13 2026 1 0 1
17.7471 -6.4138 325.556 1.36455 -0.509815 25.2688 6.37759 -13 2027 1 0 1
19.481 3.70093 325.556 3.8155 0.954229 73.8525 2.6286 -13 2028 1 0 1
-22.6326 17.3002 325.556 -4.85011 4.31173 69.6404 2.90274 -13 2029 1 0 1
-64.582 -31.3608 325.556 -10.7098 -6.348 58.7867 2.59518 -13 2030 1 0 1
-33.9664 31.0164 325.556 -8.25893 8.21973 77.5755 0.896346 -13 2031 1 0 1
20.5966 -13.5366 325.556 3.98827 -3.41148 71.8092 3.20146 -13 2032 1 0 1
-3.36727 -5.5834 325.556 -0.78885 -1.04717 66.1278 -0.34174 -13 2033 1 0 1
-11.0279 -34.9722 325.556 -1.82848 -7.07862 60.2687 2.95952 -13 2034 1 0 1
16.0659 24.2911 325.556 2.61937 4.50213 53.0571 3.56747 -13 2035 1 0 1
-24.4287 -3.45607 325.556 -6.07175 -1.47888 76.7681 0.888063 -13 2036 1 0 1
-52.2432 -65.8327 325.556 -9.57742 -14.47 63.4865 1.11554 -13 2037 1 0 1
73.0884 -21.6225 325.556 11.2778 -4.37489 54.2208 2.46693 -13 2038 1 0 1
-15.2967 38.6777 325.556 -3.11258 9.02087 66.8911 2.33395 -13 2039 1 0 1
-18.116 19.6582 325.556 -5.10612 5.59277 80.3819 3.33073 -13 2040 1 0 1
10.6014 16.0684 325.556 1.84322 3.21577 54.0588 1.77471 -13 2041 1 0 1
-52.4891 98.4992 325.556 -7.84034 18.6597 53.7901 1.78593 -13 2042 1 0 1
89.6555 -8.39894 325.556 15.5765 -1.85271 61.8348 2.79298 -13 2043 1 0 1
-32.7337 -27.9082 325.556 -4.55988 -4.83827 52.2593 0.28931 -13 2044 1 0 1
-4.87794 -31.3648 325.556 -1.2895 -8.11309 71.6167 2.88799 -13 2045 1 0 1
-7.97042 9.00526 325.556 -1.69145 1.79827 67.845 2.82042 -13 2046 1 0 1
-58.6418 -54.9162 325.556 -12.2203 -13.1053 69.7139 1.66417 -13 2047 1 0 1
-31.5639 8.68534 325.556 -7.27342 2.03014 73.9076 2.58494 -13 2048 1 0 1
20.8305 90.5232 325.556 3.6923 20.3223 64.4846 1.49378 -13 2049 1 0 1
-32.3679 -100.709 325.556 -6.29613 -23.0964 65.712 2.87487 -13 2050 1 0 1
22.0079 19.6303 325.556 2.02365 2.35792 30.5419 3.8107 -13 2052 1 0 1
65.5979 25.6152 325.556 12.0219 5.62608 64.3426 1.41088 -13 2053 1 0 1
18.2394 54.7798 325.556 3.02679 10.7266 55.495 1.01509 -13 2054 1 0 1
13.8905 -82.3432 325.556 2.37766 -16.5688 56.6812 3.9249 -13 2055 1 0 1
-39.8513 3.14625 325.556 -7.5879 0.796847 64.9577 0.915468 -13 2056 1 0 1
13.9362 4.66509 325.556 2.51997 1.14064 60.4426 4.26041 -13 2057 1 0 1
14.648 -32.0439 325.556 2.53558 -6.82002 62.5275 0.673595 -13 2058 1 0 1
-26.8408 35.0074 325.556 -4.25451 6.73141 57.5047 -0.526628 -13 2059 1 0 1
-33.1726 23.2543 325.556 -7.43178 4.86027 72.2303 3.5559 -13 2060 1 0 1
32.582 -14.4271 325.556 5.9269 -3.30117 63.7521 2.64172 -13 2061 1 0 1
24.4458 -3.56548 325.556 4.84845 -1.47997 72.7771 4.14418 -13 2062 1 0 1
14.1007 -64.0976 325.556 1.76239 -8.56578 38.2526 1.32629 -13 2063 1 0 1
1.99877 -57.1048 325.556 0.356348 -13.4151 64.0895 1.96551 -13 2064 1 0 1
49.037 43.2471 325.556 8.16535 8.67968 57.6795 0.446417 -13 2065 1 0 1
7.52096 14.993 325.556 1.35156 2.51776 56.2876 2.08252 -13 2067 1 0 1
75.3946 -18.7559 325.556 13.8181 -4.62778 64.467 0.824387 -13 2068 1 0 1
-40.7929 -13.7592 325.556 -6.66642 -2.81254 58.1619 2.02913 -13 2069 1 0 1
-28.0309 -44.9032 325.556 -6.93861 -11.8543 76.5501 2.18271 -13 2070 1 0 1
-14.5056 14.2839 325.556 -1.87327 2.80948 51.7698 1.12445 -13 2071 1 0 1
95.631 89.1115 325.556 13.9154 16.2454 51.5884 0.374284 -13 2072 1 0 1
-17.3439 -74.808 325.556 -2.69437 -15.2221 56.6834 3.20291 -13 2073 1 0 1
11.0609 5.60973 325.556 2.04889 1.03789 70.9885 1.19741 -13 2074 1 0 1
-10.1537 -31.0898 325.556 -1.68372 -6.61937 59.2131 0.296261 -13 2075 1 0 1
-8.00728 -23.5372 325.556 -1.55322 -5.21517 65.1559 2.35745 -13 2076 1 0 1
32.9326 -22.8673 325.556 6.58021 -5.38718 72.1225 1.92658 -13 2077 1 0 1
55.586 56.0343 325.556 9.98834 12.4685 63.1202 1.80622 -13 2078 1 0 1
2.51795 -21.6443 325.556 0.412863 -5.36102 63.2306 1.63241 -13 2079 1 0 1
-0.911542 8.75273 325.556 -0.40293 2.31941 69.3426 1.78243 -13 2080 1 0 1
-1.70831 24.4776 325.556 -0.638354 5.91962 71.9426 3.61372 -13 2081 1 0 1
3.78401 52.635 325.556 0.803898 10.1516 55.0445 1.70538 -13 2082 1 0 1
54.4196 56.8975 325.556 9.9188 12.2384 63.7338 4.12073 -13 2083 1 0 1
12.0904 77.9902 325.556 2.06776 16.0127 58.6857 2.22865 -13 2085 1 0 1
6.23614 4.61807 325.556 1.07064 1.12391 68.1706 2.08642 -13 2086 1 0 1
14.8502 29.6156 325.556 2.71378 6.28863 62.2429 2.39009 -13 2087 1 0 1
-60.0384 -29.2764 325.556 -13.9947 -7.39928 75.7586 1.02395 -13 2089 1 0 1
18.5886 -23.8433 325.556 2.41321 -3.46409 40.4813 2.02222 -13 2090 1 0 1
-11.6945 -5.90142 325.556 -2.4971 -1.34004 69.3759 0.0907945 -13 2091 1 0 1
-6.06242 120.322 325.556 -0.93788 24.4581 57.2725 2.43029 -13 2092 1 0 1
70.7245 -83.3024 325.556 8.10082 -11.8704 40.9803 2.07743 -13 2093 1 0 1
-10.4566 -18.3573 325.556 -1.87469 -4.36808 61.7439 3.11243 -13 2094 1 0 1
5.51524 14.3633 325.556 0.73509 3.73109 74.8147 2.59498 -13 2095 1 0 1
33.2719 -17.7974 325.556 5.6919 -3.47301 58.4396 2.05475 -13 2096 1 0 1
0.444313 -5.28445 325.556 0.0333859 -0.739613 59.4888 1.72039 -13 2097 1 0 1
0.6745 95.781 325.556 0.265712 17.8975 52.9326 1.97917 -13 2098 1 0 1
-54.8371 -5.23042 325.556 -9.90988 -0.962645 63.1534 1.57993 -13 2099 1 0 1
-37.7695 -72.2437 325.556 -4.43475 -11.6329 45.3866 2.22476 -13 2100 1 0 1
45.8472 -64.2559 325.556 6.96438 -11.8981 52.0302 1.66924 -13 2101 1 0 1
-30.5614 -9.93904 325.556 -1.22672 -0.900658 20.6823 8.02838 -13 2102 1 0 1
-10.5726 -21.3718 325.556 -2.15623 -5.03714 66.3741 1.18837 -13 2103 1 0 1
11.1503 13.6961 325.556 2.07044 3.16234 69.5374 2.12339 -13 2104 1 0 1
2.73724 -48.795 325.556 -0.0772202 -12.7952 77.619 0.651729 -13 2105 1 0 1
-18.241 31.1843 325.556 -3.89978 7.58159 69.1926 1.83088 -13 2108 1 0 1
-11.3657 7.12767 325.556 -1.65294 1.39151 56.6628 1.37062 -13 2109 1 0 1
23.9401 89.2381 325.556 4.36274 19.4787 63.3217 1.86787 -13 2110 1 0 1
-32.8483 -72.1051 325.556 -4.59425 -13.4199 52.096 3.65902 -13 2111 1 0 1
10.4695 25.7185 325.556 1.90736 5.43273 61.0274 1.09136 -13 2112 1 0 1
-2.87273 10.1009 325.556 -0.87141 2.75665 71.4255 0.855258 -13 2113 1 0 1
-16.4455 -58.4393 325.556 -2.36324 -11.2629 54.6399 3.65457 -13 2114 1 0 1
-48.7765 -56.913 325.556 -8.71406 -12.2886 61.6775 4.63331 -13 2115 1 0 1
31.9448 -4.93753 325.556 5.71747 -1.20783 60.3741 1.9242 -13 2116 1 0 1
29.9693 43.3879 325.556 5.64338 9.67509 66.5964 1.92925 -13 2117 1 0 1
-8.94223 33.123 325.556 -1.75532 7.27791 65.7706 0.714346 -13 2118 1 0 1
-1.46359 27.8533 325.556 -0.505986 5.88263 67.9107 1.91253 -13 2119 1 0 1
18.0105 -6.43409 325.556 3.15528 -1.12616 57.0486 -0.512926 -13 2120 1 0 1
17.3914 48.0729 325.556 2.95749 9.82736 58.1867 4.04906 -13 2121 1 0 1
-41.8066 -27.3665 325.556 -7.21963 -6.03824 61.2123 3.70198 -13 2122 1 0 1
-3.76343 -1.61226 325.556 -1.36326 -0.41336 76.9666 2.33934 -13 2123 1 0 1
-56.1028 55.6065 325.556 -7.28474 9.05539 48.0009 4.99635 -13 2124 1 0 1
-35.8364 -31.4375 325.556 -5.43109 -5.98495 54.9505 1.46947 -13 2125 1 0 1
-27.3886 47.8572 325.556 -6.58737 12.5025 75.3919 1.2437 -13 2126 1 0 1
32.8976 -22.4233 325.556 5.81118 -5.04166 60.9355 1.39661 -13 2127 1 0 1
4.30533 -34.5605 325.556 0.700755 -7.70536 68.4082 4.15235 -13 2128 1 0 1
-27.3876 36.4179 325.556 -5.66205 8.61409 67.5363 1.38073 -13 2129 1 0 1
-3.8846 17.4924 325.556 -0.713015 3.35157 64.4827 1.75347 -13 2130 1 0 1
-35.2969 -28.4841 325.556 -6.02888 -5.87245 60.4397 4.06868 -13 2131 1 0 1
17.654 27.1085 325.556 3.38671 7.40223 77.1524 2.59523 -13 2132 1 0 1
-17.4125 58.8845 325.556 -2.39289 12.2059 55.3867 2.59197 -13 2133 1 0 1
-20.428 47.3231 325.556 -4.09633 11.3245 66.8565 1.49697 -13 2134 1 0 1
127.15 -73.4389 325.556 22.7392 -15.7569 63.4291 3.06813 -13 2135 1 0 1
-40.0204 13.0495 325.556 -7.36401 2.91253 64.044 2.52594 -13 2136 1 0 1
57.8567 43.6011 325.556 10.8513 9.44787 66.3115 0.556194 -13 2137 1 0 1
-39.6489 39.2036 325.556 -7.90823 9.1853 67.8522 0.890063 -13 2138 1 0 1
28.1232 12.0122 325.556 5.57655 2.9118 71.7071 2.99468 -13 2139 1 0 1
-65.0635 30.1487 325.556 -7.92174 5.04603 44.997 1.71994 -13 2140 1 0 1
25.1781 -47.7444 325.556 4.61747 -10.5042 63.8962 3.35707 -13 2141 1 0 1
35.3733 32.9311 325.556 7.25272 9.2008 77.1876 2.68439 -13 2142 1 0 1
33.605 16.7615 325.556 5.27875 3.07635 53.4597 1.3525 -13 2143 1 0 1
-60.926 -23.1722 325.556 -10.0363 -4.6888 58.5745 1.73572 -13 2144 1 0 1
-52.9274 10.8514 325.556 -1.77542 0.790652 17.8952 8.54929 -13 2145 1 0 1
74.8451 -63.3342 325.556 12.7331 -13.2539 59.6083 1.93636 -13 2146 1 0 1
41.9127 83.7457 325.556 5.78375 14.2256 47.5733 3.08778 -13 2147 1 0 1
11.0232 32.0586 325.556 2.01981 6.42887 58.0332 2.45577 -13 2148 1 0 1
-58.6717 27.7671 325.556 -10.4474 5.95669 62.3464 2.22753 -13 2149 1 0 1
-9.97768 52.5282 325.556 -1.27169 9.95065 53.287 1.42377 -13 2150 1 0 1
-28.2226 -1.0627 325.556 -5.78366 -0.348328 68.5068 0.301858 -13 2151 1 0 1
-75.7623 11.2679 325.556 -13.7682 2.68378 63.1195 1.45429 -13 2152 1 0 1
-46.5774 -55.4146 325.556 -7.2345 -10.6189 55.9242 0.0323262 -13 2153 1 0 1
96.2899 105.649 325.556 12.9189 18.091 47.6431 2.70072 -13 2154 1 0 1
8.8875 7.85883 325.556 1.64839 2.21381 64.719 1.32012 -13 2155 1 0 1
-10.225 13.8548 325.556 -2.2357 2.99009 68.3184 4.19571 -13 2156 1 0 1
2.01037 -24.7862 325.556 -0.225945 -6.75559 79.3489 3.28391 -13 2157 1 0 1
-42.7961 -10.1711 325.556 -5.57206 -1.6443 48.9178 3.25197 -13 2158 1 0 1
-48.6267 -29.2679 325.556 -7.10072 -5.25022 53.4081 3.8388 -13 2159 1 0 1
-26.1104 -80.9552 325.556 -4.19333 -16.8514 58.2145 3.7471 -13 2160 1 0 1
35.4091 14.8234 325.556 6.8899 3.49978 68.9422 4.01832 -13 2161 1 0 1
-42.4078 -20.6364 325.556 -10.8866 -6.06116 80.3149 3.72326 -13 2162 1 0 1
3.82904 31.9238 325.556 0.81389 6.93783 63.3043 2.62395 -13 2163 1 0 1
-15.514 63.1677 325.556 -2.83354 14.4172 64.0722 1.50712 -13 2165 1 0 1
-26.4065 18.0496 325.556 -3.78072 3.39287 53.5655 0.871028 -13 2166 1 0 1
10.3136 8.53515 325.556 1.79381 1.9968 70.5809 3.49183 -13 2167 1 0 1
-25.6681 -1.76689 325.556 -6.59527 -0.288982 78.3311 0.910321 -13 2169 1 0 1
67.6797 -211.268 325.556 5.68526 -25.6352 30.7084 3.89844 -13 2170 1 0 1
18.6121 44.997 325.556 3.31683 9.39385 61.4422 4.81995 -13 2171 1 0 1
-31.4888 49.6906 325.556 -4.88801 9.72384 56.2326 1.52762 -13 2172 1 0 1
-62.3816 10.5522 325.556 -13.269 2.0374 71.3284 -1.00679 -13 2173 1 0 1
-5.55299 -65.0608 325.556 -0.303461 -9.30443 41.6645 1.098 -13 2174 1 0 1
17.32 50.2508 325.556 3.27269 12.2459 67.6662 2.29218 -13 2175 1 0 1
-29.3977 -53.6693 325.556 -1.88849 -5.53147 27.9938 6.34043 -13 2176 1 0 1
-15.7766 -19.361 325.556 -4.03593 -5.03521 75.8501 2.3411 -13 2177 1 0 1
-28.7156 -53.4278 325.556 -3.2623 -8.44875 43.7736 4.50193 -13 2178 1 0 1
-47.3487 8.09472 325.556 -9.71791 1.97853 68.7246 2.92466 -13 2179 1 0 1
5.56079 -111.784 325.556 1.0218 -19.6963 49.2548 1.73994 -13 2180 1 0 1
-23.7735 63.9993 325.556 -5.00066 15.5528 69.4414 1.8345 -13 2181 1 0 1
-6.66797 -42.2006 325.556 -0.719737 -7.15585 50.3445 2.56672 -13 2182 1 0 1
21.0224 -21.5828 325.556 3.8661 -4.99985 66.945 1.42793 -13 2183 1 0 1
-14.6642 3.08983 325.556 -3.8079 0.510244 75.5338 1.12579 -13 2184 1 0 1
-2.43959 -8.31822 325.556 -1.48525 -2.85078 79.192 2.14369 -13 2185 1 0 1
-10.8233 23.9425 325.556 -2.44072 5.88898 70.3421 2.76488 -13 2186 1 0 1
42.1132 -27.608 325.556 8.23728 -6.60525 69.6901 1.75972 -13 2187 1 0 1
-67.2858 -43.1575 325.556 -15.5066 -11.0963 75.841 3.26984 -13 2188 1 0 1
-3.02672 -86.4569 325.556 -0.348761 -17.0173 55.0915 3.44541 -13 2189 1 0 1
-33.8548 37.5639 325.556 -7.97309 9.91799 75.3696 1.38658 -13 2190 1 0 1
-12.0002 -3.45116 325.556 -1.69289 -0.370285 54.1803 0.98906 -13 2191 1 0 1
-40.5567 -2.87469 325.556 -9.23504 -0.119761 74.021 2.73696 -13 2192 1 0 1
-37.5569 5.39426 325.556 -5.00815 1.01835 50.8654 2.97683 -13 2193 1 0 1
-28.6911 -5.9067 325.556 -4.98794 -1.27448 60.6603 3.09382 -13 2194 1 0 1
-8.27156 -28.3966 325.556 -1.93542 -6.65562 69.583 3.49956 -13 2195 1 0 1
6.19765 89.3122 325.556 0.639978 22.694 74.1205 2.48223 -13 2196 1 0 1
20.3963 14.6236 325.556 3.93388 4.10014 75.1167 2.90214 -13 2197 1 0 1
-4.45551 -4.34862 325.556 -1.584 -1.44784 76.9867 2.38355 -13 2198 1 0 1
1.18608 2.30503 325.556 0.206766 0.867834 64.506 3.25102 -13 2199 1 0 1
-15.4775 28.6581 325.556 -2.81771 6.08698 63.8261 2.12461 -13 2200 1 0 1
-7.51568 -33.7124 325.556 -1.20445 -6.65248 58.9267 3.85544 -13 2201 1 0 1
22.242 32.457 325.556 4.27607 7.86608 70.4011 4.25056 -13 2202 1 0 1
17.8574 15.674 325.556 3.31452 3.64804 64.5549 3.90572 -13 2203 1 0 1
19.1065 -38.0953 325.556 3.59363 -9.2433 68.8978 3.27736 -13 2204 1 0 1
2.48675 65.0049 325.556 0.184146 16.0792 69.8677 2.96328 -13 2205 1 0 1
5.81551 81.0184 325.556 1.01786 14.6731 51.8123 2.6696 -13 2206 1 0 1
-35.7055 -23.2943 325.556 -7.00923 -5.29788 67.0194 1.54202 -13 2207 1 0 1
-62.6372 -34.5758 325.556 -5.75237 -4.51057 36.1127 5.97256 -13 2208 1 0 1
-39.7265 27.3709 325.556 -6.43866 5.55508 57.5792 3.73886 -13 2209 1 0 1
72.7631 55.6856 325.556 10.4788 9.37798 50.1266 2.94105 -13 2210 1 0 1
-33.6458 -4.06396 325.556 -6.88283 -1.08138 69.0219 -0.532419 -13 2211 1 0 1
-12.9902 -27.1338 325.556 -3.22793 -6.53561 73.2341 1.36541 -13 2212 1 0 1
-20.9165 12.4364 325.556 -3.59435 2.53978 62.4729 3.10801 -13 2213 1 0 1
-61.2612 -29.098 325.556 -13.971 -7.41481 75.2111 2.76638 -13 2214 1 0 1
-109.813 161.065 325.556 -15.4983 28.8226 50.5122 0.592714 -13 2215 1 0 1
-55.7203 -57.8981 325.556 -10.6008 -12.4814 64.8354 2.12925 -13 2216 1 0 1
13.518 61.8276 325.556 2.43116 13.9538 66.6662 4.53616 -13 2217 1 0 1
-30.6747 -50.884 325.556 -4.73632 -9.48433 56.5881 2.45065 -13 2218 1 0 1
-25.5445 73.2891 325.556 -4.86574 16.2434 64.6893 0.704927 -13 2219 1 0 1
16.1403 -5.9763 325.556 3.00483 -0.90369 66.5345 2.25608 -13 2220 1 0 1
-26.5815 -28.9751 325.556 -4.64229 -5.91578 61.5425 2.57626 -13 2221 1 0 1
-20.1078 -11.2959 325.556 -1.94596 -1.33847 40.269 3.48167 -13 2223 1 0 1
82.6037 -18.6667 325.556 16.8155 -4.46085 72.448 1.20355 -13 2224 1 0 1
29.2737 38.0026 325.556 3.92852 6.17751 45.333 3.18274 -13 2225 1 0 1
6.49508 11.4207 325.556 1.00417 2.53322 74.5428 1.47635 -13 2226 1 0 1
-5.00942 24.2506 325.556 -1.00253 5.20095 64.393 1.78004 -13 2227 1 0 1
-11.2386 -6.77616 325.556 -2.54294 -0.87805 68.8618 2.5334 -13 2228 1 0 1
26.7441 -23.2311 325.556 5.07215 -6.75005 78.7793 4.01918 -13 2229 1 0 1
19.2232 27.2877 325.556 2.80476 4.74567 45.8024 3.51445 -13 2230 1 0 1
-51.0911 36.0365 325.556 -9.03969 7.68338 62.2711 1.25429 -13 2231 1 0 1
21.6379 36.043 325.556 3.50301 7.30458 53.8558 2.08207 -13 2232 1 0 1
-37.1659 -45.3758 325.556 -7.3361 -10.3829 67.0389 -0.0430931 -13 2233 1 0 1
1.62822 -11.2448 325.556 0.234347 -2.52413 63.2233 1.11395 -13 2234 1 0 1
22.5042 48.4086 325.556 3.39347 8.65744 50.2283 0.838134 -13 2235 1 0 1
-37.1374 -18.4094 325.556 -6.51452 -4.32025 61.1262 3.69558 -13 2236 1 0 1
-20.5757 13.433 325.556 -5.8084 3.56894 81.4376 4.92574 -13 2237 1 0 1
3.42897 17.475 325.556 0.652361 3.85673 61.9128 3.30105 -13 2238 1 0 1
29.2292 -70.8953 325.556 5.30764 -15.8562 64.951 4.85317 -13 2239 1 0 1
-41.4219 -33.5524 325.556 -9.07806 -8.61695 71.7937 1.41134 -13 2240 1 0 1
-11.1387 12.5098 325.556 -2.40338 3.21652 68.559 0.507485 -13 2241 1 0 1
-9.3079 5.98955 325.556 -2.07105 1.46734 70.4632 3.06996 -13 2242 1 0 1
7.14652 67.5747 325.556 1.32731 13.6557 58.1375 2.20691 -13 2243 1 0 1
-21.3904 84.4695 325.556 -2.79669 15.4503 50.617 2.58939 -13 2244 1 0 1
10.1765 26.035 325.556 1.86784 6.44524 69.5307 2.91201 -13 2245 1 0 1
-38.4536 7.49913 325.556 -8.29454 2.57415 71.6713 3.02121 -13 2246 1 0 1
-1.64417 -4.10806 325.556 -1.34963 -1.26987 81.3624 0.435884 -13 2247 1 0 1
30.5386 -10.919 325.556 6.20663 -3.19604 76.0035 1.13126 -13 2248 1 0 1
66.865 -9.51424 325.556 11.5213 -1.60159 60.0303 2.31594 -13 2249 1 0 1
2.56877 30.4432 325.556 -0.0656436 7.54189 77.4869 2.67162 -13 2250 1 0 1
31.2822 -15.3647 325.556 6.00147 -3.22764 68.7578 2.03376 -13 2251 1 0 1
1.87986 62.5661 325.556 0.395881 12.779 60.4017 2.17252 -13 2252 1 0 1
64.4577 91.9611 325.556 9.21828 16.8401 50.6641 4.46763 -13 2253 1 0 1
-48.0808 49.5758 325.556 -8.62273 10.7236 62.5538 -0.213856 -13 2254 1 0 1
13.4719 -22.1896 325.556 2.34075 -4.79369 59.733 2.88359 -13 2256 1 0 1
73.4879 -30.6152 325.556 12.6795 -6.48249 60.4631 0.703702 -13 2257 1 0 1
32.7371 -84.3933 325.556 5.27657 -16.5474 55.6645 2.86276 -13 2258 1 0 1
51.3618 5.78733 325.556 9.12394 1.45354 61.5253 2.33636 -13 2259 1 0 1
71.4468 -19.7007 325.556 12.8427 -4.88224 62.8895 2.86847 -13 2260 1 0 1
-42.9428 70.884 325.556 -10.5271 19.3055 77.0301 3.32443 -13 2261 1 0 1
-12.5924 52.1393 325.556 -1.82127 10.2462 55.8537 3.27754 -13 2262 1 0 1
-37.2153 -26.878 325.556 -7.87009 -5.94788 69.8135 2.76536 -13 2263 1 0 1
21.024 -50.9985 325.556 3.78677 -11.4975 63.793 2.30229 -13 2264 1 0 1
17.9426 -27.2776 325.556 3.43163 -6.27179 68.4692 1.11076 -13 2265 1 0 1
-50.3235 49.4687 325.556 -7.93914 9.92713 56.4413 3.7835 -13 2266 1 0 1
28.2574 -33.8229 325.556 5.12645 -6.88176 63.6189 3.52554 -13 2267 1 0 1
-38.0833 57.2128 325.556 -4.67538 9.29004 46.6626 1.29643 -13 2268 1 0 1
-40.6758 -54.278 325.556 -8.30497 -13.5484 68.4169 2.08476 -13 2269 1 0 1
-9.10495 -28.5862 325.556 -2.75643 -7.12323 77.2884 1.35476 -13 2270 1 0 1
6.48191 28.2498 325.556 1.21953 6.37996 69.1064 0.95511 -13 2271 1 0 1
-73.3725 9.10608 325.556 -17.7206 2.12282 78.8474 1.28762 -13 2272 1 0 1
17.2403 24.5336 325.556 2.9977 4.99118 59.5658 1.26465 -13 2273 1 0 1
-44.3467 -17.9053 325.556 -10.3549 -4.96204 75.3688 0.636565 -13 2274 1 0 1
4.66259 -67.182 325.556 1.00119 -11.6272 48.4607 2.40103 -13 2275 1 0 1
36.5008 -1.60997 325.556 6.98097 -0.755278 66.9924 1.47899 -13 2276 1 0 1
-47.6663 -14.4835 325.556 -7.64227 -2.47935 57.2198 0.775086 -13 2277 1 0 1
-10.5757 8.24762 325.556 -2.4396 1.80738 70.6041 2.88012 -13 2278 1 0 1
-19.0626 35.5929 325.556 -4.88029 10.0646 76.1882 2.58844 -13 2279 1 0 1
-13.2961 -18.7402 325.556 -2.30212 -3.92726 60.6151 1.7344 -13 2280 1 0 1
27.5077 -21.0291 325.556 4.83213 -4.45542 61.5006 -0.730084 -13 2281 1 0 1
-53.3775 12.2346 325.556 -10.6147 2.81436 67.214 2.75414 -13 2282 1 0 1
-45.5717 24.8703 325.556 -4.89992 3.50763 42.3588 4.37515 -13 2283 1 0 1
-29.1988 9.40968 325.556 -6.42208 1.99394 71.8564 0.485923 -13 2284 1 0 1
-48.7023 24.7219 325.556 -4.73608 3.57285 38.253 3.52231 -13 2285 1 0 1
-14.0402 -12.3725 325.556 -1.88351 -2.30177 52.6215 1.95092 -13 2286 1 0 1
-28.1192 8.07409 325.556 -4.23385 1.68609 55.7251 0.382473 -13 2287 1 0 1
-12.4303 6.34934 325.556 -2.51669 1.53106 66.4518 2.41807 -13 2288 1 0 1
-35.4015 -25.1195 325.556 -6.04294 -5.63241 60.2945 4.03559 -13 2289 1 0 1
-23.4875 -73.5994 325.556 -5.49609 -18.6271 72.7618 2.28857 -13 2290 1 0 1
-38.2172 -95.5288 325.556 -4.90001 -16.5522 48.2383 3.07336 -13 2291 1 0 1
16.3332 6.40059 325.556 2.96965 1.79888 71.1611 1.61299 -13 2292 1 0 1
68.8584 -43.9864 325.556 11.2818 -9.11481 57.1389 1.76505 -13 2293 1 0 1
-10.1732 37.3727 325.556 -1.80421 8.66933 64.2575 3.09427 -13 2294 1 0 1
-28.2154 -16.722 325.556 -6.28428 -3.66139 72.3005 3.95528 -13 2295 1 0 1
-8.74179 -88.1351 325.556 -1.93216 -20.3883 67.1328 2.10419 -13 2296 1 0 1
-25.9539 -15.5756 325.556 -3.13404 -2.80914 46.3845 -0.318818 -13 2297 1 0 1
-65.5471 109.084 325.556 -5.53617 13.9555 34.17 1.86418 -13 2298 1 0 1
-70.8924 -39.1011 325.556 -14.9123 -9.53526 70.8672 0.887621 -13 2299 1 0 1
-43.0417 -3.17007 325.556 -9.25511 -0.488284 71.3793 3.02533 -13 2300 1 0 1
-11.9811 -31.4297 325.556 -1.92112 -5.92269 57.8047 1.67906 -13 2301 1 0 1
1.38686 9.84795 325.556 0.501007 1.67044 48.5578 1.33991 -13 2302 1 0 1
-62.8521 -64.1479 325.556 -9.97158 -12.8553 56.3114 2.49754 -13 2303 1 0 1
-1.6623 12.8866 325.556 -0.391909 2.72686 65.7214 1.76098 -13 2304 1 0 1
-39.4612 18.879 325.556 -5.41556 3.51605 51.2621 1.76367 -13 2305 1 0 1
-26.5836 8.09215 325.556 -5.65462 2.22597 70.1644 4.63589 -13 2306 1 0 1
-16.678 24.1958 325.556 -3.79067 6.63923 71.1613 2.34141 -13 2307 1 0 1
-40.7942 -27.0276 325.556 -8.28702 -5.69992 68.7095 2.9705 -13 2308 1 0 1
-4.12151 -38.8783 325.556 -0.730977 -8.19145 61.8255 1.74899 -13 2309 1 0 1
-58.2036 -22.5047 325.556 -10.2732 -4.9441 61.6302 1.86017 -13 2310 1 0 1
-46.1656 55.296 325.556 -11.4481 14.6796 77.226 1.31222 -13 2312 1 0 1
61.5759 52.9079 325.556 8.11939 8.76462 46.2901 0.95085 -13 2313 1 0 1
-39.0817 69.8262 325.556 -9.43996 18.2327 76.0493 0.528094 -13 2314 1 0 1
24.5954 -2.638 325.556 4.83561 0.0923174 73.8046 3.44837 -13 2315 1 0 1
31.0556 -53.9037 325.556 5.32193 -10.772 58.3395 2.16802 -13 2316 1 0 1
27.3653 7.8518 325.556 4.56332 1.69144 56.5306 2.52659 -13 2318 1 0 1
12.2771 -58.8396 325.556 1.74049 -9.19778 41.9326 1.97669 -13 2319 1 0 1
27.7169 -36.7644 325.556 5.23415 -7.97542 66.5838 4.46933 -13 2320 1 0 1
-28.0255 -12.0067 325.556 -6.79367 -3.18303 76.2282 2.1531 -13 2321 1 0 1
-32.5633 63.0368 325.556 -7.13542 15.3395 71.1966 -0.560842 -13 2322 1 0 1
106.063 19.8113 325.556 15.7523 3.7028 52.9068 1.46333 -13 2323 1 0 1
-7.9525 6.61681 325.556 -2.0207 1.68886 71.0773 2.85003 -13 2324 1 0 1
-7.67447 1.36807 325.556 -1.70525 0.33251 67.7357 1.73542 -13 2325 1 0 1
102.38 69.6666 325.556 11.7049 10.1214 41.4878 5.27297 -13 2326 1 0 1
31.1185 7.1025 325.556 5.10624 1.20809 53.8898 1.77375 -13 2327 1 0 1
65.2178 8.7962 325.556 12.6403 1.87508 68.3548 3.19491 -13 2328 1 0 1
-17.6664 -5.25118 325.556 -2.36139 -1.14423 51.9071 1.98672 -13 2329 1 0 1
-14.1475 -39.5762 325.556 -3.63016 -10.1199 74.8402 4.18158 -13 2330 1 0 1
10.6703 29.1892 325.556 1.92246 7.58609 65.9898 0.492022 -13 2331 1 0 1
-1.78304 80.5274 325.556 -0.0607087 13.5419 47.5477 0.366347 -13 2332 1 0 1
19.803 5.35121 325.556 3.37969 1.31409 55.1808 2.15706 -13 2334 1 0 1
-42.7583 -11.9471 325.556 -5.94439 -2.37601 51.6045 2.63978 -13 2335 1 0 1
-27.44 57.6963 325.556 -4.81214 12.8323 61.333 2.69195 -13 2336 1 0 1
29.1859 -0.7558 325.556 5.23075 -0.240041 61.5637 0.540609 -13 2337 1 0 1
-21.474 56.336 325.556 -3.46365 11.9121 57.8878 2.31557 -13 2338 1 0 1
-36.3366 96.9206 325.556 -4.01182 14.9413 42.661 0.216665 -13 2339 1 0 1
-7.30734 -30.8068 325.556 -2.46964 -8.45604 79.4895 2.32683 -13 2340 1 0 1
25.5372 -48.045 325.556 4.6098 -10.7999 64.297 3.98458 -13 2341 1 0 1
52.7279 82.7341 325.556 7.85412 15.2892 51.747 2.21605 -13 2343 1 0 1
-62.4815 0.8145 325.556 -14.6055 0.802205 76.4825 1.59826 -13 2344 1 0 1
-29.1863 29.5699 325.556 -4.93031 6.41674 59.4627 3.24631 -13 2345 1 0 1
-31.2918 -13.3389 325.556 -5.6936 -2.37503 63.0083 1.47936 -13 2346 1 0 1
18.1645 -10.6673 325.556 2.9851 -2.39279 52.9907 4.40652 -13 2348 1 0 1
-64.7178 11.6963 325.556 -5.14079 1.34687 32.2044 5.19894 -13 2349 1 0 1
22.3031 1.52099 325.556 3.85732 0.442973 55.9231 1.9153 -13 2350 1 0 1
-21.7607 -16.1267 325.556 -4.69354 -3.47573 69.6452 0.57558 -13 2351 1 0 1
-34.6243 20.5532 325.556 -6.97699 4.85367 67.4778 2.20018 -13 2352 1 0 1
-98.8055 -24.752 325.556 -14.8315 -5.15168 54.0634 1.46016 -13 2353 1 0 1
-24.8589 59.3675 325.556 -3.86734 11.8706 56.2891 3.9815 -13 2354 1 0 1
-11.6872 -56.8025 325.556 -2.52873 -13.593 67.8271 0.804494 -13 2355 1 0 1
-9.19171 69.6845 325.556 -2.05523 16.4838 68.2264 4.0717 -13 2356 1 0 1
-24.1609 42.9188 325.556 -3.8033 8.57343 56.6401 0.896184 -13 2357 1 0 1
17.073 17.3619 325.556 3.05928 3.65023 59.1302 0.940128 -13 2358 1 0 1
56.2411 -67.4108 325.556 6.73682 -10.0932 41.5621 3.0437 -13 2359 1 0 1
-42.204 -17.2685 325.556 -9.56599 -4.20124 73.7618 1.05245 -13 2360 1 0 1
-26.3384 -38.9909 325.556 -4.34991 -7.89488 59.8174 2.35692 -13 2361 1 0 1
-60.5824 -13.1442 325.556 -8.21863 -2.17361 49.8711 2.09678 -13 2362 1 0 1
-25.2365 26.0682 325.556 -5.16703 6.30047 67.8129 0.981877 -13 2363 1 0 1
-6.2739 -11.3662 325.556 -1.83827 -2.68005 75.68 3.30707 -13 2364 1 0 1
1.18024 -22.1718 325.556 0.0101929 -4.69655 68.0805 4.57614 -13 2365 1 0 1
16.1694 26.8692 325.556 3.09857 6.40786 74.7387 2.47136 -13 2366 1 0 1
-32.3106 11.7017 325.556 -7.04168 3.11509 71.4653 1.61307 -13 2367 1 0 1
27.6717 27.6952 325.556 5.3497 6.61821 70.3352 2.14607 -13 2368 1 0 1
-14.1023 14.3585 325.556 -2.2375 3.07489 59.6002 1.89826 -13 2369 1 0 1
66.8916 -2.17212 325.556 13.2212 0.239177 69.8729 2.15289 -13 2370 1 0 1
23.212 33.3332 325.556 4.30604 7.1053 63.7051 0.924829 -13 2371 1 0 1
-42.0254 22.5439 325.556 -9.62965 6.07609 75.1129 4.79659 -13 2372 1 0 1
14.1607 71.7908 325.556 2.46358 16.6724 68.6711 2.80786 -13 2373 1 0 1
-58.992 -3.35853 325.556 -13.2892 -0.886687 74.0091 3.56507 -13 2374 1 0 1
7.50038 -72.4998 325.556 1.25052 -12.7287 49.703 2.34998 -13 2375 1 0 1
25.9545 27.2924 325.556 4.7449 5.74315 63.4976 1.11023 -13 2376 1 0 1
-9.1081 -4.87322 325.556 -1.95575 -1.4887 69.3411 2.88412 -13 2377 1 0 1
44.246 58.9039 325.556 9.00851 14.9349 74.3321 2.8077 -13 2378 1 0 1
8.72069 -72.0093 325.556 1.35447 -17.1097 68.4077 4.4744 -13 2379 1 0 1
-20.8331 -20.2928 325.556 -4.5784 -4.91542 70.6825 1.46787 -13 2380 1 0 1
-66.7725 17.3509 325.556 -8.77541 3.12836 48.4078 2.11049 -13 2381 1 0 1
-22.7428 -7.24033 325.556 -3.13823 -1.28247 52.9264 2.19773 -13 2382 1 0 1
5.90913 86.1423 325.556 0.948289 17.8696 59.896 0.869804 -13 2383 1 0 1
-17.9357 43.6503 325.556 -4.00712 10.1925 70.8707 2.34871 -13 2384 1 0 1
-5.80082 -32.5549 325.556 -0.536743 -5.17022 49.4196 3.11412 -13 2385 1 0 1
37.1282 -33.0851 325.556 4.22519 -4.65465 40.4538 1.23285 -13 2386 1 0 1
-11.2193 -15.4291 325.556 -2.91589 -3.76741 74.737 4.31739 -13 2387 1 0 1
-62.0042 27.6072 325.556 -14.5178 7.17169 76.2363 1.78712 -13 2388 1 0 1
4.30963 -35.3297 325.556 0.746075 -7.74874 61.2377 -0.113208 -13 2389 1 0 1
40.3724 -8.44909 325.556 7.5872 -1.96164 66.4298 0.228683 -13 2390 1 0 1
87.4041 -42.0386 325.556 13.1662 -8.00899 53.1942 2.89044 -13 2391 1 0 1
-104.355 -22.6546 325.556 -19.9263 -4.65351 65.8075 1.57679 -13 2392 1 0 1
-19.789 -5.16981 325.556 -4.2471 -0.944767 69.5778 1.2495 -13 2393 1 0 1
27.7484 19.246 325.556 5.28259 4.57115 66.9444 2.81029 -13 2394 1 0 1
22.0876 23.0599 325.556 4.20494 5.5902 70.5286 2.88948 -13 2395 1 0 1
-0.627378 3.24175 325.556 -0.0296105 1.0463 60.4621 4.58398 -13 2396 1 0 1
4.52217 -10.9153 325.556 0.433455 -3.07163 74.821 0.813661 -13 2397 1 0 1
-68.6731 3.42654 325.556 -8.35088 -0.0642878 46.0755 2.72231 -13 2398 1 0 1
39.8697 0.221429 325.556 6.4961 0.159066 56.8465 2.75818 -13 2399 1 0 1
-42.7536 -14.2741 325.556 -6.85756 -2.86563 57.7857 2.62015 -13 2400 1 0 1
-44.0789 22.5459 325.556 -4.43029 3.26106 39.088 1.51099 -13 2401 1 0 1
-63.3265 39.6207 325.556 -10.2184 8.04946 57.6007 4.45893 -13 2402 1 0 1
41.9284 33.1164 325.556 6.6905 6.4409 53.9018 1.63007 -13 2403 1 0 1
16.7044 61.7896 325.556 2.9896 14.4722 68.849 2.72333 -13 2404 1 0 1
-4.77613 -30.9711 325.556 -1.06277 -7.15646 66.8361 3.22953 -13 2405 1 0 1
39.2689 -17.8261 325.556 5.65877 -3.01566 49.0549 1.43652 -13 2406 1 0 1
-13.6231 33.178 325.556 -2.23406 6.66844 60.1236 4.31324 -13 2407 1 0 1
-14.1092 -50.5305 325.556 -2.30528 -10.6746 59.3861 2.01878 -13 2408 1 0 1
10.6739 -20.299 325.556 1.94229 -4.46542 67.661 3.32231 -13 2409 1 0 1
41.8963 41.3199 325.556 8.02301 9.91266 67.5777 0.512849 -13 2410 1 0 1
-15.6544 7.40022 325.556 -2.69846 1.70901 61.6299 1.56337 -13 2411 1 0 1
-37.1512 -43.2404 325.556 -7.25156 -10.0208 66.4778 3.28096 -13 2412 1 0 1
-59.8136 -19.9912 325.556 -13.8641 -5.13948 75.9008 4.47751 -13 2413 1 0 1
-30.5866 -13.4953 325.556 -8.0446 -3.40772 78.8557 -1.44933 -13 2414 1 0 1
46.364 6.99256 325.556 9.23282 0.971707 69.8846 1.80259 -13 2415 1 0 1
-20.1837 21.6515 325.556 -4.8144 5.36299 74.2635 2.6778 -13 2416 1 0 1
-1.27382 -111.689 325.556 -0.00977783 -18.9534 47.7486 5.68764 -13 2417 1 0 1
-41.9319 -1.58812 325.556 -8.19598 -0.598597 66.6699 2.90046 -13 2418 1 0 1
-5.58059 66.1987 325.556 -0.633503 11.869 51.5531 1.85062 -13 2419 1 0 1
-29.0418 -43.9621 325.556 -6.50245 -10.9614 72.0232 -1.1843 -13 2420 1 0 1
-6.54155 70.2898 325.556 -2.46399 18.4158 77.2536 1.42385 -13 2421 1 0 1
26.5219 63.1331 325.556 4.58607 12.9909 58.5586 1.82732 -13 2422 1 0 1
-18.1092 -58.0676 325.556 -2.64103 -11.1701 54.7372 1.65623 -13 2423 1 0 1
-18.6817 34.3977 325.556 -5.15038 9.25274 78.1866 0.656505 -13 2424 1 0 1
5.01995 67.3405 325.556 0.921772 10.1042 42.1614 4.43418 -13 2425 1 0 1
34.5022 33.9363 325.556 6.42518 7.95073 66.4429 2.03257 -13 2426 1 0 1
-24.3806 24.7717 325.556 -3.62264 4.32633 54.6734 2.25229 -13 2427 1 0 1
18.749 -7.74245 325.556 2.67281 -1.16794 46.6413 1.85651 -13 2428 1 0 1
6.09557 39.0872 325.556 0.728464 11.0385 76.8415 -0.0819601 -13 2429 1 0 1
92.3273 -80.4581 325.556 11.9728 -13.2375 46.2037 2.09424 -13 2430 1 0 1
-29.4279 3.16895 325.556 -6.45008 0.128706 71.6705 4.33659 -13 2431 1 0 1
34.2506 126.141 325.556 3.16217 15.1215 31.8668 4.74144 -13 2432 1 0 1
62.3323 -28.6211 325.556 9.77091 -5.60691 54.4795 1.2035 -13 2433 1 0 1
16.9513 13.6733 325.556 2.95094 2.50022 59.0859 1.60019 -13 2434 1 0 1
-28.1752 -109.514 325.556 -4.72489 -22.6022 58.892 3.16521 -13 2435 1 0 1
8.44621 -8.88787 325.556 1.46254 -1.56692 64.4638 2.31546 -13 2436 1 0 1
7.7983 -20.2997 325.556 1.24225 -5.17287 69.3044 1.62648 -13 2437 1 0 1
28.2584 -19.4529 325.556 4.05351 -3.31003 47.6564 2.56727 -13 2438 1 0 1
-21.0412 -15.7771 325.556 -4.85595 -4.33492 73.136 2.1578 -13 2439 1 0 1
-79.916 -61.2102 325.556 -14.4228 -12.7783 62.8764 2.96024 -13 2440 1 0 1
-10.7655 -24.9772 325.556 -1.43641 -5.0817 52.9255 1.26221 -13 2441 1 0 1
11.6927 36.0605 325.556 1.74807 6.31575 46.1948 2.34255 -13 2442 1 0 1
-0.123312 58.6935 325.556 0.13459 11.0938 53.3737 2.93021 -13 2443 1 0 1
-17.4996 -53.6706 325.556 -4.02963 -13.2439 70.798 2.51599 -13 2444 1 0 1
12.2241 34.9979 325.556 2.28298 8.15593 69.0028 2.40107 -13 2445 1 0 1
0.17363 -6.6817 325.556 -0.244865 -1.50888 69.1791 -0.188813 -13 2446 1 0 1
-7.72622 31.0592 325.556 -1.92593 7.62139 71.8772 0.902301 -13 2447 1 0 1
-47.947 -29.6196 325.556 -9.44402 -6.63944 66.7717 1.09729 -13 2448 1 0 1
-7.80354 -50.5071 325.556 -1.44328 -10.9265 65.8464 3.12164 -13 2449 1 0 1
45.3345 -7.11928 325.556 8.22095 -1.45765 62.9982 3.24182 -13 2450 1 0 1
-34.559 -42.7099 325.556 -6.47405 -9.33213 64.1632 4.36866 -13 2451 1 0 1
5.63015 -49.3623 325.556 1.0969 -10.4798 59.8731 4.66676 -13 2452 1 0 1
12.6409 30.1208 325.556 2.31696 6.91108 64.8436 2.99419 -13 2453 1 0 1
-22.8812 -67.6783 325.556 -3.75734 -14.479 59.7659 1.7952 -13 2454 1 0 1
-2.08977 25.1638 325.556 -0.127982 4.68383 56.8106 1.80909 -13 2455 1 0 1
28.0992 5.70087 325.556 5.58571 1.12524 74.6416 0.71951 -13 2456 1 0 1
-37.2154 -22.7841 325.556 -4.6437 -3.68607 47.1525 1.86465 -13 2457 1 0 1
-24.6959 -75.9918 325.556 -3.95919 -15.1481 56.925 2.42826 -13 2458 1 0 1
-10.5022 -7.09436 325.556 -1.99692 -1.32649 64.9439 4.06071 -13 2459 1 0 1
11.3181 -6.53536 325.556 2.13479 -1.7397 65.3117 2.3693 -13 2460 1 0 1
-9.59284 -34.2682 325.556 -1.99564 -7.27594 66.2544 0.893214 -13 2461 1 0 1
-20.622 111.699 325.556 -2.74332 20.437 50.5963 1.92463 -13 2462 1 0 1
-23.7325 103.176 325.556 -2.05362 14.0116 36.0625 1.68062 -13 2463 1 0 1
-7.77755 4.88877 325.556 -0.863304 0.96037 52.5137 2.3056 -13 2464 1 0 1
-36.6982 144.666 325.556 -5.63957 27.9581 54.2935 2.46119 -13 2465 1 0 1
5.01131 -39.2102 325.556 0.950574 -7.02256 50.745 2.8484 -13 2466 1 0 1
-13.4809 51.7318 325.556 -0.586018 5.32294 25.7543 4.08623 -13 2467 1 0 1
-7.59262 9.14865 325.556 -1.69179 2.62154 68.8938 2.28694 -13 2468 1 0 1
17.0905 15.0181 325.556 2.27772 2.17385 42.3321 2.9345 -13 2469 1 0 1
-55.2963 14.9591 325.556 -7.90625 2.61549 51.9763 2.37017 -13 2470 1 0 1
-24.2412 27.1373 325.556 -6.16621 6.9196 76.961 -0.109855 -13 2471 1 0 1
-43.0337 -61.112 325.556 -8.60389 -14.0463 67.319 3.72214 -13 2472 1 0 1
25.1711 -3.36984 325.556 3.63766 -0.816548 46.4563 2.47775 -13 2473 1 0 1
16.296 69.8905 325.556 1.49504 8.19527 30.4436 6.24825 -13 2474 1 0 1
64.4794 5.8883 325.556 11.4228 1.26164 61.6988 2.35323 -13 2475 1 0 1
-35.1013 -71.6761 325.556 -5.2247 -13.6622 54.153 2.22722 -13 2476 1 0 1
13.6729 -5.01748 325.556 2.53268 -0.92424 64.5454 1.16592 -13 2477 1 0 1
-6.55916 17.6507 325.556 -1.14339 3.41663 63.9246 1.35706 -13 2478 1 0 1
-15.5845 20.8452 325.556 -3.53293 5.16743 72.2188 0.370668 -13 2479 1 0 1
-24.9292 26.9866 325.556 -2.62743 3.95523 41.7297 1.23666 -13 2480 1 0 1
-22.8853 20.3712 325.556 -5.87939 5.98562 77.1999 2.60186 -13 2481 1 0 1
37.7557 84.2029 325.556 6.64225 17.5193 61.8486 3.2441 -13 2483 1 0 1
-51.8082 -53.8134 325.556 -10.5069 -12.4424 68.1852 2.96007 -13 2485 1 0 1
53.8143 28.4086 325.556 9.20124 6.08018 58.488 0.25496 -13 2486 1 0 1
-23.2876 -15.1989 325.556 -6.10006 -4.01285 78.7808 1.0225 -13 2487 1 0 1
-6.57678 -4.83206 325.556 -2.01497 -1.21175 75.9258 0.756271 -13 2488 1 0 1
30.2097 -230.255 325.556 3.22424 -34.2373 38.3269 2.77644 -13 2489 1 0 1
-13.8586 -11.8288 325.556 -2.59173 -2.52699 64.4757 0.264913 -13 2490 1 0 1
-16.0269 44.3415 325.556 -3.11174 9.70459 65.6739 3.42851 -13 2491 1 0 1
10.6313 -22.0198 325.556 1.96166 -5.08731 69.7512 3.05291 -13 2492 1 0 1
-56.4011 63.3464 325.556 -12.6782 15.9971 73.9987 0.866025 -13 2493 1 0 1
7.06625 -26.8658 325.556 1.37089 -5.18567 56.2228 0.309915 -13 2494 1 0 1
-7.32647 6.97438 325.556 -1.74941 2.01943 70.5034 4.01548 -13 2495 1 0 1
44.365 -0.18211 325.556 5.47083 0.0181004 42.5397 3.76572 -13 2496 1 0 1
-0.463318 -13.0894 325.556 -0.895282 -3.90702 80.0663 2.24025 -13 2497 1 0 1
14.8832 45.6321 325.556 2.79309 10.9045 71.6684 0.775426 -13 2498 1 0 1
-10.6849 -5.86067 325.556 -2.43987 -1.4105 70.6812 2.45672 -13 2499 1 0 1
-1.59964 3.56502 325.556 -1.00498 0.465749 78.1982 2.81449 -13 2500 1 0 1
11.9993 24.0892 325.556 2.11465 6.63895 75.9705 1.58503 -13 2501 1 0 1
-33.9148 35.6215 325.556 -5.94276 7.34726 61.4144 2.23957 -13 2502 1 0 1
26.659 41.8161 325.556 4.99524 9.42143 66.6474 -0.245305 -13 2503 1 0 1
-16.9584 -7.82392 325.556 -3.21253 -1.24968 65.1089 2.45235 -13 2504 1 0 1
-4.57512 -97.9314 325.556 -0.416225 -16.5455 47.4697 2.10111 -13 2505 1 0 1
30.2913 79.4722 325.556 4.55785 14.4772 51.2358 3.93949 -13 2506 1 0 1
74.2541 -79.1819 325.556 10.0669 -13.3569 47.7674 1.52329 -13 2507 1 0 1
22.672 52.5132 325.556 3.77713 10.3691 55.9748 1.16107 -13 2508 1 0 1
-33.5578 92.8922 325.556 -3.64814 14.3932 42.506 3.70073 -13 2509 1 0 1
15.3041 -14.5818 325.556 2.88141 -3.55377 69.4222 1.42781 -13 2510 1 0 1
-90.4645 14.5354 325.556 -14.3276 2.68144 56.2797 2.10956 -13 2511 1 0 1
21.2985 -79.2642 325.556 3.37438 -15.3636 53.497 2.58507 -13 2512 1 0 1
42.9079 -36.9683 325.556 6.77962 -7.49539 54.4667 2.35826 -13 2513 1 0 1
17.444 -17.9852 325.556 3.3801 -4.50361 72.9683 1.87823 -13 2514 1 0 1
25.3276 -20.3906 325.556 4.8521 -4.9763 68.235 3.83641 -13 2515 1 0 1
-1.94611 36.2339 325.556 -0.429408 8.36674 65.9176 2.95785 -13 2516 1 0 1
-30.3505 -10.1092 325.556 -6.53727 -1.91332 70.5086 3.09213 -13 2517 1 0 1
2.74749 -81.4251 325.556 0.5619 -16.7167 60.1965 1.78128 -13 2518 1 0 1
-6.63756 -25.0656 325.556 -2.04655 -6.60086 76.2835 1.09786 -13 2519 1 0 1
-9.0804 18.8699 325.556 -1.91675 4.60623 67.3609 0.41955 -13 2520 1 0 1
-27.8443 -43.7982 325.556 -5.3063 -9.9808 65.2935 2.36139 -13 2521 1 0 1
2.86673 12.2353 325.556 0.761367 2.63599 55.9011 2.45715 -13 2522 1 0 1
20.2582 7.19118 325.556 3.81315 1.68443 70.2251 2.11204 -13 2523 1 0 1
-26.5862 49.99 325.556 -6.0233 12.2996 71.9454 2.43516 -13 2524 1 0 1
8.47799 31.1344 325.556 1.44253 7.63899 70.5271 2.22981 -13 2525 1 0 1
-6.99511 3.64482 325.556 -0.916884 1.00216 55.7671 3.47916 -13 2526 1 0 1
-10.3226 -21.8812 325.556 -2.07641 -4.60168 66.4922 0.331003 -13 2527 1 0 1
-17.4856 43.6234 325.556 -2.4405 8.17281 54.4312 2.28779 -13 2528 1 0 1
27.7419 7.60971 325.556 5.39937 1.82538 70.3174 0.655511 -13 2529 1 0 1
-34.2704 -19.584 325.556 -4.70778 -3.35931 51.9272 4.41806 -13 2530 1 0 1
0.322042 -92.441 325.556 -0.0648644 -20.7157 63.2335 1.38791 -13 2531 1 0 1
18.3286 -37.0993 325.556 3.34567 -8.74181 68.1662 0.139878 -13 2532 1 0 1
53.5999 0.454386 325.556 8.74839 -0.485655 57.3935 0.639961 -13 2533 1 0 1
20.581 24.5734 325.556 3.99297 5.72847 69.8847 4.40067 -13 2534 1 0 1
-44.4174 1.97895 325.556 -6.87124 0.289503 55.7676 2.32432 -13 2535 1 0 1
80.2394 74.2343 325.556 10.8451 12.3721 47.4301 2.37338 -13 2536 1 0 1
30.5913 -45.8611 325.556 4.38713 -7.79313 47.4131 2.48259 -13 2537 1 0 1
-13.703 14.5601 325.556 -3.10577 3.17766 71.5435 2.01158 -13 2538 1 0 1
-21.3715 9.7503 325.556 -4.40723 2.16542 68.3522 3.43635 -13 2539 1 0 1
41.854 -10.3646 325.556 8.13974 -2.72111 69.394 4.81112 -13 2542 1 0 1
-22.6478 -61.3097 325.556 -4.4443 -14.1329 65.9581 1.76699 -13 2543 1 0 1
-18.3216 -23.8018 325.556 -3.09353 -4.91752 62.3309 2.28919 -13 2544 1 0 1
4.61666 31.6307 325.556 0.872061 7.56649 68.7136 2.22053 -13 2546 1 0 1
11.641 -7.19955 325.556 2.22523 -2.0344 69.9728 2.38707 -13 2547 1 0 1
34.6886 84.6543 325.556 6.0336 17.8095 60.9402 1.59189 -13 2549 1 0 1
226.736 91.9464 325.556 17.699 11.021 33.0188 5.04703 -13 2550 1 0 1
10.5617 66.6174 325.556 1.61504 11.0333 45.9486 2.91441 -13 2551 1 0 1
54.914 -25.5233 325.556 8.8383 -5.03456 55.5321 2.26879 -13 2552 1 0 1
-6.38372 -40.87 325.556 -0.426314 -6.25123 44.2442 1.82744 -13 2553 1 0 1
40.3235 -28.8848 325.556 6.57353 -5.42595 56.2606 1.44336 -13 2554 1 0 1
-4.38576 55.127 325.556 -1.68473 14.637 76.0456 2.55802 -13 2555 1 0 1
28.1376 46.4847 325.556 4.44333 8.60395 53.5344 3.79632 -13 2556 1 0 1
-23.4354 28.6263 325.556 -3.93433 5.75329 59.6824 0.895277 -13 2557 1 0 1
-25.4253 56.0406 325.556 -4.08951 11.1778 57.4324 3.10257 -13 2558 1 0 1
-35.3501 35.0287 325.556 -9.49666 9.88854 79.0808 2.2137 -13 2559 1 0 1
-5.90496 21.9258 325.556 -0.672647 4.35991 54.1385 2.06706 -13 2560 1 0 1
-31.3794 -13.3149 325.556 -7.04877 -3.27517 72.183 0.348516 -13 2561 1 0 1
9.57821 -42.2146 325.556 1.5708 -10.9159 73.8315 2.7433 -13 2562 1 0 1
-36.6351 56.2927 325.556 -8.89388 15.563 76.2646 3.75058 -13 2563 1 0 1
-3.39006 61.8099 325.556 -1.39925 16.1132 75.7817 3.83622 -13 2564 1 0 1
23.6848 -58.4994 325.556 4.0751 -11.9582 57.4302 1.6104 -13 2565 1 0 1
41.0066 -16.7975 325.556 7.81623 -3.64797 67.2516 1.30138 -13 2566 1 0 1
-12.2364 34.2876 325.556 -2.16232 7.58197 62.909 3.18384 -13 2568 1 0 1
73.3555 37.1585 325.556 12.5112 7.35026 60.1131 1.17321 -13 2569 1 0 1
-16.9438 -26.6074 325.556 -3.59833 -5.92164 67.5 0.901808 -13 2570 1 0 1
3.69072 0.466626 325.556 0.577713 0.347014 67.7093 3.58186 -13 2571 1 0 1
-42.1229 -15.2374 325.556 -9.47784 -3.46764 73.3147 1.61304 -13 2572 1 0 1
-61.3846 35.2831 325.556 -5.09065 3.96404 32.9023 3.97051 -13 2573 1 0 1
30.3041 -3.32914 325.556 3.82682 -0.437252 42.2952 4.59043 -13 2574 1 0 1
-76.4238 -35.9541 325.556 -13.7899 -7.85901 62.7154 -0.315501 -13 2575 1 0 1
-27.2724 -34.0639 325.556 -1.00566 -2.51068 18.9478 4.85009 -13 2576 1 0 1
-18.3855 -26.8519 325.556 -4.39935 -6.89748 74.0438 3.22106 -13 2577 1 0 1
-24.421 32.7252 325.556 -4.15228 7.5179 60.6524 1.86706 -13 2578 1 0 1
63.752 27.877 325.556 7.08896 3.66699 40.1218 5.42602 -13 2579 1 0 1
43.3615 20.691 325.556 8.78919 4.58076 72.4383 2.52032 -13 2580 1 0 1
29.4159 -61.1771 325.556 2.454 -6.57688 29.1213 1.28309 -13 2582 1 0 1
2.44208 -14.8513 325.556 0.339923 -4.21241 67.0583 2.74381 -13 2583 1 0 1
-123.272 5.04203 325.556 -20.0253 0.883445 57.7225 1.20118 -13 2584 1 0 1
-14.6494 -30.906 325.556 -2.39183 -6.26816 58.606 2.30053 -13 2585 1 0 1
-17.6376 -39.4963 325.556 -3.05774 -8.13436 60.738 1.37412 -13 2586 1 0 1
3.3884 -3.36553 325.556 0.776217 -0.644507 55.2733 -0.124821 -13 2587 1 0 1
77.065 71.7994 325.556 8.18984 9.83942 38.4035 3.16842 -13 2588 1 0 1
22.2255 -56.6468 325.556 3.19859 -9.68635 45.1315 2.42155 -13 2589 1 0 1
6.44679 -52.5648 325.556 1.11644 -11.8694 63.9859 1.46394 -13 2590 1 0 1
0.787646 50.8809 325.556 0.0248034 11.1418 61.4776 -0.0483927 -13 2591 1 0 1
7.16409 -37.9766 325.556 1.33041 -8.74941 62.8176 1.71331 -13 2592 1 0 1
-15.7328 -40.6917 325.556 -3.10774 -9.73756 66.5866 2.04549 -13 2593 1 0 1
-28.4606 -26.2876 325.556 -6.25933 -6.19321 71.1484 4.10036 -13 2594 1 0 1
49.9699 40.9735 325.556 10.5573 11.01 77.5435 0.737959 -13 2595 1 0 1
-66.2736 28.0862 325.556 -13.0283 5.9134 67.5683 3.50182 -13 2596 1 0 1
-11.6936 14.165 325.556 -1.40551 2.38616 50.0878 1.63687 -13 2597 1 0 1
32.5155 -36.9473 325.556 3.63554 -5.12688 38.8246 2.16869 -13 2598 1 0 1
34.3241 -103.572 325.556 5.6916 -20.7689 57.5686 2.837 -13 2599 1 0 1
14.9578 -7.19934 325.556 2.72515 -2.30802 68.8759 2.13708 -13 2600 1 0 1
19.8682 56.2528 325.556 3.52725 12.3381 64.4304 1.57786 -13 2601 1 0 1
-51.2336 -28.2199 325.556 -10.8591 -7.24988 70.8821 2.50834 -13 2602 1 0 1
39.0614 -74.2125 325.556 5.0651 -11.6665 44.3386 3.22344 -13 2603 1 0 1
-22.08 -4.47555 325.556 -4.21258 -1.66648 65.7517 1.05151 -13 2604 1 0 1
27.1512 -11.7242 325.556 4.79091 -1.90823 60.8547 4.46165 -13 2605 1 0 1
-40.002 2.87542 325.556 -7.3463 0.434114 63.8262 2.67987 -13 2606 1 0 1
28.4366 -77.8243 325.556 5.08999 -16.5102 61.7568 3.86176 -13 2607 1 0 1
-23.9894 -27.4666 325.556 -5.27418 -6.45035 70.6308 4.03006 -13 2608 1 0 1
20.791 -15.8698 325.556 4.04595 -4.20751 74.749 1.87255 -13 2609 1 0 1
43.0507 27.1322 325.556 7.82827 5.96833 64.285 1.6662 -13 2610 1 0 1
1.6108 -44.2351 325.556 0.204638 -10.2057 66.5645 1.64487 -13 2611 1 0 1
-3.63857 -50.6601 325.556 -0.646449 -11.6116 63.0565 2.6619 -13 2612 1 0 1
32.1646 -30.2813 325.556 6.22135 -6.91425 68.9098 2.58238 -13 2613 1 0 1
48.2465 -22.288 325.556 6.56297 -3.79279 46.9702 3.96527 -13 2614 1 0 1
13.9084 15.7547 325.556 2.54831 3.30044 65.5922 1.883 -13 2615 1 0 1
25.2885 69.6957 325.556 3.77437 12.5198 51.2226 2.25085 -13 2616 1 0 1
-93.848 -1.04321 325.556 -19.1284 -0.64207 69.2931 1.26748 -13 2617 1 0 1
21.8276 -116.929 325.556 2.24871 -14.5677 33.9837 -0.273832 -13 2618 1 0 1
-1.14151 -83.7669 325.556 0.28402 -11.459 37.2028 3.60681 -13 2619 1 0 1
59.6159 -251.39 325.556 4.19226 -27.9224 26.099 2.72994 -13 2621 1 0 1
77.9712 -52.1488 325.556 11.7342 -9.70296 53.2293 3.83907 -13 2622 1 0 1
-52.4994 -1.90707 325.556 -9.97724 -0.53625 65.4149 3.8804 -13 2623 1 0 1
-66.0762 -37.5901 325.556 -7.90464 -6.27437 44.9347 1.98906 -13 2624 1 0 1
-65.5112 -39.1385 325.556 -12.8469 -8.96408 66.8873 1.15751 -13 2625 1 0 1
144.682 138.848 325.556 21.2336 25.6935 52.7164 1.4064 -13 2626 1 0 1
73.6842 11.6589 325.556 13.6724 2.72674 65.2918 2.67094 -13 2627 1 0 1
-89.8918 37.2936 325.556 -17.307 8.76477 66.233 1.44628 -13 2628 1 0 1
-67.9506 17.0675 325.556 -13.6944 3.94098 68.4306 3.6792 -13 2629 1 0 1
-12.9675 111.191 325.556 -1.65474 20.4683 51.9886 1.27026 -13 2630 1 0 1
-16.3815 -3.6168 325.556 -4.75499 -0.960787 80.6019 2.37565 -13 2631 1 0 1
-6.53378 92.254 325.556 -0.780726 17.202 52.5279 1.86377 -13 2633 1 0 1
-35.3016 10.2411 325.556 -6.44286 2.33942 63.6011 3.40102 -13 2634 1 0 1
7.51962 41.4634 325.556 1.24004 7.17816 49.1748 2.99936 -13 2635 1 0 1
38.3862 74.3451 325.556 6.9073 16.5258 62.9175 1.4057 -13 2636 1 0 1
-29.8744 -38.3114 325.556 -6.16744 -9.10517 68.2616 -0.315845 -13 2637 1 0 1
-12.7089 66.4995 325.556 -3.77123 17.8472 78.7074 3.52141 -13 2638 1 0 1
13.7838 148.636 325.556 2.03625 26.3417 48.6014 2.64012 -13 2640 1 0 1
-4.11014 -25.1569 325.556 -0.277538 -4.36945 51.2708 2.27613 -13 2641 1 0 1
-26.3619 -23.9075 325.556 -5.24532 -5.26653 66.6425 1.47908 -13 2642 1 0 1
-12.0036 -11.8177 325.556 -3.52407 -3.08748 77.8266 1.78192 -13 2643 1 0 1
-21.7444 -34.1506 325.556 -4.04203 -7.62864 64.6354 3.1207 -13 2644 1 0 1
6.70962 37.2808 325.556 1.16297 9.04577 72.0051 2.30613 -13 2645 1 0 1
-3.05245 10.037 325.556 -0.177625 1.84131 48.2115 0.334351 -13 2646 1 0 1
156.586 -106.969 325.556 24.3312 -21.1481 56.2992 2.87633 -13 2647 1 0 1
-8.50361 3.76294 325.556 -1.98296 1.0869 70.6196 1.85352 -13 2648 1 0 1
-0.895286 32.0887 325.556 -0.790084 7.8509 76.0128 1.37495 -13 2649 1 0 1
-33.7732 -12.896 325.556 -6.24994 -2.63688 64.1201 1.92208 -13 2650 1 0 1
-73.2295 -17.6901 325.556 -13.1047 -3.72751 62.4361 1.17775 -13 2651 1 0 1
15.4106 77.8507 325.556 2.30641 12.9039 46.8449 2.7988 -13 2652 1 0 1
11.1261 -9.29993 325.556 1.9472 -2.3888 77.3127 0.222072 -13 2654 1 0 1
16.3768 22.1267 325.556 2.62648 4.28879 52.5319 1.22714 -13 2655 1 0 1
-11.3668 28.0157 325.556 -2.75536 6.9678 71.4473 0.79482 -13 2656 1 0 1
-57.1211 -34.8989 325.556 -11.2622 -7.51528 66.647 -0.321999 -13 2657 1 0 1
-25.2925 41.0918 325.556 -2.97756 6.94423 45.5295 3.1297 -13 2658 1 0 1
41.8055 30.5834 325.556 7.21876 6.50729 59.5981 3.57853 -13 2660 1 0 1
-16.641 46.3034 325.556 -3.48043 11.4375 69.3562 4.41569 -13 2661 1 0 1
-16.2038 11.7479 325.556 -3.15988 2.88347 64.9044 1.18071 -13 2662 1 0 1
-6.49457 -0.866862 325.556 -0.745092 -0.179012 51.3587 3.53107 -13 2663 1 0 1
35.0427 -118.505 325.556 5.13864 -21.2963 50.1574 4.96678 -13 2664 1 0 1
7.99899 -40.6309 325.556 1.51317 -8.24556 56.4143 3.56076 -13 2665 1 0 1
-15.6929 -22.0503 325.556 -2.17554 -3.96846 54.6512 0.869617 -13 2666 1 0 1
-17.5378 3.07971 325.556 -4.72249 0.804589 77.3477 1.37926 -13 2667 1 0 1
-14.459 -18.4799 325.556 -3.53905 -4.5896 74.6627 0.0389185 -13 2668 1 0 1
-39.5768 35.2176 325.556 -6.85085 7.51168 61.2608 3.07218 -13 2670 1 0 1
10.8891 -64.0468 325.556 1.88266 -13.3297 59.6532 2.90432 -13 2671 1 0 1
-33.2206 -32.594 325.556 -7.41744 -8.53821 72.6478 1.98189 -13 2672 1 0 1
67.4644 11.0087 325.556 13.5324 1.56177 71.6054 2.90077 -13 2673 1 0 1
-8.10084 -3.55834 325.556 -2.10622 -1.32768 72.6094 0.197501 -13 2674 1 0 1
-88.5367 0.0652263 325.556 -19.2136 -0.225377 72.7739 0.416248 -13 2675 1 0 1
7.05663 -24.4943 325.556 1.18001 -5.31456 58.1318 4.1706 -13 2676 1 0 1
26.3337 32.6057 325.556 4.54473 6.25403 57.149 2.94084 -13 2677 1 0 1
26.5593 -45.0021 325.556 5.06952 -10.7228 69.6738 0.918583 -13 2678 1 0 1
-41.6193 41.4536 325.556 -8.06912 9.24119 65.5294 1.28536 -13 2679 1 0 1
-17.3213 70.9395 325.556 -3.67642 16.5522 66.9978 0.921955 -13 2680 1 0 1
-25.0752 -2.61835 325.556 -4.96916 -0.815035 66.3726 2.11783 -13 2681 1 0 1
74.1314 -25.991 325.556 6.40075 -3.04125 32.1512 2.84081 -13 2682 1 0 1
13.2279 -16.7984 325.556 2.37021 -3.83535 76.2968 1.06611 -13 2683 1 0 1
-13.901 20.0547 325.556 -2.36167 4.40731 61.858 1.89794 -13 2684 1 0 1
40.1613 -1.16005 325.556 6.82642 -0.0678709 58.1001 0.914209 -13 2685 1 0 1
-53.9501 12.6144 325.556 -9.69107 2.44352 62.6409 2.06789 -13 2686 1 0 1
6.16545 -17.9611 325.556 1.13001 -3.56211 60.8165 2.55601 -13 2687 1 0 1
-48.0387 -14.5344 325.556 -5.63184 -2.56181 44.7065 2.07084 -13 2688 1 0 1
-19.2691 48.2433 325.556 -3.9326 11.1033 67.954 3.05319 -13 2689 1 0 1
15.0403 -21.7647 325.556 2.85166 -4.89429 70.6177 3.33186 -13 2690 1 0 1
47.1572 -26.6701 325.556 7.94823 -5.1546 57.9167 0.612702 -13 2691 1 0 1
-27.4152 36.9461 325.556 -4.32559 7.44705 57.4482 1.43132 -13 2692 1 0 1
15.0233 -117.278 325.556 2.39203 -24.4318 58.1745 2.23145 -13 2693 1 0 1
-31.3633 -19.2506 325.556 -2.96726 -2.51135 38.2131 2.70353 -13 2694 1 0 1
8.74441 59.4416 325.556 1.48173 12.3347 58.3956 0.639527 -13 2695 1 0 1
-52.2596 -77.9522 325.556 -7.13005 -14.071 50.1332 4.76684 -13 2696 1 0 1
118.57 -56.633 325.556 16.4315 -10.1382 49.823 3.66617 -13 2697 1 0 1
28.0679 61.0874 325.556 5.36521 14.1648 67.8543 -0.051987 -13 2698 1 0 1
-52.9229 5.22026 325.556 -6.23926 0.824807 44.5891 2.44771 -13 2699 1 0 1
-44.1646 -48.0209 325.556 -7.80302 -9.91266 62.03 0.574225 -13 2700 1 0 1
-58.6122 -7.54186 325.556 -10.3772 -1.53928 62.1295 2.65533 -13 2701 1 0 1
-40.5355 -44.1131 325.556 -4.77296 -7.19307 44.7873 2.23809 -13 2702 1 0 1
-5.65729 7.87776 325.556 -1.55705 1.85203 72.025 3.65799 -13 2703 1 0 1
-35.9742 48.9968 325.556 -6.29782 10.6774 61.2774 1.56557 -13 2704 1 0 1
21.7618 -66.7125 325.556 3.93042 -14.2332 62.4306 1.81381 -13 2705 1 0 1
-37.1153 76.146 325.556 -5.80191 14.5441 56.0654 4.96546 -13 2706 1 0 1
-34.9141 27.206 325.556 -6.10714 5.80235 60.941 1.80609 -13 2707 1 0 1
10.8284 -27.7123 325.556 1.88533 -7.54911 70.6813 -0.0567546 -13 2708 1 0 1
-11.659 54.1195 325.556 -2.94646 14.193 73.0542 2.28461 -13 2709 1 0 1
-47.8227 45.9361 325.556 -8.81289 10.3914 63.8361 1.16707 -13 2710 1 0 1
-35.449 -25.337 325.556 -8.64555 -6.37952 77.1122 1.89313 -13 2711 1 0 1
20.2586 -75.411 325.556 3.77609 -17.8903 71.0902 -0.146325 -13 2712 1 0 1
-33.4895 -51.6346 325.556 -8.26526 -13.2371 76.9137 -0.241241 -13 2713 1 0 1
-73.0098 -73.515 325.556 -11.8953 -15.0159 57.2005 1.83898 -13 2714 1 0 1
-44.9588 -17.5821 325.556 -8.90536 -4.02105 67.8536 1.39166 -13 2715 1 0 1
-49.6256 32.781 325.556 -6.09086 5.33221 46.8091 4.39239 -13 2716 1 0 1
11.0881 15.815 325.556 2.02749 3.32051 66.9249 3.14251 -13 2717 1 0 1
60.6182 -31.3386 325.556 9.71159 -6.12815 55.4667 3.50222 -13 2718 1 0 1
-4.88173 -25.3646 325.556 -2.09735 -7.55367 80.5887 1.60985 -13 2719 1 0 1
-5.44236 96.373 325.556 -0.57602 16.4526 47.7852 2.71255 -13 2720 1 0 1
42.4204 -35.5794 325.556 7.04702 -6.99756 56.6488 -0.0279831 -13 2721 1 0 1
32.9686 -20.3011 325.556 6.44656 -4.19773 70.4743 1.06481 -13 2722 1 0 1
-29.3363 10.4828 325.556 -6.02232 2.24513 69.2267 2.16324 -13 2723 1 0 1
53.8828 -56.8115 325.556 6.38444 -8.37444 41.4222 3.70503 -13 2724 1 0 1
-9.92871 -19.8933 325.556 -1.97094 -4.77077 66.2999 1.16513 -13 2725 1 0 1
25.0112 27.5245 325.556 4.68181 6.63317 65.9836 0.954262 -13 2726 1 0 1
19.4119 -110.635 325.556 1.63081 -12.322 28.4431 4.19084 -13 2727 1 0 1
-33.0433 -81.0021 325.556 -5.00712 -15.7915 54.3613 2.65289 -13 2729 1 0 1
50.6419 86.2082 325.556 8.64395 18.3011 60.0569 2.49443 -13 2730 1 0 1
29.2798 28.574 325.556 4.62951 5.37468 53.9153 3.03605 -13 2731 1 0 1
-64.9962 -49.2322 325.556 -11.8139 -10.8198 62.8115 2.03628 -13 2732 1 0 1
-74.7393 -87.7024 325.556 -12.0146 -17.6182 56.9106 0.850639 -13 2733 1 0 1
-30.0682 -30.6306 325.556 -7.81631 -8.09854 79.5846 1.19212 -13 2734 1 0 1
76.7384 -15.0319 325.556 13.1842 -2.94128 60.2618 1.57299 -13 2735 1 0 1
10.1971 -24.18 325.556 1.84519 -5.03294 65.6915 1.81887 -13 2736 1 0 1
-9.67304 -30.3604 325.556 -2.50765 -7.26893 73.5161 2.20836 -13 2737 1 0 1
4.05113 0.410828 325.556 0.656991 -0.127795 67.653 2.5672 -13 2738 1 0 1
-12.4459 -106.377 325.556 -1.95451 -21.5238 57.0704 2.4966 -13 2739 1 0 1
22.5494 -53.0655 325.556 4.29997 -13.0693 73.0233 3.37129 -13 2740 1 0 1
32.2147 -9.19622 325.556 5.51886 -1.37894 57.5874 2.48913 -13 2741 1 0 1
0.850979 -4.88018 325.556 0.0686111 -0.755852 65.8672 1.69453 -13 2742 1 0 1
24.0709 -20.1319 325.556 4.54978 -5.00061 66.1448 3.26461 -13 2743 1 0 1
-30.3468 89.6232 325.556 -5.69707 20.1296 63.1886 1.45694 -13 2744 1 0 1
56.032 -65.3327 325.556 9.46065 -13.6741 58.8254 2.24579 -13 2745 1 0 1
-137.526 203.015 325.556 -13.7064 28.8256 37.8229 0.636591 -13 2746 1 0 1
32.8381 -1.82282 325.556 5.67605 -0.479704 59.4097 2.17553 -13 2747 1 0 1
-3.49209 53.5204 325.556 -1.25414 13.691 73.5946 0.954281 -13 2748 1 0 1
-16.3641 57.4831 325.556 -4.77585 15.6311 78.6181 1.81076 -13 2749 1 0 1
-95.9295 71.1802 325.556 -18.5757 15.7046 66.2313 2.24437 -13 2750 1 0 1
-81.4246 -15.3596 325.556 -13.6794 -2.89487 59.4079 1.80935 -13 2751 1 0 1
-43.1101 -14.3806 325.556 -7.11275 -3.23203 58.7554 1.90298 -13 2752 1 0 1
3.65236 10.6143 325.556 0.824471 1.88672 52.9209 2.42687 -13 2753 1 0 1
18.757 34.6122 325.556 2.89838 6.03205 49.8846 2.3959 -13 2754 1 0 1
63.1782 14.0914 325.556 8.04428 2.12978 45.3463 0.935668 -13 2755 1 0 1
-31.4444 -4.605 325.556 -7.30379 -0.7202 74.0981 -0.614931 -13 2756 1 0 1
6.53122 -31.3973 325.556 1.20994 -7.47965 62.7638 2.56994 -13 2757 1 0 1
23.5836 -36.8762 325.556 4.15903 -7.70114 60.3267 1.86904 -13 2758 1 0 1
23.9053 30.5252 325.556 4.48348 7.23009 67.9887 2.87488 -13 2759 1 0 1
35.6525 39.8735 325.556 2.85729 4.28658 27.7332 5.72789 -13 2760 1 0 1
-25.6295 4.92387 325.556 -4.29916 1.21586 60.0557 2.02668 -13 2761 1 0 1
-37.3474 5.89161 325.556 -7.55813 1.33277 67.6346 3.79592 -13 2762 1 0 1
65.7276 -36.6349 325.556 9.51342 -6.56296 50.0528 1.63279 -13 2763 1 0 1
-48.7726 25.5015 325.556 -12.3887 6.5091 80.1922 0.286591 -13 2764 1 0 1
-52.8522 -88.8044 325.556 -8.72565 -17.8667 58.3182 1.73405 -13 2765 1 0 1
-30.3216 10.0913 325.556 -7.23473 1.73385 75.2501 -0.0681388 -13 2766 1 0 1
43.0617 -24.067 325.556 6.96332 -4.8299 55.397 2.79964 -13 2767 1 0 1
0.992138 37.3038 325.556 0.464136 6.60291 49.6526 -0.330465 -13 2768 1 0 1
0.576934 34.5085 325.556 0.0399393 8.36081 65.7556 1.80838 -13 2769 1 0 1
-35.8198 9.09856 325.556 -6.70261 2.40956 65.537 4.26174 -13 2770 1 0 1
118.646 120.18 325.556 16.7935 21.8012 50.995 4.46234 -13 2771 1 0 1
12.4949 12.7448 325.556 2.30802 2.89982 58.0772 2.78956 -13 2772 1 0 1
-45.4359 -42.0719 325.556 -9.36937 -9.98319 68.7593 2.31985 -13 2773 1 0 1
-12.4995 -30.5772 325.556 -2.82527 -7.74606 70.2867 3.18692 -13 2774 1 0 1
-19.636 7.54561 325.556 -3.11604 1.32467 57.7688 2.00503 -13 2775 1 0 1
-32.8435 -10.5882 325.556 -6.01898 -2.68366 64.237 4.47368 -13 2776 1 0 1
125.518 61.8953 325.556 19.7651 12.231 56.65 2.65084 -13 2777 1 0 1
28.9823 -4.09617 325.556 5.67182 -0.853727 70.2763 2.38378 -13 2778 1 0 1
-25.0312 59.642 325.556 -4.79951 13.4141 64.2067 2.16559 -13 2780 1 0 1
-10.0803 23.6805 325.556 -2.10936 5.6662 68.2222 1.23009 -13 2781 1 0 1
-5.03762 -36.1252 325.556 -0.925197 -7.74238 63.839 3.52531 -13 2782 1 0 1
-32.8848 12.5849 325.556 -7.06423 3.384 70.9815 1.44809 -13 2783 1 0 1
-44.2738 -47.9295 325.556 -3.34261 -5.97546 31.492 4.1111 -13 2784 1 0 1
-33.74 -38.1204 325.556 -7.42489 -8.98545 71.3405 3.27348 -13 2785 1 0 1
3.09681 1.61478 325.556 0.703102 0.312563 58.8914 1.13484 -13 2786 1 0 1
-10.5382 1.65671 325.556 -2.17528 0.781007 68.0252 2.39848 -13 2787 1 0 1
2.84847 -70.5961 325.556 0.569077 -13.6097 55.5901 2.89472 -13 2788 1 0 1
42.6122 5.376 325.556 7.71904 0.631752 62.5515 1.27224 -13 2789 1 0 1
-32.6942 -48.8304 325.556 -4.4921 -8.26668 50.9875 2.69813 -13 2790 1 0 1
14.7707 -33.0499 325.556 2.70941 -6.9733 64.5995 0.822884 -13 2791 1 0 1
-34.3785 11.7419 325.556 -6.51752 3.12346 64.8646 0.676512 -13 2792 1 0 1
32.8597 -52.2595 325.556 6.04175 -11.4461 64.1967 2.09497 -13 2793 1 0 1
1.49465 40.1405 325.556 -0.0402296 9.63475 72.9991 1.74669 -13 2794 1 0 1
19.0834 -65.8211 325.556 3.38349 -13.3612 59.9185 1.48265 -13 2795 1 0 1
11.4549 -23.9959 325.556 1.09014 -2.62624 28.0994 4.12366 -13 2796 1 0 1
-30.1132 27.8702 325.556 -6.36267 6.77818 69.4522 1.79125 -13 2797 1 0 1
-22.5904 -25.5362 325.556 -5.57987 -6.2485 75.3185 1.68928 -13 2798 1 0 1
19.3158 21.7396 325.556 3.09996 3.8415 52.8189 3.45044 -13 2799 1 0 1
8.80281 12.6941 325.556 1.60224 2.48461 51.3042 2.10553 -13 2800 1 0 1
-35.1259 -32.7145 325.556 -7.95148 -8.84237 73.6443 1.98153 -13 2801 1 0 1
-21.4959 29.0252 325.556 -4.91688 7.29499 72.7718 0.218625 -13 2802 1 0 1
2.02103 29.4342 325.556 -0.418735 8.34999 80.1202 3.00529 -13 2804 1 0 1
-18.6241 -35.9309 325.556 -4.4653 -9.35004 73.2473 3.47998 -13 2805 1 0 1
88.5145 5.59724 325.556 14.4777 0.920267 57.2839 2.94939 -13 2806 1 0 1
5.22679 112.634 325.556 0.744712 25.6371 65.3793 2.46841 -13 2807 1 0 1
31.7961 -10.5549 325.556 6.09702 -2.4143 70.0657 1.84023 -13 2808 1 0 1
14.3209 82.9909 325.556 2.33905 14.4432 48.7754 1.93462 -13 2809 1 0 1
-20.5702 52.0057 325.556 -4.69315 12.7519 71.4955 2.85016 -13 2810 1 0 1
26.5275 -86.6305 325.556 4.12028 -15.752 51.4464 2.02762 -13 2811 1 0 1
47.4571 21.3383 325.556 9.20631 4.62584 68.0613 2.13689 -13 2812 1 0 1
42.6652 22.2595 325.556 6.23458 4.32932 50.0681 1.95271 -13 2813 1 0 1
-31.0667 -9.21268 325.556 -5.10483 -1.80151 59.3508 3.99532 -13 2814 1 0 1
-40.6172 -13.9257 325.556 -8.01729 -3.09089 66.5687 3.7008 -13 2815 1 0 1
-27.228 -17.6428 325.556 -5.29276 -4.65505 66.0873 3.83512 -13 2816 1 0 1
46.5055 32.9217 325.556 8.90942 7.44664 67.7387 1.1065 -13 2817 1 0 1
77.9427 24.4137 325.556 15.065 6.4103 68.5848 2.49192 -13 2818 1 0 1
18.6401 33.3373 325.556 3.57092 8.48211 75.1937 1.99724 -13 2820 1 0 1
-9.11189 30.4954 325.556 -2.46463 8.33412 74.6877 4.28228 -13 2821 1 0 1
-12.8089 63.6726 325.556 -2.04651 13.4504 58.4208 0.343803 -13 2822 1 0 1
13.6507 57.5528 325.556 2.37762 15.3082 75.693 2.89535 -13 2823 1 0 1
40.0209 -35.3834 325.556 7.10859 -7.47556 62.5784 0.743737 -13 2824 1 0 1
58.1144 37.0488 325.556 10.1389 7.6269 60.908 2.7929 -13 2825 1 0 1
37.5822 -54.8085 325.556 2.35022 -5.09304 24.3926 3.07661 -13 2826 1 0 1
44.5024 3.54537 325.556 8.87903 0.841915 71.5737 2.63223 -13 2827 1 0 1
-22.7527 -34.6515 325.556 -4.63954 -8.02441 68.6557 2.9752 -13 2828 1 0 1
102.545 52.7146 325.556 16.7128 10.5029 57.4029 -0.265814 -13 2829 1 0 1
45.3655 -53.2581 325.556 8.89991 -13.0538 69.4725 2.01873 -13 2830 1 0 1
-42.5346 9.53183 325.556 -10.7346 3.14294 79.4674 1.5821 -13 2831 1 0 1
6.13117 -9.37746 325.556 1.22607 -1.98346 61.5166 3.42743 -13 2832 1 0 1
-41.0627 -5.78214 325.556 -8.55436 -1.97464 69.2621 1.51066 -13 2833 1 0 1
4.8513 -4.81528 325.556 0.671891 -0.928831 72.0295 0.877079 -13 2834 1 0 1
8.74407 14.4341 325.556 1.53902 3.49701 68.9172 3.47818 -13 2835 1 0 1
-32.5908 12.1786 325.556 -3.85807 1.85061 45.7839 1.37049 -13 2836 1 0 1
-7.47474 52.4297 325.556 -1.42085 11.0169 63.4059 1.78782 -13 2837 1 0 1
23.4891 -6.41191 325.556 4.31266 -1.91922 79.5502 4.13012 -13 2838 1 0 1
2.71464 -1.53138 325.556 0.349638 0.152312 65.9227 0.887503 -13 2839 1 0 1
128.756 -50.6397 325.556 13.0781 -7.309 37.9429 3.55129 -13 2840 1 0 1
33.4219 25.5378 325.556 5.12064 4.87107 51.2357 2.16767 -13 2841 1 0 1
1.38568 1.12899 325.556 0.4552 0.562035 54.9921 1.77463 -13 2842 1 0 1
-56.0155 -17.461 325.556 -9.94268 -3.09769 61.843 3.27129 -13 2843 1 0 1
91.8941 -6.02898 325.556 18.2176 -1.64525 70.2592 4.44637 -13 2844 1 0 1
33.5717 -27.0048 325.556 3.27604 -2.99815 33.3447 3.80831 -13 2845 1 0 1
5.53394 23.7331 325.556 1.06517 6.01255 64.7015 1.64241 -13 2846 1 0 1
14.3741 0.264892 325.556 2.62372 0.0968928 64.9887 2.62059 -13 2847 1 0 1
-32.4955 -15.6929 325.556 -4.25248 -3.0142 49.6806 2.16699 -13 2848 1 0 1
-25.9376 40.9168 325.556 -4.26991 8.57042 58.6472 0.415831 -13 2849 1 0 1
75.2636 11.6852 325.556 9.75468 1.90147 45.9312 1.7868 -13 2850 1 0 1
13.5999 4.43159 325.556 2.36083 1.47483 77.4895 -0.0809959 -13 2851 1 0 1
65.3445 -10.261 325.556 12.2712 -1.89975 66.0793 1.08267 -13 2852 1 0 1
-51.317 -31.9789 325.556 -10.0629 -7.43259 66.7089 3.75601 -13 2853 1 0 1
-13.6414 23.7012 325.556 -3.11966 5.90468 71.3069 -0.0160902 -13 2854 1 0 1
-0.735055 -18.5593 325.556 -0.932183 -5.17948 80.44 2.57481 -13 2855 1 0 1
5.14137 10.903 325.556 0.934074 2.18314 65.4078 1.10613 -13 2857 1 0 1
-0.100421 -13.2267 325.556 0.136631 -2.57413 56.2251 0.962738 -13 2858 1 0 1
47.872 25.317 325.556 7.85211 5.05316 57.0325 2.86987 -13 2859 1 0 1
35.0934 8.39492 325.556 6.3189 1.71595 63.4178 -0.578809 -13 2860 1 0 1
12.2008 31.7813 325.556 2.02756 8.78552 77.9067 3.22273 -13 2861 1 0 1
1.10911 -22.271 325.556 0.33768 -4.83563 61.2225 2.43622 -13 2862 1 0 1
-4.67709 20.7836 325.556 -1.05556 4.71589 67.378 1.08631 -13 2863 1 0 1
16.2833 -37.2495 325.556 2.78866 -7.94119 59.8046 0.870682 -13 2864 1 0 1
27.7104 -13.5141 325.556 3.75859 -2.14911 44.5312 1.04685 -13 2865 1 0 1
-75.2021 38.4731 325.556 -10.2019 7.01859 49.2213 1.43929 -13 2866 1 0 1
-15.406 40.569 325.556 -1.42107 6.12391 40.6325 1.06404 -13 2867 1 0 1
35.3701 -18.9734 325.556 6.64554 -4.0259 65.6307 3.73488 -13 2868 1 0 1
49.3779 31.9527 325.556 8.66364 6.60228 61.0039 2.97772 -13 2869 1 0 1
39.368 -47.4129 325.556 7.38922 -10.8788 66.4915 0.705752 -13 2870 1 0 1
0.511127 13.2921 325.556 0.016086 3.22167 66.9657 1.16156 -13 2871 1 0 1
17.715 44.3377 325.556 3.15198 9.11911 60.9799 2.40612 -13 2872 1 0 1
8.48987 39.6191 325.556 1.47392 8.98864 70.345 -0.132802 -13 2873 1 0 1
21.7173 91.633 325.556 3.35351 16.1982 50.0227 1.76983 -13 2875 1 0 1
-91.5428 -72.0357 325.556 -16.0063 -15.058 60.963 1.44411 -13 2876 1 0 1
-51.9428 18.3713 325.556 -12.4799 4.97461 77.3928 3.72742 -13 2877 1 0 1
2.53713 22.6653 325.556 0.477279 2.60679 32.9183 1.5967 -13 2878 1 0 1
-70.0762 20.1419 325.556 -8.58749 3.37252 45.7586 2.37005 -13 2879 1 0 1
-17.8006 27.7516 325.556 -2.929 6.27925 59.5278 3.16332 -13 2880 1 0 1
35.3061 -43.3759 325.556 6.26879 -9.18111 61.1462 4.39844 -13 2881 1 0 1
0.428073 24.2898 325.556 0.0761039 5.14736 61.0228 2.48749 -13 2882 1 0 1
-33.5068 -36.3034 325.556 -7.35471 -8.87975 71.3975 2.00894 -13 2883 1 0 1
-31.9528 41.9504 325.556 -5.15892 8.6221 58.2239 2.96574 -13 2884 1 0 1
-18.5604 0.143321 325.556 -2.59245 0.302089 53.6691 4.60234 -13 2885 1 0 1
123.738 52.7714 325.556 19.781 10.5661 56.9948 1.07366 -13 2886 1 0 1
-4.54494 -25.5671 325.556 -0.353382 -4.75817 50.2498 0.0721998 -13 2887 1 0 1
61.9712 95.8307 325.556 8.66053 16.7443 49.0983 -0.0587927 -13 2888 1 0 1
-16.5486 -28.5056 325.556 -3.76007 -7.14515 71.4913 0.760202 -13 2889 1 0 1
-22.3312 51.3305 325.556 -3.98221 11.1988 61.7673 0.988731 -13 2890 1 0 1
-10.4289 41.3381 325.556 -2.67901 10.5087 73.9574 3.98576 -13 2891 1 0 1
23.7634 84.1816 325.556 3.73867 15.854 52.6806 2.24511 -13 2892 1 0 1
26.236 4.1794 325.556 1.70271 0.490045 22.8576 2.54696 -13 2893 1 0 1
68.987 12.1859 325.556 11.6355 2.81347 58.7472 3.83743 -13 2894 1 0 1
51.1968 -17.6173 325.556 5.02045 -2.14732 35.3054 3.30698 -13 2895 1 0 1
-34.1293 31.8941 325.556 -5.83098 7.19893 60.8199 1.96324 -13 2896 1 0 1
-7.56031 17.3751 325.556 -1.67608 4.0907 67.7612 2.78041 -13 2897 1 0 1
-11.6409 -49.8096 325.556 -2.00558 -10.8326 61.8292 1.5445 -13 2898 1 0 1
-24.5146 65.7708 325.556 -3.80445 12.5081 56.223 2.00848 -13 2899 1 0 1
71.4061 -57.2866 325.556 13.3319 -12.9444 65.8953 3.45124 -13 2900 1 0 1
-15.8201 -13.5019 325.556 -4.22375 -3.54361 77.0064 1.31051 -13 2901 1 0 1
-16.1593 45.5055 325.556 -3.07 10.7221 64.7818 4.30246 -13 2902 1 0 1
-8.61299 42.1118 325.556 -1.94605 9.84573 68.5466 0.175572 -13 2904 1 0 1
10.5319 -12.8653 325.556 1.8997 -3.38401 72.7979 2.51967 -13 2905 1 0 1
-15.3123 38.9578 325.556 -1.7528 6.4288 46.1694 4.74848 -13 2906 1 0 1
-7.02941 2.2854 325.556 -2.27594 0.44942 78.2095 1.9614 -13 2907 1 0 1
-30.5008 -76.9116 325.556 -4.19154 -14.3672 51.8518 2.40823 -13 2908 1 0 1
-33.1568 15.3852 325.556 -6.23308 3.19366 63.7364 3.71268 -13 2909 1 0 1
-22.7054 10.7907 325.556 -6.2538 3.43998 79.9038 0.970905 -13 2910 1 0 1
-45.4724 38.8962 325.556 -9.37486 9.30467 68.9044 4.83459 -13 2911 1 0 1
29.1972 -21.6363 325.556 4.95817 -4.00972 57.3999 2.07735 -13 2912 1 0 1
11.6355 48.9277 325.556 2.08661 13.0491 75.6317 -0.434012 -13 2913 1 0 1
-67.9811 37.4197 325.556 -9.33967 6.7589 50.0549 2.3292 -13 2914 1 0 1
70.2869 -19.9724 325.556 13.7259 -4.85619 69.2859 2.60573 -13 2915 1 0 1
30.67 -33.411 325.556 5.69739 -7.94758 65.6892 2.22709 -13 2916 1 0 1
-7.98648 16.5781 325.556 -1.40811 3.58961 63.4668 5.21164 -13 2917 1 0 1
33.3522 7.31318 325.556 5.85472 1.83007 60.9232 1.68881 -13 2918 1 0 1
24.3947 22.0844 325.556 4.63759 5.20973 69.3762 2.06438 -13 2919 1 0 1
-27.6122 39.2059 325.556 -5.91793 9.63947 69.7141 2.49199 -13 2920 1 0 1
-19.2669 27.4819 325.556 -4.57017 7.40804 73.3246 2.20019 -13 2921 1 0 1
52.0243 0.652391 325.556 10.052 0.324881 68.7002 2.29844 -13 2922 1 0 1
37.1782 74.8035 325.556 6.72728 16.4694 64.5355 -1.17122 -13 2923 1 0 1
-22.6864 -6.26194 325.556 -4.86431 -1.47075 69.5472 1.50913 -13 2924 1 0 1
-13.0549 39.5932 325.556 -3.06066 10.0463 72.3236 1.31678 -13 2926 1 0 1
72.6522 8.79754 325.556 8.96385 1.41287 43.9717 2.88002 -13 2927 1 0 1
19.7028 74.5221 325.556 3.18753 14.0332 53.9085 0.389926 -13 2928 1 0 1
20.759 10.6081 325.556 2.31569 1.49255 35.4049 3.43513 -13 2929 1 0 1
-54.5753 56.0076 325.556 -11.4619 13.6479 70.132 -0.0580589 -13 2930 1 0 1
-23.3679 65.2693 325.556 -3.7086 13.3823 57.6285 3.17002 -13 2931 1 0 1
-0.544188 -10.994 325.556 0.216491 -2.38167 54.28 0.926084 -13 2932 1 0 1
-45.0899 -2.62563 325.556 -8.38897 -0.21252 64.245 2.35809 -13 2933 1 0 1
25.541 -29.7197 325.556 4.56875 -6.99306 62.6799 3.74592 -13 2934 1 0 1
-12.3777 7.2134 325.556 -2.14744 1.86624 61.0247 1.90393 -13 2935 1 0 1
9.33039 21.5567 325.556 1.62035 5.25087 74.5374 1.03225 -13 2936 1 0 1
-13.3733 0.453985 325.556 -1.64343 0.609314 49.5457 0.369561 -13 2937 1 0 1
67.3061 -12.8738 325.556 8.43238 -1.96048 44.4342 4.24011 -13 2938 1 0 1
12.0646 43.6266 325.556 1.95724 11.9648 78.1936 1.30632 -13 2939 1 0 1
27.7352 25.5401 325.556 5.14837 5.46652 63.3649 1.58224 -13 2940 1 0 1
-112.515 40.4506 325.556 -21.8255 8.91855 66.9051 1.29513 -13 2941 1 0 1
16.9451 9.90727 325.556 2.77487 1.786 55.3533 0.734665 -13 2942 1 0 1
-5.26073 94.1045 325.556 -0.745536 18.1312 55.4411 1.75895 -13 2943 1 0 1
20.6886 1.67866 325.556 3.74045 0.545796 61.8775 3.52536 -13 2944 1 0 1
-22.837 -6.53679 325.556 -3.47789 -2.07064 56.6436 5.59575 -13 2945 1 0 1
165.93 -59.9551 325.556 17.2496 -8.34701 39.1485 2.00677 -13 2946 1 0 1
-27.8495 56.6577 325.556 -4.77316 12.5053 60.254 0.0253612 -13 2947 1 0 1
-4.98967 29.168 325.556 -0.339238 4.73643 46.2377 2.31804 -13 2948 1 0 1
-21.242 -55.1971 325.556 -4.48209 -13.378 68.193 2.56747 -13 2949 1 0 1
-15.052 -28.0565 325.556 -2.06784 -5.0075 55.2962 1.59455 -13 2950 1 0 1
6.87448 5.61965 325.556 1.34214 0.395192 56.6158 1.4382 -13 2951 1 0 1
-27.9524 12.1931 325.556 -5.08899 2.80377 63.4325 2.25017 -13 2952 1 0 1
-4.38095 23.9357 325.556 -0.936876 5.60185 67.6 1.90851 -13 2953 1 0 1
-3.00966 -11.0903 325.556 -0.263054 -2.75475 57.4044 0.386278 -13 2955 1 0 1
-13.6003 15.488 325.556 -2.9936 3.50157 70.8707 1.46257 -13 2956 1 0 1
-15.9183 17.9107 325.556 -3.52174 4.65753 69.7591 3.14054 -13 2957 1 0 1
40.9545 72.772 325.556 6.75666 14.2103 57.8709 3.7271 -13 2958 1 0 1
36.0331 -18.7246 325.556 7.50796 -5.08774 77.7265 0.65683 -13 2959 1 0 1
-13.9016 45.7759 325.556 -2.64667 9.79585 64.5842 2.46599 -13 2960 1 0 1
43.4709 -70.0343 325.556 7.90969 -15.2814 63.0147 4.40249 -13 2961 1 0 1
83.9658 -45.3931 325.556 3.25998 -3.22011 17.8528 5.97923 -13 2963 1 0 1
-63.4685 -122.481 325.556 -6.95502 -18.2743 41.2671 1.77135 -13 2964 1 0 1
53.4323 -69.4139 325.556 5.9257 -10.0578 40.8176 4.87752 -13 2965 1 0 1
31.1701 8.7843 325.556 5.9576 1.94782 68.0025 0.190665 -13 2966 1 0 1
-12.3839 -154.94 325.556 -2.01865 -31.1625 55.4963 2.14604 -13 2967 1 0 1
-4.09822 -32.3782 325.556 -1.16135 -7.45748 71.4929 3.16957 -13 2968 1 0 1
-38.4321 -29.2333 325.556 -7.77788 -6.96469 68.3376 3.50383 -13 2969 1 0 1
72.3639 -35.9229 325.556 13.5347 -8.19716 65.9974 1.48416 -13 2970 1 0 1
-28.869 -28.001 325.556 -6.53847 -7.20141 73.0394 0.739019 -13 2971 1 0 1
24.1072 -8.16167 325.556 4.69724 -2.02905 69.6798 3.21976 -13 2972 1 0 1
-23.9736 -5.41084 325.556 -6.60705 -1.54967 78.5682 2.65906 -13 2973 1 0 1
-21.599 -28.5164 325.556 -4.52102 -7.48889 68.8875 2.51592 -13 2975 1 0 1
0.668337 -36.7475 325.556 0.0336155 -8.35297 64.4211 2.75234 -13 2976 1 0 1
49.9139 -62.9871 325.556 9.01842 -14.0371 62.6571 2.92664 -13 2977 1 0 1
-29.8929 43.4086 325.556 -4.07235 7.46267 51.5902 3.91754 -13 2978 1 0 1
22.7205 -65.4592 325.556 3.93572 -13.2416 59.1291 1.28759 -13 2979 1 0 1
-36.3103 23.5271 325.556 -5.24635 4.37329 52.8318 1.82566 -13 2980 1 0 1
22.6885 -4.0273 325.556 3.87629 -1.04781 56.2724 4.51919 -13 2981 1 0 1
10.8886 -5.93213 325.556 1.99757 -1.32988 67.2715 0.756701 -13 2982 1 0 1
13.5465 20.2728 325.556 2.42905 4.38174 62.4888 0.557873 -13 2983 1 0 1
-60.0971 -2.70018 325.556 -13.7533 -0.287543 75.4527 2.67753 -13 2984 1 0 1
21.3259 -31.946 325.556 3.22393 -5.6288 48.94 1.61214 -13 2985 1 0 1
61.0654 12.2187 325.556 9.77837 2.62919 55.4933 3.18562 -13 2986 1 0 1
-36.2301 56.7575 325.556 -8.30565 14.586 73.7455 1.47202 -13 2987 1 0 1
77.4133 -66.821 325.556 11.1182 -11.4024 50.0701 2.7581 -13 2988 1 0 1
26.94 -3.02592 325.556 5.21107 -0.766517 68.8712 1.32552 -13 2989 1 0 1
-35.0621 -24.4605 325.556 -6.39753 -5.64275 63.5336 1.1838 -13 2990 1 0 1
5.68711 1.28183 325.556 0.868318 0.109936 71.8034 1.88812 -13 2991 1 0 1
-47.212 0.345153 325.556 -10.1331 0.597102 71.1007 1.65911 -13 2992 1 0 1
-20.7311 -1.3188 325.556 -4.92647 -0.51336 74.3795 0.385139 -13 2993 1 0 1
-13.1205 22.1776 325.556 -2.29612 4.545 62.8989 3.01356 -13 2994 1 0 1
-0.059385 -33.6865 325.556 -0.709241 -8.80193 77.0162 0.710839 -13 2995 1 0 1
0.395474 -39.8018 325.556 0.163062 -7.85876 58.4324 1.14429 -13 2996 1 0 1
-55.1101 -3.34245 325.556 -11.6301 -0.826986 70.7772 0.657742 -13 2998 1 0 1
4.06154 15.8307 325.556 0.693914 3.53865 65.981 1.72489 -13 2999 1 0 1
6.5783 13.9727 325.556 0.972696 3.34458 73.7292 3.82144 -13 3000 1 0 1
-11.4385 -5.47413 325.556 -2.39232 -1.91561 68.0024 2.08216 -13 3001 1 0 1
-65.1574 39.6112 325.556 -15.4708 10.3985 77.313 2.49163 -13 3002 1 0 1
-125.807 62.8929 325.556 -12.6321 8.65757 38.6848 2.60664 -13 3003 1 0 1
-28.8872 81.817 325.556 -5.69574 18.6144 64.9808 3.68034 -13 3004 1 0 1
11.4041 -1.04162 325.556 2.12566 -0.115172 67.8908 1.16164 -13 3005 1 0 1
-32.1266 25.1413 325.556 -6.27619 5.98041 66.1997 3.88217 -13 3006 1 0 1
-65.3874 22.7626 325.556 -13.6151 5.88187 70.0609 1.18235 -13 3007 1 0 1
86.7872 -25.7362 325.556 12.3002 -4.77987 50.0628 1.40665 -13 3008 1 0 1
-10.7305 4.32445 325.556 -2.6146 1.19142 72.9026 -0.265645 -13 3009 1 0 1
13.1287 66.983 325.556 2.22229 13.2829 54.9957 2.47803 -13 3010 1 0 1
5.40033 7.30183 325.556 0.94915 1.73694 63.2023 0.13698 -13 3011 1 0 1
-2.11772 -72.1408 325.556 -0.250849 -13.6669 54.6431 4.94855 -13 3012 1 0 1
52.3946 -46.9866 325.556 8.50408 -9.08032 56.3932 2.47533 -13 3013 1 0 1
10.4833 -17.5281 325.556 1.83805 -4.3273 74.0339 1.03641 -13 3014 1 0 1
49.8239 -50.0133 325.556 10.2258 -12.343 74.6133 3.40888 -13 3015 1 0 1
-29.4097 -32.814 325.556 -4.01869 -5.70587 51.6815 3.9315 -13 3016 1 0 1
-17.1166 14.9826 325.556 -3.91504 3.1623 70.9989 1.59372 -13 3017 1 0 1
-27.0158 62.0763 325.556 -4.34107 12.6692 57.2397 4.52653 -13 3018 1 0 1
41.5024 2.99389 325.556 8.13758 0.69579 70.1302 3.72394 -13 3020 1 0 1
27.817 27.0553 325.556 5.3458 7.17618 68.4683 1.28368 -13 3021 1 0 1
30.4065 15.2538 325.556 5.00378 2.79021 56.3444 1.46067 -13 3022 1 0 1
-1.52865 47.9513 325.556 -0.204048 9.70498 61.1871 1.91976 -13 3023 1 0 1
39.3505 8.94834 325.556 4.11455 1.10693 36.1115 5.4553 -13 3024 1 0 1
36.2498 -58.2342 325.556 3.70256 -7.88632 36.1889 4.15359 -13 3025 1 0 1
25.774 40.5911 325.556 4.60825 8.9592 61.0128 0.992051 -13 3026 1 0 1
-58.2254 44.8346 325.556 -11.0879 10.0329 64.9465 3.72844 -13 3027 1 0 1
-25.1858 39.4623 325.556 -2.5786 5.7885 41.6071 0.19507 -13 3028 1 0 1
58.3603 -50.1745 325.556 11.11 -11.9061 67.2618 0.797796 -13 3029 1 0 1
7.10803 36.5297 325.556 1.20406 6.28156 50.6835 2.62867 -13 3030 1 0 1
89.2146 -65.2251 325.556 10.2325 -9.33107 41.077 2.83931 -13 3031 1 0 1
-35.4918 14.8306 325.556 -6.74064 3.09535 65.7552 2.28968 -13 3032 1 0 1
-28.3394 -38.2776 325.556 -5.2748 -8.3074 64.2954 -0.749075 -13 3033 1 0 1
66.2294 -61.0453 325.556 9.73867 -10.8772 51.6583 2.82064 -13 3034 1 0 1
11.3005 1.86796 325.556 2.0832 0.373285 63.5806 5.03188 -13 3035 1 0 1
-56.5992 -52.7961 325.556 -9.9513 -11.1321 61.3895 2.29045 -13 3036 1 0 1
-22.0539 -4.5957 325.556 -4.14863 -0.813569 64.3523 3.19853 -13 3037 1 0 1
-16.0778 -17.0457 325.556 -3.02067 -3.40174 64.8222 1.98265 -13 3038 1 0 1
11.5888 40.8554 325.556 2.10905 8.34322 60.4688 1.44237 -13 3039 1 0 1
18.1468 3.18901 325.556 3.35906 -0.21916 66.3423 1.63846 -13 3040 1 0 1
48.9679 15.3371 325.556 6.96417 2.74491 49.6078 1.84801 -13 3041 1 0 1
-42.4391 -16.2301 325.556 -10.9146 -4.6473 80.3841 2.24192 -13 3042 1 0 1
48.9183 7.56593 325.556 8.24657 2.12079 58.9989 2.1198 -13 3043 1 0 1
-16.7977 -69.7812 325.556 -2.5998 -13.732 57.6996 2.63063 -13 3044 1 0 1
57.674 -69.6523 325.556 10.3218 -14.9311 62.6813 0.294811 -13 3045 1 0 1
-4.33376 -35.1959 325.556 -1.47379 -8.9828 74.8796 0.265945 -13 3046 1 0 1
11.111 -28.1263 325.556 2.10495 -5.7257 61.4735 2.0906 -13 3047 1 0 1
28.5019 -32.0919 325.556 5.17704 -6.26243 61.6853 1.93742 -13 3048 1 0 1
4.70114 96.1474 325.556 0.509355 8.2234 21.1427 4.55243 -13 3049 1 0 1
13.6433 18.0634 325.556 2.48904 4.19757 76.199 0.347583 -13 3050 1 0 1
1.47864 -24.8269 325.556 0.43411 -5.23795 60.5379 1.58748 -13 3051 1 0 1
7.0125 12.6214 325.556 1.15511 3.76563 71.9084 0.732475 -13 3052 1 0 1
59.5012 10.5218 325.556 10.2652 2.1096 59.9512 1.39392 -13 3053 1 0 1
12.7369 48.7911 325.556 2.18858 11.4915 65.8054 2.14019 -13 3054 1 0 1
8.48373 18.7252 325.556 1.54104 3.82602 64.992 4.03216 -13 3055 1 0 1
-85.6531 -84.2959 325.556 -13.8406 -16.9387 56.9519 1.61402 -13 3056 1 0 1
-31.0788 -42.693 325.556 -6.5346 -9.96731 69.1093 0.723262 -13 3057 1 0 1
19.3074 15.3958 325.556 3.28839 2.93667 55.8694 1.84701 -13 3058 1 0 1
10.0731 -22.6342 325.556 1.78641 -5.65576 65.5732 1.98261 -13 3059 1 0 1
-44.4371 -5.11281 325.556 -6.03762 -0.673585 50.7242 2.75498 -13 3060 1 0 1
4.95355 23.183 325.556 0.902847 5.21695 63.3611 3.82872 -13 3061 1 0 1
28.3361 46.7266 325.556 1.35394 3.4996 18.3397 6.39395 -13 3062 1 0 1
-20.0623 -21.6014 325.556 -4.19017 -5.3103 68.7539 1.42908 -13 3063 1 0 1
5.99088 -97.3668 325.556 0.898188 -23.4157 68.6531 1.16662 -13 3064 1 0 1
16.4256 72.6166 325.556 2.99002 16.1589 65.444 4.3548 -13 3065 1 0 1
-1.3462 -17.6886 325.556 -0.294788 -4.3289 63.9793 3.77212 -13 3066 1 0 1
-43.0097 24.8704 325.556 -8.96879 6.11486 69.6921 3.57927 -13 3067 1 0 1
-40.0756 -11.4369 325.556 -6.85155 -2.52723 60.2514 3.49544 -13 3068 1 0 1
71.8998 -48.1905 325.556 8.4393 -7.76926 42.411 3.51033 -13 3069 1 0 1
-35.5483 27.0814 325.556 -7.0123 6.59925 66.6596 3.42398 -13 3070 1 0 1
81.8936 -28.2983 325.556 3.56896 -2.22566 19.1786 6.37009 -13 3071 1 0 1
-45.7052 15.3144 325.556 -11.48 3.66829 79.3127 2.15029 -13 3072 1 0 1
-80.8505 30.9419 325.556 -15.7009 6.9757 66.4065 0.884615 -13 3073 1 0 1
22.2377 49.4348 325.556 4.18472 11.7848 68.6183 1.97141 -13 3074 1 0 1
-9.97525 20.0961 325.556 -2.85962 5.65554 77.6263 2.47862 -13 3075 1 0 1
-0.894259 34.2591 325.556 -0.614424 8.60809 73.2707 2.05578 -13 3076 1 0 1
9.80115 -23.2553 325.556 1.55262 -6.45376 77.3647 1.91371 -13 3077 1 0 1
64.2958 56.5716 325.556 8.26039 9.08774 45.6084 1.63479 -13 3078 1 0 1
9.12609 42.5148 325.556 1.44785 11.1011 74.2698 0.073031 -13 3079 1 0 1
39.4439 38.3284 325.556 6.88681 8.06547 60.4874 0.603679 -13 3080 1 0 1
-25.9738 -46.8154 325.556 -4.1459 -9.49845 58.3103 3.16623 -13 3081 1 0 1
9.27228 -51.1353 325.556 1.56186 -12.0234 66.8996 2.54875 -13 3082 1 0 1
46.7658 -5.2203 325.556 8.34316 -1.15423 61.3686 0.49598 -13 3083 1 0 1
0.582451 -16.4489 325.556 -0.0225432 -3.84971 69.2284 1.97192 -13 3084 1 0 1
21.8816 -24.7709 325.556 4.00494 -5.89294 67.1253 1.48802 -13 3085 1 0 1
-36.3646 4.4345 325.556 -4.30319 0.950332 45.2149 2.65907 -13 3086 1 0 1
22.8607 -40.4767 325.556 4.20612 -9.72227 68.6398 2.26752 -13 3087 1 0 1
-18.8555 -115.502 325.556 -2.5348 -20.8532 50.6762 1.60737 -13 3088 1 0 1
-2.74009 37.4322 325.556 -0.726174 9.23224 68.624 2.27829 -13 3089 1 0 1
-48.6551 0.992522 325.556 -7.91767 0.523707 58.3426 2.85666 -13 3090 1 0 1
7.90175 -74.3117 325.556 1.13821 -19.2489 74.1106 1.08161 -13 3091 1 0 1
-11.7415 67.9123 325.556 -2.83193 16.801 70.8283 2.13979 -13 3092 1 0 1
35.0094 47.9836 325.556 4.83395 8.10653 47.0526 2.82444 -13 3093 1 0 1
-35.9305 -27.7137 325.556 -7.21653 -6.46036 67.8345 0.682905 -13 3094 1 0 1
21.3736 23.1176 325.556 4.0851 5.31169 72.4757 4.12109 -13 3095 1 0 1
16.334 -70.4184 325.556 2.94112 -16.6746 69.1019 1.29778 -13 3096 1 0 1
53.2353 69.6548 325.556 10.7595 18.1552 73.0726 1.6299 -13 3097 1 0 1
-0.0997477 -30.9002 325.556 -0.194552 -7.19825 70.0524 -0.360151 -13 3099 1 0 1
7.25311 2.17421 325.556 1.33457 0.426901 57.7148 1.95503 -13 3100 1 0 1
-13.274 29.6087 325.556 -2.83333 7.0052 69.2891 3.25418 -13 3101 1 0 1
26.364 30.8381 325.556 4.66082 6.50705 61.0026 1.51033 -13 3102 1 0 1
-41.6588 -56.0868 325.556 -8.73232 -13.7011 69.6606 2.69487 -13 3103 1 0 1
-6.27574 -15.054 325.556 -0.850782 -3.26208 57.0771 3.42003 -13 3104 1 0 1
-22.3087 -13.557 325.556 -5.21589 -3.40629 73.3829 1.85926 -13 3105 1 0 1
24.1932 9.33603 325.556 4.77484 2.68685 75.4037 2.12012 -13 3106 1 0 1
-14.921 29.965 325.556 -3.75987 8.08336 74.8726 3.31984 -13 3107 1 0 1
-8.55772 36.8935 325.556 -1.43213 8.21856 62.2366 1.87444 -13 3108 1 0 1
-9.46656 -1.48688 325.556 -0.852965 -0.00381692 44.7329 3.27981 -13 3109 1 0 1
-31.7794 15.3759 325.556 -6.02305 3.38965 65.8738 2.0914 -13 3110 1 0 1
90.9428 -100.961 325.556 9.47408 -14.1291 38.0341 3.45935 -13 3111 1 0 1
-35.5759 -22.9882 325.556 -8.36036 -5.88144 75.5271 2.09099 -13 3112 1 0 1
16.9492 -46.5338 325.556 3.13334 -12.167 74.7271 2.69787 -13 3113 1 0 1
-18.2154 50.5168 325.556 -3.08417 10.8287 62.0756 1.17874 -13 3114 1 0 1
-4.94928 -12.317 325.556 -1.84358 -2.97764 77.4801 2.60685 -13 3115 1 0 1
2.40205 -3.49414 325.556 -0.0428255 -0.804935 77.1963 1.0993 -13 3116 1 0 1
-29.986 53.8965 325.556 -7.20239 14.1122 75.6078 1.53467 -13 3117 1 0 1
-38.2206 3.19844 325.556 -8.72064 0.157525 74.1698 1.29266 -13 3118 1 0 1
-23.7071 -25.4161 325.556 -5.41906 -6.64988 72.4991 2.49599 -13 3119 1 0 1
-32.8632 -22.4462 325.556 -7.35304 -5.80155 72.6423 -0.467607 -13 3120 1 0 1
-47.9966 -130.716 325.556 -1.94472 -10.7301 19.479 4.53511 -13 3121 1 0 1
-15.8747 -30.1446 325.556 -4.28038 -7.99799 77.0956 1.79313 -13 3122 1 0 1
-9.88749 -204.51 325.556 -1.51763 -37.5996 50.6317 -0.132829 -13 3123 1 0 1
-50.0233 -1.38443 325.556 -9.231 -1.07072 64.07 2.5496 -13 3124 1 0 1
-20.9758 -41.3797 325.556 -4.10207 -9.18902 65.6372 3.38353 -13 3125 1 0 1
82.1447 39.6757 325.556 13.5954 7.80756 58.4768 4.09072 -13 3126 1 0 1
-1.64678 1.05755 325.556 -0.141206 0.0485479 58.64 3.42208 -13 3127 1 0 1
13.851 -0.26657 325.556 2.58003 -0.316459 70.5326 4.03735 -13 3128 1 0 1
20.8734 62.7639 325.556 1.65546 6.48865 28.0255 6.89947 -13 3129 1 0 1
23.73 32.3486 325.556 4.4532 7.49695 67.1388 4.00469 -13 3130 1 0 1
-8.58052 30.7604 325.556 -1.47648 6.95538 63.043 1.32459 -13 3131 1 0 1
-36.7112 -44.8883 325.556 -7.47883 -10.5033 68.0937 2.29539 -13 3132 1 0 1
8.26274 -71.7258 325.556 1.46331 -13.3017 53.5699 2.88483 -13 3133 1 0 1
65.5266 -75.6012 325.556 9.94251 -14.1308 53.0428 3.80301 -13 3134 1 0 1
66.4414 -30.54 325.556 9.60604 -5.20277 50.5551 2.20958 -13 3135 1 0 1
11.7618 7.57495 325.556 2.08505 1.54139 54.7945 3.15551 -13 3136 1 0 1
22.0851 -135.023 325.556 2.65373 -20.2734 40.5945 4.15214 -13 3137 1 0 1
57.424 4.28255 325.556 7.29504 1.01064 44.8465 3.66373 -13 3138 1 0 1
41.984 22.4441 325.556 7.27397 4.73069 60.1219 1.78262 -13 3139 1 0 1
59.2442 -46.0793 325.556 11.4257 -10.5121 68.1072 2.12675 -13 3140 1 0 1
60.0379 5.94514 325.556 10.6137 1.57416 61.2744 -0.25058 -13 3141 1 0 1
-2.23483 1.19662 325.556 -1.12893 0.862384 77.4574 3.16136 -13 3142 1 0 1
7.60078 64.9047 325.556 1.30364 13.6977 59.898 3.4275 -13 3143 1 0 1
30.0901 57.0822 325.556 5.06529 11.0863 57.2015 1.52137 -13 3144 1 0 1
9.84158 59.3921 325.556 1.73103 13.8768 67.7756 2.86485 -13 3146 1 0 1
-67.7607 -3.31309 325.556 -15.29 -0.313327 74.4595 -0.230145 -13 3147 1 0 1
4.62127 36.3126 325.556 0.594164 8.27634 67.0892 3.04958 -13 3148 1 0 1
-11.0327 -124.414 325.556 -0.73118 -15.6788 33.5285 4.84871 -13 3149 1 0 1
-6.77373 44.593 325.556 -1.89879 10.8781 72.9216 1.5694 -13 3150 1 0 1
-8.55843 -74.6207 325.556 -1.49796 -16.0841 62.1423 2.74259 -13 3151 1 0 1
-73.0651 37.46 325.556 -13.6431 7.86355 64.4178 3.55271 -13 3152 1 0 1
-4.2245 -19.2361 325.556 -1.38372 -5.0116 75.1816 -0.425435 -13 3153 1 0 1
-44.3666 6.24081 325.556 -10.8895 1.68646 78.2547 1.77573 -13 3154 1 0 1
62.728 -7.35045 325.556 11.0561 -1.69025 60.9151 0.489293 -13 3155 1 0 1
-26.9499 -0.0640734 325.556 -6.25566 0.152254 73.2539 4.19733 -13 3156 1 0 1
72.2078 -32.6315 325.556 10.1248 -5.98503 49.1912 1.22038 -13 3157 1 0 1
67.8621 -3.41779 325.556 12.8867 -0.743252 66.4031 2.69681 -13 3158 1 0 1
-9.21713 -60.668 325.556 -1.87789 -14.1667 65.6663 3.09421 -13 3160 1 0 1
-5.9335 -93.5649 325.556 -0.822952 -18.7572 56.8261 3.68754 -13 3161 1 0 1
-40.3051 14.331 325.556 -10.3848 3.58919 79.8657 2.98355 -13 3162 1 0 1
3.17313 -1.08252 325.556 0.101098 -0.0414787 76.9961 1.76209 -13 3163 1 0 1
30.0671 31.8234 325.556 5.28008 7.13724 60.2192 1.32884 -13 3164 1 0 1
41.5059 62.3163 325.556 7.12722 12.6131 58.7239 4.42702 -13 3165 1 0 1
17.1456 -2.48174 325.556 3.21436 -0.433435 63.1543 2.04812 -13 3166 1 0 1
-10.3182 8.67225 325.556 -3.24724 1.78733 80.5638 3.58763 -13 3167 1 0 1
49.3365 16.0453 325.556 8.35933 3.81172 58.1042 3.45765 -13 3168 1 0 1
58.0583 -6.25481 325.556 10.8814 -1.47914 65.8088 2.4699 -13 3169 1 0 1
-26.387 15.3712 325.556 -4.48222 3.39764 60.5358 -0.3276 -13 3170 1 0 1
36.3069 26.1189 325.556 6.35463 5.83352 60.8828 1.65544 -13 3171 1 0 1
-24.909 -34.735 325.556 -4.39723 -7.62895 62.0128 0.357632 -13 3172 1 0 1
75.1095 -10.3691 325.556 9.50862 -1.84032 44.1508 3.9914 -13 3173 1 0 1
-13.2259 4.11838 325.556 -3.10417 0.736898 72.4208 1.97446 -13 3174 1 0 1
18.6714 34.2836 325.556 3.54862 7.99458 66.7399 -0.682547 -13 3175 1 0 1
11.4299 -0.935808 325.556 1.95256 -0.546031 73.7386 2.51374 -13 3176 1 0 1
-40.0199 -4.08391 325.556 -7.04721 -0.935951 61.9633 1.13883 -13 3177 1 0 1
-22.4834 -57.37 325.556 -5.23938 -14.6662 73.0048 0.183468 -13 3178 1 0 1
-14.9593 -56.6704 325.556 -4.13733 -15.2906 77.9221 1.86153 -13 3179 1 0 1
-28.2111 -9.13875 325.556 -7.44401 -3.03665 79.1167 1.52295 -13 3180 1 0 1
-26.8959 41.5617 325.556 -7.14323 10.9765 79.223 3.20797 -13 3181 1 0 1
34.2933 22.5829 325.556 4.24931 3.47841 42.0034 4.71737 -13 3182 1 0 1
-10.9086 -18.9286 325.556 -3.01629 -5.1375 76.4296 0.768782 -13 3183 1 0 1
68.6448 -11.2939 325.556 4.90009 -1.13027 27.5841 5.02382 -13 3184 1 0 1
-50.2146 -7.62842 325.556 -10.4719 -1.85404 69.6138 -0.46912 -13 3185 1 0 1
61.0575 15.0859 325.556 11.3424 3.31654 65.5741 4.11114 -13 3186 1 0 1
-2.49695 -6.51212 325.556 -0.148744 -1.12001 54.894 3.1463 -13 3187 1 0 1
-43.6623 25.1178 325.556 -6.9489 4.8444 57.0346 2.83067 -13 3188 1 0 1
-22.8402 -37.4893 325.556 -5.7116 -9.79062 76.5865 2.23695 -13 3189 1 0 1
-32.833 -38.2062 325.556 -8.40952 -9.97541 78.5591 2.57294 -13 3190 1 0 1
-15.635 -32.0878 325.556 -1.58516 -5.0464 44.0438 3.24145 -13 3191 1 0 1
39.0316 -0.597899 325.556 7.65895 0.566962 69.916 1.23552 -13 3192 1 0 1
3.60725 -19.0722 325.556 0.711379 -3.95097 59.6075 1.52475 -13 3193 1 0 1
-109.888 -82.7215 325.556 -18.7809 -16.8675 59.8657 2.44506 -13 3194 1 0 1
-33.1142 28.3708 325.556 -5.71789 6.03545 60.6501 1.77164 -13 3195 1 0 1
-8.09186 23.5498 325.556 -2.45298 6.18277 77.1559 1.26332 -13 3196 1 0 1
-30.8958 -70.6404 325.556 -5.02322 -14.4198 57.8023 2.68276 -13 3197 1 0 1
-21.9789 14.9951 325.556 -5.13708 4.40126 73.2118 1.25707 -13 3198 1 0 1
12.6415 -53.1723 325.556 2.27388 -11.6028 65.8159 0.634239 -13 3199 1 0 1
0.699821 -33.418 325.556 0.320885 -5.30196 46.5305 3.55689 -13 3200 1 0 1
9.71997 -31.8406 325.556 1.7315 -6.49234 56.6904 1.58085 -13 3201 1 0 1
25.1102 -50.9134 325.556 4.20261 -10.0893 56.2912 1.77225 -13 3202 1 0 1
-14.0038 -26.3814 325.556 -1.53807 -4.36947 47.8969 0.781686 -13 3203 1 0 1
-27.0156 -12.778 325.556 -3.81192 -2.62572 52.3683 3.06499 -13 3204 1 0 1
30.5714 18.6088 325.556 5.43552 3.79884 60.747 2.2007 -13 3205 1 0 1
-43.366 10.64 325.556 -8.77708 2.50702 68.8612 2.59308 -13 3206 1 0 1
-38.9225 -55.3198 325.556 -9.62358 -14.7793 77.6506 0.2196 -13 3207 1 0 1
-33.5238 16.4495 325.556 -4.59191 3.27259 51.3957 1.54446 -13 3208 1 0 1
8.61937 -70.7853 325.556 1.16538 -10.1689 38.3247 4.5853 -13 3209 1 0 1
19.4515 -14.1308 325.556 3.44122 -3.31684 60.5139 2.95209 -13 3211 1 0 1
-75.8183 -14.5332 325.556 -16.4562 -3.77275 72.7121 -1.2172 -13 3212 1 0 1
13.5458 -60.3771 325.556 2.46382 -14.0228 69.9716 2.17046 -13 3213 1 0 1
-7.36468 -18.9679 325.556 -1.40427 -4.55147 66.2101 1.42446 -13 3214 1 0 1
-38.6138 81.3011 325.556 -8.5157 19.957 71.1992 2.20414 -13 3215 1 0 1
14.6546 11.7412 325.556 2.45586 1.91238 53.1153 3.20722 -13 3216 1 0 1
-49.577 10.5293 325.556 -11.5973 3.07378 75.9938 2.02899 -13 3217 1 0 1
2.05633 -84.7842 325.556 0.469526 -16.7339 55.4775 3.09072 -13 3218 1 0 1
83.7256 94.3385 325.556 11.3465 16.0569 47.585 3.33468 -13 3219 1 0 1
3.39501 42.0283 325.556 0.614738 10.2535 66.703 -0.0579017 -13 3220 1 0 1
-32.0272 -17.709 325.556 -5.45502 -3.53137 59.8488 1.57666 -13 3221 1 0 1
-1.29313 -7.40378 325.556 -0.530569 -2.10459 69.8913 1.78248 -13 3222 1 0 1
-14.9726 13.1931 325.556 -3.16164 3.34737 68.8191 2.18764 -13 3223 1 0 1
-21.1197 11.2683 325.556 -4.03086 2.05922 65.5922 2.21471 -13 3224 1 0 1
-34.7851 -41.392 325.556 -6.39681 -9.3692 63.7483 3.91199 -13 3225 1 0 1
-32.5239 -18.6486 325.556 -4.93735 -3.74696 55.4406 2.24442 -13 3226 1 0 1
56.6242 -4.47943 325.556 7.21682 -0.585362 44.29 0.99586 -13 3227 1 0 1
60.8625 10.5394 325.556 11.4299 2.45528 66.0884 1.85773 -13 3228 1 0 1
-11.9708 71.6438 325.556 -2.77382 16.9043 68.9278 0.0344592 -13 3229 1 0 1
23.1315 27.8939 325.556 3.76308 5.35163 55.7276 0.102291 -13 3230 1 0 1
47.5979 -9.39855 325.556 9.43458 -2.05585 70.1265 1.8711 -13 3231 1 0 1
13.2413 -0.166483 325.556 1.67445 -0.136241 35.5645 4.68493 -13 3232 1 0 1
16.3467 -36.8958 325.556 2.60236 -6.68552 52.2716 1.31654 -13 3233 1 0 1
-36.6423 1.99807 325.556 -7.95137 0.399723 71.4125 3.9555 -13 3234 1 0 1
92.742 -20.8906 325.556 17.7964 -5.18389 68.378 1.12719 -13 3235 1 0 1
-20.468 -22.6084 325.556 -3.3244 -4.86044 59.3272 3.46242 -13 3236 1 0 1
25.4902 38.4734 325.556 4.71167 8.92759 66.0969 2.2773 -13 3237 1 0 1
45.2117 64.9031 325.556 6.81654 12.2261 52.767 2.71057 -13 3238 1 0 1
-19.8401 18.1383 325.556 -3.37166 3.66563 60.0377 2.03263 -13 3239 1 0 1
-25.9546 -77.6345 325.556 -5.27372 -17.3679 67.7925 1.29469 -13 3240 1 0 1
-38.416 -70.2246 325.556 -6.4867 -14.2725 58.8793 2.84195 -13 3241 1 0 1
-43.8434 14.9162 325.556 -9.96868 3.37408 74.7379 1.56499 -13 3242 1 0 1
45.0641 25.8219 325.556 7.90713 5.72251 60.8934 2.59662 -13 3243 1 0 1
-32.3775 -30.5906 325.556 -5.89959 -6.497 63.4391 1.72392 -13 3244 1 0 1
0.870313 -36.9112 325.556 -0.291195 -8.9449 74.6293 1.58698 -13 3246 1 0 1
20.9868 -79.0261 325.556 3.1816 -13.9716 48.7678 3.3673 -13 3247 1 0 1
10.1128 -46.149 325.556 1.62865 -11.5448 72.3821 2.01266 -13 3248 1 0 1
-15.5549 67.996 325.556 -2.31082 13.3465 55.8027 3.55679 -13 3249 1 0 1
-33.9148 -2.19424 325.556 -8.04457 -0.216061 75.5622 1.30683 -13 3250 1 0 1
-66.8253 69.2799 325.556 -0.157698 2.86497 8.06827 14.8306 -13 3251 1 0 1
-12.3083 -43.6016 325.556 -2.73907 -10.6496 69.7516 2.88707 -13 3252 1 0 1
-71.7322 -22.4564 325.556 -11.2778 -4.19854 56.0891 2.41803 -13 3253 1 0 1
18.1004 -13.8798 325.556 3.32265 -3.02693 67.495 2.29379 -13 3254 1 0 1
13.8969 -20.0185 325.556 2.56701 -4.33382 66.0912 4.80396 -13 3255 1 0 1
86.4874 -53.2889 325.556 14.0032 -10.5717 57.0093 0.423858 -13 3256 1 0 1
33.4217 3.85924 325.556 6.66487 0.999721 72.0177 0.052127 -13 3257 1 0 1
54.2751 4.236 325.556 8.75366 0.612263 56.2448 2.27309 -13 3258 1 0 1
-13.3943 24.9825 325.556 -2.79877 5.51262 67.7363 1.45213 -13 3259 1 0 1
-11.4762 2.69543 325.556 -0.911223 0.676621 36.97 5.24779 -13 3260 1 0 1
5.32096 -86.0871 325.556 1.11666 -17.2396 57.0533 3.40166 -13 3261 1 0 1
-13.3379 -6.55612 325.556 -3.29852 -1.48559 73.2113 4.46205 -13 3262 1 0 1
-6.49914 -15.3316 325.556 -1.34251 -3.43526 65.6264 0.904836 -13 3263 1 0 1
22.9701 33.5941 325.556 4.34412 8.31599 70.6144 2.08623 -13 3264 1 0 1
79.0982 30.0188 325.556 13.8497 6.41682 61.0665 2.28431 -13 3265 1 0 1
-70.0146 6.49336 325.556 -12.4031 0.997431 61.9621 2.66084 -13 3266 1 0 1
-25.9532 36.7473 325.556 -5.49163 9.39465 69.2282 0.0598567 -13 3267 1 0 1
62.755 -83.0405 325.556 7.92029 -12.8003 44.0188 4.26297 -13 3268 1 0 1
-20.3009 -18.8554 325.556 -4.10238 -4.33921 67.4846 2.84174 -13 3269 1 0 1
8.35214 -55.3555 325.556 1.39133 -10.2288 52.7227 2.8675 -13 3270 1 0 1
18.8623 -42.5472 325.556 3.0751 -8.26447 53.7114 3.13625 -13 3271 1 0 1
-7.93744 -9.96585 325.556 -1.20673 -2.20868 58.123 1.9047 -13 3272 1 0 1
37.476 -36.2645 325.556 7.22468 -7.83156 68.0432 2.78988 -13 3273 1 0 1
13.5361 -13.9907 325.556 2.45641 -2.98003 61.4619 3.36424 -13 3274 1 0 1
-31.802 -68.169 325.556 -3.71265 -11.1397 46.0513 1.0323 -13 3275 1 0 1
-18.182 -52.4417 325.556 -3.211 -11.5909 61.8691 3.0255 -13 3276 1 0 1
-15.5944 13.798 325.556 -3.23353 3.43576 66.6952 0.816256 -13 3277 1 0 1
25.9401 11.5908 325.556 4.10513 1.83162 52.1532 -0.0938524 -13 3278 1 0 1
-3.28939 -1.29336 325.556 -0.606994 -0.0572062 62.8365 -0.522854 -13 3279 1 0 1
13.2096 -14.5491 325.556 2.43208 -3.38335 69.4988 1.70852 -13 3280 1 0 1
7.65113 -9.59071 325.556 1.48941 -1.5052 55.2757 2.37172 -13 3281 1 0 1
-25.6852 -29.7602 325.556 -5.39334 -6.73978 69.1794 2.05092 -13 3282 1 0 1
33.8745 87.0636 325.556 5.98539 18.951 61.1 3.02097 -13 3283 1 0 1
-55.6148 31.4464 325.556 -9.73711 6.8814 61.6263 1.05396 -13 3284 1 0 1
7.07267 19.2583 325.556 1.41867 4.06024 63.4516 4.34734 -13 3285 1 0 1
34.3245 -40.5197 325.556 6.73004 -9.70892 71.4853 0.620333 -13 3286 1 0 1
58.6483 8.53811 325.556 8.60348 1.62895 50.6618 0.815223 -13 3287 1 0 1
52.0373 -45.9929 325.556 9.55064 -10.0883 64.1814 1.81269 -13 3288 1 0 1
-38.5792 -0.209221 325.556 -9.74042 -0.235495 78.9371 0.700819 -13 3289 1 0 1
50.0584 -44.2312 325.556 6.75665 -7.39807 46.5475 4.03668 -13 3290 1 0 1
84.0988 31.1296 325.556 11.2936 5.15407 47.8246 2.9775 -13 3291 1 0 1
-12.4329 121.174 325.556 -1.21407 18.5383 42.2803 3.7081 -13 3292 1 0 1
-50.7358 22.9993 325.556 -2.04855 2.02402 19.8552 5.94327 -13 3293 1 0 1
6.92379 -30.6258 325.556 1.1998 -7.21181 65.379 -0.0609525 -13 3294 1 0 1
40.9743 -20.7337 325.556 8.12272 -5.14724 70.965 4.14024 -13 3295 1 0 1
-10.4552 38.3132 325.556 -2.01328 8.76136 64.1823 4.2633 -13 3296 1 0 1
34.6386 3.04751 325.556 6.22974 0.514697 62.2249 2.89212 -13 3297 1 0 1
-32.9898 -14.9758 325.556 -6.33538 -3.07014 65.9399 1.78234 -13 3298 1 0 1
-26.661 39.4539 325.556 -5.64532 9.48983 69.7585 2.49447 -13 3299 1 0 1
0.159097 -49.2419 325.556 0.0124661 -10.7106 62.5589 2.24243 -13 3300 1 0 1
-30.4971 4.96563 325.556 -5.10283 0.894581 59.5285 3.45555 -13 3301 1 0 1
-3.69503 -14.8799 325.556 -0.565255 -3.29437 61.4746 2.19404 -13 3302 1 0 1
25.79 -3.52908 325.556 4.61873 -1.23685 59.765 1.95249 -13 3303 1 0 1
-5.67139 33.5067 325.556 -0.712914 6.52325 57.6634 0.491833 -13 3304 1 0 1
-12.2407 -25.2343 325.556 -3.04027 -6.27762 73.3021 -0.681149 -13 3305 1 0 1
27.0743 -59.9792 325.556 4.3199 -11.4662 53.5393 2.82219 -13 3306 1 0 1
28.229 -13.3048 325.556 5.69277 -4.11878 79.0601 0.928876 -13 3307 1 0 1
-15.0093 7.95024 325.556 -3.15043 2.08233 68.4898 2.42452 -13 3308 1 0 1
-27.0121 -37.2267 325.556 -3.25503 -6.55139 46.3318 0.0903488 -13 3309 1 0 1
20.7117 46.8801 325.556 3.81066 10.8602 66.3591 2.34087 -13 3310 1 0 1
-36.375 -6.65357 325.556 -7.46473 -1.27959 69.0755 3.29411 -13 3311 1 0 1
6.74226 43.3683 325.556 0.926634 11.5618 75.4356 2.12586 -13 3312 1 0 1
59.5728 15.3436 325.556 9.67114 3.18439 55.6324 3.63278 -13 3313 1 0 1
56.1218 20.1522 325.556 6.67556 2.90765 41.3115 1.45494 -13 3314 1 0 1
-20.9926 8.76993 325.556 -3.74446 1.97728 62.6725 1.75887 -13 3315 1 0 1
-7.45628 8.18196 325.556 -0.0633067 0.761889 19.7817 2.46827 -13 3316 1 0 1
-20.4923 26.8736 325.556 -2.89083 5.0049 53.0938 3.77798 -13 3317 1 0 1
60.4729 -7.08769 325.556 11.5814 -1.53577 67.5818 0.964345 -13 3318 1 0 1
2.18814 -77.7458 325.556 0.237043 -17.9104 66.6175 0.794831 -13 3319 1 0 1
-9.31275 -3.45537 325.556 -1.55621 -1.02974 60.8191 1.76258 -13 3320 1 0 1
25.1466 29.0758 325.556 4.46943 5.8682 61.2558 0.853395 -13 3321 1 0 1
-33.4568 -5.59019 325.556 -6.84211 -0.933253 67.8075 3.75146 -13 3322 1 0 1
3.52331 -18.0692 325.556 0.378689 -4.4303 72.3175 4.0882 -13 3323 1 0 1
-50.9232 5.33178 325.556 -12.4872 1.34276 77.7863 2.80979 -13 3324 1 0 1
-3.62104 3.63548 325.556 -0.684639 0.511878 66.3754 1.22812 -13 3325 1 0 1
40.6975 -19.2849 325.556 8.05543 -4.61585 69.6087 0.970493 -13 3326 1 0 1
-3.29434 -1.23633 325.556 -0.635134 -0.412269 65.433 2.82032 -13 3327 1 0 1
14.3832 -38.6572 325.556 2.58453 -9.34014 73.8676 2.63534 -13 3328 1 0 1
-41.8622 -20.2025 325.556 -8.41778 -4.7502 67.6878 1.84851 -13 3329 1 0 1
4.86769 -22.3244 325.556 1.01206 -4.14837 58.2424 2.6229 -13 3330 1 0 1
12.2047 -64.5121 325.556 2.17067 -14.292 62.1969 2.81376 -13 3331 1 0 1
62.0418 -47.6594 325.556 10.6554 -9.83109 59.9171 3.1435 -13 3332 1 0 1
-52.2695 35.8006 325.556 -10.592 9.07415 68.279 2.77462 -13 3333 1 0 1
25.2292 -9.26083 325.556 3.99664 -2.04235 51.6333 0.357697 -13 3334 1 0 1
-51.0954 -12.6245 325.556 -7.15768 -2.60932 51.8404 4.90987 -13 3335 1 0 1
18.7907 4.06027 325.556 3.63746 1.53473 70.1138 2.23724 -13 3336 1 0 1
33.4681 34.7413 325.556 5.7321 6.8909 58.2898 0.915728 -13 3337 1 0 1
2.584 46.7483 325.556 0.443201 10.4636 63.108 -0.074263 -13 3338 1 0 1
28.8649 -20.7542 325.556 4.2732 -3.36143 48.7506 0.648807 -13 3339 1 0 1
70.4474 10.3645 325.556 11.8472 2.70356 58.4444 1.61254 -13 3340 1 0 1
-38.5307 6.57281 325.556 -5.75368 1.52029 54.4713 1.91757 -13 3341 1 0 1
-27.8799 -2.77299 325.556 -6.30583 -0.618166 73.0884 1.84088 -13 3342 1 0 1
14.1114 -27.1382 325.556 2.70492 -6.93619 70.741 3.25725 -13 3343 1 0 1
-22.5987 -2.0009 325.556 -4.20919 -0.0804513 63.6276 0.133339 -13 3344 1 0 1
-31.0621 -45.2882 325.556 -7.04721 -11.647 73.2761 2.8554 -13 3346 1 0 1
-106.689 -36.9775 325.556 -16.3284 -7.14794 54.9925 1.74195 -13 3347 1 0 1
8.83674 -6.3067 325.556 1.66777 -1.41927 61.5921 0.540827 -13 3348 1 0 1
-43.9773 -19.1765 325.556 -7.49574 -4.15736 59.9311 4.0788 -13 3349 1 0 1
4.81092 17.2315 325.556 0.846387 3.27733 65.2827 0.733269 -13 3350 1 0 1
7.35854 -13.5081 325.556 1.21024 -3.12267 71.5903 1.39297 -13 3351 1 0 1
48.5498 -8.54332 325.556 8.9878 -1.44149 64.4523 0.256527 -13 3352 1 0 1
-5.76112 41.6169 325.556 -1.38094 9.55997 69.4899 0.76202 -13 3353 1 0 1
8.8998 29.7656 325.556 1.64856 6.37339 66.5504 1.12678 -13 3354 1 0 1
-22.2692 -21.1697 325.556 -6.14146 -6.01905 79.5347 0.682807 -13 3355 1 0 1
-55.3369 -62.9825 325.556 -9.15727 -13.1211 58.536 0.980861 -13 3356 1 0 1
-16.6762 -6.32602 325.556 -2.56886 -1.28691 57.3564 2.0714 -13 3357 1 0 1
26.8254 82.2073 325.556 5.09361 19.585 69.7874 3.21417 -13 3358 1 0 1
102.421 -248.108 325.556 7.74861 -29.4477 29.1784 3.5907 -13 3359 1 0 1
-20.7984 -26.4724 325.556 -3.0346 -5.05335 54.6307 1.25324 -13 3360 1 0 1
31.3138 -39.4983 325.556 5.18777 -7.61735 56.4972 1.44333 -13 3361 1 0 1
53.5469 16.3753 325.556 10.3632 3.9467 69.0018 2.07804 -13 3362 1 0 1
72.3137 -84.2728 325.556 11.2314 -15.9482 54.8664 2.82388 -13 3363 1 0 1
4.60485 -12.7078 325.556 0.746559 -3.18383 69.5555 3.467 -13 3364 1 0 1
60.6203 53.3958 325.556 10.9538 12.1692 64.01 2.14438 -13 3365 1 0 1
-35.16 -5.89956 325.556 -7.78024 -1.29026 72.3767 2.51614 -13 3366 1 0 1
28.4384 -1.82035 325.556 4.43892 -0.231389 52.1912 0.86641 -13 3367 1 0 1
-29.567 32.1462 325.556 -6.9887 8.30359 74.6107 0.493253 -13 3368 1 0 1
-55.4879 54.2047 325.556 -12.3125 13.6373 73.4108 2.21338 -13 3369 1 0 1
11.5683 79.9011 325.556 2.01369 17.512 63.0508 2.52008 -13 3370 1 0 1
52.7727 84.6006 325.556 6.44726 13.0581 43.1241 2.66472 -13 3371 1 0 1
76.537 -55.4974 325.556 13.5366 -11.2856 62.4097 2.86008 -13 3372 1 0 1
22.7037 -33.6685 325.556 3.97855 -7.53196 60.3382 0.728567 -13 3373 1 0 1
-43.7015 -4.27955 325.556 -9.55304 -1.14074 72.5899 0.954185 -13 3374 1 0 1
31.3446 -39.4146 325.556 5.77819 -9.23089 65.2576 3.13494 -13 3375 1 0 1
40.1073 -85.5001 325.556 6.43573 -16.4389 54.0717 -0.776816 -13 3376 1 0 1
-70.5181 -110.409 325.556 -13.9435 -25.2374 66.6748 1.35891 -13 3377 1 0 1
-37.5094 46.9294 325.556 -9.5159 12.7947 77.8027 3.63414 -13 3378 1 0 1
6.93054 -11.8198 325.556 1.0525 -2.81893 68.6154 0.634725 -13 3379 1 0 1
-22.7204 -79.6916 325.556 -4.70472 -18.2738 67.8739 0.478485 -13 3380 1 0 1
17.9837 30.1743 325.556 2.65209 5.13263 46.4115 1.79071 -13 3381 1 0 1
0.0449715 13.6407 325.556 -0.0939216 3.05316 65.4547 0.958256 -13 3382 1 0 1
4.93797 -58.9034 325.556 0.860459 -11.933 59.8209 2.35498 -13 3383 1 0 1
-2.70564 -10.4244 325.556 -1.44313 -2.65118 80.0351 2.64295 -13 3384 1 0 1
20.9642 -8.64082 325.556 3.77212 -1.81979 62.2262 5.44639 -13 3386 1 0 1
4.11136 -58.3096 325.556 0.540518 -14.1139 68.6756 -0.230663 -13 3387 1 0 1
-59.7269 35.8589 325.556 -11.7978 7.67821 67.2734 1.89347 -13 3388 1 0 1
11.2715 17.1586 325.556 1.20691 2.44201 34.4269 2.34274 -13 3389 1 0 1
15.6962 -57.2567 325.556 2.47788 -10.3085 51.2447 1.5293 -13 3390 1 0 1
-28.5008 -25.4637 325.556 -4.40852 -4.97436 56.2217 3.52964 -13 3391 1 0 1
32.8438 1.44346 325.556 6.12575 -0.252467 64.3406 4.44719 -13 3392 1 0 1
34.6487 14.099 325.556 6.64189 3.40315 68.8765 3.39896 -13 3393 1 0 1
40.1019 43.3305 325.556 4.74976 6.45609 40.3274 3.48016 -13 3394 1 0 1
-26.8445 10.4896 325.556 -5.22129 2.24438 65.8096 1.45505 -13 3395 1 0 1
9.79868 40.1091 325.556 1.66323 7.29482 55.6429 3.81368 -13 3396 1 0 1
4.57059 0.474855 325.556 0.734359 0.813052 71.3542 2.28992 -13 3397 1 0 1
31.6239 0.525946 325.556 5.82908 0.0538959 63.0813 1.13925 -13 3398 1 0 1
17.415 29.0132 325.556 2.88413 5.50797 57.5527 0.739798 -13 3399 1 0 1
3.55409 23.7473 325.556 0.327954 5.76253 75.0538 2.01487 -13 3400 1 0 1
-1.72203 -24.4872 325.556 0.167151 -3.77847 42.4547 1.32214 -13 3401 1 0 1
45.4652 -30.8415 325.556 7.06703 -5.90199 53.9419 3.33724 -13 3402 1 0 1
10.7508 55.3332 325.556 1.83508 13.6482 73.3037 2.90841 -13 3403 1 0 1
56.5175 -73.3377 325.556 7.12145 -11.354 43.8044 2.71404 -13 3404 1 0 1
102.224 71.1949 325.556 15.2163 12.9463 52.824 2.63541 -13 3405 1 0 1
17.4959 15.9251 325.556 3.25612 3.60249 64.8662 2.18238 -13 3406 1 0 1
-38.5289 52.2992 325.556 -9.02635 13.5101 74.6472 0.836497 -13 3407 1 0 1
15.5092 21.3764 325.556 2.88958 4.50875 67.4669 2.26999 -13 3408 1 0 1
26.6884 15.9461 325.556 5.08398 3.85865 68.735 2.00242 -13 3409 1 0 1
85.3888 -68.132 325.556 14.0309 -13.4033 58.0082 0.578823 -13 3410 1 0 1
-11.85 52.5995 325.556 -2.11621 11.4676 61.3595 4.19956 -13 3411 1 0 1
-11.0878 -13.0955 325.556 -3.57604 -2.86465 80.2855 2.17518 -13 3412 1 0 1
5.46343 -39.6707 325.556 1.04222 -8.68969 62.7969 2.08316 -13 3413 1 0 1
-76.9854 32.7705 325.556 -17.838 8.53682 76.2222 2.0115 -13 3414 1 0 1
-97.1327 -8.35022 325.556 -11.9792 -1.36695 45.8392 3.82805 -13 3415 1 0 1
86.945 39.2049 325.556 14.9683 8.12138 60.8479 1.53506 -13 3416 1 0 1
-38.3007 -39.5529 325.556 -5.89314 -7.62435 55.9254 0.851987 -13 3417 1 0 1
5.52005 -41.8442 325.556 1.02019 -9.56904 60.128 1.03229 -13 3418 1 0 1
41.2605 -36.377 325.556 7.11264 -7.36981 58.89 2.26534 -13 3419 1 0 1
29.773 25.1585 325.556 5.85724 6.27569 71.0064 3.44657 -13 3420 1 0 1
-18.86 -59.4959 325.556 -2.10608 -10.1297 46.5562 3.44877 -13 3421 1 0 1
34.0825 9.20567 325.556 4.02867 1.66803 40.178 3.58244 -13 3423 1 0 1
-47.0856 -46.0192 325.556 -8.00794 -9.7277 59.6787 5.14043 -13 3424 1 0 1
-31.213 -10.1263 325.556 -6.15425 -2.56737 67.1887 3.32735 -13 3425 1 0 1
70.5507 -16.5218 325.556 12.9155 -3.57924 64.4826 2.40377 -13 3426 1 0 1
-2.5441 22.242 325.556 -0.371143 4.34247 60.1243 2.42803 -13 3427 1 0 1
-27.728 -47.8152 325.556 -4.53923 -9.54042 57.7279 2.29531 -13 3428 1 0 1
66.3015 29.7361 325.556 10.9359 5.83018 57.0801 3.3689 -13 3429 1 0 1
-19.2165 -0.0849048 325.556 -3.38234 -0.623805 61.4627 2.43474 -13 3430 1 0 1
-34.1137 37.1369 325.556 -1.76353 3.38243 24.6941 4.03835 -13 3431 1 0 1
-62.8188 6.95622 325.556 -12.8716 1.28749 69.5095 3.55153 -13 3432 1 0 1
35.558 -46.4875 325.556 6.28551 -9.89682 60.1863 1.76684 -13 3433 1 0 1
43.0202 25.7613 325.556 8.2149 5.57979 68.0821 3.75208 -13 3434 1 0 1
-49.808 63.2369 325.556 -7.98817 13.0138 56.8138 1.84911 -13 3435 1 0 1
-19.69 11.0713 325.556 -4.606 2.61082 73.4254 3.29144 -13 3436 1 0 1
-55.8866 18.7212 325.556 -11.5459 4.17808 69.6202 1.0267 -13 3437 1 0 1
0.626361 42.001 325.556 0.115784 9.27173 65.3781 4.16122 -13 3438 1 0 1
-19.3859 -93.5272 325.556 -2.15442 -15.1888 45.1191 0.71238 -13 3439 1 0 1
38.5382 -18.0341 325.556 6.61439 -3.79943 58.4136 1.81493 -13 3440 1 0 1
-46.9489 0.368215 325.556 -8.06489 -0.172923 60.7961 3.79748 -13 3441 1 0 1
5.07476 -20.9888 325.556 0.955352 -4.08963 59.8806 0.467992 -13 3442 1 0 1
-67.1138 19.3787 325.556 -1.07419 0.964924 12.1091 9.69573 -13 3443 1 0 1
-75.4963 -21.9749 325.556 -12.2484 -3.94861 57.977 0.38802 -13 3444 1 0 1
39.7346 -76.4745 325.556 6.67553 -15.2376 57.7219 5.35176 -13 3445 1 0 1
44.8714 56.1298 325.556 7.37903 11.5401 56.2847 2.65338 -13 3446 1 0 1
5.16349 19.2453 325.556 0.886401 4.20913 66.505 3.93995 -13 3447 1 0 1
18.7305 -10.1641 325.556 2.56098 -1.68972 43.9148 4.9113 -13 3448 1 0 1
-6.35982 54.609 325.556 -1.89993 13.3655 73.733 2.89107 -13 3449 1 0 1
-36.5314 -34.1078 325.556 -7.68285 -8.2385 69.9756 0.72487 -13 3451 1 0 1
38.839 24.7564 325.556 5.73217 4.18048 50.7201 1.7123 -13 3452 1 0 1
-0.365931 33.3499 325.556 0.229543 6.25621 51.4555 0.661455 -13 3453 1 0 1
1.98873 -63.9673 325.556 0.317196 -15.0136 64.478 1.23585 -13 3454 1 0 1
18.6336 -132.563 325.556 3.00862 -25.8228 54.8117 2.51823 -13 3455 1 0 1
-18.4646 -62.9221 325.556 -4.10442 -15.2811 69.9098 1.4579 -13 3456 1 0 1
-6.4919 -18.9328 325.556 -1.06059 -4.11221 61.1626 2.27367 -13 3457 1 0 1
37.7107 -6.43398 325.556 7.11147 -1.84464 66.9844 3.74887 -13 3458 1 0 1
-36.9585 33.505 325.556 -7.97038 8.2843 71.0919 3.33653 -13 3459 1 0 1
0.797981 24.4383 325.556 0.15385 4.94734 59.6316 0.867984 -13 3460 1 0 1
-63.3033 -15.3507 325.556 -14.7407 -3.89542 76.3357 3.03344 -13 3461 1 0 1
87.1814 -15.6027 325.556 11.6439 -2.43782 47.4152 2.14879 -13 3462 1 0 1
18.4213 -4.65594 325.556 3.39002 -0.837859 68.2582 2.66041 -13 3463 1 0 1
47.9788 -13.8606 325.556 8.08111 -2.90997 57.7101 0.704824 -13 3464 1 0 1
33.1555 -4.45085 325.556 5.79242 -0.372688 61.3226 3.2218 -13 3465 1 0 1
18.4169 12.1403 325.556 1.52254 1.31178 27.9405 2.90863 -13 3466 1 0 1
-16.1309 37.1326 325.556 -4.62036 9.96621 79.672 1.09436 -13 3467 1 0 1
0.482822 -8.22699 325.556 0.137257 -1.72813 61.5368 -0.312242 -13 3468 1 0 1
13.8532 26.2786 325.556 0.908717 2.18383 21.219 6.26491 -13 3469 1 0 1
90.9375 -12.8502 325.556 14.7288 -2.26741 56.6789 4.28237 -13 3470 1 0 1
-33.27 36.4986 325.556 -3.89168 6.04051 45.7602 2.77287 -13 3471 1 0 1
52.0541 -0.840504 325.556 6.82765 -0.373136 45.9104 4.26186 -13 3472 1 0 1
-39.6905 25.1552 325.556 -7.26013 5.67636 63.3187 1.68483 -13 3473 1 0 1
98.2433 58.8719 325.556 16.3799 11.6681 59.0863 3.27502 -13 3474 1 0 1
-14.5223 -38.5619 325.556 -1.78795 -6.74214 50.9709 2.19103 -13 3475 1 0 1
29.4601 5.56973 325.556 3.53589 0.933353 40.273 2.63171 -13 3477 1 0 1
38.3979 14.7411 325.556 6.81871 3.34247 61.1844 1.08601 -13 3478 1 0 1
5.34495 15.1549 325.556 0.989114 3.43039 66.2931 2.78102 -13 3480 1 0 1
25.2585 62.1349 325.556 4.47417 12.9788 61.1154 4.04977 -13 3481 1 0 1
85.7262 -91.2038 325.556 12.9456 -16.6887 53.3273 2.2386 -13 3482 1 0 1
-46.6353 -61.2732 325.556 -8.05453 -13.0151 60.6914 1.06742 -13 3483 1 0 1
31.4348 -1.72604 325.556 4.09603 -0.128293 44.0947 3.3914 -13 3484 1 0 1
-32.5852 59.24 325.556 -7.11335 14.7531 71.2871 2.59587 -13 3485 1 0 1
1.03302 30.2611 325.556 0.00970241 7.43095 69.8823 1.48942 -13 3486 1 0 1
-60.3745 13.1403 325.556 -6.46554 1.75649 41.1042 2.24837 -13 3487 1 0 1
0.17568 -8.92576 325.556 -0.580215 -2.18584 78.1003 0.452541 -13 3488 1 0 1
-50.4716 -77.4882 325.556 -7.74058 -14.9343 55.0116 2.19109 -13 3489 1 0 1
-37.535 35.3849 325.556 -9.21572 10.1407 77.1711 0.564194 -13 3491 1 0 1
-36.0443 -9.48127 325.556 -7.3027 -2.41502 68.3635 0.485214 -13 3492 1 0 1
-0.976048 -20.517 325.556 -0.216659 -3.90189 63.2787 1.23792 -13 3493 1 0 1
-39.3556 44.4818 325.556 -6.71827 9.01335 60.4463 1.96809 -13 3494 1 0 1
-4.47366 -27.6444 325.556 -0.90883 -6.76495 65.8955 2.08146 -13 3495 1 0 1
31.3324 7.9694 325.556 6.3809 2.04942 73.6136 -0.49148 -13 3496 1 0 1
-11.324 35.2504 325.556 -2.00806 7.68217 62.7858 0.716464 -13 3497 1 0 1
78.2132 12.5612 325.556 10.9568 1.9384 49.4003 1.88672 -13 3498 1 0 1
25.6737 12.226 325.556 4.82708 3.20347 65.6448 1.10503 -13 3499 1 0 1
-34.4641 0.172146 325.556 -5.62272 0.195644 57.9046 2.05819 -13 3500 1 0 1
3.68773 21.4009 325.556 0.25918 5.47504 75.315 2.43508 -13 3501 1 0 1
30.6455 22.815 325.556 4.97028 3.96827 54.6577 -0.514234 -13 3502 1 0 1
23.6737 69.8573 325.556 4.19635 14.5422 57.9269 1.3622 -13 3503 1 0 1
-26.1556 -12.0424 325.556 -5.07537 -2.54485 65.9297 1.96923 -13 3504 1 0 1
-48.2646 28.8397 325.556 -11.4837 7.6333 76.5369 -0.542133 -13 3505 1 0 1
-11.6293 97.6312 325.556 -2.68177 23.3002 68.7186 1.18683 -13 3506 1 0 1
37.3905 -40.3458 325.556 6.98198 -9.20631 66.4038 1.69686 -13 3507 1 0 1
28.9427 29.3093 325.556 5.26881 6.35057 62.562 1.39519 -13 3508 1 0 1
17.1825 20.2702 325.556 3.31883 4.82561 73.2391 4.12858 -13 3509 1 0 1
37.2632 29.511 325.556 6.96324 6.28926 65.6034 3.21248 -13 3510 1 0 1
15.712 0.807219 325.556 2.87815 0.18015 64.9464 2.87402 -13 3511 1 0 1
9.43714 -10.3228 325.556 1.85301 -1.85435 59.5102 1.86181 -13 3512 1 0 1
-63.7681 55.2168 325.556 -11.694 11.9306 63.3236 3.02217 -13 3513 1 0 1
-47.2152 29.5446 325.556 -8.85819 6.66089 64.5352 2.85823 -13 3514 1 0 1
-24.0099 22.7096 325.556 -4.33012 5.00275 62.7946 2.85478 -13 3515 1 0 1
-13.9163 -90.4111 325.556 -2.10942 -18.0928 55.834 1.36503 -13 3517 1 0 1
35.4642 -23.5348 325.556 6.99515 -5.69264 71.7211 2.05679 -13 3518 1 0 1
40.3951 -9.66944 325.556 7.49779 -2.52385 64.7744 1.15139 -13 3520 1 0 1
1.07643 -16.3232 325.556 0.284593 -3.71536 59.2712 1.4662 -13 3521 1 0 1
-75.1977 -86.1354 325.556 -11.6387 -16.6956 54.9961 1.50598 -13 3522 1 0 1
4.03656 -24.7953 325.556 0.846736 -4.32603 54.4068 1.89294 -13 3523 1 0 1
29.832 54.3579 325.556 5.57435 12.4072 66.8512 1.81843 -13 3524 1 0 1
-3.74835 -47.5423 325.556 -0.851465 -11.3294 66.2 5.98069 -13 3525 1 0 1
-48.7843 25.4924 325.556 -9.44402 5.61789 66.0539 3.91292 -13 3526 1 0 1
-26.6573 46.6902 325.556 -3.45598 8.74186 49.6333 5.14504 -13 3527 1 0 1
-27.9983 53.4632 325.556 -5.86987 12.7069 69.067 1.0558 -13 3528 1 0 1
-30.1666 -45.9446 325.556 -3.98469 -8.27421 49.9021 2.70198 -13 3529 1 0 1
30.1976 -24.255 325.556 5.75104 -5.74447 68.9436 1.86985 -13 3530 1 0 1
90.6371 99.5773 325.556 16.0886 21.6795 62.7005 0.1998 -13 3531 1 0 1
58.9985 16.9282 325.556 8.32521 3.13559 49.2097 2.31249 -13 3532 1 0 1
-8.75305 31.7006 325.556 -1.98441 7.5947 69.4215 3.07134 -13 3533 1 0 1
21.8853 -36.4901 325.556 3.92983 -7.88454 63.4833 -0.0760585 -13 3534 1 0 1
-12.2945 -68.9651 325.556 -1.82817 -13.1824 54.4192 1.60299 -13 3535 1 0 1
9.89177 -27.181 325.556 1.7359 -5.9224 69.1198 -0.119043 -13 3536 1 0 1
4.33233 5.22388 325.556 0.931664 0.798854 62.1234 1.37136 -13 3537 1 0 1
-38.8144 -59.1261 325.556 -8.06316 -14.3306 69.1091 1.08274 -13 3538 1 0 1
-56.6098 -13.6396 325.556 -9.52886 -2.71724 59.3262 0.953284 -13 3539 1 0 1
13.3603 101.471 325.556 1.81153 15.484 41.8993 5.15692 -13 3540 1 0 1
24.9493 70.1509 325.556 3.98303 13.408 54.1693 1.3292 -13 3541 1 0 1
49.3945 64.678 325.556 5.67922 9.21089 39.6641 2.87585 -13 3542 1 0 1
7.10547 1.97842 325.556 1.33161 0.55573 57.1241 -0.0840659 -13 3543 1 0 1
-24.3632 2.40938 325.556 -3.45422 0.376194 54.3913 2.1204 -13 3544 1 0 1
-41.3669 89.0222 325.556 -6.96326 18.2001 58.7864 3.86297 -13 3545 1 0 1
25.7938 19.3187 325.556 4.49504 3.92893 57.5374 0.307983 -13 3546 1 0 1
-17.6268 -58.8504 325.556 -3.0358 -12.4316 60.4424 3.22873 -13 3547 1 0 1
34.5452 -42.7321 325.556 5.21771 -7.65155 51.8415 3.26747 -13 3548 1 0 1
52.3579 3.7131 325.556 9.12343 0.932243 60.4764 1.2903 -13 3549 1 0 1
32.119 1.3446 325.556 6.41374 0.630172 70.6186 2.53924 -13 3550 1 0 1
19.4599 -29.1809 325.556 3.30024 -5.70792 55.8893 0.113127 -13 3551 1 0 1
-51.3098 41.228 325.556 -10.507 10.1132 69.3528 0.232125 -13 3552 1 0 1
-3.53872 -47.1907 325.556 -1.41933 -11.8224 77.0266 2.5259 -13 3553 1 0 1
-46.3213 -30.4761 325.556 -9.40789 -7.01621 68.4005 1.46518 -13 3554 1 0 1
-23.0433 24.4146 325.556 -4.17784 5.89591 64.1681 0.383639 -13 3555 1 0 1
-32.0427 23.1415 325.556 -6.40096 5.75529 67.608 0.502169 -13 3556 1 0 1
-32.5686 -45.0625 325.556 -3.9063 -7.14934 45.9121 4.10784 -13 3557 1 0 1
-2.82326 -3.2474 325.556 -0.198377 -0.277343 54.8399 3.91264 -13 3558 1 0 1
-1.25493 -76.9398 325.556 -0.63325 -18.1865 68.572 4.03705 -13 3559 1 0 1
-53.6201 75.0725 325.556 -10.8573 17.3745 68.3017 2.74801 -13 3560 1 0 1
-50.0945 14.8438 325.556 -12.5944 3.53097 78.7668 1.01959 -13 3561 1 0 1
31.5882 27.548 325.556 6.03939 7.15694 68.7895 3.0322 -13 3562 1 0 1
-2.98786 23.3721 325.556 -0.326107 4.50771 53.4617 2.88544 -13 3563 1 0 1
30.9346 -25.1205 325.556 5.88535 -6.22339 67.5073 1.04157 -13 3564 1 0 1
-24.3394 -8.84761 325.556 -5.13204 -2.21445 69.7816 3.55001 -13 3565 1 0 1
-33.0026 18.9764 325.556 -6.79764 4.16827 68.9637 3.33943 -13 3566 1 0 1
-145.148 48.6219 325.556 -20.8661 8.87744 52.2099 2.35434 -13 3567 1 0 1
35.9161 13.3254 325.556 6.27021 2.57665 60.0624 1.93592 -13 3568 1 0 1
23.5215 -4.86322 325.556 4.68393 -1.40442 76.216 0.174497 -13 3569 1 0 1
-39.6365 69.0295 325.556 -8.01406 15.6427 67.9269 2.45759 -13 3570 1 0 1
-9.50401 -5.62227 325.556 -2.21063 -1.26662 70.3819 2.31804 -13 3571 1 0 1
-60.8011 13.2441 325.556 -15.0262 3.6304 78.9557 2.14623 -13 3572 1 0 1
74.3404 -126.412 325.556 9.97789 -21.1373 47.1122 3.09793 -13 3574 1 0 1
-5.99925 -80.423 325.556 -0.692442 -14.0381 49.8195 4.07473 -13 3575 1 0 1
-41.1511 0.937133 325.556 -8.53681 -0.18254 69.247 2.95191 -13 3576 1 0 1
59.3978 95.031 325.556 9.6714 18.5866 55.6526 0.220446 -13 3577 1 0 1
-22.4862 9.31564 325.556 -4.75146 2.41156 68.778 1.87144 -13 3578 1 0 1
9.47344 -16.5973 325.556 1.32248 -2.52145 39.8197 3.36015 -13 3579 1 0 1
45.4315 50.5802 325.556 8.82805 11.865 68.9011 2.76395 -13 3580 1 0 1
6.6683 -54.8346 325.556 0.768571 -15.3756 79.4959 1.07404 -13 3581 1 0 1
30.6725 -21.4735 325.556 5.17854 -4.599 56.5283 2.60155 -13 3582 1 0 1
-4.67512 22.3492 325.556 -1.4156 5.33711 72.7121 2.52714 -13 3583 1 0 1
-10.9716 33.4286 325.556 -2.01929 7.41723 62.6481 1.27305 -13 3584 1 0 1
-1.81378 -14.3089 325.556 -0.525019 -3.51851 68.5231 3.55708 -13 3585 1 0 1
-2.22087 47.1461 325.556 -1.27913 12.3893 77.8297 0.49751 -13 3586 1 0 1
-48.113 -51.2088 325.556 -10.4162 -13.2786 71.8638 2.23322 -13 3587 1 0 1
18.0447 23.5363 325.556 2.88234 3.98632 53.0168 0.780823 -13 3588 1 0 1
-16.5062 -21.0197 325.556 -2.98451 -4.83809 63.4308 4.3344 -13 3589 1 0 1
-35.7262 -53.445 325.556 -7.05975 -12.9618 67.0624 2.64807 -13 3590 1 0 1
-29.1285 5.71799 325.556 -6.45237 1.38376 72.4837 1.45423 -13 3591 1 0 1
-45.9962 -54.5242 325.556 -11.2557 -14.4769 78.0111 0.954792 -13 3592 1 0 1
12.5786 -23.2225 325.556 1.78448 -3.66513 45.6376 3.64589 -13 3593 1 0 1
88.7413 2.4799 325.556 15.8683 0.0437707 62.5636 2.43676 -13 3594 1 0 1
49.8944 21.0042 325.556 7.28105 3.12183 51.1672 2.78498 -13 3595 1 0 1
-32.3751 -35.5202 325.556 -5.61322 -7.89555 60.9724 3.22696 -13 3596 1 0 1
54.6029 9.17798 325.556 7.04629 1.5319 44.2972 3.32942 -13 3597 1 0 1
19.1608 47.9875 325.556 3.57544 11.3733 68.864 3.32483 -13 3598 1 0 1
19.6989 -5.23502 325.556 3.73737 -1.08671 72.1634 3.82612 -13 3599 1 0 1
-16.7151 -6.02087 325.556 -2.45933 -1.29066 56.5793 2.41161 -13 3600 1 0 1
0.284233 -3.12483 325.556 -0.204345 -0.948541 71.2946 0.918647 -13 3601 1 0 1
-62.5033 -52.5173 325.556 -8.85247 -8.83704 51.3894 2.21871 -13 3602 1 0 1
46.7581 -31.3244 325.556 8.55151 -6.86742 63.5522 1.99344 -13 3603 1 0 1
42.9674 65.5869 325.556 8.21819 15.5694 67.5214 1.36631 -13 3604 1 0 1
-32.028 -68.7544 325.556 -7.37924 -17.0776 73.2833 3.25955 -13 3605 1 0 1
9.09889 -50.4119 325.556 1.60607 -10.3121 62.645 2.49106 -13 3606 1 0 1
33.0322 -42.3879 325.556 5.83332 -9.78151 62.6388 4.49253 -13 3607 1 0 1
-45.9368 20.1094 325.556 -8.37428 4.02403 62.7132 1.68003 -13 3608 1 0 1
-0.00709426 28.4179 325.556 -0.693084 7.82965 75.2131 -0.0184315 -13 3609 1 0 1
42.6632 17.3518 325.556 8.1262 3.73627 67.2899 3.02559 -13 3610 1 0 1
40.433 -57.9289 325.556 5.9138 -10.2097 49.4105 2.54008 -13 3611 1 0 1
21.9107 66.1565 325.556 3.92681 14.9022 64.587 2.12669 -13 3612 1 0 1
-23.1336 54.7601 325.556 -5.32368 14.342 73.0277 2.4874 -13 3613 1 0 1
24.6571 -27.5637 325.556 4.84874 -6.27862 70.5236 1.26211 -13 3614 1 0 1
33.8495 -7.48643 325.556 6.92108 -2.47003 75.6825 2.67051 -13 3615 1 0 1
4.88558 -42.4928 325.556 0.480934 -11.588 74.7757 1.08271 -13 3616 1 0 1
38.8774 8.11224 325.556 7.06951 2.1965 64.0963 4.81574 -13 3617 1 0 1
-1.84731 -47.7291 325.556 -0.499399 -11.0263 67.9705 1.82913 -13 3618 1 0 1
65.7131 10.9662 325.556 11.9013 2.64373 63.0572 1.29587 -13 3619 1 0 1
32.7737 35.139 325.556 5.73273 6.99804 58.3345 0.477492 -13 3620 1 0 1
-5.5644 27.7844 325.556 -1.11469 6.15949 65.8082 2.05434 -13 3621 1 0 1
-26.4099 14.6093 325.556 -5.84018 3.23073 71.7388 1.65712 -13 3622 1 0 1
-9.07863 94.9488 325.556 -0.99732 17.1309 50.8836 1.62499 -13 3623 1 0 1
54.6724 -39.7568 325.556 9.59092 -8.33037 61.3044 3.72214 -13 3624 1 0 1
-51.9273 24.5493 325.556 -12.7725 7.0751 77.5348 2.27687 -13 3625 1 0 1
21.8471 22.3685 325.556 4.11316 5.48962 66.5757 0.396902 -13 3626 1 0 1
33.4186 -1.53863 325.556 5.38727 0.197734 53.905 2.39108 -13 3627 1 0 1
13.7647 -38.5711 325.556 2.02474 -6.32668 46.8009 3.87052 -13 3628 1 0 1
13.5398 10.3306 325.556 2.48604 2.54115 75.3111 2.42952 -13 3629 1 0 1
-40.8848 7.63863 325.556 -4.57872 1.13511 43.6175 2.4393 -13 3631 1 0 1
20.9527 -22.1728 325.556 3.05555 -3.94726 48.7833 3.0372 -13 3632 1 0 1
27.6178 -16.7894 325.556 5.47809 -4.10309 71.8474 2.39088 -13 3634 1 0 1
14.275 34.7003 325.556 2.49034 9.49597 74.9731 3.04143 -13 3635 1 0 1
-65.4885 9.00508 325.556 -12.133 2.24414 64.0905 -0.394535 -13 3639 1 0 1
-88.0797 -66.3831 325.556 -14.9425 -14.0167 59.6127 3.60256 -13 3640 1 0 1
40.7024 45.5892 325.556 6.23697 8.33802 51.6911 3.23014 -13 3641 1 0 1
16.6078 -53.0723 325.556 3.04714 -12.5958 69.1065 1.95908 -13 3642 1 0 1
-87.7821 6.70489 325.556 -17.6449 2.05203 68.5871 2.37883 -13 3643 1 0 1
63.3394 -16.3604 325.556 9.83957 -2.90778 54.0689 1.24897 -13 3644 1 0 1
33.7999 -5.06958 325.556 6.33505 -1.31743 65.8844 1.04195 -13 3645 1 0 1
-83.4104 78.9204 325.556 -13.2778 15.9514 56.4275 3.78411 -13 3647 1 0 1
-44.4177 -38.9345 325.556 -8.88375 -9.23929 68.2016 2.24386 -13 3648 1 0 1
-3.9029 22.5637 325.556 -0.453736 4.55133 58.6041 3.13902 -13 3649 1 0 1
-33.1767 -59.1814 325.556 -6.75238 -13.5652 67.8889 2.67131 -13 3650 1 0 1
25.7347 19.1831 325.556 3.48514 2.87532 44.0775 2.40584 -13 3651 1 0 1
-98.7018 1.8823 325.556 -18.0519 0.736234 63.4981 1.41719 -13 3652 1 0 1
18.6694 22.8267 325.556 3.5947 5.48305 66.9723 0.634734 -13 3653 1 0 1
-28.0113 47.6201 325.556 -3.66605 8.88221 49.5142 1.22349 -13 3654 1 0 1
31.8121 -2.74886 325.556 5.27052 -0.940356 54.746 1.71154 -13 3655 1 0 1
34.327 51.5471 325.556 5.87373 10.5722 58.2975 0.544025 -13 3656 1 0 1
-1.14449 3.22322 325.556 -0.012064 0.755073 56.3743 1.33575 -13 3657 1 0 1
-11.7741 25.1045 325.556 -2.83208 5.79364 71.6461 2.96825 -13 3658 1 0 1
18.9653 -24.1426 325.556 3.42665 -4.46041 62.4256 2.60128 -13 3659 1 0 1
20.8223 22.9107 325.556 3.94984 4.98306 67.6791 2.949 -13 3660 1 0 1
-35.1108 44.0846 325.556 -5.65904 8.87176 57.7789 2.7543 -13 3661 1 0 1
27.4008 -9.68663 325.556 5.19792 -2.5228 65.15 2.60235 -13 3662 1 0 1
-0.568902 55.2206 325.556 -0.154219 11.9583 63.2476 3.17901 -13 3663 1 0 1
-42.1555 -55.4568 325.556 -7.79902 -11.8478 63.3346 0.614201 -13 3664 1 0 1
26.5222 -50.9495 325.556 4.42582 -10.483 57.3452 1.79266 -13 3665 1 0 1
78.1721 -62.2798 325.556 7.99273 -8.29008 37.0071 2.99296 -13 3666 1 0 1
-35.8305 27.4514 325.556 -5.93988 5.25787 58.8882 2.16732 -13 3667 1 0 1
-0.476202 4.90706 325.556 0.031791 1.05027 60.5335 2.4087 -13 3668 1 0 1
-22.41 3.96023 325.556 -5.26089 1.12798 73.0137 1.72453 -13 3669 1 0 1
28.902 43.5743 325.556 5.29239 10.2365 65.2124 3.43107 -13 3670 1 0 1
-33.2178 -77.8628 325.556 -6.44402 -17.6876 65.6132 3.04879 -13 3671 1 0 1
-25.0003 -7.85897 325.556 -5.34717 -1.67544 69.8015 2.16874 -13 3672 1 0 1
-22.4575 -6.37878 325.556 -4.21666 -1.21384 63.9647 1.35041 -13 3673 1 0 1
-41.5709 -44.9445 325.556 -8.28927 -10.4144 67.2825 2.74856 -13 3674 1 0 1
-5.17634 15.8362 325.556 -0.770247 3.76466 62.0469 1.02003 -13 3675 1 0 1
-66.2924 36.2675 325.556 -12.976 8.01668 67.102 1.35037 -13 3676 1 0 1
-57.0754 -18.1309 325.556 -11.2235 -4.19255 67.239 1.53257 -13 3677 1 0 1
-11.9623 6.76133 325.556 -2.2726 1.70849 65.3396 1.90656 -13 3678 1 0 1
5.3015 -49.6677 325.556 1.00829 -11.2728 64.2156 3.10307 -13 3679 1 0 1
-43.6887 -108.796 325.556 -7.1128 -21.9259 56.8225 0.915992 -13 3680 1 0 1
-49.6929 40.2744 325.556 -8.99274 8.31685 63.1724 3.49009 -13 3681 1 0 1
-15.3729 -4.51166 325.556 -3.55605 -1.38719 71.6242 2.07131 -13 3682 1 0 1
-32.6967 -35.7127 325.556 -6.43276 -7.84658 66.5916 1.76445 -13 3683 1 0 1
-25.7426 -32.4857 325.556 -4.67915 -7.29766 63.5375 4.04321 -13 3684 1 0 1
5.53605 -3.95691 325.556 0.848312 -0.48483 68.7144 2.39127 -13 3685 1 0 1
-31.773 -27.3901 325.556 -6.05306 -6.33394 65.4473 1.49151 -13 3686 1 0 1
-41.9156 -29.0637 325.556 -6.6953 -5.75769 56.991 0.673584 -13 3687 1 0 1
44.748 76.2549 325.556 4.50269 9.84524 35.0416 3.50501 -13 3689 1 0 1
12.5509 -19.5572 325.556 2.2426 -5.02087 65.6968 3.88 -13 3690 1 0 1
-25.6335 -23.5968 325.556 -2.26996 -3.23753 37.8082 3.12938 -13 3691 1 0 1
-37.4709 69.2789 325.556 -6.0518 14.2813 57.2165 3.61955 -13 3692 1 0 1
45.5486 4.22519 325.556 9.01759 1.31703 70.5299 1.85008 -13 3693 1 0 1
-25.3356 -8.95532 325.556 -4.48486 -1.77144 61.4914 3.21687 -13 3694 1 0 1
-22.6646 -57.2919 325.556 -4.44145 -12.9649 65.6403 4.05999 -13 3695 1 0 1
-17.9423 -80.1346 325.556 -4.82053 -21.2306 75.962 1.96867 -13 3696 1 0 1
51.4441 -12.2576 325.556 11.421 -3.02468 81.4784 0.90413 -13 3697 1 0 1
18.4301 0.279977 325.556 3.62705 0.351427 71.6535 2.80603 -13 3698 1 0 1
27.9787 -29.3471 325.556 5.1872 -6.30618 62.6059 0.47233 -13 3699 1 0 1
18.1744 -13.9098 325.556 2.95837 -2.78277 52.8596 2.33325 -13 3700 1 0 1
70.1979 24.5927 325.556 9.68794 4.44249 48.3832 2.7624 -13 3701 1 0 1
-18.6072 20.9336 325.556 -3.02041 4.35232 59.7133 2.80679 -13 3702 1 0 1
-12.2744 38.2852 325.556 -2.60077 9.02358 68.5606 2.74182 -13 3703 1 0 1
-8.72343 38.0669 325.556 -0.122149 2.45313 14.854 6.7225 -13 3704 1 0 1
-14.2734 -52.2069 325.556 -3.76051 -13.5484 75.6911 0.843511 -13 3705 1 0 1
35.2468 -24.943 325.556 7.35167 -7.33017 79.5284 0.105599 -13 3706 1 0 1
-32.7679 1.77975 325.556 -5.66052 0.458417 60.6776 4.04495 -13 3707 1 0 1
18.7096 -1.9572 325.556 3.47087 -0.264258 63.5251 5.62714 -13 3708 1 0 1
37.952 -79.3624 325.556 7.10528 -18.3317 67.1051 2.56204 -13 3709 1 0 1
26.5226 -24.3282 325.556 5.2326 -6.28874 75.4572 3.28107 -13 3711 1 0 1
-19.1683 35.6812 325.556 -3.83661 8.13808 66.9408 1.37345 -13 3712 1 0 1
62.8336 -59.6458 325.556 12.1261 -14.005 67.753 1.54713 -13 3713 1 0 1
15.0292 -42.4068 325.556 2.74904 -9.19049 62.2382 3.34591 -13 3714 1 0 1
49.0609 -42.4614 325.556 8.06469 -8.43902 57.2175 1.68886 -13 3715 1 0 1
-38.7786 3.49559 325.556 -5.30731 0.267427 51.3069 2.45284 -13 3716 1 0 1
-33.8812 -59.7935 325.556 -6.30167 -13.5731 63.6191 4.3856 -13 3717 1 0 1
31.0062 -36.5755 325.556 4.90163 -7.16341 53.6898 -0.0165752 -13 3718 1 0 1
15.9643 -18.8251 325.556 2.99469 -3.96261 62.0171 3.77625 -13 3719 1 0 1
17.0723 44.0691 325.556 3.22947 10.3629 68.7031 4.5476 -13 3720 1 0 1
-2.67305 -22.1638 325.556 -0.203214 -4.13788 51.936 4.95278 -13 3721 1 0 1
-1.48653 -39.8022 325.556 -0.124444 -8.64929 59.308 1.71092 -13 3722 1 0 1
-47.9042 29.3134 325.556 -11.2766 8.07255 76.2556 2.24359 -13 3723 1 0 1
78.8854 -42.2186 325.556 13.0489 -8.69488 57.9397 2.06214 -13 3724 1 0 1
27.8827 -0.0459278 325.556 4.9943 -0.069134 62.0296 2.0226 -13 3725 1 0 1
-12.2894 -16.2556 325.556 -2.47525 -3.94955 67.2572 2.98436 -13 3726 1 0 1
-10.0474 -37.8655 325.556 -1.70938 -7.18446 60.682 1.66659 -13 3727 1 0 1
-3.21688 -9.43441 325.556 -0.9062 -1.95589 70.5483 0.898073 -13 3728 1 0 1
-21.9563 1.3524 325.556 -4.53653 0.156153 68.3398 3.37543 -13 3729 1 0 1
-36.7821 -74.7714 325.556 -9.03447 -19.3024 76.0058 2.12376 -13 3730 1 0 1
30.3066 -85.7448 325.556 4.75112 -16.2188 54.1379 1.5261 -13 3731 1 0 1
42.0661 -29.9409 325.556 5.6039 -5.15304 45.9183 2.21559 -13 3732 1 0 1
20.6451 4.48652 325.556 3.72926 0.940806 63.2741 3.20424 -13 3733 1 0 1
-13.714 10.9787 325.556 -2.69363 2.66546 65.6094 2.36407 -13 3734 1 0 1
29.4323 -20.544 325.556 5.63647 -5.30453 68.837 1.33882 -13 3735 1 0 1
-26.8187 12.8855 325.556 -4.58807 2.54832 60.0256 1.76056 -13 3736 1 0 1
-44.2588 -22.313 325.556 -11.1527 -5.51369 78.6702 0.904343 -13 3738 1 0 1
-2.76629 -22.2058 325.556 -1.39783 -6.22598 78.7011 4.16443 -13 3739 1 0 1
-27.1098 -23.5865 325.556 -3.50378 -4.54029 49.8335 2.53879 -13 3740 1 0 1
-39.3279 -33.0995 325.556 -9.01748 -8.31555 74.5805 1.57055 -13 3741 1 0 1
22.2888 -66.5282 325.556 4.00473 -14.5103 62.9695 2.5806 -13 3742 1 0 1
-31.5876 34.7187 325.556 -6.14355 8.14257 65.7427 3.10093 -13 3743 1 0 1
63.938 14.8461 325.556 10.7077 3.24048 59.0242 1.95279 -13 3744 1 0 1
-4.18704 47.0547 325.556 0.0727217 5.28539 30.2963 5.37577 -13 3745 1 0 1
-33.8423 -34.9271 325.556 -6.02352 -7.55015 62.7808 0.866452 -13 3746 1 0 1
5.4534 -14.1944 325.556 1.07065 -2.58532 50.9411 0.379916 -13 3747 1 0 1
25.1938 2.33867 325.556 4.81552 0.848175 68.0658 1.29067 -13 3748 1 0 1
6.52093 13.8183 325.556 1.17791 2.40039 58.8517 1.89845 -13 3749 1 0 1
7.22582 38.8881 325.556 1.29368 8.52555 60.2333 1.43647 -13 3750 1 0 1
-19.1796 -24.9529 325.556 -3.24533 -5.25151 61.5591 2.30322 -13 3751 1 0 1
-69.1489 -65.7722 325.556 -11.4794 -13.4659 58.3617 3.35114 -13 3752 1 0 1
-72.727 14.0835 325.556 -17.2193 3.69916 77.6066 2.41705 -13 3753 1 0 1
-73.5996 33.9697 325.556 -15.6774 8.58726 71.5634 2.02052 -13 3754 1 0 1
-22.4796 7.59699 325.556 -4.89987 2.03032 69.7145 0.867338 -13 3755 1 0 1
9.27886 33.729 325.556 1.24206 8.80211 79.0194 2.62823 -13 3756 1 0 1
76.4905 -15.2057 325.556 13.2111 -2.7695 60.6988 0.371271 -13 3757 1 0 1
-14.8466 14.4697 325.556 -1.98773 2.75389 54.5118 3.66532 -13 3758 1 0 1
32.8987 20.3019 325.556 6.30304 4.75204 67.5898 0.660803 -13 3759 1 0 1
41.3677 7.73644 325.556 5.95664 0.958203 48.7054 3.59394 -13 3760 1 0 1
-24.8696 -15.7917 325.556 -5.07097 -3.47537 68.1158 1.19071 -13 3761 1 0 1
3.57598 56.2367 325.556 0.360392 13.6698 72.2244 2.33098 -13 3762 1 0 1
18.1984 8.69395 325.556 3.37987 2.19585 64.2131 0.727763 -13 3763 1 0 1
-7.66684 40.869 325.556 -1.72162 10.1401 68.0064 1.9905 -13 3764 1 0 1
-15.4891 65.3128 325.556 -2.89348 14.6153 64.5757 3.70333 -13 3765 1 0 1
37.3613 -42.3462 325.556 6.36616 -8.81842 58.0782 2.18899 -13 3766 1 0 1
-60.2694 -8.95049 325.556 -12.3292 -2.62822 69.1946 1.64242 -13 3767 1 0 1
81.8395 8.53106 325.556 10.407 1.74518 45.5132 1.86022 -13 3768 1 0 1
-12.3805 13.8388 325.556 -1.51625 2.63875 51.7835 0.825795 -13 3769 1 0 1
-6.17716 34.248 325.556 -0.98301 7.50259 62.4381 -0.381669 -13 3770 1 0 1
21.6443 26.2267 325.556 3.88255 5.64451 60.9123 2.6402 -13 3771 1 0 1
38.1194 3.62252 325.556 6.20054 0.905139 54.4067 1.81308 -13 3772 1 0 1
-18.8812 -133.856 325.556 -2.73043 -25.3723 53.7551 1.44045 -13 3774 1 0 1
-31.9569 -28.8739 325.556 -4.9524 -5.45965 57.098 1.84491 -13 3775 1 0 1
36.5024 -6.30823 325.556 5.34245 -1.0564 49.8407 3.82239 -13 3776 1 0 1
-49.8396 -24.651 325.556 -8.87913 -5.41065 61.8545 3.40016 -13 3777 1 0 1
-4.15873 48.0574 325.556 -1.31425 12.086 72.8994 1.21466 -13 3778 1 0 1
19.7245 19.8919 325.556 3.22648 4.18216 54.5375 2.32444 -13 3779 1 0 1
42.9661 -48.8176 325.556 6.69591 -9.26166 53.6297 3.03232 -13 3780 1 0 1
-7.95427 26.2103 325.556 -1.22356 5.4899 58.6643 1.1469 -13 3781 1 0 1
-1.88969 17.9091 325.556 -0.570772 4.63734 68.8858 2.18615 -13 3782 1 0 1
-26.4169 -63.307 325.556 -5.18846 -14.7365 65.5379 1.05018 -13 3783 1 0 1
25.3379 19.7668 325.556 4.79103 4.47905 64.6207 0.365589 -13 3784 1 0 1
-7.91454 14.5037 325.556 -1.49168 3.49732 64.2522 0.822044 -13 3785 1 0 1
-32.1577 -45.2937 325.556 -6.43195 -10.1321 67.4052 0.559633 -13 3786 1 0 1
0.657762 47.1789 325.556 -0.230927 11.3686 73.2823 3.43066 -13 3787 1 0 1
24.6695 5.94415 325.556 4.38761 1.38845 63.2698 2.96276 -13 3788 1 0 1
-40.9428 4.09969 325.556 -8.69917 1.13796 70.9635 2.62071 -13 3789 1 0 1
-25.9365 63.9649 325.556 -4.66108 13.7847 62.2373 4.35497 -13 3791 1 0 1
10.2227 -81.0716 325.556 1.10484 -9.58305 31.2702 3.70261 -13 3792 1 0 1
-63.7083 12.2029 325.556 -11.8268 2.45639 64.4555 2.7873 -13 3794 1 0 1
-55.6189 17.7097 325.556 -8.71741 3.79322 56.4668 2.98084 -13 3795 1 0 1
-66.3466 -17.5904 325.556 -11.3196 -3.63139 59.9573 3.10453 -13 3796 1 0 1
23.3802 -9.43613 325.556 4.14887 -1.84808 61.3837 3.21274 -13 3797 1 0 1
-9.28295 55.57 325.556 -3.14445 15.5592 77.3902 3.46435 -13 3798 1 0 1
-19.8429 -38.7824 325.556 -3.90331 -9.06898 67.0645 1.80983 -13 3799 1 0 1
123.069 -105.36 325.556 13.7611 -15.5514 41.1088 3.44147 -13 3800 1 0 1
-4.72667 2.66048 325.556 -1.67403 0.915469 76.5097 2.54238 -13 3801 1 0 1
-32.7782 39.4109 325.556 -4.48663 7.06345 50.6366 2.85034 -13 3802 1 0 1
-24.4411 -6.87052 325.556 -5.43506 -2.24957 71.7537 0.34636 -13 3803 1 0 1
-20.6589 43.534 325.556 -1.02305 4.10865 24.8298 6.66095 -13 3804 1 0 1
-21.2162 -3.45747 325.556 -3.79457 -0.903673 62.746 0.834175 -13 3805 1 0 1
26.5996 -6.22317 325.556 3.66596 -1.40245 44.603 2.81931 -13 3806 1 0 1
-39.3257 -27.0459 325.556 -8.13056 -6.71182 69.526 1.75428 -13 3807 1 0 1
50.4574 -25.392 325.556 8.63757 -5.06899 59.5782 4.86064 -13 3808 1 0 1
-34.3774 0.143414 325.556 -7.28538 -0.0995571 70.518 0.416365 -13 3809 1 0 1
-12.0109 41.9961 325.556 -1.58883 8.22114 53.9652 2.03278 -13 3810 1 0 1
-11.6357 -2.94545 325.556 -2.46431 -0.562428 68.1939 1.57538 -13 3811 1 0 1
25.7826 -63.7594 325.556 4.91624 -15.4189 69.8248 2.53872 -13 3812 1 0 1
58.0155 13.5352 325.556 9.1953 2.37209 55.4539 4.57593 -13 3813 1 0 1
-37.0718 8.0288 325.556 -6.29597 1.31533 59.6675 1.22184 -13 3814 1 0 1
-71.0739 28.6125 325.556 -16.2331 7.45095 75.4197 1.81103 -13 3815 1 0 1
33.1823 -59.4847 325.556 4.2746 -9.24083 43.9806 1.85466 -13 3816 1 0 1
0.217228 -40.8405 325.556 0.0521514 -8.76224 62.589 1.51604 -13 3817 1 0 1
19.0782 5.32394 325.556 3.63812 1.43628 68.0156 1.94861 -13 3818 1 0 1
-2.208 12.5476 325.556 -0.169876 2.6054 57.0691 2.86705 -13 3819 1 0 1
52.7175 -18.9342 325.556 10.3263 -4.23292 69.34 2.4321 -13 3820 1 0 1
57.0865 57.638 325.556 9.28234 11.3976 57.2978 4.37557 -13 3821 1 0 1
15.168 -23.9558 325.556 2.87238 -5.84956 70.1953 0.815039 -13 3822 1 0 1
-60.2034 12.9565 325.556 -12.5843 3.05137 70.2962 0.852824 -13 3823 1 0 1
20.4577 -1.96489 325.556 3.59759 -0.418143 59.8543 4.03614 -13 3824 1 0 1
-4.01265 -2.57882 325.556 -0.733452 -0.677336 63.692 2.78477 -13 3825 1 0 1
-32.3416 -53.371 325.556 -5.21 -10.4483 57.7827 2.38711 -13 3826 1 0 1
26.7901 1.80002 325.556 3.26083 -0.0124181 40.4769 3.17477 -13 3827 1 0 1
21.2596 -0.846107 325.556 3.36415 -0.0880109 52.9306 3.87586 -13 3828 1 0 1
30.0361 19.1225 325.556 5.68143 4.44747 65.6293 0.0428474 -13 3829 1 0 1
42.1214 64.4019 325.556 7.4119 13.7089 60.3212 1.25418 -13 3830 1 0 1
28.2409 -77.884 325.556 3.67862 -12.5783 44.343 3.31898 -13 3831 1 0 1
-4.94403 -9.27682 325.556 -0.612651 -1.69673 54.0924 2.34929 -13 3832 1 0 1
12.9961 -32.0448 325.556 2.30381 -6.67546 61.3981 0.0100428 -13 3833 1 0 1
-18.8565 57.3245 325.556 -4.22282 13.17 69.8248 2.06152 -13 3834 1 0 1
2.45906 11.1946 325.556 0.178251 2.26582 71.9716 2.24961 -13 3835 1 0 1
-1.31057 -31.0639 325.556 -1.21715 -8.76862 80.1696 4.04448 -13 3836 1 0 1
29.5422 -43.6522 325.556 5.00705 -9.0503 58.0983 0.982604 -13 3837 1 0 1
23.9657 3.59832 325.556 3.60378 0.515968 50.7186 3.56876 -13 3838 1 0 1
65.6658 -28.3248 325.556 6.74538 -3.77001 36.4897 5.35495 -13 3840 1 0 1
-33.6074 79.7273 325.556 -4.73588 15.0713 52.472 3.85272 -13 3841 1 0 1
-17.5989 1.59733 325.556 -3.36907 0.81222 65.2147 1.1452 -13 3842 1 0 1
42.8539 0.551275 325.556 6.6155 0.156672 53.3621 3.99312 -13 3843 1 0 1
-90.5857 -4.97963 325.556 -14.8597 -0.891628 58.164 2.8417 -13 3844 1 0 1
-40.9394 -33.9879 325.556 -9.02274 -8.44641 72.2114 1.27295 -13 3845 1 0 1
-21.3495 -51.063 325.556 -4.93146 -12.6554 72.5643 1.03872 -13 3846 1 0 1
-52.6712 -57.6203 325.556 -5.3313 -8.20456 39.6188 3.19398 -13 3847 1 0 1
51.3923 0.319749 325.556 7.79832 0.229987 52.1551 2.19029 -13 3848 1 0 1
-67.6744 -15.3696 325.556 -12.5002 -3.13914 63.9 3.24321 -13 3849 1 0 1
-14.9135 104.264 325.556 -2.84199 23.2762 63.0023 2.39239 -13 3850 1 0 1
54.017 -3.45302 325.556 7.8823 -0.28471 50.4281 2.52928 -13 3851 1 0 1
55.5587 80.5512 325.556 5.8202 10.9436 37.3962 3.51555 -13 3852 1 0 1
-40.3796 -22.4917 325.556 -7.74264 -5.43458 64.8314 3.36494 -13 3853 1 0 1
-1.57492 0.805606 325.556 0.0626525 0.213681 42.4792 1.33854 -13 3854 1 0 1
12.5837 -59.2013 325.556 2.18612 -12.9937 61.4011 1.65245 -13 3855 1 0 1
3.0323 8.83224 325.556 0.604843 2.24916 58.9894 0.294436 -13 3856 1 0 1
24.5969 -15.8436 325.556 4.31742 -3.4062 60.5949 0.857306 -13 3857 1 0 1
18.9734 27.4949 325.556 3.26763 5.52112 60.1887 0.744876 -13 3858 1 0 1
2.47124 -27.7308 325.556 0.364753 -5.54116 65.5499 0.833491 -13 3859 1 0 1
-2.5644 -31.0103 325.556 -0.806571 -7.36427 72.8742 1.19563 -13 3860 1 0 1
24.7344 36.4411 325.556 4.57249 7.51222 65.4251 2.93943 -13 3861 1 0 1
9.89625 -6.08573 325.556 1.71352 -1.63679 59.0554 2.64757 -13 3862 1 0 1
-1.44002 -12.5131 325.556 -0.0164132 -2.31824 56.6323 2.5779 -13 3863 1 0 1
17.0013 -11.4247 325.556 1.27615 -0.94057 25.6418 3.91449 -13 3864 1 0 1
19.9443 -0.197831 325.556 3.93307 -0.107974 73.7377 1.48075 -13 3865 1 0 1
-45.8476 27.0805 325.556 -7.09829 5.54707 56.015 1.61566 -13 3866 1 0 1
30.6872 -63.0326 325.556 5.4231 -12.6293 61.5081 2.82824 -13 3867 1 0 1
-22.4864 3.17938 325.556 -2.8467 0.564842 50.5038 2.5926 -13 3868 1 0 1
-8.74821 -9.14278 325.556 -2.37569 -1.77035 75.1458 1.26762 -13 3869 1 0 1
-5.04717 -43.2998 325.556 -2.01358 -11.4314 79.1577 3.23959 -13 3870 1 0 1
-30.5813 -0.974105 325.556 -4.99908 0.0722841 58.1728 1.62065 -13 3871 1 0 1
-22.2558 44.2401 325.556 -5.30631 10.7859 74.2158 3.49456 -13 3872 1 0 1
-29.9386 -6.2695 325.556 -6.93113 -1.64936 73.8015 3.65932 -13 3873 1 0 1
-53.5004 -10.0152 325.556 -10.4604 -2.593 67.3578 3.56238 -13 3874 1 0 1
8.91938 59.977 325.556 1.21434 8.09658 37.7653 2.67242 -13 3875 1 0 1
28.0951 -3.42554 325.556 5.07494 -0.680973 62.6019 3.26852 -13 3876 1 0 1
-39.323 18.2307 325.556 -5.59055 3.21516 52.2809 0.772514 -13 3877 1 0 1
128.635 27.5541 325.556 17.2963 4.53007 49.0119 3.5657 -13 3878 1 0 1
-2.20153 -60.6281 325.556 -0.231955 -11.9359 55.8352 3.23016 -13 3879 1 0 1
-40.1705 -30.748 325.556 -7.83443 -7.28929 66.834 3.1648 -13 3880 1 0 1
18.1203 -19.7904 325.556 3.46823 -4.9939 73.3204 2.68414 -13 3881 1 0 1
-51.1481 -55.5398 325.556 -8.70807 -11.6915 60.0455 3.36529 -13 3882 1 0 1
46.6192 -78.441 325.556 7.67827 -15.9964 58.3981 3.49727 -13 3883 1 0 1
-4.02275 15.1771 325.556 -1.25238 4.01346 73.1909 1.72504 -13 3884 1 0 1
-15.2576 -34.1336 325.556 -4.06381 -9.22864 76.4263 -0.53917 -13 3886 1 0 1
-30.4343 69.1948 325.556 -5.63699 15.2155 63.3834 3.23068 -13 3887 1 0 1
3.27839 -42.0003 325.556 0.765442 -7.29047 49.0036 3.51859 -13 3888 1 0 1
-13.1535 2.30285 325.556 -2.55296 0.637658 65.5001 3.72774 -13 3889 1 0 1
-15.5237 -78.286 325.556 -1.62773 -13.0455 45.8403 2.60524 -13 3890 1 0 1
-10.8193 -19.531 325.556 -2.26127 -4.35789 67.6333 4.6206 -13 3891 1 0 1
-35.5822 -67.4569 325.556 -5.87752 -13.9943 58.3938 3.02544 -13 3892 1 0 1
-22.2743 25.9054 325.556 -5.02151 6.39329 72.3587 1.45859 -13 3893 1 0 1
-44.3354 62.8569 325.556 -5.25147 10.1454 45.7401 3.93739 -13 3894 1 0 1
9.61143 3.96282 325.556 1.73568 1.02849 71.8067 2.32037 -13 3895 1 0 1
5.6128 -29.8717 325.556 0.885793 -6.84115 67.5326 1.19826 -13 3896 1 0 1
-18.8175 66.0959 325.556 -3.12161 13.3442 58.2705 2.88908 -13 3897 1 0 1
69.912 -8.66587 325.556 12.7042 -1.91706 63.4003 3.90233 -13 3898 1 0 1
-87.0345 72.7183 325.556 -11.5332 12.2727 48.371 3.65539 -13 3899 1 0 1
-31.4833 17.2965 325.556 -6.98419 3.94321 72.1971 1.60015 -13 3900 1 0 1
59.8328 -102.468 325.556 7.64922 -16.3799 44.5025 1.16073 -13 3901 1 0 1
-11.2169 16.9362 325.556 -2.82333 3.96308 72.6203 2.36302 -13 3902 1 0 1
18.8932 116.67 325.556 2.57109 19.3911 44.635 1.74086 -13 3903 1 0 1
-21.3659 -41.3449 325.556 -3.13288 -7.86469 52.8071 4.58987 -13 3904 1 0 1
-31.6695 13.9027 325.556 -8.00036 4.24233 78.3812 1.88623 -13 3905 1 0 1
21.4121 76.7167 325.556 0.895262 5.13747 15.6972 7.56379 -13 3906 1 0 1
9.37364 -12.4001 325.556 1.6878 -2.52428 67.2307 0.955696 -13 3907 1 0 1
24.7237 -31.316 325.556 4.05136 -5.95815 55.614 3.08473 -13 3908 1 0 1
-34.6425 -4.09518 325.556 -7.95378 -0.911273 74.1522 2.4017 -13 3909 1 0 1
-14.8804 8.1522 325.556 -3.40231 2.04279 71.2852 2.04381 -13 3910 1 0 1
-67.081 -39.6741 325.556 -12.0091 -9.0279 61.9138 2.56428 -13 3911 1 0 1
-1.97236 21.8398 325.556 -0.408325 4.2606 66.0284 1.79297 -13 3912 1 0 1
-9.339 -51.4158 325.556 -0.966934 -8.37804 45.7037 3.78888 -13 3913 1 0 1
5.13154 -32.5322 325.556 0.994803 -6.76931 56.594 3.67388 -13 3914 1 0 1
5.39373 -9.60489 325.556 0.908036 -2.63458 64.5407 2.08816 -13 3915 1 0 1
-10.4596 23.1009 325.556 -1.73435 4.75991 60.7533 1.12043 -13 3916 1 0 1
-14.0543 42.6336 325.556 -2.73869 9.88075 64.5782 1.77341 -13 3917 1 0 1
21.0362 -22.3665 325.556 4.12756 -5.59058 73.7324 0.838034 -13 3918 1 0 1
-25.8634 30.3198 325.556 -6.38548 7.93221 76.3979 2.30122 -13 3919 1 0 1
21.0915 3.46605 325.556 3.95658 0.91594 67.225 2.46878 -13 3920 1 0 1
-51.8927 -10.0268 325.556 -11.9997 -2.55047 75.5244 1.90997 -13 3921 1 0 1
13.5208 -51.7447 325.556 1.31181 -6.02204 30.698 3.41876 -13 3922 1 0 1
-56.4886 -15.1099 325.556 -9.28898 -3.02377 58.1368 3.56662 -13 3923 1 0 1
48.0515 -39.4262 325.556 8.36337 -8.64115 61.4091 0.454409 -13 3924 1 0 1
-49.2728 42.1138 325.556 -8.84099 8.67892 61.8803 3.58354 -13 3925 1 0 1
43.5002 -62.0968 325.556 7.54948 -13.7232 60.5623 2.22858 -13 3926 1 0 1
-52.0569 -39.2759 325.556 -7.97545 -7.85885 55.3845 3.9306 -13 3927 1 0 1
-25.4404 -35.7417 325.556 -5.48132 -8.31552 69.9125 3.03971 -13 3928 1 0 1
11.6564 -18.5002 325.556 2.08838 -3.68348 56.0477 1.76799 -13 3929 1 0 1
0.398244 -61.4276 325.556 -0.93344 -15.9812 77.8149 0.919015 -13 3930 1 0 1
15.1999 -42.1059 325.556 2.91532 -10.0074 67.9002 -0.632773 -13 3931 1 0 1
18.7606 6.78006 325.556 2.69188 1.49586 46.8532 4.63247 -13 3932 1 0 1
-40.9571 -87.0219 325.556 -5.58714 -15.4931 50.1715 5.26942 -13 3933 1 0 1
-36.1273 5.63154 325.556 -6.82262 1.00012 64.9302 1.11814 -13 3935 1 0 1
-34.1035 -51.4315 325.556 -4.32991 -8.97254 47.716 2.83124 -13 3936 1 0 1
-4.65627 2.03362 325.556 -0.728172 0.623648 61.5351 3.09722 -13 3937 1 0 1
62.3597 -35.1056 325.556 10.216 -7.16054 57.1515 1.33939 -13 3938 1 0 1
63.701 65.6239 325.556 11.1864 14.0323 61.3939 3.00672 -13 3939 1 0 1
-43.5221 -6.20316 325.556 -9.60988 -0.906896 72.9198 1.5435 -13 3940 1 0 1
-44.6982 -14.2259 325.556 -6.21036 -2.69811 51.19 2.78738 -13 3941 1 0 1
9.35431 17.5868 325.556 1.65299 4.55229 69.5624 4.16553 -13 3942 1 0 1
21.754 -33.1321 325.556 4.05635 -8.15712 68.666 0.910476 -13 3943 1 0 1
-62.957 14.6322 325.556 -8.5373 2.44988 49.6908 2.35489 -13 3944 1 0 1
-44.705 -66.7176 325.556 -11.2038 -17.9571 77.0379 2.56142 -13 3945 1 0 1
-20.765 23.1087 325.556 -4.54737 6.05625 71.2612 -0.15247 -13 3946 1 0 1
-15.536 46.0735 325.556 -2.2519 9.02908 56.1466 2.70312 -13 3947 1 0 1
-68.2465 0.843675 325.556 -12.3637 0.370152 63.1704 2.73817 -13 3948 1 0 1
10.6215 -52.22 325.556 1.90352 -10.4098 58.5194 1.30408 -13 3949 1 0 1
77.1413 -27.8907 325.556 12.1659 -5.35948 55.014 2.65902 -13 3950 1 0 1
-27.2108 -59.0611 325.556 -5.13609 -13.3403 64.5985 2.24752 -13 3951 1 0 1
158.809 -40.052 325.556 25.8853 -8.5357 58.5018 2.25095 -13 3952 1 0 1
8.74234 50.7941 325.556 1.63306 10.913 62.9753 3.2223 -13 3953 1 0 1
-0.20309 7.80432 325.556 0.0835649 1.97552 61.4728 3.91373 -13 3955 1 0 1
23.6884 -20.4984 325.556 4.42497 -4.51391 67.4928 1.53959 -13 3956 1 0 1
-12.8856 46.3856 325.556 -3.64581 12.6001 77.7332 -0.0249117 -13 3958 1 0 1
33.4067 41.6914 325.556 4.68841 7.11259 47.1874 2.68667 -13 3959 1 0 1
28.3704 23.2597 325.556 5.63534 5.82555 73.2617 0.408678 -13 3960 1 0 1
-57.6059 1.5978 325.556 -9.39993 -0.0281773 58.2711 1.20544 -13 3961 1 0 1
-106.221 -15.4284 325.556 -22.7364 -3.60408 72.6156 0.20077 -13 3963 1 0 1
-19.4377 11.1153 325.556 -4.19646 2.08885 70.5835 1.64546 -13 3964 1 0 1
28.0733 2.86631 325.556 5.50054 0.575212 71.643 0.858938 -13 3965 1 0 1
-46.7919 34.447 325.556 -8.62536 7.41131 63.8168 1.46903 -13 3966 1 0 1
41.4516 -41.4269 325.556 7.9419 -9.72783 67.3321 1.65364 -13 3967 1 0 1
25.8058 30.9303 325.556 4.72856 7.02253 63.3247 2.89714 -13 3968 1 0 1
-1.56499 -3.87627 325.556 -0.214908 -0.896254 62.2104 3.81673 -13 3969 1 0 1
18.8229 -13.1176 325.556 3.41746 -2.37337 62.2021 2.38148 -13 3970 1 0 1
24.8872 -10.6432 325.556 3.74311 -1.79494 48.8494 3.2929 -13 3971 1 0 1
-3.2639 42.4709 325.556 -0.322939 8.83021 56.7092 2.72548 -13 3972 1 0 1
-11.9122 -38.1998 325.556 -1.44945 -6.7155 49.3133 1.54477 -13 3973 1 0 1
-32.831 -3.77447 325.556 -8.35473 -0.685815 78.4363 2.88952 -13 3974 1 0 1
-9.23033 29.9794 325.556 -3.11334 8.96971 79.6662 2.47153 -13 3975 1 0 1
-1.07158 18.7923 325.556 -0.994002 4.80641 79.2593 1.20509 -13 3976 1 0 1
7.73987 4.40999 325.556 1.35472 1.28039 63.0297 1.66882 -13 3977 1 0 1
-34.8095 -29.2455 325.556 -6.13244 -6.24752 61.3877 1.67282 -13 3978 1 0 1
-9.83955 -68.538 325.556 -2.32318 -16.6717 69.6592 1.79376 -13 3979 1 0 1
-51.1861 25.7261 325.556 -10.3089 5.32953 68.1937 2.02766 -13 3980 1 0 1
-27.6875 -13.8958 325.556 -4.72695 -2.93484 61.6873 -0.53308 -13 3981 1 0 1
7.07449 -16.6782 325.556 1.44855 -3.53491 69.3698 3.25231 -13 3982 1 0 1
-4.39669 -5.81916 325.556 -0.707481 -1.16981 60.5796 1.45524 -13 3984 1 0 1
79.1999 26.8532 325.556 15.6454 6.70827 69.8425 1.17462 -13 3985 1 0 1
52.4456 -66.5965 325.556 8.60669 -13.5246 57.3598 0.199313 -13 3986 1 0 1
-27.761 2.89734 325.556 -4.65615 0.550446 60.4669 2.54719 -13 3987 1 0 1
35.6917 -34.8069 325.556 7.25985 -8.5509 72.6594 0.355567 -13 3988 1 0 1
41.4391 15.4808 325.556 6.55181 3.07441 55.1862 3.06864 -13 3989 1 0 1
-54.4504 -16.213 325.556 -10.0141 -3.85297 63.9202 4.59066 -13 3990 1 0 1
16.5416 27.8099 325.556 2.94746 5.595 60.3695 0.136087 -13 3991 1 0 1
63.8153 18.0224 325.556 10.8093 3.88951 58.9487 1.94466 -13 3992 1 0 1
67.4703 -79.432 325.556 10.5378 -15.0392 54.297 0.321319 -13 3993 1 0 1
-3.81868 -23.4609 325.556 -1.27824 -5.95244 73.7074 1.73234 -13 3994 1 0 1
-7.72762 43.9224 325.556 -1.70932 9.72642 65.9969 3.42409 -13 3995 1 0 1
6.46706 81.5415 325.556 1.11867 18.339 66.3004 1.80552 -13 3996 1 0 1
-15.4014 -5.40444 325.556 -2.48642 -1.35048 58.2293 2.47108 -13 3997 1 0 1
3.39191 -19.6246 325.556 -0.0176185 -6.07579 78.8129 2.88428 -13 3998 1 0 1
6.32088 -57.971 325.556 1.10282 -12.4291 60.7456 2.79844 -13 3999 1 0 1
-63.3268 -45.9756 325.556 -9.78139 -8.80717 55.7782 1.90547 -13 4000 1 0 1
-59.8657 -36.7447 325.556 -6.59726 -5.41374 42.2184 2.24566 -13 4001 1 0 1
21.6255 -12.6298 325.556 3.23833 -1.93125 47.463 2.09622 -13 4002 1 0 1
-14.4261 41.4379 325.556 -2.60065 9.32978 63.6055 1.81456 -13 4003 1 0 1
-43.5432 7.99117 325.556 -9.00642 1.94825 69.445 1.93752 -13 4004 1 0 1
-35.5595 -14.8444 325.556 -6.86931 -3.81517 65.8812 2.70843 -13 4005 1 0 1
47.7622 -78.6522 325.556 7.72152 -15.6928 56.2794 2.53076 -13 4006 1 0 1
-5.92611 11.2386 325.556 -2.27252 2.83765 78.3595 3.71026 -13 4007 1 0 1
-11.1348 -48.3775 325.556 -1.12636 -7.98065 46.1605 1.3985 -13 4008 1 0 1
8.77984 62.0723 325.556 1.52049 12.1352 55.2565 0.73947 -13 4009 1 0 1
42.742 32.7984 325.556 7.36232 7.12107 59.9047 2.23111 -13 4010 1 0 1
6.95845 -30.4535 325.556 1.30921 -6.69212 63.7403 3.1338 -13 4011 1 0 1
-24.256 11.0736 325.556 -5.54666 2.73237 72.3236 -0.304131 -13 4012 1 0 1
-57.484 1.07178 325.556 -8.6348 0.610345 54.0372 2.83331 -13 4013 1 0 1
-33.6086 13.253 325.556 -7.50313 3.1127 72.7226 0.667804 -13 4014 1 0 1
5.62764 35.282 325.556 1.03737 8.07104 65.5094 3.92406 -13 4015 1 0 1
23.3523 -6.28071 325.556 4.53631 -1.59215 68.1777 1.78495 -13 4016 1 0 1
-26.3153 21.9419 325.556 -4.95681 4.68618 64.5013 2.18159 -13 4017 1 0 1
-74.7056 24.2274 325.556 -13.398 5.67424 62.6536 3.504 -13 4018 1 0 1
12.2085 57.0464 325.556 2.24086 12.5035 62.8412 1.73634 -13 4019 1 0 1
29.5098 -24.732 325.556 4.89359 -4.62406 56.6623 2.36956 -13 4020 1 0 1
-36.343 34.037 325.556 -8.69676 8.95398 75.6548 2.10627 -13 4021 1 0 1
66.2804 -40.4004 325.556 14.3066 -10.8303 78.289 1.25716 -13 4022 1 0 1
30.3882 -24.8493 325.556 4.57148 -4.16317 50.3821 2.44621 -13 4023 1 0 1
-58.4276 -7.01032 325.556 -11.772 -1.42185 68.5238 3.09557 -13 4024 1 0 1
-29.9839 30.1768 325.556 -6.68141 7.10618 71.8727 -0.336882 -13 4025 1 0 1
37.7315 -5.01856 325.556 7.07558 -1.24337 64.5484 1.0323 -13 4026 1 0 1
-21.5248 37.6776 325.556 -3.89454 8.45272 62.8778 2.47913 -13 4027 1 0 1
0.561728 17.8788 325.556 -0.549882 5.01346 78.1248 3.56272 -13 4028 1 0 1
-1.24437 -20.6071 325.556 -0.178649 -4.22542 58.9006 2.3962 -13 4029 1 0 1
-42.0755 -97.7661 325.556 -5.8999 -17.5656 51.2206 3.13017 -13 4030 1 0 1
-34.469 -1.65357 325.556 -6.608 -0.161688 65.3712 1.07736 -13 4031 1 0 1
101.278 -36.7031 325.556 15.1218 -6.60512 53.0473 4.10418 -13 4032 1 0 1
-9.50259 -6.60828 325.556 -2.06799 -1.39154 68.3636 -0.679722 -13 4033 1 0 1
-49.4025 -45.5901 325.556 -10.2179 -10.8322 69.1593 2.34796 -13 4034 1 0 1
-0.422678 12.6701 325.556 -0.451892 2.88051 73.7644 1.75715 -13 4035 1 0 1
14.5214 13.0486 325.556 2.67426 3.17874 65.1698 4.56132 -13 4036 1 0 1
-31.5742 25.2582 325.556 -6.76697 5.62701 70.8563 1.06732 -13 4037 1 0 1
16.0409 -10.622 325.556 2.53077 -1.96525 51.6362 1.90211 -13 4038 1 0 1
-19.1369 -56.0741 325.556 -2.47429 -9.65466 49.8886 0.767766 -13 4039 1 0 1
-4.2427 11.3338 325.556 -0.264164 1.88201 50.9497 3.41852 -13 4040 1 0 1
-61.3561 -4.01307 325.556 -10.4441 -1.15423 59.7361 5.08698 -13 4041 1 0 1
7.02174 82.8903 325.556 1.05877 20.2899 69.9469 1.56582 -13 4042 1 0 1
27.6395 -36.8862 325.556 4.99938 -8.08835 64.014 1.73662 -13 4043 1 0 1
50.4036 14.3675 325.556 9.12267 3.51496 63.4628 4.64543 -13 4044 1 0 1
-28.1929 22.5735 325.556 -7.39043 6.26832 78.2284 0.0361358 -13 4045 1 0 1
-44.2493 -60.7772 325.556 -7.80893 -13.0696 61.3722 1.63428 -13 4046 1 0 1
-34.286 -13.616 325.556 -3.81343 -2.27346 44.1778 1.83442 -13 4047 1 0 1
44.6707 0.690052 325.556 4.65738 -0.0197514 35.3735 3.41976 -13 4048 1 0 1
7.50759 20.7181 325.556 1.04533 5.19111 75.4804 3.01488 -13 4049 1 0 1
-25.6041 -16.1318 325.556 -5.42058 -3.69583 69.5818 1.68852 -13 4050 1 0 1
-8.52034 4.59708 325.556 -1.99902 1.19379 70.9588 2.57224 -13 4051 1 0 1
10.4823 -67.8638 325.556 1.91308 -15.0634 65.589 2.39775 -13 4052 1 0 1
8.91307 51.048 325.556 1.55229 9.75621 53.8296 2.94616 -13 4053 1 0 1
-58.7372 -69.4454 325.556 -11.2708 -15.4741 65.5769 1.43076 -13 4054 1 0 1
40.2312 -76.9416 325.556 6.95239 -16.2469 59.9472 3.28551 -13 4055 1 0 1
17.7761 -72.8782 325.556 3.20688 -16.7985 66.5477 3.41411 -13 4056 1 0 1
47.9114 -0.623813 325.556 7.84363 0.211297 56.0481 1.92739 -13 4057 1 0 1
-53.113 -30.7962 325.556 -11.3473 -8.06566 70.85 2.47574 -13 4058 1 0 1
-27.3675 -11.6552 325.556 -5.04833 -2.95054 63.0217 2.44819 -13 4059 1 0 1
5.83141 -24.6432 325.556 0.994595 -4.99488 63.0275 3.31564 -13 4060 1 0 1
24.9376 -25.8573 325.556 4.256 -5.34139 56.6093 1.50335 -13 4062 1 0 1
21.7479 -70.7151 325.556 3.34724 -12.9399 51.4438 1.76424 -13 4063 1 0 1
0.666777 -43.5706 325.556 0.102786 -10.8843 67.4484 0.994567 -13 4064 1 0 1
11.0035 -2.94421 325.556 1.89492 -0.600532 67.7616 2.05227 -13 4065 1 0 1
2.19434 -21.1576 325.556 0.187926 -4.66563 70.068 2.52976 -13 4066 1 0 1
22.9743 36.3832 325.556 4.33058 8.66656 68.1017 5.77333 -13 4067 1 0 1
21.3045 43.7679 325.556 4.10321 10.7991 71.2317 0.271312 -13 4068 1 0 1
-9.404 -36.4744 325.556 -1.93493 -8.58776 66.494 2.26376 -13 4069 1 0 1
3.4289 62.9108 325.556 0.231681 16.2539 70.8962 0.941897 -13 4070 1 0 1
1.02163 19.5808 325.556 0.182961 4.95657 67.9178 -0.109448 -13 4071 1 0 1
-18.2836 -128.846 325.556 -1.40957 -16.9612 34.9605 4.92181 -13 4072 1 0 1
-42.2512 27.1987 325.556 -8.82017 6.73432 69.7787 3.42218 -13 4073 1 0 1
12.7563 -27.9168 325.556 2.20415 -5.97081 56.5567 0.0953436 -13 4074 1 0 1
12.9109 71.0889 325.556 1.46511 8.99184 33.8788 1.99169 -13 4075 1 0 1
-27.5518 44.2168 325.556 -2.96695 6.67897 43.1564 2.27682 -13 4076 1 0 1
38.8281 -62.6388 325.556 5.04828 -9.99305 44.3632 1.3386 -13 4077 1 0 1
-61.375 -46.0772 325.556 -12.2834 -10.8705 68.1754 3.32835 -13 4078 1 0 1
4.31939 -0.264608 325.556 0.902474 -0.213622 52.6848 1.97376 -13 4079 1 0 1
0.238449 -48.7129 325.556 -0.525687 -12.9063 75.6762 -0.269726 -13 4080 1 0 1
-17.3608 6.38122 325.556 -2.879 1.16735 60.2968 2.4715 -13 4081 1 0 1
-8.56428 22.6352 325.556 -2.02299 5.50567 69.9435 1.79241 -13 4082 1 0 1
-15.4595 17.8451 325.556 -3.18237 3.77597 67.6796 2.80667 -13 4083 1 0 1
-33.9876 -23.2347 325.556 -5.55648 -4.92784 58.0882 2.7324 -13 4084 1 0 1
89.3153 -10.9225 325.556 12.86 -1.33103 51.1776 0.323249 -13 4085 1 0 1
-15.086 -38.3637 325.556 -2.41894 -7.80555 59.653 -0.978326 -13 4086 1 0 1
77.7939 54.7299 325.556 10.7891 9.56803 48.9409 2.90548 -13 4087 1 0 1
10.6882 23.1044 325.556 1.9087 5.04881 64.1778 3.4108 -13 4088 1 0 1
1.21996 40.1168 325.556 0.425424 7.74737 52.1145 2.13693 -13 4089 1 0 1
-15.7997 -24.8736 325.556 -3.80323 -6.32348 74.3439 1.08704 -13 4090 1 0 1
-33.8333 -27.0374 325.556 -7.16202 -6.23304 69.6144 0.49873 -13 4091 1 0 1
-7.82845 -72.1626 325.556 -1.29285 -15.2815 61.2574 1.56736 -13 4092 1 0 1
-13.1353 -36.8136 325.556 -3.77746 -9.47778 77.8316 1.05219 -13 4093 1 0 1
-46.5744 70.3231 325.556 -8.01534 14.7101 60.0954 0.685966 -13 4094 1 0 1
-14.0983 71.9878 325.556 -2.30258 15.1342 60.2618 2.65415 -13 4095 1 0 1
-27.809 60.1311 325.556 -6.40029 15.4727 73.1361 1.9335 -13 4096 1 0 1
20.9834 -49.5611 325.556 4.00137 -12.4544 71.9535 1.31721 -13 4097 1 0 1
33.7792 42.4358 325.556 6.90206 11.3549 75.9806 0.399145 -13 4098 1 0 1
-29.6698 -11.3681 325.556 -5.74232 -2.54754 66.5061 2.41849 -13 4099 1 0 1
64.4737 -23.1646 325.556 11.9427 -5.36848 64.2951 0.175269 -13 4100 1 0 1
2.09809 -13.9497 325.556 -0.0883208 -3.71605 75.1796 1.70641 -13 4101 1 0 1
-41.7424 35.9772 325.556 -9.40153 8.67202 73.6279 0.114375 -13 4103 1 0 1
-54.541 67.981 325.556 -12.1828 17.2222 73.2299 0.66694 -13 4105 1 0 1
-16.3575 76.9158 325.556 -3.85215 19.2086 72.4938 -0.0689897 -13 4106 1 0 1
-34.1501 38.7832 325.556 -6.82895 8.55079 67.1403 3.00851 -13 4107 1 0 1
64.6331 8.11339 325.556 10.1706 1.48911 55.0693 3.3715 -13 4108 1 0 1
-9.76257 25.0866 325.556 -2.44208 6.11246 72.3626 2.35415 -13 4109 1 0 1
4.28513 4.30877 325.556 0.778209 1.58095 65.5147 3.36866 -13 4110 1 0 1
-40.6668 -23.1284 325.556 -9.31544 -5.67682 74.0881 2.96038 -13 4111 1 0 1
-13.7261 43.2561 325.556 -1.6715 7.46601 48.1507 2.11214 -13 4112 1 0 1
-39.8096 6.84841 325.556 -5.74726 1.30273 53.2376 3.60396 -13 4113 1 0 1
66.3756 3.01641 325.556 5.74716 0.481109 32.1683 2.3776 -13 4114 1 0 1
-110.947 -33.927 325.556 -20.151 -7.26817 63.2607 4.09603 -13 4115 1 0 1
-36.8831 16.6914 325.556 -8.53675 4.18698 74.3724 3.06536 -13 4116 1 0 1
-87.5937 30.7265 325.556 -20.982 7.87183 76.7202 2.21286 -13 4117 1 0 1
30.2821 -22.9813 325.556 5.99949 -5.49743 71.3613 4.60244 -13 4118 1 0 1
-50.2563 -21.7379 325.556 -11.8824 -6.03505 76.3993 1.86769 -13 4119 1 0 1
104.144 -23.7581 325.556 20.5134 -5.18492 69.8217 0.714545 -13 4120 1 0 1
-39.7034 -28.7241 325.556 -6.7839 -6.27967 59.856 1.73593 -13 4122 1 0 1
35.0495 50.1789 325.556 5.97229 10.224 57.4843 0.612961 -13 4123 1 0 1
10.121 -39.0436 325.556 1.63061 -6.73373 49.3258 2.08593 -13 4124 1 0 1
-39.2432 20.2519 325.556 -8.1864 4.64245 69.2159 0.609523 -13 4125 1 0 1
13.4362 31.8773 325.556 2.52446 7.65948 69.5076 0.479906 -13 4126 1 0 1
-22.0992 -101.175 325.556 -2.49825 -16.5316 45.1135 2.10983 -13 4127 1 0 1
112.956 -15.9419 325.556 14.0135 -2.66007 44.8586 -0.367873 -13 4128 1 0 1
49.482 29.8225 325.556 6.8068 5.16145 47.8561 3.26989 -13 4130 1 0 1
-55.7122 18.4113 325.556 -9.26481 4.00282 58.7239 2.35712 -13 4131 1 0 1
109.823 -111.878 325.556 11.9761 -16.4084 39.8219 1.02861 -13 4133 1 0 1
16.3895 8.3504 325.556 2.96854 1.64324 59.5341 3.33549 -13 4134 1 0 1
-3.85842 50.0042 325.556 -1.39567 12.511 74.6222 1.33487 -13 4135 1 0 1
-46.544 30.163 325.556 -5.75631 5.13506 45.9182 0.131875 -13 4136 1 0 1
-110.425 -134.904 325.556 -12.7447 -20.7254 42.8886 2.54133 -13 4137 1 0 1
15.5222 -93.7827 325.556 2.37716 -17.5315 52.2899 2.55766 -13 4138 1 0 1
-1.18529 -41.2256 325.556 -0.108227 -8.25344 57.2989 2.13533 -13 4139 1 0 1
-24.0984 -3.09601 325.556 -6.2338 -0.639913 78.1329 1.59861 -13 4140 1 0 1
-8.03924 8.20886 325.556 -1.92097 2.29391 70.3994 -1.09449 -13 4141 1 0 1
21.6712 -71.2321 325.556 2.74389 -10.4121 42.3261 1.85821 -13 4142 1 0 1
-22.877 -63.7283 325.556 -3.38636 -12.0119 54.1978 0.852167 -13 4143 1 0 1
-18.0722 21.099 325.556 -3.29656 4.87418 63.4434 3.31488 -13 4144 1 0 1
30.3114 -31.1533 325.556 5.95251 -7.34534 70.6481 2.32715 -13 4145 1 0 1
24.0525 188.403 325.556 2.53416 25.5497 35.2493 4.96808 -13 4146 1 0 1
-29.925 -31.9956 325.556 -6.11635 -7.10681 68.1068 1.16006 -13 4147 1 0 1
10.7711 -17.1971 325.556 1.851 -4.6614 77.0942 1.10595 -13 4148 1 0 1
23.6964 -23.4271 325.556 4.47717 -5.3696 67.6262 1.75736 -13 4149 1 0 1
16.7857 10.1202 325.556 2.93587 1.90072 58.9893 1.81004 -13 4150 1 0 1
11.863 31.2281 325.556 2.00409 5.88859 51.4893 3.68291 -13 4151 1 0 1
-27.5238 -3.09244 325.556 -5.60994 -0.658305 68.3683 3.3104 -13 4152 1 0 1
-16.7865 -41.8675 325.556 -2.59011 -8.71524 56.1621 1.49894 -13 4153 1 0 1
73.2004 22.6508 325.556 10.831 4.32613 51.2162 1.7498 -13 4154 1 0 1
-29.3902 -60.705 325.556 -5.91671 -14.0646 66.7966 -0.245203 -13 4155 1 0 1
0.127732 -5.49051 325.556 -0.322641 -1.38203 71.0194 1.6969 -13 4156 1 0 1
47.946 35.037 325.556 9.48322 8.72349 70.9611 3.30954 -13 4157 1 0 1
-21.6233 -23.7982 325.556 -3.93497 -4.9611 63.2442 2.46376 -13 4158 1 0 1
-2.50481 9.46523 325.556 -0.093123 1.78154 48.4792 2.3265 -13 4159 1 0 1
3.71479 -7.74384 325.556 0.517122 -1.56132 69.7599 2.48817 -13 4160 1 0 1
-14.2378 -59.4904 325.556 -2.42253 -11.9181 59.8533 3.59028 -13 4161 1 0 1
45.7045 33.5666 325.556 9.0631 8.15285 70.0017 0.949826 -13 4162 1 0 1
-18.7158 1.3362 325.556 -4.98693 0.24832 78.0866 1.08621 -13 4163 1 0 1
84.0353 2.88057 325.556 11.8584 0.54359 49.8729 2.20005 -13 4164 1 0 1
76.0418 16.7978 325.556 12.6172 3.58265 57.6292 0.78178 -13 4165 1 0 1
11.5244 10.1578 325.556 2.12091 2.05441 57.6059 2.78753 -13 4166 1 0 1
41.6999 35.8224 325.556 7.62458 8.18101 64.4596 4.12817 -13 4167 1 0 1
-1.6289 -60.6757 325.556 -0.268656 -13.018 62.4407 1.78464 -13 4168 1 0 1
-92.3331 26.4694 325.556 -7.02422 3.25393 32.266 4.58134 -13 4169 1 0 1
37.6215 -0.83415 325.556 6.64462 -0.0688253 60.1123 2.8781 -13 4170 1 0 1
-6.58277 -31.775 325.556 -1.38382 -7.63957 66.4889 -0.0141392 -13 4171 1 0 1
-9.24164 10.0373 325.556 -1.72343 2.51239 63.0743 2.22993 -13 4172 1 0 1
16.5445 67.4773 325.556 3.06195 15.85 69.0771 1.99915 -13 4173 1 0 1
17.0028 29.7732 325.556 2.87582 6.05597 56.7982 2.5651 -13 4174 1 0 1
-39.6709 -41.7845 325.556 -6.7128 -8.78308 59.9458 2.54822 -13 4175 1 0 1
-0.707608 18.47 325.556 -0.146496 4.21995 66.9539 -0.0308396 -13 4176 1 0 1
51.3522 -14.8393 325.556 8.03896 -2.89678 54.1787 0.777426 -13 4177 1 0 1
-60.5294 -57.1596 325.556 -9.01747 -10.6986 53.5799 3.44648 -13 4178 1 0 1
-36.9211 -49.5721 325.556 -7.71369 -11.3049 68.9633 0.564405 -13 4179 1 0 1
31.4207 -1.23641 325.556 5.85696 -0.0886588 65.1361 2.33164 -13 4180 1 0 1
8.65566 15.8377 325.556 1.22209 4.63132 78.0947 1.88307 -13 4181 1 0 1
15.6495 42.2183 325.556 2.95278 9.76636 67.0436 -0.912434 -13 4182 1 0 1
31.2276 28.6346 325.556 6.0177 7.06576 68.7934 3.01857 -13 4183 1 0 1
-9.11199 11.2785 325.556 -2.18045 2.76863 70.4434 -0.956769 -13 4184 1 0 1
-9.86929 -6.78559 325.556 -2.03865 -1.41031 66.8368 2.04414 -13 4185 1 0 1
-12.3406 75.3786 325.556 -2.60224 16.9602 66.3652 1.24064 -13 4186 1 0 1
25.5563 -9.35531 325.556 4.93136 -1.77385 68.6077 1.88504 -13 4187 1 0 1
94.3764 26.3159 325.556 13.0231 4.77966 49.2225 3.63777 -13 4188 1 0 1
-7.08231 27.9091 325.556 -2.36024 6.86009 78.5555 0.71986 -13 4189 1 0 1
19.4696 -7.32015 325.556 3.47897 -1.30482 57.7919 3.82006 -13 4190 1 0 1
-13.9344 -79.1507 325.556 -1.76226 -14.2132 51.1066 1.7688 -13 4191 1 0 1
12.6766 -65.4279 325.556 2.10471 -17.9939 79.0232 0.874732 -13 4192 1 0 1
-23.1183 -28.0922 325.556 -5.00011 -6.69783 70.1341 2.43889 -13 4193 1 0 1
-29.7482 86.2831 325.556 -3.64316 14.4819 46.8636 2.93876 -13 4194 1 0 1
-19.2731 -64.5641 325.556 -2.35402 -11.6412 49.3496 2.22562 -13 4195 1 0 1
-16.2843 -0.601069 325.556 -4.92015 -0.150907 80.4644 1.30945 -13 4196 1 0 1
-5.21159 -17.7551 325.556 -1.16041 -3.83352 69.3196 4.32551 -13 4197 1 0 1
-10.3417 7.50317 325.556 -2.76925 1.66103 74.5249 2.2738 -13 4198 1 0 1
52.157 -11.949 325.556 8.67169 -2.27917 57.6341 2.05172 -13 4199 1 0 1
-8.42568 -10.7292 325.556 -2.63632 -1.80419 77.898 2.75161 -13 4200 1 0 1
-30.3355 14.9755 325.556 -4.05548 2.74309 49.9282 3.456 -13 4201 1 0 1
0.795798 44.7521 325.556 0.254502 9.42186 57.4119 3.50644 -13 4202 1 0 1
-90.2266 63.8682 325.556 -15.9313 13.6462 61.7782 2.3343 -13 4203 1 0 1
-25.0412 -7.9621 325.556 -4.60687 -2.22246 64.4117 0.488766 -13 4204 1 0 1
-56.7307 -8.67181 325.556 -9.96568 -2.06287 61.3653 1.2608 -13 4205 1 0 1
-62.8914 -15.8137 325.556 -13.1958 -3.89094 70.467 4.28261 -13 4206 1 0 1
-8.99457 18.5515 325.556 -2.14567 4.37988 71.2036 1.59383 -13 4207 1 0 1
-13.8194 12.0737 325.556 -2.90631 2.75551 68.4943 1.65769 -13 4208 1 0 1
-56.3204 -22.4134 325.556 -11.356 -5.15125 68.0177 0.0973956 -13 4210 1 0 1
-29.4775 -9.59444 325.556 -6.56302 -2.15498 72.6039 0.679667 -13 4211 1 0 1
-15.3826 48.6836 325.556 -3.46446 12.5507 71.2128 1.72015 -13 4212 1 0 1
13.7712 -49.036 325.556 2.53416 -12.1627 69.7387 2.1758 -13 4213 1 0 1
-1.1901 46.6632 325.556 0.0973474 8.28247 49.3075 3.22044 -13 4214 1 0 1
-60.7059 18.6383 325.556 -10.0405 3.14332 58.5784 2.19384 -13 4215 1 0 1
46.1746 8.81741 325.556 7.83441 1.96864 58.8719 2.9992 -13 4216 1 0 1
77.134 -1.66478 325.556 9.53951 -0.422222 44.0914 3.40573 -13 4217 1 0 1
-37.1086 10.1269 325.556 -4.23386 1.16002 43.8388 2.85278 -13 4218 1 0 1
-21.4165 28.0224 325.556 -4.24469 6.38034 66.0282 0.610829 -13 4219 1 0 1
6.64668 -5.74767 325.556 1.02242 -0.935635 72.4569 2.39389 -13 4220 1 0 1
-22.0289 -17.4825 325.556 -4.66193 -4.2278 69.3405 0.658539 -13 4221 1 0 1
-29.519 -135.346 325.556 -4.52053 -25.8117 53.83 1.50859 -13 4222 1 0 1
-46.6986 14.0402 325.556 -10.9202 4.19112 75.978 1.02077 -13 4223 1 0 1
32.2828 -19.4512 325.556 6.02655 -4.407 66.8772 4.22412 -13 4224 1 0 1
-32.0763 38.7844 325.556 -7.12708 9.94073 72.7691 3.62297 -13 4225 1 0 1
-24.3482 -29.6139 325.556 -4.75815 -6.67745 65.3728 2.18871 -13 4226 1 0 1
5.72184 18.1026 325.556 0.965927 4.15967 67.2851 6.11751 -13 4227 1 0 1
-37.024 44.4858 325.556 -5.10407 8.06006 51.1202 0.817743 -13 4228 1 0 1
5.14198 -14.8513 325.556 0.83476 -4.0089 68.6842 2.14183 -13 4229 1 0 1
-25.7656 -18.2004 325.556 -4.50753 -3.66848 60.8072 1.55711 -13 4230 1 0 1
3.62492 111.398 325.556 0.456391 25.6882 64.6373 1.39314 -13 4231 1 0 1
6.31506 22.1402 325.556 0.871126 2.74978 35.2279 3.71535 -13 4232 1 0 1
-31.2396 30.4886 325.556 -6.05975 6.76634 66.0581 2.4851 -13 4233 1 0 1
28.0752 -25.9488 325.556 5.57731 -6.74711 72.382 1.31794 -13 4234 1 0 1
-36.5847 -121.504 325.556 -4.79141 -20.9112 48.0468 2.77738 -13 4235 1 0 1
-14.2428 17.6721 325.556 -2.93697 4.67793 67.3649 2.8443 -13 4236 1 0 1
-53.6251 -26.6702 325.556 -10.052 -5.75723 64.7453 1.74544 -13 4237 1 0 1
20.1156 44.0347 325.556 3.62483 10.2971 64.0198 2.34738 -13 4238 1 0 1
-19.339 -28.7122 325.556 -4.61931 -7.8113 73.821 1.39225 -13 4239 1 0 1
-35.7857 -19.2952 325.556 -6.75847 -4.22694 64.9018 3.53052 -13 4240 1 0 1
-10.8972 -26.3348 325.556 -3.64204 -7.32061 80.2809 2.45237 -13 4241 1 0 1
-2.69747 -86.6306 325.556 -1.44339 -22.8398 76.2332 2.53595 -13 4242 1 0 1
9.46102 -52.4258 325.556 1.70961 -10.8238 61.4688 2.59851 -13 4243 1 0 1
-40.1066 -73.3851 325.556 -5.97625 -14.6232 53.7314 1.3181 -13 4244 1 0 1
-45.0871 -46.0313 325.556 -5.84089 -7.60949 48.4677 1.42259 -13 4245 1 0 1
-11.4943 -29.4569 325.556 -2.87118 -6.88302 72.5739 1.33402 -13 4246 1 0 1
-29.7989 66.2452 325.556 -6.1515 15.3373 68.313 3.25785 -13 4247 1 0 1
-59.7879 -32.2349 325.556 -12.3051 -8.0387 69.7987 2.80605 -13 4248 1 0 1
17.8299 -28.7215 325.556 2.8139 -4.97392 51.6582 2.77696 -13 4249 1 0 1
39.4455 -0.177939 325.556 5.43381 0.15914 46.5492 3.61351 -13 4250 1 0 1
-3.98567 -46.5525 325.556 -0.821609 -10.5031 62.7191 0.590088 -13 4251 1 0 1
15.813 10.5164 325.556 2.94408 2.05689 65.7341 1.37824 -13 4252 1 0 1
-22.9825 -68.7338 325.556 -4.90682 -16.8131 69.2152 1.53479 -13 4253 1 0 1
2.5218 40.8051 325.556 -0.526881 11.131 79.045 0.852675 -13 4254 1 0 1
16.7002 -26.1853 325.556 3.17403 -5.91899 57.3665 2.66431 -13 4255 1 0 1
25.4807 -56.618 325.556 4.69529 -12.8012 64.4173 2.28866 -13 4256 1 0 1
15.3487 -7.4994 325.556 2.7775 -1.5648 60.8166 4.2823 -13 4257 1 0 1
23.744 -36.8141 325.556 4.25368 -7.71548 60.13 0.863107 -13 4258 1 0 1
2.64548 -16.6837 325.556 0.0267111 -4.85065 76.7367 3.80359 -13 4259 1 0 1
-10.785 -41.0226 325.556 -2.50182 -9.42856 70.0908 3.3105 -13 4260 1 0 1
15.9871 -69.8024 325.556 1.99724 -9.90685 38.1978 3.07386 -13 4261 1 0 1
-10.5112 40.6824 325.556 -2.85746 11.1403 75.4504 1.95632 -13 4262 1 0 1
-30.5634 48.2117 325.556 -5.27111 9.68352 61.2853 1.27769 -13 4263 1 0 1
-50.7527 -44.1276 325.556 -9.42623 -10.0671 64.6254 1.15319 -13 4264 1 0 1
-41.2734 10.2044 325.556 -10.5742 3.1573 78.7546 0.978564 -13 4265 1 0 1
-25.6581 91.8677 325.556 -5.11848 21.2241 65.2946 2.83255 -13 4266 1 0 1
-4.60725 22.546 325.556 -1.735 6.13058 77.8589 3.58479 -13 4267 1 0 1
-23.0284 7.9639 325.556 -3.47061 1.85217 55.8677 1.94041 -13 4268 1 0 1
-41.1481 -27.656 325.556 -6.42137 -5.72895 56.2102 0.747565 -13 4269 1 0 1
5.61064 43.5862 325.556 1.0042 9.8457 64.4222 2.19191 -13 4270 1 0 1
11.2521 15.2438 325.556 2.01155 3.08555 59.3084 0.074355 -13 4271 1 0 1
57.7225 -13.9681 325.556 10.765 -3.74024 65.5919 2.46856 -13 4272 1 0 1
-25.6183 15.3257 325.556 -4.87232 3.15725 65.2126 1.47488 -13 4273 1 0 1
-41.59 -72.1814 325.556 -5.73344 -13.0457 51.2219 3.12548 -13 4275 1 0 1
-21.6889 38.1322 325.556 -3.0901 7.13049 54.2513 1.90721 -13 4276 1 0 1
-24.3526 -6.0702 325.556 -6.53045 -1.4565 80.1477 2.49405 -13 4277 1 0 1
-71.0498 -8.27777 325.556 -12.5835 -1.06241 61.7301 1.35602 -13 4278 1 0 1
1.76136 38.5881 325.556 -0.0126699 9.55949 72.064 2.93259 -13 4279 1 0 1
4.57574 -43.865 325.556 0.866594 -8.91516 56.5125 1.82586 -13 4280 1 0 1
-19.7192 -76.5678 325.556 -2.94639 -15.4436 55.1747 1.18416 -13 4281 1 0 1
-1.12399 -13.1276 325.556 -0.0875609 -2.98413 59.8155 2.05152 -13 4282 1 0 1
-24.7653 -43.3844 325.556 -6.17037 -11.0541 77.1326 -0.0130061 -13 4283 1 0 1
-12.3027 23.2548 325.556 -2.96259 5.5528 71.0275 2.1604 -13 4284 1 0 1
6.3215 0.61178 325.556 1.19037 -0.121647 57.4725 2.4591 -13 4285 1 0 1
34.0372 -37.8757 325.556 6.23464 -8.68255 66.2703 2.09838 -13 4286 1 0 1
13.939 5.78257 325.556 2.5571 1.07456 60.1895 3.1248 -13 4287 1 0 1
-13.9838 92.8222 325.556 -1.93409 17.566 53.1621 2.11756 -13 4288 1 0 1
28.7627 7.4941 325.556 5.66399 1.99078 72.3457 1.79789 -13 4290 1 0 1
-21.5614 -26.2006 325.556 -4.6633 -6.17876 71.7931 2.80534 -13 4291 1 0 1
4.68827 14.8113 325.556 0.351684 3.7701 77.31 3.6642 -13 4292 1 0 1
-48.2165 -45.4601 325.556 -10.8252 -11.2842 73.8161 1.05258 -13 4293 1 0 1
-29.4052 8.72791 325.556 -6.1957 1.64558 69.4696 1.88208 -13 4294 1 0 1
-35.4844 -17.3417 325.556 -6.33484 -3.92825 61.9703 0.027155 -13 4295 1 0 1
-36.093 20.4714 325.556 -7.75701 4.68124 71.4366 2.3918 -13 4296 1 0 1
-17.5315 17.4563 325.556 -2.53278 3.44665 54.9221 2.3468 -13 4297 1 0 1
-25.1717 -17.9274 325.556 -4.92708 -4.17324 66.0558 1.90786 -13 4298 1 0 1
24.3966 17.8257 325.556 3.46581 2.90441 47.0589 2.06316 -13 4299 1 0 1
-15.129 -33.9014 325.556 -4.0941 -8.68286 77.6115 4.53669 -13 4300 1 0 1
70.3958 55.7577 325.556 9.6718 9.68329 48.5558 4.4368 -13 4301 1 0 1
33.1629 26.424 325.556 4.86176 4.64034 49.8352 2.81662 -13 4302 1 0 1
-29.7726 24.4584 325.556 -5.54199 5.59135 63.9062 2.42772 -13 4303 1 0 1
26.2912 3.99999 325.556 5.09352 1.21599 67.0421 -0.892342 -13 4304 1 0 1
52.1423 -3.79898 325.556 6.05561 -0.362227 40.1914 2.29879 -13 4305 1 0 1
-15.121 53.6797 325.556 -2.83403 11.8873 63.6845 1.84409 -13 4306 1 0 1
-22.5591 -6.12605 325.556 -4.28845 -1.13129 64.9658 3.43413 -13 4307 1 0 1
-16.5071 43.4585 325.556 -3.92942 11.1641 72.6347 4.55216 -13 4308 1 0 1
33.112 -0.863204 325.556 6.49891 -0.607669 70.4868 1.00565 -13 4309 1 0 1
17.1858 24.0563 325.556 3.03879 4.50546 58.4778 2.19655 -13 4310 1 0 1
105.247 -14.9808 325.556 10.2424 -2.09525 36.5803 1.63025 -13 4311 1 0 1
-76.2091 18.2658 325.556 -17.1346 4.59869 74.5748 2.19975 -13 4312 1 0 1
14.7581 -14.2774 325.556 2.65728 -3.17019 64.4387 1.37251 -13 4313 1 0 1
14.1919 -49.2669 325.556 2.4793 -10.1171 59.7173 2.56635 -13 4314 1 0 1
-41.6065 54.6624 325.556 -5.07937 9.15106 46.521 3.21383 -13 4315 1 0 1
12.3195 4.59676 325.556 2.26255 0.700544 62.0372 1.07462 -13 4316 1 0 1
17.3665 63.2979 325.556 3.12642 14.4218 65.6927 3.27461 -13 4317 1 0 1
5.41067 -126.147 325.556 0.885994 -20.5888 44.6202 2.96079 -13 4318 1 0 1
5.76183 23.8705 325.556 0.911145 6.19628 74.2233 1.38832 -13 4319 1 0 1
55.9324 66.7737 325.556 10.5866 15.674 67.1165 1.73926 -13 4320 1 0 1
-26.4554 23.8836 325.556 -5.81202 5.21761 70.8438 2.73973 -13 4321 1 0 1
0.880948 10.1086 325.556 -0.198793 2.55452 72.1353 0.702858 -13 4322 1 0 1
9.66639 -37.3986 325.556 1.67505 -8.85118 70.3859 0.577932 -13 4323 1 0 1
40.5647 14.7514 325.556 2.54699 1.19877 24.0102 4.06261 -13 4324 1 0 1
24.6994 -63.0312 325.556 4.5713 -14.5331 65.9713 2.9468 -13 4325 1 0 1
16.586 -44.5653 325.556 3.02332 -10.5588 66.3145 1.50082 -13 4326 1 0 1
50.5021 74.0141 325.556 5.15172 9.83147 36.8384 2.30153 -13 4327 1 0 1
-65.7519 12.7331 325.556 -15.7295 3.03192 77.6936 0.852242 -13 4328 1 0 1
97.7991 -49.6621 325.556 17.8987 -11.5476 64.8797 -0.0635977 -13 4329 1 0 1
-15.5582 8.84137 325.556 -3.35343 1.66544 68.9827 0.632519 -13 4330 1 0 1
-8.35102 48.6442 325.556 -1.18614 9.21481 55.7232 1.98799 -13 4331 1 0 1
-49.8257 -37.056 325.556 -7.14607 -6.40333 52.4176 2.85404 -13 4332 1 0 1
51.8293 -22.2037 325.556 9.0852 -5.21292 61.2172 0.211618 -13 4333 1 0 1
-8.44941 12.8226 325.556 -0.908536 2.07992 51.3537 0.977186 -13 4334 1 0 1
-31.4798 -19.4192 325.556 -4.89821 -4.14749 57.2667 1.88115 -13 4335 1 0 1
-23.0831 71.6632 325.556 -6.51983 19.0871 76.8807 0.283634 -13 4336 1 0 1
1.57025 -55.0702 325.556 0.437117 -11.3484 58.4797 1.65808 -13 4337 1 0 1
20.2984 -1.54937 325.556 3.00099 0.115693 47.6369 1.20792 -13 4338 1 0 1
10.0927 -27.0435 325.556 1.76916 -5.44106 56.0763 1.95922 -13 4339 1 0 1
26.5365 6.61305 325.556 5.30271 1.42227 72.9563 2.53887 -13 4340 1 0 1
-17.4806 -29.8124 325.556 -4.09696 -7.83186 73.3609 2.55515 -13 4341 1 0 1
-14.1801 52.7755 325.556 -2.30127 10.6484 57.815 1.00448 -13 4342 1 0 1
11.6205 0.308717 325.556 2.06574 0.0433356 66.4211 3.14366 -13 4343 1 0 1
-20.8735 21.1619 325.556 -5.2097 5.36226 74.9852 -0.0482974 -13 4344 1 0 1
12.2555 -24.9767 325.556 2.22338 -6.52759 70.7259 2.33018 -13 4345 1 0 1
-72.2694 -13.7893 325.556 -11.2519 -2.24235 55.819 0.673137 -13 4346 1 0 1
52.679 30.965 325.556 1.97957 2.07893 16.65 7.78715 -13 4347 1 0 1
-0.703338 5.88229 325.556 -0.0880439 1.12356 61.3954 5.14663 -13 4348 1 0 1
-32.5886 83.464 325.556 -5.71714 17.8435 60.757 3.13806 -13 4349 1 0 1
-9.5361 56.8742 325.556 -1.1723 10.5284 53.7854 2.70505 -13 4350 1 0 1
1.59715 -13.3243 325.556 0.084741 -2.84082 67.5058 2.20996 -13 4351 1 0 1
18.0853 4.91253 325.556 3.09481 1.15721 56.2316 2.96191 -13 4352 1 0 1
21.5639 -6.10806 325.556 3.16022 -1.23826 47.1691 3.1228 -13 4353 1 0 1
50.6896 -9.19923 325.556 9.04564 -1.64822 61.04 2.81711 -13 4354 1 0 1
-3.85628 10.51 325.556 -1.35442 2.7283 74.8994 1.53994 -13 4355 1 0 1
-33.2791 -9.40611 325.556 -6.66224 -2.37272 67.2993 2.18382 -13 4356 1 0 1
-31.1846 -21.9167 325.556 -7.58964 -5.80739 77.047 0.693069 -13 4357 1 0 1
-17.6304 -31.3295 325.556 -3.77654 -7.21885 69.4188 0.75407 -13 4358 1 0 1
-11.1344 7.08615 325.556 -2.49512 2.02085 69.6768 3.38791 -13 4359 1 0 1
14.4417 -47.4226 325.556 2.42218 -9.02966 55.208 0.898313 -13 4360 1 0 1
-18.782 -54.3437 325.556 -4.74974 -13.9406 75.2916 3.1669 -13 4361 1 0 1
-0.876464 30.0846 325.556 -0.433943 7.62771 67.5188 2.36703 -13 4362 1 0 1
12.9411 -54.4344 325.556 2.18685 -11.4916 59.2069 2.74696 -13 4363 1 0 1
21.3121 47.5294 325.556 3.5726 9.39653 56.8614 3.18658 -13 4364 1 0 1
-142.565 -82.6105 325.556 -17.3368 -13.1464 45.3692 4.89122 -13 4365 1 0 1
65.8903 -28.4672 325.556 10.1 -5.49939 53.5327 4.78112 -13 4366 1 0 1
28.1941 6.21183 325.556 5.5272 1.81969 69.9709 1.51677 -13 4367 1 0 1
18.1875 -94.0864 325.556 2.60297 -15.5459 46.1721 4.09701 -13 4368 1 0 1
-8.08127 -20.2971 325.556 -1.84535 -4.61224 69.3417 0.523769 -13 4369 1 0 1
20.4101 -56.1139 325.556 3.47519 -11.5197 58.1649 -0.048481 -13 4370 1 0 1
-2.7703 49.4033 325.556 -0.839983 11.8601 70.8917 2.86665 -13 4371 1 0 1
15.8421 -23.6476 325.556 2.61905 -4.25661 54.6914 0.365323 -13 4372 1 0 1
-38.1191 -5.69816 325.556 -6.36939 -0.646786 59.5983 -0.345303 -13 4373 1 0 1
73.6853 -181.623 325.556 7.15447 -23.9332 34.1042 5.15492 -13 4374 1 0 1
-7.15351 -29.7318 325.556 -1.41235 -7.34447 66.2975 1.51641 -13 4375 1 0 1
-14.7995 44.3897 325.556 -3.02894 10.5035 67.979 3.09002 -13 4376 1 0 1
-32.5865 -57.2161 325.556 -5.56448 -12.5747 60.2204 4.14903 -13 4377 1 0 1
-95.5956 140.805 325.556 -13.7595 25.8622 51.3371 3.99687 -13 4378 1 0 1
59.3301 23.4608 325.556 9.95963 4.95358 58.2504 1.9958 -13 4379 1 0 1
20.6537 -19.7408 325.556 3.98754 -4.95061 72.4796 0.976718 -13 4380 1 0 1
14.9336 31.4933 325.556 2.71703 7.83597 68.1217 2.78997 -13 4381 1 0 1
-31.3514 -14.984 325.556 -5.12901 -2.69084 58.7978 0.433816 -13 4382 1 0 1
30.225 8.24216 325.556 5.38645 1.69051 62.8741 2.34599 -13 4383 1 0 1
46.7496 5.76368 325.556 9.72999 1.63714 78.8015 2.24976 -13 4384 1 0 1
0.590787 2.23431 325.556 -0.101787 0.501935 68.5727 3.00727 -13 4385 1 0 1
-27.5585 -0.20216 325.556 -5.26809 -0.31191 65.2746 3.23961 -13 4386 1 0 1
-70.9207 90.234 325.556 -14.01 21.1712 66.7076 2.14995 -13 4387 1 0 1
-17.2526 -82.4051 325.556 -2.99221 -17.5013 60.6453 3.0331 -13 4388 1 0 1
10.5604 -31.027 325.556 1.68242 -5.40697 46.1252 2.81329 -13 4389 1 0 1
-28.1632 -30.2467 325.556 -3.30072 -4.90609 45.6201 3.40928 -13 4390 1 0 1
-27.1432 36.8446 325.556 -5.47357 8.44828 67.6564 0.474537 -13 4391 1 0 1
30.5771 -55.008 325.556 4.84558 -10.194 52.4196 4.2328 -13 4392 1 0 1
0.385789 29.5188 325.556 -0.255939 7.2618 71.4301 0.83176 -13 4393 1 0 1
6.38204 69.6361 325.556 1.10041 14.3654 57.9992 0.587172 -13 4394 1 0 1
-75.8153 -17.8395 325.556 -13.673 -4.37246 62.712 2.53462 -13 4395 1 0 1
-27.3569 15.0101 325.556 -4.64496 3.30506 60.7576 2.22843 -13 4396 1 0 1
-14.6252 32.148 325.556 -3.08982 7.24664 70.067 1.71176 -13 4397 1 0 1
5.88395 -12.7166 325.556 1.07868 -2.84258 61.0533 3.18572 -13 4398 1 0 1
8.85612 -68.7577 325.556 1.43913 -11.7258 47.5086 2.64855 -13 4399 1 0 1
-3.09988 39.955 325.556 -0.672368 9.77385 65.8947 3.6223 -13 4400 1 0 1
-24.658 -43.1203 325.556 -5.63165 -10.8655 72.9594 0.518209 -13 4401 1 0 1
-37.2833 14.9303 325.556 -5.58553 3.12234 54.737 0.829231 -13 4402 1 0 1
39.6361 -20.7175 325.556 7.26671 -4.7654 62.9344 3.90499 -13 4403 1 0 1
-14.4262 -0.896901 325.556 -1.69015 0.195196 48.5194 2.00748 -13 4404 1 0 1
24.3578 9.21882 325.556 4.02759 1.60239 56.6271 3.67383 -13 4405 1 0 1
15.7711 -38.8645 325.556 2.97886 -9.5792 68.4307 3.56961 -13 4406 1 0 1
-197.249 -160.687 325.556 -24.2886 -26.3546 46.2122 2.42043 -13 4407 1 0 1
4.67628 28.5284 325.556 0.977005 5.27565 51.942 4.26803 -13 4408 1 0 1
82.925 35.5923 325.556 15.2343 7.58846 65.237 1.7572 -13 4409 1 0 1
-24.2202 28.7151 325.556 -3.31289 5.38518 51.1858 2.0852 -13 4410 1 0 1
-9.96599 46.515 325.556 -1.31696 8.83 54.0598 1.98266 -13 4411 1 0 1
6.50437 -2.32591 325.556 1.18282 0.00624797 67.5257 2.36547 -13 4412 1 0 1
-5.95234 -27.0524 325.556 -1.38347 -6.5416 69.7117 3.28772 -13 4413 1 0 1
15.462 -3.92124 325.556 2.85481 -0.90637 81.5332 1.28694 -13 4414 1 0 1
12.7613 -6.85252 325.556 2.38318 -1.75678 66.8287 1.50736 -13 4415 1 0 1
80.1985 -0.9953 325.556 10.9568 0.0237963 47.6568 0.996936 -13 4416 1 0 1
100.415 3.50388 325.556 15.4763 0.116242 54.5565 3.1193 -13 4417 1 0 1
-57.6224 -3.38385 325.556 -8.86478 -0.686874 55.7566 0.496463 -13 4418 1 0 1
-61.032 27.7576 325.556 -13.1557 6.87144 72.0506 0.743194 -13 4419 1 0 1
-18.9888 -17.3531 325.556 -4.46565 -3.76616 73.0397 1.81142 -13 4420 1 0 1
3.29763 1.72096 325.556 0.537437 0.126581 65.0683 0.182904 -13 4421 1 0 1
-1.81557 5.81311 325.556 0.00558928 1.11501 50.9483 3.43267 -13 4422 1 0 1
40.7266 -46.6365 325.556 5.44234 -7.82404 46.2078 1.65632 -13 4423 1 0 1
9.54117 -49.4209 325.556 1.30886 -7.28851 41.438 4.75822 -13 4424 1 0 1
-60.3833 -2.30817 325.556 -9.51058 -0.335433 56.1742 3.43422 -13 4425 1 0 1
-33.8907 -6.54055 325.556 -6.61719 -1.47117 66.6551 0.776739 -13 4426 1 0 1
32.7403 -59.5097 325.556 5.18402 -10.857 53.8939 4.24108 -13 4428 1 0 1
-6.64564 -18.7581 325.556 -1.3396 -4.21039 66.6015 2.86234 -13 4429 1 0 1
-37.7386 -39.527 325.556 -6.04322 -7.93276 57.6082 -0.0396905 -13 4430 1 0 1
-17.8953 46.7755 325.556 -3.75009 10.4026 69.0027 1.75083 -13 4431 1 0 1
78.4811 -10.0953 325.556 13.4376 -1.70772 59.8486 1.28382 -13 4432 1 0 1
-8.49057 -40.6438 325.556 -1.37731 -8.78134 61.4984 0.621392 -13 4433 1 0 1
-31.161 -30.492 325.556 -6.10445 -6.90856 66.813 2.70531 -13 4434 1 0 1
25.2601 -1.58457 325.556 4.72273 -0.805354 64.7835 3.49742 -13 4435 1 0 1
-83.7994 -76.9874 325.556 -15.3781 -17.0568 63.2266 2.80912 -13 4436 1 0 1
73.6109 40.5766 325.556 5.99127 4.59579 30.4202 5.7605 -13 4437 1 0 1
16.5605 34.2715 325.556 2.972 7.34552 61.4085 1.93179 -13 4438 1 0 1
-34.8956 -46.9836 325.556 -7.46841 -11.2887 70.139 1.32522 -13 4439 1 0 1
-37.1359 -17.4192 325.556 -7.0942 -4.26358 65.6095 3.00384 -13 4440 1 0 1
39.3999 -0.744035 325.556 7.26844 -0.574938 65.2469 2.06463 -13 4441 1 0 1
48.0985 53.3607 325.556 7.43759 10.5243 54.242 4.05376 -13 4442 1 0 1
-10.007 10.2738 325.556 -1.82851 2.38185 63.2878 2.93014 -13 4443 1 0 1
-6.05579 3.82729 325.556 -1.03066 0.512854 61.6832 1.83615 -13 4444 1 0 1
-6.17589 45.0335 325.556 -1.85523 11.5678 73.4951 1.6594 -13 4445 1 0 1
44.6373 -9.39802 325.556 6.47165 -1.62347 49.7121 1.84729 -13 4446 1 0 1
-21.8799 59.3327 325.556 -1.65896 7.61294 33.8655 3.38593 -13 4447 1 0 1
-11.5922 88.1653 325.556 -0.864963 11.9237 36.4249 5.47357 -13 4448 1 0 1
-0.773605 -2.95657 325.556 0.158757 -0.393097 44.819 3.13871 -13 4449 1 0 1
-31.4395 -35.5042 325.556 -6.6671 -8.29966 69.9778 3.34579 -13 4450 1 0 1
-6.81029 -6.9482 325.556 -1.55199 -1.6898 68.6758 2.30227 -13 4451 1 0 1
12.839 -30.9599 325.556 1.99057 -5.14288 48.3339 1.57005 -13 4452 1 0 1
-43.0808 36.1019 325.556 -6.57738 7.07216 56.0764 2.91375 -13 4453 1 0 1
-5.88051 64.6275 325.556 -0.777919 12.3688 52.7295 2.37833 -13 4454 1 0 1
-56.9578 2.07902 325.556 -8.81941 0.617802 55.6609 1.94536 -13 4455 1 0 1
3.01096 -11.5034 325.556 0.424459 -2.23668 66.3803 2.44877 -13 4456 1 0 1
-12.7101 33.8375 325.556 -2.89754 7.96156 71.2939 3.14567 -13 4457 1 0 1
11.0566 -70.686 325.556 1.93796 -13.6566 56.2374 3.01493 -13 4458 1 0 1
34.9465 -12.0335 325.556 6.36019 -2.55369 63.0522 0.752948 -13 4460 1 0 1
0.360276 -3.00441 325.556 -0.568789 -0.337685 76.5498 3.71356 -13 4461 1 0 1
-57.8635 35.4023 325.556 -11.3203 7.96176 66.7355 3.43499 -13 4462 1 0 1
-2.78514 -6.47164 325.556 -0.290413 -0.615396 55.9725 2.32124 -13 4463 1 0 1
16.3383 32.8172 325.556 3.03156 7.43386 69.4904 1.68283 -13 4464 1 0 1
0.981345 -59.0904 325.556 0.322974 -11.9138 58.795 0.624286 -13 4465 1 0 1
29.3864 -26.9352 325.556 5.92764 -7.74529 78.7402 0.505091 -13 4466 1 0 1
-75.1358 0.161671 325.556 -15.0881 0.210446 68.5224 1.59893 -13 4467 1 0 1
-11.9336 26.1731 325.556 -2.83706 6.25707 72.0973 1.30387 -13 4468 1 0 1
9.33095 -23.8146 325.556 1.57456 -6.22333 72.7553 2.48059 -13 4469 1 0 1
53.0266 -1.30698 325.556 4.77459 -0.147351 33.2053 2.57588 -13 4470 1 0 1
26.7713 -36.6035 325.556 4.73341 -7.88406 61.016 1.74583 -13 4471 1 0 1
-27.3928 -13.7677 325.556 -5.33162 -3.0196 66.271 2.11862 -13 4473 1 0 1
13.9546 9.66982 325.556 2.54511 2.08702 63.6957 2.19731 -13 4474 1 0 1
58.7732 -124.959 325.556 9.11281 -24.0749 54.3584 2.9418 -13 4475 1 0 1
-0.624824 -19.5859 325.556 -0.0348676 -4.07535 58.2098 0.876264 -13 4476 1 0 1
20.2592 -11.4575 325.556 3.49549 -1.66736 56.4807 2.63093 -13 4477 1 0 1
17.4133 2.38648 325.556 2.63584 0.53133 51.0148 4.27393 -13 4478 1 0 1
4.19766 -5.09394 325.556 0.690629 -1.46426 64.8679 0.474897 -13 4479 1 0 1
-22.9308 75.8513 325.556 -4.31384 16.8706 63.277 1.70543 -13 4480 1 0 1
19.4528 -61.3175 325.556 3.20363 -11.7889 56.0531 2.9915 -13 4481 1 0 1
-5.97965 -11.8667 325.556 -1.65441 -2.52703 71.6347 2.2422 -13 4482 1 0 1
-4.38877 31.6988 325.556 -1.82962 8.5604 79.3217 -0.0724856 -13 4483 1 0 1
-32.5882 54.915 325.556 -2.70035 7.05679 34.4457 3.45418 -13 4484 1 0 1
-36.8723 20.3005 325.556 -3.32993 3.08766 36.5393 5.87029 -13 4485 1 0 1
28.7028 34.9218 325.556 3.98323 6.16877 46.3821 2.12854 -13 4486 1 0 1
38.0103 -0.693881 325.556 6.76645 -0.142232 61.3509 1.51763 -13 4487 1 0 1
-44.1453 -19.276 325.556 -9.05633 -4.81453 69.0521 0.789138 -13 4488 1 0 1
50.2555 -5.04095 325.556 8.26459 -0.89243 56.2265 4.30759 -13 4489 1 0 1
16.6172 13.6393 325.556 2.33688 2.17295 42.1545 0.676109 -13 4490 1 0 1
-10.0146 -39.4728 325.556 -2.24752 -9.35435 69.2735 2.60233 -13 4491 1 0 1
4.19005 -9.67928 325.556 0.479054 -2.99185 72.9176 1.81795 -13 4492 1 0 1
-28.7029 -44.8997 325.556 -6.88536 -11.9432 75.67 0.766409 -13 4493 1 0 1
-3.34305 0.117713 325.556 -0.348189 0.185399 57.1375 2.27658 -13 4494 1 0 1
30.8254 66.6378 325.556 5.79758 15.35 66.4848 1.72642 -13 4495 1 0 1
-10.0559 -12.7099 325.556 -1.77467 -2.64609 64.2111 0.429011 -13 4496 1 0 1
-22.1124 24.166 325.556 -5.92645 7.09697 79.0287 2.41149 -13 4497 1 0 1
28.5121 -4.07094 325.556 5.67239 -0.0240683 75.7427 3.59653 -13 4498 1 0 1
-28.0159 23.504 325.556 -5.86034 5.61063 69.9661 2.02313 -13 4499 1 0 1
-22.2928 4.66307 325.556 -3.95368 0.913863 62.1822 1.70487 -13 4500 1 0 1
6.42011 -4.97295 325.556 1.0384 -1.49283 68.2745 2.68483 -13 4501 1 0 1
122.636 -13.3014 325.556 16.9295 -2.33743 49.8606 2.4904 -13 4503 1 0 1
21.2616 78.0786 325.556 3.3295 14.4082 51.5716 3.03218 -13 4504 1 0 1
22.3431 89.8902 325.556 2.00372 10.4301 30.6576 4.29036 -13 4505 1 0 1
45.7864 -28.5566 325.556 7.72964 -6.2013 57.6151 1.73012 -13 4506 1 0 1
25.3155 44.4173 325.556 4.46815 9.82941 61.6808 0.362542 -13 4507 1 0 1
-27.8511 22.0591 325.556 -5.21355 5.09361 64.3981 2.22166 -13 4508 1 0 1
-6.66041 33.9247 325.556 -1.78577 8.52139 72.644 -0.349099 -13 4509 1 0 1
32.4151 15.4473 325.556 6.39447 3.84594 71.6596 0.652365 -13 4510 1 0 1
-48.5287 -24.2141 325.556 -9.81779 -5.76887 68.2809 1.30241 -13 4511 1 0 1
28.2711 25.1109 325.556 5.39134 6.10099 67.0176 1.50578 -13 4512 1 0 1
4.30285 3.23596 325.556 0.820143 0.736229 58.1874 4.57502 -13 4513 1 0 1
12.8096 -1.41193 325.556 2.3859 -0.625891 64.2174 1.65447 -13 4514 1 0 1
35.3055 31.2416 325.556 6.27812 6.89077 61.5423 -0.299994 -13 4515 1 0 1
-22.0487 -43.6754 325.556 -4.00112 -9.53273 62.737 3.49404 -13 4516 1 0 1
8.11682 -87.4128 325.556 1.40144 -17.8488 58.1497 3.47186 -13 4517 1 0 1
34.6595 17.6809 325.556 5.88197 3.54007 58.9494 1.3777 -13 4518 1 0 1
5.74099 -17.0013 325.556 1.01973 -3.52118 56.2523 2.89299 -13 4519 1 0 1
10.6453 5.34479 325.556 1.90882 0.831056 62.7569 0.732892 -13 4520 1 0 1
-19.9709 9.25692 325.556 -5.50164 2.20332 80.604 2.09759 -13 4521 1 0 1
80.8369 -117.087 325.556 6.39293 -13.4678 29.7374 5.13699 -13 4522 1 0 1
-21.955 59.6973 325.556 -4.07708 13.5378 64.2352 5.04701 -13 4523 1 0 1
9.67438 -16.2964 325.556 1.65184 -4.39941 68.4003 2.22929 -13 4524 1 0 1
86.7632 76.3394 325.556 13.7474 14.8372 56.0165 3.93166 -13 4525 1 0 1
-16.4848 -50.8343 325.556 -3.16782 -11.8065 65.2342 1.85885 -13 4526 1 0 1
-15.0867 -1.53787 325.556 -2.87669 -0.239554 65.1813 3.60555 -13 4527 1 0 1
37.5214 0.56279 325.556 6.33067 -0.0324341 57.0419 3.984 -13 4528 1 0 1
-2.72506 18.4056 325.556 -0.291874 3.18516 54.9593 4.01513 -13 4529 1 0 1
22.1962 -8.27017 325.556 4.25259 -2.1223 68.1485 2.65084 -13 4530 1 0 1
30.7636 -7.91688 325.556 5.28436 -1.51142 58.5627 -0.268707 -13 4531 1 0 1
-15.3834 85.4044 325.556 -1.89534 15.1994 48.812 2.93261 -13 4532 1 0 1
-35.0371 14.3922 325.556 -4.74369 2.3618 50.3656 0.390561 -13 4533 1 0 1
-45.7893 4.62382 325.556 -6.70075 1.4148 53.6804 2.30622 -13 4534 1 0 1
46.0281 45.7973 325.556 7.96878 9.47462 59.7193 2.36632 -13 4535 1 0 1
7.25504 53.5815 325.556 1.3877 11.0716 62.2595 1.90445 -13 4536 1 0 1
-23.6935 -40.9392 325.556 -4.90519 -10.2349 68.07 -0.011186 -13 4537 1 0 1
-21.5885 -19.6696 325.556 -3.8917 -4.74782 62.7683 -0.232978 -13 4538 1 0 1
-23.5457 -12.0155 325.556 -4.7393 -2.67391 68.0951 1.54894 -13 4539 1 0 1
2.52253 -40.5908 325.556 0.018515 -10.1438 72.5653 2.87056 -13 4540 1 0 1
-17.484 67.2571 325.556 -4.12736 16.2189 72.0768 0.693552 -13 4541 1 0 1
-28.2217 -27.838 325.556 -5.4107 -6.63637 65.0307 -0.00286336 -13 4542 1 0 1
28.4214 -9.04849 325.556 5.29481 -2.18039 65.6494 1.90738 -13 4543 1 0 1
-3.35788 -13.661 325.556 -1.26123 -3.19824 74.9386 1.28261 -13 4544 1 0 1
-28.6737 17.2175 325.556 -6.27921 3.7449 71.4425 2.59762 -13 4545 1 0 1
14.0355 35.6843 325.556 1.6571 4.4983 36.1792 3.71479 -13 4546 1 0 1
15.2925 5.39084 325.556 2.97159 1.00393 74.2916 1.6447 -13 4547 1 0 1
33.3488 -11.0374 325.556 6.53844 -2.3463 70.3401 3.89648 -13 4548 1 0 1
4.56599 19.3057 325.556 0.743366 4.69859 65.5856 0.724127 -13 4549 1 0 1
-24.8409 49.398 325.556 -6.46459 13.1279 77.33 1.02748 -13 4550 1 0 1
32.2795 -90.5737 325.556 6.18855 -22.1551 69.7918 0.899852 -13 4551 1 0 1
11.5708 -27.034 325.556 2.10168 -5.56062 65.9296 1.99927 -13 4552 1 0 1
-17.8444 82.5894 325.556 -3.39037 18.1095 63.2686 0.742762 -13 4553 1 0 1
31.9281 31.0267 325.556 5.15735 5.84634 54.0777 1.88414 -13 4554 1 0 1
-51.6144 86.5805 325.556 -9.15 18.579 60.8356 2.48422 -13 4555 1 0 1
-40.8665 16.1829 325.556 -8.70985 3.85635 70.9123 3.2483 -13 4556 1 0 1
-39.8407 4.97029 325.556 -7.18184 1.04244 62.9692 0.285806 -13 4558 1 0 1
41.0595 126.907 325.556 7.07046 26.839 60.3669 4.48991 -13 4559 1 0 1
-32.052 -31.2049 325.556 -6.37411 -7.31041 66.5484 2.1185 -13 4560 1 0 1
-36.9431 65.86 325.556 -5.77606 12.5273 55.8443 2.36849 -13 4561 1 0 1
73.084 -80.6606 325.556 7.94456 -11.5836 39.0765 4.24811 -13 4562 1 0 1
-28.7995 -121.568 325.556 -5.24271 -26.0002 61.6466 3.87736 -13 4563 1 0 1
38.7274 23.6467 325.556 7.35141 6.02284 66.017 3.9161 -13 4565 1 0 1
46.1003 -9.41062 325.556 8.77982 -2.21939 67.7832 2.15771 -13 4566 1 0 1
69.784 51.7121 325.556 12.0659 10.9786 60.7111 1.50327 -13 4567 1 0 1
-79.5683 -19.9598 325.556 -12.8417 -3.88515 57.3132 2.92725 -13 4568 1 0 1
-59.9596 62.8138 325.556 -10.3818 13.0025 60.644 2.19318 -13 4570 1 0 1
-2.38304 34.3512 325.556 -0.440891 7.90578 63.7359 1.46189 -13 4571 1 0 1
-43.5719 -22.9137 325.556 -10.8806 -5.88684 78.4224 3.40728 -13 4572 1 0 1
98.3978 -62.0201 325.556 12.2988 -10.0054 45.0401 -0.329503 -13 4573 1 0 1
-16.3434 -23.8185 325.556 -3.1068 -5.20964 64.0287 2.38151 -13 4574 1 0 1
3.38641 -58.5673 325.556 0.53611 -12.6932 66.0284 2.08614 -13 4575 1 0 1
75.0743 -63.1648 325.556 11.3949 -11.6377 53.5163 2.51131 -13 4576 1 0 1
-15.4182 -9.57697 325.556 -2.17039 -1.73263 54.4154 1.16924 -13 4578 1 0 1
-37.0326 -5.83287 325.556 -5.77202 -1.7293 56.2146 0.967879 -13 4579 1 0 1
3.65092 -2.41773 325.556 0.150691 -1.25366 77.9492 1.54523 -13 4580 1 0 1
-56.7269 2.99305 325.556 -10.0493 0.583611 62.1021 4.26912 -13 4581 1 0 1
-16.0197 3.92246 325.556 -2.38427 0.957684 56.621 1.12338 -13 4582 1 0 1
-17.7889 46.3084 325.556 -1.70972 6.63151 39.5442 3.01755 -13 4583 1 0 1
2.9463 46.3688 325.556 0.698562 9.65149 57.9683 1.07988 -13 4585 1 0 1
24.0628 17.3831 325.556 4.39405 3.87911 62.3759 2.01601 -13 4586 1 0 1
3.24521 -96.4809 325.556 0.574662 -19.285 56.663 3.32855 -13 4587 1 0 1
-109.027 -73.3821 325.556 -11.0219 -10.5187 38.5664 3.30264 -13 4588 1 0 1
40.0506 66.7154 325.556 2.1075 5.65261 21.0543 4.52806 -13 4589 1 0 1
39.9232 24.5072 325.556 6.85655 5.16258 59.0886 1.85087 -13 4590 1 0 1
15.7438 57.5505 325.556 2.53091 10.8996 53.9337 0.823006 -13 4591 1 0 1
-14.8874 26.3188 325.556 -2.59167 5.86626 62.0405 2.05657 -13 4592 1 0 1
-8.99443 68.0297 325.556 -1.09119 12.1391 51.0405 3.0339 -13 4593 1 0 1
-18.7241 -6.31521 325.556 -3.48109 -1.11859 64.4145 1.21229 -13 4594 1 0 1
-3.62375 -7.73287 325.556 -0.818869 -1.86705 66.0316 1.5176 -13 4595 1 0 1
92.9406 -52.2519 325.556 13.0193 -9.18442 49.6998 3.89816 -13 4596 1 0 1
-5.87215 4.31906 325.556 -0.587757 0.775477 47.6761 2.99249 -13 4597 1 0 1
52.3495 33.7138 325.556 8.34591 6.53171 54.9822 2.57647 -13 4598 1 0 1
-11.2352 40.2609 325.556 -3.15068 10.8911 75.9041 2.24212 -13 4599 1 0 1
-68.7679 15.3093 325.556 -13.1175 3.45231 65.6563 1.54969 -13 4600 1 0 1
-11.8282 45.2798 325.556 -2.1887 10.3752 65.2361 3.62738 -13 4601 1 0 1
-18.2025 -25.0941 325.556 -4.42575 -6.40164 74.8148 2.56574 -13 4602 1 0 1
24.7117 -63.5353 325.556 4.52834 -14.2692 63.5655 1.56498 -13 4603 1 0 1
-51.5893 -27.5591 325.556 -7.15412 -4.83462 51.0186 2.66519 -13 4604 1 0 1
-43.4671 -14.4851 325.556 -7.41351 -3.08748 59.8887 3.94814 -13 4605 1 0 1
23.3038 30.463 325.556 3.79891 6.37297 54.8674 2.17754 -13 4606 1 0 1
-15.6319 -15.0972 325.556 -3.74353 -4.31834 73.2405 1.61758 -13 4607 1 0 1
-49.5111 9.52958 325.556 -9.59323 2.72266 65.9019 3.19596 -13 4608 1 0 1
-1.08653 -21.3839 325.556 0.171452 -3.89248 53.8868 2.71579 -13 4609 1 0 1
53.3448 31.2137 325.556 10.7011 7.70894 71.3375 1.98043 -13 4610 1 0 1
31.9112 -10.9134 325.556 5.68232 -2.44624 61.9204 3.86025 -13 4611 1 0 1
-14.3911 -34.0716 325.556 -2.55981 -7.05381 62.0854 0.592024 -13 4612 1 0 1
-23.1547 -4.70311 325.556 -5.52038 -1.86895 74.5337 2.00812 -13 4613 1 0 1
8.03528 16.6159 325.556 1.31689 2.6896 45.6273 2.55816 -13 4614 1 0 1
-10.613 49.493 325.556 -2.47318 12.1418 70.0879 -0.0404345 -13 4615 1 0 1
-31.6041 4.91157 325.556 -7.09151 0.815117 72.2874 0.834288 -13 4616 1 0 1
-18.94 51.2468 325.556 -2.43004 9.48205 51.4839 4.20045 -13 4617 1 0 1
-19.4479 -58.5253 325.556 -3.25076 -12.2905 59.4364 1.13979 -13 4618 1 0 1
20.1686 -56.0426 325.556 3.62957 -12.156 62.4678 2.98825 -13 4619 1 0 1
18.0741 -57.3275 325.556 2.9186 -11.1452 53.749 0.0381121 -13 4620 1 0 1
-8.00377 28.9803 325.556 -1.00078 5.27832 52.4627 2.59725 -13 4621 1 0 1
-26.7942 -60.8557 325.556 -5.6619 -14.433 69.1312 2.46639 -13 4622 1 0 1
-65.2247 17.3158 325.556 -13.9663 4.12709 71.8738 2.09595 -13 4623 1 0 1
-48.4337 60.2759 325.556 -8.46514 12.393 61.1453 2.63733 -13 4624 1 0 1
-6.11501 3.76532 325.556 -1.07766 0.736859 62.8734 2.64288 -13 4625 1 0 1
3.56379 -47.8026 325.556 0.593069 -10.8261 64.9108 3.4104 -13 4626 1 0 1
60.0227 -38.3249 325.556 10.8103 -7.80337 62.3407 2.97127 -13 4627 1 0 1
31.5204 4.10671 325.556 4.95839 0.85557 53.2393 1.47448 -13 4628 1 0 1
6.89579 -36.4113 325.556 1.22897 -7.54374 59.5702 2.88961 -13 4629 1 0 1
48.8734 -9.0667 325.556 9.84481 -2.35904 72.3602 2.31694 -13 4630 1 0 1
-1.81761 31.8251 325.556 -0.751399 7.44662 69.2486 1.71365 -13 4631 1 0 1
-22.8023 -19.2132 325.556 -4.26995 -4.41361 63.0724 2.14354 -13 4632 1 0 1
86.4939 48.2749 325.556 15.6771 10.5806 63.8683 3.49698 -13 4633 1 0 1
-31.4498 21.4085 325.556 -7.50641 5.9381 75.5555 0.265606 -13 4634 1 0 1
67.4278 -68.3994 325.556 10.6143 -12.9829 54.2935 4.9084 -13 4635 1 0 1
-12.6437 77.4873 325.556 -1.71032 14.5296 52.5427 3.91711 -13 4636 1 0 1
11.2739 11.9362 325.556 2.05213 2.62744 63.5703 3.22012 -13 4637 1 0 1
24.2393 29.5718 325.556 4.54239 7.22703 65.3515 1.38522 -13 4638 1 0 1
38.5721 7.81241 325.556 6.88648 1.77771 62.3264 3.63936 -13 4639 1 0 1
-16.2013 27.2368 325.556 -2.9742 5.92348 64.7414 2.41098 -13 4640 1 0 1
-53.6017 -13.715 325.556 -6.62263 -2.21771 46.2877 1.25618 -13 4641 1 0 1
-45.3554 -10.3795 325.556 -4.39462 -1.2816 37.9945 2.95298 -13 4642 1 0 1
-23.6315 -46.5856 325.556 -3.54893 -8.90497 56.2223 2.90067 -13 4643 1 0 1
52.0503 21.5429 325.556 9.49978 4.93032 63.7267 3.418 -13 4644 1 0 1
-17.1977 -3.00548 325.556 -4.59171 -0.707283 77.7802 2.60666 -13 4645 1 0 1
20.9032 -31.191 325.556 4.07244 -7.75854 70.5509 -0.577874 -13 4646 1 0 1
-16.3805 13.7297 325.556 -3.70709 3.38521 71.4411 0.916215 -13 4647 1 0 1
70.398 -62.1815 325.556 12.1701 -12.4687 60.628 2.82825 -13 4648 1 0 1
-25.6019 15.3223 325.556 -5.91577 4.403 73.893 1.56203 -13 4649 1 0 1
-29.5477 90.5609 325.556 -4.43486 17.2868 54.9583 1.81728 -13 4650 1 0 1
-12.0711 -49.9824 325.556 -2.16917 -10.8946 62.1755 -0.342922 -13 4651 1 0 1
24.3247 44.6719 325.556 4.73341 10.7114 69.6078 1.21099 -13 4652 1 0 1
20.2899 118.803 325.556 1.79926 13.7808 29.6562 4.30628 -13 4653 1 0 1
87.9343 23.9925 325.556 11.7855 3.4943 48.1042 1.81418 -13 4654 1 0 1
-21.8466 -15.9527 325.556 -3.84589 -3.77194 61.5206 0.422736 -13 4655 1 0 1
30.99 4.97516 325.556 5.60953 0.906306 63.1614 1.84468 -13 4656 1 0 1
44.2362 56.2223 325.556 6.26746 9.84642 49.492 4.50377 -13 4658 1 0 1
48.896 -13.5307 325.556 8.88707 -3.12687 62.6928 3.3658 -13 4659 1 0 1
22.1597 -5.32098 325.556 3.17732 -0.971961 48.7602 2.5912 -13 4660 1 0 1
13.0807 22.7273 325.556 2.44196 4.46516 62.2497 1.88058 -13 4661 1 0 1
-58.6813 -77.4997 325.556 -13.224 -19.8011 73.7848 0.442452 -13 4662 1 0 1
18.6421 12.5949 325.556 3.55942 3.05039 75.7546 2.13037 -13 4663 1 0 1
9.36435 -26.7618 325.556 1.64185 -6.96377 75.8819 1.32025 -13 4664 1 0 1
80.0177 -138.08 325.556 4.96896 -13.4462 24.4985 5.44054 -13 4665 1 0 1
3.51574 -34.6175 325.556 0.691011 -5.49993 44.6263 1.55831 -13 4666 1 0 1
1.43183 -31.0421 325.556 0.401748 -4.28111 38.0621 3.56152 -13 4667 1 0 1
-119.924 28.6143 325.556 -24.2167 6.61958 69.2224 2.51932 -13 4668 1 0 1
77.5835 67.365 325.556 11.0391 11.7927 50.6292 1.83271 -13 4670 1 0 1
5.18781 5.67842 325.556 1.07141 1.02087 55.8751 3.16602 -13 4671 1 0 1
-41.5354 -15.9076 325.556 -7.09559 -3.13449 60.4651 2.0854 -13 4672 1 0 1
-50.8436 20.5474 325.556 -8.98105 5.12197 62.3394 1.38519 -13 4673 1 0 1
-59.411 -37.9758 325.556 -13.5283 -10.2122 74.7534 1.50983 -13 4674 1 0 1
2.03109 -61.1931 325.556 0.531305 -10.4688 46.3598 4.38927 -13 4675 1 0 1
-33.3252 -3.65148 325.556 -5.28736 -0.66567 57.1876 3.0443 -13 4676 1 0 1
29.0325 71.9012 325.556 5.00565 14.6569 58.4519 2.05175 -13 4677 1 0 1
-13.0613 2.39751 325.556 -2.92352 0.71666 71.108 3.98168 -13 4678 1 0 1
46.4161 -14.1888 325.556 8.183 -3.1669 61.3869 0.0729425 -13 4679 1 0 1
-15.1463 6.49793 325.556 -3.78202 1.50225 74.9641 1.87635 -13 4680 1 0 1
38.6453 -5.24614 325.556 7.64224 -1.39009 70.6371 2.94152 -13 4681 1 0 1
17.4784 -29.9113 325.556 3.30958 -7.97639 72.3534 2.37166 -13 4682 1 0 1
35.7638 -5.2101 325.556 6.89407 -1.85444 68.2917 0.603521 -13 4683 1 0 1
87.7899 -21.6226 325.556 12.5252 -4.48271 50.632 4.97377 -13 4684 1 0 1
-0.0614425 -35.7353 325.556 -0.0786742 -8.16866 66.3647 -0.125125 -13 4685 1 0 1
-12.7962 29.8369 325.556 -2.477 6.48327 65.197 2.48602 -13 4686 1 0 1
-66.4503 -3.98416 325.556 -9.84358 -1.23298 53.6793 1.61609 -13 4687 1 0 1
-3.88985 -50.1616 325.556 -0.691162 -10.6663 60.7871 3.55295 -13 4688 1 0 1
21.2065 -13.3521 325.556 3.50116 -2.94866 54.0774 0.213508 -13 4689 1 0 1
-22.4446 36.0087 325.556 -5.21386 9.06712 73.3387 1.73145 -13 4690 1 0 1
35.087 -3.43338 325.556 6.8764 -0.403135 69.6018 1.58977 -13 4691 1 0 1
-23.0752 5.85483 325.556 -1.71379 0.486238 32.392 3.47488 -13 4692 1 0 1
-43.4856 34.5029 325.556 -7.36013 7.49617 59.8003 2.53545 -13 4693 1 0 1
-26.6456 18.9549 325.556 -5.81382 4.61298 71.0274 3.96993 -13 4694 1 0 1
4.24546 18.318 325.556 0.314637 4.60508 77.0557 1.73823 -13 4695 1 0 1
3.69466 -42.1494 325.556 0.727658 -9.16538 59.7481 2.47646 -13 4696 1 0 1
49.7015 -9.04072 325.556 9.13731 -1.61139 64.1982 1.82859 -13 4697 1 0 1
36.5466 -10.9317 325.556 6.68726 -2.45388 63.5165 1.6575 -13 4698 1 0 1
-42.0365 -50.5449 325.556 -4.07109 -7.4736 38.5109 4.55387 -13 4699 1 0 1
5.82637 -55.1682 325.556 1.04868 -9.99648 49.8772 3.90445 -13 4700 1 0 1
22.3719 18.4792 325.556 4.24164 4.61041 67.6055 0.109612 -13 4701 1 0 1
-39.8663 -104.422 325.556 -7.3576 -22.5846 63.0333 2.25855 -13 4702 1 0 1
-4.37238 -8.30123 325.556 -0.959147 -1.72448 67.086 1.76212 -13 4703 1 0 1
46.3427 13.6821 325.556 7.66025 2.94774 57.1871 2.47746 -13 4704 1 0 1
-47.7785 -92.1169 325.556 -7.83149 -18.3482 57.5374 2.14583 -13 4705 1 0 1
60.9886 -42.3362 325.556 10.8748 -9.3393 62.1059 -0.045671 -13 4706 1 0 1
33.3009 -0.331865 325.556 6.31865 0.334952 66.5256 1.87361 -13 4707 1 0 1
-5.51478 25.8242 325.556 -0.815136 5.52409 58.6863 2.26528 -13 4708 1 0 1
-40.3148 -25.3729 325.556 -8.10609 -5.96515 67.7809 3.26396 -13 4709 1 0 1
-30.6568 -28.0962 325.556 -6.7146 -8.08629 71.7994 1.6979 -13 4710 1 0 1
71.9984 -9.75139 325.556 9.83203 -1.72756 47.4977 2.78583 -13 4711 1 0 1
28.6293 -47.5858 325.556 4.39065 -8.73286 50.9186 1.25825 -13 4712 1 0 1
-39.3595 -28.0017 325.556 -6.36769 -5.72896 57.7606 2.32875 -13 4713 1 0 1
-8.63316 68.4221 325.556 -1.70127 15.5711 64.8999 3.63021 -13 4714 1 0 1
78.3 -100.048 325.556 11.0534 -17.6033 49.73 6.27392 -13 4715 1 0 1
-52.6492 20.4497 325.556 -9.1084 4.58624 60.7059 2.17344 -13 4716 1 0 1
-41.3174 -34.2878 325.556 -9.19063 -8.81161 72.8733 1.68331 -13 4717 1 0 1
-68.7438 -1.25396 325.556 -6.53485 -0.171843 36.7663 2.64976 -13 4718 1 0 1
9.46755 -27.6188 325.556 1.70502 -6.1032 66.5869 3.55308 -13 4719 1 0 1
5.8701 9.17572 325.556 1.10512 1.83812 55.1845 1.57187 -13 4720 1 0 1
72.6077 17.7177 325.556 8.54977 2.67451 41.5755 2.9017 -13 4721 1 0 1
52.6259 31.4495 325.556 10.094 7.22714 67.9078 0.658169 -13 4722 1 0 1
-38.1285 -8.17001 325.556 -9.39556 -2.19032 77.5716 -0.70385 -13 4723 1 0 1
-36.6003 -23.3054 325.556 -7.87617 -5.51359 71.1926 2.93502 -13 4724 1 0 1
-27.7776 31.6315 325.556 -7.15942 8.56199 78.8439 1.82636 -13 4725 1 0 1
-25.2876 35.9831 325.556 -5.83061 9.48806 73.3513 1.70492 -13 4726 1 0 1
2.63395 3.36363 325.556 0.503415 0.51433 63.0171 3.3288 -13 4727 1 0 1
38.6715 3.02187 325.556 3.93748 0.183497 35.5953 1.55899 -13 4728 1 0 1
-19.0682 -32.199 325.556 -2.17889 -5.52065 47.2758 0.874024 -13 4729 1 0 1
44.4711 -44.5155 325.556 8.80856 -10.6438 69.3633 1.41548 -13 4730 1 0 1
25.4235 -2.60155 325.556 3.90063 -0.370142 51.3459 0.450466 -13 4731 1 0 1
12.3021 0.804056 325.556 2.25608 -0.0692915 72.9526 2.43627 -13 4732 1 0 1
9.88589 46.2953 325.556 1.57385 11.9108 74.7018 1.10071 -13 4733 1 0 1
-11.5061 -94.2764 325.556 -1.46722 -17.9747 52.5593 3.6016 -13 4734 1 0 1
-3.19341 3.01312 325.556 -0.886034 0.571328 71.3692 1.16728 -13 4735 1 0 1
-7.007 51.5996 325.556 -1.43829 11.5457 66.9914 2.86366 -13 4736 1 0 1
8.17989 13.1351 325.556 1.37596 2.36976 71.9146 1.49638 -13 4737 1 0 1
-20.5811 -98.628 325.556 -3.35976 -19.8745 57.6423 0.997247 -13 4738 1 0 1
-40.2758 39.1183 325.556 -8.6425 9.897 70.5435 2.01272 -13 4739 1 0 1
79.734 17.9556 325.556 14.3481 3.76684 61.9587 4.06305 -13 4740 1 0 1
74.0076 12.8985 325.556 12.0718 2.82326 57.5381 1.69838 -13 4741 1 0 1
-24.4383 -3.46789 325.556 -5.48614 -0.599009 72.4343 0.710631 -13 4742 1 0 1
82.116 18.0143 325.556 12.872 3.48328 55.1155 1.77449 -13 4743 1 0 1
-41.6212 -19.8089 325.556 -8.44213 -4.15693 67.6713 2.58356 -13 4744 1 0 1
8.00959 -48.9884 325.556 1.39362 -9.88853 61.1517 3.14294 -13 4745 1 0 1
-35.3952 -17.1297 325.556 -5.42744 -3.09923 55.5173 2.63812 -13 4746 1 0 1
-10.9522 -13.5016 325.556 -3.0579 -4.19958 76.3013 0.69039 -13 4748 1 0 1
0.519523 -74.9316 325.556 0.0851355 -17.3833 65.3703 3.98838 -13 4749 1 0 1
-20.2902 3.1199 325.556 -3.30862 0.850934 59.1762 1.62769 -13 4750 1 0 1
-6.97061 -20.7149 325.556 -1.02243 -4.59677 59.0682 1.93525 -13 4751 1 0 1
0.239208 -16.3656 325.556 -0.293149 -3.36233 68.9185 2.78133 -13 4752 1 0 1
23.0697 -20.5268 325.556 4.55917 -5.62864 72.8969 3.50769 -13 4753 1 0 1
22.7257 36.9824 325.556 3.99387 8.61312 63.6926 2.07024 -13 4754 1 0 1
23.5488 26.2645 325.556 4.64706 6.66033 74.4043 2.34332 -13 4755 1 0 1
33.6885 -31.8337 325.556 5.4321 -6.42338 56.6429 2.20696 -13 4756 1 0 1
26.8103 -33.3876 325.556 4.85477 -6.95178 61.9685 3.22566 -13 4757 1 0 1
54.7278 76.5777 325.556 10.0653 16.86 64.498 3.32412 -13 4758 1 0 1
2.25868 21.3251 325.556 0.329234 5.32405 68.1233 0.956025 -13 4760 1 0 1
12.1017 25.0885 325.556 2.11151 4.8487 56.7481 0.340072 -13 4761 1 0 1
-51.3242 -112.777 325.556 -7.56113 -20.7512 52.8704 2.77498 -13 4762 1 0 1
-74.6286 -41.5968 325.556 -15.5529 -9.70413 70.227 1.87505 -13 4763 1 0 1
5.78011 26.6325 325.556 0.772217 6.43275 76.0115 2.73857 -13 4764 1 0 1
7.20005 7.21085 325.556 1.26521 1.99441 64.8395 1.65598 -13 4765 1 0 1
53.8059 29.3698 325.556 9.75618 6.55369 63.2441 2.447 -13 4766 1 0 1
10.63 21.8239 325.556 1.96906 4.81033 66.5274 1.72473 -13 4767 1 0 1
15.5131 -24.7881 325.556 2.69972 -5.49182 59.5615 2.2196 -13 4768 1 0 1
8.15026 18.367 325.556 1.43023 3.79951 69.4231 0.74992 -13 4769 1 0 1
-39.9971 5.79436 325.556 -5.80289 1.18717 53.3846 2.81043 -13 4770 1 0 1
-43.8636 41.5913 325.556 -6.10695 7.58998 50.5714 2.36711 -13 4771 1 0 1
-33.6386 7.96078 325.556 -6.99853 2.50827 69.6259 2.04085 -13 4772 1 0 1
19.0158 -5.67644 325.556 3.48995 -1.39722 67.2353 3.4678 -13 4773 1 0 1
65.0261 -70.0546 325.556 10.5106 -13.8374 56.3994 3.40459 -13 4774 1 0 1
50.0591 19.1936 325.556 7.74486 3.37434 53.2791 1.20751 -13 4775 1 0 1
58.5498 -70.6707 325.556 10.5962 -15.5344 63.1079 1.31065 -13 4776 1 0 1
-22.7407 1.48812 325.556 -3.76637 0.246132 59.9777 3.48645 -13 4777 1 0 1
-42.6883 72.1311 325.556 -4.85209 11.6093 43.8807 1.46622 -13 4778 1 0 1
54.2548 -10.9493 325.556 7.66887 -2.43511 48.3471 1.75205 -13 4779 1 0 1
-24.5012 -13.7595 325.556 -4.67778 -3.16192 65.3386 2.98532 -13 4780 1 0 1
6.84261 0.930743 325.556 1.34087 0.268602 59.1357 -0.406111 -13 4781 1 0 1
-63.1807 -12.9206 325.556 -15.3931 -3.33529 78.718 1.92995 -13 4782 1 0 1
-23.0856 11.1349 325.556 -4.18264 2.19451 62.1354 2.85253 -13 4783 1 0 1
39.0717 8.56644 325.556 6.12833 1.56556 53.4528 6.24137 -13 4784 1 0 1
-25.8243 -72.1525 325.556 -4.07593 -14.5061 57.0748 2.49504 -13 4785 1 0 1
-27.8689 -24.3728 325.556 -6.90708 -6.10641 76.7791 2.50098 -13 4786 1 0 1
-32.6387 20.5322 325.556 -8.77243 6.10522 79.15 1.01488 -13 4787 1 0 1
1.70952 -74.2741 325.556 0.423195 -13.8629 51.5677 1.73433 -13 4788 1 0 1
50.6446 -36.9372 325.556 8.01443 -6.75334 54.8845 2.53037 -13 4789 1 0 1
40.9664 63.9706 325.556 7.69594 15.0247 67.3981 3.80304 -13 4790 1 0 1
-39.6176 -11.835 325.556 -6.99641 -2.18683 61.3884 2.27019 -13 4791 1 0 1
9.42524 44.7563 325.556 1.50127 11.4206 75.9711 1.94359 -13 4792 1 0 1
23.8283 24.3255 325.556 4.43578 5.66166 65.4008 2.12351 -13 4793 1 0 1
34.5047 2.49579 325.556 6.83991 0.0581712 71.3285 3.43983 -13 4794 1 0 1
-89.2927 -68.5097 325.556 -15.725 -14.7752 61.3154 2.79623 -13 4795 1 0 1
-13.4157 5.01331 325.556 -2.57609 0.761136 65.3116 2.55072 -13 4796 1 0 1
-63.8837 -14.8362 325.556 -7.53368 -2.43684 44.2824 2.45972 -13 4797 1 0 1
-3.76458 -8.44053 325.556 -0.762258 -2.71386 66.854 2.25639 -13 4798 1 0 1
14.9342 31.2502 325.556 2.71257 7.24305 63.7831 1.35508 -13 4799 1 0 1
6.79791 -15.4732 325.556 1.07824 -3.70714 72.1741 2.39902 -13 4800 1 0 1
-12.5987 -21.1082 325.556 -2.49716 -4.42908 65.1759 3.77861 -13 4801 1 0 1
-11.8718 -10.3831 325.556 -3.33511 -2.31446 76.8251 1.93143 -13 4802 1 0 1
44.3884 21.5171 325.556 7.75407 4.3602 61.2702 1.0694 -13 4803 1 0 1
-53.8288 -4.59666 325.556 -9.24188 -0.949105 60.0641 3.12283 -13 4804 1 0 1
-20.7695 -12.4415 325.556 -5.51765 -3.46611 78.4784 1.99423 -13 4805 1 0 1
-63.5877 54.0786 325.556 -11.2826 11.8557 61.8921 3.6056 -13 4806 1 0 1
14.1693 -4.37375 325.556 2.5698 -0.828966 67.1065 1.63275 -13 4807 1 0 1
11.3577 -4.01984 325.556 0.560422 -0.367232 15.4087 6.21127 -13 4808 1 0 1
80.3402 -25.5727 325.556 15.221 -6.2556 66.8125 2.59493 -13 4809 1 0 1
32.5951 -16.7049 325.556 5.41022 -3.57858 57.2953 2.17495 -13 4810 1 0 1
-32.7281 47.8716 325.556 -6.68817 11.3788 67.6199 2.2374 -13 4811 1 0 1
-64.0908 32.6928 325.556 -10.8008 6.47993 59.2783 1.05981 -13 4812 1 0 1
11.08 59.6097 325.556 1.81605 10.4776 49.1237 1.18627 -13 4813 1 0 1
28.8277 95.0733 325.556 4.61758 19.1182 56.0981 3.21021 -13 4814 1 0 1
39.4267 -28.9162 325.556 7.7919 -7.41184 70.2937 2.2272 -13 4815 1 0 1
-13.4889 -19.089 325.556 -3.02118 -4.96088 69.2211 2.73489 -13 4816 1 0 1
30.4858 -21.0889 325.556 6.12068 -4.89125 73.3894 2.92986 -13 4817 1 0 1
30.3364 12.5739 325.556 4.74331 2.43502 51.0803 1.92263 -13 4818 1 0 1
16.9499 -62.9782 325.556 2.44988 -9.7956 43.9933 1.81283 -13 4819 1 0 1
45.498 -3.99523 325.556 9.08078 -0.57474 71.4182 2.32328 -13 4820 1 0 1
-50.3849 -27.6217 325.556 -5.57733 -4.54947 42.7304 4.52861 -13 4821 1 0 1
-47.6366 15.706 325.556 -8.49188 3.15593 62.1451 -0.134947 -13 4822 1 0 1
-1.16053 -7.27666 325.556 -0.452819 -1.54468 70.6901 1.72074 -13 4823 1 0 1
80.2081 -144.608 325.556 9.06663 -21.5253 40.4778 1.67181 -13 4824 1 0 1
-18.828 -36.9277 325.556 -2.85564 -7.41582 56.308 4.39566 -13 4826 1 0 1
8.50035 -10.9053 325.556 0.99158 -3.06964 79.5667 3.09291 -13 4827 1 0 1
-46.6878 -37.6119 325.556 -10.8219 -9.91013 74.9931 2.82927 -13 4828 1 0 1
17.0663 -65.0412 325.556 3.11468 -14.7618 66.8097 2.27609 -13 4829 1 0 1
-31.1241 -59.8432 325.556 -5.40995 -13.0832 61.2094 3.36789 -13 4830 1 0 1
5.96357 15.9173 325.556 1.1184 3.56411 61.688 2.11997 -13 4831 1 0 1
-5.23762 9.91374 325.556 -0.737926 2.05489 58.3764 2.48792 -13 4833 1 0 1
-1.49265 -16.62 325.556 -0.144032 -3.54026 58.7814 1.41408 -13 4834 1 0 1
34.6325 25.0219 325.556 6.43418 5.42675 64.7895 4.70406 -13 4835 1 0 1
-2.30358 -39.2143 325.556 -0.956679 -9.65338 72.8198 2.92873 -13 4836 1 0 1
13.9725 -18.3114 325.556 2.51701 -3.83749 60.3733 0.650023 -13 4837 1 0 1
-65.3505 -87.1196 325.556 -9.52589 -15.8975 52.7815 1.33214 -13 4838 1 0 1
32.8509 30.2936 325.556 6.75102 8.08883 77.5854 2.72865 -13 4839 1 0 1
-4.86758 -58.3333 325.556 -0.717369 -11.9472 58.1501 2.53453 -13 4840 1 0 1
-1.14902 -108.645 325.556 -0.448204 -24.974 65.8183 1.79723 -13 4841 1 0 1
5.70829 -14.0941 325.556 0.969254 -3.31522 67.2949 2.77436 -13 4842 1 0 1
-25.4604 99.7587 325.556 -5.13571 23.1548 65.9739 3.35464 -13 4843 1 0 1
-0.894601 64.4429 325.556 -0.434417 15.0984 67.3354 1.57428 -13 4844 1 0 1
-105.598 -43.1165 325.556 -21.2122 -10.3027 68.6095 1.96887 -13 4845 1 0 1
55.4905 116.874 325.556 6.67062 17.9154 41.4608 2.41111 -13 4846 1 0 1
-24.4651 -3.93346 325.556 -5.83711 -0.762453 74.7553 1.20843 -13 4847 1 0 1
-58.5266 42.1748 325.556 -12.3529 9.46195 70.8871 1.60146 -13 4848 1 0 1
26.6202 6.50447 325.556 3.74601 1.25822 45.0547 2.70949 -13 4849 1 0 1
7.29365 -2.67654 325.556 1.35566 -0.746655 53.9771 3.58978 -13 4850 1 0 1
-5.48757 7.98696 325.556 -0.454548 1.75139 47.0505 2.49876 -13 4851 1 0 1
29.3562 6.97795 325.556 5.65621 1.75817 68.0676 2.55241 -13 4852 1 0 1
-1.47721 21.6157 325.556 -0.97681 5.50182 77.1964 2.47405 -13 4853 1 0 1
-2.69288 26.4002 325.556 -1.21799 7.08204 75.9576 3.46257 -13 4856 1 0 1
60.9889 33.7321 325.556 9.66954 6.51625 55.141 2.9125 -13 4857 1 0 1
17.7665 17.1527 325.556 3.04893 3.75424 58.1431 2.52439 -13 4858 1 0 1
82.0348 20.185 325.556 14.0103 4.22943 59.9642 2.49499 -13 4859 1 0 1
76.1554 -44.1678 325.556 11.4933 -8.19675 53.2948 2.27604 -13 4860 1 0 1
66.7536 -0.257062 325.556 11.9448 -0.00614809 62.6107 2.11486 -13 4862 1 0 1
-13.1688 1.93507 325.556 -2.80755 0.619827 69.7475 2.50511 -13 4863 1 0 1
51.0974 86.5003 325.556 8.33675 17.0288 56.8183 1.39875 -13 4864 1 0 1
-56.8082 -47.2805 325.556 -13.1121 -12.5302 75.5939 2.86557 -13 4866 1 0 1
14.652 21.2195 325.556 2.52232 4.64505 54.6162 1.67617 -13 4867 1 0 1
-44.1028 74.8324 325.556 -8.18829 16.6574 64.0432 -0.294457 -13 4868 1 0 1
-14.6074 0.422975 325.556 -2.06105 0.125317 54.0582 2.5692 -13 4869 1 0 1
-32.691 -54.4857 325.556 -6.48321 -12.653 67.263 2.36905 -13 4870 1 0 1
-69.7068 -3.6598 325.556 -16.3618 -0.889406 77.2105 0.803135 -13 4871 1 0 1
-10.1757 7.78443 325.556 -2.77679 1.7078 75.2852 1.36514 -13 4872 1 0 1
-18.0949 21.0142 325.556 -4.2686 5.10391 72.803 2.55314 -13 4873 1 0 1
-44.7707 -13.2322 325.556 -7.5659 -2.81653 60.2681 0.899358 -13 4874 1 0 1
-36.3226 -0.550065 325.556 -7.21395 -0.0204176 67.6302 1.37938 -13 4875 1 0 1
14.4807 13.3417 325.556 2.54224 3.04121 67.4276 2.40168 -13 4877 1 0 1
-29.1262 42.8015 325.556 -7.3313 10.5307 77.3826 -0.640625 -13 4878 1 0 1
38.7578 -21.6171 325.556 6.06581 -4.10509 53.3008 3.66744 -13 4879 1 0 1
-16.8859 -80.4915 325.556 -2.41951 -15.0755 53.8173 1.45779 -13 4880 1 0 1
-1.53036 3.42225 325.556 -0.305645 0.233681 64.6054 1.68376 -13 4881 1 0 1
35.7143 -42.2851 325.556 6.30023 -9.14365 62.3168 1.57828 -13 4882 1 0 1
9.09372 30.7314 325.556 1.64275 7.11694 66.2997 2.3223 -13 4883 1 0 1
-5.93766 -23.5923 325.556 -1.05101 -5.17912 60.3152 2.32954 -13 4884 1 0 1
-11.4954 -18.0242 325.556 -1.89901 -3.41956 60.8931 1.1957 -13 4886 1 0 1
-4.37373 -5.87198 325.556 -1.90492 -1.50642 79.3523 0.46573 -13 4887 1 0 1
-10.3375 -58.9168 325.556 -2.93362 -15.3185 76.2357 3.78502 -13 4888 1 0 1
26.2449 15.9794 325.556 4.18989 2.87902 52.4629 1.35556 -13 4889 1 0 1
-10.9372 0.208115 325.556 -1.34199 0.263075 51.967 1.84275 -13 4890 1 0 1
40.5825 -4.40895 325.556 8.189 -0.577574 73.434 2.36734 -13 4891 1 0 1
35.6216 83.0378 325.556 5.93314 16.6196 57.1909 2.56231 -13 4892 1 0 1
-11.4489 50.2875 325.556 -2.35127 10.9772 67.0682 2.47384 -13 4893 1 0 1
-25.5491 -20.5922 325.556 -4.80244 -4.54496 65.0004 2.60756 -13 4894 1 0 1
21.7335 -15.8476 325.556 4.07865 -3.55206 66.0935 2.30679 -13 4895 1 0 1
-21.6773 -53.0785 325.556 -4.41042 -12.1145 67.1289 2.63553 -13 4896 1 0 1
32.55 -26.023 325.556 6.61731 -7.1687 77.7168 1.36622 -13 4897 1 0 1
-56.9632 22.2493 325.556 -10.1099 4.55445 61.9126 0.172676 -13 4898 1 0 1
68.3173 -20.4202 325.556 10.8443 -3.82907 55.1054 1.58555 -13 4899 1 0 1
-69.6269 -6.04675 325.556 -13.2678 -1.07552 65.4465 1.36197 -13 4900 1 0 1
15.787 15.9162 325.556 1.65794 1.87267 33.1845 3.90469 -13 4901 1 0 1
39.9749 4.94737 325.556 8.39136 0.982114 78.4274 -1.14925 -13 4902 1 0 1
51.0442 33.0276 325.556 7.41747 5.97389 50.4165 2.26115 -13 4903 1 0 1
-32.616 40.4596 325.556 -5.13042 8.04774 57.3721 3.63565 -13 4904 1 0 1
27.7359 69.2968 325.556 5.12119 14.9362 64.5627 2.92927 -13 4905 1 0 1
-17.7149 -72.806 325.556 -2.08363 -12.126 45.3175 4.55312 -13 4906 1 0 1
66.2214 65.1377 325.556 9.22053 11.4271 48.6419 2.86503 -13 4907 1 0 1
-34.4013 9.76166 325.556 -7.36884 2.34598 71.4891 3.37103 -13 4908 1 0 1
-6.07862 22.6104 325.556 -1.52527 5.90125 70.4839 1.71153 -13 4909 1 0 1
-17.6895 28.1358 325.556 -2.28212 5.31832 50.6848 2.73162 -13 4910 1 0 1
9.25503 24.8663 325.556 1.54774 4.81566 53.4665 3.48574 -13 4911 1 0 1
8.09178 -26.6409 325.556 1.21116 -6.61017 75.9304 1.37468 -13 4912 1 0 1
19.4584 44.9762 325.556 3.74214 10.2179 67.771 1.15268 -13 4913 1 0 1
-33.974 -41.1444 325.556 -6.73786 -9.66299 67.7965 3.88502 -13 4914 1 0 1
91.0468 64.3241 325.556 11.3937 10.1986 44.7278 3.02311 -13 4915 1 0 1
65.2485 19.8446 325.556 13.3046 4.82098 73.0681 0.883376 -13 4916 1 0 1
10.9093 72.4546 325.556 1.75648 18.3616 75.1473 -0.154886 -13 4917 1 0 1
21.6244 -59.7839 325.556 4.02484 -13.0691 67.456 0.159828 -13 4918 1 0 1
-43.4589 -185.9 325.556 -2.34834 -18.3513 24.0859 1.15182 -13 4919 1 0 1
18.2033 9.78931 325.556 3.26158 2.23613 60.7437 2.95287 -13 4921 1 0 1
-8.9586 36.5493 325.556 -1.15208 7.40772 55.7788 2.73495 -13 4922 1 0 1
0.482164 -16.6022 325.556 -0.594313 -3.8476 76.3522 3.0104 -13 4923 1 0 1
-34.1836 -14.3726 325.556 -7.60752 -3.55136 72.493 0.946411 -13 4924 1 0 1
11.8111 1.8388 325.556 2.28314 0.529522 66.9911 1.33493 -13 4925 1 0 1
1.91073 43.4472 325.556 0.0252921 10.7434 71.0998 2.2124 -13 4926 1 0 1
-26.1708 31.7723 325.556 -5.5729 7.13963 69.7146 2.69126 -13 4927 1 0 1
38.1278 98.6477 325.556 6.41375 20.3925 59.2472 3.13376 -13 4928 1 0 1
36.8972 -25.4899 325.556 7.72416 -7.06211 77.2285 1.39646 -13 4929 1 0 1
9.94064 8.85778 325.556 1.74756 2.5875 64.7848 2.18999 -13 4930 1 0 1
-73.4826 -20.2519 325.556 -13.1795 -4.08317 62.596 1.32559 -13 4931 1 0 1
0.643256 -38.1151 325.556 0.0516997 -8.52655 66.1213 3.65869 -13 4932 1 0 1
-57.6311 -4.00465 325.556 -11.9726 -1.0323 69.8606 2.08464 -13 4933 1 0 1
6.51376 26.2613 325.556 1.13889 5.64346 67.5175 2.35971 -13 4934 1 0 1
120.068 48.2165 325.556 13.844 7.13004 42.1282 3.2611 -13 4935 1 0 1
-59.0661 -2.34819 325.556 -12.7142 -0.497272 72.0097 0.380546 -13 4936 1 0 1
-16.8325 32.4327 325.556 -3.34512 7.91448 66.5461 2.0481 -13 4937 1 0 1
-18.4852 45.0416 325.556 -2.68139 8.81529 54.7662 3.53036 -13 4938 1 0 1
-69.8356 5.7568 325.556 -12.3069 1.90357 61.6433 3.26202 -13 4939 1 0 1
15.5519 2.99504 325.556 2.86525 0.605131 63.0656 2.8546 -13 4940 1 0 1
58.6621 4.92968 325.556 10.4253 0.925553 61.319 1.19169 -13 4941 1 0 1
-17.8484 80.9303 325.556 -2.16244 13.7157 48.4214 2.67077 -13 4942 1 0 1
-27.6985 38.6298 325.556 -7.4845 10.7402 78.8223 1.56287 -13 4943 1 0 1
-14.6408 -1.43179 325.556 -3.29945 -0.414336 72.6666 3.28021 -13 4944 1 0 1
-21.9595 -10.5628 325.556 -4.72819 -2.55403 69.8587 1.47006 -13 4945 1 0 1
-19.6725 -44.0163 325.556 -3.18297 -9.00727 60.0005 2.35207 -13 4946 1 0 1
7.45309 -45.0674 325.556 1.18589 -10.3171 65.2025 2.40126 -13 4947 1 0 1
15.1644 -18.9653 325.556 2.44155 -3.53369 50.7543 1.18257 -13 4948 1 0 1
-2.32291 34.0008 325.556 -0.649249 7.75773 69.1476 0.777993 -13 4949 1 0 1
-21.7906 56.0417 325.556 -6.06253 14.9739 77.9842 1.25266 -13 4950 1 0 1
47.0011 3.5612 325.556 6.35545 0.382867 46.5884 4.40846 -13 4951 1 0 1
-49.3099 -34.02 325.556 -8.71368 -7.17066 60.779 1.49933 -13 4953 1 0 1
68.031 37.0444 325.556 8.29226 5.82672 43.2501 2.38929 -13 4954 1 0 1
8.53399 6.56914 325.556 1.67112 1.338 58.192 2.30019 -13 4955 1 0 1
-81.4889 20.2408 325.556 -14.9783 4.48626 63.6206 3.31706 -13 4956 1 0 1
83.9884 15.2927 325.556 16.3729 3.37007 68.8708 2.32947 -13 4957 1 0 1
-31.414 -57.6581 325.556 -4.93751 -11.8231 56.7753 0.489278 -13 4958 1 0 1
15.2812 41.9438 325.556 2.81276 10.1652 68.8079 2.55144 -13 4959 1 0 1
41.1126 28.1594 325.556 7.85632 6.99996 67.4743 2.64627 -13 4960 1 0 1
47.0476 -19.2736 325.556 9.04466 -4.83224 67.6423 3.2905 -13 4961 1 0 1
-29.7434 20.7201 325.556 -6.20504 4.77731 69.1482 1.98771 -13 4962 1 0 1
-17.6989 -23.8866 325.556 -4.25612 -6.0794 73.5083 1.1773 -13 4963 1 0 1
15.4114 10.2927 325.556 2.72625 2.61632 70.1268 2.00602 -13 4964 1 0 1
-1.86854 -31.6145 325.556 -0.880405 -8.09992 74.826 1.48912 -13 4965 1 0 1
-6.17845 62.6795 325.556 -0.813007 13.4071 60.0505 3.12777 -13 4966 1 0 1
30.9041 8.42197 325.556 6.25259 2.44599 78.3828 0.834096 -13 4967 1 0 1
-10.3851 -29.5567 325.556 -1.58867 -6.13346 59.2982 2.51225 -13 4968 1 0 1
10.5287 -62.8555 325.556 1.68104 -17.0428 77.5915 1.80249 -13 4969 1 0 1
-41.4197 73.6807 325.556 -5.77403 13.0645 51.3134 2.81951 -13 4970 1 0 1
-5.05428 -3.78205 325.556 -1.91409 -0.768295 79.1222 4.25752 -13 4971 1 0 1
-17.6912 -38.7783 325.556 -3.86044 -10.2871 70.7011 3.42787 -13 4972 1 0 1
17.8497 33.3629 325.556 3.29391 7.25467 65.5004 -0.255724 -13 4973 1 0 1
-0.280665 -46.4123 325.556 -0.486217 -11.9173 74.2694 2.88182 -13 4974 1 0 1
-17.6117 -34.0451 325.556 -4.46524 -8.7324 75.897 0.924189 -13 4975 1 0 1
11.2749 62.6819 325.556 1.82442 15.6838 74.1471 2.92377 -13 4976 1 0 1
22.3373 64.7717 325.556 4.22025 13.6647 63.181 2.47895 -13 4977 1 0 1
-12.8094 -75.8325 325.556 -2.10719 -16.1549 59.8333 3.24635 -13 4978 1 0 1
-14.6247 64.1823 325.556 -2.0007 11.745 53.3208 2.20506 -13 4979 1 0 1
48.0609 -2.7657 325.556 9.26874 -0.856136 67.8025 3.0417 -13 4980 1 0 1
-69.424 7.74088 325.556 -14.3939 2.65393 70.0198 2.0998 -13 4981 1 0 1
29.9005 -20.3498 325.556 5.55321 -4.44837 66.2592 3.40525 -13 4982 1 0 1
5.02194 -16.9008 325.556 0.631471 -5.28473 73.2551 2.80887 -13 4983 1 0 1
-48.233 8.52217 325.556 -6.16459 1.8597 48.1893 1.99062 -13 4984 1 0 1
20.4221 64.0571 325.556 3.50343 13.2256 59.6718 3.27396 -13 4985 1 0 1
-29.2039 19.612 325.556 -6.25527 4.38057 69.8531 2.28608 -13 4986 1 0 1
13.0952 38.114 325.556 2.33822 8.12729 60.7761 3.43801 -13 4987 1 0 1
22.8055 30.1581 325.556 3.87672 5.61991 58.7467 1.44421 -13 4988 1 0 1
46.9764 69.5623 325.556 7.94434 13.9881 59.3004 3.62124 -13 4989 1 0 1
32.31 -6.32001 325.556 3.08652 -0.842506 33.9812 6.94504 -13 4990 1 0 1
55.169 -15.5902 325.556 7.50908 -2.59622 46.8193 3.00495 -13 4991 1 0 1
-40.4426 -43.0851 325.556 -8.47441 -9.82671 69.2552 4.65284 -13 4992 1 0 1
-4.96268 107.864 325.556 -0.661724 20.8232 54.6711 2.58821 -13 4993 1 0 1
48.186 -26.5576 325.556 7.08934 -4.50983 50.5849 0.476403 -13 4994 1 0 1
-11.0177 27.3632 325.556 -2.33345 6.4095 67.8478 1.227 -13 4995 1 0 1
12.6938 -115.34 325.556 1.94089 -20.4873 49.9711 2.90653 -13 4996 1 0 1
-23.9201 7.13177 325.556 -4.31221 1.3571 63.5183 3.08476 -13 4997 1 0 1
45.9933 -39.0979 325.556 8.14869 -8.51906 62.5489 1.94774 -13 4998 1 0 1
10.5427 32.5989 325.556 1.92612 6.81939 55.9361 1.70249 -13 4999 1 0 1
