#BLTrackFile NTuple/Z326
#x y z Px Py Pz t PDGid EventID TrackID ParentID Weight
#mm mm mm MeV/c MeV/c MeV/c ns - - - - -
-42.4363 -34.3468 325.556 -9.90625 -7.66975 71.9367 0.748423 -13 1 1 0 1
22.2269 -2.29227 325.556 4.64293 -1.6742 80.9054 1.72192 -13 2 1 0 1
-14.0906 -9.96062 325.556 -3.51297 -2.3338 71.4851 2.80338 -13 3 1 0 1
-59.2741 -14.1569 325.556 -14.8989 -3.05121 76.8925 2.18253 -13 4 1 0 1
-55.0368 -5.90647 325.556 -10.1455 -1.46922 59.9849 2.64675 -13 5 1 0 1
-37.2748 -4.77571 325.556 -9.1008 -0.874238 74.4413 1.08535 -13 6 1 0 1
1.7814 -29.2363 325.556 0.462829 -5.64691 61.1819 1.22777 -13 7 1 0 1
-64.9183 29.9901 325.556 -8.93844 4.91164 45.8107 2.58084 -13 8 1 0 1
32.205 54.5862 325.556 6.25177 11.2201 63.0992 3.18643 -13 9 1 0 1
13.3123 -24.3696 325.556 2.75658 -4.94454 66.6745 2.68624 -13 10 1 0 1
21.9 11.8734 325.556 4.45831 2.61031 71.1777 1.39125 -13 11 1 0 1
-0.862826 -58.4709 325.556 -0.071222 -11.7973 61.1897 3.80778 -13 12 1 0 1
59.1625 46.6638 325.556 7.2721 5.80356 38.7509 2.17739 -13 13 1 0 1
51.5091 -29.9857 325.556 10.6055 -6.02705 67.3787 0.461824 -13 14 1 0 1
60.0119 -38.2216 325.556 12.3095 -8.10189 66.3162 3.49694 -13 15 1 0 1
110.931 -111.307 325.556 18.6207 -19.847 54.6162 4.49683 -13 16 1 0 1
-23.6222 56.0887 325.556 -4.67497 11.6981 63.4075 1.41785 -13 17 1 0 1
-31.13 -52.9107 325.556 -4.74212 -9.11327 51.7849 3.80321 -13 18 1 0 1
-77.452 30.5818 325.556 -15.5262 6.49641 63.7862 2.20041 -13 19 1 0 1
9.06628 -44.2517 325.556 1.76528 -9.02878 64.141 5.00747 -13 20 1 0 1
-27.9986 24.846 325.556 -4.69008 4.99494 56.4504 1.05973 -13 22 1 0 1
-57.4063 96.5153 325.556 -6.43035 11.9738 38.023 3.60543 -13 23 1 0 1
-66.6504 56.3105 325.556 -10.7875 9.69296 53.0038 3.06709 -13 24 1 0 1
22.2541 -8.98072 325.556 4.59932 -1.61094 70.7301 2.21942 -13 25 1 0 1
-4.01448 14.4581 325.556 -0.966129 3.26188 68.5142 1.83665 -13 26 1 0 1
3.78336 -1.87142 325.556 0.68517 0.276276 66.6417 3.46151 -13 27 1 0 1
6.44815 -62.2509 325.556 1.06622 -14.4822 72.5474 2.16582 -13 28 1 0 1
-22.45 34.1605 325.556 -4.81467 7.70692 66.7583 3.02119 -13 30 1 0 1
-15.4463 8.93194 325.556 -3.8393 2.30289 71.8927 1.63613 -13 31 1 0 1
-25.1337 12.9463 325.556 -4.7955 2.62885 62.2731 1.61151 -13 32 1 0 1
24.3114 3.17307 325.556 2.11106 0.404571 25.2564 5.37321 -13 33 1 0 1
-63.0784 -3.78625 325.556 -12.8708 -0.521275 65.1252 1.4352 -13 34 1 0 1
-100.105 -65.0081 325.556 -21.7117 -14.1675 68.7457 4.19776 -13 35 1 0 1
-4.79675 32.9011 325.556 -1.03622 7.51844 66.0605 0.912839 -13 36 1 0 1
-5.49049 -34.4337 325.556 -2.06305 -9.09496 79.5433 0.342214 -13 37 1 0 1
5.21982 -60.2439 325.556 1.05798 -11.8364 59.7514 3.62153 -13 38 1 0 1
-24.1471 31.903 325.556 -3.75887 5.33953 51.6732 3.16969 -13 40 1 0 1
35.1252 69.4331 325.556 6.64684 13.5131 61.1108 1.98467 -13 41 1 0 1
-16.3738 3.79831 325.556 -3.70138 0.412799 68.2594 3.22455 -13 42 1 0 1
-61.585 -14.5044 325.556 -16.0296 -3.7061 78.3117 2.1332 -13 43 1 0 1
17.9565 10.3138 325.556 3.35431 1.72515 56.5809 2.89033 -13 44 1 0 1
-5.98941 -36.5443 325.556 -1.50892 -7.93889 67.7388 2.3821 -13 46 1 0 1
6.25156 45.2969 325.556 1.20266 8.24525 59.6859 3.09132 -13 47 1 0 1
-24.9505 55.3469 325.556 -5.33678 12.3772 66.2652 2.71445 -13 48 1 0 1
4.28822 -76.8406 325.556 0.674863 -18.0495 69.5711 1.40863 -13 49 1 0 1
38.9981 0.744354 325.556 5.53265 0.250746 42.8795 2.12922 -13 50 1 0 1
-16.6904 13.1616 325.556 -4.24715 2.65026 72.7332 1.59134 -13 51 1 0 1
-19.3459 70.6147 325.556 -3.07804 12.6713 54.791 2.38933 -13 52 1 0 1
32.6968 24.6481 325.556 5.99597 4.34025 56.7212 -0.111619 -13 53 1 0 1
19.5265 48.1632 325.556 2.90656 6.54213 42.849 2.80412 -13 54 1 0 1
-19.255 -24.9647 325.556 -4.56319 -5.88022 70.487 2.82909 -13 55 1 0 1
71.147 44.8026 325.556 13.3476 8.78839 60.64 1.16986 -13 56 1 0 1
-24.8471 -45.5419 325.556 -4.79431 -8.97205 62.7095 1.67663 -13 58 1 0 1
0.273817 -42.4075 325.556 -0.108552 -9.25623 67.6363 3.93526 -13 59 1 0 1
35.721 80.5159 325.556 6.35208 14.9277 56.0055 2.52739 -13 60 1 0 1
-17.8252 34.426 325.556 -3.45779 7.20067 62.7585 1.23249 -13 61 1 0 1
-0.162069 11.0499 325.556 -0.254312 2.92379 70.0297 1.37493 -13 62 1 0 1
21.509 -41.9299 325.556 2.49775 -4.83561 35.0001 3.46184 -13 63 1 0 1
1.79339 -1.57858 325.556 0.411511 -0.205037 60.3234 2.26778 -13 64 1 0 1
14.7948 6.76443 325.556 2.95747 1.24098 65.8002 0.559529 -13 65 1 0 1
-5.29356 7.28432 325.556 -1.43548 1.55213 71.4134 2.34995 -13 66 1 0 1
15.4884 -11.984 325.556 3.07378 -2.06846 61.4351 1.42499 -13 67 1 0 1
13.7528 66.694 325.556 2.5304 11.2375 53.3234 1.38371 -13 68 1 0 1
-18.7692 -33.3716 325.556 -3.61479 -6.84755 62.8882 2.06629 -13 69 1 0 1
-25.8863 -41.0126 325.556 -7.22291 -11.3799 79.7833 2.00951 -13 70 1 0 1
-10.0546 5.37683 325.556 -1.6406 0.647559 60.3555 0.669882 -13 71 1 0 1
35.0645 58.0975 325.556 6.89644 11.6223 64.2639 3.16459 -13 72 1 0 1
-11.2441 -5.02067 325.556 -3.08165 -1.68258 74.5641 0.937369 -13 73 1 0 1
15.0484 46.2716 325.556 2.86755 8.79687 58.4874 2.44732 -13 74 1 0 1
3.12427 28.0215 325.556 0.214679 6.51923 74.9936 -1.01493 -13 75 1 0 1
26.4569 8.57026 325.556 5.42567 2.11239 79.641 0.0620627 -13 76 1 0 1
-18.4215 -12.5161 325.556 -3.16832 -2.77589 56.8428 4.61707 -13 77 1 0 1
-22.8753 -9.1578 325.556 -4.20899 -2.01289 60.0219 1.38503 -13 78 1 0 1
9.52521 -18.4871 325.556 1.82708 -3.84188 62.8878 3.51429 -13 79 1 0 1
1.53872 -26.3859 325.556 -0.0519269 -5.80631 72.4574 1.94204 -13 80 1 0 1
5.18598 48.4166 325.556 0.781946 11.6194 69.6581 2.02684 -13 81 1 0 1
10.5323 8.75354 325.556 2.18807 1.98326 62.7222 3.30266 -13 82 1 0 1
-49.0671 88.1978 325.556 -10.2829 19.2401 66.3616 2.06344 -13 83 1 0 1
-78.2363 -9.21303 325.556 -15.0849 -1.90669 61.6731 2.27952 -13 84 1 0 1
7.49368 -0.260368 325.556 1.35041 -0.242578 75.6969 2.99229 -13 85 1 0 1
9.34992 -34.1661 325.556 1.80686 -8.22801 67.997 1.80406 -13 86 1 0 1
-3.89739 -62.1159 325.556 -0.283549 -10.2456 49.9501 3.33153 -13 87 1 0 1
-24.5204 -28.7029 325.556 -5.32884 -6.22006 67.8247 1.5904 -13 88 1 0 1
13.9627 -6.87659 325.556 2.68021 -1.02722 62.1997 1.53777 -13 89 1 0 1
4.56476 22.4187 325.556 0.903999 4.66692 65.7388 1.85357 -13 90 1 0 1
-47.1969 -17.915 325.556 -9.27613 -3.76951 63.5933 2.96691 -13 91 1 0 1
36.8214 10.4381 325.556 6.5649 1.87071 54.9994 2.29932 -13 92 1 0 1
22.9426 -0.43116 325.556 4.38277 -0.323167 58.9999 3.03202 -13 93 1 0 1
11.5993 105.636 325.556 2.0473 17.9986 52.5556 1.07333 -13 94 1 0 1
13.9106 13.4482 325.556 2.81748 3.2154 70.4208 2.01611 -13 95 1 0 1
6.28588 49.0096 325.556 1.19895 9.97388 60.7614 0.350889 -13 96 1 0 1
-2.91938 -6.7983 325.556 -0.231364 -0.742178 57.0685 1.21714 -13 97 1 0 1
-4.26848 -9.15849 325.556 -0.988452 -1.57897 67.3848 2.44849 -13 98 1 0 1
-17.698 51.4274 325.556 -3.46029 10.4384 62.8029 2.62063 -13 99 1 0 1
27.8484 -4.20568 325.556 5.68683 -0.419273 67.3983 1.14583 -13 100 1 0 1
41.9331 -1.79509 325.556 8.67002 -0.647764 68.0867 1.33665 -13 101 1 0 1
12.8551 9.9227 325.556 2.4893 2.06803 67.2572 1.93443 -13 102 1 0 1
59.3971 2.96366 325.556 11.278 1.23346 61.2172 -0.285535 -13 103 1 0 1
25.3306 2.14008 325.556 5.16964 0.15937 67.4667 1.71273 -13 104 1 0 1
-21.1204 37.6655 325.556 -3.79087 8.00791 60.0817 0.724815 -13 105 1 0 1
-49.3976 -17.6456 325.556 -9.10028 -3.41288 59.5563 2.47982 -13 106 1 0 1
-8.55922 -31.1296 325.556 -2.17471 -7.09157 70.2712 0.916585 -13 107 1 0 1
41.1623 37.841 325.556 8.05478 8.1989 62.9035 1.31174 -13 108 1 0 1
20.9134 14.8918 325.556 4.33993 3.34842 67.8206 3.00708 -13 109 1 0 1
-24.9587 10.8791 325.556 -6.11625 2.6446 72.4209 1.67106 -13 110 1 0 1
-28.3196 -22.5058 325.556 -7.38447 -5.07388 76.8447 1.56658 -13 111 1 0 1
29.2258 -1.39288 325.556 5.08738 -0.523723 56.2548 0.437179 -13 112 1 0 1
24.4844 27.5434 325.556 4.3537 4.82447 54.8568 3.11033 -13 113 1 0 1
29.2083 -31.8849 325.556 5.74609 -6.5902 63.0208 2.05185 -13 114 1 0 1
46.2635 12.2837 325.556 7.36005 1.87978 49.3272 2.3619 -13 115 1 0 1
-41.1432 -13.7617 325.556 -9.66821 -3.23521 72.2651 2.44777 -13 116 1 0 1
-7.58241 12.8265 325.556 -1.2057 2.48203 55.4369 1.95745 -13 117 1 0 1
25.3643 -47.942 325.556 3.98175 -7.73078 46.206 2.23968 -13 118 1 0 1
-8.06855 14.454 325.556 -2.02685 3.50169 70.5282 2.45936 -13 119 1 0 1
-43.5056 3.2833 325.556 -6.49782 0.652791 49.4922 2.33706 -13 120 1 0 1
22.1384 -37.9086 325.556 4.20063 -6.95638 60.8987 3.68647 -13 121 1 0 1
-30.2293 -23.9985 325.556 -7.77329 -5.65272 76.6142 2.48365 -13 122 1 0 1
-7.86933 -49.6913 325.556 -1.97646 -11.1313 70.5686 2.70953 -13 123 1 0 1
75.8215 9.18112 325.556 13.5504 1.8194 56.993 2.5683 -13 124 1 0 1
-59.4698 -82.7248 325.556 -10.6816 -15.633 58.0786 0.726029 -13 125 1 0 1
-21.8372 -10.1136 325.556 -6.136 -3.23178 78.8042 2.76868 -13 126 1 0 1
13.819 47.2738 325.556 2.63457 8.85533 59.8032 1.08585 -13 127 1 0 1
3.98233 -24.7212 325.556 0.799027 -5.60177 64.699 2.38942 -13 128 1 0 1
72.8728 34.3556 325.556 13.1596 6.50243 57.85 1.7718 -13 129 1 0 1
44.7294 -8.27073 325.556 7.17381 -0.956354 49.9713 3.08367 -13 130 1 0 1
0.122894 24.111 325.556 -0.264985 5.35196 68.9404 1.50772 -13 131 1 0 1
-20.9011 11.1736 325.556 -5.18809 2.5036 73.7392 3.17988 -13 132 1 0 1
39.871 -0.780221 325.556 7.90744 -0.28603 63.7664 0.74516 -13 133 1 0 1
29.5922 3.73197 325.556 6.39946 0.842829 75.5001 2.25613 -13 134 1 0 1
10.3318 7.28541 325.556 1.91661 1.16289 69.9932 2.79248 -13 135 1 0 1
63.7582 22.6497 325.556 11.078 3.73408 55.2499 2.34404 -13 136 1 0 1
-31.3901 -3.84708 325.556 -6.14046 -0.903071 62.9899 3.59085 -13 137 1 0 1
-26.9761 66.8355 325.556 -4.44224 11.9459 54.7326 2.61309 -13 140 1 0 1
5.24242 40.5575 325.556 1.07519 7.23029 52.5244 2.25612 -13 141 1 0 1
48.1315 27.5666 325.556 9.55621 6.12277 64.1962 3.97417 -13 142 1 0 1
-46.3909 -17.5767 325.556 -10.446 -4.12521 70.6234 1.06713 -13 143 1 0 1
34.4374 -3.32522 325.556 7.36162 -1.05642 71.6963 4.80894 -13 144 1 0 1
33.9114 -85.8516 325.556 5.96463 -15.3569 55.6369 3.97046 -13 145 1 0 1
26.7474 -22.5387 325.556 5.37932 -4.4341 65.8506 2.22478 -13 146 1 0 1
-6.24151 -11.0172 325.556 -1.29321 -2.33828 65.3229 0.800294 -13 147 1 0 1
-21.9661 -44.9159 325.556 -4.92402 -9.46178 68.7971 2.19271 -13 148 1 0 1
43.3618 40.9051 325.556 7.57173 7.28378 55.9665 1.74119 -13 149 1 0 1
14.1233 54.3228 325.556 2.79257 11.6009 65.3238 1.83128 -13 150 1 0 1
18.9939 -61.3947 325.556 3.42066 -11.351 56.3501 3.4111 -13 151 1 0 1
8.52978 -10.3183 325.556 1.70117 -2.21684 64.4588 4.12305 -13 152 1 0 1
-21.8225 -36.3133 325.556 -4.71831 -8.40145 67.5237 1.44973 -13 153 1 0 1
-37.5083 -38.7776 325.556 -9.80572 -9.72722 77.6372 -0.321306 -13 154 1 0 1
-33.1663 0.0832811 325.556 -6.9695 -0.156436 66.5419 0.492907 -13 155 1 0 1
72.6104 -28.2625 325.556 10.4654 -3.96711 45.6036 2.03887 -13 156 1 0 1
-17.6242 5.87697 325.556 -3.37058 1.47077 62.3351 1.923 -13 157 1 0 1
-13.7717 14.0107 325.556 -4.33291 3.09753 79.3372 3.04297 -13 158 1 0 1
-27.8326 39.3155 325.556 -4.61513 6.89285 55.9736 1.53263 -13 159 1 0 1
68.1164 -0.574779 325.556 13.2217 -0.0826779 62.989 1.99353 -13 160 1 0 1
30.0053 -4.96756 325.556 6.27611 -1.62036 70.5221 3.4089 -13 161 1 0 1
-49.6641 17.8509 325.556 -5.8489 2.28587 39.9905 2.28865 -13 162 1 0 1
-26.4069 34.2055 325.556 -5.99414 8.19085 69.9103 0.144837 -13 163 1 0 1
5.35223 -16.2318 325.556 0.974345 -3.8487 66.5164 1.95904 -13 164 1 0 1
-115.575 -81.22 325.556 -7.80964 -6.41505 23.0276 6.89807 -13 165 1 0 1
-93.6973 -8.31124 325.556 -20.1684 -1.87704 68.3341 1.66661 -13 166 1 0 1
41.8986 53.1547 325.556 8.06107 10.6127 61.7758 2.61208 -13 167 1 0 1
-28.0545 37.3424 325.556 -7.82468 9.6577 78.4874 2.81688 -13 168 1 0 1
58.9257 -34.27 325.556 10.5283 -6.57454 57.2953 1.84528 -13 169 1 0 1
-32.2495 -16.971 325.556 -6.93697 -3.85818 67.369 1.21939 -13 170 1 0 1
103.194 -31.1851 325.556 12.9387 -3.73476 40.294 3.55532 -13 171 1 0 1
-3.1675 18.9477 325.556 -0.373565 3.19884 56.7993 1.73393 -13 172 1 0 1
54.8419 -29.7537 325.556 10.1012 -5.68512 58.3658 2.23321 -13 173 1 0 1
14.235 22.5853 325.556 2.91487 4.3619 68.7736 2.09591 -13 174 1 0 1
-22.3088 -39.8532 325.556 -3.01216 -6.55482 48.4325 2.22558 -13 176 1 0 1
75.9245 -49.8742 325.556 11.9503 -8.14991 50.2733 1.96615 -13 177 1 0 1
11.7468 -25.4275 325.556 2.15255 -4.14398 52.5714 1.65975 -13 178 1 0 1
33.8511 -64.6874 325.556 6.95101 -14.6881 68.5118 1.11504 -13 179 1 0 1
31.8097 -39.7902 325.556 5.32714 -6.63195 52.0884 3.80524 -13 180 1 0 1
-32.9172 -15.8597 325.556 -3.64276 -1.9984 38.5255 1.43932 -13 181 1 0 1
-40.0819 20.2887 325.556 -4.62704 2.77099 40.0144 1.90963 -13 182 1 0 1
54.8123 67.5507 325.556 7.45843 9.72069 42.2404 2.703 -13 183 1 0 1
-67.2133 -21.8507 325.556 -11.5807 -4.30305 55.8012 2.16812 -13 184 1 0 1
-17.8986 -42.4077 325.556 -3.1931 -8.50217 59.8864 1.25344 -13 185 1 0 1
39.2786 33.351 325.556 5.51772 4.88007 43.3351 1.96552 -13 186 1 0 1
14.9378 10.1681 325.556 3.06958 2.97501 71.3406 2.94075 -13 188 1 0 1
-49.0129 -22.075 325.556 -12.8548 -5.69346 78.9863 1.88339 -13 189 1 0 1
40.1505 34.8182 325.556 7.77124 6.86468 60.8087 3.91833 -13 191 1 0 1
-17.0288 20.3954 325.556 -5.15967 5.87985 80.0386 2.52853 -13 192 1 0 1
-47.97 -13.2196 325.556 -5.36388 -1.93337 38.1568 1.89761 -13 193 1 0 1
2.69275 63.4298 325.556 0.366696 14.4069 68.8643 1.60366 -13 194 1 0 1
4.87027 -0.259534 325.556 1.02019 -0.0231631 60.3725 4.27699 -13 195 1 0 1
14.2385 -14.7754 325.556 2.39415 -4.51765 80.5578 4.24705 -13 196 1 0 1
-28.089 44.4977 325.556 -5.44915 8.96347 62.9426 1.04278 -13 197 1 0 1
60.617 2.40892 325.556 9.44515 0.417026 49.4861 1.7511 -13 198 1 0 1
-49.862 71.5212 325.556 -8.51218 12.5803 56.3755 0.534146 -13 199 1 0 1
-21.6294 -24.1775 325.556 -3.22697 -3.81022 50.8115 2.96095 -13 200 1 0 1
-60.4096 -22.8899 325.556 -13.1565 -5.32304 68.7115 2.17653 -13 201 1 0 1
-14.2267 87.712 325.556 -2.48477 16.1286 57.8201 1.24603 -13 202 1 0 1
-7.68108 6.74356 325.556 -1.45236 1.06941 62.1591 2.24269 -13 203 1 0 1
1.05525 9.71948 325.556 0.37178 1.1977 49.9811 3.74666 -13 205 1 0 1
-97.6627 7.98644 325.556 -23.5971 1.74171 74.4387 1.98941 -13 206 1 0 1
-42.2527 -55.7107 325.556 -7.28944 -10.2532 56.8045 1.05332 -13 207 1 0 1
-73.9371 9.00789 325.556 -15.8094 2.03118 67.9373 1.58939 -13 208 1 0 1
52.179 61.2096 325.556 4.0256 4.90913 23.6378 4.60996 -13 209 1 0 1
80.3523 6.73056 325.556 11.8545 1.19747 46.6981 2.08298 -13 210 1 0 1
69.6168 40.5419 325.556 9.24466 5.312 42.1614 3.27073 -13 211 1 0 1
-28.4424 75.8154 325.556 -6.84837 17.5892 72.1347 3.89705 -13 212 1 0 1
-65.289 37.4185 325.556 -11.7372 6.87804 58.4301 0.755589 -13 213 1 0 1
-11.9101 42.2515 325.556 -3.22604 9.894 75.1229 2.78191 -13 214 1 0 1
-0.386948 -42.3663 325.556 -0.468191 -10.469 71.9537 3.54207 -13 215 1 0 1
4.24388 -7.47788 325.556 0.638003 -1.64512 70.3185 2.96677 -13 216 1 0 1
112.166 44.2212 325.556 15.1349 6.57528 43.3615 1.69043 -13 217 1 0 1
-54.9123 11.8669 325.556 -11.057 2.4176 64.1362 2.13301 -13 218 1 0 1
-19.2837 -16.8353 325.556 -5.20292 -4.17226 77.5856 1.77597 -13 219 1 0 1
6.06213 4.41733 325.556 1.03193 0.685599 72.1894 4.19799 -13 220 1 0 1
62.927 0.232088 325.556 10.9911 -0.197247 54.5933 3.1815 -13 221 1 0 1
-11.7101 50.0448 325.556 -2.93643 11.6978 72.01 1.04219 -13 222 1 0 1
-43.4267 12.8381 325.556 -8.30946 2.88067 61.4693 3.05123 -13 223 1 0 1
-35.7372 0.379151 325.556 -6.85684 0.238152 62.2599 1.5616 -13 224 1 0 1
14.7498 62.4334 325.556 2.63815 11.0225 53.8643 1.96606 -13 226 1 0 1
-29.3535 -29.0741 325.556 -5.60699 -5.93783 61.9431 2.06805 -13 227 1 0 1
-11.3147 -1.35563 325.556 -3.53749 -0.41182 78.2925 -0.160459 -13 228 1 0 1
-40.6684 1.14159 325.556 -9.53022 -0.193158 71.8046 2.10151 -13 229 1 0 1
33.5677 -57.1215 325.556 4.99595 -8.44235 45.634 2.20622 -13 230 1 0 1
70.0958 90.3527 325.556 13.7166 19.0657 63.8261 3.26533 -13 231 1 0 1
106.3 54.8951 325.556 19.5257 10.417 58.9485 3.01041 -13 232 1 0 1
-43.4288 -8.73763 325.556 -8.8671 -1.99181 65.1279 0.510245 -13 233 1 0 1
30.2703 9.33891 325.556 6.20031 2.01528 67.8465 1.30887 -13 234 1 0 1
17.2582 -31.9867 325.556 3.51145 -8.09245 74.006 2.10327 -13 235 1 0 1
-40.6081 -34.549 325.556 -8.15012 -7.59048 64.3746 3.27481 -13 236 1 0 1
60.5703 -59.044 325.556 10.0884 -9.88347 52.9024 3.08789 -13 237 1 0 1
-2.98056 7.12132 325.556 -0.587246 1.36861 62.9081 2.11488 -13 238 1 0 1
-43.9695 6.6665 325.556 -9.93072 2.01925 70.2917 3.16454 -13 239 1 0 1
47.6463 97.4793 325.556 6.81889 14.1438 44.3897 2.29217 -13 240 1 0 1
59.1624 11.5045 325.556 6.43969 1.30459 33.9037 4.0672 -13 241 1 0 1
-17.6421 -16.3786 325.556 -3.08117 -3.51355 58.7133 3.96551 -13 242 1 0 1
43.5872 -41.1686 325.556 9.05103 -8.67143 67.9662 1.82971 -13 243 1 0 1
5.59284 19.6407 325.556 0.757233 4.76674 75.9395 2.47495 -13 244 1 0 1
27.5846 38.8448 325.556 5.78288 9.58213 71.3079 1.18813 -13 245 1 0 1
0.437206 30.8614 325.556 -0.176276 7.55717 70.6588 1.69363 -13 246 1 0 1
11.9558 -25.6311 325.556 2.30043 -4.71347 61.0675 1.76362 -13 247 1 0 1
-15.723 -28.656 325.556 -3.46916 -6.20319 67.8402 2.62089 -13 248 1 0 1
77.6058 22.1895 325.556 14.4517 3.75091 60.4397 1.18453 -13 249 1 0 1
16.1492 -49.9458 325.556 3.18877 -11.0236 68.1739 0.450662 -13 250 1 0 1
46.6463 71.1409 325.556 8.86912 13.346 61.2104 1.08867 -13 251 1 0 1
44.3524 -1.44864 325.556 8.79302 -0.51938 63.3637 2.32243 -13 252 1 0 1
4.69309 63.1558 325.556 0.637035 14.7958 70.806 0.55592 -13 253 1 0 1
39.0823 32.7099 325.556 6.86687 5.9484 55.0571 1.77085 -13 254 1 0 1
-7.93308 21.981 325.556 -2.52308 5.91529 77.4167 1.74854 -13 255 1 0 1
-15.922 19.2458 325.556 -2.43491 3.31466 53.1154 1.3876 -13 256 1 0 1
2.76793 -75.1821 325.556 0.661881 -10.5999 42.4914 2.52359 -13 257 1 0 1
1.66597 -2.76516 325.556 0.287441 -0.784736 63.4508 2.17171 -13 258 1 0 1
31.3294 -8.31662 325.556 5.79377 -1.83873 56.902 1.03635 -13 259 1 0 1
-17.7218 -24.6799 325.556 -4.30523 -6.17131 72.4335 1.57996 -13 260 1 0 1
-16.7915 31.0586 325.556 -3.08754 5.96536 60.0321 1.00373 -13 261 1 0 1
21.0423 1.11588 325.556 4.25969 0.354658 63.1164 4.16456 -13 262 1 0 1
45.413 -30.7134 325.556 8.86035 -6.19603 62.8552 0.592808 -13 263 1 0 1
-3.41289 -24.2562 325.556 -0.346763 -4.02867 50.7796 2.20002 -13 264 1 0 1
48.7001 36.3369 325.556 9.48835 7.5893 62.9059 2.77575 -13 265 1 0 1
27.9389 30.0871 325.556 5.89819 6.45514 70.5311 2.50571 -13 266 1 0 1
-13.2408 5.28901 325.556 -2.64503 0.51928 63.6348 1.75271 -13 267 1 0 1
14.5728 27.601 325.556 2.20127 4.09515 42.9827 1.66855 -13 268 1 0 1
-30.3497 13.8959 325.556 -8.01319 2.79146 77.7175 2.28273 -13 269 1 0 1
-22.9132 -17.2171 325.556 -4.53735 -4.01294 63.8884 3.30971 -13 270 1 0 1
28.9652 -28.837 325.556 6.33653 -7.65529 77.3863 0.982644 -13 271 1 0 1
28.938 -54.1004 325.556 5.64535 -11.0545 62.5221 3.67673 -13 272 1 0 1
-45.8203 13.4397 325.556 -7.4422 2.20615 54.266 5.1237 -13 273 1 0 1
16.1366 6.06605 325.556 3.25175 1.72246 67.484 -0.0602278 -13 274 1 0 1
44.2998 -20.237 325.556 8.13005 -4.15848 58.9977 1.87554 -13 275 1 0 1
52.638 -36.6261 325.556 9.57429 -6.95723 57.3931 3.4 -13 277 1 0 1
-72.0634 5.88047 325.556 -13.4568 1.13545 60.4306 3.70621 -13 278 1 0 1
-51.5731 -28.5068 325.556 -11.1232 -7.01589 68.1569 -0.49964 -13 279 1 0 1
18.1298 9.55251 325.556 3.47421 1.66119 61.4437 2.34572 -13 280 1 0 1
-4.19172 -14.8505 325.556 -1.09489 -2.87763 66.6856 0.694599 -13 281 1 0 1
-5.02964 63.0135 325.556 -0.531181 10.0224 47.7838 1.71696 -13 282 1 0 1
42.2762 -58.8074 325.556 6.73396 -9.50393 49.8756 0.864386 -13 283 1 0 1
-21.6746 27.3394 325.556 -3.33669 4.17074 52.9547 1.99741 -13 284 1 0 1
-70.8723 33.6614 325.556 -13.4498 6.87434 61.0315 1.63827 -13 285 1 0 1
-41.2051 -16.3115 325.556 -9.00022 -2.5536 68.9815 0.493443 -13 286 1 0 1
-8.96038 -0.949042 325.556 -1.2578 -0.505772 51.9479 0.771959 -13 287 1 0 1
-16.0971 158.445 325.556 -4.24047 36.6683 70.5522 1.70479 -13 288 1 0 1
-22.2698 51.4908 325.556 -5.96015 12.8064 77.1619 2.27661 -13 289 1 0 1
112.246 -12.1028 325.556 15.0921 -1.83736 43.2151 2.95391 -13 290 1 0 1
8.04168 -42.2121 325.556 1.27787 -10.4208 74.8149 2.29401 -13 291 1 0 1
-21.1366 13.1928 325.556 -5.15576 3.31172 72.7236 1.60662 -13 292 1 0 1
-83.6114 60.4333 325.556 -12.2331 9.91741 48.0445 4.61604 -13 293 1 0 1
77.0963 42.9514 325.556 16.1587 10.318 69.0383 3.55546 -13 294 1 0 1
-26.8047 3.86983 325.556 -5.50304 0.717077 65.2595 2.09608 -13 295 1 0 1
-45.2263 19.8561 325.556 -8.10522 3.73031 58.8476 1.89719 -13 296 1 0 1
55.246 -24.8824 325.556 9.35947 -4.54516 53.6462 4.86972 -13 297 1 0 1
11.6261 4.795 325.556 2.28843 0.648847 67.354 0.104352 -13 298 1 0 1
-94.5987 40.3872 325.556 -13.1485 6.46425 45.548 5.40788 -13 299 1 0 1
-33.2683 28.4378 325.556 -6.3737 5.39305 62.4056 1.30814 -13 301 1 0 1
-33.2564 33.5772 325.556 -6.54622 7.27636 63.2597 2.2949 -13 302 1 0 1
-3.38168 12.7859 325.556 -0.623806 3.05759 62.4462 2.07862 -13 303 1 0 1
-9.41339 35.0386 325.556 -2.05134 7.79488 65.6255 2.53549 -13 304 1 0 1
-73.8246 61.1169 325.556 -9.57153 8.69653 43.1956 3.9769 -13 305 1 0 1
-17.3762 -19.4771 325.556 -3.695 -4.49876 66.6137 0.937414 -13 306 1 0 1
28.4086 -90.7851 325.556 5.61455 -20.182 66.497 0.706331 -13 307 1 0 1
-19.3472 -61.2731 325.556 -4.77703 -14.2723 72.4895 1.96403 -13 308 1 0 1
-12.6798 40.1387 325.556 -2.71114 8.58025 66.0259 1.1337 -13 309 1 0 1
36.2904 -13.2809 325.556 7.68872 -3.03825 72.0364 1.4825 -13 310 1 0 1
24.9659 -39.7391 325.556 2.65744 -3.76091 31.9544 1.9428 -13 311 1 0 1
-34.7892 10.8902 325.556 -7.99606 2.69672 71.2026 1.72818 -13 312 1 0 1
-34.7492 51.7322 325.556 -8.07479 11.7826 71.5204 2.82558 -13 313 1 0 1
-34.6007 -4.33217 325.556 -7.56802 -0.894435 67.6795 1.35957 -13 314 1 0 1
46.9453 -1.76332 325.556 9.10772 0.103242 61.9745 0.614068 -13 315 1 0 1
12.2692 -106.056 325.556 2.11497 -17.4726 50.519 1.19687 -13 316 1 0 1
-27.8447 -44.8971 325.556 -5.5411 -9.3705 63.6896 2.78892 -13 317 1 0 1
-2.40383 -10.1625 325.556 -0.729568 -1.99106 69.2273 0.497446 -13 318 1 0 1
-16.5288 36.5213 325.556 -3.95586 8.81287 69.9687 3.9165 -13 319 1 0 1
51.5627 30.1586 325.556 10.9815 6.84656 70.3957 2.49202 -13 320 1 0 1
23.9704 -9.62609 325.556 4.31737 -1.9008 57.0574 0.528511 -13 321 1 0 1
-32.8681 15.6592 325.556 -9.30011 4.20573 79.5653 3.60837 -13 322 1 0 1
27.7598 -12.519 325.556 5.99798 -2.28916 75.7311 2.02217 -13 323 1 0 1
13.8862 37.2033 325.556 2.7912 7.91668 65.7203 1.29731 -13 324 1 0 1
7.82229 -23.9794 325.556 1.41597 -5.73743 72.5317 1.83164 -13 325 1 0 1
-73.1875 62.7526 325.556 -13.369 11.7604 58.723 2.10969 -13 326 1 0 1
-50.0136 -125.669 325.556 -7.21193 -19.7915 47.7516 2.7262 -13 327 1 0 1
-41.7419 -15.1149 325.556 -7.54784 -3.71715 58.9852 0.606886 -13 328 1 0 1
-7.78098 45.2772 325.556 -1.83261 10.2502 68.5968 3.00467 -13 329 1 0 1
25.2249 -10.3885 325.556 5.42244 -2.14308 76.5884 0.935891 -13 330 1 0 1
-47.6685 21.9938 325.556 -10.916 4.26904 71.3034 0.293519 -13 331 1 0 1
-14.6748 -15.1454 325.556 -0.874636 -1.09367 24.2749 3.30071 -13 332 1 0 1
36.0006 26.3523 325.556 5.66278 4.3385 48.7816 6.49979 -13 333 1 0 1
-32.5322 -27.1973 325.556 -6.58998 -5.63698 65.461 2.29437 -13 334 1 0 1
28.3739 -40.4213 325.556 5.79711 -8.71274 66.1841 2.28523 -13 335 1 0 1
-8.3135 -46.4438 325.556 -2.1213 -10.1413 68.5793 1.23955 -13 336 1 0 1
151.72 -78.9951 325.556 27.0986 -14.7119 57.845 -0.218858 -13 337 1 0 1
42.8486 -47.5189 325.556 7.29549 -8.82213 53.9302 3.13739 -13 338 1 0 1
3.48401 -33.0751 325.556 0.738565 -5.28894 50.6003 2.7189 -13 339 1 0 1
10.2422 38.0342 325.556 2.0339 8.68217 69.2333 2.08879 -13 340 1 0 1
19.6195 -0.73287 325.556 4.18974 -0.718207 77.7011 1.70297 -13 341 1 0 1
-19.0322 29.2741 325.556 -4.79337 7.18266 73.3481 2.42938 -13 342 1 0 1
4.70055 -32.524 325.556 0.946991 -7.02167 62.1239 1.65609 -13 343 1 0 1
51.5717 9.01699 325.556 8.11595 1.88941 49.5058 2.07847 -13 344 1 0 1
-11.5423 2.42998 325.556 -2.62265 0.816878 68.9779 1.0303 -13 345 1 0 1
-63.2413 -8.77858 325.556 -12.7301 -1.85547 64.5364 2.5559 -13 346 1 0 1
-19.8199 6.81248 325.556 -4.32843 1.52584 68.2911 1.05199 -13 347 1 0 1
0.730482 31.294 325.556 0.393482 5.87893 52.3299 1.78308 -13 348 1 0 1
59.6329 -7.77518 325.556 10.4856 -1.62598 56.2734 3.01604 -13 349 1 0 1
-9.20029 -67.7903 325.556 -1.92483 -13.969 64.0874 2.75763 -13 350 1 0 1
-32.8991 1.87108 325.556 -7.4801 0.177948 70.4534 0.302813 -13 352 1 0 1
-14.1248 30.1749 325.556 -2.91323 6.20271 65.7031 1.70447 -13 353 1 0 1
-1.90192 36.9448 325.556 -0.163683 6.0969 53.7957 2.63261 -13 354 1 0 1
-31.2899 21.8413 325.556 -7.68684 5.29536 73.7308 1.32219 -13 355 1 0 1
42.2851 52.4775 325.556 7.83505 10.4073 59.0493 2.37119 -13 356 1 0 1
3.62804 10.8585 325.556 0.710384 1.69011 42.5045 2.70785 -13 357 1 0 1
60.9505 48.4294 325.556 9.80799 8.39776 51.1377 2.93169 -13 358 1 0 1
28.9688 14.4746 325.556 5.68703 3.42506 62.2104 2.46183 -13 359 1 0 1
-26.6067 -11.3079 325.556 -6.683 -2.68578 75.4048 1.15556 -13 360 1 0 1
9.8949 10.5587 325.556 1.70761 2.98245 77.3042 1.60851 -13 361 1 0 1
-85.8968 1.61224 325.556 -16.5768 -0.0164748 62.0751 -0.748732 -13 362 1 0 1
-11.635 26.0382 325.556 -3.22816 6.62152 75.1888 1.46048 -13 363 1 0 1
-0.630622 -21.7265 325.556 -0.304327 -4.34131 64.8049 2.1918 -13 364 1 0 1
-23.8034 38.3474 325.556 -3.33688 6.28352 48.6068 0.515318 -13 365 1 0 1
68.0528 -8.31041 325.556 9.81157 -1.28565 45.2464 4.80192 -13 366 1 0 1
71.5848 -22.9924 325.556 9.41389 -3.41379 41.1344 4.08413 -13 367 1 0 1
-16.2241 33.2598 325.556 -3.27946 7.16943 64.7776 2.50193 -13 368 1 0 1
1.11896 -6.2779 325.556 0.306836 -0.896085 60.468 0.951048 -13 369 1 0 1
-51.1723 5.27721 325.556 -11.8122 1.09967 71.8281 2.68612 -13 370 1 0 1
-6.20319 -22.3956 325.556 -1.26884 -4.58099 66.1545 4.31196 -13 371 1 0 1
5.35432 -56.0374 325.556 1.16532 -10.2101 53.2837 3.06907 -13 372 1 0 1
-34.2821 -33.1286 325.556 -6.88502 -7.04397 64.2943 2.66193 -13 373 1 0 1
-39.6589 0.978877 325.556 -9.94709 0.472988 76.0832 2.38858 -13 374 1 0 1
-67.9219 28.8797 325.556 -16.9946 7.45518 77.0252 0.359767 -13 375 1 0 1
-36.3549 -67.8421 325.556 -7.91616 -14.8843 68.0571 2.37487 -13 376 1 0 1
52.1681 -32.8079 325.556 11.9409 -8.53432 77.7206 2.9304 -13 377 1 0 1
12.9751 -32.5794 325.556 1.93932 -4.71435 41.2852 4.97106 -13 378 1 0 1
-12.6117 -77.6302 325.556 -2.84367 -17.0577 66.5902 2.57351 -13 379 1 0 1
-33.1413 -97.4982 325.556 -3.94669 -13.4716 41.5763 2.03767 -13 380 1 0 1
34.1328 11.6204 325.556 6.43398 2.74549 59.8269 3.22854 -13 381 1 0 1
31.1906 -43.5026 325.556 6.64957 -10.1446 72.2337 1.48843 -13 382 1 0 1
-74.6215 6.58571 325.556 -11.5499 0.966737 50.7168 3.68124 -13 383 1 0 1
63.3694 10.9062 325.556 11.5972 1.71611 58.1051 0.778199 -13 384 1 0 1
-6.8649 -21.1731 325.556 -1.51716 -5.02455 67.3821 3.68038 -13 385 1 0 1
9.5645 -10.4618 325.556 1.9048 -2.51805 69.9076 3.78906 -13 386 1 0 1
-40.4128 -10.5339 325.556 -9.36719 -2.65532 71.7912 1.95499 -13 387 1 0 1
12.7963 -2.19663 325.556 2.30736 -0.264316 51.9239 1.54375 -13 388 1 0 1
76.8645 -4.97007 325.556 14.5816 -0.76494 60.8579 3.1022 -13 389 1 0 1
-28.9546 5.90202 325.556 -5.65091 1.06237 63.625 2.7336 -13 390 1 0 1
87.5301 3.63786 325.556 14.0916 0.488799 51.2085 2.11136 -13 391 1 0 1
-31.6669 -9.68931 325.556 -5.07074 -2.17326 53.9425 2.45105 -13 392 1 0 1
-10.0811 54.8015 325.556 -1.9018 10.4404 60.4479 1.25794 -13 394 1 0 1
-30.9648 62.3946 325.556 -7.54124 15.2648 73.7304 0.154787 -13 395 1 0 1
60.0372 18.1016 325.556 11.7699 3.30374 63.5321 1.84592 -13 396 1 0 1
23.5298 -30.1739 325.556 4.4183 -5.62191 59.8788 3.34109 -13 397 1 0 1
2.28391 -12.3048 325.556 0.327031 -2.8128 66.8102 2.7825 -13 398 1 0 1
-26.8811 -32.4415 325.556 -6.30617 -7.10423 70.9118 3.89341 -13 399 1 0 1
11.2085 26.9074 325.556 2.22189 6.40777 64.6438 1.93916 -13 400 1 0 1
25.4232 2.70773 325.556 5.32439 0.754206 71.8744 1.60386 -13 401 1 0 1
-12.8249 43.2328 325.556 -2.12187 7.99221 57.7428 1.83768 -13 402 1 0 1
-5.08968 -111.75 325.556 -1.2595 -24.8507 67.439 2.16913 -13 403 1 0 1
14.9848 -38.0178 325.556 2.99478 -8.52115 66.1328 3.15092 -13 404 1 0 1
-16.1171 -38.3838 325.556 -2.99189 -7.91498 59.9881 1.49691 -13 406 1 0 1
-14.2637 -26.5665 325.556 -2.97345 -5.34841 65.841 3.22572 -13 407 1 0 1
63.8386 42.7769 325.556 11.4486 8.00449 57.2253 3.96484 -13 408 1 0 1
39.862 -7.19815 325.556 7.9347 -1.49528 64.1215 2.30217 -13 409 1 0 1
-26.0376 -27.6139 325.556 -6.65133 -6.71124 75.7899 -0.801355 -13 410 1 0 1
-13.473 33.3569 325.556 -1.44447 4.22916 43.1613 3.23124 -13 411 1 0 1
-10.9436 -46.3021 325.556 -2.4273 -9.9964 66.6673 3.19043 -13 412 1 0 1
-44.106 21.1525 325.556 -11.3812 5.03103 78.0146 1.83244 -13 413 1 0 1
-38.6232 1.89564 325.556 -6.85868 0.547555 58.99 3.09228 -13 414 1 0 1
34.5175 42.2101 325.556 6.19224 7.93522 57.029 2.50197 -13 415 1 0 1
86.806 27.0842 325.556 7.06262 2.47755 26.1004 9.13991 -13 416 1 0 1
52.7933 -102.863 325.556 6.79811 -13.3372 40.315 2.73634 -13 417 1 0 1
-6.78318 1.78855 325.556 -1.70067 0.0622283 69.6266 3.34047 -13 418 1 0 1
53.3727 9.80359 325.556 10.4603 2.05287 63.3038 2.51339 -13 419 1 0 1
-5.77245 -42.7309 325.556 -1.70922 -10.476 73.3592 1.37083 -13 421 1 0 1
19.1047 103.477 325.556 3.66901 21.4004 63.634 2.40822 -13 422 1 0 1
-63.3122 -79.3535 325.556 -8.472 -11.0855 44.573 2.40624 -13 423 1 0 1
83.4254 71.2221 325.556 12.3129 10.3364 46.5183 3.17794 -13 424 1 0 1
-7.48482 15.547 325.556 -1.45625 3.40238 64.114 1.91436 -13 425 1 0 1
-11.8484 17.7353 325.556 -3.26743 4.66343 73.9036 0.374959 -13 426 1 0 1
47.6163 -29.3141 325.556 9.23479 -5.58021 62.9881 1.47752 -13 427 1 0 1
-21.9526 60.9539 325.556 -4.53659 13.2117 64.9228 2.35165 -13 428 1 0 1
64.2603 -59.1486 325.556 11.4436 -11.0365 56.5644 2.07015 -13 429 1 0 1
-61.2969 65.7162 325.556 -13.5259 14.7427 69.0832 0.192558 -13 430 1 0 1
-0.718273 -23.3306 325.556 -0.756239 -5.7858 75.8543 3.65828 -13 431 1 0 1
19.5236 24.446 325.556 3.97194 5.66388 67.8397 3.84367 -13 432 1 0 1
-7.02903 -51.1522 325.556 -1.82541 -12.0155 69.5226 3.24995 -13 433 1 0 1
19.4297 50.5086 325.556 3.65624 10.1874 59.2038 2.20824 -13 434 1 0 1
91.4429 13.8082 325.556 16.4064 2.41695 58.1146 3.19693 -13 435 1 0 1
8.01345 1.22802 325.556 1.50521 0.382962 67.471 -0.415874 -13 437 1 0 1
-9.65789 2.9766 325.556 -1.35547 0.59273 55.0317 4.14816 -13 438 1 0 1
-4.20908 -59.9595 325.556 -0.891235 -11.9099 62.8249 0.873718 -13 439 1 0 1
25.5172 33.1614 325.556 4.86687 6.69485 61.2327 2.24873 -13 440 1 0 1
-36.2499 0.674745 325.556 -8.37584 0.101785 71.3562 3.19156 -13 441 1 0 1
-26.6328 -0.486099 325.556 -5.45964 0.434237 65.4355 1.79689 -13 442 1 0 1
17.8106 18.6438 325.556 3.3292 3.94248 56.7874 3.18126 -13 443 1 0 1
53.7301 0.159676 325.556 11.3395 0.222487 69.6776 2.83586 -13 444 1 0 1
32.4833 -7.91048 325.556 6.75819 -2.34341 69.3382 1.92583 -13 445 1 0 1
-21.6053 -29.4026 325.556 -4.80342 -6.03766 68.9454 0.309928 -13 446 1 0 1
41.7595 7.0514 325.556 7.50346 1.38053 56.9505 1.69632 -13 447 1 0 1
-8.79322 15.308 325.556 -2.15015 3.77571 70.6038 -0.170585 -13 448 1 0 1
-2.21527 -2.54317 325.556 -0.180598 -0.622232 52.7617 2.06955 -13 449 1 0 1
12.1017 8.70046 325.556 2.18611 1.80645 81.1673 1.75531 -13 451 1 0 1
1.77214 -13.8965 325.556 0.340308 -3.17608 67.4311 2.98185 -13 452 1 0 1
28.8978 -16.0685 325.556 5.56515 -2.98693 59.6732 1.72644 -13 453 1 0 1
-24.0043 16.6538 325.556 -3.40844 2.65413 50.5692 3.68878 -13 454 1 0 1
37.1583 -49.3816 325.556 6.52241 -9.10233 54.7962 2.39558 -13 455 1 0 1
59.1871 47.654 325.556 11.7262 10.0169 64.1828 1.33409 -13 456 1 0 1
57.0959 23.5367 325.556 10.2515 4.67486 56.575 2.95127 -13 457 1 0 1
33.4841 -103.685 325.556 5.5797 -17.7748 53.1468 1.17109 -13 458 1 0 1
39.2503 29.8944 325.556 8.68351 6.68906 74.2812 3.4571 -13 459 1 0 1
-17.2217 7.73742 325.556 -3.63942 1.9059 65.4739 1.76973 -13 460 1 0 1
-33.3881 46.6621 325.556 -6.79786 10.1067 65.2563 2.29085 -13 461 1 0 1
25.3646 15.8926 325.556 5.12297 3.3952 64.8066 1.65521 -13 462 1 0 1
8.24258 -8.81645 325.556 1.55956 -1.8908 69.2187 3.33181 -13 463 1 0 1
38.1352 92.8787 325.556 7.07178 18.0634 59.8021 1.93306 -13 464 1 0 1
-26.9383 86.7379 325.556 -2.91056 10.7739 37.8931 2.15982 -13 465 1 0 1
26.6412 43.1821 325.556 4.7848 8.084 56.8507 2.47827 -13 466 1 0 1
54.7435 27.7982 325.556 6.7665 3.65555 38.1069 2.84246 -13 467 1 0 1
20.3559 -20.3305 325.556 3.80345 -4.21691 56.4865 1.31734 -13 468 1 0 1
-7.20472 77.3895 325.556 -0.890732 12.4818 49.814 2.8408 -13 469 1 0 1
18.5619 -29.7822 325.556 3.65719 -5.96596 65.0803 1.4826 -13 470 1 0 1
21.1959 49.568 325.556 3.50246 7.84778 49.2802 3.59981 -13 471 1 0 1
44.6617 -70.9579 325.556 6.13249 -9.84652 42.5749 3.91273 -13 472 1 0 1
5.40831 -21.81 325.556 1.17475 -3.99305 55.4678 1.57263 -13 473 1 0 1
44.9033 -35.2669 325.556 8.66201 -7.00971 61.5009 1.4153 -13 474 1 0 1
10.922 32.2749 325.556 2.17356 7.75375 72.1703 3.39185 -13 475 1 0 1
-54.5856 59.5783 325.556 -10.1921 11.7527 60.2696 2.07288 -13 476 1 0 1
9.49967 56.9377 325.556 1.96393 11.8834 66.6874 0.639801 -13 477 1 0 1
-10.4695 -23.3079 325.556 -2.06469 -4.54457 62.1168 0.232442 -13 478 1 0 1
24.1015 -5.26848 325.556 3.77774 -1.02463 48.1964 1.83073 -13 479 1 0 1
47.5045 27.5387 325.556 8.19915 5.06211 54.6161 2.54087 -13 480 1 0 1
55.8465 -33.525 325.556 6.11935 -3.72861 33.6458 3.93533 -13 481 1 0 1
15.7145 -51.2405 325.556 2.52234 -7.92746 45.4201 2.97507 -13 482 1 0 1
-52.1778 48.3053 325.556 -11.2295 10.3992 67.935 2.70731 -13 483 1 0 1
-40.5444 0.669847 325.556 -8.64493 -0.062775 67.075 0.660188 -13 484 1 0 1
-58.2624 -55.3179 325.556 -10.0743 -10.3377 56.4404 4.04396 -13 485 1 0 1
3.16787 -69.22 325.556 0.642311 -13.3274 57.8254 4.8948 -13 486 1 0 1
40.3363 3.48795 325.556 8.35818 0.467981 68.8142 2.0346 -13 487 1 0 1
-71.6507 -22.1562 325.556 -13.2388 -4.31614 59.8553 1.20989 -13 488 1 0 1
9.42765 48.7063 325.556 1.46993 7.20529 41.709 4.11957 -13 489 1 0 1
-10.9315 -65.9509 325.556 -2.09487 -13.6238 62.2033 0.228914 -13 490 1 0 1
15.2241 15.0159 325.556 3.0567 2.87238 69.9793 2.73865 -13 491 1 0 1
16.9891 28.5517 325.556 3.27059 6.07999 61.3846 3.23514 -13 492 1 0 1
-7.18448 -20.1263 325.556 -1.11365 -3.96454 59.5542 3.12128 -13 493 1 0 1
22.6471 -26.5822 325.556 2.83429 -3.42551 36.5319 3.21134 -13 494 1 0 1
33.7132 40.2205 325.556 4.70831 4.99207 41.8719 0.0743195 -13 495 1 0 1
21.4726 -62.7029 325.556 3.14224 -8.87841 43.6092 2.96166 -13 496 1 0 1
10.4726 23.0718 325.556 2.01514 4.86524 64.288 2.26173 -13 497 1 0 1
-24.0382 31.5447 325.556 -5.33245 7.06594 68.6982 1.48119 -13 498 1 0 1
13.7869 20.0587 325.556 2.42627 3.09512 52.1877 1.48667 -13 499 1 0 1
88.3657 -16.6963 325.556 14.0309 -3.07964 50.7912 1.25175 -13 500 1 0 1
9.09617 26.776 325.556 1.48162 6.51891 79.3002 1.44497 -13 501 1 0 1
-51.0916 32.0912 325.556 -10.6753 6.49635 66.2341 0.790225 -13 502 1 0 1
-2.18689 -69.2788 325.556 -0.639872 -14.7175 68.3699 0.295445 -13 503 1 0 1
-12.2902 20.7544 325.556 -2.69765 4.62044 66.2095 2.24324 -13 504 1 0 1
84.2654 3.28407 325.556 14.7846 0.585692 56.0036 1.07924 -13 505 1 0 1
-40.4585 -14.3357 325.556 -10.6731 -3.85935 78.5849 3.02065 -13 506 1 0 1
53.9721 98.1201 325.556 7.89731 14.9449 46.575 3.01225 -13 507 1 0 1
45.5111 -39.3489 325.556 8.94351 -7.73238 62.8781 2.99438 -13 508 1 0 1
37.0232 -35.9492 325.556 7.91981 -8.26064 72.3035 1.85484 -13 509 1 0 1
-44.9784 36.9545 325.556 -8.3172 7.10741 60.27 3.23416 -13 510 1 0 1
-70.1019 1.69006 325.556 -15.5775 0.664837 70.2128 3.93513 -13 511 1 0 1
-33.7304 -17.6622 325.556 -6.04047 -3.2546 58.315 1.71666 -13 512 1 0 1
25.0785 16.2084 325.556 4.19638 2.94378 51.476 3.44956 -13 513 1 0 1
-22.5032 -2.60034 325.556 -3.74454 -0.437636 55.095 -1.27126 -13 514 1 0 1
-57.9333 4.70413 325.556 -11.976 1.0875 65.5524 0.509714 -13 515 1 0 1
-17.1997 18.8111 325.556 -2.91643 3.91467 56.5891 0.218201 -13 516 1 0 1
-0.531969 -14.7521 325.556 -0.44882 -3.82634 72.5771 0.691253 -13 517 1 0 1
-3.72788 -12.779 325.556 -0.768871 -2.54204 65.4893 2.75608 -13 518 1 0 1
-49.9422 9.64846 325.556 -12.8345 2.21154 77.6908 1.66889 -13 519 1 0 1
7.00825 -32.3056 325.556 1.46708 -6.68736 60.5535 4.57509 -13 520 1 0 1
-23.2551 -47.4554 325.556 -5.22614 -10.4202 69.5141 0.394135 -13 521 1 0 1
-4.46277 20.8038 325.556 -1.98008 5.28864 80.5353 2.60575 -13 522 1 0 1
-34.2745 25.7847 325.556 -7.61494 5.47257 69.5178 2.73043 -13 523 1 0 1
10.8521 -10.7266 325.556 2.17196 -1.40255 62.0034 2.73599 -13 524 1 0 1
22.3452 62.9634 325.556 3.0251 8.01742 39.4103 3.55266 -13 525 1 0 1
-42.9183 -0.837376 325.556 -9.94466 0.313504 71.5715 1.86943 -13 526 1 0 1
-22.524 56.7705 325.556 -4.03907 10.8309 58.8734 3.12086 -13 527 1 0 1
-18.7136 19.6525 325.556 -2.91099 3.40966 54.355 4.89989 -13 528 1 0 1
47.0909 -63.4836 325.556 9.93744 -14.8991 70.0657 2.6587 -13 529 1 0 1
2.79868 22.8396 325.556 0.512071 4.91908 67.0917 1.29326 -13 530 1 0 1
-2.09598 26.8561 325.556 -0.204079 5.30146 59.1862 3.06778 -13 531 1 0 1
-56.7545 48.626 325.556 -8.9668 8.52197 52.3089 3.94528 -13 532 1 0 1
-27.6844 -97.6542 325.556 -2.30348 -9.37373 29.0808 7.07853 -13 533 1 0 1
27.2532 -2.15566 325.556 5.70756 -0.324632 70.2007 2.81159 -13 534 1 0 1
7.85271 50.5495 325.556 1.40787 12.0204 69.3184 -0.967497 -13 535 1 0 1
29.0686 7.31667 325.556 5.10668 1.64643 55.1639 1.27652 -13 536 1 0 1
42.8275 41.2658 325.556 8.38342 8.07574 62.0487 2.12054 -13 538 1 0 1
-197.115 114.619 325.556 -35.0015 20.8588 57.1263 3.30417 -13 539 1 0 1
46.5148 -13.6257 325.556 10.4641 -3.19802 76.6889 3.1242 -13 540 1 0 1
-16.3418 48.9337 325.556 -3.91131 11.3844 70.3998 2.7921 -13 541 1 0 1
18.0077 20.8742 325.556 3.6397 4.7815 67.7027 1.89729 -13 542 1 0 1
37.9619 -33.412 325.556 7.80155 -7.58873 66.6046 1.39336 -13 543 1 0 1
22.5247 -13.4027 325.556 4.4817 -2.87872 63.9087 2.38722 -13 544 1 0 1
-26.7589 -113.599 325.556 -5.94944 -25.1615 67.8722 3.06189 -13 545 1 0 1
13.1086 -97.8605 325.556 1.90923 -13.6193 42.8759 3.1787 -13 546 1 0 1
0.405247 79.8082 325.556 0.232611 13.4875 51.4238 1.61455 -13 547 1 0 1
22.808 35.8109 325.556 4.3674 7.58517 61.7323 4.27798 -13 548 1 0 1
23.386 -17.4968 325.556 4.32807 -2.89636 57.8549 4.6744 -13 549 1 0 1
-82.6944 63.5455 325.556 -17.0823 13.6774 65.6462 -0.539927 -13 550 1 0 1
37.3674 -26.5714 325.556 4.31869 -2.69452 35.573 4.38297 -13 551 1 0 1
-50.4048 -18.6549 325.556 -9.08023 -3.72393 58.7951 2.31783 -13 553 1 0 1
-46.4818 -13.5501 325.556 -9.45816 -3.03793 64.8155 0.936836 -13 554 1 0 1
34.0509 35.7295 325.556 7.27327 8.48091 73.7148 3.02592 -13 555 1 0 1
-14.8745 47.2457 325.556 -2.49093 8.52187 56.2529 2.64981 -13 556 1 0 1
28.0868 -4.05694 325.556 5.4124 -0.951283 61.5649 4.44463 -13 557 1 0 1
-14.9223 -19.6753 325.556 -2.83494 -4.18164 61.9108 -0.601505 -13 558 1 0 1
-59.9598 28.9066 325.556 -8.12973 4.29901 45.17 1.1504 -13 560 1 0 1
-56.6894 19.0026 325.556 -12.2894 3.84836 68.3127 2.98084 -13 562 1 0 1
25.1349 -17.6047 325.556 5.18612 -4.33922 70.5603 1.49213 -13 564 1 0 1
-39.0986 51.7263 325.556 -6.51627 9.48218 55.0999 3.45971 -13 565 1 0 1
-61.5846 -15.2901 325.556 -14.2426 -3.6734 72.0814 2.55548 -13 566 1 0 1
-26.9477 -20.1814 325.556 -4.22269 -3.29673 53.2728 2.44171 -13 567 1 0 1
-27.3267 43.424 325.556 -6.25189 10.0803 70.6994 2.00929 -13 568 1 0 1
5.05121 -28.784 325.556 0.965403 -5.81326 61.6844 3.80216 -13 569 1 0 1
6.27679 -30.7101 325.556 1.28348 -4.97561 52.4037 -0.137478 -13 570 1 0 1
18.3887 84.1143 325.556 1.55177 6.9699 24.2011 4.32773 -13 571 1 0 1
0.0598418 -30.621 325.556 -0.465116 -7.77479 75.3662 1.60522 -13 572 1 0 1
-33.2871 -17.9833 325.556 -7.21807 -4.48747 68.479 3.8092 -13 573 1 0 1
-36.6734 104.58 325.556 -6.51821 19.7995 57.4838 1.17663 -13 574 1 0 1
7.0738 -12.3424 325.556 1.28986 -2.77541 69.6825 2.0229 -13 575 1 0 1
-6.76212 3.45628 325.556 -1.60511 0.137956 68.7023 0.963332 -13 576 1 0 1
12.424 -16.309 325.556 2.41258 -2.83657 65.7414 -0.0580935 -13 577 1 0 1
-34.2905 59.4378 325.556 -7.99846 13.7903 71.6094 3.76176 -13 578 1 0 1
44.1066 -69.2534 325.556 8.45031 -13.7193 61.1043 1.78744 -13 579 1 0 1
-59.5505 41.9828 325.556 -12.2918 9.24684 65.5234 3.41105 -13 580 1 0 1
46.2098 9.62974 325.556 8.95057 1.66117 62.182 2.07161 -13 581 1 0 1
74.4793 15.8431 325.556 11.2682 2.7621 48.0873 2.43945 -13 582 1 0 1
17.0114 -3.35732 325.556 3.48068 -0.966573 71.3312 1.37029 -13 583 1 0 1
32.3283 22.1624 325.556 6.33921 4.18392 64.3769 1.1898 -13 584 1 0 1
-8.48 -31.7583 325.556 -1.86539 -6.98709 65.1207 -0.121007 -13 585 1 0 1
10.6326 -52.896 325.556 2.01386 -12.3454 71.0863 4.00622 -13 586 1 0 1
-42.9526 70.2192 325.556 -10.1111 16.765 72.2284 2.18061 -13 587 1 0 1
30.3699 4.34499 325.556 6.18539 1.25083 66.7602 -0.224613 -13 588 1 0 1
-1.99102 15.5265 325.556 -0.694654 3.32807 70.4923 0.58198 -13 589 1 0 1
-52.5046 -59.0634 325.556 -12.3009 -14.2706 72.7996 0.94367 -13 590 1 0 1
-39.2826 0.519392 325.556 -10.1351 0.478379 77.5614 4.30668 -13 591 1 0 1
-12.0639 -4.83074 325.556 -2.87104 -1.29459 71.4186 -0.80067 -13 592 1 0 1
14.4709 11.7962 325.556 2.94085 1.87671 64.2723 3.89213 -13 593 1 0 1
-47.1627 -0.143449 325.556 -9.36024 -0.292979 63.0867 2.22402 -13 594 1 0 1
16.7413 -10.8641 325.556 3.26722 -1.90172 63.8454 2.54582 -13 595 1 0 1
-70.2673 -9.87886 325.556 -17.8776 -2.5412 77.7745 1.66202 -13 597 1 0 1
-4.85175 -43.8865 325.556 -2.13039 -11.5287 80.6712 -0.0281468 -13 598 1 0 1
-21.5087 -3.93484 325.556 -2.79942 -0.593943 46.8037 0.927899 -13 599 1 0 1
3.8726 -56.393 325.556 0.859909 -9.28632 50.621 2.90712 -13 600 1 0 1
21.2494 0.21338 325.556 3.94872 -0.018334 59.5465 3.2573 -13 601 1 0 1
8.10573 -32.6481 325.556 1.64534 -6.72036 64.4158 2.5961 -13 602 1 0 1
-75.4435 -17.545 325.556 -15.7517 -3.69423 66.4653 0.672719 -13 603 1 0 1
52.5433 -20.1098 325.556 8.07124 -3.29375 47.4122 2.64557 -13 604 1 0 1
-11.2132 -116.139 325.556 -1.90934 -21.2724 57.0887 2.23406 -13 605 1 0 1
36.4069 -8.96633 325.556 7.34312 -1.92926 66.8275 4.54223 -13 606 1 0 1
35.9411 62.326 325.556 7.77952 15.6434 75.4565 1.03039 -13 607 1 0 1
-63.776 21.551 325.556 -14.6286 5.64132 71.8156 1.99819 -13 609 1 0 1
-28.2238 31.3912 325.556 -6.05492 7.57413 67.3636 0.245503 -13 610 1 0 1
-12.3938 -1.00917 325.556 -1.87334 -0.502091 54.1593 3.15776 -13 611 1 0 1
63.7986 22.0673 325.556 11.1654 4.3461 56.1885 -0.0410151 -13 612 1 0 1
68.5056 -49.4006 325.556 8.31763 -6.1578 38.3954 4.34744 -13 613 1 0 1
9.05135 -30.9396 325.556 1.84567 -6.78731 64.5035 1.67673 -13 614 1 0 1
-43.174 -15.7138 325.556 -10.1251 -4.2446 73.085 2.64204 -13 615 1 0 1
11.9632 27.3808 325.556 2.27285 7.15475 78.1338 1.53288 -13 616 1 0 1
7.84581 -40.3705 325.556 1.50122 -8.08088 63.7561 1.30798 -13 617 1 0 1
-14.359 117.27 325.556 -2.465 21.4924 56.0546 1.199 -13 618 1 0 1
64.508 74.0088 325.556 10.1715 12.2693 50.0978 3.13724 -13 619 1 0 1
-26.6442 14.0951 325.556 -7.11418 3.44551 77.6467 -0.451784 -13 620 1 0 1
12.2789 -20.3351 325.556 2.38068 -3.42783 60.0299 2.77295 -13 621 1 0 1
51.8564 -125.955 325.556 8.89429 -21.9497 54.74 2.64195 -13 622 1 0 1
1.28954 4.41127 325.556 0.360326 1.32922 60.8306 1.77704 -13 623 1 0 1
28.3862 17.333 325.556 5.78322 3.38042 65.2815 1.67823 -13 624 1 0 1
-34.8159 58.3865 325.556 -5.94999 10.2135 56.3206 1.3626 -13 625 1 0 1
19.4853 10.4424 325.556 3.95012 2.08036 70.854 4.32164 -13 626 1 0 1
-52.7903 44.2007 325.556 -12.9227 11.4113 75.2229 2.38901 -13 627 1 0 1
34.7555 -29.5257 325.556 7.54887 -6.70148 72.2946 1.99339 -13 628 1 0 1
-7.30378 71.8323 325.556 -1.4275 15.2183 64.7038 2.19408 -13 629 1 0 1
-54.1807 46.0758 325.556 -10.5016 9.51802 62.2153 2.7213 -13 630 1 0 1
9.44911 12.2649 325.556 1.9716 2.44514 59.1768 1.46755 -13 631 1 0 1
-8.70212 -38.2972 325.556 -1.93391 -8.14382 66.7444 0.442761 -13 632 1 0 1
124.032 37.9398 325.556 20.9101 6.50747 54.0579 1.50578 -13 633 1 0 1
-63.968 117.525 325.556 -11.1814 21.5875 56.5209 2.11791 -13 634 1 0 1
76.91 -1.67401 325.556 12.4427 -0.0976713 51.5047 2.56998 -13 635 1 0 1
-45.3613 43.6006 325.556 -10.5333 10.5727 71.9703 -0.242125 -13 636 1 0 1
29.5222 -3.24034 325.556 6.22508 -0.97165 72.2251 1.94256 -13 637 1 0 1
-11.8832 -75.9813 325.556 -0.797921 -7.01479 27.8687 4.05015 -13 638 1 0 1
25.6396 -45.21 325.556 5.10203 -9.55639 65.7618 0.0149177 -13 639 1 0 1
39.1287 32.9449 325.556 4.92259 4.19205 39.1275 0.804155 -13 640 1 0 1
57.3472 -51.4505 325.556 10.8879 -10.3229 61.245 0.768567 -13 641 1 0 1
18.7761 -40.4278 325.556 3.55532 -7.25849 57.6341 2.1319 -13 642 1 0 1
-6.84729 -78.1867 325.556 -1.7748 -17.564 69.5384 1.53024 -13 643 1 0 1
-28.9357 -62.9741 325.556 -4.28354 -10.3176 49.6888 4.67944 -13 644 1 0 1
22.4464 -47.5307 325.556 4.09553 -8.60126 56.7709 3.19669 -13 645 1 0 1
-47.9887 14.5974 325.556 -11.1273 3.29025 71.6338 3.21193 -13 646 1 0 1
-77.4379 -8.60901 325.556 -19.0943 -1.84538 76.2482 0.302547 -13 647 1 0 1
29.394 5.74036 325.556 6.1301 1.39765 68.2252 1.79672 -13 649 1 0 1
-12.4747 -24.4002 325.556 -3.30968 -5.46819 73.5975 2.77115 -13 650 1 0 1
6.87284 12.5002 325.556 1.2441 2.66181 68.1825 2.39506 -13 651 1 0 1
-15.9402 -26.7853 325.556 -3.39862 -5.82208 65.8314 2.948 -13 652 1 0 1
2.32356 -24.7716 325.556 0.270053 -5.17469 68.4173 2.51922 -13 653 1 0 1
46.1301 -18.138 325.556 6.20681 -2.36444 40.5405 2.43705 -13 654 1 0 1
-29.6641 -57.4114 325.556 -2.90298 -6.63219 34.3003 3.46469 -13 655 1 0 1
-56.2172 65.5745 325.556 -11.1 13.6538 62.829 1.91378 -13 656 1 0 1
-13.6873 -3.67687 325.556 -2.62092 -0.282896 61.4841 2.64193 -13 657 1 0 1
-18.2028 -35.3022 325.556 -4.17667 -7.35545 68.874 4.10416 -13 659 1 0 1
-1.27614 -23.1596 325.556 -0.427622 -4.87878 67.1036 0.403197 -13 660 1 0 1
-24.2112 -25.1617 325.556 -6.39851 -6.7831 76.3045 3.38621 -13 661 1 0 1
-30.5509 20.8482 325.556 -5.37697 3.89772 57.8156 1.85618 -13 662 1 0 1
36.9542 20.7969 325.556 6.7193 4.08148 57.4713 2.5774 -13 663 1 0 1
-23.3436 -39.308 325.556 -5.46196 -8.72088 70.1571 3.58808 -13 664 1 0 1
-20.3987 -21.229 325.556 -5.43386 -5.45055 76.7349 2.0475 -13 665 1 0 1
-51.1091 3.30554 325.556 -9.6136 0.83951 61.0842 3.02033 -13 666 1 0 1
-0.14455 7.87966 325.556 0.00757199 1.64746 60.4802 -0.105484 -13 667 1 0 1
-14.3497 -50.5435 325.556 -1.3486 -5.94107 35.0825 3.94497 -13 668 1 0 1
6.97025 -63.9155 325.556 1.39738 -13.7605 67.0041 3.29722 -13 669 1 0 1
12.3442 -42.9214 325.556 2.43498 -9.83903 72.2619 1.84303 -13 670 1 0 1
57.1146 -58.8771 325.556 10.9892 -11.697 61.8833 2.51434 -13 671 1 0 1
49.1971 48.5335 325.556 8.52137 8.69793 55.9897 3.7418 -13 672 1 0 1
1.31286 112.553 325.556 0.306888 20.6973 57.3795 2.49586 -13 673 1 0 1
58.0802 23.8311 325.556 11.0185 4.78748 61.9808 2.87728 -13 674 1 0 1
-12.6721 -70.4726 325.556 -2.41102 -14.2724 61.9258 5.19872 -13 675 1 0 1
76.6887 35.2412 325.556 11.6903 5.79144 48.6129 2.27373 -13 676 1 0 1
60.9274 -10.0191 325.556 12.2083 -2.28703 65.909 2.94397 -13 677 1 0 1
1.09034 48.3216 325.556 -0.0591541 11.9042 71.4137 3.38086 -13 678 1 0 1
-42.2325 65.3958 325.556 -8.8721 14.0521 66.2242 1.94908 -13 679 1 0 1
-25.3558 13.4138 325.556 -4.17731 2.20813 55.9515 1.28827 -13 680 1 0 1
-10.7729 -27.6174 325.556 -2.81148 -7.29373 73.1981 -1.43329 -13 681 1 0 1
-1.47237 -110.102 325.556 0.107361 -12.202 32.1022 3.49388 -13 682 1 0 1
99.906 55.7257 325.556 18.5452 11.4098 60.17 4.14044 -13 683 1 0 1
-5.68889 -30.7443 325.556 -1.05565 -5.99105 61.4191 1.82327 -13 684 1 0 1
105.732 -45.8067 325.556 21.4693 -10.1793 66.4156 0.290535 -13 685 1 0 1
25.1619 49.1936 325.556 5.21495 11.0465 69.3754 2.29107 -13 686 1 0 1
39.5602 3.00258 325.556 6.7464 0.773687 53.3809 3.9449 -13 687 1 0 1
-11.0843 20.2636 325.556 -2.40159 4.00821 66.5779 1.89462 -13 688 1 0 1
46.966 -64.1491 325.556 8.78088 -12.6209 59.6033 3.09697 -13 690 1 0 1
10.7403 -3.08091 325.556 2.03835 -1.01884 64.866 0.00732417 -13 691 1 0 1
-19.4395 -5.42354 325.556 -3.78555 -1.58595 62.2956 1.07228 -13 692 1 0 1
34.5624 1.89482 325.556 5.57119 -0.412527 50.7412 4.1893 -13 693 1 0 1
2.35229 -38.1503 325.556 0.371255 -7.53761 64.8944 4.33435 -13 694 1 0 1
7.40648 40.9792 325.556 1.4761 8.55822 64.528 2.32901 -13 696 1 0 1
-22.0336 33.4715 325.556 -5.23692 7.83996 70.5255 2.39581 -13 697 1 0 1
81.102 -44.0135 325.556 11.251 -6.0367 43.5744 1.98331 -13 699 1 0 1
0.472016 -18.6193 325.556 -0.267441 -4.34777 73.224 3.21123 -13 700 1 0 1
18.0167 45.5276 325.556 3.71718 10.6186 69.8086 3.21968 -13 701 1 0 1
36.4817 7.06808 325.556 5.22712 1.08742 44.4577 3.96133 -13 702 1 0 1
-44.7684 21.6874 325.556 -11.7914 5.26155 78.9853 -0.479438 -13 703 1 0 1
49.554 63.4618 325.556 8.8313 11.8856 56.2711 1.73025 -13 704 1 0 1
12.7814 21.4028 325.556 2.34607 3.56314 53.7691 3.68119 -13 705 1 0 1
-9.80855 23.0618 325.556 -1.40906 4.12498 54.5769 0.640414 -13 706 1 0 1
-8.00263 19.8167 325.556 -2.13823 5.27385 72.2393 5.15532 -13 707 1 0 1
-57.6897 -18.5191 325.556 -10.3725 -3.4976 58.501 2.64682 -13 708 1 0 1
-4.39336 -34.3072 325.556 -0.919683 -7.53257 65.5765 2.0446 -13 709 1 0 1
16.0917 -21.7014 325.556 2.53545 -3.45636 44.5212 1.66799 -13 710 1 0 1
31.9763 1.24958 325.556 5.20653 -0.111965 50.8392 2.04428 -13 711 1 0 1
0.694824 -34.9357 325.556 -0.0867607 -7.68225 69.1095 3.28267 -13 712 1 0 1
-23.1812 -42.0495 325.556 -6.66923 -11.1477 80.1304 1.735 -13 713 1 0 1
11.5467 -4.23585 325.556 2.0161 -1.00271 49.8816 4.05805 -13 714 1 0 1
-19.3401 32.4033 325.556 -4.59266 7.67604 71.017 0.787594 -13 715 1 0 1
57.5287 47.5249 325.556 9.19029 7.66308 49.952 3.63559 -13 716 1 0 1
-5.17732 -19.6235 325.556 -0.614998 -3.45616 52.8375 4.08848 -13 717 1 0 1
-29.5379 -1.2122 325.556 -6.97436 -0.564335 72.0463 2.78608 -13 718 1 0 1
12.5069 17.1871 325.556 2.49596 4.31252 71.9111 1.74617 -13 719 1 0 1
-1.2935 60.3636 325.556 -0.327694 12.7392 65.2925 4.06113 -13 720 1 0 1
28.0916 -52.2476 325.556 5.86377 -11.8901 71.038 1.78151 -13 721 1 0 1
44.7106 -51.4715 325.556 7.80545 -9.33445 55.1933 0.702488 -13 722 1 0 1
2.12306 -23.6286 325.556 0.401853 -4.3526 61.7419 0.841693 -13 723 1 0 1
-0.704934 49.5755 325.556 -0.522182 11.2762 72.1471 3.8506 -13 724 1 0 1
-21.8297 54.6776 325.556 -3.60119 9.53367 55.1259 1.95575 -13 725 1 0 1
84.479 -64.5943 325.556 13.986 -11.1091 52.7711 1.34852 -13 726 1 0 1
42.2368 17.2149 325.556 6.03369 2.56242 44.6859 4.57091 -13 727 1 0 1
41.546 139.211 325.556 5.29168 18.3864 39.873 2.59576 -13 728 1 0 1
12.1176 -25.0758 325.556 2.26616 -6.00312 76.2519 -0.0454489 -13 729 1 0 1
-12.2836 -65.1082 325.556 -0.996324 -7.44278 35.8834 2.97337 -13 730 1 0 1
-18.536 -18.4342 325.556 -4.31644 -3.96822 70.4414 0.630055 -13 731 1 0 1
-21.8666 38.8624 325.556 -4.7882 8.28654 68.5483 3.91837 -13 732 1 0 1
-26.2405 -7.60129 325.556 -3.46782 -1.48975 46.5466 2.12311 -13 733 1 0 1
15.2478 -7.3228 325.556 3.15382 -2.83796 71.4985 4.10015 -13 734 1 0 1
119.54 39.612 325.556 16.4602 5.48904 44.3867 1.50474 -13 735 1 0 1
28.1616 37.0831 325.556 4.33229 5.67194 47.1666 2.3118 -13 736 1 0 1
-15.0871 42.9864 325.556 -2.86357 8.5577 62.7868 4.0902 -13 737 1 0 1
-2.97994 -3.00122 325.556 -0.496207 -0.309236 57.7436 3.67917 -13 738 1 0 1
28.4772 -7.8624 325.556 5.30829 -1.19401 59.2884 0.961226 -13 739 1 0 1
-34.5183 5.46495 325.556 -8.21789 1.21273 72.8062 2.60849 -13 740 1 0 1
119.644 0.38996 325.556 8.12579 0.0947573 22.3256 6.69342 -13 741 1 0 1
-61.48 13.0577 325.556 -7.81258 1.97633 42.8437 0.506432 -13 742 1 0 1
-16.2697 23.8477 325.556 -3.89118 5.77189 71.9308 3.17203 -13 743 1 0 1
-18.9197 33.3363 325.556 -3.0985 5.72046 55.6588 2.47148 -13 744 1 0 1
45.1315 47.9394 325.556 9.59994 10.9222 71.7841 3.80883 -13 745 1 0 1
-14.648 -29.642 325.556 -3.30667 -6.52613 68.276 0.0888614 -13 746 1 0 1
5.03431 -13.1284 325.556 0.920458 -2.8281 68.0504 2.08692 -13 747 1 0 1
-30.4456 11.8363 325.556 -4.3235 2.03229 49.0121 0.624766 -13 748 1 0 1
17.2876 -31.9191 325.556 3.49575 -7.5353 72.9706 2.95103 -13 749 1 0 1
-0.105966 21.4786 325.556 -0.00161911 3.54128 64.0349 2.69871 -13 750 1 0 1
-14.0109 54.6755 325.556 -2.07985 9.47773 52.4467 2.32861 -13 751 1 0 1
-11.3939 64.4495 325.556 -2.46099 14.2153 66.5754 1.46245 -13 752 1 0 1
-8.72833 6.4764 325.556 -1.70754 0.968308 64.3829 0.944541 -13 753 1 0 1
-41.2887 -5.12459 325.556 -9.15376 -0.934819 69.8236 2.19194 -13 754 1 0 1
-0.458416 -12.8896 325.556 -0.626744 -3.30588 75.7701 0.34734 -13 755 1 0 1
30.4397 43.4149 325.556 6.23367 9.95725 67.9054 0.878707 -13 756 1 0 1
77.0809 -31.5483 325.556 12.6757 -5.17276 52.1466 1.21568 -13 757 1 0 1
16.36 -31.9715 325.556 3.15903 -6.3039 56.5392 2.53426 -13 758 1 0 1
31.246 -87.3365 325.556 5.84919 -17.3779 61.0071 3.2279 -13 759 1 0 1
22.771 -17.9709 325.556 4.07297 -3.27911 54.9591 2.4243 -13 760 1 0 1
13.7402 -34.9809 325.556 2.57066 -6.48519 59.4336 2.79068 -13 761 1 0 1
-56.7827 30.9802 325.556 -5.93701 3.81979 35.2548 2.26402 -13 762 1 0 1
62.0241 33.6034 325.556 11.4946 6.92266 59.9349 3.36507 -13 763 1 0 1
19.4607 13.7313 325.556 4.00643 3.22694 70.5923 -0.731906 -13 764 1 0 1
-8.61972 -30.1637 325.556 -1.64683 -6.44371 64.8856 1.41804 -13 765 1 0 1
58.7459 99.6752 325.556 5.34656 9.4237 28.362 2.74584 -13 766 1 0 1
17.3224 -16.07 325.556 3.26253 -3.2063 58.9827 1.66263 -13 767 1 0 1
40.1209 -101.07 325.556 7.98342 -21.1884 64.9378 2.61957 -13 768 1 0 1
31.7473 -4.12768 325.556 4.23744 -0.821534 40.0912 2.98883 -13 769 1 0 1
-35.0173 -32.0712 325.556 -7.87459 -8.20987 70.4434 0.822286 -13 770 1 0 1
25.4344 -107.318 325.556 3.24053 -13.352 37.583 2.36674 -13 771 1 0 1
37.6247 6.6836 325.556 6.73156 1.0529 55.7877 2.0212 -13 772 1 0 1
31.3328 2.41717 325.556 6.84649 0.708805 76.7392 2.27557 -13 773 1 0 1
-30.8974 -11.5478 325.556 -5.4331 -1.93117 58.3421 3.07035 -13 774 1 0 1
76.6751 -25.0892 325.556 14.3275 -5.12559 60.0292 2.02052 -13 775 1 0 1
-13.6368 35.0692 325.556 -2.14549 6.32807 55.2451 4.73902 -13 776 1 0 1
-31.6569 -34.944 325.556 -6.78864 -7.79136 67.2646 1.89438 -13 777 1 0 1
0.0422208 60.4363 325.556 0.247192 9.39682 45.9191 5.15055 -13 778 1 0 1
-62.257 -17.1249 325.556 -13.1452 -3.65703 67.1208 3.6221 -13 779 1 0 1
29.7182 -1.10806 325.556 6.2632 -0.16772 67.6512 1.006 -13 780 1 0 1
-17.8579 10.4803 325.556 -3.74351 1.9738 66.1692 1.82889 -13 781 1 0 1
-28.507 -32.7313 325.556 -5.63347 -6.64143 63.0494 2.51986 -13 782 1 0 1
51.676 -23.5139 325.556 9.50298 -4.29956 58.6685 3.10289 -13 783 1 0 1
-60.8346 -96.2755 325.556 -11.9024 -19.8427 62.7208 1.17572 -13 784 1 0 1
-61.0488 -23.8604 325.556 -15.1956 -6.65001 76.501 1.57666 -13 785 1 0 1
74.0532 16.3611 325.556 10.9454 2.29849 46.8814 1.49839 -13 787 1 0 1
-62.8065 -0.113311 325.556 -11.8512 -0.200723 60.9002 1.13578 -13 788 1 0 1
41.4684 -9.78955 325.556 8.84861 -2.73912 70.7532 2.29352 -13 789 1 0 1
12.5348 -25.2679 325.556 2.32789 -5.36843 60.2789 4.08087 -13 790 1 0 1
26.4799 -62.9067 325.556 5.41857 -13.9902 67.2813 0.509319 -13 791 1 0 1
-18.8682 -5.74463 325.556 -3.98085 -1.18002 66.9349 4.11531 -13 792 1 0 1
33.11 -8.6932 325.556 5.60614 -1.76245 53.1511 4.06023 -13 793 1 0 1
17.8291 -45.1711 325.556 3.68307 -9.78138 69.0989 2.17446 -13 794 1 0 1
-39.8492 -55.5323 325.556 -6.83623 -10.1463 55.8624 -0.205422 -13 795 1 0 1
-36.3286 7.42297 325.556 -6.41341 1.35689 58.666 2.01207 -13 796 1 0 1
6.84349 -9.42166 325.556 1.30818 -1.85068 48.3421 1.6223 -13 797 1 0 1
-7.03373 75.5264 325.556 -2.12528 18.0076 73.6178 3.82054 -13 798 1 0 1
0.270472 24.1273 325.556 0.0340537 4.78662 63.5713 2.90374 -13 799 1 0 1
-53.4697 33.6447 325.556 -9.7174 6.74489 59.0355 3.30743 -13 800 1 0 1
42.5133 8.75384 325.556 9.01093 1.33085 68.8471 4.12045 -13 801 1 0 1
-8.25137 -38.789 325.556 -1.7977 -8.58776 66.2828 0.6577 -13 802 1 0 1
7.09064 15.2592 325.556 1.10607 4.39114 75.8738 0.0854948 -13 803 1 0 1
85.9229 6.76055 325.556 13.3039 1.17723 49.4667 1.92708 -13 804 1 0 1
7.22684 -3.95257 325.556 0.711302 -0.291769 23.8403 4.21635 -13 805 1 0 1
18.2758 -11.2522 325.556 3.34814 -2.16369 56.6183 3.15893 -13 806 1 0 1
-30.1678 -47.2354 325.556 -6.22282 -9.81088 66.0861 2.33998 -13 807 1 0 1
-89.4043 32.1636 325.556 -7.77957 3.14507 29.4289 5.20586 -13 808 1 0 1
-41.4299 3.13975 325.556 -8.37142 0.623137 64.8151 1.41618 -13 809 1 0 1
-29.1289 -15.0288 325.556 -7.51646 -3.98103 76.7032 1.08849 -13 810 1 0 1
6.43566 13.2197 325.556 1.26028 3.25553 70.6348 1.64089 -13 811 1 0 1
-39.4456 -30.9271 325.556 -4.48845 -3.78075 39.2685 4.87772 -13 812 1 0 1
39.1498 55.6369 325.556 6.93087 10.3673 56.1567 2.95182 -13 813 1 0 1
-0.559135 6.91374 325.556 -0.0512496 1.77778 62.6875 2.72263 -13 814 1 0 1
39.9556 37.9723 325.556 6.99713 6.87052 55.1686 0.157937 -13 815 1 0 1
-0.878019 -13.9629 325.556 -0.865261 -3.43306 77.0539 3.24178 -13 816 1 0 1
21.0885 -3.71375 325.556 2.96592 -0.45553 39.7244 1.20275 -13 817 1 0 1
30.509 -58.993 325.556 4.86688 -9.56379 48.6941 2.3311 -13 820 1 0 1
-11.6512 -11.4428 325.556 -1.68732 -1.62237 52.8404 0.533092 -13 821 1 0 1
-46.9206 13.0124 325.556 -12.9148 2.74004 80.417 2.34146 -13 822 1 0 1
32.4558 -8.32245 325.556 5.95441 -1.78335 57.0812 2.06101 -13 823 1 0 1
-22.7649 -27.2354 325.556 -4.3708 -5.43899 61.202 2.31823 -13 825 1 0 1
8.39086 36.628 325.556 1.58284 8.25493 66.7635 0.526797 -13 826 1 0 1
12.3515 -62.7697 325.556 2.41372 -12.8754 62.1851 4.68576 -13 827 1 0 1
13.1727 -2.50337 325.556 2.71554 -0.861478 65.0121 -0.507439 -13 828 1 0 1
63.5874 -114.95 325.556 9.36439 -17.8067 47.2712 3.31143 -13 829 1 0 1
11.1232 -47.262 325.556 2.17569 -9.8986 64.296 1.80786 -13 830 1 0 1
17.8937 -15.8916 325.556 3.54511 -3.63995 65.8214 3.91885 -13 831 1 0 1
0.655302 -41.6119 325.556 0.303771 -7.60406 55.7403 2.5465 -13 832 1 0 1
-8.08482 -18.4461 325.556 -1.57231 -3.74565 62.0297 2.38882 -13 833 1 0 1
-7.7875 -43.5159 325.556 -1.361 -8.23473 60.5068 1.82645 -13 834 1 0 1
-27.015 -60.6499 325.556 -7.23741 -15.2216 76.9737 0.813759 -13 835 1 0 1
31.6913 61.6452 325.556 6.22115 13.1271 65.1941 1.843 -13 836 1 0 1
56.1324 -63.0712 325.556 11.2604 -12.7641 65.5053 2.99302 -13 837 1 0 1
22.2749 15.6384 325.556 4.63837 3.11883 71.7188 0.500129 -13 838 1 0 1
5.71355 -39.4147 325.556 1.20243 -6.77344 55.5155 1.78122 -13 839 1 0 1
-38.9995 30.4833 325.556 -7.21869 5.79444 59.977 4.5002 -13 840 1 0 1
-13.5015 37.3203 325.556 -2.318 6.75832 58.6175 0.277405 -13 841 1 0 1
-21.8644 -9.60049 325.556 -5.3702 -2.10217 73.4398 0.82528 -13 842 1 0 1
-23.8961 -61.4391 325.556 -5.95624 -15.1693 73.2202 2.30059 -13 843 1 0 1
-31.5581 61.5606 325.556 -5.58067 11.5934 58.2227 3.01352 -13 844 1 0 1
27.1971 -1.27882 325.556 5.16264 -0.00796528 60.233 3.0432 -13 845 1 0 1
66.5386 -74.6777 325.556 7.66232 -8.77821 36.5969 3.55373 -13 846 1 0 1
43.3504 -36.9756 325.556 7.88809 -6.21416 57.8059 0.962436 -13 847 1 0 1
-29.1226 -9.58211 325.556 -4.86001 -2.03676 55.4702 1.38606 -13 848 1 0 1
-48.7147 -17.007 325.556 -7.9073 -2.77102 53.4857 0.256439 -13 849 1 0 1
53.5266 -58.5965 325.556 10.9648 -12.642 67.3032 1.04178 -13 850 1 0 1
-19.0156 29.0137 325.556 -3.41667 5.36833 59.7503 1.59869 -13 851 1 0 1
29.1071 -6.64153 325.556 6.20958 -1.50706 75.6569 2.27398 -13 852 1 0 1
2.71734 22.6205 325.556 0.57053 4.53883 62.0809 3.10209 -13 853 1 0 1
-15.3732 -10.8799 325.556 -3.66265 -2.9641 69.4824 1.04498 -13 854 1 0 1
-22.8048 50.6067 325.556 -4.31877 10.0932 61.6669 2.15415 -13 855 1 0 1
-56.9033 -22.1413 325.556 -10.1696 -4.74919 57.8845 2.46 -13 856 1 0 1
10.1373 -4.34755 325.556 2.05574 -0.305836 66.0654 1.05948 -13 857 1 0 1
-96.1742 20.3457 325.556 -19.0515 4.05679 63.3761 -0.383333 -13 858 1 0 1
6.79467 -5.76361 325.556 1.43598 -0.841194 55.4333 3.78114 -13 859 1 0 1
-18.0966 17.997 325.556 -3.94084 3.98175 67.8467 3.22089 -13 860 1 0 1
-11.9434 -27.5417 325.556 -3.40242 -6.9247 76.9938 -0.0698914 -13 861 1 0 1
-2.05081 27.988 325.556 -0.425687 5.97641 63.8857 1.89698 -13 862 1 0 1
-70.0172 -42.6389 325.556 -12.6714 -7.89049 58.4203 2.32644 -13 863 1 0 1
-7.91118 6.66731 325.556 -1.47704 1.48376 62.6867 1.39521 -13 864 1 0 1
-15.3115 -22.6456 325.556 -2.45861 -3.73798 55.3735 3.98027 -13 865 1 0 1
21.2521 72.3829 325.556 3.79209 13.4406 55.8636 2.13682 -13 866 1 0 1
20.412 34.1501 325.556 4.23818 7.86258 74.0916 1.14493 -13 867 1 0 1
-26.9857 3.22533 325.556 -7.34643 0.493337 78.4321 0.100697 -13 868 1 0 1
-107.179 -72.3662 325.556 -18.512 -13.0889 55.9355 1.54563 -13 869 1 0 1
3.47138 -30.4801 325.556 0.686272 -6.14051 60.0082 2.82503 -13 870 1 0 1
11.625 -84.5814 325.556 2.22391 -17.8204 64.6936 0.792246 -13 871 1 0 1
-19.9591 -12.2036 325.556 -4.32877 -2.44378 67.6234 0.778403 -13 872 1 0 1
19.5383 -7.34596 325.556 4.08001 -2.01023 71.8097 0.752412 -13 873 1 0 1
-18.9496 39.5837 325.556 -4.07701 8.59369 66.7303 4.50684 -13 874 1 0 1
-25.6547 -29.6944 325.556 -5.00529 -6.15635 62.7926 2.21812 -13 875 1 0 1
16.3782 34.3285 325.556 3.30822 8.08553 74.8866 1.78193 -13 876 1 0 1
17.5577 58.5233 325.556 3.63237 13.5779 68.2646 -0.106163 -13 877 1 0 1
-2.14708 52.4976 325.556 -0.896887 12.7271 72.6595 -1.88673 -13 878 1 0 1
-33.7506 20.7638 325.556 -5.06078 3.32935 51.4456 3.47018 -13 879 1 0 1
27.3908 -34.0383 325.556 5.69715 -7.58847 68.2855 2.70401 -13 880 1 0 1
17.7735 -34.4409 325.556 3.26889 -6.32902 56.7993 3.97225 -13 881 1 0 1
50.1264 85.0197 325.556 10.8439 19.8678 72.6685 1.27385 -13 882 1 0 1
59.1325 86.0643 325.556 11.2548 17.6096 62.3465 1.68054 -13 883 1 0 1
88.1032 33.2025 325.556 10.1498 4.08386 36.2513 2.90742 -13 885 1 0 1
9.79398 -18.3462 325.556 1.65268 -5.46905 79.7095 4.03803 -13 886 1 0 1
-81.3388 3.35381 325.556 -17.5593 0.625696 68.2495 2.40525 -13 887 1 0 1
5.34086 22.0083 325.556 1.15602 3.62286 55.4435 2.21224 -13 888 1 0 1
-7.15425 -20.6526 325.556 -1.12947 -3.74323 57.4473 1.48678 -13 889 1 0 1
32.8819 -70.954 325.556 6.68649 -15.4965 67.2338 0.755466 -13 890 1 0 1
26.0868 -7.61756 325.556 3.07392 -0.806201 35.0909 2.02237 -13 891 1 0 1
-34.7145 -31.0722 325.556 -7.94271 -6.57217 70.9982 2.25683 -13 892 1 0 1
-51.701 10.3182 325.556 -9.21351 2.21403 58.5668 0.414735 -13 893 1 0 1
30.6872 -17.9138 325.556 6.74687 -4.21596 76.0672 1.70548 -13 894 1 0 1
-71.389 79.1414 325.556 -16.1149 18.9733 70.2037 3.37389 -13 895 1 0 1
-30.8068 70.9154 325.556 -6.68019 15.7284 67.944 0.198617 -13 896 1 0 1
-6.79155 -31.1261 325.556 -0.881945 -4.94383 49.2141 0.599125 -13 897 1 0 1
14.5204 -6.11395 325.556 2.61023 -0.952554 55.6814 1.45192 -13 898 1 0 1
69.6763 19.8926 325.556 13.1381 4.14428 60.5118 1.74395 -13 899 1 0 1
16.8841 -2.74721 325.556 3.40825 -1.04399 68.583 2.42094 -13 901 1 0 1
65.1152 -20.6378 325.556 11.1098 -3.90744 54.2161 2.75946 -13 902 1 0 1
-8.87586 -51.5742 325.556 -2.57239 -11.5608 74.6043 2.90017 -13 903 1 0 1
24.7265 -14.9936 325.556 4.55206 -3.2148 58.7943 3.98993 -13 904 1 0 1
-71.8362 20.1287 325.556 -17.9168 5.19839 76.8895 1.85458 -13 905 1 0 1
-56.1928 -24.7737 325.556 -9.27968 -4.26752 54.5659 3.44588 -13 906 1 0 1
6.82059 46.369 325.556 1.27179 9.75377 67.6506 2.16349 -13 907 1 0 1
-21.6988 -43.4565 325.556 -2.23625 -5.32174 37.4642 3.15924 -13 908 1 0 1
-10.973 -16.5959 325.556 -2.9908 -3.53192 73.6658 2.42922 -13 909 1 0 1
-15.5854 -24.3612 325.556 -3.68104 -5.58814 70.4343 1.63361 -13 910 1 0 1
1.21151 127.052 325.556 0.329743 16.707 39.7473 2.21196 -13 911 1 0 1
26.9547 68.8097 325.556 4.55078 11.7493 54.6218 1.3719 -13 912 1 0 1
-20.6295 52.6139 325.556 -6.10801 14.0072 78.7884 2.98095 -13 913 1 0 1
-90.1182 38.1569 325.556 -19.4178 9.03983 68.4589 2.85123 -13 914 1 0 1
24.8453 -43.8579 325.556 4.76109 -8.45087 61.2935 1.12745 -13 915 1 0 1
-78.5216 9.73738 325.556 -20.1107 2.66101 77.6681 6.01008 -13 916 1 0 1
-4.24894 61.9677 325.556 -0.218238 8.47375 40.9874 2.51845 -13 917 1 0 1
-61.0067 41.0202 325.556 -13.8041 9.34619 70.7846 3.83186 -13 918 1 0 1
-16.8835 14.6372 325.556 -3.54341 2.85203 66.4147 1.26436 -13 919 1 0 1
-40.0378 -6.89156 325.556 -10.578 -1.32635 78.9235 2.11852 -13 920 1 0 1
53.1477 -19.5676 325.556 5.79872 -2.58571 34.0848 3.58658 -13 921 1 0 1
-44.3839 -50.3051 325.556 -11.8837 -12.6482 79.3077 4.11252 -13 922 1 0 1
-31.1047 -2.92931 325.556 -5.59593 -0.585019 58.8756 1.88591 -13 923 1 0 1
-7.99376 12.9718 325.556 -1.86498 2.57279 68.4717 0.78219 -13 924 1 0 1
-2.17052 40.5974 325.556 -0.453546 8.30841 62.7516 2.31845 -13 925 1 0 1
-30.0122 22.6559 325.556 -7.82298 5.35248 77.0226 3.06607 -13 926 1 0 1
-11.0652 -10.0362 325.556 -2.31035 -1.71195 67.8949 2.39005 -13 927 1 0 1
20.6584 -24.476 325.556 3.85977 -4.72795 58.0478 1.83094 -13 928 1 0 1
-12.7487 6.97344 325.556 -2.99914 1.55347 70.3815 3.12871 -13 930 1 0 1
44.5744 -12.1319 325.556 8.6385 -2.80882 62.7898 3.94321 -13 931 1 0 1
-12.6236 -38.5149 325.556 -1.84844 -6.63199 52.5624 4.11237 -13 932 1 0 1
26.1088 59.551 325.556 5.3128 13.4031 68.024 2.87553 -13 933 1 0 1
-31.5192 28.0644 325.556 -7.74306 6.89225 74.0477 1.18196 -13 934 1 0 1
-68.8058 14.528 325.556 -12.3067 2.67919 57.8356 3.01829 -13 935 1 0 1
67.9472 -2.24631 325.556 12.7859 0.0247061 60.0173 2.05352 -13 936 1 0 1
-17.3957 -17.4885 325.556 -4.41062 -3.6247 73.2665 1.53113 -13 938 1 0 1
4.91326 -17.845 325.556 1.08201 -3.51969 61.3187 1.42884 -13 939 1 0 1
-5.28037 18.1212 325.556 -0.905639 3.76244 60.5551 1.95724 -13 940 1 0 1
-23.8571 30.8012 325.556 -5.00765 6.94564 66.4839 2.08341 -13 941 1 0 1
46.5628 -9.63344 325.556 9.97718 -2.23983 71.7209 2.3266 -13 942 1 0 1
21.9028 -14.5864 325.556 4.44387 -3.01362 67.8765 3.25624 -13 943 1 0 1
-10.0403 19.9019 325.556 -1.37839 3.80193 52.4687 1.79379 -13 944 1 0 1
-13.8612 88.7362 325.556 -3.3401 20.326 69.6849 2.71302 -13 945 1 0 1
0.0947794 39.4014 325.556 0.249059 5.7965 45.119 1.77562 -13 946 1 0 1
35.6114 4.94712 325.556 7.14414 1.38924 65.0585 0.719497 -13 947 1 0 1
53.468 -27.874 325.556 8.50924 -4.3323 50.3964 3.60863 -13 948 1 0 1
-38.1941 -21.1945 325.556 -6.09888 -3.69382 54.0783 2.58742 -13 949 1 0 1
-14.893 24.7215 325.556 -3.04848 5.02963 65.8549 1.94595 -13 950 1 0 1
141.985 -38.3459 325.556 22.4916 -6.14238 51.2623 2.95371 -13 951 1 0 1
32.2003 -27.2712 325.556 5.99834 -5.24129 59.2656 4.70086 -13 952 1 0 1
15.0013 -28.6078 325.556 2.74967 -5.6248 59.6206 2.28868 -13 953 1 0 1
7.43064 -93.5929 325.556 1.43078 -16.4369 54.2864 1.95945 -13 954 1 0 1
22.3626 -30.336 325.556 4.22004 -6.51082 60.8303 2.53847 -13 955 1 0 1
-12.6992 16.3696 325.556 -2.00159 2.54464 54.6053 2.07236 -13 956 1 0 1
-45.4966 -32.7507 325.556 -7.95617 -6.44129 57.2892 1.07496 -13 957 1 0 1
-58.2784 -4.52846 325.556 -15.6961 -1.36253 79.2101 0.884957 -13 958 1 0 1
59.5078 -33.597 325.556 11.2928 -6.76836 61.3489 2.39847 -13 959 1 0 1
-36.8152 -12.4381 325.556 -8.88544 -3.11879 73.6246 -0.260525 -13 960 1 0 1
31.572 -32.8427 325.556 5.66418 -5.64109 55.2716 2.34068 -13 961 1 0 1
54.6134 -18.9953 325.556 6.23467 -2.23027 35.2898 3.84802 -13 962 1 0 1
60.7422 -22.8764 325.556 12.4347 -5.78388 67.1656 3.86446 -13 963 1 0 1
-2.3817 6.86162 325.556 -0.358854 1.20844 62.5297 3.90778 -13 964 1 0 1
-15.2927 -45.9007 325.556 -3.13054 -9.70272 64.3096 3.34325 -13 965 1 0 1
-41.7542 -14.034 325.556 -6.75146 -2.03338 53.7344 4.50994 -13 966 1 0 1
45.4051 11.8543 325.556 7.84792 2.25688 53.9282 2.77419 -13 967 1 0 1
-101.133 -3.00976 325.556 -19.1283 -0.828059 60.8315 0.99703 -13 968 1 0 1
25.0307 -37.8397 325.556 4.20642 -6.29804 50.176 2.91383 -13 969 1 0 1
34.1846 -40.1792 325.556 6.74668 -8.54849 64.226 1.86733 -13 970 1 0 1
15.2087 20.7226 325.556 3.12341 5.03155 68.0521 0.718505 -13 971 1 0 1
-7.53531 77.5841 325.556 -0.431729 8.13825 30.9033 2.62604 -13 972 1 0 1
-11.7497 11.4236 325.556 -0.986778 1.42457 33.7243 2.49979 -13 973 1 0 1
-22.9044 24.5408 325.556 -5.06416 5.50976 69.1055 1.23136 -13 974 1 0 1
-35.8044 1.54327 325.556 -8.63974 1.08645 74.2467 3.42227 -13 975 1 0 1
-19.1983 -60.7553 325.556 -3.60882 -11.7428 61.0735 2.40454 -13 977 1 0 1
-36.0658 -13.4978 325.556 -8.33109 -3.33496 71.0598 0.398394 -13 979 1 0 1
-44.7268 -8.63469 325.556 -8.11687 -1.76608 59.2542 0.668967 -13 980 1 0 1
-24.5377 -57.8717 325.556 -4.81284 -11.9983 62.1236 1.33229 -13 981 1 0 1
18.9264 44.5264 325.556 3.78354 8.95383 64.2896 1.29222 -13 982 1 0 1
-0.364234 14.498 325.556 -0.443067 4.13952 73.379 1.46572 -13 983 1 0 1
178.348 -89.2631 325.556 17.2252 -9.24132 31.8662 4.84002 -13 984 1 0 1
27.3893 35.3376 325.556 5.20185 6.92599 59.9753 2.94787 -13 985 1 0 1
-35.5106 -23.8263 325.556 -6.70433 -4.57614 61.0983 1.7329 -13 986 1 0 1
17.3369 -84.4069 325.556 3.24785 -16.4783 59.8753 2.51936 -13 987 1 0 1
-34.3561 107.789 325.556 -2.21108 8.19657 22.9092 4.68681 -13 988 1 0 1
9.89214 -30.3661 325.556 1.98236 -6.63011 69.837 2.92501 -13 989 1 0 1
-10.4951 -31.1055 325.556 -2.46627 -7.54182 69.7551 2.13993 -13 990 1 0 1
-26.7506 41.9496 325.556 -3.97877 6.65077 51.1764 0.124459 -13 991 1 0 1
-35.2628 36.5216 325.556 -4.20406 4.87182 41.8208 3.62473 -13 992 1 0 1
35.8505 -35.3192 325.556 5.9343 -5.64245 50.0643 4.01812 -13 993 1 0 1
91.2035 -153.737 325.556 12.2124 -21.3212 43.0898 1.97631 -13 994 1 0 1
37.6304 17.7974 325.556 7.46866 3.80109 64.0917 0.175184 -13 995 1 0 1
-36.7194 0.797849 325.556 -8.00731 0.125858 68.527 2.09391 -13 996 1 0 1
-4.96736 19.7548 325.556 -0.513505 3.13943 48.2894 4.86559 -13 997 1 0 1
11.0389 -108.025 325.556 0.754934 -6.40639 17.0155 6.83136 -13 998 1 0 1
44.9379 -8.5169 325.556 8.0043 -1.46959 56.558 2.14691 -13 999 1 0 1
-14.7999 -31.803 325.556 -1.95978 -4.94432 47.8009 1.93145 -13 1000 1 0 1
-30.096 -17.6182 325.556 -6.98988 -4.17974 71.8069 1.10241 -13 1001 1 0 1
1.56297 66.5044 325.556 0.431482 10.997 51.582 1.04012 -13 1002 1 0 1
-13.9279 8.94317 325.556 -1.44709 1.48922 39.8016 2.88838 -13 1003 1 0 1
15.5479 -40.0962 325.556 3.22119 -8.10054 66.9991 2.75566 -13 1004 1 0 1
-22.4055 -36.1823 325.556 -2.33248 -4.55789 36.861 2.44931 -13 1005 1 0 1
-25.9357 18.0746 325.556 -5.05009 3.55693 62.789 4.14652 -13 1006 1 0 1
-47.3825 -18.4522 325.556 -10.7075 -4.09842 70.7192 2.90092 -13 1007 1 0 1
-49.7074 -44.8385 325.556 -11.2816 -10.2688 71.0838 4.795 -13 1008 1 0 1
-5.81256 62.8378 325.556 -1.0215 12.0286 59.8718 1.92619 -13 1009 1 0 1
-66.668 -52.2675 325.556 -15.1152 -12.0526 70.6717 3.9119 -13 1010 1 0 1
35.786 -26.2657 325.556 5.47431 -4.10123 46.4087 2.13897 -13 1011 1 0 1
-6.75633 11.8845 325.556 -1.64572 2.17983 70.2831 1.63074 -13 1012 1 0 1
-25.5868 -5.69052 325.556 -5.1089 -1.69913 64.4549 0.506682 -13 1013 1 0 1
-11.7933 20.4774 325.556 -3.31435 5.13565 76.2597 -0.156001 -13 1014 1 0 1
8.80915 -3.67545 325.556 1.78844 -0.649281 66.2455 2.06877 -13 1015 1 0 1
15.1512 -35.9988 325.556 2.93084 -6.91188 58.9978 2.43829 -13 1016 1 0 1
-55.9565 59.7843 325.556 -12.0473 13.0141 67.8974 2.83166 -13 1017 1 0 1
4.29038 47.1954 325.556 0.847494 8.24256 50.7861 0.942343 -13 1018 1 0 1
-29.7829 87.7617 325.556 -5.5345 16.5218 59.4832 1.66035 -13 1019 1 0 1
13.7429 -11.2592 325.556 2.63813 -2.06592 61.7125 2.42504 -13 1020 1 0 1
-1.63664 -53.5281 325.556 -0.403706 -11.4965 63.3241 2.79219 -13 1021 1 0 1
21.5626 -70.4006 325.556 4.41972 -15.6249 69.5957 2.99772 -13 1022 1 0 1
32.6664 -32.585 325.556 6.26918 -6.44376 61.7966 0.179083 -13 1023 1 0 1
-42.3046 25.1953 325.556 -11.1176 6.14025 78.5583 1.8785 -13 1024 1 0 1
47.8765 16.8467 325.556 3.89426 1.18264 25.3752 1.57899 -13 1025 1 0 1
9.52257 -19.4139 325.556 1.66774 -4.74568 78.5268 1.4924 -13 1026 1 0 1
-9.39021 -1.22948 325.556 -2.75803 -0.431999 76.091 1.78001 -13 1027 1 0 1
-3.10264 -42.9772 325.556 -0.438527 -8.43969 61.4879 2.44296 -13 1028 1 0 1
38.4831 26.5621 325.556 7.28817 5.32428 60.4805 0.883311 -13 1029 1 0 1
15.6192 38.2389 325.556 2.90027 7.23524 58.5236 1.25057 -13 1030 1 0 1
-95.3384 -11.7975 325.556 -23.06 -2.83567 75.2443 2.90234 -13 1031 1 0 1
-24.3483 -31.5169 325.556 -4.9298 -7.04228 64.7324 3.14818 -13 1032 1 0 1
34.8846 -14.719 325.556 6.04842 -2.69258 54.6939 2.00274 -13 1033 1 0 1
-31.2891 1.96711 325.556 -6.30076 0.23371 65.2482 3.14813 -13 1034 1 0 1
4.55444 52.7512 325.556 0.952038 9.35254 54.0229 2.09175 -13 1035 1 0 1
-5.69893 27.3579 325.556 -1.49731 6.05693 70.1396 0.957091 -13 1036 1 0 1
-79.9422 102.972 325.556 -10.5799 14.6752 43.8349 2.70131 -13 1037 1 0 1
-26.0441 -50.6247 325.556 -4.65458 -9.70645 57.7015 1.62085 -13 1038 1 0 1
-7.89566 28.3772 325.556 -1.28966 5.66884 58.4131 0.82512 -13 1039 1 0 1
52.4413 -6.15858 325.556 11.2126 -1.4789 69.9328 3.59273 -13 1040 1 0 1
19.6459 -15.3396 325.556 3.9894 -2.87484 67.7822 1.64742 -13 1041 1 0 1
30.6724 3.63978 325.556 6.31422 0.63822 66.9236 2.53919 -13 1043 1 0 1
1.59957 18.4959 325.556 -0.293463 5.46338 78.4386 2.9149 -13 1044 1 0 1
32.8833 85.5235 325.556 6.04529 16.3209 58.8454 1.86276 -13 1045 1 0 1
-58.8257 37.2018 325.556 -12.2357 8.09227 65.5803 4.39459 -13 1046 1 0 1
-24.3198 2.53902 325.556 -5.57768 0.161799 70.0706 3.92347 -13 1047 1 0 1
-64.6267 -0.371054 325.556 -4.51248 -0.0978459 23.6969 4.69811 -13 1048 1 0 1
-38.0269 -40.6168 325.556 -3.06504 -3.75086 28.5861 4.64037 -13 1049 1 0 1
59.1501 -21.7315 325.556 11.0127 -4.5683 59.5696 2.84019 -13 1050 1 0 1
38.6791 -26.7986 325.556 7.68455 -5.26573 64.2004 2.23262 -13 1051 1 0 1
-62.5458 26.0812 325.556 -9.53161 4.1993 50.8312 4.29456 -13 1052 1 0 1
-62.5544 -18.8366 325.556 -15.9178 -4.77394 77.4036 2.87423 -13 1053 1 0 1
7.08803 -2.82081 325.556 1.17731 -0.27241 73.8626 2.23797 -13 1054 1 0 1
1.96367 -33.0783 325.556 0.23525 -7.32741 68.9582 2.53231 -13 1055 1 0 1
-7.42887 -36.5391 325.556 -1.27607 -6.7748 60.1888 2.38225 -13 1056 1 0 1
28.9055 2.89316 325.556 4.96366 0.180211 52.7627 1.67737 -13 1057 1 0 1
5.77711 -35.4341 325.556 0.976622 -8.27423 70.2273 1.90863 -13 1058 1 0 1
23.927 -17.0195 325.556 3.71501 -2.75589 46.4194 1.13114 -13 1059 1 0 1
35.7599 -17.3964 325.556 7.2897 -3.76973 66.2809 1.11643 -13 1060 1 0 1
-11.887 42.5461 325.556 -1.4823 6.90446 47.9244 1.5972 -13 1061 1 0 1
-5.59 8.37252 325.556 -0.556106 1.27978 42.0994 2.78623 -13 1062 1 0 1
-36.7157 36.7745 325.556 -7.94586 8.41557 68.2844 1.76334 -13 1063 1 0 1
92.4144 25.5917 325.556 19.5629 5.92505 69.6427 1.57354 -13 1064 1 0 1
7.70398 -6.55243 325.556 1.37393 -1.09388 70.4468 3.76812 -13 1066 1 0 1
-17.3905 57.0794 325.556 -4.00394 13.0059 69.1008 2.02391 -13 1067 1 0 1
-79.0863 -5.8767 325.556 -9.30722 -0.65752 39.4353 2.44743 -13 1068 1 0 1
-36.3666 -16.9024 325.556 -6.57115 -2.89257 58.6522 1.39097 -13 1069 1 0 1
2.2371 -40.4475 325.556 0.61262 -6.97394 52.8438 2.79671 -13 1070 1 0 1
55.7591 11.1341 325.556 11.5914 2.04927 68.2086 3.92142 -13 1071 1 0 1
-10.0451 115.71 325.556 -1.19748 18.7198 49.8943 2.22194 -13 1072 1 0 1
13.7178 21.1296 325.556 2.72186 5.04157 73.0339 1.65771 -13 1073 1 0 1
21.6977 13.8122 325.556 4.62315 3.46856 72.545 2.94768 -13 1074 1 0 1
-45.7993 -9.00843 325.556 -8.49045 -1.289 59.9255 1.94764 -13 1075 1 0 1
66.264 30.284 325.556 11.6145 5.58133 55.5919 1.80218 -13 1076 1 0 1
-100.107 -6.23714 325.556 -16.5484 -1.13581 53.2182 1.70059 -13 1077 1 0 1
-36.5868 26.3903 325.556 -6.84371 5.0158 61.2008 1.02616 -13 1078 1 0 1
36.8734 19.3134 325.556 7.5257 4.42324 67.5417 2.58296 -13 1079 1 0 1
-29.4325 49.0595 325.556 -8.07618 12.3327 78.8606 1.80797 -13 1080 1 0 1
85.8285 -32.6673 325.556 16.3896 -6.63331 61.8875 3.62021 -13 1081 1 0 1
-10.5926 0.891729 325.556 -2.06423 -0.201284 63.545 2.46298 -13 1082 1 0 1
-17.4877 42.8944 325.556 -1.46676 4.89655 33.878 2.06245 -13 1083 1 0 1
0.421564 7.78903 325.556 -0.130146 1.7552 71.4957 1.50784 -13 1084 1 0 1
35.8683 54.6533 325.556 6.78858 10.2772 61.3442 1.79318 -13 1085 1 0 1
32.3406 12.7108 325.556 5.9682 2.47127 58.6495 2.1896 -13 1086 1 0 1
-7.12255 -11.4721 325.556 -2.22299 -3.36565 76.3989 2.55582 -13 1087 1 0 1
20.1598 71.994 325.556 3.7692 13.7045 57.9961 2.93098 -13 1088 1 0 1
75.7096 63.0375 325.556 16.7138 14.844 73.4244 1.07184 -13 1089 1 0 1
11.2662 36.3934 325.556 2.27441 7.38871 65.8212 2.56125 -13 1090 1 0 1
-120.022 -6.7582 325.556 -21.1429 -0.990838 57.0084 0.264233 -13 1091 1 0 1
-56.3498 19.894 325.556 -12.5314 4.03095 69.9462 0.133832 -13 1092 1 0 1
10.0576 -36.6954 325.556 1.67938 -9.44286 79.0192 1.09304 -13 1093 1 0 1
81.578 -60.3073 325.556 10.5797 -8.28864 41.213 1.70025 -13 1094 1 0 1
30.4827 27.3125 325.556 6.2166 5.99191 65.5308 2.21401 -13 1095 1 0 1
-39.3296 38.9328 325.556 -6.59847 6.52573 55.2054 1.88664 -13 1096 1 0 1
24.2123 -2.95743 325.556 4.47333 -0.790886 58.1322 2.41053 -13 1097 1 0 1
-35.8849 -10.1726 325.556 -7.8683 -1.7378 68.691 2.52265 -13 1098 1 0 1
-15.7987 -44.8918 325.556 -2.49749 -8.06914 55.4913 0.354014 -13 1099 1 0 1
-40.1333 -28.9964 325.556 -8.9496 -6.72369 69.1756 1.58237 -13 1100 1 0 1
39.2602 46.5934 325.556 5.83609 7.12619 45.5563 4.50371 -13 1101 1 0 1
-16.9723 36.8536 325.556 -2.77195 6.29318 57.1444 1.7899 -13 1102 1 0 1
21.0329 -54.5627 325.556 4.34418 -12.152 68.0445 1.60087 -13 1103 1 0 1
-19.3382 39.8677 325.556 -4.97028 9.64938 74.4598 1.521 -13 1104 1 0 1
36.1546 -45.3996 325.556 7.1838 -9.53995 62.8422 0.304751 -13 1105 1 0 1
-81.8391 -31.5866 325.556 -16.9784 -6.52794 65.9643 3.56109 -13 1106 1 0 1
45.3161 60.682 325.556 7.11876 10.057 49.8441 4.66041 -13 1107 1 0 1
18.1696 -63.4378 325.556 3.54763 -13.2458 63.537 4.55328 -13 1108 1 0 1
-2.06467 -8.04131 325.556 -0.638558 -2.01858 67.5879 4.53594 -13 1109 1 0 1
22.5117 87.2201 325.556 3.22302 11.8109 41.4354 5.38545 -13 1110 1 0 1
-4.96337 25.73 325.556 -0.905867 4.69501 62.9057 3.63169 -13 1111 1 0 1
-28.0065 37.9541 325.556 -5.04948 7.19918 59.3937 3.05411 -13 1112 1 0 1
15.3843 -18.1464 325.556 3.13042 -4.40345 76.4046 2.23178 -13 1113 1 0 1
-63.7731 -32.2562 325.556 -10.2646 -5.7847 52.6303 5.29039 -13 1114 1 0 1
44.0672 98.0737 325.556 8.1078 18.9782 58.8102 2.64003 -13 1115 1 0 1
21.5766 58.5866 325.556 4.39058 13.675 69.3897 2.81025 -13 1116 1 0 1
15.1007 27.4787 325.556 3.20468 6.41558 74.2585 0.309954 -13 1117 1 0 1
-7.65271 -38.6097 325.556 -1.19212 -7.48618 56.7942 1.42216 -13 1118 1 0 1
40.3043 39.0264 325.556 7.76386 7.56482 61.6243 -0.0905286 -13 1119 1 0 1
-5.76657 -3.2686 325.556 -1.44141 -0.921511 70.5728 1.10345 -13 1120 1 0 1
0.734668 -67.9497 325.556 0.225135 -12.5683 58.4318 0.688926 -13 1121 1 0 1
0.172666 5.45494 325.556 -0.482551 1.44225 77.6839 2.0685 -13 1122 1 0 1
-44.2512 23.2493 325.556 -9.09487 4.68365 65.5516 5.3005 -13 1123 1 0 1
24.0693 11.9727 325.556 4.70143 2.11584 63.7723 3.0517 -13 1124 1 0 1
-19.2341 36.5945 325.556 -3.59854 7.8316 60.632 2.94411 -13 1125 1 0 1
71.3149 3.34172 325.556 11.6044 0.744127 52.2162 0.90414 -13 1126 1 0 1
14.8361 49.6467 325.556 2.76641 9.43788 56.1706 2.40872 -13 1127 1 0 1
25.0875 -12.3854 325.556 4.41582 -1.64794 53.3546 1.77799 -13 1128 1 0 1
-19.9377 -31.6066 325.556 -4.75088 -7.82469 71.4158 1.75522 -13 1129 1 0 1
55.1236 55.7195 325.556 7.49825 7.74843 42.9692 3.89046 -13 1130 1 0 1
-16.9889 -14.0481 325.556 -3.40582 -3.48868 63.65 2.58337 -13 1131 1 0 1
56.4552 24.7023 325.556 7.52147 3.20657 41.1308 2.16715 -13 1132 1 0 1
-21.777 -11.2797 325.556 -4.97218 -3.32697 70.7207 -0.141414 -13 1133 1 0 1
-4.89386 -12.7186 325.556 -1.5191 -3.32594 73.8842 1.45711 -13 1134 1 0 1
30.2272 3.38317 325.556 6.15584 0.0922709 68.3611 2.24469 -13 1135 1 0 1
59.0033 -49.1631 325.556 9.32159 -7.85046 49.0625 2.93575 -13 1136 1 0 1
11.489 -49.7658 325.556 1.74561 -6.33547 41.3786 4.20493 -13 1137 1 0 1
-64.6549 -6.09854 325.556 -15.5388 -1.32706 74.4901 0.806403 -13 1138 1 0 1
22.8658 -16.4323 325.556 4.41885 -3.29567 62.419 2.66716 -13 1139 1 0 1
59.2358 42.3943 325.556 11.982 8.53619 65.3259 1.9477 -13 1140 1 0 1
-89.6953 -59.1272 325.556 -22.2282 -14.4909 76.6511 0.679513 -13 1141 1 0 1
33.87 54.295 325.556 4.61535 7.45221 41.9086 2.65132 -13 1142 1 0 1
6.4589 4.67853 325.556 1.34811 0.978483 60.7013 2.21913 -13 1143 1 0 1
-13.6591 29.3048 325.556 -2.30935 5.70809 57.8984 4.15863 -13 1144 1 0 1
56.6796 -16.6444 325.556 7.47237 -2.67078 41.6954 1.68457 -13 1145 1 0 1
51.6603 -53.3258 325.556 8.13737 -8.31139 49.4839 3.99249 -13 1146 1 0 1
18.9528 6.41388 325.556 3.29799 1.11991 52.6276 3.26326 -13 1147 1 0 1
-21.8542 -24.3975 325.556 -4.56509 -5.28508 65.9056 1.38319 -13 1148 1 0 1
25.6661 8.56046 325.556 5.41767 2.24207 70.2498 4.03375 -13 1149 1 0 1
47.3531 -107.783 325.556 9.26923 -22.8938 64.5398 2.02272 -13 1150 1 0 1
-23.0992 -26.8 325.556 -3.33155 -4.64056 51.2336 3.24013 -13 1151 1 0 1
-21.8264 -9.53063 325.556 -4.41256 -1.85067 63.9947 2.62668 -13 1152 1 0 1
58.6221 49.1793 325.556 10.4912 8.92616 57.1582 1.43212 -13 1153 1 0 1
37.6874 -23.3767 325.556 6.8568 -4.22222 57.9234 1.71824 -13 1155 1 0 1
53.453 -5.82799 325.556 10.1106 -0.624805 60.766 2.89803 -13 1156 1 0 1
-30.7605 -72.2411 325.556 -4.76749 -12.2028 51.7852 1.57845 -13 1157 1 0 1
47.2883 -10.0469 325.556 6.86727 -1.54697 46.0066 2.46347 -13 1158 1 0 1
-19.4977 -20.984 325.556 -3.81691 -4.05982 62.4566 1.60651 -13 1159 1 0 1
-47.629 28.1845 325.556 -11.007 6.55445 71.8013 1.66863 -13 1160 1 0 1
-2.38102 15.2507 325.556 -0.496271 3.03808 63.3174 2.50336 -13 1161 1 0 1
19.604 -41.7087 325.556 3.84646 -8.40192 64.563 2.87796 -13 1162 1 0 1
-30.7176 -29.8579 325.556 -5.92958 -6.06098 62.3285 2.78866 -13 1163 1 0 1
44.7601 -8.61027 325.556 8.82801 -1.33622 63.2287 1.93791 -13 1164 1 0 1
12.0945 -10.1747 325.556 2.35031 -1.89946 59.8038 1.41171 -13 1166 1 0 1
12.9931 28.0122 325.556 2.59432 6.50468 71.008 3.41159 -13 1167 1 0 1
12.189 25.3769 325.556 2.43226 5.14221 59.2756 1.04174 -13 1168 1 0 1
-14.2437 -9.9096 325.556 -2.96974 -2.0894 64.8591 2.43047 -13 1169 1 0 1
103.586 -32.9148 325.556 17.9613 -6.05567 55.6627 3.13825 -13 1170 1 0 1
66.3802 -10.3693 325.556 10.0411 -1.5788 47.6228 3.01094 -13 1171 1 0 1
-8.2628 -83.4554 325.556 -1.04448 -13.9756 50.6067 1.05946 -13 1172 1 0 1
-35.777 0.216398 325.556 -8.1357 -0.416351 69.8514 0.0129368 -13 1173 1 0 1
29.1297 68.9893 325.556 5.41582 13.2495 59.3161 2.34144 -13 1174 1 0 1
8.70071 -5.91788 325.556 1.59941 -1.70134 74.5129 1.77419 -13 1175 1 0 1
12.5986 8.6544 325.556 2.44768 1.76356 74.2472 3.29832 -13 1176 1 0 1
81.2347 1.99134 325.556 17.1252 0.480879 69.5208 3.16313 -13 1177 1 0 1
12.8272 4.67569 325.556 2.55914 0.792603 75.695 5.9864 -13 1178 1 0 1
-9.07751 -56.4505 325.556 -1.55024 -10.2497 58.5134 1.08097 -13 1179 1 0 1
44.485 -22.3893 325.556 8.02235 -4.03787 57.2301 2.20613 -13 1180 1 0 1
99.1266 10.716 325.556 19.7787 1.94926 64.9349 4.02427 -13 1181 1 0 1
30.741 -18.43 325.556 5.85665 -3.18411 61.2334 1.88658 -13 1182 1 0 1
8.34394 3.40367 325.556 1.57589 0.154596 56.8505 2.52812 -13 1183 1 0 1
30.1729 -18.9157 325.556 5.70616 -3.32605 60.3576 2.80398 -13 1184 1 0 1
193.738 -58.5754 325.556 32.0145 -10.5479 53.5062 1.87987 -13 1185 1 0 1
41.3687 -14.5887 325.556 7.9411 -3.20874 60.7477 2.57974 -13 1186 1 0 1
-14.3496 8.68186 325.556 -3.98858 2.16382 76.1943 1.44289 -13 1187 1 0 1
0.885948 28.6369 325.556 -0.225591 6.71892 74.7297 -0.475313 -13 1188 1 0 1
-21.4256 -17.004 325.556 -4.22789 -3.53552 63.916 2.3854 -13 1189 1 0 1
10.3143 -48.5131 325.556 1.94352 -8.7818 55.6022 0.736377 -13 1190 1 0 1
-40.6965 -0.374617 325.556 -6.72769 0.448199 54.4002 1.91195 -13 1191 1 0 1
-7.83124 3.2946 325.556 -1.26741 0.485916 57.8459 1.4508 -13 1192 1 0 1
24.8176 -13.6466 325.556 4.36168 -2.45366 54.0621 1.63385 -13 1193 1 0 1
-5.61961 4.64138 325.556 -1.75779 1.6822 74.391 2.21611 -13 1194 1 0 1
64.1134 8.50242 325.556 12.9462 2.09992 65.757 2.9373 -13 1195 1 0 1
24.7558 0.0461871 325.556 5.08983 -0.252885 70.0439 1.99154 -13 1196 1 0 1
54.5749 15.402 325.556 10.1803 2.89264 59.9623 0.756385 -13 1197 1 0 1
26.6835 -59.2668 325.556 5.68648 -15.3758 78.7986 2.45833 -13 1198 1 0 1
-21.7289 -51.6287 325.556 -4.52312 -11.238 65.0662 0.957977 -13 1199 1 0 1
-52.8485 25.8048 325.556 -10.6496 5.97755 64.756 1.7778 -13 1200 1 0 1
37.8284 1.48354 325.556 7.06705 0.40149 60.4938 1.29969 -13 1201 1 0 1
4.06668 -20.9582 325.556 0.807888 -3.3708 45.0531 -0.360575 -13 1202 1 0 1
-42.3362 33.3055 325.556 -9.36232 7.75669 69.2805 -0.46649 -13 1203 1 0 1
25.0704 11.7404 325.556 4.85016 2.40465 61.7771 3.46258 -13 1204 1 0 1
-21.1365 -71.5763 325.556 -5.64628 -18.1883 75.8446 2.13197 -13 1205 1 0 1
1.90742 -7.61901 325.556 0.447698 -1.1492 60.0377 0.873426 -13 1206 1 0 1
-32.5965 -28.2871 325.556 -3.15267 -3.0045 33.2895 4.7958 -13 1207 1 0 1
91.9808 -44.4456 325.556 16.7325 -8.37589 58.9242 2.8754 -13 1208 1 0 1
-33.8 23.9223 325.556 -9.45439 5.78965 78.4106 -0.0663661 -13 1209 1 0 1
-90.8062 -17.5998 325.556 -18.1628 -3.39959 64.0418 3.3622 -13 1210 1 0 1
21.1298 -6.19065 325.556 4.26948 -0.963793 79.4143 1.3145 -13 1211 1 0 1
-23.3816 -2.68878 325.556 -5.38075 -0.288217 70.4848 0.247587 -13 1212 1 0 1
-53.9482 56.4834 325.556 -7.82053 9.20481 48.3794 0.433741 -13 1213 1 0 1
-8.47504 25.0137 325.556 -2.60613 6.56629 77.24 2.97856 -13 1214 1 0 1
-8.53029 -10.7616 325.556 -2.26854 -2.32348 72.1035 1.97332 -13 1215 1 0 1
17.6311 23.4378 325.556 3.27849 4.70673 58.6362 0.612692 -13 1216 1 0 1
98.4179 31.5126 325.556 18.8893 6.40239 61.8955 4.00723 -13 1217 1 0 1
-0.0277414 117.681 325.556 -0.102592 23.671 62.4631 1.8235 -13 1218 1 0 1
65.4276 -5.2125 325.556 12.0401 -1.30284 59.3538 3.40134 -13 1219 1 0 1
-56.8639 -70.271 325.556 -13.1624 -16.7814 71.5483 3.55719 -13 1220 1 0 1
-70.3956 13.3045 325.556 -11.0573 1.92625 51.6398 0.773453 -13 1221 1 0 1
-31.1415 26.3974 325.556 -4.49514 3.71683 48.6202 1.31217 -13 1222 1 0 1
22.0673 -83.2518 325.556 4.1122 -16.1049 59.6792 3.90314 -13 1223 1 0 1
-38.8905 -44.3401 325.556 -7.97051 -9.54539 65.0885 2.89049 -13 1224 1 0 1
-34.0818 26.1991 325.556 -9.14039 7.35058 78.6136 2.86203 -13 1225 1 0 1
-14.2827 -24.7376 325.556 -3.55425 -5.20036 71.5453 0.482923 -13 1226 1 0 1
48.7727 17.5615 325.556 7.79851 3.14501 49.4246 4.44608 -13 1228 1 0 1
6.28103 -44.9859 325.556 1.20181 -9.84746 68.8316 -0.566491 -13 1229 1 0 1
-25.6622 21.6285 325.556 -7.2836 5.65263 79.8351 0.623821 -13 1230 1 0 1
2.01317 -29.5736 325.556 0.582517 -5.57881 56.4499 -0.301604 -13 1231 1 0 1
35.1821 35.0063 325.556 5.86238 6.28046 53.5324 1.33867 -13 1232 1 0 1
-18.7984 -30.0656 325.556 -2.84181 -5.23281 52.8168 2.82049 -13 1233 1 0 1
-35.7992 -93.0036 325.556 -5.16198 -15.0121 48.4544 1.23475 -13 1234 1 0 1
-11.8155 -2.89434 325.556 -2.43735 -1.21876 65.06 3.44257 -13 1235 1 0 1
-28.4255 -17.0422 325.556 -5.92258 -3.54022 66.029 1.40083 -13 1236 1 0 1
9.33203 31.1186 325.556 1.91983 6.43458 58.8611 2.69678 -13 1237 1 0 1
47.6242 -7.5225 325.556 10.5223 -1.52337 73.9189 1.84172 -13 1238 1 0 1
5.72989 54.4929 325.556 1.01981 11.3693 62.9851 3.64553 -13 1239 1 0 1
-39.9039 -24.5516 325.556 -8.60112 -5.32891 67.8439 3.55723 -13 1240 1 0 1
-20.4297 -25.2187 325.556 -5.02912 -6.33204 73.0479 -1.36433 -13 1241 1 0 1
9.76471 12.7065 325.556 1.96718 2.82441 64.9964 2.91769 -13 1242 1 0 1
-3.42206 -37.4209 325.556 -0.59479 -7.16742 61.2532 2.70559 -13 1243 1 0 1
43.989 28.665 325.556 9.36026 6.9242 71.776 1.04557 -13 1244 1 0 1
-0.458437 -39.7866 325.556 0.00693311 -8.27427 63.8947 3.3212 -13 1245 1 0 1
-49.7161 -65.0869 325.556 -5.67362 -8.24551 39.4952 2.83349 -13 1246 1 0 1
-33.4022 32.341 325.556 -7.5194 7.3145 69.7355 1.34231 -13 1247 1 0 1
-19.3098 77.746 325.556 -3.5643 14.7412 59.2632 1.72584 -13 1248 1 0 1
-37.1763 33.8531 325.556 -7.45044 7.34217 63.935 2.08272 -13 1249 1 0 1
12.9553 -60.5815 325.556 2.50485 -11.5526 58.7013 2.58674 -13 1250 1 0 1
135.414 -49.5554 325.556 23.9834 -9.4538 57.4355 1.65704 -13 1251 1 0 1
35.0798 17.638 325.556 6.68439 3.43167 60.0698 2.40641 -13 1252 1 0 1
-33.6957 -15.033 325.556 -6.56511 -3.26104 63.104 3.17718 -13 1253 1 0 1
3.2107 2.47648 325.556 0.437068 0.683396 71.2838 1.15628 -13 1254 1 0 1
58.1591 49.1884 325.556 9.26952 8.04185 49.8064 3.85975 -13 1255 1 0 1
51.0732 54.4086 325.556 10.1683 11.2231 63.7199 4.19619 -13 1256 1 0 1
27.4722 40.2533 325.556 5.44592 7.7125 63.6765 2.47904 -13 1257 1 0 1
5.9107 -31.3282 325.556 1.28038 -5.29681 50.7742 3.60109 -13 1258 1 0 1
85.182 45.642 325.556 12.914 7.04047 48.2649 2.64648 -13 1259 1 0 1
-77.5541 52.6661 325.556 -11.7226 8.63659 49.6459 0.130657 -13 1260 1 0 1
38.9212 -7.78754 325.556 7.3029 -1.16464 60.9996 1.95976 -13 1261 1 0 1
-40.279 72.2216 325.556 -8.61617 15.8488 67.0832 0.843739 -13 1262 1 0 1
99.3612 63.408 325.556 15.0441 10.331 48.5032 2.75993 -13 1263 1 0 1
31.4019 42.6567 325.556 6.0493 8.43494 61.141 2.32178 -13 1264 1 0 1
-74.3926 10.7543 325.556 -14.6356 2.15734 63.0881 1.92779 -13 1265 1 0 1
-36.1192 2.41173 325.556 -8.2716 0.815954 71.4956 3.39213 -13 1266 1 0 1
39.5114 -66.9971 325.556 5.34105 -9.05415 41.511 2.46482 -13 1267 1 0 1
-5.04965 -14.6324 325.556 -0.813591 -3.01565 61.8848 4.38843 -13 1268 1 0 1
-64.9398 10.1682 325.556 -14.3561 2.21505 69.4115 1.14883 -13 1269 1 0 1
-22.593 -31.58 325.556 -5.35469 -7.92538 71.3037 2.51424 -13 1270 1 0 1
-50.2178 -29.3206 325.556 -9.87199 -6.20309 63.4938 0.592967 -13 1271 1 0 1
41.02 50.0179 325.556 6.82684 8.28322 52.0402 3.22953 -13 1272 1 0 1
20.5089 -40.0241 325.556 3.8263 -7.59052 56.8325 1.21202 -13 1273 1 0 1
-14.4494 59.9751 325.556 -3.64066 14.1183 71.3558 2.10621 -13 1274 1 0 1
-31.0064 -38.3785 325.556 -5.07663 -6.66648 54.1909 2.0929 -13 1275 1 0 1
97.4319 54.4908 325.556 13.8457 8.29526 45.2138 3.50393 -13 1276 1 0 1
-2.26883 11.3771 325.556 -0.307861 2.7517 59.4528 2.88802 -13 1277 1 0 1
12.2849 -48.6286 325.556 2.05355 -7.79465 47.5941 1.52472 -13 1278 1 0 1
-0.0409999 27.4101 325.556 -0.011845 5.17177 63.6865 2.55912 -13 1279 1 0 1
3.71625 21.7877 325.556 0.577309 5.77777 69.9409 2.64094 -13 1280 1 0 1
25.2947 52.5589 325.556 4.29821 8.40066 51.0516 1.97801 -13 1281 1 0 1
21.124 -0.486692 325.556 4.39727 0.362433 73.9181 0.93876 -13 1282 1 0 1
-68.0204 -23.8998 325.556 -13.0692 -4.9312 61.5046 2.89533 -13 1283 1 0 1
51.8848 -18.3535 325.556 8.89105 -2.89556 54.2266 1.08859 -13 1284 1 0 1
-3.84728 -49.4609 325.556 -1.0115 -10.7101 67.572 2.51428 -13 1285 1 0 1
-40.4233 -11.2184 325.556 -7.94505 -1.87929 63.9718 0.856938 -13 1286 1 0 1
1.04281 2.92971 325.556 0.437599 0.446107 57.7754 0.343703 -13 1287 1 0 1
48.6583 8.81324 325.556 7.85365 1.45665 50.3764 2.24101 -13 1288 1 0 1
35.0317 -7.20542 325.556 6.57576 -1.00175 59.1162 0.352752 -13 1289 1 0 1
-54.5507 9.91077 325.556 -12.4913 1.36558 71.562 2.46312 -13 1290 1 0 1
41.6801 22.5806 325.556 8.29945 5.04846 64.2028 0.250473 -13 1291 1 0 1
-23.5098 -56.5053 325.556 -3.73814 -9.5856 53.7254 2.98595 -13 1292 1 0 1
9.82849 -25.3185 325.556 0.546554 -1.37701 13.95 6.79456 -13 1293 1 0 1
12.6608 12.6276 325.556 2.50949 3.11312 64.7063 1.94996 -13 1294 1 0 1
34.7485 32.008 325.556 4.73497 4.32169 42.2462 2.10003 -13 1295 1 0 1
-5.76277 -36.3118 325.556 -1.93825 -9.72332 75.5239 2.9352 -13 1296 1 0 1
0.946351 49.5635 325.556 0.304989 9.14221 56.9016 1.19733 -13 1297 1 0 1
-6.92468 27.0531 325.556 -1.15074 4.95247 57.675 2.38417 -13 1298 1 0 1
35.1396 -4.54441 325.556 3.72849 -0.664052 32.7352 1.85724 -13 1299 1 0 1
61.5341 38.0372 325.556 13.4927 9.44167 72.6378 2.03224 -13 1300 1 0 1
34.1267 27.1107 325.556 7.56079 6.98561 78.3335 1.97962 -13 1301 1 0 1
-11.0564 -24.5682 325.556 -1.69616 -4.74564 54.8086 3.00652 -13 1302 1 0 1
-13.787 -25.5846 325.556 -2.53519 -4.79547 60.7474 2.30272 -13 1303 1 0 1
-22.4219 61.7124 325.556 -3.14338 10.3434 49.869 2.82686 -13 1304 1 0 1
2.89885 -16.4201 325.556 0.2485 -4.30483 73.1649 1.518 -13 1305 1 0 1
41.7861 -14.1617 325.556 7.13594 -2.8361 53.0029 2.14238 -13 1306 1 0 1
17.9437 57.6879 325.556 2.88013 8.84173 47.9129 1.93738 -13 1308 1 0 1
-8.0554 -12.9735 325.556 -2.3222 -3.242 73.5708 0.0773525 -13 1309 1 0 1
-36.0625 -50.5854 325.556 -9.62602 -13.2074 78.2859 -0.112924 -13 1310 1 0 1
-13.8669 75.8205 325.556 -3.5796 18.2796 72.7136 3.18843 -13 1311 1 0 1
-10.2238 -36.2208 325.556 -2.40918 -8.31368 68.81 0.736465 -13 1313 1 0 1
-22.4079 -18.3166 325.556 -3.07258 -2.8224 47.1554 3.66746 -13 1314 1 0 1
10.8974 -51.536 325.556 2.05594 -10.0039 57.2789 2.48583 -13 1315 1 0 1
-13.3374 -42.6466 325.556 -3.1247 -9.09688 69.3411 1.36276 -13 1316 1 0 1
-12.009 13.397 325.556 -2.98847 3.48953 73.0368 1.1704 -13 1317 1 0 1
-18.777 4.47035 325.556 -2.14335 0.306495 41.3757 1.79913 -13 1318 1 0 1
-9.71362 -89.1403 325.556 -1.95234 -18.8763 64.0353 3.66665 -13 1319 1 0 1
1.18485 -56.4849 325.556 0.440049 -8.83219 47.7933 3.45477 -13 1320 1 0 1
13.658 -63.5623 325.556 2.17969 -9.9327 47.4427 1.35183 -13 1321 1 0 1
39.032 18.8749 325.556 7.26775 3.34392 57.871 3.6224 -13 1322 1 0 1
3.58242 20.8828 325.556 0.482064 4.87939 74.7741 1.16518 -13 1323 1 0 1
18.4279 56.2848 325.556 3.62518 11.4794 63.4739 2.75027 -13 1324 1 0 1
-11.3865 -74.1209 325.556 -2.54068 -16.3555 67.3627 4.15765 -13 1325 1 0 1
-33.5388 19.3018 325.556 -7.53695 3.94332 69.5773 -0.786299 -13 1326 1 0 1
11.9627 11.14 325.556 2.2874 1.83616 60.4389 1.77664 -13 1327 1 0 1
31.6261 -49.6613 325.556 6.40103 -10.8123 66.7759 1.6245 -13 1328 1 0 1
-16.6718 -18.7527 325.556 -2.39073 -3.28574 52.2934 1.46736 -13 1329 1 0 1
23.7631 -12.0714 325.556 4.54895 -2.81884 61.9763 4.66286 -13 1330 1 0 1
13.496 -2.44574 325.556 2.747 -0.748492 72.1549 1.18061 -13 1331 1 0 1
-48.8371 -59.1169 325.556 -7.37926 -9.6025 50.1972 2.44654 -13 1332 1 0 1
4.97218 32.8086 325.556 0.971412 7.35138 66.4711 4.16447 -13 1333 1 0 1
-14.1406 10.7734 325.556 -2.96862 2.36372 64.8661 0.500578 -13 1334 1 0 1
28.4136 -38.0237 325.556 4.87546 -6.00848 51.9368 0.77038 -13 1335 1 0 1
-21.7366 -19.852 325.556 -3.22147 -2.89215 50.5663 2.00115 -13 1336 1 0 1
39.2768 -22.727 325.556 8.4197 -5.54834 73.0615 1.20638 -13 1338 1 0 1
-6.10135 56.5423 325.556 -1.0196 11.0013 59.7803 2.56054 -13 1339 1 0 1
-29.5056 54.6873 325.556 -7.25918 13.5869 74.2223 1.4047 -13 1340 1 0 1
-45.8413 -48.2613 325.556 -9.49795 -10.5313 65.5425 2.21597 -13 1341 1 0 1
-9.84146 38.1479 325.556 -1.45645 6.82598 53.4044 2.62939 -13 1342 1 0 1
56.6724 33.5544 325.556 9.14701 5.72575 51.0638 0.479222 -13 1343 1 0 1
-6.18892 -1.83986 325.556 -2.23409 -0.540174 78.8005 2.45147 -13 1344 1 0 1
83.9671 2.6013 325.556 14.6656 0.727389 56.0829 2.55949 -13 1345 1 0 1
11.3963 34.4458 325.556 2.19545 5.96913 53.987 3.56257 -13 1346 1 0 1
-11.5023 -27.4532 325.556 -2.06075 -5.89347 60.7777 2.58605 -13 1347 1 0 1
-30.6537 7.17706 325.556 -8.01479 2.21235 77.3227 2.90688 -13 1348 1 0 1
-36.8537 -25.5199 325.556 -9.50126 -6.73717 77.0647 0.662669 -13 1349 1 0 1
4.82671 100.835 325.556 0.440552 25.0886 76.6931 1.16813 -13 1350 1 0 1
51.1778 -171.927 325.556 3.11761 -11.4427 19.5914 8.05792 -13 1351 1 0 1
-9.67378 -64.0661 325.556 -2.25266 -14.1319 68.3427 2.8013 -13 1352 1 0 1
-52.8172 81.6321 325.556 -8.03877 13.1402 49.9042 1.95762 -13 1354 1 0 1
-20.1592 29.3125 325.556 -4.03112 6.15998 65.0416 2.86946 -13 1355 1 0 1
7.38962 19.059 325.556 1.42124 4.19924 68.0205 2.25934 -13 1356 1 0 1
6.65904 -35.5494 325.556 1.32224 -7.38383 64.9837 1.70586 -13 1357 1 0 1
31.5692 -9.32661 325.556 5.14453 -1.5583 48.9607 0.341088 -13 1358 1 0 1
41.8125 -12.8063 325.556 6.39288 -1.78094 47.3268 1.56926 -13 1359 1 0 1
36.3585 41.767 325.556 8.02101 10.4625 77.6202 0.146566 -13 1360 1 0 1
14.3216 -55.069 325.556 2.74938 -11.1374 60.2113 2.11213 -13 1361 1 0 1
-5.23949 -49.4775 325.556 -0.847152 -9.48569 58.7063 3.99917 -13 1362 1 0 1
29.4581 -68.6142 325.556 5.95327 -14.9535 68.0788 0.761723 -13 1363 1 0 1
-15.6688 13.0344 325.556 -3.19292 3.12775 65.6379 3.24277 -13 1364 1 0 1
-1.0123 1.35781 325.556 -0.0102186 -0.151875 61.3468 0.887504 -13 1365 1 0 1
-35.6976 -40.5768 325.556 -9.20771 -8.8965 77.4529 3.48434 -13 1367 1 0 1
-30.1225 17.0748 325.556 -5.16044 3.17506 56.8371 2.41567 -13 1368 1 0 1
38.3198 -22.1313 325.556 8.25926 -5.25012 70.677 1.74163 -13 1369 1 0 1
218.36 -21.6949 325.556 21.6206 -2.52108 32.6778 3.61765 -13 1370 1 0 1
0.854046 64.854 325.556 0.0832513 13.9638 65.2252 2.14391 -13 1371 1 0 1
-43.0309 -39.483 325.556 -10.6062 -9.72875 75.1561 1.62326 -13 1372 1 0 1
11.7976 50.7819 325.556 2.28339 9.23112 58.2759 2.10438 -13 1373 1 0 1
4.02422 -22.7437 325.556 0.608347 -5.11593 67.4756 2.00972 -13 1374 1 0 1
2.01118 42.0121 325.556 0.30277 8.728 63.9291 1.18163 -13 1375 1 0 1
-37.4727 -18.7638 325.556 -6.45579 -3.77857 56.7553 0.430531 -13 1376 1 0 1
30.7867 5.66218 325.556 6.5429 1.59789 70.3065 2.70891 -13 1377 1 0 1
-17.58 -23.1791 325.556 -3.42296 -5.12716 63.1076 3.52691 -13 1378 1 0 1
-24.6414 37.5124 325.556 -6.39671 8.91798 75.3262 0.213246 -13 1379 1 0 1
-53.8427 20.3846 325.556 -11.4188 4.23927 67.4415 1.63966 -13 1380 1 0 1
-48.9393 -42.0877 325.556 -8.46662 -7.88979 57.1059 3.57487 -13 1381 1 0 1
29.4954 4.42629 325.556 6.22387 1.19514 70.0068 1.24552 -13 1382 1 0 1
75.2988 13.5839 325.556 9.60993 1.44822 40.1678 4.31363 -13 1383 1 0 1
9.282 70.3344 325.556 1.74263 12.2005 52.7572 1.91233 -13 1384 1 0 1
19.0214 0.551478 325.556 3.72204 0.124224 62.6594 2.56124 -13 1385 1 0 1
41.7718 5.18456 325.556 7.42178 0.893613 55.804 3.32829 -13 1386 1 0 1
-56.0735 -51.9641 325.556 -9.9282 -9.11632 57.216 1.16459 -13 1387 1 0 1
-12.9107 -2.79689 325.556 -3.2614 -1.16471 72.9953 3.35867 -13 1388 1 0 1
133.743 11.7976 325.556 13.8968 1.05424 33.4447 3.29379 -13 1390 1 0 1
-54.1639 -10.2514 325.556 -7.89535 -1.59172 48.669 3.59561 -13 1391 1 0 1
26.0941 -75.1515 325.556 4.95846 -14.43 59.1228 1.9171 -13 1392 1 0 1
8.08178 -15.414 325.556 1.5545 -3.2977 65.9358 0.363961 -13 1394 1 0 1
2.73749 6.76698 325.556 0.486899 1.79567 66.5695 1.84335 -13 1395 1 0 1
64.1943 -50.7193 325.556 13.4122 -11.5411 69.014 -0.107025 -13 1396 1 0 1
-4.51299 23.2995 325.556 -1.63728 5.37267 76.3563 4.41046 -13 1397 1 0 1
-27.124 -10.3038 325.556 -3.71696 -1.2267 46.606 2.13003 -13 1398 1 0 1
59.7507 13.524 325.556 8.09729 1.50343 42.7473 2.18455 -13 1399 1 0 1
49.1024 -66.4439 325.556 9.17563 -12.6119 59.9923 2.66785 -13 1400 1 0 1
-46.1263 -27.4306 325.556 -8.18804 -5.06221 57.8493 2.33657 -13 1401 1 0 1
-80.3326 31.3859 325.556 -11.3138 5.14423 46.6024 2.77117 -13 1402 1 0 1
47.1484 13.2989 325.556 7.9741 2.11944 52.1173 4.01824 -13 1403 1 0 1
3.72958 -38.9562 325.556 0.734645 -7.85279 62.5952 0.949424 -13 1404 1 0 1
112.026 5.13858 325.556 22.3613 1.06331 64.8625 3.10017 -13 1405 1 0 1
34.7975 19.6203 325.556 6.75777 4.30406 62.5238 5.18596 -13 1406 1 0 1
-8.39734 -11.5958 325.556 -1.36426 -2.23953 57.8226 3.76839 -13 1407 1 0 1
-10.5134 13.9703 325.556 -2.54078 3.2646 70.6767 2.23627 -13 1408 1 0 1
-72.1926 28.845 325.556 -11.8798 5.13358 53.7546 1.61891 -13 1409 1 0 1
18.5017 -41.2546 325.556 3.39309 -7.27387 54.0849 2.31899 -13 1410 1 0 1
-19.2668 8.58205 325.556 -3.19785 1.45053 56.1863 1.08475 -13 1411 1 0 1
-125.596 -36.7963 325.556 -18.1845 -5.10161 47.3245 3.54028 -13 1412 1 0 1
-26.2875 23.4065 325.556 -5.79285 4.54722 68.6093 0.936214 -13 1413 1 0 1
5.89561 -46.5352 325.556 1.27586 -8.65126 53.7959 4.06886 -13 1414 1 0 1
13.2932 -39.4565 325.556 2.55417 -8.04524 62.9853 4.19796 -13 1415 1 0 1
-34.7729 -31.1616 325.556 -7.44714 -7.26062 67.5834 2.93114 -13 1416 1 0 1
46.1306 7.17272 325.556 9.98519 1.80062 72.0385 -0.435331 -13 1417 1 0 1
12.9186 15.4451 325.556 1.60928 1.70547 34.2183 2.71418 -13 1419 1 0 1
-13.689 -29.8151 325.556 -3.78119 -7.4977 76.5504 2.79839 -13 1420 1 0 1
16.8325 4.73747 325.556 3.42955 1.8424 79.3699 0.765646 -13 1422 1 0 1
-26.0222 1.1641 325.556 -4.04301 0.528848 52.597 2.03852 -13 1423 1 0 1
14.4271 12.7524 325.556 2.8195 2.7011 60.2779 0.296977 -13 1424 1 0 1
20.4459 -25.8382 325.556 4.09809 -6.01395 68.7422 0.57478 -13 1425 1 0 1
28.8077 -25.5058 325.556 4.94478 -4.42416 54.0048 0.367051 -13 1426 1 0 1
3.87077 35.9543 325.556 0.763953 5.61337 47.4975 5.13442 -13 1427 1 0 1
19.2478 -86.6175 325.556 3.76437 -19.0393 66.6993 4.65788 -13 1428 1 0 1
-52.2172 -7.43459 325.556 -12.7285 -1.94272 75.2094 3.84146 -13 1429 1 0 1
22.7304 -21.0101 325.556 4.78009 -5.40495 72.1108 2.2476 -13 1430 1 0 1
-27.4221 -2.10687 325.556 -6.86781 -1.31388 74.5032 2.09125 -13 1431 1 0 1
31.8715 -11.5215 325.556 6.30415 -2.07797 63.5868 3.6303 -13 1432 1 0 1
-59.2716 43.2652 325.556 -14.8087 11.032 76.9601 0.84248 -13 1433 1 0 1
-59.769 -83.6606 325.556 -5.34693 -8.50901 30.1387 5.67885 -13 1434 1 0 1
35.5407 37.2717 325.556 6.92318 7.59135 62.7084 3.88116 -13 1435 1 0 1
52.8487 -74.4926 325.556 9.87879 -14.6815 60.1733 2.94739 -13 1436 1 0 1
4.2283 26.8271 325.556 0.8286 5.3971 62.334 1.88418 -13 1437 1 0 1
-11.0309 17.571 325.556 -2.10633 3.52481 61.8833 2.22011 -13 1438 1 0 1
8.12301 -38.6088 325.556 1.5438 -7.88073 61.1402 0.291111 -13 1440 1 0 1
-19.0104 22.2566 325.556 -4.85209 5.4057 74.038 2.42926 -13 1441 1 0 1
5.53255 -11.4926 325.556 1.1188 -2.44383 62.8199 2.05581 -13 1442 1 0 1
21.1999 -21.1934 325.556 4.37613 -5.1773 70.5092 4.53663 -13 1443 1 0 1
-5.24408 -82.0181 325.556 -0.74754 -14.4127 53.4168 3.20626 -13 1444 1 0 1
35.169 -1.09163 325.556 6.75339 -0.53808 61.6764 1.60017 -13 1445 1 0 1
-55.9654 -23.6722 325.556 -14.3795 -5.51248 78.1847 3.63025 -13 1446 1 0 1
11.4734 16.6308 325.556 2.15695 3.26071 58.5409 0.388427 -13 1447 1 0 1
-0.600954 43.8106 325.556 -0.36968 9.7568 69.9166 1.22658 -13 1448 1 0 1
52.3939 12.3696 325.556 10.3932 2.46738 63.9779 0.781861 -13 1449 1 0 1
-7.41564 -1.89602 325.556 -2.0795 -0.219466 73.4424 0.595533 -13 1450 1 0 1
35.1765 65.6582 325.556 7.55278 15.9982 73.3922 1.54636 -13 1451 1 0 1
3.66129 -14.7796 325.556 0.515071 -3.1499 72.755 0.0143204 -13 1452 1 0 1
26.1986 -10.7366 325.556 4.46293 -1.99191 53.5848 1.60401 -13 1453 1 0 1
125.27 -78.7333 325.556 11.6569 -7.96754 30.4508 5.56396 -13 1454 1 0 1
80.8808 26.8134 325.556 14.3584 4.98763 57.3771 1.73486 -13 1455 1 0 1
-37.9412 -27.0543 325.556 -9.57638 -6.84204 75.9154 1.96701 -13 1456 1 0 1
45.756 -28.1136 325.556 9.63618 -6.65511 69.357 1.98918 -13 1457 1 0 1
29.6193 -66.1694 325.556 5.47189 -12.4941 57.1907 4.12338 -13 1458 1 0 1
94.1037 101.139 325.556 6.90222 7.86968 24.1125 5.55846 -13 1459 1 0 1
-53.2121 -1.10741 325.556 -11.2228 -0.365102 66.7641 0.29849 -13 1460 1 0 1
-88.5833 12.8801 325.556 -14.7681 1.91193 54.2687 3.61792 -13 1461 1 0 1
-29.1029 -6.30724 325.556 -5.80221 -0.901294 64.5066 1.48744 -13 1462 1 0 1
-38.6585 47.3825 325.556 -8.70629 10.7613 69.716 3.98652 -13 1463 1 0 1
62.2528 73.8929 325.556 9.85 12.2239 50.2207 2.88298 -13 1464 1 0 1
-23.9539 32.2245 325.556 -5.74303 7.38047 71.9659 0.11211 -13 1465 1 0 1
-30.7886 31.3387 325.556 -6.87551 7.01898 68.8987 0.791439 -13 1466 1 0 1
-51.2527 -69.1651 325.556 -11.921 -16.5324 71.9096 1.46178 -13 1467 1 0 1
37.5004 -43.1126 325.556 7.96895 -10.4105 71.7364 1.18615 -13 1468 1 0 1
-37.7702 -6.92259 325.556 -6.79239 -1.38148 58.806 0.806108 -13 1469 1 0 1
-40.9584 34.6107 325.556 -7.89051 6.79785 61.5838 2.03838 -13 1470 1 0 1
8.47961 62.5494 325.556 1.35981 14.9121 73.8561 2.02087 -13 1471 1 0 1
106.812 -33.2492 325.556 15.371 -5.00691 46.0961 2.54278 -13 1472 1 0 1
-66.4835 -17.3683 325.556 -14.0183 -3.73085 66.8326 2.66045 -13 1473 1 0 1
4.33104 25.0695 325.556 0.829596 5.65458 65.1526 1.79725 -13 1474 1 0 1
11.6748 25.7991 325.556 2.24298 5.50454 74.5881 1.72351 -13 1475 1 0 1
-52.28 -63.491 325.556 -11.9356 -14.5878 71.3031 1.44852 -13 1476 1 0 1
-18.8502 -42.8863 325.556 -3.47488 -9.10359 61.9105 2.41814 -13 1477 1 0 1
18.971 -32.9781 325.556 3.87941 -7.45934 70.0401 1.61477 -13 1478 1 0 1
-38.8893 -33.0354 325.556 -8.38408 -7.48689 68.1259 0.813429 -13 1479 1 0 1
-53.5963 -27.9926 325.556 -11.7185 -6.4007 68.7981 2.13112 -13 1480 1 0 1
-18.0074 16.3489 325.556 -4.55789 4.35961 73.2708 1.15139 -13 1481 1 0 1
35.2495 8.9182 325.556 7.19759 1.34556 67.9652 3.09371 -13 1483 1 0 1
21.3392 -1.69047 325.556 4.49509 -0.42277 73.0922 2.50211 -13 1484 1 0 1
47.8245 29.4129 325.556 7.693 4.97383 50.6406 2.39678 -13 1485 1 0 1
-13.3798 -19.8636 325.556 -2.65083 -4.51829 64.7282 2.24485 -13 1486 1 0 1
12.9056 -21.7538 325.556 2.4564 -5.79156 74.0786 2.0216 -13 1487 1 0 1
-31.399 5.66495 325.556 -6.81697 1.39134 67.9417 3.03458 -13 1488 1 0 1
-13.4381 80.025 325.556 -2.39918 15.9532 59.569 -0.184584 -13 1489 1 0 1
-18.4633 40.2203 325.556 -4.43882 9.14009 72.2199 2.32536 -13 1490 1 0 1
-37.3331 34.432 325.556 -7.68997 7.33381 65.3102 1.79027 -13 1491 1 0 1
-12.9122 -4.48031 325.556 -2.69987 -0.727496 66.032 2.92533 -13 1492 1 0 1
-51.7099 -33.9227 325.556 -6.87648 -5.14476 44.8155 2.71066 -13 1493 1 0 1
-7.11407 -1.36413 325.556 -2.51079 -0.295507 79.6113 2.95021 -13 1494 1 0 1
-46.4471 -58.9299 325.556 -12.4563 -15.4079 78.1717 1.58755 -13 1495 1 0 1
-5.8746 -28.8031 325.556 -0.828967 -5.39542 57.0757 2.48492 -13 1496 1 0 1
52.9497 16.3049 325.556 10.9152 2.97584 67.1342 1.45432 -13 1497 1 0 1
-28.3849 -34.5465 325.556 -5.16091 -6.50777 59.3975 5.91096 -13 1498 1 0 1
3.7963 -15.8935 325.556 0.890698 -3.05854 58.3496 5.08797 -13 1499 1 0 1
62.5097 111.296 325.556 10.6043 19.604 54.3137 3.57698 -13 1500 1 0 1
8.34312 8.81818 325.556 1.63087 1.69838 63.4297 -0.0867477 -13 1501 1 0 1
49.536 -32.5765 325.556 8.77419 -5.81674 55.7446 0.512427 -13 1502 1 0 1
22.9933 19.814 325.556 4.86671 4.53616 74.1589 2.847 -13 1504 1 0 1
-5.09559 11.9871 325.556 -1.38315 2.52577 71.1561 4.25385 -13 1505 1 0 1
-13.6329 -39.1106 325.556 -2.74195 -8.00826 64.707 0.131882 -13 1506 1 0 1
29.3671 -0.355451 325.556 5.75268 0.160593 63.3507 1.01723 -13 1507 1 0 1
2.22811 -17.9091 325.556 0.577176 -3.84619 61.5394 2.63183 -13 1508 1 0 1
49.2972 4.42671 325.556 8.17505 0.619958 51.8082 2.67343 -13 1509 1 0 1
-61.5359 -25.332 325.556 -15.747 -5.58918 78.0374 1.66826 -13 1510 1 0 1
-30.7058 -73.769 325.556 -5.83626 -14.4709 61.7279 1.53573 -13 1511 1 0 1
-68.0165 -72.2759 325.556 -15.4297 -16.2764 70.9397 2.25918 -13 1512 1 0 1
-19.2786 -24.5427 325.556 -5.41525 -5.61718 77.4953 2.13821 -13 1513 1 0 1
-83.6327 18.467 325.556 -19.8869 4.31545 74.403 0.304508 -13 1514 1 0 1
36.219 -35.7064 325.556 6.8603 -6.72967 60.5317 2.66153 -13 1515 1 0 1
37.4198 27.4835 325.556 7.87727 6.28512 69.1529 1.94122 -13 1516 1 0 1
23.6554 15.1779 325.556 4.22492 2.46562 54.5576 2.77894 -13 1517 1 0 1
8.4437 95.8339 325.556 1.58727 15.6139 51.1043 2.30004 -13 1518 1 0 1
10.9262 -46.4751 325.556 2.20152 -10.2157 63.0928 0.513954 -13 1519 1 0 1
28.8917 60.8541 325.556 5.65079 12.3817 63.1527 2.18284 -13 1520 1 0 1
47.0193 -3.60283 325.556 6.14467 -0.196037 41.4225 1.33978 -13 1521 1 0 1
-19.7881 32.2979 325.556 -3.29227 5.89717 55.9558 4.3648 -13 1522 1 0 1
-25.7853 -54.8974 325.556 -5.53183 -11.9286 66.6185 1.26021 -13 1523 1 0 1
-39.3356 -53.981 325.556 -5.59428 -8.94931 48.1127 1.50158 -13 1524 1 0 1
-17.9884 16.558 325.556 -4.34617 4.45842 72.8244 2.54365 -13 1525 1 0 1
-51.5161 17.3194 325.556 -9.21142 3.10608 59.2505 1.61159 -13 1526 1 0 1
28.4042 -57.1947 325.556 5.4028 -10.7483 59.2704 2.48937 -13 1527 1 0 1
-64.6556 106.871 325.556 -7.41628 13.8621 38.6435 2.35982 -13 1528 1 0 1
24.1595 -47.0674 325.556 3.56085 -6.28929 41.5986 3.17552 -13 1529 1 0 1
-27.5106 -18.829 325.556 -5.7632 -3.94119 66.8226 2.2154 -13 1530 1 0 1
41.0353 -35.0129 325.556 7.9084 -6.7971 61.5572 0.629807 -13 1531 1 0 1
33.8135 25.3006 325.556 6.64361 5.20092 63.4939 1.64779 -13 1532 1 0 1
-6.88833 -24.9644 325.556 -2.1324 -6.64943 75.3187 1.94158 -13 1533 1 0 1
-8.96015 22.787 325.556 -2.15774 4.57351 70.2483 2.24876 -13 1534 1 0 1
-44.5351 49.8701 325.556 -10.5434 11.7425 72.7597 0.336058 -13 1536 1 0 1
-51.4916 0.681881 325.556 -11.4373 -0.159033 69.7802 2.85874 -13 1537 1 0 1
-0.588566 -14.4259 325.556 -0.438728 -3.4353 69.9479 1.4332 -13 1538 1 0 1
-74.7175 9.84673 325.556 -14.7768 2.47628 63.6508 2.55002 -13 1539 1 0 1
-16.4977 72.5827 325.556 -4.31884 17.7415 73.669 1.28273 -13 1540 1 0 1
-42.3628 11.7369 325.556 -8.73964 2.43818 65.983 0.328446 -13 1541 1 0 1
-8.90211 -61.869 325.556 -2.31592 -13.3723 70.9556 0.301367 -13 1542 1 0 1
-51.3749 -73.4687 325.556 -9.44729 -14.8461 59.5468 3.57455 -13 1543 1 0 1
-35.1936 26.2734 325.556 -7.90244 5.87425 69.4816 2.57616 -13 1544 1 0 1
-7.17371 -15.9074 325.556 -1.53304 -3.23028 65.7079 1.67574 -13 1546 1 0 1
18.4413 25.2186 325.556 3.43672 4.84738 58.7067 1.23006 -13 1547 1 0 1
-22.9853 64.2497 325.556 -4.80227 13.6585 65.3115 3.89571 -13 1548 1 0 1
-31.2286 42.5041 325.556 -5.77481 8.448 59.5843 4.02539 -13 1549 1 0 1
1.89918 61.8069 325.556 0.355473 12.7338 63.1435 3.65881 -13 1550 1 0 1
-5.38271 13.7938 325.556 -1.89586 3.76849 76.358 2.9967 -13 1552 1 0 1
74.2239 -3.47205 325.556 10.4057 -0.70056 44.6835 3.15511 -13 1554 1 0 1
-25.8737 3.28474 325.556 -6.73153 0.549887 76.9239 1.1014 -13 1555 1 0 1
12.5598 -31.8041 325.556 2.29536 -5.73953 55.0486 3.15903 -13 1556 1 0 1
2.60181 -52.3284 325.556 0.0339574 -13.0811 74.984 0.894875 -13 1557 1 0 1
-9.41165 -32.7467 325.556 -3.02153 -7.78735 78.0915 1.88891 -13 1558 1 0 1
97.9031 37.6543 325.556 12.3189 5.07525 39.611 1.47259 -13 1559 1 0 1
-19.1625 7.01281 325.556 -5.23797 2.23326 77.4901 2.89982 -13 1560 1 0 1
26.5105 25.7328 325.556 5.55977 6.4782 71.2942 0.0953944 -13 1561 1 0 1
-76.672 -28.3683 325.556 -10.8598 -4.20509 46.603 3.7053 -13 1562 1 0 1
50.6964 6.72379 325.556 7.9391 1.03249 48.9267 4.23299 -13 1563 1 0 1
-24.182 67.8678 325.556 -5.26144 15.1778 67.4513 4.21387 -13 1564 1 0 1
-30.5054 6.9754 325.556 -3.68546 1.00198 42.2497 2.89718 -13 1566 1 0 1
5.9861 -55.9329 325.556 1.18772 -11.6027 63.9045 1.28551 -13 1567 1 0 1
43.282 46.7983 325.556 5.61129 6.08583 40.3497 2.429 -13 1568 1 0 1
-48.4514 31.9325 325.556 -11.5226 7.57613 73.4478 1.74107 -13 1569 1 0 1
41.6459 20.9242 325.556 7.49691 3.92071 56.2356 0.68024 -13 1570 1 0 1
-101.654 -42.2305 325.556 -18.1823 -8.11213 57.8275 1.54834 -13 1571 1 0 1
10.1604 28.8331 325.556 2.01834 6.88531 66.4802 2.84824 -13 1572 1 0 1
-13.7294 -19.3669 325.556 -3.2487 -4.5277 69.9463 3.74985 -13 1573 1 0 1
67.7581 38.6257 325.556 11.1139 6.43176 51.9292 0.935121 -13 1574 1 0 1
1.09928 20.4025 325.556 -0.239023 4.27471 73.6378 1.98317 -13 1575 1 0 1
1.23254 -0.264113 325.556 0.130292 0.241588 64.2243 1.65639 -13 1576 1 0 1
-8.30868 17.0383 325.556 -1.71879 3.76763 64.3837 1.7234 -13 1577 1 0 1
-73.1286 23.6435 325.556 -14.9699 5.06837 65.2235 2.84927 -13 1578 1 0 1
39.0096 47.8147 325.556 7.3815 9.28446 60.4228 1.78367 -13 1579 1 0 1
4.03034 -21.9404 325.556 0.651596 -5.23362 69.6199 1.81336 -13 1580 1 0 1
27.3198 5.74931 325.556 4.1583 0.70226 45.82 1.87373 -13 1581 1 0 1
67.058 14.635 325.556 8.76765 2.08846 40.93 3.58166 -13 1582 1 0 1
5.82335 -50.5075 325.556 1.11477 -6.70764 42.7062 3.68504 -13 1583 1 0 1
-4.77761 -34.9854 325.556 -1.18355 -7.93449 67.2933 3.24495 -13 1584 1 0 1
-16.9452 -11.237 325.556 -3.25034 -2.19818 62.4286 2.17018 -13 1585 1 0 1
35.3733 -4.15142 325.556 7.41928 -0.302554 70.0938 3.48815 -13 1586 1 0 1
-56.3954 4.94244 325.556 -11.6662 1.1994 66.0265 2.68672 -13 1587 1 0 1
-28.344 -31.1154 325.556 -7.5249 -7.72465 78.2605 3.65846 -13 1588 1 0 1
35.7746 13.5667 325.556 7.67492 3.163 72.4198 1.1896 -13 1589 1 0 1
-50.0505 -55.6825 325.556 -9.12597 -10.8466 59.5168 0.777313 -13 1590 1 0 1
-30.0754 -11.4426 325.556 -7.59018 -2.39204 75.17 -0.261325 -13 1591 1 0 1
-32.65 49.1713 325.556 -7.97726 11.8783 73.5779 2.84411 -13 1592 1 0 1
50.1264 72.5108 325.556 10.5209 16.1012 69.9609 3.08602 -13 1593 1 0 1
-3.55118 12.3672 325.556 -0.422562 2.04846 55.7198 4.11348 -13 1594 1 0 1
-61.2101 -56.6123 325.556 -8.72835 -8.61285 47.2754 1.45005 -13 1596 1 0 1
5.41583 12.4572 325.556 0.596574 3.00089 78.6226 4.74279 -13 1597 1 0 1
35.8532 57.0185 325.556 7.50183 13.454 70.4526 2.00392 -13 1598 1 0 1
75.8855 43.3615 325.556 9.47327 5.81066 39.2398 2.24831 -13 1599 1 0 1
-23.0752 16.0046 325.556 -5.96574 3.82167 75.3129 2.49613 -13 1600 1 0 1
-3.68353 52.036 325.556 -0.704783 10.5744 61.6537 2.75227 -13 1601 1 0 1
-34.8889 -13.8973 325.556 -8.25045 -2.93777 72.2289 1.0105 -13 1602 1 0 1
38.0654 -56.9336 325.556 6.74145 -9.97572 55.9083 1.42783 -13 1603 1 0 1
-57.0101 24.6186 325.556 -12.9931 5.64714 71.3998 2.06638 -13 1604 1 0 1
5.24874 -56.6299 325.556 0.597606 -14.0885 77.0111 3.32635 -13 1605 1 0 1
-51.8544 26.3665 325.556 -13.0642 6.45391 76.8497 1.84076 -13 1606 1 0 1
51.8774 10.4902 325.556 10.4236 1.94831 64.6412 2.55569 -13 1607 1 0 1
-12.689 -11.848 325.556 -2.66776 -2.83755 66.191 3.34459 -13 1608 1 0 1
45.866 -1.10891 325.556 7.92156 -0.101719 54.2213 2.79514 -13 1609 1 0 1
23.6109 -74.4686 325.556 2.13267 -6.78581 27.2852 6.00064 -13 1611 1 0 1
1.45941 1.98422 325.556 0.261053 0.69222 64.2917 3.40623 -13 1612 1 0 1
10.3921 -39.338 325.556 2.01769 -8.38555 69.7775 2.47496 -13 1613 1 0 1
71.9255 -10.518 325.556 12.5239 -2.21033 55.423 1.59835 -13 1614 1 0 1
9.11303 -19.1018 325.556 1.60129 -3.05328 49.4924 3.16331 -13 1615 1 0 1
-30.502 72.4821 325.556 -8.04088 17.5661 76.8045 1.73489 -13 1616 1 0 1
-43.7122 -98.7221 325.556 -4.47604 -11.3759 35.2491 2.26058 -13 1617 1 0 1
-54.2141 -42.0112 325.556 -10.4142 -8.64496 62.0519 1.30746 -13 1618 1 0 1
29.9466 -27.735 325.556 5.94061 -6.013 64.1427 -1.32267 -13 1619 1 0 1
19.0819 -5.87191 325.556 3.37111 -1.09432 55.7285 4.1528 -13 1620 1 0 1
-20.9567 25.3253 325.556 -3.04654 4.45979 52.7658 2.43213 -13 1621 1 0 1
-32.4812 38.059 325.556 -8.92199 10.1819 79.5603 2.74709 -13 1622 1 0 1
34.9572 -53.425 325.556 7.20422 -11.9643 68.8772 2.88699 -13 1623 1 0 1
7.09118 -13.8592 325.556 1.33309 -2.18887 47.5481 0.730686 -13 1624 1 0 1
15.7612 14.2418 325.556 2.98702 2.93104 59.337 2.38703 -13 1625 1 0 1
-111.911 -166.913 325.556 -12.9261 -21.0928 38.0373 4.80602 -13 1626 1 0 1
29.5403 -59.039 325.556 4.70983 -9.76182 49.4855 1.84455 -13 1627 1 0 1
-35.6926 -28.3649 325.556 -8.98044 -7.38198 75.588 -0.242081 -13 1628 1 0 1
20.1383 45.9523 325.556 4.06079 9.72666 67.8385 0.640925 -13 1630 1 0 1
-57.9215 -11.4471 325.556 -11.4205 -2.30542 63.3906 2.21679 -13 1631 1 0 1
2.57453 -19.5236 325.556 0.640519 -3.756 52.9642 1.519 -13 1632 1 0 1
-38.9794 53.8563 325.556 -7.6867 10.9659 63.0122 1.78742 -13 1633 1 0 1
-6.25868 -45.1437 325.556 -1.06204 -8.57183 58.4056 2.57492 -13 1634 1 0 1
32.7248 0.318355 325.556 6.14928 -0.0577752 59.4481 2.73353 -13 1635 1 0 1
-26.6359 -19.7594 325.556 -6.90013 -4.68422 76.19 0.961657 -13 1636 1 0 1
-1.9639 40.8139 325.556 -0.5003 8.76887 65.2643 1.61749 -13 1637 1 0 1
34.5795 40.0419 325.556 6.49765 7.70644 57.9523 3.90059 -13 1638 1 0 1
14.9407 -1.8739 325.556 2.52164 -0.372642 49.1365 4.88459 -13 1639 1 0 1
70.5262 14.41 325.556 11.5562 2.65155 51.7837 3.37376 -13 1640 1 0 1
-7.7601 19.43 325.556 -2.27763 4.61356 73.9974 3.28128 -13 1641 1 0 1
1.4059 26.9612 325.556 0.413683 4.97312 58.5084 2.26769 -13 1642 1 0 1
54.0557 77.2581 325.556 8.55543 12.7632 50.137 0.970743 -13 1643 1 0 1
-43.2293 28.14 325.556 -10.4656 6.38648 74.0697 -0.46195 -13 1644 1 0 1
-76.3779 -42.1329 325.556 -16.9979 -9.72262 70.0052 0.938459 -13 1645 1 0 1
6.46704 4.83559 325.556 1.26059 0.72648 63.9583 -0.428505 -13 1646 1 0 1
-48.0716 -24.0955 325.556 -3.40981 -2.0173 24.8863 4.32709 -13 1647 1 0 1
81.4838 -119.317 325.556 10.8093 -16.1517 42.7883 2.85716 -13 1648 1 0 1
-28.0756 28.2826 325.556 -5.69344 5.83169 65.4178 3.6171 -13 1649 1 0 1
-42.1641 0.616522 325.556 -7.93817 0.00235099 60.7333 1.32042 -13 1650 1 0 1
3.37159 40.9361 325.556 0.669472 8.00247 60.2327 0.474408 -13 1651 1 0 1
-11.1354 37.9204 325.556 -1.81582 7.12168 58.3377 0.625967 -13 1652 1 0 1
6.70139 14.203 325.556 1.24602 2.40114 52.3596 2.93154 -13 1653 1 0 1
-12.4918 -54.9067 325.556 -1.51707 -7.99283 45.4554 1.74426 -13 1654 1 0 1
-21.4918 -0.467378 325.556 -4.61354 -0.560662 66.8283 3.23353 -13 1655 1 0 1
-10.9716 48.6755 325.556 -2.97822 11.9228 73.1749 2.06805 -13 1656 1 0 1
-97.9589 4.18783 325.556 -18.3808 0.701987 60.3852 3.43535 -13 1657 1 0 1
91.6829 -8.60381 325.556 12.9539 -1.43924 44.8874 1.24102 -13 1658 1 0 1
32.6857 -32.3916 325.556 6.2928 -5.86128 60.2923 3.16932 -13 1659 1 0 1
-2.72603 31.0408 325.556 -0.593131 6.2139 62.6146 4.79177 -13 1660 1 0 1
57.2222 -74.0435 325.556 11.1106 -15.235 62.3361 4.33232 -13 1661 1 0 1
6.38114 -30.7037 325.556 1.11282 -7.44395 70.8816 2.20668 -13 1662 1 0 1
1.61947 11.7251 325.556 0.413271 1.47977 44.929 2.69496 -13 1663 1 0 1
13.5764 -3.88165 325.556 2.67404 -0.915584 64.3001 1.76393 -13 1664 1 0 1
7.12954 -11.698 325.556 1.0993 -3.35278 77.6348 0.8527 -13 1665 1 0 1
17.9031 -44.3556 325.556 3.51157 -9.55759 68.588 1.91359 -13 1666 1 0 1
73.1495 -0.18745 325.556 13.2272 -0.203406 57.2599 3.32028 -13 1667 1 0 1
90.4066 -18.1527 325.556 15.7745 -3.94186 56.1562 1.06268 -13 1668 1 0 1
88.9471 53.0843 325.556 9.51677 5.79799 34.2478 2.44696 -13 1669 1 0 1
5.63914 -53.6475 325.556 1.1534 -10.4446 57.8633 2.06671 -13 1670 1 0 1
-41.2923 26.1169 325.556 -11.2041 6.54038 79.1471 1.74801 -13 1671 1 0 1
50.8609 -92.1439 325.556 8.8735 -16.4077 55.4954 1.04623 -13 1672 1 0 1
16.3474 -29.1261 325.556 3.15241 -5.51528 58.2749 2.84388 -13 1673 1 0 1
6.62777 -73.5882 325.556 1.22923 -12.1376 50.2304 2.50814 -13 1674 1 0 1
-36.7301 -41.2841 325.556 -6.68907 -7.94178 60.4008 0.239463 -13 1675 1 0 1
-74.0659 -58.8296 325.556 -4.16536 -3.89641 19.5923 6.34775 -13 1676 1 0 1
34.0975 -18.3082 325.556 4.79369 -2.7072 43.4572 4.88804 -13 1677 1 0 1
30.7511 13.8492 325.556 5.60621 2.82709 57.4802 1.7286 -13 1678 1 0 1
31.3619 77.6559 325.556 5.69082 14.4232 57.0897 4.47392 -13 1679 1 0 1
-21.0042 -20.5601 325.556 -3.29599 -3.41646 53.0174 3.81881 -13 1680 1 0 1
7.62743 -2.8969 325.556 1.52508 -0.622095 58.2865 1.55697 -13 1681 1 0 1
47.4276 39.3972 325.556 7.48456 6.61586 49.1638 1.87951 -13 1682 1 0 1
47.4397 -32.2415 325.556 9.64489 -6.85095 66.2061 1.19232 -13 1683 1 0 1
55.7315 13.4535 325.556 10.4637 2.70276 60.3567 4.09146 -13 1684 1 0 1
-3.22735 -32.7096 325.556 -1.28659 -7.88223 74.0446 1.50693 -13 1685 1 0 1
-3.27392 41.1094 325.556 -0.364121 7.48176 56.3807 4.50886 -13 1686 1 0 1
-22.0533 -67.125 325.556 -3.66348 -12.7011 56.7416 1.99337 -13 1687 1 0 1
55.934 40.4934 325.556 10.1754 7.70212 58.1553 1.0567 -13 1688 1 0 1
13.3639 1.40565 325.556 2.69676 -0.0453257 72.4671 0.739051 -13 1690 1 0 1
-6.30289 -28.8739 325.556 -1.72864 -6.79346 70.614 1.30779 -13 1691 1 0 1
-2.03246 -9.05721 325.556 -0.201664 -1.66708 59.0081 1.90021 -13 1692 1 0 1
45.9983 -31.8966 325.556 4.8855 -3.40229 32.7252 1.15449 -13 1693 1 0 1
29.4646 1.95774 325.556 5.48083 0.195939 57.8652 2.21238 -13 1694 1 0 1
6.03004 2.78213 325.556 1.10922 0.512938 71.7562 1.829 -13 1695 1 0 1
-66.2576 -19.1319 325.556 -16.9247 -4.84959 77.411 2.70005 -13 1696 1 0 1
78.0331 33.9968 325.556 11.6518 5.22136 47.2715 1.25357 -13 1697 1 0 1
-21.661 14.0983 325.556 -3.56505 2.26236 55.4827 2.49241 -13 1698 1 0 1
18.5843 8.72352 325.556 3.77875 1.98725 66.2286 -0.120171 -13 1699 1 0 1
-12.6733 12.7065 325.556 -3.0498 2.30975 71.5432 1.92555 -13 1700 1 0 1
-6.96108 -6.83459 325.556 -2.00815 -1.84205 73.1562 -0.00353279 -13 1701 1 0 1
8.61472 6.42024 325.556 1.60677 1.65739 70.7579 2.5894 -13 1702 1 0 1
27.3759 -9.74252 325.556 5.7002 -2.27513 68.6961 2.06301 -13 1703 1 0 1
-27.4067 -53.0974 325.556 -4.40754 -9.15497 54.0316 1.26821 -13 1704 1 0 1
-40.8309 -1.47916 325.556 -9.68129 0.0311967 72.9894 0.824751 -13 1705 1 0 1
-33.1965 -70.2607 325.556 -8.53477 -17.7485 76.2744 1.67443 -13 1706 1 0 1
13.6654 -47.6141 325.556 2.46743 -8.33359 54.4214 1.03328 -13 1707 1 0 1
-34.3011 38.6314 325.556 -7.67862 8.86722 69.5064 1.32665 -13 1708 1 0 1
-15.7853 29.5463 325.556 -2.88009 5.93549 60.3338 0.814721 -13 1709 1 0 1
30.2968 111.555 325.556 3.84665 14.4875 38.1053 2.4355 -13 1710 1 0 1
37.6855 48.244 325.556 7.31208 9.8364 62.0876 1.84151 -13 1711 1 0 1
50.2942 -61.6798 325.556 7.34298 -9.0443 44.9651 3.37059 -13 1712 1 0 1
-17.2645 -38.5954 325.556 -2.78264 -6.94189 56.779 2.92797 -13 1713 1 0 1
-14.515 29.1587 325.556 -3.6754 7.00262 73.7912 1.35087 -13 1714 1 0 1
28.2277 -40.2536 325.556 5.53977 -8.80125 62.7258 1.673 -13 1715 1 0 1
-17.3436 35.9302 325.556 -2.93101 6.65909 57.0644 4.82986 -13 1716 1 0 1
38.4314 -24.7901 325.556 5.9056 -3.81272 48.1778 3.87169 -13 1717 1 0 1
57.5216 -28.6417 325.556 12.2596 -6.83113 70.8003 1.09324 -13 1718 1 0 1
-9.97336 -22.1988 325.556 -2.5651 -5.18574 71.0266 1.28658 -13 1719 1 0 1
-23.3105 15.8294 325.556 -5.15508 3.73879 69.1658 1.32387 -13 1720 1 0 1
53.8189 32.0333 325.556 11.3982 7.37561 70.0934 2.15342 -13 1721 1 0 1
44.4703 6.95638 325.556 9.28835 1.38324 68.6465 2.10673 -13 1722 1 0 1
38.0946 9.17367 325.556 8.55139 2.16338 76.8333 0.0138049 -13 1723 1 0 1
-7.95216 -60.4143 325.556 -0.99454 -10.1199 51.8176 3.00025 -13 1724 1 0 1
79.7651 -22.4507 325.556 14.91 -4.10195 59.8689 2.54437 -13 1725 1 0 1
1.73306 -58.6072 325.556 0.516381 -9.9238 51.7845 3.19888 -13 1726 1 0 1
40.8679 5.09467 325.556 8.62013 1.13639 69.9214 3.4847 -13 1727 1 0 1
-21.9599 35.0643 325.556 -4.10274 7.14768 61.4641 3.46982 -13 1728 1 0 1
-54.1351 49.4135 325.556 -9.88832 9.91667 59.1687 4.22129 -13 1729 1 0 1
34.7502 -16.6087 325.556 5.72362 -2.85414 50.5044 1.73726 -13 1731 1 0 1
-14.8705 31.6421 325.556 -3.35992 7.20933 68.8036 2.57387 -13 1732 1 0 1
23.7838 -5.9575 325.556 4.55488 -1.25962 61.4133 0.695129 -13 1733 1 0 1
1.59898 -21.3776 325.556 -0.0200446 -4.89156 74.6154 -0.5942 -13 1734 1 0 1
16.6573 -2.0337 325.556 3.29833 -0.974853 61.4687 0.598207 -13 1735 1 0 1
-23.9831 23.1615 325.556 -5.29446 4.90883 68.0244 1.24495 -13 1736 1 0 1
2.62229 -0.781181 325.556 0.681835 -0.44158 48.7478 2.04226 -13 1737 1 0 1
46.8931 47.1732 325.556 8.6323 8.99165 58.466 0.700531 -13 1738 1 0 1
4.47257 16.6492 325.556 0.858771 2.26921 43.0462 3.84635 -13 1739 1 0 1
43.7092 -33.0114 325.556 9.11696 -7.73268 69.6762 1.13751 -13 1740 1 0 1
-7.77566 -36.415 325.556 -1.66925 -8.40016 65.0754 2.77002 -13 1741 1 0 1
-36.783 -30.5079 325.556 -5.95928 -5.13991 53.999 3.37371 -13 1742 1 0 1
40.0795 68.5241 325.556 7.93485 14.5632 65.0113 2.97631 -13 1743 1 0 1
88.45 -15.9954 325.556 15.7173 -3.33243 57.405 1.41645 -13 1744 1 0 1
-7.75079 23.3565 325.556 -1.91512 5.15381 69.2762 4.18272 -13 1745 1 0 1
-1.82906 -37.5605 325.556 -0.657549 -8.99297 70.6665 1.22041 -13 1746 1 0 1
16.7742 23.2121 325.556 3.01393 4.03565 50.8132 0.76731 -13 1747 1 0 1
-2.33214 -7.35718 325.556 -0.929104 -2.02501 73.858 2.43261 -13 1749 1 0 1
22.6953 18.4737 325.556 4.78776 3.72872 66.4814 1.98094 -13 1750 1 0 1
32.8132 92.2448 325.556 6.60502 20.2387 66.8869 3.70892 -13 1751 1 0 1
-1.85225 3.90843 325.556 -0.0169794 0.348256 45.5983 3.33324 -13 1753 1 0 1
25.268 -12.6211 325.556 5.3546 -2.85064 72.0991 2.08311 -13 1754 1 0 1
-2.84975 -20.5391 325.556 -0.557014 -3.77923 64.1877 4.2291 -13 1755 1 0 1
80.3264 23.9606 325.556 15.3047 5.07255 60.968 0.590801 -13 1756 1 0 1
8.55461 -15.0943 325.556 1.61752 -3.70438 69.2735 2.10108 -13 1757 1 0 1
-7.83275 -12.853 325.556 -1.26927 -2.42392 58.8867 0.686411 -13 1758 1 0 1
42.4178 -22.596 325.556 6.44908 -3.43866 47.6977 0.312383 -13 1759 1 0 1
-88.1309 10.9713 325.556 -18.8033 1.79808 67.4861 1.77996 -13 1760 1 0 1
96.4243 -5.57005 325.556 15.0523 -0.791697 50.0648 0.726768 -13 1761 1 0 1
3.66023 -54.9588 325.556 0.0853854 -14.2734 78.4783 2.60178 -13 1762 1 0 1
-41.5331 89.907 325.556 -7.33144 17.2245 57.7979 3.68405 -13 1763 1 0 1
-39.7233 12.7905 325.556 -6.23043 2.45616 52.8809 1.87059 -13 1764 1 0 1
-47.7601 -77.4895 325.556 -7.67791 -13.5581 53.1974 2.62645 -13 1765 1 0 1
-83.995 44.9011 325.556 -19.5042 10.6701 72.6889 4.99483 -13 1766 1 0 1
-30.1082 48.702 325.556 -6.27604 10.5325 65.7944 0.980662 -13 1767 1 0 1
45.5433 -33.8362 325.556 9.82907 -8.24269 73.2532 1.35573 -13 1768 1 0 1
-59.1107 -11.7833 325.556 -12.0167 -2.2869 64.9766 3.16887 -13 1770 1 0 1
14.2809 46.6276 325.556 2.86631 9.71096 62.2327 2.50041 -13 1771 1 0 1
-44.7048 -5.82473 325.556 -10.6493 -1.62406 73.348 2.26483 -13 1772 1 0 1
-43.4025 -50.5506 325.556 -2.28022 -3.1043 18.6586 3.24327 -13 1773 1 0 1
-32.631 -25.407 325.556 -8.18374 -6.43895 75.1759 2.53876 -13 1774 1 0 1
-4.13085 28.7572 325.556 -0.402099 5.01145 49.6466 2.92584 -13 1775 1 0 1
31.2721 -40.9133 325.556 6.70933 -9.84045 73.8414 2.20845 -13 1776 1 0 1
17.1261 55.7519 325.556 3.16191 10.59 57.1904 1.30311 -13 1777 1 0 1
12.8394 -17.0694 325.556 2.01757 -2.26358 45.4892 4.8927 -13 1779 1 0 1
18.9521 8.42657 325.556 3.89462 1.64877 75.2711 1.53837 -13 1780 1 0 1
31.5262 -81.0095 325.556 4.69176 -12.099 46.1583 3.73603 -13 1781 1 0 1
13.3867 -27.4031 325.556 1.83659 -3.8399 38.4497 4.87168 -13 1782 1 0 1
11.897 37.2436 325.556 2.22597 6.41606 59.0453 3.07377 -13 1783 1 0 1
-44.3435 57.7852 325.556 -6.90142 9.91549 51.7295 1.71974 -13 1784 1 0 1
39.6647 23.4151 325.556 6.78302 4.05645 52.9123 3.26567 -13 1785 1 0 1
57.4291 -62.6791 325.556 10.3349 -11.9817 57.8902 2.43716 -13 1786 1 0 1
0.179422 17.8471 325.556 0.0334702 3.38357 59.9659 3.71781 -13 1787 1 0 1
14.9098 -8.58517 325.556 2.82709 -1.78446 58.5149 2.18036 -13 1788 1 0 1
43.0722 -30.813 325.556 7.63166 -5.14838 55.7288 2.31694 -13 1789 1 0 1
26.0182 -20.9765 325.556 5.65847 -5.88161 77.516 0.67796 -13 1790 1 0 1
-32.6032 -37.7068 325.556 -8.85589 -9.6812 76.3992 0.717261 -13 1791 1 0 1
-18.7545 11.7852 325.556 -3.38631 2.49363 59.9754 2.74025 -13 1792 1 0 1
-35.8554 36.8607 325.556 -8.16612 8.15131 70.4697 2.45922 -13 1793 1 0 1
-30.2373 -24.9834 325.556 -7.24542 -5.86624 72.8063 1.77819 -13 1794 1 0 1
-33.5048 7.46558 325.556 -7.41069 2.5249 69.7018 1.03961 -13 1795 1 0 1
-15.9899 7.44313 325.556 -3.18973 1.50599 64.7176 1.83783 -13 1796 1 0 1
-21.5375 26.3505 325.556 -5.96733 7.36435 78.3857 2.27314 -13 1797 1 0 1
-4.88876 16.6708 325.556 -1.6857 3.94105 75.576 1.88072 -13 1798 1 0 1
17.1251 16.2084 325.556 3.49003 3.72922 68.069 2.90183 -13 1799 1 0 1
-6.36763 -46.0753 325.556 -1.06082 -9.43103 59.2681 2.73386 -13 1800 1 0 1
-53.2689 7.46011 325.556 -14.1969 1.36998 78.7834 0.661699 -13 1801 1 0 1
6.76846 25.0938 325.556 1.27566 5.81349 68.7803 2.80088 -13 1802 1 0 1
75.7932 -39.6258 325.556 14.0967 -7.67413 59.7912 2.98207 -13 1803 1 0 1
-5.79086 13.8859 325.556 -0.153949 1.36963 29.005 4.47996 -13 1804 1 0 1
10.8032 59.7392 325.556 2.03319 12.2658 65.3142 1.92428 -13 1805 1 0 1
-20.5517 14.628 325.556 -4.47218 3.26512 68.0588 3.23282 -13 1806 1 0 1
20.8663 -5.67081 325.556 4.2987 -0.464624 70.6587 2.72132 -13 1807 1 0 1
-10.0627 -42.8127 325.556 -2.02308 -8.90155 63.1685 4.04959 -13 1808 1 0 1
-9.70933 -31.1088 325.556 -2.07327 -6.20364 65.8992 2.48409 -13 1809 1 0 1
44.5995 -6.88512 325.556 7.55064 -1.37157 53.7747 2.08195 -13 1810 1 0 1
-25.4553 32.9729 325.556 -5.15995 6.92002 64.5444 1.02701 -13 1811 1 0 1
7.0665 -40.7019 325.556 1.38566 -7.0207 56.9193 3.16743 -13 1812 1 0 1
22.8471 15.913 325.556 4.4029 2.94246 62.2169 3.3306 -13 1813 1 0 1
10.0887 65.9332 325.556 1.9795 14.3784 65.6243 1.3129 -13 1814 1 0 1
-15.6207 21.6236 325.556 -3.19328 4.19439 66.0326 1.02729 -13 1815 1 0 1
48.8951 27.3566 325.556 9.94069 6.13478 66.8394 1.57386 -13 1816 1 0 1
-15.0835 -81.2493 325.556 -3.11055 -16.9407 64.3805 3.1426 -13 1817 1 0 1
-8.61645 11.3405 325.556 -1.46489 2.14068 60.0218 4.00946 -13 1818 1 0 1
35.4944 22.4468 325.556 4.57196 3.05083 38.4878 3.11905 -13 1819 1 0 1
-38.5569 -86.7332 325.556 -6.06972 -14.7517 51.8632 3.14769 -13 1820 1 0 1
21.6234 -117.3 325.556 4.10569 -22.729 60.9551 1.7923 -13 1821 1 0 1
18.4641 55.862 325.556 3.65315 12.1624 67.6963 2.12129 -13 1823 1 0 1
-29.2847 14.2855 325.556 -7.09615 3.16477 73.1928 1.75874 -13 1824 1 0 1
-16.8781 -10.3476 325.556 -5.29166 -2.6981 79.6586 1.4498 -13 1825 1 0 1
-11.3444 35.122 325.556 -2.64898 7.98061 70.1615 0.750205 -13 1826 1 0 1
97.9747 -33.8412 325.556 15.332 -5.50254 50.4334 1.99972 -13 1827 1 0 1
-39.2175 -39.8455 325.556 -7.03042 -7.66912 58.7561 2.38011 -13 1828 1 0 1
-32.2723 -60.57 325.556 -5.64519 -11.0301 57.0834 2.61247 -13 1829 1 0 1
-9.99788 -20.8358 325.556 -2.45936 -4.67326 69.162 1.62797 -13 1830 1 0 1
41.5065 85.1743 325.556 8.21879 17.7559 64.9601 2.07147 -13 1831 1 0 1
-26.5745 7.11412 325.556 -5.34321 1.35873 65.0055 3.1675 -13 1832 1 0 1
21.5119 74.0061 325.556 4.20947 16.1637 65.3814 0.49648 -13 1833 1 0 1
-11.7154 23.4169 325.556 -2.45175 5.05122 65.8878 4.70698 -13 1834 1 0 1
11.1222 9.52336 325.556 2.02281 1.83085 53.9804 3.5674 -13 1835 1 0 1
3.20845 50.0971 325.556 0.486976 11.0797 67.2345 3.68062 -13 1836 1 0 1
-68.074 -6.13322 325.556 -14.8654 -1.72487 69.0845 1.78526 -13 1837 1 0 1
57.7988 -2.73415 325.556 10.2386 -0.334053 56.7095 0.29724 -13 1838 1 0 1
-58.8752 18.4209 325.556 -14.0594 3.71284 73.8058 2.81307 -13 1839 1 0 1
-71.0321 33.5339 325.556 -6.19263 3.57851 29.6924 2.3192 -13 1840 1 0 1
-13.4755 41.7476 325.556 -2.95989 9.64201 65.7283 -0.60414 -13 1841 1 0 1
-18.3965 39.8921 325.556 -3.85845 9.30508 66.5308 2.60268 -13 1842 1 0 1
6.76674 -12.4987 325.556 1.08747 -3.28077 74.4088 1.89069 -13 1843 1 0 1
-16.4635 -17.5162 325.556 -3.0201 -3.88413 60.3675 3.25314 -13 1844 1 0 1
33.3231 -2.64584 325.556 5.32223 -0.599896 48.4884 2.90278 -13 1845 1 0 1
-63.1005 16.7257 325.556 -13.3489 3.80736 67.0863 3.85056 -13 1846 1 0 1
-35.4305 8.8442 325.556 -9.03286 1.95528 76.5025 0.449995 -13 1847 1 0 1
57.8401 44.8211 325.556 9.87454 8.22332 54.2643 3.30669 -13 1848 1 0 1
-38.2685 39.4414 325.556 -8.54192 8.98983 69.5621 3.07557 -13 1849 1 0 1
12.9999 -18.3812 325.556 2.62129 -3.82711 62.1219 2.88064 -13 1850 1 0 1
11.3842 40.8535 325.556 2.11346 7.03612 53.2907 4.61204 -13 1851 1 0 1
23.8648 14.7987 325.556 5.12778 3.76699 76.8329 2.25044 -13 1852 1 0 1
0.00184366 44.3567 325.556 -0.0520984 9.39439 65.5734 2.52704 -13 1853 1 0 1
19.2695 -100.086 325.556 2.51302 -12.2466 37.0803 1.62353 -13 1854 1 0 1
-127.818 -56.233 325.556 -19.8124 -9.6806 50.4322 2.20094 -13 1855 1 0 1
1.45887 9.66809 325.556 0.382528 1.81253 60.0517 4.17096 -13 1856 1 0 1
28.2755 4.4086 325.556 4.91557 0.428055 53.1688 2.53917 -13 1857 1 0 1
56.2944 25.279 325.556 9.09318 4.01529 49.7254 3.91147 -13 1858 1 0 1
46.4036 10.9103 325.556 10.1278 2.78703 73.0585 2.94998 -13 1859 1 0 1
-24.7493 -74.5611 325.556 -3.23828 -11.4725 46.0657 2.63283 -13 1860 1 0 1
-19.6973 -15.8051 325.556 -1.40625 -1.62342 27.9592 4.41632 -13 1861 1 0 1
16.8376 -20.6465 325.556 3.02755 -3.90718 51.3408 0.215144 -13 1862 1 0 1
8.45677 -161.971 325.556 1.38647 -24.8278 46.1368 1.91105 -13 1863 1 0 1
-65.3077 -39.907 325.556 -13.7641 -8.59068 66.9503 2.73741 -13 1864 1 0 1
-19.8467 21.0006 325.556 -5.38041 5.55732 77.3945 2.58952 -13 1865 1 0 1
18.7792 -21.0741 325.556 3.61953 -4.51715 61.5879 1.93603 -13 1866 1 0 1
-68.8817 -29.2929 325.556 -13.1423 -5.98832 61.2858 2.71381 -13 1867 1 0 1
-80.6162 25.647 325.556 -19.8867 5.90141 75.6576 2.38769 -13 1868 1 0 1
-56.9492 45.5594 325.556 -6.49571 5.90141 37.9299 3.506 -13 1869 1 0 1
2.50088 26.2188 325.556 0.485021 5.76602 65.1776 2.97896 -13 1870 1 0 1
-56.3591 -3.83033 325.556 -10.656 -0.403454 61.3763 3.07297 -13 1871 1 0 1
53.9103 13.1563 325.556 10.0277 2.59968 59.7138 2.15562 -13 1872 1 0 1
-75.0224 -7.39377 325.556 -17.4462 -1.64229 72.625 2.48276 -13 1873 1 0 1
66.9147 -16.6647 325.556 15.3026 -4.37165 76.6154 -0.415914 -13 1874 1 0 1
22.0547 12.1415 325.556 4.25297 1.88597 60.5894 4.52645 -13 1875 1 0 1
-23.7689 -26.8154 325.556 -4.90574 -5.23094 65.5254 2.24149 -13 1876 1 0 1
-25.3259 -18.0237 325.556 -5.89821 -4.34304 70.6 3.42052 -13 1877 1 0 1
39.5382 -49.0799 325.556 8.06517 -11.0259 66.8257 1.67871 -13 1878 1 0 1
52.0392 -34.0327 325.556 10.334 -6.94137 64.7353 0.941864 -13 1879 1 0 1
-12.463 -11.4128 325.556 -2.61843 -2.32791 65.34 3.53888 -13 1880 1 0 1
-31.8646 -17.047 325.556 -4.10698 -2.59367 44.9807 2.96221 -13 1881 1 0 1
-17.1436 2.0039 325.556 -3.11953 0.499098 60.2593 1.8544 -13 1882 1 0 1
-35.0516 36.313 325.556 -7.78783 8.58019 69.4699 2.08481 -13 1883 1 0 1
-55.0275 -14.2068 325.556 -12.2117 -3.08072 69.958 1.74748 -13 1884 1 0 1
46.1294 -35.3101 325.556 6.88059 -5.68327 46.4078 2.49623 -13 1885 1 0 1
16.4159 -23.797 325.556 3.40178 -5.19715 68.7697 3.34158 -13 1886 1 0 1
-107.682 37.7107 325.556 -9.18037 3.77716 28.7029 0.796612 -13 1887 1 0 1
-35.5623 -28.9352 325.556 -6.65837 -6.33961 61.7948 1.1119 -13 1888 1 0 1
-42.2341 36.1241 325.556 -5.34372 5.43181 42.6762 1.39209 -13 1889 1 0 1
76.3331 -32.1194 325.556 15.0801 -6.95453 64.1733 0.976357 -13 1890 1 0 1
57.5503 20.2345 325.556 4.77817 1.93301 26.7625 3.9724 -13 1891 1 0 1
2.28623 11.8082 325.556 0.646386 1.93014 51.4943 1.32969 -13 1892 1 0 1
-56.7429 -29.9475 325.556 -11.9862 -6.34254 67.293 2.69588 -13 1893 1 0 1
-62.0143 13.8107 325.556 -13.5478 3.34929 68.7997 1.872 -13 1894 1 0 1
6.75959 -29.8543 325.556 1.25025 -6.22092 67.1394 1.97989 -13 1896 1 0 1
-30.0729 -13.3062 325.556 -5.69439 -2.46835 61.767 3.19245 -13 1897 1 0 1
-8.98389 51.4911 325.556 -1.6598 10.5819 61.176 2.77048 -13 1898 1 0 1
-28.9777 -24.3783 325.556 -5.92245 -5.07707 64.9587 1.47067 -13 1899 1 0 1
-41.4212 -52.1414 325.556 -7.32181 -9.73942 57.7854 1.4999 -13 1900 1 0 1
102.981 1.35097 325.556 16.1221 0.366307 50.2391 3.93115 -13 1901 1 0 1
6.25934 1.30143 325.556 1.24571 0.226009 66.0322 0.566223 -13 1902 1 0 1
83.53 -1.66968 325.556 14.1603 -0.376113 54.3164 3.10279 -13 1903 1 0 1
-20.1696 23.9414 325.556 -3.98377 5.06828 63.9529 2.24174 -13 1904 1 0 1
-53.356 11.3303 325.556 -13.1235 2.48374 75.6346 1.46009 -13 1905 1 0 1
11.3237 54.2377 325.556 2.21194 11.581 66.0277 1.68241 -13 1906 1 0 1
-6.0772 69.6157 325.556 -1.13819 14.3227 62.8741 3.78268 -13 1907 1 0 1
-18.1284 -21.6297 325.556 -3.93324 -5.12281 68.8149 1.17793 -13 1908 1 0 1
88.5935 17.1143 325.556 15.8421 2.94045 57.4167 4.94116 -13 1909 1 0 1
9.27881 17.4831 325.556 1.70727 3.2982 66.6093 0.781965 -13 1910 1 0 1
-26.4876 -8.47936 325.556 -6.29017 -1.46968 72.5398 -0.521066 -13 1911 1 0 1
-28.0826 12.9467 325.556 -6.41727 3.22661 69.3385 2.16045 -13 1912 1 0 1
31.9049 -46.7952 325.556 6.99449 -10.9685 75.7521 0.0349467 -13 1913 1 0 1
-43.0391 67.5292 325.556 -8.68313 13.9758 63.6529 1.86331 -13 1914 1 0 1
-97.1989 -79.572 325.556 -20.6528 -17.1395 67.1111 1.91495 -13 1915 1 0 1
-18.6049 -15.1167 325.556 -4.01036 -2.95784 66.9401 1.84767 -13 1916 1 0 1
53.5618 11.2216 325.556 10.6219 2.45637 64.6992 1.70055 -13 1917 1 0 1
-15.5999 -10.576 325.556 -3.41296 -2.87798 67.2531 1.00812 -13 1918 1 0 1
-0.113918 -33.5433 325.556 0.202996 -5.92993 52.3841 0.784641 -13 1919 1 0 1
16.6449 83.3011 325.556 3.10038 15.7362 59.3399 0.652093 -13 1920 1 0 1
-0.714682 4.29051 325.556 -1.30467 1.45205 80.1211 3.00151 -13 1921 1 0 1
-47.7868 20.7823 325.556 -11.3649 5.04871 72.891 3.1974 -13 1922 1 0 1
-78.4375 -35.8593 325.556 -13.2265 -6.70967 55.0351 3.66223 -13 1923 1 0 1
0.572797 32.8806 325.556 0.086551 7.07194 65.0585 3.76061 -13 1924 1 0 1
-32.3952 -192.028 325.556 -2.71669 -19.1287 29.5621 4.93769 -13 1925 1 0 1
-60.2484 -71.6863 325.556 -6.81129 -9.35471 38.0329 2.22177 -13 1926 1 0 1
18.7805 -92.0462 325.556 3.28143 -16.6713 54.2847 3.00666 -13 1927 1 0 1
31.6269 -29.558 325.556 3.89046 -3.64005 37.2422 1.66398 -13 1928 1 0 1
-51.5643 1.6557 325.556 -13.243 0.924229 77.9081 1.88 -13 1929 1 0 1
-16.7891 66.7854 325.556 -4.09001 15.6436 70.6111 4.14353 -13 1930 1 0 1
4.67401 62.2011 325.556 0.849863 12.7571 64.1869 -0.617603 -13 1931 1 0 1
30.9117 -45.6331 325.556 6.41959 -10.145 69.4917 1.55111 -13 1932 1 0 1
73.1051 1.34273 325.556 16.8251 0.633538 77.2241 2.77387 -13 1933 1 0 1
-34.5366 10.8926 325.556 -5.05351 1.89062 48.7345 2.0644 -13 1934 1 0 1
44.1524 -9.95098 325.556 8.82684 -2.0341 63.7388 2.08739 -13 1935 1 0 1
66.0582 13.6145 325.556 11.4691 2.28623 55.4566 0.911163 -13 1936 1 0 1
14.3572 -54.4409 325.556 2.79317 -11.3397 59.46 0.753351 -13 1937 1 0 1
94.0892 -47.7665 325.556 19.7508 -10.5046 68.5508 2.26606 -13 1939 1 0 1
-60.4348 -23.3569 325.556 -11.9054 -4.94732 63.3758 0.91526 -13 1941 1 0 1
-9.39407 42.5644 325.556 -2.52751 10.0145 72.7019 3.38416 -13 1942 1 0 1
-12.0437 39.0287 325.556 -2.70092 8.34945 67.5067 2.60682 -13 1943 1 0 1
59.7381 65.1589 325.556 11.5538 13.6334 62.7985 1.32725 -13 1944 1 0 1
19.1669 10.4522 325.556 3.85839 2.34692 65.521 1.02782 -13 1945 1 0 1
-18.991 20.8726 325.556 -3.76871 4.23228 63.0652 1.72196 -13 1946 1 0 1
12.7895 24.4485 325.556 2.61538 4.44099 61.5972 2.48877 -13 1947 1 0 1
-8.52911 61.2504 325.556 -2.23545 14.1461 70.8951 2.17628 -13 1948 1 0 1
-31.5821 16.0789 325.556 -5.68005 3.04232 59.5169 2.03533 -13 1950 1 0 1
31.1331 16.15 325.556 6.06416 3.15108 61.9645 2.57505 -13 1951 1 0 1
47.8576 0.365016 325.556 8.90088 -0.174527 58.651 0.577261 -13 1952 1 0 1
92.487 -19.6674 325.556 15.8545 -3.56443 55.0385 1.26607 -13 1953 1 0 1
22.8716 -3.5433 325.556 4.58681 -0.609189 65.772 0.163968 -13 1954 1 0 1
-80.6252 -42.8887 325.556 -13.5952 -7.61906 54.8801 2.23764 -13 1955 1 0 1
-39.8483 -31.6778 325.556 -6.5756 -5.50576 53.7676 1.90667 -13 1956 1 0 1
-56.1118 62.7365 325.556 -7.6275 9.66295 45.4202 2.58337 -13 1957 1 0 1
7.40676 -12.9663 325.556 1.46076 -3.09869 67.5892 -0.698703 -13 1958 1 0 1
4.58305 16.1966 325.556 0.785127 2.12376 37.6013 2.65589 -13 1959 1 0 1
32.609 -45.753 325.556 6.62922 -9.76596 67.0646 0.290714 -13 1960 1 0 1
-34.9343 3.88105 325.556 -5.84723 0.577942 55.7655 0.116838 -13 1961 1 0 1
7.77704 -34.0444 325.556 1.06216 -3.43465 33.309 5.0919 -13 1962 1 0 1
21.9463 -5.95789 325.556 4.03298 -1.4775 78.3463 0.317448 -13 1963 1 0 1
51.14 -61.5358 325.556 8.02188 -9.85552 49.2738 1.14967 -13 1964 1 0 1
-21.3601 -78.6561 325.556 -4.35364 -16.6635 63.5737 2.75798 -13 1965 1 0 1
27.9999 17.5311 325.556 4.32929 2.65426 46.5354 2.55714 -13 1966 1 0 1
23.9893 -21.381 325.556 4.96423 -4.89913 68.2688 2.20033 -13 1967 1 0 1
-45.9033 79.639 325.556 -10.0626 18.1569 68.5311 2.61082 -13 1968 1 0 1
38.5251 -10.6358 325.556 8.31621 -3.99981 72.5981 1.00453 -13 1969 1 0 1
-5.9248 -20.3361 325.556 -1.30976 -4.52216 66.0514 2.20572 -13 1970 1 0 1
-7.63254 60.5493 325.556 -1.88269 13.9692 69.5735 2.62528 -13 1971 1 0 1
13.9185 34.6098 325.556 2.40412 6.03721 52.1064 2.33272 -13 1972 1 0 1
-29.6127 4.19761 325.556 -6.85315 0.822356 71.3412 3.36575 -13 1973 1 0 1
47.6264 -24.2603 325.556 8.40095 -5.04979 55.6292 3.81001 -13 1974 1 0 1
-7.00034 -26.2518 325.556 -1.67999 -5.48002 69.4656 1.40479 -13 1975 1 0 1
12.6134 49.8193 325.556 2.48546 10.4737 64.1885 0.548081 -13 1976 1 0 1
-37.9492 -46.043 325.556 -7.26786 -8.6048 61.5127 1.63635 -13 1977 1 0 1
39.1976 -63.8552 325.556 7.59924 -12.2126 61.5091 0.283453 -13 1978 1 0 1
-76.3835 -44.9224 325.556 -19.0146 -11.0499 76.378 3.83487 -13 1979 1 0 1
-37.4041 -83.222 325.556 -8.20399 -19.2964 68.0676 3.5188 -13 1980 1 0 1
-31.8669 10.7447 325.556 -8.5193 2.11806 78.6342 1.22562 -13 1981 1 0 1
-35.6949 20.1877 325.556 -5.53234 3.20952 51.9601 1.35965 -13 1982 1 0 1
73.8968 2.01625 325.556 14.1723 0.667204 61.9338 0.58943 -13 1983 1 0 1
24.4523 -69.91 325.556 4.52581 -13.2326 58.6823 2.1659 -13 1984 1 0 1
19.5038 -31.4436 325.556 3.87953 -7.80467 79.0649 0.885979 -13 1985 1 0 1
-28.4718 -33.4169 325.556 -7.21674 -8.3212 75.2428 0.904847 -13 1986 1 0 1
11.9335 -35.2744 325.556 2.34008 -7.14811 59.1189 2.64553 -13 1987 1 0 1
85.8141 64.116 325.556 15.2952 12.2219 57.0142 2.83928 -13 1988 1 0 1
10.5921 7.34635 325.556 1.99019 0.781182 62.8638 1.6213 -13 1990 1 0 1
-58.6242 -13.6461 325.556 -10.7229 -2.79084 59.0654 3.06568 -13 1991 1 0 1
46.8449 -2.62328 325.556 8.57456 -0.613221 58.2705 2.58942 -13 1992 1 0 1
48.8209 37.8768 325.556 7.01984 6.3817 45.3759 2.52601 -13 1993 1 0 1
90.3906 146.926 325.556 15.1028 25.7932 54.0835 2.83692 -13 1994 1 0 1
-23.6106 18.7522 325.556 -3.6338 3.41408 53.9141 3.16982 -13 1995 1 0 1
14.2452 20.3994 325.556 2.76262 3.68906 54.3526 0.619203 -13 1996 1 0 1
-49.1534 -39.1815 325.556 -7.20948 -5.84675 48.8349 0.0475605 -13 1997 1 0 1
57.1427 -26.9833 325.556 5.26063 -2.48141 28.9064 5.27009 -13 1998 1 0 1
-22.7383 -21.3876 325.556 -4.41835 -4.66263 62.2104 0.668663 -13 1999 1 0 1
-5.6815 43.7413 325.556 -1.4905 9.88612 69.0488 2.07005 -13 2000 1 0 1
-28.2063 -40.5856 325.556 -6.25357 -8.99405 68.9351 2.50924 -13 2001 1 0 1
-8.08281 -36.4949 325.556 -2.14476 -8.11597 72.1631 0.326428 -13 2002 1 0 1
50.3001 7.61296 325.556 6.90287 1.16068 43.3882 2.93267 -13 2003 1 0 1
6.22412 -45.2571 325.556 1.24349 -9.42755 63.5519 1.08515 -13 2004 1 0 1
59.7299 -1.36677 325.556 6.41324 0.00176354 33.2722 5.21427 -13 2005 1 0 1
-28.9786 5.3306 325.556 -5.49835 1.36359 62.0341 0.527044 -13 2006 1 0 1
2.70229 -4.5836 325.556 0.532834 -1.10262 65.8344 2.16795 -13 2007 1 0 1
15.0743 3.39052 325.556 3.03411 0.91599 69.3038 2.99142 -13 2008 1 0 1
33.885 -46.5839 325.556 5.83967 -8.54974 54.028 1.07759 -13 2009 1 0 1
-7.54493 60.7431 325.556 -1.68484 13.0115 65.4424 2.47257 -13 2010 1 0 1
-26.0832 6.30397 325.556 -5.57821 0.764903 66.9004 0.3515 -13 2011 1 0 1
7.33255 -32.1842 325.556 1.29922 -7.16782 69.3396 3.29885 -13 2012 1 0 1
24.4845 41.4299 325.556 4.83579 8.94101 66.3761 2.06712 -13 2013 1 0 1
39.5172 63.9732 325.556 5.64419 9.30708 44.2184 3.36939 -13 2014 1 0 1
-120.018 -76.9922 325.556 -18.6416 -12.6901 50.5742 2.04761 -13 2017 1 0 1
16.0379 53.6535 325.556 3.11972 11.8053 70.2054 3.506 -13 2018 1 0 1
-8.62795 -1.54914 325.556 -1.74808 -0.409919 62.8248 2.01382 -13 2019 1 0 1
5.22304 28.4591 325.556 0.61403 7.05721 76.7695 -0.315619 -13 2020 1 0 1
61.2232 3.66844 325.556 12.2422 0.885828 64.7879 1.55317 -13 2021 1 0 1
1.1436 0.907354 325.556 0.411593 -0.303845 62.5675 0.805709 -13 2023 1 0 1
-35.5009 26.6035 325.556 -7.68177 5.18438 68.2809 0.923503 -13 2024 1 0 1
-6.01174 42.0011 325.556 -0.998073 7.35561 57.0017 2.56648 -13 2025 1 0 1
-59.7803 -23.2617 325.556 -11.8046 -4.64187 63.3418 3.67051 -13 2026 1 0 1
19.1122 -5.52417 325.556 1.70746 -0.339673 25.2394 6.38056 -13 2027 1 0 1
20.2299 3.58067 325.556 4.27875 0.875513 73.8283 2.62883 -13 2028 1 0 1
-23.3612 16.7761 325.556 -5.32375 3.96306 69.627 2.90288 -13 2029 1 0 1
-67.4509 -30.1448 325.556 -12.1569 -5.66935 58.5739 2.59821 -13 2030 1 0 1
-34.9229 30.0995 325.556 -8.96282 7.5636 77.5646 0.896435 -13 2031 1 0 1
21.3893 -13.1271 325.556 4.47132 -3.13395 71.7936 3.20164 -13 2032 1 0 1
-3.449 -5.32031 325.556 -0.848808 -0.906819 66.1292 -0.341758 -13 2033 1 0 1
-11.5234 -33.5288 325.556 -2.08529 -6.31477 60.345 2.95861 -13 2034 1 0 1
16.676 23.2458 325.556 2.94353 3.9923 53.0794 3.56717 -13 2035 1 0 1
-25.0761 -3.49546 325.556 -6.55731 -1.45888 76.7291 0.888365 -13 2036 1 0 1
-54.2459 -63.4026 325.556 -10.7524 -13.0665 63.6033 1.11442 -13 2037 1 0 1
76.5679 -20.8921 325.556 12.8863 -3.94697 53.8938 2.47219 -13 2038 1 0 1
-15.8103 37.3689 325.556 -3.43769 8.21784 66.9788 2.33309 -13 2039 1 0 1
-18.4865 19.1377 325.556 -5.43459 5.19535 80.3876 3.33067 -13 2040 1 0 1
10.9927 15.4695 325.556 2.0525 2.90082 54.0692 1.77457 -13 2041 1 0 1
-54.8561 94.0255 325.556 -9.08142 16.5663 54.2778 1.77922 -13 2042 1 0 1
93.6437 -8.13305 325.556 17.5833 -1.67643 61.2994 2.79985 -13 2043 1 0 1
-34.4421 -26.5313 325.556 -5.32271 -4.21075 52.2403 0.289752 -13 2044 1 0 1
-4.96979 -30.4627 325.556 -1.37181 -7.49282 71.683 2.88743 -13 2045 1 0 1
-8.22958 8.60178 325.556 -1.85628 1.57649 67.8463 2.8204 -13 2046 1 0 1
-60.6344 -53.0938 325.556 -13.4977 -11.9257 69.6907 1.6645 -13 2047 1 0 1
-32.5039 8.37282 325.556 -7.92507 1.8305 73.8464 2.58546 -13 2048 1 0 1
21.6401 87.0879 325.556 4.19113 18.4229 65.0226 1.48817 -13 2049 1 0 1
-33.4465 -96.9309 325.556 -7.03419 -20.9831 66.3432 2.8685 -13 2050 1 0 1
23.5238 18.3702 325.556 2.46712 1.97883 30.5318 3.81158 -13 2052 1 0 1
68.2563 24.7073 325.556 13.4852 5.06977 64.0982 1.41379 -13 2053 1 0 1
18.967 52.5027 325.556 3.41832 9.58652 55.6799 1.01262 -13 2054 1 0 1
14.4137 -78.9176 325.556 2.68172 -14.868 57.1368 3.91904 -13 2055 1 0 1
-52.8561 9.21766 325.556 -10.6902 2.0118 64.3832 0.930733 -13 2056 1 0 1
14.4686 4.55475 325.556 2.8161 1.06199 60.4309 4.26055 -13 2057 1 0 1
15.2549 -30.8149 325.556 2.87038 -6.13258 62.5842 0.672973 -13 2058 1 0 1
-28.0614 33.4723 325.556 -4.86931 5.9575 57.54 -0.527024 -13 2059 1 0 1
-34.1946 22.2606 325.556 -8.12253 4.2789 72.193 3.5562 -13 2060 1 0 1
33.8734 -13.9551 325.556 6.65151 -3.00995 63.6949 2.64242 -13 2061 1 0 1
25.3479 -3.68117 325.556 5.41319 -1.47729 72.737 4.14458 -13 2062 1 0 1
14.6924 -59.8419 325.556 2.0298 -7.16652 38.5228 1.31901 -13 2063 1 0 1
2.08298 -55.2569 325.556 0.403527 -12.2966 64.3133 1.96327 -13 2064 1 0 1
51.1207 41.528 325.556 9.24746 7.75992 57.647 0.447016 -13 2065 1 0 1
7.80994 14.1825 325.556 1.50451 2.14852 56.2993 2.08234 -13 2067 1 0 1
78.5021 -18.2883 325.556 15.4991 -4.27412 64.108 0.828673 -13 2068 1 0 1
-42.5986 -13.235 325.556 -7.57973 -2.5247 58.0631 2.03053 -13 2069 1 0 1
-28.7717 -43.5538 325.556 -7.50519 -10.9126 76.6373 2.182 -13 2070 1 0 1
-15.3224 13.7663 325.556 -2.22513 2.53868 51.769 1.12454 -13 2071 1 0 1
100.316 85.1881 325.556 16.1093 14.3014 51.5249 0.376283 -13 2072 1 0 1
-18.1206 -71.8046 325.556 -3.10291 -13.6977 57.0513 3.19823 -13 2073 1 0 1
11.5117 5.33546 325.556 2.31498 0.887474 70.9828 1.19747 -13 2074 1 0 1
-10.589 -29.964 325.556 -1.9131 -5.99189 59.2727 0.295572 -13 2075 1 0 1
-8.29449 -22.6774 325.556 -1.72551 -4.7117 65.19 2.35709 -13 2076 1 0 1
34.1565 -22.0663 325.556 7.3385 -4.87717 72.0859 1.92696 -13 2077 1 0 1
57.811 54.0726 325.556 11.2455 11.2985 63.1288 1.80639 -13 2078 1 0 1
2.63861 -21.0747 325.556 0.474696 -4.97473 63.262 1.63212 -13 2079 1 0 1
-0.868576 8.53104 325.556 -0.399221 2.15868 69.3481 1.78238 -13 2080 1 0 1
-1.68776 23.6529 325.556 -0.649205 5.39168 71.9847 3.61333 -13 2081 1 0 1
3.8575 50.3995 325.556 0.863963 9.04941 55.2348 1.70277 -13 2082 1 0 1
56.5604 54.7214 325.556 11.1464 10.9903 63.7583 4.12061 -13 2083 1 0 1
12.5622 74.7907 325.556 2.33979 14.3785 59.0973 2.22359 -13 2085 1 0 1
6.50311 4.47664 325.556 1.22242 1.03131 68.1698 2.08643 -13 2086 1 0 1
15.418 28.4812 325.556 3.03712 5.65477 62.2888 2.38958 -13 2087 1 0 1
-61.8703 -28.3551 325.556 -15.2567 -6.75375 75.5759 1.02547 -13 2089 1 0 1
19.4494 -22.5158 325.556 2.77118 -2.96712 40.4951 2.02198 -13 2090 1 0 1
-12.0711 -5.68495 325.556 -2.74129 -1.20876 69.3693 0.090855 -13 2091 1 0 1
-6.31897 114.956 325.556 -1.08915 21.9579 58.274 2.41757 -13 2092 1 0 1
74.844 -78.1771 325.556 9.70031 -10.0117 41.1286 2.07444 -13 2093 1 0 1
-10.8529 -17.8427 325.556 -2.10091 -4.03305 61.7598 3.11228 -13 2094 1 0 1
5.81623 13.9411 325.556 0.899409 3.43529 74.8274 2.59488 -13 2095 1 0 1
34.6866 -17.0087 325.556 6.42102 -3.07371 58.3894 2.05541 -13 2096 1 0 1
0.48303 -4.94496 325.556 0.0486417 -0.5883 59.4902 1.72037 -13 2097 1 0 1
0.614344 91.2997 325.556 0.259727 15.8908 53.5688 1.96983 -13 2098 1 0 1
-57.0667 -4.979 325.556 -11.124 -0.83108 62.953 1.58234 -13 2099 1 0 1
-39.9874 -68.4296 325.556 -5.34167 -10.1003 45.6531 2.2199 -13 2100 1 0 1
47.8752 -61.4509 325.556 7.96968 -10.5568 52.1741 1.66726 -13 2101 1 0 1
-35.0292 -8.88927 325.556 -1.99033 -0.708238 20.6617 8.02669 -13 2102 1 0 1
-10.9017 -20.6733 325.556 -2.37225 -4.60213 66.3985 1.18813 -13 2103 1 0 1
11.5936 13.2099 325.556 2.33281 2.86276 69.5424 2.12334 -13 2104 1 0 1
2.98526 -47.2831 325.556 0.0442882 -11.7549 77.7838 0.650434 -13 2105 1 0 1
-18.8164 30.1941 325.556 -4.28013 6.94172 69.2377 1.83047 -13 2108 1 0 1
-11.9292 6.84056 325.556 -1.92331 1.2413 56.6573 1.37072 -13 2109 1 0 1
24.8203 85.7248 325.556 4.91431 17.5813 63.8345 1.8623 -13 2110 1 0 1
-34.4794 -68.9118 325.556 -5.37096 -11.9255 52.3829 3.65491 -13 2111 1 0 1
10.8633 24.7426 325.556 2.13092 4.89092 61.0655 1.09093 -13 2112 1 0 1
-2.89925 9.85135 325.556 -0.909421 2.571 71.4321 0.855202 -13 2113 1 0 1
-17.2619 -55.9522 325.556 -2.75675 -10.0446 54.8581 3.65158 -13 2114 1 0 1
-50.6984 -54.8142 325.556 -9.80045 -11.0915 61.7418 4.63274 -13 2115 1 0 1
33.1937 -4.82167 325.556 6.4011 -1.12411 60.3065 1.92506 -13 2116 1 0 1
31.1143 41.7809 325.556 6.32359 8.72786 66.6662 1.92857 -13 2117 1 0 1
-9.25854 31.875 325.556 -1.9482 6.55537 65.8412 0.713606 -13 2118 1 0 1
-1.45476 26.7115 325.556 -0.517742 5.23226 67.964 1.91197 -13 2119 1 0 1
18.7008 -6.10712 325.556 3.52711 -0.9717 57.0292 -0.512662 -13 2120 1 0 1
18.0939 46.1763 325.556 3.33911 8.82616 58.3258 4.04735 -13 2121 1 0 1
-43.5578 -26.441 325.556 -8.15831 -5.48567 61.1464 3.70291 -13 2122 1 0 1
-3.76529 -1.55969 325.556 -1.40168 -0.377999 76.9665 2.33933 -13 2123 1 0 1
-59.1862 52.7404 325.556 -8.58167 7.82078 48.0002 4.99687 -13 2124 1 0 1
-37.5377 -30.0953 325.556 -6.24696 -5.31292 54.9319 1.46989 -13 2125 1 0 1
-28.1336 46.4123 325.556 -7.14742 11.5053 75.5002 1.24282 -13 2126 1 0 1
34.224 -21.7075 325.556 6.53312 -4.60449 60.8969 1.39716 -13 2127 1 0 1
4.50165 -33.2526 325.556 0.810555 -6.93348 68.4896 4.15154 -13 2128 1 0 1
-28.2941 35.2225 325.556 -6.24003 7.86151 67.5775 1.38035 -13 2129 1 0 1
-4.04506 16.6867 325.556 -0.801568 2.9258 64.5023 1.75324 -13 2130 1 0 1
-36.7812 -27.3655 325.556 -6.82027 -5.25864 60.4122 4.0691 -13 2131 1 0 1
18.3593 26.3561 325.556 3.82955 6.85334 77.1828 2.59504 -13 2132 1 0 1
-18.3191 56.7366 325.556 -2.82509 11.0672 55.6044 2.58928 -13 2133 1 0 1
-21.1304 45.8046 325.556 -4.53842 10.3714 66.9828 1.49578 -13 2134 1 0 1
132.806 -70.9034 325.556 25.6459 -14.0617 62.7149 3.07736 -13 2135 1 0 1
-41.5954 12.5991 325.556 -8.2493 2.6395 63.948 2.52708 -13 2136 1 0 1
60.1195 41.9327 325.556 12.1609 8.46079 66.2175 0.55732 -13 2137 1 0 1
-41.0587 37.887 325.556 -8.77699 8.35808 67.8527 0.890131 -13 2138 1 0 1
29.1744 11.6173 325.556 6.22314 2.6539 71.664 2.99511 -13 2139 1 0 1
-68.9141 28.8484 325.556 -9.39546 4.4418 44.7758 1.72525 -13 2140 1 0 1
26.1469 -45.9838 325.556 5.18171 -9.49207 64.0112 3.35587 -13 2141 1 0 1
36.6797 32.0794 325.556 8.0997 8.5513 77.1784 2.6846 -13 2142 1 0 1
35.0765 16.023 325.556 5.99712 2.71571 53.4027 1.35342 -13 2143 1 0 1
-63.6465 -22.2794 325.556 -11.4009 -4.19073 58.3626 1.73871 -13 2144 1 0 1
-61.5162 9.83384 325.556 -3.0547 0.585202 17.7134 8.58026 -13 2145 1 0 1
78.0338 -60.98 325.556 14.4211 -11.9043 59.5083 1.93806 -13 2146 1 0 1
43.8898 79.5656 325.556 6.7196 12.4664 47.941 3.08146 -13 2147 1 0 1
11.4169 30.7607 325.556 2.2436 5.74945 58.0962 2.45497 -13 2148 1 0 1
-61.0843 26.7592 325.556 -11.7519 5.36068 62.1684 2.22977 -13 2149 1 0 1
-10.554 50.2763 325.556 -1.52612 8.86461 53.471 1.42114 -13 2150 1 0 1
-29.1928 -1.06258 325.556 -6.38753 -0.337088 68.4537 0.302386 -13 2151 1 0 1
-78.8872 10.9813 325.556 -15.434 2.4697 62.7424 1.45886 -13 2152 1 0 1
-48.7178 -53.0191 325.556 -8.30209 -9.41657 55.9908 0.0316158 -13 2153 1 0 1
101.217 100.566 325.556 15.1559 15.8074 47.7947 2.69927 -13 2154 1 0 1
9.23029 7.73968 325.556 1.84551 2.09883 64.7175 1.32015 -13 2155 1 0 1
-10.5337 13.3053 325.556 -2.44103 2.67084 68.3249 4.19564 -13 2156 1 0 1
2.22259 -24.0721 325.556 -0.123699 -6.2373 79.392 3.28358 -13 2157 1 0 1
-45.1668 -9.61853 325.556 -6.55739 -1.41072 48.8014 3.2543 -13 2158 1 0 1
-51.0526 -27.9116 325.556 -8.21215 -4.5994 53.3073 3.84059 -13 2159 1 0 1
-27.2269 -77.7526 325.556 -4.80726 -15.1927 58.622 3.74219 -13 2160 1 0 1
36.7454 14.33 325.556 7.689 3.18481 68.8729 4.01906 -13 2161 1 0 1
-43.5326 -20.1469 325.556 -11.746 -5.65937 80.2231 3.72395 -13 2162 1 0 1
3.9368 30.7357 325.556 0.886521 6.26071 63.3737 2.62319 -13 2163 1 0 1
-16.1065 60.967 325.556 -3.18681 13.1325 64.3311 1.50446 -13 2165 1 0 1
-27.7348 17.2831 325.556 -4.39209 3.01387 53.5413 0.871482 -13 2166 1 0 1
10.7655 8.22404 325.556 2.05196 1.80716 70.5793 3.49186 -13 2167 1 0 1
-26.3177 -1.67758 325.556 -7.09871 -0.236566 78.2878 0.910634 -13 2169 1 0 1
71.0703 -191.192 325.556 7.54442 -21.2206 33.5398 3.80094 -13 2170 1 0 1
19.3398 43.2143 325.556 3.72859 8.42416 61.5591 4.8186 -13 2171 1 0 1
-32.918 47.6227 325.556 -5.60916 8.67209 56.3371 1.52633 -13 2172 1 0 1
-64.5351 10.0661 325.556 -14.6116 1.75754 71.074 -1.00438 -13 2173 1 0 1
-6.28046 -61.0082 325.556 -0.500368 -7.86721 41.9422 1.09201 -13 2174 1 0 1
17.9807 48.6752 325.556 3.6723 11.2426 67.8198 2.29079 -13 2175 1 0 1
-32.336 -48.9905 325.556 -2.6028 -4.37664 28.1305 6.33524 -13 2176 1 0 1
-16.1578 -18.7739 325.556 -4.33604 -4.62777 75.8599 2.34101 -13 2177 1 0 1
-30.499 -50.6598 325.556 -3.94409 -7.34187 43.9144 4.49933 -13 2178 1 0 1
-49.0066 7.84942 325.556 -10.7338 1.81318 68.5784 2.92613 -13 2179 1 0 1
5.6654 -106.048 325.556 1.11986 -17.3647 50.1211 1.72561 -13 2180 1 0 1
-24.5358 61.8811 325.556 -5.51646 14.2274 69.6865 1.83227 -13 2181 1 0 1
-7.10827 -40.0431 325.556 -0.897321 -6.22105 50.465 2.5647 -13 2182 1 0 1
21.8626 -20.8484 325.556 4.35126 -4.5472 66.9476 1.42794 -13 2183 1 0 1
-15.0048 2.9248 325.556 -4.07999 0.41871 75.5206 1.12588 -13 2184 1 0 1
-2.311 -8.21873 325.556 -1.46084 -2.73015 79.1967 2.14366 -13 2185 1 0 1
-11.049 23.2033 325.556 -2.63868 5.39917 70.3751 2.76457 -13 2186 1 0 1
43.7006 -26.7039 325.556 9.19505 -6.01911 69.6234 1.76046 -13 2187 1 0 1
-69.3834 -41.8463 325.556 -16.9454 -10.1576 75.6653 3.27135 -13 2188 1 0 1
-3.20977 -82.7412 325.556 -0.433038 -15.2387 55.6086 3.43841 -13 2189 1 0 1
-34.8232 36.4823 325.556 -8.67498 9.14679 75.3903 1.38644 -13 2190 1 0 1
-12.6146 -3.18606 325.556 -1.97559 -0.264336 54.1709 0.989221 -13 2191 1 0 1
-41.8024 -2.61266 325.556 -10.0827 0.00210457 73.9111 2.7379 -13 2192 1 0 1
-39.6238 5.22294 325.556 -5.8887 0.918417 50.7717 2.97861 -13 2193 1 0 1
-29.8725 -5.69524 325.556 -5.62158 -1.15322 60.6074 3.0945 -13 2194 1 0 1
-8.48665 -27.4115 325.556 -2.09288 -6.04417 69.6344 3.49907 -13 2195 1 0 1
6.56952 86.3123 325.556 0.845058 20.8073 74.6708 2.47761 -13 2196 1 0 1
21.1966 14.2633 325.556 4.43072 3.82359 75.1041 2.90229 -13 2197 1 0 1
-4.46268 -4.288 325.556 -1.63163 -1.38293 76.9874 2.38353 -13 2198 1 0 1
1.22954 2.34194 325.556 0.233026 0.857324 64.5061 3.25102 -13 2199 1 0 1
-16.0868 27.5368 325.556 -3.16412 5.45753 63.8667 2.12417 -13 2200 1 0 1
-7.853 -32.2818 325.556 -1.37839 -5.91371 59.0015 3.8545 -13 2201 1 0 1
23.0959 31.3968 325.556 4.79488 7.1834 70.4408 4.25024 -13 2202 1 0 1
18.5458 15.1722 325.556 3.70997 3.33524 64.5498 3.9058 -13 2203 1 0 1
19.8501 -36.8786 325.556 4.03951 -8.46287 68.9734 3.2767 -13 2204 1 0 1
2.66463 62.9118 325.556 0.271083 14.7563 70.159 2.96067 -13 2205 1 0 1
5.99418 77.1559 325.556 1.13027 12.956 52.2651 2.66263 -13 2206 1 0 1
-37.0074 -22.4738 325.556 -7.79007 -4.79639 66.9712 1.54255 -13 2207 1 0 1
-67.371 -32.3456 325.556 -7.20073 -3.76267 35.9283 5.97987 -13 2208 1 0 1
-41.5176 26.2919 325.556 -7.33436 4.97951 57.5237 3.73975 -13 2209 1 0 1
76.3273 52.8713 325.556 12.0803 8.10982 49.9866 2.94371 -13 2210 1 0 1
-34.8176 -3.97973 325.556 -7.60923 -1.01052 68.9469 -0.531666 -13 2211 1 0 1
-13.308 -26.2091 325.556 -3.47355 -5.93905 73.2744 1.36504 -13 2212 1 0 1
-21.803 11.9252 325.556 -4.07322 2.26102 62.4542 3.10825 -13 2213 1 0 1
-63.196 -28.1875 325.556 -15.2764 -6.77888 75.018 2.76804 -13 2214 1 0 1
-114.791 152.608 325.556 -18.2861 25.2116 51.4995 0.578019 -13 2215 1 0 1
-57.7952 -55.6552 325.556 -11.8329 -11.1901 64.8585 2.12908 -13 2216 1 0 1
14.0607 59.5324 325.556 2.75327 12.6227 66.9188 4.53361 -13 2217 1 0 1
-32.0849 -48.5414 325.556 -5.44671 -8.34198 56.7047 2.44909 -13 2218 1 0 1
-26.4477 70.5099 325.556 -5.43492 14.6787 65.0175 0.70147 -13 2219 1 0 1
16.7674 -5.61424 325.556 3.36974 -0.727551 66.5192 2.25624 -13 2220 1 0 1
-27.6726 -27.7868 325.556 -5.23784 -5.27358 61.5529 2.57617 -13 2221 1 0 1
-21.5709 -10.4101 325.556 -2.4347 -1.05179 40.2479 3.48242 -13 2223 1 0 1
85.7498 -18.0596 325.556 18.687 -4.03897 72.0137 1.20781 -13 2224 1 0 1
30.7101 36.1067 325.556 4.54666 5.386 45.3746 3.18205 -13 2225 1 0 1
6.82694 10.9564 325.556 1.18752 2.25373 74.5494 1.47629 -13 2226 1 0 1
-5.17567 23.3155 325.556 -1.10568 4.6702 64.4321 1.77961 -13 2227 1 0 1
-11.5528 -6.36021 325.556 -2.76125 -0.667909 68.8561 2.53345 -13 2228 1 0 1
27.8307 -22.6758 325.556 5.75635 -6.30552 78.7692 4.01936 -13 2229 1 0 1
20.0555 26.1422 325.556 3.18448 4.22229 45.8269 3.51411 -13 2230 1 0 1
-53.1869 34.6865 325.556 -10.1847 6.90642 62.1855 1.25544 -13 2231 1 0 1
22.5346 34.7534 325.556 3.96026 6.61368 53.9118 2.08142 -13 2232 1 0 1
-38.4869 -43.7786 325.556 -8.15061 -9.41206 67.0885 -0.0435381 -13 2233 1 0 1
1.71467 -10.8382 325.556 0.277124 -2.29072 63.2324 1.11385 -13 2234 1 0 1
23.4749 46.2093 325.556 3.86835 7.65147 50.3559 0.836132 -13 2235 1 0 1
-38.6569 -17.8943 325.556 -7.33517 -3.98077 61.0565 3.69652 -13 2236 1 0 1
-21.0124 13.0195 325.556 -6.18791 3.27175 81.4221 4.92582 -13 2237 1 0 1
3.54498 16.8648 325.556 0.722557 3.50159 61.9329 3.30083 -13 2238 1 0 1
30.3601 -68.2637 325.556 5.98712 -14.3514 65.2414 4.85019 -13 2239 1 0 1
-42.7335 -32.587 325.556 -9.95403 -7.94091 71.7562 1.41173 -13 2240 1 0 1
-11.4795 12.1662 325.556 -2.62965 2.97934 68.5622 0.507455 -13 2241 1 0 1
-9.58813 5.79997 325.556 -2.26049 1.34319 70.4602 3.06998 -13 2242 1 0 1
7.37971 64.7734 325.556 1.47276 12.2297 58.4502 2.20297 -13 2243 1 0 1
-22.5201 80.5944 325.556 -3.32183 13.7209 51.0802 2.58226 -13 2244 1 0 1
10.5888 25.2369 325.556 2.11062 5.91999 69.5706 2.91166 -13 2245 1 0 1
-39.7246 7.48604 325.556 -9.11607 2.49113 71.575 3.02213 -13 2246 1 0 1
-1.49214 -4.02129 325.556 -1.30659 -1.19492 81.3643 0.435863 -13 2247 1 0 1
31.6717 -10.6839 325.556 6.92895 -2.99915 75.9495 1.13178 -13 2248 1 0 1
69.7325 -9.00241 325.556 12.9918 -1.35167 59.7352 2.31983 -13 2249 1 0 1
2.79777 29.4067 325.556 0.046675 6.85374 77.5512 2.67109 -13 2250 1 0 1
32.4868 -14.7272 325.556 6.71505 -2.86072 68.7082 2.03429 -13 2251 1 0 1
1.92537 59.9593 325.556 0.43013 11.422 60.6726 2.16925 -13 2252 1 0 1
67.505 87.8409 325.556 10.7049 14.9261 50.97 4.46339 -13 2253 1 0 1
-49.9948 47.7443 325.556 -9.69945 9.66828 62.5684 -0.213864 -13 2254 1 0 1
14.0039 -21.4165 325.556 2.63287 -4.35061 59.7544 2.88337 -13 2256 1 0 1
76.6497 -29.5266 325.556 14.3107 -5.83104 60.1641 0.707699 -13 2257 1 0 1
34.075 -80.7492 325.556 6.01607 -14.7754 56.0859 2.85715 -13 2258 1 0 1
53.4632 5.6693 325.556 10.2508 1.35724 61.3494 2.33857 -13 2259 1 0 1
74.4164 -19.266 325.556 14.4266 -4.5316 62.5716 2.87243 -13 2260 1 0 1
-44.0844 68.8499 325.556 -11.4239 17.8558 77.2517 3.32276 -13 2261 1 0 1
-13.2269 49.9744 325.556 -2.12644 9.15851 56.0313 3.27519 -13 2262 1 0 1
-38.4498 -25.8407 325.556 -8.66186 -5.32637 69.7705 2.76575 -13 2263 1 0 1
21.8508 -49.2111 325.556 4.26508 -10.4499 63.9428 2.30075 -13 2264 1 0 1
18.6283 -26.3038 325.556 3.84175 -5.67968 68.4993 1.11048 -13 2265 1 0 1
-52.6035 47.5444 325.556 -9.08142 8.89986 56.4403 3.78381 -13 2266 1 0 1
29.3716 -32.3956 325.556 5.75885 -6.1056 63.6441 3.52527 -13 2267 1 0 1
-40.2609 54.2382 325.556 -5.57276 8.0554 46.7909 1.29432 -13 2268 1 0 1
-42.0662 -52.6652 325.556 -9.19309 -12.4757 68.5078 2.08406 -13 2269 1 0 1
-9.2312 -27.6264 325.556 -2.89725 -6.48231 77.3401 1.35432 -13 2270 1 0 1
6.73444 27.2009 325.556 1.37053 5.75104 69.1589 0.954596 -13 2271 1 0 1
-75.6078 8.77273 325.556 -19.2652 1.89644 78.49 1.29045 -13 2272 1 0 1
17.9323 23.5505 325.556 3.373 4.46485 59.5871 1.2644 -13 2273 1 0 1
-45.6755 -17.4538 325.556 -11.2791 -4.61357 75.259 0.637495 -13 2274 1 0 1
4.66841 -63.9471 325.556 1.05582 -10.2341 48.771 2.39575 -13 2275 1 0 1
37.898 -1.6891 325.556 7.79541 -0.763647 66.9025 1.47998 -13 2276 1 0 1
-49.8213 -13.7295 325.556 -8.70942 -2.12136 57.082 0.777071 -13 2277 1 0 1
-10.8738 7.92071 325.556 -2.64782 1.61392 70.6016 2.88013 -13 2278 1 0 1
-19.5263 34.7034 325.556 -5.24774 9.38652 76.251 2.58798 -13 2279 1 0 1
-13.8413 -18.0229 325.556 -2.59711 -3.53142 60.6278 1.73426 -13 2280 1 0 1
28.6281 -20.2366 325.556 5.44327 -4.00905 61.4803 -0.729797 -13 2281 1 0 1
-55.3194 11.8283 325.556 -11.7675 2.55347 67.0331 2.75604 -13 2282 1 0 1
-48.5517 23.336 325.556 -5.96959 2.9393 42.262 4.37787 -13 2283 1 0 1
-30.1235 9.01464 325.556 -7.03568 1.76215 71.8055 0.486377 -13 2284 1 0 1
-52.2135 23.3614 325.556 -5.8717 3.07198 38.1357 3.52639 -13 2285 1 0 1
-14.7922 -11.8326 325.556 -2.21806 -2.04259 52.6185 1.95101 -13 2286 1 0 1
-29.4728 7.79715 325.556 -4.88087 1.53052 55.6762 0.383249 -13 2287 1 0 1
-12.8532 6.15009 325.556 -2.77797 1.40451 66.4444 2.41815 -13 2288 1 0 1
-36.8938 -24.3232 325.556 -6.83499 -5.14657 60.2534 4.03622 -13 2289 1 0 1
-24.1031 -71.2253 325.556 -5.97841 -17.0956 73.0995 2.28568 -13 2290 1 0 1
-40.2376 -90.7849 325.556 -5.82702 -14.5616 48.7722 3.06451 -13 2291 1 0 1
17.008 6.26111 325.556 3.36695 1.6873 71.1464 1.61315 -13 2292 1 0 1
71.9055 -42.4337 325.556 12.8072 -8.21682 56.9529 1.76796 -13 2293 1 0 1
-10.5861 36.1506 325.556 -2.03838 7.92394 64.3467 3.09338 -13 2294 1 0 1
-29.0581 -16.0432 325.556 -6.86693 -3.25746 72.2672 3.95555 -13 2295 1 0 1
-8.96223 -84.8694 325.556 -2.10833 -18.5245 67.6658 2.09891 -13 2296 1 0 1
-27.4972 -14.9735 325.556 -3.7416 -2.51925 46.355 -0.318053 -13 2297 1 0 1
-70.5235 101.571 325.556 -7.16734 11.6755 34.7117 1.84914 -13 2298 1 0 1
-73.3634 -37.8819 325.556 -16.4536 -8.69632 70.6342 0.889939 -13 2299 1 0 1
-44.4717 -2.97273 325.556 -10.1729 -0.389218 71.2553 3.02648 -13 2300 1 0 1
-12.5449 -30.0028 325.556 -2.19919 -5.21359 57.8627 1.6783 -13 2301 1 0 1
1.28933 9.37875 325.556 0.491201 1.46244 48.5637 1.33983 -13 2302 1 0 1
-65.6672 -61.6316 325.556 -11.3999 -11.5131 56.3312 2.4977 -13 2303 1 0 1
-1.70486 12.3732 325.556 -0.421784 2.43555 65.7328 1.76086 -13 2304 1 0 1
-41.5358 18.1043 325.556 -6.32497 3.13266 51.1822 1.76519 -13 2305 1 0 1
-27.4571 7.90986 325.556 -6.21753 2.08291 70.1216 4.6363 -13 2306 1 0 1
-17.1602 23.6284 325.556 -4.12682 6.20358 71.1822 2.34127 -13 2307 1 0 1
-42.2228 -25.9147 325.556 -9.17221 -5.05543 68.6483 2.9711 -13 2308 1 0 1
-4.27946 -37.3611 325.556 -0.821791 -7.3582 61.9293 1.74779 -13 2309 1 0 1
-60.6086 -21.769 325.556 -11.5601 -4.48525 61.4371 1.86265 -13 2310 1 0 1
-47.3914 53.6477 325.556 -12.3915 13.5098 77.2939 1.31168 -13 2312 1 0 1
64.8031 50.3549 325.556 9.47443 7.64714 46.2293 0.952508 -13 2313 1 0 1
-40.1318 67.6489 325.556 -10.256 16.7543 76.2839 0.526199 -13 2314 1 0 1
25.5331 -2.32233 325.556 5.41731 0.228075 73.7641 3.44876 -13 2315 1 0 1
32.2961 -51.671 325.556 6.00205 -9.61327 58.4755 2.16635 -13 2316 1 0 1
28.4987 7.6114 325.556 5.14821 1.54602 56.4838 2.52727 -13 2318 1 0 1
12.7598 -55.7814 325.556 1.97097 -8.01847 42.1599 1.97187 -13 2319 1 0 1
28.776 -35.3353 325.556 5.86023 -7.14989 66.6254 4.46892 -13 2320 1 0 1
-28.8126 -11.6578 325.556 -7.364 -2.93382 76.1859 2.15344 -13 2321 1 0 1
-33.5439 60.9171 325.556 -7.82815 13.9975 71.4017 -0.562695 -13 2322 1 0 1
111.617 19.0637 325.556 18.0981 3.27216 52.1794 1.47571 -13 2323 1 0 1
-8.11529 6.44731 325.556 -2.15827 1.56229 71.077 2.85002 -13 2324 1 0 1
-7.89711 1.32852 325.556 -1.85531 0.305694 67.732 1.73546 -13 2325 1 0 1
108.821 65.853 325.556 14.0057 8.56133 41.122 5.28344 -13 2326 1 0 1
32.4088 6.73027 325.556 5.7526 1.03991 53.8282 1.77468 -13 2327 1 0 1
67.7518 8.45035 325.556 14.1021 1.66649 68.0736 3.19791 -13 2328 1 0 1
-18.6138 -5.12749 325.556 -2.77862 -1.06069 51.8873 1.9871 -13 2329 1 0 1
-14.4761 -38.3409 325.556 -3.89645 -9.28458 74.9356 4.18078 -13 2330 1 0 1
11.104 28.4816 325.556 2.17032 7.07326 66.039 0.491628 -13 2331 1 0 1
-1.9998 76.3692 325.556 -0.129037 11.8422 47.9966 0.358358 -13 2332 1 0 1
20.5622 5.261 325.556 3.78261 1.2373 55.1558 2.15743 -13 2334 1 0 1
-44.9894 -11.5526 325.556 -6.92513 -2.15443 51.4911 2.64185 -13 2335 1 0 1
-28.5326 55.6973 325.556 -5.43094 11.6791 61.5115 2.69007 -13 2336 1 0 1
30.3416 -0.758177 325.556 5.86667 -0.233179 61.5061 0.541323 -13 2337 1 0 1
-22.4063 54.2806 325.556 -3.95567 10.7927 58.0752 2.31337 -13 2338 1 0 1
-38.5168 91.382 325.556 -4.90026 12.9084 43.226 0.204884 -13 2339 1 0 1
-7.36249 -29.931 325.556 -2.56639 -7.81627 79.5525 2.32635 -13 2340 1 0 1
26.5438 -46.3408 325.556 5.19202 -9.79933 64.4127 3.98342 -13 2341 1 0 1
55.0838 79.0263 325.556 9.04084 13.5565 52.0338 2.21197 -13 2343 1 0 1
-64.4105 0.941159 325.556 -15.9204 0.839523 76.2204 1.60043 -13 2344 1 0 1
-30.5003 28.4596 325.556 -5.59713 5.81158 59.4653 3.2464 -13 2345 1 0 1
-32.4909 -12.7964 325.556 -6.37649 -2.06121 62.959 1.47989 -13 2346 1 0 1
18.8892 -10.4168 325.556 3.35424 -2.22327 52.9751 4.4068 -13 2348 1 0 1
-70.4024 10.8048 325.556 -6.64666 1.08604 31.9309 5.21168 -13 2349 1 0 1
23.1735 1.52135 325.556 4.31561 0.428552 55.8892 1.91578 -13 2350 1 0 1
-22.3238 -15.7472 325.556 -5.11804 -3.15652 69.6319 0.575691 -13 2351 1 0 1
-35.8343 19.8877 325.556 -7.71988 4.42818 67.4266 2.20072 -13 2352 1 0 1
-103.883 -24.0481 325.556 -17.0456 -4.67378 53.4508 1.47033 -13 2353 1 0 1
-25.9902 56.9501 325.556 -4.44295 10.6411 56.4916 3.97892 -13 2354 1 0 1
-12.0318 -54.9215 325.556 -2.76809 -12.4303 68.0408 0.80247 -13 2355 1 0 1
-9.43653 67.2581 325.556 -2.23929 15.0261 68.5566 4.06855 -13 2356 1 0 1
-25.2471 41.2003 325.556 -4.35325 7.68105 56.728 0.895108 -13 2357 1 0 1
17.7324 16.7248 325.556 3.41972 3.2954 59.1306 0.940152 -13 2358 1 0 1
59.3684 -63.6888 325.556 7.96813 -8.66841 41.6631 3.04194 -13 2359 1 0 1
-43.507 -16.6979 325.556 -10.4508 -3.82031 73.6637 1.05329 -13 2360 1 0 1
-27.5024 -37.3772 325.556 -4.95735 -7.04424 59.8753 2.35627 -13 2361 1 0 1
-63.8544 -12.4694 325.556 -9.59343 -1.87274 49.6363 2.10127 -13 2362 1 0 1
-26.0873 25.2535 325.556 -5.70335 5.77326 67.8174 0.981862 -13 2363 1 0 1
-6.3577 -10.9611 325.556 -1.9339 -2.41798 75.6869 3.307 -13 2364 1 0 1
1.2893 -21.2717 325.556 0.0581114 -4.17997 68.1141 4.57579 -13 2365 1 0 1
16.8248 25.9085 325.556 3.4983 5.79533 74.7716 2.47108 -13 2366 1 0 1
-33.343 11.397 325.556 -7.72206 2.89169 71.405 1.61364 -13 2367 1 0 1
28.7291 26.768 325.556 5.99064 6.02607 70.3371 2.14611 -13 2368 1 0 1
-14.7467 13.8489 325.556 -2.56674 2.78547 59.601 1.89828 -13 2369 1 0 1
69.4574 -1.86453 325.556 14.7251 0.364471 69.571 2.156 -13 2370 1 0 1
24.0934 32.0421 325.556 4.81619 6.37683 63.7455 0.924404 -13 2371 1 0 1
-43.2969 21.9387 325.556 -10.5143 5.62528 75.0299 4.79731 -13 2372 1 0 1
14.7431 69.1697 325.556 2.81642 15.1258 69.0151 2.80455 -13 2373 1 0 1
-60.879 -3.27068 325.556 -14.5349 -0.81913 73.7763 3.56711 -13 2374 1 0 1
7.73792 -68.9825 325.556 1.39341 -11.2044 50.0634 2.34404 -13 2375 1 0 1
26.9656 26.2163 325.556 5.31964 5.14015 63.5036 1.11019 -13 2376 1 0 1
-9.39919 -4.8139 325.556 -2.14504 -1.42029 69.3371 2.88416 -13 2377 1 0 1
45.8502 57.0356 325.556 10.0535 13.6773 74.4405 2.80692 -13 2378 1 0 1
9.1338 -69.5096 325.556 1.5885 -15.6066 68.7616 4.47105 -13 2379 1 0 1
-21.4764 -19.6289 325.556 -5.00965 -4.48636 70.6822 1.46788 -13 2380 1 0 1
-70.468 16.7453 325.556 -10.284 2.79431 48.1289 2.11616 -13 2381 1 0 1
-23.9382 -6.89734 325.556 -3.67352 -1.12221 52.8952 2.19829 -13 2382 1 0 1
6.16261 82.5651 325.556 1.09109 16.0448 60.408 0.863663 -13 2383 1 0 1
-18.4678 42.0868 325.556 -4.37727 9.229 70.9811 2.34767 -13 2384 1 0 1
-6.1605 -30.7622 325.556 -0.689301 -4.41965 49.49 3.11288 -13 2385 1 0 1
39.3244 -31.0808 325.556 5.03342 -3.93028 40.4303 1.23389 -13 2386 1 0 1
-11.4747 -14.9135 325.556 -3.12167 -3.42701 74.7456 4.3173 -13 2387 1 0 1
-63.8984 26.7886 325.556 -15.8234 6.57738 76.0319 1.78881 -13 2388 1 0 1
4.47114 -34.0781 325.556 0.840226 -7.03326 61.3224 -0.114149 -13 2389 1 0 1
41.9492 -8.17058 325.556 8.49367 -1.78567 66.3251 0.229853 -13 2390 1 0 1
91.7141 -40.4179 325.556 15.1061 -7.1204 52.8027 2.89714 -13 2391 1 0 1
-108.628 -21.772 325.556 -22.2077 -4.10261 65.1117 1.58464 -13 2392 1 0 1
-20.4222 -4.91719 325.556 -4.65909 -0.8073 69.5534 1.24972 -13 2393 1 0 1
28.8046 18.6316 325.556 5.90435 4.17912 66.9181 2.81061 -13 2394 1 0 1
22.9515 22.3092 325.556 4.72359 5.10443 70.5328 2.88949 -13 2395 1 0 1
-0.687269 3.25417 325.556 -0.0530115 1.01921 60.4625 4.58398 -13 2396 1 0 1
4.80564 -10.6527 325.556 0.582075 -2.86837 74.8286 0.813606 -13 2397 1 0 1
-72.8495 2.82131 325.556 -9.93264 -0.234457 45.7579 2.72946 -13 2398 1 0 1
41.6004 0.278715 325.556 7.36854 0.171335 56.7395 2.75972 -13 2399 1 0 1
-44.6946 -13.7228 325.556 -7.82402 -2.5645 57.6765 2.62174 -13 2400 1 0 1
-47.1334 21.3681 325.556 -5.45026 2.80667 38.9931 1.51409 -13 2401 1 0 1
-66.1989 38.126 325.556 -11.6478 7.21561 57.4395 4.46142 -13 2402 1 0 1
43.7443 31.8347 325.556 7.58806 5.76943 53.8582 1.63087 -13 2403 1 0 1
17.3878 59.5999 325.556 3.3988 13.1514 69.0948 2.721 -13 2404 1 0 1
-4.90734 -29.8995 325.556 -1.15456 -6.50636 66.9014 3.22888 -13 2405 1 0 1
41.1353 -16.9639 325.556 6.49399 -2.6298 48.9723 1.43807 -13 2406 1 0 1
-14.2436 31.7913 325.556 -2.5529 5.93908 60.1863 4.3125 -13 2407 1 0 1
-14.7225 -48.63 325.556 -2.63158 -9.63992 59.549 2.01688 -13 2408 1 0 1
11.108 -19.5237 325.556 2.19287 -4.01056 67.6821 3.3221 -13 2409 1 0 1
43.4859 40.0123 325.556 8.97173 9.06811 67.577 0.51301 -13 2410 1 0 1
-16.3078 7.17407 325.556 -3.05134 1.5681 61.6172 1.56354 -13 2411 1 0 1
-38.4912 -41.7755 325.556 -8.06677 -9.11748 66.5143 3.28067 -13 2412 1 0 1
-61.6821 -19.3889 325.556 -15.1307 -4.70676 75.6876 4.47931 -13 2413 1 0 1
-31.3295 -13.051 325.556 -8.63447 -3.10205 78.8059 -1.44899 -13 2414 1 0 1
48.0883 6.54145 325.556 10.2709 0.748631 69.7424 1.80403 -13 2415 1 0 1
-20.7336 20.9411 325.556 -5.21795 4.89243 74.2695 2.67773 -13 2416 1 0 1
-1.43957 -105.673 325.556 -0.0631019 -16.5987 48.6163 5.67237 -13 2417 1 0 1
-44.7017 -10.2372 325.556 -9.36053 -2.44364 66.465 2.90416 -13 2418 1 0 1
-5.9282 63.0626 325.556 -0.782113 10.4601 51.8549 1.84591 -13 2419 1 0 1
-29.9134 -42.5647 325.556 -7.10924 -10.0406 72.1005 -1.18497 -13 2420 1 0 1
-6.50869 68.0574 325.556 -2.52635 16.9198 77.593 1.42115 -13 2421 1 0 1
27.5562 60.6253 325.556 5.16816 11.6728 58.7868 1.82455 -13 2422 1 0 1
-18.9839 -55.5892 325.556 -3.06879 -9.95511 54.9485 1.65335 -13 2423 1 0 1
-19.0668 33.3943 325.556 -5.489 8.53359 78.2454 0.656036 -13 2424 1 0 1
5.11899 63.484 325.556 0.99343 8.68127 42.473 4.4273 -13 2425 1 0 1
35.8446 32.8208 325.556 7.2092 7.25192 66.4425 2.03268 -13 2426 1 0 1
-25.5645 23.5141 325.556 -4.18318 3.74836 54.6748 2.25232 -13 2427 1 0 1
19.5966 -7.28857 325.556 3.05393 -0.988381 46.6211 1.85692 -13 2428 1 0 1
6.44256 38.0887 325.556 0.920309 10.2861 76.9446 -0.0827082 -13 2429 1 0 1
97.3621 -76.5376 325.556 14.0647 -11.4882 46.0807 2.09779 -13 2430 1 0 1
-30.3636 2.88795 325.556 -7.06846 -0.00143399 71.6129 4.33711 -13 2431 1 0 1
36.1796 116.104 325.556 3.9337 12.4867 32.8953 4.70545 -13 2432 1 0 1
65.1982 -27.5305 325.556 11.1356 -5.01641 54.2739 1.20681 -13 2433 1 0 1
17.6348 13.0152 325.556 3.31704 2.1758 59.0793 1.60027 -13 2434 1 0 1
-29.2597 -104.806 325.556 -5.39051 -20.2946 59.67 3.15573 -13 2435 1 0 1
8.80994 -8.42298 325.556 1.66086 -1.33382 64.4645 2.31545 -13 2436 1 0 1
8.16904 -19.7291 325.556 1.44586 -4.78076 69.3289 1.62628 -13 2437 1 0 1
29.5735 -18.5439 325.556 4.64151 -2.90582 47.6276 2.56787 -13 2438 1 0 1
-21.6558 -15.3944 325.556 -5.28577 -4.04114 73.1234 2.15792 -13 2439 1 0 1
-83.1578 -58.8063 325.556 -16.2176 -11.3901 62.7065 2.96245 -13 2440 1 0 1
-11.3418 -24.116 325.556 -1.69526 -4.61642 52.9609 1.26176 -13 2441 1 0 1
12.1501 34.5315 325.556 1.97284 5.62227 46.274 2.3412 -13 2442 1 0 1
-0.200441 56.1593 325.556 0.113306 9.87802 53.6117 2.92679 -13 2443 1 0 1
-17.9825 -51.9395 325.556 -4.38183 -12.1315 70.9766 2.5144 -13 2444 1 0 1
12.7052 33.7754 325.556 2.56993 7.40387 69.0775 2.40037 -13 2445 1 0 1
0.261887 -6.43782 325.556 -0.213752 -1.36067 69.1826 -0.18885 -13 2446 1 0 1
-7.90537 30.0422 325.556 -2.06799 6.96285 71.9403 0.901735 -13 2447 1 0 1
-49.6902 -28.5563 325.556 -10.4865 -5.99152 66.6782 1.09831 -13 2448 1 0 1
-8.10614 -48.5193 325.556 -1.62243 -9.80439 66.0186 3.11981 -13 2449 1 0 1
47.1486 -6.82806 325.556 9.2201 -1.2957 62.8632 3.24345 -13 2450 1 0 1
-35.8574 -41.123 325.556 -7.2348 -8.41397 64.2091 4.36822 -13 2451 1 0 1
5.80973 -47.5125 325.556 1.20871 -9.46712 60.0387 4.66483 -13 2452 1 0 1
13.136 29.1043 325.556 2.60211 6.29554 64.8954 2.99367 -13 2453 1 0 1
-23.8499 -65.1363 325.556 -4.29112 -13.1001 60.0479 1.79196 -13 2454 1 0 1
-2.25677 24.0115 325.556 -0.19653 4.11877 56.8544 1.80848 -13 2455 1 0 1
29.1658 5.43901 325.556 6.2519 0.973266 74.5912 0.719988 -13 2456 1 0 1
-39.3173 -21.6558 325.556 -5.50017 -3.19528 47.096 1.86593 -13 2457 1 0 1
-25.739 -72.784 325.556 -4.52642 -13.5491 57.2842 2.42363 -13 2458 1 0 1
-10.8957 -6.7574 325.556 -2.22621 -1.14943 64.9397 4.06075 -13 2459 1 0 1
11.7491 -6.39402 325.556 2.38488 -1.63061 65.3059 2.36938 -13 2460 1 0 1
-9.88974 -32.8907 325.556 -2.19097 -6.49692 66.3295 0.892406 -13 2461 1 0 1
-21.6492 106.294 325.556 -3.25823 18.1419 51.4328 1.91169 -13 2462 1 0 1
-25.4487 96.4581 325.556 -2.65295 11.9211 36.7708 1.66069 -13 2463 1 0 1
-8.30471 4.71199 325.556 -1.07443 0.866736 52.5102 2.30571 -13 2464 1 0 1
-38.0877 137.506 325.556 -6.54256 24.9144 55.6576 2.44227 -13 2465 1 0 1
5.09222 -37.4315 325.556 1.02615 -6.20358 50.8491 2.84675 -13 2466 1 0 1
-15.3824 47.6695 325.556 -0.966247 4.32115 25.9236 4.07836 -13 2467 1 0 1
-7.83526 8.95997 325.556 -1.84685 2.47074 68.8954 2.28693 -13 2468 1 0 1
17.8853 14.1362 325.556 2.6136 1.84363 42.3261 2.9347 -13 2469 1 0 1
-58.1045 14.268 325.556 -9.15307 2.28427 51.7867 2.37349 -13 2470 1 0 1
-24.8434 26.2792 325.556 -6.63826 6.32863 76.9732 -0.109981 -13 2471 1 0 1
-44.521 -58.9374 325.556 -9.54869 -12.734 67.453 3.72086 -13 2472 1 0 1
26.3056 -3.38205 325.556 4.14398 -0.785974 46.4132 2.47862 -13 2473 1 0 1
17.3611 64.9208 325.556 1.83261 6.80298 30.7577 6.23678 -13 2474 1 0 1
67.1696 5.67894 325.556 12.8428 1.136 61.421 2.35672 -13 2475 1 0 1
-36.742 -68.5398 325.556 -6.04328 -12.1528 54.4258 2.2235 -13 2476 1 0 1
14.2007 -4.77094 325.556 2.83537 -0.797225 64.5346 1.16604 -13 2477 1 0 1
-6.83847 16.8503 325.556 -1.29592 2.99334 63.9428 1.35685 -13 2478 1 0 1
-16.0514 20.1812 325.556 -3.85396 4.72863 72.2329 0.370544 -13 2479 1 0 1
-26.5762 25.439 325.556 -3.21601 3.37534 41.7378 1.23667 -13 2480 1 0 1
-23.4492 19.9219 325.556 -6.32186 5.61369 77.1935 2.60192 -13 2481 1 0 1
39.2188 80.6859 325.556 7.51372 15.6703 62.2438 3.23956 -13 2483 1 0 1
-53.6051 -51.9298 325.556 -11.6384 -11.2755 68.2048 2.95995 -13 2485 1 0 1
56.0731 27.4545 325.556 10.372 5.51396 58.3475 0.256967 -13 2486 1 0 1
-23.8513 -14.7356 325.556 -6.55015 -3.68458 78.7613 1.02262 -13 2487 1 0 1
-6.66259 -4.74893 325.556 -2.11207 -1.12409 75.9238 0.756287 -13 2488 1 0 1
31.3023 -211.359 325.556 4.09347 -29.5324 41.9806 2.69145 -13 2489 1 0 1
-14.3884 -11.3599 325.556 -2.89669 -2.26416 64.4726 0.264951 -13 2490 1 0 1
-16.5991 42.6479 325.556 -3.46176 8.73332 65.7927 3.42726 -13 2491 1 0 1
11.0635 -21.2361 325.556 2.2154 -4.60474 69.7773 3.05267 -13 2492 1 0 1
-58.1432 61.3409 325.556 -13.8989 14.6372 74.0618 0.865554 -13 2493 1 0 1
7.27695 -25.7287 325.556 1.50028 -4.6116 56.269 0.309292 -13 2494 1 0 1
-7.51268 6.84342 325.556 -1.88706 1.90581 70.5034 4.01548 -13 2495 1 0 1
46.8248 -0.150873 325.556 6.41365 0.0274599 42.4067 3.76894 -13 2496 1 0 1
-0.296901 -12.7798 325.556 -0.837021 -3.65869 80.0792 2.24015 -13 2497 1 0 1
15.4805 44.0484 325.556 3.15544 9.91072 71.7979 0.774266 -13 2498 1 0 1
-10.994 -5.66591 325.556 -2.6529 -1.28575 70.6761 2.45676 -13 2499 1 0 1
-1.5214 3.34108 325.556 -0.989394 0.345836 78.2003 2.81446 -13 2500 1 0 1
12.5187 23.4555 325.556 2.42787 6.16764 76.0012 1.58481 -13 2501 1 0 1
-35.2977 34.195 325.556 -6.70045 6.56712 61.4249 2.2395 -13 2502 1 0 1
27.6835 40.2985 325.556 5.60253 8.51906 66.7205 -0.246006 -13 2503 1 0 1
-17.5937 -7.38014 325.556 -3.58365 -1.03089 65.0936 2.45251 -13 2504 1 0 1
-4.91175 -92.7839 325.556 -0.549096 -14.4892 48.1349 2.08928 -13 2505 1 0 1
31.5943 75.8034 325.556 5.22722 12.8184 51.6111 3.93375 -13 2506 1 0 1
78.027 -75.3041 325.556 11.7418 -11.6452 47.8314 1.52278 -13 2507 1 0 1
23.5615 50.3743 325.556 4.26195 9.27849 56.1301 1.15905 -13 2508 1 0 1
-35.6 87.7114 325.556 -4.46947 12.4709 43.0309 3.6898 -13 2509 1 0 1
15.9065 -14.1227 325.556 3.2384 -3.25451 69.4212 1.42784 -13 2510 1 0 1
-94.8178 13.9089 325.556 -16.3359 2.34456 55.7459 2.11759 -13 2511 1 0 1
22.1605 -75.9008 325.556 3.84249 -13.7546 53.9009 2.57942 -13 2512 1 0 1
44.7912 -35.6426 325.556 7.71378 -6.7721 54.4362 2.35893 -13 2513 1 0 1
18.1187 -17.4217 325.556 3.79485 -4.12556 72.9705 1.87824 -13 2514 1 0 1
26.2942 -19.7672 325.556 5.42689 -4.56633 68.2204 3.83661 -13 2515 1 0 1
-2 34.9988 325.556 -0.466785 7.6185 66.0081 2.95695 -13 2516 1 0 1
-31.3332 -9.62242 325.556 -7.17585 -1.64541 70.4537 3.09264 -13 2517 1 0 1
2.81989 -77.9867 325.556 0.61503 -14.9634 60.6554 1.77575 -13 2518 1 0 1
-6.71693 -24.3211 325.556 -2.14368 -6.0789 76.3246 1.09752 -13 2519 1 0 1
-9.37007 18.298 325.556 -2.10324 4.23329 67.3801 0.419374 -13 2520 1 0 1
-28.8679 -42.2707 325.556 -5.92019 -9.06684 65.3743 2.3606 -13 2521 1 0 1
2.86899 11.8472 325.556 0.790198 2.41053 55.9102 2.45705 -13 2522 1 0 1
21.0617 6.94291 325.556 4.28978 1.52805 70.2013 2.11229 -13 2523 1 0 1
-27.3575 48.3467 325.556 -6.57324 11.2384 72.0712 2.43404 -13 2524 1 0 1
8.85553 30.1387 325.556 1.65841 6.99326 70.5896 2.22926 -13 2525 1 0 1
-7.3788 3.63022 325.556 -1.09225 0.962672 55.7646 3.47921 -13 2526 1 0 1
-10.6829 -20.9914 325.556 -2.29675 -4.09822 66.5182 0.33072 -13 2527 1 0 1
-18.4181 41.6944 325.556 -2.86692 7.23836 54.5415 2.28628 -13 2528 1 0 1
28.7969 7.35851 325.556 6.03588 1.66339 70.2699 0.655999 -13 2529 1 0 1
-36.0746 -18.6189 325.556 -5.50581 -2.91874 51.8745 4.41905 -13 2530 1 0 1
0.374223 -88.9582 325.556 -0.0450672 -18.8169 63.8242 1.3816 -13 2531 1 0 1
19.0721 -35.8462 325.556 3.78013 -7.96366 68.2391 0.139211 -13 2532 1 0 1
55.988 0.184507 325.556 9.93303 -0.5655 57.1993 0.642745 -13 2533 1 0 1
21.3824 23.6924 325.556 4.4704 5.18854 69.8982 4.40056 -13 2534 1 0 1
-46.5006 1.86043 325.556 -7.8713 0.236597 55.635 2.32634 -13 2535 1 0 1
84.3754 70.5851 325.556 12.6385 10.7517 47.3797 2.375 -13 2536 1 0 1
31.8129 -43.9062 325.556 4.99947 -6.87355 47.4736 2.48217 -13 2537 1 0 1
-14.1138 13.9739 325.556 -3.38573 2.83049 71.5459 2.01155 -13 2538 1 0 1
-22.0982 9.38098 325.556 -4.86211 1.94606 68.3284 3.43659 -13 2539 1 0 1
43.4476 -10.1057 325.556 9.089 -2.52752 69.2835 4.81228 -13 2542 1 0 1
-23.432 -59.1614 325.556 -4.94077 -12.8577 66.1838 1.76474 -13 2543 1 0 1
-19.1155 -22.8435 325.556 -3.51934 -4.39203 62.3473 2.28903 -13 2544 1 0 1
4.79458 30.5887 325.556 0.978861 6.90979 68.7813 2.2199 -13 2546 1 0 1
12.097 -7.04329 325.556 2.49633 -1.91128 69.9673 2.38713 -13 2547 1 0 1
36.0408 81.2255 325.556 6.83232 16.0027 61.3556 1.58711 -13 2549 1 0 1
10.9472 63.2404 325.556 1.81816 9.65468 46.2486 2.90879 -13 2551 1 0 1
57.3433 -24.5378 325.556 10.0329 -4.50334 55.3739 2.27122 -13 2552 1 0 1
-7.01764 -38.6305 325.556 -0.626204 -5.37054 44.3527 1.82535 -13 2553 1 0 1
42.0676 -27.6044 325.556 7.45452 -4.78452 56.2085 1.44416 -13 2554 1 0 1
-4.35547 53.4786 325.556 -1.72106 13.5019 76.255 2.55636 -13 2555 1 0 1
29.3442 44.4092 325.556 5.05103 7.60922 53.6305 3.79496 -13 2556 1 0 1
-24.4342 27.4479 325.556 -4.46196 5.12872 59.7022 0.895067 -13 2557 1 0 1
-26.5168 53.7323 325.556 -4.66681 9.99216 57.6069 3.10037 -13 2558 1 0 1
-36.1616 34.1106 325.556 -10.1684 9.18543 79.0821 2.21367 -13 2559 1 0 1
-6.30385 21.0789 325.556 -0.835505 3.92375 54.1686 2.06668 -13 2560 1 0 1
-32.3736 -12.8982 325.556 -7.70576 -2.99402 72.1295 0.348997 -13 2561 1 0 1
10.0234 -40.9385 325.556 1.82926 -10.0489 73.949 2.74234 -13 2562 1 0 1
-37.6282 54.7853 325.556 -9.64979 14.4517 76.3919 3.74966 -13 2563 1 0 1
-3.33091 59.8798 325.556 -1.41638 14.8176 76.0459 3.83409 -13 2564 1 0 1
24.6069 -56.2078 325.556 4.58662 -10.7563 57.6285 1.60795 -13 2565 1 0 1
42.5817 -16.1534 325.556 8.73661 -3.26666 67.1577 1.30241 -13 2566 1 0 1
-12.7293 33.0649 325.556 -2.4391 6.8735 62.9804 3.18308 -13 2568 1 0 1
76.5406 35.6193 325.556 14.1502 6.50207 59.8466 1.1768 -13 2569 1 0 1
-17.4692 -25.6168 325.556 -3.94369 -5.33423 67.5302 0.901491 -13 2570 1 0 1
3.86284 0.527467 325.556 0.67209 0.362384 67.7083 3.58187 -13 2571 1 0 1
-43.4421 -14.6599 325.556 -10.3631 -3.10765 73.2117 1.61393 -13 2572 1 0 1
-66.4569 32.4499 325.556 -6.50845 3.14751 32.7369 3.97806 -13 2573 1 0 1
31.8902 -3.08429 325.556 4.45394 -0.354417 42.233 4.59195 -13 2574 1 0 1
-79.5683 -34.7055 325.556 -15.4809 -7.08822 62.4125 -0.31172 -13 2575 1 0 1
-31.4041 -29.9782 325.556 -1.67123 -1.79382 18.9528 4.85709 -13 2576 1 0 1
-18.8818 -26.0422 325.556 -4.76561 -6.34082 74.0714 3.22082 -13 2577 1 0 1
-25.4532 31.732 325.556 -4.70533 6.90232 60.6848 1.86683 -13 2578 1 0 1
67.7514 25.9946 325.556 8.48813 3.00879 39.9028 5.43216 -13 2579 1 0 1
44.9585 19.8745 325.556 9.77938 4.08422 72.3413 2.52126 -13 2580 1 0 1
31.5182 -56.1649 325.556 3.07237 -5.27874 29.3221 1.27468 -13 2582 1 0 1
2.57192 -14.5943 325.556 0.406918 -3.98266 67.0721 2.74372 -13 2583 1 0 1
-129.458 4.8033 325.556 -22.7529 0.753633 56.7052 1.21609 -13 2584 1 0 1
-15.2903 -29.675 325.556 -2.72417 -5.61462 58.6575 2.29991 -13 2585 1 0 1
-18.368 -37.9058 325.556 -3.45445 -7.27987 60.8245 1.37311 -13 2586 1 0 1
3.43562 -3.22381 325.556 0.822691 -0.573221 55.2724 -0.124792 -13 2587 1 0 1
82.002 67.4543 325.556 9.91738 8.27756 38.3625 3.17078 -13 2588 1 0 1
23.2033 -54.0749 325.556 3.6481 -8.58263 45.3199 2.41812 -13 2589 1 0 1
6.71563 -50.7089 325.556 1.26849 -10.7891 64.1742 1.46197 -13 2590 1 0 1
0.860455 49.0447 325.556 0.0547665 10.1056 61.6565 -0.0503855 -13 2591 1 0 1
7.40902 -36.7461 325.556 1.48175 -8.00534 62.9129 1.71233 -13 2592 1 0 1
-16.2862 -39.4004 325.556 -3.45003 -8.92316 66.6838 2.04458 -13 2593 1 0 1
-29.351 -25.3737 325.556 -6.85417 -5.61543 71.142 4.10042 -13 2594 1 0 1
51.7565 39.8047 325.556 11.7336 10.1518 77.4919 0.738546 -13 2595 1 0 1
-68.7643 26.9587 325.556 -14.4857 5.24543 67.3273 3.50437 -13 2596 1 0 1
-12.3995 13.4577 325.556 -1.69558 2.07399 50.0923 1.63683 -13 2597 1 0 1
34.4279 -34.7287 325.556 4.32965 -4.3427 38.8466 2.16835 -13 2598 1 0 1
35.6647 -99.02 325.556 6.48853 -18.5654 58.233 2.82855 -13 2599 1 0 1
15.5768 -7.132 325.556 3.08143 -2.2157 68.8646 2.13721 -13 2600 1 0 1
20.6682 54.1248 325.556 3.98993 11.1312 64.623 1.57583 -13 2601 1 0 1
-52.9675 -27.442 325.556 -11.9627 -6.68948 70.7601 2.50957 -13 2602 1 0 1
41.008 -70.1794 325.556 5.91901 -10.0869 44.6174 3.21794 -13 2603 1 0 1
-22.9091 -4.53615 325.556 -4.69778 -1.64171 65.7197 1.05188 -13 2604 1 0 1
28.2431 -11.0622 325.556 5.38479 -1.59517 60.8138 4.46216 -13 2605 1 0 1
-41.5773 2.6987 325.556 -8.22876 0.350433 63.7196 2.68111 -13 2606 1 0 1
29.5098 -74.7103 325.556 5.7332 -14.8454 62.1219 3.85761 -13 2607 1 0 1
-24.7317 -26.5055 325.556 -5.77209 -5.84885 70.6453 4.02991 -13 2608 1 0 1
21.599 -15.4225 325.556 4.54794 -3.88724 74.7378 1.87269 -13 2609 1 0 1
44.7747 26.1516 325.556 8.79598 5.38669 64.2111 1.66712 -13 2610 1 0 1
1.70183 -42.6972 325.556 0.250919 -9.28079 66.6997 1.64352 -13 2611 1 0 1
-3.78259 -48.9687 325.556 -0.729225 -10.6078 63.2321 2.66007 -13 2612 1 0 1
33.3796 -29.191 325.556 6.95323 -6.24713 68.9036 2.58249 -13 2613 1 0 1
50.7083 -21.2751 325.556 7.60037 -3.33364 46.8465 3.96786 -13 2614 1 0 1
14.461 15.1141 325.556 2.86437 2.94044 65.5963 1.88296 -13 2615 1 0 1
26.4012 66.4224 325.556 4.33211 11.0447 51.5162 2.24628 -13 2616 1 0 1
-97.4113 -1.13143 325.556 -21.1631 -0.658442 68.6999 1.27355 -13 2617 1 0 1
22.9571 -108.789 325.556 2.7222 -12.167 34.8774 -0.300961 -13 2618 1 0 1
-1.65071 -78.4484 325.556 0.183016 -9.7295 37.6832 3.59408 -13 2619 1 0 1
62.4862 -221.951 325.556 6.01356 -22.8526 30.3231 2.55425 -13 2621 1 0 1
81.7262 -49.9636 325.556 13.4763 -8.57665 53.0091 3.84297 -13 2622 1 0 1
-54.5164 -1.87221 325.556 -11.127 -0.505855 65.2296 3.88248 -13 2623 1 0 1
-70.0562 -35.929 325.556 -9.42245 -5.51549 44.7399 1.99397 -13 2624 1 0 1
-67.9263 -37.7679 325.556 -14.2789 -8.11023 66.7061 1.15949 -13 2625 1 0 1
151.948 132.631 325.556 24.7762 22.4595 52.6472 1.40965 -13 2626 1 0 1
76.6851 11.3057 325.556 15.3152 2.48691 64.9355 2.67506 -13 2627 1 0 1
-93.4386 36.1586 325.556 -19.2855 7.9772 65.7856 1.45135 -13 2628 1 0 1
-70.442 16.4957 325.556 -15.1695 3.56718 68.1402 3.68221 -13 2629 1 0 1
-13.6628 105.75 325.556 -1.99435 18.1344 52.8348 1.25752 -13 2630 1 0 1
-16.6942 -3.50647 325.556 -5.0418 -0.881654 80.5854 2.37574 -13 2631 1 0 1
-6.92437 87.9955 325.556 -0.957105 15.284 53.1138 1.85513 -13 2633 1 0 1
-36.6961 9.90297 325.556 -7.22378 2.13191 63.5249 3.40192 -13 2634 1 0 1
7.75126 39.5061 325.556 1.37662 6.30809 49.2892 2.99745 -13 2635 1 0 1
39.8629 71.6362 325.556 7.78395 14.9859 63.2 1.40276 -13 2636 1 0 1
-30.8741 -37.0481 325.556 -6.8056 -8.30699 68.3032 -0.316213 -13 2637 1 0 1
-12.9015 64.4659 325.556 -3.98594 16.4416 79.0025 3.51914 -13 2638 1 0 1
14.2716 140.501 325.556 2.35924 23.281 50.1244 2.61492 -13 2640 1 0 1
-4.43778 -23.936 325.556 -0.40386 -3.81898 51.3129 2.27548 -13 2641 1 0 1
-27.2934 -23.0059 325.556 -5.81238 -4.73728 66.6354 1.47916 -13 2642 1 0 1
-12.1915 -11.4636 325.556 -3.7177 -2.83568 77.8277 1.78189 -13 2643 1 0 1
-22.574 -32.9291 325.556 -4.52546 -6.90921 64.6844 3.12022 -13 2644 1 0 1
7.00832 36.0298 325.556 1.33583 8.245 72.0985 2.3053 -13 2645 1 0 1
-3.35827 9.63305 325.556 -0.278943 1.64894 48.2168 0.334298 -13 2646 1 0 1
164.784 -103.125 325.556 28.0414 -18.6616 55.446 2.89106 -13 2647 1 0 1
-8.73965 3.69293 325.556 -2.14883 1.02555 70.616 1.85355 -13 2648 1 0 1
-0.780883 30.9871 325.556 -0.757612 7.1302 76.0847 1.37434 -13 2649 1 0 1
-35.0899 -12.3518 325.556 -6.99519 -2.33834 64.0548 1.92284 -13 2650 1 0 1
-76.2886 -17.034 325.556 -14.7227 -3.33618 62.0974 1.18194 -13 2651 1 0 1
15.9814 73.8182 325.556 2.61494 11.2624 47.2477 2.79146 -13 2652 1 0 1
11.6096 -9.00946 325.556 2.24073 -2.18737 77.3111 0.222096 -13 2654 1 0 1
17.0382 21.2784 325.556 2.96272 3.85388 52.5466 1.22698 -13 2655 1 0 1
-11.6525 27.1401 325.556 -2.97047 6.38844 71.4932 0.794411 -13 2656 1 0 1
-59.2126 -33.5462 325.556 -12.5038 -6.71594 66.5113 -0.320535 -13 2657 1 0 1
-26.808 39.1529 325.556 -3.575 6.1181 45.6028 3.12854 -13 2658 1 0 1
43.5302 29.4909 325.556 8.13701 5.88138 59.5443 3.57934 -13 2660 1 0 1
-17.1839 44.8642 325.556 -3.83818 10.5029 69.4852 4.41455 -13 2661 1 0 1
-16.7849 11.4202 325.556 -3.50544 2.66378 64.8962 1.18081 -13 2662 1 0 1
-6.89497 -0.835673 325.556 -0.911479 -0.163098 51.3542 3.5312 -13 2663 1 0 1
36.4728 -112.538 325.556 5.94726 -18.8171 51.0503 4.95259 -13 2664 1 0 1
8.24905 -39.0689 325.556 1.66508 -7.42346 56.5236 3.55936 -13 2665 1 0 1
-16.5159 -21.024 325.556 -2.5535 -3.47684 54.6678 0.869417 -13 2666 1 0 1
-17.9211 2.9933 325.556 -5.0426 0.740604 77.3288 1.37938 -13 2667 1 0 1
-14.8308 -17.8742 325.556 -3.82111 -4.1874 74.6729 0.0388193 -13 2668 1 0 1
-41.2452 33.9044 325.556 -7.7454 6.76805 61.24 3.07257 -13 2670 1 0 1
11.3157 -61.5047 325.556 2.12571 -11.9872 59.9291 2.90102 -13 2671 1 0 1
-34.2527 -31.6801 325.556 -8.11811 -7.89001 72.6467 1.98195 -13 2672 1 0 1
70.0333 10.335 325.556 15.0649 1.21175 71.3057 2.90375 -13 2673 1 0 1
-8.27128 -3.5752 325.556 -2.24801 -1.29766 72.6059 0.19753 -13 2674 1 0 1
-91.6812 -0.0378666 325.556 -21.1213 -0.257777 72.2449 0.421195 -13 2675 1 0 1
7.35282 -23.6769 325.556 1.33549 -4.84379 58.1691 4.17018 -13 2676 1 0 1
27.3706 31.1915 325.556 5.10102 5.5384 57.1754 2.94051 -13 2677 1 0 1
27.5815 -43.4735 325.556 5.69085 -9.76536 69.7671 0.917759 -13 2678 1 0 1
-43.1321 39.9501 325.556 -8.97543 8.3472 65.532 1.28539 -13 2679 1 0 1
-17.8176 68.4443 325.556 -4.03335 15.0732 67.3263 0.918724 -13 2680 1 0 1
-25.9693 -2.60292 325.556 -5.50694 -0.783561 66.3308 2.11828 -13 2681 1 0 1
79.9755 -24.1628 325.556 8.02026 -2.4777 31.8321 2.85471 -13 2682 1 0 1
13.8057 -16.1562 325.556 2.71567 -3.4311 76.305 1.06605 -13 2683 1 0 1
-14.4973 19.3556 325.556 -2.68121 3.99908 61.8729 1.8978 -13 2684 1 0 1
41.833 -1.03758 325.556 7.69378 -0.0220206 57.991 0.915702 -13 2685 1 0 1
-56.1534 12.0387 325.556 -10.8846 2.13886 62.4557 2.07015 -13 2686 1 0 1
6.40015 -17.1947 325.556 1.26127 -3.15864 60.8361 2.55577 -13 2687 1 0 1
-50.9429 -14.0088 325.556 -6.73709 -2.29723 44.5649 2.0743 -13 2688 1 0 1
-19.9176 46.5212 325.556 -4.34921 10.0668 68.0901 3.05186 -13 2689 1 0 1
15.616 -20.9562 325.556 3.20291 -4.40047 70.6354 3.3317 -13 2690 1 0 1
49.1485 -25.5245 325.556 8.97606 -4.56045 57.8161 0.614118 -13 2691 1 0 1
-28.6626 35.4846 325.556 -4.95487 6.67487 57.492 1.43085 -13 2692 1 0 1
15.6331 -112.277 325.556 2.76061 -22.0245 59.1116 2.22 -13 2693 1 0 1
-33.6717 -17.9758 325.556 -3.71159 -2.08196 38.1732 2.70495 -13 2694 1 0 1
9.09531 57.1289 325.556 1.67605 11.114 58.6347 0.636607 -13 2695 1 0 1
-54.9019 -74.434 325.556 -8.35301 -12.4542 50.3714 4.76346 -13 2696 1 0 1
125.205 -54.4275 325.556 19.0948 -8.90844 49.1028 3.68039 -13 2697 1 0 1
29.1115 58.9211 325.556 6.01109 12.8621 68.0593 -0.05394 -13 2698 1 0 1
-56.0196 4.81517 325.556 -7.43506 0.693005 44.406 2.45193 -13 2699 1 0 1
-45.7907 -46.2256 325.556 -8.76546 -8.87705 62.0599 0.573934 -13 2700 1 0 1
-61.0545 -7.24184 325.556 -11.6779 -1.36924 61.9022 2.65817 -13 2701 1 0 1
-42.9722 -41.922 325.556 -5.71978 -6.28116 44.8124 2.238 -13 2702 1 0 1
-5.75413 7.60054 325.556 -1.64772 1.67714 72.0278 3.65796 -13 2703 1 0 1
-37.4314 47.2421 325.556 -7.10579 9.67165 61.3557 1.56481 -13 2704 1 0 1
22.5857 -64.0864 325.556 4.41934 -12.8032 62.7069 1.81072 -13 2705 1 0 1
-38.752 72.7157 325.556 -6.66188 12.8843 56.3746 4.96133 -13 2706 1 0 1
-36.3372 26.2071 325.556 -6.8798 5.23385 60.9102 1.80654 -13 2707 1 0 1
11.2954 -27.0472 325.556 2.15624 -7.0486 70.7254 -0.0570759 -13 2708 1 0 1
-11.9146 52.5485 325.556 -3.16306 13.1156 73.2468 2.28303 -13 2709 1 0 1
-49.6785 44.3757 325.556 -9.87715 9.44349 63.8279 1.16733 -13 2710 1 0 1
-36.4421 -24.5154 325.556 -9.3726 -5.81652 77.0724 1.89343 -13 2711 1 0 1
21.0499 -72.6748 325.556 4.27558 -16.2413 71.457 -0.149686 -13 2712 1 0 1
-34.3744 -49.983 325.556 -8.94825 -12.1128 77.0231 -0.242151 -13 2713 1 0 1
-76.1962 -70.7103 325.556 -13.5528 -13.4762 57.2165 1.83932 -13 2714 1 0 1
-46.6045 -16.9617 325.556 -9.89061 -3.6374 67.7391 1.39287 -13 2715 1 0 1
-52.5612 31.1391 325.556 -7.25192 4.62384 46.7177 4.39462 -13 2716 1 0 1
11.5337 15.1653 325.556 2.28411 2.9531 66.934 3.14241 -13 2717 1 0 1
63.3324 -30.1099 325.556 11.0369 -5.46817 55.287 3.50501 -13 2718 1 0 1
-4.82731 -24.77 325.556 -2.12637 -7.07155 80.6317 1.60956 -13 2719 1 0 1
-5.80424 91.4059 325.556 -0.72488 14.4409 48.4283 2.70131 -13 2720 1 0 1
44.2047 -34.1306 325.556 7.96662 -6.24032 56.6148 -0.0274115 -13 2721 1 0 1
34.2187 -19.4326 325.556 7.20343 -3.69658 70.4293 1.06527 -13 2722 1 0 1
-30.3491 10.0595 325.556 -6.65557 1.99783 69.1767 2.16373 -13 2723 1 0 1
56.9383 -53.6202 325.556 7.56048 -7.15976 41.4494 3.70488 -13 2724 1 0 1
-10.2699 -19.2749 325.556 -2.18213 -4.37593 66.3208 1.16494 -13 2725 1 0 1
25.9768 26.691 325.556 5.2445 6.09289 65.9934 0.954239 -13 2726 1 0 1
20.6575 -101.537 325.556 2.05386 -10.1026 29.269 4.15595 -13 2727 1 0 1
-34.5286 -77.5775 325.556 -5.77505 -14.1265 54.7415 2.64779 -13 2729 1 0 1
52.6812 82.8622 325.556 9.81444 16.4984 60.3981 2.49064 -13 2730 1 0 1
30.5576 27.3453 325.556 5.26074 4.7694 53.9135 3.03614 -13 2731 1 0 1
-67.5854 -47.5075 325.556 -13.2565 -9.77878 62.6944 2.03788 -13 2732 1 0 1
-78.004 -84.1597 325.556 -13.7428 -15.749 57.0675 0.849134 -13 2733 1 0 1
-30.8131 -29.6944 325.556 -8.41093 -7.43153 79.5897 1.19205 -13 2734 1 0 1
80.0907 -14.4044 325.556 14.8818 -2.59314 59.881 1.57803 -13 2735 1 0 1
10.6154 -23.1875 325.556 2.08134 -4.47756 65.725 1.8185 -13 2736 1 0 1
-9.88507 -29.3069 325.556 -2.68248 -6.59444 73.5739 2.20784 -13 2737 1 0 1
4.23535 0.325082 325.556 0.758725 -0.160032 67.652 2.56721 -13 2738 1 0 1
-12.9677 -101.757 325.556 -2.25507 -19.3154 57.844 2.48673 -13 2739 1 0 1
23.4261 -51.2951 325.556 4.84934 -11.9278 73.1845 3.36993 -13 2740 1 0 1
33.538 -8.56356 325.556 6.20755 -1.11558 57.5231 2.49 -13 2741 1 0 1
0.913544 -4.59745 325.556 0.097024 -0.616461 65.8687 1.69451 -13 2742 1 0 1
24.9802 -19.5716 325.556 5.08505 -4.62032 66.1334 3.26479 -13 2743 1 0 1
-31.405 86.3144 325.556 -6.37766 18.2889 63.6816 1.45173 -13 2744 1 0 1
58.3653 -62.8758 325.556 10.7211 -12.3165 58.9087 2.24507 -13 2745 1 0 1
-145.471 188.464 325.556 -17.5145 24.2446 39.4398 0.598952 -13 2746 1 0 1
34.1812 -1.80045 325.556 6.38963 -0.454458 59.3369 2.1765 -13 2747 1 0 1
-3.47579 51.8546 325.556 -1.28629 12.5828 73.7923 0.952621 -13 2748 1 0 1
-16.6353 55.7966 325.556 -5.05643 14.4361 78.8287 1.80915 -13 2749 1 0 1
-99.541 68.5845 325.556 -20.7047 14.0806 65.9659 2.24738 -13 2750 1 0 1
-85.0939 -14.6742 325.556 -15.4905 -2.52808 58.9782 1.81521 -13 2751 1 0 1
-45.0002 -13.9562 325.556 -8.07796 -2.96376 58.6447 1.90454 -13 2752 1 0 1
3.68614 10.1195 325.556 0.870313 1.65433 52.9271 2.42679 -13 2753 1 0 1
19.5454 32.9826 325.556 3.28201 5.29801 49.9435 2.39494 -13 2754 1 0 1
66.7026 13.3307 325.556 9.42732 1.81156 45.0921 0.94127 -13 2755 1 0 1
-32.3733 -4.33891 325.556 -7.95019 -0.578776 74.0333 -0.614388 -13 2756 1 0 1
6.76334 -30.4715 325.556 1.34914 -6.89188 62.8275 2.56932 -13 2757 1 0 1
24.5167 -35.4543 325.556 4.67484 -6.92188 60.3833 1.86841 -13 2758 1 0 1
24.8437 29.5107 325.556 5.03597 6.59396 68.015 2.87468 -13 2759 1 0 1
38.35 36.9294 325.556 3.58674 3.49307 27.747 5.72886 -13 2760 1 0 1
-26.7343 4.81525 325.556 -4.87704 1.13486 60.0131 2.02725 -13 2761 1 0 1
-38.6542 5.6835 325.556 -8.35655 1.20443 67.5434 3.79685 -13 2762 1 0 1
68.9345 -35.0712 325.556 10.938 -5.79577 49.8544 1.63652 -13 2763 1 0 1
-50.0964 24.6727 325.556 -13.3871 5.92455 80.077 0.287424 -13 2764 1 0 1
-55.0512 -85.0344 325.556 -9.95253 -15.9481 58.6766 1.72972 -13 2765 1 0 1
-31.184 9.55682 325.556 -7.85163 1.43789 75.1951 -0.0677055 -13 2766 1 0 1
44.9299 -23.1641 325.556 7.89467 -4.34255 55.3118 2.80097 -13 2767 1 0 1
0.87803 35.599 325.556 0.445795 5.83025 49.7485 -0.332027 -13 2768 1 0 1
0.621115 33.4639 325.556 0.0598872 7.69152 65.8373 1.8076 -13 2769 1 0 1
-37.2054 8.90703 325.556 -7.49896 2.25608 65.4563 4.26266 -13 2770 1 0 1
124.633 114.758 325.556 19.6368 19.1288 51.0514 4.46321 -13 2771 1 0 1
12.9311 12.3818 325.556 2.55713 2.67174 58.0772 2.78959 -13 2772 1 0 1
-46.975 -40.672 325.556 -10.3472 -9.09158 68.7435 2.32006 -13 2773 1 0 1
-12.8606 -29.6783 325.556 -3.07643 -7.13918 70.3406 3.18645 -13 2774 1 0 1
-20.5287 7.16844 325.556 -3.56341 1.14332 57.7466 2.00535 -13 2775 1 0 1
-34.1384 -10.3298 325.556 -6.74956 -2.49657 64.1722 4.47445 -13 2776 1 0 1
131.871 59.6598 325.556 22.623 10.8405 55.858 2.66334 -13 2777 1 0 1
30.0773 -3.89528 325.556 6.33351 -0.747283 70.221 2.38434 -13 2778 1 0 1
-25.9223 57.5057 325.556 -5.34628 12.1742 64.4107 2.16347 -13 2780 1 0 1
-10.4072 22.9134 325.556 -2.32038 5.17905 68.2543 1.22979 -13 2781 1 0 1
-5.23248 -34.7282 325.556 -1.03753 -6.95719 63.9276 3.52434 -13 2782 1 0 1
-33.9597 12.2747 325.556 -7.76217 3.15002 70.9199 1.44868 -13 2783 1 0 1
-48.1477 -45.0521 325.556 -4.39888 -5.06031 31.5237 4.11133 -13 2784 1 0 1
-34.7862 -36.7823 325.556 -8.13305 -8.14315 71.3651 3.27324 -13 2785 1 0 1
3.15643 1.54469 325.556 0.751267 0.276534 58.8904 1.13486 -13 2786 1 0 1
-10.8886 1.72157 325.556 -2.39721 0.78649 68.018 2.39856 -13 2787 1 0 1
2.93024 -67.4985 325.556 0.621995 -12.1122 55.9341 2.89003 -13 2788 1 0 1
44.3035 4.98083 325.556 8.65188 0.457181 62.4304 1.27371 -13 2789 1 0 1
-34.3675 -46.3241 325.556 -5.24912 -7.16705 51.0808 2.69669 -13 2790 1 0 1
15.3489 -31.7247 325.556 3.04204 -6.23346 64.6604 0.82222 -13 2791 1 0 1
-35.6807 11.5123 325.556 -7.26838 2.93144 64.7937 0.677345 -13 2792 1 0 1
34.119 -50.3007 325.556 6.78029 -10.3237 64.313 2.09377 -13 2793 1 0 1
1.63363 38.7463 325.556 0.0247813 8.75029 73.1107 1.7457 -13 2794 1 0 1
19.7952 -63.0618 325.556 3.8011 -11.9333 60.1939 1.47929 -13 2795 1 0 1
11.9968 -22.2685 325.556 1.28353 -2.15525 28.1226 4.12332 -13 2796 1 0 1
-31.0991 26.9877 325.556 -6.99999 6.20238 69.4452 1.79134 -13 2797 1 0 1
-23.175 -24.6667 325.556 -6.02341 -5.67771 75.3303 1.68915 -13 2798 1 0 1
20.1338 20.6949 325.556 3.504 3.35908 52.8267 3.45032 -13 2799 1 0 1
9.04235 12.231 325.556 1.75234 2.24476 51.3093 2.10546 -13 2800 1 0 1
-36.2014 -31.8644 325.556 -8.69185 -8.20917 73.6344 1.98168 -13 2801 1 0 1
-22.1246 28.1081 325.556 -5.35842 6.68541 72.7997 0.218381 -13 2802 1 0 1
2.27746 28.6539 325.556 -0.298985 7.7579 80.1803 3.00487 -13 2804 1 0 1
-19.1172 -34.876 325.556 -4.83296 -8.62306 73.3137 3.47942 -13 2805 1 0 1
92.6281 5.28761 325.556 16.4216 0.772336 56.7589 2.95699 -13 2806 1 0 1
5.48528 108.221 325.556 0.892712 23.2727 66.2562 2.45941 -13 2807 1 0 1
33.0302 -10.1737 325.556 6.83299 -2.17842 70.0058 1.84085 -13 2808 1 0 1
14.801 78.9129 325.556 2.61905 12.7146 49.2388 1.92679 -13 2809 1 0 1
-21.1566 50.2949 325.556 -5.1147 11.6542 71.6542 2.84875 -13 2810 1 0 1
27.5912 -82.539 325.556 4.69649 -13.9307 51.9192 2.02034 -13 2811 1 0 1
49.2705 20.4821 325.556 10.2716 4.12726 67.9409 2.13819 -13 2812 1 0 1
44.685 21.4965 325.556 7.15003 3.91738 49.9792 1.95439 -13 2813 1 0 1
-32.4372 -8.8212 325.556 -5.80926 -1.59591 59.2916 3.99614 -13 2814 1 0 1
-42.0887 -13.4143 325.556 -8.89397 -2.78417 66.4714 3.70184 -13 2815 1 0 1
-28.2166 -17.2435 325.556 -5.88358 -4.35078 66.0583 3.83548 -13 2816 1 0 1
48.2933 31.7359 325.556 9.96195 6.72193 67.668 1.10732 -13 2817 1 0 1
81.027 23.8511 325.556 16.8246 5.95136 68.2162 2.49595 -13 2818 1 0 1
19.3751 32.2862 325.556 4.02996 7.7704 75.2478 1.99682 -13 2820 1 0 1
-9.27941 29.6835 325.556 -2.62057 7.74162 74.7467 4.28182 -13 2821 1 0 1
-13.3699 61.2868 325.556 -2.3458 12.1707 58.6891 0.34061 -13 2822 1 0 1
14.2414 55.8496 325.556 2.74045 14.1319 75.9096 2.89366 -13 2823 1 0 1
41.6425 -34.0181 325.556 8.00662 -6.70494 62.5572 0.744074 -13 2824 1 0 1
60.5299 35.5979 325.556 11.4301 6.81322 60.7755 2.79468 -13 2825 1 0 1
41.2438 -49.5946 325.556 3.18532 -3.93997 24.5026 3.07174 -13 2826 1 0 1
46.1704 3.42617 325.556 9.89452 0.764007 71.4413 2.63354 -13 2827 1 0 1
-23.5321 -33.4386 325.556 -5.1329 -7.27807 68.7042 2.97474 -13 2828 1 0 1
107.342 50.7383 325.556 19.0047 9.33917 56.8882 -0.258097 -13 2829 1 0 1
47.0432 -51.5814 325.556 9.93776 -11.9561 69.5294 2.01838 -13 2830 1 0 1
-43.6927 9.39206 325.556 -11.6001 2.99083 79.3516 1.58298 -13 2831 1 0 1
6.33357 -9.02076 325.556 1.34748 -1.78442 61.5204 3.42738 -13 2832 1 0 1
-42.4575 -5.78668 325.556 -9.42831 -1.91564 69.1509 1.51176 -13 2833 1 0 1
5.10609 -4.59282 325.556 0.810037 -0.80285 72.0298 0.877076 -13 2834 1 0 1
9.11855 13.9712 325.556 1.75231 3.20017 68.927 3.4781 -13 2835 1 0 1
-34.5631 11.5012 325.556 -4.62143 1.57671 45.721 1.37201 -13 2836 1 0 1
-7.74064 50.3051 325.556 -1.58239 9.85915 63.5925 1.78572 -13 2837 1 0 1
24.4771 -6.26984 325.556 4.92813 -1.80015 79.5172 4.13043 -13 2838 1 0 1
2.86378 -1.31784 325.556 0.425257 0.236815 65.922 0.887514 -13 2839 1 0 1
138.527 -48.4142 325.556 15.9581 -6.24959 37.017 3.58218 -13 2840 1 0 1
34.8943 24.5658 325.556 5.82393 4.37282 51.2048 2.16829 -13 2841 1 0 1
1.35719 1.23381 325.556 0.460037 0.580441 54.9914 1.77465 -13 2842 1 0 1
-58.3176 -16.5693 325.556 -11.1787 -2.64943 61.6525 3.27365 -13 2843 1 0 1
95.5357 -5.90802 325.556 20.2843 -1.53331 69.6933 4.45222 -13 2844 1 0 1
35.7047 -24.7782 325.556 3.96327 -2.36753 33.3157 3.80962 -13 2845 1 0 1
5.74797 23.1081 325.556 1.18712 5.58612 64.738 1.64208 -13 2846 1 0 1
14.9441 0.270631 325.556 2.94783 0.0958616 64.975 2.62074 -13 2847 1 0 1
-34.2718 -15.1325 325.556 -5.00685 -2.72188 49.6261 2.16813 -13 2848 1 0 1
-27.0652 39.3898 325.556 -4.85827 7.73413 58.7169 0.415078 -13 2849 1 0 1
79.4727 11.1268 325.556 11.3968 1.64973 45.5598 1.79482 -13 2850 1 0 1
14.2002 4.37429 325.556 2.72276 1.40926 77.4796 -0.0808978 -13 2851 1 0 1
67.9574 -9.75354 325.556 13.7311 -1.62964 65.7987 1.08582 -13 2852 1 0 1
-53.1992 -30.9174 325.556 -11.1828 -6.75998 66.6025 3.75721 -13 2853 1 0 1
-14.0377 22.9673 325.556 -3.39487 5.41658 71.3334 -0.0163224 -13 2854 1 0 1
-0.599375 -18.054 325.556 -0.886309 -4.79842 80.4646 2.57463 -13 2855 1 0 1
5.34427 10.431 325.556 1.05065 1.92494 65.4141 1.10606 -13 2857 1 0 1
-0.172488 -12.6798 325.556 0.116178 -2.29441 56.2367 0.96259 -13 2858 1 0 1
49.958 24.3306 325.556 8.90395 4.52003 56.9222 2.87151 -13 2859 1 0 1
36.5085 8.04636 325.556 7.10235 1.52407 63.3398 -0.577873 -13 2860 1 0 1
12.7543 30.9172 325.556 2.36182 8.14669 77.9673 3.2223 -13 2861 1 0 1
1.09851 -21.4711 325.556 0.346192 -4.37959 61.2564 2.43584 -13 2862 1 0 1
-4.80812 20.0354 325.556 -1.14551 4.2669 67.4065 1.08602 -13 2863 1 0 1
16.9438 -35.884 325.556 3.1495 -7.18105 59.8826 0.869792 -13 2864 1 0 1
29.0445 -12.8111 325.556 4.32441 -1.86376 44.4914 1.04773 -13 2865 1 0 1
-79.2379 37.0095 325.556 -11.8944 6.24899 48.9438 1.44494 -13 2866 1 0 1
-16.5766 38.4463 325.556 -1.81259 5.31089 40.7278 1.06209 -13 2867 1 0 1
36.7319 -18.2231 325.556 7.43223 -3.59552 65.5712 3.73556 -13 2868 1 0 1
51.4002 30.7039 325.556 9.75517 5.90522 60.9102 2.97897 -13 2869 1 0 1
40.8813 -45.7623 325.556 8.28506 -9.87465 66.5427 0.705348 -13 2870 1 0 1
0.554952 12.8833 325.556 0.0355186 2.95803 66.9778 1.16145 -13 2871 1 0 1
18.4043 42.5411 325.556 3.54134 8.15559 61.0948 2.40476 -13 2872 1 0 1
8.86116 38.1301 325.556 1.68815 8.09468 70.449 -0.133799 -13 2873 1 0 1
22.5619 87.1133 325.556 3.81794 14.2671 50.5734 1.76088 -13 2875 1 0 1
-95.3837 -69.3024 325.556 -18.0724 -13.4614 60.7598 1.44703 -13 2876 1 0 1
-53.4599 17.8496 325.556 -13.5597 4.5898 77.2361 3.72866 -13 2877 1 0 1
2.4305 20.8716 325.556 0.485534 2.10032 32.949 1.59586 -13 2878 1 0 1
-74.2799 19.2593 325.556 -10.1865 2.95912 45.4561 2.37699 -13 2879 1 0 1
-18.5817 26.9027 325.556 -3.33576 5.76047 59.5585 3.16305 -13 2880 1 0 1
36.699 -41.7256 325.556 7.04694 -8.26134 61.1924 4.39798 -13 2881 1 0 1
0.443529 23.3731 325.556 0.0851937 4.63763 61.0636 2.48702 -13 2882 1 0 1
-34.556 -35.1314 325.556 -8.06042 -8.11116 71.4133 2.00881 -13 2883 1 0 1
-33.3635 40.3371 325.556 -5.88788 7.75154 58.2771 2.96519 -13 2884 1 0 1
-19.5233 0.237439 325.556 -3.02998 0.328784 53.6467 4.60271 -13 2885 1 0 1
129.913 50.9385 325.556 22.5634 9.39455 56.1594 1.08649 -13 2886 1 0 1
-4.91739 -24.5247 325.556 -0.491089 -4.25434 50.2927 0.0715687 -13 2887 1 0 1
64.8971 91.169 325.556 10.081 14.7075 49.4769 -0.0647392 -13 2888 1 0 1
-17.0287 -27.6285 325.556 -4.09586 -6.55982 71.5293 0.759871 -13 2889 1 0 1
-23.2056 49.461 325.556 -4.48039 10.1407 61.9156 0.987118 -13 2890 1 0 1
-10.6618 40.0282 325.556 -2.87172 9.63811 74.0691 3.98481 -13 2891 1 0 1
24.7209 80.4235 325.556 4.25962 14.1148 53.1326 2.23854 -13 2892 1 0 1
28.5918 4.0731 325.556 2.22653 0.439001 22.802 2.55268 -13 2893 1 0 1
72.0015 11.9053 325.556 13.1492 2.59787 58.4366 3.84172 -13 2894 1 0 1
54.572 -16.4516 325.556 6.11065 -1.76179 35.1511 3.3124 -13 2895 1 0 1
-35.5636 30.88 325.556 -6.60072 6.58055 60.8113 1.9635 -13 2896 1 0 1
-7.78226 16.7903 325.556 -1.82509 3.72773 67.7787 2.78024 -13 2897 1 0 1
-12.1146 -47.9741 325.556 -2.2716 -9.80202 61.9919 1.54269 -13 2898 1 0 1
-25.615 62.8007 325.556 -4.37296 11.0699 56.4824 2.00497 -13 2899 1 0 1
74.2251 -55.2881 325.556 14.9564 -11.7019 65.7789 3.45278 -13 2900 1 0 1
-16.1718 -13.101 325.556 -4.51468 -3.25928 77.003 1.31052 -13 2901 1 0 1
-16.7522 44.0519 325.556 -3.42562 9.82304 64.9064 4.30125 -13 2902 1 0 1
-8.84452 40.6495 325.556 -2.11379 8.95021 68.6646 0.174433 -13 2904 1 0 1
10.9975 -12.4858 325.556 2.16742 -3.12523 72.8023 2.51964 -13 2905 1 0 1
-16.3121 37.0343 325.556 -2.13205 5.61835 46.2566 4.74698 -13 2906 1 0 1
-7.09746 2.18317 325.556 -2.37295 0.387547 78.2075 1.9614 -13 2907 1 0 1
-32.0422 -73.5218 325.556 -4.92278 -12.7893 52.1983 2.40322 -13 2908 1 0 1
-34.4069 14.761 325.556 -6.95024 2.84608 63.679 3.71334 -13 2909 1 0 1
-23.2042 10.5971 325.556 -6.67494 3.25693 79.8774 0.971087 -13 2910 1 0 1
-47.0267 37.6332 325.556 -10.3557 8.48787 68.87 4.83499 -13 2911 1 0 1
30.3954 -20.6333 325.556 5.5851 -3.51422 57.3744 2.07771 -13 2912 1 0 1
12.1436 47.4945 325.556 2.39311 12.0518 75.7884 -0.435231 -13 2913 1 0 1
-71.5812 35.8563 325.556 -10.8797 5.98195 49.8421 2.33342 -13 2914 1 0 1
73.019 -19.3703 325.556 15.3129 -4.43727 68.9808 2.60896 -13 2915 1 0 1
31.8639 -32.3698 325.556 6.39011 -7.28297 65.7025 2.22707 -13 2916 1 0 1
-8.31399 15.96 325.556 -1.58981 3.23568 63.4815 5.21148 -13 2917 1 0 1
34.7085 7.15895 325.556 6.58727 1.7101 60.8517 1.68973 -13 2918 1 0 1
25.3425 21.334 325.556 5.20265 4.73759 69.3702 2.06448 -13 2919 1 0 1
-28.4895 37.9797 325.556 -6.49949 8.83719 69.7695 2.49151 -13 2920 1 0 1
-19.8016 26.7438 325.556 -4.95603 6.87507 73.3521 2.19998 -13 2921 1 0 1
54.0329 0.684812 325.556 11.2268 0.328677 68.518 2.30036 -13 2922 1 0 1
38.6176 71.949 325.556 7.59122 14.8596 64.8297 -1.17427 -13 2923 1 0 1
-23.4193 -6.04424 325.556 -5.33795 -1.3352 69.5154 1.50943 -13 2924 1 0 1
-13.4123 38.3808 325.556 -3.3218 9.23447 72.4205 1.31595 -13 2926 1 0 1
76.8657 8.37861 325.556 10.547 1.22871 43.6222 2.8882 -13 2927 1 0 1
20.4911 71.1754 325.556 3.6157 12.4583 54.267 0.384799 -13 2928 1 0 1
21.9185 10.0718 325.556 2.7206 1.29581 35.3785 3.43625 -13 2929 1 0 1
-56.4024 54.2065 325.556 -12.6502 12.467 70.1484 -0.0580966 -13 2930 1 0 1
-24.3999 62.6936 325.556 -4.25256 12.0397 57.8861 3.16687 -13 2931 1 0 1
-0.692859 -10.6703 325.556 0.170476 -2.18879 54.2888 0.925966 -13 2932 1 0 1
-46.8458 -2.39 325.556 -9.37837 -0.113514 64.1086 2.35967 -13 2933 1 0 1
26.5626 -28.8317 325.556 5.13905 -6.42836 62.6961 3.74585 -13 2934 1 0 1
-12.872 7.08941 325.556 -2.4199 1.75702 61.0178 1.90403 -13 2935 1 0 1
9.74806 20.8223 325.556 1.86485 4.77286 74.564 1.03203 -13 2936 1 0 1
-14.1575 0.720152 325.556 -1.96707 0.671581 49.533 0.369831 -13 2937 1 0 1
71.1288 -12.1869 325.556 9.89782 -1.67452 44.1414 4.2468 -13 2938 1 0 1
12.6237 42.4002 325.556 2.29466 11.075 78.316 1.30542 -13 2939 1 0 1
28.7909 24.5694 325.556 5.75317 4.91342 63.3581 1.58235 -13 2940 1 0 1
-117.061 39.0823 325.556 -24.2968 7.98118 66.17 1.30325 -13 2941 1 0 1
17.6528 9.4405 325.556 3.13577 1.56194 55.3402 0.734866 -13 2942 1 0 1
-5.52282 89.8046 325.556 -0.878504 16.1303 56.0534 1.75056 -13 2943 1 0 1
21.4955 1.70512 325.556 4.18996 0.5353 61.8487 3.52572 -13 2944 1 0 1
-23.8931 -6.6529 325.556 -4.00006 -2.03553 56.6091 5.59633 -13 2945 1 0 1
179.455 -56.8679 325.556 20.9865 -6.90147 37.5744 2.05714 -13 2946 1 0 1
-28.9772 54.6988 325.556 -5.40122 11.3847 60.4239 0.0235269 -13 2947 1 0 1
-5.44597 27.6821 325.556 -0.492883 4.11802 46.294 2.31703 -13 2948 1 0 1
-21.9172 -53.4186 325.556 -4.93171 -12.2568 68.3727 2.56581 -13 2949 1 0 1
-15.8684 -26.7074 325.556 -2.43936 -4.36781 55.3343 1.59404 -13 2950 1 0 1
7.09693 5.07826 325.556 1.4705 0.189411 56.613 1.43824 -13 2951 1 0 1
-29.0539 11.8032 325.556 -5.70752 2.56145 63.3904 2.25068 -13 2952 1 0 1
-4.52289 23.1247 325.556 -1.02731 5.10091 67.6383 1.90814 -13 2953 1 0 1
-3.23074 -10.8774 325.556 -0.355357 -2.58718 57.4115 0.386226 -13 2955 1 0 1
-14.0317 14.9002 325.556 -3.27787 3.14693 70.875 1.46252 -13 2956 1 0 1
-16.4024 17.4382 325.556 -3.84573 4.31928 69.764 3.14051 -13 2957 1 0 1
42.6755 69.5676 325.556 7.69026 12.6086 58.1253 3.72387 -13 2958 1 0 1
37.3485 -18.2053 325.556 8.36234 -4.70232 77.6639 0.657417 -13 2959 1 0 1
-14.4067 43.9718 325.556 -2.95094 8.78608 64.7162 2.46455 -13 2960 1 0 1
45.1341 -67.3929 325.556 8.89185 -13.7926 63.2269 4.40027 -13 2961 1 0 1
96.7647 -39.6616 325.556 5.17624 -2.23888 17.5261 6.03559 -13 2963 1 0 1
-67.1702 -114.964 325.556 -8.51829 -15.6523 42.0418 1.75458 -13 2964 1 0 1
56.6711 -65.3352 325.556 7.14669 -8.56285 40.9613 4.87466 -13 2965 1 0 1
32.3663 8.45553 325.556 6.66242 1.75094 67.9424 0.191312 -13 2966 1 0 1
-12.8091 -147.439 325.556 -2.32335 -27.9877 57.1513 2.12428 -13 2967 1 0 1
-4.15381 -31.1891 325.556 -1.22308 -6.72793 71.5645 3.16889 -13 2968 1 0 1
-39.7794 -28.2878 325.556 -8.61152 -6.35582 68.2972 3.50428 -13 2969 1 0 1
75.2626 -34.7229 325.556 15.163 -7.42585 65.734 1.48724 -13 2970 1 0 1
-29.7459 -27.1732 325.556 -7.14127 -6.62867 73.0376 0.739056 -13 2971 1 0 1
25.0156 -7.91667 325.556 5.24542 -1.8646 69.6455 3.22012 -13 2972 1 0 1
-24.4828 -5.27691 325.556 -7.04117 -1.44444 78.5325 2.65929 -13 2973 1 0 1
-0.493666 215.08 325.556 0.119502 9.45506 12.1446 8.04544 -13 2974 1 0 1
-22.3112 -27.7902 325.556 -4.979 -6.96377 68.9112 2.51577 -13 2975 1 0 1
0.724162 -35.4812 325.556 0.0578788 -7.59931 64.5144 2.75138 -13 2976 1 0 1
51.8626 -60.7806 325.556 10.1406 -12.7388 62.7626 2.92571 -13 2977 1 0 1
-31.4422 41.1932 325.556 -4.77203 6.48424 51.6601 3.91652 -13 2978 1 0 1
23.606 -62.7236 325.556 4.43881 -11.8332 59.3913 1.28435 -13 2979 1 0 1
-38.1195 22.509 325.556 -6.07376 3.87667 52.7804 1.82663 -13 2980 1 0 1
23.5956 -3.98667 325.556 4.35035 -0.996327 56.2382 4.51968 -13 2981 1 0 1
11.3265 -5.71038 325.556 2.24985 -1.19928 67.2661 0.756761 -13 2982 1 0 1
14.0824 19.5245 325.556 2.72891 3.95479 62.5048 0.557709 -13 2983 1 0 1
-62.01 -2.51 325.556 -15.03 -0.190357 75.2106 2.6796 -13 2984 1 0 1
22.2525 -30.4951 325.556 3.66138 -4.97134 48.9796 1.61151 -13 2985 1 0 1
63.8203 11.8585 325.556 11.1078 2.40237 55.2525 3.18926 -13 2986 1 0 1
-37.2878 55.0194 325.556 -9.06928 13.407 73.8801 1.47092 -13 2987 1 0 1
81.2063 -63.5479 325.556 12.8373 -9.90381 49.977 2.76009 -13 2988 1 0 1
27.9609 -2.94099 325.556 5.82078 -0.707794 68.8229 1.32603 -13 2989 1 0 1
-36.4352 -23.6761 325.556 -7.17357 -5.15525 63.4925 1.18434 -13 2990 1 0 1
5.96612 1.17969 325.556 1.02287 0.0619482 71.8017 1.88814 -13 2991 1 0 1
-48.7712 0.474565 325.556 -11.1343 0.638861 70.9522 1.66049 -13 2992 1 0 1
-21.3074 -1.32264 325.556 -5.34282 -0.501904 74.3515 0.385363 -13 2993 1 0 1
-13.6614 21.264 325.556 -2.59444 4.04709 62.9213 3.0133 -13 2994 1 0 1
0.103034 -32.6558 325.556 -0.649779 -8.08734 77.0959 0.7102 -13 2995 1 0 1
0.376121 -38.1157 325.556 0.161469 -6.994 58.5419 1.14289 -13 2996 1 0 1
-57 -3.2351 325.556 -12.8132 -0.755771 70.5741 0.659688 -13 2998 1 0 1
4.23074 15.2598 325.556 0.790055 3.19947 65.9972 1.72473 -13 2999 1 0 1
6.90795 13.4876 325.556 1.15716 3.0329 73.7405 3.82134 -13 3000 1 0 1
-11.8113 -5.48223 325.556 -2.63051 -1.86506 67.9954 2.08224 -13 3001 1 0 1
-67.0493 38.4207 325.556 -16.8344 9.5367 77.14 2.49299 -13 3002 1 0 1
-135.422 59.4351 325.556 -15.5445 7.23095 37.9047 2.63262 -13 3003 1 0 1
-29.8406 78.8282 325.556 -6.32746 16.9081 65.3881 3.67616 -13 3004 1 0 1
11.8533 -0.973665 325.556 2.38825 -0.0815647 67.8823 1.16173 -13 3005 1 0 1
-33.2912 24.3523 325.556 -6.97378 5.47512 66.1744 3.88249 -13 3006 1 0 1
-67.6845 22.1657 325.556 -15.0261 5.43494 69.8089 1.18487 -13 3007 1 0 1
91.3296 -24.7804 325.556 14.205 -4.25717 49.6027 1.41524 -13 3008 1 0 1
-10.989 4.27591 325.556 -2.81607 1.12458 72.8961 -0.26559 -13 3009 1 0 1
13.6491 64.2398 325.556 2.50401 11.9211 55.2953 2.47399 -13 3010 1 0 1
5.62085 7.08595 325.556 1.07139 1.59889 63.204 0.136966 -13 3011 1 0 1
-2.2459 -68.8938 325.556 -0.308421 -12.1323 55.0037 4.94346 -13 3012 1 0 1
54.6733 -45.0073 325.556 9.66271 -8.06056 56.3612 2.47595 -13 3013 1 0 1
10.9376 -16.9546 325.556 2.10727 -3.94776 74.0485 1.03629 -13 3014 1 0 1
51.627 -48.354 325.556 11.391 -11.2368 74.6195 3.40895 -13 3015 1 0 1
-30.9461 -31.1781 325.556 -4.70504 -4.9734 51.698 3.93134 -13 3016 1 0 1
-17.6116 14.3547 325.556 -4.25753 2.79738 70.9952 1.59373 -13 3017 1 0 1
-28.1764 59.63 325.556 -4.95688 11.3937 57.4575 4.52385 -13 3018 1 0 1
43.072 2.90902 325.556 9.08042 0.634078 70.0151 3.72511 -13 3020 1 0 1
28.8749 26.4008 325.556 5.97843 6.68883 68.4654 1.28384 -13 3021 1 0 1
31.7011 14.5412 325.556 5.66168 2.44243 56.2978 1.46134 -13 3022 1 0 1
-1.61246 45.9316 325.556 -0.245079 8.64238 61.346 1.91786 -13 3023 1 0 1
41.8214 8.31926 325.556 4.93712 0.905959 36.0106 5.4587 -13 3024 1 0 1
38.5988 -54.7087 325.556 4.49974 -6.70154 36.3336 4.14996 -13 3025 1 0 1
26.7795 39.1973 325.556 5.17226 8.14709 61.0812 0.991357 -13 3026 1 0 1
-60.4225 43.2552 325.556 -12.3664 9.07212 64.8574 3.72954 -13 3027 1 0 1
-26.8806 37.1631 325.556 -3.18408 4.93931 41.6707 0.193874 -13 3028 1 0 1
60.6068 -48.563 325.556 12.4369 -10.8634 67.206 0.798623 -13 3029 1 0 1
7.34078 34.7308 325.556 1.33613 5.48281 50.7712 2.62724 -13 3030 1 0 1
94.6663 -61.4221 325.556 12.2135 -7.86408 40.8403 2.84612 -13 3031 1 0 1
-36.8403 14.224 325.556 -7.52382 2.75222 65.6855 2.29046 -13 3032 1 0 1
-29.4188 -36.8308 325.556 -5.90276 -7.47764 64.3429 -0.749556 -13 3033 1 0 1
69.4024 -58.2239 325.556 11.2188 -9.54049 51.6216 2.8216 -13 3034 1 0 1
11.736 1.7901 325.556 2.33107 0.330443 63.5723 5.03197 -13 3035 1 0 1
-58.9054 -50.7785 325.556 -11.2197 -9.99257 61.3671 2.29092 -13 3036 1 0 1
-22.8885 -4.35702 325.556 -4.62963 -0.693367 64.321 3.19888 -13 3037 1 0 1
-16.6879 -16.3002 325.556 -3.37465 -2.99807 64.8248 1.98261 -13 3038 1 0 1
12.0246 39.1859 325.556 2.35723 7.45599 60.5751 1.4411 -13 3039 1 0 1
18.8624 2.75669 325.556 3.77117 -0.389485 66.3197 1.63872 -13 3040 1 0 1
51.3934 14.6848 325.556 8.0287 2.42972 49.4622 1.85073 -13 3041 1 0 1
-43.5631 -15.8178 325.556 -11.7729 -4.32034 80.2812 2.24267 -13 3042 1 0 1
51.0239 7.52074 325.556 9.32684 2.02903 58.8406 2.12198 -13 3043 1 0 1
-17.5711 -66.7708 325.556 -3.00159 -12.2287 58.0168 2.62657 -13 3044 1 0 1
59.9554 -66.9812 325.556 11.6334 -13.4207 62.7929 0.293759 -13 3045 1 0 1
-4.34591 -34.0909 325.556 -1.52314 -8.23786 74.9646 0.265233 -13 3046 1 0 1
11.4924 -27.1755 325.556 2.33344 -5.14499 61.5166 2.09015 -13 3047 1 0 1
29.6147 -30.6567 325.556 5.79873 -5.51489 61.7015 1.93722 -13 3048 1 0 1
4.48013 85.7102 325.556 0.544074 6.28014 21.7529 4.51248 -13 3049 1 0 1
14.2189 17.3872 325.556 2.83896 3.76907 76.2096 0.347501 -13 3050 1 0 1
1.47668 -23.8878 325.556 0.448245 -4.7187 60.5803 1.58698 -13 3051 1 0 1
7.3326 12.4001 325.556 1.33787 3.56402 71.9157 0.732439 -13 3052 1 0 1
62.0211 10.0921 325.556 11.5714 1.87432 59.7204 1.39696 -13 3053 1 0 1
13.2852 47.1862 325.556 2.49751 10.508 65.9591 2.13869 -13 3054 1 0 1
8.82126 17.9349 325.556 1.73347 3.39171 65.0113 4.03194 -13 3055 1 0 1
-89.4504 -80.9619 325.556 -15.8064 -15.1275 56.9503 1.61474 -13 3056 1 0 1
-32.0958 -41.2012 325.556 -7.19699 -9.04548 69.1709 0.72268 -13 3057 1 0 1
20.0737 14.7371 325.556 3.6903 2.60512 55.8605 1.84715 -13 3058 1 0 1
10.491 -22.0203 325.556 2.02158 -5.23765 65.6011 1.98237 -13 3059 1 0 1
-46.8015 -4.74525 325.556 -7.05741 -0.531239 50.5937 2.75738 -13 3060 1 0 1
5.14545 22.389 325.556 1.01236 4.74502 63.3964 3.82835 -13 3061 1 0 1
31.5608 41.6472 325.556 1.93951 2.57992 18.4033 6.39646 -13 3062 1 0 1
-20.7264 -20.937 325.556 -4.61473 -4.87498 68.7594 1.42905 -13 3063 1 0 1
6.27749 -93.9148 325.556 1.06547 -21.3994 69.3058 1.16052 -13 3064 1 0 1
17.062 69.8443 325.556 3.37518 14.5978 65.7915 4.35118 -13 3065 1 0 1
-1.38407 -17.1998 325.556 -0.320017 -4.00326 64.0004 3.77192 -13 3066 1 0 1
-44.4768 24.1098 325.556 -9.89327 5.60393 69.6105 3.5801 -13 3067 1 0 1
-41.7696 -11.0611 325.556 -7.74324 -2.30107 60.1525 3.49675 -13 3068 1 0 1
76.2231 -46.0587 325.556 10.0422 -6.81766 42.2233 3.51574 -13 3069 1 0 1
-36.8256 26.2785 325.556 -7.78299 6.06697 66.625 3.42441 -13 3070 1 0 1
93.434 -25.4681 325.556 5.40776 -1.65589 18.7862 6.42379 -13 3071 1 0 1
-46.96 14.7648 325.556 -12.4131 3.29977 79.1883 2.15121 -13 3072 1 0 1
-83.981 29.8852 325.556 -17.4707 6.2934 66.0324 0.888766 -13 3073 1 0 1
23.0959 47.7825 325.556 4.70442 10.7537 68.754 1.97018 -13 3074 1 0 1
-10.1522 19.5805 325.556 -3.02786 5.26277 77.6481 2.47845 -13 3075 1 0 1
-0.813127 33.1696 325.556 -0.595287 7.88665 73.3525 2.05507 -13 3076 1 0 1
10.2644 -22.6354 325.556 1.8261 -5.99204 77.3964 1.91348 -13 3077 1 0 1
67.7666 53.6999 325.556 9.6894 7.86834 45.5527 1.63643 -13 3078 1 0 1
9.56521 41.2496 325.556 1.70004 10.2325 74.3896 0.0720673 -13 3079 1 0 1
41.0435 36.8814 325.556 7.75842 7.25648 60.4841 0.603831 -13 3080 1 0 1
-27.1523 -44.9377 325.556 -4.74948 -8.50999 58.4158 3.165 -13 3081 1 0 1
9.67811 -49.4093 325.556 1.79203 -10.9711 67.0746 2.54706 -13 3082 1 0 1
48.6639 -5.046 325.556 9.36488 -1.04852 61.2226 0.497815 -13 3083 1 0 1
0.640168 -15.8815 325.556 0.00307057 -3.49696 69.2472 1.97174 -13 3084 1 0 1
22.7651 -23.9707 325.556 4.51454 -5.38801 67.1447 1.48779 -13 3085 1 0 1
-38.5515 4.38032 325.556 -5.1446 0.894043 45.1272 2.66112 -13 3086 1 0 1
23.7741 -39.1585 325.556 4.74705 -8.88577 68.7181 2.26683 -13 3087 1 0 1
-19.7812 -109.711 325.556 -3.00579 -18.4373 51.5776 1.59326 -13 3088 1 0 1
-2.7813 36.2814 325.556 -0.768793 8.4849 68.7205 2.27741 -13 3089 1 0 1
-50.8421 1.09505 325.556 -9.01193 0.542108 58.1832 2.85891 -13 3090 1 0 1
8.29843 -71.975 325.556 1.36872 -17.7168 74.4883 1.0785 -13 3091 1 0 1
-12.0237 65.6891 325.556 -3.05894 15.3967 71.1379 2.13703 -13 3092 1 0 1
36.6869 45.7005 325.556 5.58388 7.11194 47.1283 2.82324 -13 3093 1 0 1
-37.1994 -26.7743 325.556 -7.99586 -5.87251 67.801 0.683279 -13 3094 1 0 1
22.214 22.258 325.556 4.5965 4.7806 72.4824 4.12105 -13 3095 1 0 1
16.9935 -67.9457 325.556 3.34303 -15.182 69.4271 1.29473 -13 3096 1 0 1
55.1658 67.6108 325.556 12.0151 16.7373 73.2156 1.62898 -13 3097 1 0 1
-0.0561237 -29.8056 325.556 -0.180614 -6.52372 70.1188 -0.36078 -13 3099 1 0 1
7.5096 2.08849 325.556 1.47918 0.380934 57.7112 1.95508 -13 3100 1 0 1
-13.6941 28.5983 325.556 -3.11078 6.37524 69.3384 3.25371 -13 3101 1 0 1
27.4169 29.6706 325.556 5.24087 5.85547 61.0213 1.51016 -13 3102 1 0 1
-43.0192 -54.289 325.556 -9.63285 -12.5382 69.7614 2.69402 -13 3103 1 0 1
-6.61879 -14.56 325.556 -1.00926 -2.97787 57.0897 3.41989 -13 3104 1 0 1
-22.9496 -13.1374 325.556 -5.6677 -3.12119 73.3627 1.85943 -13 3105 1 0 1
25.122 9.1313 325.556 5.35649 2.51774 75.3709 2.12044 -13 3106 1 0 1
-15.2854 29.1532 325.556 -4.04516 7.49247 74.9196 3.31948 -13 3107 1 0 1
-8.91962 35.6111 325.556 -1.63107 7.47226 62.3263 1.87346 -13 3108 1 0 1
-10.1977 -1.24729 325.556 -1.10797 0.0636503 44.7258 3.28004 -13 3109 1 0 1
-32.9874 14.8053 325.556 -6.72658 3.05301 65.8224 2.09197 -13 3110 1 0 1
96.7433 -94.8862 325.556 11.579 -11.9636 38.1917 3.45709 -13 3111 1 0 1
-36.6221 -22.2797 325.556 -9.10002 -5.38971 75.4788 2.09139 -13 3112 1 0 1
17.6457 -45.1417 325.556 3.56249 -11.2103 74.8578 2.69685 -13 3113 1 0 1
-18.9855 48.5933 325.556 -3.509 9.76041 62.2298 1.17703 -13 3114 1 0 1
-4.94114 -11.8919 325.556 -1.89052 -2.69486 77.4899 2.60676 -13 3115 1 0 1
2.60858 -3.35984 325.556 0.0593346 -0.720257 77.1976 1.09929 -13 3116 1 0 1
-30.8039 52.2571 325.556 -7.82074 12.9858 75.7489 1.53353 -13 3117 1 0 1
-39.395 2.92213 325.556 -9.52076 0.0262535 74.0721 1.2935 -13 3118 1 0 1
-24.4005 -24.7024 325.556 -5.90379 -6.1463 72.5062 2.49594 -13 3119 1 0 1
-33.88 -21.8012 325.556 -8.04131 -5.34822 72.6046 -0.467254 -13 3120 1 0 1
-54.2151 -115.41 325.556 -3.20798 -8.135 20.5144 4.45689 -13 3121 1 0 1
-16.2144 -29.2553 325.556 -4.57035 -7.36834 77.1428 1.79274 -13 3122 1 0 1
-10.107 -191.908 325.556 -1.76801 -33.3144 53.5428 -0.177455 -13 3123 1 0 1
-51.9979 -1.61467 325.556 -10.3326 -1.1268 63.9012 2.55157 -13 3124 1 0 1
-21.718 -39.8539 325.556 -4.55624 -8.29757 65.7261 3.38261 -13 3125 1 0 1
85.8509 38.0764 325.556 15.4311 6.91717 58.132 4.09564 -13 3126 1 0 1
-1.7662 0.949853 325.556 -0.19212 0.00691459 58.6399 3.42208 -13 3127 1 0 1
14.4062 -0.334625 325.556 2.90919 -0.336835 70.5199 4.03748 -13 3128 1 0 1
22.4436 57.2094 325.556 2.09873 5.13858 28.2691 6.88827 -13 3129 1 0 1
24.6458 31.2409 325.556 4.99422 6.81632 67.1733 4.00439 -13 3130 1 0 1
-8.93532 29.7185 325.556 -1.67383 6.33576 63.1035 1.32395 -13 3131 1 0 1
-37.9706 -43.3608 325.556 -8.274 -9.55185 68.1423 2.29497 -13 3132 1 0 1
8.52567 -68.4161 325.556 1.62506 -11.7702 53.9218 2.87967 -13 3133 1 0 1
68.511 -72.296 325.556 11.4189 -12.5167 53.1497 3.80184 -13 3134 1 0 1
69.738 -29.0574 325.556 11.0595 -4.51604 50.3227 2.21379 -13 3135 1 0 1
12.1852 7.30044 325.556 2.31548 1.39377 54.7887 3.1556 -13 3136 1 0 1
23.0458 -126.476 325.556 3.16006 -17.4891 41.8314 4.12405 -13 3137 1 0 1
60.6066 4.33672 325.556 8.54209 0.975447 44.6256 3.66867 -13 3138 1 0 1
43.7138 21.618 325.556 8.19689 4.26133 60.0378 1.78375 -13 3139 1 0 1
61.5057 -44.4471 325.556 12.7699 -9.49623 68.0177 2.12782 -13 3140 1 0 1
62.5209 5.87256 325.556 11.9292 1.48719 61.0337 -0.247526 -13 3141 1 0 1
-2.19126 1.25779 325.556 -1.13129 0.878214 77.4575 3.16136 -13 3142 1 0 1
7.90554 62.3892 325.556 1.47565 12.3537 60.1856 3.42411 -13 3143 1 0 1
31.3267 54.5916 325.556 5.72775 9.84191 57.3672 1.5192 -13 3144 1 0 1
10.2516 57.3112 325.556 1.97202 12.6264 68.0132 2.86255 -13 3146 1 0 1
-69.9634 -3.05358 325.556 -16.7278 -0.18711 74.1513 -0.227451 -13 3147 1 0 1
4.88116 35.0169 325.556 0.726535 7.50026 67.1794 3.04868 -13 3148 1 0 1
-12.1153 -115.093 325.556 -1.05343 -13.1153 34.5986 4.81453 -13 3149 1 0 1
-6.87368 43.0839 325.556 -2.00628 9.91224 73.0567 1.56821 -13 3150 1 0 1
-8.89391 -71.7114 325.556 -1.69574 -14.5122 62.523 2.73832 -13 3151 1 0 1
-75.9597 35.9873 325.556 -15.2552 7.00192 64.1557 3.55578 -13 3152 1 0 1
-4.2504 -18.666 325.556 -1.4362 -4.61359 75.2065 -0.425643 -13 3153 1 0 1
-45.6289 6.07423 325.556 -11.8039 1.55787 78.1254 1.77674 -13 3154 1 0 1
65.3421 -7.15135 325.556 12.4283 -1.55164 60.6534 0.492643 -13 3155 1 0 1
-27.7261 -0.016597 325.556 -6.80127 0.169814 73.2058 4.19773 -13 3156 1 0 1
75.9023 -31.3802 325.556 11.7033 -5.33382 48.9141 1.22578 -13 3157 1 0 1
70.5431 -3.28977 325.556 14.3932 -0.665397 66.0937 2.70025 -13 3158 1 0 1
-9.49695 -58.6003 325.556 -2.0691 -12.932 65.9157 3.09172 -13 3160 1 0 1
-6.23227 -89.5362 325.556 -0.976252 -16.807 57.4304 3.67972 -13 3161 1 0 1
-41.358 13.8502 325.556 -11.1921 3.25699 79.7709 2.98423 -13 3162 1 0 1
3.40906 -0.993287 325.556 0.222151 0.0029928 76.9964 1.76208 -13 3163 1 0 1
31.2734 30.8075 325.556 5.938 6.5236 60.2273 1.32887 -13 3164 1 0 1
43.1643 59.776 325.556 8.04452 11.2778 58.8765 4.42521 -13 3165 1 0 1
17.7896 -2.34093 325.556 3.58317 -0.366709 63.1349 2.04834 -13 3166 1 0 1
-10.4546 8.29184 325.556 -3.40547 1.55254 80.5632 3.5876 -13 3167 1 0 1
51.411 15.7069 325.556 9.42835 3.54689 57.956 3.45976 -13 3168 1 0 1
60.357 -6.06466 325.556 12.1749 -1.35229 65.5844 2.47244 -13 3169 1 0 1
-27.512 14.8517 325.556 -5.07674 3.09226 60.5049 -0.32716 -13 3170 1 0 1
37.7903 25.2699 325.556 7.15737 5.31942 60.8407 1.65606 -13 3171 1 0 1
-25.9137 -33.5068 325.556 -4.95485 -6.91629 62.0544 0.35723 -13 3172 1 0 1
79.348 -10.0403 325.556 11.119 -1.65477 43.7793 3.99991 -13 3173 1 0 1
-13.6013 3.94539 325.556 -3.36804 0.630822 72.4105 1.97454 -13 3174 1 0 1
19.3761 33.1309 325.556 3.96852 7.28413 66.7975 -0.683085 -13 3175 1 0 1
11.9397 -0.98873 325.556 2.24973 -0.555874 73.7304 2.51383 -13 3176 1 0 1
-41.6695 -3.95751 325.556 -7.93787 -0.856332 61.8568 1.14016 -13 3177 1 0 1
-23.1091 -55.5932 325.556 -5.70216 -13.484 73.1985 0.181837 -13 3178 1 0 1
-15.245 -54.99 325.556 -4.40789 -14.1124 78.1298 1.85993 -13 3179 1 0 1
-28.8945 -9.0097 325.556 -7.988 -2.895 79.0689 1.5233 -13 3180 1 0 1
-27.525 40.2809 325.556 -7.66403 10.0746 79.2942 3.20739 -13 3181 1 0 1
36.1141 21.4504 325.556 4.96597 3.0204 41.9586 4.71856 -13 3182 1 0 1
-11.1293 -18.4047 325.556 -3.20783 -4.75642 76.4471 0.768637 -13 3183 1 0 1
74.9614 -10.208 325.556 6.40184 -0.87015 27.2775 5.04206 -13 3184 1 0 1
-51.9461 -7.39426 325.556 -11.5463 -1.69539 69.4484 -0.467494 -13 3185 1 0 1
63.5078 14.54 325.556 12.71 2.98339 65.3389 4.11383 -13 3186 1 0 1
-2.70897 -6.18113 325.556 -0.231208 -0.967171 54.8954 3.1463 -13 3187 1 0 1
-45.6456 24.0486 325.556 -7.93277 4.29332 56.9497 2.83196 -13 3188 1 0 1
-23.4747 -36.3692 325.556 -6.17679 -9.00231 76.6479 2.23647 -13 3189 1 0 1
-33.6664 -37.0168 325.556 -9.0641 -9.14191 78.5877 2.57269 -13 3190 1 0 1
-16.8621 -30.334 325.556 -1.99835 -4.36299 44.094 3.24067 -13 3191 1 0 1
40.4983 -0.363557 325.556 8.54209 0.652054 69.8129 1.23657 -13 3192 1 0 1
3.72173 -18.3373 325.556 0.780914 -3.5507 59.6318 1.52446 -13 3193 1 0 1
-114.747 -79.4925 325.556 -21.2903 -14.9825 59.5257 2.45009 -13 3194 1 0 1
-34.4859 27.3272 325.556 -6.45612 5.44434 60.6319 1.77194 -13 3195 1 0 1
-8.20301 22.837 325.556 -2.57719 5.68419 77.1908 1.26303 -13 3196 1 0 1
-32.2062 -67.8046 325.556 -5.73239 -12.9505 58.0834 2.67932 -13 3197 1 0 1
-22.6056 14.7133 325.556 -5.58061 4.15013 73.1945 1.25724 -13 3198 1 0 1
13.146 -51.1095 325.556 2.56975 -10.432 66.001 0.632295 -13 3199 1 0 1
0.614693 -31.6239 325.556 0.307302 -4.57061 46.6081 3.55539 -13 3200 1 0 1
10.0703 -30.6318 325.556 1.92816 -5.84842 56.7538 1.58005 -13 3201 1 0 1
26.1243 -48.8436 325.556 4.74483 -9.02835 56.4276 1.7705 -13 3202 1 0 1
-14.9419 -25.0408 325.556 -1.89771 -3.79957 47.9306 0.781178 -13 3203 1 0 1
-28.2894 -12.4711 325.556 -4.41622 -2.41213 52.3344 3.06554 -13 3204 1 0 1
31.7808 17.8626 325.556 6.09872 3.3922 60.7076 2.20121 -13 3205 1 0 1
-44.9103 10.2828 325.556 -9.72039 2.27915 68.7429 2.59429 -13 3206 1 0 1
-39.9725 -53.6864 325.556 -10.4288 -13.6167 77.7599 0.218761 -13 3207 1 0 1
-35.3024 15.9157 325.556 -5.36945 2.97216 51.3375 1.54562 -13 3208 1 0 1
8.92801 -66.7011 325.556 1.3192 -8.7486 38.6641 4.57683 -13 3209 1 0 1
20.2226 -13.7364 325.556 3.86346 -3.06079 60.5018 2.95228 -13 3211 1 0 1
-78.4194 -14.1376 325.556 -18.0852 -3.47311 72.3401 -1.21375 -13 3212 1 0 1
14.0919 -58.1802 325.556 2.79556 -12.7 70.2116 2.1682 -13 3213 1 0 1
-7.63989 -18.3793 325.556 -1.56736 -4.17575 66.2312 1.42427 -13 3214 1 0 1
-39.7517 78.5484 325.556 -9.34735 18.2358 71.5562 2.20095 -13 3215 1 0 1
15.2229 11.1113 325.556 2.7496 1.63218 53.1098 3.2073 -13 3216 1 0 1
-51.0777 10.3154 325.556 -12.6355 2.884 75.8364 2.0303 -13 3217 1 0 1
2.07192 -81.1569 325.556 0.498641 -14.9838 55.9746 3.08407 -13 3218 1 0 1
87.9412 89.765 325.556 13.2554 14.0298 47.7303 3.33296 -13 3219 1 0 1
3.5202 40.7502 325.556 0.691966 9.43219 66.8234 -0.0590251 -13 3220 1 0 1
-33.3778 -16.9717 325.556 -6.16734 -3.13964 59.8017 1.57729 -13 3221 1 0 1
-1.2578 -7.25132 325.556 -0.532323 -1.98058 69.8952 1.78244 -13 3222 1 0 1
-15.4636 12.8114 325.556 -3.47595 3.09039 68.8164 2.18767 -13 3223 1 0 1
-21.9084 10.7135 325.556 -4.49373 1.76978 65.5708 2.21494 -13 3224 1 0 1
-36.1299 -39.978 325.556 -7.1704 -8.52076 63.7853 3.9117 -13 3225 1 0 1
-34.0752 -17.9445 325.556 -5.67988 -3.37066 55.3928 2.24523 -13 3226 1 0 1
59.719 -4.18452 325.556 8.42906 -0.473808 44.075 1.00072 -13 3227 1 0 1
60.2373 8.02255 325.556 12.1854 1.77569 65.938 1.85725 -13 3228 1 0 1
-12.2724 69.1064 325.556 -3.00884 15.3839 69.2737 0.0311665 -13 3229 1 0 1
24.1182 26.71 325.556 4.26514 4.75532 55.7451 0.102088 -13 3230 1 0 1
49.383 -9.03006 325.556 10.5075 -1.83411 69.9801 1.87259 -13 3231 1 0 1
13.7795 -0.323175 325.556 1.89852 -0.160063 35.5479 4.68565 -13 3232 1 0 1
17.0262 -35.2208 325.556 2.94359 -5.89958 52.3474 1.3154 -13 3233 1 0 1
-37.8394 1.91279 325.556 -8.72766 0.349442 71.3225 3.95634 -13 3234 1 0 1
96.5259 -20.33 325.556 19.8914 -4.75566 67.8295 1.13318 -13 3235 1 0 1
-21.3785 -21.8152 325.556 -3.79395 -4.40842 59.3343 3.4624 -13 3236 1 0 1
26.4863 37.1772 325.556 5.29375 8.13275 66.1554 2.27677 -13 3237 1 0 1
47.2789 62.1114 325.556 7.83137 10.8749 52.921 2.70854 -13 3238 1 0 1
-20.6749 17.399 325.556 -3.81497 3.27034 60.034 2.0327 -13 3239 1 0 1
-26.7986 -74.6139 325.556 -5.84568 -15.6451 68.1646 1.29093 -13 3240 1 0 1
-39.978 -67.3404 325.556 -7.3549 -12.7708 59.122 2.83902 -13 3241 1 0 1
-45.2102 14.3499 325.556 -10.8972 3.01591 74.6241 1.56596 -13 3242 1 0 1
46.9141 24.9708 325.556 8.90148 5.20701 60.8019 2.59787 -13 3243 1 0 1
-33.6504 -29.4036 325.556 -6.61921 -5.82631 63.4332 1.72404 -13 3244 1 0 1
1.02503 -35.6343 325.556 -0.227346 -8.12222 74.7241 1.58616 -13 3246 1 0 1
21.8174 -75.3215 325.556 3.61937 -12.3587 49.1692 3.36068 -13 3247 1 0 1
10.5831 -44.68 325.556 1.89988 -10.5818 72.5229 2.01146 -13 3248 1 0 1
-16.2849 65.1209 325.556 -2.68098 11.9261 56.1064 3.55276 -13 3249 1 0 1
-34.8976 -2.03429 325.556 -8.74122 -0.135772 75.4859 1.30745 -13 3250 1 0 1
-94.6336 53.1933 325.556 -1.99635 1.5592 8.1229 14.9907 -13 3251 1 0 1
-12.6693 -42.2001 325.556 -2.98992 -9.75148 69.8729 2.88596 -13 3252 1 0 1
-75.1164 -21.4861 325.556 -12.8815 -3.69198 55.7787 2.42274 -13 3253 1 0 1
18.8283 -13.344 325.556 3.74308 -2.71361 67.4865 2.2939 -13 3254 1 0 1
14.4432 -19.2455 325.556 2.88284 -3.88805 66.106 4.80381 -13 3255 1 0 1
90.447 -51.2182 325.556 15.94 -9.41152 56.7027 0.428582 -13 3256 1 0 1
34.6685 3.74986 325.556 7.43199 0.922551 71.9438 0.0528544 -13 3257 1 0 1
56.7163 3.95687 325.556 9.94479 0.492913 56.0471 2.27601 -13 3258 1 0 1
-13.8312 24.035 325.556 -3.07852 4.95452 67.7677 1.45181 -13 3259 1 0 1
-12.4762 2.81178 325.556 -1.20661 0.674862 36.9586 5.24835 -13 3260 1 0 1
5.43517 -82.4075 325.556 1.21089 -15.4368 57.565 3.39505 -13 3261 1 0 1
-13.6738 -6.3082 325.556 -3.55157 -1.33234 73.2029 4.46211 -13 3262 1 0 1
-6.7102 -14.784 325.556 -1.47521 -3.10938 65.6399 0.904696 -13 3263 1 0 1
23.8727 32.5443 325.556 4.88823 7.62456 70.6572 2.0859 -13 3264 1 0 1
82.4747 28.9734 325.556 15.5981 5.7761 60.7076 2.28899 -13 3265 1 0 1
-72.9666 6.09308 325.556 -13.951 0.809371 61.6349 2.66493 -13 3266 1 0 1
-26.7921 35.7208 325.556 -6.04032 8.68634 69.2753 0.0594954 -13 3267 1 0 1
66.0229 -78.3908 325.556 9.31904 -10.9845 44.2329 4.25888 -13 3268 1 0 1
-21.0174 -18.1747 325.556 -4.54005 -3.93188 67.4809 2.84179 -13 3269 1 0 1
8.66423 -52.8701 325.556 1.56113 -9.0637 52.93 2.86441 -13 3270 1 0 1
19.6104 -40.8374 325.556 3.4685 -7.40426 53.8118 3.13489 -13 3271 1 0 1
-8.31194 -9.65037 325.556 -1.39317 -2.02193 58.1248 1.9047 -13 3272 1 0 1
38.894 -34.8166 325.556 8.07306 -6.99162 68.0397 2.78994 -13 3273 1 0 1
14.0527 -13.4717 325.556 2.7474 -2.68648 61.4629 3.36425 -13 3274 1 0 1
-33.6639 -64.6711 325.556 -4.48142 -9.70428 46.3084 1.02761 -13 3275 1 0 1
-18.9032 -50.5823 325.556 -3.62068 -10.5263 62.0364 3.0237 -13 3276 1 0 1
-16.0929 13.4222 325.556 -3.55314 3.17612 66.6923 0.816294 -13 3277 1 0 1
27.0455 10.922 325.556 4.64423 1.54712 52.1167 -0.0932729 -13 3278 1 0 1
-3.41714 -1.16789 325.556 -0.678751 -0.00558138 62.8356 -0.52284 -13 3279 1 0 1
13.7635 -14.0268 325.556 2.74974 -3.06467 69.5021 1.7085 -13 3280 1 0 1
7.87607 -9.03953 325.556 1.62601 -1.26134 55.2769 2.37171 -13 3281 1 0 1
-26.5336 -28.6656 325.556 -5.93923 -6.07696 69.1964 2.05075 -13 3282 1 0 1
35.1572 83.7599 325.556 6.75877 17.1612 61.5463 3.01602 -13 3283 1 0 1
-57.929 30.3631 325.556 -10.9794 6.23081 61.4868 1.05582 -13 3284 1 0 1
7.30653 18.5009 325.556 1.5622 3.63706 63.4735 4.3471 -13 3285 1 0 1
35.6192 -39.1424 325.556 7.5309 -8.82829 71.5199 0.62009 -13 3286 1 0 1
61.4942 8.22833 325.556 9.86809 1.46267 50.4351 0.819231 -13 3287 1 0 1
54.0849 -44.3125 325.556 10.718 -9.09636 64.1453 1.81324 -13 3288 1 0 1
-39.6266 -0.238752 325.556 -10.5213 -0.245462 78.8373 0.701568 -13 3289 1 0 1
52.5812 -42.1341 325.556 7.83771 -6.47597 46.5137 4.03764 -13 3290 1 0 1
88.6999 29.657 325.556 13.1486 4.4664 47.4171 2.98581 -13 3291 1 0 1
-13.2812 113.76 325.556 -1.55184 15.9961 43.2927 3.68628 -13 3292 1 0 1
-58.2895 21.3707 325.556 -3.27732 1.63158 19.7042 5.96692 -13 3293 1 0 1
7.21953 -29.643 325.556 1.36445 -6.60028 65.4405 -0.0615538 -13 3294 1 0 1
42.5087 -20.0996 325.556 9.05795 -4.71772 70.8818 4.14111 -13 3295 1 0 1
-10.8508 37.0083 325.556 -2.24229 7.98239 64.2751 4.26236 -13 3296 1 0 1
36.0218 2.8795 325.556 6.9904 0.433484 62.1445 2.8931 -13 3297 1 0 1
-34.2225 -14.3598 325.556 -7.05854 -2.72063 65.8821 1.78298 -13 3298 1 0 1
-27.517 38.1496 325.556 -6.21155 8.65943 69.8187 2.49393 -13 3299 1 0 1
0.171395 -47.4053 325.556 0.0178177 -9.67938 62.7268 2.24057 -13 3300 1 0 1
-31.8182 4.71946 325.556 -5.78732 0.773727 59.4672 3.45638 -13 3301 1 0 1
-3.87317 -14.3705 325.556 -0.655939 -2.9959 61.489 2.19388 -13 3302 1 0 1
26.7807 -3.60074 325.556 5.16411 -1.2225 59.7202 1.95308 -13 3303 1 0 1
-5.89252 32.0975 325.556 -0.844123 5.7992 57.7392 0.490845 -13 3304 1 0 1
-12.5368 -24.4228 325.556 -3.27095 -5.74034 73.3366 -0.681457 -13 3305 1 0 1
28.1973 -57.4511 325.556 4.90392 -10.2308 53.738 2.81942 -13 3306 1 0 1
29.3038 -13.0465 325.556 6.38654 -3.88577 79.0188 0.929274 -13 3307 1 0 1
-15.5017 7.75049 325.556 -3.4648 1.93694 68.4791 2.42463 -13 3308 1 0 1
-28.6718 -35.5745 325.556 -3.90067 -5.82088 46.3775 0.0898021 -13 3309 1 0 1
21.522 45.2717 325.556 4.28881 9.88583 66.482 2.33969 -13 3310 1 0 1
-56.9606 -25.1779 325.556 -12.1947 -5.21173 67.8819 3.32406 -13 3311 1 0 1
7.0957 42.1179 325.556 1.12609 10.6833 75.5627 2.12487 -13 3312 1 0 1
62.2101 14.8488 325.556 10.9579 2.88703 55.4092 3.63613 -13 3313 1 0 1
59.3653 19.0087 325.556 7.87279 2.46847 41.1276 1.45971 -13 3314 1 0 1
-21.8378 8.47709 325.556 -4.21193 1.801 62.6482 1.75918 -13 3315 1 0 1
-9.0928 7.74506 325.556 -0.303892 0.639955 19.7535 2.47667 -13 3316 1 0 1
-21.5385 25.7082 325.556 -3.36895 4.43983 53.1153 3.77773 -13 3317 1 0 1
62.8361 -6.81644 325.556 12.9369 -1.37204 67.339 0.966978 -13 3318 1 0 1
2.325 -74.9158 325.556 0.305606 -16.2762 67.0354 0.790665 -13 3319 1 0 1
-9.72189 -3.42767 325.556 -1.7701 -0.989134 60.8137 1.76266 -13 3320 1 0 1
26.1572 27.8581 325.556 5.02416 5.21855 61.2717 0.853223 -13 3321 1 0 1
-34.6055 -5.28442 325.556 -7.55227 -0.776212 67.7344 3.75219 -13 3322 1 0 1
3.74142 -17.4769 325.556 0.490469 -4.0446 72.3398 4.088 -13 3323 1 0 1
-52.3695 5.15945 325.556 -13.5292 1.22235 77.6138 2.81113 -13 3324 1 0 1
-3.75855 3.40776 325.556 -0.765417 0.402035 66.3755 1.22811 -13 3325 1 0 1
42.2082 -18.655 325.556 8.96948 -4.20706 69.5229 0.971396 -13 3326 1 0 1
-3.41509 -1.23118 325.556 -0.706557 -0.399227 65.4322 2.82033 -13 3327 1 0 1
14.9898 -37.3185 325.556 2.95039 -8.48265 73.9575 2.63457 -13 3328 1 0 1
-43.3419 -19.5448 325.556 -9.31989 -4.32769 67.5983 1.84945 -13 3329 1 0 1
4.99045 -21.2959 325.556 1.09655 -3.63654 58.2746 2.62247 -13 3330 1 0 1
12.6783 -62.1792 325.556 2.44741 -12.9771 62.4741 2.81075 -13 3331 1 0 1
64.6453 -45.8188 325.556 12.0376 -8.80113 59.815 3.14501 -13 3332 1 0 1
-54.1147 34.8228 325.556 -11.7259 8.38087 68.1829 2.77572 -13 3333 1 0 1
26.3016 -9.06459 325.556 4.51644 -1.89991 51.5948 0.358373 -13 3334 1 0 1
-53.756 -12.2499 325.556 -8.32648 -2.38427 51.676 4.91283 -13 3335 1 0 1
19.5112 4.09331 325.556 4.07023 1.50559 70.0908 2.23748 -13 3336 1 0 1
34.8258 33.303 325.556 6.45741 6.13796 58.2975 0.915683 -13 3337 1 0 1
2.69297 45.1043 325.556 0.503741 9.509 63.2584 -0.0758668 -13 3338 1 0 1
30.1625 -19.6501 325.556 4.87027 -2.89341 48.7235 0.649309 -13 3339 1 0 1
73.5428 10.267 325.556 13.39 2.55925 58.1169 1.6171 -13 3340 1 0 1
-40.3898 6.44554 325.556 -6.62713 1.41875 54.3742 1.91914 -13 3341 1 0 1
-28.7297 -2.66156 325.556 -6.88527 -0.551273 73.037 1.84133 -13 3342 1 0 1
14.6557 -26.3514 325.556 3.03549 -6.39898 70.7783 3.25695 -13 3343 1 0 1
-23.4616 -1.80187 325.556 -4.70116 0.00133137 63.5932 0.133739 -13 3344 1 0 1
-31.9856 -43.9263 325.556 -7.69935 -10.7159 73.3532 2.85477 -13 3346 1 0 1
-112.123 -35.6023 325.556 -18.7255 -6.33907 54.3235 1.75277 -13 3347 1 0 1
9.15592 -6.09989 325.556 1.8519 -1.29516 61.5895 0.540862 -13 3348 1 0 1
-45.8397 -18.5254 325.556 -8.47293 -3.77168 59.8266 4.08022 -13 3349 1 0 1
5.13466 16.3703 325.556 0.983581 2.83934 65.305 0.732974 -13 3350 1 0 1
7.69747 -13.02 325.556 1.40226 -2.81941 71.5995 1.39289 -13 3351 1 0 1
50.4588 -8.07926 325.556 10.06 -1.20874 64.2984 0.258304 -13 3352 1 0 1
-5.89576 40.1007 325.556 -1.48716 8.64453 69.6079 0.760876 -13 3353 1 0 1
9.2476 28.5833 325.556 1.85204 5.69912 66.6062 1.1262 -13 3354 1 0 1
-22.7502 -20.6222 325.556 -6.55226 -5.59706 79.5327 0.682806 -13 3355 1 0 1
-57.7059 -60.6093 325.556 -10.4146 -11.8135 58.6043 0.98034 -13 3356 1 0 1
-17.4602 -6.08225 325.556 -2.9549 -1.1565 57.3405 2.07164 -13 3357 1 0 1
27.8267 79.2881 325.556 5.73891 17.8303 70.2067 3.21031 -13 3358 1 0 1
107.878 -222.139 325.556 10.8847 -24.1549 32.8082 3.46182 -13 3359 1 0 1
-21.8073 -25.3719 325.556 -3.51561 -4.49895 54.6511 1.253 -13 3360 1 0 1
32.6232 -37.8062 325.556 5.86862 -6.76261 56.5389 1.44282 -13 3361 1 0 1
55.6133 15.863 325.556 11.577 3.60435 68.8274 2.0799 -13 3362 1 0 1
75.5564 -80.5407 325.556 12.8897 -14.1006 55.0073 2.82229 -13 3363 1 0 1
4.81828 -12.3292 325.556 0.865239 -2.93089 69.5653 3.46692 -13 3364 1 0 1
63.0617 51.6167 325.556 12.3319 11.0661 63.9592 2.14527 -13 3365 1 0 1
-36.2711 -5.66452 325.556 -8.51935 -1.14814 72.2967 2.51685 -13 3366 1 0 1
29.6828 -1.6839 325.556 5.03723 -0.178746 52.1361 0.867318 -13 3367 1 0 1
-50.8508 27.7526 325.556 -12.2133 6.7385 73.8474 0.510952 -13 3368 1 0 1
-57.2432 52.5042 325.556 -13.511 12.4794 73.4068 2.21349 -13 3369 1 0 1
12.0285 76.8284 325.556 2.28685 15.8339 63.4838 2.51537 -13 3370 1 0 1
55.5909 79.9108 325.556 7.63712 11.2596 43.434 2.65852 -13 3371 1 0 1
79.729 -53.2221 325.556 15.2679 -10.0051 62.2282 2.86246 -13 3372 1 0 1
23.6171 -32.5734 325.556 4.47812 -6.87953 60.381 0.728163 -13 3373 1 0 1
-45.1324 -4.16656 325.556 -10.486 -1.05709 72.463 0.955339 -13 3374 1 0 1
32.5685 -38.1413 325.556 6.48781 -8.43682 65.2984 3.13463 -13 3375 1 0 1
41.7311 -81.7812 325.556 7.32341 -14.6566 54.4687 -0.78228 -13 3376 1 0 1
-72.8721 -106.22 325.556 -15.5622 -22.8269 67.1846 1.35386 -13 3377 1 0 1
-38.4668 45.6062 325.556 -10.2668 11.8287 77.8601 3.63371 -13 3378 1 0 1
7.27615 -11.4315 325.556 1.23724 -2.57302 68.6223 0.634665 -13 3379 1 0 1
-23.4343 -76.7149 325.556 -5.1993 -16.5506 68.2791 0.474484 -13 3380 1 0 1
18.7547 28.7719 325.556 3.00887 4.52212 46.4512 1.79005 -13 3381 1 0 1
0.0773771 13.152 325.556 -0.08296 2.7634 65.4677 0.958121 -13 3382 1 0 1
5.13802 -56.4419 325.556 0.971306 -10.6572 60.0596 2.35205 -13 3383 1 0 1
-2.61229 -10.0841 325.556 -1.43461 -2.41549 80.0433 2.64288 -13 3384 1 0 1
21.7925 -8.30753 325.556 4.23237 -1.63309 62.2015 5.4467 -13 3386 1 0 1
4.33439 -56.3938 325.556 0.659204 -12.92 68.9094 -0.23283 -13 3387 1 0 1
-61.9119 34.4475 325.556 -13.1026 6.84404 67.1226 1.89506 -13 3388 1 0 1
11.8952 16.3815 325.556 1.42587 2.14418 34.4351 2.34276 -13 3389 1 0 1
16.3276 -54.6196 325.556 2.80446 -9.10402 51.4549 1.52602 -13 3390 1 0 1
-29.8244 -24.4182 325.556 -5.05785 -4.43546 56.2119 3.52987 -13 3391 1 0 1
34.1018 1.1633 325.556 6.84506 -0.351694 64.2678 4.44802 -13 3392 1 0 1
35.9835 13.6544 325.556 7.43267 3.11193 68.8096 3.39969 -13 3393 1 0 1
42.2872 41.0554 325.556 5.5926 5.5776 40.3462 3.48012 -13 3394 1 0 1
-27.8266 10.0763 325.556 -5.80257 2.0077 65.7689 1.45549 -13 3395 1 0 1
10.1789 38.1989 325.556 1.86813 6.38835 55.7472 3.81219 -13 3396 1 0 1
4.7843 0.647275 325.556 0.854524 0.869629 71.3525 2.28995 -13 3397 1 0 1
32.8473 0.484764 325.556 6.5175 0.0359699 63.0137 1.14006 -13 3398 1 0 1
18.1505 27.714 325.556 3.26757 4.85948 57.5904 0.739306 -13 3399 1 0 1
3.79082 22.9242 325.556 0.448859 5.22972 75.0926 2.01454 -13 3400 1 0 1
-2.0823 -23.2147 325.556 0.0743573 -3.27674 42.4941 1.32137 -13 3401 1 0 1
47.5093 -29.5824 325.556 8.05916 -5.25896 53.8686 3.33849 -13 3402 1 0 1
11.2263 53.4776 325.556 2.11843 12.4574 73.5082 2.90665 -13 3403 1 0 1
59.5368 -69.2933 325.556 8.37583 -9.76966 43.9639 2.71104 -13 3404 1 0 1
107.315 68.0984 325.556 17.5283 11.3461 52.4738 2.64175 -13 3405 1 0 1
18.1667 15.3764 325.556 3.64383 3.27165 64.8629 2.18244 -13 3406 1 0 1
-39.6319 50.7112 325.556 -9.82988 12.4164 74.7363 0.83578 -13 3407 1 0 1
16.1181 20.4999 325.556 3.24595 4.0104 67.4823 2.26983 -13 3408 1 0 1
27.72 15.4424 325.556 5.69547 3.53124 68.7047 2.00277 -13 3409 1 0 1
89.1887 -65.3287 325.556 15.9679 -11.879 57.839 0.581537 -13 3410 1 0 1
-12.3109 50.6853 325.556 -2.37935 10.3921 61.5409 4.19754 -13 3411 1 0 1
-11.2188 -12.556 325.556 -3.73928 -2.52487 80.2895 2.17512 -13 3412 1 0 1
5.65866 -38.2216 325.556 1.15839 -7.86271 62.9038 2.08199 -13 3413 1 0 1
-79.4216 31.8119 325.556 -19.4753 7.82483 75.8982 2.01425 -13 3414 1 0 1
-103.128 -7.97379 325.556 -14.1719 -1.1862 45.2146 3.84208 -13 3415 1 0 1
90.7694 37.7421 325.556 16.9169 7.25145 60.4459 1.54043 -13 3416 1 0 1
-40.0858 -37.8824 325.556 -6.76945 -6.7759 55.9353 0.852003 -13 3417 1 0 1
5.70616 -40.5559 325.556 1.13343 -8.78777 60.2448 1.03106 -13 3418 1 0 1
42.9375 -34.932 325.556 8.01061 -6.59045 58.8667 2.26573 -13 3419 1 0 1
30.8896 24.388 325.556 6.54207 5.75865 70.9905 3.44679 -13 3420 1 0 1
-20.0503 -56.6628 325.556 -2.57931 -8.92275 46.7766 3.44494 -13 3421 1 0 1
35.9697 8.99648 325.556 4.73703 1.53512 40.1036 3.58451 -13 3423 1 0 1
-49.0584 -44.3252 325.556 -9.06213 -8.77295 59.6761 5.14067 -13 3424 1 0 1
-32.3437 -9.86222 325.556 -6.83377 -2.37859 67.1301 3.32798 -13 3425 1 0 1
73.4476 -15.9212 325.556 14.4905 -3.21283 64.1663 2.40751 -13 3426 1 0 1
-2.65215 21.2779 325.556 -0.430795 3.84157 60.1585 2.42759 -13 3427 1 0 1
-28.9315 -45.8474 325.556 -5.16516 -8.52167 57.833 2.29405 -13 3428 1 0 1
69.2203 28.5502 325.556 12.3867 5.18467 56.8448 3.37233 -13 3429 1 0 1
-19.982 -0.389359 325.556 -3.80454 -0.70673 61.4369 2.43507 -13 3430 1 0 1
-38.3249 33.5277 325.556 -2.61768 2.57944 24.7015 4.04085 -13 3431 1 0 1
-65.0839 6.61838 325.556 -14.2355 1.10014 69.2468 3.55416 -13 3432 1 0 1
36.9491 -44.7578 325.556 7.06161 -8.93284 60.2505 1.76618 -13 3433 1 0 1
44.677 24.7539 325.556 9.19129 4.98526 68.0035 3.75294 -13 3434 1 0 1
-51.9913 60.8587 325.556 -9.12003 11.7296 56.923 1.84804 -13 3435 1 0 1
-20.2547 10.6835 325.556 -5.0046 2.36181 73.4082 3.29158 -13 3436 1 0 1
-57.8553 18.0258 325.556 -12.7545 3.74772 69.4342 1.02855 -13 3437 1 0 1
0.657486 40.4288 325.556 0.131406 8.36558 65.5004 4.15994 -13 3438 1 0 1
-20.5616 -88.5015 325.556 -2.64418 -13.2419 45.7006 0.701273 -13 3439 1 0 1
40.1258 -17.3992 325.556 7.44696 -3.43603 58.3354 1.81603 -13 3440 1 0 1
-48.9434 0.253429 325.556 -9.11268 -0.210278 60.6478 3.7994 -13 3441 1 0 1
5.25205 -20.0725 325.556 1.05839 -3.61655 59.9092 0.46763 -13 3442 1 0 1
-84.6958 14.9774 325.556 -2.7446 0.511772 11.7883 9.85142 -13 3443 1 0 1
-78.9855 -20.9305 325.556 -13.9423 -3.41609 57.6276 0.393015 -13 3444 1 0 1
41.3284 -73.2314 325.556 7.56594 -13.5971 58.0207 5.348 -13 3445 1 0 1
46.757 54.0435 325.556 8.36539 10.4131 56.3655 2.65258 -13 3446 1 0 1
5.39113 18.5089 325.556 1.01179 3.78213 66.5292 3.93969 -13 3447 1 0 1
19.6139 -9.70073 325.556 2.93643 -1.49119 43.8959 4.91179 -13 3448 1 0 1
-6.42623 52.7413 325.556 -1.99301 12.1736 73.9377 2.88928 -13 3449 1 0 1
-37.756 -32.9943 325.556 -8.46871 -7.51899 69.9663 0.724999 -13 3451 1 0 1
40.6622 23.5152 325.556 6.56979 3.62497 50.6601 1.71339 -13 3452 1 0 1
-0.544687 31.9851 325.556 0.182734 5.58967 51.5309 0.660357 -13 3453 1 0 1
2.07931 -61.8593 325.556 0.367336 -13.7499 64.7588 1.23305 -13 3454 1 0 1
19.3387 -126.183 325.556 3.45378 -23.0482 56.0097 2.5018 -13 3455 1 0 1
-18.9965 -60.8136 325.556 -4.48632 -13.9672 70.1615 1.45559 -13 3456 1 0 1
-6.78369 -18.2577 325.556 -1.21289 -3.72555 61.1844 2.27343 -13 3457 1 0 1
39.182 -6.3375 325.556 7.96224 -1.74737 66.8912 3.74991 -13 3458 1 0 1
-38.1586 32.4594 325.556 -8.75855 7.58658 71.0776 3.3367 -13 3459 1 0 1
0.823382 23.4464 325.556 0.169429 4.42038 59.6728 0.867478 -13 3460 1 0 1
-65.2795 -14.8669 325.556 -16.0801 -3.55385 76.0827 3.03555 -13 3461 1 0 1
92.0053 -14.7655 325.556 13.5503 -2.07112 46.9228 2.15883 -13 3462 1 0 1
19.1634 -4.40569 325.556 3.82048 -0.710151 68.2372 2.66063 -13 3463 1 0 1
50.0168 -13.3707 325.556 9.12164 -2.63039 57.5678 0.706822 -13 3464 1 0 1
34.5235 -4.06179 325.556 6.52853 -0.212117 61.2494 3.22273 -13 3465 1 0 1
19.7943 11.2576 325.556 1.89286 1.07175 27.9229 2.91004 -13 3466 1 0 1
-16.4371 36.0198 325.556 -4.90594 9.17203 79.7503 1.09375 -13 3467 1 0 1
0.486399 -7.90985 325.556 0.14289 -1.55224 61.5414 -0.312293 -13 3468 1 0 1
15.1236 23.6861 325.556 1.17341 1.65371 21.2274 6.26866 -13 3469 1 0 1
95.2011 -12.2343 325.556 16.7223 -1.95261 56.1344 4.29038 -13 3470 1 0 1
-35.2885 34.7426 325.556 -4.68114 5.2887 45.7768 2.7729 -13 3471 1 0 1
54.8078 -0.979007 325.556 7.94948 -0.394079 45.7278 4.26573 -13 3472 1 0 1
-41.248 24.3111 325.556 -8.13556 5.16246 63.2566 1.68562 -13 3473 1 0 1
102.699 56.5142 325.556 18.5999 10.3243 58.6775 3.28089 -13 3474 1 0 1
-15.381 -36.7118 325.556 -2.15068 -5.90848 51.0597 2.18964 -13 3475 1 0 1
31.0492 5.37466 325.556 4.14129 0.839536 40.2144 2.63332 -13 3477 1 0 1
39.9408 14.2799 325.556 7.65793 3.0559 61.0996 1.0871 -13 3478 1 0 1
5.55444 14.6183 325.556 1.11055 3.10822 66.3072 2.78088 -13 3480 1 0 1
26.265 59.6347 325.556 5.04369 11.642 61.3401 4.04716 -13 3481 1 0 1
89.694 -87.0026 325.556 14.9156 -14.6526 53.4105 2.23789 -13 3482 1 0 1
-48.5377 -58.952 325.556 -9.11033 -11.725 60.8055 1.06626 -13 3483 1 0 1
33.0639 -1.5284 325.556 4.75641 -0.0686724 44.0273 3.39292 -13 3484 1 0 1
-33.5941 57.3567 325.556 -7.81119 13.525 71.4581 2.5944 -13 3485 1 0 1
1.12649 29.3073 325.556 0.0517938 6.81116 69.9457 1.48885 -13 3486 1 0 1
-64.4172 12.2941 325.556 -7.85454 1.44877 40.8717 2.25487 -13 3487 1 0 1
0.324676 -8.61565 325.556 -0.522524 -1.98015 78.1066 0.452484 -13 3488 1 0 1
-52.7512 -74.1448 325.556 -8.90856 -13.2873 55.2569 2.18795 -13 3489 1 0 1
-38.5676 34.5347 325.556 -9.98337 9.46617 77.1623 0.564319 -13 3491 1 0 1
-37.3159 -9.22597 325.556 -8.08163 -2.23402 68.2823 0.48605 -13 3492 1 0 1
-0.902959 -19.5152 325.556 -0.215151 -3.39666 63.3148 1.23739 -13 3493 1 0 1
-41.0049 42.6513 325.556 -7.60722 8.03332 60.479 1.96778 -13 3494 1 0 1
-4.62306 -26.8333 325.556 -1.00227 -6.23494 65.9463 2.08099 -13 3495 1 0 1
32.4784 7.73243 325.556 7.10177 1.88459 73.5522 -0.490892 -13 3496 1 0 1
-11.7789 33.9563 325.556 -2.26351 6.94327 62.863 0.715627 -13 3497 1 0 1
82.3132 11.8479 325.556 12.6669 1.63068 49 1.89425 -13 3498 1 0 1
26.6573 11.9563 325.556 5.3974 2.99447 65.6102 1.10545 -13 3499 1 0 1
-35.9908 0.235338 325.556 -6.3928 0.211707 57.8242 2.05933 -13 3500 1 0 1
3.94008 20.7341 325.556 0.388951 5.02074 75.3465 2.43483 -13 3501 1 0 1
31.9656 21.6584 325.556 5.62682 3.43427 54.6294 -0.513798 -13 3502 1 0 1
24.544 67.1546 325.556 4.70292 13.1215 58.2262 1.35855 -13 3503 1 0 1
-27.1147 -11.557 325.556 -5.64355 -2.26943 65.8937 1.96962 -13 3504 1 0 1
-49.6808 28.0072 325.556 -12.4899 7.02789 76.4382 -0.541321 -13 3505 1 0 1
-11.9024 94.102 325.556 -2.91557 21.2546 69.3697 1.18067 -13 3506 1 0 1
38.8424 -38.9341 325.556 7.83258 -8.34864 66.4223 1.69677 -13 3507 1 0 1
30.0656 28.2381 325.556 5.90344 5.73325 62.5647 1.39522 -13 3508 1 0 1
17.8684 19.5337 325.556 3.73386 4.36645 73.2482 4.12852 -13 3509 1 0 1
38.7087 28.3426 325.556 7.79846 5.6211 65.5702 3.21288 -13 3510 1 0 1
16.3326 0.778193 325.556 3.23133 0.163015 64.9298 2.87421 -13 3511 1 0 1
9.73652 -9.81465 325.556 2.03447 -1.60496 59.5111 1.86179 -13 3512 1 0 1
-66.268 53.1647 325.556 -13.1137 10.7285 63.2609 3.02308 -13 3513 1 0 1
-49.021 28.5351 325.556 -9.89505 6.04234 64.4463 2.8593 -13 3514 1 0 1
-24.9608 21.9072 325.556 -4.86229 4.53235 62.7914 2.85486 -13 3515 1 0 1
-14.5425 -86.5966 325.556 -2.44356 -16.2407 56.3865 1.35779 -13 3517 1 0 1
36.8016 -22.7584 325.556 7.81575 -5.18515 71.6752 2.05728 -13 3518 1 0 1
41.9779 -9.4655 325.556 8.39379 -2.36023 64.6705 1.1526 -13 3520 1 0 1
1.07933 -15.8321 325.556 0.296594 -3.41404 59.2889 1.46601 -13 3521 1 0 1
-78.6123 -82.5016 325.556 -13.3765 -14.8489 55.1303 1.50468 -13 3522 1 0 1
4.11636 -23.5457 325.556 0.909029 -3.75259 54.4405 1.89255 -13 3523 1 0 1
30.9765 52.4107 325.556 6.26156 11.2456 66.9957 1.81704 -13 3524 1 0 1
-3.84689 -46.011 325.556 -0.922396 -10.3793 66.3546 5.9792 -13 3525 1 0 1
-50.6007 24.5563 325.556 -10.509 5.05584 65.9389 3.9142 -13 3526 1 0 1
-28.1071 44.8395 325.556 -4.08526 7.84062 49.7345 5.14369 -13 3527 1 0 1
-28.9053 51.6444 325.556 -6.47078 11.5769 69.2121 1.05445 -13 3528 1 0 1
-31.8792 -43.8696 325.556 -4.70592 -7.32488 49.9841 2.70093 -13 3529 1 0 1
31.3647 -23.4465 325.556 6.4457 -5.2314 68.9233 1.87011 -13 3530 1 0 1
94.292 95.8454 325.556 18.2152 19.5041 62.8329 0.198931 -13 3531 1 0 1
61.9731 16.2974 325.556 9.60649 2.80599 48.9947 2.31657 -13 3532 1 0 1
-8.99982 30.6515 325.556 -2.1574 6.93066 69.486 3.07074 -13 3533 1 0 1
22.7564 -35.1121 325.556 4.42343 -7.10125 63.5433 -0.0766879 -13 3534 1 0 1
-12.878 -65.9413 325.556 -2.11764 -11.7356 54.7383 1.59853 -13 3535 1 0 1
10.3137 -26.1085 325.556 1.97835 -5.29521 69.1644 -0.119486 -13 3536 1 0 1
4.45101 4.91803 325.556 1.01083 0.653875 62.1238 1.37135 -13 3537 1 0 1
-40.0986 -57.195 325.556 -8.90707 -13.1035 69.2494 1.0815 -13 3538 1 0 1
-59.0752 -13.0895 325.556 -10.7871 -2.41586 59.1236 0.95603 -13 3539 1 0 1
13.8696 95.5576 325.556 2.08257 13.3821 42.601 5.14162 -13 3540 1 0 1
25.9781 67.0948 325.556 4.53075 11.94 54.4675 1.32504 -13 3541 1 0 1
52.1951 60.8437 325.556 6.74809 7.8344 39.792 2.87296 -13 3542 1 0 1
7.34943 1.95944 325.556 1.46993 0.532139 57.1208 -0.0840216 -13 3543 1 0 1
-25.6145 2.27208 325.556 -4.02849 0.315506 54.3511 2.12108 -13 3544 1 0 1
-43.0186 85.3145 325.556 -7.91476 16.3067 59.2204 3.85771 -13 3545 1 0 1
26.809 18.5714 325.556 5.03736 3.52833 57.5183 0.308262 -13 3546 1 0 1
-18.3355 -56.5772 325.556 -3.43406 -11.2014 60.6613 3.22619 -13 3547 1 0 1
36.1037 -40.7525 325.556 5.96737 -6.73083 51.8876 3.26683 -13 3548 1 0 1
54.5413 3.64134 325.556 10.2725 0.871991 60.2923 1.29268 -13 3549 1 0 1
33.2988 1.40234 325.556 7.13708 0.634955 70.5491 2.53994 -13 3550 1 0 1
20.2245 -27.9884 325.556 3.70692 -5.09663 55.9219 0.11272 -13 3551 1 0 1
-53.1067 39.9649 325.556 -11.6295 9.26544 69.2923 0.23284 -13 3552 1 0 1
-3.50109 -45.6033 325.556 -1.44352 -10.773 77.1804 2.52462 -13 3553 1 0 1
-47.9543 -29.4076 325.556 -10.412 -6.35116 68.3202 1.46603 -13 3554 1 0 1
-23.958 23.7116 325.556 -4.6961 5.43485 64.1731 0.383666 -13 3555 1 0 1
-33.2768 22.3384 325.556 -7.1162 5.27481 67.5739 0.502592 -13 3556 1 0 1
-34.5597 -42.8089 325.556 -4.68214 -6.19215 45.9769 4.10695 -13 3557 1 0 1
-3.05045 -2.95068 325.556 -0.288134 -0.165478 54.8395 3.91265 -13 3558 1 0 1
-5.99817 -73.589 325.556 -1.65574 -16.423 68.9605 4.03346 -13 3559 1 0 1
-55.4476 72.3859 325.556 -12.0498 15.7432 68.4976 2.74618 -13 3560 1 0 1
-51.4622 14.308 325.556 -13.6079 3.17291 78.6134 1.02073 -13 3561 1 0 1
32.7962 26.8329 325.556 6.7621 6.64194 68.774 3.03248 -13 3562 1 0 1
-3.19361 22.4198 325.556 -0.409192 4.03258 53.4985 2.88493 -13 3563 1 0 1
32.1164 -24.3927 325.556 6.58444 -5.73339 67.4862 1.04188 -13 3564 1 0 1
-25.1494 -8.59372 325.556 -5.64949 -2.03911 69.7471 3.55035 -13 3565 1 0 1
-34.1347 18.2448 325.556 -7.50667 3.73266 68.9155 3.3399 -13 3566 1 0 1
-153.583 46.8704 325.556 -24.134 7.76559 50.9647 2.37701 -13 3567 1 0 1
37.3789 12.7387 325.556 7.05344 2.27106 59.9875 1.9369 -13 3568 1 0 1
24.4163 -4.75324 325.556 5.24992 -1.31494 76.1812 0.17482 -13 3569 1 0 1
-40.9589 66.439 325.556 -8.88492 14.1215 68.1522 2.45535 -13 3570 1 0 1
-9.75679 -5.42749 325.556 -2.39335 -1.14259 70.3785 2.31806 -13 3571 1 0 1
-62.5469 12.8848 325.556 -16.2808 3.3522 78.7189 2.14806 -13 3572 1 0 1
77.816 -119.547 325.556 11.7386 -18.3917 47.8516 3.08501 -13 3574 1 0 1
-6.36728 -76.4297 325.556 -0.849885 -12.3316 50.2656 4.06737 -13 3575 1 0 1
-42.5693 0.782659 325.556 -9.41788 -0.243874 69.1333 2.95303 -13 3576 1 0 1
61.8179 90.9166 325.556 11.0161 16.5613 56.0404 0.215422 -13 3577 1 0 1
-23.2163 9.07087 325.556 -5.2207 2.23687 68.7508 1.87171 -13 3578 1 0 1
9.85541 -15.7927 325.556 1.49 -2.2023 39.8303 3.36001 -13 3579 1 0 1
47.13 48.8431 325.556 9.86622 10.7773 68.939 2.76371 -13 3580 1 0 1
9.08517 -52.4517 325.556 1.49027 -14.039 79.6752 1.07271 -13 3581 1 0 1
31.9149 -20.7919 325.556 5.82828 -4.19561 56.4957 2.60208 -13 3582 1 0 1
-4.71904 21.5771 325.556 -1.47913 4.84441 72.7457 2.52683 -13 3583 1 0 1
-11.388 32.2534 325.556 -2.25867 6.73304 62.7172 1.27231 -13 3584 1 0 1
-1.83051 -13.8715 325.556 -0.548985 -3.2322 68.5373 3.55694 -13 3585 1 0 1
-2.10813 45.6852 325.556 -1.26122 11.3826 77.9847 0.496283 -13 3586 1 0 1
-49.675 -49.7512 325.556 -11.458 -12.2537 71.8878 2.23316 -13 3587 1 0 1
18.8359 22.288 325.556 3.26623 3.43495 53.034 0.780524 -13 3588 1 0 1
-17.1608 -20.3417 325.556 -3.35295 -4.4215 63.4428 4.3343 -13 3589 1 0 1
-36.9893 -51.7808 325.556 -7.84683 -11.8946 67.173 2.64712 -13 3590 1 0 1
-30.0515 5.54152 325.556 -7.06652 1.26256 72.4288 1.45472 -13 3591 1 0 1
-47.2744 -52.8876 325.556 -12.2199 -13.3122 78.0744 0.954306 -13 3592 1 0 1
13.1309 -21.9874 325.556 2.03576 -3.16319 45.6627 3.64544 -13 3593 1 0 1
92.5478 2.19768 325.556 17.8266 -0.0674291 62.0337 2.44333 -13 3594 1 0 1
52.3214 19.7141 325.556 8.37473 2.58552 51.0292 2.78737 -13 3595 1 0 1
-33.7101 -34.334 325.556 -6.33837 -7.19087 60.9884 3.22691 -13 3596 1 0 1
57.521 8.84486 325.556 8.20369 1.36017 44.1027 3.33376 -13 3597 1 0 1
19.9093 46.3566 325.556 4.02695 10.362 68.9986 3.32359 -13 3598 1 0 1
20.483 -5.0098 325.556 4.20878 -0.955743 72.1397 3.82636 -13 3599 1 0 1
-17.5432 -5.82784 325.556 -2.85505 -1.17769 56.5629 2.41188 -13 3600 1 0 1
0.363483 -3.07709 325.556 -0.17389 -0.901161 71.2955 0.918637 -13 3601 1 0 1
-65.6954 -49.825 325.556 -10.2818 -7.62412 51.3154 2.22028 -13 3602 1 0 1
48.6049 -30.1978 325.556 9.58827 -6.20038 63.4725 1.99445 -13 3603 1 0 1
44.568 63.3965 325.556 9.20492 14.209 67.6937 1.3648 -13 3604 1 0 1
-32.9373 -66.4552 325.556 -8.05413 -15.601 73.5415 3.25731 -13 3605 1 0 1
9.46166 -48.2901 325.556 1.81296 -9.18084 62.8153 2.48908 -13 3606 1 0 1
34.3659 -41.0422 325.556 6.58021 -8.95266 62.6885 4.49215 -13 3607 1 0 1
-47.7552 19.2546 325.556 -9.38082 3.55829 62.599 1.6814 -13 3608 1 0 1
0.171924 27.6732 325.556 -0.629457 7.27965 75.2696 -0.0188696 -13 3609 1 0 1
44.307 16.6768 325.556 9.08502 3.33866 67.188 3.02671 -13 3610 1 0 1
42.2608 -55.2598 325.556 6.78269 -9.00028 49.5321 2.53822 -13 3611 1 0 1
22.7731 63.7562 325.556 4.43724 13.5205 64.8573 2.12391 -13 3612 1 0 1
-23.7948 53.1641 325.556 -5.80469 13.2467 73.1983 2.48601 -13 3613 1 0 1
25.5614 -26.5654 325.556 5.41002 -5.66115 70.5349 1.26203 -13 3614 1 0 1
35.1033 -7.39924 325.556 7.71667 -2.36192 75.6097 2.67119 -13 3615 1 0 1
5.18947 -41.349 325.556 0.641815 -10.7608 74.8985 1.08177 -13 3616 1 0 1
40.4359 7.96744 325.556 7.93834 2.06891 63.9986 4.81691 -13 3617 1 0 1
-1.87111 -46.0329 325.556 -0.527064 -10.0065 68.1283 1.82759 -13 3618 1 0 1
68.4038 10.6827 325.556 13.3508 2.43835 62.7743 1.29931 -13 3619 1 0 1
34.0736 33.6798 325.556 6.43351 6.23675 58.3475 0.477362 -13 3620 1 0 1
-5.75406 26.7586 325.556 -1.23217 5.55926 65.8596 2.05381 -13 3621 1 0 1
-27.2347 14.0385 325.556 -6.39186 2.88602 71.7067 1.6574 -13 3622 1 0 1
-9.66395 90.3321 325.556 -1.24945 15.1414 51.5039 1.61526 -13 3623 1 0 1
56.9252 -38.2383 325.556 10.8093 -7.46948 61.2125 3.72341 -13 3624 1 0 1
-53.3824 23.9762 325.556 -13.8317 6.60431 77.3945 2.27799 -13 3625 1 0 1
22.6879 21.7162 325.556 4.60547 5.05671 66.5778 0.396942 -13 3626 1 0 1
34.8571 -1.2218 325.556 6.09378 0.295719 53.8287 2.39226 -13 3627 1 0 1
14.3346 -36.6167 325.556 2.29848 -5.50698 46.8902 3.86889 -13 3628 1 0 1
14.1045 9.9841 325.556 2.82822 2.31212 75.3068 2.42957 -13 3629 1 0 1
-43.5069 7.20657 325.556 -5.53715 0.965899 43.508 2.4421 -13 3631 1 0 1
21.9067 -21.2005 325.556 3.49419 -3.49873 48.7863 3.03724 -13 3632 1 0 1
28.6514 -16.246 325.556 6.11489 -3.74548 71.8159 2.39121 -13 3634 1 0 1
14.8999 33.7875 325.556 2.86385 8.82279 75.0424 3.04094 -13 3635 1 0 1
-68.1007 8.787 325.556 -13.5699 2.0792 63.8077 -0.391225 -13 3639 1 0 1
-91.9049 -64.0136 325.556 -16.9342 -12.6044 59.3961 3.6059 -13 3640 1 0 1
42.4922 43.5942 325.556 7.10719 7.38266 51.7227 3.22979 -13 3641 1 0 1
17.2704 -51.2535 325.556 3.44579 -11.4744 69.2831 1.95744 -13 3642 1 0 1
-91.1115 6.65017 325.556 -19.5513 1.95529 68.072 2.38419 -13 3643 1 0 1
66.2968 -15.594 325.556 11.2232 -2.53347 53.8168 1.25297 -13 3644 1 0 1
35.1124 -4.95128 325.556 7.08989 -1.22828 65.8091 1.0428 -13 3645 1 0 1
-87.1864 75.9034 325.556 -15.1916 14.2896 56.39 3.78541 -13 3647 1 0 1
-46.0068 -37.6545 325.556 -9.85996 -8.42228 68.1738 2.24422 -13 3648 1 0 1
-4.14499 21.6501 325.556 -0.5624 4.07043 58.638 3.1386 -13 3649 1 0 1
-34.2844 -57.0423 325.556 -7.4732 -12.2843 68.0574 2.66966 -13 3650 1 0 1
26.9635 18.1328 325.556 4.00685 2.45682 44.0572 2.40631 -13 3651 1 0 1
-102.91 1.9491 325.556 -20.2169 0.73227 62.8436 1.42509 -13 3652 1 0 1
19.3517 22.1238 325.556 4.00698 5.02749 66.9843 0.634655 -13 3653 1 0 1
-29.5399 45.7204 325.556 -4.3258 7.96085 49.6167 1.22213 -13 3654 1 0 1
33.1196 -2.86041 325.556 5.93405 -0.940413 54.6775 1.71257 -13 3655 1 0 1
35.7018 49.5448 325.556 6.62391 9.49826 58.4014 0.542826 -13 3656 1 0 1
-1.26282 3.1402 325.556 -0.0564576 0.701347 56.3744 1.33576 -13 3657 1 0 1
-12.0777 24.1867 325.556 -3.05742 5.2273 71.6808 2.96792 -13 3658 1 0 1
19.7327 -22.9644 325.556 3.84878 -3.86489 62.4406 2.60109 -13 3659 1 0 1
21.6232 22.0155 325.556 4.42328 4.46219 67.6864 2.94894 -13 3660 1 0 1
-36.6743 42.3077 325.556 -6.45927 7.93795 57.8302 2.75377 -13 3661 1 0 1
28.436 -9.47092 325.556 5.79834 -2.35704 65.1054 2.60287 -13 3662 1 0 1
-0.576002 53.1065 325.556 -0.162266 10.7816 63.459 3.17668 -13 3663 1 0 1
-43.7461 -53.2975 325.556 -8.73157 -10.6357 63.4281 0.613216 -13 3664 1 0 1
27.6131 -49.0093 325.556 5.00955 -9.44669 57.4767 1.79108 -13 3665 1 0 1
83.3747 -58.4058 325.556 9.72419 -6.9365 36.8687 2.99826 -13 3666 1 0 1
-37.4026 26.2239 325.556 -6.74768 4.63221 58.8528 2.16786 -13 3667 1 0 1
-0.53524 4.72872 325.556 0.00935192 0.949479 60.535 2.40869 -13 3668 1 0 1
-23.0518 3.87023 325.556 -5.71124 1.05696 72.9815 1.7248 -13 3669 1 0 1
30.038 42.1711 325.556 5.95143 9.36325 65.2869 3.43042 -13 3670 1 0 1
-34.3669 -75.0035 325.556 -7.18473 -16.0415 65.9594 3.04527 -13 3671 1 0 1
-25.8105 -7.53922 325.556 -5.87139 -1.48845 69.7642 2.16909 -13 3672 1 0 1
-23.3013 -6.08156 325.556 -4.70359 -1.05784 63.9343 1.35075 -13 3673 1 0 1
-43.0427 -43.3949 325.556 -9.1969 -9.45926 67.3061 2.7484 -13 3674 1 0 1
-5.43253 15.3807 325.556 -0.90015 3.4722 62.0621 1.01988 -13 3675 1 0 1
-68.7863 34.9227 325.556 -14.4357 7.19629 66.8969 1.3526 -13 3676 1 0 1
-59.2003 -17.5242 325.556 -12.4708 -3.8046 67.0426 1.53468 -13 3677 1 0 1
-12.4123 6.58468 325.556 -2.53529 1.58581 65.3332 1.90664 -13 3678 1 0 1
5.49347 -47.9373 325.556 1.12424 -10.2554 64.3839 3.10133 -13 3679 1 0 1
-45.4322 -104.091 325.556 -8.13738 -19.6477 57.514 0.907213 -13 3680 1 0 1
-51.6722 38.6398 325.556 -10.1016 7.4057 63.1183 3.49079 -13 3681 1 0 1
-15.808 -4.44362 325.556 -3.86164 -1.31911 71.6101 2.07144 -13 3682 1 0 1
-33.8956 -34.3333 325.556 -7.1505 -7.04812 66.6075 1.76431 -13 3683 1 0 1
-26.7497 -31.3695 325.556 -5.25281 -6.6315 63.5659 4.04296 -13 3684 1 0 1
5.80407 -3.69257 325.556 0.993911 -0.3566 68.7133 2.39128 -13 3685 1 0 1
-32.9608 -26.4819 325.556 -6.75118 -5.77152 65.4313 1.49175 -13 3686 1 0 1
-43.8042 -27.8902 325.556 -7.6379 -5.13954 56.9313 0.674537 -13 3687 1 0 1
47.5204 71.201 325.556 5.47488 8.25026 35.3088 3.49739 -13 3689 1 0 1
13.0668 -19.0716 325.556 2.53405 -4.6731 65.712 3.8799 -13 3690 1 0 1
-27.6325 -22.1863 325.556 -2.89838 -2.74526 37.801 3.12999 -13 3691 1 0 1
-39.0763 66.6065 325.556 -6.90803 12.8713 57.4533 3.61675 -13 3692 1 0 1
47.2652 4.17817 325.556 10.0507 1.25708 70.3913 1.85149 -13 3693 1 0 1
-26.3621 -8.56523 325.556 -5.0439 -1.56599 61.4537 3.21734 -13 3694 1 0 1
-23.4528 -55.2226 325.556 -4.93557 -11.7538 65.833 4.05803 -13 3695 1 0 1
-18.2909 -77.6566 325.556 -5.15566 -19.5742 76.3837 1.96532 -13 3696 1 0 1
53.2235 -11.8358 325.556 12.6255 -2.73077 81.3109 0.905502 -13 3697 1 0 1
19.1261 0.353891 325.556 4.05328 0.37408 71.6306 2.80626 -13 3698 1 0 1
29.0287 -28.2521 325.556 5.79067 -5.68148 62.6124 0.472296 -13 3699 1 0 1
18.9146 -13.4205 325.556 3.33108 -2.51915 52.8495 2.33345 -13 3700 1 0 1
73.8415 23.6382 325.556 11.2158 3.95292 48.0937 2.76811 -13 3701 1 0 1
-19.4378 20.1317 325.556 -3.44955 3.91293 59.7202 2.80675 -13 3702 1 0 1
-12.6547 36.9863 325.556 -2.85574 8.2174 68.6523 2.74094 -13 3703 1 0 1
-10.9358 32.8825 325.556 -0.37525 1.71248 14.91 6.72901 -13 3704 1 0 1
-14.5887 -50.5776 325.556 -4.0277 -12.4479 75.8666 0.842074 -13 3705 1 0 1
36.5385 -24.3596 325.556 8.20293 -6.85308 79.4877 0.106032 -13 3706 1 0 1
-34.1334 1.74819 325.556 -6.38789 0.431011 60.6056 4.04588 -13 3707 1 0 1
19.4273 -1.82096 325.556 3.87915 -0.203343 63.5017 5.62741 -13 3708 1 0 1
39.3784 -76.4963 325.556 7.99648 -16.6441 67.4439 2.55879 -13 3709 1 0 1
27.5437 -23.5915 325.556 5.87339 -5.77633 75.4514 3.28117 -13 3711 1 0 1
-19.8292 34.4199 325.556 -4.24903 7.37737 67.0043 1.37282 -13 3712 1 0 1
65.2045 -57.6508 325.556 13.5549 -12.7355 67.7326 1.5476 -13 3713 1 0 1
15.5976 -40.836 325.556 3.07754 -8.30334 62.3473 3.34471 -13 3714 1 0 1
51.1737 -40.7612 325.556 9.15004 -7.53518 57.1798 1.68955 -13 3715 1 0 1
-40.8319 3.09363 325.556 -6.20222 0.135657 51.2067 2.45466 -13 3716 1 0 1
-35.1434 -57.7299 325.556 -7.05397 -12.3542 63.7883 4.38391 -13 3717 1 0 1
32.3469 -35.1584 325.556 5.56891 -6.43127 53.7169 -0.0168354 -13 3718 1 0 1
16.5458 -18.1037 325.556 3.33128 -3.55862 62.0243 3.77618 -13 3719 1 0 1
17.7423 42.5455 325.556 3.62935 9.42673 68.8181 4.54652 -13 3720 1 0 1
-2.94706 -21.1339 325.556 -0.294695 -3.66895 51.9657 4.95241 -13 3721 1 0 1
-1.59856 -38.4232 325.556 -0.171981 -7.86621 59.4164 1.70969 -13 3722 1 0 1
-49.3379 28.5623 325.556 -12.2834 7.49202 76.1605 2.24441 -13 3723 1 0 1
82.4089 -40.69 325.556 14.8013 -7.80465 57.6441 2.0665 -13 3724 1 0 1
28.996 -0.0646819 325.556 5.60704 -0.0745391 61.9772 2.02325 -13 3725 1 0 1
-12.7028 -15.7655 325.556 -2.73576 -3.62827 67.2656 2.98429 -13 3726 1 0 1
-10.6794 -36.0822 325.556 -1.97726 -6.29144 60.7699 1.66554 -13 3727 1 0 1
-3.25858 -9.04086 325.556 -0.953238 -1.72663 70.5538 0.898014 -13 3728 1 0 1
-22.7034 1.25077 325.556 -5.00315 0.10958 68.3075 3.37575 -13 3729 1 0 1
-37.723 -72.3679 325.556 -9.79187 -17.7009 76.3013 2.12133 -13 3730 1 0 1
31.5744 -81.8482 325.556 5.43607 -14.3985 54.5859 1.51977 -13 3731 1 0 1
44.2215 -28.6492 325.556 6.507 -4.56309 45.8598 2.21701 -13 3732 1 0 1
21.466 4.31017 325.556 4.18799 0.841878 63.2467 3.20457 -13 3733 1 0 1
-14.1986 10.6531 325.556 -2.98617 2.45342 65.6052 2.36413 -13 3734 1 0 1
30.562 -20.0002 325.556 6.30928 -4.91682 68.8077 1.33919 -13 3735 1 0 1
-27.9402 12.3386 325.556 -5.18314 2.26031 59.9888 1.76105 -13 3736 1 0 1
-45.4489 -21.5535 325.556 -12.0465 -4.996 78.5729 0.905054 -13 3738 1 0 1
-2.68304 -21.6225 325.556 -1.39436 -5.7838 78.7355 4.16417 -13 3739 1 0 1
-28.6207 -22.7263 325.556 -4.14331 -4.09912 49.8212 2.53922 -13 3740 1 0 1
-40.5168 -32.0461 325.556 -9.84579 -7.60081 74.5527 1.57079 -13 3741 1 0 1
23.1477 -64.005 325.556 4.51186 -13.1065 63.2424 2.57763 -13 3742 1 0 1
-32.73 33.5956 325.556 -6.83003 7.4385 65.7587 3.10084 -13 3743 1 0 1
66.7544 14.3761 325.556 12.1272 2.94709 58.7642 1.95638 -13 3744 1 0 1
-5.03937 43.4658 325.556 -0.100175 4.30425 30.4436 5.37032 -13 3745 1 0 1
-35.2057 -33.6337 325.556 -6.78375 -6.80772 62.7883 0.866449 -13 3746 1 0 1
5.57433 -13.5725 325.556 1.15526 -2.29244 50.9517 0.379777 -13 3747 1 0 1
26.1575 2.3679 325.556 5.3853 0.832978 68.0235 1.29113 -13 3748 1 0 1
6.76517 13.1009 325.556 1.31337 2.05878 58.8615 1.89832 -13 3749 1 0 1
7.50663 37.5406 325.556 1.45037 7.75398 60.334 1.43534 -13 3750 1 0 1
-20.0003 -23.9929 325.556 -3.68535 -4.71806 61.5775 2.30304 -13 3751 1 0 1
-72.0596 -63.2303 325.556 -13.0318 -12.0657 58.3425 3.35173 -13 3752 1 0 1
-74.9877 13.6741 325.556 -18.7567 3.39163 77.2646 2.41984 -13 3753 1 0 1
-76.1456 32.9865 325.556 -17.2704 7.8778 71.2789 2.02328 -13 3754 1 0 1
-23.1897 7.42025 325.556 -5.36387 1.89365 69.6844 0.867626 -13 3755 1 0 1
9.76864 32.6696 325.556 1.52459 8.06551 79.093 2.62768 -13 3756 1 0 1
79.8197 -14.4756 325.556 14.907 -2.38947 60.3209 0.3762 -13 3757 1 0 1
-15.6648 13.8551 325.556 -2.3538 2.44863 54.5112 3.66538 -13 3758 1 0 1
34.1496 19.6249 325.556 7.04265 4.32586 67.5454 0.66131 -13 3759 1 0 1
43.3333 7.11762 325.556 6.82964 0.73559 48.5938 3.59599 -13 3760 1 0 1
-25.7285 -15.1918 325.556 -5.60418 -3.11917 68.0915 1.19096 -13 3761 1 0 1
3.79978 54.3178 325.556 0.476707 12.4595 72.4429 2.32904 -13 3762 1 0 1
18.8945 8.4838 325.556 3.77965 2.04349 64.1952 0.727992 -13 3763 1 0 1
-7.87734 39.6454 325.556 -1.87124 9.33932 68.1171 1.9895 -13 3764 1 0 1
-16.0742 62.9653 325.556 -3.24506 13.2542 64.8523 3.70048 -13 3765 1 0 1
38.8738 -40.7745 325.556 7.17784 -7.95401 58.1078 2.18874 -13 3766 1 0 1
-62.4399 -8.82713 325.556 -13.6357 -2.4901 68.955 1.64485 -13 3767 1 0 1
86.5535 8.40635 325.556 12.2021 1.62039 45.0689 1.87005 -13 3768 1 0 1
-13.123 13.2803 325.556 -1.82774 2.36302 51.7862 0.82581 -13 3769 1 0 1
-6.46391 33.0145 325.556 -1.13356 6.79425 62.5164 -0.382521 -13 3770 1 0 1
22.4919 25.2785 325.556 4.35229 5.10458 60.9279 2.64007 -13 3771 1 0 1
39.7452 3.57434 325.556 7.00569 0.856071 54.3091 1.81457 -13 3772 1 0 1
-19.699 -127.161 325.556 -3.20755 -22.5396 54.9768 1.42302 -13 3774 1 0 1
-33.4486 -27.5851 325.556 -5.68936 -4.81449 57.0867 1.84515 -13 3775 1 0 1
38.105 -5.73571 325.556 6.10253 -0.874468 49.7595 3.82368 -13 3776 1 0 1
-51.8699 -23.8015 325.556 -9.98012 -4.90168 61.7295 3.40176 -13 3777 1 0 1
-4.17236 46.5167 325.556 -1.36491 11.0788 73.0594 1.21327 -13 3778 1 0 1
20.5308 19.2405 325.556 3.64042 3.81361 54.5378 2.3245 -13 3779 1 0 1
44.8763 -46.7654 325.556 7.63789 -8.24028 53.67 3.03192 -13 3780 1 0 1
-8.34136 25.2346 325.556 -1.41401 4.95553 58.7072 1.14639 -13 3781 1 0 1
-1.89362 17.4232 325.556 -0.592185 4.29951 68.9078 2.18596 -13 3782 1 0 1
-27.3269 -61.1539 325.556 -5.7648 -13.444 65.7674 1.04792 -13 3783 1 0 1
26.2843 19.0888 325.556 5.34317 4.06954 64.6041 0.365804 -13 3784 1 0 1
-8.1733 14.0976 325.556 -1.65638 3.22613 64.2625 0.821949 -13 3785 1 0 1
-33.2827 -43.6121 325.556 -7.13344 -9.13443 67.4775 0.55892 -13 3786 1 0 1
0.779152 45.5372 325.556 -0.181645 10.3289 73.4365 3.4293 -13 3787 1 0 1
25.6743 5.76273 325.556 4.94267 1.27326 63.2314 2.96323 -13 3788 1 0 1
-42.3198 4.0111 325.556 -9.5766 1.06532 70.8521 2.62176 -13 3789 1 0 1
-26.9301 61.5177 325.556 -5.24363 12.4328 62.4753 4.35233 -13 3791 1 0 1
10.6111 -75.0832 325.556 1.28505 -7.92747 31.7183 3.68616 -13 3792 1 0 1
-66.2502 11.6859 325.556 -13.2316 2.16559 64.1932 2.79033 -13 3794 1 0 1
-58.2175 17.1573 325.556 -9.97145 3.45605 56.2803 2.98369 -13 3795 1 0 1
-69.2222 -16.9314 325.556 -12.7909 -3.25136 59.6828 3.1082 -13 3796 1 0 1
24.3185 -9.02265 325.556 4.66226 -1.6308 61.3529 3.21313 -13 3797 1 0 1
-9.32744 54.0805 325.556 -3.26189 14.4673 77.5968 3.46281 -13 3798 1 0 1
-20.5533 -37.4764 325.556 -4.33944 -8.26345 67.1418 1.8091 -13 3799 1 0 1
130.966 -99.6075 325.556 16.6426 -13.1856 40.8684 3.4502 -13 3800 1 0 1
-4.754 2.60751 325.556 -1.72907 0.873017 76.5093 2.54238 -13 3801 1 0 1
-34.4748 37.6409 325.556 -5.24104 6.23832 50.6722 2.84994 -13 3802 1 0 1
-25.1921 -6.81271 325.556 -5.94141 -2.16044 71.7169 0.346699 -13 3803 1 0 1
-23.2534 39.4555 325.556 -1.55469 3.19761 24.9411 6.6543 -13 3804 1 0 1
-22.0655 -3.39581 325.556 -4.26573 -0.849734 62.7163 0.834541 -13 3805 1 0 1
27.8523 -6.20646 325.556 4.20219 -1.33759 44.557 2.82032 -13 3806 1 0 1
-40.6812 -26.2382 325.556 -8.98169 -6.16515 69.4723 1.75486 -13 3807 1 0 1
52.5798 -24.3551 325.556 9.74988 -4.5076 59.4512 4.86236 -13 3808 1 0 1
-35.5259 0.104034 325.556 -8.01918 -0.115002 70.439 0.417115 -13 3809 1 0 1
-12.6547 40.3176 325.556 -1.88436 7.37499 54.0775 2.03126 -13 3810 1 0 1
-12.0118 -2.80878 325.556 -2.70527 -0.487645 68.1855 1.57546 -13 3811 1 0 1
26.7607 -61.6163 325.556 5.52701 -14.0821 70.0617 2.53659 -13 3812 1 0 1
60.6682 12.869 325.556 10.4701 2.05131 55.2398 4.57917 -13 3813 1 0 1
-38.6437 7.57278 325.556 -7.1182 1.10272 59.5795 1.223 -13 3814 1 0 1
-73.3493 27.7876 325.556 -17.7486 6.8402 75.1366 1.81348 -13 3815 1 0 1
34.8481 -56.2492 325.556 4.98806 -7.97295 44.1516 1.85123 -13 3816 1 0 1
0.222316 -39.2832 325.556 0.0558389 -7.89311 62.7046 1.51475 -13 3817 1 0 1
19.8063 5.20495 325.556 4.06985 1.34403 67.993 1.94886 -13 3818 1 0 1
-2.39334 12.0849 325.556 -0.242422 2.35432 57.0785 2.86695 -13 3819 1 0 1
54.7195 -18.2315 325.556 11.5154 -3.80031 69.1777 2.4338 -13 3820 1 0 1
59.5784 55.2692 325.556 10.5685 10.1537 57.3087 4.37568 -13 3821 1 0 1
15.7642 -23.1838 325.556 3.22904 -5.35092 70.2199 0.814834 -13 3822 1 0 1
-62.3086 12.5227 325.556 -13.8822 2.76642 70.0642 0.855089 -13 3823 1 0 1
21.2733 -1.89321 325.556 4.03925 -0.377828 59.8261 4.03651 -13 3824 1 0 1
-4.16824 -2.52297 325.556 -0.822038 -0.634891 63.6914 2.78477 -13 3825 1 0 1
-33.7588 -51.0844 325.556 -5.94908 -9.28495 57.9096 2.38553 -13 3826 1 0 1
28.2258 1.43319 325.556 3.80986 -0.101498 40.4278 3.17605 -13 3827 1 0 1
22.174 -0.774261 325.556 3.81185 -0.0610446 52.8998 3.87636 -13 3828 1 0 1
31.1803 18.4965 325.556 6.34657 4.05649 65.5938 0.0432753 -13 3829 1 0 1
43.7598 61.9748 325.556 8.34592 12.368 60.4883 1.25236 -13 3830 1 0 1
29.5953 -73.8518 325.556 4.2928 -10.9791 44.7087 3.31187 -13 3831 1 0 1
-5.24059 -8.84718 325.556 -0.740123 -1.49302 54.0962 2.34925 -13 3832 1 0 1
13.512 -30.7818 325.556 2.59094 -5.98485 61.4578 0.00935436 -13 3833 1 0 1
-19.392 55.201 325.556 -4.60732 11.8997 70.0287 2.05954 -13 3834 1 0 1
2.63413 10.6972 325.556 0.26393 1.98134 71.9801 2.24952 -13 3835 1 0 1
-1.15269 -30.2286 325.556 -1.16984 -8.13934 80.2366 4.044 -13 3836 1 0 1
30.7529 -42.006 325.556 5.65474 -8.15651 58.1708 0.981791 -13 3837 1 0 1
22.3966 -2.58745 325.556 3.69185 -0.550216 50.5161 3.57529 -13 3838 1 0 1
70.143 -26.6091 325.556 8.16687 -3.1684 36.2527 5.36311 -13 3840 1 0 1
-35.2589 76.2547 325.556 -5.53691 13.4358 52.8359 3.84758 -13 3841 1 0 1
-18.2592 1.69566 325.556 -3.75328 0.827672 65.1935 1.14544 -13 3842 1 0 1
44.8114 0.558606 325.556 7.54399 0.152661 53.2379 3.99511 -13 3843 1 0 1
-94.8232 -4.74508 325.556 -16.8713 -0.76897 57.615 2.84949 -13 3844 1 0 1
-42.2327 -32.919 325.556 -9.89001 -7.72854 72.1788 1.27327 -13 3845 1 0 1
-21.949 -49.3983 325.556 -5.36902 -11.5734 72.7144 1.03741 -13 3846 1 0 1
-56.2642 -54.2805 325.556 -6.57547 -6.9833 39.662 3.19386 -13 3847 1 0 1
53.7801 0.402085 325.556 8.90317 0.247134 51.9771 2.19325 -13 3848 1 0 1
-70.3848 -14.7481 325.556 -13.9859 -2.78152 63.6088 3.24663 -13 3849 1 0 1
-15.4013 100.233 325.556 -3.17682 21.1279 63.739 2.38447 -13 3850 1 0 1
56.6402 -3.10264 325.556 9.04747 -0.1639 50.232 2.53276 -13 3851 1 0 1
58.9899 75.3468 325.556 7.06526 9.21975 37.6448 3.50914 -13 3852 1 0 1
-41.8718 -21.8468 325.556 -8.61479 -5.00283 64.7563 3.36584 -13 3853 1 0 1
-1.84792 0.850027 325.556 -0.00969871 0.214179 42.4778 1.33862 -13 3854 1 0 1
13.0868 -57.0605 325.556 2.47234 -11.7915 61.6323 1.64989 -13 3855 1 0 1
3.12604 8.66636 325.556 0.661952 2.11536 58.9934 0.294411 -13 3856 1 0 1
25.5901 -15.2794 325.556 4.85637 -3.08203 60.5712 0.857634 -13 3857 1 0 1
19.7518 26.3538 325.556 3.68839 4.91632 60.2166 0.744552 -13 3858 1 0 1
2.59466 -26.5068 325.556 0.429475 -4.87923 65.6022 0.832903 -13 3859 1 0 1
-2.58193 -29.9242 325.556 -0.839277 -6.67575 72.9404 1.19503 -13 3860 1 0 1
25.6974 34.9141 325.556 5.13206 6.66707 65.4752 2.93889 -13 3861 1 0 1
10.2947 -6.00563 325.556 1.92733 -1.55448 59.0508 2.64765 -13 3862 1 0 1
-1.58798 -11.9414 325.556 -0.0722367 -2.03728 56.6428 2.57776 -13 3863 1 0 1
18.334 -10.0371 325.556 1.61363 -0.654679 25.6264 3.91591 -13 3864 1 0 1
20.7001 -0.190297 325.556 4.40341 -0.105359 73.7114 1.481 -13 3865 1 0 1
-47.9919 26.105 325.556 -8.13813 5.00556 55.9243 1.61715 -13 3866 1 0 1
31.8897 -60.2894 325.556 6.11412 -11.2021 61.7195 2.82572 -13 3867 1 0 1
-23.7748 3.03291 325.556 -3.38827 0.497527 50.47 2.59327 -13 3868 1 0 1
-8.94226 -8.69417 325.556 -2.53213 -1.51848 75.1464 1.2676 -13 3869 1 0 1
-5.0133 -41.9572 325.556 -2.05421 -10.4955 79.2862 3.23859 -13 3870 1 0 1
-31.9335 -0.813695 325.556 -5.68439 0.126841 58.1095 1.62154 -13 3871 1 0 1
-22.863 42.7216 325.556 -5.7574 9.80692 74.3186 3.49365 -13 3872 1 0 1
-30.8204 -6.10364 325.556 -7.54531 -1.52559 73.7445 3.6598 -13 3873 1 0 1
-55.5111 -9.77685 325.556 -11.6367 -2.40951 67.1718 3.56438 -13 3874 1 0 1
9.29408 56.1076 325.556 1.37536 6.81812 38.008 2.66588 -13 3875 1 0 1
29.2051 -3.27745 325.556 5.69234 -0.601673 62.5494 3.26916 -13 3876 1 0 1
-41.3125 17.3637 325.556 -6.48703 2.81129 52.1998 0.773959 -13 3877 1 0 1
136.377 26.2944 325.556 20.1694 3.87678 47.9578 3.58686 -13 3878 1 0 1
-2.34996 -58.0958 325.556 -0.295804 -10.6748 56.0894 3.22676 -13 3879 1 0 1
-41.643 -29.7645 325.556 -8.71654 -6.65975 66.791 3.16532 -13 3880 1 0 1
18.835 -19.1755 325.556 3.90516 -4.57897 73.3258 2.68413 -13 3881 1 0 1
-53.2882 -53.4458 325.556 -9.86442 -10.5225 60.0832 3.36506 -13 3882 1 0 1
48.577 -75.2461 325.556 8.75292 -14.3335 58.6777 3.49397 -13 3883 1 0 1
-4.05984 14.7589 325.556 -1.30588 3.71485 73.2061 1.72491 -13 3884 1 0 1
-15.5914 -33.1717 325.556 -4.34469 -8.5373 76.4916 -0.539687 -13 3886 1 0 1
-31.5582 66.6 325.556 -6.31747 13.756 63.6523 3.22781 -13 3887 1 0 1
3.25439 -40.0249 325.556 0.795157 -6.41392 49.1244 3.51656 -13 3888 1 0 1
-13.6246 2.26208 325.556 -2.83535 0.601915 65.4891 3.72786 -13 3889 1 0 1
-16.5502 -74.3472 325.556 -2.03309 -11.4433 46.248 2.59777 -13 3890 1 0 1
-11.1973 -18.7921 325.556 -2.49178 -3.92402 67.6515 4.62042 -13 3891 1 0 1
-37.0777 -64.8358 325.556 -6.68952 -12.6009 58.6233 3.02275 -13 3892 1 0 1
-22.9465 25.071 325.556 -5.4835 5.84347 72.3723 1.45847 -13 3893 1 0 1
-47.0022 59.5799 325.556 -6.31466 8.80109 45.8791 3.93524 -13 3894 1 0 1
10.0137 3.84832 325.556 1.97246 0.94966 71.8018 2.32043 -13 3895 1 0 1
5.87983 -28.8117 325.556 1.03081 -6.20129 67.5929 1.19766 -13 3896 1 0 1
-19.5996 63.355 325.556 -3.54918 11.9424 58.5493 2.88559 -13 3897 1 0 1
72.7859 -8.37037 325.556 14.2488 -1.73247 63.0763 3.90623 -13 3898 1 0 1
-91.7739 69.2237 325.556 -13.5398 10.6705 48.2302 3.65893 -13 3899 1 0 1
-32.4681 16.6592 325.556 -7.64413 3.54548 72.1512 1.60055 -13 3900 1 0 1
62.8076 -96.8854 325.556 9.01133 -14.203 44.9913 1.15138 -13 3901 1 0 1
-11.4863 16.3287 325.556 -3.03084 3.58162 72.6322 2.36289 -13 3902 1 0 1
19.6613 110.459 325.556 2.9873 17.0481 45.5528 1.7235 -13 3903 1 0 1
-22.3915 -39.6372 325.556 -3.61746 -7.02301 52.8936 4.58871 -13 3904 1 0 1
-27.5055 12.2856 325.556 -7.42689 3.66468 78.4329 1.88391 -13 3905 1 0 1
23.9012 65.9565 325.556 1.33078 3.59672 16.0378 7.53288 -13 3906 1 0 1
9.76542 -11.8593 325.556 1.90934 -2.22569 67.2356 0.955643 -13 3907 1 0 1
25.7531 -29.9554 325.556 4.58242 -5.2819 55.6407 3.08439 -13 3908 1 0 1
-35.6922 -3.9328 325.556 -8.67474 -0.811722 74.0731 2.40238 -13 3909 1 0 1
-15.3099 7.90209 325.556 -3.70041 1.87558 71.2754 2.04389 -13 3910 1 0 1
-69.7977 -38.4581 325.556 -13.487 -8.23968 61.7197 2.56685 -13 3911 1 0 1
-2.10122 20.8432 325.556 -0.462185 3.72554 66.0596 1.79262 -13 3912 1 0 1
-9.98639 -48.8232 325.556 -1.20934 -7.30767 45.8796 3.7856 -13 3913 1 0 1
5.28312 -31.356 325.556 1.08936 -6.12923 56.6647 3.673 -13 3914 1 0 1
5.63014 -9.4268 325.556 1.0366 -2.48513 64.5448 2.08814 -13 3915 1 0 1
-10.9162 22.182 325.556 -1.97538 4.2616 60.7828 1.12009 -13 3916 1 0 1
-14.5449 41.2209 325.556 -3.03925 9.02355 64.6902 1.77228 -13 3917 1 0 1
21.8531 -21.7675 325.556 4.63047 -5.14035 73.7349 0.838084 -13 3918 1 0 1
-26.5453 29.4014 325.556 -6.90255 7.29161 76.4174 2.30105 -13 3919 1 0 1
21.913 3.38413 325.556 4.43568 0.854746 67.1958 2.4691 -13 3920 1 0 1
-53.4996 -9.71324 325.556 -13.0933 -2.33183 75.3505 1.91144 -13 3921 1 0 1
14.2751 -48.0678 325.556 1.57004 -4.97649 30.8676 3.41254 -13 3922 1 0 1
-58.9944 -14.5161 325.556 -10.5448 -2.69812 57.9387 3.5694 -13 3923 1 0 1
50.0451 -38.0568 325.556 9.4432 -7.83225 61.3608 0.455187 -13 3924 1 0 1
-51.2311 40.4217 325.556 -9.92881 7.74308 61.8398 3.5841 -13 3925 1 0 1
45.2542 -59.9573 325.556 8.52944 -12.4832 60.6998 2.22726 -13 3926 1 0 1
-54.499 -37.7972 325.556 -9.1572 -7.05889 55.3097 3.93197 -13 3927 1 0 1
-26.2386 -34.4757 325.556 -6.014 -7.53312 69.9579 3.03927 -13 3928 1 0 1
12.0673 -17.7594 325.556 2.31867 -3.30074 56.0609 1.76784 -13 3929 1 0 1
0.648492 -59.4593 325.556 -0.836245 -14.6547 78.0767 0.916943 -13 3930 1 0 1
15.7669 -40.7085 325.556 3.2606 -9.13703 68.0073 -0.633778 -13 3931 1 0 1
19.6032 6.69157 325.556 3.07271 1.40935 46.8312 4.63295 -13 3932 1 0 1
-42.9936 -82.8526 325.556 -6.5561 -13.66 50.5848 5.26297 -13 3933 1 0 1
-37.506 5.33808 325.556 -7.61422 0.851225 64.8445 1.11911 -13 3935 1 0 1
-36.042 -49.0875 325.556 -5.13331 -7.92736 47.8196 2.82976 -13 3936 1 0 1
-4.87413 2.03556 325.556 -0.840436 0.603789 61.5337 3.09724 -13 3937 1 0 1
65.1097 -33.8093 325.556 11.5925 -6.43191 56.9747 1.34205 -13 3938 1 0 1
66.2862 63.1762 325.556 12.6258 12.6325 61.4185 3.00675 -13 3939 1 0 1
-44.9293 -5.83528 325.556 -10.5349 -0.713192 72.7946 1.54462 -13 3940 1 0 1
-47.0277 -13.6699 325.556 -7.2296 -2.41519 51.0693 2.78961 -13 3941 1 0 1
9.7531 17.107 325.556 1.88209 4.21712 69.5778 4.16541 -13 3942 1 0 1
22.6102 -32.1167 325.556 4.56455 -7.49231 68.71 0.910124 -13 3943 1 0 1
-66.3563 13.9091 325.556 -9.96139 2.12112 49.4397 2.3597 -13 3944 1 0 1
-45.8426 -64.7626 325.556 -12.1126 -16.5717 77.2107 2.56007 -13 3945 1 0 1
-21.4005 22.4988 325.556 -4.97945 5.61393 71.2694 -0.152518 -13 3946 1 0 1
-16.3108 44.1564 325.556 -2.62618 8.06005 56.2772 2.70141 -13 3947 1 0 1
-71.0475 0.875606 325.556 -13.8689 0.371261 62.8578 2.74193 -13 3948 1 0 1
11.0109 -50.0251 325.556 2.12738 -9.28422 58.7005 1.30179 -13 3949 1 0 1
80.7379 -26.7579 325.556 13.8569 -4.75406 54.6681 2.6644 -13 3950 1 0 1
-28.2064 -56.9555 325.556 -5.74054 -12.1099 64.7899 2.24556 -13 3951 1 0 1
167.386 -39.0437 325.556 29.4407 -7.65353 56.9208 2.27457 -13 3952 1 0 1
9.06008 48.837 325.556 1.82325 9.82602 63.1487 3.22038 -13 3953 1 0 1
-0.244511 7.62576 325.556 0.0681209 1.8462 61.4769 3.91369 -13 3955 1 0 1
24.6197 -19.7198 325.556 4.96852 -4.05506 67.4843 1.53971 -13 3956 1 0 1
-6.26216 48.4865 325.556 -2.20931 12.5229 77.9675 -0.0269693 -13 3958 1 0 1
34.9878 39.7476 325.556 5.39551 6.25552 47.2314 2.68604 -13 3959 1 0 1
29.4344 22.522 325.556 6.29949 5.33164 73.2455 0.408873 -13 3960 1 0 1
-60.2039 1.38315 325.556 -10.6901 -0.105151 58.048 1.20858 -13 3961 1 0 1
-110.134 -14.904 325.556 -25.0374 -3.23593 71.8736 0.207805 -13 3963 1 0 1
-20.0875 10.5433 325.556 -4.61079 1.78607 70.5655 1.64563 -13 3964 1 0 1
29.1385 2.72897 325.556 6.15067 0.499768 71.5908 0.859459 -13 3965 1 0 1
-48.6164 33.1524 325.556 -9.66045 6.65944 63.7517 1.46985 -13 3966 1 0 1
43.0197 -40.0491 325.556 8.87723 -8.86157 67.3338 1.65377 -13 3967 1 0 1
26.8047 29.8935 325.556 5.29833 6.39767 63.3456 2.89698 -13 3968 1 0 1
-1.64703 -3.75523 325.556 -0.255746 -0.82159 62.2111 3.81673 -13 3969 1 0 1
19.5544 -12.4762 325.556 3.82751 -2.04806 62.1897 2.38163 -13 3970 1 0 1
25.887 -10.4247 325.556 4.23647 -1.61389 48.8127 3.29362 -13 3971 1 0 1
-3.49333 40.908 325.556 -0.419881 7.98996 56.8316 2.72397 -13 3972 1 0 1
-12.6298 -36.4403 325.556 -1.74369 -5.9231 49.4038 1.54333 -13 3973 1 0 1
-33.6871 -3.58558 325.556 -9.00683 -0.576112 78.3656 2.89004 -13 3974 1 0 1
-9.3033 29.2988 325.556 -3.23663 8.41203 79.7221 2.47115 -13 3975 1 0 1
-0.941753 18.1867 325.556 -0.955011 4.38752 79.2846 1.20488 -13 3976 1 0 1
8.0628 4.36505 325.556 1.53109 1.22335 63.0268 1.66886 -13 3977 1 0 1
-36.2188 -28.1668 325.556 -6.90388 -5.63285 61.3656 1.67316 -13 3978 1 0 1
-10.0867 -66.2476 325.556 -2.51538 -15.2526 69.9773 1.79084 -13 3979 1 0 1
-53.0318 24.6319 325.556 -11.4231 4.70424 68.0621 2.029 -13 3980 1 0 1
-28.8741 -13.3625 325.556 -5.3586 -2.63671 61.6488 -0.532568 -13 3981 1 0 1
7.32255 -15.9948 325.556 1.60312 -3.13964 69.3854 3.25215 -13 3982 1 0 1
-4.59717 -5.57745 325.556 -0.810694 -1.04128 60.5808 1.45523 -13 3984 1 0 1
82.2722 26.1007 325.556 17.4314 6.15521 69.4695 1.17855 -13 3985 1 0 1
54.6774 -63.9735 325.556 9.78895 -12.132 57.4809 0.198033 -13 3986 1 0 1
-28.9629 2.76516 325.556 -5.2856 0.48262 60.4156 2.54787 -13 3987 1 0 1
36.9867 -33.6686 325.556 8.07831 -7.80153 72.6576 0.355655 -13 3988 1 0 1
43.3012 14.8942 325.556 7.46098 2.7594 55.0869 3.07018 -13 3989 1 0 1
-56.6146 -15.7439 325.556 -11.216 -3.53794 63.7392 4.59282 -13 3990 1 0 1
17.1847 26.6535 325.556 3.30469 4.98234 60.4042 0.135673 -13 3991 1 0 1
66.571 17.4336 325.556 12.2111 3.52863 58.6968 1.94812 -13 3992 1 0 1
70.4521 -75.9718 325.556 12.0589 -13.3252 54.4276 0.319813 -13 3993 1 0 1
-3.83038 -22.7338 325.556 -1.32135 -5.46162 73.7452 1.73202 -13 3994 1 0 1
-7.9372 42.2729 325.556 -1.85769 8.77245 66.1271 3.42273 -13 3995 1 0 1
6.73462 78.4217 325.556 1.27879 16.585 66.7583 1.80083 -13 3996 1 0 1
-16.0853 -5.29543 325.556 -2.83462 -1.26686 58.2149 2.47129 -13 3997 1 0 1
3.67633 -19.2306 325.556 0.125239 -5.7327 78.8389 2.88411 -13 3998 1 0 1
6.56748 -55.7857 325.556 1.24416 -11.2328 60.9751 2.7958 -13 3999 1 0 1
-66.3129 -44.044 325.556 -11.2242 -7.80539 55.6552 1.90757 -13 4000 1 0 1
-63.7376 -34.6908 325.556 -7.98482 -4.61119 42.0715 2.24987 -13 4001 1 0 1
22.5597 -11.9073 325.556 3.6694 -1.6387 47.4415 2.09663 -13 4002 1 0 1
-14.9972 39.9965 325.556 -2.92682 8.4814 63.7099 1.81348 -13 4003 1 0 1
-45.0542 7.7488 325.556 -9.94342 1.78402 69.3218 1.93875 -13 4004 1 0 1
-36.8657 -14.4791 325.556 -7.64173 -3.54851 65.8115 2.70922 -13 4005 1 0 1
49.7647 -75.4064 325.556 8.80225 -14.0469 56.5544 2.52733 -13 4006 1 0 1
-5.90495 10.8685 325.556 -2.32467 2.58576 78.3666 3.71019 -13 4007 1 0 1
-11.9546 -45.9596 325.556 -1.42471 -6.97323 46.3128 1.39575 -13 4008 1 0 1
9.09996 59.4541 325.556 1.70225 10.8457 55.5178 0.735922 -13 4009 1 0 1
44.4955 31.6864 325.556 8.3042 6.4644 59.8555 2.23187 -13 4010 1 0 1
7.21392 -29.3394 325.556 1.45984 -6.0494 63.8011 3.13315 -13 4011 1 0 1
-24.9739 10.7179 325.556 -6.04118 2.49708 72.2931 -0.303869 -13 4012 1 0 1
-60.2961 1.25454 325.556 -9.92516 0.64467 53.8141 2.83694 -13 4013 1 0 1
-35.2171 23.1103 325.556 -8.33264 5.22664 72.6312 0.669963 -13 4014 1 0 1
5.84803 34.0561 325.556 1.16537 7.33786 65.5938 3.9232 -13 4015 1 0 1
24.2257 -6.10773 325.556 5.05858 -1.47216 68.1436 1.78532 -13 4016 1 0 1
-27.3097 21.0886 325.556 -5.53287 4.20065 64.488 2.18176 -13 4017 1 0 1
-77.8242 23.5454 325.556 -15.0534 5.20093 62.3181 3.50821 -13 4018 1 0 1
12.6671 54.9314 325.556 2.51193 11.3127 63.056 1.734 -13 4019 1 0 1
30.7476 -23.6149 325.556 5.53197 -4.06998 56.6454 2.36983 -13 4020 1 0 1
-37.3646 33.0399 325.556 -9.44152 8.24662 75.6473 2.10633 -13 4021 1 0 1
68.6301 -39.2534 325.556 15.8514 -9.96631 78.106 1.25886 -13 4022 1 0 1
31.7502 -23.6014 325.556 5.21136 -3.60855 50.3619 2.44659 -13 4023 1 0 1
-60.5523 -6.70132 325.556 -13.0414 -1.24639 68.2977 3.09789 -13 4024 1 0 1
-30.8944 29.1173 325.556 -7.30452 6.43573 71.8759 -0.336929 -13 4025 1 0 1
39.181 -4.88971 325.556 7.90225 -1.15163 64.4539 1.03339 -13 4026 1 0 1
-22.3595 36.3791 325.556 -4.37194 7.68696 62.9449 2.47845 -13 4027 1 0 1
0.730879 17.405 325.556 -0.479976 4.65819 78.1477 3.56255 -13 4028 1 0 1
-1.30927 -19.8043 325.556 -0.209767 -3.79338 58.9297 2.39584 -13 4029 1 0 1
-44.0865 -92.9943 325.556 -6.90299 -15.4774 51.7649 3.12183 -13 4030 1 0 1
-35.7601 -1.51409 325.556 -7.3584 -0.10178 65.2912 1.07825 -13 4031 1 0 1
106.456 -35.1268 325.556 17.3692 -5.77098 52.4522 4.11427 -13 4032 1 0 1
-9.79853 -6.32992 325.556 -2.26093 -1.23434 68.3608 -0.679699 -13 4033 1 0 1
-51.0873 -44.0762 325.556 -11.2878 -9.86125 69.1389 2.34824 -13 4034 1 0 1
-0.347301 12.1906 325.556 -0.429013 2.58347 73.7759 1.75704 -13 4035 1 0 1
15.0904 12.6708 325.556 3.00051 2.9303 65.1671 4.56137 -13 4036 1 0 1
-32.6078 24.2867 325.556 -7.44017 5.04043 70.8336 1.06752 -13 4037 1 0 1
16.7309 -10.1593 325.556 2.86375 -1.74531 51.6262 1.90229 -13 4038 1 0 1
-20.1816 -53.3127 325.556 -2.93249 -8.4467 50.0819 0.764597 -13 4039 1 0 1
-4.61208 10.7483 325.556 -0.399792 1.62484 50.9567 3.41843 -13 4040 1 0 1
-64.011 -4.00916 325.556 -11.8014 -1.10892 59.4838 5.09035 -13 4041 1 0 1
7.36032 80.0803 325.556 1.25407 18.5761 70.4185 1.56155 -13 4042 1 0 1
28.736 -35.5281 325.556 5.62362 -7.30181 64.0567 1.73621 -13 4043 1 0 1
52.4438 13.9968 325.556 10.2437 3.25111 63.3055 4.64735 -13 4044 1 0 1
-28.8712 21.9692 325.556 -7.93219 5.81312 78.2105 0.0362576 -13 4045 1 0 1
-46.0048 -58.5059 325.556 -8.80263 -11.7939 61.4967 1.633 -13 4046 1 0 1
-36.4813 -13.0089 325.556 -4.62731 -2.00717 44.1111 1.83617 -13 4047 1 0 1
47.4652 0.547829 325.556 5.57496 -0.0529 35.238 3.42435 -13 4048 1 0 1
7.90594 20.0406 325.556 1.26636 4.73919 75.5073 3.01466 -13 4049 1 0 1
-26.4554 -15.5403 325.556 -5.96362 -3.3363 69.5555 1.68878 -13 4050 1 0 1
-8.7603 4.45693 325.556 -2.16615 1.10155 70.9554 2.57227 -13 4051 1 0 1
10.8863 -65.2739 325.556 2.15743 -13.5996 65.9008 2.39449 -13 4052 1 0 1
9.22489 48.8862 325.556 1.72877 8.70084 54.0037 2.94371 -13 4053 1 0 1
-60.883 -66.8813 325.556 -12.582 -13.9607 65.6786 1.42983 -13 4054 1 0 1
41.8251 -73.9435 325.556 7.86508 -14.6388 60.2479 3.28208 -13 4055 1 0 1
18.4745 -70.2547 325.556 3.63112 -15.2674 66.8939 3.41068 -13 4056 1 0 1
49.9917 -0.425567 325.556 8.87731 0.269897 55.8931 1.92966 -13 4057 1 0 1
-54.8906 -29.9812 325.556 -12.4843 -7.46643 70.7253 2.47699 -13 4058 1 0 1
-28.4286 -11.3837 325.556 -5.6453 -2.75089 62.98 2.44871 -13 4059 1 0 1
6.07872 -23.6048 325.556 1.12988 -4.43468 63.067 3.31519 -13 4060 1 0 1
25.925 -24.9254 325.556 4.78059 -4.8282 56.6128 1.50337 -13 4062 1 0 1
22.6647 -67.5012 325.556 3.8182 -11.4699 51.7578 1.75945 -13 4063 1 0 1
0.705997 -42.2978 325.556 0.121781 -10.0466 67.5785 0.993392 -13 4064 1 0 1
11.4763 -2.82415 325.556 2.16179 -0.531087 67.7546 2.05235 -13 4065 1 0 1
2.34705 -20.3358 325.556 0.261653 -4.17758 70.0988 2.52946 -13 4066 1 0 1
23.8617 35.1887 325.556 4.86005 7.91352 68.1575 5.77285 -13 4067 1 0 1
22.1147 42.3675 325.556 4.60543 9.8866 71.3337 0.270447 -13 4068 1 0 1
-9.71102 -35.2659 325.556 -2.13127 -7.84276 66.5803 2.26292 -13 4069 1 0 1
5.17363 66.9027 325.556 0.685661 16.3735 71.2254 0.940768 -13 4070 1 0 1
1.06382 19.0363 325.556 0.207238 4.58444 67.9439 -0.109678 -13 4071 1 0 1
-19.8271 -119.574 325.556 -1.91947 -14.318 36.0969 4.88834 -13 4072 1 0 1
-43.6925 26.3788 325.556 -9.73001 6.1798 69.7097 3.42289 -13 4073 1 0 1
13.2428 -26.9816 325.556 2.46871 -5.44109 56.5986 0.0948662 -13 4074 1 0 1
13.4759 66.2445 325.556 1.70418 7.53152 34.2164 1.98095 -13 4075 1 0 1
-29.3247 41.7169 325.556 -3.62793 5.72425 43.2427 2.27511 -13 4076 1 0 1
40.7769 -59.3989 325.556 5.88689 -8.68531 44.5336 1.33536 -13 4077 1 0 1
-63.5902 -44.5575 325.556 -13.6332 -9.88894 68.0689 3.32956 -13 4078 1 0 1
4.41294 -0.339246 325.556 0.968391 -0.230302 52.6815 1.97385 -13 4079 1 0 1
0.387716 -47.2752 325.556 -0.469046 -11.9085 75.8405 -0.271029 -13 4080 1 0 1
-18.1184 6.07082 325.556 -3.2751 1.01316 60.279 2.47174 -13 4081 1 0 1
-8.78756 21.9058 325.556 -2.18563 5.03549 69.9743 1.79212 -13 4082 1 0 1
-15.9777 17.1196 325.556 -3.5087 3.36068 67.6856 2.80659 -13 4083 1 0 1
-35.4796 -22.4241 325.556 -6.31817 -4.46593 58.0473 2.73305 -13 4084 1 0 1
93.9761 -10.0932 325.556 14.8263 -1.00459 50.6499 0.332627 -13 4085 1 0 1
-15.7559 -36.815 325.556 -2.77018 -6.98209 59.7396 -0.979364 -13 4086 1 0 1
81.8037 52.3259 325.556 12.5162 8.40868 48.7409 2.90971 -13 4087 1 0 1
11.1211 22.2483 325.556 2.15216 4.55463 64.207 3.4105 -13 4088 1 0 1
1.14771 38.5402 325.556 0.420621 6.96044 52.2246 2.13536 -13 4089 1 0 1
-16.2269 -24.0926 325.556 -4.11816 -5.79697 74.3705 1.08681 -13 4090 1 0 1
-34.9446 -26.0691 325.556 -7.87856 -5.63548 69.5884 0.498977 -13 4091 1 0 1
-8.16005 -69.2954 325.556 -1.47924 -13.7547 61.6141 1.56324 -13 4092 1 0 1
-13.3619 -35.6436 325.556 -3.99999 -8.67518 77.9157 1.05149 -13 4093 1 0 1
-48.4516 67.5651 325.556 -9.0702 13.2183 60.2924 0.683766 -13 4094 1 0 1
-14.7043 69.1343 325.556 -2.63724 13.6248 60.6069 2.6501 -13 4095 1 0 1
-28.6022 58.2945 325.556 -6.98135 14.2398 73.3336 1.93187 -13 4096 1 0 1
21.7987 -48.0104 325.556 4.50651 -11.4311 72.0936 1.31604 -13 4097 1 0 1
26.9489 26.2437 325.556 5.90914 6.95506 77.4806 0.372111 -13 4098 1 0 1
-30.7559 -10.969 325.556 -6.39029 -2.30351 66.4561 2.41903 -13 4099 1 0 1
67.0428 -22.4492 325.556 13.3661 -4.8979 64.0518 0.17816 -13 4100 1 0 1
2.30211 -13.5562 325.556 0.00697928 -3.43473 75.1935 1.7063 -13 4101 1 0 1
-43.0378 34.7504 325.556 -10.2867 7.87026 73.6002 0.114613 -13 4103 1 0 1
-56.2152 65.8395 325.556 -13.3623 15.783 73.3492 0.66599 -13 4105 1 0 1
-16.777 74.3472 325.556 -4.18631 17.5897 72.8857 -0.072403 -13 4106 1 0 1
-35.3689 37.2953 325.556 -7.57307 7.68187 67.1654 3.00827 -13 4107 1 0 1
67.6282 7.75338 325.556 11.5878 1.30645 54.7927 3.37574 -13 4108 1 0 1
-9.99525 24.2523 325.556 -2.62297 5.57282 72.4002 2.3538 -13 4109 1 0 1
4.45733 4.35133 325.556 0.876045 1.55351 65.514 3.36868 -13 4110 1 0 1
-41.9027 -22.3659 325.556 -10.1651 -5.16786 74.0143 2.96101 -13 4111 1 0 1
-14.5301 41.2 325.556 -2.00289 6.56834 48.2659 2.11024 -13 4112 1 0 1
-41.8204 6.57274 325.556 -6.65917 1.16176 53.134 3.60572 -13 4113 1 0 1
71.5972 2.99495 325.556 7.19353 0.445277 31.8733 2.39032 -13 4114 1 0 1
-115.776 -32.7585 325.556 -22.6009 -6.49779 62.513 4.10525 -13 4115 1 0 1
-37.9726 16.1688 325.556 -9.29864 3.82871 74.3013 3.06595 -13 4116 1 0 1
-90.2712 29.8064 325.556 -22.7945 7.18295 76.2693 2.21654 -13 4117 1 0 1
31.4122 -22.206 325.556 6.69503 -4.99887 71.3363 4.60272 -13 4118 1 0 1
-51.7547 -21.182 325.556 -12.9325 -5.60431 76.2621 1.86884 -13 4119 1 0 1
108.365 -22.883 325.556 22.8582 -4.60755 69.1305 0.721802 -13 4120 1 0 1
-41.3565 -27.7636 325.556 -7.66409 -5.71003 59.8071 1.73667 -13 4122 1 0 1
36.4468 48.2335 325.556 6.72984 9.18631 57.5749 0.611913 -13 4123 1 0 1
10.4859 -37.1798 325.556 1.82441 -5.90726 49.4237 2.08429 -13 4124 1 0 1
-40.5711 19.5358 325.556 -9.02301 4.19611 69.141 0.610261 -13 4125 1 0 1
13.9673 30.8217 325.556 2.84083 6.99127 69.5661 0.479377 -13 4126 1 0 1
-23.4069 -95.736 325.556 -3.05575 -14.4377 45.7899 2.09702 -13 4127 1 0 1
119.991 -15.3063 325.556 16.4969 -2.3258 44.0237 -0.348536 -13 4128 1 0 1
51.9926 28.4889 325.556 7.88196 4.54662 47.7522 3.27207 -13 4130 1 0 1
-58.1613 17.8241 325.556 -10.5051 3.64203 58.5382 2.35973 -13 4131 1 0 1
116.705 -105.627 325.556 14.5548 -13.9853 39.8848 1.02984 -13 4133 1 0 1
17.0192 7.97445 325.556 3.31367 1.45374 59.521 3.33565 -13 4134 1 0 1
-3.84498 48.3532 325.556 -1.43221 11.4319 74.7949 1.3334 -13 4135 1 0 1
-49.222 28.8154 325.556 -6.81834 4.5291 45.8345 0.133983 -13 4136 1 0 1
-116.832 -127.103 325.556 -15.4708 -17.7112 43.3389 2.53373 -13 4137 1 0 1
16.1549 -89.4602 325.556 2.72536 -15.5907 52.8835 2.54887 -13 4138 1 0 1
-1.27218 -39.5571 325.556 -0.14463 -7.38992 57.4163 2.13382 -13 4139 1 0 1
-24.6933 -2.96761 325.556 -6.70086 -0.559388 78.0955 1.59887 -13 4140 1 0 1
-8.24448 8.03112 325.556 -2.07202 2.15217 70.4 -1.0945 -13 4141 1 0 1
22.7274 -66.8968 325.556 3.20423 -8.84889 42.6468 1.85097 -13 4142 1 0 1
-23.9526 -60.8951 325.556 -3.91883 -10.6581 54.444 0.84871 -13 4143 1 0 1
-18.7741 20.4195 325.556 -3.69595 4.45671 63.4524 3.31482 -13 4144 1 0 1
31.442 -30.0759 325.556 6.64813 -6.66558 70.6536 2.32714 -13 4145 1 0 1
25.0148 173.254 325.556 3.13825 21.6982 37.6937 4.90013 -13 4146 1 0 1
-30.9464 -30.7974 325.556 -6.7584 -6.39145 68.1172 1.15996 -13 4147 1 0 1
11.2506 -16.7136 325.556 2.13885 -4.31085 77.1075 1.10586 -13 4148 1 0 1
24.6115 -22.6025 325.556 5.01692 -4.86635 67.6265 1.75739 -13 4149 1 0 1
17.4466 9.65393 325.556 3.29425 1.66681 58.9769 1.81021 -13 4150 1 0 1
12.2766 29.9582 325.556 2.2304 5.26597 51.5466 3.68207 -13 4151 1 0 1
-28.4829 -2.96095 325.556 -6.20194 -0.584405 68.3181 3.31091 -13 4152 1 0 1
-17.5771 -40.3554 325.556 -2.97873 -7.89676 56.2632 1.49773 -13 4153 1 0 1
76.7786 21.841 325.556 12.4146 3.87719 50.8907 1.75554 -13 4154 1 0 1
-30.3776 -58.5807 325.556 -6.55358 -12.7896 66.9937 -0.247133 -13 4155 1 0 1
0.224079 -5.31858 325.556 -0.287821 -1.26931 71.0219 1.69687 -13 4156 1 0 1
49.7434 33.9666 325.556 10.5832 7.99708 70.8913 3.31035 -13 4157 1 0 1
-22.4711 -22.8451 325.556 -4.41397 -4.43257 63.2524 2.46368 -13 4158 1 0 1
-2.76464 9.11615 325.556 -0.180402 1.60664 48.4847 2.32643 -13 4159 1 0 1
3.91298 -7.40141 325.556 0.62152 -1.36864 69.7634 2.48814 -13 4160 1 0 1
-14.817 -56.9511 325.556 -2.74486 -10.6118 60.0847 3.58743 -13 4161 1 0 1
47.3972 32.4987 325.556 10.0967 7.44818 69.9388 0.950547 -13 4162 1 0 1
-22.8352 -2.90138 325.556 -6.22617 -0.833703 77.9725 1.08832 -13 4163 1 0 1
88.4574 2.77908 325.556 13.6971 0.486623 49.3993 2.20883 -13 4164 1 0 1
79.434 16.2599 325.556 14.2793 3.24723 57.2596 0.787043 -13 4165 1 0 1
11.9264 9.76862 325.556 2.34948 1.84452 57.6037 2.78757 -13 4166 1 0 1
43.3461 34.6233 325.556 8.562 7.44443 64.431 4.12862 -13 4167 1 0 1
-1.69923 -58.3212 325.556 -0.307722 -11.7285 62.6956 1.78178 -13 4168 1 0 1
-99.5976 25.6542 325.556 -9.07921 2.78623 31.7239 4.6081 -13 4169 1 0 1
39.1248 -0.757244 325.556 7.45542 -0.0382043 60.0168 2.87932 -13 4170 1 0 1
-6.77725 -30.7759 325.556 -1.51558 -7.0074 66.556 -0.0147854 -13 4171 1 0 1
-9.58342 9.78437 325.556 -1.92168 2.33652 63.0755 2.22992 -13 4172 1 0 1
17.189 65.0729 325.556 3.45991 14.4061 69.3743 1.99634 -13 4173 1 0 1
17.6895 28.6388 325.556 3.23899 5.45042 56.8397 2.5646 -13 4174 1 0 1
-41.3465 -40.2159 325.556 -7.60697 -7.90889 59.9608 2.54819 -13 4175 1 0 1
-0.729387 17.8205 325.556 -0.160909 3.82708 66.9776 -0.0310781 -13 4176 1 0 1
53.6875 -14.2584 325.556 9.15513 -2.59114 54.0161 0.779994 -13 4177 1 0 1
-63.4299 -54.6982 325.556 -10.397 -9.47386 53.5606 3.44716 -13 4178 1 0 1
-38.1464 -47.7618 325.556 -8.50787 -10.2083 69.0416 0.563645 -13 4179 1 0 1
32.6395 -1.12706 325.556 6.55441 -0.0417477 65.0695 2.3324 -13 4180 1 0 1
9.10259 15.4757 325.556 1.47829 4.33678 78.1077 1.88299 -13 4181 1 0 1
16.2447 40.7529 325.556 3.30938 8.87827 67.1504 -0.913471 -13 4182 1 0 1
32.4289 27.745 325.556 6.73254 6.4854 68.7846 3.01874 -13 4183 1 0 1
-9.34432 10.9254 325.556 -2.35165 2.53603 70.4471 -0.956808 -13 4184 1 0 1
-10.1973 -6.50295 325.556 -2.24394 -1.2514 66.8335 2.04417 -13 4185 1 0 1
-12.6994 72.5263 325.556 -2.85824 15.3386 66.7484 1.23672 -13 4186 1 0 1
26.526 -8.90972 325.556 5.50945 -1.53179 68.5696 1.88544 -13 4187 1 0 1
99.525 25.3098 325.556 15.1071 4.23614 48.6732 3.64843 -13 4188 1 0 1
-7.12986 26.9395 325.556 -2.45231 6.21617 78.6069 0.719424 -13 4189 1 0 1
20.206 -6.97005 325.556 3.87997 -1.13259 57.7694 3.82036 -13 4190 1 0 1
-14.6983 -75.3635 325.556 -2.11145 -12.5415 51.5283 1.7622 -13 4191 1 0 1
13.2467 -63.5263 325.556 2.46083 -16.6449 79.308 0.872645 -13 4192 1 0 1
-23.8516 -27.1515 325.556 -5.48445 -6.09891 70.1532 2.43872 -13 4193 1 0 1
-31.4007 81.8783 325.556 -4.36443 12.6802 47.3207 2.93066 -13 4194 1 0 1
-20.3811 -61.6912 325.556 -2.83103 -10.3401 49.6125 2.22148 -13 4195 1 0 1
-16.5521 -0.580761 325.556 -5.18834 -0.137001 80.4476 1.30954 -13 4196 1 0 1
-5.36045 -17.0452 325.556 -1.26378 -3.41944 69.3397 4.3253 -13 4197 1 0 1
-10.5619 7.20067 325.556 -2.95206 1.47784 74.5225 2.2738 -13 4198 1 0 1
54.4157 -11.4356 325.556 9.81177 -2.01127 57.4605 2.05416 -13 4199 1 0 1
-8.52395 -10.1625 325.556 -2.75917 -1.48329 77.9011 2.75155 -13 4200 1 0 1
-31.9526 14.3677 325.556 -4.75191 2.44523 49.8818 3.45693 -13 4201 1 0 1
0.717575 43.122 325.556 0.247143 8.537 57.5493 3.50477 -13 4202 1 0 1
-94.0236 61.5606 325.556 -17.9649 12.2495 61.5131 2.33794 -13 4203 1 0 1
-26.0116 -7.84134 325.556 -5.16163 -2.10493 64.3739 0.489217 -13 4204 1 0 1
-59.1007 -8.44975 325.556 -11.2194 -1.90471 61.1537 1.26349 -13 4205 1 0 1
-65.0837 -15.3349 325.556 -14.5499 -3.55878 70.2183 4.28504 -13 4206 1 0 1
-9.22826 17.9127 325.556 -2.31757 3.97538 71.2223 1.59365 -13 4207 1 0 1
-14.2418 11.6936 325.556 -3.18929 2.5037 68.4926 1.6577 -13 4208 1 0 1
-58.358 -21.6397 325.556 -12.5769 -4.66218 67.8401 0.0992389 -13 4210 1 0 1
-30.3961 -9.2272 325.556 -7.18099 -1.9293 72.5523 0.680119 -13 4211 1 0 1
-15.8306 47.263 325.556 -3.78167 11.5887 71.3598 1.71891 -13 4212 1 0 1
14.3242 -47.5045 325.556 2.86624 -11.1706 69.8919 2.17445 -13 4213 1 0 1
-1.38805 44.5468 325.556 0.0370364 7.32688 49.4573 3.218 -13 4214 1 0 1
-63.3997 17.6446 325.556 -11.3934 2.66554 58.3544 2.19694 -13 4215 1 0 1
48.129 8.54915 325.556 8.84583 1.80135 58.7334 3.00108 -13 4216 1 0 1
81.6507 -1.71164 325.556 11.2222 -0.413091 43.6921 3.41503 -13 4217 1 0 1
-39.4476 9.30968 325.556 -5.09938 0.882057 43.7614 2.85445 -13 4218 1 0 1
-22.1798 27.0378 325.556 -4.70569 5.78838 66.0516 0.610608 -13 4219 1 0 1
6.97478 -5.42516 325.556 1.20428 -0.765651 72.4563 2.3939 -13 4220 1 0 1
-22.747 -16.9182 325.556 -5.12558 -3.8645 69.3298 0.658645 -13 4221 1 0 1
-30.6805 -128.656 325.556 -5.23842 -22.9576 55.0439 1.49141 -13 4222 1 0 1
-48.1121 13.7626 325.556 -11.8998 3.94358 75.8447 1.0219 -13 4223 1 0 1
33.5508 -18.7653 325.556 6.76108 -3.98866 66.8333 4.22463 -13 4224 1 0 1
-33.0693 37.6158 325.556 -7.80764 9.14399 72.8044 3.6227 -13 4225 1 0 1
-25.2135 -28.5712 325.556 -5.28074 -6.0531 65.394 2.18851 -13 4226 1 0 1
5.9712 17.4718 325.556 1.10585 3.77524 67.3057 6.11731 -13 4227 1 0 1
-38.9206 42.5214 325.556 -5.95865 7.13094 51.1655 0.817251 -13 4228 1 0 1
5.38095 -14.5088 325.556 0.966392 -3.7483 68.6974 2.14173 -13 4229 1 0 1
-26.791 -17.4681 325.556 -5.07146 -3.269 60.7858 1.55739 -13 4230 1 0 1
3.82382 107.202 325.556 0.564259 23.4163 65.4937 1.3844 -13 4231 1 0 1
6.48191 20.5934 325.556 0.96339 2.26849 35.256 3.71461 -13 4232 1 0 1
-32.3796 29.3651 325.556 -6.74203 6.10235 66.0571 2.48514 -13 4233 1 0 1
29.1254 -25.2121 325.556 6.22939 -6.22939 72.3754 1.31808 -13 4234 1 0 1
-38.3507 -115.047 325.556 -5.68634 -18.3572 48.983 2.7614 -13 4235 1 0 1
-14.7121 17.248 325.556 -3.2348 4.36541 67.3727 2.84426 -13 4236 1 0 1
-55.7122 -25.6621 325.556 -11.2349 -5.16497 64.6007 1.74712 -13 4237 1 0 1
20.9094 42.6248 325.556 4.0816 9.42993 64.1256 2.34637 -13 4238 1 0 1
-19.8675 -27.964 325.556 -5.00578 -7.25947 73.8526 1.39202 -13 4239 1 0 1
-37.1377 -18.5836 325.556 -7.54201 -3.80823 64.8422 3.5312 -13 4240 1 0 1
-10.9966 -25.6021 325.556 -3.79252 -6.77586 80.3218 2.45205 -13 4241 1 0 1
-2.57368 -83.8778 325.556 -1.43133 -21.0334 76.7514 2.53183 -13 4242 1 0 1
9.8189 -50.2814 325.556 1.91727 -9.68008 61.6531 2.59635 -13 4243 1 0 1
-41.965 -70.5376 325.556 -6.90453 -13.1748 53.9938 1.31481 -13 4244 1 0 1
-47.5413 -43.7113 325.556 -6.88391 -6.60011 48.4791 1.42265 -13 4245 1 0 1
-11.7708 -28.3937 325.556 -3.08585 -6.21905 72.6257 1.33353 -13 4246 1 0 1
-30.7781 63.8519 325.556 -6.80081 13.9088 68.5573 3.25548 -13 4247 1 0 1
-61.9052 -31.2885 325.556 -13.6098 -7.38007 69.6297 2.8078 -13 4248 1 0 1
18.6114 -27.2947 325.556 3.18879 -4.33489 51.6942 2.77638 -13 4249 1 0 1
41.3976 -0.138027 325.556 6.26398 0.17727 46.4467 3.6155 -13 4250 1 0 1
-4.1055 -44.957 325.556 -0.900044 -9.56849 62.8676 0.588508 -13 4251 1 0 1
16.4257 10.0377 325.556 3.29858 1.79989 65.7248 1.37834 -13 4252 1 0 1
-23.6714 -66.4767 325.556 -5.39441 -15.4043 69.5068 1.53212 -13 4253 1 0 1
2.84844 39.6284 325.556 -0.376391 10.283 79.1606 0.851812 -13 4254 1 0 1
17.1912 -25.4679 325.556 3.48532 -5.4591 57.3926 2.66407 -13 4255 1 0 1
26.4514 -54.6156 325.556 5.27094 -11.6277 64.595 2.28686 -13 4256 1 0 1
15.9381 -7.21017 325.556 3.10558 -1.40508 60.8044 4.28246 -13 4257 1 0 1
24.6556 -35.4117 325.556 4.764 -6.94369 60.1855 0.862484 -13 4258 1 0 1
2.86743 -16.3026 325.556 0.1354 -4.54397 76.7558 3.80346 -13 4259 1 0 1
-11.0728 -39.5257 325.556 -2.71233 -8.51961 70.1999 3.30945 -13 4260 1 0 1
16.6956 -65.6889 325.556 2.30703 -8.48898 38.5163 3.06577 -13 4261 1 0 1
-10.7171 39.5904 325.556 -3.04272 10.344 75.5569 1.9555 -13 4262 1 0 1
-31.8207 46.1631 325.556 -5.96476 8.60052 61.3831 1.27655 -13 4263 1 0 1
-52.7203 -42.6405 325.556 -10.5592 -9.15156 64.5867 1.15379 -13 4264 1 0 1
-42.3477 10.01 325.556 -11.3922 2.97834 78.6475 0.979363 -13 4265 1 0 1
-26.4761 88.5428 325.556 -5.68213 19.3327 65.8336 2.82711 -13 4266 1 0 1
-4.58809 21.9142 325.556 -1.7759 5.66943 77.8934 3.58451 -13 4267 1 0 1
-24.1383 7.78065 325.556 -4.00202 1.72311 55.8359 1.94093 -13 4268 1 0 1
-43.0609 -26.6851 325.556 -7.35429 -5.18366 56.1484 0.748632 -13 4269 1 0 1
5.83547 42.0533 325.556 1.13321 8.94438 64.5514 2.19057 -13 4270 1 0 1
11.6789 14.6309 325.556 2.24838 2.75857 59.3157 0.074272 -13 4271 1 0 1
60.0168 -13.7005 325.556 12.0536 -3.50646 65.3802 2.47101 -13 4272 1 0 1
-26.5838 14.6814 325.556 -5.434 2.80094 65.1845 1.4752 -13 4273 1 0 1
-43.6978 -68.8525 325.556 -6.71471 -11.5211 51.4664 3.12193 -13 4275 1 0 1
-22.8066 36.444 325.556 -3.60652 6.31265 54.3198 1.9063 -13 4276 1 0 1
-24.937 -5.84562 325.556 -7.00028 -1.30911 80.1112 2.4943 -13 4277 1 0 1
-74.0381 -7.70706 325.556 -14.1485 -0.803292 61.3952 1.36021 -13 4278 1 0 1
1.98779 37.377 325.556 0.0764422 8.7569 72.1686 2.93167 -13 4279 1 0 1
4.71502 -42.1738 325.556 0.953165 -8.0272 56.6436 1.82419 -13 4280 1 0 1
-20.6364 -73.5237 325.556 -3.41456 -13.9144 55.5526 1.17926 -13 4281 1 0 1
-1.22205 -12.7244 325.556 -0.126152 -2.73827 59.8267 2.05141 -13 4282 1 0 1
-25.4146 -41.9784 325.556 -6.67082 -10.1022 77.222 -0.0137493 -13 4283 1 0 1
-12.6075 22.4694 325.556 -3.19349 5.05233 71.0554 2.16013 -13 4284 1 0 1
6.53209 0.480892 325.556 1.3126 -0.164501 57.4692 2.45915 -13 4285 1 0 1
35.3928 -36.5668 325.556 7.01875 -7.8845 66.2917 2.09826 -13 4286 1 0 1
14.4602 5.51244 325.556 2.8489 0.937924 60.1784 3.12494 -13 4287 1 0 1
-14.6669 88.6064 325.556 -2.27787 15.6409 53.7458 2.10916 -13 4288 1 0 1
29.8546 7.29523 325.556 6.33374 1.84559 72.2942 1.7984 -13 4290 1 0 1
-22.2587 -25.2853 325.556 -5.12505 -5.59986 71.8093 2.80519 -13 4291 1 0 1
-8.05466 9.69574 325.556 -2.61496 2.28389 76.968 3.66952 -13 4292 1 0 1
-49.7211 -43.9881 325.556 -11.8571 -10.2965 73.8027 1.05272 -13 4293 1 0 1
-30.3798 8.30528 325.556 -6.81752 1.41577 69.4167 1.88258 -13 4294 1 0 1
-36.9091 -16.7923 325.556 -7.11694 -3.58714 61.9062 0.0279788 -13 4295 1 0 1
-37.2842 19.7239 325.556 -8.52989 4.21509 71.3779 2.39234 -13 4296 1 0 1
-18.4335 16.7448 325.556 -2.9484 3.08699 54.9224 2.34686 -13 4297 1 0 1
-26.0819 -17.3319 325.556 -5.47139 -3.804 66.0354 1.90809 -13 4298 1 0 1
25.5328 16.9112 325.556 3.97095 2.51894 47.0395 2.06358 -13 4299 1 0 1
-15.4494 -32.8115 325.556 -4.37127 -7.93985 77.6764 4.53615 -13 4300 1 0 1
74.0117 53.2377 325.556 11.2376 8.50469 48.4382 4.4395 -13 4301 1 0 1
34.7029 25.208 325.556 5.5691 4.08261 49.809 2.81715 -13 4302 1 0 1
-30.9088 23.6511 325.556 -6.19447 5.09648 63.888 2.42798 -13 4303 1 0 1
27.2666 3.95699 325.556 5.67324 1.16216 66.9964 -0.891844 -13 4304 1 0 1
55.1897 -3.43088 325.556 7.1574 -0.250368 40.0082 2.30374 -13 4305 1 0 1
-15.6756 51.7154 325.556 -3.16674 10.7637 63.8685 1.84213 -13 4306 1 0 1
-23.4065 -5.82251 325.556 -4.78074 -0.974853 64.934 3.43448 -13 4307 1 0 1
-16.9363 42.1514 325.556 -4.25446 10.2805 72.7475 4.5512 -13 4308 1 0 1
34.3613 -0.95645 325.556 7.25453 -0.630333 70.413 1.0064 -13 4309 1 0 1
17.8504 22.9451 325.556 3.40151 3.95239 58.4973 2.19629 -13 4310 1 0 1
113.288 -14.2725 325.556 12.578 -1.79027 35.8588 1.65518 -13 4311 1 0 1
-78.726 17.7197 325.556 -18.7612 4.19939 74.2068 2.203 -13 4312 1 0 1
15.3504 -13.7666 325.556 2.99144 -2.86904 64.4381 1.37253 -13 4313 1 0 1
14.7487 -47.29 325.556 2.79088 -9.06799 59.8717 2.56449 -13 4314 1 0 1
-44.0049 52.0256 325.556 -6.05893 8.01593 46.611 3.21259 -13 4315 1 0 1
12.7866 4.33356 325.556 2.52711 0.574092 62.0281 1.07473 -13 4316 1 0 1
18.0564 61.0203 325.556 3.53524 13.0935 65.9498 3.27201 -13 4317 1 0 1
5.5288 -118.976 325.556 0.986494 -17.9937 45.7253 2.93941 -13 4318 1 0 1
6.04097 23.1619 325.556 1.06963 5.70622 74.2603 1.38803 -13 4319 1 0 1
58.0619 64.5243 325.556 11.8749 14.2715 67.2137 1.73856 -13 4320 1 0 1
-27.2752 22.9309 325.556 -6.36138 4.65275 70.8365 2.73977 -13 4321 1 0 1
1.00985 9.80419 325.556 -0.144539 2.34779 72.1428 0.702791 -13 4322 1 0 1
10.0919 -36.1049 325.556 1.91949 -8.04436 70.4767 0.577097 -13 4323 1 0 1
44.6048 12.9339 325.556 3.41988 0.839586 23.9068 4.07148 -13 4324 1 0 1
25.6414 -60.8213 325.556 5.14106 -13.2216 66.2048 2.9445 -13 4325 1 0 1
17.2448 -43.1175 325.556 3.40866 -9.65943 66.4329 1.4997 -13 4326 1 0 1
53.7017 69.2071 325.556 6.28219 8.24873 37.0481 2.29613 -13 4327 1 0 1
-67.7398 12.283 325.556 -17.1069 2.72636 77.4133 0.854492 -13 4328 1 0 1
101.934 -48.1498 325.556 20.1161 -10.5004 64.4064 -0.0577538 -13 4329 1 0 1
-16.047 8.41997 325.556 -3.67328 1.43594 68.9718 0.632614 -13 4330 1 0 1
-8.77414 46.4828 325.556 -1.38899 8.16079 55.8818 1.98582 -13 4331 1 0 1
-52.3305 -35.2244 325.556 -8.28387 -5.56018 52.3452 2.85542 -13 4332 1 0 1
53.9722 -21.5919 325.556 10.2316 -4.80016 61.0696 0.213577 -13 4333 1 0 1
-9.02038 12.1101 325.556 -1.13606 1.77663 51.3599 0.977109 -13 4334 1 0 1
-32.9405 -18.7714 325.556 -5.62073 -3.77261 57.2261 1.88182 -13 4335 1 0 1
-23.4781 69.4759 325.556 -6.92623 17.5941 77.2007 0.281084 -13 4336 1 0 1
1.56898 -52.9073 325.556 0.453417 -10.208 58.6891 1.65551 -13 4337 1 0 1
21.1943 -1.2313 325.556 3.41088 0.204908 47.6082 1.20847 -13 4338 1 0 1
10.4671 -26.0002 325.556 1.97432 -4.8919 56.1194 1.95867 -13 4339 1 0 1
27.5316 6.33459 325.556 5.91897 1.25837 72.9121 2.5393 -13 4340 1 0 1
-17.9727 -28.9664 325.556 -4.45088 -7.23668 73.4019 2.55482 -13 4341 1 0 1
-14.7914 50.6363 325.556 -2.62385 9.54043 57.9943 1.00223 -13 4342 1 0 1
12.1033 0.289908 325.556 2.3382 0.0341054 66.4122 3.14376 -13 4343 1 0 1
-21.4016 20.5 325.556 -5.61302 4.91068 74.9877 -0.0483387 -13 4344 1 0 1
12.9363 -24.2355 325.556 2.56032 -6.03436 70.7603 2.32991 -13 4345 1 0 1
-75.7387 -13.0233 325.556 -12.8723 -1.88749 55.481 0.678305 -13 4346 1 0 1
60.5675 26.594 325.556 3.14649 1.41723 16.5348 7.80895 -13 4347 1 0 1
-0.745941 5.61493 325.556 -0.10767 0.985494 61.3948 5.14667 -13 4348 1 0 1
-33.8409 80.2076 325.556 -6.4601 16.1026 61.1675 3.1334 -13 4349 1 0 1
-10.1079 54.2836 325.556 -1.423 9.30837 54.0023 2.70193 -13 4350 1 0 1
1.75019 -12.7859 325.556 0.147885 -2.53317 67.5187 2.20982 -13 4351 1 0 1
18.7997 4.83491 325.556 3.47109 1.08444 56.2097 2.96225 -13 4352 1 0 1
22.5087 -5.95522 325.556 3.59302 -1.14288 47.1395 3.12339 -13 4353 1 0 1
52.7334 -8.78027 325.556 10.1452 -1.42527 60.8727 2.81921 -13 4354 1 0 1
-3.85563 10.1884 325.556 -1.39339 2.50851 74.9068 1.53987 -13 4355 1 0 1
-34.4573 -9.14929 325.556 -7.37784 -2.19402 67.2311 2.18454 -13 4356 1 0 1
-32.0548 -21.2755 325.556 -8.22835 -5.34763 77.0154 0.693316 -13 4357 1 0 1
-18.1882 -30.2048 325.556 -4.14517 -6.53177 69.4662 0.753607 -13 4358 1 0 1
-11.4651 6.94842 325.556 -2.71833 1.90437 69.6722 3.38795 -13 4359 1 0 1
15.0257 -45.3596 325.556 2.72951 -8.01756 55.3492 0.896364 -13 4360 1 0 1
-19.2274 -52.6327 325.556 -5.11383 -12.7901 75.4723 3.1654 -13 4361 1 0 1
-0.829429 29.2532 325.556 -0.427584 7.06116 67.5807 2.36648 -13 4362 1 0 1
13.4723 -52.3818 325.556 2.47796 -10.3798 59.4003 2.74468 -13 4363 1 0 1
22.1752 45.5649 325.556 4.03512 8.39222 56.9869 3.18496 -13 4364 1 0 1
-151.866 -78.7586 325.556 -20.6532 -11.2294 44.4895 4.91284 -13 4365 1 0 1
68.999 -27.3771 325.556 11.5457 -4.91302 53.2963 4.78504 -13 4366 1 0 1
29.2497 6.10869 325.556 6.1668 1.72207 69.9199 1.5173 -13 4367 1 0 1
18.9246 -89.0747 325.556 2.98848 -13.575 46.7651 4.08595 -13 4368 1 0 1
-8.3254 -19.552 325.556 -2.00711 -4.1616 69.3659 0.523529 -13 4369 1 0 1
21.2253 -53.9045 325.556 3.92413 -10.3562 58.3545 -0.0508044 -13 4370 1 0 1
-2.7899 47.714 325.556 -0.876421 10.8031 71.0604 2.86511 -13 4371 1 0 1
16.4923 -22.5244 325.556 2.9521 -3.7252 54.7128 0.365015 -13 4372 1 0 1
-39.7714 -5.248 325.556 -7.22448 -0.46019 59.5024 -0.344019 -13 4373 1 0 1
77.3834 -167.272 325.556 9.02672 -20.1473 36.0462 5.09786 -13 4374 1 0 1
-7.39987 -28.8757 325.556 -1.56555 -6.77783 66.3545 1.51589 -13 4375 1 0 1
-15.2946 42.8981 325.556 -3.3473 9.58009 68.1005 3.08887 -13 4376 1 0 1
-33.9279 -55.2325 325.556 -6.30336 -11.4375 60.3739 4.14744 -13 4377 1 0 1
-99.9072 133.957 325.556 -16.1083 22.8041 52.0988 3.98604 -13 4378 1 0 1
61.8918 22.6542 325.556 11.2611 4.47837 58.0509 1.99862 -13 4379 1 0 1
21.4561 -19.1237 325.556 4.47777 -4.53795 72.4782 0.976766 -13 4380 1 0 1
15.541 30.5652 325.556 3.07061 7.21986 68.1749 2.78952 -13 4381 1 0 1
-32.7369 -14.2474 325.556 -5.83754 -2.33007 58.7472 0.434519 -13 4382 1 0 1
31.4515 7.90612 325.556 6.06171 1.5051 62.8173 2.34668 -13 4383 1 0 1
48.4806 5.62038 325.556 10.8487 1.52268 78.6576 2.25103 -13 4384 1 0 1
0.672522 2.15243 325.556 -0.0682578 0.452508 68.5735 3.00726 -13 4385 1 0 1
-28.5909 -0.246023 325.556 -5.869 -0.32813 65.2231 3.24018 -13 4386 1 0 1
-73.4067 87.135 325.556 -15.6094 19.2645 66.9307 2.14801 -13 4387 1 0 1
-17.9223 -79.1343 325.556 -3.38825 -15.7786 61.0956 3.02788 -13 4388 1 0 1
10.9206 -29.7042 325.556 1.87168 -4.80783 46.1813 2.81237 -13 4389 1 0 1
-29.8659 -28.724 325.556 -3.96516 -4.26999 45.6293 3.40933 -13 4390 1 0 1
-28.0832 35.5439 325.556 -6.06082 7.65673 67.7009 0.474115 -13 4391 1 0 1
31.8294 -52.5991 325.556 5.49091 -9.04511 52.5658 4.23067 -13 4392 1 0 1
0.490282 28.5667 325.556 -0.215968 6.64283 71.4908 0.831219 -13 4393 1 0 1
6.61854 66.8698 325.556 1.2389 12.9347 58.332 0.583053 -13 4394 1 0 1
-78.9719 -17.422 325.556 -15.3446 -4.04697 62.3465 2.53915 -13 4395 1 0 1
-28.5163 14.5011 325.556 -5.26151 3.00509 60.7231 2.22891 -13 4396 1 0 1
-15.1059 30.9399 325.556 -3.40319 6.51981 70.1241 1.71121 -13 4397 1 0 1
6.10105 -12.2932 325.556 1.20279 -2.59217 61.062 3.18563 -13 4398 1 0 1
9.12544 -65.3779 325.556 1.60181 -10.3022 47.8308 2.64286 -13 4399 1 0 1
-3.18972 38.7764 325.556 -0.733275 9.00856 66.003 3.62129 -13 4400 1 0 1
-25.3825 -41.7645 325.556 -6.14447 -9.9626 73.0473 0.517461 -13 4401 1 0 1
-39.0853 14.4352 325.556 -6.43473 2.84044 54.6581 0.830548 -13 4402 1 0 1
41.1852 -20.06 325.556 8.13393 -4.35482 62.8582 3.90595 -13 4403 1 0 1
-15.3251 -0.637368 325.556 -2.04651 0.265468 48.5041 2.00784 -13 4404 1 0 1
25.3902 8.74906 325.556 4.55484 1.38117 56.5924 3.67433 -13 4405 1 0 1
16.3796 -37.6775 325.556 3.34402 -8.80506 68.5177 3.56884 -13 4406 1 0 1
4.74713 27.2941 325.556 1.04333 4.68597 51.9955 4.26725 -13 4408 1 0 1
86.3633 34.2497 325.556 17.1066 6.77015 64.8619 1.76163 -13 4409 1 0 1
-25.482 27.5432 325.556 -3.87344 4.81088 51.2034 2.08505 -13 4410 1 0 1
-10.4939 44.5207 325.556 -1.56227 7.85723 54.2042 1.9806 -13 4411 1 0 1
6.771 -2.07312 325.556 1.33534 0.112419 67.5229 2.3655 -13 4412 1 0 1
-6.10929 -26.1702 325.556 -1.49767 -5.97792 69.7602 3.28727 -13 4413 1 0 1
16.1112 -3.77227 325.556 3.26577 -0.80825 81.5193 1.28707 -13 4414 1 0 1
13.2561 -6.67433 325.556 2.67223 -1.6313 66.8211 1.50745 -13 4415 1 0 1
84.5121 -0.90093 325.556 12.6906 0.0619378 47.223 1.00563 -13 4416 1 0 1
105.453 3.06833 325.556 17.6881 -0.0353926 53.8798 3.13009 -13 4417 1 0 1
-60.378 -3.26652 325.556 -10.1665 -0.619166 55.5347 0.499869 -13 4418 1 0 1
-63.1206 26.9025 325.556 -14.4769 6.27922 71.8517 0.745099 -13 4419 1 0 1
-19.5244 -16.6497 325.556 -4.84647 -3.34443 73.0368 1.81142 -13 4420 1 0 1
3.44888 1.57418 325.556 0.618411 0.0627468 65.0677 0.182912 -13 4421 1 0 1
-2.0334 5.5866 325.556 -0.0673717 1.00232 50.9499 3.43266 -13 4422 1 0 1
42.7886 -44.4269 325.556 6.32654 -6.86535 46.246 1.65587 -13 4423 1 0 1
9.93151 -46.5869 325.556 1.48888 -6.24307 41.598 4.75466 -13 4424 1 0 1
-63.2017 -2.16916 325.556 -10.8583 -0.272682 55.9296 3.43789 -13 4425 1 0 1
-35.1309 -6.31143 325.556 -7.35502 -1.33052 66.581 0.777532 -13 4426 1 0 1
34.1318 -56.7213 325.556 5.89931 -9.5498 54.0669 4.23856 -13 4428 1 0 1
-6.87292 -18.0804 325.556 -1.48041 -3.80619 66.6229 2.86212 -13 4429 1 0 1
-39.4262 -37.9522 325.556 -6.90128 -7.09769 57.6207 -0.0397064 -13 4430 1 0 1
-18.4835 44.9782 325.556 -4.13424 9.34536 69.1323 1.74954 -13 4431 1 0 1
81.9206 -9.55257 325.556 15.1656 -1.44097 59.4412 1.28924 -13 4432 1 0 1
-8.86956 -39.1436 325.556 -1.57909 -7.93925 61.6082 0.620156 -13 4433 1 0 1
-32.2871 -29.4 325.556 -6.78587 -6.25103 66.8122 2.70534 -13 4434 1 0 1
26.2303 -1.69279 325.556 5.27964 -0.822846 64.7403 3.49792 -13 4435 1 0 1
-87.0996 -74.2662 325.556 -17.2681 -15.4043 63.1644 2.81026 -13 4436 1 0 1
79.6608 37.6826 325.556 7.60327 3.73654 30.1713 5.77325 -13 4437 1 0 1
17.2047 32.9998 325.556 3.33432 6.63033 61.4712 1.9311 -13 4438 1 0 1
-36.013 -45.415 325.556 -8.21167 -10.2902 70.21 1.32459 -13 4439 1 0 1
-38.5298 -16.9324 325.556 -7.90766 -3.93137 65.5373 3.00468 -13 4440 1 0 1
40.961 -0.862164 325.556 8.15148 -0.604227 65.1421 2.06583 -13 4441 1 0 1
50.2809 51.2826 325.556 8.51226 9.44273 54.2824 4.05352 -13 4442 1 0 1
-10.3964 9.9481 325.556 -2.04888 2.18047 63.2883 2.93015 -13 4443 1 0 1
-6.31099 3.57276 325.556 -1.16828 0.398201 61.6816 1.83617 -13 4444 1 0 1
-6.24476 43.658 325.556 -1.94483 10.6413 73.633 1.65824 -13 4445 1 0 1
46.8041 -8.8905 325.556 7.43124 -1.41039 49.5839 1.84962 -13 4446 1 0 1
-23.8128 55.566 325.556 -2.21408 6.42508 34.0726 3.37999 -13 4447 1 0 1
-12.5975 82.4843 325.556 -1.18052 10.1172 36.9554 5.45883 -13 4448 1 0 1
-0.97589 -2.74952 325.556 0.106094 -0.318795 44.8191 3.13872 -13 4449 1 0 1
-32.4722 -34.2469 325.556 -7.3385 -7.52135 69.9991 3.34559 -13 4450 1 0 1
-6.9978 -6.73179 325.556 -1.68307 -1.54887 68.6761 2.30227 -13 4451 1 0 1
13.3564 -29.3893 325.556 2.24331 -4.47148 48.3882 1.56911 -13 4452 1 0 1
-45.133 34.633 325.556 -7.57097 6.30823 56.0412 2.91447 -13 4453 1 0 1
-6.21259 61.8903 325.556 -0.925948 11.0608 53.0152 2.37423 -13 4454 1 0 1
-59.6557 2.0986 325.556 -10.098 0.60094 55.4435 1.94869 -13 4455 1 0 1
3.16719 -10.9783 325.556 0.505529 -1.95336 66.3895 2.44866 -13 4456 1 0 1
-13.0753 32.6434 325.556 -3.15478 7.2169 71.3626 3.14503 -13 4457 1 0 1
11.4539 -67.5572 325.556 2.16991 -12.1395 56.5755 3.01036 -13 4458 1 0 1
36.3272 -11.5728 325.556 7.12966 -2.29126 62.9799 0.75382 -13 4460 1 0 1
0.512613 -2.80266 325.556 -0.507082 -0.232934 76.551 3.71355 -13 4461 1 0 1
-59.9993 34.1343 325.556 -12.5861 7.18413 66.5976 3.4365 -13 4462 1 0 1
-2.9662 -5.92097 325.556 -0.368476 -0.399971 55.9738 2.32123 -13 4463 1 0 1
17.009 31.5835 325.556 3.42297 6.69731 69.5485 1.68226 -13 4464 1 0 1
0.958481 -56.6331 325.556 0.327322 -10.6502 59.0365 0.62127 -13 4465 1 0 1
30.5007 -26.272 325.556 6.64951 -7.22237 78.7323 0.505257 -13 4466 1 0 1
-77.8544 0.271971 325.556 -16.7053 0.238148 68.1472 1.60274 -13 4467 1 0 1
-12.2493 25.271 325.556 -3.06954 5.6841 72.1357 1.30351 -13 4468 1 0 1
9.7488 -23.1351 325.556 1.8171 -5.74925 72.7889 2.48032 -13 4469 1 0 1
56.9814 -1.23349 325.556 5.92885 -0.12048 33.0158 2.58353 -13 4470 1 0 1
27.8375 -35.2738 325.556 5.32381 -7.12869 61.0602 1.74539 -13 4471 1 0 1
-28.3947 -13.2506 325.556 -5.92782 -2.71552 66.2341 2.11902 -13 4473 1 0 1
14.5006 9.3067 325.556 2.85438 1.87894 63.6888 2.1974 -13 4474 1 0 1
68.8177 -109.409 325.556 11.9616 -19.8989 55.8659 2.90792 -13 4475 1 0 1
-0.716462 -18.8618 325.556 -0.0633045 -3.67796 58.2354 0.875966 -13 4476 1 0 1
21.0555 -10.7277 325.556 3.91667 -1.35277 56.4609 2.63119 -13 4477 1 0 1
18.196 2.33376 325.556 3.00426 0.495025 50.994 4.2743 -13 4478 1 0 1
4.38805 -5.02215 325.556 0.79284 -1.39184 64.8685 0.474898 -13 4479 1 0 1
-23.7422 73.0398 325.556 -4.82155 15.2963 63.6396 1.70156 -13 4480 1 0 1
20.2385 -58.6272 325.556 3.62938 -10.4707 56.288 2.98832 -13 4481 1 0 1
-6.07224 -11.3802 325.556 -1.74743 -2.23995 71.6428 2.2421 -13 4482 1 0 1
-4.34402 30.7667 325.556 -1.8581 7.89132 79.3913 -0.0730235 -13 4483 1 0 1
-35.2256 51.3773 325.556 -3.48956 5.93166 34.5798 3.45082 -13 4484 1 0 1
-39.6211 19.5315 325.556 -4.19338 2.74569 36.4809 5.87247 -13 4485 1 0 1
30.0697 33.4941 325.556 4.58488 5.50146 46.4077 2.12831 -13 4486 1 0 1
39.5367 -0.665996 325.556 7.5965 -0.126911 61.2533 1.51885 -13 4487 1 0 1
-45.6836 -18.7158 325.556 -10.0089 -4.4296 68.947 0.790212 -13 4488 1 0 1
52.4261 -4.79232 325.556 9.34693 -0.772731 56.0581 4.31003 -13 4489 1 0 1
17.2956 12.9841 325.556 2.64324 1.90527 42.1472 0.676327 -13 4490 1 0 1
-10.2973 -38.13 325.556 -2.44702 -8.51837 69.3749 2.60137 -13 4491 1 0 1
4.44417 -9.52873 325.556 0.610327 -2.84335 72.9229 1.81792 -13 4492 1 0 1
-29.5003 -43.609 325.556 -7.47658 -11.0261 75.7535 0.765765 -13 4493 1 0 1
-3.56308 0.17723 325.556 -0.443507 0.201606 57.1365 2.2766 -13 4494 1 0 1
31.979 64.2737 325.556 6.5061 13.9474 66.7278 1.72406 -13 4495 1 0 1
-10.4732 -12.1946 325.556 -2.00592 -2.35976 64.2154 0.428968 -13 4496 1 0 1
-22.6109 23.6531 325.556 -6.34318 6.65297 79.0348 2.41147 -13 4497 1 0 1
29.5934 -3.67194 325.556 6.35432 0.161617 75.6888 3.59703 -13 4498 1 0 1
-28.9537 22.7123 325.556 -6.46191 5.10828 69.9522 2.02327 -13 4499 1 0 1
-23.1947 4.45619 325.556 -4.44885 0.805072 62.1505 1.70526 -13 4500 1 0 1
6.71073 -4.90572 325.556 1.20039 -1.42165 68.2735 2.68485 -13 4501 1 0 1
129.754 -12.7787 325.556 19.6461 -2.0413 48.8667 2.5095 -13 4503 1 0 1
22.0966 74.5509 325.556 3.78273 12.7967 51.9625 3.02627 -13 4504 1 0 1
23.725 82.9932 325.556 2.47882 8.58235 31.185 4.27037 -13 4505 1 0 1
47.7039 -27.6481 325.556 8.72204 -5.6553 57.5293 1.73143 -13 4506 1 0 1
26.328 42.8695 325.556 5.03479 8.93112 61.7735 0.361589 -13 4507 1 0 1
-28.9061 21.3429 325.556 -5.82415 4.64939 64.3797 2.22191 -13 4508 1 0 1
-6.78393 32.8549 325.556 -1.8984 7.81319 72.7212 -0.349771 -13 4509 1 0 1
33.6397 14.9697 325.556 7.14324 3.52424 71.6056 0.652922 -13 4510 1 0 1
-50.2498 -23.444 325.556 -10.8681 -5.26382 68.1629 1.30364 -13 4511 1 0 1
29.3358 24.3494 325.556 6.02383 5.60294 67.0071 1.50596 -13 4512 1 0 1
4.44562 3.13425 325.556 0.903623 0.676588 58.1864 4.57504 -13 4513 1 0 1
13.2965 -1.47575 325.556 2.66647 -0.631539 64.2063 1.6546 -13 4514 1 0 1
36.7106 30.1681 325.556 7.05565 6.25699 61.5255 -0.299692 -13 4515 1 0 1
-22.9014 -42.0729 325.556 -4.49043 -8.61786 62.8362 3.49298 -13 4516 1 0 1
8.41946 -83.7521 325.556 1.58239 -16.0213 58.6744 3.46531 -13 4517 1 0 1
36.1173 16.9609 325.556 6.64449 3.15624 58.89 1.37852 -13 4518 1 0 1
5.97767 -16.3766 325.556 1.13986 -3.18482 56.2697 2.89278 -13 4519 1 0 1
11.0699 5.02797 325.556 2.14514 0.681445 62.7511 0.732961 -13 4520 1 0 1
-20.417 8.92151 325.556 -5.87644 1.9793 80.584 2.09771 -13 4521 1 0 1
87.2086 -108.212 325.556 8.31095 -11.0439 30.2482 5.12036 -13 4522 1 0 1
-22.7725 57.5915 325.556 -4.56909 12.3088 64.4494 5.04481 -13 4523 1 0 1
10.0988 -15.9227 325.556 1.89069 -4.11475 68.4119 2.22922 -13 4524 1 0 1
90.7189 73.1959 325.556 15.725 13.1642 55.9134 3.93373 -13 4525 1 0 1
-17.0737 -49.1195 325.556 -3.52939 -10.7731 65.3946 1.85726 -13 4526 1 0 1
-15.6459 -1.44851 325.556 -3.20511 -0.195855 65.1663 3.60571 -13 4527 1 0 1
39.0862 0.449 325.556 7.13383 -0.0672001 56.9466 3.98534 -13 4528 1 0 1
-2.91395 17.474 325.556 -0.369263 2.75473 54.9815 4.0148 -13 4529 1 0 1
23.0404 -8.05087 325.556 4.75414 -1.96722 68.12 2.65115 -13 4530 1 0 1
32.0241 -7.56861 325.556 5.94869 -1.33264 58.5028 -0.267897 -13 4531 1 0 1
-16.2287 81.401 325.556 -2.27597 13.4688 49.301 2.92461 -13 4532 1 0 1
-36.798 13.7014 325.556 -5.53219 2.04275 50.2992 0.39177 -13 4533 1 0 1
-48.0687 4.70648 325.556 -7.74361 1.38879 53.5405 2.30855 -13 4534 1 0 1
47.8966 44.0197 325.556 8.98328 8.49872 59.7217 2.36642 -13 4535 1 0 1
7.505 51.3699 325.556 1.54086 9.88895 62.4545 1.90219 -13 4536 1 0 1
-24.4816 -39.7446 325.556 -5.41044 -9.43826 68.1473 -0.0118412 -13 4537 1 0 1
-22.4462 -19.1303 325.556 -4.37034 -4.38802 62.7631 -0.23285 -13 4538 1 0 1
-24.3766 -11.5705 325.556 -5.24958 -2.40655 68.0677 1.54922 -13 4539 1 0 1
2.74492 -39.2981 325.556 0.12241 -9.294 72.6795 2.86957 -13 4540 1 0 1
-17.9372 64.8967 325.556 -4.47927 14.7568 72.37 0.690902 -13 4541 1 0 1
-29.2653 -26.9927 325.556 -6.0252 -6.09202 65.0302 -0.00278335 -13 4542 1 0 1
29.5293 -8.7758 325.556 5.93116 -2.00306 65.6007 1.90793 -13 4543 1 0 1
-3.33841 -13.1604 325.556 -1.28824 -2.88147 74.9518 1.28249 -13 4544 1 0 1
-29.5784 16.5297 325.556 -6.8807 3.33399 71.4082 2.59792 -13 4545 1 0 1
14.7783 33.1673 325.556 1.92843 3.70997 36.2514 3.71273 -13 4546 1 0 1
15.8891 5.12816 325.556 3.33967 0.855531 74.2781 1.64483 -13 4547 1 0 1
34.6063 -10.5856 325.556 7.29917 -2.08073 70.2737 3.89716 -13 4548 1 0 1
4.7742 18.7387 325.556 0.856135 4.32825 65.6097 0.723903 -13 4549 1 0 1
-25.4233 47.9189 325.556 -6.94512 12.091 77.4573 1.02647 -13 4550 1 0 1
33.4582 -87.4906 325.556 6.96515 -20.2754 70.2884 0.895414 -13 4551 1 0 1
12.0477 -25.8912 325.556 2.37077 -4.92882 65.9716 1.9988 -13 4552 1 0 1
-18.4557 79.3968 325.556 -3.78417 16.3673 63.7197 0.737853 -13 4553 1 0 1
33.2719 29.7086 325.556 5.83439 5.19035 54.0745 1.88426 -13 4554 1 0 1
-53.5845 83.254 325.556 -10.3196 16.7648 61.175 2.48048 -13 4555 1 0 1
-42.2303 15.6417 325.556 -9.58381 3.50515 70.8183 3.2492 -13 4556 1 0 1
-41.4432 4.77864 325.556 -8.06431 0.93307 62.864 0.287077 -13 4558 1 0 1
42.5637 121.429 325.556 8.06143 24.1505 61.3698 4.47823 -13 4559 1 0 1
-33.1829 -30.179 325.556 -7.06422 -6.66749 66.5469 2.11856 -13 4560 1 0 1
-38.583 62.9214 325.556 -6.62184 11.0929 56.0535 2.3657 -13 4561 1 0 1
77.5423 -76.0431 325.556 9.58831 -9.88693 39.1714 4.24688 -13 4562 1 0 1
-29.77 -116.382 325.556 -5.91469 -23.4135 62.6155 3.86633 -13 4563 1 0 1
40.2092 23.0517 325.556 8.21216 5.59205 65.9533 3.9169 -13 4565 1 0 1
47.8946 -9.10496 325.556 9.82189 -2.022 67.6464 2.1592 -13 4566 1 0 1
72.7289 49.8274 325.556 13.6333 9.87757 60.568 1.50536 -13 4567 1 0 1
-83.2788 -19.1543 325.556 -14.6155 -3.44114 56.9151 2.93307 -13 4568 1 0 1
-62.4247 60.3304 325.556 -11.7358 11.6336 60.6759 2.19301 -13 4570 1 0 1
-2.47881 33.2137 325.556 -0.494515 7.21963 63.8167 1.46107 -13 4571 1 0 1
-44.7607 -22.1894 325.556 -11.7662 -5.37742 78.3311 3.40797 -13 4572 1 0 1
104.147 -59.0939 325.556 14.5074 -8.66328 44.6574 -0.320177 -13 4573 1 0 1
-16.929 -22.9415 325.556 -3.45625 -4.70185 64.0504 2.38128 -13 4574 1 0 1
3.54647 -56.2408 325.556 0.623629 -11.3895 66.2652 2.08364 -13 4575 1 0 1
78.616 -60.3713 325.556 13.0829 -10.2476 53.414 2.5133 -13 4576 1 0 1
-16.2 -9.15152 325.556 -2.53366 -1.52353 54.4057 1.16942 -13 4578 1 0 1
-38.7501 -5.88016 325.556 -6.60732 -1.68212 56.124 0.969269 -13 4579 1 0 1
3.91868 -2.48891 325.556 0.288904 -1.25728 77.9493 1.54523 -13 4580 1 0 1
-59.0865 2.86638 325.556 -11.3073 0.513695 61.8861 4.27181 -13 4581 1 0 1
-16.8038 3.83362 325.556 -2.76089 0.895757 56.6051 1.12363 -13 4582 1 0 1
-19.111 43.6112 325.556 -2.1482 5.66604 39.6691 3.01471 -13 4583 1 0 1
2.98593 44.6216 325.556 0.740769 8.71278 58.1159 1.07807 -13 4585 1 0 1
24.996 16.7896 325.556 4.9181 3.52664 62.3578 2.01625 -13 4586 1 0 1
3.35184 -92.2895 325.556 0.643781 -17.2728 57.3074 3.32016 -13 4587 1 0 1
-116.946 -69.5595 325.556 -13.56 -8.95655 38.1459 3.31775 -13 4588 1 0 1
44.3317 59.9697 325.556 2.98834 4.31103 21.2267 4.52203 -13 4589 1 0 1
41.5718 23.6182 325.556 7.72813 4.65956 59.0219 1.85182 -13 4590 1 0 1
16.3827 55.0409 325.556 2.86885 9.69209 54.1462 0.819988 -13 4591 1 0 1
-15.501 25.4192 325.556 -2.92806 5.33647 62.0732 2.05624 -13 4592 1 0 1
-9.53667 64.7742 325.556 -1.3237 10.6943 51.3561 3.02891 -13 4593 1 0 1
-19.4457 -5.98953 325.556 -3.89413 -0.953947 64.3936 1.21252 -13 4594 1 0 1
-3.72827 -7.49355 325.556 -0.887845 -1.71465 66.035 1.51757 -13 4595 1 0 1
97.8345 -49.9875 325.556 15.0876 -8.05085 49.3092 3.90581 -13 4596 1 0 1
-6.2897 4.1371 325.556 -0.743909 0.691263 47.6746 2.99255 -13 4597 1 0 1
54.6686 32.3624 325.556 9.48691 5.82363 54.8758 2.57819 -13 4598 1 0 1
-11.4413 39.139 325.556 -3.34323 10.085 76.0077 2.24131 -13 4599 1 0 1
-71.4399 14.78 325.556 -14.623 3.11973 65.3549 1.55307 -13 4600 1 0 1
-12.282 43.715 325.556 -2.45644 9.44109 65.3683 3.62605 -13 4601 1 0 1
-18.684 -24.3106 325.556 -4.78627 -5.8695 74.8368 2.56554 -13 4602 1 0 1
25.642 -61.269 325.556 5.08439 -12.9614 63.803 1.56251 -13 4603 1 0 1
-54.3175 -26.2122 325.556 -8.3369 -4.2231 50.8914 2.66763 -13 4604 1 0 1
-45.3102 -13.9725 325.556 -8.37798 -2.79015 59.776 3.94965 -13 4605 1 0 1
24.284 29.4445 325.556 4.29727 5.80102 54.8934 2.17732 -13 4606 1 0 1
-16.0587 -14.7643 325.556 -4.05218 -4.05086 73.2401 1.6176 -13 4607 1 0 1
-51.3643 9.39602 325.556 -10.6686 2.58051 65.7426 3.19773 -13 4608 1 0 1
-1.29152 -20.4019 325.556 0.106632 -3.42544 53.918 2.71534 -13 4609 1 0 1
55.325 30.245 325.556 11.9149 7.0505 71.2132 1.98174 -13 4610 1 0 1
33.1962 -10.5542 325.556 6.38615 -2.22833 61.8598 3.86101 -13 4611 1 0 1
-15.031 -32.6566 325.556 -2.89325 -6.29736 62.15 0.591304 -13 4612 1 0 1
-23.797 -4.72886 325.556 -5.98503 -1.83198 74.4993 2.0084 -13 4613 1 0 1
8.2952 15.7782 325.556 1.45482 2.34095 45.6414 2.5579 -13 4614 1 0 1
-10.8905 47.8966 325.556 -2.68028 11.1214 70.2498 -0.0419003 -13 4615 1 0 1
-32.5747 4.64649 325.556 -7.74624 0.672382 72.2222 0.834861 -13 4616 1 0 1
-20 49.0036 325.556 -2.8955 8.42852 51.6387 4.19824 -13 4617 1 0 1
-20.2573 -56.2745 325.556 -3.69408 -11.0805 59.648 1.1373 -13 4618 1 0 1
20.9488 -53.9353 325.556 4.08183 -10.9777 62.6578 2.98616 -13 4619 1 0 1
18.8025 -54.9818 325.556 3.30403 -9.98433 53.9535 0.0352918 -13 4620 1 0 1
-8.47987 27.6735 325.556 -1.20323 4.66207 52.5157 2.59648 -13 4621 1 0 1
-27.6465 -58.7571 325.556 -6.23684 -13.1426 69.3393 2.46444 -13 4622 1 0 1
-67.4626 16.7401 325.556 -15.3718 3.74144 71.6084 2.09845 -13 4623 1 0 1
-50.3919 57.8263 325.556 -9.55787 11.0661 61.2393 2.63633 -13 4624 1 0 1
-6.36656 3.59802 325.556 -1.21579 0.648522 62.8717 2.6429 -13 4625 1 0 1
3.71779 -46.1095 325.556 0.679556 -9.83192 65.0679 3.40878 -13 4626 1 0 1
62.4371 -36.7551 325.556 12.1365 -6.92991 62.1994 2.97304 -13 4627 1 0 1
32.8876 3.9734 325.556 5.62668 0.780255 53.1736 1.47551 -13 4628 1 0 1
7.16167 -34.9919 325.556 1.37697 -6.77891 59.659 2.88853 -13 4629 1 0 1
50.696 -8.81744 325.556 10.962 -2.17736 72.2052 2.31846 -13 4630 1 0 1
-1.76453 30.7219 325.556 -0.753228 6.76436 69.3201 1.71295 -13 4631 1 0 1
-23.6492 -18.5956 325.556 -4.75944 -4.03371 63.0631 2.14368 -13 4632 1 0 1
90.0974 46.5871 325.556 17.6254 9.52203 63.526 3.50125 -13 4633 1 0 1
-32.3472 20.8731 325.556 -8.15069 5.52568 75.5207 0.265908 -13 4634 1 0 1
70.4146 -65.4836 325.556 12.1113 -11.5126 54.3113 4.9085 -13 4635 1 0 1
-13.2918 74.022 325.556 -2.01962 12.9279 52.9477 3.91117 -13 4636 1 0 1
11.7158 11.507 325.556 2.30213 2.37695 63.5716 3.22011 -13 4637 1 0 1
25.1564 28.7227 325.556 5.08081 6.66461 65.3714 1.38511 -13 4638 1 0 1
40.1317 7.56206 325.556 7.73954 1.6227 62.2302 3.64055 -13 4639 1 0 1
-16.8444 26.2115 325.556 -3.34017 5.33253 64.7747 2.41064 -13 4640 1 0 1
-56.7247 -13.0334 325.556 -7.84741 -1.92218 46.1076 1.26017 -13 4641 1 0 1
-48.6216 -9.58256 325.556 -5.44504 -1.03109 37.8635 2.95728 -13 4642 1 0 1
-24.7707 -44.5506 325.556 -4.10621 -7.89476 56.3346 2.89921 -13 4643 1 0 1
54.1355 20.8574 325.556 10.6552 4.49408 63.5759 3.41984 -13 4644 1 0 1
-17.5871 -2.89482 325.556 -4.91142 -0.635617 77.7618 2.60678 -13 4645 1 0 1
21.6923 -30.2285 325.556 4.55577 -7.12115 70.5888 -0.578169 -13 4646 1 0 1
-33.0454 27.4762 325.556 -7.57587 6.30425 70.8913 0.930454 -13 4647 1 0 1
73.3334 -59.5906 325.556 13.7582 -11.0585 60.5617 2.82928 -13 4648 1 0 1
-26.3608 14.9873 325.556 -6.44437 4.12981 73.8651 1.56229 -13 4649 1 0 1
-30.8834 86.4269 325.556 -5.13881 15.3519 55.4688 1.81024 -13 4650 1 0 1
-12.5404 -48.1396 325.556 -2.43842 -9.85686 62.3384 -0.34472 -13 4651 1 0 1
25.2317 43.179 325.556 5.29285 9.77002 69.7062 1.21011 -13 4652 1 0 1
21.5395 109.353 325.556 2.24808 11.4049 30.6091 4.26928 -13 4653 1 0 1
92.8126 22.5387 325.556 13.7321 2.88762 47.625 1.82377 -13 4654 1 0 1
-22.7251 -15.5056 325.556 -4.32872 -3.47965 61.5064 0.422947 -13 4655 1 0 1
32.2229 4.73065 325.556 6.29552 0.781194 63.0981 1.84544 -13 4656 1 0 1
46.3538 53.6145 325.556 7.23719 8.6545 49.5348 4.50433 -13 4658 1 0 1
50.8428 -13.1194 325.556 9.95818 -2.8616 62.5441 3.36762 -13 4659 1 0 1
23.213 -5.11919 325.556 3.64838 -0.870407 48.7284 2.59181 -13 4660 1 0 1
13.58 21.7179 325.556 2.72384 3.93649 62.2738 1.88028 -13 4661 1 0 1
-60.458 -75.0683 325.556 -14.5028 -18.1602 73.9675 0.440998 -13 4662 1 0 1
19.3963 12.1386 325.556 4.02243 2.76003 75.7432 2.13049 -13 4663 1 0 1
9.76847 -25.9506 325.556 1.88633 -6.40197 75.926 1.3199 -13 4664 1 0 1
87.1557 -124.558 325.556 6.93062 -10.5628 25.4122 5.39357 -13 4665 1 0 1
3.53493 -32.8306 325.556 0.731881 -4.77579 44.707 1.55673 -13 4666 1 0 1
1.32012 -29.1771 325.556 0.394126 -3.63407 38.124 3.56009 -13 4667 1 0 1
-124.724 27.7093 325.556 -26.836 5.95667 68.313 2.52883 -13 4668 1 0 1
81.4717 64.2124 325.556 12.794 10.3083 50.5395 1.83479 -13 4670 1 0 1
5.31576 5.40518 325.556 1.15788 0.890658 55.8751 3.16602 -13 4671 1 0 1
-43.3012 -15.2274 325.556 -8.02457 -2.77327 60.3665 2.0867 -13 4672 1 0 1
-52.9503 20.0717 325.556 -10.1177 4.76442 62.1937 1.38709 -13 4673 1 0 1
-61.2672 -36.9661 325.556 -14.7924 -9.44808 74.6153 1.51109 -13 4674 1 0 1
1.98557 -58.3078 325.556 0.54218 -9.24295 46.6194 4.38457 -13 4675 1 0 1
-34.8412 -3.454 325.556 -6.03927 -0.57632 57.1137 3.04538 -13 4676 1 0 1
30.1541 68.958 325.556 5.64686 13.1394 58.753 2.04804 -13 4677 1 0 1
-13.4652 2.36299 325.556 -3.1927 0.680435 71.0973 3.98178 -13 4678 1 0 1
48.32 -13.7255 325.556 9.20658 -2.88299 61.2556 0.0746194 -13 4679 1 0 1
-15.535 6.25719 325.556 -4.07493 1.35 74.952 1.87643 -13 4680 1 0 1
40.0942 -5.11475 325.556 8.52036 -1.29134 70.5386 2.94251 -13 4681 1 0 1
18.1704 -29.1133 325.556 3.73079 -7.40116 72.3943 2.37137 -13 4682 1 0 1
37.1249 -5.23373 325.556 7.69932 -1.80941 68.2067 0.604439 -13 4683 1 0 1
92.3581 -21.0872 325.556 14.4546 -4.10347 50.1458 4.98272 -13 4684 1 0 1
-0.0448466 -34.479 325.556 -0.0737646 -7.41581 66.453 -0.126013 -13 4685 1 0 1
-13.2589 28.7004 325.556 -2.75409 5.83041 65.2476 2.48548 -13 4686 1 0 1
-69.7743 -4.08515 325.556 -11.3402 -1.21427 53.3827 1.62101 -13 4687 1 0 1
-4.03873 -48.2516 325.556 -0.776559 -9.62087 60.9604 3.55095 -13 4688 1 0 1
22.0653 -12.9904 325.556 3.93981 -2.72206 54.0584 0.213839 -13 4689 1 0 1
-23.0933 34.8769 325.556 -5.6749 8.3094 73.3949 1.73097 -13 4690 1 0 1
36.407 -3.19371 325.556 7.66945 -0.287667 69.5195 1.59061 -13 4691 1 0 1
-25.1957 5.08984 325.556 -2.27857 0.310344 32.3521 3.47711 -13 4692 1 0 1
-45.3311 33.3212 325.556 -8.3346 6.80414 59.7554 2.53618 -13 4693 1 0 1
-27.4812 18.337 325.556 -6.37067 4.21114 71.0052 3.97013 -13 4694 1 0 1
4.52304 17.716 325.556 0.462185 4.19935 77.0786 1.73804 -13 4695 1 0 1
3.80573 -40.6721 325.556 0.798891 -8.3289 59.8692 2.47507 -13 4696 1 0 1
51.6812 -8.58242 325.556 10.2389 -1.37547 64.0372 1.83048 -13 4697 1 0 1
37.9858 -10.5601 325.556 7.4932 -2.22864 63.4347 1.65848 -13 4698 1 0 1
-45.7184 -47.4801 325.556 -5.14535 -6.42035 38.516 4.55704 -13 4699 1 0 1
5.96521 -52.7067 325.556 1.14674 -8.8761 50.0847 3.90115 -13 4700 1 0 1
23.233 17.9522 325.556 4.74927 4.25361 67.5952 0.109765 -13 4701 1 0 1
-41.2659 -100.163 325.556 -8.27558 -20.3363 63.6818 2.25141 -13 4702 1 0 1
-4.50246 -7.95658 325.556 -1.04522 -1.52991 67.0896 1.76208 -13 4703 1 0 1
48.3472 13.2451 325.556 8.67194 2.68566 57.055 2.47936 -13 4704 1 0 1
-49.737 -88.1399 325.556 -8.93593 -16.3686 57.9725 2.14035 -13 4705 1 0 1
63.4781 -40.8877 325.556 12.2331 -8.46109 61.9787 -0.0439246 -13 4706 1 0 1
34.5804 -0.162132 325.556 7.06158 0.390611 66.4505 1.87444 -13 4707 1 0 1
-5.7882 24.9176 325.556 -0.949444 5.01264 58.7299 2.26478 -13 4708 1 0 1
-41.742 -24.5391 325.556 -8.97836 -5.43316 67.7161 3.26466 -13 4709 1 0 1
-31.6299 -27.5328 325.556 -7.3636 -7.6085 71.7886 1.6981 -13 4710 1 0 1
75.7762 -9.35177 325.556 11.3812 -1.53034 47.1554 2.79268 -13 4711 1 0 1
29.8574 -45.5385 325.556 4.99464 -7.76078 51.0192 1.25677 -13 4712 1 0 1
-41.1107 -26.9428 325.556 -7.25379 -5.14936 57.7106 2.32956 -13 4713 1 0 1
-8.92484 65.9649 325.556 -1.8886 14.154 65.2184 3.62693 -13 4714 1 0 1
82.0535 -95.2396 325.556 12.8618 -15.4409 50.0112 6.26993 -13 4715 1 0 1
-54.8626 19.8065 325.556 -10.2768 4.18427 60.5484 2.17552 -13 4716 1 0 1
-42.6236 -33.264 325.556 -10.069 -8.10483 72.8402 1.68364 -13 4717 1 0 1
-73.9114 -1.1648 325.556 -8.1051 -0.14365 36.4468 2.66093 -13 4718 1 0 1
9.85251 -26.5837 325.556 1.92618 -5.49724 66.6336 3.55261 -13 4719 1 0 1
6.04624 8.82783 325.556 1.212 1.65445 55.1872 1.57184 -13 4720 1 0 1
76.9778 16.7832 325.556 10.1173 2.29699 41.2448 2.91021 -13 4721 1 0 1
54.6506 30.362 325.556 11.2833 6.54421 67.7897 0.659497 -13 4722 1 0 1
-39.188 -7.93126 325.556 -10.1712 -2.01808 77.4793 -0.70314 -13 4723 1 0 1
-37.7978 -22.5135 325.556 -8.65618 -5.0039 71.1403 2.93551 -13 4724 1 0 1
-28.4786 30.7202 325.556 -7.71066 7.89862 78.8619 1.82621 -13 4725 1 0 1
-26.0266 34.9701 325.556 -6.35305 8.77172 73.3976 1.70456 -13 4726 1 0 1
2.72265 3.1671 325.556 0.557668 0.42024 63.0175 3.32879 -13 4727 1 0 1
41.1684 2.57675 325.556 4.75207 0.0765503 35.4944 1.56243 -13 4728 1 0 1
-20.2618 -30.7126 325.556 -2.64908 -4.86409 47.3223 0.873344 -13 4729 1 0 1
46.1011 -43.0462 325.556 9.81218 -9.70107 69.3669 1.41557 -13 4730 1 0 1
26.5554 -2.42521 325.556 4.43602 -0.300661 51.3023 0.451203 -13 4731 1 0 1
12.8104 0.706979 325.556 2.55953 -0.111967 72.9428 2.43637 -13 4732 1 0 1
10.3501 44.8608 325.556 1.84569 10.9425 74.844 1.09956 -13 4733 1 0 1
-12.1196 -90.0671 325.556 -1.76264 -16.0579 53.1667 3.5928 -13 4734 1 0 1
-3.24889 2.86804 325.556 -0.936742 0.491293 71.3694 1.16727 -13 4735 1 0 1
-7.23419 49.6663 325.556 -1.58689 10.4207 67.1728 2.86181 -13 4736 1 0 1
8.5312 12.4947 325.556 1.58334 2.01317 71.9202 1.49633 -13 4737 1 0 1
-21.4158 -94.3449 325.556 -3.84306 -17.7937 58.288 0.989056 -13 4738 1 0 1
-41.5799 37.9673 325.556 -9.4997 9.10981 70.5403 2.01283 -13 4739 1 0 1
83.0521 17.3052 325.556 16.0878 3.37126 61.5528 4.06811 -13 4740 1 0 1
77.3907 12.513 325.556 13.7112 2.57451 57.181 1.70354 -13 4741 1 0 1
-25.1923 -3.28343 325.556 -5.99462 -0.499703 72.3952 0.710975 -13 4742 1 0 1
86.0305 17.3185 325.556 14.6794 3.09622 54.6847 1.78118 -13 4743 1 0 1
-43.0833 -18.9907 325.556 -9.33433 -3.68743 67.5818 2.58447 -13 4744 1 0 1
8.33135 -46.9138 325.556 1.57394 -8.79999 61.3134 3.141 -13 4745 1 0 1
-37.0573 -16.3255 325.556 -6.22858 -2.70974 55.4536 2.63911 -13 4746 1 0 1
-11.1421 -13.2636 325.556 -3.2411 -3.97806 76.3063 0.690354 -13 4748 1 0 1
0.542858 -72.3057 325.556 0.0983404 -15.8543 65.7577 3.98449 -13 4749 1 0 1
-21.1863 3.08733 325.556 -3.76972 0.810571 59.1491 1.62807 -13 4750 1 0 1
-7.31919 -20.0475 325.556 -1.19345 -4.20228 59.094 1.93498 -13 4751 1 0 1
0.353412 -15.6698 325.556 -0.253458 -2.96702 68.9371 2.78113 -13 4752 1 0 1
23.9414 -20.0194 325.556 5.09972 -5.2447 72.8899 3.50782 -13 4753 1 0 1
23.6575 35.8031 325.556 4.51628 7.88528 63.7518 2.06971 -13 4754 1 0 1
24.4469 25.4401 325.556 5.20951 6.1024 74.4152 2.34327 -13 4755 1 0 1
35.166 -30.6058 325.556 6.18024 -5.76821 56.6364 2.20717 -13 4756 1 0 1
27.8491 -32.0632 325.556 5.4411 -6.22287 61.997 3.22536 -13 4757 1 0 1
56.8206 73.6829 325.556 11.3207 15.2 64.7021 3.3221 -13 4758 1 0 1
2.37426 20.7043 325.556 0.390407 4.9092 68.1542 0.955747 -13 4760 1 0 1
12.5646 24.0207 325.556 2.36217 4.30761 56.7814 0.339636 -13 4761 1 0 1
-53.5946 -107.262 325.556 -8.78881 -18.3125 53.5766 2.76465 -13 4762 1 0 1
-77.2557 -40.1865 325.556 -17.1752 -8.77421 69.972 1.87759 -13 4763 1 0 1
6.09127 25.6958 325.556 0.945431 5.82576 76.0589 2.73817 -13 4764 1 0 1
7.50347 7.08465 325.556 1.43288 1.88387 64.8394 1.656 -13 4765 1 0 1
55.9662 28.3733 325.556 10.9508 5.94327 63.1085 2.44871 -13 4766 1 0 1
11.0651 20.9965 325.556 2.21532 4.32885 66.5529 1.72447 -13 4767 1 0 1
16.1325 -23.9682 325.556 3.03683 -5.01174 59.5871 2.21934 -13 4768 1 0 1
8.4998 17.5766 325.556 1.63041 3.35233 69.4421 0.749724 -13 4769 1 0 1
-41.9939 5.60289 325.556 -6.71553 1.07864 53.2794 2.8122 -13 4770 1 0 1
-46.0946 39.8226 325.556 -7.10262 6.73732 50.561 2.36761 -13 4771 1 0 1
-34.7939 7.89116 325.556 -7.72184 2.40324 69.5532 2.04159 -13 4772 1 0 1
19.7789 -5.50939 325.556 3.92961 -1.2863 67.2133 3.46805 -13 4773 1 0 1
67.847 -67.1955 325.556 11.9736 -12.3415 56.4543 3.40422 -13 4774 1 0 1
52.3439 18.2735 325.556 8.82771 2.93892 53.1355 1.20982 -13 4775 1 0 1
60.841 -68.0827 325.556 11.9255 -14.0333 63.2222 1.30965 -13 4776 1 0 1
-23.7367 1.40553 325.556 -4.28368 0.20724 59.9431 3.48692 -13 4777 1 0 1
-45.2692 68.4832 325.556 -5.87283 10.1353 44.1195 1.46192 -13 4778 1 0 1
56.9251 -10.7738 325.556 8.823 -2.28158 48.1549 1.75578 -13 4779 1 0 1
-25.4154 -13.2995 325.556 -5.2131 -2.87861 65.3114 2.98563 -13 4780 1 0 1
7.0608 0.932209 325.556 1.47204 0.259371 59.1322 -0.406064 -13 4781 1 0 1
-65.0447 -12.5226 325.556 -16.7111 -3.0457 78.4605 1.93197 -13 4782 1 0 1
-23.9885 10.6499 325.556 -4.68612 1.93712 62.1082 2.85286 -13 4783 1 0 1
40.8137 8.20257 325.556 6.96615 1.38268 53.3545 6.24294 -13 4784 1 0 1
-26.9544 -69.1787 325.556 -4.67676 -13.0002 57.3907 2.49104 -13 4785 1 0 1
-28.616 -23.5732 325.556 -7.46636 -5.56506 76.7687 2.50103 -13 4786 1 0 1
-33.3937 20.071 325.556 -9.3898 5.72121 79.1078 1.01518 -13 4787 1 0 1
1.69843 -70.9965 325.556 0.440097 -12.3533 51.949 1.7286 -13 4788 1 0 1
52.9041 -35.2388 325.556 9.12517 -5.92426 54.8062 2.53163 -13 4789 1 0 1
42.5327 61.7879 325.556 8.6479 13.6849 67.5679 3.80152 -13 4790 1 0 1
-41.2269 -11.2712 325.556 -7.86829 -1.89847 61.293 2.27137 -13 4791 1 0 1
9.87501 43.3142 325.556 1.76449 10.4562 76.1048 1.9425 -13 4792 1 0 1
24.7499 23.5308 325.556 4.96929 5.16777 65.4034 2.12354 -13 4793 1 0 1
35.7942 2.25356 325.556 7.62837 -0.0503604 71.2486 3.44063 -13 4794 1 0 1
-93.0212 -66.1075 325.556 -17.735 -13.3086 61.1034 2.79932 -13 4795 1 0 1
-13.9114 4.71311 325.556 -2.86765 0.615949 65.3011 2.55083 -13 4796 1 0 1
-67.8256 -14.168 325.556 -8.99248 -2.13615 44.0236 2.46598 -13 4797 1 0 1
-3.89671 -8.40205 325.556 -0.842626 -2.61821 66.8568 2.25639 -13 4798 1 0 1
15.5107 30.2401 325.556 3.04512 6.62395 63.8352 1.35457 -13 4799 1 0 1
7.11874 -14.9429 325.556 1.25964 -3.36889 72.1881 2.3989 -13 4800 1 0 1
-13.0356 -20.2558 325.556 -2.76296 -3.95075 65.1961 3.77838 -13 4801 1 0 1
-12.0959 -9.96973 325.556 -3.5383 -2.05754 76.8239 1.93141 -13 4802 1 0 1
46.2269 20.637 325.556 8.74067 3.87917 61.1694 1.0707 -13 4803 1 0 1
-56.1153 -4.42257 325.556 -10.4304 -0.850335 59.8711 3.12536 -13 4804 1 0 1
-21.2554 -12.1158 325.556 -5.91138 -3.21731 78.4609 1.99434 -13 4805 1 0 1
-66.1761 52.1901 325.556 -12.7079 10.7275 61.8219 3.60674 -13 4806 1 0 1
14.7438 -4.16353 325.556 2.89945 -0.717263 67.0944 1.63289 -13 4807 1 0 1
12.3165 -4.18506 325.556 0.746144 -0.34119 15.3811 6.22158 -13 4808 1 0 1
83.5738 -24.867 325.556 17.0223 -5.74186 66.4227 2.59935 -13 4809 1 0 1
33.9766 -16.1554 325.556 6.12046 -3.2575 57.2426 2.17573 -13 4810 1 0 1
-33.8219 46.2929 325.556 -7.38941 10.3895 67.7066 2.2366 -13 4811 1 0 1
-66.873 31.3538 325.556 -12.2278 5.74995 59.0764 1.06259 -13 4812 1 0 1
11.4506 56.8189 325.556 2.0261 9.24521 49.361 1.18233 -13 4813 1 0 1
29.9914 91.067 325.556 5.2815 17.164 56.6679 3.20284 -13 4814 1 0 1
40.8936 -28.1046 325.556 8.68813 -6.84254 70.2463 2.22777 -13 4815 1 0 1
-13.8465 -18.5725 325.556 -3.28179 -4.59987 69.2343 2.73478 -13 4816 1 0 1
31.5844 -20.3667 325.556 6.82195 -4.41696 73.3574 2.93018 -13 4817 1 0 1
31.6401 12.1019 325.556 5.3684 2.19308 51.0286 1.92351 -13 4818 1 0 1
17.5959 -59.5193 325.556 2.77518 -8.45843 44.2488 1.80754 -13 4819 1 0 1
47.2009 -3.74536 325.556 10.1165 -0.448158 71.28 2.32465 -13 4820 1 0 1
-53.6633 -26.4038 325.556 -6.75507 -4.01609 42.6118 4.53201 -13 4821 1 0 1
-49.5807 15.0404 325.556 -9.54563 2.79474 62.009 -0.133257 -13 4822 1 0 1
-1.12389 -6.99637 325.556 -0.454236 -1.37412 70.6943 1.72069 -13 4823 1 0 1
84.4086 -135.524 325.556 11.0207 -18.4372 41.5024 1.64909 -13 4824 1 0 1
-19.7131 -35.4791 325.556 -3.29255 -6.65873 56.3787 4.39479 -13 4826 1 0 1
8.98198 -10.6162 325.556 1.2626 -2.85001 79.5711 3.09289 -13 4827 1 0 1
-48.0863 -36.5303 325.556 -11.8026 -9.13403 74.9445 2.82972 -13 4828 1 0 1
17.7564 -62.6355 325.556 3.52247 -13.3649 67.0834 2.27334 -13 4829 1 0 1
-32.3788 -57.6839 325.556 -6.11653 -11.8621 61.3913 3.36595 -13 4830 1 0 1
6.18016 15.3878 325.556 1.24357 3.24861 61.7028 2.11981 -13 4831 1 0 1
-5.51089 9.54148 325.556 -0.868451 1.85171 58.3811 2.48787 -13 4833 1 0 1
-1.59735 -16.029 325.556 -0.189009 -3.20829 58.8 1.41387 -13 4834 1 0 1
35.9763 24.0782 325.556 7.20435 4.87873 64.752 4.70452 -13 4835 1 0 1
-2.25817 -37.9191 325.556 -0.964937 -8.81433 72.9264 2.92779 -13 4836 1 0 1
14.5091 -17.6134 325.556 2.81541 -3.45229 60.3832 0.649919 -13 4837 1 0 1
-68.4716 -83.0615 325.556 -11.0572 -13.9949 53.0207 1.32897 -13 4838 1 0 1
34.0633 29.4156 325.556 7.53902 7.45455 77.5768 2.72881 -13 4839 1 0 1
-5.10757 -56.0125 325.556 -0.837494 -10.7369 58.3838 2.53163 -13 4840 1 0 1
-1.11395 -104.481 325.556 -0.452348 -22.7048 66.6352 1.78897 -13 4841 1 0 1
5.94898 -13.63 325.556 1.10684 -3.02435 67.3064 2.77426 -13 4842 1 0 1
-26.2454 96.0903 325.556 -5.6984 21.0862 66.6185 3.3482 -13 4843 1 0 1
-0.848746 62.2 325.556 -0.429406 13.7565 67.6227 1.57148 -13 4844 1 0 1
-109.683 -41.8306 325.556 -23.5277 -9.36185 67.9887 1.97547 -13 4845 1 0 1
58.3983 110.068 325.556 7.9594 15.4904 42.2063 2.395 -13 4846 1 0 1
-25.1534 -3.74228 325.556 -6.33108 -0.654612 74.7166 1.20874 -13 4847 1 0 1
-60.5172 40.594 325.556 -13.624 8.48085 70.7791 1.60249 -13 4848 1 0 1
27.8327 6.31313 325.556 4.27677 1.15313 45.0092 2.71044 -13 4849 1 0 1
7.52154 -2.67776 325.556 1.48841 -0.721267 53.9732 3.58985 -13 4850 1 0 1
-5.93233 7.86167 325.556 -0.612051 1.64578 47.0517 2.49881 -13 4851 1 0 1
30.4697 6.78468 325.556 6.31621 1.62403 68.0129 2.55299 -13 4852 1 0 1
-1.36234 20.9135 325.556 -0.950702 5.02682 77.2296 2.47377 -13 4853 1 0 1
-2.63586 25.6569 325.556 -1.22408 6.54838 76.0058 3.46219 -13 4856 1 0 1
63.7531 32.3726 325.556 11.0091 5.79896 54.969 2.91522 -13 4857 1 0 1
18.4787 16.5938 325.556 3.42972 3.42728 58.1413 2.52447 -13 4858 1 0 1
85.6602 19.4708 325.556 15.8265 3.79633 59.5395 2.50069 -13 4859 1 0 1
79.8319 -42.3073 325.556 13.1871 -7.23919 53.04 2.28041 -13 4860 1 0 1
69.5308 -0.22997 325.556 13.4218 0.00482541 62.3106 2.11855 -13 4862 1 0 1
-13.6002 1.90694 325.556 -3.0852 0.592446 69.7363 2.50522 -13 4863 1 0 1
53.2126 82.7718 325.556 9.50278 15.1694 57.1606 1.39442 -13 4864 1 0 1
-58.543 -45.9376 325.556 -14.3251 -11.5496 75.5305 2.86618 -13 4866 1 0 1
15.2155 20.5975 325.556 2.81906 4.27314 54.6319 1.67603 -13 4867 1 0 1
-45.7409 72.0712 325.556 -9.18498 15.0755 64.2999 -0.297083 -13 4868 1 0 1
-15.3601 0.425652 325.556 -2.40536 0.12206 54.0438 2.56944 -13 4869 1 0 1
-33.8354 -52.5949 325.556 -7.20296 -11.5029 67.3966 2.36778 -13 4870 1 0 1
-71.8904 -3.52803 325.556 -17.8385 -0.801551 76.8844 0.805817 -13 4871 1 0 1
-10.3874 7.47262 325.556 -2.95527 1.51644 75.283 1.36514 -13 4872 1 0 1
-18.5968 20.3093 325.556 -4.6288 4.64692 72.812 2.55305 -13 4873 1 0 1
-46.7037 -12.7565 325.556 -8.57209 -2.54184 60.1453 0.901001 -13 4874 1 0 1
-37.634 -0.496501 325.556 -8.00377 0.00264955 67.5417 1.3803 -13 4875 1 0 1
15.0767 12.8897 325.556 2.88544 2.75888 67.426 2.40172 -13 4877 1 0 1
-29.876 41.3152 325.556 -7.91478 9.55141 77.4529 -0.641255 -13 4878 1 0 1
40.4828 -20.7509 325.556 6.89829 -3.66091 53.2311 3.6686 -13 4879 1 0 1
-17.6966 -76.7935 325.556 -2.82495 -13.3644 54.2477 1.4516 -13 4880 1 0 1
-1.58173 3.13443 325.556 -0.337187 0.107384 64.6054 1.68376 -13 4881 1 0 1
37.1638 -40.7268 325.556 7.10606 -8.25187 62.3545 1.57796 -13 4882 1 0 1
9.46102 29.6887 325.556 1.85421 6.48028 66.3594 2.32172 -13 4883 1 0 1
-6.17222 -22.7869 325.556 -1.18002 -4.71179 60.3512 2.32913 -13 4884 1 0 1
-12.0102 -17.1901 325.556 -2.16653 -2.99511 60.9059 1.19556 -13 4886 1 0 1
-4.31283 -5.68258 325.556 -1.92589 -1.37537 79.3542 0.465703 -13 4887 1 0 1
-10.506 -57.0688 325.556 -3.10905 -14.0725 76.4691 3.78313 -13 4888 1 0 1
27.3507 15.2457 325.556 4.73449 2.5334 52.434 1.35602 -13 4889 1 0 1
-11.5798 0.31256 325.556 -1.61513 0.288259 51.9585 1.84292 -13 4890 1 0 1
42.0974 -4.11964 325.556 9.12795 -0.430801 73.3246 2.36839 -13 4891 1 0 1
37.0432 79.5329 325.556 6.73545 14.8661 57.5829 2.55733 -13 4892 1 0 1
-11.8312 48.3169 325.556 -2.5961 9.85007 67.234 2.47213 -13 4893 1 0 1
-26.5247 -19.8376 325.556 -5.36693 -4.10199 64.9859 2.60774 -13 4894 1 0 1
22.5708 -15.2787 325.556 4.56567 -3.21184 66.0791 2.30696 -13 4895 1 0 1
-22.3951 -51.1632 325.556 -4.8751 -10.9769 67.2927 2.6339 -13 4896 1 0 1
33.768 -25.3259 325.556 7.40386 -6.64387 77.6929 1.3665 -13 4897 1 0 1
-59.3059 21.3656 325.556 -11.3698 4.0561 61.7289 0.174977 -13 4898 1 0 1
71.4482 -19.5485 325.556 12.3344 -3.3775 54.8201 1.58993 -13 4899 1 0 1
-72.3401 -5.74792 325.556 -14.7876 -0.91526 65.1236 1.36558 -13 4900 1 0 1
16.668 14.7433 325.556 1.95921 1.52672 33.1814 3.90504 -13 4901 1 0 1
44.0544 5.71382 325.556 9.96695 1.09413 78.2366 -1.14637 -13 4902 1 0 1
53.4983 31.6103 325.556 8.52787 5.28872 50.3162 2.26307 -13 4903 1 0 1
-34.1114 38.8131 325.556 -5.88183 7.1886 57.4138 3.63523 -13 4904 1 0 1
28.7791 66.5407 325.556 5.75345 13.4124 64.8435 2.92624 -13 4905 1 0 1
-18.7407 -69.2105 325.556 -2.50852 -10.6544 45.6636 4.54669 -13 4906 1 0 1
69.536 62.2167 325.556 10.6938 10.0677 48.6393 2.8657 -13 4907 1 0 1
-35.5416 9.44151 325.556 -8.10612 2.13571 71.4164 3.37171 -13 4908 1 0 1
-6.21604 21.993 325.556 -1.63377 5.468 70.5167 1.71125 -13 4909 1 0 1
-18.6729 27.0194 325.556 -2.70525 4.76805 50.7173 2.73124 -13 4910 1 0 1
9.62121 23.876 325.556 1.73645 4.31481 53.5031 3.48523 -13 4911 1 0 1
8.4921 -25.7564 325.556 1.44108 -6.02171 75.9757 1.37431 -13 4912 1 0 1
20.1831 43.3364 325.556 4.1836 9.24028 67.8854 1.15156 -13 4913 1 0 1
-35.186 -39.757 325.556 -7.48627 -8.79817 67.8362 3.88469 -13 4914 1 0 1
96.2637 61.1009 325.556 13.4298 8.79216 44.4594 3.02981 -13 4915 1 0 1
67.6846 19.2014 325.556 14.7947 4.3811 72.809 0.885892 -13 4916 1 0 1
11.4195 70.0466 325.556 2.06215 16.8058 75.5033 -0.157834 -13 4917 1 0 1
22.4569 -57.4174 325.556 4.53016 -11.72 67.6717 0.157626 -13 4918 1 0 1
-47.3883 -165.135 325.556 -3.59427 -14.5674 26.3898 1.03095 -13 4919 1 0 1
18.9098 9.48838 325.556 3.65305 2.05036 60.7276 2.95308 -13 4921 1 0 1
-9.46572 35.1574 325.556 -1.38247 6.67565 55.8654 2.73386 -13 4922 1 0 1
0.660239 -15.984 325.556 -0.523167 -3.45411 76.3719 3.01022 -13 4923 1 0 1
-35.254 -13.9143 325.556 -8.32451 -3.24511 72.4292 0.94698 -13 4924 1 0 1
12.2494 1.80702 325.556 2.54419 0.50133 66.982 1.33503 -13 4925 1 0 1
2.0772 42.0562 325.556 0.102441 9.84255 71.2303 2.21125 -13 4926 1 0 1
-27.0179 30.5815 325.556 -6.12625 6.4214 69.7386 2.69101 -13 4927 1 0 1
39.6355 94.5169 325.556 7.30604 18.3023 59.8235 3.12685 -13 4928 1 0 1
38.2258 -24.8236 325.556 8.59157 -6.55437 77.1819 1.39694 -13 4929 1 0 1
10.359 8.73747 325.556 1.97877 2.4641 64.783 2.19003 -13 4930 1 0 1
-76.5437 -19.4199 325.556 -14.8043 -3.61137 62.2613 1.32971 -13 4931 1 0 1
0.693964 -36.7156 325.556 0.0740792 -7.70668 66.222 3.65765 -13 4932 1 0 1
-59.6425 -3.89456 325.556 -13.2112 -0.953124 69.6387 2.08682 -13 4933 1 0 1
6.79165 25.212 325.556 1.2963 5.04182 67.5625 2.35925 -13 4934 1 0 1
128.06 45.7325 325.556 16.5175 6.03129 41.3271 3.28243 -13 4935 1 0 1
-61.0587 -2.2591 325.556 -13.9796 -0.440589 71.7759 0.382719 -13 4936 1 0 1
-17.4224 31.4626 325.556 -3.70809 7.28239 66.5991 2.04762 -13 4937 1 0 1
-19.3971 43.213 325.556 -3.11747 7.89182 54.8833 3.52882 -13 4938 1 0 1
-72.7903 5.82807 325.556 -13.8499 1.85982 61.3171 3.26616 -13 4939 1 0 1
16.1495 2.86863 325.556 3.20405 0.536693 63.0498 2.85479 -13 4940 1 0 1
61.075 4.69283 325.556 11.7074 0.804274 61.0888 1.19458 -13 4941 1 0 1
-18.8879 76.7735 325.556 -2.60976 11.989 48.8526 2.66337 -13 4942 1 0 1
-28.315 37.5755 325.556 -8.00602 9.95494 78.8741 1.56247 -13 4943 1 0 1
-15.0848 -1.40013 325.556 -3.60305 -0.389242 72.6527 3.28033 -13 4944 1 0 1
-22.661 -10.2292 325.556 -5.1861 -2.33481 69.8342 1.47029 -13 4945 1 0 1
-20.5467 -42.245 325.556 -3.64318 -8.0619 60.1091 2.35079 -13 4946 1 0 1
7.80118 -43.5084 325.556 1.37413 -9.38758 65.3393 2.39987 -13 4947 1 0 1
15.7513 -18.184 325.556 2.74065 -3.15498 50.7633 1.18245 -13 4948 1 0 1
-2.34022 32.7637 325.556 -0.680545 7.00986 69.2274 0.777215 -13 4949 1 0 1
-22.2129 54.3533 325.556 -6.45655 13.7942 78.1699 1.2512 -13 4950 1 0 1
49.4067 3.25359 325.556 7.35959 0.276584 46.4398 4.4115 -13 4951 1 0 1
-51.3075 -32.7448 325.556 -9.79571 -6.44687 60.6951 1.50047 -13 4953 1 0 1
71.9486 35.2356 325.556 9.78049 5.05438 43.0339 2.39473 -13 4954 1 0 1
8.80886 6.32623 325.556 1.83337 1.20334 58.1895 2.30023 -13 4955 1 0 1
-84.8349 19.5714 325.556 -16.7685 4.05336 63.2024 3.32207 -13 4956 1 0 1
87.3194 14.6948 325.556 18.2585 3.00368 68.4123 2.33434 -13 4957 1 0 1
-32.8229 -55.4548 325.556 -5.66095 -10.656 56.9381 0.487354 -13 4958 1 0 1
15.8921 40.5919 325.556 3.17565 9.30535 68.9139 2.55048 -13 4959 1 0 1
42.676 27.3657 325.556 8.78096 6.45336 67.4147 2.647 -13 4960 1 0 1
48.8464 -18.7488 325.556 10.0989 -4.46067 67.5187 3.29187 -13 4961 1 0 1
-30.742 19.9896 325.556 -6.83882 4.32462 69.119 1.98799 -13 4962 1 0 1
-18.1673 -23.1602 325.556 -4.60358 -5.58339 73.5271 1.17714 -13 4963 1 0 1
16.0749 9.98044 325.556 3.10621 2.40981 70.1188 2.00611 -13 4964 1 0 1
-1.92568 -30.6156 325.556 -0.905919 -7.43014 74.8948 1.48855 -13 4965 1 0 1
-6.51546 60.3211 325.556 -0.978927 12.1267 60.3194 3.12466 -13 4966 1 0 1
32.0752 8.22403 325.556 7.00492 2.28565 78.324 0.834632 -13 4967 1 0 1
-10.884 -28.4205 325.556 -1.83851 -5.51699 59.3513 2.51163 -13 4968 1 0 1
11.0152 -61.0139 325.556 1.97831 -15.7524 77.8571 1.80048 -13 4969 1 0 1
-43.4783 70.1163 325.556 -6.74479 11.4679 51.5748 2.81556 -13 4970 1 0 1
-5.0678 -3.57405 325.556 -1.96749 -0.656075 79.1224 4.25751 -13 4971 1 0 1
-18.2416 -37.7567 325.556 -4.23227 -9.55709 70.7824 3.42723 -13 4972 1 0 1
18.5475 32.089 325.556 3.69861 6.52148 65.556 -0.2563 -13 4973 1 0 1
-0.181297 -44.9757 325.556 -0.453918 -10.951 74.4185 2.88058 -13 4974 1 0 1
-18.0408 -32.9831 325.556 -4.80502 -8.00602 75.9571 0.923683 -13 4975 1 0 1
11.7907 60.5936 325.556 2.13242 14.3378 74.4116 2.92153 -13 4976 1 0 1
23.132 62.15 325.556 4.70799 12.2422 63.4378 2.47606 -13 4977 1 0 1
-13.349 -72.9121 325.556 -2.40868 -14.6016 60.2196 3.24186 -13 4978 1 0 1
-15.377 61.177 325.556 -2.35583 10.3588 53.591 2.20109 -13 4979 1 0 1
49.9032 -2.74816 325.556 10.3438 -0.820845 67.6474 3.04337 -13 4980 1 0 1
-71.9081 7.74946 325.556 -15.8939 2.57003 69.6984 2.10301 -13 4981 1 0 1
31.0771 -19.5776 325.556 6.23133 -3.99663 66.2278 3.40562 -13 4982 1 0 1
5.30559 -16.6506 325.556 0.782753 -5.02951 73.2719 2.80878 -13 4983 1 0 1
-50.9621 8.39368 325.556 -7.27577 1.74109 48.0373 1.99378 -13 4984 1 0 1
21.2393 61.4757 325.556 3.96306 11.8678 59.928 3.27089 -13 4985 1 0 1
-30.1528 18.8732 325.556 -6.86933 3.93356 69.8226 2.28636 -13 4986 1 0 1
13.579 36.6976 325.556 2.61911 7.33711 60.8642 3.43702 -13 4987 1 0 1
23.7457 28.7485 325.556 4.37739 4.91961 58.7739 1.44386 -13 4988 1 0 1
48.9063 66.6416 325.556 9.01007 12.4661 59.487 3.61903 -13 4989 1 0 1
34.5177 -5.94039 325.556 3.77328 -0.718459 33.9103 6.9479 -13 4990 1 0 1
58.0349 -14.8496 325.556 8.69329 -2.26597 46.6288 3.00889 -13 4991 1 0 1
-41.7898 -41.5106 325.556 -9.34158 -8.86702 69.2738 4.65266 -13 4992 1 0 1
-5.21524 102.875 325.556 -0.791267 18.5638 55.4772 2.57704 -13 4993 1 0 1
50.4786 -25.2377 325.556 8.12983 -3.91491 50.4772 0.478329 -13 4994 1 0 1
-11.3639 26.4346 325.556 -2.56026 5.83503 67.8917 1.22657 -13 4995 1 0 1
13.1739 -109.419 325.556 2.22326 -18.0654 50.8847 2.89175 -13 4996 1 0 1
-24.8753 6.80005 325.556 -4.84606 1.18354 63.4834 3.08517 -13 4997 1 0 1
47.8698 -37.6906 325.556 9.18403 -7.69554 62.5121 1.94832 -13 4998 1 0 1
10.9062 31.4574 325.556 2.13263 6.19148 56.001 1.70169 -13 4999 1 0 1
